grain,season,source_player_id,player_attachment_status,frl_player_identity_status,player_season_source_name
player_season,2020-21,21205,UNRESOLVED,,Tom Heaton
player_season,2020-21,79852,UNRESOLVED,,Jed Steer
player_season,2020-21,98980,UNRESOLVED,,Emiliano Martínez
player_season,2020-21,199796,UNRESOLVED,,Matty Cash
player_season,2020-21,47390,UNRESOLVED,,Neil Taylor
player_season,2020-21,199798,UNRESOLVED,,Ezri Konsa
player_season,2020-21,149484,UNRESOLVED,,Tyrone Mings
player_season,2020-21,169359,UNRESOLVED,,Matt Targett
player_season,2020-21,108156,UNRESOLVED,,Björn Engels
player_season,2020-21,37339,UNRESOLVED,,Ahmed El Mohamady
player_season,2020-21,123354,UNRESOLVED,,Kortney Hause
player_season,2020-21,230046,UNRESOLVED,,Douglas Luiz
player_season,2020-21,122806,UNRESOLVED,,John McGinn
player_season,2020-21,114283,UNRESOLVED,,Jack Grealish
player_season,2020-21,148508,UNRESOLVED,,Trézéguet
player_season,2020-21,184704,UNRESOLVED,,Marvelous Nakamba
player_season,2020-21,88894,UNRESOLVED,,Ross Barkley
player_season,2020-21,193488,UNRESOLVED,,Anwar El Ghazi
player_season,2020-21,122775,UNRESOLVED,,Morgan Sanson
player_season,2020-21,232653,UNRESOLVED,,Jacob Ramsey
player_season,2020-21,481624,UNRESOLVED,,Jaden Philogene
player_season,2020-21,478912,UNRESOLVED,,Carney Chukwuemeka
player_season,2020-21,465390,UNRESOLVED,,Kaine Kesler-Hayden
player_season,2020-21,213345,UNRESOLVED,,Wesley
player_season,2020-21,178301,UNRESOLVED,,Ollie Watkins
player_season,2020-21,110504,UNRESOLVED,,Bertrand Traoré
player_season,2020-21,221239,UNRESOLVED,,Keinan Davis
player_season,2020-21,80201,UNRESOLVED,,Bernd Leno
player_season,2020-21,115918,UNRESOLVED,,Rúnar Rúnarsson
player_season,2020-21,131897,UNRESOLVED,,Mathew Ryan
player_season,2020-21,98745,UNRESOLVED,,Héctor Bellerín
player_season,2020-21,192895,UNRESOLVED,,Kieran Tierney
player_season,2020-21,226597,UNRESOLVED,,Gabriel Magalhães
player_season,2020-21,156074,UNRESOLVED,,Rob Holding
player_season,2020-21,58822,UNRESOLVED,,Cédric Soares
player_season,2020-21,101184,UNRESOLVED,,Calum Chambers
player_season,2020-21,92371,UNRESOLVED,,Pablo Marí
player_season,2020-21,41270,UNRESOLVED,,David Luiz
player_season,2020-21,223340,UNRESOLVED,,Bukayo Saka
player_season,2020-21,182539,UNRESOLVED,,Dani Ceballos
player_season,2020-21,184029,UNRESOLVED,,Martin Ødegaard
player_season,2020-21,167199,UNRESOLVED,,Thomas Partey
player_season,2020-21,153256,UNRESOLVED,,Mohamed Elneny
player_season,2020-21,209289,UNRESOLVED,,Emile Smith Rowe
player_season,2020-21,84450,UNRESOLVED,,Granit Xhaka
player_season,2020-21,439482,UNRESOLVED,,Miguel Azeez
player_season,2020-21,59966,UNRESOLVED,,Alexandre Lacazette
player_season,2020-21,47431,UNRESOLVED,,Willian
player_season,2020-21,54694,UNRESOLVED,,Pierre-Emerick Aubameyang
player_season,2020-21,195735,UNRESOLVED,,Nicolas Pépé
player_season,2020-21,200641,UNRESOLVED,,Reiss Nelson
player_season,2020-21,205533,UNRESOLVED,,Eddie Nketiah
player_season,2020-21,444145,UNRESOLVED,,Gabriel Martinelli
player_season,2020-21,49262,UNRESOLVED,,Jason Steele
player_season,2020-21,215059,UNRESOLVED,,Robert Sánchez
player_season,2020-21,108813,UNRESOLVED,,Christian Walton
player_season,2020-21,209288,UNRESOLVED,,Tom McGill
player_season,2020-21,232792,UNRESOLVED,,Tariq Lamptey
player_season,2020-21,198869,UNRESOLVED,,Ben White
player_season,2020-21,110735,UNRESOLVED,,Adam Webster
player_season,2020-21,83299,UNRESOLVED,,Lewis Dunk
player_season,2020-21,442229,UNRESOLVED,,Michal Karbownik
player_season,2020-21,78916,UNRESOLVED,,Dan Burn
player_season,2020-21,111478,UNRESOLVED,,Joël Veltman
player_season,2020-21,227127,UNRESOLVED,,Yves Bissouma
player_season,2020-21,243016,UNRESOLVED,,Alexis Mac Allister
player_season,2020-21,60307,UNRESOLVED,,Pascal Groß
player_season,2020-21,39155,UNRESOLVED,,Adam Lallana
player_season,2020-21,243505,UNRESOLVED,,Jakub Moder
player_season,2020-21,235382,UNRESOLVED,,Steven Alzate
player_season,2020-21,109345,UNRESOLVED,,Solly March
player_season,2020-21,66242,UNRESOLVED,,Davy Pröpper
player_season,2020-21,486672,UNRESOLVED,,Moisés Caicedo
player_season,2020-21,440241,UNRESOLVED,,Jensen Weir
player_season,2020-21,465572,UNRESOLVED,,Reda Khadra
player_season,2020-21,244848,UNRESOLVED,,Teddy Jenks
player_season,2020-21,233425,UNRESOLVED,,Aaron Connolly
player_season,2020-21,115382,UNRESOLVED,,Neal Maupay
player_season,2020-21,116216,UNRESOLVED,,Leandro Trossard
player_season,2020-21,165210,UNRESOLVED,,Alireza Jahanbakhsh
player_season,2020-21,50175,UNRESOLVED,,Danny Welbeck
player_season,2020-21,167473,UNRESOLVED,,José Izquierdo
player_season,2020-21,93284,UNRESOLVED,,Florin Andone
player_season,2020-21,230127,UNRESOLVED,,Percy Tau
player_season,2020-21,204676,UNRESOLVED,,Andi Zeqiri
player_season,2020-21,98747,UNRESOLVED,,Nick Pope
player_season,2020-21,220037,UNRESOLVED,,Bailey Peacock-Farrell
player_season,2020-21,168399,UNRESOLVED,,Will Norris
player_season,2020-21,68983,UNRESOLVED,,Matthew Lowton
player_season,2020-21,103914,UNRESOLVED,,Charlie Taylor
player_season,2020-21,17761,UNRESOLVED,,James Tarkowski
player_season,2020-21,51927,UNRESOLVED,,Ben Mee
player_season,2020-21,39487,UNRESOLVED,,Erik Pieters
player_season,2020-21,17997,UNRESOLVED,,Phil Bardsley
player_season,2020-21,41674,UNRESOLVED,,Kevin Long
player_season,2020-21,184259,UNRESOLVED,,Richard Nartey
player_season,2020-21,218023,UNRESOLVED,,Jimmy Dunne
player_season,2020-21,195471,UNRESOLVED,,Anthony Glennon
player_season,2020-21,40145,UNRESOLVED,,Jack Cork
player_season,2020-21,60586,UNRESOLVED,,Jóhann Gudmundsson
player_season,2020-21,172782,UNRESOLVED,,Josh Brownhill
player_season,2020-21,433154,UNRESOLVED,,Dwight McNeil
player_season,2020-21,90517,UNRESOLVED,,Robert Brady
player_season,2020-21,40845,UNRESOLVED,,Dale Stephens
player_season,2020-21,60551,UNRESOLVED,,Ashley Westwood
player_season,2020-21,465299,UNRESOLVED,,Anthony Mancini
player_season,2020-21,461096,UNRESOLVED,,Lewis Richardson
player_season,2020-21,217401,UNRESOLVED,,Josh Benson
player_season,2020-21,60689,UNRESOLVED,,Chris Wood
player_season,2020-21,44699,UNRESOLVED,,Ashley Barnes
player_season,2020-21,44683,UNRESOLVED,,Jay Rodriguez
player_season,2020-21,81183,UNRESOLVED,,Matej Vydra
player_season,2020-21,461450,UNRESOLVED,,Max Thompson
player_season,2020-21,430367,UNRESOLVED,,Joel Mumbongo
player_season,2020-21,105666,UNRESOLVED,,Jack Butland
player_season,2020-21,20066,UNRESOLVED,,Wayne Hennessey
player_season,2020-21,42525,UNRESOLVED,,Stephen Henderson
player_season,2020-21,40836,UNRESOLVED,,Vicente Guaita
player_season,2020-21,55494,UNRESOLVED,,Joel Ward
player_season,2020-21,74230,UNRESOLVED,,Patrick van Aanholt
player_season,2020-21,49413,UNRESOLVED,,James Tomkins
player_season,2020-21,19188,UNRESOLVED,,Scott Dann
player_season,2020-21,40784,UNRESOLVED,,Mamadou Sakho
player_season,2020-21,57328,UNRESOLVED,,Nathaniel Clyne
player_season,2020-21,19419,UNRESOLVED,,Gary Cahill
player_season,2020-21,244723,UNRESOLVED,,Tyrick Mitchell
player_season,2020-21,58786,UNRESOLVED,,Martin Kelly
player_season,2020-21,221272,UNRESOLVED,,Sam Woods
player_season,2020-21,223824,UNRESOLVED,,Reece Hannam
player_season,2020-21,66975,UNRESOLVED,,Luka Milivojevic
player_season,2020-21,55037,UNRESOLVED,,Cheikhou Kouyaté
player_season,2020-21,60252,UNRESOLVED,,Andros Townsend
player_season,2020-21,86417,UNRESOLVED,,Jeffrey Schlupp
player_season,2020-21,50471,UNRESOLVED,,James McArthur
player_season,2020-21,50472,UNRESOLVED,,James McCarthy
player_season,2020-21,232413,UNRESOLVED,,Eberechi Eze
player_season,2020-21,450542,UNRESOLVED,,Jesurun Rak-Sakyi
player_season,2020-21,173954,UNRESOLVED,,Jairo Riedewald
player_season,2020-21,80146,UNRESOLVED,,Jordan Ayew
player_season,2020-21,82403,UNRESOLVED,,Wilfried Zaha
player_season,2020-21,231747,UNRESOLVED,,Jean-Philippe Mateta
player_season,2020-21,54861,UNRESOLVED,,Christian Benteke
player_season,2020-21,59125,UNRESOLVED,,Connor Wickham
player_season,2020-21,94245,UNRESOLVED,,Michy Batshuayi
player_season,2020-21,109745,UNRESOLVED,,Kepa Arrizabalaga
player_season,2020-21,20310,UNRESOLVED,,Willy Caballero
player_season,2020-21,228286,UNRESOLVED,,Édouard Mendy
player_season,2020-21,431019,UNRESOLVED,,Karlo Ziger
player_season,2020-21,102380,UNRESOLVED,,Antonio Rüdiger
player_season,2020-21,82263,UNRESOLVED,,Marcos Alonso
player_season,2020-21,135363,UNRESOLVED,,Andreas Christensen
player_season,2020-21,51090,UNRESOLVED,,Thiago Silva
player_season,2020-21,103192,UNRESOLVED,,Kurt Zouma
player_season,2020-21,172850,UNRESOLVED,,Ben Chilwell
player_season,2020-21,225796,UNRESOLVED,,Reece James
player_season,2020-21,41328,UNRESOLVED,,César Azpilicueta
player_season,2020-21,109533,UNRESOLVED,,Emerson
player_season,2020-21,441191,UNRESOLVED,,Tino Livramento
player_season,2020-21,85955,UNRESOLVED,,Jorginho
player_season,2020-21,116594,UNRESOLVED,,N'Golo Kanté
player_season,2020-21,176413,UNRESOLVED,,Christian Pulisic
player_season,2020-21,91651,UNRESOLVED,,Mateo Kovacic
player_season,2020-21,184341,UNRESOLVED,,Mason Mount
player_season,2020-21,124183,UNRESOLVED,,Hakim Ziyech
player_season,2020-21,243568,UNRESOLVED,,Billy Gilmour
player_season,2020-21,219847,UNRESOLVED,,Kai Havertz
player_season,2020-21,223332,UNRESOLVED,,Tino Anjorin
player_season,2020-21,173879,UNRESOLVED,,Tammy Abraham
player_season,2020-21,165153,UNRESOLVED,,Timo Werner
player_season,2020-21,44346,UNRESOLVED,,Olivier Giroud
player_season,2020-21,209046,UNRESOLVED,,Callum Hudson-Odoi
player_season,2020-21,111234,UNRESOLVED,,Jordan Pickford
player_season,2020-21,222627,UNRESOLVED,,João Virgínia
player_season,2020-21,111782,UNRESOLVED,,Robin Olsen
player_season,2020-21,447325,UNRESOLVED,,Harry Tyrer
player_season,2020-21,194164,UNRESOLVED,,Mason Holgate
player_season,2020-21,106611,UNRESOLVED,,Michael Keane
player_season,2020-21,101188,UNRESOLVED,,Lucas Digne
player_season,2020-21,164511,UNRESOLVED,,Yerry Mina
player_season,2020-21,495542,UNRESOLVED,,Niels Nkounkou
player_season,2020-21,198826,UNRESOLVED,,Ben Godfrey
player_season,2020-21,59949,UNRESOLVED,,Séamus Coleman
player_season,2020-21,422612,UNRESOLVED,,Ryan Astley
player_season,2020-21,232829,UNRESOLVED,,Kyle John
player_season,2020-21,474907,UNRESOLVED,,Reece Welch
player_season,2020-21,119765,UNRESOLVED,,Allan
player_season,2020-21,41823,UNRESOLVED,,Fabian Delph
player_season,2020-21,55422,UNRESOLVED,,Gylfi Sigurdsson
player_season,2020-21,121599,UNRESOLVED,,Abdoulaye Doucouré
player_season,2020-21,60025,UNRESOLVED,,James Rodríguez
player_season,2020-21,120250,UNRESOLVED,,André Gomes
player_season,2020-21,160987,UNRESOLVED,,Jean-Philippe Gbamin
player_season,2020-21,173807,UNRESOLVED,,Tom Davies
player_season,2020-21,173818,UNRESOLVED,,Nathan Broadhead
player_season,2020-21,491559,UNRESOLVED,,Isaac Price
player_season,2020-21,461446,UNRESOLVED,,Tyler Onyango
player_season,2020-21,212319,UNRESOLVED,,Richarlison
player_season,2020-21,177815,UNRESOLVED,,Dominic Calvert-Lewin
player_season,2020-21,78007,UNRESOLVED,,Joshua King
player_season,2020-21,153133,UNRESOLVED,,Alex Iwobi
player_season,2020-21,100649,UNRESOLVED,,Bernard
player_season,2020-21,84182,UNRESOLVED,,Alphonse Areola
player_season,2020-21,155529,UNRESOLVED,,Marek Rodák
player_season,2020-21,40559,UNRESOLVED,,Fabri
player_season,2020-21,167074,UNRESOLVED,,Kenny Tete
player_season,2020-21,84915,UNRESOLVED,,Michael Hector
player_season,2020-21,72681,UNRESOLVED,,Denis Odoi
player_season,2020-21,174874,UNRESOLVED,,Joachim Andersen
player_season,2020-21,82514,UNRESOLVED,,Tim Ream
player_season,2020-21,109646,UNRESOLVED,,Tosin Adarabioyo
player_season,2020-21,101105,UNRESOLVED,,Joe Bryan
player_season,2020-21,109434,UNRESOLVED,,Terence Kongolo
player_season,2020-21,169528,UNRESOLVED,,Antonee Robinson
player_season,2020-21,159506,UNRESOLVED,,Ola Aina
player_season,2020-21,76357,UNRESOLVED,,Tom Cairney
player_season,2020-21,126187,UNRESOLVED,,Ruben Loftus-Cheek
player_season,2020-21,151086,UNRESOLVED,,Mario Lemina
player_season,2020-21,153366,UNRESOLVED,,Harrison Reed
player_season,2020-21,168765,UNRESOLVED,,Josh Onomah
player_season,2020-21,203325,UNRESOLVED,,Frank Anguissa
player_season,2020-21,432931,UNRESOLVED,,Tyrese Francois
player_season,2020-21,244858,UNRESOLVED,,Fábio Carvalho
player_season,2020-21,128389,UNRESOLVED,,Aleksandar Mitrovic
player_season,2020-21,96994,UNRESOLVED,,Bobby De Cordova-Reid
player_season,2020-21,166324,UNRESOLVED,,Ivan Cavaleiro
player_season,2020-21,219352,UNRESOLVED,,Ademola Lookman
player_season,2020-21,195480,UNRESOLVED,,Josh Maja
player_season,2020-21,223335,UNRESOLVED,,Sylvester Jasper
player_season,2020-21,437495,UNRESOLVED,,Illan Meslier
player_season,2020-21,39790,UNRESOLVED,,Kiko Casilla
player_season,2020-21,463912,UNRESOLVED,,Elia Caprile
player_season,2020-21,66588,UNRESOLVED,,Luke Ayling
player_season,2020-21,193645,UNRESOLVED,,Robin Koch
player_season,2020-21,55914,UNRESOLVED,,Liam Cooper
player_season,2020-21,149915,UNRESOLVED,,Diego Llorente
player_season,2020-21,222694,UNRESOLVED,,Pascal Struijk
player_season,2020-21,455084,UNRESOLVED,,Leif Davis
player_season,2020-21,38588,UNRESOLVED,,Gaetano Berardi
player_season,2020-21,492373,UNRESOLVED,,Charlie Cresswell
player_season,2020-21,433590,UNRESOLVED,,Cody Drameh
player_season,2020-21,467114,UNRESOLVED,,Oliver Casey
player_season,2020-21,105377,UNRESOLVED,,Ezgjan Alioski
player_season,2020-21,87873,UNRESOLVED,,Stuart Dallas
player_season,2020-21,28690,UNRESOLVED,,Pablo Hernández
player_season,2020-21,221399,UNRESOLVED,,Jack Harrison
player_season,2020-21,155405,UNRESOLVED,,Kalvin Phillips
player_season,2020-21,450070,UNRESOLVED,,Crysencio Summerville
player_season,2020-21,72222,UNRESOLVED,,Mateusz Klich
player_season,2020-21,221610,UNRESOLVED,,Jamie Shackleton
player_season,2020-21,492374,UNRESOLVED,,Jack Jenkins
player_season,2020-21,215460,UNRESOLVED,,Ian Poveda
player_season,2020-21,106617,UNRESOLVED,,Patrick Bamford
player_season,2020-21,173821,UNRESOLVED,,Tyler Roberts
player_season,2020-21,165808,UNRESOLVED,,Hélder Costa
player_season,2020-21,219961,UNRESOLVED,,Raphinha
player_season,2020-21,80954,UNRESOLVED,,Rodrigo
player_season,2020-21,462635,UNRESOLVED,,Joe Gelhardt
player_season,2020-21,248937,UNRESOLVED,,Sam Greenwood
player_season,2020-21,492066,UNRESOLVED,,Niall Huggins
player_season,2020-21,17745,UNRESOLVED,,Kasper Schmeichel
player_season,2020-21,95463,UNRESOLVED,,Danny Ward
player_season,2020-21,220627,UNRESOLVED,,James Justin
player_season,2020-21,444463,UNRESOLVED,,Wesley Fofana
player_season,2020-21,218031,UNRESOLVED,,Çaglar Söyüncü
player_season,2020-21,15033,UNRESOLVED,,Wes Morgan
player_season,2020-21,37642,UNRESOLVED,,Jonny Evans
player_season,2020-21,155569,UNRESOLVED,,Daniel Amartey
player_season,2020-21,111931,UNRESOLVED,,Ricardo Pereira
player_season,2020-21,166477,UNRESOLVED,,Timothy Castagne
player_season,2020-21,37402,UNRESOLVED,,Christian Fuchs
player_season,2020-21,244619,UNRESOLVED,,Luke Thomas
player_season,2020-21,232229,UNRESOLVED,,Vontae Daley-Campbell
player_season,2020-21,166989,UNRESOLVED,,Youri Tielemans
player_season,2020-21,172780,UNRESOLVED,,James Maddison
player_season,2020-21,51938,UNRESOLVED,,Marc Albrighton
player_season,2020-21,201666,UNRESOLVED,,Harvey Barnes
player_season,2020-21,228798,UNRESOLVED,,Cengiz Ünder
player_season,2020-21,197469,UNRESOLVED,,Hamza Choudhury
player_season,2020-21,86881,UNRESOLVED,,Nampalys Mendy
player_season,2020-21,203341,UNRESOLVED,,Wilfred Ndidi
player_season,2020-21,106837,UNRESOLVED,,Dennis Praet
player_season,2020-21,232881,UNRESOLVED,,Thakgalo Leshabela
player_season,2020-21,421796,UNRESOLVED,,Sidnei Tavares
player_season,2020-21,447373,UNRESOLVED,,Shane Flynn
player_season,2020-21,513789,UNRESOLVED,,Thanawat Suengchitthawon
player_season,2020-21,461585,UNRESOLVED,,Tawanda Maswanhise
player_season,2020-21,101668,UNRESOLVED,,Jamie Vardy
player_season,2020-21,173515,UNRESOLVED,,Kelechi Iheanacho
player_season,2020-21,168580,UNRESOLVED,,Ayoze Pérez
player_season,2020-21,116535,UNRESOLVED,,Alisson Becker
player_season,2020-21,60706,UNRESOLVED,,Adrián
player_season,2020-21,200720,UNRESOLVED,,Caoimhín Kelleher
player_season,2020-21,490138,UNRESOLVED,,Jakub Ojrzynski
player_season,2020-21,433019,UNRESOLVED,,Liam Hughes
player_season,2020-21,97032,UNRESOLVED,,Virgil van Dijk
player_season,2020-21,171287,UNRESOLVED,,Joe Gomez
player_season,2020-21,438277,UNRESOLVED,,Ozan Kabak
player_season,2020-21,214285,UNRESOLVED,,Kostas Tsimikas
player_season,2020-21,122798,UNRESOLVED,,Andy Robertson
player_season,2020-21,152898,UNRESOLVED,,Ben Davies
player_season,2020-21,60914,UNRESOLVED,,Joël Matip
player_season,2020-21,219937,UNRESOLVED,,Rhys Williams
player_season,2020-21,197464,UNRESOLVED,,Nathaniel Phillips
player_season,2020-21,169187,UNRESOLVED,,Trent Alexander-Arnold
player_season,2020-21,215136,UNRESOLVED,,Neco Williams
player_season,2020-21,480818,UNRESOLVED,,Billy Koumetio
player_season,2020-21,116643,UNRESOLVED,,Fabinho
player_season,2020-21,41733,UNRESOLVED,,Georginio Wijnaldum
player_season,2020-21,61558,UNRESOLVED,,Thiago Alcântara
player_season,2020-21,15157,UNRESOLVED,,James Milner
player_season,2020-21,175592,UNRESOLVED,,Naby Keïta
player_season,2020-21,56979,UNRESOLVED,,Jordan Henderson
player_season,2020-21,81880,UNRESOLVED,,Alex Oxlade-Chamberlain
player_season,2020-21,206915,UNRESOLVED,,Curtis Jones
player_season,2020-21,68312,UNRESOLVED,,Xherdan Shaqiri
player_season,2020-21,182436,UNRESOLVED,,Ben Woodburn
player_season,2020-21,243343,UNRESOLVED,,Jake Cain
player_season,2020-21,233489,UNRESOLVED,,Leighton Clarkson
player_season,2020-21,92217,UNRESOLVED,,Roberto Firmino
player_season,2020-21,110979,UNRESOLVED,,Sadio Mané
player_season,2020-21,118748,UNRESOLVED,,Mohamed Salah
player_season,2020-21,194634,UNRESOLVED,,Diogo Jota
player_season,2020-21,152760,UNRESOLVED,,Divock Origi
player_season,2020-21,164484,UNRESOLVED,,Zack Steffen
player_season,2020-21,121160,UNRESOLVED,,Ederson
player_season,2020-21,17601,UNRESOLVED,,Scott Carson
player_season,2020-21,432720,UNRESOLVED,,James Trafford
player_season,2020-21,58621,UNRESOLVED,,Kyle Walker
player_season,2020-21,171314,UNRESOLVED,,Rúben Dias
player_season,2020-21,97299,UNRESOLVED,,John Stones
player_season,2020-21,126184,UNRESOLVED,,Nathan Aké
player_season,2020-21,206325,UNRESOLVED,,Oleksandr Zinchenko
player_season,2020-21,146941,UNRESOLVED,,Aymeric Laporte
player_season,2020-21,102826,UNRESOLVED,,Benjamin Mendy
player_season,2020-21,121145,UNRESOLVED,,João Cancelo
player_season,2020-21,432656,UNRESOLVED,,Eric García
player_season,2020-21,439510,UNRESOLVED,,Luke Mbete
player_season,2020-21,59859,UNRESOLVED,,Ilkay Gündogan
player_season,2020-21,220566,UNRESOLVED,,Rodri
player_season,2020-21,61366,UNRESOLVED,,Kevin De Bruyne
player_season,2020-21,165809,UNRESOLVED,,Bernardo Silva
player_season,2020-21,27789,UNRESOLVED,,Fernandinho
player_season,2020-21,209244,UNRESOLVED,,Phil Foden
player_season,2020-21,219265,UNRESOLVED,,Felix Nmecha
player_season,2020-21,220394,UNRESOLVED,,Tommy Doyle
player_season,2020-21,244851,UNRESOLVED,,Cole Palmer
player_season,2020-21,219291,UNRESOLVED,,Claudio Gomes
player_season,2020-21,449926,UNRESOLVED,,Adrián Bernabé
player_season,2020-21,103955,UNRESOLVED,,Raheem Sterling
player_season,2020-21,205651,UNRESOLVED,,Gabriel Jesus
player_season,2020-21,37572,UNRESOLVED,,Sergio Agüero
player_season,2020-21,224444,UNRESOLVED,,Ferran Torres
player_season,2020-21,103025,UNRESOLVED,,Riyad Mahrez
player_season,2020-21,463034,UNRESOLVED,,Liam Delap
player_season,2020-21,51940,UNRESOLVED,,David de Gea
player_season,2020-21,6744,UNRESOLVED,,Lee Grant
player_season,2020-21,172649,UNRESOLVED,,Dean Henderson
player_season,2020-21,250370,UNRESOLVED,,Nathan Bishop
player_season,2020-21,184667,UNRESOLVED,,Victor Lindelöf
player_season,2020-21,197365,UNRESOLVED,,Eric Bailly
player_season,2020-21,95658,UNRESOLVED,,Harry Maguire
player_season,2020-21,106760,UNRESOLVED,,Luke Shaw
player_season,2020-21,152590,UNRESOLVED,,Alex Telles
player_season,2020-21,214590,UNRESOLVED,,Aaron Wan-Bissaka
player_season,2020-21,232937,UNRESOLVED,,Brandon Williams
player_season,2020-21,180804,UNRESOLVED,,Axel Tuanzebe
player_season,2020-21,461566,UNRESOLVED,,Will Fish
player_season,2020-21,74208,UNRESOLVED,,Paul Pogba
player_season,2020-21,43670,UNRESOLVED,,Juan Mata
player_season,2020-21,101582,UNRESOLVED,,Fred
player_season,2020-21,141746,UNRESOLVED,,Bruno Fernandes
player_season,2020-21,200617,UNRESOLVED,,Daniel James
player_season,2020-21,62398,UNRESOLVED,,Nemanja Matic
player_season,2020-21,180184,UNRESOLVED,,Donny van de Beek
player_season,2020-21,195851,UNRESOLVED,,Scott McTominay
player_season,2020-21,465527,UNRESOLVED,,Hannibal Mejbri
player_season,2020-21,40720,UNRESOLVED,,Edinson Cavani
player_season,2020-21,148225,UNRESOLVED,,Anthony Martial
player_season,2020-21,176297,UNRESOLVED,,Marcus Rashford
player_season,2020-21,220688,UNRESOLVED,,Mason Greenwood
player_season,2020-21,493250,UNRESOLVED,,Amad Diallo
player_season,2020-21,449434,UNRESOLVED,,Anthony Elanga
player_season,2020-21,472464,UNRESOLVED,,Shola Shoretire
player_season,2020-21,67089,UNRESOLVED,,Martin Dúbravka
player_season,2020-21,59735,UNRESOLVED,,Karl Darlow
player_season,2020-21,81441,UNRESOLVED,,Mark Gillespie
player_season,2020-21,432927,UNRESOLVED,,Daniel Langley
player_season,2020-21,58845,UNRESOLVED,,Ciaran Clark
player_season,2020-21,106618,UNRESOLVED,,Paul Dummett
player_season,2020-21,119471,UNRESOLVED,,Fabian Schär
player_season,2020-21,101148,UNRESOLVED,,Jamaal Lascelles
player_season,2020-21,194799,UNRESOLVED,,Jamal Lewis
player_season,2020-21,111773,UNRESOLVED,,Emil Krafth
player_season,2020-21,57145,UNRESOLVED,,Federico Fernández
player_season,2020-21,109528,UNRESOLVED,,Javier Manquillo
player_season,2020-21,223175,UNRESOLVED,,Matty Longstaff
player_season,2020-21,50232,UNRESOLVED,,Jonjo Shelvey
player_season,2020-21,56983,UNRESOLVED,,Matt Ritchie
player_season,2020-21,153127,UNRESOLVED,,Isaac Hayden
player_season,2020-21,83314,UNRESOLVED,,Jeff Hendrick
player_season,2020-21,90105,UNRESOLVED,,Ryan Fraser
player_season,2020-21,114243,UNRESOLVED,,Jacob Murphy
player_season,2020-21,179018,UNRESOLVED,,Miguel Almirón
player_season,2020-21,200089,UNRESOLVED,,Joe Willock
player_season,2020-21,180135,UNRESOLVED,,Sean Longstaff
player_season,2020-21,215379,UNRESOLVED,,Elliot Anderson
player_season,2020-21,40142,UNRESOLVED,,Andy Carroll
player_season,2020-21,180974,UNRESOLVED,,Joelinton
player_season,2020-21,170137,UNRESOLVED,,Allan Saint-Maximin
player_season,2020-21,104547,UNRESOLVED,,Dwight Gayle
player_season,2020-21,75115,UNRESOLVED,,Callum Wilson
player_season,2020-21,225321,UNRESOLVED,,Aaron Ramsdale
player_season,2020-21,82143,UNRESOLVED,,Wes Foderingham
player_season,2020-21,82691,UNRESOLVED,,George Baldock
player_season,2020-21,63426,UNRESOLVED,,Enda Stevens
player_season,2020-21,146610,UNRESOLVED,,Jack O'Connell
player_season,2020-21,40386,UNRESOLVED,,Chris Basham
player_season,2020-21,108416,UNRESOLVED,,John Egan
player_season,2020-21,155197,UNRESOLVED,,Max Lowe
player_season,2020-21,7645,UNRESOLVED,,Phil Jagielka
player_season,2020-21,83427,UNRESOLVED,,Jack Robinson
player_season,2020-21,226182,UNRESOLVED,,Jayden Bogle
player_season,2020-21,199598,UNRESOLVED,,Ethan Ampadu
player_season,2020-21,109638,UNRESOLVED,,Kean Bryan
player_season,2020-21,478449,UNRESOLVED,,Kyron Gordon
player_season,2020-21,235640,UNRESOLVED,,Harry Boyes
player_season,2020-21,47247,UNRESOLVED,,John Fleck
player_season,2020-21,153723,UNRESOLVED,,John Lundstram
player_season,2020-21,207189,UNRESOLVED,,Sander Berge
player_season,2020-21,197937,UNRESOLVED,,Oliver Burke
player_season,2020-21,79934,UNRESOLVED,,Oliver Norwood
player_season,2020-21,167878,UNRESOLVED,,Ben Osborn
player_season,2020-21,481371,UNRESOLVED,,Zak Brunt
player_season,2020-21,440993,UNRESOLVED,,Iliman Ndiaye
player_season,2020-21,531076,UNRESOLVED,,Frankie Maguire
player_season,2020-21,471848,UNRESOLVED,,Femi Seriki
player_season,2020-21,169432,UNRESOLVED,,Oliver McBurnie
player_season,2020-21,18867,UNRESOLVED,,Billy Sharp
player_season,2020-21,178304,UNRESOLVED,,Lys Mousset
player_season,2020-21,27436,UNRESOLVED,,David McGoldrick
player_season,2020-21,195473,UNRESOLVED,,Rhian Brewster
player_season,2020-21,487836,UNRESOLVED,,Antwoine Hackford
player_season,2020-21,523700,UNRESOLVED,,Daniel Jebbison
player_season,2020-21,538207,UNRESOLVED,,William Osula
player_season,2020-21,58376,UNRESOLVED,,Alex McCarthy
player_season,2020-21,198044,UNRESOLVED,,Harry Lewis
player_season,2020-21,40383,UNRESOLVED,,Fraser Forster
player_season,2020-21,158534,UNRESOLVED,,Kyle Walker-Peters
player_season,2020-21,40146,UNRESOLVED,,Ryan Bertrand
player_season,2020-21,93100,UNRESOLVED,,Jannik Vestergaard
player_season,2020-21,88900,UNRESOLVED,,Jack Stephens
player_season,2020-21,450527,UNRESOLVED,,Mohammed Salisu
player_season,2020-21,232797,UNRESOLVED,,Kayne Ramsay
player_season,2020-21,171771,UNRESOLVED,,Jan Bednarek
player_season,2020-21,447093,UNRESOLVED,,Allan Tchaptchet
player_season,2020-21,78056,UNRESOLVED,,Oriol Romeu
player_season,2020-21,101178,UNRESOLVED,,James Ward-Prowse
player_season,2020-21,83283,UNRESOLVED,,Nathan Redmond
player_season,2020-21,431131,UNRESOLVED,,Moussa Djenepo
player_season,2020-21,91047,UNRESOLVED,,Stuart Armstrong
player_season,2020-21,214466,UNRESOLVED,,Will Smallbone
player_season,2020-21,203389,UNRESOLVED,,Nathan Tella
player_season,2020-21,240143,UNRESOLVED,,Ibrahima Diallo
player_season,2020-21,422306,UNRESOLVED,,Will Ferry
player_season,2020-21,447372,UNRESOLVED,,Ryan Finnigan
player_season,2020-21,449781,UNRESOLVED,,Alexandre Jankewitz
player_season,2020-21,456966,UNRESOLVED,,Caleb Watts
player_season,2020-21,445896,UNRESOLVED,,Kgaogelo Chauke
player_season,2020-21,84939,UNRESOLVED,,Danny Ings
player_season,2020-21,200439,UNRESOLVED,,Ché Adams
player_season,2020-21,220598,UNRESOLVED,,Michael Obafemi
player_season,2020-21,157882,UNRESOLVED,,Takumi Minamino
player_season,2020-21,20467,UNRESOLVED,,Theo Walcott
player_season,2020-21,200088,UNRESOLVED,,Dan Nlundulu
player_season,2020-21,37915,UNRESOLVED,,Hugo Lloris
player_season,2020-21,15749,UNRESOLVED,,Joe Hart
player_season,2020-21,87835,UNRESOLVED,,Matt Doherty
player_season,2020-21,199249,UNRESOLVED,,Sergio Reguilón
player_season,2020-21,55605,UNRESOLVED,,Toby Alderweireld
player_season,2020-21,173904,UNRESOLVED,,Dávinson Sánchez
player_season,2020-21,214225,UNRESOLVED,,Joe Rodon
player_season,2020-21,80226,UNRESOLVED,,Sèrge Aurier
player_season,2020-21,199584,UNRESOLVED,,Japhet Tanganga
player_season,2020-21,115556,UNRESOLVED,,Ben Davies
player_season,2020-21,132015,UNRESOLVED,,Pierre-Emile Højbjerg
player_season,2020-21,157668,UNRESOLVED,,Harry Winks
player_season,2020-21,62974,UNRESOLVED,,Érik Lamela
player_season,2020-21,93264,UNRESOLVED,,Eric Dier
player_season,2020-21,45268,UNRESOLVED,,Moussa Sissoko
player_season,2020-21,200826,UNRESOLVED,,Giovani Lo Celso
player_season,2020-21,108823,UNRESOLVED,,Dele Alli
player_season,2020-21,231372,UNRESOLVED,,Tanguy Ndombélé
player_season,2020-21,496179,UNRESOLVED,,Alfie Devine
player_season,2020-21,461212,UNRESOLVED,,Nile John
player_season,2020-21,85971,UNRESOLVED,,Son Heung-Min
player_season,2020-21,36903,UNRESOLVED,,Gareth Bale
player_season,2020-21,78830,UNRESOLVED,,Harry Kane
player_season,2020-21,194252,UNRESOLVED,,Steven Bergwijn
player_season,2020-21,95715,UNRESOLVED,,Lucas Moura
player_season,2020-21,245824,UNRESOLVED,,Carlos Vinícius
player_season,2020-21,490145,UNRESOLVED,,Dane Scarlett
player_season,2020-21,101982,UNRESOLVED,,Sam Johnstone
player_season,2020-21,50093,UNRESOLVED,,David Button
player_season,2020-21,11948,UNRESOLVED,,Andy Lonergan
player_season,2020-21,176420,UNRESOLVED,,Darnell Furlong
player_season,2020-21,42427,UNRESOLVED,,Kieran Gibbs
player_season,2020-21,59940,UNRESOLVED,,Kyle Bartley
player_season,2020-21,146426,UNRESOLVED,,Semi Ajayi
player_season,2020-21,108053,UNRESOLVED,,Conor Townsend
player_season,2020-21,41135,UNRESOLVED,,Branislav Ivanovic
player_season,2020-21,38716,UNRESOLVED,,Lee Peltier
player_season,2020-21,216616,UNRESOLVED,,Dara O'Shea
player_season,2020-21,470255,UNRESOLVED,,Caleb Taylor
player_season,2020-21,49944,UNRESOLVED,,Jake Livermore
player_season,2020-21,50229,UNRESOLVED,,Matt Phillips
player_season,2020-21,179830,UNRESOLVED,,Grady Diangana
player_season,2020-21,49957,UNRESOLVED,,Kamil Grosicki
player_season,2020-21,232787,UNRESOLVED,,Conor Gallagher
player_season,2020-21,61600,UNRESOLVED,,Romaine Sawyers
player_season,2020-21,174593,UNRESOLVED,,Kyle Edwards
player_season,2020-21,18987,UNRESOLVED,,Robert Snodgrass
player_season,2020-21,154043,UNRESOLVED,,Ainsley Maitland-Niles
player_season,2020-21,101394,UNRESOLVED,,Okay Yokuslu
player_season,2020-21,444575,UNRESOLVED,,Toby King
player_season,2020-21,490094,UNRESOLVED,,Tim Iroegbunam
player_season,2020-21,49440,UNRESOLVED,,Hal Robson-Kanu
player_season,2020-21,171975,UNRESOLVED,,Callum Robinson
player_season,2020-21,210407,UNRESOLVED,,Matheus Pereira
player_season,2020-21,164011,UNRESOLVED,,Mbaye Diagne
player_season,2020-21,180294,UNRESOLVED,,Karlan Grant
player_season,2020-21,439242,UNRESOLVED,,Taylor Gardner-Hickman
player_season,2020-21,505265,UNRESOLVED,,Cheikh Diaby
player_season,2020-21,37096,UNRESOLVED,,Lukasz Fabianski
player_season,2020-21,19194,UNRESOLVED,,David Martin
player_season,2020-21,232398,UNRESOLVED,,Nathan Trott
player_season,2020-21,32259,UNRESOLVED,,Darren Randolph
player_season,2020-21,55459,UNRESOLVED,,Aaron Cresswell
player_season,2020-21,166640,UNRESOLVED,,Fabián Balbuena
player_season,2020-21,164555,UNRESOLVED,,Vladimír Coufal
player_season,2020-21,486870,UNRESOLVED,,Frederik Alves
player_season,2020-21,60232,UNRESOLVED,,Craig Dawson
player_season,2020-21,40669,UNRESOLVED,,Angelo Ogbonna
player_season,2020-21,219924,UNRESOLVED,,Issa Diop
player_season,2020-21,81012,UNRESOLVED,,Ryan Fredericks
player_season,2020-21,105717,UNRESOLVED,,Arthur Masuaku
player_season,2020-21,222018,UNRESOLVED,,Ben Johnson
player_season,2020-21,462384,UNRESOLVED,,Jamal Baptiste
player_season,2020-21,86934,UNRESOLVED,,Manuel Lanzini
player_season,2020-21,109322,UNRESOLVED,,Jesse Lingard
player_season,2020-21,18073,UNRESOLVED,,Mark Noble
player_season,2020-21,217593,UNRESOLVED,,Pablo Fornals
player_season,2020-21,215439,UNRESOLVED,,Tomás Soucek
player_season,2020-21,204480,UNRESOLVED,,Declan Rice
player_season,2020-21,222017,UNRESOLVED,,Conor Coventry
player_season,2020-21,56377,UNRESOLVED,,Andrii Yarmolenko
player_season,2020-21,172841,UNRESOLVED,,Saïd Benrahma
player_season,2020-21,178186,UNRESOLVED,,Jarrod Bowen
player_season,2020-21,57531,UNRESOLVED,,Michail Antonio
player_season,2020-21,461533,UNRESOLVED,,Mipo Odubeko
player_season,2020-21,38533,UNRESOLVED,,Rui Patrício
player_season,2020-21,19236,UNRESOLVED,,John Ruddy
player_season,2020-21,448487,UNRESOLVED,,Andreas Söndergaard
player_season,2020-21,441271,UNRESOLVED,,Ki-Jana Hoever
player_season,2020-21,448514,UNRESOLVED,,Rayan Aït-Nouri
player_season,2020-21,111291,UNRESOLVED,,Marçal
player_season,2020-21,90585,UNRESOLVED,,Willy Boly
player_season,2020-21,94147,UNRESOLVED,,Conor Coady
player_season,2020-21,114128,UNRESOLVED,,Jonny
player_season,2020-21,200402,UNRESOLVED,,Nélson Semedo
player_season,2020-21,437688,UNRESOLVED,,Lewis Richards
player_season,2020-21,214048,UNRESOLVED,,Maximilian Kilman
player_season,2020-21,465551,UNRESOLVED,,Nigel Lonwijk
player_season,2020-21,490721,UNRESOLVED,,Hugo Bueno
player_season,2020-21,481626,UNRESOLVED,,Christian Marques
player_season,2020-21,171317,UNRESOLVED,,Rúben Neves
player_season,2020-21,200600,UNRESOLVED,,Daniel Podence
player_season,2020-21,222531,UNRESOLVED,,Morgan Gibbs-White
player_season,2020-21,437858,UNRESOLVED,,Vitinha
player_season,2020-21,232361,UNRESOLVED,,Taylor Perry
player_season,2020-21,107613,UNRESOLVED,,Romain Saïss
player_season,2020-21,19624,UNRESOLVED,,João Moutinho
player_season,2020-21,151589,UNRESOLVED,,Leander Dendoncker
player_season,2020-21,245923,UNRESOLVED,,Luke Cundle
player_season,2020-21,250604,UNRESOLVED,,Owen Otasowie
player_season,2020-21,247632,UNRESOLVED,,Pedro Neto
player_season,2020-21,102057,UNRESOLVED,,Raúl Jiménez
player_season,2020-21,73314,UNRESOLVED,,Willian José
player_season,2020-21,449988,UNRESOLVED,,Fábio Silva
player_season,2020-21,159533,UNRESOLVED,,Adama Traoré
player_season,2020-21,443296,UNRESOLVED,,Theo Corbeanu
player_season,2021-22,98980,UNRESOLVED,,Emiliano Martínez
player_season,2021-22,79852,UNRESOLVED,,Jed Steer
player_season,2021-22,111782,UNRESOLVED,,Robin Olsen
player_season,2021-22,248164,UNRESOLVED,,Viljami Sinisalo
player_season,2021-22,462381,UNRESOLVED,,Filip Marschall
player_season,2021-22,199796,UNRESOLVED,,Matty Cash
player_season,2021-22,169359,UNRESOLVED,,Matt Targett
player_season,2021-22,199798,UNRESOLVED,,Ezri Konsa
player_season,2021-22,149484,UNRESOLVED,,Tyrone Mings
player_season,2021-22,101188,UNRESOLVED,,Lucas Digne
player_season,2021-22,101184,UNRESOLVED,,Calum Chambers
player_season,2021-22,18892,UNRESOLVED,,Ashley Young
player_season,2021-22,203368,UNRESOLVED,,Frédéric Guilbert
player_season,2021-22,465390,UNRESOLVED,,Kaine Kesler-Hayden
player_season,2021-22,123354,UNRESOLVED,,Kortney Hause
player_season,2021-22,487835,UNRESOLVED,,Ben Chrisene
player_season,2021-22,515597,UNRESOLVED,,Lamare Bogarde
player_season,2021-22,536110,UNRESOLVED,,Josh Feeney
player_season,2021-22,122775,UNRESOLVED,,Morgan Sanson
player_season,2021-22,230046,UNRESOLVED,,Douglas Luiz
player_season,2021-22,122806,UNRESOLVED,,John McGinn
player_season,2021-22,110504,UNRESOLVED,,Bertrand Traoré
player_season,2021-22,195546,UNRESOLVED,,Emiliano Buendía
player_season,2021-22,85242,UNRESOLVED,,Conor Hourihane
player_season,2021-22,148508,UNRESOLVED,,Trézéguet
player_season,2021-22,184704,UNRESOLVED,,Marvelous Nakamba
player_season,2021-22,193488,UNRESOLVED,,Anwar El Ghazi
player_season,2021-22,84583,UNRESOLVED,,Philippe Coutinho
player_season,2021-22,215711,UNRESOLVED,,Leon Bailey
player_season,2021-22,478912,UNRESOLVED,,Carney Chukwuemeka
player_season,2021-22,481624,UNRESOLVED,,Jaden Philogene
player_season,2021-22,447715,UNRESOLVED,,Aaron Ramsey
player_season,2021-22,232653,UNRESOLVED,,Jacob Ramsey
player_season,2021-22,490094,UNRESOLVED,,Tim Iroegbunam
player_season,2021-22,515599,UNRESOLVED,,Tommi O'Reilly
player_season,2021-22,84939,UNRESOLVED,,Danny Ings
player_season,2021-22,213345,UNRESOLVED,,Wesley
player_season,2021-22,178301,UNRESOLVED,,Ollie Watkins
player_season,2021-22,433979,UNRESOLVED,,Cameron Archer
player_season,2021-22,221239,UNRESOLVED,,Keinan Davis
player_season,2021-22,225321,UNRESOLVED,,Aaron Ramsdale
player_season,2021-22,80201,UNRESOLVED,,Bernd Leno
player_season,2021-22,463748,UNRESOLVED,,Karl Hein
player_season,2021-22,220682,UNRESOLVED,,Arthur Okonkwo
player_season,2021-22,437626,UNRESOLVED,,Nuno Tavares
player_season,2021-22,98745,UNRESOLVED,,Héctor Bellerín
player_season,2021-22,192895,UNRESOLVED,,Kieran Tierney
player_season,2021-22,198869,UNRESOLVED,,Ben White
player_season,2021-22,226597,UNRESOLVED,,Gabriel Magalhães
player_season,2021-22,156074,UNRESOLVED,,Rob Holding
player_season,2021-22,58822,UNRESOLVED,,Cédric Soares
player_season,2021-22,223723,UNRESOLVED,,Takehiro Tomiyasu
player_season,2021-22,92371,UNRESOLVED,,Pablo Marí
player_season,2021-22,450553,UNRESOLVED,,Alex Kirk
player_season,2021-22,449444,UNRESOLVED,,Mazeed Ogungbo
player_season,2021-22,232245,UNRESOLVED,,Zak Swanson
player_season,2021-22,490887,UNRESOLVED,,Zach Awe
player_season,2021-22,167199,UNRESOLVED,,Thomas Partey
player_season,2021-22,184029,UNRESOLVED,,Martin Ødegaard
player_season,2021-22,209289,UNRESOLVED,,Emile Smith Rowe
player_season,2021-22,154043,UNRESOLVED,,Ainsley Maitland-Niles
player_season,2021-22,437742,UNRESOLVED,,Albert Sambi Lokonga
player_season,2021-22,153256,UNRESOLVED,,Mohamed Elneny
player_season,2021-22,84450,UNRESOLVED,,Granit Xhaka
player_season,2021-22,439482,UNRESOLVED,,Miguel Azeez
player_season,2021-22,498046,UNRESOLVED,,Salah-Eddine Oulad M'hand
player_season,2021-22,493928,UNRESOLVED,,Marcelo Flores
player_season,2021-22,503301,UNRESOLVED,,Omari Hutchinson
player_season,2021-22,450544,UNRESOLVED,,Charlie Patino
player_season,2021-22,195735,UNRESOLVED,,Nicolas Pépé
player_season,2021-22,223340,UNRESOLVED,,Bukayo Saka
player_season,2021-22,59966,UNRESOLVED,,Alexandre Lacazette
player_season,2021-22,444145,UNRESOLVED,,Gabriel Martinelli
player_season,2021-22,205533,UNRESOLVED,,Eddie Nketiah
player_season,2021-22,200641,UNRESOLVED,,Reiss Nelson
player_season,2021-22,232223,UNRESOLVED,,Folarin Balogun
player_season,2021-22,444880,UNRESOLVED,,Mika Biereth
player_season,2021-22,154561,UNRESOLVED,,David Raya
player_season,2021-22,503300,UNRESOLVED,,Matthew Cox
player_season,2021-22,240796,UNRESOLVED,,Álvaro Fernández
player_season,2021-22,57513,UNRESOLVED,,Jonas Lössl
player_season,2021-22,232247,UNRESOLVED,,Dominic Thompson
player_season,2021-22,194010,UNRESOLVED,,Rico Henry
player_season,2021-22,213687,UNRESOLVED,,Charlie Goode
player_season,2021-22,231065,UNRESOLVED,,Ethan Pinnock
player_season,2021-22,48760,UNRESOLVED,,Zanka
player_season,2021-22,61810,UNRESOLVED,,Pontus Jansson
player_season,2021-22,191866,UNRESOLVED,,Kristoffer Ajer
player_season,2021-22,121570,UNRESOLVED,,Julian Jeanvier
player_season,2021-22,228044,UNRESOLVED,,Mads Bech
player_season,2021-22,226956,UNRESOLVED,,Mads Roerslev
player_season,2021-22,450550,UNRESOLVED,,Fin Stevens
player_season,2021-22,154138,UNRESOLVED,,Tariqe Fosu
player_season,2021-22,220695,UNRESOLVED,,Paris Maghoma
player_season,2021-22,128295,UNRESOLVED,,Christian Nørgaard
player_season,2021-22,207283,UNRESOLVED,,Mathias Jensen
player_season,2021-22,183656,UNRESOLVED,,Josh Dasilva
player_season,2021-22,216646,UNRESOLVED,,Yoane Wissa
player_season,2021-22,428580,UNRESOLVED,,Frank Onyeka
player_season,2021-22,446008,UNRESOLVED,,Bryan Mbeumo
player_season,2021-22,80607,UNRESOLVED,,Christian Eriksen
player_season,2021-22,450539,UNRESOLVED,,Myles Peart-Harris
player_season,2021-22,432160,UNRESOLVED,,Shandon Baptiste
player_season,2021-22,204580,UNRESOLVED,,Vitaly Janelt
player_season,2021-22,481405,UNRESOLVED,,Mads Bidstrup
player_season,2021-22,461558,UNRESOLVED,,Max Haygarth
player_season,2021-22,174932,UNRESOLVED,,Sergi Canós
player_season,2021-22,216620,UNRESOLVED,,Marcus Forss
player_season,2021-22,205836,UNRESOLVED,,Saman Ghoddos
player_season,2021-22,144485,UNRESOLVED,,Ivan Toney
player_season,2021-22,434662,UNRESOLVED,,Halil Dervisoglu
player_season,2021-22,460029,UNRESOLVED,,Nathan Young-Coombes
player_season,2021-22,240514,UNRESOLVED,,Kjell Scherpen
player_season,2021-22,215059,UNRESOLVED,,Robert Sánchez
player_season,2021-22,49262,UNRESOLVED,,Jason Steele
player_season,2021-22,209288,UNRESOLVED,,Tom McGill
player_season,2021-22,232792,UNRESOLVED,,Tariq Lamptey
player_season,2021-22,179268,UNRESOLVED,,Marc Cucurella
player_season,2021-22,110735,UNRESOLVED,,Adam Webster
player_season,2021-22,83299,UNRESOLVED,,Lewis Dunk
player_season,2021-22,442229,UNRESOLVED,,Michal Karbownik
player_season,2021-22,61933,UNRESOLVED,,Shane Duffy
player_season,2021-22,433589,UNRESOLVED,,Haydon Roberts
player_season,2021-22,111478,UNRESOLVED,,Joël Veltman
player_season,2021-22,448496,UNRESOLVED,,Ed Turns
player_season,2021-22,445548,UNRESOLVED,,Odeluga Offiah
player_season,2021-22,109345,UNRESOLVED,,Solly March
player_season,2021-22,227127,UNRESOLVED,,Yves Bissouma
player_season,2021-22,423649,UNRESOLVED,,Enock Mwepu
player_season,2021-22,243016,UNRESOLVED,,Alexis Mac Allister
player_season,2021-22,433138,UNRESOLVED,,Marc Leonard
player_season,2021-22,60307,UNRESOLVED,,Pascal Groß
player_season,2021-22,39155,UNRESOLVED,,Adam Lallana
player_season,2021-22,243505,UNRESOLVED,,Jakub Moder
player_season,2021-22,235382,UNRESOLVED,,Steven Alzate
player_season,2021-22,486672,UNRESOLVED,,Moisés Caicedo
player_season,2021-22,209045,UNRESOLVED,,Taylor Richards
player_season,2021-22,441192,UNRESOLVED,,Jeremy Sarmiento
player_season,2021-22,115382,UNRESOLVED,,Neal Maupay
player_season,2021-22,116216,UNRESOLVED,,Leandro Trossard
player_season,2021-22,50175,UNRESOLVED,,Danny Welbeck
player_season,2021-22,204676,UNRESOLVED,,Andi Zeqiri
player_season,2021-22,487117,UNRESOLVED,,Evan Ferguson
player_season,2021-22,93284,UNRESOLVED,,Florin Andone
player_season,2021-22,233425,UNRESOLVED,,Aaron Connolly
player_season,2021-22,98747,UNRESOLVED,,Nick Pope
player_season,2021-22,20066,UNRESOLVED,,Wayne Hennessey
player_season,2021-22,168399,UNRESOLVED,,Will Norris
player_season,2021-22,514229,UNRESOLVED,,Sam Waller
player_season,2021-22,68983,UNRESOLVED,,Matthew Lowton
player_season,2021-22,103914,UNRESOLVED,,Charlie Taylor
player_season,2021-22,17761,UNRESOLVED,,James Tarkowski
player_season,2021-22,51927,UNRESOLVED,,Ben Mee
player_season,2021-22,192290,UNRESOLVED,,Connor Roberts
player_season,2021-22,461102,UNRESOLVED,,Bobby Thomas
player_season,2021-22,432830,UNRESOLVED,,Nathan Collins
player_season,2021-22,39487,UNRESOLVED,,Erik Pieters
player_season,2021-22,17997,UNRESOLVED,,Phil Bardsley
player_season,2021-22,41674,UNRESOLVED,,Kevin Long
player_season,2021-22,461567,UNRESOLVED,,Owen Dodgson
player_season,2021-22,40145,UNRESOLVED,,Jack Cork
player_season,2021-22,60586,UNRESOLVED,,Jóhann Gudmundsson
player_season,2021-22,172782,UNRESOLVED,,Josh Brownhill
player_season,2021-22,433154,UNRESOLVED,,Dwight McNeil
player_season,2021-22,40845,UNRESOLVED,,Dale Stephens
player_season,2021-22,17349,UNRESOLVED,,Aaron Lennon
player_season,2021-22,60551,UNRESOLVED,,Ashley Westwood
player_season,2021-22,149519,UNRESOLVED,,Maxwel Cornet
player_season,2021-22,465299,UNRESOLVED,,Anthony Mancini
player_season,2021-22,461096,UNRESOLVED,,Lewis Richardson
player_season,2021-22,120202,UNRESOLVED,,Wout Weghorst
player_season,2021-22,81183,UNRESOLVED,,Matej Vydra
player_season,2021-22,44683,UNRESOLVED,,Jay Rodriguez
player_season,2021-22,44699,UNRESOLVED,,Ashley Barnes
player_season,2021-22,530873,UNRESOLVED,,Dara Costelloe
player_season,2021-22,461080,UNRESOLVED,,Joseph McGlynn
player_season,2021-22,105666,UNRESOLVED,,Jack Butland
player_season,2021-22,40836,UNRESOLVED,,Vicente Guaita
player_season,2021-22,169593,UNRESOLVED,,Remi Matthews
player_season,2021-22,55494,UNRESOLVED,,Joel Ward
player_season,2021-22,244723,UNRESOLVED,,Tyrick Mitchell
player_season,2021-22,49413,UNRESOLVED,,James Tomkins
player_season,2021-22,209036,UNRESOLVED,,Marc Guéhi
player_season,2021-22,174874,UNRESOLVED,,Joachim Andersen
player_season,2021-22,57328,UNRESOLVED,,Nathaniel Clyne
player_season,2021-22,58786,UNRESOLVED,,Martin Kelly
player_season,2021-22,232423,UNRESOLVED,,Nathan Ferguson
player_season,2021-22,501468,UNRESOLVED,,Tayo Adaramola
player_season,2021-22,223824,UNRESOLVED,,Reece Hannam
player_season,2021-22,66975,UNRESOLVED,,Luka Milivojevic
player_season,2021-22,443661,UNRESOLVED,,Michael Olise
player_season,2021-22,55037,UNRESOLVED,,Cheikhou Kouyaté
player_season,2021-22,232413,UNRESOLVED,,Eberechi Eze
player_season,2021-22,86417,UNRESOLVED,,Jeffrey Schlupp
player_season,2021-22,50471,UNRESOLVED,,James McArthur
player_season,2021-22,108413,UNRESOLVED,,Will Hughes
player_season,2021-22,232787,UNRESOLVED,,Conor Gallagher
player_season,2021-22,173954,UNRESOLVED,,Jairo Riedewald
player_season,2021-22,450542,UNRESOLVED,,Jesurun Rak-Sakyi
player_season,2021-22,80146,UNRESOLVED,,Jordan Ayew
player_season,2021-22,82403,UNRESOLVED,,Wilfried Zaha
player_season,2021-22,231747,UNRESOLVED,,Jean-Philippe Mateta
player_season,2021-22,54861,UNRESOLVED,,Christian Benteke
player_season,2021-22,199670,UNRESOLVED,,Odsonne Édouard
player_season,2021-22,462831,UNRESOLVED,,Scott Banks
player_season,2021-22,448482,UNRESOLVED,,Rob Street
player_season,2021-22,109745,UNRESOLVED,,Kepa Arrizabalaga
player_season,2021-22,122074,UNRESOLVED,,Marcus Bettinelli
player_season,2021-22,228286,UNRESOLVED,,Édouard Mendy
player_season,2021-22,204727,UNRESOLVED,,Malang Sarr
player_season,2021-22,102380,UNRESOLVED,,Antonio Rüdiger
player_season,2021-22,82263,UNRESOLVED,,Marcos Alonso
player_season,2021-22,135363,UNRESOLVED,,Andreas Christensen
player_season,2021-22,51090,UNRESOLVED,,Thiago Silva
player_season,2021-22,180736,UNRESOLVED,,Trevoh Chalobah
player_season,2021-22,172850,UNRESOLVED,,Ben Chilwell
player_season,2021-22,225796,UNRESOLVED,,Reece James
player_season,2021-22,41328,UNRESOLVED,,César Azpilicueta
player_season,2021-22,109533,UNRESOLVED,,Emerson
player_season,2021-22,167767,UNRESOLVED,,Kenedy
player_season,2021-22,88894,UNRESOLVED,,Ross Barkley
player_season,2021-22,124183,UNRESOLVED,,Hakim Ziyech
player_season,2021-22,85955,UNRESOLVED,,Jorginho
player_season,2021-22,116594,UNRESOLVED,,N'Golo Kanté
player_season,2021-22,91651,UNRESOLVED,,Mateo Kovacic
player_season,2021-22,176413,UNRESOLVED,,Christian Pulisic
player_season,2021-22,126187,UNRESOLVED,,Ruben Loftus-Cheek
player_season,2021-22,89335,UNRESOLVED,,Saúl Ñíguez
player_season,2021-22,184341,UNRESOLVED,,Mason Mount
player_season,2021-22,232787,UNRESOLVED,,Conor Gallagher
player_season,2021-22,219847,UNRESOLVED,,Kai Havertz
player_season,2021-22,243568,UNRESOLVED,,Billy Gilmour
player_season,2021-22,491785,UNRESOLVED,,Harvey Vale
player_season,2021-22,487838,UNRESOLVED,,Lewis Hall
player_season,2021-22,66749,UNRESOLVED,,Romelu Lukaku
player_season,2021-22,209046,UNRESOLVED,,Callum Hudson-Odoi
player_season,2021-22,165153,UNRESOLVED,,Timo Werner
player_season,2021-22,440323,UNRESOLVED,,Armando Broja
player_season,2021-22,111234,UNRESOLVED,,Jordan Pickford
player_season,2021-22,40349,UNRESOLVED,,Asmir Begovic
player_season,2021-22,11948,UNRESOLVED,,Andy Lonergan
player_season,2021-22,447325,UNRESOLVED,,Harry Tyrer
player_season,2021-22,153673,UNRESOLVED,,Jonjoe Kenny
player_season,2021-22,243571,UNRESOLVED,,Nathan Patterson
player_season,2021-22,194164,UNRESOLVED,,Mason Holgate
player_season,2021-22,106611,UNRESOLVED,,Michael Keane
player_season,2021-22,164511,UNRESOLVED,,Yerry Mina
player_season,2021-22,495542,UNRESOLVED,,Niels Nkounkou
player_season,2021-22,224967,UNRESOLVED,,Vitalii Mykolenko
player_season,2021-22,198826,UNRESOLVED,,Ben Godfrey
player_season,2021-22,59949,UNRESOLVED,,Séamus Coleman
player_season,2021-22,480455,UNRESOLVED,,Jarrad Branthwaite
player_season,2021-22,474907,UNRESOLVED,,Reece Welch
player_season,2021-22,119765,UNRESOLVED,,Allan
player_season,2021-22,41823,UNRESOLVED,,Fabian Delph
player_season,2021-22,60252,UNRESOLVED,,Andros Townsend
player_season,2021-22,121599,UNRESOLVED,,Abdoulaye Doucouré
player_season,2021-22,108823,UNRESOLVED,,Dele Alli
player_season,2021-22,120250,UNRESOLVED,,André Gomes
player_season,2021-22,160987,UNRESOLVED,,Jean-Philippe Gbamin
player_season,2021-22,173807,UNRESOLVED,,Tom Davies
player_season,2021-22,180184,UNRESOLVED,,Donny van de Beek
player_season,2021-22,193488,UNRESOLVED,,Anwar El Ghazi
player_season,2021-22,491556,UNRESOLVED,,Charlie Whitaker
player_season,2021-22,491559,UNRESOLVED,,Isaac Price
player_season,2021-22,461446,UNRESOLVED,,Tyler Onyango
player_season,2021-22,212319,UNRESOLVED,,Richarlison
player_season,2021-22,177815,UNRESOLVED,,Dominic Calvert-Lewin
player_season,2021-22,232826,UNRESOLVED,,Anthony Gordon
player_season,2021-22,172632,UNRESOLVED,,Demarai Gray
player_season,2021-22,153133,UNRESOLVED,,Alex Iwobi
player_season,2021-22,66838,UNRESOLVED,,Cenk Tosun
player_season,2021-22,242058,UNRESOLVED,,Moise Kean
player_season,2021-22,57134,UNRESOLVED,,Salomón Rondón
player_season,2021-22,173818,UNRESOLVED,,Nathan Broadhead
player_season,2021-22,218997,UNRESOLVED,,Ellis Simms
player_season,2021-22,461421,UNRESOLVED,,Lewis Dobbin
player_season,2021-22,437495,UNRESOLVED,,Illan Meslier
player_season,2021-22,223081,UNRESOLVED,,Kristoffer Klaesson
player_season,2021-22,66588,UNRESOLVED,,Luke Ayling
player_season,2021-22,443967,UNRESOLVED,,Junior Firpo
player_season,2021-22,492373,UNRESOLVED,,Charlie Cresswell
player_season,2021-22,193645,UNRESOLVED,,Robin Koch
player_season,2021-22,55914,UNRESOLVED,,Liam Cooper
player_season,2021-22,149915,UNRESOLVED,,Diego Llorente
player_season,2021-22,87873,UNRESOLVED,,Stuart Dallas
player_season,2021-22,222694,UNRESOLVED,,Pascal Struijk
player_season,2021-22,477547,UNRESOLVED,,Leo Hjelde
player_season,2021-22,433590,UNRESOLVED,,Cody Drameh
player_season,2021-22,513852,UNRESOLVED,,Kris Moore
player_season,2021-22,80179,UNRESOLVED,,Adam Forshaw
player_season,2021-22,221399,UNRESOLVED,,Jack Harrison
player_season,2021-22,221610,UNRESOLVED,,Jamie Shackleton
player_season,2021-22,200617,UNRESOLVED,,Daniel James
player_season,2021-22,547701,UNRESOLVED,,Archie Gray
player_season,2021-22,155405,UNRESOLVED,,Kalvin Phillips
player_season,2021-22,450529,UNRESOLVED,,Lewis Bate
player_season,2021-22,473342,UNRESOLVED,,Stuart McKinstry
player_season,2021-22,72222,UNRESOLVED,,Mateusz Klich
player_season,2021-22,464618,UNRESOLVED,,Liam McCarron
player_season,2021-22,492374,UNRESOLVED,,Jack Jenkins
player_season,2021-22,469249,UNRESOLVED,,Nohan Kenneh
player_season,2021-22,165808,UNRESOLVED,,Hélder Costa
player_season,2021-22,106617,UNRESOLVED,,Patrick Bamford
player_season,2021-22,450070,UNRESOLVED,,Crysencio Summerville
player_season,2021-22,219961,UNRESOLVED,,Raphinha
player_season,2021-22,173821,UNRESOLVED,,Tyler Roberts
player_season,2021-22,80954,UNRESOLVED,,Rodrigo
player_season,2021-22,248937,UNRESOLVED,,Sam Greenwood
player_season,2021-22,462635,UNRESOLVED,,Joe Gelhardt
player_season,2021-22,95463,UNRESOLVED,,Danny Ward
player_season,2021-22,17745,UNRESOLVED,,Kasper Schmeichel
player_season,2021-22,11974,UNRESOLVED,,Eldin Jakupovic
player_season,2021-22,220627,UNRESOLVED,,James Justin
player_season,2021-22,444463,UNRESOLVED,,Wesley Fofana
player_season,2021-22,218031,UNRESOLVED,,Çaglar Söyüncü
player_season,2021-22,40146,UNRESOLVED,,Ryan Bertrand
player_season,2021-22,37642,UNRESOLVED,,Jonny Evans
player_season,2021-22,155569,UNRESOLVED,,Daniel Amartey
player_season,2021-22,111931,UNRESOLVED,,Ricardo Pereira
player_season,2021-22,93100,UNRESOLVED,,Jannik Vestergaard
player_season,2021-22,166477,UNRESOLVED,,Timothy Castagne
player_season,2021-22,244619,UNRESOLVED,,Luke Thomas
player_season,2021-22,232620,UNRESOLVED,,Lewis Brunt
player_season,2021-22,501770,UNRESOLVED,,Ben Nelson
player_season,2021-22,201666,UNRESOLVED,,Harvey Barnes
player_season,2021-22,166989,UNRESOLVED,,Youri Tielemans
player_season,2021-22,172780,UNRESOLVED,,James Maddison
player_season,2021-22,51938,UNRESOLVED,,Marc Albrighton
player_season,2021-22,197469,UNRESOLVED,,Hamza Choudhury
player_season,2021-22,215413,UNRESOLVED,,Kiernan Dewsbury-Hall
player_season,2021-22,86881,UNRESOLVED,,Nampalys Mendy
player_season,2021-22,225902,UNRESOLVED,,Boubakary Soumaré
player_season,2021-22,203341,UNRESOLVED,,Wilfred Ndidi
player_season,2021-22,106837,UNRESOLVED,,Dennis Praet
player_season,2021-22,461587,UNRESOLVED,,Kasey McAteer
player_season,2021-22,101668,UNRESOLVED,,Jamie Vardy
player_season,2021-22,173515,UNRESOLVED,,Kelechi Iheanacho
player_season,2021-22,168580,UNRESOLVED,,Ayoze Pérez
player_season,2021-22,245419,UNRESOLVED,,Patson Daka
player_season,2021-22,219352,UNRESOLVED,,Ademola Lookman
player_season,2021-22,116535,UNRESOLVED,,Alisson Becker
player_season,2021-22,60706,UNRESOLVED,,Adrián
player_season,2021-22,443629,UNRESOLVED,,Marcelo Pitaluga
player_season,2021-22,200720,UNRESOLVED,,Caoimhín Kelleher
player_season,2021-22,171287,UNRESOLVED,,Joe Gomez
player_season,2021-22,97032,UNRESOLVED,,Virgil van Dijk
player_season,2021-22,204716,UNRESOLVED,,Ibrahima Konaté
player_season,2021-22,214285,UNRESOLVED,,Kostas Tsimikas
player_season,2021-22,122798,UNRESOLVED,,Andy Robertson
player_season,2021-22,60914,UNRESOLVED,,Joël Matip
player_season,2021-22,219937,UNRESOLVED,,Rhys Williams
player_season,2021-22,197464,UNRESOLVED,,Nathaniel Phillips
player_season,2021-22,430992,UNRESOLVED,,Owen Beck
player_season,2021-22,169187,UNRESOLVED,,Trent Alexander-Arnold
player_season,2021-22,215136,UNRESOLVED,,Neco Williams
player_season,2021-22,441428,UNRESOLVED,,Jarell Quansah
player_season,2021-22,492777,UNRESOLVED,,Conor Bradley
player_season,2021-22,116643,UNRESOLVED,,Fabinho
player_season,2021-22,61558,UNRESOLVED,,Thiago Alcântara
player_season,2021-22,15157,UNRESOLVED,,James Milner
player_season,2021-22,175592,UNRESOLVED,,Naby Keïta
player_season,2021-22,56979,UNRESOLVED,,Jordan Henderson
player_season,2021-22,81880,UNRESOLVED,,Alex Oxlade-Chamberlain
player_season,2021-22,206915,UNRESOLVED,,Curtis Jones
player_season,2021-22,444884,UNRESOLVED,,Harvey Elliott
player_season,2021-22,440148,UNRESOLVED,,Tyler Morton
player_season,2021-22,244731,UNRESOLVED,,Luis Díaz
player_season,2021-22,92217,UNRESOLVED,,Roberto Firmino
player_season,2021-22,110979,UNRESOLVED,,Sadio Mané
player_season,2021-22,118748,UNRESOLVED,,Mohamed Salah
player_season,2021-22,157882,UNRESOLVED,,Takumi Minamino
player_season,2021-22,194634,UNRESOLVED,,Diogo Jota
player_season,2021-22,152760,UNRESOLVED,,Divock Origi
player_season,2021-22,496185,UNRESOLVED,,Kaide Gordon
player_season,2021-22,182436,UNRESOLVED,,Ben Woodburn
player_season,2021-22,164484,UNRESOLVED,,Zack Steffen
player_season,2021-22,121160,UNRESOLVED,,Ederson
player_season,2021-22,17601,UNRESOLVED,,Scott Carson
player_season,2021-22,434044,UNRESOLVED,,Cieran Slicker
player_season,2021-22,58621,UNRESOLVED,,Kyle Walker
player_season,2021-22,171314,UNRESOLVED,,Rúben Dias
player_season,2021-22,97299,UNRESOLVED,,John Stones
player_season,2021-22,126184,UNRESOLVED,,Nathan Aké
player_season,2021-22,121145,UNRESOLVED,,João Cancelo
player_season,2021-22,206325,UNRESOLVED,,Oleksandr Zinchenko
player_season,2021-22,146941,UNRESOLVED,,Aymeric Laporte
player_season,2021-22,102826,UNRESOLVED,,Benjamin Mendy
player_season,2021-22,432711,UNRESOLVED,,CJ Egan-Riley
player_season,2021-22,439510,UNRESOLVED,,Luke Mbete
player_season,2021-22,447880,UNRESOLVED,,Josh Wilson-Esbrand
player_season,2021-22,59859,UNRESOLVED,,Ilkay Gündogan
player_season,2021-22,114283,UNRESOLVED,,Jack Grealish
player_season,2021-22,220566,UNRESOLVED,,Rodri
player_season,2021-22,61366,UNRESOLVED,,Kevin De Bruyne
player_season,2021-22,165809,UNRESOLVED,,Bernardo Silva
player_season,2021-22,27789,UNRESOLVED,,Fernandinho
player_season,2021-22,209244,UNRESOLVED,,Phil Foden
player_season,2021-22,220394,UNRESOLVED,,Tommy Doyle
player_season,2021-22,244851,UNRESOLVED,,Cole Palmer
player_season,2021-22,432714,UNRESOLVED,,James McAtee
player_season,2021-22,514356,UNRESOLVED,,Roméo Lavia
player_season,2021-22,103955,UNRESOLVED,,Raheem Sterling
player_season,2021-22,205651,UNRESOLVED,,Gabriel Jesus
player_season,2021-22,103025,UNRESOLVED,,Riyad Mahrez
player_season,2021-22,478028,UNRESOLVED,,Kayky
player_season,2021-22,463034,UNRESOLVED,,Liam Delap
player_season,2021-22,490503,UNRESOLVED,,Samuel Edozie
player_season,2021-22,51940,UNRESOLVED,,David de Gea
player_season,2021-22,21205,UNRESOLVED,,Tom Heaton
player_season,2021-22,172649,UNRESOLVED,,Dean Henderson
player_season,2021-22,184667,UNRESOLVED,,Victor Lindelöf
player_season,2021-22,197365,UNRESOLVED,,Eric Bailly
player_season,2021-22,76359,UNRESOLVED,,Phil Jones
player_season,2021-22,95658,UNRESOLVED,,Harry Maguire
player_season,2021-22,90152,UNRESOLVED,,Raphaël Varane
player_season,2021-22,216051,UNRESOLVED,,Diogo Dalot
player_season,2021-22,106760,UNRESOLVED,,Luke Shaw
player_season,2021-22,152590,UNRESOLVED,,Alex Telles
player_season,2021-22,214590,UNRESOLVED,,Aaron Wan-Bissaka
player_season,2021-22,232937,UNRESOLVED,,Brandon Williams
player_season,2021-22,180804,UNRESOLVED,,Axel Tuanzebe
player_season,2021-22,515501,UNRESOLVED,,Álvaro Carreras
player_season,2021-22,74208,UNRESOLVED,,Paul Pogba
player_season,2021-22,43670,UNRESOLVED,,Juan Mata
player_season,2021-22,141746,UNRESOLVED,,Bruno Fernandes
player_season,2021-22,109322,UNRESOLVED,,Jesse Lingard
player_season,2021-22,156689,UNRESOLVED,,Andreas Pereira
player_season,2021-22,101582,UNRESOLVED,,Fred
player_season,2021-22,62398,UNRESOLVED,,Nemanja Matic
player_season,2021-22,180184,UNRESOLVED,,Donny van de Beek
player_season,2021-22,195851,UNRESOLVED,,Scott McTominay
player_season,2021-22,465527,UNRESOLVED,,Hannibal Mejbri
player_season,2021-22,461529,UNRESOLVED,,Charlie Savage
player_season,2021-22,14937,UNRESOLVED,,Cristiano Ronaldo
player_season,2021-22,148225,UNRESOLVED,,Anthony Martial
player_season,2021-22,176297,UNRESOLVED,,Marcus Rashford
player_season,2021-22,220688,UNRESOLVED,,Mason Greenwood
player_season,2021-22,493250,UNRESOLVED,,Amad Diallo
player_season,2021-22,493105,UNRESOLVED,,Alejandro Garnacho
player_season,2021-22,40720,UNRESOLVED,,Edinson Cavani
player_season,2021-22,209243,UNRESOLVED,,Jadon Sancho
player_season,2021-22,449434,UNRESOLVED,,Anthony Elanga
player_season,2021-22,472464,UNRESOLVED,,Shola Shoretire
player_season,2021-22,67089,UNRESOLVED,,Martin Dúbravka
player_season,2021-22,59735,UNRESOLVED,,Karl Darlow
player_season,2021-22,155503,UNRESOLVED,,Freddie Woodman
player_season,2021-22,81441,UNRESOLVED,,Mark Gillespie
player_season,2021-22,77794,UNRESOLVED,,Kieran Trippier
player_season,2021-22,58845,UNRESOLVED,,Ciaran Clark
player_season,2021-22,106618,UNRESOLVED,,Paul Dummett
player_season,2021-22,119471,UNRESOLVED,,Fabian Schär
player_season,2021-22,101148,UNRESOLVED,,Jamaal Lascelles
player_season,2021-22,194799,UNRESOLVED,,Jamal Lewis
player_season,2021-22,169359,UNRESOLVED,,Matt Targett
player_season,2021-22,111773,UNRESOLVED,,Emil Krafth
player_season,2021-22,57145,UNRESOLVED,,Federico Fernández
player_season,2021-22,109528,UNRESOLVED,,Javier Manquillo
player_season,2021-22,78916,UNRESOLVED,,Dan Burn
player_season,2021-22,90105,UNRESOLVED,,Ryan Fraser
player_season,2021-22,83314,UNRESOLVED,,Jeff Hendrick
player_season,2021-22,153127,UNRESOLVED,,Isaac Hayden
player_season,2021-22,50232,UNRESOLVED,,Jonjo Shelvey
player_season,2021-22,56983,UNRESOLVED,,Matt Ritchie
player_season,2021-22,114243,UNRESOLVED,,Jacob Murphy
player_season,2021-22,179018,UNRESOLVED,,Miguel Almirón
player_season,2021-22,200089,UNRESOLVED,,Joe Willock
player_season,2021-22,215379,UNRESOLVED,,Elliot Anderson
player_season,2021-22,180135,UNRESOLVED,,Sean Longstaff
player_season,2021-22,208706,UNRESOLVED,,Bruno Guimarães
player_season,2021-22,461508,UNRESOLVED,,Lucas De Bolle
player_season,2021-22,180974,UNRESOLVED,,Joelinton
player_season,2021-22,75115,UNRESOLVED,,Callum Wilson
player_season,2021-22,170137,UNRESOLVED,,Allan Saint-Maximin
player_season,2021-22,60689,UNRESOLVED,,Chris Wood
player_season,2021-22,104547,UNRESOLVED,,Dwight Gayle
player_season,2021-22,20480,UNRESOLVED,,Tim Krul
player_season,2021-22,107265,UNRESOLVED,,Angus Gunn
player_season,2021-22,18499,UNRESOLVED,,Michael McGovern
player_season,2021-22,229415,UNRESOLVED,,Jon McCracken
player_season,2021-22,232980,UNRESOLVED,,Max Aarons
player_season,2021-22,113564,UNRESOLVED,,Sam Byram
player_season,2021-22,466404,UNRESOLVED,,Andrew Omobamidele
player_season,2021-22,83428,UNRESOLVED,,Grant Hanley
player_season,2021-22,83312,UNRESOLVED,,Ben Gibson
player_season,2021-22,192303,UNRESOLVED,,Christoph Zimmermann
player_season,2021-22,438277,UNRESOLVED,,Ozan Kabak
player_season,2021-22,232937,UNRESOLVED,,Brandon Williams
player_season,2021-22,220686,UNRESOLVED,,Bali Mumba
player_season,2021-22,189627,UNRESOLVED,,Dimitris Giannoulis
player_season,2021-22,451310,UNRESOLVED,,Jonathan Tomkinson
player_season,2021-22,76306,UNRESOLVED,,Lukas Rupp
player_season,2021-22,243568,UNRESOLVED,,Billy Gilmour
player_season,2021-22,497605,UNRESOLVED,,Liam Gibbs
player_season,2021-22,171270,UNRESOLVED,,Kieran Dowell
player_season,2021-22,212723,UNRESOLVED,,Milot Rashica
player_season,2021-22,193111,UNRESOLVED,,Todd Cantwell
player_season,2021-22,179276,UNRESOLVED,,Mathias Normann
player_season,2021-22,235546,UNRESOLVED,,Jacob Sørensen
player_season,2021-22,428626,UNRESOLVED,,Przemyslaw Placheta
player_season,2021-22,212325,UNRESOLVED,,Pierre Lees-Melou
player_season,2021-22,78607,UNRESOLVED,,Kenny McLean
player_season,2021-22,215476,UNRESOLVED,,Josh Sargent
player_season,2021-22,432735,UNRESOLVED,,Adam Idah
player_season,2021-22,439509,UNRESOLVED,,Christos Tzolis
player_season,2021-22,57127,UNRESOLVED,,Teemu Pukki
player_season,2021-22,483365,UNRESOLVED,,Jonathan Rowe
player_season,2021-22,490161,UNRESOLVED,,Abu Kamara
player_season,2021-22,446281,UNRESOLVED,,Tony Springett
player_season,2021-22,445550,UNRESOLVED,,Thomas Dickson-Peters
player_season,2021-22,58376,UNRESOLVED,,Alex McCarthy
player_season,2021-22,20310,UNRESOLVED,,Willy Caballero
player_season,2021-22,198044,UNRESOLVED,,Harry Lewis
player_season,2021-22,40383,UNRESOLVED,,Fraser Forster
player_season,2021-22,158534,UNRESOLVED,,Kyle Walker-Peters
player_season,2021-22,212721,UNRESOLVED,,Lyanco
player_season,2021-22,88900,UNRESOLVED,,Jack Stephens
player_season,2021-22,244560,UNRESOLVED,,Romain Perraud
player_season,2021-22,491551,UNRESOLVED,,Thierry Small
player_season,2021-22,441191,UNRESOLVED,,Tino Livramento
player_season,2021-22,450527,UNRESOLVED,,Mohammed Salisu
player_season,2021-22,171771,UNRESOLVED,,Jan Bednarek
player_season,2021-22,248853,UNRESOLVED,,Dynel Simeu
player_season,2021-22,213482,UNRESOLVED,,Yan Valery
player_season,2021-22,203389,UNRESOLVED,,Nathan Tella
player_season,2021-22,78056,UNRESOLVED,,Oriol Romeu
player_season,2021-22,101178,UNRESOLVED,,James Ward-Prowse
player_season,2021-22,83283,UNRESOLVED,,Nathan Redmond
player_season,2021-22,214466,UNRESOLVED,,Will Smallbone
player_season,2021-22,91047,UNRESOLVED,,Stuart Armstrong
player_season,2021-22,431131,UNRESOLVED,,Moussa Djenepo
player_season,2021-22,96787,UNRESOLVED,,Mohamed Elyounoussi
player_season,2021-22,240143,UNRESOLVED,,Ibrahima Diallo
player_season,2021-22,496661,UNRESOLVED,,Tyler Dibling
player_season,2021-22,445896,UNRESOLVED,,Kgaogelo Chauke
player_season,2021-22,20452,UNRESOLVED,,Shane Long
player_season,2021-22,155511,UNRESOLVED,,Adam Armstrong
player_season,2021-22,200439,UNRESOLVED,,Ché Adams
player_season,2021-22,440323,UNRESOLVED,,Armando Broja
player_season,2021-22,20467,UNRESOLVED,,Theo Walcott
player_season,2021-22,37915,UNRESOLVED,,Hugo Lloris
player_season,2021-22,156683,UNRESOLVED,,Pierluigi Gollini
player_season,2021-22,214572,UNRESOLVED,,Brandon Austin
player_season,2021-22,87835,UNRESOLVED,,Matt Doherty
player_season,2021-22,199249,UNRESOLVED,,Sergio Reguilón
player_season,2021-22,173904,UNRESOLVED,,Dávinson Sánchez
player_season,2021-22,241157,UNRESOLVED,,Emerson Royal
player_season,2021-22,93264,UNRESOLVED,,Eric Dier
player_season,2021-22,221632,UNRESOLVED,,Cristian Romero
player_season,2021-22,214225,UNRESOLVED,,Joe Rodon
player_season,2021-22,199584,UNRESOLVED,,Japhet Tanganga
player_season,2021-22,115556,UNRESOLVED,,Ben Davies
player_season,2021-22,209418,UNRESOLVED,,Tobi Omole
player_season,2021-22,215610,UNRESOLVED,,Marcel Lavinier
player_season,2021-22,209042,UNRESOLVED,,Oliver Skipp
player_season,2021-22,132015,UNRESOLVED,,Pierre-Emile Højbjerg
player_season,2021-22,157668,UNRESOLVED,,Harry Winks
player_season,2021-22,200826,UNRESOLVED,,Giovani Lo Celso
player_season,2021-22,184349,UNRESOLVED,,Ryan Sessegnon
player_season,2021-22,445044,UNRESOLVED,,Dejan Kulusevski
player_season,2021-22,231372,UNRESOLVED,,Tanguy Ndombélé
player_season,2021-22,202993,UNRESOLVED,,Rodrigo Bentancur
player_season,2021-22,448791,UNRESOLVED,,Harvey White
player_season,2021-22,496179,UNRESOLVED,,Alfie Devine
player_season,2021-22,461201,UNRESOLVED,,Matthew Craig
player_season,2021-22,223337,UNRESOLVED,,Jamie Bowden
player_season,2021-22,85971,UNRESOLVED,,Son Heung-Min
player_season,2021-22,78830,UNRESOLVED,,Harry Kane
player_season,2021-22,436234,UNRESOLVED,,Bryan Gil
player_season,2021-22,194252,UNRESOLVED,,Steven Bergwijn
player_season,2021-22,95715,UNRESOLVED,,Lucas Moura
player_season,2021-22,490145,UNRESOLVED,,Dane Scarlett
player_season,2021-22,154506,UNRESOLVED,,Daniel Bachmann
player_season,2021-22,9089,UNRESOLVED,,Ben Foster
player_season,2021-22,19838,UNRESOLVED,,Robert Elliot
player_season,2021-22,563883,UNRESOLVED,,Vincent Angelini
player_season,2021-22,38290,UNRESOLVED,,Danny Rose
player_season,2021-22,232391,UNRESOLVED,,Jeremy Ngakia
player_season,2021-22,208973,UNRESOLVED,,Francisco Sierralta
player_season,2021-22,131304,UNRESOLVED,,William Troost-Ekong
player_season,2021-22,155651,UNRESOLVED,,Adam Masina
player_season,2021-22,52775,UNRESOLVED,,Nicolas Nkoulou
player_season,2021-22,171099,UNRESOLVED,,Hassane Kamara
player_season,2021-22,41338,UNRESOLVED,,Craig Cathcart
player_season,2021-22,54484,UNRESOLVED,,Kiko Femenía
player_season,2021-22,162651,UNRESOLVED,,Samir
player_season,2021-22,85624,UNRESOLVED,,Christian Kabasele
player_season,2021-22,242183,UNRESOLVED,,James Morris
player_season,2021-22,227560,UNRESOLVED,,Peter Etebo
player_season,2021-22,43250,UNRESOLVED,,Tom Cleverley
player_season,2021-22,471471,UNRESOLVED,,Imrân Louza
player_season,2021-22,157775,UNRESOLVED,,Ken Sema
player_season,2021-22,40387,UNRESOLVED,,Dan Gosling
player_season,2021-22,45268,UNRESOLVED,,Moussa Sissoko
player_season,2021-22,69143,UNRESOLVED,,Juraj Kucka
player_season,2021-22,442335,UNRESOLVED,,Edo Kayembe
player_season,2021-22,468243,UNRESOLVED,,Kamil Conteh
player_season,2021-22,533719,UNRESOLVED,,Adrian Blake
player_season,2021-22,78007,UNRESOLVED,,Joshua King
player_season,2021-22,475168,UNRESOLVED,,João Pedro
player_season,2021-22,176296,UNRESOLVED,,Ashley Fletcher
player_season,2021-22,232185,UNRESOLVED,,Ismaïla Sarr
player_season,2021-22,230251,UNRESOLVED,,Emmanuel Dennis
player_season,2021-22,225702,UNRESOLVED,,Samuel Kalu
player_season,2021-22,244716,UNRESOLVED,,Cucho Hernández
player_season,2021-22,493934,UNRESOLVED,,Kwadwo Baah
player_season,2021-22,524196,UNRESOLVED,,Shaq Forde
player_season,2021-22,535339,UNRESOLVED,,Tiago Çukur
player_season,2021-22,573808,UNRESOLVED,,Jack Grieves
player_season,2021-22,37096,UNRESOLVED,,Lukasz Fabianski
player_season,2021-22,84182,UNRESOLVED,,Alphonse Areola
player_season,2021-22,32259,UNRESOLVED,,Darren Randolph
player_season,2021-22,222018,UNRESOLVED,,Ben Johnson
player_season,2021-22,55459,UNRESOLVED,,Aaron Cresswell
player_season,2021-22,103192,UNRESOLVED,,Kurt Zouma
player_season,2021-22,164555,UNRESOLVED,,Vladimír Coufal
player_season,2021-22,60232,UNRESOLVED,,Craig Dawson
player_season,2021-22,40669,UNRESOLVED,,Angelo Ogbonna
player_season,2021-22,219924,UNRESOLVED,,Issa Diop
player_season,2021-22,81012,UNRESOLVED,,Ryan Fredericks
player_season,2021-22,105717,UNRESOLVED,,Arthur Masuaku
player_season,2021-22,220684,UNRESOLVED,,Aji Alese
player_season,2021-22,441024,UNRESOLVED,,Harrison Ashby
player_season,2021-22,462384,UNRESOLVED,,Jamal Baptiste
player_season,2021-22,180151,UNRESOLVED,,Nikola Vlasic
player_season,2021-22,217593,UNRESOLVED,,Pablo Fornals
player_season,2021-22,86934,UNRESOLVED,,Manuel Lanzini
player_season,2021-22,18073,UNRESOLVED,,Mark Noble
player_season,2021-22,215439,UNRESOLVED,,Tomás Soucek
player_season,2021-22,222017,UNRESOLVED,,Conor Coventry
player_season,2021-22,195728,UNRESOLVED,,Alex Král
player_season,2021-22,204480,UNRESOLVED,,Declan Rice
player_season,2021-22,458297,UNRESOLVED,,Pierre Ekwah
player_season,2021-22,440120,UNRESOLVED,,Dan Chesters
player_season,2021-22,496228,UNRESOLVED,,Sonny Perkins
player_season,2021-22,56377,UNRESOLVED,,Andrii Yarmolenko
player_season,2021-22,57531,UNRESOLVED,,Michail Antonio
player_season,2021-22,178186,UNRESOLVED,,Jarrod Bowen
player_season,2021-22,172841,UNRESOLVED,,Saïd Benrahma
player_season,2021-22,248865,UNRESOLVED,,Armstrong Oko-Flex
player_season,2021-22,149065,UNRESOLVED,,José Sá
player_season,2021-22,242510,UNRESOLVED,,Louie Moulden
player_season,2021-22,19236,UNRESOLVED,,John Ruddy
player_season,2021-22,518504,UNRESOLVED,,James Storer
player_season,2021-22,441271,UNRESOLVED,,Ki-Jana Hoever
player_season,2021-22,448514,UNRESOLVED,,Rayan Aït-Nouri
player_season,2021-22,111291,UNRESOLVED,,Marçal
player_season,2021-22,501837,UNRESOLVED,,Yerson Mosquera
player_season,2021-22,90585,UNRESOLVED,,Willy Boly
player_season,2021-22,94147,UNRESOLVED,,Conor Coady
player_season,2021-22,490721,UNRESOLVED,,Hugo Bueno
player_season,2021-22,114128,UNRESOLVED,,Jonny
player_season,2021-22,200402,UNRESOLVED,,Nélson Semedo
player_season,2021-22,214048,UNRESOLVED,,Maximilian Kilman
player_season,2021-22,510362,UNRESOLVED,,Toti Gomes
player_season,2021-22,225000,UNRESOLVED,,Dion Sanderson
player_season,2021-22,481626,UNRESOLVED,,Christian Marques
player_season,2021-22,428610,UNRESOLVED,,Bruno Jordão
player_season,2021-22,171317,UNRESOLVED,,Rúben Neves
player_season,2021-22,200600,UNRESOLVED,,Daniel Podence
player_season,2021-22,222531,UNRESOLVED,,Morgan Gibbs-White
player_season,2021-22,107613,UNRESOLVED,,Romain Saïss
player_season,2021-22,19624,UNRESOLVED,,João Moutinho
player_season,2021-22,151589,UNRESOLVED,,Leander Dendoncker
player_season,2021-22,232351,UNRESOLVED,,Ryan Giles
player_season,2021-22,245923,UNRESOLVED,,Luke Cundle
player_season,2021-22,461026,UNRESOLVED,,Chem Campbell
player_season,2021-22,247632,UNRESOLVED,,Pedro Neto
player_season,2021-22,449988,UNRESOLVED,,Fábio Silva
player_season,2021-22,102057,UNRESOLVED,,Raúl Jiménez
player_season,2021-22,222564,UNRESOLVED,,Trincão
player_season,2021-22,510363,UNRESOLVED,,Chiquinho
player_season,2021-22,184754,UNRESOLVED,,Hwang Hee-Chan
player_season,2021-22,159533,UNRESOLVED,,Adama Traoré
player_season,2022-23,98980,UNRESOLVED,,Emiliano Martínez
player_season,2022-23,111782,UNRESOLVED,,Robin Olsen
player_season,2022-23,248164,UNRESOLVED,,Viljami Sinisalo
player_season,2022-23,462381,UNRESOLVED,,Filip Marschall
player_season,2022-23,516159,UNRESOLVED,,Oliwier Zych
player_season,2022-23,481283,UNRESOLVED,,James Wright
player_season,2022-23,199796,UNRESOLVED,,Matty Cash
player_season,2022-23,165659,UNRESOLVED,,Diego Carlos
player_season,2022-23,199798,UNRESOLVED,,Ezri Konsa
player_season,2022-23,149484,UNRESOLVED,,Tyrone Mings
player_season,2022-23,106468,UNRESOLVED,,Álex Moreno
player_season,2022-23,101184,UNRESOLVED,,Calum Chambers
player_season,2022-23,18892,UNRESOLVED,,Ashley Young
player_season,2022-23,101188,UNRESOLVED,,Lucas Digne
player_season,2022-23,514287,UNRESOLVED,,Sil Swinkels
player_season,2022-23,479641,UNRESOLVED,,Sebastian Revan
player_season,2022-23,122775,UNRESOLVED,,Morgan Sanson
player_season,2022-23,230046,UNRESOLVED,,Douglas Luiz
player_season,2022-23,122806,UNRESOLVED,,John McGinn
player_season,2022-23,195546,UNRESOLVED,,Emiliano Buendía
player_season,2022-23,184704,UNRESOLVED,,Marvelous Nakamba
player_season,2022-23,84583,UNRESOLVED,,Philippe Coutinho
player_season,2022-23,151589,UNRESOLVED,,Leander Dendoncker
player_season,2022-23,232653,UNRESOLVED,,Jacob Ramsey
player_season,2022-23,226944,UNRESOLVED,,Boubacar Kamara
player_season,2022-23,490094,UNRESOLVED,,Tim Iroegbunam
player_season,2022-23,515599,UNRESOLVED,,Tommi O'Reilly
player_season,2022-23,534836,UNRESOLVED,,Travis Patterson
player_season,2022-23,537403,UNRESOLVED,,Kadan Young
player_season,2022-23,110504,UNRESOLVED,,Bertrand Traoré
player_season,2022-23,178301,UNRESOLVED,,Ollie Watkins
player_season,2022-23,476344,UNRESOLVED,,Jhon Durán
player_season,2022-23,215711,UNRESOLVED,,Leon Bailey
player_season,2022-23,433979,UNRESOLVED,,Cameron Archer
player_season,2022-23,225321,UNRESOLVED,,Aaron Ramsdale
player_season,2022-23,224068,UNRESOLVED,,Matt Turner
player_season,2022-23,463748,UNRESOLVED,,Karl Hein
player_season,2022-23,462424,UNRESOLVED,,William Saliba
player_season,2022-23,192895,UNRESOLVED,,Kieran Tierney
player_season,2022-23,198869,UNRESOLVED,,Ben White
player_season,2022-23,226597,UNRESOLVED,,Gabriel Magalhães
player_season,2022-23,440854,UNRESOLVED,,Jakub Kiwior
player_season,2022-23,156074,UNRESOLVED,,Rob Holding
player_season,2022-23,58822,UNRESOLVED,,Cédric Soares
player_season,2022-23,223723,UNRESOLVED,,Takehiro Tomiyasu
player_season,2022-23,514315,UNRESOLVED,,Lino Sousa
player_season,2022-23,535262,UNRESOLVED,,Reuell Walters
player_season,2022-23,167199,UNRESOLVED,,Thomas Partey
player_season,2022-23,223340,UNRESOLVED,,Bukayo Saka
player_season,2022-23,184029,UNRESOLVED,,Martin Ødegaard
player_season,2022-23,209289,UNRESOLVED,,Emile Smith Rowe
player_season,2022-23,154043,UNRESOLVED,,Ainsley Maitland-Niles
player_season,2022-23,85955,UNRESOLVED,,Jorginho
player_season,2022-23,438098,UNRESOLVED,,Fábio Vieira
player_season,2022-23,437742,UNRESOLVED,,Albert Sambi Lokonga
player_season,2022-23,153256,UNRESOLVED,,Mohamed Elneny
player_season,2022-23,84450,UNRESOLVED,,Granit Xhaka
player_season,2022-23,206325,UNRESOLVED,,Oleksandr Zinchenko
player_season,2022-23,504751,UNRESOLVED,,Mauro Bandeira
player_season,2022-23,232241,UNRESOLVED,,Matt Smith
player_season,2022-23,499175,UNRESOLVED,,Ethan Nwaneri
player_season,2022-23,519324,UNRESOLVED,,Amario Cozier-Duberry
player_season,2022-23,205651,UNRESOLVED,,Gabriel Jesus
player_season,2022-23,444145,UNRESOLVED,,Gabriel Martinelli
player_season,2022-23,205533,UNRESOLVED,,Eddie Nketiah
player_season,2022-23,116216,UNRESOLVED,,Leandro Trossard
player_season,2022-23,195735,UNRESOLVED,,Nicolas Pépé
player_season,2022-23,200641,UNRESOLVED,,Reiss Nelson
player_season,2022-23,479683,UNRESOLVED,,Marquinhos
player_season,2022-23,229600,UNRESOLVED,,Mark Travers
player_season,2022-23,69752,UNRESOLVED,,Neto
player_season,2022-23,444172,UNRESOLVED,,Will Dennis
player_season,2022-23,461012,UNRESOLVED,,Cameron Plain
player_season,2022-23,81012,UNRESOLVED,,Ryan Fredericks
player_season,2022-23,88900,UNRESOLVED,,Jack Stephens
player_season,2022-23,235530,UNRESOLVED,,Lloyd Kelly
player_season,2022-23,223911,UNRESOLVED,,Chris Mepham
player_season,2022-23,54469,UNRESOLVED,,Adam Smith
player_season,2022-23,154131,UNRESOLVED,,Jack Stacey
player_season,2022-23,244704,UNRESOLVED,,Matías Viña
player_season,2022-23,463981,UNRESOLVED,,James Hill
player_season,2022-23,221466,UNRESOLVED,,Marcos Senesi
player_season,2022-23,477580,UNRESOLVED,,Illia Zabarnyi
player_season,2022-23,447932,UNRESOLVED,,Jordan Zemura
player_season,2022-23,474772,UNRESOLVED,,Ben Greenwood
player_season,2022-23,496683,UNRESOLVED,,Max Kinsey
player_season,2022-23,133845,UNRESOLVED,,Emiliano Marcondes
player_season,2022-23,155408,UNRESOLVED,,Lewis Cook
player_season,2022-23,111317,UNRESOLVED,,David Brooks
player_season,2022-23,152551,UNRESOLVED,,Jefferson Lerma
player_season,2022-23,158499,UNRESOLVED,,Ryan Christie
player_season,2022-23,156685,UNRESOLVED,,Joe Rothwell
player_season,2022-23,201658,UNRESOLVED,,Marcus Tavernier
player_season,2022-23,56872,UNRESOLVED,,Junior Stanislas
player_season,2022-23,244085,UNRESOLVED,,Siriki Dembélé
player_season,2022-23,424044,UNRESOLVED,,Hamed Traoré
player_season,2022-23,156687,UNRESOLVED,,Ben Pearson
player_season,2022-23,168991,UNRESOLVED,,Philip Billing
player_season,2022-23,590760,UNRESOLVED,,Daniel Adu-Adjei
player_season,2022-23,154566,UNRESOLVED,,Dominic Solanke
player_season,2022-23,533463,UNRESOLVED,,Dango Ouattara
player_season,2022-23,128309,UNRESOLVED,,Jamal Lowe
player_season,2022-23,128340,UNRESOLVED,,Kieffer Moore
player_season,2022-23,437730,UNRESOLVED,,Antoine Semenyo
player_season,2022-23,444180,UNRESOLVED,,Jaidon Anthony
player_season,2022-23,461017,UNRESOLVED,,Christian Saydee
player_season,2022-23,461013,UNRESOLVED,,Euan Pollock
player_season,2022-23,550596,UNRESOLVED,,Dominic Sadi
player_season,2022-23,596572,UNRESOLVED,,Michael Dacosta
player_season,2022-23,154561,UNRESOLVED,,David Raya
player_season,2022-23,140200,UNRESOLVED,,Thomas Strakosha
player_season,2022-23,503300,UNRESOLVED,,Matthew Cox
player_season,2022-23,472713,UNRESOLVED,,Aaron Hickey
player_season,2022-23,194010,UNRESOLVED,,Rico Henry
player_season,2022-23,213687,UNRESOLVED,,Charlie Goode
player_season,2022-23,231065,UNRESOLVED,,Ethan Pinnock
player_season,2022-23,48760,UNRESOLVED,,Zanka
player_season,2022-23,51927,UNRESOLVED,,Ben Mee
player_season,2022-23,61810,UNRESOLVED,,Pontus Jansson
player_season,2022-23,191866,UNRESOLVED,,Kristoffer Ajer
player_season,2022-23,228044,UNRESOLVED,,Mads Bech
player_season,2022-23,226956,UNRESOLVED,,Mads Roerslev
player_season,2022-23,592661,UNRESOLVED,,Tristan Crama
player_season,2022-23,450550,UNRESOLVED,,Fin Stevens
player_season,2022-23,508395,UNRESOLVED,,Yehor Yarmoliuk
player_season,2022-23,128295,UNRESOLVED,,Christian Nørgaard
player_season,2022-23,207283,UNRESOLVED,,Mathias Jensen
player_season,2022-23,513418,UNRESOLVED,,Kevin Schade
player_season,2022-23,183656,UNRESOLVED,,Josh Dasilva
player_season,2022-23,216646,UNRESOLVED,,Yoane Wissa
player_season,2022-23,428580,UNRESOLVED,,Frank Onyeka
player_season,2022-23,446008,UNRESOLVED,,Bryan Mbeumo
player_season,2022-23,440089,UNRESOLVED,,Mikkel Damsgaard
player_season,2022-23,432160,UNRESOLVED,,Shandon Baptiste
player_season,2022-23,204580,UNRESOLVED,,Vitaly Janelt
player_season,2022-23,591357,UNRESOLVED,,Ryan Trevitt
player_season,2022-23,501284,UNRESOLVED,,Michael Olakigbe
player_season,2022-23,174932,UNRESOLVED,,Sergi Canós
player_season,2022-23,205836,UNRESOLVED,,Saman Ghoddos
player_season,2022-23,144485,UNRESOLVED,,Ivan Toney
player_season,2022-23,434662,UNRESOLVED,,Halil Dervisoglu
player_season,2022-23,249231,UNRESOLVED,,Keane Lewis-Potter
player_season,2022-23,215059,UNRESOLVED,,Robert Sánchez
player_season,2022-23,49262,UNRESOLVED,,Jason Steele
player_season,2022-23,209288,UNRESOLVED,,Tom McGill
player_season,2022-23,232792,UNRESOLVED,,Tariq Lamptey
player_season,2022-23,110735,UNRESOLVED,,Adam Webster
player_season,2022-23,83299,UNRESOLVED,,Lewis Dunk
player_season,2022-23,460028,UNRESOLVED,,Levi Colwill
player_season,2022-23,469142,UNRESOLVED,,Jan Paul van Hecke
player_season,2022-23,204214,UNRESOLVED,,Pervis Estupiñán
player_season,2022-23,111478,UNRESOLVED,,Joël Veltman
player_season,2022-23,448496,UNRESOLVED,,Ed Turns
player_season,2022-23,440123,UNRESOLVED,,James Furlong
player_season,2022-23,445548,UNRESOLVED,,Odeluga Offiah
player_season,2022-23,447720,UNRESOLVED,,Imari Samuels
player_season,2022-23,39155,UNRESOLVED,,Adam Lallana
player_season,2022-23,235382,UNRESOLVED,,Steven Alzate
player_season,2022-23,109345,UNRESOLVED,,Solly March
player_season,2022-23,243016,UNRESOLVED,,Alexis Mac Allister
player_season,2022-23,60307,UNRESOLVED,,Pascal Groß
player_season,2022-23,451340,UNRESOLVED,,Kaoru Mitoma
player_season,2022-23,486672,UNRESOLVED,,Moisés Caicedo
player_season,2022-23,509416,UNRESOLVED,,Yasin Ayari
player_season,2022-23,243568,UNRESOLVED,,Billy Gilmour
player_season,2022-23,536916,UNRESOLVED,,Facundo Buonanotte
player_season,2022-23,513834,UNRESOLVED,,Andrew Moran
player_season,2022-23,491598,UNRESOLVED,,Cameron Peupion
player_season,2022-23,532529,UNRESOLVED,,Jack Hinshelwood
player_season,2022-23,441192,UNRESOLVED,,Jeremy Sarmiento
player_season,2022-23,50175,UNRESOLVED,,Danny Welbeck
player_season,2022-23,474120,UNRESOLVED,,Julio Enciso
player_season,2022-23,450434,UNRESOLVED,,Deniz Undav
player_season,2022-23,487117,UNRESOLVED,,Evan Ferguson
player_season,2022-23,40836,UNRESOLVED,,Vicente Guaita
player_season,2022-23,101982,UNRESOLVED,,Sam Johnstone
player_season,2022-23,487818,UNRESOLVED,,Joe Whitworth
player_season,2022-23,515496,UNRESOLVED,,Owen Goodman
player_season,2022-23,55494,UNRESOLVED,,Joel Ward
player_season,2022-23,244723,UNRESOLVED,,Tyrick Mitchell
player_season,2022-23,49413,UNRESOLVED,,James Tomkins
player_season,2022-23,209036,UNRESOLVED,,Marc Guéhi
player_season,2022-23,174874,UNRESOLVED,,Joachim Andersen
player_season,2022-23,57328,UNRESOLVED,,Nathaniel Clyne
player_season,2022-23,427623,UNRESOLVED,,Chris Richards
player_season,2022-23,501468,UNRESOLVED,,Tayo Adaramola
player_season,2022-23,422287,UNRESOLVED,,Kofi Balmer
player_season,2022-23,66975,UNRESOLVED,,Luka Milivojevic
player_season,2022-23,443661,UNRESOLVED,,Michael Olise
player_season,2022-23,437742,UNRESOLVED,,Albert Sambi Lokonga
player_season,2022-23,232413,UNRESOLVED,,Eberechi Eze
player_season,2022-23,86417,UNRESOLVED,,Jeffrey Schlupp
player_season,2022-23,50471,UNRESOLVED,,James McArthur
player_season,2022-23,108413,UNRESOLVED,,Will Hughes
player_season,2022-23,450535,UNRESOLVED,,Malcolm Ebiowei
player_season,2022-23,438464,UNRESOLVED,,Cheick Doucouré
player_season,2022-23,466117,UNRESOLVED,,Naouirou Ahamada
player_season,2022-23,532135,UNRESOLVED,,Killian Phillips
player_season,2022-23,173954,UNRESOLVED,,Jairo Riedewald
player_season,2022-23,515503,UNRESOLVED,,Jack Wells-Morrison
player_season,2022-23,531989,UNRESOLVED,,David Ozoh
player_season,2022-23,530318,UNRESOLVED,,Kaden Rodney
player_season,2022-23,80146,UNRESOLVED,,Jordan Ayew
player_season,2022-23,82403,UNRESOLVED,,Wilfried Zaha
player_season,2022-23,231747,UNRESOLVED,,Jean-Philippe Mateta
player_season,2022-23,199670,UNRESOLVED,,Odsonne Édouard
player_season,2022-23,461382,UNRESOLVED,,John-Kymani Gordon
player_season,2022-23,450541,UNRESOLVED,,Luke Plange
player_season,2022-23,109745,UNRESOLVED,,Kepa Arrizabalaga
player_season,2022-23,122074,UNRESOLVED,,Marcus Bettinelli
player_season,2022-23,228286,UNRESOLVED,,Édouard Mendy
player_season,2022-23,447107,UNRESOLVED,,Ethan Wady
player_season,2022-23,460028,UNRESOLVED,,Levi Colwill
player_season,2022-23,242880,UNRESOLVED,,Benoît Badiashile
player_season,2022-23,51090,UNRESOLVED,,Thiago Silva
player_season,2022-23,180736,UNRESOLVED,,Trevoh Chalobah
player_season,2022-23,172850,UNRESOLVED,,Ben Chilwell
player_season,2022-23,225796,UNRESOLVED,,Reece James
player_season,2022-23,86129,UNRESOLVED,,Kalidou Koulibaly
player_season,2022-23,41328,UNRESOLVED,,César Azpilicueta
player_season,2022-23,179268,UNRESOLVED,,Marc Cucurella
player_season,2022-23,444463,UNRESOLVED,,Wesley Fofana
player_season,2022-23,461188,UNRESOLVED,,Bashir Humphreys
player_season,2022-23,199598,UNRESOLVED,,Ethan Ampadu
player_season,2022-23,514280,UNRESOLVED,,Alfie Gilchrist
player_season,2022-23,448047,UNRESOLVED,,Enzo Fernández
player_season,2022-23,116594,UNRESOLVED,,N'Golo Kanté
player_season,2022-23,91651,UNRESOLVED,,Mateo Kovacic
player_season,2022-23,176413,UNRESOLVED,,Christian Pulisic
player_season,2022-23,126187,UNRESOLVED,,Ruben Loftus-Cheek
player_season,2022-23,465920,UNRESOLVED,,Mykhailo Mudryk
player_season,2022-23,184341,UNRESOLVED,,Mason Mount
player_season,2022-23,212701,UNRESOLVED,,Denis Zakaria
player_season,2022-23,124183,UNRESOLVED,,Hakim Ziyech
player_season,2022-23,232787,UNRESOLVED,,Conor Gallagher
player_season,2022-23,219847,UNRESOLVED,,Kai Havertz
player_season,2022-23,478912,UNRESOLVED,,Carney Chukwuemeka
player_season,2022-23,491785,UNRESOLVED,,Harvey Vale
player_season,2022-23,503301,UNRESOLVED,,Omari Hutchinson
player_season,2022-23,487838,UNRESOLVED,,Lewis Hall
player_season,2022-23,209046,UNRESOLVED,,Callum Hudson-Odoi
player_season,2022-23,54694,UNRESOLVED,,Pierre-Emerick Aubameyang
player_season,2022-23,428399,UNRESOLVED,,João Félix
player_season,2022-23,103955,UNRESOLVED,,Raheem Sterling
player_season,2022-23,440323,UNRESOLVED,,Armando Broja
player_season,2022-23,520295,UNRESOLVED,,David Datro Fofana
player_season,2022-23,248857,UNRESOLVED,,Noni Madueke
player_season,2022-23,111234,UNRESOLVED,,Jordan Pickford
player_season,2022-23,40349,UNRESOLVED,,Asmir Begovic
player_season,2022-23,11948,UNRESOLVED,,Andy Lonergan
player_season,2022-23,17761,UNRESOLVED,,James Tarkowski
player_season,2022-23,243571,UNRESOLVED,,Nathan Patterson
player_season,2022-23,194164,UNRESOLVED,,Mason Holgate
player_season,2022-23,106611,UNRESOLVED,,Michael Keane
player_season,2022-23,164511,UNRESOLVED,,Yerry Mina
player_season,2022-23,224967,UNRESOLVED,,Vitalii Mykolenko
player_season,2022-23,198826,UNRESOLVED,,Ben Godfrey
player_season,2022-23,59949,UNRESOLVED,,Séamus Coleman
player_season,2022-23,216054,UNRESOLVED,,Rúben Vinagre
player_season,2022-23,94147,UNRESOLVED,,Conor Coady
player_season,2022-23,232829,UNRESOLVED,,Kyle John
player_season,2022-23,536238,UNRESOLVED,,Ishé Samuels-Smith
player_season,2022-23,474907,UNRESOLVED,,Reece Welch
player_season,2022-23,108823,UNRESOLVED,,Dele Alli
player_season,2022-23,449871,UNRESOLVED,,Amadou Onana
player_season,2022-23,121599,UNRESOLVED,,Abdoulaye Doucouré
player_season,2022-23,120250,UNRESOLVED,,André Gomes
player_season,2022-23,160987,UNRESOLVED,,Jean-Philippe Gbamin
player_season,2022-23,173807,UNRESOLVED,,Tom Davies
player_season,2022-23,80801,UNRESOLVED,,Idrissa Gueye
player_season,2022-23,232928,UNRESOLVED,,James Garner
player_season,2022-23,486623,UNRESOLVED,,Sean McAllister
player_season,2022-23,510328,UNRESOLVED,,Stanley Mills
player_season,2022-23,491559,UNRESOLVED,,Isaac Price
player_season,2022-23,433154,UNRESOLVED,,Dwight McNeil
player_season,2022-23,177815,UNRESOLVED,,Dominic Calvert-Lewin
player_season,2022-23,172632,UNRESOLVED,,Demarai Gray
player_season,2022-23,153133,UNRESOLVED,,Alex Iwobi
player_season,2022-23,115382,UNRESOLVED,,Neal Maupay
player_season,2022-23,461416,UNRESOLVED,,Thomas Cannon
player_season,2022-23,218997,UNRESOLVED,,Ellis Simms
player_season,2022-23,155529,UNRESOLVED,,Marek Rodák
player_season,2022-23,80201,UNRESOLVED,,Bernd Leno
player_season,2022-23,235449,UNRESOLVED,,George Wickens
player_season,2022-23,167074,UNRESOLVED,,Kenny Tete
player_season,2022-23,89068,UNRESOLVED,,Layvin Kurzawa
player_season,2022-23,109646,UNRESOLVED,,Tosin Adarabioyo
player_season,2022-23,61933,UNRESOLVED,,Shane Duffy
player_season,2022-23,58822,UNRESOLVED,,Cédric Soares
player_season,2022-23,82514,UNRESOLVED,,Tim Ream
player_season,2022-23,120721,UNRESOLVED,,Kevin Mbabu
player_season,2022-23,219924,UNRESOLVED,,Issa Diop
player_season,2022-23,169528,UNRESOLVED,,Antonee Robinson
player_season,2022-23,478227,UNRESOLVED,,Stefan Parkes
player_season,2022-23,547673,UNRESOLVED,,Charlie Robinson
player_season,2022-23,153366,UNRESOLVED,,Harrison Reed
player_season,2022-23,92259,UNRESOLVED,,Neeskens Kebano
player_season,2022-23,153682,UNRESOLVED,,Harry Wilson
player_season,2022-23,76357,UNRESOLVED,,Tom Cairney
player_season,2022-23,156689,UNRESOLVED,,Andreas Pereira
player_season,2022-23,200617,UNRESOLVED,,Daniel James
player_season,2022-23,154296,UNRESOLVED,,João Palhinha
player_season,2022-23,212314,UNRESOLVED,,Sasa Lukic
player_season,2022-23,432931,UNRESOLVED,,Tyrese Francois
player_season,2022-23,515024,UNRESOLVED,,Luke Harris
player_season,2022-23,511504,UNRESOLVED,,Kristian Sekularac
player_season,2022-23,515023,UNRESOLVED,,Matt Dibley-Dias
player_season,2022-23,128389,UNRESOLVED,,Aleksandar Mitrovic
player_season,2022-23,235674,UNRESOLVED,,Manor Solomon
player_season,2022-23,96994,UNRESOLVED,,Bobby De Cordova-Reid
player_season,2022-23,244042,UNRESOLVED,,Rodrigo Muniz
player_season,2022-23,47431,UNRESOLVED,,Willian
player_season,2022-23,245824,UNRESOLVED,,Carlos Vinícius
player_season,2022-23,247664,UNRESOLVED,,Terry Ablade
player_season,2022-23,573062,UNRESOLVED,,Martial Godo
player_season,2022-23,490146,UNRESOLVED,,Jay Stansfield
player_season,2022-23,437495,UNRESOLVED,,Illan Meslier
player_season,2022-23,223081,UNRESOLVED,,Kristoffer Klaesson
player_season,2022-23,78315,UNRESOLVED,,Joel Robles
player_season,2022-23,66588,UNRESOLVED,,Luke Ayling
player_season,2022-23,443967,UNRESOLVED,,Junior Firpo
player_season,2022-23,193645,UNRESOLVED,,Robin Koch
player_season,2022-23,55914,UNRESOLVED,,Liam Cooper
player_season,2022-23,149915,UNRESOLVED,,Diego Llorente
player_season,2022-23,222694,UNRESOLVED,,Pascal Struijk
player_season,2022-23,224209,UNRESOLVED,,Rasmus Kristensen
player_season,2022-23,477547,UNRESOLVED,,Leo Hjelde
player_season,2022-23,491008,UNRESOLVED,,Diogo Monteiro
player_season,2022-23,433590,UNRESOLVED,,Cody Drameh
player_season,2022-23,220087,UNRESOLVED,,Max Wöber
player_season,2022-23,470296,UNRESOLVED,,Jeremiah Chilokoa-Mullen
player_season,2022-23,80179,UNRESOLVED,,Adam Forshaw
player_season,2022-23,427637,UNRESOLVED,,Brenden Aaronson
player_season,2022-23,234370,UNRESOLVED,,Marc Roca
player_season,2022-23,450070,UNRESOLVED,,Crysencio Summerville
player_season,2022-23,221399,UNRESOLVED,,Jack Harrison
player_season,2022-23,200785,UNRESOLVED,,Tyler Adams
player_season,2022-23,470294,UNRESOLVED,,Darko Gyabi
player_season,2022-23,200617,UNRESOLVED,,Daniel James
player_season,2022-23,241519,UNRESOLVED,,Weston McKennie
player_season,2022-23,547701,UNRESOLVED,,Archie Gray
player_season,2022-23,106617,UNRESOLVED,,Patrick Bamford
player_season,2022-23,496228,UNRESOLVED,,Sonny Perkins
player_season,2022-23,80954,UNRESOLVED,,Rodrigo
player_season,2022-23,224995,UNRESOLVED,,Luis Sinisterra
player_season,2022-23,463067,UNRESOLVED,,Georginio Rutter
player_season,2022-23,492859,UNRESOLVED,,Wilfried Gnonto
player_season,2022-23,462635,UNRESOLVED,,Joe Gelhardt
player_season,2022-23,248937,UNRESOLVED,,Sam Greenwood
player_season,2022-23,565297,UNRESOLVED,,Mateo Joseph
player_season,2022-23,95463,UNRESOLVED,,Danny Ward
player_season,2022-23,45220,UNRESOLVED,,Alex Smithies
player_season,2022-23,207270,UNRESOLVED,,Daniel Iversen
player_season,2022-23,220627,UNRESOLVED,,James Justin
player_season,2022-23,218218,UNRESOLVED,,Wout Faes
player_season,2022-23,218031,UNRESOLVED,,Çaglar Söyüncü
player_season,2022-23,37642,UNRESOLVED,,Jonny Evans
player_season,2022-23,194190,UNRESOLVED,,Harry Souttar
player_season,2022-23,481510,UNRESOLVED,,Victor Kristiansen
player_season,2022-23,155569,UNRESOLVED,,Daniel Amartey
player_season,2022-23,111931,UNRESOLVED,,Ricardo Pereira
player_season,2022-23,93100,UNRESOLVED,,Jannik Vestergaard
player_season,2022-23,166477,UNRESOLVED,,Timothy Castagne
player_season,2022-23,244619,UNRESOLVED,,Luke Thomas
player_season,2022-23,514284,UNRESOLVED,,Joe Wormleighton
player_season,2022-23,201666,UNRESOLVED,,Harvey Barnes
player_season,2022-23,461584,UNRESOLVED,,Wanya Marçal
player_season,2022-23,166989,UNRESOLVED,,Youri Tielemans
player_season,2022-23,172780,UNRESOLVED,,James Maddison
player_season,2022-23,51938,UNRESOLVED,,Marc Albrighton
player_season,2022-23,215413,UNRESOLVED,,Kiernan Dewsbury-Hall
player_season,2022-23,86881,UNRESOLVED,,Nampalys Mendy
player_season,2022-23,203341,UNRESOLVED,,Wilfred Ndidi
player_season,2022-23,106837,UNRESOLVED,,Dennis Praet
player_season,2022-23,232620,UNRESOLVED,,Lewis Brunt
player_season,2022-23,461587,UNRESOLVED,,Kasey McAteer
player_season,2022-23,225902,UNRESOLVED,,Boubakary Soumaré
player_season,2022-23,519223,UNRESOLVED,,Sammy Braybrooke
player_season,2022-23,101668,UNRESOLVED,,Jamie Vardy
player_season,2022-23,173515,UNRESOLVED,,Kelechi Iheanacho
player_season,2022-23,168580,UNRESOLVED,,Ayoze Pérez
player_season,2022-23,245419,UNRESOLVED,,Patson Daka
player_season,2022-23,225295,UNRESOLVED,,Tetê
player_season,2022-23,116535,UNRESOLVED,,Alisson Becker
player_season,2022-23,60706,UNRESOLVED,,Adrián
player_season,2022-23,200720,UNRESOLVED,,Caoimhín Kelleher
player_season,2022-23,464353,UNRESOLVED,,Harvey Davies
player_season,2022-23,171287,UNRESOLVED,,Joe Gomez
player_season,2022-23,97032,UNRESOLVED,,Virgil van Dijk
player_season,2022-23,204716,UNRESOLVED,,Ibrahima Konaté
player_season,2022-23,214285,UNRESOLVED,,Kostas Tsimikas
player_season,2022-23,489580,UNRESOLVED,,Calvin Ramsay
player_season,2022-23,122798,UNRESOLVED,,Andy Robertson
player_season,2022-23,60914,UNRESOLVED,,Joël Matip
player_season,2022-23,219937,UNRESOLVED,,Rhys Williams
player_season,2022-23,197464,UNRESOLVED,,Nathaniel Phillips
player_season,2022-23,169187,UNRESOLVED,,Trent Alexander-Arnold
player_season,2022-23,444765,UNRESOLVED,,Sepp van den Berg
player_season,2022-23,462491,UNRESOLVED,,Luke Chambers
player_season,2022-23,116643,UNRESOLVED,,Fabinho
player_season,2022-23,61558,UNRESOLVED,,Thiago Alcântara
player_season,2022-23,15157,UNRESOLVED,,James Milner
player_season,2022-23,175592,UNRESOLVED,,Naby Keïta
player_season,2022-23,56979,UNRESOLVED,,Jordan Henderson
player_season,2022-23,81880,UNRESOLVED,,Alex Oxlade-Chamberlain
player_season,2022-23,206915,UNRESOLVED,,Curtis Jones
player_season,2022-23,444884,UNRESOLVED,,Harvey Elliott
player_season,2022-23,244858,UNRESOLVED,,Fábio Carvalho
player_season,2022-23,204043,UNRESOLVED,,Arthur
player_season,2022-23,491970,UNRESOLVED,,Bobby Clark
player_season,2022-23,535928,UNRESOLVED,,Stefan Bajcetic
player_season,2022-23,244731,UNRESOLVED,,Luis Díaz
player_season,2022-23,92217,UNRESOLVED,,Roberto Firmino
player_season,2022-23,447203,UNRESOLVED,,Darwin Núñez
player_season,2022-23,118748,UNRESOLVED,,Mohamed Salah
player_season,2022-23,243298,UNRESOLVED,,Cody Gakpo
player_season,2022-23,194634,UNRESOLVED,,Diogo Jota
player_season,2022-23,496208,UNRESOLVED,,Ben Gannon-Doak
player_season,2022-23,88248,UNRESOLVED,,Stefan Ortega
player_season,2022-23,121160,UNRESOLVED,,Ederson
player_season,2022-23,17601,UNRESOLVED,,Scott Carson
player_season,2022-23,58621,UNRESOLVED,,Kyle Walker
player_season,2022-23,171314,UNRESOLVED,,Rúben Dias
player_season,2022-23,97299,UNRESOLVED,,John Stones
player_season,2022-23,126184,UNRESOLVED,,Nathan Aké
player_season,2022-23,121145,UNRESOLVED,,João Cancelo
player_season,2022-23,146941,UNRESOLVED,,Aymeric Laporte
player_season,2022-23,211975,UNRESOLVED,,Manuel Akanji
player_season,2022-23,477064,UNRESOLVED,,Rico Lewis
player_season,2022-23,447880,UNRESOLVED,,Josh Wilson-Esbrand
player_season,2022-23,155405,UNRESOLVED,,Kalvin Phillips
player_season,2022-23,59859,UNRESOLVED,,Ilkay Gündogan
player_season,2022-23,114283,UNRESOLVED,,Jack Grealish
player_season,2022-23,220566,UNRESOLVED,,Rodri
player_season,2022-23,61366,UNRESOLVED,,Kevin De Bruyne
player_season,2022-23,165809,UNRESOLVED,,Bernardo Silva
player_season,2022-23,437468,UNRESOLVED,,Sergio Gómez
player_season,2022-23,482769,UNRESOLVED,,Máximo Perrone
player_season,2022-23,209244,UNRESOLVED,,Phil Foden
player_season,2022-23,463210,UNRESOLVED,,Shea Charles
player_season,2022-23,472769,UNRESOLVED,,Nico O'Reilly
player_season,2022-23,244851,UNRESOLVED,,Cole Palmer
player_season,2022-23,434043,UNRESOLVED,,Alex Robertson
player_season,2022-23,244932,UNRESOLVED,,Ben Knight
player_season,2022-23,223094,UNRESOLVED,,Erling Haaland
player_season,2022-23,461358,UNRESOLVED,,Julián Alvarez
player_season,2022-23,103025,UNRESOLVED,,Riyad Mahrez
player_season,2022-23,51940,UNRESOLVED,,David de Gea
player_season,2022-23,21205,UNRESOLVED,,Tom Heaton
player_season,2022-23,172649,UNRESOLVED,,Dean Henderson
player_season,2022-23,250370,UNRESOLVED,,Nathan Bishop
player_season,2022-23,446189,UNRESOLVED,,Matej Kovár
player_season,2022-23,184667,UNRESOLVED,,Victor Lindelöf
player_season,2022-23,95658,UNRESOLVED,,Harry Maguire
player_season,2022-23,221820,UNRESOLVED,,Lisandro Martínez
player_season,2022-23,222690,UNRESOLVED,,Tyrell Malacia
player_season,2022-23,90152,UNRESOLVED,,Raphaël Varane
player_season,2022-23,216051,UNRESOLVED,,Diogo Dalot
player_season,2022-23,106760,UNRESOLVED,,Luke Shaw
player_season,2022-23,214590,UNRESOLVED,,Aaron Wan-Bissaka
player_season,2022-23,232937,UNRESOLVED,,Brandon Williams
player_season,2022-23,518467,UNRESOLVED,,Marc Jurado
player_season,2022-23,515500,UNRESOLVED,,Rhys Bennett
player_season,2022-23,141746,UNRESOLVED,,Bruno Fernandes
player_season,2022-23,80607,UNRESOLVED,,Christian Eriksen
player_season,2022-23,101338,UNRESOLVED,,Marcel Sabitzer
player_season,2022-23,101582,UNRESOLVED,,Fred
player_season,2022-23,61256,UNRESOLVED,,Casemiro
player_season,2022-23,488404,UNRESOLVED,,Facundo Pellistri
player_season,2022-23,180184,UNRESOLVED,,Donny van de Beek
player_season,2022-23,195851,UNRESOLVED,,Scott McTominay
player_season,2022-23,461548,UNRESOLVED,,Zidane Iqbal
player_season,2022-23,516895,UNRESOLVED,,Kobbie Mainoo
player_season,2022-23,148225,UNRESOLVED,,Anthony Martial
player_season,2022-23,176297,UNRESOLVED,,Marcus Rashford
player_season,2022-23,467169,UNRESOLVED,,Antony
player_season,2022-23,209243,UNRESOLVED,,Jadon Sancho
player_season,2022-23,120202,UNRESOLVED,,Wout Weghorst
player_season,2022-23,449434,UNRESOLVED,,Anthony Elanga
player_season,2022-23,472464,UNRESOLVED,,Shola Shoretire
player_season,2022-23,493105,UNRESOLVED,,Alejandro Garnacho
player_season,2022-23,67089,UNRESOLVED,,Martin Dúbravka
player_season,2022-23,104542,UNRESOLVED,,Loris Karius
player_season,2022-23,98747,UNRESOLVED,,Nick Pope
player_season,2022-23,59735,UNRESOLVED,,Karl Darlow
player_season,2022-23,81441,UNRESOLVED,,Mark Gillespie
player_season,2022-23,77794,UNRESOLVED,,Kieran Trippier
player_season,2022-23,106618,UNRESOLVED,,Paul Dummett
player_season,2022-23,220237,UNRESOLVED,,Sven Botman
player_season,2022-23,119471,UNRESOLVED,,Fabian Schär
player_season,2022-23,101148,UNRESOLVED,,Jamaal Lascelles
player_season,2022-23,194799,UNRESOLVED,,Jamal Lewis
player_season,2022-23,169359,UNRESOLVED,,Matt Targett
player_season,2022-23,111773,UNRESOLVED,,Emil Krafth
player_season,2022-23,109528,UNRESOLVED,,Javier Manquillo
player_season,2022-23,78916,UNRESOLVED,,Dan Burn
player_season,2022-23,56983,UNRESOLVED,,Matt Ritchie
player_season,2022-23,90105,UNRESOLVED,,Ryan Fraser
player_season,2022-23,114243,UNRESOLVED,,Jacob Murphy
player_season,2022-23,179018,UNRESOLVED,,Miguel Almirón
player_season,2022-23,200089,UNRESOLVED,,Joe Willock
player_season,2022-23,215379,UNRESOLVED,,Elliot Anderson
player_season,2022-23,180135,UNRESOLVED,,Sean Longstaff
player_season,2022-23,208706,UNRESOLVED,,Bruno Guimarães
player_season,2022-23,547719,UNRESOLVED,,Lewis Miley
player_season,2022-23,180974,UNRESOLVED,,Joelinton
player_season,2022-23,232826,UNRESOLVED,,Anthony Gordon
player_season,2022-23,75115,UNRESOLVED,,Callum Wilson
player_season,2022-23,170137,UNRESOLVED,,Allan Saint-Maximin
player_season,2022-23,219168,UNRESOLVED,,Alexander Isak
player_season,2022-23,60689,UNRESOLVED,,Chris Wood
player_season,2022-23,172649,UNRESOLVED,,Dean Henderson
player_season,2022-23,184193,UNRESOLVED,,Jordan Smith
player_season,2022-23,28411,UNRESOLVED,,Keylor Navas
player_season,2022-23,20066,UNRESOLVED,,Wayne Hennessey
player_season,2022-23,450197,UNRESOLVED,,George Shelvey
player_season,2022-23,437753,UNRESOLVED,,Giulian Biancone
player_season,2022-23,56917,UNRESOLVED,,Steve Cook
player_season,2022-23,208912,UNRESOLVED,,Joe Worrall
player_season,2022-23,242885,UNRESOLVED,,Loïc Mbe Soh
player_season,2022-23,215136,UNRESOLVED,,Neco Williams
player_season,2022-23,114241,UNRESOLVED,,Harry Toffolo
player_season,2022-23,199170,UNRESOLVED,,Moussa Niakhaté
player_season,2022-23,80226,UNRESOLVED,,Sèrge Aurier
player_season,2022-23,168281,UNRESOLVED,,Scott McKenna
player_season,2022-23,90585,UNRESOLVED,,Willy Boly
player_season,2022-23,233420,UNRESOLVED,,Renan Lodi
player_season,2022-23,116404,UNRESOLVED,,Felipe
player_season,2022-23,179519,UNRESOLVED,,Orel Mangala
player_season,2022-23,50232,UNRESOLVED,,Jonjo Shelvey
player_season,2022-23,58771,UNRESOLVED,,Jack Colback
player_season,2022-23,222531,UNRESOLVED,,Morgan Gibbs-White
player_season,2022-23,109322,UNRESOLVED,,Jesse Lingard
player_season,2022-23,243345,UNRESOLVED,,Lewis O'Brien
player_season,2022-23,166325,UNRESOLVED,,Cafú
player_season,2022-23,55037,UNRESOLVED,,Cheikhou Kouyaté
player_season,2022-23,204968,UNRESOLVED,,Ryan Yates
player_season,2022-23,89076,UNRESOLVED,,Remo Freuler
player_season,2022-23,513046,UNRESOLVED,,Danilo
player_season,2022-23,185253,UNRESOLVED,,Gustavo Scarpa
player_season,2022-23,475492,UNRESOLVED,,Oli Hammond
player_season,2022-23,210156,UNRESOLVED,,Taiwo Awoniyi
player_season,2022-23,217331,UNRESOLVED,,Sam Surridge
player_season,2022-23,244930,UNRESOLVED,,Alex Mighten
player_season,2022-23,242898,UNRESOLVED,,Brennan Johnson
player_season,2022-23,230251,UNRESOLVED,,Emmanuel Dennis
player_season,2022-23,57647,UNRESOLVED,,Lyle Taylor
player_season,2022-23,45124,UNRESOLVED,,André Ayew
player_season,2022-23,60689,UNRESOLVED,,Chris Wood
player_season,2022-23,58376,UNRESOLVED,,Alex McCarthy
player_season,2022-23,20310,UNRESOLVED,,Willy Caballero
player_season,2022-23,456350,UNRESOLVED,,Gavin Bazunu
player_season,2022-23,158534,UNRESOLVED,,Kyle Walker-Peters
player_season,2022-23,212721,UNRESOLVED,,Lyanco
player_season,2022-23,88900,UNRESOLVED,,Jack Stephens
player_season,2022-23,173271,UNRESOLVED,,Duje Caleta-Car
player_season,2022-23,184386,UNRESOLVED,,James Bree
player_season,2022-23,244560,UNRESOLVED,,Romain Perraud
player_season,2022-23,441191,UNRESOLVED,,Tino Livramento
player_season,2022-23,450527,UNRESOLVED,,Mohammed Salisu
player_season,2022-23,515571,UNRESOLVED,,Juan Larios
player_season,2022-23,171771,UNRESOLVED,,Jan Bednarek
player_season,2022-23,477386,UNRESOLVED,,Armel Bella-Kotchap
player_season,2022-23,154043,UNRESOLVED,,Ainsley Maitland-Niles
player_season,2022-23,193204,UNRESOLVED,,Joe Aribo
player_season,2022-23,101178,UNRESOLVED,,James Ward-Prowse
player_season,2022-23,91047,UNRESOLVED,,Stuart Armstrong
player_season,2022-23,431131,UNRESOLVED,,Moussa Djenepo
player_season,2022-23,504783,UNRESOLVED,,Kamaldeen Sulemana
player_season,2022-23,96787,UNRESOLVED,,Mohamed Elyounoussi
player_season,2022-23,502697,UNRESOLVED,,Charly Alcaraz
player_season,2022-23,240143,UNRESOLVED,,Ibrahima Diallo
player_season,2022-23,514356,UNRESOLVED,,Roméo Lavia
player_season,2022-23,494541,UNRESOLVED,,Kamari Doyle
player_season,2022-23,155511,UNRESOLVED,,Adam Armstrong
player_season,2022-23,200439,UNRESOLVED,,Ché Adams
player_season,2022-23,81205,UNRESOLVED,,Mislav Orsic
player_season,2022-23,147611,UNRESOLVED,,Paul Onuachu
player_season,2022-23,476888,UNRESOLVED,,Sékou Mara
player_season,2022-23,490503,UNRESOLVED,,Samuel Edozie
player_season,2022-23,20467,UNRESOLVED,,Theo Walcott
player_season,2022-23,494543,UNRESOLVED,,Dom Ballard
player_season,2022-23,499724,UNRESOLVED,,Sam Amo-Ameyaw
player_season,2022-23,37915,UNRESOLVED,,Hugo Lloris
player_season,2022-23,40383,UNRESOLVED,,Fraser Forster
player_season,2022-23,214572,UNRESOLVED,,Brandon Austin
player_season,2022-23,173904,UNRESOLVED,,Dávinson Sánchez
player_season,2022-23,241157,UNRESOLVED,,Emerson Royal
player_season,2022-23,93264,UNRESOLVED,,Eric Dier
player_season,2022-23,221632,UNRESOLVED,,Cristian Romero
player_season,2022-23,441164,UNRESOLVED,,Pedro Porro
player_season,2022-23,232859,UNRESOLVED,,Djed Spence
player_season,2022-23,199584,UNRESOLVED,,Japhet Tanganga
player_season,2022-23,115556,UNRESOLVED,,Ben Davies
player_season,2022-23,171101,UNRESOLVED,,Clément Lenglet
player_season,2022-23,209042,UNRESOLVED,,Oliver Skipp
player_season,2022-23,132015,UNRESOLVED,,Pierre-Emile Højbjerg
player_season,2022-23,45034,UNRESOLVED,,Ivan Perisic
player_season,2022-23,220307,UNRESOLVED,,Arnaut Danjuma
player_season,2022-23,184349,UNRESOLVED,,Ryan Sessegnon
player_season,2022-23,445044,UNRESOLVED,,Dejan Kulusevski
player_season,2022-23,482442,UNRESOLVED,,Pape Matar Sarr
player_season,2022-23,202993,UNRESOLVED,,Rodrigo Bentancur
player_season,2022-23,227127,UNRESOLVED,,Yves Bissouma
player_season,2022-23,448791,UNRESOLVED,,Harvey White
player_season,2022-23,496179,UNRESOLVED,,Alfie Devine
player_season,2022-23,461201,UNRESOLVED,,Matthew Craig
player_season,2022-23,461199,UNRESOLVED,,Romaine Mundle
player_season,2022-23,519327,UNRESOLVED,,George Abbott
player_season,2022-23,85971,UNRESOLVED,,Son Heung-Min
player_season,2022-23,212319,UNRESOLVED,,Richarlison
player_season,2022-23,78830,UNRESOLVED,,Harry Kane
player_season,2022-23,436234,UNRESOLVED,,Bryan Gil
player_season,2022-23,95715,UNRESOLVED,,Lucas Moura
player_season,2022-23,492779,UNRESOLVED,,Yago Santiago
player_season,2022-23,37096,UNRESOLVED,,Lukasz Fabianski
player_season,2022-23,84182,UNRESOLVED,,Alphonse Areola
player_season,2022-23,483364,UNRESOLVED,,Krisztián Hegyi
player_season,2022-23,447879,UNRESOLVED,,Joseph Anang
player_season,2022-23,222018,UNRESOLVED,,Ben Johnson
player_season,2022-23,55459,UNRESOLVED,,Aaron Cresswell
player_season,2022-23,103192,UNRESOLVED,,Kurt Zouma
player_season,2022-23,164555,UNRESOLVED,,Vladimír Coufal
player_season,2022-23,40669,UNRESOLVED,,Angelo Ogbonna
player_season,2022-23,201057,UNRESOLVED,,Thilo Kehrer
player_season,2022-23,210494,UNRESOLVED,,Nayef Aguerd
player_season,2022-23,109533,UNRESOLVED,,Emerson
player_season,2022-23,518438,UNRESOLVED,,Kaelan Casey
player_season,2022-23,180151,UNRESOLVED,,Nikola Vlasic
player_season,2022-23,217593,UNRESOLVED,,Pablo Fornals
player_season,2022-23,224024,UNRESOLVED,,Lucas Paquetá
player_season,2022-23,86934,UNRESOLVED,,Manuel Lanzini
player_season,2022-23,220585,UNRESOLVED,,Flynn Downes
player_season,2022-23,215439,UNRESOLVED,,Tomás Soucek
player_season,2022-23,222017,UNRESOLVED,,Conor Coventry
player_season,2022-23,204480,UNRESOLVED,,Declan Rice
player_season,2022-23,57531,UNRESOLVED,,Michail Antonio
player_season,2022-23,195899,UNRESOLVED,,Gianluca Scamacca
player_season,2022-23,149519,UNRESOLVED,,Maxwel Cornet
player_season,2022-23,84939,UNRESOLVED,,Danny Ings
player_season,2022-23,178186,UNRESOLVED,,Jarrod Bowen
player_season,2022-23,172841,UNRESOLVED,,Saïd Benrahma
player_season,2022-23,487837,UNRESOLVED,,Divin Mubama
player_season,2022-23,149065,UNRESOLVED,,José Sá
player_season,2022-23,216208,UNRESOLVED,,Matija Sarkic
player_season,2022-23,79602,UNRESOLVED,,Dan Bentley
player_season,2022-23,448514,UNRESOLVED,,Rayan Aït-Nouri
player_season,2022-23,432830,UNRESOLVED,,Nathan Collins
player_season,2022-23,60232,UNRESOLVED,,Craig Dawson
player_season,2022-23,94147,UNRESOLVED,,Conor Coady
player_season,2022-23,114128,UNRESOLVED,,Jonny
player_season,2022-23,200402,UNRESOLVED,,Nélson Semedo
player_season,2022-23,214048,UNRESOLVED,,Maximilian Kilman
player_season,2022-23,510362,UNRESOLVED,,Toti Gomes
player_season,2022-23,490721,UNRESOLVED,,Hugo Bueno
player_season,2022-23,492776,UNRESOLVED,,Dexter Lembikisa
player_season,2022-23,151086,UNRESOLVED,,Mario Lemina
player_season,2022-23,476502,UNRESOLVED,,Boubacar Traoré
player_season,2022-23,171317,UNRESOLVED,,Rúben Neves
player_season,2022-23,200600,UNRESOLVED,,Daniel Podence
player_season,2022-23,88484,UNRESOLVED,,Pablo Sarabia
player_season,2022-23,465351,UNRESOLVED,,Matheus Nunes
player_season,2022-23,19624,UNRESOLVED,,João Moutinho
player_season,2022-23,448089,UNRESOLVED,,João Gomes
player_season,2022-23,245923,UNRESOLVED,,Luke Cundle
player_season,2022-23,240299,UNRESOLVED,,Joe Hodge
player_season,2022-23,449133,UNRESOLVED,,Harvey Griffiths
player_season,2022-23,247632,UNRESOLVED,,Pedro Neto
player_season,2022-23,102057,UNRESOLVED,,Raúl Jiménez
player_season,2022-23,184754,UNRESOLVED,,Hwang Hee-Chan
player_season,2022-23,430871,UNRESOLVED,,Matheus Cunha
player_season,2022-23,181284,UNRESOLVED,,Gonçalo Guedes
player_season,2022-23,429414,UNRESOLVED,,Sasa Kalajdzic
player_season,2022-23,18507,UNRESOLVED,,Diego Costa
player_season,2022-23,159533,UNRESOLVED,,Adama Traoré
player_season,2022-23,531363,UNRESOLVED,,Nathan Fraser
player_season,2023-24,462492,UNRESOLVED,,Joe Gauci
player_season,2023-24,98980,UNRESOLVED,,Emiliano Martínez
player_season,2023-24,111782,UNRESOLVED,,Robin Olsen
player_season,2023-24,462381,UNRESOLVED,,Filip Marschall
player_season,2023-24,516159,UNRESOLVED,,Oliwier Zych
player_season,2023-24,564505,UNRESOLVED,,Sam Proctor
player_season,2023-24,646754,UNRESOLVED,,Lander Emery
player_season,2023-24,481283,UNRESOLVED,,James Wright
player_season,2023-24,199796,UNRESOLVED,,Matty Cash
player_season,2023-24,165659,UNRESOLVED,,Diego Carlos
player_season,2023-24,199798,UNRESOLVED,,Ezri Konsa
player_season,2023-24,149484,UNRESOLVED,,Tyrone Mings
player_season,2023-24,101188,UNRESOLVED,,Lucas Digne
player_season,2023-24,244954,UNRESOLVED,,Pau Torres
player_season,2023-24,106468,UNRESOLVED,,Álex Moreno
player_season,2023-24,101184,UNRESOLVED,,Calum Chambers
player_season,2023-24,171101,UNRESOLVED,,Clément Lenglet
player_season,2023-24,465390,UNRESOLVED,,Kaine Kesler-Hayden
player_season,2023-24,521966,UNRESOLVED,,Finley Munroe
player_season,2023-24,230046,UNRESOLVED,,Douglas Luiz
player_season,2023-24,122806,UNRESOLVED,,John McGinn
player_season,2023-24,166989,UNRESOLVED,,Youri Tielemans
player_season,2023-24,245414,UNRESOLVED,,Nicolò Zaniolo
player_season,2023-24,84583,UNRESOLVED,,Philippe Coutinho
player_season,2023-24,215711,UNRESOLVED,,Leon Bailey
player_season,2023-24,151589,UNRESOLVED,,Leander Dendoncker
player_season,2023-24,232653,UNRESOLVED,,Jacob Ramsey
player_season,2023-24,226944,UNRESOLVED,,Boubacar Kamara
player_season,2023-24,490094,UNRESOLVED,,Tim Iroegbunam
player_season,2023-24,549068,UNRESOLVED,,Omari Kellyman
player_season,2023-24,476344,UNRESOLVED,,Jhon Durán
player_season,2023-24,178301,UNRESOLVED,,Ollie Watkins
player_season,2023-24,243557,UNRESOLVED,,Moussa Diaby
player_season,2023-24,244850,UNRESOLVED,,Morgan Rogers
player_season,2023-24,537403,UNRESOLVED,,Kadan Young
player_season,2023-24,225321,UNRESOLVED,,Aaron Ramsdale
player_season,2023-24,154561,UNRESOLVED,,David Raya
player_season,2023-24,463748,UNRESOLVED,,Karl Hein
player_season,2023-24,437626,UNRESOLVED,,Nuno Tavares
player_season,2023-24,462424,UNRESOLVED,,William Saliba
player_season,2023-24,198869,UNRESOLVED,,Ben White
player_season,2023-24,226597,UNRESOLVED,,Gabriel Magalhães
player_season,2023-24,445122,UNRESOLVED,,Jurriën Timber
player_season,2023-24,440854,UNRESOLVED,,Jakub Kiwior
player_season,2023-24,206325,UNRESOLVED,,Oleksandr Zinchenko
player_season,2023-24,58822,UNRESOLVED,,Cédric Soares
player_season,2023-24,223723,UNRESOLVED,,Takehiro Tomiyasu
player_season,2023-24,503308,UNRESOLVED,,James Sweet
player_season,2023-24,535262,UNRESOLVED,,Reuell Walters
player_season,2023-24,167199,UNRESOLVED,,Thomas Partey
player_season,2023-24,184029,UNRESOLVED,,Martin Ødegaard
player_season,2023-24,209289,UNRESOLVED,,Emile Smith Rowe
player_season,2023-24,85955,UNRESOLVED,,Jorginho
player_season,2023-24,438098,UNRESOLVED,,Fábio Vieira
player_season,2023-24,437742,UNRESOLVED,,Albert Sambi Lokonga
player_season,2023-24,153256,UNRESOLVED,,Mohamed Elneny
player_season,2023-24,504751,UNRESOLVED,,Mauro Bandeira
player_season,2023-24,204480,UNRESOLVED,,Declan Rice
player_season,2023-24,499169,UNRESOLVED,,Myles Lewis-Skelly
player_season,2023-24,499175,UNRESOLVED,,Ethan Nwaneri
player_season,2023-24,223340,UNRESOLVED,,Bukayo Saka
player_season,2023-24,205651,UNRESOLVED,,Gabriel Jesus
player_season,2023-24,444145,UNRESOLVED,,Gabriel Martinelli
player_season,2023-24,205533,UNRESOLVED,,Eddie Nketiah
player_season,2023-24,116216,UNRESOLVED,,Leandro Trossard
player_season,2023-24,200641,UNRESOLVED,,Reiss Nelson
player_season,2023-24,219847,UNRESOLVED,,Kai Havertz
player_season,2023-24,516874,UNRESOLVED,,Charles Sagoe
player_season,2023-24,69752,UNRESOLVED,,Neto
player_season,2023-24,32259,UNRESOLVED,,Darren Randolph
player_season,2023-24,215531,UNRESOLVED,,Ionut Radu
player_season,2023-24,229600,UNRESOLVED,,Mark Travers
player_season,2023-24,568791,UNRESOLVED,,Callan McKenna
player_season,2023-24,544877,UNRESOLVED,,Milos Kerkez
player_season,2023-24,235530,UNRESOLVED,,Lloyd Kelly
player_season,2023-24,221466,UNRESOLVED,,Marcos Senesi
player_season,2023-24,223911,UNRESOLVED,,Chris Mepham
player_season,2023-24,54469,UNRESOLVED,,Adam Smith
player_season,2023-24,463981,UNRESOLVED,,James Hill
player_season,2023-24,477580,UNRESOLVED,,Illia Zabarnyi
player_season,2023-24,232980,UNRESOLVED,,Max Aarons
player_season,2023-24,474772,UNRESOLVED,,Ben Greenwood
player_season,2023-24,496683,UNRESOLVED,,Max Kinsey
player_season,2023-24,156685,UNRESOLVED,,Joe Rothwell
player_season,2023-24,444183,UNRESOLVED,,Gavin Kilkenny
player_season,2023-24,155408,UNRESOLVED,,Lewis Cook
player_season,2023-24,111317,UNRESOLVED,,David Brooks
player_season,2023-24,503139,UNRESOLVED,,Alex Scott
player_season,2023-24,441240,UNRESOLVED,,Romain Faivre
player_season,2023-24,158499,UNRESOLVED,,Ryan Christie
player_season,2023-24,200785,UNRESOLVED,,Tyler Adams
player_season,2023-24,133845,UNRESOLVED,,Emiliano Marcondes
player_season,2023-24,201658,UNRESOLVED,,Marcus Tavernier
player_season,2023-24,424044,UNRESOLVED,,Hamed Traoré
player_season,2023-24,168991,UNRESOLVED,,Philip Billing
player_season,2023-24,550596,UNRESOLVED,,Dominic Sadi
player_season,2023-24,154566,UNRESOLVED,,Dominic Solanke
player_season,2023-24,533463,UNRESOLVED,,Dango Ouattara
player_season,2023-24,224995,UNRESOLVED,,Luis Sinisterra
player_season,2023-24,222683,UNRESOLVED,,Justin Kluivert
player_season,2023-24,128340,UNRESOLVED,,Kieffer Moore
player_season,2023-24,437730,UNRESOLVED,,Antoine Semenyo
player_season,2023-24,168636,UNRESOLVED,,Enes Ünal
player_season,2023-24,444180,UNRESOLVED,,Jaidon Anthony
player_season,2023-24,596572,UNRESOLVED,,Michael Dacosta
player_season,2023-24,235448,UNRESOLVED,,Ellery Balcombe
player_season,2023-24,154561,UNRESOLVED,,David Raya
player_season,2023-24,118342,UNRESOLVED,,Mark Flekken
player_season,2023-24,507433,UNRESOLVED,,Hákon Valdimarsson
player_season,2023-24,140200,UNRESOLVED,,Thomas Strakosha
player_season,2023-24,563883,UNRESOLVED,,Vincent Angelini
player_season,2023-24,472713,UNRESOLVED,,Aaron Hickey
player_season,2023-24,194010,UNRESOLVED,,Rico Henry
player_season,2023-24,213687,UNRESOLVED,,Charlie Goode
player_season,2023-24,231065,UNRESOLVED,,Ethan Pinnock
player_season,2023-24,199249,UNRESOLVED,,Sergio Reguilón
player_season,2023-24,48760,UNRESOLVED,,Zanka
player_season,2023-24,51927,UNRESOLVED,,Ben Mee
player_season,2023-24,191866,UNRESOLVED,,Kristoffer Ajer
player_season,2023-24,432830,UNRESOLVED,,Nathan Collins
player_season,2023-24,226956,UNRESOLVED,,Mads Roerslev
player_season,2023-24,570241,UNRESOLVED,,Kim Ji-Soo
player_season,2023-24,516432,UNRESOLVED,,Valintino Adedokun
player_season,2023-24,622536,UNRESOLVED,,Benjamin Arthur
player_season,2023-24,612534,UNRESOLVED,,Benjamin Fredrick
player_season,2023-24,128295,UNRESOLVED,,Christian Nørgaard
player_season,2023-24,513418,UNRESOLVED,,Kevin Schade
player_season,2023-24,207283,UNRESOLVED,,Mathias Jensen
player_season,2023-24,183656,UNRESOLVED,,Josh Dasilva
player_season,2023-24,216646,UNRESOLVED,,Yoane Wissa
player_season,2023-24,428580,UNRESOLVED,,Frank Onyeka
player_season,2023-24,508395,UNRESOLVED,,Yehor Yarmoliuk
player_season,2023-24,446008,UNRESOLVED,,Bryan Mbeumo
player_season,2023-24,440089,UNRESOLVED,,Mikkel Damsgaard
player_season,2023-24,450539,UNRESOLVED,,Myles Peart-Harris
player_season,2023-24,432160,UNRESOLVED,,Shandon Baptiste
player_season,2023-24,628204,UNRESOLVED,,Yunus Konak
player_season,2023-24,204580,UNRESOLVED,,Vitaly Janelt
player_season,2023-24,591357,UNRESOLVED,,Ryan Trevitt
player_season,2023-24,494041,UNRESOLVED,,Ethan Brierley
player_season,2023-24,115382,UNRESOLVED,,Neal Maupay
player_season,2023-24,205836,UNRESOLVED,,Saman Ghoddos
player_season,2023-24,144485,UNRESOLVED,,Ivan Toney
player_season,2023-24,249231,UNRESOLVED,,Keane Lewis-Potter
player_season,2023-24,501284,UNRESOLVED,,Michael Olakigbe
player_season,2023-24,489639,UNRESOLVED,,Bart Verbruggen
player_season,2023-24,49262,UNRESOLVED,,Jason Steele
player_season,2023-24,232792,UNRESOLVED,,Tariq Lamptey
player_season,2023-24,223434,UNRESOLVED,,Igor Julio
player_season,2023-24,110735,UNRESOLVED,,Adam Webster
player_season,2023-24,83299,UNRESOLVED,,Lewis Dunk
player_season,2023-24,543158,UNRESOLVED,,Valentín Barco
player_season,2023-24,469142,UNRESOLVED,,Jan Paul van Hecke
player_season,2023-24,204214,UNRESOLVED,,Pervis Estupiñán
player_season,2023-24,111478,UNRESOLVED,,Joël Veltman
player_season,2023-24,447720,UNRESOLVED,,Imari Samuels
player_season,2023-24,445548,UNRESOLVED,,Odeluga Offiah
player_season,2023-24,514154,UNRESOLVED,,Ben Jackson
player_season,2023-24,513836,UNRESOLVED,,Leigh Kavanagh
player_season,2023-24,549014,UNRESOLVED,,Noël Atom
player_season,2023-24,15157,UNRESOLVED,,James Milner
player_season,2023-24,109345,UNRESOLVED,,Solly March
player_season,2023-24,474120,UNRESOLVED,,Julio Enciso
player_season,2023-24,243568,UNRESOLVED,,Billy Gilmour
player_season,2023-24,60307,UNRESOLVED,,Pascal Groß
player_season,2023-24,39155,UNRESOLVED,,Adam Lallana
player_season,2023-24,243505,UNRESOLVED,,Jakub Moder
player_season,2023-24,235382,UNRESOLVED,,Steven Alzate
player_season,2023-24,535301,UNRESOLVED,,Carlos Baleba
player_season,2023-24,451340,UNRESOLVED,,Kaoru Mitoma
player_season,2023-24,491598,UNRESOLVED,,Cameron Peupion
player_season,2023-24,168090,UNRESOLVED,,Mahmoud Dahoud
player_season,2023-24,536916,UNRESOLVED,,Facundo Buonanotte
player_season,2023-24,532529,UNRESOLVED,,Jack Hinshelwood
player_season,2023-24,513840,UNRESOLVED,,Samy Chouchane
player_season,2023-24,475168,UNRESOLVED,,João Pedro
player_season,2023-24,535818,UNRESOLVED,,Simon Adingra
player_season,2023-24,50175,UNRESOLVED,,Danny Welbeck
player_season,2023-24,487117,UNRESOLVED,,Evan Ferguson
player_season,2023-24,465607,UNRESOLVED,,Ansu Fati
player_season,2023-24,475480,UNRESOLVED,,Benicio Baker-Boaitey
player_season,2023-24,574402,UNRESOLVED,,Mark O’Mahony
player_season,2023-24,500052,UNRESOLVED,,Luca Barrington
player_season,2023-24,532528,UNRESOLVED,,Joshua Duffus
player_season,2023-24,432720,UNRESOLVED,,James Trafford
player_season,2023-24,133085,UNRESOLVED,,Lawrence Vigouroux
player_season,2023-24,232917,UNRESOLVED,,Arijanet Muric
player_season,2023-24,216616,UNRESOLVED,,Dara O'Shea
player_season,2023-24,103914,UNRESOLVED,,Charlie Taylor
player_season,2023-24,432711,UNRESOLVED,,CJ Egan-Riley
player_season,2023-24,192290,UNRESOLVED,,Connor Roberts
player_season,2023-24,478969,UNRESOLVED,,Hjalmar Ekdal
player_season,2023-24,503724,UNRESOLVED,,Lorenz Assignon
player_season,2023-24,441455,UNRESOLVED,,Vitinho
player_season,2023-24,487968,UNRESOLVED,,Ameen Al Dakhil
player_season,2023-24,477717,UNRESOLVED,,Maxime Estève
player_season,2023-24,241231,UNRESOLVED,,Jordan Beyer
player_season,2023-24,247245,UNRESOLVED,,Hannes Delcroix
player_season,2023-24,40145,UNRESOLVED,,Jack Cork
player_season,2023-24,60586,UNRESOLVED,,Jóhann Gudmundsson
player_season,2023-24,172782,UNRESOLVED,,Josh Brownhill
player_season,2023-24,83283,UNRESOLVED,,Nathan Redmond
player_season,2023-24,207189,UNRESOLVED,,Sander Berge
player_season,2023-24,447715,UNRESOLVED,,Aaron Ramsey
player_season,2023-24,172567,UNRESOLVED,,Josh Cullen
player_season,2023-24,437757,UNRESOLVED,,Han-Noah Massengo
player_season,2023-24,44683,UNRESOLVED,,Jay Rodriguez
player_season,2023-24,183751,UNRESOLVED,,Manuel Benson
player_season,2023-24,435973,UNRESOLVED,,Lyle Foster
player_season,2023-24,511783,UNRESOLVED,,Anass Zaroury
player_season,2023-24,520295,UNRESOLVED,,David Datro Fofana
player_season,2023-24,492831,UNRESOLVED,,Zeki Amdouni
player_season,2023-24,487702,UNRESOLVED,,Luca Koleosho
player_season,2023-24,437748,UNRESOLVED,,Mike Trésor
player_season,2023-24,179458,UNRESOLVED,,Jacob Bruun Larsen
player_season,2023-24,220598,UNRESOLVED,,Michael Obafemi
player_season,2023-24,550839,UNRESOLVED,,Wilson Odobert
player_season,2023-24,172649,UNRESOLVED,,Dean Henderson
player_season,2023-24,169593,UNRESOLVED,,Remi Matthews
player_season,2023-24,101982,UNRESOLVED,,Sam Johnstone
player_season,2023-24,487818,UNRESOLVED,,Joe Whitworth
player_season,2023-24,55494,UNRESOLVED,,Joel Ward
player_season,2023-24,244723,UNRESOLVED,,Tyrick Mitchell
player_season,2023-24,156074,UNRESOLVED,,Rob Holding
player_season,2023-24,174874,UNRESOLVED,,Joachim Andersen
player_season,2023-24,49413,UNRESOLVED,,James Tomkins
player_season,2023-24,209036,UNRESOLVED,,Marc Guéhi
player_season,2023-24,247348,UNRESOLVED,,Daniel Muñoz
player_season,2023-24,57328,UNRESOLVED,,Nathaniel Clyne
player_season,2023-24,427623,UNRESOLVED,,Chris Richards
player_season,2023-24,501468,UNRESOLVED,,Tayo Adaramola
player_season,2023-24,443661,UNRESOLVED,,Michael Olise
player_season,2023-24,152551,UNRESOLVED,,Jefferson Lerma
player_season,2023-24,232413,UNRESOLVED,,Eberechi Eze
player_season,2023-24,86417,UNRESOLVED,,Jeffrey Schlupp
player_season,2023-24,108413,UNRESOLVED,,Will Hughes
player_season,2023-24,496221,UNRESOLVED,,Adam Wharton
player_season,2023-24,438464,UNRESOLVED,,Cheick Doucouré
player_season,2023-24,466117,UNRESOLVED,,Naouirou Ahamada
player_season,2023-24,530318,UNRESOLVED,,Kaden Rodney
player_season,2023-24,173954,UNRESOLVED,,Jairo Riedewald
player_season,2023-24,450542,UNRESOLVED,,Jesurun Rak-Sakyi
player_season,2023-24,531989,UNRESOLVED,,David Ozoh
player_season,2023-24,474908,UNRESOLVED,,Jadan Raymond
player_season,2023-24,80146,UNRESOLVED,,Jordan Ayew
player_season,2023-24,536694,UNRESOLVED,,Matheus França
player_season,2023-24,231747,UNRESOLVED,,Jean-Philippe Mateta
player_season,2023-24,199670,UNRESOLVED,,Odsonne Édouard
player_season,2023-24,450535,UNRESOLVED,,Malcolm Ebiowei
player_season,2023-24,574398,UNRESOLVED,,Franco Umeh-Chibueze
player_season,2023-24,450541,UNRESOLVED,,Luke Plange
player_season,2023-24,493121,UNRESOLVED,,Roshaun Mathurin
player_season,2023-24,215059,UNRESOLVED,,Robert Sánchez
player_season,2023-24,122074,UNRESOLVED,,Marcus Bettinelli
player_season,2023-24,457569,UNRESOLVED,,Djordje Petrovic
player_season,2023-24,499857,UNRESOLVED,,Teddy Sharman-Lowe
player_season,2023-24,518892,UNRESOLVED,,Ted Curd
player_season,2023-24,482158,UNRESOLVED,,Lucas Bergström
player_season,2023-24,474803,UNRESOLVED,,Eddie Beach
player_season,2023-24,461188,UNRESOLVED,,Bashir Humphreys
player_season,2023-24,180736,UNRESOLVED,,Trevoh Chalobah
player_season,2023-24,220362,UNRESOLVED,,Axel Disasi
player_season,2023-24,179268,UNRESOLVED,,Marc Cucurella
player_season,2023-24,242880,UNRESOLVED,,Benoît Badiashile
player_season,2023-24,460028,UNRESOLVED,,Levi Colwill
player_season,2023-24,51090,UNRESOLVED,,Thiago Silva
player_season,2023-24,172850,UNRESOLVED,,Ben Chilwell
player_season,2023-24,225796,UNRESOLVED,,Reece James
player_season,2023-24,482609,UNRESOLVED,,Malo Gusto
player_season,2023-24,441302,UNRESOLVED,,Ian Maatsen
player_season,2023-24,577016,UNRESOLVED,,Josh Acheampong
player_season,2023-24,514280,UNRESOLVED,,Alfie Gilchrist
player_season,2023-24,248854,UNRESOLVED,,Josh Brooking
player_season,2023-24,496222,UNRESOLVED,,Zak Sturge
player_season,2023-24,536238,UNRESOLVED,,Ishé Samuels-Smith
player_season,2023-24,532605,UNRESOLVED,,Andrey Santos
player_season,2023-24,448047,UNRESOLVED,,Enzo Fernández
player_season,2023-24,465920,UNRESOLVED,,Mykhailo Mudryk
player_season,2023-24,503714,UNRESOLVED,,Lesley Ugochukwu
player_season,2023-24,478912,UNRESOLVED,,Carney Chukwuemeka
player_season,2023-24,244851,UNRESOLVED,,Cole Palmer
player_season,2023-24,232787,UNRESOLVED,,Conor Gallagher
player_season,2023-24,486672,UNRESOLVED,,Moisés Caicedo
player_season,2023-24,505187,UNRESOLVED,,Cesare Casadei
player_season,2023-24,559963,UNRESOLVED,,Kiano Dyer
player_season,2023-24,514356,UNRESOLVED,,Roméo Lavia
player_season,2023-24,514277,UNRESOLVED,,Jimi Tauriainen
player_season,2023-24,517995,UNRESOLVED,,Leo Castledine
player_season,2023-24,487838,UNRESOLVED,,Lewis Hall
player_season,2023-24,597983,UNRESOLVED,,Ollie Harrison
player_season,2023-24,103955,UNRESOLVED,,Raheem Sterling
player_season,2023-24,534392,UNRESOLVED,,Mason Burstow
player_season,2023-24,520295,UNRESOLVED,,David Datro Fofana
player_season,2023-24,248857,UNRESOLVED,,Noni Madueke
player_season,2023-24,517052,UNRESOLVED,,Nicolas Jackson
player_season,2023-24,213198,UNRESOLVED,,Christopher Nkunku
player_season,2023-24,440323,UNRESOLVED,,Armando Broja
player_season,2023-24,550615,UNRESOLVED,,Tyrique George
player_season,2023-24,617054,UNRESOLVED,,Deivid Washington
player_season,2023-24,491011,UNRESOLVED,,Diego Moreira
player_season,2023-24,519198,UNRESOLVED,,Alex Matos
player_season,2023-24,517996,UNRESOLVED,,Ronnie Stutter
player_season,2023-24,111234,UNRESOLVED,,Jordan Pickford
player_season,2023-24,222627,UNRESOLVED,,João Virgínia
player_season,2023-24,11948,UNRESOLVED,,Andy Lonergan
player_season,2023-24,438405,UNRESOLVED,,Billy Crellin
player_season,2023-24,243571,UNRESOLVED,,Nathan Patterson
player_season,2023-24,194164,UNRESOLVED,,Mason Holgate
player_season,2023-24,106611,UNRESOLVED,,Michael Keane
player_season,2023-24,17761,UNRESOLVED,,James Tarkowski
player_season,2023-24,18892,UNRESOLVED,,Ashley Young
player_season,2023-24,224967,UNRESOLVED,,Vitalii Mykolenko
player_season,2023-24,198826,UNRESOLVED,,Ben Godfrey
player_season,2023-24,59949,UNRESOLVED,,Séamus Coleman
player_season,2023-24,480455,UNRESOLVED,,Jarrad Branthwaite
player_season,2023-24,491745,UNRESOLVED,,Elijah Campbell
player_season,2023-24,449871,UNRESOLVED,,Amadou Onana
player_season,2023-24,121599,UNRESOLVED,,Abdoulaye Doucouré
player_season,2023-24,120250,UNRESOLVED,,André Gomes
player_season,2023-24,80801,UNRESOLVED,,Idrissa Gueye
player_season,2023-24,232928,UNRESOLVED,,James Garner
player_season,2023-24,491557,UNRESOLVED,,Jenson Metcalfe
player_season,2023-24,461453,UNRESOLVED,,Lewis Warrington
player_season,2023-24,447261,UNRESOLVED,,Mackenzie Hunt
player_season,2023-24,461446,UNRESOLVED,,Tyler Onyango
player_season,2023-24,433154,UNRESOLVED,,Dwight McNeil
player_season,2023-24,177815,UNRESOLVED,,Dominic Calvert-Lewin
player_season,2023-24,220307,UNRESOLVED,,Arnaut Danjuma
player_season,2023-24,221399,UNRESOLVED,,Jack Harrison
player_season,2023-24,486385,UNRESOLVED,,Beto
player_season,2023-24,491012,UNRESOLVED,,Youssef Chermiti
player_season,2023-24,115382,UNRESOLVED,,Neal Maupay
player_season,2023-24,461421,UNRESOLVED,,Lewis Dobbin
player_season,2023-24,80201,UNRESOLVED,,Bernd Leno
player_season,2023-24,155529,UNRESOLVED,,Marek Rodák
player_season,2023-24,120721,UNRESOLVED,,Kevin Mbabu
player_season,2023-24,167074,UNRESOLVED,,Kenny Tete
player_season,2023-24,232892,UNRESOLVED,,Calvin Bassey
player_season,2023-24,109646,UNRESOLVED,,Tosin Adarabioyo
player_season,2023-24,225897,UNRESOLVED,,Fodé Ballo-Touré
player_season,2023-24,82514,UNRESOLVED,,Tim Ream
player_season,2023-24,166477,UNRESOLVED,,Timothy Castagne
player_season,2023-24,219924,UNRESOLVED,,Issa Diop
player_season,2023-24,169528,UNRESOLVED,,Antonee Robinson
player_season,2023-24,487693,UNRESOLVED,,Devan Tanton
player_season,2023-24,547686,UNRESOLVED,,Luc De Fougerolles
player_season,2023-24,153366,UNRESOLVED,,Harrison Reed
player_season,2023-24,153682,UNRESOLVED,,Harry Wilson
player_season,2023-24,76357,UNRESOLVED,,Tom Cairney
player_season,2023-24,156689,UNRESOLVED,,Andreas Pereira
player_season,2023-24,212314,UNRESOLVED,,Sasa Lukic
player_season,2023-24,577725,UNRESOLVED,,Josh King
player_season,2023-24,154296,UNRESOLVED,,João Palhinha
player_season,2023-24,432931,UNRESOLVED,,Tyrese Francois
player_season,2023-24,515024,UNRESOLVED,,Luke Harris
player_season,2023-24,515023,UNRESOLVED,,Matt Dibley-Dias
player_season,2023-24,511504,UNRESOLVED,,Kristian Sekularac
player_season,2023-24,102057,UNRESOLVED,,Raúl Jiménez
player_season,2023-24,244042,UNRESOLVED,,Rodrigo Muniz
player_season,2023-24,440323,UNRESOLVED,,Armando Broja
player_season,2023-24,159533,UNRESOLVED,,Adama Traoré
player_season,2023-24,245824,UNRESOLVED,,Carlos Vinícius
player_season,2023-24,96994,UNRESOLVED,,Bobby De Cordova-Reid
player_season,2023-24,153133,UNRESOLVED,,Alex Iwobi
player_season,2023-24,47431,UNRESOLVED,,Willian
player_season,2023-24,490146,UNRESOLVED,,Jay Stansfield
player_season,2023-24,116535,UNRESOLVED,,Alisson Becker
player_season,2023-24,60706,UNRESOLVED,,Adrián
player_season,2023-24,200720,UNRESOLVED,,Caoimhín Kelleher
player_season,2023-24,518199,UNRESOLVED,,Fabian Mrozek
player_season,2023-24,171287,UNRESOLVED,,Joe Gomez
player_season,2023-24,97032,UNRESOLVED,,Virgil van Dijk
player_season,2023-24,204716,UNRESOLVED,,Ibrahima Konaté
player_season,2023-24,214285,UNRESOLVED,,Kostas Tsimikas
player_season,2023-24,122798,UNRESOLVED,,Andy Robertson
player_season,2023-24,60914,UNRESOLVED,,Joël Matip
player_season,2023-24,462491,UNRESOLVED,,Luke Chambers
player_season,2023-24,519328,UNRESOLVED,,Calum Scanlon
player_season,2023-24,430992,UNRESOLVED,,Owen Beck
player_season,2023-24,611926,UNRESOLVED,,Amara Nallo
player_season,2023-24,169187,UNRESOLVED,,Trent Alexander-Arnold
player_season,2023-24,441428,UNRESOLVED,,Jarell Quansah
player_season,2023-24,492777,UNRESOLVED,,Conor Bradley
player_season,2023-24,158983,UNRESOLVED,,Wataru Endo
player_season,2023-24,61558,UNRESOLVED,,Thiago Alcântara
player_season,2023-24,424876,UNRESOLVED,,Dominik Szoboszlai
player_season,2023-24,243016,UNRESOLVED,,Alexis Mac Allister
player_season,2023-24,206915,UNRESOLVED,,Curtis Jones
player_season,2023-24,444884,UNRESOLVED,,Harvey Elliott
player_season,2023-24,441266,UNRESOLVED,,Ryan Gravenberch
player_season,2023-24,491970,UNRESOLVED,,Bobby Clark
player_season,2023-24,535928,UNRESOLVED,,Stefan Bajcetic
player_season,2023-24,491501,UNRESOLVED,,James McConnell
player_season,2023-24,591386,UNRESOLVED,,Trey Nyoni
player_season,2023-24,244731,UNRESOLVED,,Luis Díaz
player_season,2023-24,447203,UNRESOLVED,,Darwin Núñez
player_season,2023-24,118748,UNRESOLVED,,Mohamed Salah
player_season,2023-24,243298,UNRESOLVED,,Cody Gakpo
player_season,2023-24,194634,UNRESOLVED,,Diogo Jota
player_season,2023-24,496185,UNRESOLVED,,Kaide Gordon
player_season,2023-24,496208,UNRESOLVED,,Ben Gannon-Doak
player_season,2023-24,514514,UNRESOLVED,,Lewis Koumas
player_season,2023-24,500058,UNRESOLVED,,Jayden Danns
player_season,2023-24,77818,UNRESOLVED,,James Shea
player_season,2023-24,20480,UNRESOLVED,,Tim Krul
player_season,2023-24,54738,UNRESOLVED,,Thomas Kaminski
player_season,2023-24,199056,UNRESOLVED,,Gabriel Osho
player_season,2023-24,108411,UNRESOLVED,,Dan Potts
player_season,2023-24,165183,UNRESOLVED,,Amari'i Bell
player_season,2023-24,108796,UNRESOLVED,,Tom Lockyer
player_season,2023-24,208904,UNRESOLVED,,Mads Andersen
player_season,2023-24,476369,UNRESOLVED,,Issa Kaboré
player_season,2023-24,244856,UNRESOLVED,,Teden Mengi
player_season,2023-24,156658,UNRESOLVED,,Reece Burke
player_season,2023-24,209293,UNRESOLVED,,Daiki Hashioka
player_season,2023-24,611011,UNRESOLVED,,Joe Johnson
player_season,2023-24,552030,UNRESOLVED,,Aidan Francis-Clarke
player_season,2023-24,634640,UNRESOLVED,,Christian Chigozie
player_season,2023-24,547668,UNRESOLVED,,Axel Piesold
player_season,2023-24,88894,UNRESOLVED,,Ross Barkley
player_season,2023-24,82738,UNRESOLVED,,Luke Berry
player_season,2023-24,184704,UNRESOLVED,,Marvelous Nakamba
player_season,2023-24,222677,UNRESOLVED,,Tahith Chong
player_season,2023-24,104047,UNRESOLVED,,Pelly Mpanzu
player_season,2023-24,96784,UNRESOLVED,,Jordan Clark
player_season,2023-24,193195,UNRESOLVED,,Allan Campbell
player_season,2023-24,232351,UNRESOLVED,,Ryan Giles
player_season,2023-24,437742,UNRESOLVED,,Albert Sambi Lokonga
player_season,2023-24,60252,UNRESOLVED,,Andros Townsend
player_season,2023-24,168035,UNRESOLVED,,Fred Onyedinma
player_season,2023-24,589114,UNRESOLVED,,Zack Nelson
player_season,2023-24,244262,UNRESOLVED,,Alfie Doughty
player_season,2023-24,608060,UNRESOLVED,,Jayden Luker
player_season,2023-24,647597,UNRESOLVED,,Dominic Martins
player_season,2023-24,229164,UNRESOLVED,,Chiedozie Ogbene
player_season,2023-24,156700,UNRESOLVED,,Carlton Morris
player_season,2023-24,91046,UNRESOLVED,,Cauley Woodrow
player_season,2023-24,174310,UNRESOLVED,,Elijah Adebayo
player_season,2023-24,242453,UNRESOLVED,,Jacob Brown
player_season,2023-24,422303,UNRESOLVED,,John McAtee
player_season,2023-24,551995,UNRESOLVED,,Taylan Harris
player_season,2023-24,88248,UNRESOLVED,,Stefan Ortega
player_season,2023-24,121160,UNRESOLVED,,Ederson
player_season,2023-24,17601,UNRESOLVED,,Scott Carson
player_season,2023-24,58621,UNRESOLVED,,Kyle Walker
player_season,2023-24,171314,UNRESOLVED,,Rúben Dias
player_season,2023-24,97299,UNRESOLVED,,John Stones
player_season,2023-24,126184,UNRESOLVED,,Nathan Aké
player_season,2023-24,477424,UNRESOLVED,,Josko Gvardiol
player_season,2023-24,211975,UNRESOLVED,,Manuel Akanji
player_season,2023-24,476369,UNRESOLVED,,Issa Kaboré
player_season,2023-24,477064,UNRESOLVED,,Rico Lewis
player_season,2023-24,155405,UNRESOLVED,,Kalvin Phillips
player_season,2023-24,91651,UNRESOLVED,,Mateo Kovacic
player_season,2023-24,114283,UNRESOLVED,,Jack Grealish
player_season,2023-24,220566,UNRESOLVED,,Rodri
player_season,2023-24,61366,UNRESOLVED,,Kevin De Bruyne
player_season,2023-24,165809,UNRESOLVED,,Bernardo Silva
player_season,2023-24,437468,UNRESOLVED,,Sergio Gómez
player_season,2023-24,465351,UNRESOLVED,,Matheus Nunes
player_season,2023-24,482769,UNRESOLVED,,Máximo Perrone
player_season,2023-24,209244,UNRESOLVED,,Phil Foden
player_season,2023-24,477555,UNRESOLVED,,Oscar Bobb
player_season,2023-24,516250,UNRESOLVED,,Jacob Wright
player_season,2023-24,220394,UNRESOLVED,,Tommy Doyle
player_season,2023-24,496283,UNRESOLVED,,Mahamadou Susoho
player_season,2023-24,432714,UNRESOLVED,,James McAtee
player_season,2023-24,462438,UNRESOLVED,,Micah Hamilton
player_season,2023-24,223094,UNRESOLVED,,Erling Haaland
player_season,2023-24,248875,UNRESOLVED,,Jérémy Doku
player_season,2023-24,461358,UNRESOLVED,,Julián Alvarez
player_season,2023-24,451302,UNRESOLVED,,Altay Bayindir
player_season,2023-24,21205,UNRESOLVED,,Tom Heaton
player_season,2023-24,202641,UNRESOLVED,,André Onana
player_season,2023-24,477733,UNRESOLVED,,Radek Vítek
player_season,2023-24,461537,UNRESOLVED,,Dermot Mee
player_season,2023-24,184667,UNRESOLVED,,Victor Lindelöf
player_season,2023-24,95658,UNRESOLVED,,Harry Maguire
player_season,2023-24,221820,UNRESOLVED,,Lisandro Martínez
player_season,2023-24,90152,UNRESOLVED,,Raphaël Varane
player_season,2023-24,216051,UNRESOLVED,,Diogo Dalot
player_season,2023-24,106760,UNRESOLVED,,Luke Shaw
player_season,2023-24,214590,UNRESOLVED,,Aaron Wan-Bissaka
player_season,2023-24,37642,UNRESOLVED,,Jonny Evans
player_season,2023-24,577974,UNRESOLVED,,Harry Amass
player_season,2023-24,515501,UNRESOLVED,,Álvaro Carreras
player_season,2023-24,518466,UNRESOLVED,,Willy Kambwala
player_season,2023-24,515500,UNRESOLVED,,Rhys Bennett
player_season,2023-24,519325,UNRESOLVED,,Habeeb Ogunneye
player_season,2023-24,530117,UNRESOLVED,,Louis Jackson
player_season,2023-24,172912,UNRESOLVED,,Sofyan Amrabat
player_season,2023-24,184341,UNRESOLVED,,Mason Mount
player_season,2023-24,141746,UNRESOLVED,,Bruno Fernandes
player_season,2023-24,80607,UNRESOLVED,,Christian Eriksen
player_season,2023-24,61256,UNRESOLVED,,Casemiro
player_season,2023-24,488404,UNRESOLVED,,Facundo Pellistri
player_season,2023-24,180184,UNRESOLVED,,Donny van de Beek
player_season,2023-24,516895,UNRESOLVED,,Kobbie Mainoo
player_season,2023-24,195851,UNRESOLVED,,Scott McTominay
player_season,2023-24,490881,UNRESOLVED,,Toby Collyer
player_season,2023-24,504598,UNRESOLVED,,Daniel Gore
player_season,2023-24,465527,UNRESOLVED,,Hannibal Mejbri
player_season,2023-24,487828,UNRESOLVED,,Omari Forson
player_season,2023-24,148225,UNRESOLVED,,Anthony Martial
player_season,2023-24,497894,UNRESOLVED,,Rasmus Højlund
player_season,2023-24,176297,UNRESOLVED,,Marcus Rashford
player_season,2023-24,493250,UNRESOLVED,,Amad Diallo
player_season,2023-24,493105,UNRESOLVED,,Alejandro Garnacho
player_season,2023-24,467169,UNRESOLVED,,Antony
player_season,2023-24,209243,UNRESOLVED,,Jadon Sancho
player_season,2023-24,575034,UNRESOLVED,,Ethan Wheatley
player_season,2023-24,515504,UNRESOLVED,,Joe Hugill
player_season,2023-24,67089,UNRESOLVED,,Martin Dúbravka
player_season,2023-24,104542,UNRESOLVED,,Loris Karius
player_season,2023-24,98747,UNRESOLVED,,Nick Pope
player_season,2023-24,81441,UNRESOLVED,,Mark Gillespie
player_season,2023-24,77794,UNRESOLVED,,Kieran Trippier
player_season,2023-24,106618,UNRESOLVED,,Paul Dummett
player_season,2023-24,220237,UNRESOLVED,,Sven Botman
player_season,2023-24,119471,UNRESOLVED,,Fabian Schär
player_season,2023-24,101148,UNRESOLVED,,Jamaal Lascelles
player_season,2023-24,169359,UNRESOLVED,,Matt Targett
player_season,2023-24,111773,UNRESOLVED,,Emil Krafth
player_season,2023-24,487838,UNRESOLVED,,Lewis Hall
player_season,2023-24,441191,UNRESOLVED,,Tino Livramento
player_season,2023-24,78916,UNRESOLVED,,Dan Burn
player_season,2023-24,545477,UNRESOLVED,,Alex Murphy
player_season,2023-24,432422,UNRESOLVED,,Sandro Tonali
player_season,2023-24,201666,UNRESOLVED,,Harvey Barnes
player_season,2023-24,56983,UNRESOLVED,,Matt Ritchie
player_season,2023-24,114243,UNRESOLVED,,Jacob Murphy
player_season,2023-24,179018,UNRESOLVED,,Miguel Almirón
player_season,2023-24,200089,UNRESOLVED,,Joe Willock
player_season,2023-24,215379,UNRESOLVED,,Elliot Anderson
player_season,2023-24,180135,UNRESOLVED,,Sean Longstaff
player_season,2023-24,208706,UNRESOLVED,,Bruno Guimarães
player_season,2023-24,461484,UNRESOLVED,,Joe White
player_season,2023-24,547719,UNRESOLVED,,Lewis Miley
player_season,2023-24,592436,UNRESOLVED,,Travis Hernes
player_season,2023-24,180974,UNRESOLVED,,Joelinton
player_season,2023-24,75115,UNRESOLVED,,Callum Wilson
player_season,2023-24,232826,UNRESOLVED,,Anthony Gordon
player_season,2023-24,219168,UNRESOLVED,,Alexander Isak
player_season,2023-24,248859,UNRESOLVED,,Amadou Diallo
player_season,2023-24,490150,UNRESOLVED,,Michael Ndiweni
player_season,2023-24,547716,UNRESOLVED,,Ben Parkinson
player_season,2023-24,224068,UNRESOLVED,,Matt Turner
player_season,2023-24,20066,UNRESOLVED,,Wayne Hennessey
player_season,2023-24,111452,UNRESOLVED,,Odysseas Vlachodimos
player_season,2023-24,85633,UNRESOLVED,,Matz Sels
player_season,2023-24,437626,UNRESOLVED,,Nuno Tavares
player_season,2023-24,208912,UNRESOLVED,,Joe Worrall
player_season,2023-24,575476,UNRESOLVED,,Murillo
player_season,2023-24,215136,UNRESOLVED,,Neco Williams
player_season,2023-24,466404,UNRESOLVED,,Andrew Omobamidele
player_season,2023-24,114241,UNRESOLVED,,Harry Toffolo
player_season,2023-24,116404,UNRESOLVED,,Felipe
player_season,2023-24,199170,UNRESOLVED,,Moussa Niakhaté
player_season,2023-24,168281,UNRESOLVED,,Scott McKenna
player_season,2023-24,218430,UNRESOLVED,,Gonzalo Montiel
player_season,2023-24,90585,UNRESOLVED,,Willy Boly
player_season,2023-24,159506,UNRESOLVED,,Ola Aina
player_season,2023-24,243345,UNRESOLVED,,Lewis O'Brien
player_season,2023-24,179519,UNRESOLVED,,Orel Mangala
player_season,2023-24,210462,UNRESOLVED,,Ibrahim Sangaré
player_season,2023-24,55037,UNRESOLVED,,Cheikhou Kouyaté
player_season,2023-24,222531,UNRESOLVED,,Morgan Gibbs-White
player_season,2023-24,250199,UNRESOLVED,,Nicolás Domínguez
player_season,2023-24,427420,UNRESOLVED,,Giovanni Reyna
player_season,2023-24,204968,UNRESOLVED,,Ryan Yates
player_season,2023-24,513046,UNRESOLVED,,Danilo
player_season,2023-24,461682,UNRESOLVED,,Brandon Aguilera
player_season,2023-24,524070,UNRESOLVED,,Jamie McDonnell
player_season,2023-24,210156,UNRESOLVED,,Taiwo Awoniyi
player_season,2023-24,60689,UNRESOLVED,,Chris Wood
player_season,2023-24,209046,UNRESOLVED,,Callum Hudson-Odoi
player_season,2023-24,449434,UNRESOLVED,,Anthony Elanga
player_season,2023-24,152760,UNRESOLVED,,Divock Origi
player_season,2023-24,201440,UNRESOLVED,,Hwang Ui-Jo
player_season,2023-24,551232,UNRESOLVED,,Rodrigo Ribeiro
player_season,2023-24,536677,UNRESOLVED,,Esapa Osong
player_season,2023-24,536681,UNRESOLVED,,Joe Gardner
player_season,2023-24,173268,UNRESOLVED,,Ivo Grbic
player_season,2023-24,102549,UNRESOLVED,,Adam Davies
player_season,2023-24,82143,UNRESOLVED,,Wes Foderingham
player_season,2023-24,538206,UNRESOLVED,,Jordan Amissah
player_season,2023-24,82691,UNRESOLVED,,George Baldock
player_season,2023-24,155197,UNRESOLVED,,Max Lowe
player_season,2023-24,201410,UNRESOLVED,,Auston Trusty
player_season,2023-24,40386,UNRESOLVED,,Chris Basham
player_season,2023-24,108416,UNRESOLVED,,John Egan
player_season,2023-24,233821,UNRESOLVED,,Anel Ahmedhodzic
player_season,2023-24,83427,UNRESOLVED,,Jack Robinson
player_season,2023-24,226182,UNRESOLVED,,Jayden Bogle
player_season,2023-24,432990,UNRESOLVED,,Yasser Larouci
player_season,2023-24,549344,UNRESOLVED,,Sam Curtis
player_season,2023-24,194164,UNRESOLVED,,Mason Holgate
player_season,2023-24,443211,UNRESOLVED,,Rhys Norrington-Davies
player_season,2023-24,471848,UNRESOLVED,,Femi Seriki
player_season,2023-24,601496,UNRESOLVED,,Jili Buyabu
player_season,2023-24,616094,UNRESOLVED,,Dovydas Sasnauskas
player_season,2023-24,532372,UNRESOLVED,,Oliver Arblaster
player_season,2023-24,196100,UNRESOLVED,,Gustavo Hamer
player_season,2023-24,79934,UNRESOLVED,,Oliver Norwood
player_season,2023-24,424001,UNRESOLVED,,Vinicius Souza
player_season,2023-24,173807,UNRESOLVED,,Tom Davies
player_season,2023-24,167878,UNRESOLVED,,Ben Osborn
player_season,2023-24,504198,UNRESOLVED,,Anis Ben Slimane
player_season,2023-24,432714,UNRESOLVED,,James McAtee
player_season,2023-24,476938,UNRESOLVED,,Ismaila Coulibaly
player_season,2023-24,538210,UNRESOLVED,,Andre Brooks
player_season,2023-24,552425,UNRESOLVED,,Sydie Peck
player_season,2023-24,591538,UNRESOLVED,,Owen Hampson
player_season,2023-24,487836,UNRESOLVED,,Antwoine Hackford
player_season,2023-24,195473,UNRESOLVED,,Rhian Brewster
player_season,2023-24,169432,UNRESOLVED,,Oliver McBurnie
player_season,2023-24,433979,UNRESOLVED,,Cameron Archer
player_season,2023-24,204814,UNRESOLVED,,Ben Brereton
player_season,2023-24,523957,UNRESOLVED,,Bénie Traoré
player_season,2023-24,538207,UNRESOLVED,,William Osula
player_season,2023-24,532377,UNRESOLVED,,Louie Marsh
player_season,2023-24,523700,UNRESOLVED,,Daniel Jebbison
player_season,2023-24,585472,UNRESOLVED,,Ryan Oné
player_season,2023-24,591539,UNRESOLVED,,Billy Blacker
player_season,2023-24,184254,UNRESOLVED,,Guglielmo Vicario
player_season,2023-24,40383,UNRESOLVED,,Fraser Forster
player_season,2023-24,214572,UNRESOLVED,,Brandon Austin
player_season,2023-24,175941,UNRESOLVED,,Alfie Whiteman
player_season,2023-24,199249,UNRESOLVED,,Sergio Reguilón
player_season,2023-24,493125,UNRESOLVED,,Radu Dragusin
player_season,2023-24,241157,UNRESOLVED,,Emerson Royal
player_season,2023-24,487053,UNRESOLVED,,Destiny Udogie
player_season,2023-24,93264,UNRESOLVED,,Eric Dier
player_season,2023-24,221632,UNRESOLVED,,Cristian Romero
player_season,2023-24,441164,UNRESOLVED,,Pedro Porro
player_season,2023-24,115556,UNRESOLVED,,Ben Davies
player_season,2023-24,548308,UNRESOLVED,,Ashley Phillips
player_season,2023-24,491279,UNRESOLVED,,Micky van de Ven
player_season,2023-24,519321,UNRESOLVED,,Alfie Dorrington
player_season,2023-24,209042,UNRESOLVED,,Oliver Skipp
player_season,2023-24,132015,UNRESOLVED,,Pierre-Emile Højbjerg
player_season,2023-24,227127,UNRESOLVED,,Yves Bissouma
player_season,2023-24,172780,UNRESOLVED,,James Maddison
player_season,2023-24,45034,UNRESOLVED,,Ivan Perisic
player_season,2023-24,200826,UNRESOLVED,,Giovani Lo Celso
player_season,2023-24,445044,UNRESOLVED,,Dejan Kulusevski
player_season,2023-24,482442,UNRESOLVED,,Pape Matar Sarr
player_season,2023-24,202993,UNRESOLVED,,Rodrigo Bentancur
player_season,2023-24,563934,UNRESOLVED,,Tyrese Hall
player_season,2023-24,85971,UNRESOLVED,,Son Heung-Min
player_season,2023-24,212319,UNRESOLVED,,Richarlison
player_season,2023-24,436234,UNRESOLVED,,Bryan Gil
player_season,2023-24,165153,UNRESOLVED,,Timo Werner
player_season,2023-24,242898,UNRESOLVED,,Brennan Johnson
player_season,2023-24,235674,UNRESOLVED,,Manor Solomon
player_season,2023-24,536908,UNRESOLVED,,Alejo Véliz
player_season,2023-24,490145,UNRESOLVED,,Dane Scarlett
player_season,2023-24,499721,UNRESOLVED,,Mikey Moore
player_season,2023-24,492779,UNRESOLVED,,Yago Santiago
player_season,2023-24,513588,UNRESOLVED,,Jamie Donley
player_season,2023-24,37096,UNRESOLVED,,Lukasz Fabianski
player_season,2023-24,84182,UNRESOLVED,,Alphonse Areola
player_season,2023-24,447879,UNRESOLVED,,Joseph Anang
player_season,2023-24,222018,UNRESOLVED,,Ben Johnson
player_season,2023-24,55459,UNRESOLVED,,Aaron Cresswell
player_season,2023-24,103192,UNRESOLVED,,Kurt Zouma
player_season,2023-24,164555,UNRESOLVED,,Vladimír Coufal
player_season,2023-24,233963,UNRESOLVED,,Konstantinos Mavropanos
player_season,2023-24,40669,UNRESOLVED,,Angelo Ogbonna
player_season,2023-24,210494,UNRESOLVED,,Nayef Aguerd
player_season,2023-24,109533,UNRESOLVED,,Emerson
player_season,2023-24,518438,UNRESOLVED,,Kaelan Casey
player_season,2023-24,450554,UNRESOLVED,,Levi Laing
player_season,2023-24,536109,UNRESOLVED,,Ollie Scarles
player_season,2023-24,101178,UNRESOLVED,,James Ward-Prowse
player_season,2023-24,224024,UNRESOLVED,,Lucas Paquetá
player_season,2023-24,155405,UNRESOLVED,,Kalvin Phillips
player_season,2023-24,460842,UNRESOLVED,,Mohammed Kudus
player_season,2023-24,213999,UNRESOLVED,,Edson Álvarez
player_season,2023-24,215439,UNRESOLVED,,Tomás Soucek
player_season,2023-24,490885,UNRESOLVED,,George Earthy
player_season,2023-24,518442,UNRESOLVED,,Lewis Orford
player_season,2023-24,57531,UNRESOLVED,,Michail Antonio
player_season,2023-24,84939,UNRESOLVED,,Danny Ings
player_season,2023-24,178186,UNRESOLVED,,Jarrod Bowen
player_season,2023-24,149519,UNRESOLVED,,Maxwel Cornet
player_season,2023-24,172841,UNRESOLVED,,Saïd Benrahma
player_season,2023-24,487837,UNRESOLVED,,Divin Mubama
player_season,2023-24,565431,UNRESOLVED,,Callum Marshall
player_season,2023-24,149065,UNRESOLVED,,José Sá
player_season,2023-24,79602,UNRESOLVED,,Dan Bentley
player_season,2023-24,138001,UNRESOLVED,,Tom King
player_season,2023-24,87835,UNRESOLVED,,Matt Doherty
player_season,2023-24,448514,UNRESOLVED,,Rayan Aït-Nouri
player_season,2023-24,231480,UNRESOLVED,,Santiago Bueno
player_season,2023-24,501837,UNRESOLVED,,Yerson Mosquera
player_season,2023-24,60232,UNRESOLVED,,Craig Dawson
player_season,2023-24,490721,UNRESOLVED,,Hugo Bueno
player_season,2023-24,200402,UNRESOLVED,,Nélson Semedo
player_season,2023-24,214048,UNRESOLVED,,Maximilian Kilman
player_season,2023-24,510362,UNRESOLVED,,Toti Gomes
player_season,2023-24,613467,UNRESOLVED,,Wes Okoduwa
player_season,2023-24,504750,UNRESOLVED,,Justin Hubner
player_season,2023-24,151086,UNRESOLVED,,Mario Lemina
player_season,2023-24,476502,UNRESOLVED,,Boubacar Traoré
player_season,2023-24,448089,UNRESOLVED,,João Gomes
player_season,2023-24,220394,UNRESOLVED,,Tommy Doyle
player_season,2023-24,88484,UNRESOLVED,,Pablo Sarabia
player_season,2023-24,231057,UNRESOLVED,,Jean-Ricner Bellegarde
player_season,2023-24,497606,UNRESOLVED,,Tawanda Chirewa
player_season,2023-24,240299,UNRESOLVED,,Joe Hodge
player_season,2023-24,449133,UNRESOLVED,,Harvey Griffiths
player_season,2023-24,514362,UNRESOLVED,,Temple Ojinnaka
player_season,2023-24,483398,UNRESOLVED,,Matthew Whittingham
player_season,2023-24,449988,UNRESOLVED,,Fábio Silva
player_season,2023-24,602934,UNRESOLVED,,Fletcher Holman
player_season,2023-24,247632,UNRESOLVED,,Pedro Neto
player_season,2023-24,430871,UNRESOLVED,,Matheus Cunha
player_season,2023-24,184754,UNRESOLVED,,Hwang Hee-Chan
player_season,2023-24,550833,UNRESOLVED,,Noha Lemina
player_season,2023-24,429414,UNRESOLVED,,Sasa Kalajdzic
player_season,2023-24,593001,UNRESOLVED,,Enso González
player_season,2023-24,490095,UNRESOLVED,,Ty Barnett
player_season,2023-24,531363,UNRESOLVED,,Nathan Fraser
player_season,2023-24,589507,UNRESOLVED,,Leon Chiwome
player_season,2024-25,98980,UNRESOLVED,,Emiliano Martínez
player_season,2024-25,111782,UNRESOLVED,,Robin Olsen
player_season,2024-25,516159,UNRESOLVED,,Oliwier Zych
player_season,2024-25,199796,UNRESOLVED,,Matty Cash
player_season,2024-25,220362,UNRESOLVED,,Axel Disasi
player_season,2024-25,199798,UNRESOLVED,,Ezri Konsa
player_season,2024-25,149484,UNRESOLVED,,Tyrone Mings
player_season,2024-25,101188,UNRESOLVED,,Lucas Digne
player_season,2024-25,244954,UNRESOLVED,,Pau Torres
player_season,2024-25,606798,UNRESOLVED,,Andrés García
player_season,2024-25,441302,UNRESOLVED,,Ian Maatsen
player_season,2024-25,515597,UNRESOLVED,,Lamare Bogarde
player_season,2024-25,514287,UNRESOLVED,,Sil Swinkels
player_season,2024-25,88894,UNRESOLVED,,Ross Barkley
player_season,2024-25,122806,UNRESOLVED,,John McGinn
player_season,2024-25,166989,UNRESOLVED,,Youri Tielemans
player_season,2024-25,449871,UNRESOLVED,,Amadou Onana
player_season,2024-25,215711,UNRESOLVED,,Leon Bailey
player_season,2024-25,232653,UNRESOLVED,,Jacob Ramsey
player_season,2024-25,226944,UNRESOLVED,,Boubacar Kamara
player_season,2024-25,559962,UNRESOLVED,,Jamaldeen Jimoh-Aloba
player_season,2024-25,577731,UNRESOLVED,,Ben Broggio
player_season,2024-25,176297,UNRESOLVED,,Marcus Rashford
player_season,2024-25,178301,UNRESOLVED,,Ollie Watkins
player_season,2024-25,204646,UNRESOLVED,,Donyell Malen
player_season,2024-25,174292,UNRESOLVED,,Marco Asensio
player_season,2024-25,244850,UNRESOLVED,,Morgan Rogers
player_season,2024-25,154561,UNRESOLVED,,David Raya
player_season,2024-25,69752,UNRESOLVED,,Neto
player_season,2024-25,551221,UNRESOLVED,,Tommy Setford
player_season,2024-25,553747,UNRESOLVED,,Alexei Rojas
player_season,2024-25,616059,UNRESOLVED,,Jack Porter
player_season,2024-25,462424,UNRESOLVED,,William Saliba
player_season,2024-25,192895,UNRESOLVED,,Kieran Tierney
player_season,2024-25,198869,UNRESOLVED,,Ben White
player_season,2024-25,226597,UNRESOLVED,,Gabriel Magalhães
player_season,2024-25,445122,UNRESOLVED,,Jurriën Timber
player_season,2024-25,440854,UNRESOLVED,,Jakub Kiwior
player_season,2024-25,206325,UNRESOLVED,,Oleksandr Zinchenko
player_season,2024-25,223723,UNRESOLVED,,Takehiro Tomiyasu
player_season,2024-25,466075,UNRESOLVED,,Riccardo Calafiori
player_season,2024-25,499167,UNRESOLVED,,Josh Nichols
player_season,2024-25,563324,UNRESOLVED,,Brayden Clarke
player_season,2024-25,167199,UNRESOLVED,,Thomas Partey
player_season,2024-25,184029,UNRESOLVED,,Martin Ødegaard
player_season,2024-25,85955,UNRESOLVED,,Jorginho
player_season,2024-25,195384,UNRESOLVED,,Mikel Merino
player_season,2024-25,204480,UNRESOLVED,,Declan Rice
player_season,2024-25,538182,UNRESOLVED,,Jimi Gower
player_season,2024-25,514307,UNRESOLVED,,Jack Henry-Francis
player_season,2024-25,499169,UNRESOLVED,,Myles Lewis-Skelly
player_season,2024-25,499175,UNRESOLVED,,Ethan Nwaneri
player_season,2024-25,498046,UNRESOLVED,,Salah-Eddine Oulad M'hand
player_season,2024-25,223340,UNRESOLVED,,Bukayo Saka
player_season,2024-25,205651,UNRESOLVED,,Gabriel Jesus
player_season,2024-25,444145,UNRESOLVED,,Gabriel Martinelli
player_season,2024-25,116216,UNRESOLVED,,Leandro Trossard
player_season,2024-25,219847,UNRESOLVED,,Kai Havertz
player_season,2024-25,103955,UNRESOLVED,,Raheem Sterling
player_season,2024-25,461025,UNRESOLVED,,Nathan Butler-Oyedeji
player_season,2024-25,588796,UNRESOLVED,,Ismeal Kabia
player_season,2024-25,109745,UNRESOLVED,,Kepa Arrizabalaga
player_season,2024-25,444172,UNRESOLVED,,Will Dennis
player_season,2024-25,568791,UNRESOLVED,,Callan McKenna
player_season,2024-25,554605,UNRESOLVED,,Dean Huijsen
player_season,2024-25,544877,UNRESOLVED,,Milos Kerkez
player_season,2024-25,221466,UNRESOLVED,,Marcos Senesi
player_season,2024-25,54469,UNRESOLVED,,Adam Smith
player_season,2024-25,575901,UNRESOLVED,,Julio Soler
player_season,2024-25,436893,UNRESOLVED,,Julián Araujo
player_season,2024-25,463981,UNRESOLVED,,James Hill
player_season,2024-25,477580,UNRESOLVED,,Illia Zabarnyi
player_season,2024-25,541462,UNRESOLVED,,Matai Akinmboni
player_season,2024-25,496683,UNRESOLVED,,Max Kinsey
player_season,2024-25,632822,UNRESOLVED,,Archie Harris
player_season,2024-25,155408,UNRESOLVED,,Lewis Cook
player_season,2024-25,111317,UNRESOLVED,,David Brooks
player_season,2024-25,503139,UNRESOLVED,,Alex Scott
player_season,2024-25,158499,UNRESOLVED,,Ryan Christie
player_season,2024-25,200785,UNRESOLVED,,Tyler Adams
player_season,2024-25,201658,UNRESOLVED,,Marcus Tavernier
player_season,2024-25,606775,UNRESOLVED,,Ben Winterburn
player_season,2024-25,444102,UNRESOLVED,,Evanilson
player_season,2024-25,533463,UNRESOLVED,,Dango Ouattara
player_season,2024-25,224995,UNRESOLVED,,Luis Sinisterra
player_season,2024-25,222683,UNRESOLVED,,Justin Kluivert
player_season,2024-25,523700,UNRESOLVED,,Daniel Jebbison
player_season,2024-25,437730,UNRESOLVED,,Antoine Semenyo
player_season,2024-25,168636,UNRESOLVED,,Enes Ünal
player_season,2024-25,444180,UNRESOLVED,,Jaidon Anthony
player_season,2024-25,530121,UNRESOLVED,,Zain Silcott-Duberry
player_season,2024-25,590760,UNRESOLVED,,Daniel Adu-Adjei
player_season,2024-25,550596,UNRESOLVED,,Dominic Sadi
player_season,2024-25,606774,UNRESOLVED,,Remy Rees-Dottin
player_season,2024-25,118342,UNRESOLVED,,Mark Flekken
player_season,2024-25,507433,UNRESOLVED,,Hákon Valdimarsson
player_season,2024-25,535017,UNRESOLVED,,Julian Eyestone
player_season,2024-25,472713,UNRESOLVED,,Aaron Hickey
player_season,2024-25,194010,UNRESOLVED,,Rico Henry
player_season,2024-25,444765,UNRESOLVED,,Sepp van den Berg
player_season,2024-25,231065,UNRESOLVED,,Ethan Pinnock
player_season,2024-25,51927,UNRESOLVED,,Ben Mee
player_season,2024-25,191866,UNRESOLVED,,Kristoffer Ajer
player_season,2024-25,432830,UNRESOLVED,,Nathan Collins
player_season,2024-25,607464,UNRESOLVED,,Michael Kayode
player_season,2024-25,570241,UNRESOLVED,,Kim Ji-Soo
player_season,2024-25,622536,UNRESOLVED,,Benjamin Arthur
player_season,2024-25,612534,UNRESOLVED,,Benjamin Fredrick
player_season,2024-25,128295,UNRESOLVED,,Christian Nørgaard
player_season,2024-25,513418,UNRESOLVED,,Kevin Schade
player_season,2024-25,207283,UNRESOLVED,,Mathias Jensen
player_season,2024-25,216646,UNRESOLVED,,Yoane Wissa
player_season,2024-25,244858,UNRESOLVED,,Fábio Carvalho
player_season,2024-25,508395,UNRESOLVED,,Yehor Yarmoliuk
player_season,2024-25,446008,UNRESOLVED,,Bryan Mbeumo
player_season,2024-25,440089,UNRESOLVED,,Mikkel Damsgaard
player_season,2024-25,628204,UNRESOLVED,,Yunus Konak
player_season,2024-25,204580,UNRESOLVED,,Vitaly Janelt
player_season,2024-25,220695,UNRESOLVED,,Paris Maghoma
player_season,2024-25,502500,UNRESOLVED,,Igor Thiago
player_season,2024-25,249231,UNRESOLVED,,Keane Lewis-Potter
player_season,2024-25,626464,UNRESOLVED,,Gustavo Nunes
player_season,2024-25,533710,UNRESOLVED,,Iwan Morgan
player_season,2024-25,489639,UNRESOLVED,,Bart Verbruggen
player_season,2024-25,49262,UNRESOLVED,,Jason Steele
player_season,2024-25,209288,UNRESOLVED,,Tom McGill
player_season,2024-25,565858,UNRESOLVED,,Killian Cahill
player_season,2024-25,472739,UNRESOLVED,,Carl Rushworth
player_season,2024-25,232792,UNRESOLVED,,Tariq Lamptey
player_season,2024-25,223434,UNRESOLVED,,Igor Julio
player_season,2024-25,110735,UNRESOLVED,,Adam Webster
player_season,2024-25,83299,UNRESOLVED,,Lewis Dunk
player_season,2024-25,439135,UNRESOLVED,,Eiran Cashin
player_season,2024-25,469142,UNRESOLVED,,Jan Paul van Hecke
player_season,2024-25,204214,UNRESOLVED,,Pervis Estupiñán
player_season,2024-25,111478,UNRESOLVED,,Joël Veltman
player_season,2024-25,589100,UNRESOLVED,,Jacob Slater
player_season,2024-25,547720,UNRESOLVED,,Charlie Tasker
player_season,2024-25,604988,UNRESOLVED,,Freddie Simmonds
player_season,2024-25,441192,UNRESOLVED,,Jeremy Sarmiento
player_season,2024-25,15157,UNRESOLVED,,James Milner
player_season,2024-25,109345,UNRESOLVED,,Solly March
player_season,2024-25,513433,UNRESOLVED,,Brajan Gruda
player_season,2024-25,535301,UNRESOLVED,,Carlos Baleba
player_season,2024-25,451340,UNRESOLVED,,Kaoru Mitoma
player_season,2024-25,231416,UNRESOLVED,,Ferdi Kadioglu
player_season,2024-25,514254,UNRESOLVED,,Diego Gómez
player_season,2024-25,509416,UNRESOLVED,,Yasin Ayari
player_season,2024-25,467779,UNRESOLVED,,Mats Wieffer
player_season,2024-25,219249,UNRESOLVED,,Matt O'Riley
player_season,2024-25,532529,UNRESOLVED,,Jack Hinshelwood
player_season,2024-25,567121,UNRESOLVED,,Joe Knight
player_season,2024-25,475168,UNRESOLVED,,João Pedro
player_season,2024-25,535818,UNRESOLVED,,Simon Adingra
player_season,2024-25,463067,UNRESOLVED,,Georginio Rutter
player_season,2024-25,592031,UNRESOLVED,,Yankuba Minteh
player_season,2024-25,50175,UNRESOLVED,,Danny Welbeck
player_season,2024-25,597320,UNRESOLVED,,Harry Howell
player_season,2024-25,172649,UNRESOLVED,,Dean Henderson
player_season,2024-25,224068,UNRESOLVED,,Matt Turner
player_season,2024-25,169593,UNRESOLVED,,Remi Matthews
player_season,2024-25,55494,UNRESOLVED,,Joel Ward
player_season,2024-25,244723,UNRESOLVED,,Tyrick Mitchell
player_season,2024-25,437499,UNRESOLVED,,Maxence Lacroix
player_season,2024-25,209036,UNRESOLVED,,Marc Guéhi
player_season,2024-25,247348,UNRESOLVED,,Daniel Muñoz
player_season,2024-25,57328,UNRESOLVED,,Nathaniel Clyne
player_season,2024-25,172850,UNRESOLVED,,Ben Chilwell
player_season,2024-25,427623,UNRESOLVED,,Chris Richards
player_season,2024-25,515621,UNRESOLVED,,Chadi Riad
player_season,2024-25,590012,UNRESOLVED,,Caleb Kporha
player_season,2024-25,152551,UNRESOLVED,,Jefferson Lerma
player_season,2024-25,232413,UNRESOLVED,,Eberechi Eze
player_season,2024-25,86417,UNRESOLVED,,Jeffrey Schlupp
player_season,2024-25,209400,UNRESOLVED,,Daichi Kamada
player_season,2024-25,108413,UNRESOLVED,,Will Hughes
player_season,2024-25,496221,UNRESOLVED,,Adam Wharton
player_season,2024-25,606921,UNRESOLVED,,Romain Esse
player_season,2024-25,438464,UNRESOLVED,,Cheick Doucouré
player_season,2024-25,530318,UNRESOLVED,,Kaden Rodney
player_season,2024-25,489706,UNRESOLVED,,Justin Devenny
player_season,2024-25,232185,UNRESOLVED,,Ismaïla Sarr
player_season,2024-25,205533,UNRESOLVED,,Eddie Nketiah
player_season,2024-25,536694,UNRESOLVED,,Matheus França
player_season,2024-25,231747,UNRESOLVED,,Jean-Philippe Mateta
player_season,2024-25,574398,UNRESOLVED,,Franco Umeh-Chibueze
player_season,2024-25,576980,UNRESOLVED,,Zach Marsh
player_season,2024-25,215059,UNRESOLVED,,Robert Sánchez
player_season,2024-25,508479,UNRESOLVED,,Filip Jörgensen
player_season,2024-25,122074,UNRESOLVED,,Marcus Bettinelli
player_season,2024-25,471798,UNRESOLVED,,Gaga Slonina
player_season,2024-25,179268,UNRESOLVED,,Marc Cucurella
player_season,2024-25,109646,UNRESOLVED,,Tosin Adarabioyo
player_season,2024-25,242880,UNRESOLVED,,Benoît Badiashile
player_season,2024-25,460028,UNRESOLVED,,Levi Colwill
player_season,2024-25,180736,UNRESOLVED,,Trevoh Chalobah
player_season,2024-25,225796,UNRESOLVED,,Reece James
player_season,2024-25,482609,UNRESOLVED,,Malo Gusto
player_season,2024-25,444463,UNRESOLVED,,Wesley Fofana
player_season,2024-25,622758,UNRESOLVED,,Aaron Anselmino
player_season,2024-25,577016,UNRESOLVED,,Josh Acheampong
player_season,2024-25,536238,UNRESOLVED,,Ishé Samuels-Smith
player_season,2024-25,591382,UNRESOLVED,,Genesis Antwi
player_season,2024-25,465920,UNRESOLVED,,Mykhailo Mudryk
player_season,2024-25,609640,UNRESOLVED,,Mathis Amougou
player_season,2024-25,448047,UNRESOLVED,,Enzo Fernández
player_season,2024-25,244851,UNRESOLVED,,Cole Palmer
player_season,2024-25,532605,UNRESOLVED,,Andrey Santos
player_season,2024-25,215413,UNRESOLVED,,Kiernan Dewsbury-Hall
player_season,2024-25,486672,UNRESOLVED,,Moisés Caicedo
player_season,2024-25,514356,UNRESOLVED,,Roméo Lavia
player_season,2024-25,547692,UNRESOLVED,,Samuel Rak-Sakyi
player_season,2024-25,611912,UNRESOLVED,,Landon Emenalo
player_season,2024-25,611921,UNRESOLVED,,Reggie Walsh
player_season,2024-25,247632,UNRESOLVED,,Pedro Neto
player_season,2024-25,248857,UNRESOLVED,,Noni Madueke
player_season,2024-25,517052,UNRESOLVED,,Nicolas Jackson
player_season,2024-25,213198,UNRESOLVED,,Christopher Nkunku
player_season,2024-25,209243,UNRESOLVED,,Jadon Sancho
player_season,2024-25,550615,UNRESOLVED,,Tyrique George
player_season,2024-25,499309,UNRESOLVED,,Marc Guiu
player_season,2024-25,567119,UNRESOLVED,,Shumaira Mheuka
player_season,2024-25,111234,UNRESOLVED,,Jordan Pickford
player_season,2024-25,222627,UNRESOLVED,,João Virgínia
player_season,2024-25,40349,UNRESOLVED,,Asmir Begovic
player_season,2024-25,243571,UNRESOLVED,,Nathan Patterson
player_season,2024-25,194164,UNRESOLVED,,Mason Holgate
player_season,2024-25,106611,UNRESOLVED,,Michael Keane
player_season,2024-25,17761,UNRESOLVED,,James Tarkowski
player_season,2024-25,512462,UNRESOLVED,,Jake O'Brien
player_season,2024-25,18892,UNRESOLVED,,Ashley Young
player_season,2024-25,224967,UNRESOLVED,,Vitalii Mykolenko
player_season,2024-25,59949,UNRESOLVED,,Séamus Coleman
player_season,2024-25,480455,UNRESOLVED,,Jarrad Branthwaite
player_season,2024-25,474907,UNRESOLVED,,Reece Welch
player_season,2024-25,496178,UNRESOLVED,,Roman Dixon
player_season,2024-25,179519,UNRESOLVED,,Orel Mangala
player_season,2024-25,121599,UNRESOLVED,,Abdoulaye Doucouré
player_season,2024-25,502697,UNRESOLVED,,Charly Alcaraz
player_season,2024-25,80801,UNRESOLVED,,Idrissa Gueye
player_season,2024-25,463903,UNRESOLVED,,Jesper Lindstrøm
player_season,2024-25,232928,UNRESOLVED,,James Garner
player_season,2024-25,490094,UNRESOLVED,,Tim Iroegbunam
player_season,2024-25,547801,UNRESOLVED,,Callum Bates
player_season,2024-25,433154,UNRESOLVED,,Dwight McNeil
player_season,2024-25,177815,UNRESOLVED,,Dominic Calvert-Lewin
player_season,2024-25,440993,UNRESOLVED,,Iliman Ndiaye
player_season,2024-25,221399,UNRESOLVED,,Jack Harrison
player_season,2024-25,486385,UNRESOLVED,,Beto
player_season,2024-25,491012,UNRESOLVED,,Youssef Chermiti
player_season,2024-25,115382,UNRESOLVED,,Neal Maupay
player_season,2024-25,440323,UNRESOLVED,,Armando Broja
player_season,2024-25,536241,UNRESOLVED,,Martin Sherif
player_season,2024-25,496279,UNRESOLVED,,Isaac Heath
player_season,2024-25,504296,UNRESOLVED,,Coby Ebere
player_season,2024-25,80201,UNRESOLVED,,Bernd Leno
player_season,2024-25,428971,UNRESOLVED,,Steven Benda
player_season,2024-25,167074,UNRESOLVED,,Kenny Tete
player_season,2024-25,232892,UNRESOLVED,,Calvin Bassey
player_season,2024-25,174874,UNRESOLVED,,Joachim Andersen
player_season,2024-25,246301,UNRESOLVED,,Jorge Cuenca
player_season,2024-25,166477,UNRESOLVED,,Timothy Castagne
player_season,2024-25,219924,UNRESOLVED,,Issa Diop
player_season,2024-25,169528,UNRESOLVED,,Antonee Robinson
player_season,2024-25,591385,UNRESOLVED,,Sam Amissah
player_season,2024-25,153366,UNRESOLVED,,Harrison Reed
player_season,2024-25,153682,UNRESOLVED,,Harry Wilson
player_season,2024-25,76357,UNRESOLVED,,Tom Cairney
player_season,2024-25,207189,UNRESOLVED,,Sander Berge
player_season,2024-25,156689,UNRESOLVED,,Andreas Pereira
player_season,2024-25,212314,UNRESOLVED,,Sasa Lukic
player_season,2024-25,577725,UNRESOLVED,,Josh King
player_season,2024-25,184349,UNRESOLVED,,Ryan Sessegnon
player_season,2024-25,209289,UNRESOLVED,,Emile Smith Rowe
player_season,2024-25,102057,UNRESOLVED,,Raúl Jiménez
player_season,2024-25,244042,UNRESOLVED,,Rodrigo Muniz
player_season,2024-25,159533,UNRESOLVED,,Adama Traoré
player_season,2024-25,245824,UNRESOLVED,,Carlos Vinícius
player_season,2024-25,153133,UNRESOLVED,,Alex Iwobi
player_season,2024-25,200641,UNRESOLVED,,Reiss Nelson
player_season,2024-25,47431,UNRESOLVED,,Willian
player_season,2024-25,573062,UNRESOLVED,,Martial Godo
player_season,2024-25,232917,UNRESOLVED,,Arijanet Muric
player_season,2024-25,434044,UNRESOLVED,,Cieran Slicker
player_season,2024-25,108813,UNRESOLVED,,Christian Walton
player_season,2024-25,112520,UNRESOLVED,,Alex Palmer
player_season,2024-25,455084,UNRESOLVED,,Leif Davis
player_season,2024-25,220583,UNRESOLVED,,Luke Woolfenden
player_season,2024-25,122411,UNRESOLVED,,Cameron Burgess
player_season,2024-25,222018,UNRESOLVED,,Ben Johnson
player_season,2024-25,108053,UNRESOLVED,,Conor Townsend
player_season,2024-25,449429,UNRESOLVED,,Jacob Greaves
player_season,2024-25,517178,UNRESOLVED,,Elkan Baggott
player_season,2024-25,216616,UNRESOLVED,,Dara O'Shea
player_season,2024-25,180804,UNRESOLVED,,Axel Tuanzebe
player_season,2024-25,198826,UNRESOLVED,,Ben Godfrey
player_season,2024-25,547693,UNRESOLVED,,Somto Boniface
player_season,2024-25,613041,UNRESOLVED,,Leon Ayinde
player_season,2024-25,74944,UNRESOLVED,,Sam Morsy
player_season,2024-25,155405,UNRESOLVED,,Kalvin Phillips
player_season,2024-25,474120,UNRESOLVED,,Julio Enciso
player_season,2024-25,167191,UNRESOLVED,,Marcus Harness
player_season,2024-25,454667,UNRESOLVED,,Jens Cajuste
player_season,2024-25,231899,UNRESOLVED,,Jack Taylor
player_season,2024-25,172453,UNRESOLVED,,Sam Szmodics
player_season,2024-25,106606,UNRESOLVED,,Massimo Luongo
player_season,2024-25,592712,UNRESOLVED,,Tom Taylor
player_season,2024-25,149929,UNRESOLVED,,Wes Burns
player_season,2024-25,196411,UNRESOLVED,,Conor Chaplin
player_season,2024-25,463034,UNRESOLVED,,Liam Delap
player_season,2024-25,503301,UNRESOLVED,,Omari Hutchinson
player_season,2024-25,229164,UNRESOLVED,,Chiedozie Ogbene
player_season,2024-25,222625,UNRESOLVED,,George Hirst
player_season,2024-25,481624,UNRESOLVED,,Jaden Philogene
player_season,2024-25,173818,UNRESOLVED,,Nathan Broadhead
player_season,2024-25,443261,UNRESOLVED,,Jack Clarke
player_season,2024-25,95463,UNRESOLVED,,Danny Ward
player_season,2024-25,467189,UNRESOLVED,,Mads Hermansen
player_season,2024-25,207270,UNRESOLVED,,Daniel Iversen
player_season,2024-25,436680,UNRESOLVED,,Jakub Stolarczyk
player_season,2024-25,194190,UNRESOLVED,,Harry Souttar
player_season,2024-25,220627,UNRESOLVED,,James Justin
player_season,2024-25,218218,UNRESOLVED,,Wout Faes
player_season,2024-25,94147,UNRESOLVED,,Conor Coady
player_season,2024-25,473341,UNRESOLVED,,Caleb Okoli
player_season,2024-25,481510,UNRESOLVED,,Victor Kristiansen
player_season,2024-25,111931,UNRESOLVED,,Ricardo Pereira
player_season,2024-25,93100,UNRESOLVED,,Jannik Vestergaard
player_season,2024-25,488439,UNRESOLVED,,Woyo Coulibaly
player_season,2024-25,501770,UNRESOLVED,,Ben Nelson
player_season,2024-25,244619,UNRESOLVED,,Luke Thomas
player_season,2024-25,619146,UNRESOLVED,,Olabade Aluko
player_season,2024-25,203341,UNRESOLVED,,Wilfred Ndidi
player_season,2024-25,157668,UNRESOLVED,,Harry Winks
player_season,2024-25,513527,UNRESOLVED,,Bilal El Khannouss
player_season,2024-25,209042,UNRESOLVED,,Oliver Skipp
player_season,2024-25,225902,UNRESOLVED,,Boubakary Soumaré
player_season,2024-25,549640,UNRESOLVED,,Michael Golding
player_season,2024-25,461587,UNRESOLVED,,Kasey McAteer
player_season,2024-25,536916,UNRESOLVED,,Facundo Buonanotte
player_season,2024-25,519223,UNRESOLVED,,Sammy Braybrooke
player_season,2024-25,531997,UNRESOLVED,,Henry Cartwright
player_season,2024-25,649208,UNRESOLVED,,Jeremy Monga
player_season,2024-25,531442,UNRESOLVED,,Abdul Fatawu
player_season,2024-25,101668,UNRESOLVED,,Jamie Vardy
player_season,2024-25,154048,UNRESOLVED,,Stephy Mavididi
player_season,2024-25,96994,UNRESOLVED,,Bobby De Cordova-Reid
player_season,2024-25,80146,UNRESOLVED,,Jordan Ayew
player_season,2024-25,245419,UNRESOLVED,,Patson Daka
player_season,2024-25,199670,UNRESOLVED,,Odsonne Édouard
player_season,2024-25,630664,UNRESOLVED,,Jake Evans
player_season,2024-25,116535,UNRESOLVED,,Alisson Becker
player_season,2024-25,432987,UNRESOLVED,,Vítezslav Jaros
player_season,2024-25,200720,UNRESOLVED,,Caoimhín Kelleher
player_season,2024-25,464353,UNRESOLVED,,Harvey Davies
player_season,2024-25,171287,UNRESOLVED,,Joe Gomez
player_season,2024-25,97032,UNRESOLVED,,Virgil van Dijk
player_season,2024-25,204716,UNRESOLVED,,Ibrahima Konaté
player_season,2024-25,214285,UNRESOLVED,,Kostas Tsimikas
player_season,2024-25,122798,UNRESOLVED,,Andy Robertson
player_season,2024-25,611926,UNRESOLVED,,Amara Nallo
player_season,2024-25,169187,UNRESOLVED,,Trent Alexander-Arnold
player_season,2024-25,441428,UNRESOLVED,,Jarell Quansah
player_season,2024-25,492777,UNRESOLVED,,Conor Bradley
player_season,2024-25,158983,UNRESOLVED,,Wataru Endo
player_season,2024-25,424876,UNRESOLVED,,Dominik Szoboszlai
player_season,2024-25,243016,UNRESOLVED,,Alexis Mac Allister
player_season,2024-25,206915,UNRESOLVED,,Curtis Jones
player_season,2024-25,444884,UNRESOLVED,,Harvey Elliott
player_season,2024-25,441266,UNRESOLVED,,Ryan Gravenberch
player_season,2024-25,491501,UNRESOLVED,,James McConnell
player_season,2024-25,596042,UNRESOLVED,,Kieran Morrison
player_season,2024-25,440148,UNRESOLVED,,Tyler Morton
player_season,2024-25,591386,UNRESOLVED,,Trey Nyoni
player_season,2024-25,244731,UNRESOLVED,,Luis Díaz
player_season,2024-25,447203,UNRESOLVED,,Darwin Núñez
player_season,2024-25,118748,UNRESOLVED,,Mohamed Salah
player_season,2024-25,223541,UNRESOLVED,,Federico Chiesa
player_season,2024-25,243298,UNRESOLVED,,Cody Gakpo
player_season,2024-25,194634,UNRESOLVED,,Diogo Jota
player_season,2024-25,581317,UNRESOLVED,,Trent Koné-Doherty
player_season,2024-25,611922,UNRESOLVED,,Rio Ngumoha
player_season,2024-25,88248,UNRESOLVED,,Stefan Ortega
player_season,2024-25,121160,UNRESOLVED,,Ederson
player_season,2024-25,17601,UNRESOLVED,,Scott Carson
player_season,2024-25,613120,UNRESOLVED,,Spike Brits
player_season,2024-25,171314,UNRESOLVED,,Rúben Dias
player_season,2024-25,97299,UNRESOLVED,,John Stones
player_season,2024-25,126184,UNRESOLVED,,Nathan Aké
player_season,2024-25,616222,UNRESOLVED,,Vitor Reis
player_season,2024-25,477424,UNRESOLVED,,Josko Gvardiol
player_season,2024-25,211975,UNRESOLVED,,Manuel Akanji
player_season,2024-25,578153,UNRESOLVED,,Abdukodir Khusanov
player_season,2024-25,554194,UNRESOLVED,,Jahmai Simpson-Pusey
player_season,2024-25,494307,UNRESOLVED,,Max Alleyne
player_season,2024-25,477064,UNRESOLVED,,Rico Lewis
player_season,2024-25,91651,UNRESOLVED,,Mateo Kovacic
player_season,2024-25,114283,UNRESOLVED,,Jack Grealish
player_season,2024-25,465694,UNRESOLVED,,Nico González
player_season,2024-25,220566,UNRESOLVED,,Rodri
player_season,2024-25,61366,UNRESOLVED,,Kevin De Bruyne
player_season,2024-25,59859,UNRESOLVED,,Ilkay Gündogan
player_season,2024-25,165809,UNRESOLVED,,Bernardo Silva
player_season,2024-25,465351,UNRESOLVED,,Matheus Nunes
player_season,2024-25,575204,UNRESOLVED,,Claudio Echeverri
player_season,2024-25,209244,UNRESOLVED,,Phil Foden
player_season,2024-25,477555,UNRESOLVED,,Oscar Bobb
player_season,2024-25,516250,UNRESOLVED,,Jacob Wright
player_season,2024-25,472769,UNRESOLVED,,Nico O'Reilly
player_season,2024-25,432714,UNRESOLVED,,James McAtee
player_season,2024-25,438234,UNRESOLVED,,Omar Marmoush
player_season,2024-25,223094,UNRESOLVED,,Erling Haaland
player_season,2024-25,248875,UNRESOLVED,,Jérémy Doku
player_season,2024-25,510281,UNRESOLVED,,Savinho
player_season,2024-25,487837,UNRESOLVED,,Divin Mubama
player_season,2024-25,451302,UNRESOLVED,,Altay Bayindir
player_season,2024-25,21205,UNRESOLVED,,Tom Heaton
player_season,2024-25,202641,UNRESOLVED,,André Onana
player_season,2024-25,461537,UNRESOLVED,,Dermot Mee
player_season,2024-25,439483,UNRESOLVED,,Hubert Graczyk
player_season,2024-25,588555,UNRESOLVED,,Elyh Harrison
player_season,2024-25,184667,UNRESOLVED,,Victor Lindelöf
player_season,2024-25,230001,UNRESOLVED,,Noussair Mazraoui
player_season,2024-25,209365,UNRESOLVED,,Matthijs de Ligt
player_season,2024-25,95658,UNRESOLVED,,Harry Maguire
player_season,2024-25,221820,UNRESOLVED,,Lisandro Martínez
player_season,2024-25,596777,UNRESOLVED,,Patrick Dorgu
player_season,2024-25,550864,UNRESOLVED,,Leny Yoro
player_season,2024-25,216051,UNRESOLVED,,Diogo Dalot
player_season,2024-25,106760,UNRESOLVED,,Luke Shaw
player_season,2024-25,606745,UNRESOLVED,,Ayden Heaven
player_season,2024-25,37642,UNRESOLVED,,Jonny Evans
player_season,2024-25,577974,UNRESOLVED,,Harry Amass
player_season,2024-25,547676,UNRESOLVED,,Tyler Fredricson
player_season,2024-25,576637,UNRESOLVED,,Godwill Kukonki
player_season,2024-25,184341,UNRESOLVED,,Mason Mount
player_season,2024-25,141746,UNRESOLVED,,Bruno Fernandes
player_season,2024-25,80607,UNRESOLVED,,Christian Eriksen
player_season,2024-25,61256,UNRESOLVED,,Casemiro
player_season,2024-25,232112,UNRESOLVED,,Manuel Ugarte
player_season,2024-25,516895,UNRESOLVED,,Kobbie Mainoo
player_season,2024-25,618873,UNRESOLVED,,Sékou Koné
player_season,2024-25,490881,UNRESOLVED,,Toby Collyer
player_season,2024-25,547037,UNRESOLVED,,Jack Fletcher
player_season,2024-25,559684,UNRESOLVED,,Jack Moorhouse
player_season,2024-25,556639,UNRESOLVED,,Jayce Fitzgerald
player_season,2024-25,576620,UNRESOLVED,,Bendito Mantato
player_season,2024-25,209243,UNRESOLVED,,Jadon Sancho
player_season,2024-25,497894,UNRESOLVED,,Rasmus Højlund
player_season,2024-25,458249,UNRESOLVED,,Joshua Zirkzee
player_season,2024-25,493250,UNRESOLVED,,Amad Diallo
player_season,2024-25,493105,UNRESOLVED,,Alejandro Garnacho
player_season,2024-25,596047,UNRESOLVED,,Chido Obi
player_season,2024-25,67089,UNRESOLVED,,Martin Dúbravka
player_season,2024-25,111452,UNRESOLVED,,Odysseas Vlachodimos
player_season,2024-25,98747,UNRESOLVED,,Nick Pope
player_season,2024-25,19236,UNRESOLVED,,John Ruddy
player_season,2024-25,77794,UNRESOLVED,,Kieran Trippier
player_season,2024-25,220237,UNRESOLVED,,Sven Botman
player_season,2024-25,119471,UNRESOLVED,,Fabian Schär
player_season,2024-25,101148,UNRESOLVED,,Jamaal Lascelles
player_season,2024-25,169359,UNRESOLVED,,Matt Targett
player_season,2024-25,111773,UNRESOLVED,,Emil Krafth
player_season,2024-25,487838,UNRESOLVED,,Lewis Hall
player_season,2024-25,441191,UNRESOLVED,,Tino Livramento
player_season,2024-25,235530,UNRESOLVED,,Lloyd Kelly
player_season,2024-25,78916,UNRESOLVED,,Dan Burn
player_season,2024-25,553746,UNRESOLVED,,Leo Shahar
player_season,2024-25,180974,UNRESOLVED,,Joelinton
player_season,2024-25,432422,UNRESOLVED,,Sandro Tonali
player_season,2024-25,201666,UNRESOLVED,,Harvey Barnes
player_season,2024-25,114243,UNRESOLVED,,Jacob Murphy
player_season,2024-25,200089,UNRESOLVED,,Joe Willock
player_season,2024-25,180135,UNRESOLVED,,Sean Longstaff
player_season,2024-25,208706,UNRESOLVED,,Bruno Guimarães
player_season,2024-25,547719,UNRESOLVED,,Lewis Miley
player_season,2024-25,75115,UNRESOLVED,,Callum Wilson
player_season,2024-25,232826,UNRESOLVED,,Anthony Gordon
player_season,2024-25,219168,UNRESOLVED,,Alexander Isak
player_season,2024-25,538207,UNRESOLVED,,William Osula
player_season,2024-25,599303,UNRESOLVED,,Sean Neave
player_season,2024-25,20066,UNRESOLVED,,Wayne Hennessey
player_season,2024-25,85633,UNRESOLVED,,Matz Sels
player_season,2024-25,475123,UNRESOLVED,,Carlos Miguel
player_season,2024-25,485047,UNRESOLVED,,Morato
player_season,2024-25,575476,UNRESOLVED,,Murillo
player_season,2024-25,215136,UNRESOLVED,,Neco Williams
player_season,2024-25,114241,UNRESOLVED,,Harry Toffolo
player_season,2024-25,106468,UNRESOLVED,,Álex Moreno
player_season,2024-25,90585,UNRESOLVED,,Willy Boly
player_season,2024-25,227444,UNRESOLVED,,Nikola Milenkovic
player_season,2024-25,159506,UNRESOLVED,,Ola Aina
player_season,2024-25,549067,UNRESOLVED,,Zach Abbott
player_season,2024-25,210462,UNRESOLVED,,Ibrahim Sangaré
player_season,2024-25,215379,UNRESOLVED,,Elliot Anderson
player_season,2024-25,222531,UNRESOLVED,,Morgan Gibbs-White
player_season,2024-25,250199,UNRESOLVED,,Nicolás Domínguez
player_season,2024-25,204968,UNRESOLVED,,Ryan Yates
player_season,2024-25,513046,UNRESOLVED,,Danilo
player_season,2024-25,210156,UNRESOLVED,,Taiwo Awoniyi
player_season,2024-25,60689,UNRESOLVED,,Chris Wood
player_season,2024-25,209046,UNRESOLVED,,Callum Hudson-Odoi
player_season,2024-25,569014,UNRESOLVED,,Eric da Silva Moreira
player_season,2024-25,510500,UNRESOLVED,,Jota Silva
player_season,2024-25,449434,UNRESOLVED,,Anthony Elanga
player_season,2024-25,502222,UNRESOLVED,,Ramón Sosa
player_season,2024-25,58376,UNRESOLVED,,Alex McCarthy
player_season,2024-25,167888,UNRESOLVED,,Joe Lumley
player_season,2024-25,225321,UNRESOLVED,,Aaron Ramsdale
player_season,2024-25,158534,UNRESOLVED,,Kyle Walker-Peters
player_season,2024-25,204863,UNRESOLVED,,Ryan Manning
player_season,2024-25,88900,UNRESOLVED,,Jack Stephens
player_season,2024-25,245719,UNRESOLVED,,Taylor Harwood-Bellis
player_season,2024-25,184386,UNRESOLVED,,James Bree
player_season,2024-25,244845,UNRESOLVED,,Nathan Wood
player_season,2024-25,219279,UNRESOLVED,,Yukinari Sugawara
player_season,2024-25,103914,UNRESOLVED,,Charlie Taylor
player_season,2024-25,500016,UNRESOLVED,,Welington
player_season,2024-25,171771,UNRESOLVED,,Jan Bednarek
player_season,2024-25,477386,UNRESOLVED,,Armel Bella-Kotchap
player_season,2024-25,620408,UNRESOLVED,,Joachim Kayi-Sanda
player_season,2024-25,494551,UNRESOLVED,,Jayden Moore
player_season,2024-25,220585,UNRESOLVED,,Flynn Downes
player_season,2024-25,193204,UNRESOLVED,,Joe Aribo
player_season,2024-25,214466,UNRESOLVED,,Will Smallbone
player_season,2024-25,39155,UNRESOLVED,,Adam Lallana
player_season,2024-25,551226,UNRESOLVED,,Mateus Fernandes
player_season,2024-25,504783,UNRESOLVED,,Kamaldeen Sulemana
player_season,2024-25,90105,UNRESOLVED,,Ryan Fraser
player_season,2024-25,503714,UNRESOLVED,,Lesley Ugochukwu
player_season,2024-25,499724,UNRESOLVED,,Sam Amo-Ameyaw
player_season,2024-25,494779,UNRESOLVED,,Albert Grønbæk
player_season,2024-25,496661,UNRESOLVED,,Tyler Dibling
player_season,2024-25,155511,UNRESOLVED,,Adam Armstrong
player_season,2024-25,230348,UNRESOLVED,,Ross Stewart
player_season,2024-25,433979,UNRESOLVED,,Cameron Archer
player_season,2024-25,147611,UNRESOLVED,,Paul Onuachu
player_season,2024-25,495024,UNRESOLVED,,Jay Robinson
player_season,2024-25,184254,UNRESOLVED,,Guglielmo Vicario
player_season,2024-25,40383,UNRESOLVED,,Fraser Forster
player_season,2024-25,485055,UNRESOLVED,,Antonín Kinsky
player_season,2024-25,214572,UNRESOLVED,,Brandon Austin
player_season,2024-25,175941,UNRESOLVED,,Alfie Whiteman
player_season,2024-25,199249,UNRESOLVED,,Sergio Reguilón
player_season,2024-25,135720,UNRESOLVED,,Kevin Danso
player_season,2024-25,493125,UNRESOLVED,,Radu Dragusin
player_season,2024-25,487053,UNRESOLVED,,Destiny Udogie
player_season,2024-25,221632,UNRESOLVED,,Cristian Romero
player_season,2024-25,441164,UNRESOLVED,,Pedro Porro
player_season,2024-25,232859,UNRESOLVED,,Djed Spence
player_season,2024-25,115556,UNRESOLVED,,Ben Davies
player_season,2024-25,491279,UNRESOLVED,,Micky van de Ven
player_season,2024-25,501620,UNRESOLVED,,Dante Cassanova
player_season,2024-25,611920,UNRESOLVED,,Malachi Hardy
player_season,2024-25,227127,UNRESOLVED,,Yves Bissouma
player_season,2024-25,172780,UNRESOLVED,,James Maddison
player_season,2024-25,547701,UNRESOLVED,,Archie Gray
player_season,2024-25,570526,UNRESOLVED,,Lucas Bergvall
player_season,2024-25,445044,UNRESOLVED,,Dejan Kulusevski
player_season,2024-25,482442,UNRESOLVED,,Pape Matar Sarr
player_season,2024-25,202993,UNRESOLVED,,Rodrigo Bentancur
player_season,2024-25,499726,UNRESOLVED,,Callum Olusesi
player_season,2024-25,85971,UNRESOLVED,,Son Heung-Min
player_season,2024-25,212319,UNRESOLVED,,Richarlison
player_season,2024-25,511499,UNRESOLVED,,Mathys Tel
player_season,2024-25,165153,UNRESOLVED,,Timo Werner
player_season,2024-25,154566,UNRESOLVED,,Dominic Solanke
player_season,2024-25,242898,UNRESOLVED,,Brennan Johnson
player_season,2024-25,550839,UNRESOLVED,,Wilson Odobert
player_season,2024-25,490145,UNRESOLVED,,Dane Scarlett
player_season,2024-25,499721,UNRESOLVED,,Mikey Moore
player_season,2024-25,574799,UNRESOLVED,,Damola Ajayi
player_season,2024-25,37096,UNRESOLVED,,Lukasz Fabianski
player_season,2024-25,82143,UNRESOLVED,,Wes Foderingham
player_season,2024-25,84182,UNRESOLVED,,Alphonse Areola
player_season,2024-25,55459,UNRESOLVED,,Aaron Cresswell
player_season,2024-25,164555,UNRESOLVED,,Vladimír Coufal
player_season,2024-25,233963,UNRESOLVED,,Konstantinos Mavropanos
player_season,2024-25,462116,UNRESOLVED,,Jean-Clair Todibo
player_season,2024-25,214048,UNRESOLVED,,Maximilian Kilman
player_season,2024-25,214590,UNRESOLVED,,Aaron Wan-Bissaka
player_season,2024-25,109533,UNRESOLVED,,Emerson
player_season,2024-25,518438,UNRESOLVED,,Kaelan Casey
player_season,2024-25,536109,UNRESOLVED,,Ollie Scarles
player_season,2024-25,602903,UNRESOLVED,,Ezra Mayers
player_season,2024-25,224860,UNRESOLVED,,Carlos Soler
player_season,2024-25,101178,UNRESOLVED,,James Ward-Prowse
player_season,2024-25,224024,UNRESOLVED,,Lucas Paquetá
player_season,2024-25,460842,UNRESOLVED,,Mohammed Kudus
player_season,2024-25,213999,UNRESOLVED,,Edson Álvarez
player_season,2024-25,197024,UNRESOLVED,,Guido Rodríguez
player_season,2024-25,215439,UNRESOLVED,,Tomás Soucek
player_season,2024-25,229384,UNRESOLVED,,Andy Irving
player_season,2024-25,518442,UNRESOLVED,,Lewis Orford
player_season,2024-25,450070,UNRESOLVED,,Crysencio Summerville
player_season,2024-25,57531,UNRESOLVED,,Michail Antonio
player_season,2024-25,91889,UNRESOLVED,,Niclas Füllkrug
player_season,2024-25,577114,UNRESOLVED,,Luis Guilherme
player_season,2024-25,84939,UNRESOLVED,,Danny Ings
player_season,2024-25,178186,UNRESOLVED,,Jarrod Bowen
player_season,2024-25,487117,UNRESOLVED,,Evan Ferguson
player_season,2024-25,149065,UNRESOLVED,,José Sá
player_season,2024-25,79602,UNRESOLVED,,Dan Bentley
player_season,2024-25,101982,UNRESOLVED,,Sam Johnstone
player_season,2024-25,138001,UNRESOLVED,,Tom King
player_season,2024-25,87835,UNRESOLVED,,Matt Doherty
player_season,2024-25,448514,UNRESOLVED,,Rayan Aït-Nouri
player_season,2024-25,231480,UNRESOLVED,,Santiago Bueno
player_season,2024-25,516939,UNRESOLVED,,Emmanuel Agbadou
player_season,2024-25,501837,UNRESOLVED,,Yerson Mosquera
player_season,2024-25,60232,UNRESOLVED,,Craig Dawson
player_season,2024-25,200402,UNRESOLVED,,Nélson Semedo
player_season,2024-25,510362,UNRESOLVED,,Toti Gomes
player_season,2024-25,560248,UNRESOLVED,,Bastien Meupiyou
player_season,2024-25,531170,UNRESOLVED,,Nasser Djiga
player_season,2024-25,641221,UNRESOLVED,,Pedro Lima
player_season,2024-25,517179,UNRESOLVED,,Alfie Pond
player_season,2024-25,613467,UNRESOLVED,,Wes Okoduwa
player_season,2024-25,433312,UNRESOLVED,,Marshall Munetsi
player_season,2024-25,476502,UNRESOLVED,,Boubacar Traoré
player_season,2024-25,509291,UNRESOLVED,,André
player_season,2024-25,448089,UNRESOLVED,,João Gomes
player_season,2024-25,220394,UNRESOLVED,,Tommy Doyle
player_season,2024-25,88484,UNRESOLVED,,Pablo Sarabia
player_season,2024-25,231057,UNRESOLVED,,Jean-Ricner Bellegarde
player_season,2024-25,247412,UNRESOLVED,,Jørgen Strand Larsen
player_season,2024-25,430871,UNRESOLVED,,Matheus Cunha
player_season,2024-25,184754,UNRESOLVED,,Hwang Hee-Chan
player_season,2024-25,483081,UNRESOLVED,,Rodrigo Gomes
player_season,2024-25,463212,UNRESOLVED,,Carlos Forbs
player_season,2024-25,181284,UNRESOLVED,,Gonçalo Guedes
player_season,2024-25,647671,UNRESOLVED,,Mateus Mané
player_season,2024-25,596054,UNRESOLVED,,Tom Edozie
player_season,2025-26,98980,UNRESOLVED,,Emiliano Martínez
player_season,2025-26,72147,UNRESOLVED,,Marco Bizot
player_season,2025-26,564505,UNRESOLVED,,Sam Proctor
player_season,2025-26,516875,UNRESOLVED,,Ronnie Hollingshead
player_season,2025-26,481283,UNRESOLVED,,James Wright
player_season,2025-26,643000,UNRESOLVED,,Rhys Oakley
player_season,2025-26,199796,UNRESOLVED,,Matty Cash
player_season,2025-26,184667,UNRESOLVED,,Victor Lindelöf
player_season,2025-26,199798,UNRESOLVED,,Ezri Konsa
player_season,2025-26,149484,UNRESOLVED,,Tyrone Mings
player_season,2025-26,101188,UNRESOLVED,,Lucas Digne
player_season,2025-26,244954,UNRESOLVED,,Pau Torres
player_season,2025-26,606798,UNRESOLVED,,Andrés García
player_season,2025-26,441302,UNRESOLVED,,Ian Maatsen
player_season,2025-26,664015,UNRESOLVED,,Leon Routh
player_season,2025-26,618027,UNRESOLVED,,TJ Carroll
player_season,2025-26,88894,UNRESOLVED,,Ross Barkley
player_season,2025-26,122806,UNRESOLVED,,John McGinn
player_season,2025-26,166989,UNRESOLVED,,Youri Tielemans
player_season,2025-26,444884,UNRESOLVED,,Harvey Elliott
player_season,2025-26,195546,UNRESOLVED,,Emiliano Buendía
player_season,2025-26,230046,UNRESOLVED,,Douglas Luiz
player_season,2025-26,449871,UNRESOLVED,,Amadou Onana
player_season,2025-26,515597,UNRESOLVED,,Lamare Bogarde
player_season,2025-26,226944,UNRESOLVED,,Boubacar Kamara
player_season,2025-26,577285,UNRESOLVED,,George Hemmings
player_season,2025-26,659290,UNRESOLVED,,Mohamed Koné
player_season,2025-26,645618,UNRESOLVED,,Bradley Burrowes
player_season,2025-26,178301,UNRESOLVED,,Ollie Watkins
player_season,2025-26,204646,UNRESOLVED,,Donyell Malen
player_season,2025-26,173879,UNRESOLVED,,Tammy Abraham
player_season,2025-26,209243,UNRESOLVED,,Jadon Sancho
player_season,2025-26,244850,UNRESOLVED,,Morgan Rogers
player_season,2025-26,690838,UNRESOLVED,,Brian Madjo
player_season,2025-26,215711,UNRESOLVED,,Leon Bailey
player_season,2025-26,653481,UNRESOLVED,,Alysson Edward
player_season,2025-26,154561,UNRESOLVED,,David Raya
player_season,2025-26,109745,UNRESOLVED,,Kepa Arrizabalaga
player_season,2025-26,551221,UNRESOLVED,,Tommy Setford
player_season,2025-26,553747,UNRESOLVED,,Alexei Rojas
player_season,2025-26,616059,UNRESOLVED,,Jack Porter
player_season,2025-26,608028,UNRESOLVED,,Khari Ranson
player_season,2025-26,462424,UNRESOLVED,,William Saliba
player_season,2025-26,500040,UNRESOLVED,,Cristhian Mosquera
player_season,2025-26,198869,UNRESOLVED,,Ben White
player_season,2025-26,448104,UNRESOLVED,,Piero Hincapié
player_season,2025-26,226597,UNRESOLVED,,Gabriel Magalhães
player_season,2025-26,445122,UNRESOLVED,,Jurriën Timber
player_season,2025-26,466075,UNRESOLVED,,Riccardo Calafiori
player_season,2025-26,499167,UNRESOLVED,,Josh Nichols
player_season,2025-26,499169,UNRESOLVED,,Myles Lewis-Skelly
player_season,2025-26,499731,UNRESOLVED,,Jaden Dixon
player_season,2025-26,616065,UNRESOLVED,,Marli Salmon
player_season,2025-26,184029,UNRESOLVED,,Martin Ødegaard
player_season,2025-26,232413,UNRESOLVED,,Eberechi Eze
player_season,2025-26,128295,UNRESOLVED,,Christian Nørgaard
player_season,2025-26,195384,UNRESOLVED,,Mikel Merino
player_season,2025-26,481655,UNRESOLVED,,Martín Zubimendi
player_season,2025-26,499173,UNRESOLVED,,Harrison Dudziak
player_season,2025-26,204480,UNRESOLVED,,Declan Rice
player_season,2025-26,616077,UNRESOLVED,,Max Dowman
player_season,2025-26,616068,UNRESOLVED,,Ife Ibrahim
player_season,2025-26,223340,UNRESOLVED,,Bukayo Saka
player_season,2025-26,205651,UNRESOLVED,,Gabriel Jesus
player_season,2025-26,444145,UNRESOLVED,,Gabriel Martinelli
player_season,2025-26,224117,UNRESOLVED,,Viktor Gyökeres
player_season,2025-26,116216,UNRESOLVED,,Leandro Trossard
player_season,2025-26,248857,UNRESOLVED,,Noni Madueke
player_season,2025-26,219847,UNRESOLVED,,Kai Havertz
player_season,2025-26,646243,UNRESOLVED,,Andre Harriman-Annous
player_season,2025-26,645551,UNRESOLVED,,Ceadach O’Neill
player_season,2025-26,616074,UNRESOLVED,,Brando Bailey-Joseph
player_season,2025-26,457569,UNRESOLVED,,Djordje Petrovic
player_season,2025-26,40383,UNRESOLVED,,Fraser Forster
player_season,2025-26,436416,UNRESOLVED,,Christos Mandas
player_season,2025-26,494521,UNRESOLVED,,Adrien Truffert
player_season,2025-26,221466,UNRESOLVED,,Marcos Senesi
player_season,2025-26,575901,UNRESOLVED,,Julio Soler
player_season,2025-26,54469,UNRESOLVED,,Adam Smith
player_season,2025-26,242882,UNRESOLVED,,Bafodé Diakité
player_season,2025-26,551483,UNRESOLVED,,Álex Jiménez
player_season,2025-26,463981,UNRESOLVED,,James Hill
player_season,2025-26,518906,UNRESOLVED,,Owen Bevan
player_season,2025-26,620487,UNRESOLVED,,Veljko Milosavljevic
player_season,2025-26,541462,UNRESOLVED,,Matai Akinmboni
player_season,2025-26,155408,UNRESOLVED,,Lewis Cook
player_season,2025-26,111317,UNRESOLVED,,David Brooks
player_season,2025-26,503139,UNRESOLVED,,Alex Scott
player_season,2025-26,158499,UNRESOLVED,,Ryan Christie
player_season,2025-26,200785,UNRESOLVED,,Tyler Adams
player_season,2025-26,201658,UNRESOLVED,,Marcus Tavernier
player_season,2025-26,424044,UNRESOLVED,,Hamed Traoré
player_season,2025-26,614574,UNRESOLVED,,Alex Tóth
player_season,2025-26,678552,UNRESOLVED,,Malcom DaCosta
player_season,2025-26,658013,UNRESOLVED,,Charlie Stevens
player_season,2025-26,444102,UNRESOLVED,,Evanilson
player_season,2025-26,496208,UNRESOLVED,,Ben Gannon-Doak
player_season,2025-26,222683,UNRESOLVED,,Justin Kluivert
player_season,2025-26,489888,UNRESOLVED,,Amine Adli
player_season,2025-26,560262,UNRESOLVED,,Junior Kroupi
player_season,2025-26,168636,UNRESOLVED,,Enes Ünal
player_season,2025-26,499604,UNRESOLVED,,Rayan
player_season,2025-26,606774,UNRESOLVED,,Remy Rees-Dottin
player_season,2025-26,200720,UNRESOLVED,,Caoimhín Kelleher
player_season,2025-26,507433,UNRESOLVED,,Hákon Valdimarsson
player_season,2025-26,235448,UNRESOLVED,,Ellery Balcombe
player_season,2025-26,535017,UNRESOLVED,,Julian Eyestone
player_season,2025-26,472713,UNRESOLVED,,Aaron Hickey
player_season,2025-26,194010,UNRESOLVED,,Rico Henry
player_season,2025-26,444765,UNRESOLVED,,Sepp van den Berg
player_season,2025-26,231065,UNRESOLVED,,Ethan Pinnock
player_season,2025-26,191866,UNRESOLVED,,Kristoffer Ajer
player_season,2025-26,432830,UNRESOLVED,,Nathan Collins
player_season,2025-26,607464,UNRESOLVED,,Michael Kayode
player_season,2025-26,494556,UNRESOLVED,,Ollie Shield
player_season,2025-26,649240,UNRESOLVED,,Joshua Stephenson
player_season,2025-26,587433,UNRESOLVED,,Conor McManus
player_season,2025-26,56979,UNRESOLVED,,Jordan Henderson
player_season,2025-26,513418,UNRESOLVED,,Kevin Schade
player_season,2025-26,207283,UNRESOLVED,,Mathias Jensen
player_season,2025-26,183656,UNRESOLVED,,Josh Dasilva
player_season,2025-26,244858,UNRESOLVED,,Fábio Carvalho
player_season,2025-26,543295,UNRESOLVED,,Antoni Milambo
player_season,2025-26,508395,UNRESOLVED,,Yehor Yarmoliuk
player_season,2025-26,440089,UNRESOLVED,,Mikkel Damsgaard
player_season,2025-26,204580,UNRESOLVED,,Vitaly Janelt
player_season,2025-26,606689,UNRESOLVED,,Romelle Donovan
player_season,2025-26,559610,UNRESOLVED,,Luka Bentt
player_season,2025-26,547671,UNRESOLVED,,Riley Owen
player_season,2025-26,502500,UNRESOLVED,,Igor Thiago
player_season,2025-26,200641,UNRESOLVED,,Reiss Nelson
player_season,2025-26,533463,UNRESOLVED,,Dango Ouattara
player_season,2025-26,249231,UNRESOLVED,,Keane Lewis-Potter
player_season,2025-26,593174,UNRESOLVED,,Kaye Furo
player_season,2025-26,489639,UNRESOLVED,,Bart Verbruggen
player_season,2025-26,49262,UNRESOLVED,,Jason Steele
player_season,2025-26,209288,UNRESOLVED,,Tom McGill
player_season,2025-26,627550,UNRESOLVED,,Nils Ramming
player_season,2025-26,223434,UNRESOLVED,,Igor Julio
player_season,2025-26,110735,UNRESOLVED,,Adam Webster
player_season,2025-26,83299,UNRESOLVED,,Lewis Dunk
player_season,2025-26,469142,UNRESOLVED,,Jan Paul van Hecke
player_season,2025-26,204120,UNRESOLVED,,Olivier Boscagli
player_season,2025-26,231416,UNRESOLVED,,Ferdi Kadioglu
player_season,2025-26,465730,UNRESOLVED,,Maxim De Cuyper
player_season,2025-26,111478,UNRESOLVED,,Joël Veltman
player_season,2025-26,547720,UNRESOLVED,,Charlie Tasker
player_season,2025-26,604988,UNRESOLVED,,Freddie Simmonds
player_season,2025-26,109345,UNRESOLVED,,Solly March
player_season,2025-26,532529,UNRESOLVED,,Jack Hinshelwood
player_season,2025-26,535301,UNRESOLVED,,Carlos Baleba
player_season,2025-26,15157,UNRESOLVED,,James Milner
player_season,2025-26,451340,UNRESOLVED,,Kaoru Mitoma
player_season,2025-26,514254,UNRESOLVED,,Diego Gómez
player_season,2025-26,509416,UNRESOLVED,,Yasin Ayari
player_season,2025-26,467779,UNRESOLVED,,Mats Wieffer
player_season,2025-26,60307,UNRESOLVED,,Pascal Groß
player_season,2025-26,219249,UNRESOLVED,,Matt O'Riley
player_season,2025-26,597320,UNRESOLVED,,Harry Howell
player_season,2025-26,608181,UNRESOLVED,,Stefanos Tzimas
player_season,2025-26,463067,UNRESOLVED,,Georginio Rutter
player_season,2025-26,592031,UNRESOLVED,,Yankuba Minteh
player_season,2025-26,50175,UNRESOLVED,,Danny Welbeck
player_season,2025-26,647850,UNRESOLVED,,Charalampos Kostoulas
player_season,2025-26,556637,UNRESOLVED,,Nehemiah Oriola
player_season,2025-26,67089,UNRESOLVED,,Martin Dúbravka
player_season,2025-26,518030,UNRESOLVED,,Max Weiss
player_season,2025-26,51943,UNRESOLVED,,Václav Hladky
player_season,2025-26,58621,UNRESOLVED,,Kyle Walker
player_season,2025-26,494960,UNRESOLVED,,Quilindschy Hartman
player_season,2025-26,208912,UNRESOLVED,,Joe Worrall
player_season,2025-26,477717,UNRESOLVED,,Maxime Estève
player_season,2025-26,180804,UNRESOLVED,,Axel Tuanzebe
player_season,2025-26,461188,UNRESOLVED,,Bashir Humphreys
player_season,2025-26,192290,UNRESOLVED,,Connor Roberts
player_season,2025-26,478969,UNRESOLVED,,Hjalmar Ekdal
player_season,2025-26,549329,UNRESOLVED,,Lucas Pires
player_season,2025-26,241231,UNRESOLVED,,Jordan Beyer
player_season,2025-26,589117,UNRESOLVED,,Murray Campbell
player_season,2025-26,503714,UNRESOLVED,,Lesley Ugochukwu
player_season,2025-26,216055,UNRESOLVED,,Florentino
player_season,2025-26,101178,UNRESOLVED,,James Ward-Prowse
player_season,2025-26,172567,UNRESOLVED,,Josh Cullen
player_season,2025-26,465527,UNRESOLVED,,Hannibal Mejbri
player_season,2025-26,167887,UNRESOLVED,,Josh Laurent
player_season,2025-26,704232,UNRESOLVED,,George Brierley
player_season,2025-26,704962,UNRESOLVED,,Ellis Clark
player_season,2025-26,647960,UNRESOLVED,,Oliver Pimlott
player_season,2025-26,179458,UNRESOLVED,,Jacob Bruun Larsen
player_season,2025-26,435973,UNRESOLVED,,Lyle Foster
player_season,2025-26,174592,UNRESOLVED,,Marcus Edwards
player_season,2025-26,444180,UNRESOLVED,,Jaidon Anthony
player_season,2025-26,469272,UNRESOLVED,,Loum Tchaouna
player_season,2025-26,431639,UNRESOLVED,,Zian Flemming
player_season,2025-26,492831,UNRESOLVED,,Zeki Amdouni
player_season,2025-26,440323,UNRESOLVED,,Armando Broja
player_season,2025-26,437748,UNRESOLVED,,Mike Trésor
player_season,2025-26,44699,UNRESOLVED,,Ashley Barnes
player_season,2025-26,566214,UNRESOLVED,,Brandon Pouani
player_season,2025-26,578614,UNRESOLVED,,Enock Agyei
player_season,2025-26,644593,UNRESOLVED,,Kian McMahon-Brown
player_season,2025-26,172649,UNRESOLVED,,Dean Henderson
player_season,2025-26,169593,UNRESOLVED,,Remi Matthews
player_season,2025-26,121709,UNRESOLVED,,Walter Benítez
player_season,2025-26,546865,UNRESOLVED,,Jackson Izquierdo
player_season,2025-26,247348,UNRESOLVED,,Daniel Muñoz
player_season,2025-26,244723,UNRESOLVED,,Tyrick Mitchell
player_season,2025-26,437499,UNRESOLVED,,Maxence Lacroix
player_season,2025-26,57328,UNRESOLVED,,Nathaniel Clyne
player_season,2025-26,651426,UNRESOLVED,,Jaydee Canvot
player_season,2025-26,218364,UNRESOLVED,,Borna Sosa
player_season,2025-26,427623,UNRESOLVED,,Chris Richards
player_season,2025-26,515621,UNRESOLVED,,Chadi Riad
player_season,2025-26,590012,UNRESOLVED,,Caleb Kporha
player_season,2025-26,591384,UNRESOLVED,,George King
player_season,2025-26,643426,UNRESOLVED,,Dean Benamar
player_season,2025-26,152551,UNRESOLVED,,Jefferson Lerma
player_season,2025-26,488024,UNRESOLVED,,Yéremy Pino
player_season,2025-26,660392,UNRESOLVED,,Christantus Uche
player_season,2025-26,209400,UNRESOLVED,,Daichi Kamada
player_season,2025-26,108413,UNRESOLVED,,Will Hughes
player_season,2025-26,496221,UNRESOLVED,,Adam Wharton
player_season,2025-26,438464,UNRESOLVED,,Cheick Doucouré
player_season,2025-26,530318,UNRESOLVED,,Kaden Rodney
player_season,2025-26,489706,UNRESOLVED,,Justin Devenny
player_season,2025-26,590014,UNRESOLVED,,Rio Cardines
player_season,2025-26,232185,UNRESOLVED,,Ismaïla Sarr
player_season,2025-26,205533,UNRESOLVED,,Eddie Nketiah
player_season,2025-26,242898,UNRESOLVED,,Brennan Johnson
player_season,2025-26,231747,UNRESOLVED,,Jean-Philippe Mateta
player_season,2025-26,247412,UNRESOLVED,,Jørgen Strand Larsen
player_season,2025-26,485337,UNRESOLVED,,Evann Guessand
player_season,2025-26,576980,UNRESOLVED,,Zach Marsh
player_season,2025-26,631106,UNRESOLVED,,Ben Casey
player_season,2025-26,672492,UNRESOLVED,,Joél Drakes-Thomas
player_season,2025-26,215059,UNRESOLVED,,Robert Sánchez
player_season,2025-26,508479,UNRESOLVED,,Filip Jörgensen
player_season,2025-26,499857,UNRESOLVED,,Teddy Sharman-Lowe
player_season,2025-26,471798,UNRESOLVED,,Gaga Slonina
player_season,2025-26,518335,UNRESOLVED,,Max Merrick
player_season,2025-26,179268,UNRESOLVED,,Marc Cucurella
player_season,2025-26,109646,UNRESOLVED,,Tosin Adarabioyo
player_season,2025-26,242880,UNRESOLVED,,Benoît Badiashile
player_season,2025-26,460028,UNRESOLVED,,Levi Colwill
player_season,2025-26,574458,UNRESOLVED,,Mamadou Sarr
player_season,2025-26,551210,UNRESOLVED,,Jorrel Hato
player_season,2025-26,180736,UNRESOLVED,,Trevoh Chalobah
player_season,2025-26,225796,UNRESOLVED,,Reece James
player_season,2025-26,482609,UNRESOLVED,,Malo Gusto
player_season,2025-26,444463,UNRESOLVED,,Wesley Fofana
player_season,2025-26,577016,UNRESOLVED,,Josh Acheampong
player_season,2025-26,465920,UNRESOLVED,,Mykhailo Mudryk
player_season,2025-26,448047,UNRESOLVED,,Enzo Fernández
player_season,2025-26,244851,UNRESOLVED,,Cole Palmer
player_season,2025-26,491007,UNRESOLVED,,Dário Essugo
player_season,2025-26,532605,UNRESOLVED,,Andrey Santos
player_season,2025-26,486672,UNRESOLVED,,Moisés Caicedo
player_season,2025-26,514356,UNRESOLVED,,Roméo Lavia
player_season,2025-26,611921,UNRESOLVED,,Reggie Walsh
player_season,2025-26,611912,UNRESOLVED,,Landon Emenalo
player_season,2025-26,597983,UNRESOLVED,,Ollie Harrison
player_season,2025-26,671606,UNRESOLVED,,Mathis Eboué
player_season,2025-26,616252,UNRESOLVED,,Charlie Holland
player_season,2025-26,247632,UNRESOLVED,,Pedro Neto
player_season,2025-26,463034,UNRESOLVED,,Liam Delap
player_season,2025-26,463936,UNRESOLVED,,Jamie Gittens
player_season,2025-26,475168,UNRESOLVED,,João Pedro
player_season,2025-26,499309,UNRESOLVED,,Marc Guiu
player_season,2025-26,624773,UNRESOLVED,,Estêvão
player_season,2025-26,493105,UNRESOLVED,,Alejandro Garnacho
player_season,2025-26,619734,UNRESOLVED,,Jesse Derry
player_season,2025-26,567119,UNRESOLVED,,Shumaira Mheuka
player_season,2025-26,616286,UNRESOLVED,,Ryan Kavuma-McQueen
player_season,2025-26,111234,UNRESOLVED,,Jordan Pickford
player_season,2025-26,229600,UNRESOLVED,,Mark Travers
player_season,2025-26,138001,UNRESOLVED,,Tom King
player_season,2025-26,243571,UNRESOLVED,,Nathan Patterson
player_season,2025-26,106611,UNRESOLVED,,Michael Keane
player_season,2025-26,17761,UNRESOLVED,,James Tarkowski
player_season,2025-26,512462,UNRESOLVED,,Jake O'Brien
player_season,2025-26,224967,UNRESOLVED,,Vitalii Mykolenko
player_season,2025-26,59949,UNRESOLVED,,Séamus Coleman
player_season,2025-26,480455,UNRESOLVED,,Jarrad Branthwaite
player_season,2025-26,499300,UNRESOLVED,,Adam Aznou
player_season,2025-26,474907,UNRESOLVED,,Reece Welch
player_season,2025-26,114283,UNRESOLVED,,Jack Grealish
player_season,2025-26,496661,UNRESOLVED,,Tyler Dibling
player_season,2025-26,215413,UNRESOLVED,,Kiernan Dewsbury-Hall
player_season,2025-26,502697,UNRESOLVED,,Charly Alcaraz
player_season,2025-26,80801,UNRESOLVED,,Idrissa Gueye
player_season,2025-26,513466,UNRESOLVED,,Merlin Röhl
player_season,2025-26,232928,UNRESOLVED,,James Garner
player_season,2025-26,490094,UNRESOLVED,,Tim Iroegbunam
player_season,2025-26,609873,UNRESOLVED,,Harrison Armstrong
player_season,2025-26,630668,UNRESOLVED,,Malik Olayiwola
player_season,2025-26,547801,UNRESOLVED,,Callum Bates
player_season,2025-26,433154,UNRESOLVED,,Dwight McNeil
player_season,2025-26,486385,UNRESOLVED,,Beto
player_season,2025-26,440993,UNRESOLVED,,Iliman Ndiaye
player_season,2025-26,586309,UNRESOLVED,,Thierno Barry
player_season,2025-26,550615,UNRESOLVED,,Tyrique George
player_season,2025-26,629068,UNRESOLVED,,Braiden Graham
player_season,2025-26,80201,UNRESOLVED,,Bernd Leno
player_season,2025-26,86873,UNRESOLVED,,Benjamin Lecomte
player_season,2025-26,505079,UNRESOLVED,,Alfie McNally
player_season,2025-26,167074,UNRESOLVED,,Kenny Tete
player_season,2025-26,232892,UNRESOLVED,,Calvin Bassey
player_season,2025-26,174874,UNRESOLVED,,Joachim Andersen
player_season,2025-26,246301,UNRESOLVED,,Jorge Cuenca
player_season,2025-26,166477,UNRESOLVED,,Timothy Castagne
player_season,2025-26,219924,UNRESOLVED,,Issa Diop
player_season,2025-26,169528,UNRESOLVED,,Antonee Robinson
player_season,2025-26,591385,UNRESOLVED,,Sam Amissah
player_season,2025-26,153366,UNRESOLVED,,Harrison Reed
player_season,2025-26,76357,UNRESOLVED,,Tom Cairney
player_season,2025-26,477555,UNRESOLVED,,Oscar Bobb
player_season,2025-26,207189,UNRESOLVED,,Sander Berge
player_season,2025-26,212314,UNRESOLVED,,Sasa Lukic
player_season,2025-26,577725,UNRESOLVED,,Josh King
player_season,2025-26,184349,UNRESOLVED,,Ryan Sessegnon
player_season,2025-26,209289,UNRESOLVED,,Emile Smith Rowe
player_season,2025-26,619536,UNRESOLVED,,Seth Ridgeon
player_season,2025-26,102057,UNRESOLVED,,Raúl Jiménez
player_season,2025-26,153682,UNRESOLVED,,Harry Wilson
player_season,2025-26,244042,UNRESOLVED,,Rodrigo Muniz
player_season,2025-26,153133,UNRESOLVED,,Alex Iwobi
player_season,2025-26,631786,UNRESOLVED,,Jonah Kusi-Asare
player_season,2025-26,218328,UNRESOLVED,,Samuel Chukwueze
player_season,2025-26,560552,UNRESOLVED,,Kevin
player_season,2025-26,201595,UNRESOLVED,,Lucas Perri
player_season,2025-26,437495,UNRESOLVED,,Illan Meslier
player_season,2025-26,97846,UNRESOLVED,,Alex Cairns
player_season,2025-26,59735,UNRESOLVED,,Karl Darlow
player_season,2025-26,226182,UNRESOLVED,,Jayden Bogle
player_season,2025-26,243526,UNRESOLVED,,Gabriel Gudmundsson
player_season,2025-26,199598,UNRESOLVED,,Ethan Ampadu
player_season,2025-26,222694,UNRESOLVED,,Pascal Struijk
player_season,2025-26,214225,UNRESOLVED,,Joe Rodon
player_season,2025-26,434752,UNRESOLVED,,Jaka Bijol
player_season,2025-26,437738,UNRESOLVED,,Sebastiaan Bornauw
player_season,2025-26,220627,UNRESOLVED,,James Justin
player_season,2025-26,113564,UNRESOLVED,,Sam Byram
player_season,2025-26,643970,UNRESOLVED,,Jayden Lienou
player_season,2025-26,200617,UNRESOLVED,,Daniel James
player_season,2025-26,180135,UNRESOLVED,,Sean Longstaff
player_season,2025-26,427637,UNRESOLVED,,Brenden Aaronson
player_season,2025-26,466525,UNRESOLVED,,Anton Stach
player_season,2025-26,248056,UNRESOLVED,,Ao Tanaka
player_season,2025-26,536916,UNRESOLVED,,Facundo Buonanotte
player_season,2025-26,565863,UNRESOLVED,,Sam Chambers
player_season,2025-26,486520,UNRESOLVED,,Ilia Gruev
player_season,2025-26,577978,UNRESOLVED,,Rhys Chadwick
player_season,2025-26,536119,UNRESOLVED,,Charlie Crew
player_season,2025-26,592740,UNRESOLVED,,Alfie Cresswell
player_season,2025-26,177815,UNRESOLVED,,Dominic Calvert-Lewin
player_season,2025-26,235826,UNRESOLVED,,Joël Piroe
player_season,2025-26,174594,UNRESOLVED,,Lukas Nmecha
player_season,2025-26,435997,UNRESOLVED,,Noah Okafor
player_season,2025-26,492859,UNRESOLVED,,Wilfried Gnonto
player_season,2025-26,116535,UNRESOLVED,,Alisson Becker
player_season,2025-26,449027,UNRESOLVED,,Giorgi Mamardashvili
player_season,2025-26,155503,UNRESOLVED,,Freddie Woodman
player_season,2025-26,586268,UNRESOLVED,,Ármin Pécsi
player_season,2025-26,617719,UNRESOLVED,,Kornel Misciur
player_season,2025-26,464353,UNRESOLVED,,Harvey Davies
player_season,2025-26,171287,UNRESOLVED,,Joe Gomez
player_season,2025-26,97032,UNRESOLVED,,Virgil van Dijk
player_season,2025-26,204716,UNRESOLVED,,Ibrahima Konaté
player_season,2025-26,544877,UNRESOLVED,,Milos Kerkez
player_season,2025-26,492777,UNRESOLVED,,Conor Bradley
player_season,2025-26,647681,UNRESOLVED,,Giovanni Leoni
player_season,2025-26,122798,UNRESOLVED,,Andy Robertson
player_season,2025-26,216094,UNRESOLVED,,Jeremie Frimpong
player_season,2025-26,219937,UNRESOLVED,,Rhys Williams
player_season,2025-26,489580,UNRESOLVED,,Calvin Ramsay
player_season,2025-26,577722,UNRESOLVED,,Carter Pinnington
player_season,2025-26,611926,UNRESOLVED,,Amara Nallo
player_season,2025-26,718875,UNRESOLVED,,Talla Ndiaye
player_season,2025-26,519440,UNRESOLVED,,Wellity Lucky
player_season,2025-26,158983,UNRESOLVED,,Wataru Endo
player_season,2025-26,494595,UNRESOLVED,,Florian Wirtz
player_season,2025-26,424876,UNRESOLVED,,Dominik Szoboszlai
player_season,2025-26,243016,UNRESOLVED,,Alexis Mac Allister
player_season,2025-26,206915,UNRESOLVED,,Curtis Jones
player_season,2025-26,441266,UNRESOLVED,,Ryan Gravenberch
player_season,2025-26,591386,UNRESOLVED,,Trey Nyoni
player_season,2025-26,535928,UNRESOLVED,,Stefan Bajcetic
player_season,2025-26,491501,UNRESOLVED,,James McConnell
player_season,2025-26,596042,UNRESOLVED,,Kieran Morrison
player_season,2025-26,530331,UNRESOLVED,,Tommy Pilling
player_season,2025-26,514515,UNRESOLVED,,Michael Laffey
player_season,2025-26,219168,UNRESOLVED,,Alexander Isak
player_season,2025-26,118748,UNRESOLVED,,Mohamed Salah
player_season,2025-26,223541,UNRESOLVED,,Federico Chiesa
player_season,2025-26,243298,UNRESOLVED,,Cody Gakpo
player_season,2025-26,510663,UNRESOLVED,,Hugo Ekitiké
player_season,2025-26,496185,UNRESOLVED,,Kaide Gordon
player_season,2025-26,520280,UNRESOLVED,,Keyrol Figueroa
player_season,2025-26,611922,UNRESOLVED,,Rio Ngumoha
player_season,2025-26,500058,UNRESOLVED,,Jayden Danns
player_season,2025-26,677945,UNRESOLVED,,Will Wright
player_season,2025-26,432720,UNRESOLVED,,James Trafford
player_season,2025-26,122074,UNRESOLVED,,Marcus Bettinelli
player_season,2025-26,204936,UNRESOLVED,,Gianluigi Donnarumma
player_season,2025-26,171314,UNRESOLVED,,Rúben Dias
player_season,2025-26,97299,UNRESOLVED,,John Stones
player_season,2025-26,126184,UNRESOLVED,,Nathan Aké
player_season,2025-26,209036,UNRESOLVED,,Marc Guéhi
player_season,2025-26,448514,UNRESOLVED,,Rayan Aït-Nouri
player_season,2025-26,477424,UNRESOLVED,,Josko Gvardiol
player_season,2025-26,578153,UNRESOLVED,,Abdukodir Khusanov
player_season,2025-26,554054,UNRESOLVED,,Kaden Braithwaite
player_season,2025-26,494307,UNRESOLVED,,Max Alleyne
player_season,2025-26,477064,UNRESOLVED,,Rico Lewis
player_season,2025-26,519909,UNRESOLVED,,Kian Noble
player_season,2025-26,433036,UNRESOLVED,,Tijjani Reijnders
player_season,2025-26,91651,UNRESOLVED,,Mateo Kovacic
player_season,2025-26,466052,UNRESOLVED,,Rayan Cherki
player_season,2025-26,465694,UNRESOLVED,,Nico González
player_season,2025-26,220566,UNRESOLVED,,Rodri
player_season,2025-26,165809,UNRESOLVED,,Bernardo Silva
player_season,2025-26,465351,UNRESOLVED,,Matheus Nunes
player_season,2025-26,472769,UNRESOLVED,,Nico O'Reilly
player_season,2025-26,566164,UNRESOLVED,,Sverre Nypan
player_season,2025-26,209244,UNRESOLVED,,Phil Foden
player_season,2025-26,516234,UNRESOLVED,,Charlie Gray
player_season,2025-26,595480,UNRESOLVED,,Floyd Samba
player_season,2025-26,438234,UNRESOLVED,,Omar Marmoush
player_season,2025-26,223094,UNRESOLVED,,Erling Haaland
player_season,2025-26,248875,UNRESOLVED,,Jérémy Doku
player_season,2025-26,510281,UNRESOLVED,,Savinho
player_season,2025-26,437730,UNRESOLVED,,Antoine Semenyo
player_season,2025-26,616288,UNRESOLVED,,Ryan McAidoo
player_season,2025-26,580921,UNRESOLVED,,Reigan Heskey
player_season,2025-26,580919,UNRESOLVED,,Tyrone Samba
player_season,2025-26,451302,UNRESOLVED,,Altay Bayindir
player_season,2025-26,21205,UNRESOLVED,,Tom Heaton
player_season,2025-26,465247,UNRESOLVED,,Senne Lammens
player_season,2025-26,216051,UNRESOLVED,,Diogo Dalot
player_season,2025-26,230001,UNRESOLVED,,Noussair Mazraoui
player_season,2025-26,209365,UNRESOLVED,,Matthijs de Ligt
player_season,2025-26,95658,UNRESOLVED,,Harry Maguire
player_season,2025-26,221820,UNRESOLVED,,Lisandro Martínez
player_season,2025-26,222690,UNRESOLVED,,Tyrell Malacia
player_season,2025-26,596777,UNRESOLVED,,Patrick Dorgu
player_season,2025-26,550864,UNRESOLVED,,Leny Yoro
player_season,2025-26,106760,UNRESOLVED,,Luke Shaw
player_season,2025-26,606745,UNRESOLVED,,Ayden Heaven
player_season,2025-26,547676,UNRESOLVED,,Tyler Fredricson
player_season,2025-26,661712,UNRESOLVED,,Diego León
player_season,2025-26,576637,UNRESOLVED,,Godwill Kukonki
player_season,2025-26,184341,UNRESOLVED,,Mason Mount
player_season,2025-26,141746,UNRESOLVED,,Bruno Fernandes
player_season,2025-26,61256,UNRESOLVED,,Casemiro
player_season,2025-26,232112,UNRESOLVED,,Manuel Ugarte
player_season,2025-26,516895,UNRESOLVED,,Kobbie Mainoo
player_season,2025-26,547037,UNRESOLVED,,Jack Fletcher
player_season,2025-26,519913,UNRESOLVED,,Tyler Fletcher
player_season,2025-26,559684,UNRESOLVED,,Jack Moorhouse
player_season,2025-26,576634,UNRESOLVED,,Jim Thwaites
player_season,2025-26,430871,UNRESOLVED,,Matheus Cunha
player_season,2025-26,458249,UNRESOLVED,,Joshua Zirkzee
player_season,2025-26,493250,UNRESOLVED,,Amad Diallo
player_season,2025-26,446008,UNRESOLVED,,Bryan Mbeumo
player_season,2025-26,485711,UNRESOLVED,,Benjamin Sesko
player_season,2025-26,596047,UNRESOLVED,,Chido Obi
player_season,2025-26,576628,UNRESOLVED,,Shea Lacey
player_season,2025-26,576620,UNRESOLVED,,Bendito Mantato
player_season,2025-26,98747,UNRESOLVED,,Nick Pope
player_season,2025-26,19236,UNRESOLVED,,John Ruddy
player_season,2025-26,81441,UNRESOLVED,,Mark Gillespie
player_season,2025-26,225321,UNRESOLVED,,Aaron Ramsdale
player_season,2025-26,577980,UNRESOLVED,,Aidan Harris
player_season,2025-26,606796,UNRESOLVED,,Adam Harrison
player_season,2025-26,77794,UNRESOLVED,,Kieran Trippier
player_season,2025-26,487838,UNRESOLVED,,Lewis Hall
player_season,2025-26,220237,UNRESOLVED,,Sven Botman
player_season,2025-26,119471,UNRESOLVED,,Fabian Schär
player_season,2025-26,465642,UNRESOLVED,,Malick Thiaw
player_season,2025-26,111773,UNRESOLVED,,Emil Krafth
player_season,2025-26,441191,UNRESOLVED,,Tino Livramento
player_season,2025-26,78916,UNRESOLVED,,Dan Burn
player_season,2025-26,545477,UNRESOLVED,,Alex Murphy
player_season,2025-26,553746,UNRESOLVED,,Leo Shahar
player_season,2025-26,180974,UNRESOLVED,,Joelinton
player_season,2025-26,432422,UNRESOLVED,,Sandro Tonali
player_season,2025-26,201666,UNRESOLVED,,Harvey Barnes
player_season,2025-26,114243,UNRESOLVED,,Jacob Murphy
player_season,2025-26,200089,UNRESOLVED,,Joe Willock
player_season,2025-26,208706,UNRESOLVED,,Bruno Guimarães
player_season,2025-26,232653,UNRESOLVED,,Jacob Ramsey
player_season,2025-26,547719,UNRESOLVED,,Lewis Miley
player_season,2025-26,666607,UNRESOLVED,,Sam Alabi
player_season,2025-26,216646,UNRESOLVED,,Yoane Wissa
player_season,2025-26,232826,UNRESOLVED,,Anthony Gordon
player_season,2025-26,538207,UNRESOLVED,,William Osula
player_season,2025-26,449434,UNRESOLVED,,Anthony Elanga
player_season,2025-26,470313,UNRESOLVED,,Nick Woltemade
player_season,2025-26,599303,UNRESOLVED,,Sean Neave
player_season,2025-26,623110,UNRESOLVED,,Park Seung-Soo
player_season,2025-26,221389,UNRESOLVED,,John Victor
player_season,2025-26,107265,UNRESOLVED,,Angus Gunn
player_season,2025-26,85633,UNRESOLVED,,Matz Sels
player_season,2025-26,88248,UNRESOLVED,,Stefan Ortega
player_season,2025-26,536682,UNRESOLVED,,Aaron Bott
player_season,2025-26,571449,UNRESOLVED,,Keehan Willows
player_season,2025-26,215136,UNRESOLVED,,Neco Williams
player_season,2025-26,485047,UNRESOLVED,,Morato
player_season,2025-26,575476,UNRESOLVED,,Murillo
player_season,2025-26,575458,UNRESOLVED,,Jair Cunha
player_season,2025-26,470315,UNRESOLVED,,Luca Netz
player_season,2025-26,90585,UNRESOLVED,,Willy Boly
player_season,2025-26,227444,UNRESOLVED,,Nikola Milenkovic
player_season,2025-26,159506,UNRESOLVED,,Ola Aina
player_season,2025-26,500151,UNRESOLVED,,Nicolò Savona
player_season,2025-26,549067,UNRESOLVED,,Zach Abbott
player_season,2025-26,687076,UNRESOLVED,,Lamin Sillah
player_season,2025-26,536687,UNRESOLVED,,Justin Hanks
player_season,2025-26,210462,UNRESOLVED,,Ibrahim Sangaré
player_season,2025-26,215379,UNRESOLVED,,Elliot Anderson
player_season,2025-26,222531,UNRESOLVED,,Morgan Gibbs-White
player_season,2025-26,250199,UNRESOLVED,,Nicolás Domínguez
player_season,2025-26,204968,UNRESOLVED,,Ryan Yates
player_season,2025-26,432714,UNRESOLVED,,James McAtee
player_season,2025-26,568159,UNRESOLVED,,Archie Whitehall
player_season,2025-26,590040,UNRESOLVED,,Jimmy Sinclair
player_season,2025-26,209046,UNRESOLVED,,Callum Hudson-Odoi
player_season,2025-26,210156,UNRESOLVED,,Taiwo Awoniyi
player_season,2025-26,60689,UNRESOLVED,,Chris Wood
player_season,2025-26,456512,UNRESOLVED,,Dan Ndoye
player_season,2025-26,569014,UNRESOLVED,,Eric da Silva Moreira
player_season,2025-26,482973,UNRESOLVED,,Igor Jesus
player_season,2025-26,469130,UNRESOLVED,,Lorenzo Lucca
player_season,2025-26,503301,UNRESOLVED,,Omari Hutchinson
player_season,2025-26,476887,UNRESOLVED,,Dilane Bakwa
player_season,2025-26,591894,UNRESOLVED,,Zyan Blake
player_season,2025-26,184254,UNRESOLVED,,Guglielmo Vicario
player_season,2025-26,485055,UNRESOLVED,,Antonín Kinsky
player_season,2025-26,214572,UNRESOLVED,,Brandon Austin
player_season,2025-26,536108,UNRESOLVED,,Luca Gunter
player_season,2025-26,493125,UNRESOLVED,,Radu Dragusin
player_season,2025-26,135720,UNRESOLVED,,Kevin Danso
player_season,2025-26,487053,UNRESOLVED,,Destiny Udogie
player_season,2025-26,221632,UNRESOLVED,,Cristian Romero
player_season,2025-26,441164,UNRESOLVED,,Pedro Porro
player_season,2025-26,232859,UNRESOLVED,,Djed Spence
player_season,2025-26,115556,UNRESOLVED,,Ben Davies
player_season,2025-26,491279,UNRESOLVED,,Micky van de Ven
player_season,2025-26,616221,UNRESOLVED,,Souza
player_season,2025-26,611920,UNRESOLVED,,Malachi Hardy
player_season,2025-26,640419,UNRESOLVED,,Jun'ai Byfield
player_season,2025-26,499716,UNRESOLVED,,James Rowswell
player_season,2025-26,154296,UNRESOLVED,,João Palhinha
player_season,2025-26,493362,UNRESOLVED,,Xavi Simons
player_season,2025-26,227127,UNRESOLVED,,Yves Bissouma
player_season,2025-26,172780,UNRESOLVED,,James Maddison
player_season,2025-26,547701,UNRESOLVED,,Archie Gray
player_season,2025-26,570526,UNRESOLVED,,Lucas Bergvall
player_season,2025-26,460842,UNRESOLVED,,Mohammed Kudus
player_season,2025-26,445044,UNRESOLVED,,Dejan Kulusevski
player_season,2025-26,232787,UNRESOLVED,,Conor Gallagher
player_season,2025-26,482442,UNRESOLVED,,Pape Matar Sarr
player_season,2025-26,202993,UNRESOLVED,,Rodrigo Bentancur
player_season,2025-26,499726,UNRESOLVED,,Callum Olusesi
player_season,2025-26,536134,UNRESOLVED,,Rio Kyerematen
player_season,2025-26,611917,UNRESOLVED,,Lucá Williams-Barnett
player_season,2025-26,680832,UNRESOLVED,,Tye Hall
player_season,2025-26,212319,UNRESOLVED,,Richarlison
player_season,2025-26,511499,UNRESOLVED,,Mathys Tel
player_season,2025-26,154566,UNRESOLVED,,Dominic Solanke
player_season,2025-26,550839,UNRESOLVED,,Wilson Odobert
player_season,2025-26,247693,UNRESOLVED,,Randal Kolo Muani
player_season,2025-26,647429,UNRESOLVED,,Tynan Thompson
player_season,2025-26,613232,UNRESOLVED,,James Wilson
player_season,2025-26,74854,UNRESOLVED,,Simon Moore
player_season,2025-26,498016,UNRESOLVED,,Robin Roefs
player_season,2025-26,515046,UNRESOLVED,,Melker Ellborg
player_season,2025-26,461195,UNRESOLVED,,Dennis Cirkin
player_season,2025-26,223827,UNRESOLVED,,Dan Ballard
player_season,2025-26,247955,UNRESOLVED,,Lutsharel Geertruida
player_season,2025-26,201895,UNRESOLVED,,Omar Alderete
player_season,2025-26,434399,UNRESOLVED,,Reinildo Mandava
player_season,2025-26,200834,UNRESOLVED,,Nordi Mukiele
player_season,2025-26,487676,UNRESOLVED,,Trai Hume
player_season,2025-26,514613,UNRESOLVED,,Zak Johnson
player_season,2025-26,232356,UNRESOLVED,,Jenson Jones
player_season,2025-26,223336,UNRESOLVED,,Dan Neil
player_season,2025-26,554197,UNRESOLVED,,Chris Rigg
player_season,2025-26,167512,UNRESOLVED,,Luke O'Nien
player_season,2025-26,547027,UNRESOLVED,,Habib Diarra
player_season,2025-26,577669,UNRESOLVED,,Noah Sadiki
player_season,2025-26,484420,UNRESOLVED,,Enzo Le Fée
player_season,2025-26,626844,UNRESOLVED,,Milan Aleksic
player_season,2025-26,84450,UNRESOLVED,,Granit Xhaka
player_season,2025-26,477851,UNRESOLVED,,Abdoullah Ba
player_season,2025-26,547410,VERIFIED,VERIFIED,Harrison Jones
player_season,2025-26,571087,UNRESOLVED,,Jaydon Jones
player_season,2025-26,570929,UNRESOLVED,,Jack Whittaker
player_season,2025-26,549912,UNRESOLVED,,Chemsdine Talbi
player_season,2025-26,441264,UNRESOLVED,,Brian Brobbey
player_season,2025-26,536661,UNRESOLVED,,Nilson Angulo
player_season,2025-26,564406,UNRESOLVED,,Eliezer Mayenda
player_season,2025-26,461199,UNRESOLVED,,Romaine Mundle
player_season,2025-26,437505,UNRESOLVED,,Wilson Isidor
player_season,2025-26,110504,UNRESOLVED,,Bertrand Traoré
player_season,2025-26,611975,UNRESOLVED,,Ahmed Abdullahi
player_season,2025-26,699989,UNRESOLVED,,Djiamgone Jocelin Ta Bi
player_season,2025-26,610818,UNRESOLVED,,Finn Geragusyan
player_season,2025-26,467189,UNRESOLVED,,Mads Hermansen
player_season,2025-26,37096,UNRESOLVED,,Lukasz Fabianski
player_season,2025-26,84182,UNRESOLVED,,Alphonse Areola
player_season,2025-26,553742,UNRESOLVED,,Finlay Herrick
player_season,2025-26,158534,UNRESOLVED,,Kyle Walker-Peters
player_season,2025-26,214048,UNRESOLVED,,Maximilian Kilman
player_season,2025-26,220362,UNRESOLVED,,Axel Disasi
player_season,2025-26,613804,UNRESOLVED,,El Hadji Malick Diouf
player_season,2025-26,233963,UNRESOLVED,,Konstantinos Mavropanos
player_season,2025-26,462116,UNRESOLVED,,Jean-Clair Todibo
player_season,2025-26,214590,UNRESOLVED,,Aaron Wan-Bissaka
player_season,2025-26,536109,UNRESOLVED,,Ollie Scarles
player_season,2025-26,643473,UNRESOLVED,,Airidas Golambeckis
player_season,2025-26,602903,UNRESOLVED,,Ezra Mayers
player_season,2025-26,551226,UNRESOLVED,,Mateus Fernandes
player_season,2025-26,572702,UNRESOLVED,,Keiber Lamadrid
player_season,2025-26,564940,UNRESOLVED,,Soungoutou Magassa
player_season,2025-26,215439,UNRESOLVED,,Tomás Soucek
player_season,2025-26,490142,UNRESOLVED,,Freddie Potts
player_season,2025-26,630699,UNRESOLVED,,Mohamadou Kanté
player_season,2025-26,518442,UNRESOLVED,,Lewis Orford
player_season,2025-26,450070,UNRESOLVED,,Crysencio Summerville
player_season,2025-26,75115,UNRESOLVED,,Callum Wilson
player_season,2025-26,247670,UNRESOLVED,,Valentín Castellanos
player_season,2025-26,159533,UNRESOLVED,,Adama Traoré
player_season,2025-26,530335,UNRESOLVED,,Pablo
player_season,2025-26,178186,UNRESOLVED,,Jarrod Bowen
player_season,2025-26,616957,UNRESOLVED,,Joshua Ajala
player_season,2025-26,149065,UNRESOLVED,,José Sá
player_season,2025-26,79602,UNRESOLVED,,Dan Bentley
player_season,2025-26,101982,UNRESOLVED,,Sam Johnstone
player_season,2025-26,491460,UNRESOLVED,,Alfie Brooks
player_season,2025-26,627888,UNRESOLVED,,Josh Gracey
player_season,2025-26,87835,UNRESOLVED,,Matt Doherty
player_season,2025-26,490721,UNRESOLVED,,Hugo Bueno
player_season,2025-26,231480,UNRESOLVED,,Santiago Bueno
player_season,2025-26,497949,UNRESOLVED,,David Møller Wolfe
player_season,2025-26,501837,UNRESOLVED,,Yerson Mosquera
player_season,2025-26,641221,UNRESOLVED,,Pedro Lima
player_season,2025-26,483081,UNRESOLVED,,Rodrigo Gomes
player_season,2025-26,510362,UNRESOLVED,,Toti Gomes
player_season,2025-26,431248,UNRESOLVED,,Ladislav Krejcí
player_season,2025-26,523705,UNRESOLVED,,Jackson Tchatchoua
player_season,2025-26,601956,UNRESOLVED,,Saheed Olagunju
player_season,2025-26,509291,UNRESOLVED,,André
player_season,2025-26,448089,UNRESOLVED,,João Gomes
player_season,2025-26,231057,UNRESOLVED,,Jean-Ricner Bellegarde
player_season,2025-26,209041,UNRESOLVED,,Angel Gomes
player_season,2025-26,685628,UNRESOLVED,,Jerome Abbey
player_season,2025-26,589121,UNRESOLVED,,Ethan Sutherland
player_season,2025-26,605319,UNRESOLVED,,Luke Rawlings
player_season,2025-26,155511,UNRESOLVED,,Adam Armstrong
player_season,2025-26,184754,UNRESOLVED,,Hwang Hee-Chan
player_season,2025-26,488213,UNRESOLVED,,Tolu Arokodare
player_season,2025-26,593001,UNRESOLVED,,Enso González
player_season,2025-26,647671,UNRESOLVED,,Mateus Mané
player_season,2025-26,596054,UNRESOLVED,,Tom Edozie
