grain,season,fixture_id,source_match_id,venue_role,source_team_id,team_season_id,fixture_attachment_status,team_attachment_status
team_match,2016-17,1,855174,HOME,3,2016-17:90,VERIFIED_SOURCE_MATCH_ROUTE,VERIFIED
team_match,2016-17,1,855174,AWAY,16,2016-17:80,VERIFIED_SOURCE_MATCH_ROUTE,VERIFIED
team_match,2016-17,2,855176,HOME,5,2016-17:31,VERIFIED_SOURCE_MATCH_ROUTE,VERIFIED
team_match,2016-17,2,855176,AWAY,19,2016-17:35,VERIFIED_SOURCE_MATCH_ROUTE,VERIFIED
team_match,2016-17,3,855177,HOME,6,2016-17:11,VERIFIED_SOURCE_MATCH_ROUTE,VERIFIED
team_match,2016-17,3,855177,AWAY,17,2016-17:6,VERIFIED_SOURCE_MATCH_ROUTE,VERIFIED
team_match,2016-17,4,855178,HOME,7,2016-17:88,VERIFIED_SOURCE_MATCH_ROUTE,VERIFIED
team_match,2016-17,4,855178,AWAY,8,2016-17:13,VERIFIED_SOURCE_MATCH_ROUTE,VERIFIED
team_match,2016-17,5,855179,HOME,10,2016-17:43,VERIFIED_SOURCE_MATCH_ROUTE,VERIFIED
team_match,2016-17,5,855179,AWAY,15,2016-17:56,VERIFIED_SOURCE_MATCH_ROUTE,VERIFIED
team_match,2016-17,6,855180,HOME,12,2016-17:25,VERIFIED_SOURCE_MATCH_ROUTE,VERIFIED
team_match,2016-17,6,855180,AWAY,14,2016-17:110,VERIFIED_SOURCE_MATCH_ROUTE,VERIFIED
team_match,2016-17,7,855181,HOME,13,2016-17:20,VERIFIED_SOURCE_MATCH_ROUTE,VERIFIED
team_match,2016-17,7,855181,AWAY,18,2016-17:57,VERIFIED_SOURCE_MATCH_ROUTE,VERIFIED
team_match,2016-17,8,855173,HOME,1,2016-17:3,VERIFIED_SOURCE_MATCH_ROUTE,VERIFIED
team_match,2016-17,8,855173,AWAY,9,2016-17:14,VERIFIED_SOURCE_MATCH_ROUTE,VERIFIED
team_match,2016-17,9,855172,HOME,2,2016-17:91,VERIFIED_SOURCE_MATCH_ROUTE,VERIFIED
team_match,2016-17,9,855172,AWAY,11,2016-17:1,VERIFIED_SOURCE_MATCH_ROUTE,VERIFIED
team_match,2016-17,10,855175,HOME,4,2016-17:8,VERIFIED_SOURCE_MATCH_ROUTE,VERIFIED
team_match,2016-17,10,855175,AWAY,20,2016-17:21,VERIFIED_SOURCE_MATCH_ROUTE,VERIFIED
team_match,2016-17,11,855184,HOME,11,2016-17:1,VERIFIED_SOURCE_MATCH_ROUTE,VERIFIED
team_match,2016-17,11,855184,AWAY,13,2016-17:20,VERIFIED_SOURCE_MATCH_ROUTE,VERIFIED
team_match,2016-17,12,855444,HOME,3,2016-17:90,VERIFIED_SOURCE_MATCH_ROUTE,VERIFIED
team_match,2016-17,12,855444,AWAY,9,2016-17:14,VERIFIED_SOURCE_MATCH_ROUTE,VERIFIED
team_match,2016-17,13,855182,HOME,8,2016-17:13,VERIFIED_SOURCE_MATCH_ROUTE,VERIFIED
team_match,2016-17,13,855182,AWAY,1,2016-17:3,VERIFIED_SOURCE_MATCH_ROUTE,VERIFIED
team_match,2016-17,14,855185,HOME,14,2016-17:110,VERIFIED_SOURCE_MATCH_ROUTE,VERIFIED
team_match,2016-17,14,855185,AWAY,10,2016-17:43,VERIFIED_SOURCE_MATCH_ROUTE,VERIFIED
team_match,2016-17,15,855187,HOME,16,2016-17:80,VERIFIED_SOURCE_MATCH_ROUTE,VERIFIED
team_match,2016-17,15,855187,AWAY,7,2016-17:88,VERIFIED_SOURCE_MATCH_ROUTE,VERIFIED
team_match,2016-17,16,855188,HOME,17,2016-17:6,VERIFIED_SOURCE_MATCH_ROUTE,VERIFIED
team_match,2016-17,16,855188,AWAY,5,2016-17:31,VERIFIED_SOURCE_MATCH_ROUTE,VERIFIED
team_match,2016-17,17,855189,HOME,18,2016-17:57,VERIFIED_SOURCE_MATCH_ROUTE,VERIFIED
team_match,2016-17,17,855189,AWAY,4,2016-17:8,VERIFIED_SOURCE_MATCH_ROUTE,VERIFIED
team_match,2016-17,18,855190,HOME,19,2016-17:35,VERIFIED_SOURCE_MATCH_ROUTE,VERIFIED
team_match,2016-17,18,855190,AWAY,6,2016-17:11,VERIFIED_SOURCE_MATCH_ROUTE,VERIFIED
team_match,2016-17,19,855186,HOME,15,2016-17:56,VERIFIED_SOURCE_MATCH_ROUTE,VERIFIED
team_match,2016-17,19,855186,AWAY,12,2016-17:25,VERIFIED_SOURCE_MATCH_ROUTE,VERIFIED
team_match,2016-17,20,855191,HOME,20,2016-17:21,VERIFIED_SOURCE_MATCH_ROUTE,VERIFIED
team_match,2016-17,20,855191,AWAY,2,2016-17:91,VERIFIED_SOURCE_MATCH_ROUTE,VERIFIED
team_match,2016-17,21,855192,HOME,4,2016-17:8,VERIFIED_SOURCE_MATCH_ROUTE,VERIFIED
team_match,2016-17,21,855192,AWAY,3,2016-17:90,VERIFIED_SOURCE_MATCH_ROUTE,VERIFIED
team_match,2016-17,22,855193,HOME,5,2016-17:31,VERIFIED_SOURCE_MATCH_ROUTE,VERIFIED
team_match,2016-17,22,855193,AWAY,2,2016-17:91,VERIFIED_SOURCE_MATCH_ROUTE,VERIFIED
team_match,2016-17,23,855194,HOME,6,2016-17:11,VERIFIED_SOURCE_MATCH_ROUTE,VERIFIED
team_match,2016-17,23,855194,AWAY,14,2016-17:110,VERIFIED_SOURCE_MATCH_ROUTE,VERIFIED
team_match,2016-17,24,855195,HOME,7,2016-17:88,VERIFIED_SOURCE_MATCH_ROUTE,VERIFIED
team_match,2016-17,24,855195,AWAY,11,2016-17:1,VERIFIED_SOURCE_MATCH_ROUTE,VERIFIED
team_match,2016-17,25,855196,HOME,8,2016-17:13,VERIFIED_SOURCE_MATCH_ROUTE,VERIFIED
team_match,2016-17,25,855196,AWAY,16,2016-17:80,VERIFIED_SOURCE_MATCH_ROUTE,VERIFIED
team_match,2016-17,26,855198,HOME,13,2016-17:20,VERIFIED_SOURCE_MATCH_ROUTE,VERIFIED
team_match,2016-17,26,855198,AWAY,15,2016-17:56,VERIFIED_SOURCE_MATCH_ROUTE,VERIFIED
team_match,2016-17,27,855199,HOME,17,2016-17:6,VERIFIED_SOURCE_MATCH_ROUTE,VERIFIED
team_match,2016-17,27,855199,AWAY,9,2016-17:14,VERIFIED_SOURCE_MATCH_ROUTE,VERIFIED
team_match,2016-17,28,855200,HOME,18,2016-17:57,VERIFIED_SOURCE_MATCH_ROUTE,VERIFIED
team_match,2016-17,28,855200,AWAY,1,2016-17:3,VERIFIED_SOURCE_MATCH_ROUTE,VERIFIED
team_match,2016-17,29,855197,HOME,10,2016-17:43,VERIFIED_SOURCE_MATCH_ROUTE,VERIFIED
team_match,2016-17,29,855197,AWAY,20,2016-17:21,VERIFIED_SOURCE_MATCH_ROUTE,VERIFIED
team_match,2016-17,30,855201,HOME,19,2016-17:35,VERIFIED_SOURCE_MATCH_ROUTE,VERIFIED
team_match,2016-17,30,855201,AWAY,12,2016-17:25,VERIFIED_SOURCE_MATCH_ROUTE,VERIFIED
team_match,2016-17,31,855203,HOME,1,2016-17:3,VERIFIED_SOURCE_MATCH_ROUTE,VERIFIED
team_match,2016-17,31,855203,AWAY,13,2016-17:20,VERIFIED_SOURCE_MATCH_ROUTE,VERIFIED
team_match,2016-17,32,855202,HOME,2,2016-17:91,VERIFIED_SOURCE_MATCH_ROUTE,VERIFIED
team_match,2016-17,32,855202,AWAY,19,2016-17:35,VERIFIED_SOURCE_MATCH_ROUTE,VERIFIED
team_match,2016-17,33,855204,HOME,3,2016-17:90,VERIFIED_SOURCE_MATCH_ROUTE,VERIFIED
team_match,2016-17,33,855204,AWAY,7,2016-17:88,VERIFIED_SOURCE_MATCH_ROUTE,VERIFIED
team_match,2016-17,34,855205,HOME,9,2016-17:14,VERIFIED_SOURCE_MATCH_ROUTE,VERIFIED
team_match,2016-17,34,855205,AWAY,8,2016-17:13,VERIFIED_SOURCE_MATCH_ROUTE,VERIFIED
team_match,2016-17,35,855206,HOME,11,2016-17:1,VERIFIED_SOURCE_MATCH_ROUTE,VERIFIED
team_match,2016-17,35,855206,AWAY,10,2016-17:43,VERIFIED_SOURCE_MATCH_ROUTE,VERIFIED
team_match,2016-17,36,855207,HOME,12,2016-17:25,VERIFIED_SOURCE_MATCH_ROUTE,VERIFIED
team_match,2016-17,36,855207,AWAY,5,2016-17:31,VERIFIED_SOURCE_MATCH_ROUTE,VERIFIED
team_match,2016-17,37,855208,HOME,14,2016-17:110,VERIFIED_SOURCE_MATCH_ROUTE,VERIFIED
team_match,2016-17,37,855208,AWAY,17,2016-17:6,VERIFIED_SOURCE_MATCH_ROUTE,VERIFIED
team_match,2016-17,38,855211,HOME,20,2016-17:21,VERIFIED_SOURCE_MATCH_ROUTE,VERIFIED
team_match,2016-17,38,855211,AWAY,18,2016-17:57,VERIFIED_SOURCE_MATCH_ROUTE,VERIFIED
team_match,2016-17,39,855210,HOME,16,2016-17:80,VERIFIED_SOURCE_MATCH_ROUTE,VERIFIED
team_match,2016-17,39,855210,AWAY,4,2016-17:8,VERIFIED_SOURCE_MATCH_ROUTE,VERIFIED
team_match,2016-17,40,855209,HOME,15,2016-17:56,VERIFIED_SOURCE_MATCH_ROUTE,VERIFIED
team_match,2016-17,40,855209,AWAY,6,2016-17:11,VERIFIED_SOURCE_MATCH_ROUTE,VERIFIED
team_match,2016-17,41,855212,HOME,4,2016-17:8,VERIFIED_SOURCE_MATCH_ROUTE,VERIFIED
team_match,2016-17,41,855212,AWAY,9,2016-17:14,VERIFIED_SOURCE_MATCH_ROUTE,VERIFIED
team_match,2016-17,42,855214,HOME,6,2016-17:11,VERIFIED_SOURCE_MATCH_ROUTE,VERIFIED
team_match,2016-17,42,855214,AWAY,12,2016-17:25,VERIFIED_SOURCE_MATCH_ROUTE,VERIFIED
team_match,2016-17,43,855215,HOME,7,2016-17:88,VERIFIED_SOURCE_MATCH_ROUTE,VERIFIED
team_match,2016-17,43,855215,AWAY,1,2016-17:3,VERIFIED_SOURCE_MATCH_ROUTE,VERIFIED
team_match,2016-17,44,855216,HOME,8,2016-17:13,VERIFIED_SOURCE_MATCH_ROUTE,VERIFIED
team_match,2016-17,44,855216,AWAY,3,2016-17:90,VERIFIED_SOURCE_MATCH_ROUTE,VERIFIED
team_match,2016-17,45,855217,HOME,10,2016-17:43,VERIFIED_SOURCE_MATCH_ROUTE,VERIFIED
team_match,2016-17,45,855217,AWAY,2,2016-17:91,VERIFIED_SOURCE_MATCH_ROUTE,VERIFIED
team_match,2016-17,46,855221,HOME,19,2016-17:35,VERIFIED_SOURCE_MATCH_ROUTE,VERIFIED
team_match,2016-17,46,855221,AWAY,20,2016-17:21,VERIFIED_SOURCE_MATCH_ROUTE,VERIFIED
team_match,2016-17,47,855213,HOME,5,2016-17:31,VERIFIED_SOURCE_MATCH_ROUTE,VERIFIED
team_match,2016-17,47,855213,AWAY,14,2016-17:110,VERIFIED_SOURCE_MATCH_ROUTE,VERIFIED
team_match,2016-17,48,855218,HOME,13,2016-17:20,VERIFIED_SOURCE_MATCH_ROUTE,VERIFIED
team_match,2016-17,48,855218,AWAY,16,2016-17:80,VERIFIED_SOURCE_MATCH_ROUTE,VERIFIED
team_match,2016-17,49,855219,HOME,17,2016-17:6,VERIFIED_SOURCE_MATCH_ROUTE,VERIFIED
team_match,2016-17,49,855219,AWAY,15,2016-17:56,VERIFIED_SOURCE_MATCH_ROUTE,VERIFIED
team_match,2016-17,50,855220,HOME,18,2016-17:57,VERIFIED_SOURCE_MATCH_ROUTE,VERIFIED
team_match,2016-17,50,855220,AWAY,11,2016-17:1,VERIFIED_SOURCE_MATCH_ROUTE,VERIFIED
team_match,2016-17,51,855223,HOME,1,2016-17:3,VERIFIED_SOURCE_MATCH_ROUTE,VERIFIED
team_match,2016-17,51,855223,AWAY,4,2016-17:8,VERIFIED_SOURCE_MATCH_ROUTE,VERIFIED
team_match,2016-17,52,855222,HOME,2,2016-17:91,VERIFIED_SOURCE_MATCH_ROUTE,VERIFIED
team_match,2016-17,52,855222,AWAY,6,2016-17:11,VERIFIED_SOURCE_MATCH_ROUTE,VERIFIED
team_match,2016-17,53,855225,HOME,9,2016-17:14,VERIFIED_SOURCE_MATCH_ROUTE,VERIFIED
team_match,2016-17,53,855225,AWAY,7,2016-17:88,VERIFIED_SOURCE_MATCH_ROUTE,VERIFIED
team_match,2016-17,54,855226,HOME,11,2016-17:1,VERIFIED_SOURCE_MATCH_ROUTE,VERIFIED
team_match,2016-17,54,855226,AWAY,8,2016-17:13,VERIFIED_SOURCE_MATCH_ROUTE,VERIFIED
team_match,2016-17,55,855227,HOME,12,2016-17:25,VERIFIED_SOURCE_MATCH_ROUTE,VERIFIED
team_match,2016-17,55,855227,AWAY,17,2016-17:6,VERIFIED_SOURCE_MATCH_ROUTE,VERIFIED
team_match,2016-17,56,855228,HOME,14,2016-17:110,VERIFIED_SOURCE_MATCH_ROUTE,VERIFIED
team_match,2016-17,56,855228,AWAY,19,2016-17:35,VERIFIED_SOURCE_MATCH_ROUTE,VERIFIED
team_match,2016-17,57,855229,HOME,15,2016-17:56,VERIFIED_SOURCE_MATCH_ROUTE,VERIFIED
team_match,2016-17,57,855229,AWAY,5,2016-17:31,VERIFIED_SOURCE_MATCH_ROUTE,VERIFIED
team_match,2016-17,58,855230,HOME,16,2016-17:80,VERIFIED_SOURCE_MATCH_ROUTE,VERIFIED
team_match,2016-17,58,855230,AWAY,10,2016-17:43,VERIFIED_SOURCE_MATCH_ROUTE,VERIFIED
team_match,2016-17,59,855231,HOME,20,2016-17:21,VERIFIED_SOURCE_MATCH_ROUTE,VERIFIED
team_match,2016-17,59,855231,AWAY,13,2016-17:20,VERIFIED_SOURCE_MATCH_ROUTE,VERIFIED
team_match,2016-17,60,855224,HOME,3,2016-17:90,VERIFIED_SOURCE_MATCH_ROUTE,VERIFIED
team_match,2016-17,60,855224,AWAY,18,2016-17:57,VERIFIED_SOURCE_MATCH_ROUTE,VERIFIED
team_match,2016-17,61,855232,HOME,3,2016-17:90,VERIFIED_SOURCE_MATCH_ROUTE,VERIFIED
team_match,2016-17,61,855232,AWAY,1,2016-17:3,VERIFIED_SOURCE_MATCH_ROUTE,VERIFIED
team_match,2016-17,62,855233,HOME,6,2016-17:11,VERIFIED_SOURCE_MATCH_ROUTE,VERIFIED
team_match,2016-17,62,855233,AWAY,5,2016-17:31,VERIFIED_SOURCE_MATCH_ROUTE,VERIFIED
team_match,2016-17,63,855234,HOME,7,2016-17:88,VERIFIED_SOURCE_MATCH_ROUTE,VERIFIED
team_match,2016-17,63,855234,AWAY,4,2016-17:8,VERIFIED_SOURCE_MATCH_ROUTE,VERIFIED
team_match,2016-17,64,855235,HOME,8,2016-17:13,VERIFIED_SOURCE_MATCH_ROUTE,VERIFIED
team_match,2016-17,64,855235,AWAY,13,2016-17:20,VERIFIED_SOURCE_MATCH_ROUTE,VERIFIED
team_match,2016-17,65,855236,HOME,11,2016-17:1,VERIFIED_SOURCE_MATCH_ROUTE,VERIFIED
team_match,2016-17,65,855236,AWAY,14,2016-17:110,VERIFIED_SOURCE_MATCH_ROUTE,VERIFIED
team_match,2016-17,66,855237,HOME,15,2016-17:56,VERIFIED_SOURCE_MATCH_ROUTE,VERIFIED
team_match,2016-17,66,855237,AWAY,19,2016-17:35,VERIFIED_SOURCE_MATCH_ROUTE,VERIFIED
team_match,2016-17,67,855238,HOME,16,2016-17:80,VERIFIED_SOURCE_MATCH_ROUTE,VERIFIED
team_match,2016-17,67,855238,AWAY,9,2016-17:14,VERIFIED_SOURCE_MATCH_ROUTE,VERIFIED
team_match,2016-17,68,855239,HOME,17,2016-17:6,VERIFIED_SOURCE_MATCH_ROUTE,VERIFIED
team_match,2016-17,68,855239,AWAY,10,2016-17:43,VERIFIED_SOURCE_MATCH_ROUTE,VERIFIED
team_match,2016-17,69,855240,HOME,18,2016-17:57,VERIFIED_SOURCE_MATCH_ROUTE,VERIFIED
team_match,2016-17,69,855240,AWAY,2,2016-17:91,VERIFIED_SOURCE_MATCH_ROUTE,VERIFIED
team_match,2016-17,70,855241,HOME,20,2016-17:21,VERIFIED_SOURCE_MATCH_ROUTE,VERIFIED
team_match,2016-17,70,855241,AWAY,12,2016-17:25,VERIFIED_SOURCE_MATCH_ROUTE,VERIFIED
team_match,2016-17,71,855243,HOME,1,2016-17:3,VERIFIED_SOURCE_MATCH_ROUTE,VERIFIED
team_match,2016-17,71,855243,AWAY,16,2016-17:80,VERIFIED_SOURCE_MATCH_ROUTE,VERIFIED
team_match,2016-17,72,855242,HOME,2,2016-17:91,VERIFIED_SOURCE_MATCH_ROUTE,VERIFIED
team_match,2016-17,72,855242,AWAY,7,2016-17:88,VERIFIED_SOURCE_MATCH_ROUTE,VERIFIED
team_match,2016-17,73,855244,HOME,4,2016-17:8,VERIFIED_SOURCE_MATCH_ROUTE,VERIFIED
team_match,2016-17,73,855244,AWAY,8,2016-17:13,VERIFIED_SOURCE_MATCH_ROUTE,VERIFIED
team_match,2016-17,74,855245,HOME,5,2016-17:31,VERIFIED_SOURCE_MATCH_ROUTE,VERIFIED
team_match,2016-17,74,855245,AWAY,20,2016-17:21,VERIFIED_SOURCE_MATCH_ROUTE,VERIFIED
team_match,2016-17,75,855246,HOME,9,2016-17:14,VERIFIED_SOURCE_MATCH_ROUTE,VERIFIED
team_match,2016-17,75,855246,AWAY,11,2016-17:1,VERIFIED_SOURCE_MATCH_ROUTE,VERIFIED
team_match,2016-17,76,855247,HOME,10,2016-17:43,VERIFIED_SOURCE_MATCH_ROUTE,VERIFIED
team_match,2016-17,76,855247,AWAY,6,2016-17:11,VERIFIED_SOURCE_MATCH_ROUTE,VERIFIED
team_match,2016-17,77,855248,HOME,12,2016-17:25,VERIFIED_SOURCE_MATCH_ROUTE,VERIFIED
team_match,2016-17,77,855248,AWAY,18,2016-17:57,VERIFIED_SOURCE_MATCH_ROUTE,VERIFIED
team_match,2016-17,78,855249,HOME,13,2016-17:20,VERIFIED_SOURCE_MATCH_ROUTE,VERIFIED
team_match,2016-17,78,855249,AWAY,3,2016-17:90,VERIFIED_SOURCE_MATCH_ROUTE,VERIFIED
team_match,2016-17,79,855250,HOME,14,2016-17:110,VERIFIED_SOURCE_MATCH_ROUTE,VERIFIED
team_match,2016-17,79,855250,AWAY,15,2016-17:56,VERIFIED_SOURCE_MATCH_ROUTE,VERIFIED
team_match,2016-17,80,855251,HOME,19,2016-17:35,VERIFIED_SOURCE_MATCH_ROUTE,VERIFIED
team_match,2016-17,80,855251,AWAY,17,2016-17:6,VERIFIED_SOURCE_MATCH_ROUTE,VERIFIED
team_match,2016-17,81,855253,HOME,1,2016-17:3,VERIFIED_SOURCE_MATCH_ROUTE,VERIFIED
team_match,2016-17,81,855253,AWAY,12,2016-17:25,VERIFIED_SOURCE_MATCH_ROUTE,VERIFIED
team_match,2016-17,82,855252,HOME,2,2016-17:91,VERIFIED_SOURCE_MATCH_ROUTE,VERIFIED
team_match,2016-17,82,855252,AWAY,17,2016-17:6,VERIFIED_SOURCE_MATCH_ROUTE,VERIFIED
team_match,2016-17,83,855254,HOME,3,2016-17:90,VERIFIED_SOURCE_MATCH_ROUTE,VERIFIED
team_match,2016-17,83,855254,AWAY,6,2016-17:11,VERIFIED_SOURCE_MATCH_ROUTE,VERIFIED
team_match,2016-17,84,855255,HOME,4,2016-17:8,VERIFIED_SOURCE_MATCH_ROUTE,VERIFIED
team_match,2016-17,84,855255,AWAY,11,2016-17:1,VERIFIED_SOURCE_MATCH_ROUTE,VERIFIED
team_match,2016-17,85,855256,HOME,7,2016-17:88,VERIFIED_SOURCE_MATCH_ROUTE,VERIFIED
team_match,2016-17,85,855256,AWAY,14,2016-17:110,VERIFIED_SOURCE_MATCH_ROUTE,VERIFIED
team_match,2016-17,86,855257,HOME,8,2016-17:13,VERIFIED_SOURCE_MATCH_ROUTE,VERIFIED
team_match,2016-17,86,855257,AWAY,5,2016-17:31,VERIFIED_SOURCE_MATCH_ROUTE,VERIFIED
team_match,2016-17,87,855258,HOME,9,2016-17:14,VERIFIED_SOURCE_MATCH_ROUTE,VERIFIED
team_match,2016-17,87,855258,AWAY,19,2016-17:35,VERIFIED_SOURCE_MATCH_ROUTE,VERIFIED
team_match,2016-17,88,855259,HOME,10,2016-17:43,VERIFIED_SOURCE_MATCH_ROUTE,VERIFIED
team_match,2016-17,88,855259,AWAY,13,2016-17:20,VERIFIED_SOURCE_MATCH_ROUTE,VERIFIED
team_match,2016-17,89,855260,HOME,16,2016-17:80,VERIFIED_SOURCE_MATCH_ROUTE,VERIFIED
team_match,2016-17,89,855260,AWAY,18,2016-17:57,VERIFIED_SOURCE_MATCH_ROUTE,VERIFIED
team_match,2016-17,90,855261,HOME,20,2016-17:21,VERIFIED_SOURCE_MATCH_ROUTE,VERIFIED
team_match,2016-17,90,855261,AWAY,15,2016-17:56,VERIFIED_SOURCE_MATCH_ROUTE,VERIFIED
team_match,2016-17,91,855262,HOME,5,2016-17:31,VERIFIED_SOURCE_MATCH_ROUTE,VERIFIED
team_match,2016-17,91,855262,AWAY,9,2016-17:14,VERIFIED_SOURCE_MATCH_ROUTE,VERIFIED
team_match,2016-17,92,855263,HOME,6,2016-17:11,VERIFIED_SOURCE_MATCH_ROUTE,VERIFIED
team_match,2016-17,92,855263,AWAY,20,2016-17:21,VERIFIED_SOURCE_MATCH_ROUTE,VERIFIED
team_match,2016-17,93,855264,HOME,11,2016-17:1,VERIFIED_SOURCE_MATCH_ROUTE,VERIFIED
team_match,2016-17,93,855264,AWAY,3,2016-17:90,VERIFIED_SOURCE_MATCH_ROUTE,VERIFIED
team_match,2016-17,94,855265,HOME,12,2016-17:25,VERIFIED_SOURCE_MATCH_ROUTE,VERIFIED
team_match,2016-17,94,855265,AWAY,2,2016-17:91,VERIFIED_SOURCE_MATCH_ROUTE,VERIFIED
team_match,2016-17,95,855266,HOME,13,2016-17:20,VERIFIED_SOURCE_MATCH_ROUTE,VERIFIED
team_match,2016-17,95,855266,AWAY,4,2016-17:8,VERIFIED_SOURCE_MATCH_ROUTE,VERIFIED
team_match,2016-17,96,855267,HOME,14,2016-17:110,VERIFIED_SOURCE_MATCH_ROUTE,VERIFIED
team_match,2016-17,96,855267,AWAY,16,2016-17:80,VERIFIED_SOURCE_MATCH_ROUTE,VERIFIED
team_match,2016-17,97,855268,HOME,15,2016-17:56,VERIFIED_SOURCE_MATCH_ROUTE,VERIFIED
team_match,2016-17,97,855268,AWAY,1,2016-17:3,VERIFIED_SOURCE_MATCH_ROUTE,VERIFIED
team_match,2016-17,98,855269,HOME,17,2016-17:6,VERIFIED_SOURCE_MATCH_ROUTE,VERIFIED
team_match,2016-17,98,855269,AWAY,8,2016-17:13,VERIFIED_SOURCE_MATCH_ROUTE,VERIFIED
team_match,2016-17,99,855270,HOME,18,2016-17:57,VERIFIED_SOURCE_MATCH_ROUTE,VERIFIED
team_match,2016-17,99,855270,AWAY,7,2016-17:88,VERIFIED_SOURCE_MATCH_ROUTE,VERIFIED
team_match,2016-17,100,855271,HOME,19,2016-17:35,VERIFIED_SOURCE_MATCH_ROUTE,VERIFIED
team_match,2016-17,100,855271,AWAY,10,2016-17:43,VERIFIED_SOURCE_MATCH_ROUTE,VERIFIED
team_match,2016-17,101,855273,HOME,1,2016-17:3,VERIFIED_SOURCE_MATCH_ROUTE,VERIFIED
team_match,2016-17,101,855273,AWAY,17,2016-17:6,VERIFIED_SOURCE_MATCH_ROUTE,VERIFIED
team_match,2016-17,102,855272,HOME,2,2016-17:91,VERIFIED_SOURCE_MATCH_ROUTE,VERIFIED
team_match,2016-17,102,855272,AWAY,15,2016-17:56,VERIFIED_SOURCE_MATCH_ROUTE,VERIFIED
team_match,2016-17,103,855274,HOME,3,2016-17:90,VERIFIED_SOURCE_MATCH_ROUTE,VERIFIED
team_match,2016-17,103,855274,AWAY,5,2016-17:31,VERIFIED_SOURCE_MATCH_ROUTE,VERIFIED
team_match,2016-17,104,855275,HOME,4,2016-17:8,VERIFIED_SOURCE_MATCH_ROUTE,VERIFIED
team_match,2016-17,104,855275,AWAY,6,2016-17:11,VERIFIED_SOURCE_MATCH_ROUTE,VERIFIED
team_match,2016-17,105,855276,HOME,7,2016-17:88,VERIFIED_SOURCE_MATCH_ROUTE,VERIFIED
team_match,2016-17,105,855276,AWAY,13,2016-17:20,VERIFIED_SOURCE_MATCH_ROUTE,VERIFIED
team_match,2016-17,106,855277,HOME,8,2016-17:13,VERIFIED_SOURCE_MATCH_ROUTE,VERIFIED
team_match,2016-17,106,855277,AWAY,19,2016-17:35,VERIFIED_SOURCE_MATCH_ROUTE,VERIFIED
team_match,2016-17,107,855278,HOME,9,2016-17:14,VERIFIED_SOURCE_MATCH_ROUTE,VERIFIED
team_match,2016-17,107,855278,AWAY,18,2016-17:57,VERIFIED_SOURCE_MATCH_ROUTE,VERIFIED
team_match,2016-17,108,855279,HOME,10,2016-17:43,VERIFIED_SOURCE_MATCH_ROUTE,VERIFIED
team_match,2016-17,108,855279,AWAY,12,2016-17:25,VERIFIED_SOURCE_MATCH_ROUTE,VERIFIED
team_match,2016-17,109,855280,HOME,16,2016-17:80,VERIFIED_SOURCE_MATCH_ROUTE,VERIFIED
team_match,2016-17,109,855280,AWAY,11,2016-17:1,VERIFIED_SOURCE_MATCH_ROUTE,VERIFIED
team_match,2016-17,110,855281,HOME,20,2016-17:21,VERIFIED_SOURCE_MATCH_ROUTE,VERIFIED
team_match,2016-17,110,855281,AWAY,14,2016-17:110,VERIFIED_SOURCE_MATCH_ROUTE,VERIFIED
team_match,2016-17,111,855282,HOME,5,2016-17:31,VERIFIED_SOURCE_MATCH_ROUTE,VERIFIED
team_match,2016-17,111,855282,AWAY,10,2016-17:43,VERIFIED_SOURCE_MATCH_ROUTE,VERIFIED
team_match,2016-17,112,855283,HOME,6,2016-17:11,VERIFIED_SOURCE_MATCH_ROUTE,VERIFIED
team_match,2016-17,112,855283,AWAY,16,2016-17:80,VERIFIED_SOURCE_MATCH_ROUTE,VERIFIED
team_match,2016-17,113,855284,HOME,11,2016-17:1,VERIFIED_SOURCE_MATCH_ROUTE,VERIFIED
team_match,2016-17,113,855284,AWAY,1,2016-17:3,VERIFIED_SOURCE_MATCH_ROUTE,VERIFIED
team_match,2016-17,114,855285,HOME,12,2016-17:25,VERIFIED_SOURCE_MATCH_ROUTE,VERIFIED
team_match,2016-17,114,855285,AWAY,4,2016-17:8,VERIFIED_SOURCE_MATCH_ROUTE,VERIFIED
team_match,2016-17,115,855286,HOME,13,2016-17:20,VERIFIED_SOURCE_MATCH_ROUTE,VERIFIED
team_match,2016-17,115,855286,AWAY,9,2016-17:14,VERIFIED_SOURCE_MATCH_ROUTE,VERIFIED
team_match,2016-17,116,855287,HOME,14,2016-17:110,VERIFIED_SOURCE_MATCH_ROUTE,VERIFIED
team_match,2016-17,116,855287,AWAY,2,2016-17:91,VERIFIED_SOURCE_MATCH_ROUTE,VERIFIED
team_match,2016-17,117,855288,HOME,15,2016-17:56,VERIFIED_SOURCE_MATCH_ROUTE,VERIFIED
team_match,2016-17,117,855288,AWAY,7,2016-17:88,VERIFIED_SOURCE_MATCH_ROUTE,VERIFIED
team_match,2016-17,118,855289,HOME,17,2016-17:6,VERIFIED_SOURCE_MATCH_ROUTE,VERIFIED
team_match,2016-17,118,855289,AWAY,20,2016-17:21,VERIFIED_SOURCE_MATCH_ROUTE,VERIFIED
team_match,2016-17,119,855290,HOME,18,2016-17:57,VERIFIED_SOURCE_MATCH_ROUTE,VERIFIED
team_match,2016-17,119,855290,AWAY,8,2016-17:13,VERIFIED_SOURCE_MATCH_ROUTE,VERIFIED
team_match,2016-17,120,855291,HOME,19,2016-17:35,VERIFIED_SOURCE_MATCH_ROUTE,VERIFIED
team_match,2016-17,120,855291,AWAY,3,2016-17:90,VERIFIED_SOURCE_MATCH_ROUTE,VERIFIED
team_match,2016-17,121,855292,HOME,1,2016-17:3,VERIFIED_SOURCE_MATCH_ROUTE,VERIFIED
team_match,2016-17,121,855292,AWAY,2,2016-17:91,VERIFIED_SOURCE_MATCH_ROUTE,VERIFIED
team_match,2016-17,122,855293,HOME,3,2016-17:90,VERIFIED_SOURCE_MATCH_ROUTE,VERIFIED
team_match,2016-17,122,855293,AWAY,10,2016-17:43,VERIFIED_SOURCE_MATCH_ROUTE,VERIFIED
team_match,2016-17,123,855294,HOME,4,2016-17:8,VERIFIED_SOURCE_MATCH_ROUTE,VERIFIED
team_match,2016-17,123,855294,AWAY,17,2016-17:6,VERIFIED_SOURCE_MATCH_ROUTE,VERIFIED
team_match,2016-17,124,855295,HOME,7,2016-17:88,VERIFIED_SOURCE_MATCH_ROUTE,VERIFIED
team_match,2016-17,124,855295,AWAY,19,2016-17:35,VERIFIED_SOURCE_MATCH_ROUTE,VERIFIED
team_match,2016-17,125,855296,HOME,8,2016-17:13,VERIFIED_SOURCE_MATCH_ROUTE,VERIFIED
team_match,2016-17,125,855296,AWAY,12,2016-17:25,VERIFIED_SOURCE_MATCH_ROUTE,VERIFIED
team_match,2016-17,126,855297,HOME,9,2016-17:14,VERIFIED_SOURCE_MATCH_ROUTE,VERIFIED
team_match,2016-17,126,855297,AWAY,15,2016-17:56,VERIFIED_SOURCE_MATCH_ROUTE,VERIFIED
team_match,2016-17,127,855298,HOME,11,2016-17:1,VERIFIED_SOURCE_MATCH_ROUTE,VERIFIED
team_match,2016-17,127,855298,AWAY,20,2016-17:21,VERIFIED_SOURCE_MATCH_ROUTE,VERIFIED
team_match,2016-17,128,855299,HOME,13,2016-17:20,VERIFIED_SOURCE_MATCH_ROUTE,VERIFIED
team_match,2016-17,128,855299,AWAY,6,2016-17:11,VERIFIED_SOURCE_MATCH_ROUTE,VERIFIED
team_match,2016-17,129,855300,HOME,16,2016-17:80,VERIFIED_SOURCE_MATCH_ROUTE,VERIFIED
team_match,2016-17,129,855300,AWAY,5,2016-17:31,VERIFIED_SOURCE_MATCH_ROUTE,VERIFIED
team_match,2016-17,130,855301,HOME,18,2016-17:57,VERIFIED_SOURCE_MATCH_ROUTE,VERIFIED
team_match,2016-17,130,855301,AWAY,14,2016-17:110,VERIFIED_SOURCE_MATCH_ROUTE,VERIFIED
team_match,2016-17,131,855302,HOME,2,2016-17:91,VERIFIED_SOURCE_MATCH_ROUTE,VERIFIED
team_match,2016-17,131,855302,AWAY,9,2016-17:14,VERIFIED_SOURCE_MATCH_ROUTE,VERIFIED
team_match,2016-17,132,855303,HOME,5,2016-17:31,VERIFIED_SOURCE_MATCH_ROUTE,VERIFIED
team_match,2016-17,132,855303,AWAY,13,2016-17:20,VERIFIED_SOURCE_MATCH_ROUTE,VERIFIED
team_match,2016-17,133,855304,HOME,6,2016-17:11,VERIFIED_SOURCE_MATCH_ROUTE,VERIFIED
team_match,2016-17,133,855304,AWAY,11,2016-17:1,VERIFIED_SOURCE_MATCH_ROUTE,VERIFIED
team_match,2016-17,134,855305,HOME,10,2016-17:43,VERIFIED_SOURCE_MATCH_ROUTE,VERIFIED
team_match,2016-17,134,855305,AWAY,4,2016-17:8,VERIFIED_SOURCE_MATCH_ROUTE,VERIFIED
team_match,2016-17,135,855306,HOME,12,2016-17:25,VERIFIED_SOURCE_MATCH_ROUTE,VERIFIED
team_match,2016-17,135,855306,AWAY,7,2016-17:88,VERIFIED_SOURCE_MATCH_ROUTE,VERIFIED
team_match,2016-17,136,855307,HOME,14,2016-17:110,VERIFIED_SOURCE_MATCH_ROUTE,VERIFIED
team_match,2016-17,136,855307,AWAY,3,2016-17:90,VERIFIED_SOURCE_MATCH_ROUTE,VERIFIED
team_match,2016-17,137,855308,HOME,15,2016-17:56,VERIFIED_SOURCE_MATCH_ROUTE,VERIFIED
team_match,2016-17,137,855308,AWAY,8,2016-17:13,VERIFIED_SOURCE_MATCH_ROUTE,VERIFIED
team_match,2016-17,138,855309,HOME,17,2016-17:6,VERIFIED_SOURCE_MATCH_ROUTE,VERIFIED
team_match,2016-17,138,855309,AWAY,16,2016-17:80,VERIFIED_SOURCE_MATCH_ROUTE,VERIFIED
team_match,2016-17,139,855310,HOME,19,2016-17:35,VERIFIED_SOURCE_MATCH_ROUTE,VERIFIED
team_match,2016-17,139,855310,AWAY,18,2016-17:57,VERIFIED_SOURCE_MATCH_ROUTE,VERIFIED
team_match,2016-17,140,855311,HOME,20,2016-17:21,VERIFIED_SOURCE_MATCH_ROUTE,VERIFIED
team_match,2016-17,140,855311,AWAY,1,2016-17:3,VERIFIED_SOURCE_MATCH_ROUTE,VERIFIED
team_match,2016-17,141,855312,HOME,1,2016-17:3,VERIFIED_SOURCE_MATCH_ROUTE,VERIFIED
team_match,2016-17,141,855312,AWAY,14,2016-17:110,VERIFIED_SOURCE_MATCH_ROUTE,VERIFIED
team_match,2016-17,142,855313,HOME,3,2016-17:90,VERIFIED_SOURCE_MATCH_ROUTE,VERIFIED
team_match,2016-17,142,855313,AWAY,2,2016-17:91,VERIFIED_SOURCE_MATCH_ROUTE,VERIFIED
team_match,2016-17,143,855314,HOME,4,2016-17:8,VERIFIED_SOURCE_MATCH_ROUTE,VERIFIED
team_match,2016-17,143,855314,AWAY,19,2016-17:35,VERIFIED_SOURCE_MATCH_ROUTE,VERIFIED
team_match,2016-17,144,855315,HOME,7,2016-17:88,VERIFIED_SOURCE_MATCH_ROUTE,VERIFIED
team_match,2016-17,144,855315,AWAY,5,2016-17:31,VERIFIED_SOURCE_MATCH_ROUTE,VERIFIED
team_match,2016-17,145,855316,HOME,8,2016-17:13,VERIFIED_SOURCE_MATCH_ROUTE,VERIFIED
team_match,2016-17,145,855316,AWAY,10,2016-17:43,VERIFIED_SOURCE_MATCH_ROUTE,VERIFIED
team_match,2016-17,146,855317,HOME,9,2016-17:14,VERIFIED_SOURCE_MATCH_ROUTE,VERIFIED
team_match,2016-17,146,855317,AWAY,20,2016-17:21,VERIFIED_SOURCE_MATCH_ROUTE,VERIFIED
team_match,2016-17,147,855320,HOME,16,2016-17:80,VERIFIED_SOURCE_MATCH_ROUTE,VERIFIED
team_match,2016-17,147,855320,AWAY,15,2016-17:56,VERIFIED_SOURCE_MATCH_ROUTE,VERIFIED
team_match,2016-17,148,855321,HOME,18,2016-17:57,VERIFIED_SOURCE_MATCH_ROUTE,VERIFIED
team_match,2016-17,148,855321,AWAY,6,2016-17:11,VERIFIED_SOURCE_MATCH_ROUTE,VERIFIED
team_match,2016-17,149,855318,HOME,11,2016-17:1,VERIFIED_SOURCE_MATCH_ROUTE,VERIFIED
team_match,2016-17,149,855318,AWAY,17,2016-17:6,VERIFIED_SOURCE_MATCH_ROUTE,VERIFIED
team_match,2016-17,150,855319,HOME,13,2016-17:20,VERIFIED_SOURCE_MATCH_ROUTE,VERIFIED
team_match,2016-17,150,855319,AWAY,12,2016-17:25,VERIFIED_SOURCE_MATCH_ROUTE,VERIFIED
team_match,2016-17,151,855322,HOME,2,2016-17:91,VERIFIED_SOURCE_MATCH_ROUTE,VERIFIED
team_match,2016-17,151,855322,AWAY,8,2016-17:13,VERIFIED_SOURCE_MATCH_ROUTE,VERIFIED
team_match,2016-17,152,855325,HOME,15,2016-17:56,VERIFIED_SOURCE_MATCH_ROUTE,VERIFIED
team_match,2016-17,152,855325,AWAY,4,2016-17:8,VERIFIED_SOURCE_MATCH_ROUTE,VERIFIED
team_match,2016-17,153,855326,HOME,19,2016-17:35,VERIFIED_SOURCE_MATCH_ROUTE,VERIFIED
team_match,2016-17,153,855326,AWAY,16,2016-17:80,VERIFIED_SOURCE_MATCH_ROUTE,VERIFIED
team_match,2016-17,154,855327,HOME,20,2016-17:21,VERIFIED_SOURCE_MATCH_ROUTE,VERIFIED
team_match,2016-17,154,855327,AWAY,3,2016-17:90,VERIFIED_SOURCE_MATCH_ROUTE,VERIFIED
team_match,2016-17,155,855323,HOME,5,2016-17:31,VERIFIED_SOURCE_MATCH_ROUTE,VERIFIED
team_match,2016-17,155,855323,AWAY,11,2016-17:1,VERIFIED_SOURCE_MATCH_ROUTE,VERIFIED
team_match,2016-17,156,855328,HOME,6,2016-17:11,VERIFIED_SOURCE_MATCH_ROUTE,VERIFIED
team_match,2016-17,156,855328,AWAY,1,2016-17:3,VERIFIED_SOURCE_MATCH_ROUTE,VERIFIED
team_match,2016-17,157,855329,HOME,10,2016-17:43,VERIFIED_SOURCE_MATCH_ROUTE,VERIFIED
team_match,2016-17,157,855329,AWAY,18,2016-17:57,VERIFIED_SOURCE_MATCH_ROUTE,VERIFIED
team_match,2016-17,158,855324,HOME,12,2016-17:25,VERIFIED_SOURCE_MATCH_ROUTE,VERIFIED
team_match,2016-17,158,855324,AWAY,9,2016-17:14,VERIFIED_SOURCE_MATCH_ROUTE,VERIFIED
team_match,2016-17,159,855330,HOME,14,2016-17:110,VERIFIED_SOURCE_MATCH_ROUTE,VERIFIED
team_match,2016-17,159,855330,AWAY,13,2016-17:20,VERIFIED_SOURCE_MATCH_ROUTE,VERIFIED
team_match,2016-17,160,855331,HOME,17,2016-17:6,VERIFIED_SOURCE_MATCH_ROUTE,VERIFIED
team_match,2016-17,160,855331,AWAY,7,2016-17:88,VERIFIED_SOURCE_MATCH_ROUTE,VERIFIED
team_match,2016-17,161,855332,HOME,2,2016-17:91,VERIFIED_SOURCE_MATCH_ROUTE,VERIFIED
team_match,2016-17,161,855332,AWAY,13,2016-17:20,VERIFIED_SOURCE_MATCH_ROUTE,VERIFIED
team_match,2016-17,162,855333,HOME,5,2016-17:31,VERIFIED_SOURCE_MATCH_ROUTE,VERIFIED
team_match,2016-17,162,855333,AWAY,4,2016-17:8,VERIFIED_SOURCE_MATCH_ROUTE,VERIFIED
team_match,2016-17,163,855334,HOME,6,2016-17:11,VERIFIED_SOURCE_MATCH_ROUTE,VERIFIED
team_match,2016-17,163,855334,AWAY,9,2016-17:14,VERIFIED_SOURCE_MATCH_ROUTE,VERIFIED
team_match,2016-17,164,855335,HOME,10,2016-17:43,VERIFIED_SOURCE_MATCH_ROUTE,VERIFIED
team_match,2016-17,164,855335,AWAY,1,2016-17:3,VERIFIED_SOURCE_MATCH_ROUTE,VERIFIED
team_match,2016-17,165,855336,HOME,12,2016-17:25,VERIFIED_SOURCE_MATCH_ROUTE,VERIFIED
team_match,2016-17,165,855336,AWAY,16,2016-17:80,VERIFIED_SOURCE_MATCH_ROUTE,VERIFIED
team_match,2016-17,166,855337,HOME,14,2016-17:110,VERIFIED_SOURCE_MATCH_ROUTE,VERIFIED
team_match,2016-17,166,855337,AWAY,8,2016-17:13,VERIFIED_SOURCE_MATCH_ROUTE,VERIFIED
team_match,2016-17,167,855338,HOME,15,2016-17:56,VERIFIED_SOURCE_MATCH_ROUTE,VERIFIED
team_match,2016-17,167,855338,AWAY,18,2016-17:57,VERIFIED_SOURCE_MATCH_ROUTE,VERIFIED
team_match,2016-17,168,855339,HOME,17,2016-17:6,VERIFIED_SOURCE_MATCH_ROUTE,VERIFIED
team_match,2016-17,168,855339,AWAY,3,2016-17:90,VERIFIED_SOURCE_MATCH_ROUTE,VERIFIED
team_match,2016-17,169,855340,HOME,19,2016-17:35,VERIFIED_SOURCE_MATCH_ROUTE,VERIFIED
team_match,2016-17,169,855340,AWAY,11,2016-17:1,VERIFIED_SOURCE_MATCH_ROUTE,VERIFIED
team_match,2016-17,170,855341,HOME,20,2016-17:21,VERIFIED_SOURCE_MATCH_ROUTE,VERIFIED
team_match,2016-17,170,855341,AWAY,7,2016-17:88,VERIFIED_SOURCE_MATCH_ROUTE,VERIFIED
team_match,2016-17,171,855342,HOME,1,2016-17:3,VERIFIED_SOURCE_MATCH_ROUTE,VERIFIED
team_match,2016-17,171,855342,AWAY,19,2016-17:35,VERIFIED_SOURCE_MATCH_ROUTE,VERIFIED
team_match,2016-17,172,855343,HOME,3,2016-17:90,VERIFIED_SOURCE_MATCH_ROUTE,VERIFIED
team_match,2016-17,172,855343,AWAY,12,2016-17:25,VERIFIED_SOURCE_MATCH_ROUTE,VERIFIED
team_match,2016-17,173,855344,HOME,4,2016-17:8,VERIFIED_SOURCE_MATCH_ROUTE,VERIFIED
team_match,2016-17,173,855344,AWAY,2,2016-17:91,VERIFIED_SOURCE_MATCH_ROUTE,VERIFIED
team_match,2016-17,174,855345,HOME,7,2016-17:88,VERIFIED_SOURCE_MATCH_ROUTE,VERIFIED
team_match,2016-17,174,855345,AWAY,10,2016-17:43,VERIFIED_SOURCE_MATCH_ROUTE,VERIFIED
team_match,2016-17,175,855346,HOME,8,2016-17:13,VERIFIED_SOURCE_MATCH_ROUTE,VERIFIED
team_match,2016-17,175,855346,AWAY,6,2016-17:11,VERIFIED_SOURCE_MATCH_ROUTE,VERIFIED
team_match,2016-17,176,855347,HOME,9,2016-17:14,VERIFIED_SOURCE_MATCH_ROUTE,VERIFIED
team_match,2016-17,176,855347,AWAY,14,2016-17:110,VERIFIED_SOURCE_MATCH_ROUTE,VERIFIED
team_match,2016-17,177,855348,HOME,11,2016-17:1,VERIFIED_SOURCE_MATCH_ROUTE,VERIFIED
team_match,2016-17,177,855348,AWAY,15,2016-17:56,VERIFIED_SOURCE_MATCH_ROUTE,VERIFIED
team_match,2016-17,178,855349,HOME,13,2016-17:20,VERIFIED_SOURCE_MATCH_ROUTE,VERIFIED
team_match,2016-17,178,855349,AWAY,17,2016-17:6,VERIFIED_SOURCE_MATCH_ROUTE,VERIFIED
team_match,2016-17,179,855350,HOME,16,2016-17:80,VERIFIED_SOURCE_MATCH_ROUTE,VERIFIED
team_match,2016-17,179,855350,AWAY,20,2016-17:21,VERIFIED_SOURCE_MATCH_ROUTE,VERIFIED
team_match,2016-17,180,855351,HOME,18,2016-17:57,VERIFIED_SOURCE_MATCH_ROUTE,VERIFIED
team_match,2016-17,180,855351,AWAY,5,2016-17:31,VERIFIED_SOURCE_MATCH_ROUTE,VERIFIED
team_match,2016-17,181,855352,HOME,1,2016-17:3,VERIFIED_SOURCE_MATCH_ROUTE,VERIFIED
team_match,2016-17,181,855352,AWAY,5,2016-17:31,VERIFIED_SOURCE_MATCH_ROUTE,VERIFIED
team_match,2016-17,182,855353,HOME,3,2016-17:90,VERIFIED_SOURCE_MATCH_ROUTE,VERIFIED
team_match,2016-17,182,855353,AWAY,15,2016-17:56,VERIFIED_SOURCE_MATCH_ROUTE,VERIFIED
team_match,2016-17,183,855354,HOME,4,2016-17:8,VERIFIED_SOURCE_MATCH_ROUTE,VERIFIED
team_match,2016-17,183,855354,AWAY,14,2016-17:110,VERIFIED_SOURCE_MATCH_ROUTE,VERIFIED
team_match,2016-17,184,855355,HOME,7,2016-17:88,VERIFIED_SOURCE_MATCH_ROUTE,VERIFIED
team_match,2016-17,184,855355,AWAY,6,2016-17:11,VERIFIED_SOURCE_MATCH_ROUTE,VERIFIED
team_match,2016-17,185,855356,HOME,8,2016-17:13,VERIFIED_SOURCE_MATCH_ROUTE,VERIFIED
team_match,2016-17,185,855356,AWAY,20,2016-17:21,VERIFIED_SOURCE_MATCH_ROUTE,VERIFIED
team_match,2016-17,186,855357,HOME,9,2016-17:14,VERIFIED_SOURCE_MATCH_ROUTE,VERIFIED
team_match,2016-17,186,855357,AWAY,10,2016-17:43,VERIFIED_SOURCE_MATCH_ROUTE,VERIFIED
team_match,2016-17,187,855358,HOME,11,2016-17:1,VERIFIED_SOURCE_MATCH_ROUTE,VERIFIED
team_match,2016-17,187,855358,AWAY,12,2016-17:25,VERIFIED_SOURCE_MATCH_ROUTE,VERIFIED
team_match,2016-17,188,855359,HOME,13,2016-17:20,VERIFIED_SOURCE_MATCH_ROUTE,VERIFIED
team_match,2016-17,188,855359,AWAY,19,2016-17:35,VERIFIED_SOURCE_MATCH_ROUTE,VERIFIED
team_match,2016-17,189,855360,HOME,16,2016-17:80,VERIFIED_SOURCE_MATCH_ROUTE,VERIFIED
team_match,2016-17,189,855360,AWAY,2,2016-17:91,VERIFIED_SOURCE_MATCH_ROUTE,VERIFIED
team_match,2016-17,190,855361,HOME,18,2016-17:57,VERIFIED_SOURCE_MATCH_ROUTE,VERIFIED
team_match,2016-17,190,855361,AWAY,17,2016-17:6,VERIFIED_SOURCE_MATCH_ROUTE,VERIFIED
team_match,2016-17,191,855362,HOME,2,2016-17:91,VERIFIED_SOURCE_MATCH_ROUTE,VERIFIED
team_match,2016-17,191,855362,AWAY,1,2016-17:3,VERIFIED_SOURCE_MATCH_ROUTE,VERIFIED
team_match,2016-17,192,855363,HOME,5,2016-17:31,VERIFIED_SOURCE_MATCH_ROUTE,VERIFIED
team_match,2016-17,192,855363,AWAY,16,2016-17:80,VERIFIED_SOURCE_MATCH_ROUTE,VERIFIED
team_match,2016-17,193,855364,HOME,6,2016-17:11,VERIFIED_SOURCE_MATCH_ROUTE,VERIFIED
team_match,2016-17,193,855364,AWAY,13,2016-17:20,VERIFIED_SOURCE_MATCH_ROUTE,VERIFIED
team_match,2016-17,194,855365,HOME,10,2016-17:43,VERIFIED_SOURCE_MATCH_ROUTE,VERIFIED
team_match,2016-17,194,855365,AWAY,3,2016-17:90,VERIFIED_SOURCE_MATCH_ROUTE,VERIFIED
team_match,2016-17,195,855366,HOME,12,2016-17:25,VERIFIED_SOURCE_MATCH_ROUTE,VERIFIED
team_match,2016-17,195,855366,AWAY,8,2016-17:13,VERIFIED_SOURCE_MATCH_ROUTE,VERIFIED
team_match,2016-17,196,855367,HOME,14,2016-17:110,VERIFIED_SOURCE_MATCH_ROUTE,VERIFIED
team_match,2016-17,196,855367,AWAY,18,2016-17:57,VERIFIED_SOURCE_MATCH_ROUTE,VERIFIED
team_match,2016-17,197,855368,HOME,15,2016-17:56,VERIFIED_SOURCE_MATCH_ROUTE,VERIFIED
team_match,2016-17,197,855368,AWAY,9,2016-17:14,VERIFIED_SOURCE_MATCH_ROUTE,VERIFIED
team_match,2016-17,198,855369,HOME,17,2016-17:6,VERIFIED_SOURCE_MATCH_ROUTE,VERIFIED
team_match,2016-17,198,855369,AWAY,4,2016-17:8,VERIFIED_SOURCE_MATCH_ROUTE,VERIFIED
team_match,2016-17,199,855370,HOME,19,2016-17:35,VERIFIED_SOURCE_MATCH_ROUTE,VERIFIED
team_match,2016-17,199,855370,AWAY,7,2016-17:88,VERIFIED_SOURCE_MATCH_ROUTE,VERIFIED
team_match,2016-17,200,855371,HOME,20,2016-17:21,VERIFIED_SOURCE_MATCH_ROUTE,VERIFIED
team_match,2016-17,200,855371,AWAY,11,2016-17:1,VERIFIED_SOURCE_MATCH_ROUTE,VERIFIED
team_match,2016-17,201,855372,HOME,3,2016-17:90,VERIFIED_SOURCE_MATCH_ROUTE,VERIFIED
team_match,2016-17,201,855372,AWAY,13,2016-17:20,VERIFIED_SOURCE_MATCH_ROUTE,VERIFIED
team_match,2016-17,202,855373,HOME,6,2016-17:11,VERIFIED_SOURCE_MATCH_ROUTE,VERIFIED
team_match,2016-17,202,855373,AWAY,10,2016-17:43,VERIFIED_SOURCE_MATCH_ROUTE,VERIFIED
team_match,2016-17,203,855374,HOME,7,2016-17:88,VERIFIED_SOURCE_MATCH_ROUTE,VERIFIED
team_match,2016-17,203,855374,AWAY,2,2016-17:91,VERIFIED_SOURCE_MATCH_ROUTE,VERIFIED
team_match,2016-17,204,855375,HOME,8,2016-17:13,VERIFIED_SOURCE_MATCH_ROUTE,VERIFIED
team_match,2016-17,204,855375,AWAY,4,2016-17:8,VERIFIED_SOURCE_MATCH_ROUTE,VERIFIED
team_match,2016-17,205,855376,HOME,11,2016-17:1,VERIFIED_SOURCE_MATCH_ROUTE,VERIFIED
team_match,2016-17,205,855376,AWAY,9,2016-17:14,VERIFIED_SOURCE_MATCH_ROUTE,VERIFIED
team_match,2016-17,206,855377,HOME,15,2016-17:56,VERIFIED_SOURCE_MATCH_ROUTE,VERIFIED
team_match,2016-17,206,855377,AWAY,14,2016-17:110,VERIFIED_SOURCE_MATCH_ROUTE,VERIFIED
team_match,2016-17,207,855378,HOME,16,2016-17:80,VERIFIED_SOURCE_MATCH_ROUTE,VERIFIED
team_match,2016-17,207,855378,AWAY,1,2016-17:3,VERIFIED_SOURCE_MATCH_ROUTE,VERIFIED
team_match,2016-17,208,855379,HOME,17,2016-17:6,VERIFIED_SOURCE_MATCH_ROUTE,VERIFIED
team_match,2016-17,208,855379,AWAY,19,2016-17:35,VERIFIED_SOURCE_MATCH_ROUTE,VERIFIED
team_match,2016-17,209,855380,HOME,18,2016-17:57,VERIFIED_SOURCE_MATCH_ROUTE,VERIFIED
team_match,2016-17,209,855380,AWAY,12,2016-17:25,VERIFIED_SOURCE_MATCH_ROUTE,VERIFIED
team_match,2016-17,210,855381,HOME,20,2016-17:21,VERIFIED_SOURCE_MATCH_ROUTE,VERIFIED
team_match,2016-17,210,855381,AWAY,5,2016-17:31,VERIFIED_SOURCE_MATCH_ROUTE,VERIFIED
team_match,2016-17,211,855383,HOME,1,2016-17:3,VERIFIED_SOURCE_MATCH_ROUTE,VERIFIED
team_match,2016-17,211,855383,AWAY,3,2016-17:90,VERIFIED_SOURCE_MATCH_ROUTE,VERIFIED
team_match,2016-17,212,855382,HOME,2,2016-17:91,VERIFIED_SOURCE_MATCH_ROUTE,VERIFIED
team_match,2016-17,212,855382,AWAY,18,2016-17:57,VERIFIED_SOURCE_MATCH_ROUTE,VERIFIED
team_match,2016-17,213,855384,HOME,4,2016-17:8,VERIFIED_SOURCE_MATCH_ROUTE,VERIFIED
team_match,2016-17,213,855384,AWAY,7,2016-17:88,VERIFIED_SOURCE_MATCH_ROUTE,VERIFIED
team_match,2016-17,214,855385,HOME,5,2016-17:31,VERIFIED_SOURCE_MATCH_ROUTE,VERIFIED
team_match,2016-17,214,855385,AWAY,6,2016-17:11,VERIFIED_SOURCE_MATCH_ROUTE,VERIFIED
team_match,2016-17,215,855386,HOME,9,2016-17:14,VERIFIED_SOURCE_MATCH_ROUTE,VERIFIED
team_match,2016-17,215,855386,AWAY,16,2016-17:80,VERIFIED_SOURCE_MATCH_ROUTE,VERIFIED
team_match,2016-17,216,855387,HOME,10,2016-17:43,VERIFIED_SOURCE_MATCH_ROUTE,VERIFIED
team_match,2016-17,216,855387,AWAY,17,2016-17:6,VERIFIED_SOURCE_MATCH_ROUTE,VERIFIED
team_match,2016-17,217,855388,HOME,12,2016-17:25,VERIFIED_SOURCE_MATCH_ROUTE,VERIFIED
team_match,2016-17,217,855388,AWAY,20,2016-17:21,VERIFIED_SOURCE_MATCH_ROUTE,VERIFIED
team_match,2016-17,218,855389,HOME,13,2016-17:20,VERIFIED_SOURCE_MATCH_ROUTE,VERIFIED
team_match,2016-17,218,855389,AWAY,8,2016-17:13,VERIFIED_SOURCE_MATCH_ROUTE,VERIFIED
team_match,2016-17,219,855390,HOME,14,2016-17:110,VERIFIED_SOURCE_MATCH_ROUTE,VERIFIED
team_match,2016-17,219,855390,AWAY,11,2016-17:1,VERIFIED_SOURCE_MATCH_ROUTE,VERIFIED
team_match,2016-17,220,855391,HOME,19,2016-17:35,VERIFIED_SOURCE_MATCH_ROUTE,VERIFIED
team_match,2016-17,220,855391,AWAY,15,2016-17:56,VERIFIED_SOURCE_MATCH_ROUTE,VERIFIED
team_match,2016-17,221,855393,HOME,1,2016-17:3,VERIFIED_SOURCE_MATCH_ROUTE,VERIFIED
team_match,2016-17,221,855393,AWAY,18,2016-17:57,VERIFIED_SOURCE_MATCH_ROUTE,VERIFIED
team_match,2016-17,222,855392,HOME,2,2016-17:91,VERIFIED_SOURCE_MATCH_ROUTE,VERIFIED
team_match,2016-17,222,855392,AWAY,5,2016-17:31,VERIFIED_SOURCE_MATCH_ROUTE,VERIFIED
team_match,2016-17,223,855394,HOME,3,2016-17:90,VERIFIED_SOURCE_MATCH_ROUTE,VERIFIED
team_match,2016-17,223,855394,AWAY,8,2016-17:13,VERIFIED_SOURCE_MATCH_ROUTE,VERIFIED
team_match,2016-17,224,855396,HOME,12,2016-17:25,VERIFIED_SOURCE_MATCH_ROUTE,VERIFIED
team_match,2016-17,224,855396,AWAY,19,2016-17:35,VERIFIED_SOURCE_MATCH_ROUTE,VERIFIED
team_match,2016-17,225,855397,HOME,15,2016-17:56,VERIFIED_SOURCE_MATCH_ROUTE,VERIFIED
team_match,2016-17,225,855397,AWAY,17,2016-17:6,VERIFIED_SOURCE_MATCH_ROUTE,VERIFIED
team_match,2016-17,226,855398,HOME,16,2016-17:80,VERIFIED_SOURCE_MATCH_ROUTE,VERIFIED
team_match,2016-17,226,855398,AWAY,13,2016-17:20,VERIFIED_SOURCE_MATCH_ROUTE,VERIFIED
team_match,2016-17,227,855399,HOME,20,2016-17:21,VERIFIED_SOURCE_MATCH_ROUTE,VERIFIED
team_match,2016-17,227,855399,AWAY,10,2016-17:43,VERIFIED_SOURCE_MATCH_ROUTE,VERIFIED
team_match,2016-17,228,855400,HOME,9,2016-17:14,VERIFIED_SOURCE_MATCH_ROUTE,VERIFIED
team_match,2016-17,228,855400,AWAY,4,2016-17:8,VERIFIED_SOURCE_MATCH_ROUTE,VERIFIED
team_match,2016-17,229,855395,HOME,11,2016-17:1,VERIFIED_SOURCE_MATCH_ROUTE,VERIFIED
team_match,2016-17,229,855395,AWAY,7,2016-17:88,VERIFIED_SOURCE_MATCH_ROUTE,VERIFIED
team_match,2016-17,230,855401,HOME,14,2016-17:110,VERIFIED_SOURCE_MATCH_ROUTE,VERIFIED
team_match,2016-17,230,855401,AWAY,6,2016-17:11,VERIFIED_SOURCE_MATCH_ROUTE,VERIFIED
team_match,2016-17,231,855402,HOME,4,2016-17:8,VERIFIED_SOURCE_MATCH_ROUTE,VERIFIED
team_match,2016-17,231,855402,AWAY,1,2016-17:3,VERIFIED_SOURCE_MATCH_ROUTE,VERIFIED
team_match,2016-17,232,855403,HOME,5,2016-17:31,VERIFIED_SOURCE_MATCH_ROUTE,VERIFIED
team_match,2016-17,232,855403,AWAY,15,2016-17:56,VERIFIED_SOURCE_MATCH_ROUTE,VERIFIED
team_match,2016-17,233,855404,HOME,6,2016-17:11,VERIFIED_SOURCE_MATCH_ROUTE,VERIFIED
team_match,2016-17,233,855404,AWAY,2,2016-17:91,VERIFIED_SOURCE_MATCH_ROUTE,VERIFIED
team_match,2016-17,234,855405,HOME,7,2016-17:88,VERIFIED_SOURCE_MATCH_ROUTE,VERIFIED
team_match,2016-17,234,855405,AWAY,9,2016-17:14,VERIFIED_SOURCE_MATCH_ROUTE,VERIFIED
team_match,2016-17,235,855406,HOME,8,2016-17:13,VERIFIED_SOURCE_MATCH_ROUTE,VERIFIED
team_match,2016-17,235,855406,AWAY,11,2016-17:1,VERIFIED_SOURCE_MATCH_ROUTE,VERIFIED
team_match,2016-17,236,855407,HOME,10,2016-17:43,VERIFIED_SOURCE_MATCH_ROUTE,VERIFIED
team_match,2016-17,236,855407,AWAY,16,2016-17:80,VERIFIED_SOURCE_MATCH_ROUTE,VERIFIED
team_match,2016-17,237,855408,HOME,13,2016-17:20,VERIFIED_SOURCE_MATCH_ROUTE,VERIFIED
team_match,2016-17,237,855408,AWAY,20,2016-17:21,VERIFIED_SOURCE_MATCH_ROUTE,VERIFIED
team_match,2016-17,238,855409,HOME,17,2016-17:6,VERIFIED_SOURCE_MATCH_ROUTE,VERIFIED
team_match,2016-17,238,855409,AWAY,12,2016-17:25,VERIFIED_SOURCE_MATCH_ROUTE,VERIFIED
team_match,2016-17,239,855410,HOME,18,2016-17:57,VERIFIED_SOURCE_MATCH_ROUTE,VERIFIED
team_match,2016-17,239,855410,AWAY,3,2016-17:90,VERIFIED_SOURCE_MATCH_ROUTE,VERIFIED
team_match,2016-17,240,855411,HOME,19,2016-17:35,VERIFIED_SOURCE_MATCH_ROUTE,VERIFIED
team_match,2016-17,240,855411,AWAY,14,2016-17:110,VERIFIED_SOURCE_MATCH_ROUTE,VERIFIED
team_match,2016-17,241,855413,HOME,1,2016-17:3,VERIFIED_SOURCE_MATCH_ROUTE,VERIFIED
team_match,2016-17,241,855413,AWAY,7,2016-17:88,VERIFIED_SOURCE_MATCH_ROUTE,VERIFIED
team_match,2016-17,242,855412,HOME,2,2016-17:91,VERIFIED_SOURCE_MATCH_ROUTE,VERIFIED
team_match,2016-17,242,855412,AWAY,10,2016-17:43,VERIFIED_SOURCE_MATCH_ROUTE,VERIFIED
team_match,2016-17,243,855414,HOME,3,2016-17:90,VERIFIED_SOURCE_MATCH_ROUTE,VERIFIED
team_match,2016-17,243,855414,AWAY,4,2016-17:8,VERIFIED_SOURCE_MATCH_ROUTE,VERIFIED
team_match,2016-17,244,855415,HOME,9,2016-17:14,VERIFIED_SOURCE_MATCH_ROUTE,VERIFIED
team_match,2016-17,244,855415,AWAY,17,2016-17:6,VERIFIED_SOURCE_MATCH_ROUTE,VERIFIED
team_match,2016-17,245,855416,HOME,11,2016-17:1,VERIFIED_SOURCE_MATCH_ROUTE,VERIFIED
team_match,2016-17,245,855416,AWAY,18,2016-17:57,VERIFIED_SOURCE_MATCH_ROUTE,VERIFIED
team_match,2016-17,246,855417,HOME,12,2016-17:25,VERIFIED_SOURCE_MATCH_ROUTE,VERIFIED
team_match,2016-17,246,855417,AWAY,6,2016-17:11,VERIFIED_SOURCE_MATCH_ROUTE,VERIFIED
team_match,2016-17,247,855418,HOME,14,2016-17:110,VERIFIED_SOURCE_MATCH_ROUTE,VERIFIED
team_match,2016-17,247,855418,AWAY,5,2016-17:31,VERIFIED_SOURCE_MATCH_ROUTE,VERIFIED
team_match,2016-17,248,855419,HOME,15,2016-17:56,VERIFIED_SOURCE_MATCH_ROUTE,VERIFIED
team_match,2016-17,248,855419,AWAY,13,2016-17:20,VERIFIED_SOURCE_MATCH_ROUTE,VERIFIED
team_match,2016-17,249,855420,HOME,16,2016-17:80,VERIFIED_SOURCE_MATCH_ROUTE,VERIFIED
team_match,2016-17,249,855420,AWAY,8,2016-17:13,VERIFIED_SOURCE_MATCH_ROUTE,VERIFIED
team_match,2016-17,250,855421,HOME,20,2016-17:21,VERIFIED_SOURCE_MATCH_ROUTE,VERIFIED
team_match,2016-17,250,855421,AWAY,19,2016-17:35,VERIFIED_SOURCE_MATCH_ROUTE,VERIFIED
team_match,2016-17,251,855422,HOME,4,2016-17:8,VERIFIED_SOURCE_MATCH_ROUTE,VERIFIED
team_match,2016-17,251,855422,AWAY,16,2016-17:80,VERIFIED_SOURCE_MATCH_ROUTE,VERIFIED
team_match,2016-17,252,855423,HOME,5,2016-17:31,VERIFIED_SOURCE_MATCH_ROUTE,VERIFIED
team_match,2016-17,252,855423,AWAY,12,2016-17:25,VERIFIED_SOURCE_MATCH_ROUTE,VERIFIED
team_match,2016-17,253,855424,HOME,6,2016-17:11,VERIFIED_SOURCE_MATCH_ROUTE,VERIFIED
team_match,2016-17,253,855424,AWAY,15,2016-17:56,VERIFIED_SOURCE_MATCH_ROUTE,VERIFIED
team_match,2016-17,254,855425,HOME,7,2016-17:88,VERIFIED_SOURCE_MATCH_ROUTE,VERIFIED
team_match,2016-17,254,855425,AWAY,3,2016-17:90,VERIFIED_SOURCE_MATCH_ROUTE,VERIFIED
team_match,2016-17,255,855426,HOME,8,2016-17:13,VERIFIED_SOURCE_MATCH_ROUTE,VERIFIED
team_match,2016-17,255,855426,AWAY,9,2016-17:14,VERIFIED_SOURCE_MATCH_ROUTE,VERIFIED
team_match,2016-17,256,855427,HOME,10,2016-17:43,VERIFIED_SOURCE_MATCH_ROUTE,VERIFIED
team_match,2016-17,256,855427,AWAY,11,2016-17:1,VERIFIED_SOURCE_MATCH_ROUTE,VERIFIED
team_match,2016-17,257,855428,HOME,13,2016-17:20,VERIFIED_SOURCE_MATCH_ROUTE,VERIFIED
team_match,2016-17,257,855428,AWAY,1,2016-17:3,VERIFIED_SOURCE_MATCH_ROUTE,VERIFIED
team_match,2016-17,258,855429,HOME,17,2016-17:6,VERIFIED_SOURCE_MATCH_ROUTE,VERIFIED
team_match,2016-17,258,855429,AWAY,14,2016-17:110,VERIFIED_SOURCE_MATCH_ROUTE,VERIFIED
team_match,2016-17,259,855430,HOME,18,2016-17:57,VERIFIED_SOURCE_MATCH_ROUTE,VERIFIED
team_match,2016-17,259,855430,AWAY,20,2016-17:21,VERIFIED_SOURCE_MATCH_ROUTE,VERIFIED
team_match,2016-17,260,855431,HOME,19,2016-17:35,VERIFIED_SOURCE_MATCH_ROUTE,VERIFIED
team_match,2016-17,260,855431,AWAY,2,2016-17:91,VERIFIED_SOURCE_MATCH_ROUTE,VERIFIED
team_match,2016-17,261,855432,HOME,8,2016-17:13,VERIFIED_SOURCE_MATCH_ROUTE,VERIFIED
team_match,2016-17,261,855432,AWAY,7,2016-17:88,VERIFIED_SOURCE_MATCH_ROUTE,VERIFIED
team_match,2016-17,262,855433,HOME,9,2016-17:14,VERIFIED_SOURCE_MATCH_ROUTE,VERIFIED
team_match,2016-17,262,855433,AWAY,1,2016-17:3,VERIFIED_SOURCE_MATCH_ROUTE,VERIFIED
team_match,2016-17,263,855434,HOME,11,2016-17:1,VERIFIED_SOURCE_MATCH_ROUTE,VERIFIED
team_match,2016-17,263,855434,AWAY,2,2016-17:91,VERIFIED_SOURCE_MATCH_ROUTE,VERIFIED
team_match,2016-17,264,855435,HOME,14,2016-17:110,VERIFIED_SOURCE_MATCH_ROUTE,VERIFIED
team_match,2016-17,264,855435,AWAY,12,2016-17:25,VERIFIED_SOURCE_MATCH_ROUTE,VERIFIED
team_match,2016-17,265,855436,HOME,15,2016-17:56,VERIFIED_SOURCE_MATCH_ROUTE,VERIFIED
team_match,2016-17,265,855436,AWAY,10,2016-17:43,VERIFIED_SOURCE_MATCH_ROUTE,VERIFIED
team_match,2016-17,266,855437,HOME,16,2016-17:80,VERIFIED_SOURCE_MATCH_ROUTE,VERIFIED
team_match,2016-17,266,855437,AWAY,3,2016-17:90,VERIFIED_SOURCE_MATCH_ROUTE,VERIFIED
team_match,2016-17,267,855438,HOME,17,2016-17:6,VERIFIED_SOURCE_MATCH_ROUTE,VERIFIED
team_match,2016-17,267,855438,AWAY,6,2016-17:11,VERIFIED_SOURCE_MATCH_ROUTE,VERIFIED
team_match,2016-17,268,855439,HOME,18,2016-17:57,VERIFIED_SOURCE_MATCH_ROUTE,VERIFIED
team_match,2016-17,268,855439,AWAY,13,2016-17:20,VERIFIED_SOURCE_MATCH_ROUTE,VERIFIED
team_match,2016-17,269,855440,HOME,19,2016-17:35,VERIFIED_SOURCE_MATCH_ROUTE,VERIFIED
team_match,2016-17,269,855440,AWAY,5,2016-17:31,VERIFIED_SOURCE_MATCH_ROUTE,VERIFIED
team_match,2016-17,270,855441,HOME,20,2016-17:21,VERIFIED_SOURCE_MATCH_ROUTE,VERIFIED
team_match,2016-17,270,855441,AWAY,4,2016-17:8,VERIFIED_SOURCE_MATCH_ROUTE,VERIFIED
team_match,2016-17,271,855443,HOME,1,2016-17:3,VERIFIED_SOURCE_MATCH_ROUTE,VERIFIED
team_match,2016-17,271,855443,AWAY,8,2016-17:13,VERIFIED_SOURCE_MATCH_ROUTE,VERIFIED
team_match,2016-17,272,855442,HOME,2,2016-17:91,VERIFIED_SOURCE_MATCH_ROUTE,VERIFIED
team_match,2016-17,272,855442,AWAY,20,2016-17:21,VERIFIED_SOURCE_MATCH_ROUTE,VERIFIED
team_match,2016-17,273,855445,HOME,4,2016-17:8,VERIFIED_SOURCE_MATCH_ROUTE,VERIFIED
team_match,2016-17,273,855445,AWAY,18,2016-17:57,VERIFIED_SOURCE_MATCH_ROUTE,VERIFIED
team_match,2016-17,274,855446,HOME,5,2016-17:31,VERIFIED_SOURCE_MATCH_ROUTE,VERIFIED
team_match,2016-17,274,855446,AWAY,17,2016-17:6,VERIFIED_SOURCE_MATCH_ROUTE,VERIFIED
team_match,2016-17,275,855447,HOME,6,2016-17:11,VERIFIED_SOURCE_MATCH_ROUTE,VERIFIED
team_match,2016-17,275,855447,AWAY,19,2016-17:35,VERIFIED_SOURCE_MATCH_ROUTE,VERIFIED
team_match,2016-17,276,855448,HOME,7,2016-17:88,VERIFIED_SOURCE_MATCH_ROUTE,VERIFIED
team_match,2016-17,276,855448,AWAY,16,2016-17:80,VERIFIED_SOURCE_MATCH_ROUTE,VERIFIED
team_match,2016-17,277,855449,HOME,10,2016-17:43,VERIFIED_SOURCE_MATCH_ROUTE,VERIFIED
team_match,2016-17,277,855449,AWAY,14,2016-17:110,VERIFIED_SOURCE_MATCH_ROUTE,VERIFIED
team_match,2016-17,278,855450,HOME,12,2016-17:25,VERIFIED_SOURCE_MATCH_ROUTE,VERIFIED
team_match,2016-17,278,855450,AWAY,15,2016-17:56,VERIFIED_SOURCE_MATCH_ROUTE,VERIFIED
team_match,2016-17,279,855451,HOME,13,2016-17:20,VERIFIED_SOURCE_MATCH_ROUTE,VERIFIED
team_match,2016-17,279,855451,AWAY,11,2016-17:1,VERIFIED_SOURCE_MATCH_ROUTE,VERIFIED
team_match,2016-17,280,855183,HOME,9,2016-17:14,VERIFIED_SOURCE_MATCH_ROUTE,VERIFIED
team_match,2016-17,280,855183,AWAY,3,2016-17:90,VERIFIED_SOURCE_MATCH_ROUTE,VERIFIED
team_match,2016-17,281,855452,HOME,2,2016-17:91,VERIFIED_SOURCE_MATCH_ROUTE,VERIFIED
team_match,2016-17,281,855452,AWAY,16,2016-17:80,VERIFIED_SOURCE_MATCH_ROUTE,VERIFIED
team_match,2016-17,282,855453,HOME,5,2016-17:31,VERIFIED_SOURCE_MATCH_ROUTE,VERIFIED
team_match,2016-17,282,855453,AWAY,18,2016-17:57,VERIFIED_SOURCE_MATCH_ROUTE,VERIFIED
team_match,2016-17,283,855454,HOME,6,2016-17:11,VERIFIED_SOURCE_MATCH_ROUTE,VERIFIED
team_match,2016-17,283,855454,AWAY,7,2016-17:88,VERIFIED_SOURCE_MATCH_ROUTE,VERIFIED
team_match,2016-17,284,855455,HOME,10,2016-17:43,VERIFIED_SOURCE_MATCH_ROUTE,VERIFIED
team_match,2016-17,284,855455,AWAY,9,2016-17:14,VERIFIED_SOURCE_MATCH_ROUTE,VERIFIED
team_match,2016-17,285,855456,HOME,12,2016-17:25,VERIFIED_SOURCE_MATCH_ROUTE,VERIFIED
team_match,2016-17,285,855456,AWAY,11,2016-17:1,VERIFIED_SOURCE_MATCH_ROUTE,VERIFIED
team_match,2016-17,286,855457,HOME,14,2016-17:110,VERIFIED_SOURCE_MATCH_ROUTE,VERIFIED
team_match,2016-17,286,855457,AWAY,4,2016-17:8,VERIFIED_SOURCE_MATCH_ROUTE,VERIFIED
team_match,2016-17,287,855458,HOME,15,2016-17:56,VERIFIED_SOURCE_MATCH_ROUTE,VERIFIED
team_match,2016-17,287,855458,AWAY,3,2016-17:90,VERIFIED_SOURCE_MATCH_ROUTE,VERIFIED
team_match,2016-17,288,855459,HOME,17,2016-17:6,VERIFIED_SOURCE_MATCH_ROUTE,VERIFIED
team_match,2016-17,288,855459,AWAY,13,2016-17:20,VERIFIED_SOURCE_MATCH_ROUTE,VERIFIED
team_match,2016-17,289,855460,HOME,19,2016-17:35,VERIFIED_SOURCE_MATCH_ROUTE,VERIFIED
team_match,2016-17,289,855460,AWAY,1,2016-17:3,VERIFIED_SOURCE_MATCH_ROUTE,VERIFIED
team_match,2016-17,290,855461,HOME,20,2016-17:21,VERIFIED_SOURCE_MATCH_ROUTE,VERIFIED
team_match,2016-17,290,855461,AWAY,8,2016-17:13,VERIFIED_SOURCE_MATCH_ROUTE,VERIFIED
team_match,2016-17,291,855462,HOME,1,2016-17:3,VERIFIED_SOURCE_MATCH_ROUTE,VERIFIED
team_match,2016-17,291,855462,AWAY,10,2016-17:43,VERIFIED_SOURCE_MATCH_ROUTE,VERIFIED
team_match,2016-17,292,855463,HOME,3,2016-17:90,VERIFIED_SOURCE_MATCH_ROUTE,VERIFIED
team_match,2016-17,292,855463,AWAY,17,2016-17:6,VERIFIED_SOURCE_MATCH_ROUTE,VERIFIED
team_match,2016-17,293,855464,HOME,4,2016-17:8,VERIFIED_SOURCE_MATCH_ROUTE,VERIFIED
team_match,2016-17,293,855464,AWAY,5,2016-17:31,VERIFIED_SOURCE_MATCH_ROUTE,VERIFIED
team_match,2016-17,294,855465,HOME,7,2016-17:88,VERIFIED_SOURCE_MATCH_ROUTE,VERIFIED
team_match,2016-17,294,855465,AWAY,20,2016-17:21,VERIFIED_SOURCE_MATCH_ROUTE,VERIFIED
team_match,2016-17,295,855466,HOME,8,2016-17:13,VERIFIED_SOURCE_MATCH_ROUTE,VERIFIED
team_match,2016-17,295,855466,AWAY,14,2016-17:110,VERIFIED_SOURCE_MATCH_ROUTE,VERIFIED
team_match,2016-17,296,855467,HOME,9,2016-17:14,VERIFIED_SOURCE_MATCH_ROUTE,VERIFIED
team_match,2016-17,296,855467,AWAY,6,2016-17:11,VERIFIED_SOURCE_MATCH_ROUTE,VERIFIED
team_match,2016-17,297,855468,HOME,11,2016-17:1,VERIFIED_SOURCE_MATCH_ROUTE,VERIFIED
team_match,2016-17,297,855468,AWAY,19,2016-17:35,VERIFIED_SOURCE_MATCH_ROUTE,VERIFIED
team_match,2016-17,298,855469,HOME,13,2016-17:20,VERIFIED_SOURCE_MATCH_ROUTE,VERIFIED
team_match,2016-17,298,855469,AWAY,2,2016-17:91,VERIFIED_SOURCE_MATCH_ROUTE,VERIFIED
team_match,2016-17,299,855470,HOME,16,2016-17:80,VERIFIED_SOURCE_MATCH_ROUTE,VERIFIED
team_match,2016-17,299,855470,AWAY,12,2016-17:25,VERIFIED_SOURCE_MATCH_ROUTE,VERIFIED
team_match,2016-17,300,855471,HOME,18,2016-17:57,VERIFIED_SOURCE_MATCH_ROUTE,VERIFIED
team_match,2016-17,300,855471,AWAY,15,2016-17:56,VERIFIED_SOURCE_MATCH_ROUTE,VERIFIED
team_match,2016-17,301,855472,HOME,1,2016-17:3,VERIFIED_SOURCE_MATCH_ROUTE,VERIFIED
team_match,2016-17,301,855472,AWAY,20,2016-17:21,VERIFIED_SOURCE_MATCH_ROUTE,VERIFIED
team_match,2016-17,302,855473,HOME,3,2016-17:90,VERIFIED_SOURCE_MATCH_ROUTE,VERIFIED
team_match,2016-17,302,855473,AWAY,14,2016-17:110,VERIFIED_SOURCE_MATCH_ROUTE,VERIFIED
team_match,2016-17,303,855474,HOME,7,2016-17:88,VERIFIED_SOURCE_MATCH_ROUTE,VERIFIED
team_match,2016-17,303,855474,AWAY,12,2016-17:25,VERIFIED_SOURCE_MATCH_ROUTE,VERIFIED
team_match,2016-17,304,855475,HOME,8,2016-17:13,VERIFIED_SOURCE_MATCH_ROUTE,VERIFIED
team_match,2016-17,304,855475,AWAY,15,2016-17:56,VERIFIED_SOURCE_MATCH_ROUTE,VERIFIED
team_match,2016-17,305,855476,HOME,11,2016-17:1,VERIFIED_SOURCE_MATCH_ROUTE,VERIFIED
team_match,2016-17,305,855476,AWAY,6,2016-17:11,VERIFIED_SOURCE_MATCH_ROUTE,VERIFIED
team_match,2016-17,306,855477,HOME,16,2016-17:80,VERIFIED_SOURCE_MATCH_ROUTE,VERIFIED
team_match,2016-17,306,855477,AWAY,17,2016-17:6,VERIFIED_SOURCE_MATCH_ROUTE,VERIFIED
team_match,2016-17,307,855478,HOME,18,2016-17:57,VERIFIED_SOURCE_MATCH_ROUTE,VERIFIED
team_match,2016-17,307,855478,AWAY,19,2016-17:35,VERIFIED_SOURCE_MATCH_ROUTE,VERIFIED
team_match,2016-17,308,855479,HOME,4,2016-17:8,VERIFIED_SOURCE_MATCH_ROUTE,VERIFIED
team_match,2016-17,308,855479,AWAY,10,2016-17:43,VERIFIED_SOURCE_MATCH_ROUTE,VERIFIED
team_match,2016-17,309,855480,HOME,9,2016-17:14,VERIFIED_SOURCE_MATCH_ROUTE,VERIFIED
team_match,2016-17,309,855480,AWAY,2,2016-17:91,VERIFIED_SOURCE_MATCH_ROUTE,VERIFIED
team_match,2016-17,310,855481,HOME,13,2016-17:20,VERIFIED_SOURCE_MATCH_ROUTE,VERIFIED
team_match,2016-17,310,855481,AWAY,5,2016-17:31,VERIFIED_SOURCE_MATCH_ROUTE,VERIFIED
team_match,2016-17,311,855482,HOME,2,2016-17:91,VERIFIED_SOURCE_MATCH_ROUTE,VERIFIED
team_match,2016-17,311,855482,AWAY,4,2016-17:8,VERIFIED_SOURCE_MATCH_ROUTE,VERIFIED
team_match,2016-17,312,855483,HOME,5,2016-17:31,VERIFIED_SOURCE_MATCH_ROUTE,VERIFIED
team_match,2016-17,312,855483,AWAY,1,2016-17:3,VERIFIED_SOURCE_MATCH_ROUTE,VERIFIED
team_match,2016-17,313,855484,HOME,6,2016-17:11,VERIFIED_SOURCE_MATCH_ROUTE,VERIFIED
team_match,2016-17,313,855484,AWAY,8,2016-17:13,VERIFIED_SOURCE_MATCH_ROUTE,VERIFIED
team_match,2016-17,314,855485,HOME,10,2016-17:43,VERIFIED_SOURCE_MATCH_ROUTE,VERIFIED
team_match,2016-17,314,855485,AWAY,7,2016-17:88,VERIFIED_SOURCE_MATCH_ROUTE,VERIFIED
team_match,2016-17,315,855486,HOME,12,2016-17:25,VERIFIED_SOURCE_MATCH_ROUTE,VERIFIED
team_match,2016-17,315,855486,AWAY,3,2016-17:90,VERIFIED_SOURCE_MATCH_ROUTE,VERIFIED
team_match,2016-17,316,855487,HOME,14,2016-17:110,VERIFIED_SOURCE_MATCH_ROUTE,VERIFIED
team_match,2016-17,316,855487,AWAY,9,2016-17:14,VERIFIED_SOURCE_MATCH_ROUTE,VERIFIED
team_match,2016-17,317,855488,HOME,15,2016-17:56,VERIFIED_SOURCE_MATCH_ROUTE,VERIFIED
team_match,2016-17,317,855488,AWAY,11,2016-17:1,VERIFIED_SOURCE_MATCH_ROUTE,VERIFIED
team_match,2016-17,318,855489,HOME,17,2016-17:6,VERIFIED_SOURCE_MATCH_ROUTE,VERIFIED
team_match,2016-17,318,855489,AWAY,18,2016-17:57,VERIFIED_SOURCE_MATCH_ROUTE,VERIFIED
team_match,2016-17,319,855490,HOME,19,2016-17:35,VERIFIED_SOURCE_MATCH_ROUTE,VERIFIED
team_match,2016-17,319,855490,AWAY,13,2016-17:20,VERIFIED_SOURCE_MATCH_ROUTE,VERIFIED
team_match,2016-17,320,855491,HOME,20,2016-17:21,VERIFIED_SOURCE_MATCH_ROUTE,VERIFIED
team_match,2016-17,320,855491,AWAY,16,2016-17:80,VERIFIED_SOURCE_MATCH_ROUTE,VERIFIED
team_match,2016-17,321,855492,HOME,5,2016-17:31,VERIFIED_SOURCE_MATCH_ROUTE,VERIFIED
team_match,2016-17,321,855492,AWAY,8,2016-17:13,VERIFIED_SOURCE_MATCH_ROUTE,VERIFIED
team_match,2016-17,322,855493,HOME,6,2016-17:11,VERIFIED_SOURCE_MATCH_ROUTE,VERIFIED
team_match,2016-17,322,855493,AWAY,3,2016-17:90,VERIFIED_SOURCE_MATCH_ROUTE,VERIFIED
team_match,2016-17,323,855494,HOME,11,2016-17:1,VERIFIED_SOURCE_MATCH_ROUTE,VERIFIED
team_match,2016-17,323,855494,AWAY,4,2016-17:8,VERIFIED_SOURCE_MATCH_ROUTE,VERIFIED
team_match,2016-17,324,855495,HOME,12,2016-17:25,VERIFIED_SOURCE_MATCH_ROUTE,VERIFIED
team_match,2016-17,324,855495,AWAY,1,2016-17:3,VERIFIED_SOURCE_MATCH_ROUTE,VERIFIED
team_match,2016-17,325,855496,HOME,13,2016-17:20,VERIFIED_SOURCE_MATCH_ROUTE,VERIFIED
team_match,2016-17,325,855496,AWAY,10,2016-17:43,VERIFIED_SOURCE_MATCH_ROUTE,VERIFIED
team_match,2016-17,326,855497,HOME,14,2016-17:110,VERIFIED_SOURCE_MATCH_ROUTE,VERIFIED
team_match,2016-17,326,855497,AWAY,7,2016-17:88,VERIFIED_SOURCE_MATCH_ROUTE,VERIFIED
team_match,2016-17,327,855498,HOME,15,2016-17:56,VERIFIED_SOURCE_MATCH_ROUTE,VERIFIED
team_match,2016-17,327,855498,AWAY,20,2016-17:21,VERIFIED_SOURCE_MATCH_ROUTE,VERIFIED
team_match,2016-17,328,855499,HOME,17,2016-17:6,VERIFIED_SOURCE_MATCH_ROUTE,VERIFIED
team_match,2016-17,328,855499,AWAY,2,2016-17:91,VERIFIED_SOURCE_MATCH_ROUTE,VERIFIED
team_match,2016-17,329,855500,HOME,18,2016-17:57,VERIFIED_SOURCE_MATCH_ROUTE,VERIFIED
team_match,2016-17,329,855500,AWAY,16,2016-17:80,VERIFIED_SOURCE_MATCH_ROUTE,VERIFIED
team_match,2016-17,330,855501,HOME,19,2016-17:35,VERIFIED_SOURCE_MATCH_ROUTE,VERIFIED
team_match,2016-17,330,855501,AWAY,9,2016-17:14,VERIFIED_SOURCE_MATCH_ROUTE,VERIFIED
team_match,2016-17,331,855503,HOME,1,2016-17:3,VERIFIED_SOURCE_MATCH_ROUTE,VERIFIED
team_match,2016-17,331,855503,AWAY,15,2016-17:56,VERIFIED_SOURCE_MATCH_ROUTE,VERIFIED
team_match,2016-17,332,855502,HOME,2,2016-17:91,VERIFIED_SOURCE_MATCH_ROUTE,VERIFIED
team_match,2016-17,332,855502,AWAY,12,2016-17:25,VERIFIED_SOURCE_MATCH_ROUTE,VERIFIED
team_match,2016-17,333,855504,HOME,3,2016-17:90,VERIFIED_SOURCE_MATCH_ROUTE,VERIFIED
team_match,2016-17,333,855504,AWAY,11,2016-17:1,VERIFIED_SOURCE_MATCH_ROUTE,VERIFIED
team_match,2016-17,334,855505,HOME,4,2016-17:8,VERIFIED_SOURCE_MATCH_ROUTE,VERIFIED
team_match,2016-17,334,855505,AWAY,13,2016-17:20,VERIFIED_SOURCE_MATCH_ROUTE,VERIFIED
team_match,2016-17,335,855506,HOME,7,2016-17:88,VERIFIED_SOURCE_MATCH_ROUTE,VERIFIED
team_match,2016-17,335,855506,AWAY,18,2016-17:57,VERIFIED_SOURCE_MATCH_ROUTE,VERIFIED
team_match,2016-17,336,855507,HOME,8,2016-17:13,VERIFIED_SOURCE_MATCH_ROUTE,VERIFIED
team_match,2016-17,336,855507,AWAY,17,2016-17:6,VERIFIED_SOURCE_MATCH_ROUTE,VERIFIED
team_match,2016-17,337,855508,HOME,9,2016-17:14,VERIFIED_SOURCE_MATCH_ROUTE,VERIFIED
team_match,2016-17,337,855508,AWAY,5,2016-17:31,VERIFIED_SOURCE_MATCH_ROUTE,VERIFIED
team_match,2016-17,338,855509,HOME,10,2016-17:43,VERIFIED_SOURCE_MATCH_ROUTE,VERIFIED
team_match,2016-17,338,855509,AWAY,19,2016-17:35,VERIFIED_SOURCE_MATCH_ROUTE,VERIFIED
team_match,2016-17,339,855510,HOME,16,2016-17:80,VERIFIED_SOURCE_MATCH_ROUTE,VERIFIED
team_match,2016-17,339,855510,AWAY,14,2016-17:110,VERIFIED_SOURCE_MATCH_ROUTE,VERIFIED
team_match,2016-17,340,855511,HOME,20,2016-17:21,VERIFIED_SOURCE_MATCH_ROUTE,VERIFIED
team_match,2016-17,340,855511,AWAY,6,2016-17:11,VERIFIED_SOURCE_MATCH_ROUTE,VERIFIED
team_match,2016-17,341,855512,HOME,5,2016-17:31,VERIFIED_SOURCE_MATCH_ROUTE,VERIFIED
team_match,2016-17,341,855512,AWAY,3,2016-17:90,VERIFIED_SOURCE_MATCH_ROUTE,VERIFIED
team_match,2016-17,342,855513,HOME,6,2016-17:11,VERIFIED_SOURCE_MATCH_ROUTE,VERIFIED
team_match,2016-17,342,855513,AWAY,4,2016-17:8,VERIFIED_SOURCE_MATCH_ROUTE,VERIFIED
team_match,2016-17,343,855514,HOME,11,2016-17:1,VERIFIED_SOURCE_MATCH_ROUTE,VERIFIED
team_match,2016-17,343,855514,AWAY,16,2016-17:80,VERIFIED_SOURCE_MATCH_ROUTE,VERIFIED
team_match,2016-17,344,855515,HOME,12,2016-17:25,VERIFIED_SOURCE_MATCH_ROUTE,VERIFIED
team_match,2016-17,344,855515,AWAY,10,2016-17:43,VERIFIED_SOURCE_MATCH_ROUTE,VERIFIED
team_match,2016-17,345,855516,HOME,13,2016-17:20,VERIFIED_SOURCE_MATCH_ROUTE,VERIFIED
team_match,2016-17,345,855516,AWAY,7,2016-17:88,VERIFIED_SOURCE_MATCH_ROUTE,VERIFIED
team_match,2016-17,346,855517,HOME,14,2016-17:110,VERIFIED_SOURCE_MATCH_ROUTE,VERIFIED
team_match,2016-17,346,855517,AWAY,20,2016-17:21,VERIFIED_SOURCE_MATCH_ROUTE,VERIFIED
team_match,2016-17,347,855518,HOME,15,2016-17:56,VERIFIED_SOURCE_MATCH_ROUTE,VERIFIED
team_match,2016-17,347,855518,AWAY,2,2016-17:91,VERIFIED_SOURCE_MATCH_ROUTE,VERIFIED
team_match,2016-17,348,855519,HOME,17,2016-17:6,VERIFIED_SOURCE_MATCH_ROUTE,VERIFIED
team_match,2016-17,348,855519,AWAY,1,2016-17:3,VERIFIED_SOURCE_MATCH_ROUTE,VERIFIED
team_match,2016-17,349,855520,HOME,18,2016-17:57,VERIFIED_SOURCE_MATCH_ROUTE,VERIFIED
team_match,2016-17,349,855520,AWAY,9,2016-17:14,VERIFIED_SOURCE_MATCH_ROUTE,VERIFIED
team_match,2016-17,350,855521,HOME,19,2016-17:35,VERIFIED_SOURCE_MATCH_ROUTE,VERIFIED
team_match,2016-17,350,855521,AWAY,8,2016-17:13,VERIFIED_SOURCE_MATCH_ROUTE,VERIFIED
team_match,2016-17,351,855523,HOME,1,2016-17:3,VERIFIED_SOURCE_MATCH_ROUTE,VERIFIED
team_match,2016-17,351,855523,AWAY,11,2016-17:1,VERIFIED_SOURCE_MATCH_ROUTE,VERIFIED
team_match,2016-17,352,855522,HOME,2,2016-17:91,VERIFIED_SOURCE_MATCH_ROUTE,VERIFIED
team_match,2016-17,352,855522,AWAY,14,2016-17:110,VERIFIED_SOURCE_MATCH_ROUTE,VERIFIED
team_match,2016-17,353,855524,HOME,3,2016-17:90,VERIFIED_SOURCE_MATCH_ROUTE,VERIFIED
team_match,2016-17,353,855524,AWAY,19,2016-17:35,VERIFIED_SOURCE_MATCH_ROUTE,VERIFIED
team_match,2016-17,354,855525,HOME,4,2016-17:8,VERIFIED_SOURCE_MATCH_ROUTE,VERIFIED
team_match,2016-17,354,855525,AWAY,12,2016-17:25,VERIFIED_SOURCE_MATCH_ROUTE,VERIFIED
team_match,2016-17,355,855526,HOME,7,2016-17:88,VERIFIED_SOURCE_MATCH_ROUTE,VERIFIED
team_match,2016-17,355,855526,AWAY,15,2016-17:56,VERIFIED_SOURCE_MATCH_ROUTE,VERIFIED
team_match,2016-17,356,855527,HOME,8,2016-17:13,VERIFIED_SOURCE_MATCH_ROUTE,VERIFIED
team_match,2016-17,356,855527,AWAY,18,2016-17:57,VERIFIED_SOURCE_MATCH_ROUTE,VERIFIED
team_match,2016-17,357,855528,HOME,9,2016-17:14,VERIFIED_SOURCE_MATCH_ROUTE,VERIFIED
team_match,2016-17,357,855528,AWAY,13,2016-17:20,VERIFIED_SOURCE_MATCH_ROUTE,VERIFIED
team_match,2016-17,358,855529,HOME,10,2016-17:43,VERIFIED_SOURCE_MATCH_ROUTE,VERIFIED
team_match,2016-17,358,855529,AWAY,5,2016-17:31,VERIFIED_SOURCE_MATCH_ROUTE,VERIFIED
team_match,2016-17,359,855530,HOME,16,2016-17:80,VERIFIED_SOURCE_MATCH_ROUTE,VERIFIED
team_match,2016-17,359,855530,AWAY,6,2016-17:11,VERIFIED_SOURCE_MATCH_ROUTE,VERIFIED
team_match,2016-17,360,855531,HOME,20,2016-17:21,VERIFIED_SOURCE_MATCH_ROUTE,VERIFIED
team_match,2016-17,360,855531,AWAY,17,2016-17:6,VERIFIED_SOURCE_MATCH_ROUTE,VERIFIED
team_match,2016-17,361,855532,HOME,2,2016-17:91,VERIFIED_SOURCE_MATCH_ROUTE,VERIFIED
team_match,2016-17,361,855532,AWAY,3,2016-17:90,VERIFIED_SOURCE_MATCH_ROUTE,VERIFIED
team_match,2016-17,362,855533,HOME,5,2016-17:31,VERIFIED_SOURCE_MATCH_ROUTE,VERIFIED
team_match,2016-17,362,855533,AWAY,7,2016-17:88,VERIFIED_SOURCE_MATCH_ROUTE,VERIFIED
team_match,2016-17,363,855534,HOME,6,2016-17:11,VERIFIED_SOURCE_MATCH_ROUTE,VERIFIED
team_match,2016-17,363,855534,AWAY,18,2016-17:57,VERIFIED_SOURCE_MATCH_ROUTE,VERIFIED
team_match,2016-17,364,855535,HOME,10,2016-17:43,VERIFIED_SOURCE_MATCH_ROUTE,VERIFIED
team_match,2016-17,364,855535,AWAY,8,2016-17:13,VERIFIED_SOURCE_MATCH_ROUTE,VERIFIED
team_match,2016-17,365,855536,HOME,12,2016-17:25,VERIFIED_SOURCE_MATCH_ROUTE,VERIFIED
team_match,2016-17,365,855536,AWAY,13,2016-17:20,VERIFIED_SOURCE_MATCH_ROUTE,VERIFIED
team_match,2016-17,366,855537,HOME,14,2016-17:110,VERIFIED_SOURCE_MATCH_ROUTE,VERIFIED
team_match,2016-17,366,855537,AWAY,1,2016-17:3,VERIFIED_SOURCE_MATCH_ROUTE,VERIFIED
team_match,2016-17,367,855538,HOME,15,2016-17:56,VERIFIED_SOURCE_MATCH_ROUTE,VERIFIED
team_match,2016-17,367,855538,AWAY,16,2016-17:80,VERIFIED_SOURCE_MATCH_ROUTE,VERIFIED
team_match,2016-17,368,855539,HOME,17,2016-17:6,VERIFIED_SOURCE_MATCH_ROUTE,VERIFIED
team_match,2016-17,368,855539,AWAY,11,2016-17:1,VERIFIED_SOURCE_MATCH_ROUTE,VERIFIED
team_match,2016-17,369,855540,HOME,19,2016-17:35,VERIFIED_SOURCE_MATCH_ROUTE,VERIFIED
team_match,2016-17,369,855540,AWAY,4,2016-17:8,VERIFIED_SOURCE_MATCH_ROUTE,VERIFIED
team_match,2016-17,370,855541,HOME,20,2016-17:21,VERIFIED_SOURCE_MATCH_ROUTE,VERIFIED
team_match,2016-17,370,855541,AWAY,9,2016-17:14,VERIFIED_SOURCE_MATCH_ROUTE,VERIFIED
team_match,2016-17,371,855542,HOME,1,2016-17:3,VERIFIED_SOURCE_MATCH_ROUTE,VERIFIED
team_match,2016-17,371,855542,AWAY,6,2016-17:11,VERIFIED_SOURCE_MATCH_ROUTE,VERIFIED
team_match,2016-17,372,855543,HOME,3,2016-17:90,VERIFIED_SOURCE_MATCH_ROUTE,VERIFIED
team_match,2016-17,372,855543,AWAY,20,2016-17:21,VERIFIED_SOURCE_MATCH_ROUTE,VERIFIED
team_match,2016-17,373,855544,HOME,4,2016-17:8,VERIFIED_SOURCE_MATCH_ROUTE,VERIFIED
team_match,2016-17,373,855544,AWAY,15,2016-17:56,VERIFIED_SOURCE_MATCH_ROUTE,VERIFIED
team_match,2016-17,374,855545,HOME,7,2016-17:88,VERIFIED_SOURCE_MATCH_ROUTE,VERIFIED
team_match,2016-17,374,855545,AWAY,17,2016-17:6,VERIFIED_SOURCE_MATCH_ROUTE,VERIFIED
team_match,2016-17,375,855546,HOME,8,2016-17:13,VERIFIED_SOURCE_MATCH_ROUTE,VERIFIED
team_match,2016-17,375,855546,AWAY,2,2016-17:91,VERIFIED_SOURCE_MATCH_ROUTE,VERIFIED
team_match,2016-17,376,855547,HOME,9,2016-17:14,VERIFIED_SOURCE_MATCH_ROUTE,VERIFIED
team_match,2016-17,376,855547,AWAY,12,2016-17:25,VERIFIED_SOURCE_MATCH_ROUTE,VERIFIED
team_match,2016-17,377,855548,HOME,11,2016-17:1,VERIFIED_SOURCE_MATCH_ROUTE,VERIFIED
team_match,2016-17,377,855548,AWAY,5,2016-17:31,VERIFIED_SOURCE_MATCH_ROUTE,VERIFIED
team_match,2016-17,378,855549,HOME,13,2016-17:20,VERIFIED_SOURCE_MATCH_ROUTE,VERIFIED
team_match,2016-17,378,855549,AWAY,14,2016-17:110,VERIFIED_SOURCE_MATCH_ROUTE,VERIFIED
team_match,2016-17,379,855550,HOME,16,2016-17:80,VERIFIED_SOURCE_MATCH_ROUTE,VERIFIED
team_match,2016-17,379,855550,AWAY,19,2016-17:35,VERIFIED_SOURCE_MATCH_ROUTE,VERIFIED
team_match,2016-17,380,855551,HOME,18,2016-17:57,VERIFIED_SOURCE_MATCH_ROUTE,VERIFIED
team_match,2016-17,380,855551,AWAY,10,2016-17:43,VERIFIED_SOURCE_MATCH_ROUTE,VERIFIED
team_match,2017-18,1,918893,HOME,1,2017-18:3,VERIFIED_SOURCE_MATCH_ROUTE,VERIFIED
team_match,2017-18,1,918893,AWAY,9,2017-18:13,VERIFIED_SOURCE_MATCH_ROUTE,VERIFIED
team_match,2017-18,2,918894,HOME,3,2017-18:36,VERIFIED_SOURCE_MATCH_ROUTE,VERIFIED
team_match,2017-18,2,918894,AWAY,11,2017-18:43,VERIFIED_SOURCE_MATCH_ROUTE,VERIFIED
team_match,2017-18,3,918895,HOME,5,2017-18:8,VERIFIED_SOURCE_MATCH_ROUTE,VERIFIED
team_match,2017-18,3,918895,AWAY,4,2017-18:90,VERIFIED_SOURCE_MATCH_ROUTE,VERIFIED
team_match,2017-18,4,918896,HOME,6,2017-18:31,VERIFIED_SOURCE_MATCH_ROUTE,VERIFIED
team_match,2017-18,4,918896,AWAY,8,2017-18:38,VERIFIED_SOURCE_MATCH_ROUTE,VERIFIED
team_match,2017-18,5,918897,HOME,7,2017-18:11,VERIFIED_SOURCE_MATCH_ROUTE,VERIFIED
team_match,2017-18,5,918897,AWAY,15,2017-18:110,VERIFIED_SOURCE_MATCH_ROUTE,VERIFIED
team_match,2017-18,6,918900,HOME,14,2017-18:20,VERIFIED_SOURCE_MATCH_ROUTE,VERIFIED
team_match,2017-18,6,918900,AWAY,16,2017-18:80,VERIFIED_SOURCE_MATCH_ROUTE,VERIFIED
team_match,2017-18,7,918901,HOME,18,2017-18:57,VERIFIED_SOURCE_MATCH_ROUTE,VERIFIED
team_match,2017-18,7,918901,AWAY,10,2017-18:14,VERIFIED_SOURCE_MATCH_ROUTE,VERIFIED
team_match,2017-18,8,918902,HOME,19,2017-18:35,VERIFIED_SOURCE_MATCH_ROUTE,VERIFIED
team_match,2017-18,8,918902,AWAY,2,2017-18:91,VERIFIED_SOURCE_MATCH_ROUTE,VERIFIED
team_match,2017-18,9,918898,HOME,12,2017-18:1,VERIFIED_SOURCE_MATCH_ROUTE,VERIFIED
team_match,2017-18,9,918898,AWAY,20,2017-18:21,VERIFIED_SOURCE_MATCH_ROUTE,VERIFIED
team_match,2017-18,10,918899,HOME,13,2017-18:4,VERIFIED_SOURCE_MATCH_ROUTE,VERIFIED
team_match,2017-18,10,918899,AWAY,17,2017-18:6,VERIFIED_SOURCE_MATCH_ROUTE,VERIFIED
team_match,2017-18,11,918903,HOME,2,2017-18:91,VERIFIED_SOURCE_MATCH_ROUTE,VERIFIED
team_match,2017-18,11,918903,AWAY,18,2017-18:57,VERIFIED_SOURCE_MATCH_ROUTE,VERIFIED
team_match,2017-18,12,918904,HOME,4,2017-18:90,VERIFIED_SOURCE_MATCH_ROUTE,VERIFIED
team_match,2017-18,12,918904,AWAY,19,2017-18:35,VERIFIED_SOURCE_MATCH_ROUTE,VERIFIED
team_match,2017-18,13,918906,HOME,9,2017-18:13,VERIFIED_SOURCE_MATCH_ROUTE,VERIFIED
team_match,2017-18,13,918906,AWAY,3,2017-18:36,VERIFIED_SOURCE_MATCH_ROUTE,VERIFIED
team_match,2017-18,14,918907,HOME,10,2017-18:14,VERIFIED_SOURCE_MATCH_ROUTE,VERIFIED
team_match,2017-18,14,918907,AWAY,6,2017-18:31,VERIFIED_SOURCE_MATCH_ROUTE,VERIFIED
team_match,2017-18,15,919210,HOME,14,2017-18:20,VERIFIED_SOURCE_MATCH_ROUTE,VERIFIED
team_match,2017-18,15,919210,AWAY,20,2017-18:21,VERIFIED_SOURCE_MATCH_ROUTE,VERIFIED
team_match,2017-18,16,918909,HOME,15,2017-18:110,VERIFIED_SOURCE_MATCH_ROUTE,VERIFIED
team_match,2017-18,16,918909,AWAY,1,2017-18:3,VERIFIED_SOURCE_MATCH_ROUTE,VERIFIED
team_match,2017-18,17,918910,HOME,16,2017-18:80,VERIFIED_SOURCE_MATCH_ROUTE,VERIFIED
team_match,2017-18,17,918910,AWAY,12,2017-18:1,VERIFIED_SOURCE_MATCH_ROUTE,VERIFIED
team_match,2017-18,18,918905,HOME,8,2017-18:38,VERIFIED_SOURCE_MATCH_ROUTE,VERIFIED
team_match,2017-18,18,918905,AWAY,13,2017-18:4,VERIFIED_SOURCE_MATCH_ROUTE,VERIFIED
team_match,2017-18,19,918911,HOME,17,2017-18:6,VERIFIED_SOURCE_MATCH_ROUTE,VERIFIED
team_match,2017-18,19,918911,AWAY,5,2017-18:8,VERIFIED_SOURCE_MATCH_ROUTE,VERIFIED
team_match,2017-18,20,918908,HOME,11,2017-18:43,VERIFIED_SOURCE_MATCH_ROUTE,VERIFIED
team_match,2017-18,20,918908,AWAY,7,2017-18:11,VERIFIED_SOURCE_MATCH_ROUTE,VERIFIED
team_match,2017-18,21,918913,HOME,2,2017-18:91,VERIFIED_SOURCE_MATCH_ROUTE,VERIFIED
team_match,2017-18,21,918913,AWAY,11,2017-18:43,VERIFIED_SOURCE_MATCH_ROUTE,VERIFIED
team_match,2017-18,22,918914,HOME,5,2017-18:8,VERIFIED_SOURCE_MATCH_ROUTE,VERIFIED
team_match,2017-18,22,918914,AWAY,7,2017-18:11,VERIFIED_SOURCE_MATCH_ROUTE,VERIFIED
team_match,2017-18,23,918915,HOME,6,2017-18:31,VERIFIED_SOURCE_MATCH_ROUTE,VERIFIED
team_match,2017-18,23,918915,AWAY,16,2017-18:80,VERIFIED_SOURCE_MATCH_ROUTE,VERIFIED
team_match,2017-18,24,918916,HOME,8,2017-18:38,VERIFIED_SOURCE_MATCH_ROUTE,VERIFIED
team_match,2017-18,24,918916,AWAY,14,2017-18:20,VERIFIED_SOURCE_MATCH_ROUTE,VERIFIED
team_match,2017-18,25,918918,HOME,12,2017-18:1,VERIFIED_SOURCE_MATCH_ROUTE,VERIFIED
team_match,2017-18,25,918918,AWAY,9,2017-18:13,VERIFIED_SOURCE_MATCH_ROUTE,VERIFIED
team_match,2017-18,26,918919,HOME,13,2017-18:4,VERIFIED_SOURCE_MATCH_ROUTE,VERIFIED
team_match,2017-18,26,918919,AWAY,20,2017-18:21,VERIFIED_SOURCE_MATCH_ROUTE,VERIFIED
team_match,2017-18,27,918921,HOME,18,2017-18:57,VERIFIED_SOURCE_MATCH_ROUTE,VERIFIED
team_match,2017-18,27,918921,AWAY,3,2017-18:36,VERIFIED_SOURCE_MATCH_ROUTE,VERIFIED
team_match,2017-18,28,918917,HOME,10,2017-18:14,VERIFIED_SOURCE_MATCH_ROUTE,VERIFIED
team_match,2017-18,28,918917,AWAY,1,2017-18:3,VERIFIED_SOURCE_MATCH_ROUTE,VERIFIED
team_match,2017-18,29,918920,HOME,17,2017-18:6,VERIFIED_SOURCE_MATCH_ROUTE,VERIFIED
team_match,2017-18,29,918920,AWAY,4,2017-18:90,VERIFIED_SOURCE_MATCH_ROUTE,VERIFIED
team_match,2017-18,30,918922,HOME,19,2017-18:35,VERIFIED_SOURCE_MATCH_ROUTE,VERIFIED
team_match,2017-18,30,918922,AWAY,15,2017-18:110,VERIFIED_SOURCE_MATCH_ROUTE,VERIFIED
team_match,2017-18,31,918923,HOME,1,2017-18:3,VERIFIED_SOURCE_MATCH_ROUTE,VERIFIED
team_match,2017-18,31,918923,AWAY,2,2017-18:91,VERIFIED_SOURCE_MATCH_ROUTE,VERIFIED
team_match,2017-18,32,918924,HOME,3,2017-18:36,VERIFIED_SOURCE_MATCH_ROUTE,VERIFIED
team_match,2017-18,32,918924,AWAY,19,2017-18:35,VERIFIED_SOURCE_MATCH_ROUTE,VERIFIED
team_match,2017-18,33,918926,HOME,7,2017-18:11,VERIFIED_SOURCE_MATCH_ROUTE,VERIFIED
team_match,2017-18,33,918926,AWAY,17,2017-18:6,VERIFIED_SOURCE_MATCH_ROUTE,VERIFIED
team_match,2017-18,34,918927,HOME,9,2017-18:13,VERIFIED_SOURCE_MATCH_ROUTE,VERIFIED
team_match,2017-18,34,918927,AWAY,5,2017-18:8,VERIFIED_SOURCE_MATCH_ROUTE,VERIFIED
team_match,2017-18,35,918928,HOME,11,2017-18:43,VERIFIED_SOURCE_MATCH_ROUTE,VERIFIED
team_match,2017-18,35,918928,AWAY,10,2017-18:14,VERIFIED_SOURCE_MATCH_ROUTE,VERIFIED
team_match,2017-18,36,918929,HOME,14,2017-18:20,VERIFIED_SOURCE_MATCH_ROUTE,VERIFIED
team_match,2017-18,36,918929,AWAY,18,2017-18:57,VERIFIED_SOURCE_MATCH_ROUTE,VERIFIED
team_match,2017-18,37,918930,HOME,15,2017-18:110,VERIFIED_SOURCE_MATCH_ROUTE,VERIFIED
team_match,2017-18,37,918930,AWAY,12,2017-18:1,VERIFIED_SOURCE_MATCH_ROUTE,VERIFIED
team_match,2017-18,38,918925,HOME,4,2017-18:90,VERIFIED_SOURCE_MATCH_ROUTE,VERIFIED
team_match,2017-18,38,918925,AWAY,6,2017-18:31,VERIFIED_SOURCE_MATCH_ROUTE,VERIFIED
team_match,2017-18,39,918931,HOME,16,2017-18:80,VERIFIED_SOURCE_MATCH_ROUTE,VERIFIED
team_match,2017-18,39,918931,AWAY,13,2017-18:4,VERIFIED_SOURCE_MATCH_ROUTE,VERIFIED
team_match,2017-18,40,918932,HOME,20,2017-18:21,VERIFIED_SOURCE_MATCH_ROUTE,VERIFIED
team_match,2017-18,40,918932,AWAY,8,2017-18:38,VERIFIED_SOURCE_MATCH_ROUTE,VERIFIED
team_match,2017-18,41,918933,HOME,2,2017-18:91,VERIFIED_SOURCE_MATCH_ROUTE,VERIFIED
team_match,2017-18,41,918933,AWAY,3,2017-18:36,VERIFIED_SOURCE_MATCH_ROUTE,VERIFIED
team_match,2017-18,42,918935,HOME,6,2017-18:31,VERIFIED_SOURCE_MATCH_ROUTE,VERIFIED
team_match,2017-18,42,918935,AWAY,14,2017-18:20,VERIFIED_SOURCE_MATCH_ROUTE,VERIFIED
team_match,2017-18,43,918936,HOME,8,2017-18:38,VERIFIED_SOURCE_MATCH_ROUTE,VERIFIED
team_match,2017-18,43,918936,AWAY,9,2017-18:13,VERIFIED_SOURCE_MATCH_ROUTE,VERIFIED
team_match,2017-18,44,918937,HOME,10,2017-18:14,VERIFIED_SOURCE_MATCH_ROUTE,VERIFIED
team_match,2017-18,44,918937,AWAY,4,2017-18:90,VERIFIED_SOURCE_MATCH_ROUTE,VERIFIED
team_match,2017-18,45,918939,HOME,13,2017-18:4,VERIFIED_SOURCE_MATCH_ROUTE,VERIFIED
team_match,2017-18,45,918939,AWAY,15,2017-18:110,VERIFIED_SOURCE_MATCH_ROUTE,VERIFIED
team_match,2017-18,46,918940,HOME,17,2017-18:6,VERIFIED_SOURCE_MATCH_ROUTE,VERIFIED
team_match,2017-18,46,918940,AWAY,16,2017-18:80,VERIFIED_SOURCE_MATCH_ROUTE,VERIFIED
team_match,2017-18,47,918941,HOME,18,2017-18:57,VERIFIED_SOURCE_MATCH_ROUTE,VERIFIED
team_match,2017-18,47,918941,AWAY,11,2017-18:43,VERIFIED_SOURCE_MATCH_ROUTE,VERIFIED
team_match,2017-18,48,918942,HOME,19,2017-18:35,VERIFIED_SOURCE_MATCH_ROUTE,VERIFIED
team_match,2017-18,48,918942,AWAY,20,2017-18:21,VERIFIED_SOURCE_MATCH_ROUTE,VERIFIED
team_match,2017-18,49,918934,HOME,5,2017-18:8,VERIFIED_SOURCE_MATCH_ROUTE,VERIFIED
team_match,2017-18,49,918934,AWAY,1,2017-18:3,VERIFIED_SOURCE_MATCH_ROUTE,VERIFIED
team_match,2017-18,50,918938,HOME,12,2017-18:1,VERIFIED_SOURCE_MATCH_ROUTE,VERIFIED
team_match,2017-18,50,918938,AWAY,7,2017-18:11,VERIFIED_SOURCE_MATCH_ROUTE,VERIFIED
team_match,2017-18,51,918945,HOME,4,2017-18:90,VERIFIED_SOURCE_MATCH_ROUTE,VERIFIED
team_match,2017-18,51,918945,AWAY,8,2017-18:38,VERIFIED_SOURCE_MATCH_ROUTE,VERIFIED
team_match,2017-18,52,918946,HOME,7,2017-18:11,VERIFIED_SOURCE_MATCH_ROUTE,VERIFIED
team_match,2017-18,52,918946,AWAY,2,2017-18:91,VERIFIED_SOURCE_MATCH_ROUTE,VERIFIED
team_match,2017-18,53,918947,HOME,9,2017-18:13,VERIFIED_SOURCE_MATCH_ROUTE,VERIFIED
team_match,2017-18,53,918947,AWAY,10,2017-18:14,VERIFIED_SOURCE_MATCH_ROUTE,VERIFIED
team_match,2017-18,54,918948,HOME,11,2017-18:43,VERIFIED_SOURCE_MATCH_ROUTE,VERIFIED
team_match,2017-18,54,918948,AWAY,6,2017-18:31,VERIFIED_SOURCE_MATCH_ROUTE,VERIFIED
team_match,2017-18,55,918949,HOME,14,2017-18:20,VERIFIED_SOURCE_MATCH_ROUTE,VERIFIED
team_match,2017-18,55,918949,AWAY,12,2017-18:1,VERIFIED_SOURCE_MATCH_ROUTE,VERIFIED
team_match,2017-18,56,918950,HOME,15,2017-18:110,VERIFIED_SOURCE_MATCH_ROUTE,VERIFIED
team_match,2017-18,56,918950,AWAY,5,2017-18:8,VERIFIED_SOURCE_MATCH_ROUTE,VERIFIED
team_match,2017-18,57,918951,HOME,16,2017-18:80,VERIFIED_SOURCE_MATCH_ROUTE,VERIFIED
team_match,2017-18,57,918951,AWAY,18,2017-18:57,VERIFIED_SOURCE_MATCH_ROUTE,VERIFIED
team_match,2017-18,58,918952,HOME,20,2017-18:21,VERIFIED_SOURCE_MATCH_ROUTE,VERIFIED
team_match,2017-18,58,918952,AWAY,17,2017-18:6,VERIFIED_SOURCE_MATCH_ROUTE,VERIFIED
team_match,2017-18,59,918944,HOME,3,2017-18:36,VERIFIED_SOURCE_MATCH_ROUTE,VERIFIED
team_match,2017-18,59,918944,AWAY,13,2017-18:4,VERIFIED_SOURCE_MATCH_ROUTE,VERIFIED
team_match,2017-18,60,918943,HOME,1,2017-18:3,VERIFIED_SOURCE_MATCH_ROUTE,VERIFIED
team_match,2017-18,60,918943,AWAY,19,2017-18:35,VERIFIED_SOURCE_MATCH_ROUTE,VERIFIED
team_match,2017-18,61,918953,HOME,2,2017-18:91,VERIFIED_SOURCE_MATCH_ROUTE,VERIFIED
team_match,2017-18,61,918953,AWAY,9,2017-18:13,VERIFIED_SOURCE_MATCH_ROUTE,VERIFIED
team_match,2017-18,62,918955,HOME,5,2017-18:8,VERIFIED_SOURCE_MATCH_ROUTE,VERIFIED
team_match,2017-18,62,918955,AWAY,11,2017-18:43,VERIFIED_SOURCE_MATCH_ROUTE,VERIFIED
team_match,2017-18,63,918957,HOME,8,2017-18:38,VERIFIED_SOURCE_MATCH_ROUTE,VERIFIED
team_match,2017-18,63,918957,AWAY,17,2017-18:6,VERIFIED_SOURCE_MATCH_ROUTE,VERIFIED
team_match,2017-18,64,918958,HOME,12,2017-18:1,VERIFIED_SOURCE_MATCH_ROUTE,VERIFIED
team_match,2017-18,64,918958,AWAY,6,2017-18:31,VERIFIED_SOURCE_MATCH_ROUTE,VERIFIED
team_match,2017-18,65,918960,HOME,15,2017-18:110,VERIFIED_SOURCE_MATCH_ROUTE,VERIFIED
team_match,2017-18,65,918960,AWAY,14,2017-18:20,VERIFIED_SOURCE_MATCH_ROUTE,VERIFIED
team_match,2017-18,66,918961,HOME,19,2017-18:35,VERIFIED_SOURCE_MATCH_ROUTE,VERIFIED
team_match,2017-18,66,918961,AWAY,18,2017-18:57,VERIFIED_SOURCE_MATCH_ROUTE,VERIFIED
team_match,2017-18,67,918962,HOME,20,2017-18:21,VERIFIED_SOURCE_MATCH_ROUTE,VERIFIED
team_match,2017-18,67,918962,AWAY,16,2017-18:80,VERIFIED_SOURCE_MATCH_ROUTE,VERIFIED
team_match,2017-18,68,918954,HOME,1,2017-18:3,VERIFIED_SOURCE_MATCH_ROUTE,VERIFIED
team_match,2017-18,68,918954,AWAY,3,2017-18:36,VERIFIED_SOURCE_MATCH_ROUTE,VERIFIED
team_match,2017-18,69,918956,HOME,7,2017-18:11,VERIFIED_SOURCE_MATCH_ROUTE,VERIFIED
team_match,2017-18,69,918956,AWAY,4,2017-18:90,VERIFIED_SOURCE_MATCH_ROUTE,VERIFIED
team_match,2017-18,70,918959,HOME,13,2017-18:4,VERIFIED_SOURCE_MATCH_ROUTE,VERIFIED
team_match,2017-18,70,918959,AWAY,10,2017-18:14,VERIFIED_SOURCE_MATCH_ROUTE,VERIFIED
team_match,2017-18,71,918963,HOME,3,2017-18:36,VERIFIED_SOURCE_MATCH_ROUTE,VERIFIED
team_match,2017-18,71,918963,AWAY,7,2017-18:11,VERIFIED_SOURCE_MATCH_ROUTE,VERIFIED
team_match,2017-18,72,918964,HOME,4,2017-18:90,VERIFIED_SOURCE_MATCH_ROUTE,VERIFIED
team_match,2017-18,72,918964,AWAY,20,2017-18:21,VERIFIED_SOURCE_MATCH_ROUTE,VERIFIED
team_match,2017-18,73,918965,HOME,6,2017-18:31,VERIFIED_SOURCE_MATCH_ROUTE,VERIFIED
team_match,2017-18,73,918965,AWAY,5,2017-18:8,VERIFIED_SOURCE_MATCH_ROUTE,VERIFIED
team_match,2017-18,74,918966,HOME,9,2017-18:13,VERIFIED_SOURCE_MATCH_ROUTE,VERIFIED
team_match,2017-18,74,918966,AWAY,19,2017-18:35,VERIFIED_SOURCE_MATCH_ROUTE,VERIFIED
team_match,2017-18,75,918967,HOME,10,2017-18:14,VERIFIED_SOURCE_MATCH_ROUTE,VERIFIED
team_match,2017-18,75,918967,AWAY,12,2017-18:1,VERIFIED_SOURCE_MATCH_ROUTE,VERIFIED
team_match,2017-18,76,918968,HOME,11,2017-18:43,VERIFIED_SOURCE_MATCH_ROUTE,VERIFIED
team_match,2017-18,76,918968,AWAY,15,2017-18:110,VERIFIED_SOURCE_MATCH_ROUTE,VERIFIED
team_match,2017-18,77,918969,HOME,14,2017-18:20,VERIFIED_SOURCE_MATCH_ROUTE,VERIFIED
team_match,2017-18,77,918969,AWAY,13,2017-18:4,VERIFIED_SOURCE_MATCH_ROUTE,VERIFIED
team_match,2017-18,78,918970,HOME,16,2017-18:80,VERIFIED_SOURCE_MATCH_ROUTE,VERIFIED
team_match,2017-18,78,918970,AWAY,8,2017-18:38,VERIFIED_SOURCE_MATCH_ROUTE,VERIFIED
team_match,2017-18,79,918971,HOME,17,2017-18:6,VERIFIED_SOURCE_MATCH_ROUTE,VERIFIED
team_match,2017-18,79,918971,AWAY,2,2017-18:91,VERIFIED_SOURCE_MATCH_ROUTE,VERIFIED
team_match,2017-18,80,918972,HOME,18,2017-18:57,VERIFIED_SOURCE_MATCH_ROUTE,VERIFIED
team_match,2017-18,80,918972,AWAY,1,2017-18:3,VERIFIED_SOURCE_MATCH_ROUTE,VERIFIED
team_match,2017-18,81,918973,HOME,5,2017-18:8,VERIFIED_SOURCE_MATCH_ROUTE,VERIFIED
team_match,2017-18,81,918973,AWAY,18,2017-18:57,VERIFIED_SOURCE_MATCH_ROUTE,VERIFIED
team_match,2017-18,82,918974,HOME,7,2017-18:11,VERIFIED_SOURCE_MATCH_ROUTE,VERIFIED
team_match,2017-18,82,918974,AWAY,1,2017-18:3,VERIFIED_SOURCE_MATCH_ROUTE,VERIFIED
team_match,2017-18,83,918975,HOME,8,2017-18:38,VERIFIED_SOURCE_MATCH_ROUTE,VERIFIED
team_match,2017-18,83,918975,AWAY,12,2017-18:1,VERIFIED_SOURCE_MATCH_ROUTE,VERIFIED
team_match,2017-18,84,918976,HOME,11,2017-18:43,VERIFIED_SOURCE_MATCH_ROUTE,VERIFIED
team_match,2017-18,84,918976,AWAY,4,2017-18:90,VERIFIED_SOURCE_MATCH_ROUTE,VERIFIED
team_match,2017-18,85,918977,HOME,13,2017-18:4,VERIFIED_SOURCE_MATCH_ROUTE,VERIFIED
team_match,2017-18,85,918977,AWAY,6,2017-18:31,VERIFIED_SOURCE_MATCH_ROUTE,VERIFIED
team_match,2017-18,86,918978,HOME,14,2017-18:20,VERIFIED_SOURCE_MATCH_ROUTE,VERIFIED
team_match,2017-18,86,918978,AWAY,19,2017-18:35,VERIFIED_SOURCE_MATCH_ROUTE,VERIFIED
team_match,2017-18,87,918979,HOME,15,2017-18:110,VERIFIED_SOURCE_MATCH_ROUTE,VERIFIED
team_match,2017-18,87,918979,AWAY,2,2017-18:91,VERIFIED_SOURCE_MATCH_ROUTE,VERIFIED
team_match,2017-18,88,918980,HOME,16,2017-18:80,VERIFIED_SOURCE_MATCH_ROUTE,VERIFIED
team_match,2017-18,88,918980,AWAY,9,2017-18:13,VERIFIED_SOURCE_MATCH_ROUTE,VERIFIED
team_match,2017-18,89,918981,HOME,17,2017-18:6,VERIFIED_SOURCE_MATCH_ROUTE,VERIFIED
team_match,2017-18,89,918981,AWAY,10,2017-18:14,VERIFIED_SOURCE_MATCH_ROUTE,VERIFIED
team_match,2017-18,90,918982,HOME,20,2017-18:21,VERIFIED_SOURCE_MATCH_ROUTE,VERIFIED
team_match,2017-18,90,918982,AWAY,3,2017-18:36,VERIFIED_SOURCE_MATCH_ROUTE,VERIFIED
team_match,2017-18,91,918984,HOME,1,2017-18:3,VERIFIED_SOURCE_MATCH_ROUTE,VERIFIED
team_match,2017-18,91,918984,AWAY,16,2017-18:80,VERIFIED_SOURCE_MATCH_ROUTE,VERIFIED
team_match,2017-18,92,918983,HOME,2,2017-18:91,VERIFIED_SOURCE_MATCH_ROUTE,VERIFIED
team_match,2017-18,92,918983,AWAY,5,2017-18:8,VERIFIED_SOURCE_MATCH_ROUTE,VERIFIED
team_match,2017-18,93,918985,HOME,3,2017-18:36,VERIFIED_SOURCE_MATCH_ROUTE,VERIFIED
team_match,2017-18,93,918985,AWAY,14,2017-18:20,VERIFIED_SOURCE_MATCH_ROUTE,VERIFIED
team_match,2017-18,94,918986,HOME,4,2017-18:90,VERIFIED_SOURCE_MATCH_ROUTE,VERIFIED
team_match,2017-18,94,918986,AWAY,13,2017-18:4,VERIFIED_SOURCE_MATCH_ROUTE,VERIFIED
team_match,2017-18,95,918987,HOME,6,2017-18:31,VERIFIED_SOURCE_MATCH_ROUTE,VERIFIED
team_match,2017-18,95,918987,AWAY,20,2017-18:21,VERIFIED_SOURCE_MATCH_ROUTE,VERIFIED
team_match,2017-18,96,918988,HOME,9,2017-18:13,VERIFIED_SOURCE_MATCH_ROUTE,VERIFIED
team_match,2017-18,96,918988,AWAY,7,2017-18:11,VERIFIED_SOURCE_MATCH_ROUTE,VERIFIED
team_match,2017-18,97,918989,HOME,10,2017-18:14,VERIFIED_SOURCE_MATCH_ROUTE,VERIFIED
team_match,2017-18,97,918989,AWAY,8,2017-18:38,VERIFIED_SOURCE_MATCH_ROUTE,VERIFIED
team_match,2017-18,98,918990,HOME,12,2017-18:1,VERIFIED_SOURCE_MATCH_ROUTE,VERIFIED
team_match,2017-18,98,918990,AWAY,17,2017-18:6,VERIFIED_SOURCE_MATCH_ROUTE,VERIFIED
team_match,2017-18,99,918991,HOME,18,2017-18:57,VERIFIED_SOURCE_MATCH_ROUTE,VERIFIED
team_match,2017-18,99,918991,AWAY,15,2017-18:110,VERIFIED_SOURCE_MATCH_ROUTE,VERIFIED
team_match,2017-18,100,918992,HOME,19,2017-18:35,VERIFIED_SOURCE_MATCH_ROUTE,VERIFIED
team_match,2017-18,100,918992,AWAY,11,2017-18:43,VERIFIED_SOURCE_MATCH_ROUTE,VERIFIED
team_match,2017-18,101,918993,HOME,5,2017-18:8,VERIFIED_SOURCE_MATCH_ROUTE,VERIFIED
team_match,2017-18,101,918993,AWAY,12,2017-18:1,VERIFIED_SOURCE_MATCH_ROUTE,VERIFIED
team_match,2017-18,102,918994,HOME,7,2017-18:11,VERIFIED_SOURCE_MATCH_ROUTE,VERIFIED
team_match,2017-18,102,918994,AWAY,18,2017-18:57,VERIFIED_SOURCE_MATCH_ROUTE,VERIFIED
team_match,2017-18,103,918995,HOME,8,2017-18:38,VERIFIED_SOURCE_MATCH_ROUTE,VERIFIED
team_match,2017-18,103,918995,AWAY,19,2017-18:35,VERIFIED_SOURCE_MATCH_ROUTE,VERIFIED
team_match,2017-18,104,918997,HOME,13,2017-18:4,VERIFIED_SOURCE_MATCH_ROUTE,VERIFIED
team_match,2017-18,104,918997,AWAY,2,2017-18:91,VERIFIED_SOURCE_MATCH_ROUTE,VERIFIED
team_match,2017-18,105,918998,HOME,14,2017-18:20,VERIFIED_SOURCE_MATCH_ROUTE,VERIFIED
team_match,2017-18,105,918998,AWAY,4,2017-18:90,VERIFIED_SOURCE_MATCH_ROUTE,VERIFIED
team_match,2017-18,106,918999,HOME,15,2017-18:110,VERIFIED_SOURCE_MATCH_ROUTE,VERIFIED
team_match,2017-18,106,918999,AWAY,9,2017-18:13,VERIFIED_SOURCE_MATCH_ROUTE,VERIFIED
team_match,2017-18,107,919000,HOME,16,2017-18:80,VERIFIED_SOURCE_MATCH_ROUTE,VERIFIED
team_match,2017-18,107,919000,AWAY,3,2017-18:36,VERIFIED_SOURCE_MATCH_ROUTE,VERIFIED
team_match,2017-18,108,919001,HOME,17,2017-18:6,VERIFIED_SOURCE_MATCH_ROUTE,VERIFIED
team_match,2017-18,108,919001,AWAY,6,2017-18:31,VERIFIED_SOURCE_MATCH_ROUTE,VERIFIED
team_match,2017-18,109,919002,HOME,20,2017-18:21,VERIFIED_SOURCE_MATCH_ROUTE,VERIFIED
team_match,2017-18,109,919002,AWAY,10,2017-18:14,VERIFIED_SOURCE_MATCH_ROUTE,VERIFIED
team_match,2017-18,110,918996,HOME,11,2017-18:43,VERIFIED_SOURCE_MATCH_ROUTE,VERIFIED
team_match,2017-18,110,918996,AWAY,1,2017-18:3,VERIFIED_SOURCE_MATCH_ROUTE,VERIFIED
team_match,2017-18,111,919004,HOME,1,2017-18:3,VERIFIED_SOURCE_MATCH_ROUTE,VERIFIED
team_match,2017-18,111,919004,AWAY,17,2017-18:6,VERIFIED_SOURCE_MATCH_ROUTE,VERIFIED
team_match,2017-18,112,919003,HOME,2,2017-18:91,VERIFIED_SOURCE_MATCH_ROUTE,VERIFIED
team_match,2017-18,112,919003,AWAY,8,2017-18:38,VERIFIED_SOURCE_MATCH_ROUTE,VERIFIED
team_match,2017-18,113,919005,HOME,3,2017-18:36,VERIFIED_SOURCE_MATCH_ROUTE,VERIFIED
team_match,2017-18,113,919005,AWAY,15,2017-18:110,VERIFIED_SOURCE_MATCH_ROUTE,VERIFIED
team_match,2017-18,114,919006,HOME,4,2017-18:90,VERIFIED_SOURCE_MATCH_ROUTE,VERIFIED
team_match,2017-18,114,919006,AWAY,16,2017-18:80,VERIFIED_SOURCE_MATCH_ROUTE,VERIFIED
team_match,2017-18,115,919007,HOME,6,2017-18:31,VERIFIED_SOURCE_MATCH_ROUTE,VERIFIED
team_match,2017-18,115,919007,AWAY,7,2017-18:11,VERIFIED_SOURCE_MATCH_ROUTE,VERIFIED
team_match,2017-18,116,919008,HOME,9,2017-18:13,VERIFIED_SOURCE_MATCH_ROUTE,VERIFIED
team_match,2017-18,116,919008,AWAY,11,2017-18:43,VERIFIED_SOURCE_MATCH_ROUTE,VERIFIED
team_match,2017-18,117,919009,HOME,10,2017-18:14,VERIFIED_SOURCE_MATCH_ROUTE,VERIFIED
team_match,2017-18,117,919009,AWAY,14,2017-18:20,VERIFIED_SOURCE_MATCH_ROUTE,VERIFIED
team_match,2017-18,118,919010,HOME,12,2017-18:1,VERIFIED_SOURCE_MATCH_ROUTE,VERIFIED
team_match,2017-18,118,919010,AWAY,13,2017-18:4,VERIFIED_SOURCE_MATCH_ROUTE,VERIFIED
team_match,2017-18,119,919011,HOME,18,2017-18:57,VERIFIED_SOURCE_MATCH_ROUTE,VERIFIED
team_match,2017-18,119,919011,AWAY,20,2017-18:21,VERIFIED_SOURCE_MATCH_ROUTE,VERIFIED
team_match,2017-18,120,919012,HOME,19,2017-18:35,VERIFIED_SOURCE_MATCH_ROUTE,VERIFIED
team_match,2017-18,120,919012,AWAY,5,2017-18:8,VERIFIED_SOURCE_MATCH_ROUTE,VERIFIED
team_match,2017-18,121,919014,HOME,6,2017-18:31,VERIFIED_SOURCE_MATCH_ROUTE,VERIFIED
team_match,2017-18,121,919014,AWAY,15,2017-18:110,VERIFIED_SOURCE_MATCH_ROUTE,VERIFIED
team_match,2017-18,122,919015,HOME,8,2017-18:38,VERIFIED_SOURCE_MATCH_ROUTE,VERIFIED
team_match,2017-18,122,919015,AWAY,11,2017-18:43,VERIFIED_SOURCE_MATCH_ROUTE,VERIFIED
team_match,2017-18,123,919016,HOME,10,2017-18:14,VERIFIED_SOURCE_MATCH_ROUTE,VERIFIED
team_match,2017-18,123,919016,AWAY,5,2017-18:8,VERIFIED_SOURCE_MATCH_ROUTE,VERIFIED
team_match,2017-18,124,919017,HOME,12,2017-18:1,VERIFIED_SOURCE_MATCH_ROUTE,VERIFIED
team_match,2017-18,124,919017,AWAY,3,2017-18:36,VERIFIED_SOURCE_MATCH_ROUTE,VERIFIED
team_match,2017-18,125,919018,HOME,13,2017-18:4,VERIFIED_SOURCE_MATCH_ROUTE,VERIFIED
team_match,2017-18,125,919018,AWAY,18,2017-18:57,VERIFIED_SOURCE_MATCH_ROUTE,VERIFIED
team_match,2017-18,126,919019,HOME,14,2017-18:20,VERIFIED_SOURCE_MATCH_ROUTE,VERIFIED
team_match,2017-18,126,919019,AWAY,7,2017-18:11,VERIFIED_SOURCE_MATCH_ROUTE,VERIFIED
team_match,2017-18,127,919020,HOME,16,2017-18:80,VERIFIED_SOURCE_MATCH_ROUTE,VERIFIED
team_match,2017-18,127,919020,AWAY,2,2017-18:91,VERIFIED_SOURCE_MATCH_ROUTE,VERIFIED
team_match,2017-18,128,919021,HOME,17,2017-18:6,VERIFIED_SOURCE_MATCH_ROUTE,VERIFIED
team_match,2017-18,128,919021,AWAY,19,2017-18:35,VERIFIED_SOURCE_MATCH_ROUTE,VERIFIED
team_match,2017-18,129,919022,HOME,20,2017-18:21,VERIFIED_SOURCE_MATCH_ROUTE,VERIFIED
team_match,2017-18,129,919022,AWAY,9,2017-18:13,VERIFIED_SOURCE_MATCH_ROUTE,VERIFIED
team_match,2017-18,130,919013,HOME,4,2017-18:90,VERIFIED_SOURCE_MATCH_ROUTE,VERIFIED
team_match,2017-18,130,919013,AWAY,1,2017-18:3,VERIFIED_SOURCE_MATCH_ROUTE,VERIFIED
team_match,2017-18,131,919025,HOME,3,2017-18:36,VERIFIED_SOURCE_MATCH_ROUTE,VERIFIED
team_match,2017-18,131,919025,AWAY,6,2017-18:31,VERIFIED_SOURCE_MATCH_ROUTE,VERIFIED
team_match,2017-18,132,919026,HOME,9,2017-18:13,VERIFIED_SOURCE_MATCH_ROUTE,VERIFIED
team_match,2017-18,132,919026,AWAY,17,2017-18:6,VERIFIED_SOURCE_MATCH_ROUTE,VERIFIED
team_match,2017-18,133,919027,HOME,18,2017-18:57,VERIFIED_SOURCE_MATCH_ROUTE,VERIFIED
team_match,2017-18,133,919027,AWAY,12,2017-18:1,VERIFIED_SOURCE_MATCH_ROUTE,VERIFIED
team_match,2017-18,134,919028,HOME,19,2017-18:35,VERIFIED_SOURCE_MATCH_ROUTE,VERIFIED
team_match,2017-18,134,919028,AWAY,13,2017-18:4,VERIFIED_SOURCE_MATCH_ROUTE,VERIFIED
team_match,2017-18,135,919024,HOME,1,2017-18:3,VERIFIED_SOURCE_MATCH_ROUTE,VERIFIED
team_match,2017-18,135,919024,AWAY,8,2017-18:38,VERIFIED_SOURCE_MATCH_ROUTE,VERIFIED
team_match,2017-18,136,919023,HOME,2,2017-18:91,VERIFIED_SOURCE_MATCH_ROUTE,VERIFIED
team_match,2017-18,136,919023,AWAY,4,2017-18:90,VERIFIED_SOURCE_MATCH_ROUTE,VERIFIED
team_match,2017-18,137,919029,HOME,5,2017-18:8,VERIFIED_SOURCE_MATCH_ROUTE,VERIFIED
team_match,2017-18,137,919029,AWAY,16,2017-18:80,VERIFIED_SOURCE_MATCH_ROUTE,VERIFIED
team_match,2017-18,138,919030,HOME,7,2017-18:11,VERIFIED_SOURCE_MATCH_ROUTE,VERIFIED
team_match,2017-18,138,919030,AWAY,20,2017-18:21,VERIFIED_SOURCE_MATCH_ROUTE,VERIFIED
team_match,2017-18,139,919031,HOME,11,2017-18:43,VERIFIED_SOURCE_MATCH_ROUTE,VERIFIED
team_match,2017-18,139,919031,AWAY,14,2017-18:20,VERIFIED_SOURCE_MATCH_ROUTE,VERIFIED
team_match,2017-18,140,919032,HOME,15,2017-18:110,VERIFIED_SOURCE_MATCH_ROUTE,VERIFIED
team_match,2017-18,140,919032,AWAY,10,2017-18:14,VERIFIED_SOURCE_MATCH_ROUTE,VERIFIED
team_match,2017-18,141,919034,HOME,1,2017-18:3,VERIFIED_SOURCE_MATCH_ROUTE,VERIFIED
team_match,2017-18,141,919034,AWAY,12,2017-18:1,VERIFIED_SOURCE_MATCH_ROUTE,VERIFIED
team_match,2017-18,142,919033,HOME,2,2017-18:91,VERIFIED_SOURCE_MATCH_ROUTE,VERIFIED
team_match,2017-18,142,919033,AWAY,14,2017-18:20,VERIFIED_SOURCE_MATCH_ROUTE,VERIFIED
team_match,2017-18,143,919035,HOME,3,2017-18:36,VERIFIED_SOURCE_MATCH_ROUTE,VERIFIED
team_match,2017-18,143,919035,AWAY,10,2017-18:14,VERIFIED_SOURCE_MATCH_ROUTE,VERIFIED
team_match,2017-18,144,919036,HOME,5,2017-18:8,VERIFIED_SOURCE_MATCH_ROUTE,VERIFIED
team_match,2017-18,144,919036,AWAY,13,2017-18:4,VERIFIED_SOURCE_MATCH_ROUTE,VERIFIED
team_match,2017-18,145,919037,HOME,7,2017-18:11,VERIFIED_SOURCE_MATCH_ROUTE,VERIFIED
team_match,2017-18,145,919037,AWAY,8,2017-18:38,VERIFIED_SOURCE_MATCH_ROUTE,VERIFIED
team_match,2017-18,146,919038,HOME,9,2017-18:13,VERIFIED_SOURCE_MATCH_ROUTE,VERIFIED
team_match,2017-18,146,919038,AWAY,4,2017-18:90,VERIFIED_SOURCE_MATCH_ROUTE,VERIFIED
team_match,2017-18,147,919039,HOME,11,2017-18:43,VERIFIED_SOURCE_MATCH_ROUTE,VERIFIED
team_match,2017-18,147,919039,AWAY,20,2017-18:21,VERIFIED_SOURCE_MATCH_ROUTE,VERIFIED
team_match,2017-18,148,919040,HOME,15,2017-18:110,VERIFIED_SOURCE_MATCH_ROUTE,VERIFIED
team_match,2017-18,148,919040,AWAY,16,2017-18:80,VERIFIED_SOURCE_MATCH_ROUTE,VERIFIED
team_match,2017-18,149,919041,HOME,18,2017-18:57,VERIFIED_SOURCE_MATCH_ROUTE,VERIFIED
team_match,2017-18,149,919041,AWAY,17,2017-18:6,VERIFIED_SOURCE_MATCH_ROUTE,VERIFIED
team_match,2017-18,150,919042,HOME,19,2017-18:35,VERIFIED_SOURCE_MATCH_ROUTE,VERIFIED
team_match,2017-18,150,919042,AWAY,6,2017-18:31,VERIFIED_SOURCE_MATCH_ROUTE,VERIFIED
team_match,2017-18,151,919043,HOME,4,2017-18:90,VERIFIED_SOURCE_MATCH_ROUTE,VERIFIED
team_match,2017-18,151,919043,AWAY,18,2017-18:57,VERIFIED_SOURCE_MATCH_ROUTE,VERIFIED
team_match,2017-18,152,919044,HOME,6,2017-18:31,VERIFIED_SOURCE_MATCH_ROUTE,VERIFIED
team_match,2017-18,152,919044,AWAY,2,2017-18:91,VERIFIED_SOURCE_MATCH_ROUTE,VERIFIED
team_match,2017-18,153,919045,HOME,8,2017-18:38,VERIFIED_SOURCE_MATCH_ROUTE,VERIFIED
team_match,2017-18,153,919045,AWAY,3,2017-18:36,VERIFIED_SOURCE_MATCH_ROUTE,VERIFIED
team_match,2017-18,154,919046,HOME,10,2017-18:14,VERIFIED_SOURCE_MATCH_ROUTE,VERIFIED
team_match,2017-18,154,919046,AWAY,7,2017-18:11,VERIFIED_SOURCE_MATCH_ROUTE,VERIFIED
team_match,2017-18,155,919047,HOME,12,2017-18:1,VERIFIED_SOURCE_MATCH_ROUTE,VERIFIED
team_match,2017-18,155,919047,AWAY,11,2017-18:43,VERIFIED_SOURCE_MATCH_ROUTE,VERIFIED
team_match,2017-18,156,919048,HOME,13,2017-18:4,VERIFIED_SOURCE_MATCH_ROUTE,VERIFIED
team_match,2017-18,156,919048,AWAY,9,2017-18:13,VERIFIED_SOURCE_MATCH_ROUTE,VERIFIED
team_match,2017-18,157,919050,HOME,16,2017-18:80,VERIFIED_SOURCE_MATCH_ROUTE,VERIFIED
team_match,2017-18,157,919050,AWAY,19,2017-18:35,VERIFIED_SOURCE_MATCH_ROUTE,VERIFIED
team_match,2017-18,158,919051,HOME,17,2017-18:6,VERIFIED_SOURCE_MATCH_ROUTE,VERIFIED
team_match,2017-18,158,919051,AWAY,15,2017-18:110,VERIFIED_SOURCE_MATCH_ROUTE,VERIFIED
team_match,2017-18,159,919052,HOME,20,2017-18:21,VERIFIED_SOURCE_MATCH_ROUTE,VERIFIED
team_match,2017-18,159,919052,AWAY,5,2017-18:8,VERIFIED_SOURCE_MATCH_ROUTE,VERIFIED
team_match,2017-18,160,919049,HOME,14,2017-18:20,VERIFIED_SOURCE_MATCH_ROUTE,VERIFIED
team_match,2017-18,160,919049,AWAY,1,2017-18:3,VERIFIED_SOURCE_MATCH_ROUTE,VERIFIED
team_match,2017-18,161,919053,HOME,4,2017-18:90,VERIFIED_SOURCE_MATCH_ROUTE,VERIFIED
team_match,2017-18,161,919053,AWAY,15,2017-18:110,VERIFIED_SOURCE_MATCH_ROUTE,VERIFIED
team_match,2017-18,162,919054,HOME,6,2017-18:31,VERIFIED_SOURCE_MATCH_ROUTE,VERIFIED
team_match,2017-18,162,919054,AWAY,18,2017-18:57,VERIFIED_SOURCE_MATCH_ROUTE,VERIFIED
team_match,2017-18,163,919055,HOME,8,2017-18:38,VERIFIED_SOURCE_MATCH_ROUTE,VERIFIED
team_match,2017-18,163,919055,AWAY,5,2017-18:8,VERIFIED_SOURCE_MATCH_ROUTE,VERIFIED
team_match,2017-18,164,919056,HOME,12,2017-18:1,VERIFIED_SOURCE_MATCH_ROUTE,VERIFIED
team_match,2017-18,164,919056,AWAY,2,2017-18:91,VERIFIED_SOURCE_MATCH_ROUTE,VERIFIED
team_match,2017-18,165,919057,HOME,16,2017-18:80,VERIFIED_SOURCE_MATCH_ROUTE,VERIFIED
team_match,2017-18,165,919057,AWAY,11,2017-18:43,VERIFIED_SOURCE_MATCH_ROUTE,VERIFIED
team_match,2017-18,166,919059,HOME,10,2017-18:14,VERIFIED_SOURCE_MATCH_ROUTE,VERIFIED
team_match,2017-18,166,919059,AWAY,19,2017-18:35,VERIFIED_SOURCE_MATCH_ROUTE,VERIFIED
team_match,2017-18,167,919060,HOME,13,2017-18:4,VERIFIED_SOURCE_MATCH_ROUTE,VERIFIED
team_match,2017-18,167,919060,AWAY,7,2017-18:11,VERIFIED_SOURCE_MATCH_ROUTE,VERIFIED
team_match,2017-18,168,919061,HOME,14,2017-18:20,VERIFIED_SOURCE_MATCH_ROUTE,VERIFIED
team_match,2017-18,168,919061,AWAY,9,2017-18:13,VERIFIED_SOURCE_MATCH_ROUTE,VERIFIED
team_match,2017-18,169,919062,HOME,17,2017-18:6,VERIFIED_SOURCE_MATCH_ROUTE,VERIFIED
team_match,2017-18,169,919062,AWAY,3,2017-18:36,VERIFIED_SOURCE_MATCH_ROUTE,VERIFIED
team_match,2017-18,170,919058,HOME,20,2017-18:21,VERIFIED_SOURCE_MATCH_ROUTE,VERIFIED
team_match,2017-18,170,919058,AWAY,1,2017-18:3,VERIFIED_SOURCE_MATCH_ROUTE,VERIFIED
team_match,2017-18,171,919064,HOME,1,2017-18:3,VERIFIED_SOURCE_MATCH_ROUTE,VERIFIED
team_match,2017-18,171,919064,AWAY,13,2017-18:4,VERIFIED_SOURCE_MATCH_ROUTE,VERIFIED
team_match,2017-18,172,919063,HOME,2,2017-18:91,VERIFIED_SOURCE_MATCH_ROUTE,VERIFIED
team_match,2017-18,172,919063,AWAY,10,2017-18:14,VERIFIED_SOURCE_MATCH_ROUTE,VERIFIED
team_match,2017-18,173,919065,HOME,3,2017-18:36,VERIFIED_SOURCE_MATCH_ROUTE,VERIFIED
team_match,2017-18,173,919065,AWAY,4,2017-18:90,VERIFIED_SOURCE_MATCH_ROUTE,VERIFIED
team_match,2017-18,174,919066,HOME,5,2017-18:8,VERIFIED_SOURCE_MATCH_ROUTE,VERIFIED
team_match,2017-18,174,919066,AWAY,14,2017-18:20,VERIFIED_SOURCE_MATCH_ROUTE,VERIFIED
team_match,2017-18,175,919067,HOME,7,2017-18:11,VERIFIED_SOURCE_MATCH_ROUTE,VERIFIED
team_match,2017-18,175,919067,AWAY,16,2017-18:80,VERIFIED_SOURCE_MATCH_ROUTE,VERIFIED
team_match,2017-18,176,919068,HOME,9,2017-18:13,VERIFIED_SOURCE_MATCH_ROUTE,VERIFIED
team_match,2017-18,176,919068,AWAY,6,2017-18:31,VERIFIED_SOURCE_MATCH_ROUTE,VERIFIED
team_match,2017-18,177,919069,HOME,11,2017-18:43,VERIFIED_SOURCE_MATCH_ROUTE,VERIFIED
team_match,2017-18,177,919069,AWAY,17,2017-18:6,VERIFIED_SOURCE_MATCH_ROUTE,VERIFIED
team_match,2017-18,178,919070,HOME,15,2017-18:110,VERIFIED_SOURCE_MATCH_ROUTE,VERIFIED
team_match,2017-18,178,919070,AWAY,20,2017-18:21,VERIFIED_SOURCE_MATCH_ROUTE,VERIFIED
team_match,2017-18,179,919071,HOME,18,2017-18:57,VERIFIED_SOURCE_MATCH_ROUTE,VERIFIED
team_match,2017-18,179,919071,AWAY,8,2017-18:38,VERIFIED_SOURCE_MATCH_ROUTE,VERIFIED
team_match,2017-18,180,919072,HOME,19,2017-18:35,VERIFIED_SOURCE_MATCH_ROUTE,VERIFIED
team_match,2017-18,180,919072,AWAY,12,2017-18:1,VERIFIED_SOURCE_MATCH_ROUTE,VERIFIED
team_match,2017-18,181,919073,HOME,1,2017-18:3,VERIFIED_SOURCE_MATCH_ROUTE,VERIFIED
team_match,2017-18,181,919073,AWAY,10,2017-18:14,VERIFIED_SOURCE_MATCH_ROUTE,VERIFIED
team_match,2017-18,182,919074,HOME,3,2017-18:36,VERIFIED_SOURCE_MATCH_ROUTE,VERIFIED
team_match,2017-18,182,919074,AWAY,18,2017-18:57,VERIFIED_SOURCE_MATCH_ROUTE,VERIFIED
team_match,2017-18,183,919075,HOME,4,2017-18:90,VERIFIED_SOURCE_MATCH_ROUTE,VERIFIED
team_match,2017-18,183,919075,AWAY,17,2017-18:6,VERIFIED_SOURCE_MATCH_ROUTE,VERIFIED
team_match,2017-18,184,919076,HOME,7,2017-18:11,VERIFIED_SOURCE_MATCH_ROUTE,VERIFIED
team_match,2017-18,184,919076,AWAY,5,2017-18:8,VERIFIED_SOURCE_MATCH_ROUTE,VERIFIED
team_match,2017-18,185,919077,HOME,9,2017-18:13,VERIFIED_SOURCE_MATCH_ROUTE,VERIFIED
team_match,2017-18,185,919077,AWAY,12,2017-18:1,VERIFIED_SOURCE_MATCH_ROUTE,VERIFIED
team_match,2017-18,186,919078,HOME,11,2017-18:43,VERIFIED_SOURCE_MATCH_ROUTE,VERIFIED
team_match,2017-18,186,919078,AWAY,2,2017-18:91,VERIFIED_SOURCE_MATCH_ROUTE,VERIFIED
team_match,2017-18,187,919079,HOME,14,2017-18:20,VERIFIED_SOURCE_MATCH_ROUTE,VERIFIED
team_match,2017-18,187,919079,AWAY,8,2017-18:38,VERIFIED_SOURCE_MATCH_ROUTE,VERIFIED
team_match,2017-18,188,919080,HOME,15,2017-18:110,VERIFIED_SOURCE_MATCH_ROUTE,VERIFIED
team_match,2017-18,188,919080,AWAY,19,2017-18:35,VERIFIED_SOURCE_MATCH_ROUTE,VERIFIED
team_match,2017-18,189,919081,HOME,16,2017-18:80,VERIFIED_SOURCE_MATCH_ROUTE,VERIFIED
team_match,2017-18,189,919081,AWAY,6,2017-18:31,VERIFIED_SOURCE_MATCH_ROUTE,VERIFIED
team_match,2017-18,190,919082,HOME,20,2017-18:21,VERIFIED_SOURCE_MATCH_ROUTE,VERIFIED
team_match,2017-18,190,919082,AWAY,13,2017-18:4,VERIFIED_SOURCE_MATCH_ROUTE,VERIFIED
team_match,2017-18,191,919083,HOME,2,2017-18:91,VERIFIED_SOURCE_MATCH_ROUTE,VERIFIED
team_match,2017-18,191,919083,AWAY,20,2017-18:21,VERIFIED_SOURCE_MATCH_ROUTE,VERIFIED
team_match,2017-18,192,919084,HOME,5,2017-18:8,VERIFIED_SOURCE_MATCH_ROUTE,VERIFIED
team_match,2017-18,192,919084,AWAY,3,2017-18:36,VERIFIED_SOURCE_MATCH_ROUTE,VERIFIED
team_match,2017-18,193,919085,HOME,6,2017-18:31,VERIFIED_SOURCE_MATCH_ROUTE,VERIFIED
team_match,2017-18,193,919085,AWAY,1,2017-18:3,VERIFIED_SOURCE_MATCH_ROUTE,VERIFIED
team_match,2017-18,194,919086,HOME,8,2017-18:38,VERIFIED_SOURCE_MATCH_ROUTE,VERIFIED
team_match,2017-18,194,919086,AWAY,15,2017-18:110,VERIFIED_SOURCE_MATCH_ROUTE,VERIFIED
team_match,2017-18,195,919087,HOME,10,2017-18:14,VERIFIED_SOURCE_MATCH_ROUTE,VERIFIED
team_match,2017-18,195,919087,AWAY,16,2017-18:80,VERIFIED_SOURCE_MATCH_ROUTE,VERIFIED
team_match,2017-18,196,919088,HOME,12,2017-18:1,VERIFIED_SOURCE_MATCH_ROUTE,VERIFIED
team_match,2017-18,196,919088,AWAY,4,2017-18:90,VERIFIED_SOURCE_MATCH_ROUTE,VERIFIED
team_match,2017-18,197,919089,HOME,13,2017-18:4,VERIFIED_SOURCE_MATCH_ROUTE,VERIFIED
team_match,2017-18,197,919089,AWAY,11,2017-18:43,VERIFIED_SOURCE_MATCH_ROUTE,VERIFIED
team_match,2017-18,198,919090,HOME,17,2017-18:6,VERIFIED_SOURCE_MATCH_ROUTE,VERIFIED
team_match,2017-18,198,919090,AWAY,14,2017-18:20,VERIFIED_SOURCE_MATCH_ROUTE,VERIFIED
team_match,2017-18,199,919091,HOME,18,2017-18:57,VERIFIED_SOURCE_MATCH_ROUTE,VERIFIED
team_match,2017-18,199,919091,AWAY,9,2017-18:13,VERIFIED_SOURCE_MATCH_ROUTE,VERIFIED
team_match,2017-18,200,919092,HOME,19,2017-18:35,VERIFIED_SOURCE_MATCH_ROUTE,VERIFIED
team_match,2017-18,200,919092,AWAY,7,2017-18:11,VERIFIED_SOURCE_MATCH_ROUTE,VERIFIED
team_match,2017-18,201,919093,HOME,2,2017-18:91,VERIFIED_SOURCE_MATCH_ROUTE,VERIFIED
team_match,2017-18,201,919093,AWAY,7,2017-18:11,VERIFIED_SOURCE_MATCH_ROUTE,VERIFIED
team_match,2017-18,202,919094,HOME,5,2017-18:8,VERIFIED_SOURCE_MATCH_ROUTE,VERIFIED
team_match,2017-18,202,919094,AWAY,15,2017-18:110,VERIFIED_SOURCE_MATCH_ROUTE,VERIFIED
team_match,2017-18,203,919095,HOME,6,2017-18:31,VERIFIED_SOURCE_MATCH_ROUTE,VERIFIED
team_match,2017-18,203,919095,AWAY,11,2017-18:43,VERIFIED_SOURCE_MATCH_ROUTE,VERIFIED
team_match,2017-18,204,919096,HOME,8,2017-18:38,VERIFIED_SOURCE_MATCH_ROUTE,VERIFIED
team_match,2017-18,204,919096,AWAY,4,2017-18:90,VERIFIED_SOURCE_MATCH_ROUTE,VERIFIED
team_match,2017-18,205,919097,HOME,10,2017-18:14,VERIFIED_SOURCE_MATCH_ROUTE,VERIFIED
team_match,2017-18,205,919097,AWAY,9,2017-18:13,VERIFIED_SOURCE_MATCH_ROUTE,VERIFIED
team_match,2017-18,206,919098,HOME,12,2017-18:1,VERIFIED_SOURCE_MATCH_ROUTE,VERIFIED
team_match,2017-18,206,919098,AWAY,14,2017-18:20,VERIFIED_SOURCE_MATCH_ROUTE,VERIFIED
team_match,2017-18,207,919099,HOME,13,2017-18:4,VERIFIED_SOURCE_MATCH_ROUTE,VERIFIED
team_match,2017-18,207,919099,AWAY,3,2017-18:36,VERIFIED_SOURCE_MATCH_ROUTE,VERIFIED
team_match,2017-18,208,919100,HOME,17,2017-18:6,VERIFIED_SOURCE_MATCH_ROUTE,VERIFIED
team_match,2017-18,208,919100,AWAY,20,2017-18:21,VERIFIED_SOURCE_MATCH_ROUTE,VERIFIED
team_match,2017-18,209,919101,HOME,18,2017-18:57,VERIFIED_SOURCE_MATCH_ROUTE,VERIFIED
team_match,2017-18,209,919101,AWAY,16,2017-18:80,VERIFIED_SOURCE_MATCH_ROUTE,VERIFIED
team_match,2017-18,210,919102,HOME,19,2017-18:35,VERIFIED_SOURCE_MATCH_ROUTE,VERIFIED
team_match,2017-18,210,919102,AWAY,1,2017-18:3,VERIFIED_SOURCE_MATCH_ROUTE,VERIFIED
team_match,2017-18,211,919103,HOME,1,2017-18:3,VERIFIED_SOURCE_MATCH_ROUTE,VERIFIED
team_match,2017-18,211,919103,AWAY,5,2017-18:8,VERIFIED_SOURCE_MATCH_ROUTE,VERIFIED
team_match,2017-18,212,919104,HOME,3,2017-18:36,VERIFIED_SOURCE_MATCH_ROUTE,VERIFIED
team_match,2017-18,212,919104,AWAY,2,2017-18:91,VERIFIED_SOURCE_MATCH_ROUTE,VERIFIED
team_match,2017-18,213,919105,HOME,4,2017-18:90,VERIFIED_SOURCE_MATCH_ROUTE,VERIFIED
team_match,2017-18,213,919105,AWAY,10,2017-18:14,VERIFIED_SOURCE_MATCH_ROUTE,VERIFIED
team_match,2017-18,214,919106,HOME,7,2017-18:11,VERIFIED_SOURCE_MATCH_ROUTE,VERIFIED
team_match,2017-18,214,919106,AWAY,12,2017-18:1,VERIFIED_SOURCE_MATCH_ROUTE,VERIFIED
team_match,2017-18,215,919107,HOME,9,2017-18:13,VERIFIED_SOURCE_MATCH_ROUTE,VERIFIED
team_match,2017-18,215,919107,AWAY,8,2017-18:38,VERIFIED_SOURCE_MATCH_ROUTE,VERIFIED
team_match,2017-18,216,919108,HOME,11,2017-18:43,VERIFIED_SOURCE_MATCH_ROUTE,VERIFIED
team_match,2017-18,216,919108,AWAY,18,2017-18:57,VERIFIED_SOURCE_MATCH_ROUTE,VERIFIED
team_match,2017-18,217,919109,HOME,14,2017-18:20,VERIFIED_SOURCE_MATCH_ROUTE,VERIFIED
team_match,2017-18,217,919109,AWAY,6,2017-18:31,VERIFIED_SOURCE_MATCH_ROUTE,VERIFIED
team_match,2017-18,218,919110,HOME,15,2017-18:110,VERIFIED_SOURCE_MATCH_ROUTE,VERIFIED
team_match,2017-18,218,919110,AWAY,13,2017-18:4,VERIFIED_SOURCE_MATCH_ROUTE,VERIFIED
team_match,2017-18,219,919111,HOME,16,2017-18:80,VERIFIED_SOURCE_MATCH_ROUTE,VERIFIED
team_match,2017-18,219,919111,AWAY,17,2017-18:6,VERIFIED_SOURCE_MATCH_ROUTE,VERIFIED
team_match,2017-18,220,919112,HOME,20,2017-18:21,VERIFIED_SOURCE_MATCH_ROUTE,VERIFIED
team_match,2017-18,220,919112,AWAY,19,2017-18:35,VERIFIED_SOURCE_MATCH_ROUTE,VERIFIED
team_match,2017-18,221,919113,HOME,2,2017-18:91,VERIFIED_SOURCE_MATCH_ROUTE,VERIFIED
team_match,2017-18,221,919113,AWAY,1,2017-18:3,VERIFIED_SOURCE_MATCH_ROUTE,VERIFIED
team_match,2017-18,222,919114,HOME,5,2017-18:8,VERIFIED_SOURCE_MATCH_ROUTE,VERIFIED
team_match,2017-18,222,919114,AWAY,9,2017-18:13,VERIFIED_SOURCE_MATCH_ROUTE,VERIFIED
team_match,2017-18,223,919115,HOME,6,2017-18:31,VERIFIED_SOURCE_MATCH_ROUTE,VERIFIED
team_match,2017-18,223,919115,AWAY,4,2017-18:90,VERIFIED_SOURCE_MATCH_ROUTE,VERIFIED
team_match,2017-18,224,919116,HOME,8,2017-18:38,VERIFIED_SOURCE_MATCH_ROUTE,VERIFIED
team_match,2017-18,224,919116,AWAY,20,2017-18:21,VERIFIED_SOURCE_MATCH_ROUTE,VERIFIED
team_match,2017-18,225,919117,HOME,10,2017-18:14,VERIFIED_SOURCE_MATCH_ROUTE,VERIFIED
team_match,2017-18,225,919117,AWAY,11,2017-18:43,VERIFIED_SOURCE_MATCH_ROUTE,VERIFIED
team_match,2017-18,226,919118,HOME,12,2017-18:1,VERIFIED_SOURCE_MATCH_ROUTE,VERIFIED
team_match,2017-18,226,919118,AWAY,15,2017-18:110,VERIFIED_SOURCE_MATCH_ROUTE,VERIFIED
team_match,2017-18,227,919119,HOME,13,2017-18:4,VERIFIED_SOURCE_MATCH_ROUTE,VERIFIED
team_match,2017-18,227,919119,AWAY,16,2017-18:80,VERIFIED_SOURCE_MATCH_ROUTE,VERIFIED
team_match,2017-18,228,919120,HOME,17,2017-18:6,VERIFIED_SOURCE_MATCH_ROUTE,VERIFIED
team_match,2017-18,228,919120,AWAY,7,2017-18:11,VERIFIED_SOURCE_MATCH_ROUTE,VERIFIED
team_match,2017-18,229,919121,HOME,18,2017-18:57,VERIFIED_SOURCE_MATCH_ROUTE,VERIFIED
team_match,2017-18,229,919121,AWAY,14,2017-18:20,VERIFIED_SOURCE_MATCH_ROUTE,VERIFIED
team_match,2017-18,230,919122,HOME,19,2017-18:35,VERIFIED_SOURCE_MATCH_ROUTE,VERIFIED
team_match,2017-18,230,919122,AWAY,3,2017-18:36,VERIFIED_SOURCE_MATCH_ROUTE,VERIFIED
team_match,2017-18,231,919123,HOME,1,2017-18:3,VERIFIED_SOURCE_MATCH_ROUTE,VERIFIED
team_match,2017-18,231,919123,AWAY,6,2017-18:31,VERIFIED_SOURCE_MATCH_ROUTE,VERIFIED
team_match,2017-18,232,919124,HOME,3,2017-18:36,VERIFIED_SOURCE_MATCH_ROUTE,VERIFIED
team_match,2017-18,232,919124,AWAY,5,2017-18:8,VERIFIED_SOURCE_MATCH_ROUTE,VERIFIED
team_match,2017-18,233,919125,HOME,4,2017-18:90,VERIFIED_SOURCE_MATCH_ROUTE,VERIFIED
team_match,2017-18,233,919125,AWAY,12,2017-18:1,VERIFIED_SOURCE_MATCH_ROUTE,VERIFIED
team_match,2017-18,234,919126,HOME,7,2017-18:11,VERIFIED_SOURCE_MATCH_ROUTE,VERIFIED
team_match,2017-18,234,919126,AWAY,19,2017-18:35,VERIFIED_SOURCE_MATCH_ROUTE,VERIFIED
team_match,2017-18,235,919127,HOME,9,2017-18:13,VERIFIED_SOURCE_MATCH_ROUTE,VERIFIED
team_match,2017-18,235,919127,AWAY,18,2017-18:57,VERIFIED_SOURCE_MATCH_ROUTE,VERIFIED
team_match,2017-18,236,919128,HOME,11,2017-18:43,VERIFIED_SOURCE_MATCH_ROUTE,VERIFIED
team_match,2017-18,236,919128,AWAY,13,2017-18:4,VERIFIED_SOURCE_MATCH_ROUTE,VERIFIED
team_match,2017-18,237,919129,HOME,14,2017-18:20,VERIFIED_SOURCE_MATCH_ROUTE,VERIFIED
team_match,2017-18,237,919129,AWAY,17,2017-18:6,VERIFIED_SOURCE_MATCH_ROUTE,VERIFIED
team_match,2017-18,238,919130,HOME,15,2017-18:110,VERIFIED_SOURCE_MATCH_ROUTE,VERIFIED
team_match,2017-18,238,919130,AWAY,8,2017-18:38,VERIFIED_SOURCE_MATCH_ROUTE,VERIFIED
team_match,2017-18,239,919131,HOME,16,2017-18:80,VERIFIED_SOURCE_MATCH_ROUTE,VERIFIED
team_match,2017-18,239,919131,AWAY,10,2017-18:14,VERIFIED_SOURCE_MATCH_ROUTE,VERIFIED
team_match,2017-18,240,919132,HOME,20,2017-18:21,VERIFIED_SOURCE_MATCH_ROUTE,VERIFIED
team_match,2017-18,240,919132,AWAY,2,2017-18:91,VERIFIED_SOURCE_MATCH_ROUTE,VERIFIED
team_match,2017-18,241,919133,HOME,8,2017-18:38,VERIFIED_SOURCE_MATCH_ROUTE,VERIFIED
team_match,2017-18,241,919133,AWAY,10,2017-18:14,VERIFIED_SOURCE_MATCH_ROUTE,VERIFIED
team_match,2017-18,242,919134,HOME,16,2017-18:80,VERIFIED_SOURCE_MATCH_ROUTE,VERIFIED
team_match,2017-18,242,919134,AWAY,1,2017-18:3,VERIFIED_SOURCE_MATCH_ROUTE,VERIFIED
team_match,2017-18,243,919135,HOME,20,2017-18:21,VERIFIED_SOURCE_MATCH_ROUTE,VERIFIED
team_match,2017-18,243,919135,AWAY,6,2017-18:31,VERIFIED_SOURCE_MATCH_ROUTE,VERIFIED
team_match,2017-18,244,919136,HOME,5,2017-18:8,VERIFIED_SOURCE_MATCH_ROUTE,VERIFIED
team_match,2017-18,244,919136,AWAY,2,2017-18:91,VERIFIED_SOURCE_MATCH_ROUTE,VERIFIED
team_match,2017-18,245,919137,HOME,7,2017-18:11,VERIFIED_SOURCE_MATCH_ROUTE,VERIFIED
team_match,2017-18,245,919137,AWAY,9,2017-18:13,VERIFIED_SOURCE_MATCH_ROUTE,VERIFIED
team_match,2017-18,246,919138,HOME,11,2017-18:43,VERIFIED_SOURCE_MATCH_ROUTE,VERIFIED
team_match,2017-18,246,919138,AWAY,19,2017-18:35,VERIFIED_SOURCE_MATCH_ROUTE,VERIFIED
team_match,2017-18,247,919139,HOME,13,2017-18:4,VERIFIED_SOURCE_MATCH_ROUTE,VERIFIED
team_match,2017-18,247,919139,AWAY,4,2017-18:90,VERIFIED_SOURCE_MATCH_ROUTE,VERIFIED
team_match,2017-18,248,919140,HOME,14,2017-18:20,VERIFIED_SOURCE_MATCH_ROUTE,VERIFIED
team_match,2017-18,248,919140,AWAY,3,2017-18:36,VERIFIED_SOURCE_MATCH_ROUTE,VERIFIED
team_match,2017-18,249,919141,HOME,15,2017-18:110,VERIFIED_SOURCE_MATCH_ROUTE,VERIFIED
team_match,2017-18,249,919141,AWAY,18,2017-18:57,VERIFIED_SOURCE_MATCH_ROUTE,VERIFIED
team_match,2017-18,250,919142,HOME,17,2017-18:6,VERIFIED_SOURCE_MATCH_ROUTE,VERIFIED
team_match,2017-18,250,919142,AWAY,12,2017-18:1,VERIFIED_SOURCE_MATCH_ROUTE,VERIFIED
team_match,2017-18,251,919144,HOME,1,2017-18:3,VERIFIED_SOURCE_MATCH_ROUTE,VERIFIED
team_match,2017-18,251,919144,AWAY,7,2017-18:11,VERIFIED_SOURCE_MATCH_ROUTE,VERIFIED
team_match,2017-18,252,919143,HOME,2,2017-18:91,VERIFIED_SOURCE_MATCH_ROUTE,VERIFIED
team_match,2017-18,252,919143,AWAY,15,2017-18:110,VERIFIED_SOURCE_MATCH_ROUTE,VERIFIED
team_match,2017-18,253,919145,HOME,3,2017-18:36,VERIFIED_SOURCE_MATCH_ROUTE,VERIFIED
team_match,2017-18,253,919145,AWAY,20,2017-18:21,VERIFIED_SOURCE_MATCH_ROUTE,VERIFIED
team_match,2017-18,254,919146,HOME,4,2017-18:90,VERIFIED_SOURCE_MATCH_ROUTE,VERIFIED
team_match,2017-18,254,919146,AWAY,11,2017-18:43,VERIFIED_SOURCE_MATCH_ROUTE,VERIFIED
team_match,2017-18,255,919147,HOME,6,2017-18:31,VERIFIED_SOURCE_MATCH_ROUTE,VERIFIED
team_match,2017-18,255,919147,AWAY,13,2017-18:4,VERIFIED_SOURCE_MATCH_ROUTE,VERIFIED
team_match,2017-18,256,919148,HOME,9,2017-18:13,VERIFIED_SOURCE_MATCH_ROUTE,VERIFIED
team_match,2017-18,256,919148,AWAY,16,2017-18:80,VERIFIED_SOURCE_MATCH_ROUTE,VERIFIED
team_match,2017-18,257,919149,HOME,10,2017-18:14,VERIFIED_SOURCE_MATCH_ROUTE,VERIFIED
team_match,2017-18,257,919149,AWAY,17,2017-18:6,VERIFIED_SOURCE_MATCH_ROUTE,VERIFIED
team_match,2017-18,258,919150,HOME,12,2017-18:1,VERIFIED_SOURCE_MATCH_ROUTE,VERIFIED
team_match,2017-18,258,919150,AWAY,8,2017-18:38,VERIFIED_SOURCE_MATCH_ROUTE,VERIFIED
team_match,2017-18,259,919151,HOME,18,2017-18:57,VERIFIED_SOURCE_MATCH_ROUTE,VERIFIED
team_match,2017-18,259,919151,AWAY,5,2017-18:8,VERIFIED_SOURCE_MATCH_ROUTE,VERIFIED
team_match,2017-18,260,919152,HOME,19,2017-18:35,VERIFIED_SOURCE_MATCH_ROUTE,VERIFIED
team_match,2017-18,260,919152,AWAY,14,2017-18:20,VERIFIED_SOURCE_MATCH_ROUTE,VERIFIED
team_match,2017-18,261,919153,HOME,5,2017-18:8,VERIFIED_SOURCE_MATCH_ROUTE,VERIFIED
team_match,2017-18,261,919153,AWAY,19,2017-18:35,VERIFIED_SOURCE_MATCH_ROUTE,VERIFIED
team_match,2017-18,262,919154,HOME,7,2017-18:11,VERIFIED_SOURCE_MATCH_ROUTE,VERIFIED
team_match,2017-18,262,919154,AWAY,6,2017-18:31,VERIFIED_SOURCE_MATCH_ROUTE,VERIFIED
team_match,2017-18,263,919155,HOME,8,2017-18:38,VERIFIED_SOURCE_MATCH_ROUTE,VERIFIED
team_match,2017-18,263,919155,AWAY,2,2017-18:91,VERIFIED_SOURCE_MATCH_ROUTE,VERIFIED
team_match,2017-18,264,919156,HOME,11,2017-18:43,VERIFIED_SOURCE_MATCH_ROUTE,VERIFIED
team_match,2017-18,264,919156,AWAY,9,2017-18:13,VERIFIED_SOURCE_MATCH_ROUTE,VERIFIED
team_match,2017-18,265,919157,HOME,13,2017-18:4,VERIFIED_SOURCE_MATCH_ROUTE,VERIFIED
team_match,2017-18,265,919157,AWAY,12,2017-18:1,VERIFIED_SOURCE_MATCH_ROUTE,VERIFIED
team_match,2017-18,266,919158,HOME,14,2017-18:20,VERIFIED_SOURCE_MATCH_ROUTE,VERIFIED
team_match,2017-18,266,919158,AWAY,10,2017-18:14,VERIFIED_SOURCE_MATCH_ROUTE,VERIFIED
team_match,2017-18,267,919159,HOME,15,2017-18:110,VERIFIED_SOURCE_MATCH_ROUTE,VERIFIED
team_match,2017-18,267,919159,AWAY,3,2017-18:36,VERIFIED_SOURCE_MATCH_ROUTE,VERIFIED
team_match,2017-18,268,919160,HOME,16,2017-18:80,VERIFIED_SOURCE_MATCH_ROUTE,VERIFIED
team_match,2017-18,268,919160,AWAY,4,2017-18:90,VERIFIED_SOURCE_MATCH_ROUTE,VERIFIED
team_match,2017-18,269,919161,HOME,17,2017-18:6,VERIFIED_SOURCE_MATCH_ROUTE,VERIFIED
team_match,2017-18,269,919161,AWAY,1,2017-18:3,VERIFIED_SOURCE_MATCH_ROUTE,VERIFIED
team_match,2017-18,270,919162,HOME,20,2017-18:21,VERIFIED_SOURCE_MATCH_ROUTE,VERIFIED
team_match,2017-18,270,919162,AWAY,18,2017-18:57,VERIFIED_SOURCE_MATCH_ROUTE,VERIFIED
team_match,2017-18,271,919164,HOME,1,2017-18:3,VERIFIED_SOURCE_MATCH_ROUTE,VERIFIED
team_match,2017-18,271,919164,AWAY,11,2017-18:43,VERIFIED_SOURCE_MATCH_ROUTE,VERIFIED
team_match,2017-18,272,919163,HOME,2,2017-18:91,VERIFIED_SOURCE_MATCH_ROUTE,VERIFIED
team_match,2017-18,272,919163,AWAY,13,2017-18:4,VERIFIED_SOURCE_MATCH_ROUTE,VERIFIED
team_match,2017-18,273,919165,HOME,3,2017-18:36,VERIFIED_SOURCE_MATCH_ROUTE,VERIFIED
team_match,2017-18,273,919165,AWAY,16,2017-18:80,VERIFIED_SOURCE_MATCH_ROUTE,VERIFIED
team_match,2017-18,274,919166,HOME,4,2017-18:90,VERIFIED_SOURCE_MATCH_ROUTE,VERIFIED
team_match,2017-18,274,919166,AWAY,14,2017-18:20,VERIFIED_SOURCE_MATCH_ROUTE,VERIFIED
team_match,2017-18,275,919167,HOME,6,2017-18:31,VERIFIED_SOURCE_MATCH_ROUTE,VERIFIED
team_match,2017-18,275,919167,AWAY,17,2017-18:6,VERIFIED_SOURCE_MATCH_ROUTE,VERIFIED
team_match,2017-18,276,919168,HOME,9,2017-18:13,VERIFIED_SOURCE_MATCH_ROUTE,VERIFIED
team_match,2017-18,276,919168,AWAY,15,2017-18:110,VERIFIED_SOURCE_MATCH_ROUTE,VERIFIED
team_match,2017-18,277,919169,HOME,10,2017-18:14,VERIFIED_SOURCE_MATCH_ROUTE,VERIFIED
team_match,2017-18,277,919169,AWAY,20,2017-18:21,VERIFIED_SOURCE_MATCH_ROUTE,VERIFIED
team_match,2017-18,278,919170,HOME,12,2017-18:1,VERIFIED_SOURCE_MATCH_ROUTE,VERIFIED
team_match,2017-18,278,919170,AWAY,5,2017-18:8,VERIFIED_SOURCE_MATCH_ROUTE,VERIFIED
team_match,2017-18,279,919171,HOME,18,2017-18:57,VERIFIED_SOURCE_MATCH_ROUTE,VERIFIED
team_match,2017-18,279,919171,AWAY,7,2017-18:11,VERIFIED_SOURCE_MATCH_ROUTE,VERIFIED
team_match,2017-18,280,919172,HOME,19,2017-18:35,VERIFIED_SOURCE_MATCH_ROUTE,VERIFIED
team_match,2017-18,280,919172,AWAY,8,2017-18:38,VERIFIED_SOURCE_MATCH_ROUTE,VERIFIED
team_match,2017-18,281,919173,HOME,3,2017-18:36,VERIFIED_SOURCE_MATCH_ROUTE,VERIFIED
team_match,2017-18,281,919173,AWAY,1,2017-18:3,VERIFIED_SOURCE_MATCH_ROUTE,VERIFIED
team_match,2017-18,282,919174,HOME,4,2017-18:90,VERIFIED_SOURCE_MATCH_ROUTE,VERIFIED
team_match,2017-18,282,919174,AWAY,7,2017-18:11,VERIFIED_SOURCE_MATCH_ROUTE,VERIFIED
team_match,2017-18,283,919175,HOME,6,2017-18:31,VERIFIED_SOURCE_MATCH_ROUTE,VERIFIED
team_match,2017-18,283,919175,AWAY,12,2017-18:1,VERIFIED_SOURCE_MATCH_ROUTE,VERIFIED
team_match,2017-18,284,919176,HOME,9,2017-18:13,VERIFIED_SOURCE_MATCH_ROUTE,VERIFIED
team_match,2017-18,284,919176,AWAY,2,2017-18:91,VERIFIED_SOURCE_MATCH_ROUTE,VERIFIED
team_match,2017-18,285,919177,HOME,10,2017-18:14,VERIFIED_SOURCE_MATCH_ROUTE,VERIFIED
team_match,2017-18,285,919177,AWAY,13,2017-18:4,VERIFIED_SOURCE_MATCH_ROUTE,VERIFIED
team_match,2017-18,286,919178,HOME,11,2017-18:43,VERIFIED_SOURCE_MATCH_ROUTE,VERIFIED
team_match,2017-18,286,919178,AWAY,5,2017-18:8,VERIFIED_SOURCE_MATCH_ROUTE,VERIFIED
team_match,2017-18,287,919179,HOME,14,2017-18:20,VERIFIED_SOURCE_MATCH_ROUTE,VERIFIED
team_match,2017-18,287,919179,AWAY,15,2017-18:110,VERIFIED_SOURCE_MATCH_ROUTE,VERIFIED
team_match,2017-18,288,919180,HOME,16,2017-18:80,VERIFIED_SOURCE_MATCH_ROUTE,VERIFIED
team_match,2017-18,288,919180,AWAY,20,2017-18:21,VERIFIED_SOURCE_MATCH_ROUTE,VERIFIED
team_match,2017-18,289,919181,HOME,17,2017-18:6,VERIFIED_SOURCE_MATCH_ROUTE,VERIFIED
team_match,2017-18,289,919181,AWAY,8,2017-18:38,VERIFIED_SOURCE_MATCH_ROUTE,VERIFIED
team_match,2017-18,290,919182,HOME,18,2017-18:57,VERIFIED_SOURCE_MATCH_ROUTE,VERIFIED
team_match,2017-18,290,919182,AWAY,19,2017-18:35,VERIFIED_SOURCE_MATCH_ROUTE,VERIFIED
team_match,2017-18,291,919184,HOME,1,2017-18:3,VERIFIED_SOURCE_MATCH_ROUTE,VERIFIED
team_match,2017-18,291,919184,AWAY,18,2017-18:57,VERIFIED_SOURCE_MATCH_ROUTE,VERIFIED
team_match,2017-18,292,919183,HOME,2,2017-18:91,VERIFIED_SOURCE_MATCH_ROUTE,VERIFIED
team_match,2017-18,292,919183,AWAY,17,2017-18:6,VERIFIED_SOURCE_MATCH_ROUTE,VERIFIED
team_match,2017-18,293,919185,HOME,5,2017-18:8,VERIFIED_SOURCE_MATCH_ROUTE,VERIFIED
team_match,2017-18,293,919185,AWAY,6,2017-18:31,VERIFIED_SOURCE_MATCH_ROUTE,VERIFIED
team_match,2017-18,294,919186,HOME,7,2017-18:11,VERIFIED_SOURCE_MATCH_ROUTE,VERIFIED
team_match,2017-18,294,919186,AWAY,3,2017-18:36,VERIFIED_SOURCE_MATCH_ROUTE,VERIFIED
team_match,2017-18,295,919187,HOME,8,2017-18:38,VERIFIED_SOURCE_MATCH_ROUTE,VERIFIED
team_match,2017-18,295,919187,AWAY,16,2017-18:80,VERIFIED_SOURCE_MATCH_ROUTE,VERIFIED
team_match,2017-18,296,919188,HOME,12,2017-18:1,VERIFIED_SOURCE_MATCH_ROUTE,VERIFIED
team_match,2017-18,296,919188,AWAY,10,2017-18:14,VERIFIED_SOURCE_MATCH_ROUTE,VERIFIED
team_match,2017-18,297,919189,HOME,13,2017-18:4,VERIFIED_SOURCE_MATCH_ROUTE,VERIFIED
team_match,2017-18,297,919189,AWAY,14,2017-18:20,VERIFIED_SOURCE_MATCH_ROUTE,VERIFIED
team_match,2017-18,298,919190,HOME,15,2017-18:110,VERIFIED_SOURCE_MATCH_ROUTE,VERIFIED
team_match,2017-18,298,919190,AWAY,11,2017-18:43,VERIFIED_SOURCE_MATCH_ROUTE,VERIFIED
team_match,2017-18,299,919191,HOME,19,2017-18:35,VERIFIED_SOURCE_MATCH_ROUTE,VERIFIED
team_match,2017-18,299,919191,AWAY,9,2017-18:13,VERIFIED_SOURCE_MATCH_ROUTE,VERIFIED
team_match,2017-18,300,919192,HOME,20,2017-18:21,VERIFIED_SOURCE_MATCH_ROUTE,VERIFIED
team_match,2017-18,300,919192,AWAY,4,2017-18:90,VERIFIED_SOURCE_MATCH_ROUTE,VERIFIED
team_match,2017-18,301,919193,HOME,2,2017-18:91,VERIFIED_SOURCE_MATCH_ROUTE,VERIFIED
team_match,2017-18,301,919193,AWAY,19,2017-18:35,VERIFIED_SOURCE_MATCH_ROUTE,VERIFIED
team_match,2017-18,302,919194,HOME,4,2017-18:90,VERIFIED_SOURCE_MATCH_ROUTE,VERIFIED
team_match,2017-18,302,919194,AWAY,5,2017-18:8,VERIFIED_SOURCE_MATCH_ROUTE,VERIFIED
team_match,2017-18,303,919195,HOME,8,2017-18:38,VERIFIED_SOURCE_MATCH_ROUTE,VERIFIED
team_match,2017-18,303,919195,AWAY,6,2017-18:31,VERIFIED_SOURCE_MATCH_ROUTE,VERIFIED
team_match,2017-18,304,919196,HOME,9,2017-18:13,VERIFIED_SOURCE_MATCH_ROUTE,VERIFIED
team_match,2017-18,304,919196,AWAY,1,2017-18:3,VERIFIED_SOURCE_MATCH_ROUTE,VERIFIED
team_match,2017-18,305,919197,HOME,10,2017-18:14,VERIFIED_SOURCE_MATCH_ROUTE,VERIFIED
team_match,2017-18,305,919197,AWAY,18,2017-18:57,VERIFIED_SOURCE_MATCH_ROUTE,VERIFIED
team_match,2017-18,306,919198,HOME,11,2017-18:43,VERIFIED_SOURCE_MATCH_ROUTE,VERIFIED
team_match,2017-18,306,919198,AWAY,3,2017-18:36,VERIFIED_SOURCE_MATCH_ROUTE,VERIFIED
team_match,2017-18,307,919199,HOME,15,2017-18:110,VERIFIED_SOURCE_MATCH_ROUTE,VERIFIED
team_match,2017-18,307,919199,AWAY,7,2017-18:11,VERIFIED_SOURCE_MATCH_ROUTE,VERIFIED
team_match,2017-18,308,919200,HOME,16,2017-18:80,VERIFIED_SOURCE_MATCH_ROUTE,VERIFIED
team_match,2017-18,308,919200,AWAY,14,2017-18:20,VERIFIED_SOURCE_MATCH_ROUTE,VERIFIED
team_match,2017-18,309,919201,HOME,17,2017-18:6,VERIFIED_SOURCE_MATCH_ROUTE,VERIFIED
team_match,2017-18,309,919201,AWAY,13,2017-18:4,VERIFIED_SOURCE_MATCH_ROUTE,VERIFIED
team_match,2017-18,310,919202,HOME,20,2017-18:21,VERIFIED_SOURCE_MATCH_ROUTE,VERIFIED
team_match,2017-18,310,919202,AWAY,12,2017-18:1,VERIFIED_SOURCE_MATCH_ROUTE,VERIFIED
team_match,2017-18,311,919203,HOME,1,2017-18:3,VERIFIED_SOURCE_MATCH_ROUTE,VERIFIED
team_match,2017-18,311,919203,AWAY,15,2017-18:110,VERIFIED_SOURCE_MATCH_ROUTE,VERIFIED
team_match,2017-18,312,919204,HOME,3,2017-18:36,VERIFIED_SOURCE_MATCH_ROUTE,VERIFIED
team_match,2017-18,312,919204,AWAY,9,2017-18:13,VERIFIED_SOURCE_MATCH_ROUTE,VERIFIED
team_match,2017-18,313,919205,HOME,5,2017-18:8,VERIFIED_SOURCE_MATCH_ROUTE,VERIFIED
team_match,2017-18,313,919205,AWAY,17,2017-18:6,VERIFIED_SOURCE_MATCH_ROUTE,VERIFIED
team_match,2017-18,314,919206,HOME,6,2017-18:31,VERIFIED_SOURCE_MATCH_ROUTE,VERIFIED
team_match,2017-18,314,919206,AWAY,10,2017-18:14,VERIFIED_SOURCE_MATCH_ROUTE,VERIFIED
team_match,2017-18,315,919207,HOME,7,2017-18:11,VERIFIED_SOURCE_MATCH_ROUTE,VERIFIED
team_match,2017-18,315,919207,AWAY,11,2017-18:43,VERIFIED_SOURCE_MATCH_ROUTE,VERIFIED
team_match,2017-18,316,919208,HOME,12,2017-18:1,VERIFIED_SOURCE_MATCH_ROUTE,VERIFIED
team_match,2017-18,316,919208,AWAY,16,2017-18:80,VERIFIED_SOURCE_MATCH_ROUTE,VERIFIED
team_match,2017-18,317,919209,HOME,13,2017-18:4,VERIFIED_SOURCE_MATCH_ROUTE,VERIFIED
team_match,2017-18,317,919209,AWAY,8,2017-18:38,VERIFIED_SOURCE_MATCH_ROUTE,VERIFIED
team_match,2017-18,318,919211,HOME,18,2017-18:57,VERIFIED_SOURCE_MATCH_ROUTE,VERIFIED
team_match,2017-18,318,919211,AWAY,2,2017-18:91,VERIFIED_SOURCE_MATCH_ROUTE,VERIFIED
team_match,2017-18,319,919212,HOME,19,2017-18:35,VERIFIED_SOURCE_MATCH_ROUTE,VERIFIED
team_match,2017-18,319,919212,AWAY,4,2017-18:90,VERIFIED_SOURCE_MATCH_ROUTE,VERIFIED
team_match,2017-18,320,918912,HOME,20,2017-18:21,VERIFIED_SOURCE_MATCH_ROUTE,VERIFIED
team_match,2017-18,320,918912,AWAY,14,2017-18:20,VERIFIED_SOURCE_MATCH_ROUTE,VERIFIED
team_match,2017-18,321,919214,HOME,1,2017-18:3,VERIFIED_SOURCE_MATCH_ROUTE,VERIFIED
team_match,2017-18,321,919214,AWAY,14,2017-18:20,VERIFIED_SOURCE_MATCH_ROUTE,VERIFIED
team_match,2017-18,322,919213,HOME,2,2017-18:91,VERIFIED_SOURCE_MATCH_ROUTE,VERIFIED
team_match,2017-18,322,919213,AWAY,6,2017-18:31,VERIFIED_SOURCE_MATCH_ROUTE,VERIFIED
team_match,2017-18,323,919215,HOME,3,2017-18:36,VERIFIED_SOURCE_MATCH_ROUTE,VERIFIED
team_match,2017-18,323,919215,AWAY,8,2017-18:38,VERIFIED_SOURCE_MATCH_ROUTE,VERIFIED
team_match,2017-18,324,919216,HOME,5,2017-18:8,VERIFIED_SOURCE_MATCH_ROUTE,VERIFIED
team_match,2017-18,324,919216,AWAY,20,2017-18:21,VERIFIED_SOURCE_MATCH_ROUTE,VERIFIED
team_match,2017-18,325,919217,HOME,7,2017-18:11,VERIFIED_SOURCE_MATCH_ROUTE,VERIFIED
team_match,2017-18,325,919217,AWAY,10,2017-18:14,VERIFIED_SOURCE_MATCH_ROUTE,VERIFIED
team_match,2017-18,326,919218,HOME,9,2017-18:13,VERIFIED_SOURCE_MATCH_ROUTE,VERIFIED
team_match,2017-18,326,919218,AWAY,13,2017-18:4,VERIFIED_SOURCE_MATCH_ROUTE,VERIFIED
team_match,2017-18,327,919219,HOME,11,2017-18:43,VERIFIED_SOURCE_MATCH_ROUTE,VERIFIED
team_match,2017-18,327,919219,AWAY,12,2017-18:1,VERIFIED_SOURCE_MATCH_ROUTE,VERIFIED
team_match,2017-18,328,919220,HOME,15,2017-18:110,VERIFIED_SOURCE_MATCH_ROUTE,VERIFIED
team_match,2017-18,328,919220,AWAY,17,2017-18:6,VERIFIED_SOURCE_MATCH_ROUTE,VERIFIED
team_match,2017-18,329,919221,HOME,18,2017-18:57,VERIFIED_SOURCE_MATCH_ROUTE,VERIFIED
team_match,2017-18,329,919221,AWAY,4,2017-18:90,VERIFIED_SOURCE_MATCH_ROUTE,VERIFIED
team_match,2017-18,330,919222,HOME,19,2017-18:35,VERIFIED_SOURCE_MATCH_ROUTE,VERIFIED
team_match,2017-18,330,919222,AWAY,16,2017-18:80,VERIFIED_SOURCE_MATCH_ROUTE,VERIFIED
team_match,2017-18,331,919223,HOME,4,2017-18:90,VERIFIED_SOURCE_MATCH_ROUTE,VERIFIED
team_match,2017-18,331,919223,AWAY,9,2017-18:13,VERIFIED_SOURCE_MATCH_ROUTE,VERIFIED
team_match,2017-18,332,919224,HOME,6,2017-18:31,VERIFIED_SOURCE_MATCH_ROUTE,VERIFIED
team_match,2017-18,332,919224,AWAY,3,2017-18:36,VERIFIED_SOURCE_MATCH_ROUTE,VERIFIED
team_match,2017-18,333,919225,HOME,8,2017-18:38,VERIFIED_SOURCE_MATCH_ROUTE,VERIFIED
team_match,2017-18,333,919225,AWAY,18,2017-18:57,VERIFIED_SOURCE_MATCH_ROUTE,VERIFIED
team_match,2017-18,334,919226,HOME,10,2017-18:14,VERIFIED_SOURCE_MATCH_ROUTE,VERIFIED
team_match,2017-18,334,919226,AWAY,2,2017-18:91,VERIFIED_SOURCE_MATCH_ROUTE,VERIFIED
team_match,2017-18,335,919227,HOME,12,2017-18:1,VERIFIED_SOURCE_MATCH_ROUTE,VERIFIED
team_match,2017-18,335,919227,AWAY,19,2017-18:35,VERIFIED_SOURCE_MATCH_ROUTE,VERIFIED
team_match,2017-18,336,919228,HOME,13,2017-18:4,VERIFIED_SOURCE_MATCH_ROUTE,VERIFIED
team_match,2017-18,336,919228,AWAY,1,2017-18:3,VERIFIED_SOURCE_MATCH_ROUTE,VERIFIED
team_match,2017-18,337,919229,HOME,14,2017-18:20,VERIFIED_SOURCE_MATCH_ROUTE,VERIFIED
team_match,2017-18,337,919229,AWAY,5,2017-18:8,VERIFIED_SOURCE_MATCH_ROUTE,VERIFIED
team_match,2017-18,338,919230,HOME,16,2017-18:80,VERIFIED_SOURCE_MATCH_ROUTE,VERIFIED
team_match,2017-18,338,919230,AWAY,7,2017-18:11,VERIFIED_SOURCE_MATCH_ROUTE,VERIFIED
team_match,2017-18,339,919231,HOME,17,2017-18:6,VERIFIED_SOURCE_MATCH_ROUTE,VERIFIED
team_match,2017-18,339,919231,AWAY,11,2017-18:43,VERIFIED_SOURCE_MATCH_ROUTE,VERIFIED
team_match,2017-18,340,919232,HOME,20,2017-18:21,VERIFIED_SOURCE_MATCH_ROUTE,VERIFIED
team_match,2017-18,340,919232,AWAY,15,2017-18:110,VERIFIED_SOURCE_MATCH_ROUTE,VERIFIED
team_match,2017-18,341,919234,HOME,1,2017-18:3,VERIFIED_SOURCE_MATCH_ROUTE,VERIFIED
team_match,2017-18,341,919234,AWAY,20,2017-18:21,VERIFIED_SOURCE_MATCH_ROUTE,VERIFIED
team_match,2017-18,342,919233,HOME,2,2017-18:91,VERIFIED_SOURCE_MATCH_ROUTE,VERIFIED
team_match,2017-18,342,919233,AWAY,12,2017-18:1,VERIFIED_SOURCE_MATCH_ROUTE,VERIFIED
team_match,2017-18,343,919235,HOME,3,2017-18:36,VERIFIED_SOURCE_MATCH_ROUTE,VERIFIED
team_match,2017-18,343,919235,AWAY,17,2017-18:6,VERIFIED_SOURCE_MATCH_ROUTE,VERIFIED
team_match,2017-18,344,919236,HOME,5,2017-18:8,VERIFIED_SOURCE_MATCH_ROUTE,VERIFIED
team_match,2017-18,344,919236,AWAY,8,2017-18:38,VERIFIED_SOURCE_MATCH_ROUTE,VERIFIED
team_match,2017-18,345,919237,HOME,7,2017-18:11,VERIFIED_SOURCE_MATCH_ROUTE,VERIFIED
team_match,2017-18,345,919237,AWAY,13,2017-18:4,VERIFIED_SOURCE_MATCH_ROUTE,VERIFIED
team_match,2017-18,346,919238,HOME,9,2017-18:13,VERIFIED_SOURCE_MATCH_ROUTE,VERIFIED
team_match,2017-18,346,919238,AWAY,14,2017-18:20,VERIFIED_SOURCE_MATCH_ROUTE,VERIFIED
team_match,2017-18,347,919239,HOME,11,2017-18:43,VERIFIED_SOURCE_MATCH_ROUTE,VERIFIED
team_match,2017-18,347,919239,AWAY,16,2017-18:80,VERIFIED_SOURCE_MATCH_ROUTE,VERIFIED
team_match,2017-18,348,919240,HOME,15,2017-18:110,VERIFIED_SOURCE_MATCH_ROUTE,VERIFIED
team_match,2017-18,348,919240,AWAY,4,2017-18:90,VERIFIED_SOURCE_MATCH_ROUTE,VERIFIED
team_match,2017-18,349,919241,HOME,18,2017-18:57,VERIFIED_SOURCE_MATCH_ROUTE,VERIFIED
team_match,2017-18,349,919241,AWAY,6,2017-18:31,VERIFIED_SOURCE_MATCH_ROUTE,VERIFIED
team_match,2017-18,350,919242,HOME,19,2017-18:35,VERIFIED_SOURCE_MATCH_ROUTE,VERIFIED
team_match,2017-18,350,919242,AWAY,10,2017-18:14,VERIFIED_SOURCE_MATCH_ROUTE,VERIFIED
team_match,2017-18,351,919243,HOME,4,2017-18:90,VERIFIED_SOURCE_MATCH_ROUTE,VERIFIED
team_match,2017-18,351,919243,AWAY,3,2017-18:36,VERIFIED_SOURCE_MATCH_ROUTE,VERIFIED
team_match,2017-18,352,919244,HOME,6,2017-18:31,VERIFIED_SOURCE_MATCH_ROUTE,VERIFIED
team_match,2017-18,352,919244,AWAY,9,2017-18:13,VERIFIED_SOURCE_MATCH_ROUTE,VERIFIED
team_match,2017-18,353,919245,HOME,8,2017-18:38,VERIFIED_SOURCE_MATCH_ROUTE,VERIFIED
team_match,2017-18,353,919245,AWAY,7,2017-18:11,VERIFIED_SOURCE_MATCH_ROUTE,VERIFIED
team_match,2017-18,354,919246,HOME,10,2017-18:14,VERIFIED_SOURCE_MATCH_ROUTE,VERIFIED
team_match,2017-18,354,919246,AWAY,15,2017-18:110,VERIFIED_SOURCE_MATCH_ROUTE,VERIFIED
team_match,2017-18,355,919247,HOME,12,2017-18:1,VERIFIED_SOURCE_MATCH_ROUTE,VERIFIED
team_match,2017-18,355,919247,AWAY,1,2017-18:3,VERIFIED_SOURCE_MATCH_ROUTE,VERIFIED
team_match,2017-18,356,919248,HOME,13,2017-18:4,VERIFIED_SOURCE_MATCH_ROUTE,VERIFIED
team_match,2017-18,356,919248,AWAY,19,2017-18:35,VERIFIED_SOURCE_MATCH_ROUTE,VERIFIED
team_match,2017-18,357,919249,HOME,14,2017-18:20,VERIFIED_SOURCE_MATCH_ROUTE,VERIFIED
team_match,2017-18,357,919249,AWAY,2,2017-18:91,VERIFIED_SOURCE_MATCH_ROUTE,VERIFIED
team_match,2017-18,358,919250,HOME,16,2017-18:80,VERIFIED_SOURCE_MATCH_ROUTE,VERIFIED
team_match,2017-18,358,919250,AWAY,5,2017-18:8,VERIFIED_SOURCE_MATCH_ROUTE,VERIFIED
team_match,2017-18,359,919251,HOME,17,2017-18:6,VERIFIED_SOURCE_MATCH_ROUTE,VERIFIED
team_match,2017-18,359,919251,AWAY,18,2017-18:57,VERIFIED_SOURCE_MATCH_ROUTE,VERIFIED
team_match,2017-18,360,919252,HOME,20,2017-18:21,VERIFIED_SOURCE_MATCH_ROUTE,VERIFIED
team_match,2017-18,360,919252,AWAY,11,2017-18:43,VERIFIED_SOURCE_MATCH_ROUTE,VERIFIED
team_match,2017-18,361,919254,HOME,1,2017-18:3,VERIFIED_SOURCE_MATCH_ROUTE,VERIFIED
team_match,2017-18,361,919254,AWAY,4,2017-18:90,VERIFIED_SOURCE_MATCH_ROUTE,VERIFIED
team_match,2017-18,362,919253,HOME,2,2017-18:91,VERIFIED_SOURCE_MATCH_ROUTE,VERIFIED
team_match,2017-18,362,919253,AWAY,16,2017-18:80,VERIFIED_SOURCE_MATCH_ROUTE,VERIFIED
team_match,2017-18,363,919255,HOME,3,2017-18:36,VERIFIED_SOURCE_MATCH_ROUTE,VERIFIED
team_match,2017-18,363,919255,AWAY,12,2017-18:1,VERIFIED_SOURCE_MATCH_ROUTE,VERIFIED
team_match,2017-18,364,919256,HOME,5,2017-18:8,VERIFIED_SOURCE_MATCH_ROUTE,VERIFIED
team_match,2017-18,364,919256,AWAY,10,2017-18:14,VERIFIED_SOURCE_MATCH_ROUTE,VERIFIED
team_match,2017-18,365,919257,HOME,7,2017-18:11,VERIFIED_SOURCE_MATCH_ROUTE,VERIFIED
team_match,2017-18,365,919257,AWAY,14,2017-18:20,VERIFIED_SOURCE_MATCH_ROUTE,VERIFIED
team_match,2017-18,366,919258,HOME,9,2017-18:13,VERIFIED_SOURCE_MATCH_ROUTE,VERIFIED
team_match,2017-18,366,919258,AWAY,20,2017-18:21,VERIFIED_SOURCE_MATCH_ROUTE,VERIFIED
team_match,2017-18,367,919259,HOME,11,2017-18:43,VERIFIED_SOURCE_MATCH_ROUTE,VERIFIED
team_match,2017-18,367,919259,AWAY,8,2017-18:38,VERIFIED_SOURCE_MATCH_ROUTE,VERIFIED
team_match,2017-18,368,919260,HOME,15,2017-18:110,VERIFIED_SOURCE_MATCH_ROUTE,VERIFIED
team_match,2017-18,368,919260,AWAY,6,2017-18:31,VERIFIED_SOURCE_MATCH_ROUTE,VERIFIED
team_match,2017-18,369,919261,HOME,18,2017-18:57,VERIFIED_SOURCE_MATCH_ROUTE,VERIFIED
team_match,2017-18,369,919261,AWAY,13,2017-18:4,VERIFIED_SOURCE_MATCH_ROUTE,VERIFIED
team_match,2017-18,370,919262,HOME,19,2017-18:35,VERIFIED_SOURCE_MATCH_ROUTE,VERIFIED
team_match,2017-18,370,919262,AWAY,17,2017-18:6,VERIFIED_SOURCE_MATCH_ROUTE,VERIFIED
team_match,2017-18,371,919263,HOME,4,2017-18:90,VERIFIED_SOURCE_MATCH_ROUTE,VERIFIED
team_match,2017-18,371,919263,AWAY,2,2017-18:91,VERIFIED_SOURCE_MATCH_ROUTE,VERIFIED
team_match,2017-18,372,919264,HOME,6,2017-18:31,VERIFIED_SOURCE_MATCH_ROUTE,VERIFIED
team_match,2017-18,372,919264,AWAY,19,2017-18:35,VERIFIED_SOURCE_MATCH_ROUTE,VERIFIED
team_match,2017-18,373,919265,HOME,8,2017-18:38,VERIFIED_SOURCE_MATCH_ROUTE,VERIFIED
team_match,2017-18,373,919265,AWAY,1,2017-18:3,VERIFIED_SOURCE_MATCH_ROUTE,VERIFIED
team_match,2017-18,374,919266,HOME,10,2017-18:14,VERIFIED_SOURCE_MATCH_ROUTE,VERIFIED
team_match,2017-18,374,919266,AWAY,3,2017-18:36,VERIFIED_SOURCE_MATCH_ROUTE,VERIFIED
team_match,2017-18,375,919267,HOME,12,2017-18:1,VERIFIED_SOURCE_MATCH_ROUTE,VERIFIED
team_match,2017-18,375,919267,AWAY,18,2017-18:57,VERIFIED_SOURCE_MATCH_ROUTE,VERIFIED
team_match,2017-18,376,919268,HOME,13,2017-18:4,VERIFIED_SOURCE_MATCH_ROUTE,VERIFIED
team_match,2017-18,376,919268,AWAY,5,2017-18:8,VERIFIED_SOURCE_MATCH_ROUTE,VERIFIED
team_match,2017-18,377,919269,HOME,14,2017-18:20,VERIFIED_SOURCE_MATCH_ROUTE,VERIFIED
team_match,2017-18,377,919269,AWAY,11,2017-18:43,VERIFIED_SOURCE_MATCH_ROUTE,VERIFIED
team_match,2017-18,378,919270,HOME,16,2017-18:80,VERIFIED_SOURCE_MATCH_ROUTE,VERIFIED
team_match,2017-18,378,919270,AWAY,15,2017-18:110,VERIFIED_SOURCE_MATCH_ROUTE,VERIFIED
team_match,2017-18,379,919271,HOME,17,2017-18:6,VERIFIED_SOURCE_MATCH_ROUTE,VERIFIED
team_match,2017-18,379,919271,AWAY,9,2017-18:13,VERIFIED_SOURCE_MATCH_ROUTE,VERIFIED
team_match,2017-18,380,919272,HOME,20,2017-18:21,VERIFIED_SOURCE_MATCH_ROUTE,VERIFIED
team_match,2017-18,380,919272,AWAY,7,2017-18:11,VERIFIED_SOURCE_MATCH_ROUTE,VERIFIED
team_match,2018-19,1,987593,HOME,1,2018-19:3,VERIFIED_SOURCE_MATCH_ROUTE,VERIFIED
team_match,2018-19,1,987593,AWAY,13,2018-19:43,VERIFIED_SOURCE_MATCH_ROUTE,VERIFIED
team_match,2018-19,2,987592,HOME,2,2018-19:91,VERIFIED_SOURCE_MATCH_ROUTE,VERIFIED
team_match,2018-19,2,987592,AWAY,5,2018-19:97,VERIFIED_SOURCE_MATCH_ROUTE,VERIFIED
team_match,2018-19,3,987594,HOME,9,2018-19:54,VERIFIED_SOURCE_MATCH_ROUTE,VERIFIED
team_match,2018-19,3,987594,AWAY,7,2018-19:31,VERIFIED_SOURCE_MATCH_ROUTE,VERIFIED
team_match,2018-19,4,987595,HOME,10,2018-19:38,VERIFIED_SOURCE_MATCH_ROUTE,VERIFIED
team_match,2018-19,4,987595,AWAY,6,2018-19:8,VERIFIED_SOURCE_MATCH_ROUTE,VERIFIED
team_match,2018-19,5,987596,HOME,12,2018-19:14,VERIFIED_SOURCE_MATCH_ROUTE,VERIFIED
team_match,2018-19,5,987596,AWAY,19,2018-19:21,VERIFIED_SOURCE_MATCH_ROUTE,VERIFIED
team_match,2018-19,6,987597,HOME,14,2018-19:1,VERIFIED_SOURCE_MATCH_ROUTE,VERIFIED
team_match,2018-19,6,987597,AWAY,11,2018-19:13,VERIFIED_SOURCE_MATCH_ROUTE,VERIFIED
team_match,2018-19,7,987598,HOME,15,2018-19:4,VERIFIED_SOURCE_MATCH_ROUTE,VERIFIED
team_match,2018-19,7,987598,AWAY,17,2018-19:6,VERIFIED_SOURCE_MATCH_ROUTE,VERIFIED
team_match,2018-19,8,987599,HOME,16,2018-19:20,VERIFIED_SOURCE_MATCH_ROUTE,VERIFIED
team_match,2018-19,8,987599,AWAY,4,2018-19:90,VERIFIED_SOURCE_MATCH_ROUTE,VERIFIED
team_match,2018-19,9,987600,HOME,18,2018-19:57,VERIFIED_SOURCE_MATCH_ROUTE,VERIFIED
team_match,2018-19,9,987600,AWAY,3,2018-19:36,VERIFIED_SOURCE_MATCH_ROUTE,VERIFIED
team_match,2018-19,10,987601,HOME,20,2018-19:39,VERIFIED_SOURCE_MATCH_ROUTE,VERIFIED
team_match,2018-19,10,987601,AWAY,8,2018-19:11,VERIFIED_SOURCE_MATCH_ROUTE,VERIFIED
team_match,2018-19,11,987602,HOME,3,2018-19:36,VERIFIED_SOURCE_MATCH_ROUTE,VERIFIED
team_match,2018-19,11,987602,AWAY,14,2018-19:1,VERIFIED_SOURCE_MATCH_ROUTE,VERIFIED
team_match,2018-19,12,987603,HOME,4,2018-19:90,VERIFIED_SOURCE_MATCH_ROUTE,VERIFIED
team_match,2018-19,12,987603,AWAY,18,2018-19:57,VERIFIED_SOURCE_MATCH_ROUTE,VERIFIED
team_match,2018-19,13,987604,HOME,5,2018-19:97,VERIFIED_SOURCE_MATCH_ROUTE,VERIFIED
team_match,2018-19,13,987604,AWAY,15,2018-19:4,VERIFIED_SOURCE_MATCH_ROUTE,VERIFIED
team_match,2018-19,14,987605,HOME,6,2018-19:8,VERIFIED_SOURCE_MATCH_ROUTE,VERIFIED
team_match,2018-19,14,987605,AWAY,1,2018-19:3,VERIFIED_SOURCE_MATCH_ROUTE,VERIFIED
team_match,2018-19,15,987606,HOME,7,2018-19:31,VERIFIED_SOURCE_MATCH_ROUTE,VERIFIED
team_match,2018-19,15,987606,AWAY,12,2018-19:14,VERIFIED_SOURCE_MATCH_ROUTE,VERIFIED
team_match,2018-19,16,987607,HOME,8,2018-19:11,VERIFIED_SOURCE_MATCH_ROUTE,VERIFIED
team_match,2018-19,16,987607,AWAY,16,2018-19:20,VERIFIED_SOURCE_MATCH_ROUTE,VERIFIED
team_match,2018-19,17,987608,HOME,11,2018-19:13,VERIFIED_SOURCE_MATCH_ROUTE,VERIFIED
team_match,2018-19,17,987608,AWAY,20,2018-19:39,VERIFIED_SOURCE_MATCH_ROUTE,VERIFIED
team_match,2018-19,18,987609,HOME,13,2018-19:43,VERIFIED_SOURCE_MATCH_ROUTE,VERIFIED
team_match,2018-19,18,987609,AWAY,10,2018-19:38,VERIFIED_SOURCE_MATCH_ROUTE,VERIFIED
team_match,2018-19,19,987610,HOME,17,2018-19:6,VERIFIED_SOURCE_MATCH_ROUTE,VERIFIED
team_match,2018-19,19,987610,AWAY,9,2018-19:54,VERIFIED_SOURCE_MATCH_ROUTE,VERIFIED
team_match,2018-19,20,987611,HOME,19,2018-19:21,VERIFIED_SOURCE_MATCH_ROUTE,VERIFIED
team_match,2018-19,20,987611,AWAY,2,2018-19:91,VERIFIED_SOURCE_MATCH_ROUTE,VERIFIED
team_match,2018-19,21,987613,HOME,1,2018-19:3,VERIFIED_SOURCE_MATCH_ROUTE,VERIFIED
team_match,2018-19,21,987613,AWAY,19,2018-19:21,VERIFIED_SOURCE_MATCH_ROUTE,VERIFIED
team_match,2018-19,22,987612,HOME,2,2018-19:91,VERIFIED_SOURCE_MATCH_ROUTE,VERIFIED
team_match,2018-19,22,987612,AWAY,8,2018-19:11,VERIFIED_SOURCE_MATCH_ROUTE,VERIFIED
team_match,2018-19,23,987614,HOME,9,2018-19:54,VERIFIED_SOURCE_MATCH_ROUTE,VERIFIED
team_match,2018-19,23,987614,AWAY,4,2018-19:90,VERIFIED_SOURCE_MATCH_ROUTE,VERIFIED
team_match,2018-19,24,987615,HOME,10,2018-19:38,VERIFIED_SOURCE_MATCH_ROUTE,VERIFIED
team_match,2018-19,24,987615,AWAY,5,2018-19:97,VERIFIED_SOURCE_MATCH_ROUTE,VERIFIED
team_match,2018-19,25,987616,HOME,12,2018-19:14,VERIFIED_SOURCE_MATCH_ROUTE,VERIFIED
team_match,2018-19,25,987616,AWAY,3,2018-19:36,VERIFIED_SOURCE_MATCH_ROUTE,VERIFIED
team_match,2018-19,26,987617,HOME,14,2018-19:1,VERIFIED_SOURCE_MATCH_ROUTE,VERIFIED
team_match,2018-19,26,987617,AWAY,17,2018-19:6,VERIFIED_SOURCE_MATCH_ROUTE,VERIFIED
team_match,2018-19,27,987618,HOME,15,2018-19:4,VERIFIED_SOURCE_MATCH_ROUTE,VERIFIED
team_match,2018-19,27,987618,AWAY,6,2018-19:8,VERIFIED_SOURCE_MATCH_ROUTE,VERIFIED
team_match,2018-19,28,987619,HOME,16,2018-19:20,VERIFIED_SOURCE_MATCH_ROUTE,VERIFIED
team_match,2018-19,28,987619,AWAY,11,2018-19:13,VERIFIED_SOURCE_MATCH_ROUTE,VERIFIED
team_match,2018-19,29,987620,HOME,18,2018-19:57,VERIFIED_SOURCE_MATCH_ROUTE,VERIFIED
team_match,2018-19,29,987620,AWAY,7,2018-19:31,VERIFIED_SOURCE_MATCH_ROUTE,VERIFIED
team_match,2018-19,30,987621,HOME,20,2018-19:39,VERIFIED_SOURCE_MATCH_ROUTE,VERIFIED
team_match,2018-19,30,987621,AWAY,13,2018-19:43,VERIFIED_SOURCE_MATCH_ROUTE,VERIFIED
team_match,2018-19,31,987622,HOME,3,2018-19:36,VERIFIED_SOURCE_MATCH_ROUTE,VERIFIED
team_match,2018-19,31,987622,AWAY,9,2018-19:54,VERIFIED_SOURCE_MATCH_ROUTE,VERIFIED
team_match,2018-19,32,987623,HOME,4,2018-19:90,VERIFIED_SOURCE_MATCH_ROUTE,VERIFIED
team_match,2018-19,32,987623,AWAY,14,2018-19:1,VERIFIED_SOURCE_MATCH_ROUTE,VERIFIED
team_match,2018-19,33,987624,HOME,5,2018-19:97,VERIFIED_SOURCE_MATCH_ROUTE,VERIFIED
team_match,2018-19,33,987624,AWAY,1,2018-19:3,VERIFIED_SOURCE_MATCH_ROUTE,VERIFIED
team_match,2018-19,34,987625,HOME,6,2018-19:8,VERIFIED_SOURCE_MATCH_ROUTE,VERIFIED
team_match,2018-19,34,987625,AWAY,2,2018-19:91,VERIFIED_SOURCE_MATCH_ROUTE,VERIFIED
team_match,2018-19,35,987626,HOME,7,2018-19:31,VERIFIED_SOURCE_MATCH_ROUTE,VERIFIED
team_match,2018-19,35,987626,AWAY,16,2018-19:20,VERIFIED_SOURCE_MATCH_ROUTE,VERIFIED
team_match,2018-19,36,987627,HOME,8,2018-19:11,VERIFIED_SOURCE_MATCH_ROUTE,VERIFIED
team_match,2018-19,36,987627,AWAY,10,2018-19:38,VERIFIED_SOURCE_MATCH_ROUTE,VERIFIED
team_match,2018-19,37,987628,HOME,11,2018-19:13,VERIFIED_SOURCE_MATCH_ROUTE,VERIFIED
team_match,2018-19,37,987628,AWAY,12,2018-19:14,VERIFIED_SOURCE_MATCH_ROUTE,VERIFIED
team_match,2018-19,38,987629,HOME,13,2018-19:43,VERIFIED_SOURCE_MATCH_ROUTE,VERIFIED
team_match,2018-19,38,987629,AWAY,15,2018-19:4,VERIFIED_SOURCE_MATCH_ROUTE,VERIFIED
team_match,2018-19,39,987630,HOME,18,2018-19:57,VERIFIED_SOURCE_MATCH_ROUTE,VERIFIED
team_match,2018-19,39,987630,AWAY,17,2018-19:6,VERIFIED_SOURCE_MATCH_ROUTE,VERIFIED
team_match,2018-19,40,987631,HOME,19,2018-19:21,VERIFIED_SOURCE_MATCH_ROUTE,VERIFIED
team_match,2018-19,40,987631,AWAY,20,2018-19:39,VERIFIED_SOURCE_MATCH_ROUTE,VERIFIED
team_match,2018-19,41,987632,HOME,2,2018-19:91,VERIFIED_SOURCE_MATCH_ROUTE,VERIFIED
team_match,2018-19,41,987632,AWAY,11,2018-19:13,VERIFIED_SOURCE_MATCH_ROUTE,VERIFIED
team_match,2018-19,42,987633,HOME,6,2018-19:8,VERIFIED_SOURCE_MATCH_ROUTE,VERIFIED
team_match,2018-19,42,987633,AWAY,5,2018-19:97,VERIFIED_SOURCE_MATCH_ROUTE,VERIFIED
team_match,2018-19,43,987634,HOME,8,2018-19:11,VERIFIED_SOURCE_MATCH_ROUTE,VERIFIED
team_match,2018-19,43,987634,AWAY,19,2018-19:21,VERIFIED_SOURCE_MATCH_ROUTE,VERIFIED
team_match,2018-19,44,987635,HOME,10,2018-19:38,VERIFIED_SOURCE_MATCH_ROUTE,VERIFIED
team_match,2018-19,44,987635,AWAY,7,2018-19:31,VERIFIED_SOURCE_MATCH_ROUTE,VERIFIED
team_match,2018-19,45,987636,HOME,13,2018-19:43,VERIFIED_SOURCE_MATCH_ROUTE,VERIFIED
team_match,2018-19,45,987636,AWAY,9,2018-19:54,VERIFIED_SOURCE_MATCH_ROUTE,VERIFIED
team_match,2018-19,46,987637,HOME,15,2018-19:4,VERIFIED_SOURCE_MATCH_ROUTE,VERIFIED
team_match,2018-19,46,987637,AWAY,1,2018-19:3,VERIFIED_SOURCE_MATCH_ROUTE,VERIFIED
team_match,2018-19,47,987638,HOME,16,2018-19:20,VERIFIED_SOURCE_MATCH_ROUTE,VERIFIED
team_match,2018-19,47,987638,AWAY,3,2018-19:36,VERIFIED_SOURCE_MATCH_ROUTE,VERIFIED
team_match,2018-19,48,987639,HOME,17,2018-19:6,VERIFIED_SOURCE_MATCH_ROUTE,VERIFIED
team_match,2018-19,48,987639,AWAY,12,2018-19:14,VERIFIED_SOURCE_MATCH_ROUTE,VERIFIED
team_match,2018-19,49,987640,HOME,18,2018-19:57,VERIFIED_SOURCE_MATCH_ROUTE,VERIFIED
team_match,2018-19,49,987640,AWAY,14,2018-19:1,VERIFIED_SOURCE_MATCH_ROUTE,VERIFIED
team_match,2018-19,50,987641,HOME,20,2018-19:39,VERIFIED_SOURCE_MATCH_ROUTE,VERIFIED
team_match,2018-19,50,987641,AWAY,4,2018-19:90,VERIFIED_SOURCE_MATCH_ROUTE,VERIFIED
team_match,2018-19,51,987642,HOME,1,2018-19:3,VERIFIED_SOURCE_MATCH_ROUTE,VERIFIED
team_match,2018-19,51,987642,AWAY,8,2018-19:11,VERIFIED_SOURCE_MATCH_ROUTE,VERIFIED
team_match,2018-19,52,987643,HOME,3,2018-19:36,VERIFIED_SOURCE_MATCH_ROUTE,VERIFIED
team_match,2018-19,52,987643,AWAY,17,2018-19:6,VERIFIED_SOURCE_MATCH_ROUTE,VERIFIED
team_match,2018-19,53,987644,HOME,4,2018-19:90,VERIFIED_SOURCE_MATCH_ROUTE,VERIFIED
team_match,2018-19,53,987644,AWAY,2,2018-19:91,VERIFIED_SOURCE_MATCH_ROUTE,VERIFIED
team_match,2018-19,54,987645,HOME,5,2018-19:97,VERIFIED_SOURCE_MATCH_ROUTE,VERIFIED
team_match,2018-19,54,987645,AWAY,13,2018-19:43,VERIFIED_SOURCE_MATCH_ROUTE,VERIFIED
team_match,2018-19,55,987646,HOME,7,2018-19:31,VERIFIED_SOURCE_MATCH_ROUTE,VERIFIED
team_match,2018-19,55,987646,AWAY,15,2018-19:4,VERIFIED_SOURCE_MATCH_ROUTE,VERIFIED
team_match,2018-19,56,987647,HOME,9,2018-19:54,VERIFIED_SOURCE_MATCH_ROUTE,VERIFIED
team_match,2018-19,56,987647,AWAY,18,2018-19:57,VERIFIED_SOURCE_MATCH_ROUTE,VERIFIED
team_match,2018-19,57,987648,HOME,11,2018-19:13,VERIFIED_SOURCE_MATCH_ROUTE,VERIFIED
team_match,2018-19,57,987648,AWAY,10,2018-19:38,VERIFIED_SOURCE_MATCH_ROUTE,VERIFIED
team_match,2018-19,58,987649,HOME,12,2018-19:14,VERIFIED_SOURCE_MATCH_ROUTE,VERIFIED
team_match,2018-19,58,987649,AWAY,16,2018-19:20,VERIFIED_SOURCE_MATCH_ROUTE,VERIFIED
team_match,2018-19,59,987650,HOME,14,2018-19:1,VERIFIED_SOURCE_MATCH_ROUTE,VERIFIED
team_match,2018-19,59,987650,AWAY,20,2018-19:39,VERIFIED_SOURCE_MATCH_ROUTE,VERIFIED
team_match,2018-19,60,987651,HOME,19,2018-19:21,VERIFIED_SOURCE_MATCH_ROUTE,VERIFIED
team_match,2018-19,60,987651,AWAY,6,2018-19:8,VERIFIED_SOURCE_MATCH_ROUTE,VERIFIED
team_match,2018-19,61,987653,HOME,1,2018-19:3,VERIFIED_SOURCE_MATCH_ROUTE,VERIFIED
team_match,2018-19,61,987653,AWAY,18,2018-19:57,VERIFIED_SOURCE_MATCH_ROUTE,VERIFIED
team_match,2018-19,62,987652,HOME,2,2018-19:91,VERIFIED_SOURCE_MATCH_ROUTE,VERIFIED
team_match,2018-19,62,987652,AWAY,7,2018-19:31,VERIFIED_SOURCE_MATCH_ROUTE,VERIFIED
team_match,2018-19,63,987654,HOME,5,2018-19:97,VERIFIED_SOURCE_MATCH_ROUTE,VERIFIED
team_match,2018-19,63,987654,AWAY,4,2018-19:90,VERIFIED_SOURCE_MATCH_ROUTE,VERIFIED
team_match,2018-19,64,987655,HOME,6,2018-19:8,VERIFIED_SOURCE_MATCH_ROUTE,VERIFIED
team_match,2018-19,64,987655,AWAY,12,2018-19:14,VERIFIED_SOURCE_MATCH_ROUTE,VERIFIED
team_match,2018-19,65,987656,HOME,8,2018-19:11,VERIFIED_SOURCE_MATCH_ROUTE,VERIFIED
team_match,2018-19,65,987656,AWAY,9,2018-19:54,VERIFIED_SOURCE_MATCH_ROUTE,VERIFIED
team_match,2018-19,66,987657,HOME,10,2018-19:38,VERIFIED_SOURCE_MATCH_ROUTE,VERIFIED
team_match,2018-19,66,987657,AWAY,17,2018-19:6,VERIFIED_SOURCE_MATCH_ROUTE,VERIFIED
team_match,2018-19,67,987658,HOME,13,2018-19:43,VERIFIED_SOURCE_MATCH_ROUTE,VERIFIED
team_match,2018-19,67,987658,AWAY,3,2018-19:36,VERIFIED_SOURCE_MATCH_ROUTE,VERIFIED
team_match,2018-19,68,987659,HOME,15,2018-19:4,VERIFIED_SOURCE_MATCH_ROUTE,VERIFIED
team_match,2018-19,68,987659,AWAY,11,2018-19:13,VERIFIED_SOURCE_MATCH_ROUTE,VERIFIED
team_match,2018-19,69,987660,HOME,19,2018-19:21,VERIFIED_SOURCE_MATCH_ROUTE,VERIFIED
team_match,2018-19,69,987660,AWAY,14,2018-19:1,VERIFIED_SOURCE_MATCH_ROUTE,VERIFIED
team_match,2018-19,70,987661,HOME,20,2018-19:39,VERIFIED_SOURCE_MATCH_ROUTE,VERIFIED
team_match,2018-19,70,987661,AWAY,16,2018-19:20,VERIFIED_SOURCE_MATCH_ROUTE,VERIFIED
team_match,2018-19,71,987662,HOME,3,2018-19:36,VERIFIED_SOURCE_MATCH_ROUTE,VERIFIED
team_match,2018-19,71,987662,AWAY,19,2018-19:21,VERIFIED_SOURCE_MATCH_ROUTE,VERIFIED
team_match,2018-19,72,987663,HOME,4,2018-19:90,VERIFIED_SOURCE_MATCH_ROUTE,VERIFIED
team_match,2018-19,72,987663,AWAY,10,2018-19:38,VERIFIED_SOURCE_MATCH_ROUTE,VERIFIED
team_match,2018-19,73,987664,HOME,7,2018-19:31,VERIFIED_SOURCE_MATCH_ROUTE,VERIFIED
team_match,2018-19,73,987664,AWAY,20,2018-19:39,VERIFIED_SOURCE_MATCH_ROUTE,VERIFIED
team_match,2018-19,74,987665,HOME,9,2018-19:54,VERIFIED_SOURCE_MATCH_ROUTE,VERIFIED
team_match,2018-19,74,987665,AWAY,1,2018-19:3,VERIFIED_SOURCE_MATCH_ROUTE,VERIFIED
team_match,2018-19,75,987666,HOME,11,2018-19:13,VERIFIED_SOURCE_MATCH_ROUTE,VERIFIED
team_match,2018-19,75,987666,AWAY,8,2018-19:11,VERIFIED_SOURCE_MATCH_ROUTE,VERIFIED
team_match,2018-19,76,987667,HOME,12,2018-19:14,VERIFIED_SOURCE_MATCH_ROUTE,VERIFIED
team_match,2018-19,76,987667,AWAY,13,2018-19:43,VERIFIED_SOURCE_MATCH_ROUTE,VERIFIED
team_match,2018-19,77,987668,HOME,14,2018-19:1,VERIFIED_SOURCE_MATCH_ROUTE,VERIFIED
team_match,2018-19,77,987668,AWAY,15,2018-19:4,VERIFIED_SOURCE_MATCH_ROUTE,VERIFIED
team_match,2018-19,78,987669,HOME,16,2018-19:20,VERIFIED_SOURCE_MATCH_ROUTE,VERIFIED
team_match,2018-19,78,987669,AWAY,6,2018-19:8,VERIFIED_SOURCE_MATCH_ROUTE,VERIFIED
team_match,2018-19,79,987670,HOME,17,2018-19:6,VERIFIED_SOURCE_MATCH_ROUTE,VERIFIED
team_match,2018-19,79,987670,AWAY,5,2018-19:97,VERIFIED_SOURCE_MATCH_ROUTE,VERIFIED
team_match,2018-19,80,987671,HOME,18,2018-19:57,VERIFIED_SOURCE_MATCH_ROUTE,VERIFIED
team_match,2018-19,80,987671,AWAY,2,2018-19:91,VERIFIED_SOURCE_MATCH_ROUTE,VERIFIED
team_match,2018-19,81,987673,HOME,1,2018-19:3,VERIFIED_SOURCE_MATCH_ROUTE,VERIFIED
team_match,2018-19,81,987673,AWAY,11,2018-19:13,VERIFIED_SOURCE_MATCH_ROUTE,VERIFIED
team_match,2018-19,82,987672,HOME,2,2018-19:91,VERIFIED_SOURCE_MATCH_ROUTE,VERIFIED
team_match,2018-19,82,987672,AWAY,16,2018-19:20,VERIFIED_SOURCE_MATCH_ROUTE,VERIFIED
team_match,2018-19,83,987674,HOME,5,2018-19:97,VERIFIED_SOURCE_MATCH_ROUTE,VERIFIED
team_match,2018-19,83,987674,AWAY,9,2018-19:54,VERIFIED_SOURCE_MATCH_ROUTE,VERIFIED
team_match,2018-19,84,987675,HOME,6,2018-19:8,VERIFIED_SOURCE_MATCH_ROUTE,VERIFIED
team_match,2018-19,84,987675,AWAY,14,2018-19:1,VERIFIED_SOURCE_MATCH_ROUTE,VERIFIED
team_match,2018-19,85,987676,HOME,8,2018-19:11,VERIFIED_SOURCE_MATCH_ROUTE,VERIFIED
team_match,2018-19,85,987676,AWAY,7,2018-19:31,VERIFIED_SOURCE_MATCH_ROUTE,VERIFIED
team_match,2018-19,86,987677,HOME,10,2018-19:38,VERIFIED_SOURCE_MATCH_ROUTE,VERIFIED
team_match,2018-19,86,987677,AWAY,12,2018-19:14,VERIFIED_SOURCE_MATCH_ROUTE,VERIFIED
team_match,2018-19,87,987678,HOME,13,2018-19:43,VERIFIED_SOURCE_MATCH_ROUTE,VERIFIED
team_match,2018-19,87,987678,AWAY,4,2018-19:90,VERIFIED_SOURCE_MATCH_ROUTE,VERIFIED
team_match,2018-19,88,987679,HOME,15,2018-19:4,VERIFIED_SOURCE_MATCH_ROUTE,VERIFIED
team_match,2018-19,88,987679,AWAY,3,2018-19:36,VERIFIED_SOURCE_MATCH_ROUTE,VERIFIED
team_match,2018-19,89,987680,HOME,19,2018-19:21,VERIFIED_SOURCE_MATCH_ROUTE,VERIFIED
team_match,2018-19,89,987680,AWAY,17,2018-19:6,VERIFIED_SOURCE_MATCH_ROUTE,VERIFIED
team_match,2018-19,90,987681,HOME,20,2018-19:39,VERIFIED_SOURCE_MATCH_ROUTE,VERIFIED
team_match,2018-19,90,987681,AWAY,18,2018-19:57,VERIFIED_SOURCE_MATCH_ROUTE,VERIFIED
team_match,2018-19,91,987682,HOME,3,2018-19:36,VERIFIED_SOURCE_MATCH_ROUTE,VERIFIED
team_match,2018-19,91,987682,AWAY,20,2018-19:39,VERIFIED_SOURCE_MATCH_ROUTE,VERIFIED
team_match,2018-19,92,987683,HOME,4,2018-19:90,VERIFIED_SOURCE_MATCH_ROUTE,VERIFIED
team_match,2018-19,92,987683,AWAY,6,2018-19:8,VERIFIED_SOURCE_MATCH_ROUTE,VERIFIED
team_match,2018-19,93,987684,HOME,7,2018-19:31,VERIFIED_SOURCE_MATCH_ROUTE,VERIFIED
team_match,2018-19,93,987684,AWAY,1,2018-19:3,VERIFIED_SOURCE_MATCH_ROUTE,VERIFIED
team_match,2018-19,94,987685,HOME,9,2018-19:54,VERIFIED_SOURCE_MATCH_ROUTE,VERIFIED
team_match,2018-19,94,987685,AWAY,2,2018-19:91,VERIFIED_SOURCE_MATCH_ROUTE,VERIFIED
team_match,2018-19,95,987686,HOME,11,2018-19:13,VERIFIED_SOURCE_MATCH_ROUTE,VERIFIED
team_match,2018-19,95,987686,AWAY,19,2018-19:21,VERIFIED_SOURCE_MATCH_ROUTE,VERIFIED
team_match,2018-19,96,987687,HOME,12,2018-19:14,VERIFIED_SOURCE_MATCH_ROUTE,VERIFIED
team_match,2018-19,96,987687,AWAY,5,2018-19:97,VERIFIED_SOURCE_MATCH_ROUTE,VERIFIED
team_match,2018-19,97,987688,HOME,14,2018-19:1,VERIFIED_SOURCE_MATCH_ROUTE,VERIFIED
team_match,2018-19,97,987688,AWAY,8,2018-19:11,VERIFIED_SOURCE_MATCH_ROUTE,VERIFIED
team_match,2018-19,98,987689,HOME,16,2018-19:20,VERIFIED_SOURCE_MATCH_ROUTE,VERIFIED
team_match,2018-19,98,987689,AWAY,15,2018-19:4,VERIFIED_SOURCE_MATCH_ROUTE,VERIFIED
team_match,2018-19,99,987690,HOME,17,2018-19:6,VERIFIED_SOURCE_MATCH_ROUTE,VERIFIED
team_match,2018-19,99,987690,AWAY,13,2018-19:43,VERIFIED_SOURCE_MATCH_ROUTE,VERIFIED
team_match,2018-19,100,987691,HOME,18,2018-19:57,VERIFIED_SOURCE_MATCH_ROUTE,VERIFIED
team_match,2018-19,100,987691,AWAY,10,2018-19:38,VERIFIED_SOURCE_MATCH_ROUTE,VERIFIED
team_match,2018-19,101,987693,HOME,1,2018-19:3,VERIFIED_SOURCE_MATCH_ROUTE,VERIFIED
team_match,2018-19,101,987693,AWAY,12,2018-19:14,VERIFIED_SOURCE_MATCH_ROUTE,VERIFIED
team_match,2018-19,102,987692,HOME,2,2018-19:91,VERIFIED_SOURCE_MATCH_ROUTE,VERIFIED
team_match,2018-19,102,987692,AWAY,14,2018-19:1,VERIFIED_SOURCE_MATCH_ROUTE,VERIFIED
team_match,2018-19,103,987694,HOME,5,2018-19:97,VERIFIED_SOURCE_MATCH_ROUTE,VERIFIED
team_match,2018-19,103,987694,AWAY,11,2018-19:13,VERIFIED_SOURCE_MATCH_ROUTE,VERIFIED
team_match,2018-19,104,987695,HOME,6,2018-19:8,VERIFIED_SOURCE_MATCH_ROUTE,VERIFIED
team_match,2018-19,104,987695,AWAY,7,2018-19:31,VERIFIED_SOURCE_MATCH_ROUTE,VERIFIED
team_match,2018-19,105,987696,HOME,8,2018-19:11,VERIFIED_SOURCE_MATCH_ROUTE,VERIFIED
team_match,2018-19,105,987696,AWAY,3,2018-19:36,VERIFIED_SOURCE_MATCH_ROUTE,VERIFIED
team_match,2018-19,106,987697,HOME,10,2018-19:38,VERIFIED_SOURCE_MATCH_ROUTE,VERIFIED
team_match,2018-19,106,987697,AWAY,9,2018-19:54,VERIFIED_SOURCE_MATCH_ROUTE,VERIFIED
team_match,2018-19,107,987698,HOME,13,2018-19:43,VERIFIED_SOURCE_MATCH_ROUTE,VERIFIED
team_match,2018-19,107,987698,AWAY,16,2018-19:20,VERIFIED_SOURCE_MATCH_ROUTE,VERIFIED
team_match,2018-19,108,987699,HOME,15,2018-19:4,VERIFIED_SOURCE_MATCH_ROUTE,VERIFIED
team_match,2018-19,108,987699,AWAY,18,2018-19:57,VERIFIED_SOURCE_MATCH_ROUTE,VERIFIED
team_match,2018-19,109,987700,HOME,19,2018-19:21,VERIFIED_SOURCE_MATCH_ROUTE,VERIFIED
team_match,2018-19,109,987700,AWAY,4,2018-19:90,VERIFIED_SOURCE_MATCH_ROUTE,VERIFIED
team_match,2018-19,110,987701,HOME,20,2018-19:39,VERIFIED_SOURCE_MATCH_ROUTE,VERIFIED
team_match,2018-19,110,987701,AWAY,17,2018-19:6,VERIFIED_SOURCE_MATCH_ROUTE,VERIFIED
team_match,2018-19,111,987702,HOME,1,2018-19:3,VERIFIED_SOURCE_MATCH_ROUTE,VERIFIED
team_match,2018-19,111,987702,AWAY,20,2018-19:39,VERIFIED_SOURCE_MATCH_ROUTE,VERIFIED
team_match,2018-19,112,987703,HOME,5,2018-19:97,VERIFIED_SOURCE_MATCH_ROUTE,VERIFIED
team_match,2018-19,112,987703,AWAY,3,2018-19:36,VERIFIED_SOURCE_MATCH_ROUTE,VERIFIED
team_match,2018-19,113,987704,HOME,6,2018-19:8,VERIFIED_SOURCE_MATCH_ROUTE,VERIFIED
team_match,2018-19,113,987704,AWAY,8,2018-19:11,VERIFIED_SOURCE_MATCH_ROUTE,VERIFIED
team_match,2018-19,114,987705,HOME,7,2018-19:31,VERIFIED_SOURCE_MATCH_ROUTE,VERIFIED
team_match,2018-19,114,987705,AWAY,17,2018-19:6,VERIFIED_SOURCE_MATCH_ROUTE,VERIFIED
team_match,2018-19,115,987706,HOME,10,2018-19:38,VERIFIED_SOURCE_MATCH_ROUTE,VERIFIED
team_match,2018-19,115,987706,AWAY,19,2018-19:21,VERIFIED_SOURCE_MATCH_ROUTE,VERIFIED
team_match,2018-19,116,987707,HOME,11,2018-19:13,VERIFIED_SOURCE_MATCH_ROUTE,VERIFIED
team_match,2018-19,116,987707,AWAY,4,2018-19:90,VERIFIED_SOURCE_MATCH_ROUTE,VERIFIED
team_match,2018-19,117,987708,HOME,12,2018-19:14,VERIFIED_SOURCE_MATCH_ROUTE,VERIFIED
team_match,2018-19,117,987708,AWAY,9,2018-19:54,VERIFIED_SOURCE_MATCH_ROUTE,VERIFIED
team_match,2018-19,118,987709,HOME,13,2018-19:43,VERIFIED_SOURCE_MATCH_ROUTE,VERIFIED
team_match,2018-19,118,987709,AWAY,14,2018-19:1,VERIFIED_SOURCE_MATCH_ROUTE,VERIFIED
team_match,2018-19,119,987710,HOME,15,2018-19:4,VERIFIED_SOURCE_MATCH_ROUTE,VERIFIED
team_match,2018-19,119,987710,AWAY,2,2018-19:91,VERIFIED_SOURCE_MATCH_ROUTE,VERIFIED
team_match,2018-19,120,987711,HOME,16,2018-19:20,VERIFIED_SOURCE_MATCH_ROUTE,VERIFIED
team_match,2018-19,120,987711,AWAY,18,2018-19:57,VERIFIED_SOURCE_MATCH_ROUTE,VERIFIED
team_match,2018-19,121,987712,HOME,2,2018-19:91,VERIFIED_SOURCE_MATCH_ROUTE,VERIFIED
team_match,2018-19,121,987712,AWAY,1,2018-19:3,VERIFIED_SOURCE_MATCH_ROUTE,VERIFIED
team_match,2018-19,122,987713,HOME,3,2018-19:36,VERIFIED_SOURCE_MATCH_ROUTE,VERIFIED
team_match,2018-19,122,987713,AWAY,11,2018-19:13,VERIFIED_SOURCE_MATCH_ROUTE,VERIFIED
team_match,2018-19,123,987714,HOME,4,2018-19:90,VERIFIED_SOURCE_MATCH_ROUTE,VERIFIED
team_match,2018-19,123,987714,AWAY,15,2018-19:4,VERIFIED_SOURCE_MATCH_ROUTE,VERIFIED
team_match,2018-19,124,987715,HOME,8,2018-19:11,VERIFIED_SOURCE_MATCH_ROUTE,VERIFIED
team_match,2018-19,124,987715,AWAY,5,2018-19:97,VERIFIED_SOURCE_MATCH_ROUTE,VERIFIED
team_match,2018-19,125,987716,HOME,9,2018-19:54,VERIFIED_SOURCE_MATCH_ROUTE,VERIFIED
team_match,2018-19,125,987716,AWAY,16,2018-19:20,VERIFIED_SOURCE_MATCH_ROUTE,VERIFIED
team_match,2018-19,126,987717,HOME,14,2018-19:1,VERIFIED_SOURCE_MATCH_ROUTE,VERIFIED
team_match,2018-19,126,987717,AWAY,7,2018-19:31,VERIFIED_SOURCE_MATCH_ROUTE,VERIFIED
team_match,2018-19,127,987718,HOME,17,2018-19:6,VERIFIED_SOURCE_MATCH_ROUTE,VERIFIED
team_match,2018-19,127,987718,AWAY,6,2018-19:8,VERIFIED_SOURCE_MATCH_ROUTE,VERIFIED
team_match,2018-19,128,987719,HOME,18,2018-19:57,VERIFIED_SOURCE_MATCH_ROUTE,VERIFIED
team_match,2018-19,128,987719,AWAY,12,2018-19:14,VERIFIED_SOURCE_MATCH_ROUTE,VERIFIED
team_match,2018-19,129,987720,HOME,19,2018-19:21,VERIFIED_SOURCE_MATCH_ROUTE,VERIFIED
team_match,2018-19,129,987720,AWAY,13,2018-19:43,VERIFIED_SOURCE_MATCH_ROUTE,VERIFIED
team_match,2018-19,130,987721,HOME,20,2018-19:39,VERIFIED_SOURCE_MATCH_ROUTE,VERIFIED
team_match,2018-19,130,987721,AWAY,10,2018-19:38,VERIFIED_SOURCE_MATCH_ROUTE,VERIFIED
team_match,2018-19,131,987722,HOME,1,2018-19:3,VERIFIED_SOURCE_MATCH_ROUTE,VERIFIED
team_match,2018-19,131,987722,AWAY,17,2018-19:6,VERIFIED_SOURCE_MATCH_ROUTE,VERIFIED
team_match,2018-19,132,987723,HOME,5,2018-19:97,VERIFIED_SOURCE_MATCH_ROUTE,VERIFIED
team_match,2018-19,132,987723,AWAY,20,2018-19:39,VERIFIED_SOURCE_MATCH_ROUTE,VERIFIED
team_match,2018-19,133,987724,HOME,6,2018-19:8,VERIFIED_SOURCE_MATCH_ROUTE,VERIFIED
team_match,2018-19,133,987724,AWAY,9,2018-19:54,VERIFIED_SOURCE_MATCH_ROUTE,VERIFIED
team_match,2018-19,134,987725,HOME,7,2018-19:31,VERIFIED_SOURCE_MATCH_ROUTE,VERIFIED
team_match,2018-19,134,987725,AWAY,4,2018-19:90,VERIFIED_SOURCE_MATCH_ROUTE,VERIFIED
team_match,2018-19,135,987726,HOME,10,2018-19:38,VERIFIED_SOURCE_MATCH_ROUTE,VERIFIED
team_match,2018-19,135,987726,AWAY,3,2018-19:36,VERIFIED_SOURCE_MATCH_ROUTE,VERIFIED
team_match,2018-19,136,987727,HOME,11,2018-19:13,VERIFIED_SOURCE_MATCH_ROUTE,VERIFIED
team_match,2018-19,136,987727,AWAY,18,2018-19:57,VERIFIED_SOURCE_MATCH_ROUTE,VERIFIED
team_match,2018-19,137,987728,HOME,12,2018-19:14,VERIFIED_SOURCE_MATCH_ROUTE,VERIFIED
team_match,2018-19,137,987728,AWAY,8,2018-19:11,VERIFIED_SOURCE_MATCH_ROUTE,VERIFIED
team_match,2018-19,138,987729,HOME,13,2018-19:43,VERIFIED_SOURCE_MATCH_ROUTE,VERIFIED
team_match,2018-19,138,987729,AWAY,2,2018-19:91,VERIFIED_SOURCE_MATCH_ROUTE,VERIFIED
team_match,2018-19,139,987730,HOME,15,2018-19:4,VERIFIED_SOURCE_MATCH_ROUTE,VERIFIED
team_match,2018-19,139,987730,AWAY,19,2018-19:21,VERIFIED_SOURCE_MATCH_ROUTE,VERIFIED
team_match,2018-19,140,987731,HOME,16,2018-19:20,VERIFIED_SOURCE_MATCH_ROUTE,VERIFIED
team_match,2018-19,140,987731,AWAY,14,2018-19:1,VERIFIED_SOURCE_MATCH_ROUTE,VERIFIED
team_match,2018-19,141,987732,HOME,2,2018-19:91,VERIFIED_SOURCE_MATCH_ROUTE,VERIFIED
team_match,2018-19,141,987732,AWAY,10,2018-19:38,VERIFIED_SOURCE_MATCH_ROUTE,VERIFIED
team_match,2018-19,142,987733,HOME,3,2018-19:36,VERIFIED_SOURCE_MATCH_ROUTE,VERIFIED
team_match,2018-19,142,987733,AWAY,7,2018-19:31,VERIFIED_SOURCE_MATCH_ROUTE,VERIFIED
team_match,2018-19,143,987734,HOME,4,2018-19:90,VERIFIED_SOURCE_MATCH_ROUTE,VERIFIED
team_match,2018-19,143,987734,AWAY,12,2018-19:14,VERIFIED_SOURCE_MATCH_ROUTE,VERIFIED
team_match,2018-19,144,987735,HOME,9,2018-19:54,VERIFIED_SOURCE_MATCH_ROUTE,VERIFIED
team_match,2018-19,144,987735,AWAY,11,2018-19:13,VERIFIED_SOURCE_MATCH_ROUTE,VERIFIED
team_match,2018-19,145,987736,HOME,14,2018-19:1,VERIFIED_SOURCE_MATCH_ROUTE,VERIFIED
team_match,2018-19,145,987736,AWAY,1,2018-19:3,VERIFIED_SOURCE_MATCH_ROUTE,VERIFIED
team_match,2018-19,146,987737,HOME,18,2018-19:57,VERIFIED_SOURCE_MATCH_ROUTE,VERIFIED
team_match,2018-19,146,987737,AWAY,13,2018-19:43,VERIFIED_SOURCE_MATCH_ROUTE,VERIFIED
team_match,2018-19,147,987738,HOME,19,2018-19:21,VERIFIED_SOURCE_MATCH_ROUTE,VERIFIED
team_match,2018-19,147,987738,AWAY,5,2018-19:97,VERIFIED_SOURCE_MATCH_ROUTE,VERIFIED
team_match,2018-19,148,987739,HOME,20,2018-19:39,VERIFIED_SOURCE_MATCH_ROUTE,VERIFIED
team_match,2018-19,148,987739,AWAY,6,2018-19:8,VERIFIED_SOURCE_MATCH_ROUTE,VERIFIED
team_match,2018-19,149,987740,HOME,8,2018-19:11,VERIFIED_SOURCE_MATCH_ROUTE,VERIFIED
team_match,2018-19,149,987740,AWAY,15,2018-19:4,VERIFIED_SOURCE_MATCH_ROUTE,VERIFIED
team_match,2018-19,150,987741,HOME,17,2018-19:6,VERIFIED_SOURCE_MATCH_ROUTE,VERIFIED
team_match,2018-19,150,987741,AWAY,16,2018-19:20,VERIFIED_SOURCE_MATCH_ROUTE,VERIFIED
team_match,2018-19,151,987743,HOME,1,2018-19:3,VERIFIED_SOURCE_MATCH_ROUTE,VERIFIED
team_match,2018-19,151,987743,AWAY,10,2018-19:38,VERIFIED_SOURCE_MATCH_ROUTE,VERIFIED
team_match,2018-19,152,987742,HOME,2,2018-19:91,VERIFIED_SOURCE_MATCH_ROUTE,VERIFIED
team_match,2018-19,152,987742,AWAY,12,2018-19:14,VERIFIED_SOURCE_MATCH_ROUTE,VERIFIED
team_match,2018-19,153,987744,HOME,4,2018-19:90,VERIFIED_SOURCE_MATCH_ROUTE,VERIFIED
team_match,2018-19,153,987744,AWAY,3,2018-19:36,VERIFIED_SOURCE_MATCH_ROUTE,VERIFIED
team_match,2018-19,154,987745,HOME,5,2018-19:97,VERIFIED_SOURCE_MATCH_ROUTE,VERIFIED
team_match,2018-19,154,987745,AWAY,16,2018-19:20,VERIFIED_SOURCE_MATCH_ROUTE,VERIFIED
team_match,2018-19,155,987746,HOME,6,2018-19:8,VERIFIED_SOURCE_MATCH_ROUTE,VERIFIED
team_match,2018-19,155,987746,AWAY,13,2018-19:43,VERIFIED_SOURCE_MATCH_ROUTE,VERIFIED
team_match,2018-19,156,987747,HOME,8,2018-19:11,VERIFIED_SOURCE_MATCH_ROUTE,VERIFIED
team_match,2018-19,156,987747,AWAY,18,2018-19:57,VERIFIED_SOURCE_MATCH_ROUTE,VERIFIED
team_match,2018-19,157,987748,HOME,11,2018-19:13,VERIFIED_SOURCE_MATCH_ROUTE,VERIFIED
team_match,2018-19,157,987748,AWAY,17,2018-19:6,VERIFIED_SOURCE_MATCH_ROUTE,VERIFIED
team_match,2018-19,158,987749,HOME,14,2018-19:1,VERIFIED_SOURCE_MATCH_ROUTE,VERIFIED
team_match,2018-19,158,987749,AWAY,9,2018-19:54,VERIFIED_SOURCE_MATCH_ROUTE,VERIFIED
team_match,2018-19,159,987750,HOME,15,2018-19:4,VERIFIED_SOURCE_MATCH_ROUTE,VERIFIED
team_match,2018-19,159,987750,AWAY,20,2018-19:39,VERIFIED_SOURCE_MATCH_ROUTE,VERIFIED
team_match,2018-19,160,987751,HOME,19,2018-19:21,VERIFIED_SOURCE_MATCH_ROUTE,VERIFIED
team_match,2018-19,160,987751,AWAY,7,2018-19:31,VERIFIED_SOURCE_MATCH_ROUTE,VERIFIED
team_match,2018-19,161,987752,HOME,3,2018-19:36,VERIFIED_SOURCE_MATCH_ROUTE,VERIFIED
team_match,2018-19,161,987752,AWAY,6,2018-19:8,VERIFIED_SOURCE_MATCH_ROUTE,VERIFIED
team_match,2018-19,162,987753,HOME,7,2018-19:31,VERIFIED_SOURCE_MATCH_ROUTE,VERIFIED
team_match,2018-19,162,987753,AWAY,11,2018-19:13,VERIFIED_SOURCE_MATCH_ROUTE,VERIFIED
team_match,2018-19,163,987754,HOME,9,2018-19:54,VERIFIED_SOURCE_MATCH_ROUTE,VERIFIED
team_match,2018-19,163,987754,AWAY,19,2018-19:21,VERIFIED_SOURCE_MATCH_ROUTE,VERIFIED
team_match,2018-19,164,987755,HOME,10,2018-19:38,VERIFIED_SOURCE_MATCH_ROUTE,VERIFIED
team_match,2018-19,164,987755,AWAY,15,2018-19:4,VERIFIED_SOURCE_MATCH_ROUTE,VERIFIED
team_match,2018-19,165,987756,HOME,12,2018-19:14,VERIFIED_SOURCE_MATCH_ROUTE,VERIFIED
team_match,2018-19,165,987756,AWAY,14,2018-19:1,VERIFIED_SOURCE_MATCH_ROUTE,VERIFIED
team_match,2018-19,166,987757,HOME,13,2018-19:43,VERIFIED_SOURCE_MATCH_ROUTE,VERIFIED
team_match,2018-19,166,987757,AWAY,8,2018-19:11,VERIFIED_SOURCE_MATCH_ROUTE,VERIFIED
team_match,2018-19,167,987758,HOME,16,2018-19:20,VERIFIED_SOURCE_MATCH_ROUTE,VERIFIED
team_match,2018-19,167,987758,AWAY,1,2018-19:3,VERIFIED_SOURCE_MATCH_ROUTE,VERIFIED
team_match,2018-19,168,987759,HOME,17,2018-19:6,VERIFIED_SOURCE_MATCH_ROUTE,VERIFIED
team_match,2018-19,168,987759,AWAY,4,2018-19:90,VERIFIED_SOURCE_MATCH_ROUTE,VERIFIED
team_match,2018-19,169,987760,HOME,18,2018-19:57,VERIFIED_SOURCE_MATCH_ROUTE,VERIFIED
team_match,2018-19,169,987760,AWAY,5,2018-19:97,VERIFIED_SOURCE_MATCH_ROUTE,VERIFIED
team_match,2018-19,170,987761,HOME,20,2018-19:39,VERIFIED_SOURCE_MATCH_ROUTE,VERIFIED
team_match,2018-19,170,987761,AWAY,2,2018-19:91,VERIFIED_SOURCE_MATCH_ROUTE,VERIFIED
team_match,2018-19,171,987763,HOME,1,2018-19:3,VERIFIED_SOURCE_MATCH_ROUTE,VERIFIED
team_match,2018-19,171,987763,AWAY,4,2018-19:90,VERIFIED_SOURCE_MATCH_ROUTE,VERIFIED
team_match,2018-19,172,987762,HOME,2,2018-19:91,VERIFIED_SOURCE_MATCH_ROUTE,VERIFIED
team_match,2018-19,172,987762,AWAY,3,2018-19:36,VERIFIED_SOURCE_MATCH_ROUTE,VERIFIED
team_match,2018-19,173,987764,HOME,5,2018-19:97,VERIFIED_SOURCE_MATCH_ROUTE,VERIFIED
team_match,2018-19,173,987764,AWAY,14,2018-19:1,VERIFIED_SOURCE_MATCH_ROUTE,VERIFIED
team_match,2018-19,174,987765,HOME,6,2018-19:8,VERIFIED_SOURCE_MATCH_ROUTE,VERIFIED
team_match,2018-19,174,987765,AWAY,11,2018-19:13,VERIFIED_SOURCE_MATCH_ROUTE,VERIFIED
team_match,2018-19,175,987766,HOME,8,2018-19:11,VERIFIED_SOURCE_MATCH_ROUTE,VERIFIED
team_match,2018-19,175,987766,AWAY,17,2018-19:6,VERIFIED_SOURCE_MATCH_ROUTE,VERIFIED
team_match,2018-19,176,987767,HOME,10,2018-19:38,VERIFIED_SOURCE_MATCH_ROUTE,VERIFIED
team_match,2018-19,176,987767,AWAY,16,2018-19:20,VERIFIED_SOURCE_MATCH_ROUTE,VERIFIED
team_match,2018-19,177,987768,HOME,13,2018-19:43,VERIFIED_SOURCE_MATCH_ROUTE,VERIFIED
team_match,2018-19,177,987768,AWAY,7,2018-19:31,VERIFIED_SOURCE_MATCH_ROUTE,VERIFIED
team_match,2018-19,178,987769,HOME,15,2018-19:4,VERIFIED_SOURCE_MATCH_ROUTE,VERIFIED
team_match,2018-19,178,987769,AWAY,9,2018-19:54,VERIFIED_SOURCE_MATCH_ROUTE,VERIFIED
team_match,2018-19,179,987770,HOME,19,2018-19:21,VERIFIED_SOURCE_MATCH_ROUTE,VERIFIED
team_match,2018-19,179,987770,AWAY,18,2018-19:57,VERIFIED_SOURCE_MATCH_ROUTE,VERIFIED
team_match,2018-19,180,987771,HOME,20,2018-19:39,VERIFIED_SOURCE_MATCH_ROUTE,VERIFIED
team_match,2018-19,180,987771,AWAY,12,2018-19:14,VERIFIED_SOURCE_MATCH_ROUTE,VERIFIED
team_match,2018-19,181,987772,HOME,3,2018-19:36,VERIFIED_SOURCE_MATCH_ROUTE,VERIFIED
team_match,2018-19,181,987772,AWAY,1,2018-19:3,VERIFIED_SOURCE_MATCH_ROUTE,VERIFIED
team_match,2018-19,182,987773,HOME,4,2018-19:90,VERIFIED_SOURCE_MATCH_ROUTE,VERIFIED
team_match,2018-19,182,987773,AWAY,8,2018-19:11,VERIFIED_SOURCE_MATCH_ROUTE,VERIFIED
team_match,2018-19,183,987774,HOME,7,2018-19:31,VERIFIED_SOURCE_MATCH_ROUTE,VERIFIED
team_match,2018-19,183,987774,AWAY,5,2018-19:97,VERIFIED_SOURCE_MATCH_ROUTE,VERIFIED
team_match,2018-19,184,987775,HOME,9,2018-19:54,VERIFIED_SOURCE_MATCH_ROUTE,VERIFIED
team_match,2018-19,184,987775,AWAY,20,2018-19:39,VERIFIED_SOURCE_MATCH_ROUTE,VERIFIED
team_match,2018-19,185,987776,HOME,11,2018-19:13,VERIFIED_SOURCE_MATCH_ROUTE,VERIFIED
team_match,2018-19,185,987776,AWAY,13,2018-19:43,VERIFIED_SOURCE_MATCH_ROUTE,VERIFIED
team_match,2018-19,186,987777,HOME,12,2018-19:14,VERIFIED_SOURCE_MATCH_ROUTE,VERIFIED
team_match,2018-19,186,987777,AWAY,15,2018-19:4,VERIFIED_SOURCE_MATCH_ROUTE,VERIFIED
team_match,2018-19,187,987778,HOME,14,2018-19:1,VERIFIED_SOURCE_MATCH_ROUTE,VERIFIED
team_match,2018-19,187,987778,AWAY,10,2018-19:38,VERIFIED_SOURCE_MATCH_ROUTE,VERIFIED
team_match,2018-19,188,987779,HOME,16,2018-19:20,VERIFIED_SOURCE_MATCH_ROUTE,VERIFIED
team_match,2018-19,188,987779,AWAY,19,2018-19:21,VERIFIED_SOURCE_MATCH_ROUTE,VERIFIED
team_match,2018-19,189,987780,HOME,17,2018-19:6,VERIFIED_SOURCE_MATCH_ROUTE,VERIFIED
team_match,2018-19,189,987780,AWAY,2,2018-19:91,VERIFIED_SOURCE_MATCH_ROUTE,VERIFIED
team_match,2018-19,190,987781,HOME,18,2018-19:57,VERIFIED_SOURCE_MATCH_ROUTE,VERIFIED
team_match,2018-19,190,987781,AWAY,6,2018-19:8,VERIFIED_SOURCE_MATCH_ROUTE,VERIFIED
team_match,2018-19,191,987782,HOME,3,2018-19:36,VERIFIED_SOURCE_MATCH_ROUTE,VERIFIED
team_match,2018-19,191,987782,AWAY,8,2018-19:11,VERIFIED_SOURCE_MATCH_ROUTE,VERIFIED
team_match,2018-19,192,987783,HOME,4,2018-19:90,VERIFIED_SOURCE_MATCH_ROUTE,VERIFIED
team_match,2018-19,192,987783,AWAY,19,2018-19:21,VERIFIED_SOURCE_MATCH_ROUTE,VERIFIED
team_match,2018-19,193,987784,HOME,7,2018-19:31,VERIFIED_SOURCE_MATCH_ROUTE,VERIFIED
team_match,2018-19,193,987784,AWAY,6,2018-19:8,VERIFIED_SOURCE_MATCH_ROUTE,VERIFIED
team_match,2018-19,194,987785,HOME,9,2018-19:54,VERIFIED_SOURCE_MATCH_ROUTE,VERIFIED
team_match,2018-19,194,987785,AWAY,10,2018-19:38,VERIFIED_SOURCE_MATCH_ROUTE,VERIFIED
team_match,2018-19,195,987786,HOME,11,2018-19:13,VERIFIED_SOURCE_MATCH_ROUTE,VERIFIED
team_match,2018-19,195,987786,AWAY,5,2018-19:97,VERIFIED_SOURCE_MATCH_ROUTE,VERIFIED
team_match,2018-19,196,987787,HOME,12,2018-19:14,VERIFIED_SOURCE_MATCH_ROUTE,VERIFIED
team_match,2018-19,196,987787,AWAY,1,2018-19:3,VERIFIED_SOURCE_MATCH_ROUTE,VERIFIED
team_match,2018-19,197,987788,HOME,14,2018-19:1,VERIFIED_SOURCE_MATCH_ROUTE,VERIFIED
team_match,2018-19,197,987788,AWAY,2,2018-19:91,VERIFIED_SOURCE_MATCH_ROUTE,VERIFIED
team_match,2018-19,198,987789,HOME,16,2018-19:20,VERIFIED_SOURCE_MATCH_ROUTE,VERIFIED
team_match,2018-19,198,987789,AWAY,13,2018-19:43,VERIFIED_SOURCE_MATCH_ROUTE,VERIFIED
team_match,2018-19,199,987790,HOME,17,2018-19:6,VERIFIED_SOURCE_MATCH_ROUTE,VERIFIED
team_match,2018-19,199,987790,AWAY,20,2018-19:39,VERIFIED_SOURCE_MATCH_ROUTE,VERIFIED
team_match,2018-19,200,987791,HOME,18,2018-19:57,VERIFIED_SOURCE_MATCH_ROUTE,VERIFIED
team_match,2018-19,200,987791,AWAY,15,2018-19:4,VERIFIED_SOURCE_MATCH_ROUTE,VERIFIED
team_match,2018-19,201,987793,HOME,1,2018-19:3,VERIFIED_SOURCE_MATCH_ROUTE,VERIFIED
team_match,2018-19,201,987793,AWAY,9,2018-19:54,VERIFIED_SOURCE_MATCH_ROUTE,VERIFIED
team_match,2018-19,202,987792,HOME,2,2018-19:91,VERIFIED_SOURCE_MATCH_ROUTE,VERIFIED
team_match,2018-19,202,987792,AWAY,18,2018-19:57,VERIFIED_SOURCE_MATCH_ROUTE,VERIFIED
team_match,2018-19,203,987794,HOME,5,2018-19:97,VERIFIED_SOURCE_MATCH_ROUTE,VERIFIED
team_match,2018-19,203,987794,AWAY,17,2018-19:6,VERIFIED_SOURCE_MATCH_ROUTE,VERIFIED
team_match,2018-19,204,987795,HOME,6,2018-19:8,VERIFIED_SOURCE_MATCH_ROUTE,VERIFIED
team_match,2018-19,204,987795,AWAY,16,2018-19:20,VERIFIED_SOURCE_MATCH_ROUTE,VERIFIED
team_match,2018-19,205,987796,HOME,8,2018-19:11,VERIFIED_SOURCE_MATCH_ROUTE,VERIFIED
team_match,2018-19,205,987796,AWAY,11,2018-19:13,VERIFIED_SOURCE_MATCH_ROUTE,VERIFIED
team_match,2018-19,206,987797,HOME,10,2018-19:38,VERIFIED_SOURCE_MATCH_ROUTE,VERIFIED
team_match,2018-19,206,987797,AWAY,4,2018-19:90,VERIFIED_SOURCE_MATCH_ROUTE,VERIFIED
team_match,2018-19,207,987798,HOME,13,2018-19:43,VERIFIED_SOURCE_MATCH_ROUTE,VERIFIED
team_match,2018-19,207,987798,AWAY,12,2018-19:14,VERIFIED_SOURCE_MATCH_ROUTE,VERIFIED
team_match,2018-19,208,987799,HOME,15,2018-19:4,VERIFIED_SOURCE_MATCH_ROUTE,VERIFIED
team_match,2018-19,208,987799,AWAY,14,2018-19:1,VERIFIED_SOURCE_MATCH_ROUTE,VERIFIED
team_match,2018-19,209,987800,HOME,19,2018-19:21,VERIFIED_SOURCE_MATCH_ROUTE,VERIFIED
team_match,2018-19,209,987800,AWAY,3,2018-19:36,VERIFIED_SOURCE_MATCH_ROUTE,VERIFIED
team_match,2018-19,210,987801,HOME,20,2018-19:39,VERIFIED_SOURCE_MATCH_ROUTE,VERIFIED
team_match,2018-19,210,987801,AWAY,7,2018-19:31,VERIFIED_SOURCE_MATCH_ROUTE,VERIFIED
team_match,2018-19,211,987802,HOME,3,2018-19:36,VERIFIED_SOURCE_MATCH_ROUTE,VERIFIED
team_match,2018-19,211,987802,AWAY,12,2018-19:14,VERIFIED_SOURCE_MATCH_ROUTE,VERIFIED
team_match,2018-19,212,987803,HOME,4,2018-19:90,VERIFIED_SOURCE_MATCH_ROUTE,VERIFIED
team_match,2018-19,212,987803,AWAY,9,2018-19:54,VERIFIED_SOURCE_MATCH_ROUTE,VERIFIED
team_match,2018-19,213,987804,HOME,5,2018-19:97,VERIFIED_SOURCE_MATCH_ROUTE,VERIFIED
team_match,2018-19,213,987804,AWAY,10,2018-19:38,VERIFIED_SOURCE_MATCH_ROUTE,VERIFIED
team_match,2018-19,214,987805,HOME,6,2018-19:8,VERIFIED_SOURCE_MATCH_ROUTE,VERIFIED
team_match,2018-19,214,987805,AWAY,15,2018-19:4,VERIFIED_SOURCE_MATCH_ROUTE,VERIFIED
team_match,2018-19,215,987806,HOME,7,2018-19:31,VERIFIED_SOURCE_MATCH_ROUTE,VERIFIED
team_match,2018-19,215,987806,AWAY,18,2018-19:57,VERIFIED_SOURCE_MATCH_ROUTE,VERIFIED
team_match,2018-19,216,987807,HOME,8,2018-19:11,VERIFIED_SOURCE_MATCH_ROUTE,VERIFIED
team_match,2018-19,216,987807,AWAY,2,2018-19:91,VERIFIED_SOURCE_MATCH_ROUTE,VERIFIED
team_match,2018-19,217,987808,HOME,11,2018-19:13,VERIFIED_SOURCE_MATCH_ROUTE,VERIFIED
team_match,2018-19,217,987808,AWAY,16,2018-19:20,VERIFIED_SOURCE_MATCH_ROUTE,VERIFIED
team_match,2018-19,218,987809,HOME,13,2018-19:43,VERIFIED_SOURCE_MATCH_ROUTE,VERIFIED
team_match,2018-19,218,987809,AWAY,20,2018-19:39,VERIFIED_SOURCE_MATCH_ROUTE,VERIFIED
team_match,2018-19,219,987810,HOME,17,2018-19:6,VERIFIED_SOURCE_MATCH_ROUTE,VERIFIED
team_match,2018-19,219,987810,AWAY,14,2018-19:1,VERIFIED_SOURCE_MATCH_ROUTE,VERIFIED
team_match,2018-19,220,987811,HOME,19,2018-19:21,VERIFIED_SOURCE_MATCH_ROUTE,VERIFIED
team_match,2018-19,220,987811,AWAY,1,2018-19:3,VERIFIED_SOURCE_MATCH_ROUTE,VERIFIED
team_match,2018-19,221,987813,HOME,1,2018-19:3,VERIFIED_SOURCE_MATCH_ROUTE,VERIFIED
team_match,2018-19,221,987813,AWAY,6,2018-19:8,VERIFIED_SOURCE_MATCH_ROUTE,VERIFIED
team_match,2018-19,222,987812,HOME,2,2018-19:91,VERIFIED_SOURCE_MATCH_ROUTE,VERIFIED
team_match,2018-19,222,987812,AWAY,19,2018-19:21,VERIFIED_SOURCE_MATCH_ROUTE,VERIFIED
team_match,2018-19,223,987814,HOME,9,2018-19:54,VERIFIED_SOURCE_MATCH_ROUTE,VERIFIED
team_match,2018-19,223,987814,AWAY,17,2018-19:6,VERIFIED_SOURCE_MATCH_ROUTE,VERIFIED
team_match,2018-19,224,987815,HOME,10,2018-19:38,VERIFIED_SOURCE_MATCH_ROUTE,VERIFIED
team_match,2018-19,224,987815,AWAY,13,2018-19:43,VERIFIED_SOURCE_MATCH_ROUTE,VERIFIED
team_match,2018-19,225,987816,HOME,12,2018-19:14,VERIFIED_SOURCE_MATCH_ROUTE,VERIFIED
team_match,2018-19,225,987816,AWAY,7,2018-19:31,VERIFIED_SOURCE_MATCH_ROUTE,VERIFIED
team_match,2018-19,226,987817,HOME,14,2018-19:1,VERIFIED_SOURCE_MATCH_ROUTE,VERIFIED
team_match,2018-19,226,987817,AWAY,3,2018-19:36,VERIFIED_SOURCE_MATCH_ROUTE,VERIFIED
team_match,2018-19,227,987818,HOME,15,2018-19:4,VERIFIED_SOURCE_MATCH_ROUTE,VERIFIED
team_match,2018-19,227,987818,AWAY,5,2018-19:97,VERIFIED_SOURCE_MATCH_ROUTE,VERIFIED
team_match,2018-19,228,987819,HOME,16,2018-19:20,VERIFIED_SOURCE_MATCH_ROUTE,VERIFIED
team_match,2018-19,228,987819,AWAY,8,2018-19:11,VERIFIED_SOURCE_MATCH_ROUTE,VERIFIED
team_match,2018-19,229,987820,HOME,18,2018-19:57,VERIFIED_SOURCE_MATCH_ROUTE,VERIFIED
team_match,2018-19,229,987820,AWAY,4,2018-19:90,VERIFIED_SOURCE_MATCH_ROUTE,VERIFIED
team_match,2018-19,230,987821,HOME,20,2018-19:39,VERIFIED_SOURCE_MATCH_ROUTE,VERIFIED
team_match,2018-19,230,987821,AWAY,11,2018-19:13,VERIFIED_SOURCE_MATCH_ROUTE,VERIFIED
team_match,2018-19,231,987823,HOME,1,2018-19:3,VERIFIED_SOURCE_MATCH_ROUTE,VERIFIED
team_match,2018-19,231,987823,AWAY,5,2018-19:97,VERIFIED_SOURCE_MATCH_ROUTE,VERIFIED
team_match,2018-19,232,987822,HOME,2,2018-19:91,VERIFIED_SOURCE_MATCH_ROUTE,VERIFIED
team_match,2018-19,232,987822,AWAY,6,2018-19:8,VERIFIED_SOURCE_MATCH_ROUTE,VERIFIED
team_match,2018-19,233,987824,HOME,9,2018-19:54,VERIFIED_SOURCE_MATCH_ROUTE,VERIFIED
team_match,2018-19,233,987824,AWAY,3,2018-19:36,VERIFIED_SOURCE_MATCH_ROUTE,VERIFIED
team_match,2018-19,234,987825,HOME,10,2018-19:38,VERIFIED_SOURCE_MATCH_ROUTE,VERIFIED
team_match,2018-19,234,987825,AWAY,8,2018-19:11,VERIFIED_SOURCE_MATCH_ROUTE,VERIFIED
team_match,2018-19,235,987826,HOME,14,2018-19:1,VERIFIED_SOURCE_MATCH_ROUTE,VERIFIED
team_match,2018-19,235,987826,AWAY,4,2018-19:90,VERIFIED_SOURCE_MATCH_ROUTE,VERIFIED
team_match,2018-19,236,987827,HOME,20,2018-19:39,VERIFIED_SOURCE_MATCH_ROUTE,VERIFIED
team_match,2018-19,236,987827,AWAY,19,2018-19:21,VERIFIED_SOURCE_MATCH_ROUTE,VERIFIED
team_match,2018-19,237,987828,HOME,12,2018-19:14,VERIFIED_SOURCE_MATCH_ROUTE,VERIFIED
team_match,2018-19,237,987828,AWAY,11,2018-19:13,VERIFIED_SOURCE_MATCH_ROUTE,VERIFIED
team_match,2018-19,238,987829,HOME,15,2018-19:4,VERIFIED_SOURCE_MATCH_ROUTE,VERIFIED
team_match,2018-19,238,987829,AWAY,13,2018-19:43,VERIFIED_SOURCE_MATCH_ROUTE,VERIFIED
team_match,2018-19,239,987830,HOME,16,2018-19:20,VERIFIED_SOURCE_MATCH_ROUTE,VERIFIED
team_match,2018-19,239,987830,AWAY,7,2018-19:31,VERIFIED_SOURCE_MATCH_ROUTE,VERIFIED
team_match,2018-19,240,987831,HOME,17,2018-19:6,VERIFIED_SOURCE_MATCH_ROUTE,VERIFIED
team_match,2018-19,240,987831,AWAY,18,2018-19:57,VERIFIED_SOURCE_MATCH_ROUTE,VERIFIED
team_match,2018-19,241,987832,HOME,3,2018-19:36,VERIFIED_SOURCE_MATCH_ROUTE,VERIFIED
team_match,2018-19,241,987832,AWAY,18,2018-19:57,VERIFIED_SOURCE_MATCH_ROUTE,VERIFIED
team_match,2018-19,242,987833,HOME,4,2018-19:90,VERIFIED_SOURCE_MATCH_ROUTE,VERIFIED
team_match,2018-19,242,987833,AWAY,16,2018-19:20,VERIFIED_SOURCE_MATCH_ROUTE,VERIFIED
team_match,2018-19,243,987834,HOME,5,2018-19:97,VERIFIED_SOURCE_MATCH_ROUTE,VERIFIED
team_match,2018-19,243,987834,AWAY,2,2018-19:91,VERIFIED_SOURCE_MATCH_ROUTE,VERIFIED
team_match,2018-19,244,987835,HOME,6,2018-19:8,VERIFIED_SOURCE_MATCH_ROUTE,VERIFIED
team_match,2018-19,244,987835,AWAY,10,2018-19:38,VERIFIED_SOURCE_MATCH_ROUTE,VERIFIED
team_match,2018-19,245,987836,HOME,7,2018-19:31,VERIFIED_SOURCE_MATCH_ROUTE,VERIFIED
team_match,2018-19,245,987836,AWAY,9,2018-19:54,VERIFIED_SOURCE_MATCH_ROUTE,VERIFIED
team_match,2018-19,246,987837,HOME,8,2018-19:11,VERIFIED_SOURCE_MATCH_ROUTE,VERIFIED
team_match,2018-19,246,987837,AWAY,20,2018-19:39,VERIFIED_SOURCE_MATCH_ROUTE,VERIFIED
team_match,2018-19,247,987838,HOME,11,2018-19:13,VERIFIED_SOURCE_MATCH_ROUTE,VERIFIED
team_match,2018-19,247,987838,AWAY,14,2018-19:1,VERIFIED_SOURCE_MATCH_ROUTE,VERIFIED
team_match,2018-19,248,987839,HOME,13,2018-19:43,VERIFIED_SOURCE_MATCH_ROUTE,VERIFIED
team_match,2018-19,248,987839,AWAY,1,2018-19:3,VERIFIED_SOURCE_MATCH_ROUTE,VERIFIED
team_match,2018-19,249,987840,HOME,17,2018-19:6,VERIFIED_SOURCE_MATCH_ROUTE,VERIFIED
team_match,2018-19,249,987840,AWAY,15,2018-19:4,VERIFIED_SOURCE_MATCH_ROUTE,VERIFIED
team_match,2018-19,250,987841,HOME,19,2018-19:21,VERIFIED_SOURCE_MATCH_ROUTE,VERIFIED
team_match,2018-19,250,987841,AWAY,12,2018-19:14,VERIFIED_SOURCE_MATCH_ROUTE,VERIFIED
team_match,2018-19,251,987842,HOME,3,2018-19:36,VERIFIED_SOURCE_MATCH_ROUTE,VERIFIED
team_match,2018-19,251,987842,AWAY,4,2018-19:90,VERIFIED_SOURCE_MATCH_ROUTE,VERIFIED
team_match,2018-19,252,987843,HOME,7,2018-19:31,VERIFIED_SOURCE_MATCH_ROUTE,VERIFIED
team_match,2018-19,252,987843,AWAY,19,2018-19:21,VERIFIED_SOURCE_MATCH_ROUTE,VERIFIED
team_match,2018-19,253,987844,HOME,9,2018-19:54,VERIFIED_SOURCE_MATCH_ROUTE,VERIFIED
team_match,2018-19,253,987844,AWAY,14,2018-19:1,VERIFIED_SOURCE_MATCH_ROUTE,VERIFIED
team_match,2018-19,254,987845,HOME,10,2018-19:38,VERIFIED_SOURCE_MATCH_ROUTE,VERIFIED
team_match,2018-19,254,987845,AWAY,1,2018-19:3,VERIFIED_SOURCE_MATCH_ROUTE,VERIFIED
team_match,2018-19,255,987846,HOME,12,2018-19:14,VERIFIED_SOURCE_MATCH_ROUTE,VERIFIED
team_match,2018-19,255,987846,AWAY,2,2018-19:91,VERIFIED_SOURCE_MATCH_ROUTE,VERIFIED
team_match,2018-19,256,987847,HOME,13,2018-19:43,VERIFIED_SOURCE_MATCH_ROUTE,VERIFIED
team_match,2018-19,256,987847,AWAY,6,2018-19:8,VERIFIED_SOURCE_MATCH_ROUTE,VERIFIED
team_match,2018-19,257,987848,HOME,16,2018-19:20,VERIFIED_SOURCE_MATCH_ROUTE,VERIFIED
team_match,2018-19,257,987848,AWAY,5,2018-19:97,VERIFIED_SOURCE_MATCH_ROUTE,VERIFIED
team_match,2018-19,258,987849,HOME,17,2018-19:6,VERIFIED_SOURCE_MATCH_ROUTE,VERIFIED
team_match,2018-19,258,987849,AWAY,11,2018-19:13,VERIFIED_SOURCE_MATCH_ROUTE,VERIFIED
team_match,2018-19,259,987850,HOME,18,2018-19:57,VERIFIED_SOURCE_MATCH_ROUTE,VERIFIED
team_match,2018-19,259,987850,AWAY,8,2018-19:11,VERIFIED_SOURCE_MATCH_ROUTE,VERIFIED
team_match,2018-19,260,987851,HOME,20,2018-19:39,VERIFIED_SOURCE_MATCH_ROUTE,VERIFIED
team_match,2018-19,260,987851,AWAY,15,2018-19:4,VERIFIED_SOURCE_MATCH_ROUTE,VERIFIED
team_match,2018-19,261,987853,HOME,1,2018-19:3,VERIFIED_SOURCE_MATCH_ROUTE,VERIFIED
team_match,2018-19,261,987853,AWAY,16,2018-19:20,VERIFIED_SOURCE_MATCH_ROUTE,VERIFIED
team_match,2018-19,262,987852,HOME,2,2018-19:91,VERIFIED_SOURCE_MATCH_ROUTE,VERIFIED
team_match,2018-19,262,987852,AWAY,20,2018-19:39,VERIFIED_SOURCE_MATCH_ROUTE,VERIFIED
team_match,2018-19,263,987854,HOME,4,2018-19:90,VERIFIED_SOURCE_MATCH_ROUTE,VERIFIED
team_match,2018-19,263,987854,AWAY,17,2018-19:6,VERIFIED_SOURCE_MATCH_ROUTE,VERIFIED
team_match,2018-19,264,987855,HOME,5,2018-19:97,VERIFIED_SOURCE_MATCH_ROUTE,VERIFIED
team_match,2018-19,264,987855,AWAY,18,2018-19:57,VERIFIED_SOURCE_MATCH_ROUTE,VERIFIED
team_match,2018-19,265,987856,HOME,6,2018-19:8,VERIFIED_SOURCE_MATCH_ROUTE,VERIFIED
team_match,2018-19,265,987856,AWAY,3,2018-19:36,VERIFIED_SOURCE_MATCH_ROUTE,VERIFIED
team_match,2018-19,266,987857,HOME,8,2018-19:11,VERIFIED_SOURCE_MATCH_ROUTE,VERIFIED
team_match,2018-19,266,987857,AWAY,13,2018-19:43,VERIFIED_SOURCE_MATCH_ROUTE,VERIFIED
team_match,2018-19,267,987858,HOME,11,2018-19:13,VERIFIED_SOURCE_MATCH_ROUTE,VERIFIED
team_match,2018-19,267,987858,AWAY,7,2018-19:31,VERIFIED_SOURCE_MATCH_ROUTE,VERIFIED
team_match,2018-19,268,987859,HOME,14,2018-19:1,VERIFIED_SOURCE_MATCH_ROUTE,VERIFIED
team_match,2018-19,268,987859,AWAY,12,2018-19:14,VERIFIED_SOURCE_MATCH_ROUTE,VERIFIED
team_match,2018-19,269,987860,HOME,15,2018-19:4,VERIFIED_SOURCE_MATCH_ROUTE,VERIFIED
team_match,2018-19,269,987860,AWAY,10,2018-19:38,VERIFIED_SOURCE_MATCH_ROUTE,VERIFIED
team_match,2018-19,270,987861,HOME,19,2018-19:21,VERIFIED_SOURCE_MATCH_ROUTE,VERIFIED
team_match,2018-19,270,987861,AWAY,9,2018-19:54,VERIFIED_SOURCE_MATCH_ROUTE,VERIFIED
team_match,2018-19,271,987862,HOME,1,2018-19:3,VERIFIED_SOURCE_MATCH_ROUTE,VERIFIED
team_match,2018-19,271,987862,AWAY,2,2018-19:91,VERIFIED_SOURCE_MATCH_ROUTE,VERIFIED
team_match,2018-19,272,987863,HOME,5,2018-19:97,VERIFIED_SOURCE_MATCH_ROUTE,VERIFIED
team_match,2018-19,272,987863,AWAY,8,2018-19:11,VERIFIED_SOURCE_MATCH_ROUTE,VERIFIED
team_match,2018-19,273,987864,HOME,7,2018-19:31,VERIFIED_SOURCE_MATCH_ROUTE,VERIFIED
team_match,2018-19,273,987864,AWAY,14,2018-19:1,VERIFIED_SOURCE_MATCH_ROUTE,VERIFIED
team_match,2018-19,274,987865,HOME,10,2018-19:38,VERIFIED_SOURCE_MATCH_ROUTE,VERIFIED
team_match,2018-19,274,987865,AWAY,20,2018-19:39,VERIFIED_SOURCE_MATCH_ROUTE,VERIFIED
team_match,2018-19,275,987866,HOME,11,2018-19:13,VERIFIED_SOURCE_MATCH_ROUTE,VERIFIED
team_match,2018-19,275,987866,AWAY,3,2018-19:36,VERIFIED_SOURCE_MATCH_ROUTE,VERIFIED
team_match,2018-19,276,987867,HOME,6,2018-19:8,VERIFIED_SOURCE_MATCH_ROUTE,VERIFIED
team_match,2018-19,276,987867,AWAY,17,2018-19:6,VERIFIED_SOURCE_MATCH_ROUTE,VERIFIED
team_match,2018-19,277,987868,HOME,12,2018-19:14,VERIFIED_SOURCE_MATCH_ROUTE,VERIFIED
team_match,2018-19,277,987868,AWAY,18,2018-19:57,VERIFIED_SOURCE_MATCH_ROUTE,VERIFIED
team_match,2018-19,278,987869,HOME,13,2018-19:43,VERIFIED_SOURCE_MATCH_ROUTE,VERIFIED
team_match,2018-19,278,987869,AWAY,19,2018-19:21,VERIFIED_SOURCE_MATCH_ROUTE,VERIFIED
team_match,2018-19,279,987870,HOME,15,2018-19:4,VERIFIED_SOURCE_MATCH_ROUTE,VERIFIED
team_match,2018-19,279,987870,AWAY,4,2018-19:90,VERIFIED_SOURCE_MATCH_ROUTE,VERIFIED
team_match,2018-19,280,987871,HOME,16,2018-19:20,VERIFIED_SOURCE_MATCH_ROUTE,VERIFIED
team_match,2018-19,280,987871,AWAY,9,2018-19:54,VERIFIED_SOURCE_MATCH_ROUTE,VERIFIED
team_match,2018-19,281,987872,HOME,2,2018-19:91,VERIFIED_SOURCE_MATCH_ROUTE,VERIFIED
team_match,2018-19,281,987872,AWAY,13,2018-19:43,VERIFIED_SOURCE_MATCH_ROUTE,VERIFIED
team_match,2018-19,282,987873,HOME,3,2018-19:36,VERIFIED_SOURCE_MATCH_ROUTE,VERIFIED
team_match,2018-19,282,987873,AWAY,10,2018-19:38,VERIFIED_SOURCE_MATCH_ROUTE,VERIFIED
team_match,2018-19,283,987874,HOME,4,2018-19:90,VERIFIED_SOURCE_MATCH_ROUTE,VERIFIED
team_match,2018-19,283,987874,AWAY,7,2018-19:31,VERIFIED_SOURCE_MATCH_ROUTE,VERIFIED
team_match,2018-19,284,987875,HOME,8,2018-19:11,VERIFIED_SOURCE_MATCH_ROUTE,VERIFIED
team_match,2018-19,284,987875,AWAY,12,2018-19:14,VERIFIED_SOURCE_MATCH_ROUTE,VERIFIED
team_match,2018-19,285,987876,HOME,9,2018-19:54,VERIFIED_SOURCE_MATCH_ROUTE,VERIFIED
team_match,2018-19,285,987876,AWAY,6,2018-19:8,VERIFIED_SOURCE_MATCH_ROUTE,VERIFIED
team_match,2018-19,286,987877,HOME,14,2018-19:1,VERIFIED_SOURCE_MATCH_ROUTE,VERIFIED
team_match,2018-19,286,987877,AWAY,16,2018-19:20,VERIFIED_SOURCE_MATCH_ROUTE,VERIFIED
team_match,2018-19,287,987878,HOME,17,2018-19:6,VERIFIED_SOURCE_MATCH_ROUTE,VERIFIED
team_match,2018-19,287,987878,AWAY,1,2018-19:3,VERIFIED_SOURCE_MATCH_ROUTE,VERIFIED
team_match,2018-19,288,987879,HOME,18,2018-19:57,VERIFIED_SOURCE_MATCH_ROUTE,VERIFIED
team_match,2018-19,288,987879,AWAY,11,2018-19:13,VERIFIED_SOURCE_MATCH_ROUTE,VERIFIED
team_match,2018-19,289,987880,HOME,19,2018-19:21,VERIFIED_SOURCE_MATCH_ROUTE,VERIFIED
team_match,2018-19,289,987880,AWAY,15,2018-19:4,VERIFIED_SOURCE_MATCH_ROUTE,VERIFIED
team_match,2018-19,290,987881,HOME,20,2018-19:39,VERIFIED_SOURCE_MATCH_ROUTE,VERIFIED
team_match,2018-19,290,987881,AWAY,5,2018-19:97,VERIFIED_SOURCE_MATCH_ROUTE,VERIFIED
team_match,2018-19,291,987882,HOME,1,2018-19:3,VERIFIED_SOURCE_MATCH_ROUTE,VERIFIED
team_match,2018-19,291,987882,AWAY,14,2018-19:1,VERIFIED_SOURCE_MATCH_ROUTE,VERIFIED
team_match,2018-19,292,987883,HOME,5,2018-19:97,VERIFIED_SOURCE_MATCH_ROUTE,VERIFIED
team_match,2018-19,292,987883,AWAY,19,2018-19:21,VERIFIED_SOURCE_MATCH_ROUTE,VERIFIED
team_match,2018-19,293,987884,HOME,6,2018-19:8,VERIFIED_SOURCE_MATCH_ROUTE,VERIFIED
team_match,2018-19,293,987884,AWAY,20,2018-19:39,VERIFIED_SOURCE_MATCH_ROUTE,VERIFIED
team_match,2018-19,294,987885,HOME,7,2018-19:31,VERIFIED_SOURCE_MATCH_ROUTE,VERIFIED
team_match,2018-19,294,987885,AWAY,3,2018-19:36,VERIFIED_SOURCE_MATCH_ROUTE,VERIFIED
team_match,2018-19,295,987886,HOME,10,2018-19:38,VERIFIED_SOURCE_MATCH_ROUTE,VERIFIED
team_match,2018-19,295,987886,AWAY,2,2018-19:91,VERIFIED_SOURCE_MATCH_ROUTE,VERIFIED
team_match,2018-19,296,987887,HOME,11,2018-19:13,VERIFIED_SOURCE_MATCH_ROUTE,VERIFIED
team_match,2018-19,296,987887,AWAY,9,2018-19:54,VERIFIED_SOURCE_MATCH_ROUTE,VERIFIED
team_match,2018-19,297,987888,HOME,12,2018-19:14,VERIFIED_SOURCE_MATCH_ROUTE,VERIFIED
team_match,2018-19,297,987888,AWAY,4,2018-19:90,VERIFIED_SOURCE_MATCH_ROUTE,VERIFIED
team_match,2018-19,298,987889,HOME,13,2018-19:43,VERIFIED_SOURCE_MATCH_ROUTE,VERIFIED
team_match,2018-19,298,987889,AWAY,18,2018-19:57,VERIFIED_SOURCE_MATCH_ROUTE,VERIFIED
team_match,2018-19,299,987890,HOME,15,2018-19:4,VERIFIED_SOURCE_MATCH_ROUTE,VERIFIED
team_match,2018-19,299,987890,AWAY,8,2018-19:11,VERIFIED_SOURCE_MATCH_ROUTE,VERIFIED
team_match,2018-19,300,987891,HOME,16,2018-19:20,VERIFIED_SOURCE_MATCH_ROUTE,VERIFIED
team_match,2018-19,300,987891,AWAY,17,2018-19:6,VERIFIED_SOURCE_MATCH_ROUTE,VERIFIED
team_match,2018-19,301,987892,HOME,2,2018-19:91,VERIFIED_SOURCE_MATCH_ROUTE,VERIFIED
team_match,2018-19,301,987892,AWAY,15,2018-19:4,VERIFIED_SOURCE_MATCH_ROUTE,VERIFIED
team_match,2018-19,302,987893,HOME,3,2018-19:36,VERIFIED_SOURCE_MATCH_ROUTE,VERIFIED
team_match,2018-19,302,987893,AWAY,5,2018-19:97,VERIFIED_SOURCE_MATCH_ROUTE,VERIFIED
team_match,2018-19,303,987894,HOME,4,2018-19:90,VERIFIED_SOURCE_MATCH_ROUTE,VERIFIED
team_match,2018-19,303,987894,AWAY,11,2018-19:13,VERIFIED_SOURCE_MATCH_ROUTE,VERIFIED
team_match,2018-19,304,987895,HOME,8,2018-19:11,VERIFIED_SOURCE_MATCH_ROUTE,VERIFIED
team_match,2018-19,304,987895,AWAY,6,2018-19:8,VERIFIED_SOURCE_MATCH_ROUTE,VERIFIED
team_match,2018-19,305,987896,HOME,9,2018-19:54,VERIFIED_SOURCE_MATCH_ROUTE,VERIFIED
team_match,2018-19,305,987896,AWAY,12,2018-19:14,VERIFIED_SOURCE_MATCH_ROUTE,VERIFIED
team_match,2018-19,306,987897,HOME,14,2018-19:1,VERIFIED_SOURCE_MATCH_ROUTE,VERIFIED
team_match,2018-19,306,987897,AWAY,13,2018-19:43,VERIFIED_SOURCE_MATCH_ROUTE,VERIFIED
team_match,2018-19,307,987898,HOME,17,2018-19:6,VERIFIED_SOURCE_MATCH_ROUTE,VERIFIED
team_match,2018-19,307,987898,AWAY,7,2018-19:31,VERIFIED_SOURCE_MATCH_ROUTE,VERIFIED
team_match,2018-19,308,987899,HOME,18,2018-19:57,VERIFIED_SOURCE_MATCH_ROUTE,VERIFIED
team_match,2018-19,308,987899,AWAY,16,2018-19:20,VERIFIED_SOURCE_MATCH_ROUTE,VERIFIED
team_match,2018-19,309,987900,HOME,19,2018-19:21,VERIFIED_SOURCE_MATCH_ROUTE,VERIFIED
team_match,2018-19,309,987900,AWAY,10,2018-19:38,VERIFIED_SOURCE_MATCH_ROUTE,VERIFIED
team_match,2018-19,310,987901,HOME,20,2018-19:39,VERIFIED_SOURCE_MATCH_ROUTE,VERIFIED
team_match,2018-19,310,987901,AWAY,1,2018-19:3,VERIFIED_SOURCE_MATCH_ROUTE,VERIFIED
team_match,2018-19,311,987902,HOME,1,2018-19:3,VERIFIED_SOURCE_MATCH_ROUTE,VERIFIED
team_match,2018-19,311,987902,AWAY,15,2018-19:4,VERIFIED_SOURCE_MATCH_ROUTE,VERIFIED
team_match,2018-19,312,987903,HOME,3,2018-19:36,VERIFIED_SOURCE_MATCH_ROUTE,VERIFIED
team_match,2018-19,312,987903,AWAY,16,2018-19:20,VERIFIED_SOURCE_MATCH_ROUTE,VERIFIED
team_match,2018-19,313,987904,HOME,4,2018-19:90,VERIFIED_SOURCE_MATCH_ROUTE,VERIFIED
team_match,2018-19,313,987904,AWAY,20,2018-19:39,VERIFIED_SOURCE_MATCH_ROUTE,VERIFIED
team_match,2018-19,314,987905,HOME,5,2018-19:97,VERIFIED_SOURCE_MATCH_ROUTE,VERIFIED
team_match,2018-19,314,987905,AWAY,6,2018-19:8,VERIFIED_SOURCE_MATCH_ROUTE,VERIFIED
team_match,2018-19,315,987906,HOME,7,2018-19:31,VERIFIED_SOURCE_MATCH_ROUTE,VERIFIED
team_match,2018-19,315,987906,AWAY,10,2018-19:38,VERIFIED_SOURCE_MATCH_ROUTE,VERIFIED
team_match,2018-19,316,987907,HOME,9,2018-19:54,VERIFIED_SOURCE_MATCH_ROUTE,VERIFIED
team_match,2018-19,316,987907,AWAY,13,2018-19:43,VERIFIED_SOURCE_MATCH_ROUTE,VERIFIED
team_match,2018-19,317,987908,HOME,11,2018-19:13,VERIFIED_SOURCE_MATCH_ROUTE,VERIFIED
team_match,2018-19,317,987908,AWAY,2,2018-19:91,VERIFIED_SOURCE_MATCH_ROUTE,VERIFIED
team_match,2018-19,318,987909,HOME,12,2018-19:14,VERIFIED_SOURCE_MATCH_ROUTE,VERIFIED
team_match,2018-19,318,987909,AWAY,17,2018-19:6,VERIFIED_SOURCE_MATCH_ROUTE,VERIFIED
team_match,2018-19,319,987910,HOME,14,2018-19:1,VERIFIED_SOURCE_MATCH_ROUTE,VERIFIED
team_match,2018-19,319,987910,AWAY,18,2018-19:57,VERIFIED_SOURCE_MATCH_ROUTE,VERIFIED
team_match,2018-19,320,987911,HOME,19,2018-19:21,VERIFIED_SOURCE_MATCH_ROUTE,VERIFIED
team_match,2018-19,320,987911,AWAY,8,2018-19:11,VERIFIED_SOURCE_MATCH_ROUTE,VERIFIED
team_match,2018-19,321,987912,HOME,2,2018-19:91,VERIFIED_SOURCE_MATCH_ROUTE,VERIFIED
team_match,2018-19,321,987912,AWAY,4,2018-19:90,VERIFIED_SOURCE_MATCH_ROUTE,VERIFIED
team_match,2018-19,322,987913,HOME,6,2018-19:8,VERIFIED_SOURCE_MATCH_ROUTE,VERIFIED
team_match,2018-19,322,987913,AWAY,19,2018-19:21,VERIFIED_SOURCE_MATCH_ROUTE,VERIFIED
team_match,2018-19,323,987914,HOME,8,2018-19:11,VERIFIED_SOURCE_MATCH_ROUTE,VERIFIED
team_match,2018-19,323,987914,AWAY,1,2018-19:3,VERIFIED_SOURCE_MATCH_ROUTE,VERIFIED
team_match,2018-19,324,987915,HOME,10,2018-19:38,VERIFIED_SOURCE_MATCH_ROUTE,VERIFIED
team_match,2018-19,324,987915,AWAY,11,2018-19:13,VERIFIED_SOURCE_MATCH_ROUTE,VERIFIED
team_match,2018-19,325,987916,HOME,13,2018-19:43,VERIFIED_SOURCE_MATCH_ROUTE,VERIFIED
team_match,2018-19,325,987916,AWAY,5,2018-19:97,VERIFIED_SOURCE_MATCH_ROUTE,VERIFIED
team_match,2018-19,326,987917,HOME,15,2018-19:4,VERIFIED_SOURCE_MATCH_ROUTE,VERIFIED
team_match,2018-19,326,987917,AWAY,7,2018-19:31,VERIFIED_SOURCE_MATCH_ROUTE,VERIFIED
team_match,2018-19,327,987918,HOME,16,2018-19:20,VERIFIED_SOURCE_MATCH_ROUTE,VERIFIED
team_match,2018-19,327,987918,AWAY,12,2018-19:14,VERIFIED_SOURCE_MATCH_ROUTE,VERIFIED
team_match,2018-19,328,987919,HOME,17,2018-19:6,VERIFIED_SOURCE_MATCH_ROUTE,VERIFIED
team_match,2018-19,328,987919,AWAY,3,2018-19:36,VERIFIED_SOURCE_MATCH_ROUTE,VERIFIED
team_match,2018-19,329,987920,HOME,18,2018-19:57,VERIFIED_SOURCE_MATCH_ROUTE,VERIFIED
team_match,2018-19,329,987920,AWAY,9,2018-19:54,VERIFIED_SOURCE_MATCH_ROUTE,VERIFIED
team_match,2018-19,330,987921,HOME,20,2018-19:39,VERIFIED_SOURCE_MATCH_ROUTE,VERIFIED
team_match,2018-19,330,987921,AWAY,14,2018-19:1,VERIFIED_SOURCE_MATCH_ROUTE,VERIFIED
team_match,2018-19,331,987922,HOME,3,2018-19:36,VERIFIED_SOURCE_MATCH_ROUTE,VERIFIED
team_match,2018-19,331,987922,AWAY,2,2018-19:91,VERIFIED_SOURCE_MATCH_ROUTE,VERIFIED
team_match,2018-19,332,987923,HOME,4,2018-19:90,VERIFIED_SOURCE_MATCH_ROUTE,VERIFIED
team_match,2018-19,332,987923,AWAY,5,2018-19:97,VERIFIED_SOURCE_MATCH_ROUTE,VERIFIED
team_match,2018-19,333,987924,HOME,7,2018-19:31,VERIFIED_SOURCE_MATCH_ROUTE,VERIFIED
team_match,2018-19,333,987924,AWAY,13,2018-19:43,VERIFIED_SOURCE_MATCH_ROUTE,VERIFIED
team_match,2018-19,334,987925,HOME,9,2018-19:54,VERIFIED_SOURCE_MATCH_ROUTE,VERIFIED
team_match,2018-19,334,987925,AWAY,8,2018-19:11,VERIFIED_SOURCE_MATCH_ROUTE,VERIFIED
team_match,2018-19,335,987926,HOME,11,2018-19:13,VERIFIED_SOURCE_MATCH_ROUTE,VERIFIED
team_match,2018-19,335,987926,AWAY,15,2018-19:4,VERIFIED_SOURCE_MATCH_ROUTE,VERIFIED
team_match,2018-19,336,987927,HOME,12,2018-19:14,VERIFIED_SOURCE_MATCH_ROUTE,VERIFIED
team_match,2018-19,336,987927,AWAY,6,2018-19:8,VERIFIED_SOURCE_MATCH_ROUTE,VERIFIED
team_match,2018-19,337,987928,HOME,14,2018-19:1,VERIFIED_SOURCE_MATCH_ROUTE,VERIFIED
team_match,2018-19,337,987928,AWAY,19,2018-19:21,VERIFIED_SOURCE_MATCH_ROUTE,VERIFIED
team_match,2018-19,338,987929,HOME,16,2018-19:20,VERIFIED_SOURCE_MATCH_ROUTE,VERIFIED
team_match,2018-19,338,987929,AWAY,20,2018-19:39,VERIFIED_SOURCE_MATCH_ROUTE,VERIFIED
team_match,2018-19,339,987930,HOME,17,2018-19:6,VERIFIED_SOURCE_MATCH_ROUTE,VERIFIED
team_match,2018-19,339,987930,AWAY,10,2018-19:38,VERIFIED_SOURCE_MATCH_ROUTE,VERIFIED
team_match,2018-19,340,987931,HOME,18,2018-19:57,VERIFIED_SOURCE_MATCH_ROUTE,VERIFIED
team_match,2018-19,340,987931,AWAY,1,2018-19:3,VERIFIED_SOURCE_MATCH_ROUTE,VERIFIED
team_match,2018-19,341,987933,HOME,1,2018-19:3,VERIFIED_SOURCE_MATCH_ROUTE,VERIFIED
team_match,2018-19,341,987933,AWAY,7,2018-19:31,VERIFIED_SOURCE_MATCH_ROUTE,VERIFIED
team_match,2018-19,342,987932,HOME,2,2018-19:91,VERIFIED_SOURCE_MATCH_ROUTE,VERIFIED
team_match,2018-19,342,987932,AWAY,9,2018-19:54,VERIFIED_SOURCE_MATCH_ROUTE,VERIFIED
team_match,2018-19,343,987934,HOME,5,2018-19:97,VERIFIED_SOURCE_MATCH_ROUTE,VERIFIED
team_match,2018-19,343,987934,AWAY,12,2018-19:14,VERIFIED_SOURCE_MATCH_ROUTE,VERIFIED
team_match,2018-19,344,987935,HOME,6,2018-19:8,VERIFIED_SOURCE_MATCH_ROUTE,VERIFIED
team_match,2018-19,344,987935,AWAY,4,2018-19:90,VERIFIED_SOURCE_MATCH_ROUTE,VERIFIED
team_match,2018-19,345,987936,HOME,8,2018-19:11,VERIFIED_SOURCE_MATCH_ROUTE,VERIFIED
team_match,2018-19,345,987936,AWAY,14,2018-19:1,VERIFIED_SOURCE_MATCH_ROUTE,VERIFIED
team_match,2018-19,346,987937,HOME,10,2018-19:38,VERIFIED_SOURCE_MATCH_ROUTE,VERIFIED
team_match,2018-19,346,987937,AWAY,18,2018-19:57,VERIFIED_SOURCE_MATCH_ROUTE,VERIFIED
team_match,2018-19,347,987938,HOME,13,2018-19:43,VERIFIED_SOURCE_MATCH_ROUTE,VERIFIED
team_match,2018-19,347,987938,AWAY,17,2018-19:6,VERIFIED_SOURCE_MATCH_ROUTE,VERIFIED
team_match,2018-19,348,987939,HOME,15,2018-19:4,VERIFIED_SOURCE_MATCH_ROUTE,VERIFIED
team_match,2018-19,348,987939,AWAY,16,2018-19:20,VERIFIED_SOURCE_MATCH_ROUTE,VERIFIED
team_match,2018-19,349,987940,HOME,19,2018-19:21,VERIFIED_SOURCE_MATCH_ROUTE,VERIFIED
team_match,2018-19,349,987940,AWAY,11,2018-19:13,VERIFIED_SOURCE_MATCH_ROUTE,VERIFIED
team_match,2018-19,350,987941,HOME,20,2018-19:39,VERIFIED_SOURCE_MATCH_ROUTE,VERIFIED
team_match,2018-19,350,987941,AWAY,3,2018-19:36,VERIFIED_SOURCE_MATCH_ROUTE,VERIFIED
team_match,2018-19,351,987942,HOME,3,2018-19:36,VERIFIED_SOURCE_MATCH_ROUTE,VERIFIED
team_match,2018-19,351,987942,AWAY,15,2018-19:4,VERIFIED_SOURCE_MATCH_ROUTE,VERIFIED
team_match,2018-19,352,987943,HOME,4,2018-19:90,VERIFIED_SOURCE_MATCH_ROUTE,VERIFIED
team_match,2018-19,352,987943,AWAY,13,2018-19:43,VERIFIED_SOURCE_MATCH_ROUTE,VERIFIED
team_match,2018-19,353,987944,HOME,7,2018-19:31,VERIFIED_SOURCE_MATCH_ROUTE,VERIFIED
team_match,2018-19,353,987944,AWAY,8,2018-19:11,VERIFIED_SOURCE_MATCH_ROUTE,VERIFIED
team_match,2018-19,354,987945,HOME,9,2018-19:54,VERIFIED_SOURCE_MATCH_ROUTE,VERIFIED
team_match,2018-19,354,987945,AWAY,5,2018-19:97,VERIFIED_SOURCE_MATCH_ROUTE,VERIFIED
team_match,2018-19,355,987946,HOME,11,2018-19:13,VERIFIED_SOURCE_MATCH_ROUTE,VERIFIED
team_match,2018-19,355,987946,AWAY,1,2018-19:3,VERIFIED_SOURCE_MATCH_ROUTE,VERIFIED
team_match,2018-19,356,987947,HOME,12,2018-19:14,VERIFIED_SOURCE_MATCH_ROUTE,VERIFIED
team_match,2018-19,356,987947,AWAY,10,2018-19:38,VERIFIED_SOURCE_MATCH_ROUTE,VERIFIED
team_match,2018-19,357,987948,HOME,14,2018-19:1,VERIFIED_SOURCE_MATCH_ROUTE,VERIFIED
team_match,2018-19,357,987948,AWAY,6,2018-19:8,VERIFIED_SOURCE_MATCH_ROUTE,VERIFIED
team_match,2018-19,358,987949,HOME,16,2018-19:20,VERIFIED_SOURCE_MATCH_ROUTE,VERIFIED
team_match,2018-19,358,987949,AWAY,2,2018-19:91,VERIFIED_SOURCE_MATCH_ROUTE,VERIFIED
team_match,2018-19,359,987950,HOME,17,2018-19:6,VERIFIED_SOURCE_MATCH_ROUTE,VERIFIED
team_match,2018-19,359,987950,AWAY,19,2018-19:21,VERIFIED_SOURCE_MATCH_ROUTE,VERIFIED
team_match,2018-19,360,987951,HOME,18,2018-19:57,VERIFIED_SOURCE_MATCH_ROUTE,VERIFIED
team_match,2018-19,360,987951,AWAY,20,2018-19:39,VERIFIED_SOURCE_MATCH_ROUTE,VERIFIED
team_match,2018-19,361,987953,HOME,1,2018-19:3,VERIFIED_SOURCE_MATCH_ROUTE,VERIFIED
team_match,2018-19,361,987953,AWAY,3,2018-19:36,VERIFIED_SOURCE_MATCH_ROUTE,VERIFIED
team_match,2018-19,362,987952,HOME,2,2018-19:91,VERIFIED_SOURCE_MATCH_ROUTE,VERIFIED
team_match,2018-19,362,987952,AWAY,17,2018-19:6,VERIFIED_SOURCE_MATCH_ROUTE,VERIFIED
team_match,2018-19,363,987954,HOME,5,2018-19:97,VERIFIED_SOURCE_MATCH_ROUTE,VERIFIED
team_match,2018-19,363,987954,AWAY,7,2018-19:31,VERIFIED_SOURCE_MATCH_ROUTE,VERIFIED
team_match,2018-19,364,987955,HOME,6,2018-19:8,VERIFIED_SOURCE_MATCH_ROUTE,VERIFIED
team_match,2018-19,364,987955,AWAY,18,2018-19:57,VERIFIED_SOURCE_MATCH_ROUTE,VERIFIED
team_match,2018-19,365,987956,HOME,8,2018-19:11,VERIFIED_SOURCE_MATCH_ROUTE,VERIFIED
team_match,2018-19,365,987956,AWAY,4,2018-19:90,VERIFIED_SOURCE_MATCH_ROUTE,VERIFIED
team_match,2018-19,366,987957,HOME,10,2018-19:38,VERIFIED_SOURCE_MATCH_ROUTE,VERIFIED
team_match,2018-19,366,987957,AWAY,14,2018-19:1,VERIFIED_SOURCE_MATCH_ROUTE,VERIFIED
team_match,2018-19,367,987958,HOME,13,2018-19:43,VERIFIED_SOURCE_MATCH_ROUTE,VERIFIED
team_match,2018-19,367,987958,AWAY,11,2018-19:13,VERIFIED_SOURCE_MATCH_ROUTE,VERIFIED
team_match,2018-19,368,987959,HOME,15,2018-19:4,VERIFIED_SOURCE_MATCH_ROUTE,VERIFIED
team_match,2018-19,368,987959,AWAY,12,2018-19:14,VERIFIED_SOURCE_MATCH_ROUTE,VERIFIED
team_match,2018-19,369,987960,HOME,19,2018-19:21,VERIFIED_SOURCE_MATCH_ROUTE,VERIFIED
team_match,2018-19,369,987960,AWAY,16,2018-19:20,VERIFIED_SOURCE_MATCH_ROUTE,VERIFIED
team_match,2018-19,370,987961,HOME,20,2018-19:39,VERIFIED_SOURCE_MATCH_ROUTE,VERIFIED
team_match,2018-19,370,987961,AWAY,9,2018-19:54,VERIFIED_SOURCE_MATCH_ROUTE,VERIFIED
team_match,2018-19,371,987962,HOME,3,2018-19:36,VERIFIED_SOURCE_MATCH_ROUTE,VERIFIED
team_match,2018-19,371,987962,AWAY,13,2018-19:43,VERIFIED_SOURCE_MATCH_ROUTE,VERIFIED
team_match,2018-19,372,987963,HOME,4,2018-19:90,VERIFIED_SOURCE_MATCH_ROUTE,VERIFIED
team_match,2018-19,372,987963,AWAY,1,2018-19:3,VERIFIED_SOURCE_MATCH_ROUTE,VERIFIED
team_match,2018-19,373,987964,HOME,7,2018-19:31,VERIFIED_SOURCE_MATCH_ROUTE,VERIFIED
team_match,2018-19,373,987964,AWAY,2,2018-19:91,VERIFIED_SOURCE_MATCH_ROUTE,VERIFIED
team_match,2018-19,374,987965,HOME,9,2018-19:54,VERIFIED_SOURCE_MATCH_ROUTE,VERIFIED
team_match,2018-19,374,987965,AWAY,15,2018-19:4,VERIFIED_SOURCE_MATCH_ROUTE,VERIFIED
team_match,2018-19,375,987966,HOME,11,2018-19:13,VERIFIED_SOURCE_MATCH_ROUTE,VERIFIED
team_match,2018-19,375,987966,AWAY,6,2018-19:8,VERIFIED_SOURCE_MATCH_ROUTE,VERIFIED
team_match,2018-19,376,987967,HOME,12,2018-19:14,VERIFIED_SOURCE_MATCH_ROUTE,VERIFIED
team_match,2018-19,376,987967,AWAY,20,2018-19:39,VERIFIED_SOURCE_MATCH_ROUTE,VERIFIED
team_match,2018-19,377,987968,HOME,14,2018-19:1,VERIFIED_SOURCE_MATCH_ROUTE,VERIFIED
team_match,2018-19,377,987968,AWAY,5,2018-19:97,VERIFIED_SOURCE_MATCH_ROUTE,VERIFIED
team_match,2018-19,378,987969,HOME,16,2018-19:20,VERIFIED_SOURCE_MATCH_ROUTE,VERIFIED
team_match,2018-19,378,987969,AWAY,10,2018-19:38,VERIFIED_SOURCE_MATCH_ROUTE,VERIFIED
team_match,2018-19,379,987970,HOME,17,2018-19:6,VERIFIED_SOURCE_MATCH_ROUTE,VERIFIED
team_match,2018-19,379,987970,AWAY,8,2018-19:11,VERIFIED_SOURCE_MATCH_ROUTE,VERIFIED
team_match,2018-19,380,987971,HOME,18,2018-19:57,VERIFIED_SOURCE_MATCH_ROUTE,VERIFIED
team_match,2018-19,380,987971,AWAY,19,2018-19:21,VERIFIED_SOURCE_MATCH_ROUTE,VERIFIED
team_match,2019-20,1,1059702,HOME,10,2019-20:14,VERIFIED_SOURCE_MATCH_ROUTE,VERIFIED
team_match,2019-20,1,1059702,AWAY,14,2019-20:45,VERIFIED_SOURCE_MATCH_ROUTE,VERIFIED
team_match,2019-20,2,1059703,HOME,3,2019-20:91,VERIFIED_SOURCE_MATCH_ROUTE,VERIFIED
team_match,2019-20,2,1059703,AWAY,15,2019-20:49,VERIFIED_SOURCE_MATCH_ROUTE,VERIFIED
team_match,2019-20,3,1059704,HOME,5,2019-20:90,VERIFIED_SOURCE_MATCH_ROUTE,VERIFIED
team_match,2019-20,3,1059704,AWAY,16,2019-20:20,VERIFIED_SOURCE_MATCH_ROUTE,VERIFIED
team_match,2019-20,4,1059705,HOME,7,2019-20:31,VERIFIED_SOURCE_MATCH_ROUTE,VERIFIED
team_match,2019-20,4,1059705,AWAY,8,2019-20:11,VERIFIED_SOURCE_MATCH_ROUTE,VERIFIED
team_match,2019-20,5,1059706,HOME,9,2019-20:13,VERIFIED_SOURCE_MATCH_ROUTE,VERIFIED
team_match,2019-20,5,1059706,AWAY,20,2019-20:39,VERIFIED_SOURCE_MATCH_ROUTE,VERIFIED
team_match,2019-20,6,1059707,HOME,17,2019-20:6,VERIFIED_SOURCE_MATCH_ROUTE,VERIFIED
team_match,2019-20,6,1059707,AWAY,2,2019-20:7,VERIFIED_SOURCE_MATCH_ROUTE,VERIFIED
team_match,2019-20,7,1059708,HOME,18,2019-20:57,VERIFIED_SOURCE_MATCH_ROUTE,VERIFIED
team_match,2019-20,7,1059708,AWAY,4,2019-20:36,VERIFIED_SOURCE_MATCH_ROUTE,VERIFIED
team_match,2019-20,8,1059709,HOME,19,2019-20:21,VERIFIED_SOURCE_MATCH_ROUTE,VERIFIED
team_match,2019-20,8,1059709,AWAY,11,2019-20:43,VERIFIED_SOURCE_MATCH_ROUTE,VERIFIED
team_match,2019-20,9,1059710,HOME,12,2019-20:1,VERIFIED_SOURCE_MATCH_ROUTE,VERIFIED
team_match,2019-20,9,1059710,AWAY,6,2019-20:8,VERIFIED_SOURCE_MATCH_ROUTE,VERIFIED
team_match,2019-20,10,1059711,HOME,13,2019-20:4,VERIFIED_SOURCE_MATCH_ROUTE,VERIFIED
team_match,2019-20,10,1059711,AWAY,1,2019-20:3,VERIFIED_SOURCE_MATCH_ROUTE,VERIFIED
team_match,2019-20,11,1059712,HOME,1,2019-20:3,VERIFIED_SOURCE_MATCH_ROUTE,VERIFIED
team_match,2019-20,11,1059712,AWAY,5,2019-20:90,VERIFIED_SOURCE_MATCH_ROUTE,VERIFIED
team_match,2019-20,12,1059713,HOME,2,2019-20:7,VERIFIED_SOURCE_MATCH_ROUTE,VERIFIED
team_match,2019-20,12,1059713,AWAY,3,2019-20:91,VERIFIED_SOURCE_MATCH_ROUTE,VERIFIED
team_match,2019-20,13,1059714,HOME,4,2019-20:36,VERIFIED_SOURCE_MATCH_ROUTE,VERIFIED
team_match,2019-20,13,1059714,AWAY,19,2019-20:21,VERIFIED_SOURCE_MATCH_ROUTE,VERIFIED
team_match,2019-20,14,1059715,HOME,6,2019-20:8,VERIFIED_SOURCE_MATCH_ROUTE,VERIFIED
team_match,2019-20,14,1059715,AWAY,9,2019-20:13,VERIFIED_SOURCE_MATCH_ROUTE,VERIFIED
team_match,2019-20,15,1059716,HOME,8,2019-20:11,VERIFIED_SOURCE_MATCH_ROUTE,VERIFIED
team_match,2019-20,15,1059716,AWAY,18,2019-20:57,VERIFIED_SOURCE_MATCH_ROUTE,VERIFIED
team_match,2019-20,16,1059717,HOME,11,2019-20:43,VERIFIED_SOURCE_MATCH_ROUTE,VERIFIED
team_match,2019-20,16,1059717,AWAY,17,2019-20:6,VERIFIED_SOURCE_MATCH_ROUTE,VERIFIED
team_match,2019-20,17,1059718,HOME,14,2019-20:45,VERIFIED_SOURCE_MATCH_ROUTE,VERIFIED
team_match,2019-20,17,1059718,AWAY,13,2019-20:4,VERIFIED_SOURCE_MATCH_ROUTE,VERIFIED
team_match,2019-20,18,1059719,HOME,15,2019-20:49,VERIFIED_SOURCE_MATCH_ROUTE,VERIFIED
team_match,2019-20,18,1059719,AWAY,7,2019-20:31,VERIFIED_SOURCE_MATCH_ROUTE,VERIFIED
team_match,2019-20,19,1059720,HOME,16,2019-20:20,VERIFIED_SOURCE_MATCH_ROUTE,VERIFIED
team_match,2019-20,19,1059720,AWAY,10,2019-20:14,VERIFIED_SOURCE_MATCH_ROUTE,VERIFIED
team_match,2019-20,20,1059721,HOME,20,2019-20:39,VERIFIED_SOURCE_MATCH_ROUTE,VERIFIED
team_match,2019-20,20,1059721,AWAY,12,2019-20:1,VERIFIED_SOURCE_MATCH_ROUTE,VERIFIED
team_match,2019-20,21,1059723,HOME,2,2019-20:7,VERIFIED_SOURCE_MATCH_ROUTE,VERIFIED
team_match,2019-20,21,1059723,AWAY,8,2019-20:11,VERIFIED_SOURCE_MATCH_ROUTE,VERIFIED
team_match,2019-20,22,1059722,HOME,3,2019-20:91,VERIFIED_SOURCE_MATCH_ROUTE,VERIFIED
team_match,2019-20,22,1059722,AWAY,11,2019-20:43,VERIFIED_SOURCE_MATCH_ROUTE,VERIFIED
team_match,2019-20,23,1059724,HOME,4,2019-20:36,VERIFIED_SOURCE_MATCH_ROUTE,VERIFIED
team_match,2019-20,23,1059724,AWAY,16,2019-20:20,VERIFIED_SOURCE_MATCH_ROUTE,VERIFIED
team_match,2019-20,24,1059725,HOME,10,2019-20:14,VERIFIED_SOURCE_MATCH_ROUTE,VERIFIED
team_match,2019-20,24,1059725,AWAY,1,2019-20:3,VERIFIED_SOURCE_MATCH_ROUTE,VERIFIED
team_match,2019-20,25,1059726,HOME,12,2019-20:1,VERIFIED_SOURCE_MATCH_ROUTE,VERIFIED
team_match,2019-20,25,1059726,AWAY,7,2019-20:31,VERIFIED_SOURCE_MATCH_ROUTE,VERIFIED
team_match,2019-20,26,1059727,HOME,14,2019-20:45,VERIFIED_SOURCE_MATCH_ROUTE,VERIFIED
team_match,2019-20,26,1059727,AWAY,6,2019-20:8,VERIFIED_SOURCE_MATCH_ROUTE,VERIFIED
team_match,2019-20,27,1059728,HOME,15,2019-20:49,VERIFIED_SOURCE_MATCH_ROUTE,VERIFIED
team_match,2019-20,27,1059728,AWAY,9,2019-20:13,VERIFIED_SOURCE_MATCH_ROUTE,VERIFIED
team_match,2019-20,28,1059729,HOME,17,2019-20:6,VERIFIED_SOURCE_MATCH_ROUTE,VERIFIED
team_match,2019-20,28,1059729,AWAY,13,2019-20:4,VERIFIED_SOURCE_MATCH_ROUTE,VERIFIED
team_match,2019-20,29,1059730,HOME,18,2019-20:57,VERIFIED_SOURCE_MATCH_ROUTE,VERIFIED
team_match,2019-20,29,1059730,AWAY,19,2019-20:21,VERIFIED_SOURCE_MATCH_ROUTE,VERIFIED
team_match,2019-20,30,1059731,HOME,20,2019-20:39,VERIFIED_SOURCE_MATCH_ROUTE,VERIFIED
team_match,2019-20,30,1059731,AWAY,5,2019-20:90,VERIFIED_SOURCE_MATCH_ROUTE,VERIFIED
team_match,2019-20,31,1059732,HOME,1,2019-20:3,VERIFIED_SOURCE_MATCH_ROUTE,VERIFIED
team_match,2019-20,31,1059732,AWAY,17,2019-20:6,VERIFIED_SOURCE_MATCH_ROUTE,VERIFIED
team_match,2019-20,32,1059733,HOME,5,2019-20:90,VERIFIED_SOURCE_MATCH_ROUTE,VERIFIED
team_match,2019-20,32,1059733,AWAY,10,2019-20:14,VERIFIED_SOURCE_MATCH_ROUTE,VERIFIED
team_match,2019-20,33,1059734,HOME,6,2019-20:8,VERIFIED_SOURCE_MATCH_ROUTE,VERIFIED
team_match,2019-20,33,1059734,AWAY,15,2019-20:49,VERIFIED_SOURCE_MATCH_ROUTE,VERIFIED
team_match,2019-20,34,1059735,HOME,7,2019-20:31,VERIFIED_SOURCE_MATCH_ROUTE,VERIFIED
team_match,2019-20,34,1059735,AWAY,2,2019-20:7,VERIFIED_SOURCE_MATCH_ROUTE,VERIFIED
team_match,2019-20,35,1059736,HOME,8,2019-20:11,VERIFIED_SOURCE_MATCH_ROUTE,VERIFIED
team_match,2019-20,35,1059736,AWAY,20,2019-20:39,VERIFIED_SOURCE_MATCH_ROUTE,VERIFIED
team_match,2019-20,36,1059737,HOME,9,2019-20:13,VERIFIED_SOURCE_MATCH_ROUTE,VERIFIED
team_match,2019-20,36,1059737,AWAY,3,2019-20:91,VERIFIED_SOURCE_MATCH_ROUTE,VERIFIED
team_match,2019-20,37,1059738,HOME,11,2019-20:43,VERIFIED_SOURCE_MATCH_ROUTE,VERIFIED
team_match,2019-20,37,1059738,AWAY,4,2019-20:36,VERIFIED_SOURCE_MATCH_ROUTE,VERIFIED
team_match,2019-20,38,1059739,HOME,13,2019-20:4,VERIFIED_SOURCE_MATCH_ROUTE,VERIFIED
team_match,2019-20,38,1059739,AWAY,18,2019-20:57,VERIFIED_SOURCE_MATCH_ROUTE,VERIFIED
team_match,2019-20,39,1059740,HOME,16,2019-20:20,VERIFIED_SOURCE_MATCH_ROUTE,VERIFIED
team_match,2019-20,39,1059740,AWAY,12,2019-20:1,VERIFIED_SOURCE_MATCH_ROUTE,VERIFIED
team_match,2019-20,40,1059741,HOME,19,2019-20:21,VERIFIED_SOURCE_MATCH_ROUTE,VERIFIED
team_match,2019-20,40,1059741,AWAY,14,2019-20:45,VERIFIED_SOURCE_MATCH_ROUTE,VERIFIED
team_match,2019-20,41,1059743,HOME,2,2019-20:7,VERIFIED_SOURCE_MATCH_ROUTE,VERIFIED
team_match,2019-20,41,1059743,AWAY,19,2019-20:21,VERIFIED_SOURCE_MATCH_ROUTE,VERIFIED
team_match,2019-20,42,1059742,HOME,3,2019-20:91,VERIFIED_SOURCE_MATCH_ROUTE,VERIFIED
team_match,2019-20,42,1059742,AWAY,8,2019-20:11,VERIFIED_SOURCE_MATCH_ROUTE,VERIFIED
team_match,2019-20,43,1059744,HOME,4,2019-20:36,VERIFIED_SOURCE_MATCH_ROUTE,VERIFIED
team_match,2019-20,43,1059744,AWAY,5,2019-20:90,VERIFIED_SOURCE_MATCH_ROUTE,VERIFIED
team_match,2019-20,44,1059745,HOME,10,2019-20:14,VERIFIED_SOURCE_MATCH_ROUTE,VERIFIED
team_match,2019-20,44,1059745,AWAY,13,2019-20:4,VERIFIED_SOURCE_MATCH_ROUTE,VERIFIED
team_match,2019-20,45,1059746,HOME,12,2019-20:1,VERIFIED_SOURCE_MATCH_ROUTE,VERIFIED
team_match,2019-20,45,1059746,AWAY,9,2019-20:13,VERIFIED_SOURCE_MATCH_ROUTE,VERIFIED
team_match,2019-20,46,1059747,HOME,14,2019-20:45,VERIFIED_SOURCE_MATCH_ROUTE,VERIFIED
team_match,2019-20,46,1059747,AWAY,11,2019-20:43,VERIFIED_SOURCE_MATCH_ROUTE,VERIFIED
team_match,2019-20,47,1059748,HOME,15,2019-20:49,VERIFIED_SOURCE_MATCH_ROUTE,VERIFIED
team_match,2019-20,47,1059748,AWAY,16,2019-20:20,VERIFIED_SOURCE_MATCH_ROUTE,VERIFIED
team_match,2019-20,48,1059749,HOME,17,2019-20:6,VERIFIED_SOURCE_MATCH_ROUTE,VERIFIED
team_match,2019-20,48,1059749,AWAY,7,2019-20:31,VERIFIED_SOURCE_MATCH_ROUTE,VERIFIED
team_match,2019-20,49,1059750,HOME,18,2019-20:57,VERIFIED_SOURCE_MATCH_ROUTE,VERIFIED
team_match,2019-20,49,1059750,AWAY,1,2019-20:3,VERIFIED_SOURCE_MATCH_ROUTE,VERIFIED
team_match,2019-20,50,1059751,HOME,20,2019-20:39,VERIFIED_SOURCE_MATCH_ROUTE,VERIFIED
team_match,2019-20,50,1059751,AWAY,6,2019-20:8,VERIFIED_SOURCE_MATCH_ROUTE,VERIFIED
team_match,2019-20,51,1059752,HOME,1,2019-20:3,VERIFIED_SOURCE_MATCH_ROUTE,VERIFIED
team_match,2019-20,51,1059752,AWAY,2,2019-20:7,VERIFIED_SOURCE_MATCH_ROUTE,VERIFIED
team_match,2019-20,52,1059753,HOME,5,2019-20:90,VERIFIED_SOURCE_MATCH_ROUTE,VERIFIED
team_match,2019-20,52,1059753,AWAY,14,2019-20:45,VERIFIED_SOURCE_MATCH_ROUTE,VERIFIED
team_match,2019-20,53,1059754,HOME,6,2019-20:8,VERIFIED_SOURCE_MATCH_ROUTE,VERIFIED
team_match,2019-20,53,1059754,AWAY,10,2019-20:14,VERIFIED_SOURCE_MATCH_ROUTE,VERIFIED
team_match,2019-20,54,1059755,HOME,7,2019-20:31,VERIFIED_SOURCE_MATCH_ROUTE,VERIFIED
team_match,2019-20,54,1059755,AWAY,20,2019-20:39,VERIFIED_SOURCE_MATCH_ROUTE,VERIFIED
team_match,2019-20,55,1059756,HOME,8,2019-20:11,VERIFIED_SOURCE_MATCH_ROUTE,VERIFIED
team_match,2019-20,55,1059756,AWAY,15,2019-20:49,VERIFIED_SOURCE_MATCH_ROUTE,VERIFIED
team_match,2019-20,56,1059757,HOME,9,2019-20:13,VERIFIED_SOURCE_MATCH_ROUTE,VERIFIED
team_match,2019-20,56,1059757,AWAY,17,2019-20:6,VERIFIED_SOURCE_MATCH_ROUTE,VERIFIED
team_match,2019-20,57,1059758,HOME,11,2019-20:43,VERIFIED_SOURCE_MATCH_ROUTE,VERIFIED
team_match,2019-20,57,1059758,AWAY,18,2019-20:57,VERIFIED_SOURCE_MATCH_ROUTE,VERIFIED
team_match,2019-20,58,1059759,HOME,13,2019-20:4,VERIFIED_SOURCE_MATCH_ROUTE,VERIFIED
team_match,2019-20,58,1059759,AWAY,4,2019-20:36,VERIFIED_SOURCE_MATCH_ROUTE,VERIFIED
team_match,2019-20,59,1059760,HOME,16,2019-20:20,VERIFIED_SOURCE_MATCH_ROUTE,VERIFIED
team_match,2019-20,59,1059760,AWAY,3,2019-20:91,VERIFIED_SOURCE_MATCH_ROUTE,VERIFIED
team_match,2019-20,60,1059761,HOME,19,2019-20:21,VERIFIED_SOURCE_MATCH_ROUTE,VERIFIED
team_match,2019-20,60,1059761,AWAY,12,2019-20:1,VERIFIED_SOURCE_MATCH_ROUTE,VERIFIED
team_match,2019-20,61,1059763,HOME,2,2019-20:7,VERIFIED_SOURCE_MATCH_ROUTE,VERIFIED
team_match,2019-20,61,1059763,AWAY,5,2019-20:90,VERIFIED_SOURCE_MATCH_ROUTE,VERIFIED
team_match,2019-20,62,1059762,HOME,3,2019-20:91,VERIFIED_SOURCE_MATCH_ROUTE,VERIFIED
team_match,2019-20,62,1059762,AWAY,19,2019-20:21,VERIFIED_SOURCE_MATCH_ROUTE,VERIFIED
team_match,2019-20,63,1059764,HOME,6,2019-20:8,VERIFIED_SOURCE_MATCH_ROUTE,VERIFIED
team_match,2019-20,63,1059764,AWAY,4,2019-20:36,VERIFIED_SOURCE_MATCH_ROUTE,VERIFIED
team_match,2019-20,64,1059765,HOME,7,2019-20:31,VERIFIED_SOURCE_MATCH_ROUTE,VERIFIED
team_match,2019-20,64,1059765,AWAY,14,2019-20:45,VERIFIED_SOURCE_MATCH_ROUTE,VERIFIED
team_match,2019-20,65,1059766,HOME,8,2019-20:11,VERIFIED_SOURCE_MATCH_ROUTE,VERIFIED
team_match,2019-20,65,1059766,AWAY,11,2019-20:43,VERIFIED_SOURCE_MATCH_ROUTE,VERIFIED
team_match,2019-20,66,1059767,HOME,9,2019-20:13,VERIFIED_SOURCE_MATCH_ROUTE,VERIFIED
team_match,2019-20,66,1059767,AWAY,13,2019-20:4,VERIFIED_SOURCE_MATCH_ROUTE,VERIFIED
team_match,2019-20,67,1059768,HOME,12,2019-20:1,VERIFIED_SOURCE_MATCH_ROUTE,VERIFIED
team_match,2019-20,67,1059768,AWAY,1,2019-20:3,VERIFIED_SOURCE_MATCH_ROUTE,VERIFIED
team_match,2019-20,68,1059769,HOME,15,2019-20:49,VERIFIED_SOURCE_MATCH_ROUTE,VERIFIED
team_match,2019-20,68,1059769,AWAY,10,2019-20:14,VERIFIED_SOURCE_MATCH_ROUTE,VERIFIED
team_match,2019-20,69,1059770,HOME,17,2019-20:6,VERIFIED_SOURCE_MATCH_ROUTE,VERIFIED
team_match,2019-20,69,1059770,AWAY,16,2019-20:20,VERIFIED_SOURCE_MATCH_ROUTE,VERIFIED
team_match,2019-20,70,1059771,HOME,20,2019-20:39,VERIFIED_SOURCE_MATCH_ROUTE,VERIFIED
team_match,2019-20,70,1059771,AWAY,18,2019-20:57,VERIFIED_SOURCE_MATCH_ROUTE,VERIFIED
team_match,2019-20,71,1059772,HOME,1,2019-20:3,VERIFIED_SOURCE_MATCH_ROUTE,VERIFIED
team_match,2019-20,71,1059772,AWAY,3,2019-20:91,VERIFIED_SOURCE_MATCH_ROUTE,VERIFIED
team_match,2019-20,72,1059773,HOME,4,2019-20:36,VERIFIED_SOURCE_MATCH_ROUTE,VERIFIED
team_match,2019-20,72,1059773,AWAY,17,2019-20:6,VERIFIED_SOURCE_MATCH_ROUTE,VERIFIED
team_match,2019-20,73,1059774,HOME,5,2019-20:90,VERIFIED_SOURCE_MATCH_ROUTE,VERIFIED
team_match,2019-20,73,1059774,AWAY,8,2019-20:11,VERIFIED_SOURCE_MATCH_ROUTE,VERIFIED
team_match,2019-20,74,1059775,HOME,10,2019-20:14,VERIFIED_SOURCE_MATCH_ROUTE,VERIFIED
team_match,2019-20,74,1059775,AWAY,9,2019-20:13,VERIFIED_SOURCE_MATCH_ROUTE,VERIFIED
team_match,2019-20,75,1059776,HOME,11,2019-20:43,VERIFIED_SOURCE_MATCH_ROUTE,VERIFIED
team_match,2019-20,75,1059776,AWAY,20,2019-20:39,VERIFIED_SOURCE_MATCH_ROUTE,VERIFIED
team_match,2019-20,76,1059777,HOME,13,2019-20:4,VERIFIED_SOURCE_MATCH_ROUTE,VERIFIED
team_match,2019-20,76,1059777,AWAY,12,2019-20:1,VERIFIED_SOURCE_MATCH_ROUTE,VERIFIED
team_match,2019-20,77,1059778,HOME,14,2019-20:45,VERIFIED_SOURCE_MATCH_ROUTE,VERIFIED
team_match,2019-20,77,1059778,AWAY,2,2019-20:7,VERIFIED_SOURCE_MATCH_ROUTE,VERIFIED
team_match,2019-20,78,1059779,HOME,16,2019-20:20,VERIFIED_SOURCE_MATCH_ROUTE,VERIFIED
team_match,2019-20,78,1059779,AWAY,6,2019-20:8,VERIFIED_SOURCE_MATCH_ROUTE,VERIFIED
team_match,2019-20,79,1059780,HOME,18,2019-20:57,VERIFIED_SOURCE_MATCH_ROUTE,VERIFIED
team_match,2019-20,79,1059780,AWAY,15,2019-20:49,VERIFIED_SOURCE_MATCH_ROUTE,VERIFIED
team_match,2019-20,80,1059781,HOME,19,2019-20:21,VERIFIED_SOURCE_MATCH_ROUTE,VERIFIED
team_match,2019-20,80,1059781,AWAY,7,2019-20:31,VERIFIED_SOURCE_MATCH_ROUTE,VERIFIED
team_match,2019-20,81,1059783,HOME,2,2019-20:7,VERIFIED_SOURCE_MATCH_ROUTE,VERIFIED
team_match,2019-20,81,1059783,AWAY,4,2019-20:36,VERIFIED_SOURCE_MATCH_ROUTE,VERIFIED
team_match,2019-20,82,1059782,HOME,3,2019-20:91,VERIFIED_SOURCE_MATCH_ROUTE,VERIFIED
team_match,2019-20,82,1059782,AWAY,14,2019-20:45,VERIFIED_SOURCE_MATCH_ROUTE,VERIFIED
team_match,2019-20,83,1059784,HOME,6,2019-20:8,VERIFIED_SOURCE_MATCH_ROUTE,VERIFIED
team_match,2019-20,83,1059784,AWAY,13,2019-20:4,VERIFIED_SOURCE_MATCH_ROUTE,VERIFIED
team_match,2019-20,84,1059785,HOME,7,2019-20:31,VERIFIED_SOURCE_MATCH_ROUTE,VERIFIED
team_match,2019-20,84,1059785,AWAY,11,2019-20:43,VERIFIED_SOURCE_MATCH_ROUTE,VERIFIED
team_match,2019-20,85,1059786,HOME,8,2019-20:11,VERIFIED_SOURCE_MATCH_ROUTE,VERIFIED
team_match,2019-20,85,1059786,AWAY,19,2019-20:21,VERIFIED_SOURCE_MATCH_ROUTE,VERIFIED
team_match,2019-20,86,1059787,HOME,9,2019-20:13,VERIFIED_SOURCE_MATCH_ROUTE,VERIFIED
team_match,2019-20,86,1059787,AWAY,5,2019-20:90,VERIFIED_SOURCE_MATCH_ROUTE,VERIFIED
team_match,2019-20,87,1059788,HOME,12,2019-20:1,VERIFIED_SOURCE_MATCH_ROUTE,VERIFIED
team_match,2019-20,87,1059788,AWAY,10,2019-20:14,VERIFIED_SOURCE_MATCH_ROUTE,VERIFIED
team_match,2019-20,88,1059789,HOME,15,2019-20:49,VERIFIED_SOURCE_MATCH_ROUTE,VERIFIED
team_match,2019-20,88,1059789,AWAY,1,2019-20:3,VERIFIED_SOURCE_MATCH_ROUTE,VERIFIED
team_match,2019-20,89,1059790,HOME,17,2019-20:6,VERIFIED_SOURCE_MATCH_ROUTE,VERIFIED
team_match,2019-20,89,1059790,AWAY,18,2019-20:57,VERIFIED_SOURCE_MATCH_ROUTE,VERIFIED
team_match,2019-20,90,1059791,HOME,20,2019-20:39,VERIFIED_SOURCE_MATCH_ROUTE,VERIFIED
team_match,2019-20,90,1059791,AWAY,16,2019-20:20,VERIFIED_SOURCE_MATCH_ROUTE,VERIFIED
team_match,2019-20,91,1059792,HOME,1,2019-20:3,VERIFIED_SOURCE_MATCH_ROUTE,VERIFIED
team_match,2019-20,91,1059792,AWAY,7,2019-20:31,VERIFIED_SOURCE_MATCH_ROUTE,VERIFIED
team_match,2019-20,92,1059793,HOME,4,2019-20:36,VERIFIED_SOURCE_MATCH_ROUTE,VERIFIED
team_match,2019-20,92,1059793,AWAY,8,2019-20:11,VERIFIED_SOURCE_MATCH_ROUTE,VERIFIED
team_match,2019-20,93,1059794,HOME,5,2019-20:90,VERIFIED_SOURCE_MATCH_ROUTE,VERIFIED
team_match,2019-20,93,1059794,AWAY,6,2019-20:8,VERIFIED_SOURCE_MATCH_ROUTE,VERIFIED
team_match,2019-20,94,1059795,HOME,10,2019-20:14,VERIFIED_SOURCE_MATCH_ROUTE,VERIFIED
team_match,2019-20,94,1059795,AWAY,17,2019-20:6,VERIFIED_SOURCE_MATCH_ROUTE,VERIFIED
team_match,2019-20,95,1059796,HOME,11,2019-20:43,VERIFIED_SOURCE_MATCH_ROUTE,VERIFIED
team_match,2019-20,95,1059796,AWAY,2,2019-20:7,VERIFIED_SOURCE_MATCH_ROUTE,VERIFIED
team_match,2019-20,96,1059797,HOME,13,2019-20:4,VERIFIED_SOURCE_MATCH_ROUTE,VERIFIED
team_match,2019-20,96,1059797,AWAY,20,2019-20:39,VERIFIED_SOURCE_MATCH_ROUTE,VERIFIED
team_match,2019-20,97,1059798,HOME,14,2019-20:45,VERIFIED_SOURCE_MATCH_ROUTE,VERIFIED
team_match,2019-20,97,1059798,AWAY,12,2019-20:1,VERIFIED_SOURCE_MATCH_ROUTE,VERIFIED
team_match,2019-20,98,1059799,HOME,16,2019-20:20,VERIFIED_SOURCE_MATCH_ROUTE,VERIFIED
team_match,2019-20,98,1059799,AWAY,9,2019-20:13,VERIFIED_SOURCE_MATCH_ROUTE,VERIFIED
team_match,2019-20,99,1059800,HOME,18,2019-20:57,VERIFIED_SOURCE_MATCH_ROUTE,VERIFIED
team_match,2019-20,99,1059800,AWAY,3,2019-20:91,VERIFIED_SOURCE_MATCH_ROUTE,VERIFIED
team_match,2019-20,100,1059801,HOME,19,2019-20:21,VERIFIED_SOURCE_MATCH_ROUTE,VERIFIED
team_match,2019-20,100,1059801,AWAY,15,2019-20:49,VERIFIED_SOURCE_MATCH_ROUTE,VERIFIED
team_match,2019-20,101,1059803,HOME,1,2019-20:3,VERIFIED_SOURCE_MATCH_ROUTE,VERIFIED
team_match,2019-20,101,1059803,AWAY,20,2019-20:39,VERIFIED_SOURCE_MATCH_ROUTE,VERIFIED
team_match,2019-20,102,1059804,HOME,2,2019-20:7,VERIFIED_SOURCE_MATCH_ROUTE,VERIFIED
team_match,2019-20,102,1059804,AWAY,10,2019-20:14,VERIFIED_SOURCE_MATCH_ROUTE,VERIFIED
team_match,2019-20,103,1059802,HOME,3,2019-20:91,VERIFIED_SOURCE_MATCH_ROUTE,VERIFIED
team_match,2019-20,103,1059802,AWAY,12,2019-20:1,VERIFIED_SOURCE_MATCH_ROUTE,VERIFIED
team_match,2019-20,104,1059805,HOME,4,2019-20:36,VERIFIED_SOURCE_MATCH_ROUTE,VERIFIED
team_match,2019-20,104,1059805,AWAY,14,2019-20:45,VERIFIED_SOURCE_MATCH_ROUTE,VERIFIED
team_match,2019-20,105,1059806,HOME,7,2019-20:31,VERIFIED_SOURCE_MATCH_ROUTE,VERIFIED
team_match,2019-20,105,1059806,AWAY,9,2019-20:13,VERIFIED_SOURCE_MATCH_ROUTE,VERIFIED
team_match,2019-20,106,1059807,HOME,8,2019-20:11,VERIFIED_SOURCE_MATCH_ROUTE,VERIFIED
team_match,2019-20,106,1059807,AWAY,17,2019-20:6,VERIFIED_SOURCE_MATCH_ROUTE,VERIFIED
team_match,2019-20,107,1059808,HOME,11,2019-20:43,VERIFIED_SOURCE_MATCH_ROUTE,VERIFIED
team_match,2019-20,107,1059808,AWAY,16,2019-20:20,VERIFIED_SOURCE_MATCH_ROUTE,VERIFIED
team_match,2019-20,108,1059809,HOME,15,2019-20:49,VERIFIED_SOURCE_MATCH_ROUTE,VERIFIED
team_match,2019-20,108,1059809,AWAY,5,2019-20:90,VERIFIED_SOURCE_MATCH_ROUTE,VERIFIED
team_match,2019-20,109,1059810,HOME,18,2019-20:57,VERIFIED_SOURCE_MATCH_ROUTE,VERIFIED
team_match,2019-20,109,1059810,AWAY,6,2019-20:8,VERIFIED_SOURCE_MATCH_ROUTE,VERIFIED
team_match,2019-20,110,1059811,HOME,19,2019-20:21,VERIFIED_SOURCE_MATCH_ROUTE,VERIFIED
team_match,2019-20,110,1059811,AWAY,13,2019-20:4,VERIFIED_SOURCE_MATCH_ROUTE,VERIFIED
team_match,2019-20,111,1059812,HOME,5,2019-20:90,VERIFIED_SOURCE_MATCH_ROUTE,VERIFIED
team_match,2019-20,111,1059812,AWAY,19,2019-20:21,VERIFIED_SOURCE_MATCH_ROUTE,VERIFIED
team_match,2019-20,112,1059813,HOME,6,2019-20:8,VERIFIED_SOURCE_MATCH_ROUTE,VERIFIED
team_match,2019-20,112,1059813,AWAY,7,2019-20:31,VERIFIED_SOURCE_MATCH_ROUTE,VERIFIED
team_match,2019-20,113,1059814,HOME,9,2019-20:13,VERIFIED_SOURCE_MATCH_ROUTE,VERIFIED
team_match,2019-20,113,1059814,AWAY,1,2019-20:3,VERIFIED_SOURCE_MATCH_ROUTE,VERIFIED
team_match,2019-20,114,1059815,HOME,10,2019-20:14,VERIFIED_SOURCE_MATCH_ROUTE,VERIFIED
team_match,2019-20,114,1059815,AWAY,11,2019-20:43,VERIFIED_SOURCE_MATCH_ROUTE,VERIFIED
team_match,2019-20,115,1059816,HOME,12,2019-20:1,VERIFIED_SOURCE_MATCH_ROUTE,VERIFIED
team_match,2019-20,115,1059816,AWAY,4,2019-20:36,VERIFIED_SOURCE_MATCH_ROUTE,VERIFIED
team_match,2019-20,116,1059817,HOME,13,2019-20:4,VERIFIED_SOURCE_MATCH_ROUTE,VERIFIED
team_match,2019-20,116,1059817,AWAY,3,2019-20:91,VERIFIED_SOURCE_MATCH_ROUTE,VERIFIED
team_match,2019-20,117,1059818,HOME,14,2019-20:45,VERIFIED_SOURCE_MATCH_ROUTE,VERIFIED
team_match,2019-20,117,1059818,AWAY,18,2019-20:57,VERIFIED_SOURCE_MATCH_ROUTE,VERIFIED
team_match,2019-20,118,1059819,HOME,16,2019-20:20,VERIFIED_SOURCE_MATCH_ROUTE,VERIFIED
team_match,2019-20,118,1059819,AWAY,8,2019-20:11,VERIFIED_SOURCE_MATCH_ROUTE,VERIFIED
team_match,2019-20,119,1059820,HOME,17,2019-20:6,VERIFIED_SOURCE_MATCH_ROUTE,VERIFIED
team_match,2019-20,119,1059820,AWAY,15,2019-20:49,VERIFIED_SOURCE_MATCH_ROUTE,VERIFIED
team_match,2019-20,120,1059821,HOME,20,2019-20:39,VERIFIED_SOURCE_MATCH_ROUTE,VERIFIED
team_match,2019-20,120,1059821,AWAY,2,2019-20:7,VERIFIED_SOURCE_MATCH_ROUTE,VERIFIED
team_match,2019-20,121,1059823,HOME,1,2019-20:3,VERIFIED_SOURCE_MATCH_ROUTE,VERIFIED
team_match,2019-20,121,1059823,AWAY,16,2019-20:20,VERIFIED_SOURCE_MATCH_ROUTE,VERIFIED
team_match,2019-20,122,1059824,HOME,2,2019-20:7,VERIFIED_SOURCE_MATCH_ROUTE,VERIFIED
team_match,2019-20,122,1059824,AWAY,13,2019-20:4,VERIFIED_SOURCE_MATCH_ROUTE,VERIFIED
team_match,2019-20,123,1059822,HOME,3,2019-20:91,VERIFIED_SOURCE_MATCH_ROUTE,VERIFIED
team_match,2019-20,123,1059822,AWAY,20,2019-20:39,VERIFIED_SOURCE_MATCH_ROUTE,VERIFIED
team_match,2019-20,124,1059825,HOME,4,2019-20:36,VERIFIED_SOURCE_MATCH_ROUTE,VERIFIED
team_match,2019-20,124,1059825,AWAY,9,2019-20:13,VERIFIED_SOURCE_MATCH_ROUTE,VERIFIED
team_match,2019-20,125,1059826,HOME,7,2019-20:31,VERIFIED_SOURCE_MATCH_ROUTE,VERIFIED
team_match,2019-20,125,1059826,AWAY,10,2019-20:14,VERIFIED_SOURCE_MATCH_ROUTE,VERIFIED
team_match,2019-20,126,1059827,HOME,8,2019-20:11,VERIFIED_SOURCE_MATCH_ROUTE,VERIFIED
team_match,2019-20,126,1059827,AWAY,14,2019-20:45,VERIFIED_SOURCE_MATCH_ROUTE,VERIFIED
team_match,2019-20,127,1059828,HOME,11,2019-20:43,VERIFIED_SOURCE_MATCH_ROUTE,VERIFIED
team_match,2019-20,127,1059828,AWAY,6,2019-20:8,VERIFIED_SOURCE_MATCH_ROUTE,VERIFIED
team_match,2019-20,128,1059829,HOME,15,2019-20:49,VERIFIED_SOURCE_MATCH_ROUTE,VERIFIED
team_match,2019-20,128,1059829,AWAY,12,2019-20:1,VERIFIED_SOURCE_MATCH_ROUTE,VERIFIED
team_match,2019-20,129,1059830,HOME,18,2019-20:57,VERIFIED_SOURCE_MATCH_ROUTE,VERIFIED
team_match,2019-20,129,1059830,AWAY,5,2019-20:90,VERIFIED_SOURCE_MATCH_ROUTE,VERIFIED
team_match,2019-20,130,1059831,HOME,19,2019-20:21,VERIFIED_SOURCE_MATCH_ROUTE,VERIFIED
team_match,2019-20,130,1059831,AWAY,17,2019-20:6,VERIFIED_SOURCE_MATCH_ROUTE,VERIFIED
team_match,2019-20,131,1059832,HOME,5,2019-20:90,VERIFIED_SOURCE_MATCH_ROUTE,VERIFIED
team_match,2019-20,131,1059832,AWAY,7,2019-20:31,VERIFIED_SOURCE_MATCH_ROUTE,VERIFIED
team_match,2019-20,132,1059833,HOME,6,2019-20:8,VERIFIED_SOURCE_MATCH_ROUTE,VERIFIED
team_match,2019-20,132,1059833,AWAY,19,2019-20:21,VERIFIED_SOURCE_MATCH_ROUTE,VERIFIED
team_match,2019-20,133,1059834,HOME,9,2019-20:13,VERIFIED_SOURCE_MATCH_ROUTE,VERIFIED
team_match,2019-20,133,1059834,AWAY,8,2019-20:11,VERIFIED_SOURCE_MATCH_ROUTE,VERIFIED
team_match,2019-20,134,1059835,HOME,10,2019-20:14,VERIFIED_SOURCE_MATCH_ROUTE,VERIFIED
team_match,2019-20,134,1059835,AWAY,4,2019-20:36,VERIFIED_SOURCE_MATCH_ROUTE,VERIFIED
team_match,2019-20,135,1059836,HOME,12,2019-20:1,VERIFIED_SOURCE_MATCH_ROUTE,VERIFIED
team_match,2019-20,135,1059836,AWAY,2,2019-20:7,VERIFIED_SOURCE_MATCH_ROUTE,VERIFIED
team_match,2019-20,136,1059837,HOME,13,2019-20:4,VERIFIED_SOURCE_MATCH_ROUTE,VERIFIED
team_match,2019-20,136,1059837,AWAY,11,2019-20:43,VERIFIED_SOURCE_MATCH_ROUTE,VERIFIED
team_match,2019-20,137,1059838,HOME,14,2019-20:45,VERIFIED_SOURCE_MATCH_ROUTE,VERIFIED
team_match,2019-20,137,1059838,AWAY,1,2019-20:3,VERIFIED_SOURCE_MATCH_ROUTE,VERIFIED
team_match,2019-20,138,1059839,HOME,16,2019-20:20,VERIFIED_SOURCE_MATCH_ROUTE,VERIFIED
team_match,2019-20,138,1059839,AWAY,18,2019-20:57,VERIFIED_SOURCE_MATCH_ROUTE,VERIFIED
team_match,2019-20,139,1059840,HOME,17,2019-20:6,VERIFIED_SOURCE_MATCH_ROUTE,VERIFIED
team_match,2019-20,139,1059840,AWAY,3,2019-20:91,VERIFIED_SOURCE_MATCH_ROUTE,VERIFIED
team_match,2019-20,140,1059841,HOME,20,2019-20:39,VERIFIED_SOURCE_MATCH_ROUTE,VERIFIED
team_match,2019-20,140,1059841,AWAY,15,2019-20:49,VERIFIED_SOURCE_MATCH_ROUTE,VERIFIED
team_match,2019-20,141,1059842,HOME,1,2019-20:3,VERIFIED_SOURCE_MATCH_ROUTE,VERIFIED
team_match,2019-20,141,1059842,AWAY,4,2019-20:36,VERIFIED_SOURCE_MATCH_ROUTE,VERIFIED
team_match,2019-20,142,1059843,HOME,5,2019-20:90,VERIFIED_SOURCE_MATCH_ROUTE,VERIFIED
team_match,2019-20,142,1059843,AWAY,11,2019-20:43,VERIFIED_SOURCE_MATCH_ROUTE,VERIFIED
team_match,2019-20,143,1059844,HOME,9,2019-20:13,VERIFIED_SOURCE_MATCH_ROUTE,VERIFIED
team_match,2019-20,143,1059844,AWAY,18,2019-20:57,VERIFIED_SOURCE_MATCH_ROUTE,VERIFIED
team_match,2019-20,144,1059845,HOME,12,2019-20:1,VERIFIED_SOURCE_MATCH_ROUTE,VERIFIED
team_match,2019-20,144,1059845,AWAY,17,2019-20:6,VERIFIED_SOURCE_MATCH_ROUTE,VERIFIED
team_match,2019-20,145,1059846,HOME,15,2019-20:49,VERIFIED_SOURCE_MATCH_ROUTE,VERIFIED
team_match,2019-20,145,1059846,AWAY,13,2019-20:4,VERIFIED_SOURCE_MATCH_ROUTE,VERIFIED
team_match,2019-20,146,1059847,HOME,20,2019-20:39,VERIFIED_SOURCE_MATCH_ROUTE,VERIFIED
team_match,2019-20,146,1059847,AWAY,19,2019-20:21,VERIFIED_SOURCE_MATCH_ROUTE,VERIFIED
team_match,2019-20,147,1059848,HOME,6,2019-20:8,VERIFIED_SOURCE_MATCH_ROUTE,VERIFIED
team_match,2019-20,147,1059848,AWAY,2,2019-20:7,VERIFIED_SOURCE_MATCH_ROUTE,VERIFIED
team_match,2019-20,148,1059849,HOME,7,2019-20:31,VERIFIED_SOURCE_MATCH_ROUTE,VERIFIED
team_match,2019-20,148,1059849,AWAY,3,2019-20:91,VERIFIED_SOURCE_MATCH_ROUTE,VERIFIED
team_match,2019-20,149,1059850,HOME,10,2019-20:14,VERIFIED_SOURCE_MATCH_ROUTE,VERIFIED
team_match,2019-20,149,1059850,AWAY,8,2019-20:11,VERIFIED_SOURCE_MATCH_ROUTE,VERIFIED
team_match,2019-20,150,1059851,HOME,16,2019-20:20,VERIFIED_SOURCE_MATCH_ROUTE,VERIFIED
team_match,2019-20,150,1059851,AWAY,14,2019-20:45,VERIFIED_SOURCE_MATCH_ROUTE,VERIFIED
team_match,2019-20,151,1059853,HOME,2,2019-20:7,VERIFIED_SOURCE_MATCH_ROUTE,VERIFIED
team_match,2019-20,151,1059853,AWAY,9,2019-20:13,VERIFIED_SOURCE_MATCH_ROUTE,VERIFIED
team_match,2019-20,152,1059852,HOME,3,2019-20:91,VERIFIED_SOURCE_MATCH_ROUTE,VERIFIED
team_match,2019-20,152,1059852,AWAY,10,2019-20:14,VERIFIED_SOURCE_MATCH_ROUTE,VERIFIED
team_match,2019-20,153,1059854,HOME,4,2019-20:36,VERIFIED_SOURCE_MATCH_ROUTE,VERIFIED
team_match,2019-20,153,1059854,AWAY,20,2019-20:39,VERIFIED_SOURCE_MATCH_ROUTE,VERIFIED
team_match,2019-20,154,1059855,HOME,8,2019-20:11,VERIFIED_SOURCE_MATCH_ROUTE,VERIFIED
team_match,2019-20,154,1059855,AWAY,6,2019-20:8,VERIFIED_SOURCE_MATCH_ROUTE,VERIFIED
team_match,2019-20,155,1059856,HOME,11,2019-20:43,VERIFIED_SOURCE_MATCH_ROUTE,VERIFIED
team_match,2019-20,155,1059856,AWAY,12,2019-20:1,VERIFIED_SOURCE_MATCH_ROUTE,VERIFIED
team_match,2019-20,156,1059857,HOME,13,2019-20:4,VERIFIED_SOURCE_MATCH_ROUTE,VERIFIED
team_match,2019-20,156,1059857,AWAY,16,2019-20:20,VERIFIED_SOURCE_MATCH_ROUTE,VERIFIED
team_match,2019-20,157,1059858,HOME,14,2019-20:45,VERIFIED_SOURCE_MATCH_ROUTE,VERIFIED
team_match,2019-20,157,1059858,AWAY,15,2019-20:49,VERIFIED_SOURCE_MATCH_ROUTE,VERIFIED
team_match,2019-20,158,1059859,HOME,17,2019-20:6,VERIFIED_SOURCE_MATCH_ROUTE,VERIFIED
team_match,2019-20,158,1059859,AWAY,5,2019-20:90,VERIFIED_SOURCE_MATCH_ROUTE,VERIFIED
team_match,2019-20,159,1059860,HOME,18,2019-20:57,VERIFIED_SOURCE_MATCH_ROUTE,VERIFIED
team_match,2019-20,159,1059860,AWAY,7,2019-20:31,VERIFIED_SOURCE_MATCH_ROUTE,VERIFIED
team_match,2019-20,160,1059861,HOME,19,2019-20:21,VERIFIED_SOURCE_MATCH_ROUTE,VERIFIED
team_match,2019-20,160,1059861,AWAY,1,2019-20:3,VERIFIED_SOURCE_MATCH_ROUTE,VERIFIED
team_match,2019-20,161,1059862,HOME,1,2019-20:3,VERIFIED_SOURCE_MATCH_ROUTE,VERIFIED
team_match,2019-20,161,1059862,AWAY,11,2019-20:43,VERIFIED_SOURCE_MATCH_ROUTE,VERIFIED
team_match,2019-20,162,1059863,HOME,5,2019-20:90,VERIFIED_SOURCE_MATCH_ROUTE,VERIFIED
team_match,2019-20,162,1059863,AWAY,13,2019-20:4,VERIFIED_SOURCE_MATCH_ROUTE,VERIFIED
team_match,2019-20,163,1059864,HOME,6,2019-20:8,VERIFIED_SOURCE_MATCH_ROUTE,VERIFIED
team_match,2019-20,163,1059864,AWAY,3,2019-20:91,VERIFIED_SOURCE_MATCH_ROUTE,VERIFIED
team_match,2019-20,164,1059865,HOME,7,2019-20:31,VERIFIED_SOURCE_MATCH_ROUTE,VERIFIED
team_match,2019-20,164,1059865,AWAY,4,2019-20:36,VERIFIED_SOURCE_MATCH_ROUTE,VERIFIED
team_match,2019-20,165,1059866,HOME,9,2019-20:13,VERIFIED_SOURCE_MATCH_ROUTE,VERIFIED
team_match,2019-20,165,1059866,AWAY,14,2019-20:45,VERIFIED_SOURCE_MATCH_ROUTE,VERIFIED
team_match,2019-20,166,1059867,HOME,10,2019-20:14,VERIFIED_SOURCE_MATCH_ROUTE,VERIFIED
team_match,2019-20,166,1059867,AWAY,18,2019-20:57,VERIFIED_SOURCE_MATCH_ROUTE,VERIFIED
team_match,2019-20,167,1059868,HOME,12,2019-20:1,VERIFIED_SOURCE_MATCH_ROUTE,VERIFIED
team_match,2019-20,167,1059868,AWAY,8,2019-20:11,VERIFIED_SOURCE_MATCH_ROUTE,VERIFIED
team_match,2019-20,168,1059869,HOME,15,2019-20:49,VERIFIED_SOURCE_MATCH_ROUTE,VERIFIED
team_match,2019-20,168,1059869,AWAY,2,2019-20:7,VERIFIED_SOURCE_MATCH_ROUTE,VERIFIED
team_match,2019-20,169,1059870,HOME,16,2019-20:20,VERIFIED_SOURCE_MATCH_ROUTE,VERIFIED
team_match,2019-20,169,1059870,AWAY,19,2019-20:21,VERIFIED_SOURCE_MATCH_ROUTE,VERIFIED
team_match,2019-20,170,1059871,HOME,20,2019-20:39,VERIFIED_SOURCE_MATCH_ROUTE,VERIFIED
team_match,2019-20,170,1059871,AWAY,17,2019-20:6,VERIFIED_SOURCE_MATCH_ROUTE,VERIFIED
team_match,2019-20,171,1059873,HOME,2,2019-20:7,VERIFIED_SOURCE_MATCH_ROUTE,VERIFIED
team_match,2019-20,171,1059873,AWAY,16,2019-20:20,VERIFIED_SOURCE_MATCH_ROUTE,VERIFIED
team_match,2019-20,172,1059872,HOME,3,2019-20:91,VERIFIED_SOURCE_MATCH_ROUTE,VERIFIED
team_match,2019-20,172,1059872,AWAY,5,2019-20:90,VERIFIED_SOURCE_MATCH_ROUTE,VERIFIED
team_match,2019-20,173,1059874,HOME,4,2019-20:36,VERIFIED_SOURCE_MATCH_ROUTE,VERIFIED
team_match,2019-20,173,1059874,AWAY,15,2019-20:49,VERIFIED_SOURCE_MATCH_ROUTE,VERIFIED
team_match,2019-20,174,1059875,HOME,8,2019-20:11,VERIFIED_SOURCE_MATCH_ROUTE,VERIFIED
team_match,2019-20,174,1059875,AWAY,1,2019-20:3,VERIFIED_SOURCE_MATCH_ROUTE,VERIFIED
team_match,2019-20,175,1059876,HOME,11,2019-20:43,VERIFIED_SOURCE_MATCH_ROUTE,VERIFIED
team_match,2019-20,175,1059876,AWAY,9,2019-20:13,VERIFIED_SOURCE_MATCH_ROUTE,VERIFIED
team_match,2019-20,176,1059877,HOME,13,2019-20:4,VERIFIED_SOURCE_MATCH_ROUTE,VERIFIED
team_match,2019-20,176,1059877,AWAY,7,2019-20:31,VERIFIED_SOURCE_MATCH_ROUTE,VERIFIED
team_match,2019-20,177,1059878,HOME,14,2019-20:45,VERIFIED_SOURCE_MATCH_ROUTE,VERIFIED
team_match,2019-20,177,1059878,AWAY,20,2019-20:39,VERIFIED_SOURCE_MATCH_ROUTE,VERIFIED
team_match,2019-20,178,1059879,HOME,17,2019-20:6,VERIFIED_SOURCE_MATCH_ROUTE,VERIFIED
team_match,2019-20,178,1059879,AWAY,6,2019-20:8,VERIFIED_SOURCE_MATCH_ROUTE,VERIFIED
team_match,2019-20,179,1059880,HOME,18,2019-20:57,VERIFIED_SOURCE_MATCH_ROUTE,VERIFIED
team_match,2019-20,179,1059880,AWAY,12,2019-20:1,VERIFIED_SOURCE_MATCH_ROUTE,VERIFIED
team_match,2019-20,180,1059881,HOME,19,2019-20:21,VERIFIED_SOURCE_MATCH_ROUTE,VERIFIED
team_match,2019-20,180,1059881,AWAY,10,2019-20:14,VERIFIED_SOURCE_MATCH_ROUTE,VERIFIED
team_match,2019-20,181,1059883,HOME,2,2019-20:7,VERIFIED_SOURCE_MATCH_ROUTE,VERIFIED
team_match,2019-20,181,1059883,AWAY,14,2019-20:45,VERIFIED_SOURCE_MATCH_ROUTE,VERIFIED
team_match,2019-20,182,1059882,HOME,3,2019-20:91,VERIFIED_SOURCE_MATCH_ROUTE,VERIFIED
team_match,2019-20,182,1059882,AWAY,1,2019-20:3,VERIFIED_SOURCE_MATCH_ROUTE,VERIFIED
team_match,2019-20,183,1059884,HOME,6,2019-20:8,VERIFIED_SOURCE_MATCH_ROUTE,VERIFIED
team_match,2019-20,183,1059884,AWAY,16,2019-20:20,VERIFIED_SOURCE_MATCH_ROUTE,VERIFIED
team_match,2019-20,184,1059885,HOME,7,2019-20:31,VERIFIED_SOURCE_MATCH_ROUTE,VERIFIED
team_match,2019-20,184,1059885,AWAY,19,2019-20:21,VERIFIED_SOURCE_MATCH_ROUTE,VERIFIED
team_match,2019-20,185,1059886,HOME,8,2019-20:11,VERIFIED_SOURCE_MATCH_ROUTE,VERIFIED
team_match,2019-20,185,1059886,AWAY,5,2019-20:90,VERIFIED_SOURCE_MATCH_ROUTE,VERIFIED
team_match,2019-20,186,1059887,HOME,9,2019-20:13,VERIFIED_SOURCE_MATCH_ROUTE,VERIFIED
team_match,2019-20,186,1059887,AWAY,10,2019-20:14,VERIFIED_SOURCE_MATCH_ROUTE,VERIFIED
team_match,2019-20,187,1059888,HOME,12,2019-20:1,VERIFIED_SOURCE_MATCH_ROUTE,VERIFIED
team_match,2019-20,187,1059888,AWAY,13,2019-20:4,VERIFIED_SOURCE_MATCH_ROUTE,VERIFIED
team_match,2019-20,188,1059889,HOME,15,2019-20:49,VERIFIED_SOURCE_MATCH_ROUTE,VERIFIED
team_match,2019-20,188,1059889,AWAY,18,2019-20:57,VERIFIED_SOURCE_MATCH_ROUTE,VERIFIED
team_match,2019-20,189,1059890,HOME,17,2019-20:6,VERIFIED_SOURCE_MATCH_ROUTE,VERIFIED
team_match,2019-20,189,1059890,AWAY,4,2019-20:36,VERIFIED_SOURCE_MATCH_ROUTE,VERIFIED
team_match,2019-20,190,1059891,HOME,20,2019-20:39,VERIFIED_SOURCE_MATCH_ROUTE,VERIFIED
team_match,2019-20,190,1059891,AWAY,11,2019-20:43,VERIFIED_SOURCE_MATCH_ROUTE,VERIFIED
team_match,2019-20,191,1059892,HOME,1,2019-20:3,VERIFIED_SOURCE_MATCH_ROUTE,VERIFIED
team_match,2019-20,191,1059892,AWAY,6,2019-20:8,VERIFIED_SOURCE_MATCH_ROUTE,VERIFIED
team_match,2019-20,192,1059893,HOME,4,2019-20:36,VERIFIED_SOURCE_MATCH_ROUTE,VERIFIED
team_match,2019-20,192,1059893,AWAY,3,2019-20:91,VERIFIED_SOURCE_MATCH_ROUTE,VERIFIED
team_match,2019-20,193,1059894,HOME,5,2019-20:90,VERIFIED_SOURCE_MATCH_ROUTE,VERIFIED
team_match,2019-20,193,1059894,AWAY,12,2019-20:1,VERIFIED_SOURCE_MATCH_ROUTE,VERIFIED
team_match,2019-20,194,1059895,HOME,10,2019-20:14,VERIFIED_SOURCE_MATCH_ROUTE,VERIFIED
team_match,2019-20,194,1059895,AWAY,20,2019-20:39,VERIFIED_SOURCE_MATCH_ROUTE,VERIFIED
team_match,2019-20,195,1059896,HOME,11,2019-20:43,VERIFIED_SOURCE_MATCH_ROUTE,VERIFIED
team_match,2019-20,195,1059896,AWAY,15,2019-20:49,VERIFIED_SOURCE_MATCH_ROUTE,VERIFIED
team_match,2019-20,196,1059897,HOME,13,2019-20:4,VERIFIED_SOURCE_MATCH_ROUTE,VERIFIED
team_match,2019-20,196,1059897,AWAY,8,2019-20:11,VERIFIED_SOURCE_MATCH_ROUTE,VERIFIED
team_match,2019-20,197,1059898,HOME,14,2019-20:45,VERIFIED_SOURCE_MATCH_ROUTE,VERIFIED
team_match,2019-20,197,1059898,AWAY,17,2019-20:6,VERIFIED_SOURCE_MATCH_ROUTE,VERIFIED
team_match,2019-20,198,1059899,HOME,16,2019-20:20,VERIFIED_SOURCE_MATCH_ROUTE,VERIFIED
team_match,2019-20,198,1059899,AWAY,7,2019-20:31,VERIFIED_SOURCE_MATCH_ROUTE,VERIFIED
team_match,2019-20,199,1059900,HOME,18,2019-20:57,VERIFIED_SOURCE_MATCH_ROUTE,VERIFIED
team_match,2019-20,199,1059900,AWAY,2,2019-20:7,VERIFIED_SOURCE_MATCH_ROUTE,VERIFIED
team_match,2019-20,200,1059901,HOME,19,2019-20:21,VERIFIED_SOURCE_MATCH_ROUTE,VERIFIED
team_match,2019-20,200,1059901,AWAY,9,2019-20:13,VERIFIED_SOURCE_MATCH_ROUTE,VERIFIED
team_match,2019-20,201,1059902,HOME,1,2019-20:3,VERIFIED_SOURCE_MATCH_ROUTE,VERIFIED
team_match,2019-20,201,1059902,AWAY,12,2019-20:1,VERIFIED_SOURCE_MATCH_ROUTE,VERIFIED
team_match,2019-20,202,1059903,HOME,4,2019-20:36,VERIFIED_SOURCE_MATCH_ROUTE,VERIFIED
team_match,2019-20,202,1059903,AWAY,6,2019-20:8,VERIFIED_SOURCE_MATCH_ROUTE,VERIFIED
team_match,2019-20,203,1059904,HOME,5,2019-20:90,VERIFIED_SOURCE_MATCH_ROUTE,VERIFIED
team_match,2019-20,203,1059904,AWAY,2,2019-20:7,VERIFIED_SOURCE_MATCH_ROUTE,VERIFIED
team_match,2019-20,204,1059905,HOME,10,2019-20:14,VERIFIED_SOURCE_MATCH_ROUTE,VERIFIED
team_match,2019-20,204,1059905,AWAY,15,2019-20:49,VERIFIED_SOURCE_MATCH_ROUTE,VERIFIED
team_match,2019-20,205,1059906,HOME,11,2019-20:43,VERIFIED_SOURCE_MATCH_ROUTE,VERIFIED
team_match,2019-20,205,1059906,AWAY,8,2019-20:11,VERIFIED_SOURCE_MATCH_ROUTE,VERIFIED
team_match,2019-20,206,1059907,HOME,13,2019-20:4,VERIFIED_SOURCE_MATCH_ROUTE,VERIFIED
team_match,2019-20,206,1059907,AWAY,9,2019-20:13,VERIFIED_SOURCE_MATCH_ROUTE,VERIFIED
team_match,2019-20,207,1059908,HOME,14,2019-20:45,VERIFIED_SOURCE_MATCH_ROUTE,VERIFIED
team_match,2019-20,207,1059908,AWAY,7,2019-20:31,VERIFIED_SOURCE_MATCH_ROUTE,VERIFIED
team_match,2019-20,208,1059909,HOME,16,2019-20:20,VERIFIED_SOURCE_MATCH_ROUTE,VERIFIED
team_match,2019-20,208,1059909,AWAY,17,2019-20:6,VERIFIED_SOURCE_MATCH_ROUTE,VERIFIED
team_match,2019-20,209,1059910,HOME,18,2019-20:57,VERIFIED_SOURCE_MATCH_ROUTE,VERIFIED
team_match,2019-20,209,1059910,AWAY,20,2019-20:39,VERIFIED_SOURCE_MATCH_ROUTE,VERIFIED
team_match,2019-20,210,1059911,HOME,19,2019-20:21,VERIFIED_SOURCE_MATCH_ROUTE,VERIFIED
team_match,2019-20,210,1059911,AWAY,3,2019-20:91,VERIFIED_SOURCE_MATCH_ROUTE,VERIFIED
team_match,2019-20,211,1059913,HOME,2,2019-20:7,VERIFIED_SOURCE_MATCH_ROUTE,VERIFIED
team_match,2019-20,211,1059913,AWAY,11,2019-20:43,VERIFIED_SOURCE_MATCH_ROUTE,VERIFIED
team_match,2019-20,212,1059912,HOME,3,2019-20:91,VERIFIED_SOURCE_MATCH_ROUTE,VERIFIED
team_match,2019-20,212,1059912,AWAY,18,2019-20:57,VERIFIED_SOURCE_MATCH_ROUTE,VERIFIED
team_match,2019-20,213,1059914,HOME,6,2019-20:8,VERIFIED_SOURCE_MATCH_ROUTE,VERIFIED
team_match,2019-20,213,1059914,AWAY,5,2019-20:90,VERIFIED_SOURCE_MATCH_ROUTE,VERIFIED
team_match,2019-20,214,1059915,HOME,7,2019-20:31,VERIFIED_SOURCE_MATCH_ROUTE,VERIFIED
team_match,2019-20,214,1059915,AWAY,1,2019-20:3,VERIFIED_SOURCE_MATCH_ROUTE,VERIFIED
team_match,2019-20,215,1059916,HOME,8,2019-20:11,VERIFIED_SOURCE_MATCH_ROUTE,VERIFIED
team_match,2019-20,215,1059916,AWAY,4,2019-20:36,VERIFIED_SOURCE_MATCH_ROUTE,VERIFIED
team_match,2019-20,216,1059917,HOME,9,2019-20:13,VERIFIED_SOURCE_MATCH_ROUTE,VERIFIED
team_match,2019-20,216,1059917,AWAY,16,2019-20:20,VERIFIED_SOURCE_MATCH_ROUTE,VERIFIED
team_match,2019-20,217,1059918,HOME,12,2019-20:1,VERIFIED_SOURCE_MATCH_ROUTE,VERIFIED
team_match,2019-20,217,1059918,AWAY,14,2019-20:45,VERIFIED_SOURCE_MATCH_ROUTE,VERIFIED
team_match,2019-20,218,1059919,HOME,15,2019-20:49,VERIFIED_SOURCE_MATCH_ROUTE,VERIFIED
team_match,2019-20,218,1059919,AWAY,19,2019-20:21,VERIFIED_SOURCE_MATCH_ROUTE,VERIFIED
team_match,2019-20,219,1059920,HOME,17,2019-20:6,VERIFIED_SOURCE_MATCH_ROUTE,VERIFIED
team_match,2019-20,219,1059920,AWAY,10,2019-20:14,VERIFIED_SOURCE_MATCH_ROUTE,VERIFIED
team_match,2019-20,220,1059921,HOME,20,2019-20:39,VERIFIED_SOURCE_MATCH_ROUTE,VERIFIED
team_match,2019-20,220,1059921,AWAY,13,2019-20:4,VERIFIED_SOURCE_MATCH_ROUTE,VERIFIED
team_match,2019-20,221,1059922,HOME,1,2019-20:3,VERIFIED_SOURCE_MATCH_ROUTE,VERIFIED
team_match,2019-20,221,1059922,AWAY,15,2019-20:49,VERIFIED_SOURCE_MATCH_ROUTE,VERIFIED
team_match,2019-20,222,1059923,HOME,4,2019-20:36,VERIFIED_SOURCE_MATCH_ROUTE,VERIFIED
team_match,2019-20,222,1059923,AWAY,2,2019-20:7,VERIFIED_SOURCE_MATCH_ROUTE,VERIFIED
team_match,2019-20,223,1059924,HOME,5,2019-20:90,VERIFIED_SOURCE_MATCH_ROUTE,VERIFIED
team_match,2019-20,223,1059924,AWAY,9,2019-20:13,VERIFIED_SOURCE_MATCH_ROUTE,VERIFIED
team_match,2019-20,224,1059925,HOME,10,2019-20:14,VERIFIED_SOURCE_MATCH_ROUTE,VERIFIED
team_match,2019-20,224,1059925,AWAY,12,2019-20:1,VERIFIED_SOURCE_MATCH_ROUTE,VERIFIED
team_match,2019-20,225,1059926,HOME,11,2019-20:43,VERIFIED_SOURCE_MATCH_ROUTE,VERIFIED
team_match,2019-20,225,1059926,AWAY,7,2019-20:31,VERIFIED_SOURCE_MATCH_ROUTE,VERIFIED
team_match,2019-20,226,1059927,HOME,13,2019-20:4,VERIFIED_SOURCE_MATCH_ROUTE,VERIFIED
team_match,2019-20,226,1059927,AWAY,6,2019-20:8,VERIFIED_SOURCE_MATCH_ROUTE,VERIFIED
team_match,2019-20,227,1059928,HOME,14,2019-20:45,VERIFIED_SOURCE_MATCH_ROUTE,VERIFIED
team_match,2019-20,227,1059928,AWAY,3,2019-20:91,VERIFIED_SOURCE_MATCH_ROUTE,VERIFIED
team_match,2019-20,228,1059929,HOME,16,2019-20:20,VERIFIED_SOURCE_MATCH_ROUTE,VERIFIED
team_match,2019-20,228,1059929,AWAY,20,2019-20:39,VERIFIED_SOURCE_MATCH_ROUTE,VERIFIED
team_match,2019-20,229,1059930,HOME,18,2019-20:57,VERIFIED_SOURCE_MATCH_ROUTE,VERIFIED
team_match,2019-20,229,1059930,AWAY,17,2019-20:6,VERIFIED_SOURCE_MATCH_ROUTE,VERIFIED
team_match,2019-20,230,1059931,HOME,19,2019-20:21,VERIFIED_SOURCE_MATCH_ROUTE,VERIFIED
team_match,2019-20,230,1059931,AWAY,8,2019-20:11,VERIFIED_SOURCE_MATCH_ROUTE,VERIFIED
team_match,2019-20,231,1059933,HOME,2,2019-20:7,VERIFIED_SOURCE_MATCH_ROUTE,VERIFIED
team_match,2019-20,231,1059933,AWAY,18,2019-20:57,VERIFIED_SOURCE_MATCH_ROUTE,VERIFIED
team_match,2019-20,232,1059932,HOME,3,2019-20:91,VERIFIED_SOURCE_MATCH_ROUTE,VERIFIED
team_match,2019-20,232,1059932,AWAY,4,2019-20:36,VERIFIED_SOURCE_MATCH_ROUTE,VERIFIED
team_match,2019-20,233,1059934,HOME,8,2019-20:11,VERIFIED_SOURCE_MATCH_ROUTE,VERIFIED
team_match,2019-20,233,1059934,AWAY,13,2019-20:4,VERIFIED_SOURCE_MATCH_ROUTE,VERIFIED
team_match,2019-20,234,1059935,HOME,9,2019-20:13,VERIFIED_SOURCE_MATCH_ROUTE,VERIFIED
team_match,2019-20,234,1059935,AWAY,19,2019-20:21,VERIFIED_SOURCE_MATCH_ROUTE,VERIFIED
team_match,2019-20,235,1059936,HOME,12,2019-20:1,VERIFIED_SOURCE_MATCH_ROUTE,VERIFIED
team_match,2019-20,235,1059936,AWAY,5,2019-20:90,VERIFIED_SOURCE_MATCH_ROUTE,VERIFIED
team_match,2019-20,236,1059937,HOME,15,2019-20:49,VERIFIED_SOURCE_MATCH_ROUTE,VERIFIED
team_match,2019-20,236,1059937,AWAY,11,2019-20:43,VERIFIED_SOURCE_MATCH_ROUTE,VERIFIED
team_match,2019-20,237,1059938,HOME,20,2019-20:39,VERIFIED_SOURCE_MATCH_ROUTE,VERIFIED
team_match,2019-20,237,1059938,AWAY,10,2019-20:14,VERIFIED_SOURCE_MATCH_ROUTE,VERIFIED
team_match,2019-20,238,1059939,HOME,6,2019-20:8,VERIFIED_SOURCE_MATCH_ROUTE,VERIFIED
team_match,2019-20,238,1059939,AWAY,1,2019-20:3,VERIFIED_SOURCE_MATCH_ROUTE,VERIFIED
team_match,2019-20,239,1059940,HOME,7,2019-20:31,VERIFIED_SOURCE_MATCH_ROUTE,VERIFIED
team_match,2019-20,239,1059940,AWAY,16,2019-20:20,VERIFIED_SOURCE_MATCH_ROUTE,VERIFIED
team_match,2019-20,240,1059941,HOME,17,2019-20:6,VERIFIED_SOURCE_MATCH_ROUTE,VERIFIED
team_match,2019-20,240,1059941,AWAY,14,2019-20:45,VERIFIED_SOURCE_MATCH_ROUTE,VERIFIED
team_match,2019-20,241,1059942,HOME,3,2019-20:91,VERIFIED_SOURCE_MATCH_ROUTE,VERIFIED
team_match,2019-20,241,1059942,AWAY,2,2019-20:7,VERIFIED_SOURCE_MATCH_ROUTE,VERIFIED
team_match,2019-20,242,1059943,HOME,5,2019-20:90,VERIFIED_SOURCE_MATCH_ROUTE,VERIFIED
team_match,2019-20,242,1059943,AWAY,1,2019-20:3,VERIFIED_SOURCE_MATCH_ROUTE,VERIFIED
team_match,2019-20,243,1059944,HOME,7,2019-20:31,VERIFIED_SOURCE_MATCH_ROUTE,VERIFIED
team_match,2019-20,243,1059944,AWAY,15,2019-20:49,VERIFIED_SOURCE_MATCH_ROUTE,VERIFIED
team_match,2019-20,244,1059945,HOME,9,2019-20:13,VERIFIED_SOURCE_MATCH_ROUTE,VERIFIED
team_match,2019-20,244,1059945,AWAY,6,2019-20:8,VERIFIED_SOURCE_MATCH_ROUTE,VERIFIED
team_match,2019-20,245,1059946,HOME,10,2019-20:14,VERIFIED_SOURCE_MATCH_ROUTE,VERIFIED
team_match,2019-20,245,1059946,AWAY,16,2019-20:20,VERIFIED_SOURCE_MATCH_ROUTE,VERIFIED
team_match,2019-20,246,1059947,HOME,12,2019-20:1,VERIFIED_SOURCE_MATCH_ROUTE,VERIFIED
team_match,2019-20,246,1059947,AWAY,20,2019-20:39,VERIFIED_SOURCE_MATCH_ROUTE,VERIFIED
team_match,2019-20,247,1059948,HOME,13,2019-20:4,VERIFIED_SOURCE_MATCH_ROUTE,VERIFIED
team_match,2019-20,247,1059948,AWAY,14,2019-20:45,VERIFIED_SOURCE_MATCH_ROUTE,VERIFIED
team_match,2019-20,248,1059949,HOME,17,2019-20:6,VERIFIED_SOURCE_MATCH_ROUTE,VERIFIED
team_match,2019-20,248,1059949,AWAY,11,2019-20:43,VERIFIED_SOURCE_MATCH_ROUTE,VERIFIED
team_match,2019-20,249,1059950,HOME,18,2019-20:57,VERIFIED_SOURCE_MATCH_ROUTE,VERIFIED
team_match,2019-20,249,1059950,AWAY,8,2019-20:11,VERIFIED_SOURCE_MATCH_ROUTE,VERIFIED
team_match,2019-20,250,1059951,HOME,19,2019-20:21,VERIFIED_SOURCE_MATCH_ROUTE,VERIFIED
team_match,2019-20,250,1059951,AWAY,4,2019-20:36,VERIFIED_SOURCE_MATCH_ROUTE,VERIFIED
team_match,2019-20,251,1059952,HOME,1,2019-20:3,VERIFIED_SOURCE_MATCH_ROUTE,VERIFIED
team_match,2019-20,251,1059952,AWAY,13,2019-20:4,VERIFIED_SOURCE_MATCH_ROUTE,VERIFIED
team_match,2019-20,252,1059953,HOME,2,2019-20:7,VERIFIED_SOURCE_MATCH_ROUTE,VERIFIED
team_match,2019-20,252,1059953,AWAY,17,2019-20:6,VERIFIED_SOURCE_MATCH_ROUTE,VERIFIED
team_match,2019-20,253,1059954,HOME,4,2019-20:36,VERIFIED_SOURCE_MATCH_ROUTE,VERIFIED
team_match,2019-20,253,1059954,AWAY,18,2019-20:57,VERIFIED_SOURCE_MATCH_ROUTE,VERIFIED
team_match,2019-20,254,1059955,HOME,6,2019-20:8,VERIFIED_SOURCE_MATCH_ROUTE,VERIFIED
team_match,2019-20,254,1059955,AWAY,12,2019-20:1,VERIFIED_SOURCE_MATCH_ROUTE,VERIFIED
team_match,2019-20,255,1059956,HOME,8,2019-20:11,VERIFIED_SOURCE_MATCH_ROUTE,VERIFIED
team_match,2019-20,255,1059956,AWAY,7,2019-20:31,VERIFIED_SOURCE_MATCH_ROUTE,VERIFIED
team_match,2019-20,256,1059957,HOME,11,2019-20:43,VERIFIED_SOURCE_MATCH_ROUTE,VERIFIED
team_match,2019-20,256,1059957,AWAY,19,2019-20:21,VERIFIED_SOURCE_MATCH_ROUTE,VERIFIED
team_match,2019-20,257,1059958,HOME,14,2019-20:45,VERIFIED_SOURCE_MATCH_ROUTE,VERIFIED
team_match,2019-20,257,1059958,AWAY,10,2019-20:14,VERIFIED_SOURCE_MATCH_ROUTE,VERIFIED
team_match,2019-20,258,1059959,HOME,15,2019-20:49,VERIFIED_SOURCE_MATCH_ROUTE,VERIFIED
team_match,2019-20,258,1059959,AWAY,3,2019-20:91,VERIFIED_SOURCE_MATCH_ROUTE,VERIFIED
team_match,2019-20,259,1059960,HOME,16,2019-20:20,VERIFIED_SOURCE_MATCH_ROUTE,VERIFIED
team_match,2019-20,259,1059960,AWAY,5,2019-20:90,VERIFIED_SOURCE_MATCH_ROUTE,VERIFIED
team_match,2019-20,260,1059961,HOME,20,2019-20:39,VERIFIED_SOURCE_MATCH_ROUTE,VERIFIED
team_match,2019-20,260,1059961,AWAY,9,2019-20:13,VERIFIED_SOURCE_MATCH_ROUTE,VERIFIED
team_match,2019-20,261,1059962,HOME,1,2019-20:3,VERIFIED_SOURCE_MATCH_ROUTE,VERIFIED
team_match,2019-20,261,1059962,AWAY,8,2019-20:11,VERIFIED_SOURCE_MATCH_ROUTE,VERIFIED
team_match,2019-20,262,1059963,HOME,5,2019-20:90,VERIFIED_SOURCE_MATCH_ROUTE,VERIFIED
team_match,2019-20,262,1059963,AWAY,3,2019-20:91,VERIFIED_SOURCE_MATCH_ROUTE,VERIFIED
team_match,2019-20,263,1059964,HOME,6,2019-20:8,VERIFIED_SOURCE_MATCH_ROUTE,VERIFIED
team_match,2019-20,263,1059964,AWAY,17,2019-20:6,VERIFIED_SOURCE_MATCH_ROUTE,VERIFIED
team_match,2019-20,264,1059965,HOME,7,2019-20:31,VERIFIED_SOURCE_MATCH_ROUTE,VERIFIED
team_match,2019-20,264,1059965,AWAY,13,2019-20:4,VERIFIED_SOURCE_MATCH_ROUTE,VERIFIED
team_match,2019-20,265,1059966,HOME,9,2019-20:13,VERIFIED_SOURCE_MATCH_ROUTE,VERIFIED
team_match,2019-20,265,1059966,AWAY,11,2019-20:43,VERIFIED_SOURCE_MATCH_ROUTE,VERIFIED
team_match,2019-20,266,1059967,HOME,10,2019-20:14,VERIFIED_SOURCE_MATCH_ROUTE,VERIFIED
team_match,2019-20,266,1059967,AWAY,19,2019-20:21,VERIFIED_SOURCE_MATCH_ROUTE,VERIFIED
team_match,2019-20,267,1059968,HOME,12,2019-20:1,VERIFIED_SOURCE_MATCH_ROUTE,VERIFIED
team_match,2019-20,267,1059968,AWAY,18,2019-20:57,VERIFIED_SOURCE_MATCH_ROUTE,VERIFIED
team_match,2019-20,268,1059969,HOME,15,2019-20:49,VERIFIED_SOURCE_MATCH_ROUTE,VERIFIED
team_match,2019-20,268,1059969,AWAY,4,2019-20:36,VERIFIED_SOURCE_MATCH_ROUTE,VERIFIED
team_match,2019-20,269,1059970,HOME,16,2019-20:20,VERIFIED_SOURCE_MATCH_ROUTE,VERIFIED
team_match,2019-20,269,1059970,AWAY,2,2019-20:7,VERIFIED_SOURCE_MATCH_ROUTE,VERIFIED
team_match,2019-20,270,1059971,HOME,20,2019-20:39,VERIFIED_SOURCE_MATCH_ROUTE,VERIFIED
team_match,2019-20,270,1059971,AWAY,14,2019-20:45,VERIFIED_SOURCE_MATCH_ROUTE,VERIFIED
team_match,2019-20,271,1059973,HOME,2,2019-20:7,VERIFIED_SOURCE_MATCH_ROUTE,VERIFIED
team_match,2019-20,271,1059973,AWAY,15,2019-20:49,VERIFIED_SOURCE_MATCH_ROUTE,VERIFIED
team_match,2019-20,272,1059972,HOME,3,2019-20:91,VERIFIED_SOURCE_MATCH_ROUTE,VERIFIED
team_match,2019-20,272,1059972,AWAY,6,2019-20:8,VERIFIED_SOURCE_MATCH_ROUTE,VERIFIED
team_match,2019-20,273,1059974,HOME,4,2019-20:36,VERIFIED_SOURCE_MATCH_ROUTE,VERIFIED
team_match,2019-20,273,1059974,AWAY,7,2019-20:31,VERIFIED_SOURCE_MATCH_ROUTE,VERIFIED
team_match,2019-20,274,1059975,HOME,8,2019-20:11,VERIFIED_SOURCE_MATCH_ROUTE,VERIFIED
team_match,2019-20,274,1059975,AWAY,12,2019-20:1,VERIFIED_SOURCE_MATCH_ROUTE,VERIFIED
team_match,2019-20,276,1059977,HOME,13,2019-20:4,VERIFIED_SOURCE_MATCH_ROUTE,VERIFIED
team_match,2019-20,276,1059977,AWAY,5,2019-20:90,VERIFIED_SOURCE_MATCH_ROUTE,VERIFIED
team_match,2019-20,277,1059978,HOME,14,2019-20:45,VERIFIED_SOURCE_MATCH_ROUTE,VERIFIED
team_match,2019-20,277,1059978,AWAY,9,2019-20:13,VERIFIED_SOURCE_MATCH_ROUTE,VERIFIED
team_match,2019-20,278,1059979,HOME,17,2019-20:6,VERIFIED_SOURCE_MATCH_ROUTE,VERIFIED
team_match,2019-20,278,1059979,AWAY,20,2019-20:39,VERIFIED_SOURCE_MATCH_ROUTE,VERIFIED
team_match,2019-20,279,1059980,HOME,18,2019-20:57,VERIFIED_SOURCE_MATCH_ROUTE,VERIFIED
team_match,2019-20,279,1059980,AWAY,10,2019-20:14,VERIFIED_SOURCE_MATCH_ROUTE,VERIFIED
team_match,2019-20,280,1059981,HOME,19,2019-20:21,VERIFIED_SOURCE_MATCH_ROUTE,VERIFIED
team_match,2019-20,280,1059981,AWAY,16,2019-20:20,VERIFIED_SOURCE_MATCH_ROUTE,VERIFIED
team_match,2019-20,281,1059982,HOME,1,2019-20:3,VERIFIED_SOURCE_MATCH_ROUTE,VERIFIED
team_match,2019-20,281,1059982,AWAY,19,2019-20:21,VERIFIED_SOURCE_MATCH_ROUTE,VERIFIED
team_match,2019-20,282,1059983,HOME,5,2019-20:90,VERIFIED_SOURCE_MATCH_ROUTE,VERIFIED
team_match,2019-20,282,1059983,AWAY,17,2019-20:6,VERIFIED_SOURCE_MATCH_ROUTE,VERIFIED
team_match,2019-20,283,1059984,HOME,6,2019-20:8,VERIFIED_SOURCE_MATCH_ROUTE,VERIFIED
team_match,2019-20,283,1059984,AWAY,8,2019-20:11,VERIFIED_SOURCE_MATCH_ROUTE,VERIFIED
team_match,2019-20,284,1059985,HOME,7,2019-20:31,VERIFIED_SOURCE_MATCH_ROUTE,VERIFIED
team_match,2019-20,284,1059985,AWAY,18,2019-20:57,VERIFIED_SOURCE_MATCH_ROUTE,VERIFIED
team_match,2019-20,285,1059986,HOME,9,2019-20:13,VERIFIED_SOURCE_MATCH_ROUTE,VERIFIED
team_match,2019-20,285,1059986,AWAY,2,2019-20:7,VERIFIED_SOURCE_MATCH_ROUTE,VERIFIED
team_match,2019-20,286,1059987,HOME,10,2019-20:14,VERIFIED_SOURCE_MATCH_ROUTE,VERIFIED
team_match,2019-20,286,1059987,AWAY,3,2019-20:91,VERIFIED_SOURCE_MATCH_ROUTE,VERIFIED
team_match,2019-20,287,1059988,HOME,12,2019-20:1,VERIFIED_SOURCE_MATCH_ROUTE,VERIFIED
team_match,2019-20,287,1059988,AWAY,11,2019-20:43,VERIFIED_SOURCE_MATCH_ROUTE,VERIFIED
team_match,2019-20,288,1059989,HOME,15,2019-20:49,VERIFIED_SOURCE_MATCH_ROUTE,VERIFIED
team_match,2019-20,288,1059989,AWAY,14,2019-20:45,VERIFIED_SOURCE_MATCH_ROUTE,VERIFIED
team_match,2019-20,289,1059990,HOME,16,2019-20:20,VERIFIED_SOURCE_MATCH_ROUTE,VERIFIED
team_match,2019-20,289,1059990,AWAY,13,2019-20:4,VERIFIED_SOURCE_MATCH_ROUTE,VERIFIED
team_match,2019-20,290,1059991,HOME,20,2019-20:39,VERIFIED_SOURCE_MATCH_ROUTE,VERIFIED
team_match,2019-20,290,1059991,AWAY,4,2019-20:36,VERIFIED_SOURCE_MATCH_ROUTE,VERIFIED
team_match,2019-20,291,1059993,HOME,2,2019-20:7,VERIFIED_SOURCE_MATCH_ROUTE,VERIFIED
team_match,2019-20,291,1059993,AWAY,6,2019-20:8,VERIFIED_SOURCE_MATCH_ROUTE,VERIFIED
team_match,2019-20,292,1059992,HOME,3,2019-20:91,VERIFIED_SOURCE_MATCH_ROUTE,VERIFIED
team_match,2019-20,292,1059992,AWAY,7,2019-20:31,VERIFIED_SOURCE_MATCH_ROUTE,VERIFIED
team_match,2019-20,293,1059994,HOME,4,2019-20:36,VERIFIED_SOURCE_MATCH_ROUTE,VERIFIED
team_match,2019-20,293,1059994,AWAY,1,2019-20:3,VERIFIED_SOURCE_MATCH_ROUTE,VERIFIED
team_match,2019-20,294,1059995,HOME,8,2019-20:11,VERIFIED_SOURCE_MATCH_ROUTE,VERIFIED
team_match,2019-20,294,1059995,AWAY,10,2019-20:14,VERIFIED_SOURCE_MATCH_ROUTE,VERIFIED
team_match,2019-20,295,1059996,HOME,11,2019-20:43,VERIFIED_SOURCE_MATCH_ROUTE,VERIFIED
team_match,2019-20,295,1059996,AWAY,5,2019-20:90,VERIFIED_SOURCE_MATCH_ROUTE,VERIFIED
team_match,2019-20,296,1059997,HOME,13,2019-20:4,VERIFIED_SOURCE_MATCH_ROUTE,VERIFIED
team_match,2019-20,296,1059997,AWAY,15,2019-20:49,VERIFIED_SOURCE_MATCH_ROUTE,VERIFIED
team_match,2019-20,297,1059998,HOME,14,2019-20:45,VERIFIED_SOURCE_MATCH_ROUTE,VERIFIED
team_match,2019-20,297,1059998,AWAY,16,2019-20:20,VERIFIED_SOURCE_MATCH_ROUTE,VERIFIED
team_match,2019-20,298,1059999,HOME,17,2019-20:6,VERIFIED_SOURCE_MATCH_ROUTE,VERIFIED
team_match,2019-20,298,1059999,AWAY,12,2019-20:1,VERIFIED_SOURCE_MATCH_ROUTE,VERIFIED
team_match,2019-20,299,1060000,HOME,18,2019-20:57,VERIFIED_SOURCE_MATCH_ROUTE,VERIFIED
team_match,2019-20,299,1060000,AWAY,9,2019-20:13,VERIFIED_SOURCE_MATCH_ROUTE,VERIFIED
team_match,2019-20,300,1060001,HOME,19,2019-20:21,VERIFIED_SOURCE_MATCH_ROUTE,VERIFIED
team_match,2019-20,300,1060001,AWAY,20,2019-20:39,VERIFIED_SOURCE_MATCH_ROUTE,VERIFIED
team_match,2019-20,301,1060002,HOME,5,2019-20:90,VERIFIED_SOURCE_MATCH_ROUTE,VERIFIED
team_match,2019-20,301,1060002,AWAY,18,2019-20:57,VERIFIED_SOURCE_MATCH_ROUTE,VERIFIED
team_match,2019-20,302,1060003,HOME,6,2019-20:8,VERIFIED_SOURCE_MATCH_ROUTE,VERIFIED
team_match,2019-20,302,1060003,AWAY,11,2019-20:43,VERIFIED_SOURCE_MATCH_ROUTE,VERIFIED
team_match,2019-20,303,1060004,HOME,9,2019-20:13,VERIFIED_SOURCE_MATCH_ROUTE,VERIFIED
team_match,2019-20,303,1060004,AWAY,4,2019-20:36,VERIFIED_SOURCE_MATCH_ROUTE,VERIFIED
team_match,2019-20,304,1060005,HOME,10,2019-20:14,VERIFIED_SOURCE_MATCH_ROUTE,VERIFIED
team_match,2019-20,304,1060005,AWAY,7,2019-20:31,VERIFIED_SOURCE_MATCH_ROUTE,VERIFIED
team_match,2019-20,305,1060006,HOME,12,2019-20:1,VERIFIED_SOURCE_MATCH_ROUTE,VERIFIED
team_match,2019-20,305,1060006,AWAY,15,2019-20:49,VERIFIED_SOURCE_MATCH_ROUTE,VERIFIED
team_match,2019-20,306,1060007,HOME,13,2019-20:4,VERIFIED_SOURCE_MATCH_ROUTE,VERIFIED
team_match,2019-20,306,1060007,AWAY,2,2019-20:7,VERIFIED_SOURCE_MATCH_ROUTE,VERIFIED
team_match,2019-20,307,1060008,HOME,14,2019-20:45,VERIFIED_SOURCE_MATCH_ROUTE,VERIFIED
team_match,2019-20,307,1060008,AWAY,8,2019-20:11,VERIFIED_SOURCE_MATCH_ROUTE,VERIFIED
team_match,2019-20,308,1060009,HOME,16,2019-20:20,VERIFIED_SOURCE_MATCH_ROUTE,VERIFIED
team_match,2019-20,308,1060009,AWAY,1,2019-20:3,VERIFIED_SOURCE_MATCH_ROUTE,VERIFIED
team_match,2019-20,309,1060010,HOME,17,2019-20:6,VERIFIED_SOURCE_MATCH_ROUTE,VERIFIED
team_match,2019-20,309,1060010,AWAY,19,2019-20:21,VERIFIED_SOURCE_MATCH_ROUTE,VERIFIED
team_match,2019-20,310,1060011,HOME,20,2019-20:39,VERIFIED_SOURCE_MATCH_ROUTE,VERIFIED
team_match,2019-20,310,1060011,AWAY,3,2019-20:91,VERIFIED_SOURCE_MATCH_ROUTE,VERIFIED
team_match,2019-20,311,1060013,HOME,1,2019-20:3,VERIFIED_SOURCE_MATCH_ROUTE,VERIFIED
team_match,2019-20,311,1060013,AWAY,14,2019-20:45,VERIFIED_SOURCE_MATCH_ROUTE,VERIFIED
team_match,2019-20,312,1060014,HOME,2,2019-20:7,VERIFIED_SOURCE_MATCH_ROUTE,VERIFIED
team_match,2019-20,312,1060014,AWAY,20,2019-20:39,VERIFIED_SOURCE_MATCH_ROUTE,VERIFIED
team_match,2019-20,313,1060012,HOME,3,2019-20:91,VERIFIED_SOURCE_MATCH_ROUTE,VERIFIED
team_match,2019-20,313,1060012,AWAY,13,2019-20:4,VERIFIED_SOURCE_MATCH_ROUTE,VERIFIED
team_match,2019-20,314,1060015,HOME,4,2019-20:36,VERIFIED_SOURCE_MATCH_ROUTE,VERIFIED
team_match,2019-20,314,1060015,AWAY,12,2019-20:1,VERIFIED_SOURCE_MATCH_ROUTE,VERIFIED
team_match,2019-20,315,1060016,HOME,7,2019-20:31,VERIFIED_SOURCE_MATCH_ROUTE,VERIFIED
team_match,2019-20,315,1060016,AWAY,5,2019-20:90,VERIFIED_SOURCE_MATCH_ROUTE,VERIFIED
team_match,2019-20,316,1060017,HOME,8,2019-20:11,VERIFIED_SOURCE_MATCH_ROUTE,VERIFIED
team_match,2019-20,316,1060017,AWAY,9,2019-20:13,VERIFIED_SOURCE_MATCH_ROUTE,VERIFIED
team_match,2019-20,317,1060018,HOME,11,2019-20:43,VERIFIED_SOURCE_MATCH_ROUTE,VERIFIED
team_match,2019-20,317,1060018,AWAY,10,2019-20:14,VERIFIED_SOURCE_MATCH_ROUTE,VERIFIED
team_match,2019-20,318,1060019,HOME,15,2019-20:49,VERIFIED_SOURCE_MATCH_ROUTE,VERIFIED
team_match,2019-20,318,1060019,AWAY,17,2019-20:6,VERIFIED_SOURCE_MATCH_ROUTE,VERIFIED
team_match,2019-20,319,1060020,HOME,18,2019-20:57,VERIFIED_SOURCE_MATCH_ROUTE,VERIFIED
team_match,2019-20,319,1060020,AWAY,16,2019-20:20,VERIFIED_SOURCE_MATCH_ROUTE,VERIFIED
team_match,2019-20,320,1060021,HOME,19,2019-20:21,VERIFIED_SOURCE_MATCH_ROUTE,VERIFIED
team_match,2019-20,320,1060021,AWAY,6,2019-20:8,VERIFIED_SOURCE_MATCH_ROUTE,VERIFIED
team_match,2019-20,321,1060022,HOME,5,2019-20:90,VERIFIED_SOURCE_MATCH_ROUTE,VERIFIED
team_match,2019-20,321,1060022,AWAY,15,2019-20:49,VERIFIED_SOURCE_MATCH_ROUTE,VERIFIED
team_match,2019-20,322,1060023,HOME,6,2019-20:8,VERIFIED_SOURCE_MATCH_ROUTE,VERIFIED
team_match,2019-20,322,1060023,AWAY,18,2019-20:57,VERIFIED_SOURCE_MATCH_ROUTE,VERIFIED
team_match,2019-20,323,1060024,HOME,9,2019-20:13,VERIFIED_SOURCE_MATCH_ROUTE,VERIFIED
team_match,2019-20,323,1060024,AWAY,7,2019-20:31,VERIFIED_SOURCE_MATCH_ROUTE,VERIFIED
team_match,2019-20,324,1060025,HOME,10,2019-20:14,VERIFIED_SOURCE_MATCH_ROUTE,VERIFIED
team_match,2019-20,324,1060025,AWAY,2,2019-20:7,VERIFIED_SOURCE_MATCH_ROUTE,VERIFIED
team_match,2019-20,325,1060026,HOME,12,2019-20:1,VERIFIED_SOURCE_MATCH_ROUTE,VERIFIED
team_match,2019-20,325,1060026,AWAY,3,2019-20:91,VERIFIED_SOURCE_MATCH_ROUTE,VERIFIED
team_match,2019-20,326,1060027,HOME,13,2019-20:4,VERIFIED_SOURCE_MATCH_ROUTE,VERIFIED
team_match,2019-20,326,1060027,AWAY,19,2019-20:21,VERIFIED_SOURCE_MATCH_ROUTE,VERIFIED
team_match,2019-20,327,1060028,HOME,14,2019-20:45,VERIFIED_SOURCE_MATCH_ROUTE,VERIFIED
team_match,2019-20,327,1060028,AWAY,4,2019-20:36,VERIFIED_SOURCE_MATCH_ROUTE,VERIFIED
team_match,2019-20,328,1060029,HOME,16,2019-20:20,VERIFIED_SOURCE_MATCH_ROUTE,VERIFIED
team_match,2019-20,328,1060029,AWAY,11,2019-20:43,VERIFIED_SOURCE_MATCH_ROUTE,VERIFIED
team_match,2019-20,329,1060030,HOME,17,2019-20:6,VERIFIED_SOURCE_MATCH_ROUTE,VERIFIED
team_match,2019-20,329,1060030,AWAY,8,2019-20:11,VERIFIED_SOURCE_MATCH_ROUTE,VERIFIED
team_match,2019-20,330,1060031,HOME,20,2019-20:39,VERIFIED_SOURCE_MATCH_ROUTE,VERIFIED
team_match,2019-20,330,1060031,AWAY,1,2019-20:3,VERIFIED_SOURCE_MATCH_ROUTE,VERIFIED
team_match,2019-20,331,1060033,HOME,1,2019-20:3,VERIFIED_SOURCE_MATCH_ROUTE,VERIFIED
team_match,2019-20,331,1060033,AWAY,9,2019-20:13,VERIFIED_SOURCE_MATCH_ROUTE,VERIFIED
team_match,2019-20,332,1060034,HOME,2,2019-20:7,VERIFIED_SOURCE_MATCH_ROUTE,VERIFIED
team_match,2019-20,332,1060034,AWAY,12,2019-20:1,VERIFIED_SOURCE_MATCH_ROUTE,VERIFIED
team_match,2019-20,333,1060032,HOME,3,2019-20:91,VERIFIED_SOURCE_MATCH_ROUTE,VERIFIED
team_match,2019-20,333,1060032,AWAY,17,2019-20:6,VERIFIED_SOURCE_MATCH_ROUTE,VERIFIED
team_match,2019-20,334,1060035,HOME,4,2019-20:36,VERIFIED_SOURCE_MATCH_ROUTE,VERIFIED
team_match,2019-20,334,1060035,AWAY,10,2019-20:14,VERIFIED_SOURCE_MATCH_ROUTE,VERIFIED
team_match,2019-20,335,1060036,HOME,7,2019-20:31,VERIFIED_SOURCE_MATCH_ROUTE,VERIFIED
team_match,2019-20,335,1060036,AWAY,6,2019-20:8,VERIFIED_SOURCE_MATCH_ROUTE,VERIFIED
team_match,2019-20,336,1060037,HOME,8,2019-20:11,VERIFIED_SOURCE_MATCH_ROUTE,VERIFIED
team_match,2019-20,336,1060037,AWAY,16,2019-20:20,VERIFIED_SOURCE_MATCH_ROUTE,VERIFIED
team_match,2019-20,337,1060038,HOME,11,2019-20:43,VERIFIED_SOURCE_MATCH_ROUTE,VERIFIED
team_match,2019-20,337,1060038,AWAY,13,2019-20:4,VERIFIED_SOURCE_MATCH_ROUTE,VERIFIED
team_match,2019-20,338,1060039,HOME,15,2019-20:49,VERIFIED_SOURCE_MATCH_ROUTE,VERIFIED
team_match,2019-20,338,1060039,AWAY,20,2019-20:39,VERIFIED_SOURCE_MATCH_ROUTE,VERIFIED
team_match,2019-20,339,1060040,HOME,18,2019-20:57,VERIFIED_SOURCE_MATCH_ROUTE,VERIFIED
team_match,2019-20,339,1060040,AWAY,14,2019-20:45,VERIFIED_SOURCE_MATCH_ROUTE,VERIFIED
team_match,2019-20,340,1060041,HOME,19,2019-20:21,VERIFIED_SOURCE_MATCH_ROUTE,VERIFIED
team_match,2019-20,340,1060041,AWAY,5,2019-20:90,VERIFIED_SOURCE_MATCH_ROUTE,VERIFIED
team_match,2019-20,341,1060043,HOME,2,2019-20:7,VERIFIED_SOURCE_MATCH_ROUTE,VERIFIED
team_match,2019-20,341,1060043,AWAY,7,2019-20:31,VERIFIED_SOURCE_MATCH_ROUTE,VERIFIED
team_match,2019-20,342,1060042,HOME,3,2019-20:91,VERIFIED_SOURCE_MATCH_ROUTE,VERIFIED
team_match,2019-20,342,1060042,AWAY,9,2019-20:13,VERIFIED_SOURCE_MATCH_ROUTE,VERIFIED
team_match,2019-20,343,1060044,HOME,4,2019-20:36,VERIFIED_SOURCE_MATCH_ROUTE,VERIFIED
team_match,2019-20,343,1060044,AWAY,11,2019-20:43,VERIFIED_SOURCE_MATCH_ROUTE,VERIFIED
team_match,2019-20,344,1060045,HOME,10,2019-20:14,VERIFIED_SOURCE_MATCH_ROUTE,VERIFIED
team_match,2019-20,344,1060045,AWAY,5,2019-20:90,VERIFIED_SOURCE_MATCH_ROUTE,VERIFIED
team_match,2019-20,345,1060046,HOME,12,2019-20:1,VERIFIED_SOURCE_MATCH_ROUTE,VERIFIED
team_match,2019-20,345,1060046,AWAY,16,2019-20:20,VERIFIED_SOURCE_MATCH_ROUTE,VERIFIED
team_match,2019-20,346,1060047,HOME,14,2019-20:45,VERIFIED_SOURCE_MATCH_ROUTE,VERIFIED
team_match,2019-20,346,1060047,AWAY,19,2019-20:21,VERIFIED_SOURCE_MATCH_ROUTE,VERIFIED
team_match,2019-20,347,1060048,HOME,15,2019-20:49,VERIFIED_SOURCE_MATCH_ROUTE,VERIFIED
team_match,2019-20,347,1060048,AWAY,6,2019-20:8,VERIFIED_SOURCE_MATCH_ROUTE,VERIFIED
team_match,2019-20,348,1060049,HOME,17,2019-20:6,VERIFIED_SOURCE_MATCH_ROUTE,VERIFIED
team_match,2019-20,348,1060049,AWAY,1,2019-20:3,VERIFIED_SOURCE_MATCH_ROUTE,VERIFIED
team_match,2019-20,349,1060050,HOME,18,2019-20:57,VERIFIED_SOURCE_MATCH_ROUTE,VERIFIED
team_match,2019-20,349,1060050,AWAY,13,2019-20:4,VERIFIED_SOURCE_MATCH_ROUTE,VERIFIED
team_match,2019-20,350,1060051,HOME,20,2019-20:39,VERIFIED_SOURCE_MATCH_ROUTE,VERIFIED
team_match,2019-20,350,1060051,AWAY,8,2019-20:11,VERIFIED_SOURCE_MATCH_ROUTE,VERIFIED
team_match,2019-20,351,1060052,HOME,1,2019-20:3,VERIFIED_SOURCE_MATCH_ROUTE,VERIFIED
team_match,2019-20,351,1060052,AWAY,10,2019-20:14,VERIFIED_SOURCE_MATCH_ROUTE,VERIFIED
team_match,2019-20,352,1060053,HOME,5,2019-20:90,VERIFIED_SOURCE_MATCH_ROUTE,VERIFIED
team_match,2019-20,352,1060053,AWAY,20,2019-20:39,VERIFIED_SOURCE_MATCH_ROUTE,VERIFIED
team_match,2019-20,353,1060054,HOME,6,2019-20:8,VERIFIED_SOURCE_MATCH_ROUTE,VERIFIED
team_match,2019-20,353,1060054,AWAY,14,2019-20:45,VERIFIED_SOURCE_MATCH_ROUTE,VERIFIED
team_match,2019-20,354,1060055,HOME,7,2019-20:31,VERIFIED_SOURCE_MATCH_ROUTE,VERIFIED
team_match,2019-20,354,1060055,AWAY,12,2019-20:1,VERIFIED_SOURCE_MATCH_ROUTE,VERIFIED
team_match,2019-20,355,1060056,HOME,8,2019-20:11,VERIFIED_SOURCE_MATCH_ROUTE,VERIFIED
team_match,2019-20,355,1060056,AWAY,2,2019-20:7,VERIFIED_SOURCE_MATCH_ROUTE,VERIFIED
team_match,2019-20,356,1060057,HOME,9,2019-20:13,VERIFIED_SOURCE_MATCH_ROUTE,VERIFIED
team_match,2019-20,356,1060057,AWAY,15,2019-20:49,VERIFIED_SOURCE_MATCH_ROUTE,VERIFIED
team_match,2019-20,357,1060058,HOME,11,2019-20:43,VERIFIED_SOURCE_MATCH_ROUTE,VERIFIED
team_match,2019-20,357,1060058,AWAY,3,2019-20:91,VERIFIED_SOURCE_MATCH_ROUTE,VERIFIED
team_match,2019-20,358,1060059,HOME,13,2019-20:4,VERIFIED_SOURCE_MATCH_ROUTE,VERIFIED
team_match,2019-20,358,1060059,AWAY,17,2019-20:6,VERIFIED_SOURCE_MATCH_ROUTE,VERIFIED
team_match,2019-20,359,1060060,HOME,16,2019-20:20,VERIFIED_SOURCE_MATCH_ROUTE,VERIFIED
team_match,2019-20,359,1060060,AWAY,4,2019-20:36,VERIFIED_SOURCE_MATCH_ROUTE,VERIFIED
team_match,2019-20,360,1060061,HOME,19,2019-20:21,VERIFIED_SOURCE_MATCH_ROUTE,VERIFIED
team_match,2019-20,360,1060061,AWAY,18,2019-20:57,VERIFIED_SOURCE_MATCH_ROUTE,VERIFIED
team_match,2019-20,361,1060063,HOME,2,2019-20:7,VERIFIED_SOURCE_MATCH_ROUTE,VERIFIED
team_match,2019-20,361,1060063,AWAY,1,2019-20:3,VERIFIED_SOURCE_MATCH_ROUTE,VERIFIED
team_match,2019-20,362,1060062,HOME,3,2019-20:91,VERIFIED_SOURCE_MATCH_ROUTE,VERIFIED
team_match,2019-20,362,1060062,AWAY,16,2019-20:20,VERIFIED_SOURCE_MATCH_ROUTE,VERIFIED
team_match,2019-20,363,1060064,HOME,4,2019-20:36,VERIFIED_SOURCE_MATCH_ROUTE,VERIFIED
team_match,2019-20,363,1060064,AWAY,13,2019-20:4,VERIFIED_SOURCE_MATCH_ROUTE,VERIFIED
team_match,2019-20,364,1060065,HOME,10,2019-20:14,VERIFIED_SOURCE_MATCH_ROUTE,VERIFIED
team_match,2019-20,364,1060065,AWAY,6,2019-20:8,VERIFIED_SOURCE_MATCH_ROUTE,VERIFIED
team_match,2019-20,365,1060066,HOME,12,2019-20:1,VERIFIED_SOURCE_MATCH_ROUTE,VERIFIED
team_match,2019-20,365,1060066,AWAY,19,2019-20:21,VERIFIED_SOURCE_MATCH_ROUTE,VERIFIED
team_match,2019-20,366,1060067,HOME,14,2019-20:45,VERIFIED_SOURCE_MATCH_ROUTE,VERIFIED
team_match,2019-20,366,1060067,AWAY,5,2019-20:90,VERIFIED_SOURCE_MATCH_ROUTE,VERIFIED
team_match,2019-20,367,1060068,HOME,15,2019-20:49,VERIFIED_SOURCE_MATCH_ROUTE,VERIFIED
team_match,2019-20,367,1060068,AWAY,8,2019-20:11,VERIFIED_SOURCE_MATCH_ROUTE,VERIFIED
team_match,2019-20,368,1060069,HOME,17,2019-20:6,VERIFIED_SOURCE_MATCH_ROUTE,VERIFIED
team_match,2019-20,368,1060069,AWAY,9,2019-20:13,VERIFIED_SOURCE_MATCH_ROUTE,VERIFIED
team_match,2019-20,369,1060070,HOME,18,2019-20:57,VERIFIED_SOURCE_MATCH_ROUTE,VERIFIED
team_match,2019-20,369,1060070,AWAY,11,2019-20:43,VERIFIED_SOURCE_MATCH_ROUTE,VERIFIED
team_match,2019-20,370,1060071,HOME,20,2019-20:39,VERIFIED_SOURCE_MATCH_ROUTE,VERIFIED
team_match,2019-20,370,1060071,AWAY,7,2019-20:31,VERIFIED_SOURCE_MATCH_ROUTE,VERIFIED
team_match,2019-20,371,1060072,HOME,1,2019-20:3,VERIFIED_SOURCE_MATCH_ROUTE,VERIFIED
team_match,2019-20,371,1060072,AWAY,18,2019-20:57,VERIFIED_SOURCE_MATCH_ROUTE,VERIFIED
team_match,2019-20,372,1060073,HOME,5,2019-20:90,VERIFIED_SOURCE_MATCH_ROUTE,VERIFIED
team_match,2019-20,372,1060073,AWAY,4,2019-20:36,VERIFIED_SOURCE_MATCH_ROUTE,VERIFIED
team_match,2019-20,373,1060074,HOME,6,2019-20:8,VERIFIED_SOURCE_MATCH_ROUTE,VERIFIED
team_match,2019-20,373,1060074,AWAY,20,2019-20:39,VERIFIED_SOURCE_MATCH_ROUTE,VERIFIED
team_match,2019-20,374,1060075,HOME,7,2019-20:31,VERIFIED_SOURCE_MATCH_ROUTE,VERIFIED
team_match,2019-20,374,1060075,AWAY,17,2019-20:6,VERIFIED_SOURCE_MATCH_ROUTE,VERIFIED
team_match,2019-20,375,1060076,HOME,8,2019-20:11,VERIFIED_SOURCE_MATCH_ROUTE,VERIFIED
team_match,2019-20,375,1060076,AWAY,3,2019-20:91,VERIFIED_SOURCE_MATCH_ROUTE,VERIFIED
team_match,2019-20,376,1060077,HOME,9,2019-20:13,VERIFIED_SOURCE_MATCH_ROUTE,VERIFIED
team_match,2019-20,376,1060077,AWAY,12,2019-20:1,VERIFIED_SOURCE_MATCH_ROUTE,VERIFIED
team_match,2019-20,377,1060078,HOME,11,2019-20:43,VERIFIED_SOURCE_MATCH_ROUTE,VERIFIED
team_match,2019-20,377,1060078,AWAY,14,2019-20:45,VERIFIED_SOURCE_MATCH_ROUTE,VERIFIED
team_match,2019-20,378,1060079,HOME,13,2019-20:4,VERIFIED_SOURCE_MATCH_ROUTE,VERIFIED
team_match,2019-20,378,1060079,AWAY,10,2019-20:14,VERIFIED_SOURCE_MATCH_ROUTE,VERIFIED
team_match,2019-20,379,1060080,HOME,16,2019-20:20,VERIFIED_SOURCE_MATCH_ROUTE,VERIFIED
team_match,2019-20,379,1060080,AWAY,15,2019-20:49,VERIFIED_SOURCE_MATCH_ROUTE,VERIFIED
team_match,2019-20,380,1060081,HOME,19,2019-20:21,VERIFIED_SOURCE_MATCH_ROUTE,VERIFIED
team_match,2019-20,380,1060081,AWAY,2,2019-20:7,VERIFIED_SOURCE_MATCH_ROUTE,VERIFIED
team_match,2020-21,1,2128287,HOME,6,2020-21:31,VERIFIED_SOURCE_MATCH_ROUTE,VERIFIED
team_match,2020-21,1,2128287,AWAY,16,2020-21:20,VERIFIED_SOURCE_MATCH_ROUTE,VERIFIED
team_match,2020-21,2,2128288,HOME,8,2020-21:54,VERIFIED_SOURCE_MATCH_ROUTE,VERIFIED
team_match,2020-21,2,2128288,AWAY,1,2020-21:3,VERIFIED_SOURCE_MATCH_ROUTE,VERIFIED
team_match,2020-21,3,2128289,HOME,11,2020-21:14,VERIFIED_SOURCE_MATCH_ROUTE,VERIFIED
team_match,2020-21,3,2128289,AWAY,10,2020-21:2,VERIFIED_SOURCE_MATCH_ROUTE,VERIFIED
team_match,2020-21,4,2128291,HOME,17,2020-21:6,VERIFIED_SOURCE_MATCH_ROUTE,VERIFIED
team_match,2020-21,4,2128291,AWAY,7,2020-21:11,VERIFIED_SOURCE_MATCH_ROUTE,VERIFIED
team_match,2020-21,5,2128292,HOME,18,2020-21:35,VERIFIED_SOURCE_MATCH_ROUTE,VERIFIED
team_match,2020-21,5,2128292,AWAY,9,2020-21:13,VERIFIED_SOURCE_MATCH_ROUTE,VERIFIED
team_match,2020-21,6,2128293,HOME,19,2020-21:21,VERIFIED_SOURCE_MATCH_ROUTE,VERIFIED
team_match,2020-21,6,2128293,AWAY,14,2020-21:4,VERIFIED_SOURCE_MATCH_ROUTE,VERIFIED
team_match,2020-21,7,2128294,HOME,3,2020-21:36,VERIFIED_SOURCE_MATCH_ROUTE,VERIFIED
team_match,2020-21,7,2128294,AWAY,5,2020-21:8,VERIFIED_SOURCE_MATCH_ROUTE,VERIFIED
team_match,2020-21,8,2128295,HOME,15,2020-21:49,VERIFIED_SOURCE_MATCH_ROUTE,VERIFIED
team_match,2020-21,8,2128295,AWAY,20,2020-21:39,VERIFIED_SOURCE_MATCH_ROUTE,VERIFIED
team_match,2020-21,9,2128296,HOME,1,2020-21:3,VERIFIED_SOURCE_MATCH_ROUTE,VERIFIED
team_match,2020-21,9,2128296,AWAY,19,2020-21:21,VERIFIED_SOURCE_MATCH_ROUTE,VERIFIED
team_match,2020-21,10,2128297,HOME,2,2020-21:7,VERIFIED_SOURCE_MATCH_ROUTE,VERIFIED
team_match,2020-21,10,2128297,AWAY,15,2020-21:49,VERIFIED_SOURCE_MATCH_ROUTE,VERIFIED
team_match,2020-21,11,2128298,HOME,5,2020-21:8,VERIFIED_SOURCE_MATCH_ROUTE,VERIFIED
team_match,2020-21,11,2128298,AWAY,11,2020-21:14,VERIFIED_SOURCE_MATCH_ROUTE,VERIFIED
team_match,2020-21,12,2128299,HOME,7,2020-21:11,VERIFIED_SOURCE_MATCH_ROUTE,VERIFIED
team_match,2020-21,12,2128299,AWAY,18,2020-21:35,VERIFIED_SOURCE_MATCH_ROUTE,VERIFIED
team_match,2020-21,13,2128300,HOME,10,2020-21:2,VERIFIED_SOURCE_MATCH_ROUTE,VERIFIED
team_match,2020-21,13,2128300,AWAY,8,2020-21:54,VERIFIED_SOURCE_MATCH_ROUTE,VERIFIED
team_match,2020-21,14,2128301,HOME,9,2020-21:13,VERIFIED_SOURCE_MATCH_ROUTE,VERIFIED
team_match,2020-21,14,2128301,AWAY,4,2020-21:90,VERIFIED_SOURCE_MATCH_ROUTE,VERIFIED
team_match,2020-21,15,2128302,HOME,13,2020-21:1,VERIFIED_SOURCE_MATCH_ROUTE,VERIFIED
team_match,2020-21,15,2128302,AWAY,6,2020-21:31,VERIFIED_SOURCE_MATCH_ROUTE,VERIFIED
team_match,2020-21,16,2128303,HOME,14,2020-21:4,VERIFIED_SOURCE_MATCH_ROUTE,VERIFIED
team_match,2020-21,16,2128303,AWAY,3,2020-21:36,VERIFIED_SOURCE_MATCH_ROUTE,VERIFIED
team_match,2020-21,17,2128304,HOME,16,2020-21:20,VERIFIED_SOURCE_MATCH_ROUTE,VERIFIED
team_match,2020-21,17,2128304,AWAY,17,2020-21:6,VERIFIED_SOURCE_MATCH_ROUTE,VERIFIED
team_match,2020-21,18,2128305,HOME,20,2020-21:39,VERIFIED_SOURCE_MATCH_ROUTE,VERIFIED
team_match,2020-21,18,2128305,AWAY,12,2020-21:43,VERIFIED_SOURCE_MATCH_ROUTE,VERIFIED
team_match,2020-21,19,2128306,HOME,3,2020-21:36,VERIFIED_SOURCE_MATCH_ROUTE,VERIFIED
team_match,2020-21,19,2128306,AWAY,13,2020-21:1,VERIFIED_SOURCE_MATCH_ROUTE,VERIFIED
team_match,2020-21,20,2128307,HOME,4,2020-21:90,VERIFIED_SOURCE_MATCH_ROUTE,VERIFIED
team_match,2020-21,20,2128307,AWAY,16,2020-21:20,VERIFIED_SOURCE_MATCH_ROUTE,VERIFIED
team_match,2020-21,21,2128308,HOME,6,2020-21:31,VERIFIED_SOURCE_MATCH_ROUTE,VERIFIED
team_match,2020-21,21,2128308,AWAY,7,2020-21:11,VERIFIED_SOURCE_MATCH_ROUTE,VERIFIED
team_match,2020-21,22,2128309,HOME,8,2020-21:54,VERIFIED_SOURCE_MATCH_ROUTE,VERIFIED
team_match,2020-21,22,2128309,AWAY,2,2020-21:7,VERIFIED_SOURCE_MATCH_ROUTE,VERIFIED
team_match,2020-21,23,2128310,HOME,11,2020-21:14,VERIFIED_SOURCE_MATCH_ROUTE,VERIFIED
team_match,2020-21,23,2128310,AWAY,1,2020-21:3,VERIFIED_SOURCE_MATCH_ROUTE,VERIFIED
team_match,2020-21,24,2128311,HOME,12,2020-21:43,VERIFIED_SOURCE_MATCH_ROUTE,VERIFIED
team_match,2020-21,24,2128311,AWAY,9,2020-21:13,VERIFIED_SOURCE_MATCH_ROUTE,VERIFIED
team_match,2020-21,25,2128312,HOME,15,2020-21:49,VERIFIED_SOURCE_MATCH_ROUTE,VERIFIED
team_match,2020-21,25,2128312,AWAY,10,2020-21:2,VERIFIED_SOURCE_MATCH_ROUTE,VERIFIED
team_match,2020-21,26,2128313,HOME,17,2020-21:6,VERIFIED_SOURCE_MATCH_ROUTE,VERIFIED
team_match,2020-21,26,2128313,AWAY,14,2020-21:4,VERIFIED_SOURCE_MATCH_ROUTE,VERIFIED
team_match,2020-21,27,2128314,HOME,18,2020-21:35,VERIFIED_SOURCE_MATCH_ROUTE,VERIFIED
team_match,2020-21,27,2128314,AWAY,5,2020-21:8,VERIFIED_SOURCE_MATCH_ROUTE,VERIFIED
team_match,2020-21,28,2128315,HOME,19,2020-21:21,VERIFIED_SOURCE_MATCH_ROUTE,VERIFIED
team_match,2020-21,28,2128315,AWAY,20,2020-21:39,VERIFIED_SOURCE_MATCH_ROUTE,VERIFIED
team_match,2020-21,29,2128316,HOME,1,2020-21:3,VERIFIED_SOURCE_MATCH_ROUTE,VERIFIED
team_match,2020-21,29,2128316,AWAY,15,2020-21:49,VERIFIED_SOURCE_MATCH_ROUTE,VERIFIED
team_match,2020-21,30,2128317,HOME,2,2020-21:7,VERIFIED_SOURCE_MATCH_ROUTE,VERIFIED
team_match,2020-21,30,2128317,AWAY,11,2020-21:14,VERIFIED_SOURCE_MATCH_ROUTE,VERIFIED
team_match,2020-21,31,2128318,HOME,5,2020-21:8,VERIFIED_SOURCE_MATCH_ROUTE,VERIFIED
team_match,2020-21,31,2128318,AWAY,6,2020-21:31,VERIFIED_SOURCE_MATCH_ROUTE,VERIFIED
team_match,2020-21,32,2128319,HOME,7,2020-21:11,VERIFIED_SOURCE_MATCH_ROUTE,VERIFIED
team_match,2020-21,32,2128319,AWAY,3,2020-21:36,VERIFIED_SOURCE_MATCH_ROUTE,VERIFIED
team_match,2020-21,33,2128320,HOME,10,2020-21:2,VERIFIED_SOURCE_MATCH_ROUTE,VERIFIED
team_match,2020-21,33,2128320,AWAY,12,2020-21:43,VERIFIED_SOURCE_MATCH_ROUTE,VERIFIED
team_match,2020-21,34,2128321,HOME,9,2020-21:13,VERIFIED_SOURCE_MATCH_ROUTE,VERIFIED
team_match,2020-21,34,2128321,AWAY,19,2020-21:21,VERIFIED_SOURCE_MATCH_ROUTE,VERIFIED
team_match,2020-21,35,2128322,HOME,13,2020-21:1,VERIFIED_SOURCE_MATCH_ROUTE,VERIFIED
team_match,2020-21,35,2128322,AWAY,17,2020-21:6,VERIFIED_SOURCE_MATCH_ROUTE,VERIFIED
team_match,2020-21,36,2128323,HOME,14,2020-21:4,VERIFIED_SOURCE_MATCH_ROUTE,VERIFIED
team_match,2020-21,36,2128323,AWAY,4,2020-21:90,VERIFIED_SOURCE_MATCH_ROUTE,VERIFIED
team_match,2020-21,37,2128324,HOME,16,2020-21:20,VERIFIED_SOURCE_MATCH_ROUTE,VERIFIED
team_match,2020-21,37,2128324,AWAY,18,2020-21:35,VERIFIED_SOURCE_MATCH_ROUTE,VERIFIED
team_match,2020-21,38,2128325,HOME,20,2020-21:39,VERIFIED_SOURCE_MATCH_ROUTE,VERIFIED
team_match,2020-21,38,2128325,AWAY,8,2020-21:54,VERIFIED_SOURCE_MATCH_ROUTE,VERIFIED
team_match,2020-21,39,2128326,HOME,5,2020-21:8,VERIFIED_SOURCE_MATCH_ROUTE,VERIFIED
team_match,2020-21,39,2128326,AWAY,16,2020-21:20,VERIFIED_SOURCE_MATCH_ROUTE,VERIFIED
team_match,2020-21,40,2128327,HOME,6,2020-21:31,VERIFIED_SOURCE_MATCH_ROUTE,VERIFIED
team_match,2020-21,40,2128327,AWAY,3,2020-21:36,VERIFIED_SOURCE_MATCH_ROUTE,VERIFIED
team_match,2020-21,41,2128328,HOME,7,2020-21:11,VERIFIED_SOURCE_MATCH_ROUTE,VERIFIED
team_match,2020-21,41,2128328,AWAY,11,2020-21:14,VERIFIED_SOURCE_MATCH_ROUTE,VERIFIED
team_match,2020-21,42,2128329,HOME,10,2020-21:2,VERIFIED_SOURCE_MATCH_ROUTE,VERIFIED
team_match,2020-21,42,2128329,AWAY,20,2020-21:39,VERIFIED_SOURCE_MATCH_ROUTE,VERIFIED
team_match,2020-21,43,2128330,HOME,9,2020-21:13,VERIFIED_SOURCE_MATCH_ROUTE,VERIFIED
team_match,2020-21,43,2128330,AWAY,2,2020-21:7,VERIFIED_SOURCE_MATCH_ROUTE,VERIFIED
team_match,2020-21,44,2128331,HOME,12,2020-21:43,VERIFIED_SOURCE_MATCH_ROUTE,VERIFIED
team_match,2020-21,44,2128331,AWAY,1,2020-21:3,VERIFIED_SOURCE_MATCH_ROUTE,VERIFIED
team_match,2020-21,45,2128332,HOME,14,2020-21:4,VERIFIED_SOURCE_MATCH_ROUTE,VERIFIED
team_match,2020-21,45,2128332,AWAY,13,2020-21:1,VERIFIED_SOURCE_MATCH_ROUTE,VERIFIED
team_match,2020-21,46,2128333,HOME,15,2020-21:49,VERIFIED_SOURCE_MATCH_ROUTE,VERIFIED
team_match,2020-21,46,2128333,AWAY,8,2020-21:54,VERIFIED_SOURCE_MATCH_ROUTE,VERIFIED
team_match,2020-21,47,2128334,HOME,17,2020-21:6,VERIFIED_SOURCE_MATCH_ROUTE,VERIFIED
team_match,2020-21,47,2128334,AWAY,19,2020-21:21,VERIFIED_SOURCE_MATCH_ROUTE,VERIFIED
team_match,2020-21,48,2128335,HOME,18,2020-21:35,VERIFIED_SOURCE_MATCH_ROUTE,VERIFIED
team_match,2020-21,48,2128335,AWAY,4,2020-21:90,VERIFIED_SOURCE_MATCH_ROUTE,VERIFIED
team_match,2020-21,49,2128336,HOME,1,2020-21:3,VERIFIED_SOURCE_MATCH_ROUTE,VERIFIED
team_match,2020-21,49,2128336,AWAY,9,2020-21:13,VERIFIED_SOURCE_MATCH_ROUTE,VERIFIED
team_match,2020-21,50,2128337,HOME,2,2020-21:7,VERIFIED_SOURCE_MATCH_ROUTE,VERIFIED
team_match,2020-21,50,2128337,AWAY,10,2020-21:2,VERIFIED_SOURCE_MATCH_ROUTE,VERIFIED
team_match,2020-21,51,2128338,HOME,3,2020-21:36,VERIFIED_SOURCE_MATCH_ROUTE,VERIFIED
team_match,2020-21,51,2128338,AWAY,18,2020-21:35,VERIFIED_SOURCE_MATCH_ROUTE,VERIFIED
team_match,2020-21,52,2128339,HOME,4,2020-21:90,VERIFIED_SOURCE_MATCH_ROUTE,VERIFIED
team_match,2020-21,52,2128339,AWAY,17,2020-21:6,VERIFIED_SOURCE_MATCH_ROUTE,VERIFIED
team_match,2020-21,53,2128340,HOME,8,2020-21:54,VERIFIED_SOURCE_MATCH_ROUTE,VERIFIED
team_match,2020-21,53,2128340,AWAY,6,2020-21:31,VERIFIED_SOURCE_MATCH_ROUTE,VERIFIED
team_match,2020-21,54,2128341,HOME,11,2020-21:14,VERIFIED_SOURCE_MATCH_ROUTE,VERIFIED
team_match,2020-21,54,2128341,AWAY,15,2020-21:49,VERIFIED_SOURCE_MATCH_ROUTE,VERIFIED
team_match,2020-21,55,2128342,HOME,13,2020-21:1,VERIFIED_SOURCE_MATCH_ROUTE,VERIFIED
team_match,2020-21,55,2128342,AWAY,5,2020-21:8,VERIFIED_SOURCE_MATCH_ROUTE,VERIFIED
team_match,2020-21,56,2128343,HOME,16,2020-21:20,VERIFIED_SOURCE_MATCH_ROUTE,VERIFIED
team_match,2020-21,56,2128343,AWAY,7,2020-21:11,VERIFIED_SOURCE_MATCH_ROUTE,VERIFIED
team_match,2020-21,57,2128344,HOME,19,2020-21:21,VERIFIED_SOURCE_MATCH_ROUTE,VERIFIED
team_match,2020-21,57,2128344,AWAY,12,2020-21:43,VERIFIED_SOURCE_MATCH_ROUTE,VERIFIED
team_match,2020-21,58,2128345,HOME,20,2020-21:39,VERIFIED_SOURCE_MATCH_ROUTE,VERIFIED
team_match,2020-21,58,2128345,AWAY,14,2020-21:4,VERIFIED_SOURCE_MATCH_ROUTE,VERIFIED
team_match,2020-21,59,2128346,HOME,2,2020-21:7,VERIFIED_SOURCE_MATCH_ROUTE,VERIFIED
team_match,2020-21,59,2128346,AWAY,16,2020-21:20,VERIFIED_SOURCE_MATCH_ROUTE,VERIFIED
team_match,2020-21,60,2128347,HOME,4,2020-21:90,VERIFIED_SOURCE_MATCH_ROUTE,VERIFIED
team_match,2020-21,60,2128347,AWAY,5,2020-21:8,VERIFIED_SOURCE_MATCH_ROUTE,VERIFIED
team_match,2020-21,61,2128348,HOME,8,2020-21:54,VERIFIED_SOURCE_MATCH_ROUTE,VERIFIED
team_match,2020-21,61,2128348,AWAY,18,2020-21:35,VERIFIED_SOURCE_MATCH_ROUTE,VERIFIED
team_match,2020-21,62,2128349,HOME,10,2020-21:2,VERIFIED_SOURCE_MATCH_ROUTE,VERIFIED
team_match,2020-21,62,2128349,AWAY,9,2020-21:13,VERIFIED_SOURCE_MATCH_ROUTE,VERIFIED
team_match,2020-21,63,2128350,HOME,11,2020-21:14,VERIFIED_SOURCE_MATCH_ROUTE,VERIFIED
team_match,2020-21,63,2128350,AWAY,19,2020-21:21,VERIFIED_SOURCE_MATCH_ROUTE,VERIFIED
team_match,2020-21,64,2128351,HOME,13,2020-21:1,VERIFIED_SOURCE_MATCH_ROUTE,VERIFIED
team_match,2020-21,64,2128351,AWAY,1,2020-21:3,VERIFIED_SOURCE_MATCH_ROUTE,VERIFIED
team_match,2020-21,65,2128352,HOME,14,2020-21:4,VERIFIED_SOURCE_MATCH_ROUTE,VERIFIED
team_match,2020-21,65,2128352,AWAY,7,2020-21:11,VERIFIED_SOURCE_MATCH_ROUTE,VERIFIED
team_match,2020-21,66,2128353,HOME,15,2020-21:49,VERIFIED_SOURCE_MATCH_ROUTE,VERIFIED
team_match,2020-21,66,2128353,AWAY,12,2020-21:43,VERIFIED_SOURCE_MATCH_ROUTE,VERIFIED
team_match,2020-21,67,2128354,HOME,17,2020-21:6,VERIFIED_SOURCE_MATCH_ROUTE,VERIFIED
team_match,2020-21,67,2128354,AWAY,3,2020-21:36,VERIFIED_SOURCE_MATCH_ROUTE,VERIFIED
team_match,2020-21,68,2128355,HOME,20,2020-21:39,VERIFIED_SOURCE_MATCH_ROUTE,VERIFIED
team_match,2020-21,68,2128355,AWAY,6,2020-21:31,VERIFIED_SOURCE_MATCH_ROUTE,VERIFIED
team_match,2020-21,69,2128356,HOME,1,2020-21:3,VERIFIED_SOURCE_MATCH_ROUTE,VERIFIED
team_match,2020-21,69,2128356,AWAY,2,2020-21:7,VERIFIED_SOURCE_MATCH_ROUTE,VERIFIED
team_match,2020-21,70,2128357,HOME,3,2020-21:36,VERIFIED_SOURCE_MATCH_ROUTE,VERIFIED
team_match,2020-21,70,2128357,AWAY,4,2020-21:90,VERIFIED_SOURCE_MATCH_ROUTE,VERIFIED
team_match,2020-21,71,2128358,HOME,5,2020-21:8,VERIFIED_SOURCE_MATCH_ROUTE,VERIFIED
team_match,2020-21,71,2128358,AWAY,15,2020-21:49,VERIFIED_SOURCE_MATCH_ROUTE,VERIFIED
team_match,2020-21,72,2128359,HOME,6,2020-21:31,VERIFIED_SOURCE_MATCH_ROUTE,VERIFIED
team_match,2020-21,72,2128359,AWAY,10,2020-21:2,VERIFIED_SOURCE_MATCH_ROUTE,VERIFIED
team_match,2020-21,73,2128360,HOME,7,2020-21:11,VERIFIED_SOURCE_MATCH_ROUTE,VERIFIED
team_match,2020-21,73,2128360,AWAY,13,2020-21:1,VERIFIED_SOURCE_MATCH_ROUTE,VERIFIED
team_match,2020-21,74,2128361,HOME,9,2020-21:13,VERIFIED_SOURCE_MATCH_ROUTE,VERIFIED
team_match,2020-21,74,2128361,AWAY,20,2020-21:39,VERIFIED_SOURCE_MATCH_ROUTE,VERIFIED
team_match,2020-21,75,2128362,HOME,12,2020-21:43,VERIFIED_SOURCE_MATCH_ROUTE,VERIFIED
team_match,2020-21,75,2128362,AWAY,11,2020-21:14,VERIFIED_SOURCE_MATCH_ROUTE,VERIFIED
team_match,2020-21,76,2128363,HOME,16,2020-21:20,VERIFIED_SOURCE_MATCH_ROUTE,VERIFIED
team_match,2020-21,76,2128363,AWAY,14,2020-21:4,VERIFIED_SOURCE_MATCH_ROUTE,VERIFIED
team_match,2020-21,77,2128364,HOME,18,2020-21:35,VERIFIED_SOURCE_MATCH_ROUTE,VERIFIED
team_match,2020-21,77,2128364,AWAY,17,2020-21:6,VERIFIED_SOURCE_MATCH_ROUTE,VERIFIED
team_match,2020-21,78,2128365,HOME,19,2020-21:21,VERIFIED_SOURCE_MATCH_ROUTE,VERIFIED
team_match,2020-21,78,2128365,AWAY,8,2020-21:54,VERIFIED_SOURCE_MATCH_ROUTE,VERIFIED
team_match,2020-21,79,2128366,HOME,2,2020-21:7,VERIFIED_SOURCE_MATCH_ROUTE,VERIFIED
team_match,2020-21,79,2128366,AWAY,3,2020-21:36,VERIFIED_SOURCE_MATCH_ROUTE,VERIFIED
team_match,2020-21,80,2128367,HOME,4,2020-21:90,VERIFIED_SOURCE_MATCH_ROUTE,VERIFIED
team_match,2020-21,80,2128367,AWAY,6,2020-21:31,VERIFIED_SOURCE_MATCH_ROUTE,VERIFIED
team_match,2020-21,81,2128368,HOME,8,2020-21:54,VERIFIED_SOURCE_MATCH_ROUTE,VERIFIED
team_match,2020-21,81,2128368,AWAY,7,2020-21:11,VERIFIED_SOURCE_MATCH_ROUTE,VERIFIED
team_match,2020-21,82,2128369,HOME,10,2020-21:2,VERIFIED_SOURCE_MATCH_ROUTE,VERIFIED
team_match,2020-21,82,2128369,AWAY,1,2020-21:3,VERIFIED_SOURCE_MATCH_ROUTE,VERIFIED
team_match,2020-21,83,2128370,HOME,11,2020-21:14,VERIFIED_SOURCE_MATCH_ROUTE,VERIFIED
team_match,2020-21,83,2128370,AWAY,9,2020-21:13,VERIFIED_SOURCE_MATCH_ROUTE,VERIFIED
team_match,2020-21,84,2128371,HOME,13,2020-21:1,VERIFIED_SOURCE_MATCH_ROUTE,VERIFIED
team_match,2020-21,84,2128371,AWAY,18,2020-21:35,VERIFIED_SOURCE_MATCH_ROUTE,VERIFIED
team_match,2020-21,85,2128372,HOME,14,2020-21:4,VERIFIED_SOURCE_MATCH_ROUTE,VERIFIED
team_match,2020-21,85,2128372,AWAY,5,2020-21:8,VERIFIED_SOURCE_MATCH_ROUTE,VERIFIED
team_match,2020-21,86,2128373,HOME,15,2020-21:49,VERIFIED_SOURCE_MATCH_ROUTE,VERIFIED
team_match,2020-21,86,2128373,AWAY,19,2020-21:21,VERIFIED_SOURCE_MATCH_ROUTE,VERIFIED
team_match,2020-21,87,2128374,HOME,17,2020-21:6,VERIFIED_SOURCE_MATCH_ROUTE,VERIFIED
team_match,2020-21,87,2128374,AWAY,12,2020-21:43,VERIFIED_SOURCE_MATCH_ROUTE,VERIFIED
team_match,2020-21,88,2128375,HOME,20,2020-21:39,VERIFIED_SOURCE_MATCH_ROUTE,VERIFIED
team_match,2020-21,88,2128375,AWAY,16,2020-21:20,VERIFIED_SOURCE_MATCH_ROUTE,VERIFIED
team_match,2020-21,89,2128376,HOME,1,2020-21:3,VERIFIED_SOURCE_MATCH_ROUTE,VERIFIED
team_match,2020-21,89,2128376,AWAY,20,2020-21:39,VERIFIED_SOURCE_MATCH_ROUTE,VERIFIED
team_match,2020-21,90,2128377,HOME,3,2020-21:36,VERIFIED_SOURCE_MATCH_ROUTE,VERIFIED
team_match,2020-21,90,2128377,AWAY,11,2020-21:14,VERIFIED_SOURCE_MATCH_ROUTE,VERIFIED
team_match,2020-21,91,2128378,HOME,5,2020-21:8,VERIFIED_SOURCE_MATCH_ROUTE,VERIFIED
team_match,2020-21,91,2128378,AWAY,17,2020-21:6,VERIFIED_SOURCE_MATCH_ROUTE,VERIFIED
team_match,2020-21,92,2128379,HOME,6,2020-21:31,VERIFIED_SOURCE_MATCH_ROUTE,VERIFIED
team_match,2020-21,92,2128379,AWAY,14,2020-21:4,VERIFIED_SOURCE_MATCH_ROUTE,VERIFIED
team_match,2020-21,93,2128380,HOME,7,2020-21:11,VERIFIED_SOURCE_MATCH_ROUTE,VERIFIED
team_match,2020-21,93,2128380,AWAY,10,2020-21:2,VERIFIED_SOURCE_MATCH_ROUTE,VERIFIED
team_match,2020-21,94,2128381,HOME,9,2020-21:13,VERIFIED_SOURCE_MATCH_ROUTE,VERIFIED
team_match,2020-21,94,2128381,AWAY,8,2020-21:54,VERIFIED_SOURCE_MATCH_ROUTE,VERIFIED
team_match,2020-21,95,2128382,HOME,12,2020-21:43,VERIFIED_SOURCE_MATCH_ROUTE,VERIFIED
team_match,2020-21,95,2128382,AWAY,4,2020-21:90,VERIFIED_SOURCE_MATCH_ROUTE,VERIFIED
team_match,2020-21,96,2128383,HOME,16,2020-21:20,VERIFIED_SOURCE_MATCH_ROUTE,VERIFIED
team_match,2020-21,96,2128383,AWAY,13,2020-21:1,VERIFIED_SOURCE_MATCH_ROUTE,VERIFIED
team_match,2020-21,97,2128384,HOME,18,2020-21:35,VERIFIED_SOURCE_MATCH_ROUTE,VERIFIED
team_match,2020-21,97,2128384,AWAY,15,2020-21:49,VERIFIED_SOURCE_MATCH_ROUTE,VERIFIED
team_match,2020-21,98,2128385,HOME,19,2020-21:21,VERIFIED_SOURCE_MATCH_ROUTE,VERIFIED
team_match,2020-21,98,2128385,AWAY,2,2020-21:7,VERIFIED_SOURCE_MATCH_ROUTE,VERIFIED
team_match,2020-21,99,2128386,HOME,2,2020-21:7,VERIFIED_SOURCE_MATCH_ROUTE,VERIFIED
team_match,2020-21,99,2128386,AWAY,14,2020-21:4,VERIFIED_SOURCE_MATCH_ROUTE,VERIFIED
team_match,2020-21,100,2128387,HOME,3,2020-21:36,VERIFIED_SOURCE_MATCH_ROUTE,VERIFIED
team_match,2020-21,100,2128387,AWAY,16,2020-21:20,VERIFIED_SOURCE_MATCH_ROUTE,VERIFIED
team_match,2020-21,101,2128388,HOME,4,2020-21:90,VERIFIED_SOURCE_MATCH_ROUTE,VERIFIED
team_match,2020-21,101,2128388,AWAY,7,2020-21:11,VERIFIED_SOURCE_MATCH_ROUTE,VERIFIED
team_match,2020-21,102,2128389,HOME,5,2020-21:8,VERIFIED_SOURCE_MATCH_ROUTE,VERIFIED
team_match,2020-21,102,2128389,AWAY,10,2020-21:2,VERIFIED_SOURCE_MATCH_ROUTE,VERIFIED
team_match,2020-21,103,2128390,HOME,11,2020-21:14,VERIFIED_SOURCE_MATCH_ROUTE,VERIFIED
team_match,2020-21,103,2128390,AWAY,20,2020-21:39,VERIFIED_SOURCE_MATCH_ROUTE,VERIFIED
team_match,2020-21,104,2128391,HOME,12,2020-21:43,VERIFIED_SOURCE_MATCH_ROUTE,VERIFIED
team_match,2020-21,104,2128391,AWAY,8,2020-21:54,VERIFIED_SOURCE_MATCH_ROUTE,VERIFIED
team_match,2020-21,105,2128392,HOME,15,2020-21:49,VERIFIED_SOURCE_MATCH_ROUTE,VERIFIED
team_match,2020-21,105,2128392,AWAY,9,2020-21:13,VERIFIED_SOURCE_MATCH_ROUTE,VERIFIED
team_match,2020-21,106,2128393,HOME,17,2020-21:6,VERIFIED_SOURCE_MATCH_ROUTE,VERIFIED
team_match,2020-21,106,2128393,AWAY,1,2020-21:3,VERIFIED_SOURCE_MATCH_ROUTE,VERIFIED
team_match,2020-21,107,2128394,HOME,18,2020-21:35,VERIFIED_SOURCE_MATCH_ROUTE,VERIFIED
team_match,2020-21,107,2128394,AWAY,6,2020-21:31,VERIFIED_SOURCE_MATCH_ROUTE,VERIFIED
team_match,2020-21,108,2128395,HOME,19,2020-21:21,VERIFIED_SOURCE_MATCH_ROUTE,VERIFIED
team_match,2020-21,108,2128395,AWAY,13,2020-21:1,VERIFIED_SOURCE_MATCH_ROUTE,VERIFIED
team_match,2020-21,109,2128396,HOME,1,2020-21:3,VERIFIED_SOURCE_MATCH_ROUTE,VERIFIED
team_match,2020-21,109,2128396,AWAY,4,2020-21:90,VERIFIED_SOURCE_MATCH_ROUTE,VERIFIED
team_match,2020-21,110,2128397,HOME,6,2020-21:31,VERIFIED_SOURCE_MATCH_ROUTE,VERIFIED
team_match,2020-21,110,2128397,AWAY,17,2020-21:6,VERIFIED_SOURCE_MATCH_ROUTE,VERIFIED
team_match,2020-21,111,2128398,HOME,7,2020-21:11,VERIFIED_SOURCE_MATCH_ROUTE,VERIFIED
team_match,2020-21,111,2128398,AWAY,5,2020-21:8,VERIFIED_SOURCE_MATCH_ROUTE,VERIFIED
team_match,2020-21,112,2128399,HOME,8,2020-21:54,VERIFIED_SOURCE_MATCH_ROUTE,VERIFIED
team_match,2020-21,112,2128399,AWAY,11,2020-21:14,VERIFIED_SOURCE_MATCH_ROUTE,VERIFIED
team_match,2020-21,113,2128400,HOME,10,2020-21:2,VERIFIED_SOURCE_MATCH_ROUTE,VERIFIED
team_match,2020-21,113,2128400,AWAY,19,2020-21:21,VERIFIED_SOURCE_MATCH_ROUTE,VERIFIED
team_match,2020-21,114,2128401,HOME,9,2020-21:13,VERIFIED_SOURCE_MATCH_ROUTE,VERIFIED
team_match,2020-21,114,2128401,AWAY,3,2020-21:36,VERIFIED_SOURCE_MATCH_ROUTE,VERIFIED
team_match,2020-21,115,2128402,HOME,13,2020-21:1,VERIFIED_SOURCE_MATCH_ROUTE,VERIFIED
team_match,2020-21,115,2128402,AWAY,12,2020-21:43,VERIFIED_SOURCE_MATCH_ROUTE,VERIFIED
team_match,2020-21,116,2128403,HOME,14,2020-21:4,VERIFIED_SOURCE_MATCH_ROUTE,VERIFIED
team_match,2020-21,116,2128403,AWAY,18,2020-21:35,VERIFIED_SOURCE_MATCH_ROUTE,VERIFIED
team_match,2020-21,117,2128404,HOME,16,2020-21:20,VERIFIED_SOURCE_MATCH_ROUTE,VERIFIED
team_match,2020-21,117,2128404,AWAY,15,2020-21:49,VERIFIED_SOURCE_MATCH_ROUTE,VERIFIED
team_match,2020-21,118,2128405,HOME,20,2020-21:39,VERIFIED_SOURCE_MATCH_ROUTE,VERIFIED
team_match,2020-21,118,2128405,AWAY,2,2020-21:7,VERIFIED_SOURCE_MATCH_ROUTE,VERIFIED
team_match,2020-21,119,2128406,HOME,1,2020-21:3,VERIFIED_SOURCE_MATCH_ROUTE,VERIFIED
team_match,2020-21,119,2128406,AWAY,16,2020-21:20,VERIFIED_SOURCE_MATCH_ROUTE,VERIFIED
team_match,2020-21,120,2128407,HOME,2,2020-21:7,VERIFIED_SOURCE_MATCH_ROUTE,VERIFIED
team_match,2020-21,120,2128407,AWAY,4,2020-21:90,VERIFIED_SOURCE_MATCH_ROUTE,VERIFIED
team_match,2020-21,121,2128408,HOME,8,2020-21:54,VERIFIED_SOURCE_MATCH_ROUTE,VERIFIED
team_match,2020-21,121,2128408,AWAY,3,2020-21:36,VERIFIED_SOURCE_MATCH_ROUTE,VERIFIED
team_match,2020-21,122,2128409,HOME,10,2020-21:2,VERIFIED_SOURCE_MATCH_ROUTE,VERIFIED
team_match,2020-21,122,2128409,AWAY,14,2020-21:4,VERIFIED_SOURCE_MATCH_ROUTE,VERIFIED
team_match,2020-21,123,2128410,HOME,9,2020-21:13,VERIFIED_SOURCE_MATCH_ROUTE,VERIFIED
team_match,2020-21,123,2128410,AWAY,7,2020-21:11,VERIFIED_SOURCE_MATCH_ROUTE,VERIFIED
team_match,2020-21,124,2128411,HOME,15,2020-21:49,VERIFIED_SOURCE_MATCH_ROUTE,VERIFIED
team_match,2020-21,124,2128411,AWAY,13,2020-21:1,VERIFIED_SOURCE_MATCH_ROUTE,VERIFIED
team_match,2020-21,125,2128412,HOME,19,2020-21:21,VERIFIED_SOURCE_MATCH_ROUTE,VERIFIED
team_match,2020-21,125,2128412,AWAY,6,2020-21:31,VERIFIED_SOURCE_MATCH_ROUTE,VERIFIED
team_match,2020-21,126,2128413,HOME,20,2020-21:39,VERIFIED_SOURCE_MATCH_ROUTE,VERIFIED
team_match,2020-21,126,2128413,AWAY,5,2020-21:8,VERIFIED_SOURCE_MATCH_ROUTE,VERIFIED
team_match,2020-21,127,2128414,HOME,11,2020-21:14,VERIFIED_SOURCE_MATCH_ROUTE,VERIFIED
team_match,2020-21,127,2128414,AWAY,17,2020-21:6,VERIFIED_SOURCE_MATCH_ROUTE,VERIFIED
team_match,2020-21,128,2128415,HOME,12,2020-21:43,VERIFIED_SOURCE_MATCH_ROUTE,VERIFIED
team_match,2020-21,128,2128415,AWAY,18,2020-21:35,VERIFIED_SOURCE_MATCH_ROUTE,VERIFIED
team_match,2020-21,129,2128416,HOME,3,2020-21:36,VERIFIED_SOURCE_MATCH_ROUTE,VERIFIED
team_match,2020-21,129,2128416,AWAY,15,2020-21:49,VERIFIED_SOURCE_MATCH_ROUTE,VERIFIED
team_match,2020-21,130,2128417,HOME,4,2020-21:90,VERIFIED_SOURCE_MATCH_ROUTE,VERIFIED
team_match,2020-21,130,2128417,AWAY,20,2020-21:39,VERIFIED_SOURCE_MATCH_ROUTE,VERIFIED
team_match,2020-21,131,2128418,HOME,5,2020-21:8,VERIFIED_SOURCE_MATCH_ROUTE,VERIFIED
team_match,2020-21,131,2128418,AWAY,19,2020-21:21,VERIFIED_SOURCE_MATCH_ROUTE,VERIFIED
team_match,2020-21,132,2128419,HOME,6,2020-21:31,VERIFIED_SOURCE_MATCH_ROUTE,VERIFIED
team_match,2020-21,132,2128419,AWAY,11,2020-21:14,VERIFIED_SOURCE_MATCH_ROUTE,VERIFIED
team_match,2020-21,133,2128420,HOME,7,2020-21:11,VERIFIED_SOURCE_MATCH_ROUTE,VERIFIED
team_match,2020-21,133,2128420,AWAY,1,2020-21:3,VERIFIED_SOURCE_MATCH_ROUTE,VERIFIED
team_match,2020-21,134,2128421,HOME,13,2020-21:1,VERIFIED_SOURCE_MATCH_ROUTE,VERIFIED
team_match,2020-21,134,2128421,AWAY,10,2020-21:2,VERIFIED_SOURCE_MATCH_ROUTE,VERIFIED
team_match,2020-21,135,2128422,HOME,14,2020-21:4,VERIFIED_SOURCE_MATCH_ROUTE,VERIFIED
team_match,2020-21,135,2128422,AWAY,8,2020-21:54,VERIFIED_SOURCE_MATCH_ROUTE,VERIFIED
team_match,2020-21,136,2128423,HOME,16,2020-21:20,VERIFIED_SOURCE_MATCH_ROUTE,VERIFIED
team_match,2020-21,136,2128423,AWAY,12,2020-21:43,VERIFIED_SOURCE_MATCH_ROUTE,VERIFIED
team_match,2020-21,137,2128424,HOME,17,2020-21:6,VERIFIED_SOURCE_MATCH_ROUTE,VERIFIED
team_match,2020-21,137,2128424,AWAY,9,2020-21:13,VERIFIED_SOURCE_MATCH_ROUTE,VERIFIED
team_match,2020-21,138,2128425,HOME,18,2020-21:35,VERIFIED_SOURCE_MATCH_ROUTE,VERIFIED
team_match,2020-21,138,2128425,AWAY,2,2020-21:7,VERIFIED_SOURCE_MATCH_ROUTE,VERIFIED
team_match,2020-21,139,2128426,HOME,1,2020-21:3,VERIFIED_SOURCE_MATCH_ROUTE,VERIFIED
team_match,2020-21,139,2128426,AWAY,5,2020-21:8,VERIFIED_SOURCE_MATCH_ROUTE,VERIFIED
team_match,2020-21,140,2128427,HOME,2,2020-21:7,VERIFIED_SOURCE_MATCH_ROUTE,VERIFIED
team_match,2020-21,140,2128427,AWAY,6,2020-21:31,VERIFIED_SOURCE_MATCH_ROUTE,VERIFIED
team_match,2020-21,141,2128428,HOME,8,2020-21:54,VERIFIED_SOURCE_MATCH_ROUTE,VERIFIED
team_match,2020-21,141,2128428,AWAY,16,2020-21:20,VERIFIED_SOURCE_MATCH_ROUTE,VERIFIED
team_match,2020-21,142,2128429,HOME,10,2020-21:2,VERIFIED_SOURCE_MATCH_ROUTE,VERIFIED
team_match,2020-21,142,2128429,AWAY,4,2020-21:90,VERIFIED_SOURCE_MATCH_ROUTE,VERIFIED
team_match,2020-21,143,2128430,HOME,9,2020-21:13,VERIFIED_SOURCE_MATCH_ROUTE,VERIFIED
team_match,2020-21,143,2128430,AWAY,13,2020-21:1,VERIFIED_SOURCE_MATCH_ROUTE,VERIFIED
team_match,2020-21,144,2128431,HOME,11,2020-21:14,VERIFIED_SOURCE_MATCH_ROUTE,VERIFIED
team_match,2020-21,144,2128431,AWAY,18,2020-21:35,VERIFIED_SOURCE_MATCH_ROUTE,VERIFIED
team_match,2020-21,145,2128432,HOME,12,2020-21:43,VERIFIED_SOURCE_MATCH_ROUTE,VERIFIED
team_match,2020-21,145,2128432,AWAY,14,2020-21:4,VERIFIED_SOURCE_MATCH_ROUTE,VERIFIED
team_match,2020-21,146,2128433,HOME,15,2020-21:49,VERIFIED_SOURCE_MATCH_ROUTE,VERIFIED
team_match,2020-21,146,2128433,AWAY,7,2020-21:11,VERIFIED_SOURCE_MATCH_ROUTE,VERIFIED
team_match,2020-21,147,2128434,HOME,19,2020-21:21,VERIFIED_SOURCE_MATCH_ROUTE,VERIFIED
team_match,2020-21,147,2128434,AWAY,3,2020-21:36,VERIFIED_SOURCE_MATCH_ROUTE,VERIFIED
team_match,2020-21,148,2128435,HOME,20,2020-21:39,VERIFIED_SOURCE_MATCH_ROUTE,VERIFIED
team_match,2020-21,148,2128435,AWAY,17,2020-21:6,VERIFIED_SOURCE_MATCH_ROUTE,VERIFIED
team_match,2020-21,149,2128436,HOME,3,2020-21:36,VERIFIED_SOURCE_MATCH_ROUTE,VERIFIED
team_match,2020-21,149,2128436,AWAY,1,2020-21:3,VERIFIED_SOURCE_MATCH_ROUTE,VERIFIED
team_match,2020-21,150,2128437,HOME,4,2020-21:90,VERIFIED_SOURCE_MATCH_ROUTE,VERIFIED
team_match,2020-21,150,2128437,AWAY,15,2020-21:49,VERIFIED_SOURCE_MATCH_ROUTE,VERIFIED
team_match,2020-21,151,2128438,HOME,5,2020-21:8,VERIFIED_SOURCE_MATCH_ROUTE,VERIFIED
team_match,2020-21,151,2128438,AWAY,2,2020-21:7,VERIFIED_SOURCE_MATCH_ROUTE,VERIFIED
team_match,2020-21,152,2128439,HOME,6,2020-21:31,VERIFIED_SOURCE_MATCH_ROUTE,VERIFIED
team_match,2020-21,152,2128439,AWAY,9,2020-21:13,VERIFIED_SOURCE_MATCH_ROUTE,VERIFIED
team_match,2020-21,153,2128440,HOME,7,2020-21:11,VERIFIED_SOURCE_MATCH_ROUTE,VERIFIED
team_match,2020-21,153,2128440,AWAY,12,2020-21:43,VERIFIED_SOURCE_MATCH_ROUTE,VERIFIED
team_match,2020-21,154,2128441,HOME,13,2020-21:1,VERIFIED_SOURCE_MATCH_ROUTE,VERIFIED
team_match,2020-21,154,2128441,AWAY,20,2020-21:39,VERIFIED_SOURCE_MATCH_ROUTE,VERIFIED
team_match,2020-21,155,2128442,HOME,14,2020-21:4,VERIFIED_SOURCE_MATCH_ROUTE,VERIFIED
team_match,2020-21,155,2128442,AWAY,11,2020-21:14,VERIFIED_SOURCE_MATCH_ROUTE,VERIFIED
team_match,2020-21,156,2128443,HOME,16,2020-21:20,VERIFIED_SOURCE_MATCH_ROUTE,VERIFIED
team_match,2020-21,156,2128443,AWAY,19,2020-21:21,VERIFIED_SOURCE_MATCH_ROUTE,VERIFIED
team_match,2020-21,157,2128444,HOME,17,2020-21:6,VERIFIED_SOURCE_MATCH_ROUTE,VERIFIED
team_match,2020-21,157,2128444,AWAY,8,2020-21:54,VERIFIED_SOURCE_MATCH_ROUTE,VERIFIED
team_match,2020-21,158,2128445,HOME,18,2020-21:35,VERIFIED_SOURCE_MATCH_ROUTE,VERIFIED
team_match,2020-21,158,2128445,AWAY,10,2020-21:2,VERIFIED_SOURCE_MATCH_ROUTE,VERIFIED
team_match,2020-21,159,2128446,HOME,3,2020-21:36,VERIFIED_SOURCE_MATCH_ROUTE,VERIFIED
team_match,2020-21,159,2128446,AWAY,20,2020-21:39,VERIFIED_SOURCE_MATCH_ROUTE,VERIFIED
team_match,2020-21,160,2128447,HOME,4,2020-21:90,VERIFIED_SOURCE_MATCH_ROUTE,VERIFIED
team_match,2020-21,160,2128447,AWAY,8,2020-21:54,VERIFIED_SOURCE_MATCH_ROUTE,VERIFIED
team_match,2020-21,161,2128448,HOME,5,2020-21:8,VERIFIED_SOURCE_MATCH_ROUTE,VERIFIED
team_match,2020-21,161,2128448,AWAY,12,2020-21:43,VERIFIED_SOURCE_MATCH_ROUTE,VERIFIED
team_match,2020-21,162,2128449,HOME,6,2020-21:31,VERIFIED_SOURCE_MATCH_ROUTE,VERIFIED
team_match,2020-21,162,2128449,AWAY,15,2020-21:49,VERIFIED_SOURCE_MATCH_ROUTE,VERIFIED
team_match,2020-21,163,2128450,HOME,7,2020-21:11,VERIFIED_SOURCE_MATCH_ROUTE,VERIFIED
team_match,2020-21,163,2128450,AWAY,19,2020-21:21,VERIFIED_SOURCE_MATCH_ROUTE,VERIFIED
team_match,2020-21,164,2128451,HOME,13,2020-21:1,VERIFIED_SOURCE_MATCH_ROUTE,VERIFIED
team_match,2020-21,164,2128451,AWAY,2,2020-21:7,VERIFIED_SOURCE_MATCH_ROUTE,VERIFIED
team_match,2020-21,165,2128452,HOME,14,2020-21:4,VERIFIED_SOURCE_MATCH_ROUTE,VERIFIED
team_match,2020-21,165,2128452,AWAY,9,2020-21:13,VERIFIED_SOURCE_MATCH_ROUTE,VERIFIED
team_match,2020-21,166,2128453,HOME,16,2020-21:20,VERIFIED_SOURCE_MATCH_ROUTE,VERIFIED
team_match,2020-21,166,2128453,AWAY,11,2020-21:14,VERIFIED_SOURCE_MATCH_ROUTE,VERIFIED
team_match,2020-21,167,2128454,HOME,17,2020-21:6,VERIFIED_SOURCE_MATCH_ROUTE,VERIFIED
team_match,2020-21,167,2128454,AWAY,10,2020-21:2,VERIFIED_SOURCE_MATCH_ROUTE,VERIFIED
team_match,2020-21,168,2128455,HOME,18,2020-21:35,VERIFIED_SOURCE_MATCH_ROUTE,VERIFIED
team_match,2020-21,168,2128455,AWAY,1,2020-21:3,VERIFIED_SOURCE_MATCH_ROUTE,VERIFIED
team_match,2020-21,169,2128456,HOME,1,2020-21:3,VERIFIED_SOURCE_MATCH_ROUTE,VERIFIED
team_match,2020-21,169,2128456,AWAY,6,2020-21:31,VERIFIED_SOURCE_MATCH_ROUTE,VERIFIED
team_match,2020-21,170,2128457,HOME,2,2020-21:7,VERIFIED_SOURCE_MATCH_ROUTE,VERIFIED
team_match,2020-21,170,2128457,AWAY,17,2020-21:6,VERIFIED_SOURCE_MATCH_ROUTE,VERIFIED
team_match,2020-21,171,2128458,HOME,8,2020-21:54,VERIFIED_SOURCE_MATCH_ROUTE,VERIFIED
team_match,2020-21,171,2128458,AWAY,13,2020-21:1,VERIFIED_SOURCE_MATCH_ROUTE,VERIFIED
team_match,2020-21,172,2128459,HOME,10,2020-21:2,VERIFIED_SOURCE_MATCH_ROUTE,VERIFIED
team_match,2020-21,172,2128459,AWAY,16,2020-21:20,VERIFIED_SOURCE_MATCH_ROUTE,VERIFIED
team_match,2020-21,173,2128460,HOME,9,2020-21:13,VERIFIED_SOURCE_MATCH_ROUTE,VERIFIED
team_match,2020-21,173,2128460,AWAY,5,2020-21:8,VERIFIED_SOURCE_MATCH_ROUTE,VERIFIED
team_match,2020-21,174,2128461,HOME,15,2020-21:49,VERIFIED_SOURCE_MATCH_ROUTE,VERIFIED
team_match,2020-21,174,2128461,AWAY,14,2020-21:4,VERIFIED_SOURCE_MATCH_ROUTE,VERIFIED
team_match,2020-21,175,2128462,HOME,19,2020-21:21,VERIFIED_SOURCE_MATCH_ROUTE,VERIFIED
team_match,2020-21,175,2128462,AWAY,18,2020-21:35,VERIFIED_SOURCE_MATCH_ROUTE,VERIFIED
team_match,2020-21,176,2128463,HOME,20,2020-21:39,VERIFIED_SOURCE_MATCH_ROUTE,VERIFIED
team_match,2020-21,176,2128463,AWAY,7,2020-21:11,VERIFIED_SOURCE_MATCH_ROUTE,VERIFIED
team_match,2020-21,177,2128464,HOME,11,2020-21:14,VERIFIED_SOURCE_MATCH_ROUTE,VERIFIED
team_match,2020-21,177,2128464,AWAY,4,2020-21:90,VERIFIED_SOURCE_MATCH_ROUTE,VERIFIED
team_match,2020-21,178,2128465,HOME,12,2020-21:43,VERIFIED_SOURCE_MATCH_ROUTE,VERIFIED
team_match,2020-21,178,2128465,AWAY,3,2020-21:36,VERIFIED_SOURCE_MATCH_ROUTE,VERIFIED
team_match,2020-21,179,2128466,HOME,1,2020-21:3,VERIFIED_SOURCE_MATCH_ROUTE,VERIFIED
team_match,2020-21,179,2128466,AWAY,14,2020-21:4,VERIFIED_SOURCE_MATCH_ROUTE,VERIFIED
team_match,2020-21,180,2128467,HOME,2,2020-21:7,VERIFIED_SOURCE_MATCH_ROUTE,VERIFIED
team_match,2020-21,180,2128467,AWAY,7,2020-21:11,VERIFIED_SOURCE_MATCH_ROUTE,VERIFIED
team_match,2020-21,181,2128468,HOME,8,2020-21:54,VERIFIED_SOURCE_MATCH_ROUTE,VERIFIED
team_match,2020-21,181,2128468,AWAY,5,2020-21:8,VERIFIED_SOURCE_MATCH_ROUTE,VERIFIED
team_match,2020-21,182,2128469,HOME,10,2020-21:2,VERIFIED_SOURCE_MATCH_ROUTE,VERIFIED
team_match,2020-21,182,2128469,AWAY,3,2020-21:36,VERIFIED_SOURCE_MATCH_ROUTE,VERIFIED
team_match,2020-21,183,2128470,HOME,9,2020-21:13,VERIFIED_SOURCE_MATCH_ROUTE,VERIFIED
team_match,2020-21,183,2128470,AWAY,16,2020-21:20,VERIFIED_SOURCE_MATCH_ROUTE,VERIFIED
team_match,2020-21,184,2128471,HOME,11,2020-21:14,VERIFIED_SOURCE_MATCH_ROUTE,VERIFIED
team_match,2020-21,184,2128471,AWAY,13,2020-21:1,VERIFIED_SOURCE_MATCH_ROUTE,VERIFIED
team_match,2020-21,185,2128472,HOME,12,2020-21:43,VERIFIED_SOURCE_MATCH_ROUTE,VERIFIED
team_match,2020-21,185,2128472,AWAY,6,2020-21:31,VERIFIED_SOURCE_MATCH_ROUTE,VERIFIED
team_match,2020-21,186,2128473,HOME,15,2020-21:49,VERIFIED_SOURCE_MATCH_ROUTE,VERIFIED
team_match,2020-21,186,2128473,AWAY,17,2020-21:6,VERIFIED_SOURCE_MATCH_ROUTE,VERIFIED
team_match,2020-21,187,2128474,HOME,19,2020-21:21,VERIFIED_SOURCE_MATCH_ROUTE,VERIFIED
team_match,2020-21,187,2128474,AWAY,4,2020-21:90,VERIFIED_SOURCE_MATCH_ROUTE,VERIFIED
team_match,2020-21,188,2128475,HOME,20,2020-21:39,VERIFIED_SOURCE_MATCH_ROUTE,VERIFIED
team_match,2020-21,188,2128475,AWAY,18,2020-21:35,VERIFIED_SOURCE_MATCH_ROUTE,VERIFIED
team_match,2020-21,189,2128476,HOME,3,2020-21:36,VERIFIED_SOURCE_MATCH_ROUTE,VERIFIED
team_match,2020-21,189,2128476,AWAY,8,2020-21:54,VERIFIED_SOURCE_MATCH_ROUTE,VERIFIED
team_match,2020-21,190,2128477,HOME,4,2020-21:90,VERIFIED_SOURCE_MATCH_ROUTE,VERIFIED
team_match,2020-21,190,2128477,AWAY,2,2020-21:7,VERIFIED_SOURCE_MATCH_ROUTE,VERIFIED
team_match,2020-21,191,2128478,HOME,7,2020-21:11,VERIFIED_SOURCE_MATCH_ROUTE,VERIFIED
team_match,2020-21,191,2128478,AWAY,9,2020-21:13,VERIFIED_SOURCE_MATCH_ROUTE,VERIFIED
team_match,2020-21,192,2128479,HOME,13,2020-21:1,VERIFIED_SOURCE_MATCH_ROUTE,VERIFIED
team_match,2020-21,192,2128479,AWAY,15,2020-21:49,VERIFIED_SOURCE_MATCH_ROUTE,VERIFIED
team_match,2020-21,193,2128480,HOME,18,2020-21:35,VERIFIED_SOURCE_MATCH_ROUTE,VERIFIED
team_match,2020-21,193,2128480,AWAY,12,2020-21:43,VERIFIED_SOURCE_MATCH_ROUTE,VERIFIED
team_match,2020-21,194,2128481,HOME,5,2020-21:8,VERIFIED_SOURCE_MATCH_ROUTE,VERIFIED
team_match,2020-21,194,2128481,AWAY,20,2020-21:39,VERIFIED_SOURCE_MATCH_ROUTE,VERIFIED
team_match,2020-21,195,2128482,HOME,6,2020-21:31,VERIFIED_SOURCE_MATCH_ROUTE,VERIFIED
team_match,2020-21,195,2128482,AWAY,19,2020-21:21,VERIFIED_SOURCE_MATCH_ROUTE,VERIFIED
team_match,2020-21,196,2128483,HOME,14,2020-21:4,VERIFIED_SOURCE_MATCH_ROUTE,VERIFIED
team_match,2020-21,196,2128483,AWAY,10,2020-21:2,VERIFIED_SOURCE_MATCH_ROUTE,VERIFIED
team_match,2020-21,197,2128484,HOME,16,2020-21:20,VERIFIED_SOURCE_MATCH_ROUTE,VERIFIED
team_match,2020-21,197,2128484,AWAY,1,2020-21:3,VERIFIED_SOURCE_MATCH_ROUTE,VERIFIED
team_match,2020-21,198,2128485,HOME,17,2020-21:6,VERIFIED_SOURCE_MATCH_ROUTE,VERIFIED
team_match,2020-21,198,2128485,AWAY,11,2020-21:14,VERIFIED_SOURCE_MATCH_ROUTE,VERIFIED
team_match,2020-21,199,2128486,HOME,1,2020-21:3,VERIFIED_SOURCE_MATCH_ROUTE,VERIFIED
team_match,2020-21,199,2128486,AWAY,13,2020-21:1,VERIFIED_SOURCE_MATCH_ROUTE,VERIFIED
team_match,2020-21,200,2128487,HOME,3,2020-21:36,VERIFIED_SOURCE_MATCH_ROUTE,VERIFIED
team_match,2020-21,200,2128487,AWAY,17,2020-21:6,VERIFIED_SOURCE_MATCH_ROUTE,VERIFIED
team_match,2020-21,201,2128488,HOME,5,2020-21:8,VERIFIED_SOURCE_MATCH_ROUTE,VERIFIED
team_match,2020-21,201,2128488,AWAY,4,2020-21:90,VERIFIED_SOURCE_MATCH_ROUTE,VERIFIED
team_match,2020-21,202,2128489,HOME,6,2020-21:31,VERIFIED_SOURCE_MATCH_ROUTE,VERIFIED
team_match,2020-21,202,2128489,AWAY,20,2020-21:39,VERIFIED_SOURCE_MATCH_ROUTE,VERIFIED
team_match,2020-21,203,2128490,HOME,7,2020-21:11,VERIFIED_SOURCE_MATCH_ROUTE,VERIFIED
team_match,2020-21,203,2128490,AWAY,14,2020-21:4,VERIFIED_SOURCE_MATCH_ROUTE,VERIFIED
team_match,2020-21,204,2128491,HOME,9,2020-21:13,VERIFIED_SOURCE_MATCH_ROUTE,VERIFIED
team_match,2020-21,204,2128491,AWAY,10,2020-21:2,VERIFIED_SOURCE_MATCH_ROUTE,VERIFIED
team_match,2020-21,205,2128492,HOME,12,2020-21:43,VERIFIED_SOURCE_MATCH_ROUTE,VERIFIED
team_match,2020-21,205,2128492,AWAY,15,2020-21:49,VERIFIED_SOURCE_MATCH_ROUTE,VERIFIED
team_match,2020-21,206,2128493,HOME,16,2020-21:20,VERIFIED_SOURCE_MATCH_ROUTE,VERIFIED
team_match,2020-21,206,2128493,AWAY,2,2020-21:7,VERIFIED_SOURCE_MATCH_ROUTE,VERIFIED
team_match,2020-21,207,2128494,HOME,18,2020-21:35,VERIFIED_SOURCE_MATCH_ROUTE,VERIFIED
team_match,2020-21,207,2128494,AWAY,8,2020-21:54,VERIFIED_SOURCE_MATCH_ROUTE,VERIFIED
team_match,2020-21,208,2128495,HOME,19,2020-21:21,VERIFIED_SOURCE_MATCH_ROUTE,VERIFIED
team_match,2020-21,208,2128495,AWAY,11,2020-21:14,VERIFIED_SOURCE_MATCH_ROUTE,VERIFIED
team_match,2020-21,209,2128496,HOME,2,2020-21:7,VERIFIED_SOURCE_MATCH_ROUTE,VERIFIED
team_match,2020-21,209,2128496,AWAY,19,2020-21:21,VERIFIED_SOURCE_MATCH_ROUTE,VERIFIED
team_match,2020-21,210,2128497,HOME,4,2020-21:90,VERIFIED_SOURCE_MATCH_ROUTE,VERIFIED
team_match,2020-21,210,2128497,AWAY,12,2020-21:43,VERIFIED_SOURCE_MATCH_ROUTE,VERIFIED
team_match,2020-21,211,2128498,HOME,8,2020-21:54,VERIFIED_SOURCE_MATCH_ROUTE,VERIFIED
team_match,2020-21,211,2128498,AWAY,9,2020-21:13,VERIFIED_SOURCE_MATCH_ROUTE,VERIFIED
team_match,2020-21,212,2128499,HOME,10,2020-21:2,VERIFIED_SOURCE_MATCH_ROUTE,VERIFIED
team_match,2020-21,212,2128499,AWAY,7,2020-21:11,VERIFIED_SOURCE_MATCH_ROUTE,VERIFIED
team_match,2020-21,213,2128500,HOME,13,2020-21:1,VERIFIED_SOURCE_MATCH_ROUTE,VERIFIED
team_match,2020-21,213,2128500,AWAY,16,2020-21:20,VERIFIED_SOURCE_MATCH_ROUTE,VERIFIED
team_match,2020-21,214,2128501,HOME,15,2020-21:49,VERIFIED_SOURCE_MATCH_ROUTE,VERIFIED
team_match,2020-21,214,2128501,AWAY,18,2020-21:35,VERIFIED_SOURCE_MATCH_ROUTE,VERIFIED
team_match,2020-21,215,2128502,HOME,20,2020-21:39,VERIFIED_SOURCE_MATCH_ROUTE,VERIFIED
team_match,2020-21,215,2128502,AWAY,1,2020-21:3,VERIFIED_SOURCE_MATCH_ROUTE,VERIFIED
team_match,2020-21,216,2128503,HOME,11,2020-21:14,VERIFIED_SOURCE_MATCH_ROUTE,VERIFIED
team_match,2020-21,216,2128503,AWAY,3,2020-21:36,VERIFIED_SOURCE_MATCH_ROUTE,VERIFIED
team_match,2020-21,217,2128504,HOME,14,2020-21:4,VERIFIED_SOURCE_MATCH_ROUTE,VERIFIED
team_match,2020-21,217,2128504,AWAY,6,2020-21:31,VERIFIED_SOURCE_MATCH_ROUTE,VERIFIED
team_match,2020-21,218,2128505,HOME,17,2020-21:6,VERIFIED_SOURCE_MATCH_ROUTE,VERIFIED
team_match,2020-21,218,2128505,AWAY,5,2020-21:8,VERIFIED_SOURCE_MATCH_ROUTE,VERIFIED
team_match,2020-21,219,2128506,HOME,2,2020-21:7,VERIFIED_SOURCE_MATCH_ROUTE,VERIFIED
team_match,2020-21,219,2128506,AWAY,1,2020-21:3,VERIFIED_SOURCE_MATCH_ROUTE,VERIFIED
team_match,2020-21,220,2128507,HOME,4,2020-21:90,VERIFIED_SOURCE_MATCH_ROUTE,VERIFIED
team_match,2020-21,220,2128507,AWAY,3,2020-21:36,VERIFIED_SOURCE_MATCH_ROUTE,VERIFIED
team_match,2020-21,221,2128508,HOME,8,2020-21:54,VERIFIED_SOURCE_MATCH_ROUTE,VERIFIED
team_match,2020-21,221,2128508,AWAY,19,2020-21:21,VERIFIED_SOURCE_MATCH_ROUTE,VERIFIED
team_match,2020-21,222,2128509,HOME,10,2020-21:2,VERIFIED_SOURCE_MATCH_ROUTE,VERIFIED
team_match,2020-21,222,2128509,AWAY,6,2020-21:31,VERIFIED_SOURCE_MATCH_ROUTE,VERIFIED
team_match,2020-21,223,2128510,HOME,11,2020-21:14,VERIFIED_SOURCE_MATCH_ROUTE,VERIFIED
team_match,2020-21,223,2128510,AWAY,12,2020-21:43,VERIFIED_SOURCE_MATCH_ROUTE,VERIFIED
team_match,2020-21,224,2128511,HOME,13,2020-21:1,VERIFIED_SOURCE_MATCH_ROUTE,VERIFIED
team_match,2020-21,224,2128511,AWAY,7,2020-21:11,VERIFIED_SOURCE_MATCH_ROUTE,VERIFIED
team_match,2020-21,225,2128512,HOME,14,2020-21:4,VERIFIED_SOURCE_MATCH_ROUTE,VERIFIED
team_match,2020-21,225,2128512,AWAY,16,2020-21:20,VERIFIED_SOURCE_MATCH_ROUTE,VERIFIED
team_match,2020-21,226,2128513,HOME,15,2020-21:49,VERIFIED_SOURCE_MATCH_ROUTE,VERIFIED
team_match,2020-21,226,2128513,AWAY,5,2020-21:8,VERIFIED_SOURCE_MATCH_ROUTE,VERIFIED
team_match,2020-21,227,2128514,HOME,17,2020-21:6,VERIFIED_SOURCE_MATCH_ROUTE,VERIFIED
team_match,2020-21,227,2128514,AWAY,18,2020-21:35,VERIFIED_SOURCE_MATCH_ROUTE,VERIFIED
team_match,2020-21,228,2128515,HOME,20,2020-21:39,VERIFIED_SOURCE_MATCH_ROUTE,VERIFIED
team_match,2020-21,228,2128515,AWAY,9,2020-21:13,VERIFIED_SOURCE_MATCH_ROUTE,VERIFIED
team_match,2020-21,229,2128516,HOME,1,2020-21:3,VERIFIED_SOURCE_MATCH_ROUTE,VERIFIED
team_match,2020-21,229,2128516,AWAY,10,2020-21:2,VERIFIED_SOURCE_MATCH_ROUTE,VERIFIED
team_match,2020-21,230,2128517,HOME,3,2020-21:36,VERIFIED_SOURCE_MATCH_ROUTE,VERIFIED
team_match,2020-21,230,2128517,AWAY,2,2020-21:7,VERIFIED_SOURCE_MATCH_ROUTE,VERIFIED
team_match,2020-21,231,2128518,HOME,5,2020-21:8,VERIFIED_SOURCE_MATCH_ROUTE,VERIFIED
team_match,2020-21,231,2128518,AWAY,14,2020-21:4,VERIFIED_SOURCE_MATCH_ROUTE,VERIFIED
team_match,2020-21,232,2128519,HOME,6,2020-21:31,VERIFIED_SOURCE_MATCH_ROUTE,VERIFIED
team_match,2020-21,232,2128519,AWAY,4,2020-21:90,VERIFIED_SOURCE_MATCH_ROUTE,VERIFIED
team_match,2020-21,233,2128520,HOME,7,2020-21:11,VERIFIED_SOURCE_MATCH_ROUTE,VERIFIED
team_match,2020-21,233,2128520,AWAY,8,2020-21:54,VERIFIED_SOURCE_MATCH_ROUTE,VERIFIED
team_match,2020-21,234,2128521,HOME,9,2020-21:13,VERIFIED_SOURCE_MATCH_ROUTE,VERIFIED
team_match,2020-21,234,2128521,AWAY,11,2020-21:14,VERIFIED_SOURCE_MATCH_ROUTE,VERIFIED
team_match,2020-21,235,2128522,HOME,12,2020-21:43,VERIFIED_SOURCE_MATCH_ROUTE,VERIFIED
team_match,2020-21,235,2128522,AWAY,17,2020-21:6,VERIFIED_SOURCE_MATCH_ROUTE,VERIFIED
team_match,2020-21,236,2128523,HOME,16,2020-21:20,VERIFIED_SOURCE_MATCH_ROUTE,VERIFIED
team_match,2020-21,236,2128523,AWAY,20,2020-21:39,VERIFIED_SOURCE_MATCH_ROUTE,VERIFIED
team_match,2020-21,237,2128524,HOME,18,2020-21:35,VERIFIED_SOURCE_MATCH_ROUTE,VERIFIED
team_match,2020-21,237,2128524,AWAY,13,2020-21:1,VERIFIED_SOURCE_MATCH_ROUTE,VERIFIED
team_match,2020-21,238,2128525,HOME,19,2020-21:21,VERIFIED_SOURCE_MATCH_ROUTE,VERIFIED
team_match,2020-21,238,2128525,AWAY,15,2020-21:49,VERIFIED_SOURCE_MATCH_ROUTE,VERIFIED
team_match,2020-21,239,2128526,HOME,1,2020-21:3,VERIFIED_SOURCE_MATCH_ROUTE,VERIFIED
team_match,2020-21,239,2128526,AWAY,12,2020-21:43,VERIFIED_SOURCE_MATCH_ROUTE,VERIFIED
team_match,2020-21,240,2128527,HOME,2,2020-21:7,VERIFIED_SOURCE_MATCH_ROUTE,VERIFIED
team_match,2020-21,240,2128527,AWAY,9,2020-21:13,VERIFIED_SOURCE_MATCH_ROUTE,VERIFIED
team_match,2020-21,241,2128528,HOME,3,2020-21:36,VERIFIED_SOURCE_MATCH_ROUTE,VERIFIED
team_match,2020-21,241,2128528,AWAY,6,2020-21:31,VERIFIED_SOURCE_MATCH_ROUTE,VERIFIED
team_match,2020-21,242,2128529,HOME,4,2020-21:90,VERIFIED_SOURCE_MATCH_ROUTE,VERIFIED
team_match,2020-21,242,2128529,AWAY,18,2020-21:35,VERIFIED_SOURCE_MATCH_ROUTE,VERIFIED
team_match,2020-21,243,2128530,HOME,8,2020-21:54,VERIFIED_SOURCE_MATCH_ROUTE,VERIFIED
team_match,2020-21,243,2128530,AWAY,15,2020-21:49,VERIFIED_SOURCE_MATCH_ROUTE,VERIFIED
team_match,2020-21,244,2128531,HOME,11,2020-21:14,VERIFIED_SOURCE_MATCH_ROUTE,VERIFIED
team_match,2020-21,244,2128531,AWAY,7,2020-21:11,VERIFIED_SOURCE_MATCH_ROUTE,VERIFIED
team_match,2020-21,245,2128532,HOME,13,2020-21:1,VERIFIED_SOURCE_MATCH_ROUTE,VERIFIED
team_match,2020-21,245,2128532,AWAY,14,2020-21:4,VERIFIED_SOURCE_MATCH_ROUTE,VERIFIED
team_match,2020-21,246,2128533,HOME,16,2020-21:20,VERIFIED_SOURCE_MATCH_ROUTE,VERIFIED
team_match,2020-21,246,2128533,AWAY,5,2020-21:8,VERIFIED_SOURCE_MATCH_ROUTE,VERIFIED
team_match,2020-21,247,2128534,HOME,19,2020-21:21,VERIFIED_SOURCE_MATCH_ROUTE,VERIFIED
team_match,2020-21,247,2128534,AWAY,17,2020-21:6,VERIFIED_SOURCE_MATCH_ROUTE,VERIFIED
team_match,2020-21,248,2128535,HOME,20,2020-21:39,VERIFIED_SOURCE_MATCH_ROUTE,VERIFIED
team_match,2020-21,248,2128535,AWAY,10,2020-21:2,VERIFIED_SOURCE_MATCH_ROUTE,VERIFIED
team_match,2020-21,249,2128536,HOME,5,2020-21:8,VERIFIED_SOURCE_MATCH_ROUTE,VERIFIED
team_match,2020-21,249,2128536,AWAY,13,2020-21:1,VERIFIED_SOURCE_MATCH_ROUTE,VERIFIED
team_match,2020-21,250,2128537,HOME,6,2020-21:31,VERIFIED_SOURCE_MATCH_ROUTE,VERIFIED
team_match,2020-21,250,2128537,AWAY,8,2020-21:54,VERIFIED_SOURCE_MATCH_ROUTE,VERIFIED
team_match,2020-21,251,2128538,HOME,7,2020-21:11,VERIFIED_SOURCE_MATCH_ROUTE,VERIFIED
team_match,2020-21,251,2128538,AWAY,16,2020-21:20,VERIFIED_SOURCE_MATCH_ROUTE,VERIFIED
team_match,2020-21,252,2128539,HOME,10,2020-21:2,VERIFIED_SOURCE_MATCH_ROUTE,VERIFIED
team_match,2020-21,252,2128539,AWAY,2,2020-21:7,VERIFIED_SOURCE_MATCH_ROUTE,VERIFIED
team_match,2020-21,253,2128540,HOME,9,2020-21:13,VERIFIED_SOURCE_MATCH_ROUTE,VERIFIED
team_match,2020-21,253,2128540,AWAY,1,2020-21:3,VERIFIED_SOURCE_MATCH_ROUTE,VERIFIED
team_match,2020-21,254,2128541,HOME,12,2020-21:43,VERIFIED_SOURCE_MATCH_ROUTE,VERIFIED
team_match,2020-21,254,2128541,AWAY,19,2020-21:21,VERIFIED_SOURCE_MATCH_ROUTE,VERIFIED
team_match,2020-21,255,2128542,HOME,14,2020-21:4,VERIFIED_SOURCE_MATCH_ROUTE,VERIFIED
team_match,2020-21,255,2128542,AWAY,20,2020-21:39,VERIFIED_SOURCE_MATCH_ROUTE,VERIFIED
team_match,2020-21,256,2128543,HOME,15,2020-21:49,VERIFIED_SOURCE_MATCH_ROUTE,VERIFIED
team_match,2020-21,256,2128543,AWAY,11,2020-21:14,VERIFIED_SOURCE_MATCH_ROUTE,VERIFIED
team_match,2020-21,257,2128544,HOME,17,2020-21:6,VERIFIED_SOURCE_MATCH_ROUTE,VERIFIED
team_match,2020-21,257,2128544,AWAY,4,2020-21:90,VERIFIED_SOURCE_MATCH_ROUTE,VERIFIED
team_match,2020-21,258,2128545,HOME,18,2020-21:35,VERIFIED_SOURCE_MATCH_ROUTE,VERIFIED
team_match,2020-21,258,2128545,AWAY,3,2020-21:36,VERIFIED_SOURCE_MATCH_ROUTE,VERIFIED
team_match,2020-21,259,2128546,HOME,2,2020-21:7,VERIFIED_SOURCE_MATCH_ROUTE,VERIFIED
team_match,2020-21,259,2128546,AWAY,20,2020-21:39,VERIFIED_SOURCE_MATCH_ROUTE,VERIFIED
team_match,2020-21,260,2128547,HOME,3,2020-21:36,VERIFIED_SOURCE_MATCH_ROUTE,VERIFIED
team_match,2020-21,260,2128547,AWAY,9,2020-21:13,VERIFIED_SOURCE_MATCH_ROUTE,VERIFIED
team_match,2020-21,261,2128548,HOME,4,2020-21:90,VERIFIED_SOURCE_MATCH_ROUTE,VERIFIED
team_match,2020-21,261,2128548,AWAY,1,2020-21:3,VERIFIED_SOURCE_MATCH_ROUTE,VERIFIED
team_match,2020-21,262,2128549,HOME,5,2020-21:8,VERIFIED_SOURCE_MATCH_ROUTE,VERIFIED
team_match,2020-21,262,2128549,AWAY,7,2020-21:11,VERIFIED_SOURCE_MATCH_ROUTE,VERIFIED
team_match,2020-21,263,2128550,HOME,11,2020-21:14,VERIFIED_SOURCE_MATCH_ROUTE,VERIFIED
team_match,2020-21,263,2128550,AWAY,8,2020-21:54,VERIFIED_SOURCE_MATCH_ROUTE,VERIFIED
team_match,2020-21,264,2128551,HOME,12,2020-21:43,VERIFIED_SOURCE_MATCH_ROUTE,VERIFIED
team_match,2020-21,264,2128551,AWAY,13,2020-21:1,VERIFIED_SOURCE_MATCH_ROUTE,VERIFIED
team_match,2020-21,265,2128552,HOME,15,2020-21:49,VERIFIED_SOURCE_MATCH_ROUTE,VERIFIED
team_match,2020-21,265,2128552,AWAY,16,2020-21:20,VERIFIED_SOURCE_MATCH_ROUTE,VERIFIED
team_match,2020-21,266,2128553,HOME,17,2020-21:6,VERIFIED_SOURCE_MATCH_ROUTE,VERIFIED
team_match,2020-21,266,2128553,AWAY,6,2020-21:31,VERIFIED_SOURCE_MATCH_ROUTE,VERIFIED
team_match,2020-21,267,2128554,HOME,18,2020-21:35,VERIFIED_SOURCE_MATCH_ROUTE,VERIFIED
team_match,2020-21,267,2128554,AWAY,14,2020-21:4,VERIFIED_SOURCE_MATCH_ROUTE,VERIFIED
team_match,2020-21,268,2128555,HOME,19,2020-21:21,VERIFIED_SOURCE_MATCH_ROUTE,VERIFIED
team_match,2020-21,268,2128555,AWAY,10,2020-21:2,VERIFIED_SOURCE_MATCH_ROUTE,VERIFIED
team_match,2020-21,269,2128556,HOME,1,2020-21:3,VERIFIED_SOURCE_MATCH_ROUTE,VERIFIED
team_match,2020-21,269,2128556,AWAY,17,2020-21:6,VERIFIED_SOURCE_MATCH_ROUTE,VERIFIED
team_match,2020-21,270,2128557,HOME,6,2020-21:31,VERIFIED_SOURCE_MATCH_ROUTE,VERIFIED
team_match,2020-21,270,2128557,AWAY,18,2020-21:35,VERIFIED_SOURCE_MATCH_ROUTE,VERIFIED
team_match,2020-21,271,2128558,HOME,7,2020-21:11,VERIFIED_SOURCE_MATCH_ROUTE,VERIFIED
team_match,2020-21,271,2128558,AWAY,4,2020-21:90,VERIFIED_SOURCE_MATCH_ROUTE,VERIFIED
team_match,2020-21,272,2128559,HOME,8,2020-21:54,VERIFIED_SOURCE_MATCH_ROUTE,VERIFIED
team_match,2020-21,272,2128559,AWAY,12,2020-21:43,VERIFIED_SOURCE_MATCH_ROUTE,VERIFIED
team_match,2020-21,273,2128560,HOME,10,2020-21:2,VERIFIED_SOURCE_MATCH_ROUTE,VERIFIED
team_match,2020-21,273,2128560,AWAY,5,2020-21:8,VERIFIED_SOURCE_MATCH_ROUTE,VERIFIED
team_match,2020-21,274,2128561,HOME,9,2020-21:13,VERIFIED_SOURCE_MATCH_ROUTE,VERIFIED
team_match,2020-21,274,2128561,AWAY,15,2020-21:49,VERIFIED_SOURCE_MATCH_ROUTE,VERIFIED
team_match,2020-21,275,2128562,HOME,13,2020-21:1,VERIFIED_SOURCE_MATCH_ROUTE,VERIFIED
team_match,2020-21,275,2128562,AWAY,19,2020-21:21,VERIFIED_SOURCE_MATCH_ROUTE,VERIFIED
team_match,2020-21,276,2128563,HOME,14,2020-21:4,VERIFIED_SOURCE_MATCH_ROUTE,VERIFIED
team_match,2020-21,276,2128563,AWAY,2,2020-21:7,VERIFIED_SOURCE_MATCH_ROUTE,VERIFIED
team_match,2020-21,277,2128564,HOME,16,2020-21:20,VERIFIED_SOURCE_MATCH_ROUTE,VERIFIED
team_match,2020-21,277,2128564,AWAY,3,2020-21:36,VERIFIED_SOURCE_MATCH_ROUTE,VERIFIED
team_match,2020-21,278,2128565,HOME,20,2020-21:39,VERIFIED_SOURCE_MATCH_ROUTE,VERIFIED
team_match,2020-21,278,2128565,AWAY,11,2020-21:14,VERIFIED_SOURCE_MATCH_ROUTE,VERIFIED
team_match,2020-21,279,2128566,HOME,3,2020-21:36,VERIFIED_SOURCE_MATCH_ROUTE,VERIFIED
team_match,2020-21,279,2128566,AWAY,14,2020-21:4,VERIFIED_SOURCE_MATCH_ROUTE,VERIFIED
team_match,2020-21,280,2128567,HOME,4,2020-21:90,VERIFIED_SOURCE_MATCH_ROUTE,VERIFIED
team_match,2020-21,280,2128567,AWAY,9,2020-21:13,VERIFIED_SOURCE_MATCH_ROUTE,VERIFIED
team_match,2020-21,281,2128568,HOME,6,2020-21:31,VERIFIED_SOURCE_MATCH_ROUTE,VERIFIED
team_match,2020-21,281,2128568,AWAY,13,2020-21:1,VERIFIED_SOURCE_MATCH_ROUTE,VERIFIED
team_match,2020-21,282,2128569,HOME,8,2020-21:54,VERIFIED_SOURCE_MATCH_ROUTE,VERIFIED
team_match,2020-21,282,2128569,AWAY,10,2020-21:2,VERIFIED_SOURCE_MATCH_ROUTE,VERIFIED
team_match,2020-21,283,2128570,HOME,11,2020-21:14,VERIFIED_SOURCE_MATCH_ROUTE,VERIFIED
team_match,2020-21,283,2128570,AWAY,5,2020-21:8,VERIFIED_SOURCE_MATCH_ROUTE,VERIFIED
team_match,2020-21,284,2128571,HOME,12,2020-21:43,VERIFIED_SOURCE_MATCH_ROUTE,VERIFIED
team_match,2020-21,284,2128571,AWAY,20,2020-21:39,VERIFIED_SOURCE_MATCH_ROUTE,VERIFIED
team_match,2020-21,285,2128572,HOME,15,2020-21:49,VERIFIED_SOURCE_MATCH_ROUTE,VERIFIED
team_match,2020-21,285,2128572,AWAY,2,2020-21:7,VERIFIED_SOURCE_MATCH_ROUTE,VERIFIED
team_match,2020-21,286,2128573,HOME,17,2020-21:6,VERIFIED_SOURCE_MATCH_ROUTE,VERIFIED
team_match,2020-21,286,2128573,AWAY,16,2020-21:20,VERIFIED_SOURCE_MATCH_ROUTE,VERIFIED
team_match,2020-21,287,2128574,HOME,18,2020-21:35,VERIFIED_SOURCE_MATCH_ROUTE,VERIFIED
team_match,2020-21,287,2128574,AWAY,7,2020-21:11,VERIFIED_SOURCE_MATCH_ROUTE,VERIFIED
team_match,2020-21,288,2128575,HOME,19,2020-21:21,VERIFIED_SOURCE_MATCH_ROUTE,VERIFIED
team_match,2020-21,288,2128575,AWAY,1,2020-21:3,VERIFIED_SOURCE_MATCH_ROUTE,VERIFIED
team_match,2020-21,289,2128576,HOME,1,2020-21:3,VERIFIED_SOURCE_MATCH_ROUTE,VERIFIED
team_match,2020-21,289,2128576,AWAY,11,2020-21:14,VERIFIED_SOURCE_MATCH_ROUTE,VERIFIED
team_match,2020-21,290,2128577,HOME,2,2020-21:7,VERIFIED_SOURCE_MATCH_ROUTE,VERIFIED
team_match,2020-21,290,2128577,AWAY,8,2020-21:54,VERIFIED_SOURCE_MATCH_ROUTE,VERIFIED
team_match,2020-21,291,2128578,HOME,5,2020-21:8,VERIFIED_SOURCE_MATCH_ROUTE,VERIFIED
team_match,2020-21,291,2128578,AWAY,18,2020-21:35,VERIFIED_SOURCE_MATCH_ROUTE,VERIFIED
team_match,2020-21,292,2128579,HOME,7,2020-21:11,VERIFIED_SOURCE_MATCH_ROUTE,VERIFIED
team_match,2020-21,292,2128579,AWAY,6,2020-21:31,VERIFIED_SOURCE_MATCH_ROUTE,VERIFIED
team_match,2020-21,293,2128580,HOME,10,2020-21:2,VERIFIED_SOURCE_MATCH_ROUTE,VERIFIED
team_match,2020-21,293,2128580,AWAY,15,2020-21:49,VERIFIED_SOURCE_MATCH_ROUTE,VERIFIED
team_match,2020-21,294,2128581,HOME,9,2020-21:13,VERIFIED_SOURCE_MATCH_ROUTE,VERIFIED
team_match,2020-21,294,2128581,AWAY,12,2020-21:43,VERIFIED_SOURCE_MATCH_ROUTE,VERIFIED
team_match,2020-21,295,2128582,HOME,13,2020-21:1,VERIFIED_SOURCE_MATCH_ROUTE,VERIFIED
team_match,2020-21,295,2128582,AWAY,3,2020-21:36,VERIFIED_SOURCE_MATCH_ROUTE,VERIFIED
team_match,2020-21,296,2128583,HOME,14,2020-21:4,VERIFIED_SOURCE_MATCH_ROUTE,VERIFIED
team_match,2020-21,296,2128583,AWAY,17,2020-21:6,VERIFIED_SOURCE_MATCH_ROUTE,VERIFIED
team_match,2020-21,297,2128584,HOME,16,2020-21:20,VERIFIED_SOURCE_MATCH_ROUTE,VERIFIED
team_match,2020-21,297,2128584,AWAY,4,2020-21:90,VERIFIED_SOURCE_MATCH_ROUTE,VERIFIED
team_match,2020-21,298,2128585,HOME,20,2020-21:39,VERIFIED_SOURCE_MATCH_ROUTE,VERIFIED
team_match,2020-21,298,2128585,AWAY,19,2020-21:21,VERIFIED_SOURCE_MATCH_ROUTE,VERIFIED
team_match,2020-21,299,2128586,HOME,3,2020-21:36,VERIFIED_SOURCE_MATCH_ROUTE,VERIFIED
team_match,2020-21,299,2128586,AWAY,7,2020-21:11,VERIFIED_SOURCE_MATCH_ROUTE,VERIFIED
team_match,2020-21,300,2128587,HOME,4,2020-21:90,VERIFIED_SOURCE_MATCH_ROUTE,VERIFIED
team_match,2020-21,300,2128587,AWAY,14,2020-21:4,VERIFIED_SOURCE_MATCH_ROUTE,VERIFIED
team_match,2020-21,301,2128588,HOME,6,2020-21:31,VERIFIED_SOURCE_MATCH_ROUTE,VERIFIED
team_match,2020-21,301,2128588,AWAY,5,2020-21:8,VERIFIED_SOURCE_MATCH_ROUTE,VERIFIED
team_match,2020-21,302,2128589,HOME,8,2020-21:54,VERIFIED_SOURCE_MATCH_ROUTE,VERIFIED
team_match,2020-21,302,2128589,AWAY,20,2020-21:39,VERIFIED_SOURCE_MATCH_ROUTE,VERIFIED
team_match,2020-21,303,2128590,HOME,11,2020-21:14,VERIFIED_SOURCE_MATCH_ROUTE,VERIFIED
team_match,2020-21,303,2128590,AWAY,2,2020-21:7,VERIFIED_SOURCE_MATCH_ROUTE,VERIFIED
team_match,2020-21,304,2128591,HOME,12,2020-21:43,VERIFIED_SOURCE_MATCH_ROUTE,VERIFIED
team_match,2020-21,304,2128591,AWAY,10,2020-21:2,VERIFIED_SOURCE_MATCH_ROUTE,VERIFIED
team_match,2020-21,305,2128592,HOME,15,2020-21:49,VERIFIED_SOURCE_MATCH_ROUTE,VERIFIED
team_match,2020-21,305,2128592,AWAY,1,2020-21:3,VERIFIED_SOURCE_MATCH_ROUTE,VERIFIED
team_match,2020-21,306,2128593,HOME,17,2020-21:6,VERIFIED_SOURCE_MATCH_ROUTE,VERIFIED
team_match,2020-21,306,2128593,AWAY,13,2020-21:1,VERIFIED_SOURCE_MATCH_ROUTE,VERIFIED
team_match,2020-21,307,2128594,HOME,18,2020-21:35,VERIFIED_SOURCE_MATCH_ROUTE,VERIFIED
team_match,2020-21,307,2128594,AWAY,16,2020-21:20,VERIFIED_SOURCE_MATCH_ROUTE,VERIFIED
team_match,2020-21,308,2128595,HOME,19,2020-21:21,VERIFIED_SOURCE_MATCH_ROUTE,VERIFIED
team_match,2020-21,308,2128595,AWAY,9,2020-21:13,VERIFIED_SOURCE_MATCH_ROUTE,VERIFIED
team_match,2020-21,309,2128596,HOME,1,2020-21:3,VERIFIED_SOURCE_MATCH_ROUTE,VERIFIED
team_match,2020-21,309,2128596,AWAY,8,2020-21:54,VERIFIED_SOURCE_MATCH_ROUTE,VERIFIED
team_match,2020-21,310,2128597,HOME,2,2020-21:7,VERIFIED_SOURCE_MATCH_ROUTE,VERIFIED
team_match,2020-21,310,2128597,AWAY,12,2020-21:43,VERIFIED_SOURCE_MATCH_ROUTE,VERIFIED
team_match,2020-21,311,2128598,HOME,5,2020-21:8,VERIFIED_SOURCE_MATCH_ROUTE,VERIFIED
team_match,2020-21,311,2128598,AWAY,3,2020-21:36,VERIFIED_SOURCE_MATCH_ROUTE,VERIFIED
team_match,2020-21,312,2128599,HOME,7,2020-21:11,VERIFIED_SOURCE_MATCH_ROUTE,VERIFIED
team_match,2020-21,312,2128599,AWAY,17,2020-21:6,VERIFIED_SOURCE_MATCH_ROUTE,VERIFIED
team_match,2020-21,313,2128600,HOME,10,2020-21:2,VERIFIED_SOURCE_MATCH_ROUTE,VERIFIED
team_match,2020-21,313,2128600,AWAY,11,2020-21:14,VERIFIED_SOURCE_MATCH_ROUTE,VERIFIED
team_match,2020-21,314,2128601,HOME,9,2020-21:13,VERIFIED_SOURCE_MATCH_ROUTE,VERIFIED
team_match,2020-21,314,2128601,AWAY,18,2020-21:35,VERIFIED_SOURCE_MATCH_ROUTE,VERIFIED
team_match,2020-21,315,2128602,HOME,13,2020-21:1,VERIFIED_SOURCE_MATCH_ROUTE,VERIFIED
team_match,2020-21,315,2128602,AWAY,4,2020-21:90,VERIFIED_SOURCE_MATCH_ROUTE,VERIFIED
team_match,2020-21,316,2128603,HOME,14,2020-21:4,VERIFIED_SOURCE_MATCH_ROUTE,VERIFIED
team_match,2020-21,316,2128603,AWAY,19,2020-21:21,VERIFIED_SOURCE_MATCH_ROUTE,VERIFIED
team_match,2020-21,317,2128604,HOME,16,2020-21:20,VERIFIED_SOURCE_MATCH_ROUTE,VERIFIED
team_match,2020-21,317,2128604,AWAY,6,2020-21:31,VERIFIED_SOURCE_MATCH_ROUTE,VERIFIED
team_match,2020-21,318,2128605,HOME,20,2020-21:39,VERIFIED_SOURCE_MATCH_ROUTE,VERIFIED
team_match,2020-21,318,2128605,AWAY,15,2020-21:49,VERIFIED_SOURCE_MATCH_ROUTE,VERIFIED
team_match,2020-21,319,2128606,HOME,1,2020-21:3,VERIFIED_SOURCE_MATCH_ROUTE,VERIFIED
team_match,2020-21,319,2128606,AWAY,7,2020-21:11,VERIFIED_SOURCE_MATCH_ROUTE,VERIFIED
team_match,2020-21,320,2128607,HOME,2,2020-21:7,VERIFIED_SOURCE_MATCH_ROUTE,VERIFIED
team_match,2020-21,320,2128607,AWAY,18,2020-21:35,VERIFIED_SOURCE_MATCH_ROUTE,VERIFIED
team_match,2020-21,321,2128608,HOME,8,2020-21:54,VERIFIED_SOURCE_MATCH_ROUTE,VERIFIED
team_match,2020-21,321,2128608,AWAY,17,2020-21:6,VERIFIED_SOURCE_MATCH_ROUTE,VERIFIED
team_match,2020-21,322,2128609,HOME,10,2020-21:2,VERIFIED_SOURCE_MATCH_ROUTE,VERIFIED
team_match,2020-21,322,2128609,AWAY,13,2020-21:1,VERIFIED_SOURCE_MATCH_ROUTE,VERIFIED
team_match,2020-21,323,2128610,HOME,9,2020-21:13,VERIFIED_SOURCE_MATCH_ROUTE,VERIFIED
team_match,2020-21,323,2128610,AWAY,6,2020-21:31,VERIFIED_SOURCE_MATCH_ROUTE,VERIFIED
team_match,2020-21,324,2128611,HOME,11,2020-21:14,VERIFIED_SOURCE_MATCH_ROUTE,VERIFIED
team_match,2020-21,324,2128611,AWAY,14,2020-21:4,VERIFIED_SOURCE_MATCH_ROUTE,VERIFIED
team_match,2020-21,325,2128612,HOME,12,2020-21:43,VERIFIED_SOURCE_MATCH_ROUTE,VERIFIED
team_match,2020-21,325,2128612,AWAY,16,2020-21:20,VERIFIED_SOURCE_MATCH_ROUTE,VERIFIED
team_match,2020-21,326,2128613,HOME,15,2020-21:49,VERIFIED_SOURCE_MATCH_ROUTE,VERIFIED
team_match,2020-21,326,2128613,AWAY,3,2020-21:36,VERIFIED_SOURCE_MATCH_ROUTE,VERIFIED
team_match,2020-21,327,2128614,HOME,19,2020-21:21,VERIFIED_SOURCE_MATCH_ROUTE,VERIFIED
team_match,2020-21,327,2128614,AWAY,5,2020-21:8,VERIFIED_SOURCE_MATCH_ROUTE,VERIFIED
team_match,2020-21,328,2128615,HOME,20,2020-21:39,VERIFIED_SOURCE_MATCH_ROUTE,VERIFIED
team_match,2020-21,328,2128615,AWAY,4,2020-21:90,VERIFIED_SOURCE_MATCH_ROUTE,VERIFIED
team_match,2020-21,329,2128616,HOME,3,2020-21:36,VERIFIED_SOURCE_MATCH_ROUTE,VERIFIED
team_match,2020-21,329,2128616,AWAY,10,2020-21:2,VERIFIED_SOURCE_MATCH_ROUTE,VERIFIED
team_match,2020-21,330,2128617,HOME,4,2020-21:90,VERIFIED_SOURCE_MATCH_ROUTE,VERIFIED
team_match,2020-21,330,2128617,AWAY,19,2020-21:21,VERIFIED_SOURCE_MATCH_ROUTE,VERIFIED
team_match,2020-21,331,2128618,HOME,5,2020-21:8,VERIFIED_SOURCE_MATCH_ROUTE,VERIFIED
team_match,2020-21,331,2128618,AWAY,8,2020-21:54,VERIFIED_SOURCE_MATCH_ROUTE,VERIFIED
team_match,2020-21,332,2128619,HOME,6,2020-21:31,VERIFIED_SOURCE_MATCH_ROUTE,VERIFIED
team_match,2020-21,332,2128619,AWAY,12,2020-21:43,VERIFIED_SOURCE_MATCH_ROUTE,VERIFIED
team_match,2020-21,333,2128620,HOME,7,2020-21:11,VERIFIED_SOURCE_MATCH_ROUTE,VERIFIED
team_match,2020-21,333,2128620,AWAY,2,2020-21:7,VERIFIED_SOURCE_MATCH_ROUTE,VERIFIED
team_match,2020-21,334,2128621,HOME,13,2020-21:1,VERIFIED_SOURCE_MATCH_ROUTE,VERIFIED
team_match,2020-21,334,2128621,AWAY,11,2020-21:14,VERIFIED_SOURCE_MATCH_ROUTE,VERIFIED
team_match,2020-21,335,2128622,HOME,14,2020-21:4,VERIFIED_SOURCE_MATCH_ROUTE,VERIFIED
team_match,2020-21,335,2128622,AWAY,1,2020-21:3,VERIFIED_SOURCE_MATCH_ROUTE,VERIFIED
team_match,2020-21,336,2128623,HOME,16,2020-21:20,VERIFIED_SOURCE_MATCH_ROUTE,VERIFIED
team_match,2020-21,336,2128623,AWAY,9,2020-21:13,VERIFIED_SOURCE_MATCH_ROUTE,VERIFIED
team_match,2020-21,337,2128624,HOME,17,2020-21:6,VERIFIED_SOURCE_MATCH_ROUTE,VERIFIED
team_match,2020-21,337,2128624,AWAY,15,2020-21:49,VERIFIED_SOURCE_MATCH_ROUTE,VERIFIED
team_match,2020-21,338,2128625,HOME,18,2020-21:35,VERIFIED_SOURCE_MATCH_ROUTE,VERIFIED
team_match,2020-21,338,2128625,AWAY,20,2020-21:39,VERIFIED_SOURCE_MATCH_ROUTE,VERIFIED
team_match,2020-21,339,2128626,HOME,1,2020-21:3,VERIFIED_SOURCE_MATCH_ROUTE,VERIFIED
team_match,2020-21,339,2128626,AWAY,18,2020-21:35,VERIFIED_SOURCE_MATCH_ROUTE,VERIFIED
team_match,2020-21,340,2128627,HOME,2,2020-21:7,VERIFIED_SOURCE_MATCH_ROUTE,VERIFIED
team_match,2020-21,340,2128627,AWAY,13,2020-21:1,VERIFIED_SOURCE_MATCH_ROUTE,VERIFIED
team_match,2020-21,341,2128628,HOME,8,2020-21:54,VERIFIED_SOURCE_MATCH_ROUTE,VERIFIED
team_match,2020-21,341,2128628,AWAY,4,2020-21:90,VERIFIED_SOURCE_MATCH_ROUTE,VERIFIED
team_match,2020-21,342,2128629,HOME,10,2020-21:2,VERIFIED_SOURCE_MATCH_ROUTE,VERIFIED
team_match,2020-21,342,2128629,AWAY,17,2020-21:6,VERIFIED_SOURCE_MATCH_ROUTE,VERIFIED
team_match,2020-21,343,2128630,HOME,9,2020-21:13,VERIFIED_SOURCE_MATCH_ROUTE,VERIFIED
team_match,2020-21,343,2128630,AWAY,14,2020-21:4,VERIFIED_SOURCE_MATCH_ROUTE,VERIFIED
team_match,2020-21,344,2128631,HOME,11,2020-21:14,VERIFIED_SOURCE_MATCH_ROUTE,VERIFIED
team_match,2020-21,344,2128631,AWAY,16,2020-21:20,VERIFIED_SOURCE_MATCH_ROUTE,VERIFIED
team_match,2020-21,345,2128632,HOME,12,2020-21:43,VERIFIED_SOURCE_MATCH_ROUTE,VERIFIED
team_match,2020-21,345,2128632,AWAY,5,2020-21:8,VERIFIED_SOURCE_MATCH_ROUTE,VERIFIED
team_match,2020-21,346,2128633,HOME,15,2020-21:49,VERIFIED_SOURCE_MATCH_ROUTE,VERIFIED
team_match,2020-21,346,2128633,AWAY,6,2020-21:31,VERIFIED_SOURCE_MATCH_ROUTE,VERIFIED
team_match,2020-21,347,2128634,HOME,19,2020-21:21,VERIFIED_SOURCE_MATCH_ROUTE,VERIFIED
team_match,2020-21,347,2128634,AWAY,7,2020-21:11,VERIFIED_SOURCE_MATCH_ROUTE,VERIFIED
team_match,2020-21,348,2128635,HOME,20,2020-21:39,VERIFIED_SOURCE_MATCH_ROUTE,VERIFIED
team_match,2020-21,348,2128635,AWAY,3,2020-21:36,VERIFIED_SOURCE_MATCH_ROUTE,VERIFIED
team_match,2020-21,349,2128636,HOME,3,2020-21:36,VERIFIED_SOURCE_MATCH_ROUTE,VERIFIED
team_match,2020-21,349,2128636,AWAY,19,2020-21:21,VERIFIED_SOURCE_MATCH_ROUTE,VERIFIED
team_match,2020-21,350,2128637,HOME,4,2020-21:90,VERIFIED_SOURCE_MATCH_ROUTE,VERIFIED
team_match,2020-21,350,2128637,AWAY,10,2020-21:2,VERIFIED_SOURCE_MATCH_ROUTE,VERIFIED
team_match,2020-21,351,2128638,HOME,7,2020-21:11,VERIFIED_SOURCE_MATCH_ROUTE,VERIFIED
team_match,2020-21,351,2128638,AWAY,15,2020-21:49,VERIFIED_SOURCE_MATCH_ROUTE,VERIFIED
team_match,2020-21,352,2128639,HOME,13,2020-21:1,VERIFIED_SOURCE_MATCH_ROUTE,VERIFIED
team_match,2020-21,352,2128639,AWAY,9,2020-21:13,VERIFIED_SOURCE_MATCH_ROUTE,VERIFIED
team_match,2020-21,353,2128640,HOME,18,2020-21:35,VERIFIED_SOURCE_MATCH_ROUTE,VERIFIED
team_match,2020-21,353,2128640,AWAY,11,2020-21:14,VERIFIED_SOURCE_MATCH_ROUTE,VERIFIED
team_match,2020-21,354,2128641,HOME,5,2020-21:8,VERIFIED_SOURCE_MATCH_ROUTE,VERIFIED
team_match,2020-21,354,2128641,AWAY,1,2020-21:3,VERIFIED_SOURCE_MATCH_ROUTE,VERIFIED
team_match,2020-21,355,2128642,HOME,6,2020-21:31,VERIFIED_SOURCE_MATCH_ROUTE,VERIFIED
team_match,2020-21,355,2128642,AWAY,2,2020-21:7,VERIFIED_SOURCE_MATCH_ROUTE,VERIFIED
team_match,2020-21,356,2128643,HOME,14,2020-21:4,VERIFIED_SOURCE_MATCH_ROUTE,VERIFIED
team_match,2020-21,356,2128643,AWAY,12,2020-21:43,VERIFIED_SOURCE_MATCH_ROUTE,VERIFIED
team_match,2020-21,357,2128644,HOME,16,2020-21:20,VERIFIED_SOURCE_MATCH_ROUTE,VERIFIED
team_match,2020-21,357,2128644,AWAY,8,2020-21:54,VERIFIED_SOURCE_MATCH_ROUTE,VERIFIED
team_match,2020-21,358,2128645,HOME,17,2020-21:6,VERIFIED_SOURCE_MATCH_ROUTE,VERIFIED
team_match,2020-21,358,2128645,AWAY,20,2020-21:39,VERIFIED_SOURCE_MATCH_ROUTE,VERIFIED
team_match,2020-21,359,2128646,HOME,3,2020-21:36,VERIFIED_SOURCE_MATCH_ROUTE,VERIFIED
team_match,2020-21,359,2128646,AWAY,12,2020-21:43,VERIFIED_SOURCE_MATCH_ROUTE,VERIFIED
team_match,2020-21,360,2128647,HOME,4,2020-21:90,VERIFIED_SOURCE_MATCH_ROUTE,VERIFIED
team_match,2020-21,360,2128647,AWAY,11,2020-21:14,VERIFIED_SOURCE_MATCH_ROUTE,VERIFIED
team_match,2020-21,361,2128648,HOME,5,2020-21:8,VERIFIED_SOURCE_MATCH_ROUTE,VERIFIED
team_match,2020-21,361,2128648,AWAY,9,2020-21:13,VERIFIED_SOURCE_MATCH_ROUTE,VERIFIED
team_match,2020-21,362,2128649,HOME,6,2020-21:31,VERIFIED_SOURCE_MATCH_ROUTE,VERIFIED
team_match,2020-21,362,2128649,AWAY,1,2020-21:3,VERIFIED_SOURCE_MATCH_ROUTE,VERIFIED
team_match,2020-21,363,2128650,HOME,7,2020-21:11,VERIFIED_SOURCE_MATCH_ROUTE,VERIFIED
team_match,2020-21,363,2128650,AWAY,20,2020-21:39,VERIFIED_SOURCE_MATCH_ROUTE,VERIFIED
team_match,2020-21,364,2128651,HOME,13,2020-21:1,VERIFIED_SOURCE_MATCH_ROUTE,VERIFIED
team_match,2020-21,364,2128651,AWAY,8,2020-21:54,VERIFIED_SOURCE_MATCH_ROUTE,VERIFIED
team_match,2020-21,365,2128652,HOME,14,2020-21:4,VERIFIED_SOURCE_MATCH_ROUTE,VERIFIED
team_match,2020-21,365,2128652,AWAY,15,2020-21:49,VERIFIED_SOURCE_MATCH_ROUTE,VERIFIED
team_match,2020-21,366,2128653,HOME,16,2020-21:20,VERIFIED_SOURCE_MATCH_ROUTE,VERIFIED
team_match,2020-21,366,2128653,AWAY,10,2020-21:2,VERIFIED_SOURCE_MATCH_ROUTE,VERIFIED
team_match,2020-21,367,2128654,HOME,17,2020-21:6,VERIFIED_SOURCE_MATCH_ROUTE,VERIFIED
team_match,2020-21,367,2128654,AWAY,2,2020-21:7,VERIFIED_SOURCE_MATCH_ROUTE,VERIFIED
team_match,2020-21,368,2128655,HOME,18,2020-21:35,VERIFIED_SOURCE_MATCH_ROUTE,VERIFIED
team_match,2020-21,368,2128655,AWAY,19,2020-21:21,VERIFIED_SOURCE_MATCH_ROUTE,VERIFIED
team_match,2020-21,369,2128656,HOME,1,2020-21:3,VERIFIED_SOURCE_MATCH_ROUTE,VERIFIED
team_match,2020-21,369,2128656,AWAY,3,2020-21:36,VERIFIED_SOURCE_MATCH_ROUTE,VERIFIED
team_match,2020-21,370,2128657,HOME,2,2020-21:7,VERIFIED_SOURCE_MATCH_ROUTE,VERIFIED
team_match,2020-21,370,2128657,AWAY,5,2020-21:8,VERIFIED_SOURCE_MATCH_ROUTE,VERIFIED
team_match,2020-21,371,2128658,HOME,8,2020-21:54,VERIFIED_SOURCE_MATCH_ROUTE,VERIFIED
team_match,2020-21,371,2128658,AWAY,14,2020-21:4,VERIFIED_SOURCE_MATCH_ROUTE,VERIFIED
team_match,2020-21,372,2128659,HOME,10,2020-21:2,VERIFIED_SOURCE_MATCH_ROUTE,VERIFIED
team_match,2020-21,372,2128659,AWAY,18,2020-21:35,VERIFIED_SOURCE_MATCH_ROUTE,VERIFIED
team_match,2020-21,373,2128660,HOME,9,2020-21:13,VERIFIED_SOURCE_MATCH_ROUTE,VERIFIED
team_match,2020-21,373,2128660,AWAY,17,2020-21:6,VERIFIED_SOURCE_MATCH_ROUTE,VERIFIED
team_match,2020-21,374,2128661,HOME,11,2020-21:14,VERIFIED_SOURCE_MATCH_ROUTE,VERIFIED
team_match,2020-21,374,2128661,AWAY,6,2020-21:31,VERIFIED_SOURCE_MATCH_ROUTE,VERIFIED
team_match,2020-21,375,2128662,HOME,12,2020-21:43,VERIFIED_SOURCE_MATCH_ROUTE,VERIFIED
team_match,2020-21,375,2128662,AWAY,7,2020-21:11,VERIFIED_SOURCE_MATCH_ROUTE,VERIFIED
team_match,2020-21,376,2128663,HOME,15,2020-21:49,VERIFIED_SOURCE_MATCH_ROUTE,VERIFIED
team_match,2020-21,376,2128663,AWAY,4,2020-21:90,VERIFIED_SOURCE_MATCH_ROUTE,VERIFIED
team_match,2020-21,377,2128664,HOME,19,2020-21:21,VERIFIED_SOURCE_MATCH_ROUTE,VERIFIED
team_match,2020-21,377,2128664,AWAY,16,2020-21:20,VERIFIED_SOURCE_MATCH_ROUTE,VERIFIED
team_match,2020-21,378,2128665,HOME,20,2020-21:39,VERIFIED_SOURCE_MATCH_ROUTE,VERIFIED
team_match,2020-21,378,2128665,AWAY,13,2020-21:1,VERIFIED_SOURCE_MATCH_ROUTE,VERIFIED
team_match,2020-21,379,2128286,HOME,4,2020-21:90,VERIFIED_SOURCE_MATCH_ROUTE,VERIFIED
team_match,2020-21,379,2128286,AWAY,13,2020-21:1,VERIFIED_SOURCE_MATCH_ROUTE,VERIFIED
team_match,2020-21,380,2128290,HOME,12,2020-21:43,VERIFIED_SOURCE_MATCH_ROUTE,VERIFIED
team_match,2020-21,380,2128290,AWAY,2,2020-21:7,VERIFIED_SOURCE_MATCH_ROUTE,VERIFIED
team_match,2021-22,1,2210271,HOME,3,2021-22:94,VERIFIED_SOURCE_MATCH_ROUTE,VERIFIED
team_match,2021-22,1,2210271,AWAY,1,2021-22:3,VERIFIED_SOURCE_MATCH_ROUTE,VERIFIED
team_match,2021-22,2,2210272,HOME,5,2021-22:90,VERIFIED_SOURCE_MATCH_ROUTE,VERIFIED
team_match,2021-22,2,2210272,AWAY,4,2021-22:36,VERIFIED_SOURCE_MATCH_ROUTE,VERIFIED
team_match,2021-22,3,2210273,HOME,6,2021-22:8,VERIFIED_SOURCE_MATCH_ROUTE,VERIFIED
team_match,2021-22,3,2210273,AWAY,7,2021-22:31,VERIFIED_SOURCE_MATCH_ROUTE,VERIFIED
team_match,2021-22,4,2210274,HOME,8,2021-22:11,VERIFIED_SOURCE_MATCH_ROUTE,VERIFIED
team_match,2021-22,4,2210274,AWAY,16,2021-22:20,VERIFIED_SOURCE_MATCH_ROUTE,VERIFIED
team_match,2021-22,5,2210275,HOME,9,2021-22:13,VERIFIED_SOURCE_MATCH_ROUTE,VERIFIED
team_match,2021-22,5,2210275,AWAY,20,2021-22:39,VERIFIED_SOURCE_MATCH_ROUTE,VERIFIED
team_match,2021-22,6,2210276,HOME,13,2021-22:1,VERIFIED_SOURCE_MATCH_ROUTE,VERIFIED
team_match,2021-22,6,2210276,AWAY,10,2021-22:2,VERIFIED_SOURCE_MATCH_ROUTE,VERIFIED
team_match,2021-22,7,2210278,HOME,15,2021-22:45,VERIFIED_SOURCE_MATCH_ROUTE,VERIFIED
team_match,2021-22,7,2210278,AWAY,11,2021-22:14,VERIFIED_SOURCE_MATCH_ROUTE,VERIFIED
team_match,2021-22,8,2210280,HOME,18,2021-22:57,VERIFIED_SOURCE_MATCH_ROUTE,VERIFIED
team_match,2021-22,8,2210280,AWAY,2,2021-22:7,VERIFIED_SOURCE_MATCH_ROUTE,VERIFIED
team_match,2021-22,9,2210277,HOME,14,2021-22:4,VERIFIED_SOURCE_MATCH_ROUTE,VERIFIED
team_match,2021-22,9,2210277,AWAY,19,2021-22:21,VERIFIED_SOURCE_MATCH_ROUTE,VERIFIED
team_match,2021-22,10,2210279,HOME,17,2021-22:6,VERIFIED_SOURCE_MATCH_ROUTE,VERIFIED
team_match,2021-22,10,2210279,AWAY,12,2021-22:43,VERIFIED_SOURCE_MATCH_ROUTE,VERIFIED
team_match,2021-22,11,2210282,HOME,2,2021-22:7,VERIFIED_SOURCE_MATCH_ROUTE,VERIFIED
team_match,2021-22,11,2210282,AWAY,14,2021-22:4,VERIFIED_SOURCE_MATCH_ROUTE,VERIFIED
team_match,2021-22,12,2210283,HOME,4,2021-22:36,VERIFIED_SOURCE_MATCH_ROUTE,VERIFIED
team_match,2021-22,12,2210283,AWAY,18,2021-22:57,VERIFIED_SOURCE_MATCH_ROUTE,VERIFIED
team_match,2021-22,13,2210284,HOME,7,2021-22:31,VERIFIED_SOURCE_MATCH_ROUTE,VERIFIED
team_match,2021-22,13,2210284,AWAY,3,2021-22:94,VERIFIED_SOURCE_MATCH_ROUTE,VERIFIED
team_match,2021-22,14,2210285,HOME,10,2021-22:2,VERIFIED_SOURCE_MATCH_ROUTE,VERIFIED
team_match,2021-22,14,2210285,AWAY,8,2021-22:11,VERIFIED_SOURCE_MATCH_ROUTE,VERIFIED
team_match,2021-22,15,2210286,HOME,11,2021-22:14,VERIFIED_SOURCE_MATCH_ROUTE,VERIFIED
team_match,2021-22,15,2210286,AWAY,5,2021-22:90,VERIFIED_SOURCE_MATCH_ROUTE,VERIFIED
team_match,2021-22,16,2210287,HOME,12,2021-22:43,VERIFIED_SOURCE_MATCH_ROUTE,VERIFIED
team_match,2021-22,16,2210287,AWAY,15,2021-22:45,VERIFIED_SOURCE_MATCH_ROUTE,VERIFIED
team_match,2021-22,17,2210290,HOME,20,2021-22:39,VERIFIED_SOURCE_MATCH_ROUTE,VERIFIED
team_match,2021-22,17,2210290,AWAY,17,2021-22:6,VERIFIED_SOURCE_MATCH_ROUTE,VERIFIED
team_match,2021-22,18,2210281,HOME,1,2021-22:3,VERIFIED_SOURCE_MATCH_ROUTE,VERIFIED
team_match,2021-22,18,2210281,AWAY,6,2021-22:8,VERIFIED_SOURCE_MATCH_ROUTE,VERIFIED
team_match,2021-22,19,2210288,HOME,16,2021-22:20,VERIFIED_SOURCE_MATCH_ROUTE,VERIFIED
team_match,2021-22,19,2210288,AWAY,13,2021-22:1,VERIFIED_SOURCE_MATCH_ROUTE,VERIFIED
team_match,2021-22,20,2210289,HOME,19,2021-22:21,VERIFIED_SOURCE_MATCH_ROUTE,VERIFIED
team_match,2021-22,20,2210289,AWAY,9,2021-22:13,VERIFIED_SOURCE_MATCH_ROUTE,VERIFIED
team_match,2021-22,21,2210291,HOME,2,2021-22:7,VERIFIED_SOURCE_MATCH_ROUTE,VERIFIED
team_match,2021-22,21,2210291,AWAY,3,2021-22:94,VERIFIED_SOURCE_MATCH_ROUTE,VERIFIED
team_match,2021-22,22,2210292,HOME,4,2021-22:36,VERIFIED_SOURCE_MATCH_ROUTE,VERIFIED
team_match,2021-22,22,2210292,AWAY,8,2021-22:11,VERIFIED_SOURCE_MATCH_ROUTE,VERIFIED
team_match,2021-22,23,2210294,HOME,11,2021-22:14,VERIFIED_SOURCE_MATCH_ROUTE,VERIFIED
team_match,2021-22,23,2210294,AWAY,6,2021-22:8,VERIFIED_SOURCE_MATCH_ROUTE,VERIFIED
team_match,2021-22,24,2210295,HOME,12,2021-22:43,VERIFIED_SOURCE_MATCH_ROUTE,VERIFIED
team_match,2021-22,24,2210295,AWAY,1,2021-22:3,VERIFIED_SOURCE_MATCH_ROUTE,VERIFIED
team_match,2021-22,25,2210296,HOME,14,2021-22:4,VERIFIED_SOURCE_MATCH_ROUTE,VERIFIED
team_match,2021-22,25,2210296,AWAY,16,2021-22:20,VERIFIED_SOURCE_MATCH_ROUTE,VERIFIED
team_match,2021-22,26,2210297,HOME,15,2021-22:45,VERIFIED_SOURCE_MATCH_ROUTE,VERIFIED
team_match,2021-22,26,2210297,AWAY,9,2021-22:13,VERIFIED_SOURCE_MATCH_ROUTE,VERIFIED
team_match,2021-22,27,2210298,HOME,17,2021-22:6,VERIFIED_SOURCE_MATCH_ROUTE,VERIFIED
team_match,2021-22,27,2210298,AWAY,18,2021-22:57,VERIFIED_SOURCE_MATCH_ROUTE,VERIFIED
team_match,2021-22,28,2210299,HOME,19,2021-22:21,VERIFIED_SOURCE_MATCH_ROUTE,VERIFIED
team_match,2021-22,28,2210299,AWAY,7,2021-22:31,VERIFIED_SOURCE_MATCH_ROUTE,VERIFIED
team_match,2021-22,29,2210293,HOME,5,2021-22:90,VERIFIED_SOURCE_MATCH_ROUTE,VERIFIED
team_match,2021-22,29,2210293,AWAY,10,2021-22:2,VERIFIED_SOURCE_MATCH_ROUTE,VERIFIED
team_match,2021-22,30,2210300,HOME,20,2021-22:39,VERIFIED_SOURCE_MATCH_ROUTE,VERIFIED
team_match,2021-22,30,2210300,AWAY,13,2021-22:1,VERIFIED_SOURCE_MATCH_ROUTE,VERIFIED
team_match,2021-22,31,2210301,HOME,1,2021-22:3,VERIFIED_SOURCE_MATCH_ROUTE,VERIFIED
team_match,2021-22,31,2210301,AWAY,15,2021-22:45,VERIFIED_SOURCE_MATCH_ROUTE,VERIFIED
team_match,2021-22,32,2210302,HOME,3,2021-22:94,VERIFIED_SOURCE_MATCH_ROUTE,VERIFIED
team_match,2021-22,32,2210302,AWAY,4,2021-22:36,VERIFIED_SOURCE_MATCH_ROUTE,VERIFIED
team_match,2021-22,33,2210303,HOME,6,2021-22:8,VERIFIED_SOURCE_MATCH_ROUTE,VERIFIED
team_match,2021-22,33,2210303,AWAY,2,2021-22:7,VERIFIED_SOURCE_MATCH_ROUTE,VERIFIED
team_match,2021-22,34,2210304,HOME,7,2021-22:31,VERIFIED_SOURCE_MATCH_ROUTE,VERIFIED
team_match,2021-22,34,2210304,AWAY,17,2021-22:6,VERIFIED_SOURCE_MATCH_ROUTE,VERIFIED
team_match,2021-22,35,2210305,HOME,8,2021-22:11,VERIFIED_SOURCE_MATCH_ROUTE,VERIFIED
team_match,2021-22,35,2210305,AWAY,5,2021-22:90,VERIFIED_SOURCE_MATCH_ROUTE,VERIFIED
team_match,2021-22,36,2210306,HOME,10,2021-22:2,VERIFIED_SOURCE_MATCH_ROUTE,VERIFIED
team_match,2021-22,36,2210306,AWAY,11,2021-22:14,VERIFIED_SOURCE_MATCH_ROUTE,VERIFIED
team_match,2021-22,37,2210307,HOME,9,2021-22:13,VERIFIED_SOURCE_MATCH_ROUTE,VERIFIED
team_match,2021-22,37,2210307,AWAY,12,2021-22:43,VERIFIED_SOURCE_MATCH_ROUTE,VERIFIED
team_match,2021-22,38,2210308,HOME,13,2021-22:1,VERIFIED_SOURCE_MATCH_ROUTE,VERIFIED
team_match,2021-22,38,2210308,AWAY,14,2021-22:4,VERIFIED_SOURCE_MATCH_ROUTE,VERIFIED
team_match,2021-22,39,2210309,HOME,16,2021-22:20,VERIFIED_SOURCE_MATCH_ROUTE,VERIFIED
team_match,2021-22,39,2210309,AWAY,19,2021-22:21,VERIFIED_SOURCE_MATCH_ROUTE,VERIFIED
team_match,2021-22,40,2210310,HOME,18,2021-22:57,VERIFIED_SOURCE_MATCH_ROUTE,VERIFIED
team_match,2021-22,40,2210310,AWAY,20,2021-22:39,VERIFIED_SOURCE_MATCH_ROUTE,VERIFIED
team_match,2021-22,41,2210311,HOME,2,2021-22:7,VERIFIED_SOURCE_MATCH_ROUTE,VERIFIED
team_match,2021-22,41,2210311,AWAY,8,2021-22:11,VERIFIED_SOURCE_MATCH_ROUTE,VERIFIED
team_match,2021-22,42,2210312,HOME,4,2021-22:36,VERIFIED_SOURCE_MATCH_ROUTE,VERIFIED
team_match,2021-22,42,2210312,AWAY,9,2021-22:13,VERIFIED_SOURCE_MATCH_ROUTE,VERIFIED
team_match,2021-22,43,2210313,HOME,5,2021-22:90,VERIFIED_SOURCE_MATCH_ROUTE,VERIFIED
team_match,2021-22,43,2210313,AWAY,1,2021-22:3,VERIFIED_SOURCE_MATCH_ROUTE,VERIFIED
team_match,2021-22,44,2210314,HOME,11,2021-22:14,VERIFIED_SOURCE_MATCH_ROUTE,VERIFIED
team_match,2021-22,44,2210314,AWAY,7,2021-22:31,VERIFIED_SOURCE_MATCH_ROUTE,VERIFIED
team_match,2021-22,45,2210315,HOME,12,2021-22:43,VERIFIED_SOURCE_MATCH_ROUTE,VERIFIED
team_match,2021-22,45,2210315,AWAY,16,2021-22:20,VERIFIED_SOURCE_MATCH_ROUTE,VERIFIED
team_match,2021-22,46,2210316,HOME,14,2021-22:4,VERIFIED_SOURCE_MATCH_ROUTE,VERIFIED
team_match,2021-22,46,2210316,AWAY,10,2021-22:2,VERIFIED_SOURCE_MATCH_ROUTE,VERIFIED
team_match,2021-22,47,2210317,HOME,15,2021-22:45,VERIFIED_SOURCE_MATCH_ROUTE,VERIFIED
team_match,2021-22,47,2210317,AWAY,18,2021-22:57,VERIFIED_SOURCE_MATCH_ROUTE,VERIFIED
team_match,2021-22,48,2210318,HOME,17,2021-22:6,VERIFIED_SOURCE_MATCH_ROUTE,VERIFIED
team_match,2021-22,48,2210318,AWAY,6,2021-22:8,VERIFIED_SOURCE_MATCH_ROUTE,VERIFIED
team_match,2021-22,49,2210319,HOME,19,2021-22:21,VERIFIED_SOURCE_MATCH_ROUTE,VERIFIED
team_match,2021-22,49,2210319,AWAY,13,2021-22:1,VERIFIED_SOURCE_MATCH_ROUTE,VERIFIED
team_match,2021-22,50,2210320,HOME,20,2021-22:39,VERIFIED_SOURCE_MATCH_ROUTE,VERIFIED
team_match,2021-22,50,2210320,AWAY,3,2021-22:94,VERIFIED_SOURCE_MATCH_ROUTE,VERIFIED
team_match,2021-22,51,2210321,HOME,1,2021-22:3,VERIFIED_SOURCE_MATCH_ROUTE,VERIFIED
team_match,2021-22,51,2210321,AWAY,17,2021-22:6,VERIFIED_SOURCE_MATCH_ROUTE,VERIFIED
team_match,2021-22,52,2210322,HOME,3,2021-22:94,VERIFIED_SOURCE_MATCH_ROUTE,VERIFIED
team_match,2021-22,52,2210322,AWAY,11,2021-22:14,VERIFIED_SOURCE_MATCH_ROUTE,VERIFIED
team_match,2021-22,53,2210323,HOME,6,2021-22:8,VERIFIED_SOURCE_MATCH_ROUTE,VERIFIED
team_match,2021-22,53,2210323,AWAY,12,2021-22:43,VERIFIED_SOURCE_MATCH_ROUTE,VERIFIED
team_match,2021-22,54,2210324,HOME,7,2021-22:31,VERIFIED_SOURCE_MATCH_ROUTE,VERIFIED
team_match,2021-22,54,2210324,AWAY,4,2021-22:36,VERIFIED_SOURCE_MATCH_ROUTE,VERIFIED
team_match,2021-22,55,2210325,HOME,8,2021-22:11,VERIFIED_SOURCE_MATCH_ROUTE,VERIFIED
team_match,2021-22,55,2210325,AWAY,15,2021-22:45,VERIFIED_SOURCE_MATCH_ROUTE,VERIFIED
team_match,2021-22,56,2210326,HOME,10,2021-22:2,VERIFIED_SOURCE_MATCH_ROUTE,VERIFIED
team_match,2021-22,56,2210326,AWAY,19,2021-22:21,VERIFIED_SOURCE_MATCH_ROUTE,VERIFIED
team_match,2021-22,57,2210327,HOME,9,2021-22:13,VERIFIED_SOURCE_MATCH_ROUTE,VERIFIED
team_match,2021-22,57,2210327,AWAY,5,2021-22:90,VERIFIED_SOURCE_MATCH_ROUTE,VERIFIED
team_match,2021-22,58,2210328,HOME,13,2021-22:1,VERIFIED_SOURCE_MATCH_ROUTE,VERIFIED
team_match,2021-22,58,2210328,AWAY,2,2021-22:7,VERIFIED_SOURCE_MATCH_ROUTE,VERIFIED
team_match,2021-22,59,2210329,HOME,16,2021-22:20,VERIFIED_SOURCE_MATCH_ROUTE,VERIFIED
team_match,2021-22,59,2210329,AWAY,20,2021-22:39,VERIFIED_SOURCE_MATCH_ROUTE,VERIFIED
team_match,2021-22,60,2210330,HOME,18,2021-22:57,VERIFIED_SOURCE_MATCH_ROUTE,VERIFIED
team_match,2021-22,60,2210330,AWAY,14,2021-22:4,VERIFIED_SOURCE_MATCH_ROUTE,VERIFIED
team_match,2021-22,61,2210331,HOME,4,2021-22:36,VERIFIED_SOURCE_MATCH_ROUTE,VERIFIED
team_match,2021-22,61,2210331,AWAY,1,2021-22:3,VERIFIED_SOURCE_MATCH_ROUTE,VERIFIED
team_match,2021-22,62,2210332,HOME,5,2021-22:90,VERIFIED_SOURCE_MATCH_ROUTE,VERIFIED
team_match,2021-22,62,2210332,AWAY,15,2021-22:45,VERIFIED_SOURCE_MATCH_ROUTE,VERIFIED
team_match,2021-22,63,2210333,HOME,6,2021-22:8,VERIFIED_SOURCE_MATCH_ROUTE,VERIFIED
team_match,2021-22,63,2210333,AWAY,16,2021-22:20,VERIFIED_SOURCE_MATCH_ROUTE,VERIFIED
team_match,2021-22,64,2210334,HOME,7,2021-22:31,VERIFIED_SOURCE_MATCH_ROUTE,VERIFIED
team_match,2021-22,64,2210334,AWAY,9,2021-22:13,VERIFIED_SOURCE_MATCH_ROUTE,VERIFIED
team_match,2021-22,65,2210335,HOME,10,2021-22:2,VERIFIED_SOURCE_MATCH_ROUTE,VERIFIED
team_match,2021-22,65,2210335,AWAY,18,2021-22:57,VERIFIED_SOURCE_MATCH_ROUTE,VERIFIED
team_match,2021-22,66,2210336,HOME,11,2021-22:14,VERIFIED_SOURCE_MATCH_ROUTE,VERIFIED
team_match,2021-22,66,2210336,AWAY,12,2021-22:43,VERIFIED_SOURCE_MATCH_ROUTE,VERIFIED
team_match,2021-22,67,2210337,HOME,13,2021-22:1,VERIFIED_SOURCE_MATCH_ROUTE,VERIFIED
team_match,2021-22,67,2210337,AWAY,8,2021-22:11,VERIFIED_SOURCE_MATCH_ROUTE,VERIFIED
team_match,2021-22,68,2210338,HOME,17,2021-22:6,VERIFIED_SOURCE_MATCH_ROUTE,VERIFIED
team_match,2021-22,68,2210338,AWAY,2,2021-22:7,VERIFIED_SOURCE_MATCH_ROUTE,VERIFIED
team_match,2021-22,69,2210339,HOME,19,2021-22:21,VERIFIED_SOURCE_MATCH_ROUTE,VERIFIED
team_match,2021-22,69,2210339,AWAY,3,2021-22:94,VERIFIED_SOURCE_MATCH_ROUTE,VERIFIED
team_match,2021-22,70,2210340,HOME,20,2021-22:39,VERIFIED_SOURCE_MATCH_ROUTE,VERIFIED
team_match,2021-22,70,2210340,AWAY,14,2021-22:4,VERIFIED_SOURCE_MATCH_ROUTE,VERIFIED
team_match,2021-22,71,2210341,HOME,1,2021-22:3,VERIFIED_SOURCE_MATCH_ROUTE,VERIFIED
team_match,2021-22,71,2210341,AWAY,7,2021-22:31,VERIFIED_SOURCE_MATCH_ROUTE,VERIFIED
team_match,2021-22,72,2210342,HOME,2,2021-22:7,VERIFIED_SOURCE_MATCH_ROUTE,VERIFIED
team_match,2021-22,72,2210342,AWAY,20,2021-22:39,VERIFIED_SOURCE_MATCH_ROUTE,VERIFIED
team_match,2021-22,73,2210343,HOME,3,2021-22:94,VERIFIED_SOURCE_MATCH_ROUTE,VERIFIED
team_match,2021-22,73,2210343,AWAY,6,2021-22:8,VERIFIED_SOURCE_MATCH_ROUTE,VERIFIED
team_match,2021-22,74,2210344,HOME,8,2021-22:11,VERIFIED_SOURCE_MATCH_ROUTE,VERIFIED
team_match,2021-22,74,2210344,AWAY,19,2021-22:21,VERIFIED_SOURCE_MATCH_ROUTE,VERIFIED
team_match,2021-22,75,2210345,HOME,9,2021-22:13,VERIFIED_SOURCE_MATCH_ROUTE,VERIFIED
team_match,2021-22,75,2210345,AWAY,13,2021-22:1,VERIFIED_SOURCE_MATCH_ROUTE,VERIFIED
team_match,2021-22,76,2210346,HOME,12,2021-22:43,VERIFIED_SOURCE_MATCH_ROUTE,VERIFIED
team_match,2021-22,76,2210346,AWAY,5,2021-22:90,VERIFIED_SOURCE_MATCH_ROUTE,VERIFIED
team_match,2021-22,77,2210347,HOME,14,2021-22:4,VERIFIED_SOURCE_MATCH_ROUTE,VERIFIED
team_match,2021-22,77,2210347,AWAY,17,2021-22:6,VERIFIED_SOURCE_MATCH_ROUTE,VERIFIED
team_match,2021-22,78,2210348,HOME,15,2021-22:45,VERIFIED_SOURCE_MATCH_ROUTE,VERIFIED
team_match,2021-22,78,2210348,AWAY,4,2021-22:36,VERIFIED_SOURCE_MATCH_ROUTE,VERIFIED
team_match,2021-22,79,2210349,HOME,16,2021-22:20,VERIFIED_SOURCE_MATCH_ROUTE,VERIFIED
team_match,2021-22,79,2210349,AWAY,10,2021-22:2,VERIFIED_SOURCE_MATCH_ROUTE,VERIFIED
team_match,2021-22,80,2210350,HOME,18,2021-22:57,VERIFIED_SOURCE_MATCH_ROUTE,VERIFIED
team_match,2021-22,80,2210350,AWAY,11,2021-22:14,VERIFIED_SOURCE_MATCH_ROUTE,VERIFIED
team_match,2021-22,81,2210351,HOME,1,2021-22:3,VERIFIED_SOURCE_MATCH_ROUTE,VERIFIED
team_match,2021-22,81,2210351,AWAY,2,2021-22:7,VERIFIED_SOURCE_MATCH_ROUTE,VERIFIED
team_match,2021-22,82,2210352,HOME,3,2021-22:94,VERIFIED_SOURCE_MATCH_ROUTE,VERIFIED
team_match,2021-22,82,2210352,AWAY,9,2021-22:13,VERIFIED_SOURCE_MATCH_ROUTE,VERIFIED
team_match,2021-22,83,2210353,HOME,4,2021-22:36,VERIFIED_SOURCE_MATCH_ROUTE,VERIFIED
team_match,2021-22,83,2210353,AWAY,12,2021-22:43,VERIFIED_SOURCE_MATCH_ROUTE,VERIFIED
team_match,2021-22,84,2210354,HOME,6,2021-22:8,VERIFIED_SOURCE_MATCH_ROUTE,VERIFIED
team_match,2021-22,84,2210354,AWAY,15,2021-22:45,VERIFIED_SOURCE_MATCH_ROUTE,VERIFIED
team_match,2021-22,85,2210355,HOME,7,2021-22:31,VERIFIED_SOURCE_MATCH_ROUTE,VERIFIED
team_match,2021-22,85,2210355,AWAY,14,2021-22:4,VERIFIED_SOURCE_MATCH_ROUTE,VERIFIED
team_match,2021-22,86,2210356,HOME,8,2021-22:11,VERIFIED_SOURCE_MATCH_ROUTE,VERIFIED
team_match,2021-22,86,2210356,AWAY,18,2021-22:57,VERIFIED_SOURCE_MATCH_ROUTE,VERIFIED
team_match,2021-22,87,2210357,HOME,10,2021-22:2,VERIFIED_SOURCE_MATCH_ROUTE,VERIFIED
team_match,2021-22,87,2210357,AWAY,20,2021-22:39,VERIFIED_SOURCE_MATCH_ROUTE,VERIFIED
team_match,2021-22,88,2210358,HOME,13,2021-22:1,VERIFIED_SOURCE_MATCH_ROUTE,VERIFIED
team_match,2021-22,88,2210358,AWAY,11,2021-22:14,VERIFIED_SOURCE_MATCH_ROUTE,VERIFIED
team_match,2021-22,89,2210359,HOME,16,2021-22:20,VERIFIED_SOURCE_MATCH_ROUTE,VERIFIED
team_match,2021-22,89,2210359,AWAY,5,2021-22:90,VERIFIED_SOURCE_MATCH_ROUTE,VERIFIED
team_match,2021-22,90,2210360,HOME,19,2021-22:21,VERIFIED_SOURCE_MATCH_ROUTE,VERIFIED
team_match,2021-22,90,2210360,AWAY,17,2021-22:6,VERIFIED_SOURCE_MATCH_ROUTE,VERIFIED
team_match,2021-22,91,2210361,HOME,2,2021-22:7,VERIFIED_SOURCE_MATCH_ROUTE,VERIFIED
team_match,2021-22,91,2210361,AWAY,19,2021-22:21,VERIFIED_SOURCE_MATCH_ROUTE,VERIFIED
team_match,2021-22,92,2210362,HOME,5,2021-22:90,VERIFIED_SOURCE_MATCH_ROUTE,VERIFIED
team_match,2021-22,92,2210362,AWAY,3,2021-22:94,VERIFIED_SOURCE_MATCH_ROUTE,VERIFIED
team_match,2021-22,93,2210363,HOME,9,2021-22:13,VERIFIED_SOURCE_MATCH_ROUTE,VERIFIED
team_match,2021-22,93,2210363,AWAY,1,2021-22:3,VERIFIED_SOURCE_MATCH_ROUTE,VERIFIED
team_match,2021-22,94,2210364,HOME,11,2021-22:14,VERIFIED_SOURCE_MATCH_ROUTE,VERIFIED
team_match,2021-22,94,2210364,AWAY,4,2021-22:36,VERIFIED_SOURCE_MATCH_ROUTE,VERIFIED
team_match,2021-22,95,2210365,HOME,12,2021-22:43,VERIFIED_SOURCE_MATCH_ROUTE,VERIFIED
team_match,2021-22,95,2210365,AWAY,7,2021-22:31,VERIFIED_SOURCE_MATCH_ROUTE,VERIFIED
team_match,2021-22,96,2210366,HOME,14,2021-22:4,VERIFIED_SOURCE_MATCH_ROUTE,VERIFIED
team_match,2021-22,96,2210366,AWAY,6,2021-22:8,VERIFIED_SOURCE_MATCH_ROUTE,VERIFIED
team_match,2021-22,97,2210367,HOME,15,2021-22:45,VERIFIED_SOURCE_MATCH_ROUTE,VERIFIED
team_match,2021-22,97,2210367,AWAY,10,2021-22:2,VERIFIED_SOURCE_MATCH_ROUTE,VERIFIED
team_match,2021-22,98,2210368,HOME,17,2021-22:6,VERIFIED_SOURCE_MATCH_ROUTE,VERIFIED
team_match,2021-22,98,2210368,AWAY,13,2021-22:1,VERIFIED_SOURCE_MATCH_ROUTE,VERIFIED
team_match,2021-22,99,2210369,HOME,18,2021-22:57,VERIFIED_SOURCE_MATCH_ROUTE,VERIFIED
team_match,2021-22,99,2210369,AWAY,16,2021-22:20,VERIFIED_SOURCE_MATCH_ROUTE,VERIFIED
team_match,2021-22,100,2210370,HOME,20,2021-22:39,VERIFIED_SOURCE_MATCH_ROUTE,VERIFIED
team_match,2021-22,100,2210370,AWAY,8,2021-22:11,VERIFIED_SOURCE_MATCH_ROUTE,VERIFIED
team_match,2021-22,101,2210371,HOME,1,2021-22:3,VERIFIED_SOURCE_MATCH_ROUTE,VERIFIED
team_match,2021-22,101,2210371,AWAY,18,2021-22:57,VERIFIED_SOURCE_MATCH_ROUTE,VERIFIED
team_match,2021-22,102,2210372,HOME,3,2021-22:94,VERIFIED_SOURCE_MATCH_ROUTE,VERIFIED
team_match,2021-22,102,2210372,AWAY,15,2021-22:45,VERIFIED_SOURCE_MATCH_ROUTE,VERIFIED
team_match,2021-22,103,2210373,HOME,4,2021-22:36,VERIFIED_SOURCE_MATCH_ROUTE,VERIFIED
team_match,2021-22,103,2210373,AWAY,14,2021-22:4,VERIFIED_SOURCE_MATCH_ROUTE,VERIFIED
team_match,2021-22,104,2210374,HOME,6,2021-22:8,VERIFIED_SOURCE_MATCH_ROUTE,VERIFIED
team_match,2021-22,104,2210374,AWAY,5,2021-22:90,VERIFIED_SOURCE_MATCH_ROUTE,VERIFIED
team_match,2021-22,105,2210375,HOME,7,2021-22:31,VERIFIED_SOURCE_MATCH_ROUTE,VERIFIED
team_match,2021-22,105,2210375,AWAY,20,2021-22:39,VERIFIED_SOURCE_MATCH_ROUTE,VERIFIED
team_match,2021-22,106,2210376,HOME,8,2021-22:11,VERIFIED_SOURCE_MATCH_ROUTE,VERIFIED
team_match,2021-22,106,2210376,AWAY,17,2021-22:6,VERIFIED_SOURCE_MATCH_ROUTE,VERIFIED
team_match,2021-22,107,2210377,HOME,10,2021-22:2,VERIFIED_SOURCE_MATCH_ROUTE,VERIFIED
team_match,2021-22,107,2210377,AWAY,9,2021-22:13,VERIFIED_SOURCE_MATCH_ROUTE,VERIFIED
team_match,2021-22,108,2210378,HOME,13,2021-22:1,VERIFIED_SOURCE_MATCH_ROUTE,VERIFIED
team_match,2021-22,108,2210378,AWAY,12,2021-22:43,VERIFIED_SOURCE_MATCH_ROUTE,VERIFIED
team_match,2021-22,109,2210379,HOME,16,2021-22:20,VERIFIED_SOURCE_MATCH_ROUTE,VERIFIED
team_match,2021-22,109,2210379,AWAY,2,2021-22:7,VERIFIED_SOURCE_MATCH_ROUTE,VERIFIED
team_match,2021-22,110,2210380,HOME,19,2021-22:21,VERIFIED_SOURCE_MATCH_ROUTE,VERIFIED
team_match,2021-22,110,2210380,AWAY,11,2021-22:14,VERIFIED_SOURCE_MATCH_ROUTE,VERIFIED
team_match,2021-22,111,2210381,HOME,2,2021-22:7,VERIFIED_SOURCE_MATCH_ROUTE,VERIFIED
team_match,2021-22,111,2210381,AWAY,4,2021-22:36,VERIFIED_SOURCE_MATCH_ROUTE,VERIFIED
team_match,2021-22,112,2210382,HOME,5,2021-22:90,VERIFIED_SOURCE_MATCH_ROUTE,VERIFIED
team_match,2021-22,112,2210382,AWAY,7,2021-22:31,VERIFIED_SOURCE_MATCH_ROUTE,VERIFIED
team_match,2021-22,113,2210383,HOME,9,2021-22:13,VERIFIED_SOURCE_MATCH_ROUTE,VERIFIED
team_match,2021-22,113,2210383,AWAY,6,2021-22:8,VERIFIED_SOURCE_MATCH_ROUTE,VERIFIED
team_match,2021-22,114,2210384,HOME,11,2021-22:14,VERIFIED_SOURCE_MATCH_ROUTE,VERIFIED
team_match,2021-22,114,2210384,AWAY,1,2021-22:3,VERIFIED_SOURCE_MATCH_ROUTE,VERIFIED
team_match,2021-22,115,2210385,HOME,12,2021-22:43,VERIFIED_SOURCE_MATCH_ROUTE,VERIFIED
team_match,2021-22,115,2210385,AWAY,8,2021-22:11,VERIFIED_SOURCE_MATCH_ROUTE,VERIFIED
team_match,2021-22,116,2210386,HOME,14,2021-22:4,VERIFIED_SOURCE_MATCH_ROUTE,VERIFIED
team_match,2021-22,116,2210386,AWAY,3,2021-22:94,VERIFIED_SOURCE_MATCH_ROUTE,VERIFIED
team_match,2021-22,117,2210387,HOME,15,2021-22:45,VERIFIED_SOURCE_MATCH_ROUTE,VERIFIED
team_match,2021-22,117,2210387,AWAY,16,2021-22:20,VERIFIED_SOURCE_MATCH_ROUTE,VERIFIED
team_match,2021-22,118,2210388,HOME,17,2021-22:6,VERIFIED_SOURCE_MATCH_ROUTE,VERIFIED
team_match,2021-22,118,2210388,AWAY,10,2021-22:2,VERIFIED_SOURCE_MATCH_ROUTE,VERIFIED
team_match,2021-22,119,2210389,HOME,18,2021-22:57,VERIFIED_SOURCE_MATCH_ROUTE,VERIFIED
team_match,2021-22,119,2210389,AWAY,13,2021-22:1,VERIFIED_SOURCE_MATCH_ROUTE,VERIFIED
team_match,2021-22,120,2210390,HOME,20,2021-22:39,VERIFIED_SOURCE_MATCH_ROUTE,VERIFIED
team_match,2021-22,120,2210390,AWAY,19,2021-22:21,VERIFIED_SOURCE_MATCH_ROUTE,VERIFIED
team_match,2021-22,121,2210391,HOME,1,2021-22:3,VERIFIED_SOURCE_MATCH_ROUTE,VERIFIED
team_match,2021-22,121,2210391,AWAY,14,2021-22:4,VERIFIED_SOURCE_MATCH_ROUTE,VERIFIED
team_match,2021-22,122,2210392,HOME,3,2021-22:94,VERIFIED_SOURCE_MATCH_ROUTE,VERIFIED
team_match,2021-22,122,2210392,AWAY,8,2021-22:11,VERIFIED_SOURCE_MATCH_ROUTE,VERIFIED
team_match,2021-22,123,2210393,HOME,4,2021-22:36,VERIFIED_SOURCE_MATCH_ROUTE,VERIFIED
team_match,2021-22,123,2210393,AWAY,10,2021-22:2,VERIFIED_SOURCE_MATCH_ROUTE,VERIFIED
team_match,2021-22,124,2210394,HOME,5,2021-22:90,VERIFIED_SOURCE_MATCH_ROUTE,VERIFIED
team_match,2021-22,124,2210394,AWAY,17,2021-22:6,VERIFIED_SOURCE_MATCH_ROUTE,VERIFIED
team_match,2021-22,125,2210395,HOME,6,2021-22:8,VERIFIED_SOURCE_MATCH_ROUTE,VERIFIED
team_match,2021-22,125,2210395,AWAY,13,2021-22:1,VERIFIED_SOURCE_MATCH_ROUTE,VERIFIED
team_match,2021-22,126,2210396,HOME,7,2021-22:31,VERIFIED_SOURCE_MATCH_ROUTE,VERIFIED
team_match,2021-22,126,2210396,AWAY,2,2021-22:7,VERIFIED_SOURCE_MATCH_ROUTE,VERIFIED
team_match,2021-22,127,2210397,HOME,9,2021-22:13,VERIFIED_SOURCE_MATCH_ROUTE,VERIFIED
team_match,2021-22,127,2210397,AWAY,18,2021-22:57,VERIFIED_SOURCE_MATCH_ROUTE,VERIFIED
team_match,2021-22,128,2210398,HOME,11,2021-22:14,VERIFIED_SOURCE_MATCH_ROUTE,VERIFIED
team_match,2021-22,128,2210398,AWAY,16,2021-22:20,VERIFIED_SOURCE_MATCH_ROUTE,VERIFIED
team_match,2021-22,129,2210399,HOME,12,2021-22:43,VERIFIED_SOURCE_MATCH_ROUTE,VERIFIED
team_match,2021-22,129,2210399,AWAY,19,2021-22:21,VERIFIED_SOURCE_MATCH_ROUTE,VERIFIED
team_match,2021-22,130,2210400,HOME,15,2021-22:45,VERIFIED_SOURCE_MATCH_ROUTE,VERIFIED
team_match,2021-22,130,2210400,AWAY,20,2021-22:39,VERIFIED_SOURCE_MATCH_ROUTE,VERIFIED
team_match,2021-22,131,2210401,HOME,2,2021-22:7,VERIFIED_SOURCE_MATCH_ROUTE,VERIFIED
team_match,2021-22,131,2210401,AWAY,12,2021-22:43,VERIFIED_SOURCE_MATCH_ROUTE,VERIFIED
team_match,2021-22,132,2210402,HOME,8,2021-22:11,VERIFIED_SOURCE_MATCH_ROUTE,VERIFIED
team_match,2021-22,132,2210402,AWAY,11,2021-22:14,VERIFIED_SOURCE_MATCH_ROUTE,VERIFIED
team_match,2021-22,133,2210403,HOME,10,2021-22:2,VERIFIED_SOURCE_MATCH_ROUTE,VERIFIED
team_match,2021-22,133,2210403,AWAY,7,2021-22:31,VERIFIED_SOURCE_MATCH_ROUTE,VERIFIED
team_match,2021-22,134,2210404,HOME,13,2021-22:1,VERIFIED_SOURCE_MATCH_ROUTE,VERIFIED
team_match,2021-22,134,2210404,AWAY,1,2021-22:3,VERIFIED_SOURCE_MATCH_ROUTE,VERIFIED
team_match,2021-22,135,2210405,HOME,18,2021-22:57,VERIFIED_SOURCE_MATCH_ROUTE,VERIFIED
team_match,2021-22,135,2210405,AWAY,6,2021-22:8,VERIFIED_SOURCE_MATCH_ROUTE,VERIFIED
team_match,2021-22,136,2210406,HOME,19,2021-22:21,VERIFIED_SOURCE_MATCH_ROUTE,VERIFIED
team_match,2021-22,136,2210406,AWAY,4,2021-22:36,VERIFIED_SOURCE_MATCH_ROUTE,VERIFIED
team_match,2021-22,137,2210407,HOME,20,2021-22:39,VERIFIED_SOURCE_MATCH_ROUTE,VERIFIED
team_match,2021-22,137,2210407,AWAY,5,2021-22:90,VERIFIED_SOURCE_MATCH_ROUTE,VERIFIED
team_match,2021-22,138,2210408,HOME,14,2021-22:4,VERIFIED_SOURCE_MATCH_ROUTE,VERIFIED
team_match,2021-22,138,2210408,AWAY,15,2021-22:45,VERIFIED_SOURCE_MATCH_ROUTE,VERIFIED
team_match,2021-22,139,2210409,HOME,16,2021-22:20,VERIFIED_SOURCE_MATCH_ROUTE,VERIFIED
team_match,2021-22,139,2210409,AWAY,9,2021-22:13,VERIFIED_SOURCE_MATCH_ROUTE,VERIFIED
team_match,2021-22,140,2210410,HOME,17,2021-22:6,VERIFIED_SOURCE_MATCH_ROUTE,VERIFIED
team_match,2021-22,140,2210410,AWAY,3,2021-22:94,VERIFIED_SOURCE_MATCH_ROUTE,VERIFIED
team_match,2021-22,141,2210411,HOME,2,2021-22:7,VERIFIED_SOURCE_MATCH_ROUTE,VERIFIED
team_match,2021-22,141,2210411,AWAY,9,2021-22:13,VERIFIED_SOURCE_MATCH_ROUTE,VERIFIED
team_match,2021-22,142,2210412,HOME,8,2021-22:11,VERIFIED_SOURCE_MATCH_ROUTE,VERIFIED
team_match,2021-22,142,2210412,AWAY,1,2021-22:3,VERIFIED_SOURCE_MATCH_ROUTE,VERIFIED
team_match,2021-22,143,2210413,HOME,10,2021-22:2,VERIFIED_SOURCE_MATCH_ROUTE,VERIFIED
team_match,2021-22,143,2210413,AWAY,3,2021-22:94,VERIFIED_SOURCE_MATCH_ROUTE,VERIFIED
team_match,2021-22,144,2210414,HOME,13,2021-22:1,VERIFIED_SOURCE_MATCH_ROUTE,VERIFIED
team_match,2021-22,144,2210414,AWAY,7,2021-22:31,VERIFIED_SOURCE_MATCH_ROUTE,VERIFIED
team_match,2021-22,145,2210415,HOME,14,2021-22:4,VERIFIED_SOURCE_MATCH_ROUTE,VERIFIED
team_match,2021-22,145,2210415,AWAY,5,2021-22:90,VERIFIED_SOURCE_MATCH_ROUTE,VERIFIED
team_match,2021-22,146,2210416,HOME,16,2021-22:20,VERIFIED_SOURCE_MATCH_ROUTE,VERIFIED
team_match,2021-22,146,2210416,AWAY,4,2021-22:36,VERIFIED_SOURCE_MATCH_ROUTE,VERIFIED
team_match,2021-22,147,2210417,HOME,17,2021-22:6,VERIFIED_SOURCE_MATCH_ROUTE,VERIFIED
team_match,2021-22,147,2210417,AWAY,15,2021-22:45,VERIFIED_SOURCE_MATCH_ROUTE,VERIFIED
team_match,2021-22,148,2210418,HOME,18,2021-22:57,VERIFIED_SOURCE_MATCH_ROUTE,VERIFIED
team_match,2021-22,148,2210418,AWAY,12,2021-22:43,VERIFIED_SOURCE_MATCH_ROUTE,VERIFIED
team_match,2021-22,149,2210419,HOME,19,2021-22:21,VERIFIED_SOURCE_MATCH_ROUTE,VERIFIED
team_match,2021-22,149,2210419,AWAY,6,2021-22:8,VERIFIED_SOURCE_MATCH_ROUTE,VERIFIED
team_match,2021-22,150,2210420,HOME,20,2021-22:39,VERIFIED_SOURCE_MATCH_ROUTE,VERIFIED
team_match,2021-22,150,2210420,AWAY,11,2021-22:14,VERIFIED_SOURCE_MATCH_ROUTE,VERIFIED
team_match,2021-22,151,2210421,HOME,1,2021-22:3,VERIFIED_SOURCE_MATCH_ROUTE,VERIFIED
team_match,2021-22,151,2210421,AWAY,16,2021-22:20,VERIFIED_SOURCE_MATCH_ROUTE,VERIFIED
team_match,2021-22,152,2210422,HOME,3,2021-22:94,VERIFIED_SOURCE_MATCH_ROUTE,VERIFIED
team_match,2021-22,152,2210422,AWAY,18,2021-22:57,VERIFIED_SOURCE_MATCH_ROUTE,VERIFIED
team_match,2021-22,153,2210423,HOME,4,2021-22:36,VERIFIED_SOURCE_MATCH_ROUTE,VERIFIED
team_match,2021-22,153,2210423,AWAY,17,2021-22:6,VERIFIED_SOURCE_MATCH_ROUTE,VERIFIED
team_match,2021-22,154,2210424,HOME,5,2021-22:90,VERIFIED_SOURCE_MATCH_ROUTE,VERIFIED
team_match,2021-22,154,2210424,AWAY,19,2021-22:21,VERIFIED_SOURCE_MATCH_ROUTE,VERIFIED
team_match,2021-22,155,2210425,HOME,6,2021-22:8,VERIFIED_SOURCE_MATCH_ROUTE,VERIFIED
team_match,2021-22,155,2210425,AWAY,10,2021-22:2,VERIFIED_SOURCE_MATCH_ROUTE,VERIFIED
team_match,2021-22,156,2210426,HOME,7,2021-22:31,VERIFIED_SOURCE_MATCH_ROUTE,VERIFIED
team_match,2021-22,156,2210426,AWAY,8,2021-22:11,VERIFIED_SOURCE_MATCH_ROUTE,VERIFIED
team_match,2021-22,157,2210427,HOME,9,2021-22:13,VERIFIED_SOURCE_MATCH_ROUTE,VERIFIED
team_match,2021-22,157,2210427,AWAY,14,2021-22:4,VERIFIED_SOURCE_MATCH_ROUTE,VERIFIED
team_match,2021-22,158,2210428,HOME,11,2021-22:14,VERIFIED_SOURCE_MATCH_ROUTE,VERIFIED
team_match,2021-22,158,2210428,AWAY,2,2021-22:7,VERIFIED_SOURCE_MATCH_ROUTE,VERIFIED
team_match,2021-22,159,2210429,HOME,12,2021-22:43,VERIFIED_SOURCE_MATCH_ROUTE,VERIFIED
team_match,2021-22,159,2210429,AWAY,20,2021-22:39,VERIFIED_SOURCE_MATCH_ROUTE,VERIFIED
team_match,2021-22,160,2210430,HOME,15,2021-22:45,VERIFIED_SOURCE_MATCH_ROUTE,VERIFIED
team_match,2021-22,160,2210430,AWAY,13,2021-22:1,VERIFIED_SOURCE_MATCH_ROUTE,VERIFIED
team_match,2021-22,161,2210431,HOME,1,2021-22:3,VERIFIED_SOURCE_MATCH_ROUTE,VERIFIED
team_match,2021-22,161,2210431,AWAY,19,2021-22:21,VERIFIED_SOURCE_MATCH_ROUTE,VERIFIED
team_match,2021-22,162,2210432,HOME,3,2021-22:94,VERIFIED_SOURCE_MATCH_ROUTE,VERIFIED
team_match,2021-22,162,2210432,AWAY,13,2021-22:1,VERIFIED_SOURCE_MATCH_ROUTE,VERIFIED
team_match,2021-22,163,2210433,HOME,4,2021-22:36,VERIFIED_SOURCE_MATCH_ROUTE,VERIFIED
team_match,2021-22,163,2210433,AWAY,20,2021-22:39,VERIFIED_SOURCE_MATCH_ROUTE,VERIFIED
team_match,2021-22,164,2210434,HOME,5,2021-22:90,VERIFIED_SOURCE_MATCH_ROUTE,VERIFIED
team_match,2021-22,164,2210434,AWAY,18,2021-22:57,VERIFIED_SOURCE_MATCH_ROUTE,VERIFIED
team_match,2021-22,165,2210435,HOME,7,2021-22:31,VERIFIED_SOURCE_MATCH_ROUTE,VERIFIED
team_match,2021-22,165,2210435,AWAY,16,2021-22:20,VERIFIED_SOURCE_MATCH_ROUTE,VERIFIED
team_match,2021-22,166,2210436,HOME,9,2021-22:13,VERIFIED_SOURCE_MATCH_ROUTE,VERIFIED
team_match,2021-22,166,2210436,AWAY,17,2021-22:6,VERIFIED_SOURCE_MATCH_ROUTE,VERIFIED
team_match,2021-22,167,2210437,HOME,15,2021-22:45,VERIFIED_SOURCE_MATCH_ROUTE,VERIFIED
team_match,2021-22,167,2210437,AWAY,2,2021-22:7,VERIFIED_SOURCE_MATCH_ROUTE,VERIFIED
team_match,2021-22,168,2210438,HOME,6,2021-22:8,VERIFIED_SOURCE_MATCH_ROUTE,VERIFIED
team_match,2021-22,168,2210438,AWAY,8,2021-22:11,VERIFIED_SOURCE_MATCH_ROUTE,VERIFIED
team_match,2021-22,169,2210439,HOME,11,2021-22:14,VERIFIED_SOURCE_MATCH_ROUTE,VERIFIED
team_match,2021-22,169,2210439,AWAY,14,2021-22:4,VERIFIED_SOURCE_MATCH_ROUTE,VERIFIED
team_match,2021-22,170,2210440,HOME,12,2021-22:43,VERIFIED_SOURCE_MATCH_ROUTE,VERIFIED
team_match,2021-22,170,2210440,AWAY,10,2021-22:2,VERIFIED_SOURCE_MATCH_ROUTE,VERIFIED
team_match,2021-22,171,2210441,HOME,2,2021-22:7,VERIFIED_SOURCE_MATCH_ROUTE,VERIFIED
team_match,2021-22,171,2210441,AWAY,5,2021-22:90,VERIFIED_SOURCE_MATCH_ROUTE,VERIFIED
team_match,2021-22,172,2210442,HOME,8,2021-22:11,VERIFIED_SOURCE_MATCH_ROUTE,VERIFIED
team_match,2021-22,172,2210442,AWAY,9,2021-22:13,VERIFIED_SOURCE_MATCH_ROUTE,VERIFIED
team_match,2021-22,173,2210443,HOME,10,2021-22:2,VERIFIED_SOURCE_MATCH_ROUTE,VERIFIED
team_match,2021-22,173,2210443,AWAY,1,2021-22:3,VERIFIED_SOURCE_MATCH_ROUTE,VERIFIED
team_match,2021-22,174,2210444,HOME,13,2021-22:1,VERIFIED_SOURCE_MATCH_ROUTE,VERIFIED
team_match,2021-22,174,2210444,AWAY,4,2021-22:36,VERIFIED_SOURCE_MATCH_ROUTE,VERIFIED
team_match,2021-22,175,2210445,HOME,14,2021-22:4,VERIFIED_SOURCE_MATCH_ROUTE,VERIFIED
team_match,2021-22,175,2210445,AWAY,12,2021-22:43,VERIFIED_SOURCE_MATCH_ROUTE,VERIFIED
team_match,2021-22,176,2210446,HOME,16,2021-22:20,VERIFIED_SOURCE_MATCH_ROUTE,VERIFIED
team_match,2021-22,176,2210446,AWAY,3,2021-22:94,VERIFIED_SOURCE_MATCH_ROUTE,VERIFIED
team_match,2021-22,177,2210447,HOME,17,2021-22:6,VERIFIED_SOURCE_MATCH_ROUTE,VERIFIED
team_match,2021-22,177,2210447,AWAY,11,2021-22:14,VERIFIED_SOURCE_MATCH_ROUTE,VERIFIED
team_match,2021-22,178,2210448,HOME,18,2021-22:57,VERIFIED_SOURCE_MATCH_ROUTE,VERIFIED
team_match,2021-22,178,2210448,AWAY,7,2021-22:31,VERIFIED_SOURCE_MATCH_ROUTE,VERIFIED
team_match,2021-22,179,2210449,HOME,19,2021-22:21,VERIFIED_SOURCE_MATCH_ROUTE,VERIFIED
team_match,2021-22,179,2210449,AWAY,15,2021-22:45,VERIFIED_SOURCE_MATCH_ROUTE,VERIFIED
team_match,2021-22,180,2210450,HOME,20,2021-22:39,VERIFIED_SOURCE_MATCH_ROUTE,VERIFIED
team_match,2021-22,180,2210450,AWAY,6,2021-22:8,VERIFIED_SOURCE_MATCH_ROUTE,VERIFIED
team_match,2021-22,181,2210451,HOME,2,2021-22:7,VERIFIED_SOURCE_MATCH_ROUTE,VERIFIED
team_match,2021-22,181,2210451,AWAY,6,2021-22:8,VERIFIED_SOURCE_MATCH_ROUTE,VERIFIED
team_match,2021-22,182,2210452,HOME,4,2021-22:36,VERIFIED_SOURCE_MATCH_ROUTE,VERIFIED
team_match,2021-22,182,2210452,AWAY,3,2021-22:94,VERIFIED_SOURCE_MATCH_ROUTE,VERIFIED
team_match,2021-22,183,2210453,HOME,5,2021-22:90,VERIFIED_SOURCE_MATCH_ROUTE,VERIFIED
team_match,2021-22,183,2210453,AWAY,8,2021-22:11,VERIFIED_SOURCE_MATCH_ROUTE,VERIFIED
team_match,2021-22,184,2210454,HOME,11,2021-22:14,VERIFIED_SOURCE_MATCH_ROUTE,VERIFIED
team_match,2021-22,184,2210454,AWAY,10,2021-22:2,VERIFIED_SOURCE_MATCH_ROUTE,VERIFIED
team_match,2021-22,185,2210455,HOME,12,2021-22:43,VERIFIED_SOURCE_MATCH_ROUTE,VERIFIED
team_match,2021-22,185,2210455,AWAY,9,2021-22:13,VERIFIED_SOURCE_MATCH_ROUTE,VERIFIED
team_match,2021-22,186,2210456,HOME,14,2021-22:4,VERIFIED_SOURCE_MATCH_ROUTE,VERIFIED
team_match,2021-22,186,2210456,AWAY,13,2021-22:1,VERIFIED_SOURCE_MATCH_ROUTE,VERIFIED
team_match,2021-22,187,2210457,HOME,15,2021-22:45,VERIFIED_SOURCE_MATCH_ROUTE,VERIFIED
team_match,2021-22,187,2210457,AWAY,1,2021-22:3,VERIFIED_SOURCE_MATCH_ROUTE,VERIFIED
team_match,2021-22,188,2210458,HOME,17,2021-22:6,VERIFIED_SOURCE_MATCH_ROUTE,VERIFIED
team_match,2021-22,188,2210458,AWAY,7,2021-22:31,VERIFIED_SOURCE_MATCH_ROUTE,VERIFIED
team_match,2021-22,189,2210459,HOME,19,2021-22:21,VERIFIED_SOURCE_MATCH_ROUTE,VERIFIED
team_match,2021-22,189,2210459,AWAY,16,2021-22:20,VERIFIED_SOURCE_MATCH_ROUTE,VERIFIED
team_match,2021-22,190,2210460,HOME,20,2021-22:39,VERIFIED_SOURCE_MATCH_ROUTE,VERIFIED
team_match,2021-22,190,2210460,AWAY,18,2021-22:57,VERIFIED_SOURCE_MATCH_ROUTE,VERIFIED
team_match,2021-22,191,2210461,HOME,1,2021-22:3,VERIFIED_SOURCE_MATCH_ROUTE,VERIFIED
team_match,2021-22,191,2210461,AWAY,20,2021-22:39,VERIFIED_SOURCE_MATCH_ROUTE,VERIFIED
team_match,2021-22,192,2210462,HOME,3,2021-22:94,VERIFIED_SOURCE_MATCH_ROUTE,VERIFIED
team_match,2021-22,192,2210462,AWAY,12,2021-22:43,VERIFIED_SOURCE_MATCH_ROUTE,VERIFIED
team_match,2021-22,193,2210463,HOME,6,2021-22:8,VERIFIED_SOURCE_MATCH_ROUTE,VERIFIED
team_match,2021-22,193,2210463,AWAY,4,2021-22:36,VERIFIED_SOURCE_MATCH_ROUTE,VERIFIED
team_match,2021-22,194,2210464,HOME,7,2021-22:31,VERIFIED_SOURCE_MATCH_ROUTE,VERIFIED
team_match,2021-22,194,2210464,AWAY,15,2021-22:45,VERIFIED_SOURCE_MATCH_ROUTE,VERIFIED
team_match,2021-22,195,2210465,HOME,8,2021-22:11,VERIFIED_SOURCE_MATCH_ROUTE,VERIFIED
team_match,2021-22,195,2210465,AWAY,14,2021-22:4,VERIFIED_SOURCE_MATCH_ROUTE,VERIFIED
team_match,2021-22,196,2210466,HOME,10,2021-22:2,VERIFIED_SOURCE_MATCH_ROUTE,VERIFIED
team_match,2021-22,196,2210466,AWAY,2,2021-22:7,VERIFIED_SOURCE_MATCH_ROUTE,VERIFIED
team_match,2021-22,197,2210467,HOME,9,2021-22:13,VERIFIED_SOURCE_MATCH_ROUTE,VERIFIED
team_match,2021-22,197,2210467,AWAY,11,2021-22:14,VERIFIED_SOURCE_MATCH_ROUTE,VERIFIED
team_match,2021-22,198,2210468,HOME,13,2021-22:1,VERIFIED_SOURCE_MATCH_ROUTE,VERIFIED
team_match,2021-22,198,2210468,AWAY,5,2021-22:90,VERIFIED_SOURCE_MATCH_ROUTE,VERIFIED
team_match,2021-22,199,2210469,HOME,16,2021-22:20,VERIFIED_SOURCE_MATCH_ROUTE,VERIFIED
team_match,2021-22,199,2210469,AWAY,17,2021-22:6,VERIFIED_SOURCE_MATCH_ROUTE,VERIFIED
team_match,2021-22,200,2210470,HOME,18,2021-22:57,VERIFIED_SOURCE_MATCH_ROUTE,VERIFIED
team_match,2021-22,200,2210470,AWAY,19,2021-22:21,VERIFIED_SOURCE_MATCH_ROUTE,VERIFIED
team_match,2021-22,201,2210471,HOME,1,2021-22:3,VERIFIED_SOURCE_MATCH_ROUTE,VERIFIED
team_match,2021-22,201,2210471,AWAY,12,2021-22:43,VERIFIED_SOURCE_MATCH_ROUTE,VERIFIED
team_match,2021-22,202,2210472,HOME,3,2021-22:94,VERIFIED_SOURCE_MATCH_ROUTE,VERIFIED
team_match,2021-22,202,2210472,AWAY,2,2021-22:7,VERIFIED_SOURCE_MATCH_ROUTE,VERIFIED
team_match,2021-22,203,2210473,HOME,6,2021-22:8,VERIFIED_SOURCE_MATCH_ROUTE,VERIFIED
team_match,2021-22,203,2210473,AWAY,11,2021-22:14,VERIFIED_SOURCE_MATCH_ROUTE,VERIFIED
team_match,2021-22,204,2210474,HOME,7,2021-22:31,VERIFIED_SOURCE_MATCH_ROUTE,VERIFIED
team_match,2021-22,204,2210474,AWAY,19,2021-22:21,VERIFIED_SOURCE_MATCH_ROUTE,VERIFIED
team_match,2021-22,205,2210475,HOME,8,2021-22:11,VERIFIED_SOURCE_MATCH_ROUTE,VERIFIED
team_match,2021-22,205,2210475,AWAY,4,2021-22:36,VERIFIED_SOURCE_MATCH_ROUTE,VERIFIED
team_match,2021-22,206,2210476,HOME,10,2021-22:2,VERIFIED_SOURCE_MATCH_ROUTE,VERIFIED
team_match,2021-22,206,2210476,AWAY,5,2021-22:90,VERIFIED_SOURCE_MATCH_ROUTE,VERIFIED
team_match,2021-22,207,2210477,HOME,9,2021-22:13,VERIFIED_SOURCE_MATCH_ROUTE,VERIFIED
team_match,2021-22,207,2210477,AWAY,15,2021-22:45,VERIFIED_SOURCE_MATCH_ROUTE,VERIFIED
team_match,2021-22,208,2210478,HOME,13,2021-22:1,VERIFIED_SOURCE_MATCH_ROUTE,VERIFIED
team_match,2021-22,208,2210478,AWAY,20,2021-22:39,VERIFIED_SOURCE_MATCH_ROUTE,VERIFIED
team_match,2021-22,209,2210479,HOME,16,2021-22:20,VERIFIED_SOURCE_MATCH_ROUTE,VERIFIED
team_match,2021-22,209,2210479,AWAY,14,2021-22:4,VERIFIED_SOURCE_MATCH_ROUTE,VERIFIED
team_match,2021-22,210,2210480,HOME,18,2021-22:57,VERIFIED_SOURCE_MATCH_ROUTE,VERIFIED
team_match,2021-22,210,2210480,AWAY,17,2021-22:6,VERIFIED_SOURCE_MATCH_ROUTE,VERIFIED
team_match,2021-22,211,2210481,HOME,2,2021-22:7,VERIFIED_SOURCE_MATCH_ROUTE,VERIFIED
team_match,2021-22,211,2210481,AWAY,13,2021-22:1,VERIFIED_SOURCE_MATCH_ROUTE,VERIFIED
team_match,2021-22,212,2210482,HOME,4,2021-22:36,VERIFIED_SOURCE_MATCH_ROUTE,VERIFIED
team_match,2021-22,212,2210482,AWAY,7,2021-22:31,VERIFIED_SOURCE_MATCH_ROUTE,VERIFIED
team_match,2021-22,213,2210483,HOME,5,2021-22:90,VERIFIED_SOURCE_MATCH_ROUTE,VERIFIED
team_match,2021-22,213,2210483,AWAY,9,2021-22:13,VERIFIED_SOURCE_MATCH_ROUTE,VERIFIED
team_match,2021-22,214,2210484,HOME,11,2021-22:14,VERIFIED_SOURCE_MATCH_ROUTE,VERIFIED
team_match,2021-22,214,2210484,AWAY,3,2021-22:94,VERIFIED_SOURCE_MATCH_ROUTE,VERIFIED
team_match,2021-22,215,2210485,HOME,12,2021-22:43,VERIFIED_SOURCE_MATCH_ROUTE,VERIFIED
team_match,2021-22,215,2210485,AWAY,6,2021-22:8,VERIFIED_SOURCE_MATCH_ROUTE,VERIFIED
team_match,2021-22,216,2210486,HOME,14,2021-22:4,VERIFIED_SOURCE_MATCH_ROUTE,VERIFIED
team_match,2021-22,216,2210486,AWAY,18,2021-22:57,VERIFIED_SOURCE_MATCH_ROUTE,VERIFIED
team_match,2021-22,217,2210487,HOME,15,2021-22:45,VERIFIED_SOURCE_MATCH_ROUTE,VERIFIED
team_match,2021-22,217,2210487,AWAY,8,2021-22:11,VERIFIED_SOURCE_MATCH_ROUTE,VERIFIED
team_match,2021-22,218,2210488,HOME,17,2021-22:6,VERIFIED_SOURCE_MATCH_ROUTE,VERIFIED
team_match,2021-22,218,2210488,AWAY,1,2021-22:3,VERIFIED_SOURCE_MATCH_ROUTE,VERIFIED
team_match,2021-22,219,2210489,HOME,19,2021-22:21,VERIFIED_SOURCE_MATCH_ROUTE,VERIFIED
team_match,2021-22,219,2210489,AWAY,10,2021-22:2,VERIFIED_SOURCE_MATCH_ROUTE,VERIFIED
team_match,2021-22,220,2210490,HOME,20,2021-22:39,VERIFIED_SOURCE_MATCH_ROUTE,VERIFIED
team_match,2021-22,220,2210490,AWAY,16,2021-22:20,VERIFIED_SOURCE_MATCH_ROUTE,VERIFIED
team_match,2021-22,221,2210491,HOME,1,2021-22:3,VERIFIED_SOURCE_MATCH_ROUTE,VERIFIED
team_match,2021-22,221,2210491,AWAY,5,2021-22:90,VERIFIED_SOURCE_MATCH_ROUTE,VERIFIED
team_match,2021-22,222,2210492,HOME,3,2021-22:94,VERIFIED_SOURCE_MATCH_ROUTE,VERIFIED
team_match,2021-22,222,2210492,AWAY,20,2021-22:39,VERIFIED_SOURCE_MATCH_ROUTE,VERIFIED
team_match,2021-22,223,2210493,HOME,6,2021-22:8,VERIFIED_SOURCE_MATCH_ROUTE,VERIFIED
team_match,2021-22,223,2210493,AWAY,17,2021-22:6,VERIFIED_SOURCE_MATCH_ROUTE,VERIFIED
team_match,2021-22,224,2210494,HOME,7,2021-22:31,VERIFIED_SOURCE_MATCH_ROUTE,VERIFIED
team_match,2021-22,224,2210494,AWAY,11,2021-22:14,VERIFIED_SOURCE_MATCH_ROUTE,VERIFIED
team_match,2021-22,225,2210495,HOME,8,2021-22:11,VERIFIED_SOURCE_MATCH_ROUTE,VERIFIED
team_match,2021-22,225,2210495,AWAY,2,2021-22:7,VERIFIED_SOURCE_MATCH_ROUTE,VERIFIED
team_match,2021-22,226,2210496,HOME,10,2021-22:2,VERIFIED_SOURCE_MATCH_ROUTE,VERIFIED
team_match,2021-22,226,2210496,AWAY,14,2021-22:4,VERIFIED_SOURCE_MATCH_ROUTE,VERIFIED
team_match,2021-22,227,2210497,HOME,9,2021-22:13,VERIFIED_SOURCE_MATCH_ROUTE,VERIFIED
team_match,2021-22,227,2210497,AWAY,4,2021-22:36,VERIFIED_SOURCE_MATCH_ROUTE,VERIFIED
team_match,2021-22,228,2210498,HOME,13,2021-22:1,VERIFIED_SOURCE_MATCH_ROUTE,VERIFIED
team_match,2021-22,228,2210498,AWAY,19,2021-22:21,VERIFIED_SOURCE_MATCH_ROUTE,VERIFIED
team_match,2021-22,229,2210499,HOME,16,2021-22:20,VERIFIED_SOURCE_MATCH_ROUTE,VERIFIED
team_match,2021-22,229,2210499,AWAY,12,2021-22:43,VERIFIED_SOURCE_MATCH_ROUTE,VERIFIED
team_match,2021-22,230,2210500,HOME,18,2021-22:57,VERIFIED_SOURCE_MATCH_ROUTE,VERIFIED
team_match,2021-22,230,2210500,AWAY,15,2021-22:45,VERIFIED_SOURCE_MATCH_ROUTE,VERIFIED
team_match,2021-22,231,2210501,HOME,2,2021-22:7,VERIFIED_SOURCE_MATCH_ROUTE,VERIFIED
team_match,2021-22,231,2210501,AWAY,10,2021-22:2,VERIFIED_SOURCE_MATCH_ROUTE,VERIFIED
team_match,2021-22,232,2210502,HOME,4,2021-22:36,VERIFIED_SOURCE_MATCH_ROUTE,VERIFIED
team_match,2021-22,232,2210502,AWAY,6,2021-22:8,VERIFIED_SOURCE_MATCH_ROUTE,VERIFIED
team_match,2021-22,233,2210503,HOME,5,2021-22:90,VERIFIED_SOURCE_MATCH_ROUTE,VERIFIED
team_match,2021-22,233,2210503,AWAY,13,2021-22:1,VERIFIED_SOURCE_MATCH_ROUTE,VERIFIED
team_match,2021-22,234,2210504,HOME,15,2021-22:45,VERIFIED_SOURCE_MATCH_ROUTE,VERIFIED
team_match,2021-22,234,2210504,AWAY,7,2021-22:31,VERIFIED_SOURCE_MATCH_ROUTE,VERIFIED
team_match,2021-22,235,2210505,HOME,19,2021-22:21,VERIFIED_SOURCE_MATCH_ROUTE,VERIFIED
team_match,2021-22,235,2210505,AWAY,18,2021-22:57,VERIFIED_SOURCE_MATCH_ROUTE,VERIFIED
team_match,2021-22,236,2210506,HOME,20,2021-22:39,VERIFIED_SOURCE_MATCH_ROUTE,VERIFIED
team_match,2021-22,236,2210506,AWAY,1,2021-22:3,VERIFIED_SOURCE_MATCH_ROUTE,VERIFIED
team_match,2021-22,237,2210507,HOME,11,2021-22:14,VERIFIED_SOURCE_MATCH_ROUTE,VERIFIED
team_match,2021-22,237,2210507,AWAY,9,2021-22:13,VERIFIED_SOURCE_MATCH_ROUTE,VERIFIED
team_match,2021-22,238,2210508,HOME,12,2021-22:43,VERIFIED_SOURCE_MATCH_ROUTE,VERIFIED
team_match,2021-22,238,2210508,AWAY,3,2021-22:94,VERIFIED_SOURCE_MATCH_ROUTE,VERIFIED
team_match,2021-22,239,2210509,HOME,14,2021-22:4,VERIFIED_SOURCE_MATCH_ROUTE,VERIFIED
team_match,2021-22,239,2210509,AWAY,8,2021-22:11,VERIFIED_SOURCE_MATCH_ROUTE,VERIFIED
team_match,2021-22,240,2210510,HOME,17,2021-22:6,VERIFIED_SOURCE_MATCH_ROUTE,VERIFIED
team_match,2021-22,240,2210510,AWAY,16,2021-22:20,VERIFIED_SOURCE_MATCH_ROUTE,VERIFIED
team_match,2021-22,241,2210511,HOME,3,2021-22:94,VERIFIED_SOURCE_MATCH_ROUTE,VERIFIED
team_match,2021-22,241,2210511,AWAY,7,2021-22:31,VERIFIED_SOURCE_MATCH_ROUTE,VERIFIED
team_match,2021-22,242,2210512,HOME,5,2021-22:90,VERIFIED_SOURCE_MATCH_ROUTE,VERIFIED
team_match,2021-22,242,2210512,AWAY,11,2021-22:14,VERIFIED_SOURCE_MATCH_ROUTE,VERIFIED
team_match,2021-22,243,2210513,HOME,6,2021-22:8,VERIFIED_SOURCE_MATCH_ROUTE,VERIFIED
team_match,2021-22,243,2210513,AWAY,1,2021-22:3,VERIFIED_SOURCE_MATCH_ROUTE,VERIFIED
team_match,2021-22,244,2210514,HOME,8,2021-22:11,VERIFIED_SOURCE_MATCH_ROUTE,VERIFIED
team_match,2021-22,244,2210514,AWAY,10,2021-22:2,VERIFIED_SOURCE_MATCH_ROUTE,VERIFIED
team_match,2021-22,245,2210515,HOME,9,2021-22:13,VERIFIED_SOURCE_MATCH_ROUTE,VERIFIED
team_match,2021-22,245,2210515,AWAY,19,2021-22:21,VERIFIED_SOURCE_MATCH_ROUTE,VERIFIED
team_match,2021-22,246,2210516,HOME,13,2021-22:1,VERIFIED_SOURCE_MATCH_ROUTE,VERIFIED
team_match,2021-22,246,2210516,AWAY,16,2021-22:20,VERIFIED_SOURCE_MATCH_ROUTE,VERIFIED
team_match,2021-22,247,2210517,HOME,14,2021-22:4,VERIFIED_SOURCE_MATCH_ROUTE,VERIFIED
team_match,2021-22,247,2210517,AWAY,2,2021-22:7,VERIFIED_SOURCE_MATCH_ROUTE,VERIFIED
team_match,2021-22,248,2210518,HOME,15,2021-22:45,VERIFIED_SOURCE_MATCH_ROUTE,VERIFIED
team_match,2021-22,248,2210518,AWAY,12,2021-22:43,VERIFIED_SOURCE_MATCH_ROUTE,VERIFIED
team_match,2021-22,249,2210519,HOME,17,2021-22:6,VERIFIED_SOURCE_MATCH_ROUTE,VERIFIED
team_match,2021-22,249,2210519,AWAY,20,2021-22:39,VERIFIED_SOURCE_MATCH_ROUTE,VERIFIED
team_match,2021-22,250,2210520,HOME,18,2021-22:57,VERIFIED_SOURCE_MATCH_ROUTE,VERIFIED
team_match,2021-22,250,2210520,AWAY,4,2021-22:36,VERIFIED_SOURCE_MATCH_ROUTE,VERIFIED
team_match,2021-22,251,2210521,HOME,1,2021-22:3,VERIFIED_SOURCE_MATCH_ROUTE,VERIFIED
team_match,2021-22,251,2210521,AWAY,3,2021-22:94,VERIFIED_SOURCE_MATCH_ROUTE,VERIFIED
team_match,2021-22,252,2210522,HOME,2,2021-22:7,VERIFIED_SOURCE_MATCH_ROUTE,VERIFIED
team_match,2021-22,252,2210522,AWAY,18,2021-22:57,VERIFIED_SOURCE_MATCH_ROUTE,VERIFIED
team_match,2021-22,253,2210523,HOME,4,2021-22:36,VERIFIED_SOURCE_MATCH_ROUTE,VERIFIED
team_match,2021-22,253,2210523,AWAY,5,2021-22:90,VERIFIED_SOURCE_MATCH_ROUTE,VERIFIED
team_match,2021-22,254,2210524,HOME,7,2021-22:31,VERIFIED_SOURCE_MATCH_ROUTE,VERIFIED
team_match,2021-22,254,2210524,AWAY,6,2021-22:8,VERIFIED_SOURCE_MATCH_ROUTE,VERIFIED
team_match,2021-22,255,2210525,HOME,10,2021-22:2,VERIFIED_SOURCE_MATCH_ROUTE,VERIFIED
team_match,2021-22,255,2210525,AWAY,13,2021-22:1,VERIFIED_SOURCE_MATCH_ROUTE,VERIFIED
team_match,2021-22,256,2210526,HOME,11,2021-22:14,VERIFIED_SOURCE_MATCH_ROUTE,VERIFIED
team_match,2021-22,256,2210526,AWAY,15,2021-22:45,VERIFIED_SOURCE_MATCH_ROUTE,VERIFIED
team_match,2021-22,257,2210527,HOME,12,2021-22:43,VERIFIED_SOURCE_MATCH_ROUTE,VERIFIED
team_match,2021-22,257,2210527,AWAY,17,2021-22:6,VERIFIED_SOURCE_MATCH_ROUTE,VERIFIED
team_match,2021-22,258,2210528,HOME,16,2021-22:20,VERIFIED_SOURCE_MATCH_ROUTE,VERIFIED
team_match,2021-22,258,2210528,AWAY,8,2021-22:11,VERIFIED_SOURCE_MATCH_ROUTE,VERIFIED
team_match,2021-22,259,2210529,HOME,19,2021-22:21,VERIFIED_SOURCE_MATCH_ROUTE,VERIFIED
team_match,2021-22,259,2210529,AWAY,14,2021-22:4,VERIFIED_SOURCE_MATCH_ROUTE,VERIFIED
team_match,2021-22,260,2210530,HOME,20,2021-22:39,VERIFIED_SOURCE_MATCH_ROUTE,VERIFIED
team_match,2021-22,260,2210530,AWAY,9,2021-22:13,VERIFIED_SOURCE_MATCH_ROUTE,VERIFIED
team_match,2021-22,261,2210531,HOME,1,2021-22:3,VERIFIED_SOURCE_MATCH_ROUTE,VERIFIED
team_match,2021-22,261,2210531,AWAY,11,2021-22:14,VERIFIED_SOURCE_MATCH_ROUTE,VERIFIED
team_match,2021-22,262,2210532,HOME,3,2021-22:94,VERIFIED_SOURCE_MATCH_ROUTE,VERIFIED
team_match,2021-22,262,2210532,AWAY,14,2021-22:4,VERIFIED_SOURCE_MATCH_ROUTE,VERIFIED
team_match,2021-22,263,2210533,HOME,4,2021-22:36,VERIFIED_SOURCE_MATCH_ROUTE,VERIFIED
team_match,2021-22,263,2210533,AWAY,2,2021-22:7,VERIFIED_SOURCE_MATCH_ROUTE,VERIFIED
team_match,2021-22,264,2210534,HOME,6,2021-22:8,VERIFIED_SOURCE_MATCH_ROUTE,VERIFIED
team_match,2021-22,264,2210534,AWAY,9,2021-22:13,VERIFIED_SOURCE_MATCH_ROUTE,VERIFIED
team_match,2021-22,265,2210535,HOME,7,2021-22:31,VERIFIED_SOURCE_MATCH_ROUTE,VERIFIED
team_match,2021-22,265,2210535,AWAY,5,2021-22:90,VERIFIED_SOURCE_MATCH_ROUTE,VERIFIED
team_match,2021-22,266,2210536,HOME,8,2021-22:11,VERIFIED_SOURCE_MATCH_ROUTE,VERIFIED
team_match,2021-22,266,2210536,AWAY,12,2021-22:43,VERIFIED_SOURCE_MATCH_ROUTE,VERIFIED
team_match,2021-22,267,2210537,HOME,10,2021-22:2,VERIFIED_SOURCE_MATCH_ROUTE,VERIFIED
team_match,2021-22,267,2210537,AWAY,17,2021-22:6,VERIFIED_SOURCE_MATCH_ROUTE,VERIFIED
team_match,2021-22,268,2210538,HOME,13,2021-22:1,VERIFIED_SOURCE_MATCH_ROUTE,VERIFIED
team_match,2021-22,268,2210538,AWAY,18,2021-22:57,VERIFIED_SOURCE_MATCH_ROUTE,VERIFIED
team_match,2021-22,269,2210539,HOME,16,2021-22:20,VERIFIED_SOURCE_MATCH_ROUTE,VERIFIED
team_match,2021-22,269,2210539,AWAY,15,2021-22:45,VERIFIED_SOURCE_MATCH_ROUTE,VERIFIED
team_match,2021-22,270,2210540,HOME,19,2021-22:21,VERIFIED_SOURCE_MATCH_ROUTE,VERIFIED
team_match,2021-22,270,2210540,AWAY,20,2021-22:39,VERIFIED_SOURCE_MATCH_ROUTE,VERIFIED
team_match,2021-22,271,2210541,HOME,2,2021-22:7,VERIFIED_SOURCE_MATCH_ROUTE,VERIFIED
team_match,2021-22,271,2210541,AWAY,16,2021-22:20,VERIFIED_SOURCE_MATCH_ROUTE,VERIFIED
team_match,2021-22,272,2210542,HOME,5,2021-22:90,VERIFIED_SOURCE_MATCH_ROUTE,VERIFIED
team_match,2021-22,272,2210542,AWAY,6,2021-22:8,VERIFIED_SOURCE_MATCH_ROUTE,VERIFIED
team_match,2021-22,273,2210543,HOME,9,2021-22:13,VERIFIED_SOURCE_MATCH_ROUTE,VERIFIED
team_match,2021-22,273,2210543,AWAY,10,2021-22:2,VERIFIED_SOURCE_MATCH_ROUTE,VERIFIED
team_match,2021-22,274,2210544,HOME,11,2021-22:14,VERIFIED_SOURCE_MATCH_ROUTE,VERIFIED
team_match,2021-22,274,2210544,AWAY,19,2021-22:21,VERIFIED_SOURCE_MATCH_ROUTE,VERIFIED
team_match,2021-22,275,2210545,HOME,12,2021-22:43,VERIFIED_SOURCE_MATCH_ROUTE,VERIFIED
team_match,2021-22,275,2210545,AWAY,13,2021-22:1,VERIFIED_SOURCE_MATCH_ROUTE,VERIFIED
team_match,2021-22,276,2210546,HOME,14,2021-22:4,VERIFIED_SOURCE_MATCH_ROUTE,VERIFIED
team_match,2021-22,276,2210546,AWAY,4,2021-22:36,VERIFIED_SOURCE_MATCH_ROUTE,VERIFIED
team_match,2021-22,277,2210547,HOME,15,2021-22:45,VERIFIED_SOURCE_MATCH_ROUTE,VERIFIED
team_match,2021-22,277,2210547,AWAY,3,2021-22:94,VERIFIED_SOURCE_MATCH_ROUTE,VERIFIED
team_match,2021-22,278,2210548,HOME,17,2021-22:6,VERIFIED_SOURCE_MATCH_ROUTE,VERIFIED
team_match,2021-22,278,2210548,AWAY,8,2021-22:11,VERIFIED_SOURCE_MATCH_ROUTE,VERIFIED
team_match,2021-22,279,2210549,HOME,18,2021-22:57,VERIFIED_SOURCE_MATCH_ROUTE,VERIFIED
team_match,2021-22,279,2210549,AWAY,1,2021-22:3,VERIFIED_SOURCE_MATCH_ROUTE,VERIFIED
team_match,2021-22,280,2210550,HOME,20,2021-22:39,VERIFIED_SOURCE_MATCH_ROUTE,VERIFIED
team_match,2021-22,280,2210550,AWAY,7,2021-22:31,VERIFIED_SOURCE_MATCH_ROUTE,VERIFIED
team_match,2021-22,281,2210551,HOME,1,2021-22:3,VERIFIED_SOURCE_MATCH_ROUTE,VERIFIED
team_match,2021-22,281,2210551,AWAY,9,2021-22:13,VERIFIED_SOURCE_MATCH_ROUTE,VERIFIED
team_match,2021-22,282,2210552,HOME,3,2021-22:94,VERIFIED_SOURCE_MATCH_ROUTE,VERIFIED
team_match,2021-22,282,2210552,AWAY,5,2021-22:90,VERIFIED_SOURCE_MATCH_ROUTE,VERIFIED
team_match,2021-22,283,2210553,HOME,4,2021-22:36,VERIFIED_SOURCE_MATCH_ROUTE,VERIFIED
team_match,2021-22,283,2210553,AWAY,11,2021-22:14,VERIFIED_SOURCE_MATCH_ROUTE,VERIFIED
team_match,2021-22,284,2210554,HOME,6,2021-22:8,VERIFIED_SOURCE_MATCH_ROUTE,VERIFIED
team_match,2021-22,284,2210554,AWAY,14,2021-22:4,VERIFIED_SOURCE_MATCH_ROUTE,VERIFIED
team_match,2021-22,285,2210555,HOME,7,2021-22:31,VERIFIED_SOURCE_MATCH_ROUTE,VERIFIED
team_match,2021-22,285,2210555,AWAY,12,2021-22:43,VERIFIED_SOURCE_MATCH_ROUTE,VERIFIED
team_match,2021-22,286,2210556,HOME,8,2021-22:11,VERIFIED_SOURCE_MATCH_ROUTE,VERIFIED
team_match,2021-22,286,2210556,AWAY,20,2021-22:39,VERIFIED_SOURCE_MATCH_ROUTE,VERIFIED
team_match,2021-22,287,2210557,HOME,10,2021-22:2,VERIFIED_SOURCE_MATCH_ROUTE,VERIFIED
team_match,2021-22,287,2210557,AWAY,15,2021-22:45,VERIFIED_SOURCE_MATCH_ROUTE,VERIFIED
team_match,2021-22,288,2210558,HOME,13,2021-22:1,VERIFIED_SOURCE_MATCH_ROUTE,VERIFIED
team_match,2021-22,288,2210558,AWAY,17,2021-22:6,VERIFIED_SOURCE_MATCH_ROUTE,VERIFIED
team_match,2021-22,289,2210559,HOME,16,2021-22:20,VERIFIED_SOURCE_MATCH_ROUTE,VERIFIED
team_match,2021-22,289,2210559,AWAY,18,2021-22:57,VERIFIED_SOURCE_MATCH_ROUTE,VERIFIED
team_match,2021-22,290,2210560,HOME,19,2021-22:21,VERIFIED_SOURCE_MATCH_ROUTE,VERIFIED
team_match,2021-22,290,2210560,AWAY,2,2021-22:7,VERIFIED_SOURCE_MATCH_ROUTE,VERIFIED
team_match,2021-22,291,2210561,HOME,2,2021-22:7,VERIFIED_SOURCE_MATCH_ROUTE,VERIFIED
team_match,2021-22,291,2210561,AWAY,1,2021-22:3,VERIFIED_SOURCE_MATCH_ROUTE,VERIFIED
team_match,2021-22,292,2210562,HOME,5,2021-22:90,VERIFIED_SOURCE_MATCH_ROUTE,VERIFIED
team_match,2021-22,292,2210562,AWAY,16,2021-22:20,VERIFIED_SOURCE_MATCH_ROUTE,VERIFIED
team_match,2021-22,293,2210563,HOME,9,2021-22:13,VERIFIED_SOURCE_MATCH_ROUTE,VERIFIED
team_match,2021-22,293,2210563,AWAY,3,2021-22:94,VERIFIED_SOURCE_MATCH_ROUTE,VERIFIED
team_match,2021-22,294,2210564,HOME,11,2021-22:14,VERIFIED_SOURCE_MATCH_ROUTE,VERIFIED
team_match,2021-22,294,2210564,AWAY,13,2021-22:1,VERIFIED_SOURCE_MATCH_ROUTE,VERIFIED
team_match,2021-22,295,2210565,HOME,12,2021-22:43,VERIFIED_SOURCE_MATCH_ROUTE,VERIFIED
team_match,2021-22,295,2210565,AWAY,4,2021-22:36,VERIFIED_SOURCE_MATCH_ROUTE,VERIFIED
team_match,2021-22,296,2210566,HOME,14,2021-22:4,VERIFIED_SOURCE_MATCH_ROUTE,VERIFIED
team_match,2021-22,296,2210566,AWAY,7,2021-22:31,VERIFIED_SOURCE_MATCH_ROUTE,VERIFIED
team_match,2021-22,297,2210567,HOME,15,2021-22:45,VERIFIED_SOURCE_MATCH_ROUTE,VERIFIED
team_match,2021-22,297,2210567,AWAY,6,2021-22:8,VERIFIED_SOURCE_MATCH_ROUTE,VERIFIED
team_match,2021-22,298,2210568,HOME,17,2021-22:6,VERIFIED_SOURCE_MATCH_ROUTE,VERIFIED
team_match,2021-22,298,2210568,AWAY,19,2021-22:21,VERIFIED_SOURCE_MATCH_ROUTE,VERIFIED
team_match,2021-22,299,2210569,HOME,18,2021-22:57,VERIFIED_SOURCE_MATCH_ROUTE,VERIFIED
team_match,2021-22,299,2210569,AWAY,8,2021-22:11,VERIFIED_SOURCE_MATCH_ROUTE,VERIFIED
team_match,2021-22,300,2210570,HOME,20,2021-22:39,VERIFIED_SOURCE_MATCH_ROUTE,VERIFIED
team_match,2021-22,300,2210570,AWAY,10,2021-22:2,VERIFIED_SOURCE_MATCH_ROUTE,VERIFIED
team_match,2021-22,301,2210571,HOME,4,2021-22:36,VERIFIED_SOURCE_MATCH_ROUTE,VERIFIED
team_match,2021-22,301,2210571,AWAY,15,2021-22:45,VERIFIED_SOURCE_MATCH_ROUTE,VERIFIED
team_match,2021-22,302,2210572,HOME,5,2021-22:90,VERIFIED_SOURCE_MATCH_ROUTE,VERIFIED
team_match,2021-22,302,2210572,AWAY,12,2021-22:43,VERIFIED_SOURCE_MATCH_ROUTE,VERIFIED
team_match,2021-22,303,2210573,HOME,6,2021-22:8,VERIFIED_SOURCE_MATCH_ROUTE,VERIFIED
team_match,2021-22,303,2210573,AWAY,3,2021-22:94,VERIFIED_SOURCE_MATCH_ROUTE,VERIFIED
team_match,2021-22,304,2210574,HOME,7,2021-22:31,VERIFIED_SOURCE_MATCH_ROUTE,VERIFIED
team_match,2021-22,304,2210574,AWAY,1,2021-22:3,VERIFIED_SOURCE_MATCH_ROUTE,VERIFIED
team_match,2021-22,305,2210575,HOME,10,2021-22:2,VERIFIED_SOURCE_MATCH_ROUTE,VERIFIED
team_match,2021-22,305,2210575,AWAY,16,2021-22:20,VERIFIED_SOURCE_MATCH_ROUTE,VERIFIED
team_match,2021-22,306,2210576,HOME,11,2021-22:14,VERIFIED_SOURCE_MATCH_ROUTE,VERIFIED
team_match,2021-22,306,2210576,AWAY,18,2021-22:57,VERIFIED_SOURCE_MATCH_ROUTE,VERIFIED
team_match,2021-22,307,2210577,HOME,13,2021-22:1,VERIFIED_SOURCE_MATCH_ROUTE,VERIFIED
team_match,2021-22,307,2210577,AWAY,9,2021-22:13,VERIFIED_SOURCE_MATCH_ROUTE,VERIFIED
team_match,2021-22,308,2210578,HOME,17,2021-22:6,VERIFIED_SOURCE_MATCH_ROUTE,VERIFIED
team_match,2021-22,308,2210578,AWAY,14,2021-22:4,VERIFIED_SOURCE_MATCH_ROUTE,VERIFIED
team_match,2021-22,309,2210579,HOME,19,2021-22:21,VERIFIED_SOURCE_MATCH_ROUTE,VERIFIED
team_match,2021-22,309,2210579,AWAY,8,2021-22:11,VERIFIED_SOURCE_MATCH_ROUTE,VERIFIED
team_match,2021-22,310,2210580,HOME,20,2021-22:39,VERIFIED_SOURCE_MATCH_ROUTE,VERIFIED
team_match,2021-22,310,2210580,AWAY,2,2021-22:7,VERIFIED_SOURCE_MATCH_ROUTE,VERIFIED
team_match,2021-22,311,2210581,HOME,1,2021-22:3,VERIFIED_SOURCE_MATCH_ROUTE,VERIFIED
team_match,2021-22,311,2210581,AWAY,4,2021-22:36,VERIFIED_SOURCE_MATCH_ROUTE,VERIFIED
team_match,2021-22,312,2210582,HOME,2,2021-22:7,VERIFIED_SOURCE_MATCH_ROUTE,VERIFIED
team_match,2021-22,312,2210582,AWAY,17,2021-22:6,VERIFIED_SOURCE_MATCH_ROUTE,VERIFIED
team_match,2021-22,313,2210583,HOME,3,2021-22:94,VERIFIED_SOURCE_MATCH_ROUTE,VERIFIED
team_match,2021-22,313,2210583,AWAY,19,2021-22:21,VERIFIED_SOURCE_MATCH_ROUTE,VERIFIED
team_match,2021-22,314,2210584,HOME,8,2021-22:11,VERIFIED_SOURCE_MATCH_ROUTE,VERIFIED
team_match,2021-22,314,2210584,AWAY,13,2021-22:1,VERIFIED_SOURCE_MATCH_ROUTE,VERIFIED
team_match,2021-22,315,2210585,HOME,9,2021-22:13,VERIFIED_SOURCE_MATCH_ROUTE,VERIFIED
team_match,2021-22,315,2210585,AWAY,7,2021-22:31,VERIFIED_SOURCE_MATCH_ROUTE,VERIFIED
team_match,2021-22,316,2210586,HOME,12,2021-22:43,VERIFIED_SOURCE_MATCH_ROUTE,VERIFIED
team_match,2021-22,316,2210586,AWAY,11,2021-22:14,VERIFIED_SOURCE_MATCH_ROUTE,VERIFIED
team_match,2021-22,317,2210587,HOME,14,2021-22:4,VERIFIED_SOURCE_MATCH_ROUTE,VERIFIED
team_match,2021-22,317,2210587,AWAY,20,2021-22:39,VERIFIED_SOURCE_MATCH_ROUTE,VERIFIED
team_match,2021-22,318,2210588,HOME,15,2021-22:45,VERIFIED_SOURCE_MATCH_ROUTE,VERIFIED
team_match,2021-22,318,2210588,AWAY,5,2021-22:90,VERIFIED_SOURCE_MATCH_ROUTE,VERIFIED
team_match,2021-22,319,2210589,HOME,16,2021-22:20,VERIFIED_SOURCE_MATCH_ROUTE,VERIFIED
team_match,2021-22,319,2210589,AWAY,6,2021-22:8,VERIFIED_SOURCE_MATCH_ROUTE,VERIFIED
team_match,2021-22,320,2210590,HOME,18,2021-22:57,VERIFIED_SOURCE_MATCH_ROUTE,VERIFIED
team_match,2021-22,320,2210590,AWAY,10,2021-22:2,VERIFIED_SOURCE_MATCH_ROUTE,VERIFIED
team_match,2021-22,321,2210591,HOME,2,2021-22:7,VERIFIED_SOURCE_MATCH_ROUTE,VERIFIED
team_match,2021-22,321,2210591,AWAY,11,2021-22:14,VERIFIED_SOURCE_MATCH_ROUTE,VERIFIED
team_match,2021-22,322,2210592,HOME,8,2021-22:11,VERIFIED_SOURCE_MATCH_ROUTE,VERIFIED
team_match,2021-22,322,2210592,AWAY,7,2021-22:31,VERIFIED_SOURCE_MATCH_ROUTE,VERIFIED
team_match,2021-22,323,2210593,HOME,10,2021-22:2,VERIFIED_SOURCE_MATCH_ROUTE,VERIFIED
team_match,2021-22,323,2210593,AWAY,6,2021-22:8,VERIFIED_SOURCE_MATCH_ROUTE,VERIFIED
team_match,2021-22,324,2210594,HOME,13,2021-22:1,VERIFIED_SOURCE_MATCH_ROUTE,VERIFIED
team_match,2021-22,324,2210594,AWAY,15,2021-22:45,VERIFIED_SOURCE_MATCH_ROUTE,VERIFIED
team_match,2021-22,325,2210595,HOME,14,2021-22:4,VERIFIED_SOURCE_MATCH_ROUTE,VERIFIED
team_match,2021-22,325,2210595,AWAY,9,2021-22:13,VERIFIED_SOURCE_MATCH_ROUTE,VERIFIED
team_match,2021-22,326,2210596,HOME,16,2021-22:20,VERIFIED_SOURCE_MATCH_ROUTE,VERIFIED
team_match,2021-22,326,2210596,AWAY,1,2021-22:3,VERIFIED_SOURCE_MATCH_ROUTE,VERIFIED
team_match,2021-22,327,2210597,HOME,17,2021-22:6,VERIFIED_SOURCE_MATCH_ROUTE,VERIFIED
team_match,2021-22,327,2210597,AWAY,4,2021-22:36,VERIFIED_SOURCE_MATCH_ROUTE,VERIFIED
team_match,2021-22,328,2210598,HOME,18,2021-22:57,VERIFIED_SOURCE_MATCH_ROUTE,VERIFIED
team_match,2021-22,328,2210598,AWAY,3,2021-22:94,VERIFIED_SOURCE_MATCH_ROUTE,VERIFIED
team_match,2021-22,329,2210599,HOME,19,2021-22:21,VERIFIED_SOURCE_MATCH_ROUTE,VERIFIED
team_match,2021-22,329,2210599,AWAY,5,2021-22:90,VERIFIED_SOURCE_MATCH_ROUTE,VERIFIED
team_match,2021-22,330,2210600,HOME,20,2021-22:39,VERIFIED_SOURCE_MATCH_ROUTE,VERIFIED
team_match,2021-22,330,2210600,AWAY,12,2021-22:43,VERIFIED_SOURCE_MATCH_ROUTE,VERIFIED
team_match,2021-22,331,2210601,HOME,1,2021-22:3,VERIFIED_SOURCE_MATCH_ROUTE,VERIFIED
team_match,2021-22,331,2210601,AWAY,13,2021-22:1,VERIFIED_SOURCE_MATCH_ROUTE,VERIFIED
team_match,2021-22,332,2210602,HOME,3,2021-22:94,VERIFIED_SOURCE_MATCH_ROUTE,VERIFIED
team_match,2021-22,332,2210602,AWAY,17,2021-22:6,VERIFIED_SOURCE_MATCH_ROUTE,VERIFIED
team_match,2021-22,333,2210603,HOME,4,2021-22:36,VERIFIED_SOURCE_MATCH_ROUTE,VERIFIED
team_match,2021-22,333,2210603,AWAY,16,2021-22:20,VERIFIED_SOURCE_MATCH_ROUTE,VERIFIED
team_match,2021-22,334,2210604,HOME,5,2021-22:90,VERIFIED_SOURCE_MATCH_ROUTE,VERIFIED
team_match,2021-22,334,2210604,AWAY,20,2021-22:39,VERIFIED_SOURCE_MATCH_ROUTE,VERIFIED
team_match,2021-22,335,2210605,HOME,6,2021-22:8,VERIFIED_SOURCE_MATCH_ROUTE,VERIFIED
team_match,2021-22,335,2210605,AWAY,19,2021-22:21,VERIFIED_SOURCE_MATCH_ROUTE,VERIFIED
team_match,2021-22,336,2210606,HOME,7,2021-22:31,VERIFIED_SOURCE_MATCH_ROUTE,VERIFIED
team_match,2021-22,336,2210606,AWAY,10,2021-22:2,VERIFIED_SOURCE_MATCH_ROUTE,VERIFIED
team_match,2021-22,337,2210607,HOME,9,2021-22:13,VERIFIED_SOURCE_MATCH_ROUTE,VERIFIED
team_match,2021-22,337,2210607,AWAY,2,2021-22:7,VERIFIED_SOURCE_MATCH_ROUTE,VERIFIED
team_match,2021-22,338,2210608,HOME,11,2021-22:14,VERIFIED_SOURCE_MATCH_ROUTE,VERIFIED
team_match,2021-22,338,2210608,AWAY,8,2021-22:11,VERIFIED_SOURCE_MATCH_ROUTE,VERIFIED
team_match,2021-22,339,2210609,HOME,12,2021-22:43,VERIFIED_SOURCE_MATCH_ROUTE,VERIFIED
team_match,2021-22,339,2210609,AWAY,18,2021-22:57,VERIFIED_SOURCE_MATCH_ROUTE,VERIFIED
team_match,2021-22,340,2210610,HOME,15,2021-22:45,VERIFIED_SOURCE_MATCH_ROUTE,VERIFIED
team_match,2021-22,340,2210610,AWAY,14,2021-22:4,VERIFIED_SOURCE_MATCH_ROUTE,VERIFIED
team_match,2021-22,341,2210611,HOME,2,2021-22:7,VERIFIED_SOURCE_MATCH_ROUTE,VERIFIED
team_match,2021-22,341,2210611,AWAY,15,2021-22:45,VERIFIED_SOURCE_MATCH_ROUTE,VERIFIED
team_match,2021-22,342,2210612,HOME,8,2021-22:11,VERIFIED_SOURCE_MATCH_ROUTE,VERIFIED
team_match,2021-22,342,2210612,AWAY,6,2021-22:8,VERIFIED_SOURCE_MATCH_ROUTE,VERIFIED
team_match,2021-22,343,2210613,HOME,10,2021-22:2,VERIFIED_SOURCE_MATCH_ROUTE,VERIFIED
team_match,2021-22,343,2210613,AWAY,12,2021-22:43,VERIFIED_SOURCE_MATCH_ROUTE,VERIFIED
team_match,2021-22,344,2210614,HOME,13,2021-22:1,VERIFIED_SOURCE_MATCH_ROUTE,VERIFIED
team_match,2021-22,344,2210614,AWAY,3,2021-22:94,VERIFIED_SOURCE_MATCH_ROUTE,VERIFIED
team_match,2021-22,345,2210615,HOME,14,2021-22:4,VERIFIED_SOURCE_MATCH_ROUTE,VERIFIED
team_match,2021-22,345,2210615,AWAY,11,2021-22:14,VERIFIED_SOURCE_MATCH_ROUTE,VERIFIED
team_match,2021-22,346,2210616,HOME,16,2021-22:20,VERIFIED_SOURCE_MATCH_ROUTE,VERIFIED
team_match,2021-22,346,2210616,AWAY,7,2021-22:31,VERIFIED_SOURCE_MATCH_ROUTE,VERIFIED
team_match,2021-22,347,2210617,HOME,17,2021-22:6,VERIFIED_SOURCE_MATCH_ROUTE,VERIFIED
team_match,2021-22,347,2210617,AWAY,9,2021-22:13,VERIFIED_SOURCE_MATCH_ROUTE,VERIFIED
team_match,2021-22,348,2210618,HOME,18,2021-22:57,VERIFIED_SOURCE_MATCH_ROUTE,VERIFIED
team_match,2021-22,348,2210618,AWAY,5,2021-22:90,VERIFIED_SOURCE_MATCH_ROUTE,VERIFIED
team_match,2021-22,349,2210619,HOME,19,2021-22:21,VERIFIED_SOURCE_MATCH_ROUTE,VERIFIED
team_match,2021-22,349,2210619,AWAY,1,2021-22:3,VERIFIED_SOURCE_MATCH_ROUTE,VERIFIED
team_match,2021-22,350,2210620,HOME,20,2021-22:39,VERIFIED_SOURCE_MATCH_ROUTE,VERIFIED
team_match,2021-22,350,2210620,AWAY,4,2021-22:36,VERIFIED_SOURCE_MATCH_ROUTE,VERIFIED
team_match,2021-22,351,2210621,HOME,1,2021-22:3,VERIFIED_SOURCE_MATCH_ROUTE,VERIFIED
team_match,2021-22,351,2210621,AWAY,10,2021-22:2,VERIFIED_SOURCE_MATCH_ROUTE,VERIFIED
team_match,2021-22,352,2210622,HOME,3,2021-22:94,VERIFIED_SOURCE_MATCH_ROUTE,VERIFIED
team_match,2021-22,352,2210622,AWAY,16,2021-22:20,VERIFIED_SOURCE_MATCH_ROUTE,VERIFIED
team_match,2021-22,353,2210623,HOME,4,2021-22:36,VERIFIED_SOURCE_MATCH_ROUTE,VERIFIED
team_match,2021-22,353,2210623,AWAY,13,2021-22:1,VERIFIED_SOURCE_MATCH_ROUTE,VERIFIED
team_match,2021-22,354,2210624,HOME,5,2021-22:90,VERIFIED_SOURCE_MATCH_ROUTE,VERIFIED
team_match,2021-22,354,2210624,AWAY,2,2021-22:7,VERIFIED_SOURCE_MATCH_ROUTE,VERIFIED
team_match,2021-22,355,2210625,HOME,6,2021-22:8,VERIFIED_SOURCE_MATCH_ROUTE,VERIFIED
team_match,2021-22,355,2210625,AWAY,20,2021-22:39,VERIFIED_SOURCE_MATCH_ROUTE,VERIFIED
team_match,2021-22,356,2210626,HOME,7,2021-22:31,VERIFIED_SOURCE_MATCH_ROUTE,VERIFIED
team_match,2021-22,356,2210626,AWAY,18,2021-22:57,VERIFIED_SOURCE_MATCH_ROUTE,VERIFIED
team_match,2021-22,357,2210627,HOME,9,2021-22:13,VERIFIED_SOURCE_MATCH_ROUTE,VERIFIED
team_match,2021-22,357,2210627,AWAY,8,2021-22:11,VERIFIED_SOURCE_MATCH_ROUTE,VERIFIED
team_match,2021-22,358,2210628,HOME,11,2021-22:14,VERIFIED_SOURCE_MATCH_ROUTE,VERIFIED
team_match,2021-22,358,2210628,AWAY,17,2021-22:6,VERIFIED_SOURCE_MATCH_ROUTE,VERIFIED
team_match,2021-22,359,2210629,HOME,12,2021-22:43,VERIFIED_SOURCE_MATCH_ROUTE,VERIFIED
team_match,2021-22,359,2210629,AWAY,14,2021-22:4,VERIFIED_SOURCE_MATCH_ROUTE,VERIFIED
team_match,2021-22,360,2210630,HOME,15,2021-22:45,VERIFIED_SOURCE_MATCH_ROUTE,VERIFIED
team_match,2021-22,360,2210630,AWAY,19,2021-22:21,VERIFIED_SOURCE_MATCH_ROUTE,VERIFIED
team_match,2021-22,361,2210631,HOME,2,2021-22:7,VERIFIED_SOURCE_MATCH_ROUTE,VERIFIED
team_match,2021-22,361,2210631,AWAY,7,2021-22:31,VERIFIED_SOURCE_MATCH_ROUTE,VERIFIED
team_match,2021-22,362,2210632,HOME,8,2021-22:11,VERIFIED_SOURCE_MATCH_ROUTE,VERIFIED
team_match,2021-22,362,2210632,AWAY,3,2021-22:94,VERIFIED_SOURCE_MATCH_ROUTE,VERIFIED
team_match,2021-22,363,2210633,HOME,10,2021-22:2,VERIFIED_SOURCE_MATCH_ROUTE,VERIFIED
team_match,2021-22,363,2210633,AWAY,4,2021-22:36,VERIFIED_SOURCE_MATCH_ROUTE,VERIFIED
team_match,2021-22,364,2210634,HOME,13,2021-22:1,VERIFIED_SOURCE_MATCH_ROUTE,VERIFIED
team_match,2021-22,364,2210634,AWAY,6,2021-22:8,VERIFIED_SOURCE_MATCH_ROUTE,VERIFIED
team_match,2021-22,365,2210635,HOME,14,2021-22:4,VERIFIED_SOURCE_MATCH_ROUTE,VERIFIED
team_match,2021-22,365,2210635,AWAY,1,2021-22:3,VERIFIED_SOURCE_MATCH_ROUTE,VERIFIED
team_match,2021-22,366,2210636,HOME,16,2021-22:20,VERIFIED_SOURCE_MATCH_ROUTE,VERIFIED
team_match,2021-22,366,2210636,AWAY,11,2021-22:14,VERIFIED_SOURCE_MATCH_ROUTE,VERIFIED
team_match,2021-22,367,2210637,HOME,17,2021-22:6,VERIFIED_SOURCE_MATCH_ROUTE,VERIFIED
team_match,2021-22,367,2210637,AWAY,5,2021-22:90,VERIFIED_SOURCE_MATCH_ROUTE,VERIFIED
team_match,2021-22,368,2210638,HOME,18,2021-22:57,VERIFIED_SOURCE_MATCH_ROUTE,VERIFIED
team_match,2021-22,368,2210638,AWAY,9,2021-22:13,VERIFIED_SOURCE_MATCH_ROUTE,VERIFIED
team_match,2021-22,369,2210639,HOME,19,2021-22:21,VERIFIED_SOURCE_MATCH_ROUTE,VERIFIED
team_match,2021-22,369,2210639,AWAY,12,2021-22:43,VERIFIED_SOURCE_MATCH_ROUTE,VERIFIED
team_match,2021-22,370,2210640,HOME,20,2021-22:39,VERIFIED_SOURCE_MATCH_ROUTE,VERIFIED
team_match,2021-22,370,2210640,AWAY,15,2021-22:45,VERIFIED_SOURCE_MATCH_ROUTE,VERIFIED
team_match,2021-22,371,2210641,HOME,1,2021-22:3,VERIFIED_SOURCE_MATCH_ROUTE,VERIFIED
team_match,2021-22,371,2210641,AWAY,8,2021-22:11,VERIFIED_SOURCE_MATCH_ROUTE,VERIFIED
team_match,2021-22,372,2210642,HOME,3,2021-22:94,VERIFIED_SOURCE_MATCH_ROUTE,VERIFIED
team_match,2021-22,372,2210642,AWAY,10,2021-22:2,VERIFIED_SOURCE_MATCH_ROUTE,VERIFIED
team_match,2021-22,373,2210643,HOME,4,2021-22:36,VERIFIED_SOURCE_MATCH_ROUTE,VERIFIED
team_match,2021-22,373,2210643,AWAY,19,2021-22:21,VERIFIED_SOURCE_MATCH_ROUTE,VERIFIED
team_match,2021-22,374,2210644,HOME,5,2021-22:90,VERIFIED_SOURCE_MATCH_ROUTE,VERIFIED
team_match,2021-22,374,2210644,AWAY,14,2021-22:4,VERIFIED_SOURCE_MATCH_ROUTE,VERIFIED
team_match,2021-22,375,2210645,HOME,6,2021-22:8,VERIFIED_SOURCE_MATCH_ROUTE,VERIFIED
team_match,2021-22,375,2210645,AWAY,18,2021-22:57,VERIFIED_SOURCE_MATCH_ROUTE,VERIFIED
team_match,2021-22,376,2210646,HOME,7,2021-22:31,VERIFIED_SOURCE_MATCH_ROUTE,VERIFIED
team_match,2021-22,376,2210646,AWAY,13,2021-22:1,VERIFIED_SOURCE_MATCH_ROUTE,VERIFIED
team_match,2021-22,377,2210647,HOME,9,2021-22:13,VERIFIED_SOURCE_MATCH_ROUTE,VERIFIED
team_match,2021-22,377,2210647,AWAY,16,2021-22:20,VERIFIED_SOURCE_MATCH_ROUTE,VERIFIED
team_match,2021-22,378,2210648,HOME,11,2021-22:14,VERIFIED_SOURCE_MATCH_ROUTE,VERIFIED
team_match,2021-22,378,2210648,AWAY,20,2021-22:39,VERIFIED_SOURCE_MATCH_ROUTE,VERIFIED
team_match,2021-22,379,2210649,HOME,12,2021-22:43,VERIFIED_SOURCE_MATCH_ROUTE,VERIFIED
team_match,2021-22,379,2210649,AWAY,2,2021-22:7,VERIFIED_SOURCE_MATCH_ROUTE,VERIFIED
team_match,2021-22,380,2210650,HOME,15,2021-22:45,VERIFIED_SOURCE_MATCH_ROUTE,VERIFIED
team_match,2021-22,380,2210650,AWAY,17,2021-22:6,VERIFIED_SOURCE_MATCH_ROUTE,VERIFIED
team_match,2022-23,1,2292810,HOME,7,2022-23:31,VERIFIED_SOURCE_MATCH_ROUTE,VERIFIED
team_match,2022-23,1,2292810,AWAY,1,2022-23:3,VERIFIED_SOURCE_MATCH_ROUTE,VERIFIED
team_match,2022-23,2,2292811,HOME,3,2022-23:91,VERIFIED_SOURCE_MATCH_ROUTE,VERIFIED
team_match,2022-23,2,2292811,AWAY,2,2022-23:7,VERIFIED_SOURCE_MATCH_ROUTE,VERIFIED
team_match,2022-23,3,2292812,HOME,8,2022-23:11,VERIFIED_SOURCE_MATCH_ROUTE,VERIFIED
team_match,2022-23,3,2292812,AWAY,6,2022-23:8,VERIFIED_SOURCE_MATCH_ROUTE,VERIFIED
team_match,2022-23,4,2292813,HOME,9,2022-23:54,VERIFIED_SOURCE_MATCH_ROUTE,VERIFIED
team_match,2022-23,4,2292813,AWAY,12,2022-23:14,VERIFIED_SOURCE_MATCH_ROUTE,VERIFIED
team_match,2022-23,5,2292814,HOME,11,2022-23:2,VERIFIED_SOURCE_MATCH_ROUTE,VERIFIED
team_match,2022-23,5,2292814,AWAY,20,2022-23:39,VERIFIED_SOURCE_MATCH_ROUTE,VERIFIED
team_match,2022-23,6,2292815,HOME,10,2022-23:13,VERIFIED_SOURCE_MATCH_ROUTE,VERIFIED
team_match,2022-23,6,2292815,AWAY,4,2022-23:94,VERIFIED_SOURCE_MATCH_ROUTE,VERIFIED
team_match,2022-23,7,2292816,HOME,15,2022-23:4,VERIFIED_SOURCE_MATCH_ROUTE,VERIFIED
team_match,2022-23,7,2292816,AWAY,16,2022-23:17,VERIFIED_SOURCE_MATCH_ROUTE,VERIFIED
team_match,2022-23,8,2292817,HOME,18,2022-23:6,VERIFIED_SOURCE_MATCH_ROUTE,VERIFIED
team_match,2022-23,8,2292817,AWAY,17,2022-23:20,VERIFIED_SOURCE_MATCH_ROUTE,VERIFIED
team_match,2022-23,9,2292818,HOME,14,2022-23:1,VERIFIED_SOURCE_MATCH_ROUTE,VERIFIED
team_match,2022-23,9,2292818,AWAY,5,2022-23:36,VERIFIED_SOURCE_MATCH_ROUTE,VERIFIED
team_match,2022-23,10,2292819,HOME,19,2022-23:21,VERIFIED_SOURCE_MATCH_ROUTE,VERIFIED
team_match,2022-23,10,2292819,AWAY,13,2022-23:43,VERIFIED_SOURCE_MATCH_ROUTE,VERIFIED
team_match,2022-23,11,2292820,HOME,1,2022-23:3,VERIFIED_SOURCE_MATCH_ROUTE,VERIFIED
team_match,2022-23,11,2292820,AWAY,10,2022-23:13,VERIFIED_SOURCE_MATCH_ROUTE,VERIFIED
team_match,2022-23,12,2292821,HOME,2,2022-23:7,VERIFIED_SOURCE_MATCH_ROUTE,VERIFIED
team_match,2022-23,12,2292821,AWAY,8,2022-23:11,VERIFIED_SOURCE_MATCH_ROUTE,VERIFIED
team_match,2022-23,13,2292822,HOME,4,2022-23:94,VERIFIED_SOURCE_MATCH_ROUTE,VERIFIED
team_match,2022-23,13,2292822,AWAY,14,2022-23:1,VERIFIED_SOURCE_MATCH_ROUTE,VERIFIED
team_match,2022-23,14,2292823,HOME,5,2022-23:36,VERIFIED_SOURCE_MATCH_ROUTE,VERIFIED
team_match,2022-23,14,2292823,AWAY,15,2022-23:4,VERIFIED_SOURCE_MATCH_ROUTE,VERIFIED
team_match,2022-23,15,2292824,HOME,6,2022-23:8,VERIFIED_SOURCE_MATCH_ROUTE,VERIFIED
team_match,2022-23,15,2292824,AWAY,18,2022-23:6,VERIFIED_SOURCE_MATCH_ROUTE,VERIFIED
team_match,2022-23,16,2292825,HOME,12,2022-23:14,VERIFIED_SOURCE_MATCH_ROUTE,VERIFIED
team_match,2022-23,16,2292825,AWAY,7,2022-23:31,VERIFIED_SOURCE_MATCH_ROUTE,VERIFIED
team_match,2022-23,17,2292826,HOME,13,2022-23:43,VERIFIED_SOURCE_MATCH_ROUTE,VERIFIED
team_match,2022-23,17,2292826,AWAY,3,2022-23:91,VERIFIED_SOURCE_MATCH_ROUTE,VERIFIED
team_match,2022-23,18,2292827,HOME,16,2022-23:17,VERIFIED_SOURCE_MATCH_ROUTE,VERIFIED
team_match,2022-23,18,2292827,AWAY,19,2022-23:21,VERIFIED_SOURCE_MATCH_ROUTE,VERIFIED
team_match,2022-23,19,2292828,HOME,17,2022-23:20,VERIFIED_SOURCE_MATCH_ROUTE,VERIFIED
team_match,2022-23,19,2292828,AWAY,11,2022-23:2,VERIFIED_SOURCE_MATCH_ROUTE,VERIFIED
team_match,2022-23,20,2292829,HOME,20,2022-23:39,VERIFIED_SOURCE_MATCH_ROUTE,VERIFIED
team_match,2022-23,20,2292829,AWAY,9,2022-23:54,VERIFIED_SOURCE_MATCH_ROUTE,VERIFIED
team_match,2022-23,21,2292830,HOME,3,2022-23:91,VERIFIED_SOURCE_MATCH_ROUTE,VERIFIED
team_match,2022-23,21,2292830,AWAY,1,2022-23:3,VERIFIED_SOURCE_MATCH_ROUTE,VERIFIED
team_match,2022-23,22,2292831,HOME,7,2022-23:31,VERIFIED_SOURCE_MATCH_ROUTE,VERIFIED
team_match,2022-23,22,2292831,AWAY,2,2022-23:7,VERIFIED_SOURCE_MATCH_ROUTE,VERIFIED
team_match,2022-23,23,2292832,HOME,8,2022-23:11,VERIFIED_SOURCE_MATCH_ROUTE,VERIFIED
team_match,2022-23,23,2292832,AWAY,16,2022-23:17,VERIFIED_SOURCE_MATCH_ROUTE,VERIFIED
team_match,2022-23,24,2292833,HOME,9,2022-23:54,VERIFIED_SOURCE_MATCH_ROUTE,VERIFIED
team_match,2022-23,24,2292833,AWAY,4,2022-23:94,VERIFIED_SOURCE_MATCH_ROUTE,VERIFIED
team_match,2022-23,25,2292834,HOME,11,2022-23:2,VERIFIED_SOURCE_MATCH_ROUTE,VERIFIED
team_match,2022-23,25,2292834,AWAY,6,2022-23:8,VERIFIED_SOURCE_MATCH_ROUTE,VERIFIED
team_match,2022-23,26,2292835,HOME,10,2022-23:13,VERIFIED_SOURCE_MATCH_ROUTE,VERIFIED
team_match,2022-23,26,2292835,AWAY,17,2022-23:20,VERIFIED_SOURCE_MATCH_ROUTE,VERIFIED
team_match,2022-23,27,2292836,HOME,14,2022-23:1,VERIFIED_SOURCE_MATCH_ROUTE,VERIFIED
team_match,2022-23,27,2292836,AWAY,12,2022-23:14,VERIFIED_SOURCE_MATCH_ROUTE,VERIFIED
team_match,2022-23,28,2292837,HOME,15,2022-23:4,VERIFIED_SOURCE_MATCH_ROUTE,VERIFIED
team_match,2022-23,28,2292837,AWAY,13,2022-23:43,VERIFIED_SOURCE_MATCH_ROUTE,VERIFIED
team_match,2022-23,29,2292838,HOME,18,2022-23:6,VERIFIED_SOURCE_MATCH_ROUTE,VERIFIED
team_match,2022-23,29,2292838,AWAY,20,2022-23:39,VERIFIED_SOURCE_MATCH_ROUTE,VERIFIED
team_match,2022-23,30,2292839,HOME,19,2022-23:21,VERIFIED_SOURCE_MATCH_ROUTE,VERIFIED
team_match,2022-23,30,2292839,AWAY,5,2022-23:36,VERIFIED_SOURCE_MATCH_ROUTE,VERIFIED
team_match,2022-23,31,2292840,HOME,1,2022-23:3,VERIFIED_SOURCE_MATCH_ROUTE,VERIFIED
team_match,2022-23,31,2292840,AWAY,9,2022-23:54,VERIFIED_SOURCE_MATCH_ROUTE,VERIFIED
team_match,2022-23,32,2292841,HOME,2,2022-23:7,VERIFIED_SOURCE_MATCH_ROUTE,VERIFIED
team_match,2022-23,32,2292841,AWAY,19,2022-23:21,VERIFIED_SOURCE_MATCH_ROUTE,VERIFIED
team_match,2022-23,33,2292842,HOME,4,2022-23:94,VERIFIED_SOURCE_MATCH_ROUTE,VERIFIED
team_match,2022-23,33,2292842,AWAY,8,2022-23:11,VERIFIED_SOURCE_MATCH_ROUTE,VERIFIED
team_match,2022-23,34,2292843,HOME,5,2022-23:36,VERIFIED_SOURCE_MATCH_ROUTE,VERIFIED
team_match,2022-23,34,2292843,AWAY,11,2022-23:2,VERIFIED_SOURCE_MATCH_ROUTE,VERIFIED
team_match,2022-23,35,2292844,HOME,6,2022-23:8,VERIFIED_SOURCE_MATCH_ROUTE,VERIFIED
team_match,2022-23,35,2292844,AWAY,10,2022-23:13,VERIFIED_SOURCE_MATCH_ROUTE,VERIFIED
team_match,2022-23,36,2292845,HOME,12,2022-23:14,VERIFIED_SOURCE_MATCH_ROUTE,VERIFIED
team_match,2022-23,36,2292845,AWAY,3,2022-23:91,VERIFIED_SOURCE_MATCH_ROUTE,VERIFIED
team_match,2022-23,37,2292846,HOME,13,2022-23:43,VERIFIED_SOURCE_MATCH_ROUTE,VERIFIED
team_match,2022-23,37,2292846,AWAY,7,2022-23:31,VERIFIED_SOURCE_MATCH_ROUTE,VERIFIED
team_match,2022-23,38,2292847,HOME,16,2022-23:17,VERIFIED_SOURCE_MATCH_ROUTE,VERIFIED
team_match,2022-23,38,2292847,AWAY,18,2022-23:6,VERIFIED_SOURCE_MATCH_ROUTE,VERIFIED
team_match,2022-23,39,2292848,HOME,17,2022-23:20,VERIFIED_SOURCE_MATCH_ROUTE,VERIFIED
team_match,2022-23,39,2292848,AWAY,14,2022-23:1,VERIFIED_SOURCE_MATCH_ROUTE,VERIFIED
team_match,2022-23,40,2292849,HOME,20,2022-23:39,VERIFIED_SOURCE_MATCH_ROUTE,VERIFIED
team_match,2022-23,40,2292849,AWAY,15,2022-23:4,VERIFIED_SOURCE_MATCH_ROUTE,VERIFIED
team_match,2022-23,41,2292851,HOME,1,2022-23:3,VERIFIED_SOURCE_MATCH_ROUTE,VERIFIED
team_match,2022-23,41,2292851,AWAY,2,2022-23:7,VERIFIED_SOURCE_MATCH_ROUTE,VERIFIED
team_match,2022-23,42,2292850,HOME,3,2022-23:91,VERIFIED_SOURCE_MATCH_ROUTE,VERIFIED
team_match,2022-23,42,2292850,AWAY,20,2022-23:39,VERIFIED_SOURCE_MATCH_ROUTE,VERIFIED
team_match,2022-23,43,2292852,HOME,7,2022-23:31,VERIFIED_SOURCE_MATCH_ROUTE,VERIFIED
team_match,2022-23,43,2292852,AWAY,4,2022-23:94,VERIFIED_SOURCE_MATCH_ROUTE,VERIFIED
team_match,2022-23,44,2292853,HOME,9,2022-23:54,VERIFIED_SOURCE_MATCH_ROUTE,VERIFIED
team_match,2022-23,44,2292853,AWAY,5,2022-23:36,VERIFIED_SOURCE_MATCH_ROUTE,VERIFIED
team_match,2022-23,45,2292854,HOME,11,2022-23:2,VERIFIED_SOURCE_MATCH_ROUTE,VERIFIED
team_match,2022-23,45,2292854,AWAY,8,2022-23:11,VERIFIED_SOURCE_MATCH_ROUTE,VERIFIED
team_match,2022-23,46,2292855,HOME,10,2022-23:13,VERIFIED_SOURCE_MATCH_ROUTE,VERIFIED
team_match,2022-23,46,2292855,AWAY,14,2022-23:1,VERIFIED_SOURCE_MATCH_ROUTE,VERIFIED
team_match,2022-23,47,2292856,HOME,19,2022-23:21,VERIFIED_SOURCE_MATCH_ROUTE,VERIFIED
team_match,2022-23,47,2292856,AWAY,18,2022-23:6,VERIFIED_SOURCE_MATCH_ROUTE,VERIFIED
team_match,2022-23,48,2292857,HOME,12,2022-23:14,VERIFIED_SOURCE_MATCH_ROUTE,VERIFIED
team_match,2022-23,48,2292857,AWAY,15,2022-23:4,VERIFIED_SOURCE_MATCH_ROUTE,VERIFIED
team_match,2022-23,49,2292858,HOME,13,2022-23:43,VERIFIED_SOURCE_MATCH_ROUTE,VERIFIED
team_match,2022-23,49,2292858,AWAY,16,2022-23:17,VERIFIED_SOURCE_MATCH_ROUTE,VERIFIED
team_match,2022-23,50,2292859,HOME,17,2022-23:20,VERIFIED_SOURCE_MATCH_ROUTE,VERIFIED
team_match,2022-23,50,2292859,AWAY,6,2022-23:8,VERIFIED_SOURCE_MATCH_ROUTE,VERIFIED
team_match,2022-23,51,2292860,HOME,2,2022-23:7,VERIFIED_SOURCE_MATCH_ROUTE,VERIFIED
team_match,2022-23,51,2292860,AWAY,13,2022-23:43,VERIFIED_SOURCE_MATCH_ROUTE,VERIFIED
team_match,2022-23,52,2292861,HOME,4,2022-23:94,VERIFIED_SOURCE_MATCH_ROUTE,VERIFIED
team_match,2022-23,52,2292861,AWAY,11,2022-23:2,VERIFIED_SOURCE_MATCH_ROUTE,VERIFIED
team_match,2022-23,53,2292862,HOME,5,2022-23:36,VERIFIED_SOURCE_MATCH_ROUTE,VERIFIED
team_match,2022-23,53,2292862,AWAY,10,2022-23:13,VERIFIED_SOURCE_MATCH_ROUTE,VERIFIED
team_match,2022-23,54,2292863,HOME,6,2022-23:8,VERIFIED_SOURCE_MATCH_ROUTE,VERIFIED
team_match,2022-23,54,2292863,AWAY,19,2022-23:21,VERIFIED_SOURCE_MATCH_ROUTE,VERIFIED
team_match,2022-23,55,2292864,HOME,8,2022-23:11,VERIFIED_SOURCE_MATCH_ROUTE,VERIFIED
team_match,2022-23,55,2292864,AWAY,12,2022-23:14,VERIFIED_SOURCE_MATCH_ROUTE,VERIFIED
team_match,2022-23,56,2292865,HOME,14,2022-23:1,VERIFIED_SOURCE_MATCH_ROUTE,VERIFIED
team_match,2022-23,56,2292865,AWAY,1,2022-23:3,VERIFIED_SOURCE_MATCH_ROUTE,VERIFIED
team_match,2022-23,57,2292866,HOME,15,2022-23:4,VERIFIED_SOURCE_MATCH_ROUTE,VERIFIED
team_match,2022-23,57,2292866,AWAY,7,2022-23:31,VERIFIED_SOURCE_MATCH_ROUTE,VERIFIED
team_match,2022-23,58,2292867,HOME,16,2022-23:17,VERIFIED_SOURCE_MATCH_ROUTE,VERIFIED
team_match,2022-23,58,2292867,AWAY,3,2022-23:91,VERIFIED_SOURCE_MATCH_ROUTE,VERIFIED
team_match,2022-23,59,2292868,HOME,18,2022-23:6,VERIFIED_SOURCE_MATCH_ROUTE,VERIFIED
team_match,2022-23,59,2292868,AWAY,9,2022-23:54,VERIFIED_SOURCE_MATCH_ROUTE,VERIFIED
team_match,2022-23,60,2292869,HOME,20,2022-23:39,VERIFIED_SOURCE_MATCH_ROUTE,VERIFIED
team_match,2022-23,60,2292869,AWAY,17,2022-23:20,VERIFIED_SOURCE_MATCH_ROUTE,VERIFIED
team_match,2022-23,61,2292871,HOME,1,2022-23:3,VERIFIED_SOURCE_MATCH_ROUTE,VERIFIED
team_match,2022-23,61,2292871,AWAY,8,2022-23:11,VERIFIED_SOURCE_MATCH_ROUTE,VERIFIED
team_match,2022-23,62,2292870,HOME,3,2022-23:91,VERIFIED_SOURCE_MATCH_ROUTE,VERIFIED
team_match,2022-23,62,2292870,AWAY,5,2022-23:36,VERIFIED_SOURCE_MATCH_ROUTE,VERIFIED
team_match,2022-23,63,2292872,HOME,7,2022-23:31,VERIFIED_SOURCE_MATCH_ROUTE,VERIFIED
team_match,2022-23,63,2292872,AWAY,14,2022-23:1,VERIFIED_SOURCE_MATCH_ROUTE,VERIFIED
team_match,2022-23,64,2292873,HOME,9,2022-23:54,VERIFIED_SOURCE_MATCH_ROUTE,VERIFIED
team_match,2022-23,64,2292873,AWAY,6,2022-23:8,VERIFIED_SOURCE_MATCH_ROUTE,VERIFIED
team_match,2022-23,65,2292874,HOME,11,2022-23:2,VERIFIED_SOURCE_MATCH_ROUTE,VERIFIED
team_match,2022-23,65,2292874,AWAY,16,2022-23:17,VERIFIED_SOURCE_MATCH_ROUTE,VERIFIED
team_match,2022-23,66,2292875,HOME,10,2022-23:13,VERIFIED_SOURCE_MATCH_ROUTE,VERIFIED
team_match,2022-23,66,2292875,AWAY,2,2022-23:7,VERIFIED_SOURCE_MATCH_ROUTE,VERIFIED
team_match,2022-23,67,2292876,HOME,12,2022-23:14,VERIFIED_SOURCE_MATCH_ROUTE,VERIFIED
team_match,2022-23,67,2292876,AWAY,20,2022-23:39,VERIFIED_SOURCE_MATCH_ROUTE,VERIFIED
team_match,2022-23,68,2292877,HOME,13,2022-23:43,VERIFIED_SOURCE_MATCH_ROUTE,VERIFIED
team_match,2022-23,68,2292877,AWAY,18,2022-23:6,VERIFIED_SOURCE_MATCH_ROUTE,VERIFIED
team_match,2022-23,69,2292878,HOME,17,2022-23:20,VERIFIED_SOURCE_MATCH_ROUTE,VERIFIED
team_match,2022-23,69,2292878,AWAY,4,2022-23:94,VERIFIED_SOURCE_MATCH_ROUTE,VERIFIED
team_match,2022-23,70,2292879,HOME,19,2022-23:21,VERIFIED_SOURCE_MATCH_ROUTE,VERIFIED
team_match,2022-23,70,2292879,AWAY,15,2022-23:4,VERIFIED_SOURCE_MATCH_ROUTE,VERIFIED
team_match,2022-23,71,2292880,HOME,2,2022-23:7,VERIFIED_SOURCE_MATCH_ROUTE,VERIFIED
team_match,2022-23,71,2292880,AWAY,17,2022-23:20,VERIFIED_SOURCE_MATCH_ROUTE,VERIFIED
team_match,2022-23,72,2292881,HOME,4,2022-23:94,VERIFIED_SOURCE_MATCH_ROUTE,VERIFIED
team_match,2022-23,72,2292881,AWAY,1,2022-23:3,VERIFIED_SOURCE_MATCH_ROUTE,VERIFIED
team_match,2022-23,73,2292882,HOME,5,2022-23:36,VERIFIED_SOURCE_MATCH_ROUTE,VERIFIED
team_match,2022-23,73,2292882,AWAY,7,2022-23:31,VERIFIED_SOURCE_MATCH_ROUTE,VERIFIED
team_match,2022-23,74,2292883,HOME,6,2022-23:8,VERIFIED_SOURCE_MATCH_ROUTE,VERIFIED
team_match,2022-23,74,2292883,AWAY,12,2022-23:14,VERIFIED_SOURCE_MATCH_ROUTE,VERIFIED
team_match,2022-23,75,2292884,HOME,8,2022-23:11,VERIFIED_SOURCE_MATCH_ROUTE,VERIFIED
team_match,2022-23,75,2292884,AWAY,19,2022-23:21,VERIFIED_SOURCE_MATCH_ROUTE,VERIFIED
team_match,2022-23,76,2292885,HOME,14,2022-23:1,VERIFIED_SOURCE_MATCH_ROUTE,VERIFIED
team_match,2022-23,76,2292885,AWAY,11,2022-23:2,VERIFIED_SOURCE_MATCH_ROUTE,VERIFIED
team_match,2022-23,77,2292886,HOME,15,2022-23:4,VERIFIED_SOURCE_MATCH_ROUTE,VERIFIED
team_match,2022-23,77,2292886,AWAY,3,2022-23:91,VERIFIED_SOURCE_MATCH_ROUTE,VERIFIED
team_match,2022-23,78,2292887,HOME,16,2022-23:17,VERIFIED_SOURCE_MATCH_ROUTE,VERIFIED
team_match,2022-23,78,2292887,AWAY,9,2022-23:54,VERIFIED_SOURCE_MATCH_ROUTE,VERIFIED
team_match,2022-23,79,2292888,HOME,18,2022-23:6,VERIFIED_SOURCE_MATCH_ROUTE,VERIFIED
team_match,2022-23,79,2292888,AWAY,10,2022-23:13,VERIFIED_SOURCE_MATCH_ROUTE,VERIFIED
team_match,2022-23,80,2292889,HOME,20,2022-23:39,VERIFIED_SOURCE_MATCH_ROUTE,VERIFIED
team_match,2022-23,80,2292889,AWAY,13,2022-23:43,VERIFIED_SOURCE_MATCH_ROUTE,VERIFIED
team_match,2022-23,81,2292891,HOME,1,2022-23:3,VERIFIED_SOURCE_MATCH_ROUTE,VERIFIED
team_match,2022-23,81,2292891,AWAY,18,2022-23:6,VERIFIED_SOURCE_MATCH_ROUTE,VERIFIED
team_match,2022-23,82,2292890,HOME,3,2022-23:91,VERIFIED_SOURCE_MATCH_ROUTE,VERIFIED
team_match,2022-23,82,2292890,AWAY,4,2022-23:94,VERIFIED_SOURCE_MATCH_ROUTE,VERIFIED
team_match,2022-23,83,2292892,HOME,7,2022-23:31,VERIFIED_SOURCE_MATCH_ROUTE,VERIFIED
team_match,2022-23,83,2292892,AWAY,6,2022-23:8,VERIFIED_SOURCE_MATCH_ROUTE,VERIFIED
team_match,2022-23,84,2292893,HOME,9,2022-23:54,VERIFIED_SOURCE_MATCH_ROUTE,VERIFIED
team_match,2022-23,84,2292893,AWAY,15,2022-23:4,VERIFIED_SOURCE_MATCH_ROUTE,VERIFIED
team_match,2022-23,85,2292894,HOME,11,2022-23:2,VERIFIED_SOURCE_MATCH_ROUTE,VERIFIED
team_match,2022-23,85,2292894,AWAY,2,2022-23:7,VERIFIED_SOURCE_MATCH_ROUTE,VERIFIED
team_match,2022-23,86,2292895,HOME,10,2022-23:13,VERIFIED_SOURCE_MATCH_ROUTE,VERIFIED
team_match,2022-23,86,2292895,AWAY,16,2022-23:17,VERIFIED_SOURCE_MATCH_ROUTE,VERIFIED
team_match,2022-23,87,2292896,HOME,12,2022-23:14,VERIFIED_SOURCE_MATCH_ROUTE,VERIFIED
team_match,2022-23,87,2292896,AWAY,5,2022-23:36,VERIFIED_SOURCE_MATCH_ROUTE,VERIFIED
team_match,2022-23,88,2292897,HOME,13,2022-23:43,VERIFIED_SOURCE_MATCH_ROUTE,VERIFIED
team_match,2022-23,88,2292897,AWAY,14,2022-23:1,VERIFIED_SOURCE_MATCH_ROUTE,VERIFIED
team_match,2022-23,89,2292898,HOME,17,2022-23:20,VERIFIED_SOURCE_MATCH_ROUTE,VERIFIED
team_match,2022-23,89,2292898,AWAY,8,2022-23:11,VERIFIED_SOURCE_MATCH_ROUTE,VERIFIED
team_match,2022-23,90,2292899,HOME,19,2022-23:21,VERIFIED_SOURCE_MATCH_ROUTE,VERIFIED
team_match,2022-23,90,2292899,AWAY,20,2022-23:39,VERIFIED_SOURCE_MATCH_ROUTE,VERIFIED
team_match,2022-23,91,2292901,HOME,1,2022-23:3,VERIFIED_SOURCE_MATCH_ROUTE,VERIFIED
team_match,2022-23,91,2292901,AWAY,12,2022-23:14,VERIFIED_SOURCE_MATCH_ROUTE,VERIFIED
team_match,2022-23,92,2292900,HOME,3,2022-23:91,VERIFIED_SOURCE_MATCH_ROUTE,VERIFIED
team_match,2022-23,92,2292900,AWAY,10,2022-23:13,VERIFIED_SOURCE_MATCH_ROUTE,VERIFIED
team_match,2022-23,93,2292902,HOME,5,2022-23:36,VERIFIED_SOURCE_MATCH_ROUTE,VERIFIED
team_match,2022-23,93,2292902,AWAY,18,2022-23:6,VERIFIED_SOURCE_MATCH_ROUTE,VERIFIED
team_match,2022-23,94,2292903,HOME,6,2022-23:8,VERIFIED_SOURCE_MATCH_ROUTE,VERIFIED
team_match,2022-23,94,2292903,AWAY,20,2022-23:39,VERIFIED_SOURCE_MATCH_ROUTE,VERIFIED
team_match,2022-23,95,2292904,HOME,7,2022-23:31,VERIFIED_SOURCE_MATCH_ROUTE,VERIFIED
team_match,2022-23,95,2292904,AWAY,11,2022-23:2,VERIFIED_SOURCE_MATCH_ROUTE,VERIFIED
team_match,2022-23,96,2292905,HOME,8,2022-23:11,VERIFIED_SOURCE_MATCH_ROUTE,VERIFIED
team_match,2022-23,96,2292905,AWAY,14,2022-23:1,VERIFIED_SOURCE_MATCH_ROUTE,VERIFIED
team_match,2022-23,97,2292906,HOME,13,2022-23:43,VERIFIED_SOURCE_MATCH_ROUTE,VERIFIED
team_match,2022-23,97,2292906,AWAY,17,2022-23:20,VERIFIED_SOURCE_MATCH_ROUTE,VERIFIED
team_match,2022-23,98,2292907,HOME,15,2022-23:4,VERIFIED_SOURCE_MATCH_ROUTE,VERIFIED
team_match,2022-23,98,2292907,AWAY,4,2022-23:94,VERIFIED_SOURCE_MATCH_ROUTE,VERIFIED
team_match,2022-23,99,2292908,HOME,16,2022-23:17,VERIFIED_SOURCE_MATCH_ROUTE,VERIFIED
team_match,2022-23,99,2292908,AWAY,2,2022-23:7,VERIFIED_SOURCE_MATCH_ROUTE,VERIFIED
team_match,2022-23,100,2292909,HOME,19,2022-23:21,VERIFIED_SOURCE_MATCH_ROUTE,VERIFIED
team_match,2022-23,100,2292909,AWAY,9,2022-23:54,VERIFIED_SOURCE_MATCH_ROUTE,VERIFIED
team_match,2022-23,101,2292910,HOME,2,2022-23:7,VERIFIED_SOURCE_MATCH_ROUTE,VERIFIED
team_match,2022-23,101,2292910,AWAY,6,2022-23:8,VERIFIED_SOURCE_MATCH_ROUTE,VERIFIED
team_match,2022-23,102,2292911,HOME,4,2022-23:94,VERIFIED_SOURCE_MATCH_ROUTE,VERIFIED
team_match,2022-23,102,2292911,AWAY,5,2022-23:36,VERIFIED_SOURCE_MATCH_ROUTE,VERIFIED
team_match,2022-23,103,2292912,HOME,9,2022-23:54,VERIFIED_SOURCE_MATCH_ROUTE,VERIFIED
team_match,2022-23,103,2292912,AWAY,3,2022-23:91,VERIFIED_SOURCE_MATCH_ROUTE,VERIFIED
team_match,2022-23,104,2292913,HOME,11,2022-23:2,VERIFIED_SOURCE_MATCH_ROUTE,VERIFIED
team_match,2022-23,104,2292913,AWAY,1,2022-23:3,VERIFIED_SOURCE_MATCH_ROUTE,VERIFIED
team_match,2022-23,105,2292914,HOME,10,2022-23:13,VERIFIED_SOURCE_MATCH_ROUTE,VERIFIED
team_match,2022-23,105,2292914,AWAY,7,2022-23:31,VERIFIED_SOURCE_MATCH_ROUTE,VERIFIED
team_match,2022-23,106,2292915,HOME,12,2022-23:14,VERIFIED_SOURCE_MATCH_ROUTE,VERIFIED
team_match,2022-23,106,2292915,AWAY,13,2022-23:43,VERIFIED_SOURCE_MATCH_ROUTE,VERIFIED
team_match,2022-23,107,2292916,HOME,14,2022-23:1,VERIFIED_SOURCE_MATCH_ROUTE,VERIFIED
team_match,2022-23,107,2292916,AWAY,15,2022-23:4,VERIFIED_SOURCE_MATCH_ROUTE,VERIFIED
team_match,2022-23,108,2292917,HOME,17,2022-23:20,VERIFIED_SOURCE_MATCH_ROUTE,VERIFIED
team_match,2022-23,108,2292917,AWAY,19,2022-23:21,VERIFIED_SOURCE_MATCH_ROUTE,VERIFIED
team_match,2022-23,109,2292918,HOME,18,2022-23:6,VERIFIED_SOURCE_MATCH_ROUTE,VERIFIED
team_match,2022-23,109,2292918,AWAY,8,2022-23:11,VERIFIED_SOURCE_MATCH_ROUTE,VERIFIED
team_match,2022-23,110,2292919,HOME,20,2022-23:39,VERIFIED_SOURCE_MATCH_ROUTE,VERIFIED
team_match,2022-23,110,2292919,AWAY,16,2022-23:17,VERIFIED_SOURCE_MATCH_ROUTE,VERIFIED
team_match,2022-23,111,2292921,HOME,1,2022-23:3,VERIFIED_SOURCE_MATCH_ROUTE,VERIFIED
team_match,2022-23,111,2292921,AWAY,13,2022-23:43,VERIFIED_SOURCE_MATCH_ROUTE,VERIFIED
team_match,2022-23,112,2292920,HOME,3,2022-23:91,VERIFIED_SOURCE_MATCH_ROUTE,VERIFIED
team_match,2022-23,112,2292920,AWAY,17,2022-23:20,VERIFIED_SOURCE_MATCH_ROUTE,VERIFIED
team_match,2022-23,113,2292922,HOME,4,2022-23:94,VERIFIED_SOURCE_MATCH_ROUTE,VERIFIED
team_match,2022-23,113,2292922,AWAY,6,2022-23:8,VERIFIED_SOURCE_MATCH_ROUTE,VERIFIED
team_match,2022-23,114,2292923,HOME,5,2022-23:36,VERIFIED_SOURCE_MATCH_ROUTE,VERIFIED
team_match,2022-23,114,2292923,AWAY,16,2022-23:17,VERIFIED_SOURCE_MATCH_ROUTE,VERIFIED
team_match,2022-23,115,2292924,HOME,7,2022-23:31,VERIFIED_SOURCE_MATCH_ROUTE,VERIFIED
team_match,2022-23,115,2292924,AWAY,20,2022-23:39,VERIFIED_SOURCE_MATCH_ROUTE,VERIFIED
team_match,2022-23,116,2292925,HOME,9,2022-23:54,VERIFIED_SOURCE_MATCH_ROUTE,VERIFIED
team_match,2022-23,116,2292925,AWAY,2,2022-23:7,VERIFIED_SOURCE_MATCH_ROUTE,VERIFIED
team_match,2022-23,117,2292926,HOME,10,2022-23:13,VERIFIED_SOURCE_MATCH_ROUTE,VERIFIED
team_match,2022-23,117,2292926,AWAY,11,2022-23:2,VERIFIED_SOURCE_MATCH_ROUTE,VERIFIED
team_match,2022-23,118,2292927,HOME,12,2022-23:14,VERIFIED_SOURCE_MATCH_ROUTE,VERIFIED
team_match,2022-23,118,2292927,AWAY,19,2022-23:21,VERIFIED_SOURCE_MATCH_ROUTE,VERIFIED
team_match,2022-23,119,2292928,HOME,14,2022-23:1,VERIFIED_SOURCE_MATCH_ROUTE,VERIFIED
team_match,2022-23,119,2292928,AWAY,18,2022-23:6,VERIFIED_SOURCE_MATCH_ROUTE,VERIFIED
team_match,2022-23,120,2292929,HOME,15,2022-23:4,VERIFIED_SOURCE_MATCH_ROUTE,VERIFIED
team_match,2022-23,120,2292929,AWAY,8,2022-23:11,VERIFIED_SOURCE_MATCH_ROUTE,VERIFIED
team_match,2022-23,121,2292930,HOME,2,2022-23:7,VERIFIED_SOURCE_MATCH_ROUTE,VERIFIED
team_match,2022-23,121,2292930,AWAY,4,2022-23:94,VERIFIED_SOURCE_MATCH_ROUTE,VERIFIED
team_match,2022-23,122,2292931,HOME,6,2022-23:8,VERIFIED_SOURCE_MATCH_ROUTE,VERIFIED
team_match,2022-23,122,2292931,AWAY,14,2022-23:1,VERIFIED_SOURCE_MATCH_ROUTE,VERIFIED
team_match,2022-23,123,2292932,HOME,8,2022-23:11,VERIFIED_SOURCE_MATCH_ROUTE,VERIFIED
team_match,2022-23,123,2292932,AWAY,7,2022-23:31,VERIFIED_SOURCE_MATCH_ROUTE,VERIFIED
team_match,2022-23,124,2292933,HOME,11,2022-23:2,VERIFIED_SOURCE_MATCH_ROUTE,VERIFIED
team_match,2022-23,124,2292933,AWAY,9,2022-23:54,VERIFIED_SOURCE_MATCH_ROUTE,VERIFIED
team_match,2022-23,125,2292934,HOME,13,2022-23:43,VERIFIED_SOURCE_MATCH_ROUTE,VERIFIED
team_match,2022-23,125,2292934,AWAY,5,2022-23:36,VERIFIED_SOURCE_MATCH_ROUTE,VERIFIED
team_match,2022-23,126,2292935,HOME,16,2022-23:17,VERIFIED_SOURCE_MATCH_ROUTE,VERIFIED
team_match,2022-23,126,2292935,AWAY,12,2022-23:14,VERIFIED_SOURCE_MATCH_ROUTE,VERIFIED
team_match,2022-23,127,2292936,HOME,17,2022-23:20,VERIFIED_SOURCE_MATCH_ROUTE,VERIFIED
team_match,2022-23,127,2292936,AWAY,1,2022-23:3,VERIFIED_SOURCE_MATCH_ROUTE,VERIFIED
team_match,2022-23,128,2292937,HOME,18,2022-23:6,VERIFIED_SOURCE_MATCH_ROUTE,VERIFIED
team_match,2022-23,128,2292937,AWAY,15,2022-23:4,VERIFIED_SOURCE_MATCH_ROUTE,VERIFIED
team_match,2022-23,129,2292938,HOME,19,2022-23:21,VERIFIED_SOURCE_MATCH_ROUTE,VERIFIED
team_match,2022-23,129,2292938,AWAY,3,2022-23:91,VERIFIED_SOURCE_MATCH_ROUTE,VERIFIED
team_match,2022-23,130,2292939,HOME,20,2022-23:39,VERIFIED_SOURCE_MATCH_ROUTE,VERIFIED
team_match,2022-23,130,2292939,AWAY,10,2022-23:13,VERIFIED_SOURCE_MATCH_ROUTE,VERIFIED
team_match,2022-23,131,2292941,HOME,1,2022-23:3,VERIFIED_SOURCE_MATCH_ROUTE,VERIFIED
team_match,2022-23,131,2292941,AWAY,16,2022-23:17,VERIFIED_SOURCE_MATCH_ROUTE,VERIFIED
team_match,2022-23,132,2292940,HOME,3,2022-23:91,VERIFIED_SOURCE_MATCH_ROUTE,VERIFIED
team_match,2022-23,132,2292940,AWAY,18,2022-23:6,VERIFIED_SOURCE_MATCH_ROUTE,VERIFIED
team_match,2022-23,133,2292942,HOME,4,2022-23:94,VERIFIED_SOURCE_MATCH_ROUTE,VERIFIED
team_match,2022-23,133,2292942,AWAY,20,2022-23:39,VERIFIED_SOURCE_MATCH_ROUTE,VERIFIED
team_match,2022-23,134,2292943,HOME,5,2022-23:36,VERIFIED_SOURCE_MATCH_ROUTE,VERIFIED
team_match,2022-23,134,2292943,AWAY,6,2022-23:8,VERIFIED_SOURCE_MATCH_ROUTE,VERIFIED
team_match,2022-23,135,2292944,HOME,7,2022-23:31,VERIFIED_SOURCE_MATCH_ROUTE,VERIFIED
team_match,2022-23,135,2292944,AWAY,17,2022-23:20,VERIFIED_SOURCE_MATCH_ROUTE,VERIFIED
team_match,2022-23,136,2292945,HOME,9,2022-23:54,VERIFIED_SOURCE_MATCH_ROUTE,VERIFIED
team_match,2022-23,136,2292945,AWAY,8,2022-23:11,VERIFIED_SOURCE_MATCH_ROUTE,VERIFIED
team_match,2022-23,137,2292946,HOME,10,2022-23:13,VERIFIED_SOURCE_MATCH_ROUTE,VERIFIED
team_match,2022-23,137,2292946,AWAY,13,2022-23:43,VERIFIED_SOURCE_MATCH_ROUTE,VERIFIED
team_match,2022-23,138,2292947,HOME,12,2022-23:14,VERIFIED_SOURCE_MATCH_ROUTE,VERIFIED
team_match,2022-23,138,2292947,AWAY,11,2022-23:2,VERIFIED_SOURCE_MATCH_ROUTE,VERIFIED
team_match,2022-23,139,2292948,HOME,14,2022-23:1,VERIFIED_SOURCE_MATCH_ROUTE,VERIFIED
team_match,2022-23,139,2292948,AWAY,19,2022-23:21,VERIFIED_SOURCE_MATCH_ROUTE,VERIFIED
team_match,2022-23,140,2292949,HOME,15,2022-23:4,VERIFIED_SOURCE_MATCH_ROUTE,VERIFIED
team_match,2022-23,140,2292949,AWAY,2,2022-23:7,VERIFIED_SOURCE_MATCH_ROUTE,VERIFIED
team_match,2022-23,141,2292950,HOME,2,2022-23:7,VERIFIED_SOURCE_MATCH_ROUTE,VERIFIED
team_match,2022-23,141,2292950,AWAY,14,2022-23:1,VERIFIED_SOURCE_MATCH_ROUTE,VERIFIED
team_match,2022-23,142,2292951,HOME,6,2022-23:8,VERIFIED_SOURCE_MATCH_ROUTE,VERIFIED
team_match,2022-23,142,2292951,AWAY,1,2022-23:3,VERIFIED_SOURCE_MATCH_ROUTE,VERIFIED
team_match,2022-23,143,2292952,HOME,8,2022-23:11,VERIFIED_SOURCE_MATCH_ROUTE,VERIFIED
team_match,2022-23,143,2292952,AWAY,10,2022-23:13,VERIFIED_SOURCE_MATCH_ROUTE,VERIFIED
team_match,2022-23,144,2292953,HOME,11,2022-23:2,VERIFIED_SOURCE_MATCH_ROUTE,VERIFIED
team_match,2022-23,144,2292953,AWAY,3,2022-23:91,VERIFIED_SOURCE_MATCH_ROUTE,VERIFIED
team_match,2022-23,145,2292954,HOME,13,2022-23:43,VERIFIED_SOURCE_MATCH_ROUTE,VERIFIED
team_match,2022-23,145,2292954,AWAY,9,2022-23:54,VERIFIED_SOURCE_MATCH_ROUTE,VERIFIED
team_match,2022-23,146,2292955,HOME,16,2022-23:17,VERIFIED_SOURCE_MATCH_ROUTE,VERIFIED
team_match,2022-23,146,2292955,AWAY,4,2022-23:94,VERIFIED_SOURCE_MATCH_ROUTE,VERIFIED
team_match,2022-23,147,2292956,HOME,17,2022-23:20,VERIFIED_SOURCE_MATCH_ROUTE,VERIFIED
team_match,2022-23,147,2292956,AWAY,15,2022-23:4,VERIFIED_SOURCE_MATCH_ROUTE,VERIFIED
team_match,2022-23,148,2292957,HOME,18,2022-23:6,VERIFIED_SOURCE_MATCH_ROUTE,VERIFIED
team_match,2022-23,148,2292957,AWAY,12,2022-23:14,VERIFIED_SOURCE_MATCH_ROUTE,VERIFIED
team_match,2022-23,149,2292958,HOME,19,2022-23:21,VERIFIED_SOURCE_MATCH_ROUTE,VERIFIED
team_match,2022-23,149,2292958,AWAY,7,2022-23:31,VERIFIED_SOURCE_MATCH_ROUTE,VERIFIED
team_match,2022-23,150,2292959,HOME,20,2022-23:39,VERIFIED_SOURCE_MATCH_ROUTE,VERIFIED
team_match,2022-23,150,2292959,AWAY,5,2022-23:36,VERIFIED_SOURCE_MATCH_ROUTE,VERIFIED
team_match,2022-23,151,2292960,HOME,3,2022-23:91,VERIFIED_SOURCE_MATCH_ROUTE,VERIFIED
team_match,2022-23,151,2292960,AWAY,8,2022-23:11,VERIFIED_SOURCE_MATCH_ROUTE,VERIFIED
team_match,2022-23,152,2292961,HOME,5,2022-23:36,VERIFIED_SOURCE_MATCH_ROUTE,VERIFIED
team_match,2022-23,152,2292961,AWAY,2,2022-23:7,VERIFIED_SOURCE_MATCH_ROUTE,VERIFIED
team_match,2022-23,153,2292962,HOME,9,2022-23:54,VERIFIED_SOURCE_MATCH_ROUTE,VERIFIED
team_match,2022-23,153,2292962,AWAY,14,2022-23:1,VERIFIED_SOURCE_MATCH_ROUTE,VERIFIED
team_match,2022-23,154,2292963,HOME,12,2022-23:14,VERIFIED_SOURCE_MATCH_ROUTE,VERIFIED
team_match,2022-23,154,2292963,AWAY,17,2022-23:20,VERIFIED_SOURCE_MATCH_ROUTE,VERIFIED
team_match,2022-23,155,2292964,HOME,13,2022-23:43,VERIFIED_SOURCE_MATCH_ROUTE,VERIFIED
team_match,2022-23,155,2292964,AWAY,4,2022-23:94,VERIFIED_SOURCE_MATCH_ROUTE,VERIFIED
team_match,2022-23,156,2292965,HOME,15,2022-23:4,VERIFIED_SOURCE_MATCH_ROUTE,VERIFIED
team_match,2022-23,156,2292965,AWAY,6,2022-23:8,VERIFIED_SOURCE_MATCH_ROUTE,VERIFIED
team_match,2022-23,157,2292966,HOME,16,2022-23:17,VERIFIED_SOURCE_MATCH_ROUTE,VERIFIED
team_match,2022-23,157,2292966,AWAY,7,2022-23:31,VERIFIED_SOURCE_MATCH_ROUTE,VERIFIED
team_match,2022-23,158,2292967,HOME,18,2022-23:6,VERIFIED_SOURCE_MATCH_ROUTE,VERIFIED
team_match,2022-23,158,2292967,AWAY,11,2022-23:2,VERIFIED_SOURCE_MATCH_ROUTE,VERIFIED
team_match,2022-23,159,2292968,HOME,19,2022-23:21,VERIFIED_SOURCE_MATCH_ROUTE,VERIFIED
team_match,2022-23,159,2292968,AWAY,10,2022-23:13,VERIFIED_SOURCE_MATCH_ROUTE,VERIFIED
team_match,2022-23,160,2292969,HOME,20,2022-23:39,VERIFIED_SOURCE_MATCH_ROUTE,VERIFIED
team_match,2022-23,160,2292969,AWAY,1,2022-23:3,VERIFIED_SOURCE_MATCH_ROUTE,VERIFIED
team_match,2022-23,161,2292970,HOME,1,2022-23:3,VERIFIED_SOURCE_MATCH_ROUTE,VERIFIED
team_match,2022-23,161,2292970,AWAY,19,2022-23:21,VERIFIED_SOURCE_MATCH_ROUTE,VERIFIED
team_match,2022-23,162,2292971,HOME,2,2022-23:7,VERIFIED_SOURCE_MATCH_ROUTE,VERIFIED
team_match,2022-23,162,2292971,AWAY,12,2022-23:14,VERIFIED_SOURCE_MATCH_ROUTE,VERIFIED
team_match,2022-23,163,2292972,HOME,4,2022-23:94,VERIFIED_SOURCE_MATCH_ROUTE,VERIFIED
team_match,2022-23,163,2292972,AWAY,18,2022-23:6,VERIFIED_SOURCE_MATCH_ROUTE,VERIFIED
team_match,2022-23,164,2292973,HOME,6,2022-23:8,VERIFIED_SOURCE_MATCH_ROUTE,VERIFIED
team_match,2022-23,164,2292973,AWAY,3,2022-23:91,VERIFIED_SOURCE_MATCH_ROUTE,VERIFIED
team_match,2022-23,165,2292974,HOME,7,2022-23:31,VERIFIED_SOURCE_MATCH_ROUTE,VERIFIED
team_match,2022-23,165,2292974,AWAY,9,2022-23:54,VERIFIED_SOURCE_MATCH_ROUTE,VERIFIED
team_match,2022-23,166,2292975,HOME,8,2022-23:11,VERIFIED_SOURCE_MATCH_ROUTE,VERIFIED
team_match,2022-23,166,2292975,AWAY,20,2022-23:39,VERIFIED_SOURCE_MATCH_ROUTE,VERIFIED
team_match,2022-23,167,2292976,HOME,11,2022-23:2,VERIFIED_SOURCE_MATCH_ROUTE,VERIFIED
team_match,2022-23,167,2292976,AWAY,13,2022-23:43,VERIFIED_SOURCE_MATCH_ROUTE,VERIFIED
team_match,2022-23,168,2292977,HOME,10,2022-23:13,VERIFIED_SOURCE_MATCH_ROUTE,VERIFIED
team_match,2022-23,168,2292977,AWAY,15,2022-23:4,VERIFIED_SOURCE_MATCH_ROUTE,VERIFIED
team_match,2022-23,169,2292978,HOME,14,2022-23:1,VERIFIED_SOURCE_MATCH_ROUTE,VERIFIED
team_match,2022-23,169,2292978,AWAY,16,2022-23:17,VERIFIED_SOURCE_MATCH_ROUTE,VERIFIED
team_match,2022-23,170,2292979,HOME,17,2022-23:20,VERIFIED_SOURCE_MATCH_ROUTE,VERIFIED
team_match,2022-23,170,2292979,AWAY,5,2022-23:36,VERIFIED_SOURCE_MATCH_ROUTE,VERIFIED
team_match,2022-23,171,2292980,HOME,3,2022-23:91,VERIFIED_SOURCE_MATCH_ROUTE,VERIFIED
team_match,2022-23,171,2292980,AWAY,7,2022-23:31,VERIFIED_SOURCE_MATCH_ROUTE,VERIFIED
team_match,2022-23,172,2292981,HOME,5,2022-23:36,VERIFIED_SOURCE_MATCH_ROUTE,VERIFIED
team_match,2022-23,172,2292981,AWAY,1,2022-23:3,VERIFIED_SOURCE_MATCH_ROUTE,VERIFIED
team_match,2022-23,173,2292982,HOME,9,2022-23:54,VERIFIED_SOURCE_MATCH_ROUTE,VERIFIED
team_match,2022-23,173,2292982,AWAY,17,2022-23:20,VERIFIED_SOURCE_MATCH_ROUTE,VERIFIED
team_match,2022-23,174,2292983,HOME,12,2022-23:14,VERIFIED_SOURCE_MATCH_ROUTE,VERIFIED
team_match,2022-23,174,2292983,AWAY,10,2022-23:13,VERIFIED_SOURCE_MATCH_ROUTE,VERIFIED
team_match,2022-23,175,2292984,HOME,13,2022-23:43,VERIFIED_SOURCE_MATCH_ROUTE,VERIFIED
team_match,2022-23,175,2292984,AWAY,8,2022-23:11,VERIFIED_SOURCE_MATCH_ROUTE,VERIFIED
team_match,2022-23,176,2292985,HOME,15,2022-23:4,VERIFIED_SOURCE_MATCH_ROUTE,VERIFIED
team_match,2022-23,176,2292985,AWAY,11,2022-23:2,VERIFIED_SOURCE_MATCH_ROUTE,VERIFIED
team_match,2022-23,177,2292986,HOME,16,2022-23:17,VERIFIED_SOURCE_MATCH_ROUTE,VERIFIED
team_match,2022-23,177,2292986,AWAY,6,2022-23:8,VERIFIED_SOURCE_MATCH_ROUTE,VERIFIED
team_match,2022-23,178,2292987,HOME,18,2022-23:6,VERIFIED_SOURCE_MATCH_ROUTE,VERIFIED
team_match,2022-23,178,2292987,AWAY,2,2022-23:7,VERIFIED_SOURCE_MATCH_ROUTE,VERIFIED
team_match,2022-23,179,2292988,HOME,19,2022-23:21,VERIFIED_SOURCE_MATCH_ROUTE,VERIFIED
team_match,2022-23,179,2292988,AWAY,4,2022-23:94,VERIFIED_SOURCE_MATCH_ROUTE,VERIFIED
team_match,2022-23,180,2292989,HOME,20,2022-23:39,VERIFIED_SOURCE_MATCH_ROUTE,VERIFIED
team_match,2022-23,180,2292989,AWAY,14,2022-23:1,VERIFIED_SOURCE_MATCH_ROUTE,VERIFIED
team_match,2022-23,181,2292990,HOME,1,2022-23:3,VERIFIED_SOURCE_MATCH_ROUTE,VERIFIED
team_match,2022-23,181,2292990,AWAY,15,2022-23:4,VERIFIED_SOURCE_MATCH_ROUTE,VERIFIED
team_match,2022-23,182,2292991,HOME,2,2022-23:7,VERIFIED_SOURCE_MATCH_ROUTE,VERIFIED
team_match,2022-23,182,2292991,AWAY,20,2022-23:39,VERIFIED_SOURCE_MATCH_ROUTE,VERIFIED
team_match,2022-23,183,2292992,HOME,4,2022-23:94,VERIFIED_SOURCE_MATCH_ROUTE,VERIFIED
team_match,2022-23,183,2292992,AWAY,12,2022-23:14,VERIFIED_SOURCE_MATCH_ROUTE,VERIFIED
team_match,2022-23,184,2292993,HOME,6,2022-23:8,VERIFIED_SOURCE_MATCH_ROUTE,VERIFIED
team_match,2022-23,184,2292993,AWAY,13,2022-23:43,VERIFIED_SOURCE_MATCH_ROUTE,VERIFIED
team_match,2022-23,185,2292994,HOME,7,2022-23:31,VERIFIED_SOURCE_MATCH_ROUTE,VERIFIED
team_match,2022-23,185,2292994,AWAY,18,2022-23:6,VERIFIED_SOURCE_MATCH_ROUTE,VERIFIED
team_match,2022-23,186,2292995,HOME,8,2022-23:11,VERIFIED_SOURCE_MATCH_ROUTE,VERIFIED
team_match,2022-23,186,2292995,AWAY,5,2022-23:36,VERIFIED_SOURCE_MATCH_ROUTE,VERIFIED
team_match,2022-23,187,2292996,HOME,11,2022-23:2,VERIFIED_SOURCE_MATCH_ROUTE,VERIFIED
team_match,2022-23,187,2292996,AWAY,19,2022-23:21,VERIFIED_SOURCE_MATCH_ROUTE,VERIFIED
team_match,2022-23,188,2292997,HOME,10,2022-23:13,VERIFIED_SOURCE_MATCH_ROUTE,VERIFIED
team_match,2022-23,188,2292997,AWAY,9,2022-23:54,VERIFIED_SOURCE_MATCH_ROUTE,VERIFIED
team_match,2022-23,189,2292998,HOME,14,2022-23:1,VERIFIED_SOURCE_MATCH_ROUTE,VERIFIED
team_match,2022-23,189,2292998,AWAY,3,2022-23:91,VERIFIED_SOURCE_MATCH_ROUTE,VERIFIED
team_match,2022-23,190,2292999,HOME,17,2022-23:20,VERIFIED_SOURCE_MATCH_ROUTE,VERIFIED
team_match,2022-23,190,2292999,AWAY,16,2022-23:17,VERIFIED_SOURCE_MATCH_ROUTE,VERIFIED
team_match,2022-23,191,2293000,HOME,2,2022-23:7,VERIFIED_SOURCE_MATCH_ROUTE,VERIFIED
team_match,2022-23,191,2293000,AWAY,11,2022-23:2,VERIFIED_SOURCE_MATCH_ROUTE,VERIFIED
team_match,2022-23,192,2293001,HOME,4,2022-23:94,VERIFIED_SOURCE_MATCH_ROUTE,VERIFIED
team_match,2022-23,192,2293001,AWAY,3,2022-23:91,VERIFIED_SOURCE_MATCH_ROUTE,VERIFIED
team_match,2022-23,193,2293002,HOME,5,2022-23:36,VERIFIED_SOURCE_MATCH_ROUTE,VERIFIED
team_match,2022-23,193,2293002,AWAY,12,2022-23:14,VERIFIED_SOURCE_MATCH_ROUTE,VERIFIED
team_match,2022-23,194,2293003,HOME,6,2022-23:8,VERIFIED_SOURCE_MATCH_ROUTE,VERIFIED
team_match,2022-23,194,2293003,AWAY,7,2022-23:31,VERIFIED_SOURCE_MATCH_ROUTE,VERIFIED
team_match,2022-23,195,2293004,HOME,8,2022-23:11,VERIFIED_SOURCE_MATCH_ROUTE,VERIFIED
team_match,2022-23,195,2293004,AWAY,17,2022-23:20,VERIFIED_SOURCE_MATCH_ROUTE,VERIFIED
team_match,2022-23,196,2293005,HOME,14,2022-23:1,VERIFIED_SOURCE_MATCH_ROUTE,VERIFIED
team_match,2022-23,196,2293005,AWAY,13,2022-23:43,VERIFIED_SOURCE_MATCH_ROUTE,VERIFIED
team_match,2022-23,197,2293006,HOME,15,2022-23:4,VERIFIED_SOURCE_MATCH_ROUTE,VERIFIED
team_match,2022-23,197,2293006,AWAY,9,2022-23:54,VERIFIED_SOURCE_MATCH_ROUTE,VERIFIED
team_match,2022-23,198,2293007,HOME,16,2022-23:17,VERIFIED_SOURCE_MATCH_ROUTE,VERIFIED
team_match,2022-23,198,2293007,AWAY,10,2022-23:13,VERIFIED_SOURCE_MATCH_ROUTE,VERIFIED
team_match,2022-23,199,2293008,HOME,18,2022-23:6,VERIFIED_SOURCE_MATCH_ROUTE,VERIFIED
team_match,2022-23,199,2293008,AWAY,1,2022-23:3,VERIFIED_SOURCE_MATCH_ROUTE,VERIFIED
team_match,2022-23,200,2293009,HOME,20,2022-23:39,VERIFIED_SOURCE_MATCH_ROUTE,VERIFIED
team_match,2022-23,200,2293009,AWAY,19,2022-23:21,VERIFIED_SOURCE_MATCH_ROUTE,VERIFIED
team_match,2022-23,201,2293011,HOME,1,2022-23:3,VERIFIED_SOURCE_MATCH_ROUTE,VERIFIED
team_match,2022-23,201,2293011,AWAY,14,2022-23:1,VERIFIED_SOURCE_MATCH_ROUTE,VERIFIED
team_match,2022-23,202,2293010,HOME,3,2022-23:91,VERIFIED_SOURCE_MATCH_ROUTE,VERIFIED
team_match,2022-23,202,2293010,AWAY,16,2022-23:17,VERIFIED_SOURCE_MATCH_ROUTE,VERIFIED
team_match,2022-23,203,2293012,HOME,7,2022-23:31,VERIFIED_SOURCE_MATCH_ROUTE,VERIFIED
team_match,2022-23,203,2293012,AWAY,15,2022-23:4,VERIFIED_SOURCE_MATCH_ROUTE,VERIFIED
team_match,2022-23,204,2293013,HOME,9,2022-23:54,VERIFIED_SOURCE_MATCH_ROUTE,VERIFIED
team_match,2022-23,204,2293013,AWAY,18,2022-23:6,VERIFIED_SOURCE_MATCH_ROUTE,VERIFIED
team_match,2022-23,205,2293014,HOME,11,2022-23:2,VERIFIED_SOURCE_MATCH_ROUTE,VERIFIED
team_match,2022-23,205,2293014,AWAY,4,2022-23:94,VERIFIED_SOURCE_MATCH_ROUTE,VERIFIED
team_match,2022-23,206,2293015,HOME,10,2022-23:13,VERIFIED_SOURCE_MATCH_ROUTE,VERIFIED
team_match,2022-23,206,2293015,AWAY,5,2022-23:36,VERIFIED_SOURCE_MATCH_ROUTE,VERIFIED
team_match,2022-23,207,2293016,HOME,12,2022-23:14,VERIFIED_SOURCE_MATCH_ROUTE,VERIFIED
team_match,2022-23,207,2293016,AWAY,6,2022-23:8,VERIFIED_SOURCE_MATCH_ROUTE,VERIFIED
team_match,2022-23,208,2293017,HOME,13,2022-23:43,VERIFIED_SOURCE_MATCH_ROUTE,VERIFIED
team_match,2022-23,208,2293017,AWAY,20,2022-23:39,VERIFIED_SOURCE_MATCH_ROUTE,VERIFIED
team_match,2022-23,209,2293018,HOME,17,2022-23:20,VERIFIED_SOURCE_MATCH_ROUTE,VERIFIED
team_match,2022-23,209,2293018,AWAY,2,2022-23:7,VERIFIED_SOURCE_MATCH_ROUTE,VERIFIED
team_match,2022-23,210,2293019,HOME,19,2022-23:21,VERIFIED_SOURCE_MATCH_ROUTE,VERIFIED
team_match,2022-23,210,2293019,AWAY,8,2022-23:11,VERIFIED_SOURCE_MATCH_ROUTE,VERIFIED
team_match,2022-23,211,2293020,HOME,2,2022-23:7,VERIFIED_SOURCE_MATCH_ROUTE,VERIFIED
team_match,2022-23,211,2293020,AWAY,10,2022-23:13,VERIFIED_SOURCE_MATCH_ROUTE,VERIFIED
team_match,2022-23,212,2293021,HOME,4,2022-23:94,VERIFIED_SOURCE_MATCH_ROUTE,VERIFIED
team_match,2022-23,212,2293021,AWAY,17,2022-23:20,VERIFIED_SOURCE_MATCH_ROUTE,VERIFIED
team_match,2022-23,213,2293022,HOME,5,2022-23:36,VERIFIED_SOURCE_MATCH_ROUTE,VERIFIED
team_match,2022-23,213,2293022,AWAY,3,2022-23:91,VERIFIED_SOURCE_MATCH_ROUTE,VERIFIED
team_match,2022-23,214,2293023,HOME,6,2022-23:8,VERIFIED_SOURCE_MATCH_ROUTE,VERIFIED
team_match,2022-23,214,2293023,AWAY,9,2022-23:54,VERIFIED_SOURCE_MATCH_ROUTE,VERIFIED
team_match,2022-23,215,2293024,HOME,8,2022-23:11,VERIFIED_SOURCE_MATCH_ROUTE,VERIFIED
team_match,2022-23,215,2293024,AWAY,1,2022-23:3,VERIFIED_SOURCE_MATCH_ROUTE,VERIFIED
team_match,2022-23,216,2293025,HOME,14,2022-23:1,VERIFIED_SOURCE_MATCH_ROUTE,VERIFIED
team_match,2022-23,216,2293025,AWAY,7,2022-23:31,VERIFIED_SOURCE_MATCH_ROUTE,VERIFIED
team_match,2022-23,217,2293026,HOME,15,2022-23:4,VERIFIED_SOURCE_MATCH_ROUTE,VERIFIED
team_match,2022-23,217,2293026,AWAY,19,2022-23:21,VERIFIED_SOURCE_MATCH_ROUTE,VERIFIED
team_match,2022-23,218,2293027,HOME,16,2022-23:17,VERIFIED_SOURCE_MATCH_ROUTE,VERIFIED
team_match,2022-23,218,2293027,AWAY,11,2022-23:2,VERIFIED_SOURCE_MATCH_ROUTE,VERIFIED
team_match,2022-23,219,2293028,HOME,18,2022-23:6,VERIFIED_SOURCE_MATCH_ROUTE,VERIFIED
team_match,2022-23,219,2293028,AWAY,13,2022-23:43,VERIFIED_SOURCE_MATCH_ROUTE,VERIFIED
team_match,2022-23,220,2293029,HOME,20,2022-23:39,VERIFIED_SOURCE_MATCH_ROUTE,VERIFIED
team_match,2022-23,220,2293029,AWAY,12,2022-23:14,VERIFIED_SOURCE_MATCH_ROUTE,VERIFIED
team_match,2022-23,221,2293031,HOME,1,2022-23:3,VERIFIED_SOURCE_MATCH_ROUTE,VERIFIED
team_match,2022-23,221,2293031,AWAY,4,2022-23:94,VERIFIED_SOURCE_MATCH_ROUTE,VERIFIED
team_match,2022-23,222,2293030,HOME,3,2022-23:91,VERIFIED_SOURCE_MATCH_ROUTE,VERIFIED
team_match,2022-23,222,2293030,AWAY,15,2022-23:4,VERIFIED_SOURCE_MATCH_ROUTE,VERIFIED
team_match,2022-23,223,2293032,HOME,7,2022-23:31,VERIFIED_SOURCE_MATCH_ROUTE,VERIFIED
team_match,2022-23,223,2293032,AWAY,5,2022-23:36,VERIFIED_SOURCE_MATCH_ROUTE,VERIFIED
team_match,2022-23,224,2293033,HOME,9,2022-23:54,VERIFIED_SOURCE_MATCH_ROUTE,VERIFIED
team_match,2022-23,224,2293033,AWAY,16,2022-23:17,VERIFIED_SOURCE_MATCH_ROUTE,VERIFIED
team_match,2022-23,225,2293034,HOME,11,2022-23:2,VERIFIED_SOURCE_MATCH_ROUTE,VERIFIED
team_match,2022-23,225,2293034,AWAY,14,2022-23:1,VERIFIED_SOURCE_MATCH_ROUTE,VERIFIED
team_match,2022-23,226,2293035,HOME,10,2022-23:13,VERIFIED_SOURCE_MATCH_ROUTE,VERIFIED
team_match,2022-23,226,2293035,AWAY,18,2022-23:6,VERIFIED_SOURCE_MATCH_ROUTE,VERIFIED
team_match,2022-23,227,2293036,HOME,12,2022-23:14,VERIFIED_SOURCE_MATCH_ROUTE,VERIFIED
team_match,2022-23,227,2293036,AWAY,8,2022-23:11,VERIFIED_SOURCE_MATCH_ROUTE,VERIFIED
team_match,2022-23,228,2293037,HOME,13,2022-23:43,VERIFIED_SOURCE_MATCH_ROUTE,VERIFIED
team_match,2022-23,228,2293037,AWAY,2,2022-23:7,VERIFIED_SOURCE_MATCH_ROUTE,VERIFIED
team_match,2022-23,229,2293038,HOME,17,2022-23:20,VERIFIED_SOURCE_MATCH_ROUTE,VERIFIED
team_match,2022-23,229,2293038,AWAY,20,2022-23:39,VERIFIED_SOURCE_MATCH_ROUTE,VERIFIED
team_match,2022-23,230,2293039,HOME,19,2022-23:21,VERIFIED_SOURCE_MATCH_ROUTE,VERIFIED
team_match,2022-23,230,2293039,AWAY,6,2022-23:8,VERIFIED_SOURCE_MATCH_ROUTE,VERIFIED
team_match,2022-23,231,2293040,HOME,2,2022-23:7,VERIFIED_SOURCE_MATCH_ROUTE,VERIFIED
team_match,2022-23,231,2293040,AWAY,1,2022-23:3,VERIFIED_SOURCE_MATCH_ROUTE,VERIFIED
team_match,2022-23,232,2293041,HOME,4,2022-23:94,VERIFIED_SOURCE_MATCH_ROUTE,VERIFIED
team_match,2022-23,232,2293041,AWAY,7,2022-23:31,VERIFIED_SOURCE_MATCH_ROUTE,VERIFIED
team_match,2022-23,233,2293042,HOME,5,2022-23:36,VERIFIED_SOURCE_MATCH_ROUTE,VERIFIED
team_match,2022-23,233,2293042,AWAY,9,2022-23:54,VERIFIED_SOURCE_MATCH_ROUTE,VERIFIED
team_match,2022-23,234,2293043,HOME,6,2022-23:8,VERIFIED_SOURCE_MATCH_ROUTE,VERIFIED
team_match,2022-23,234,2293043,AWAY,17,2022-23:20,VERIFIED_SOURCE_MATCH_ROUTE,VERIFIED
team_match,2022-23,235,2293044,HOME,8,2022-23:11,VERIFIED_SOURCE_MATCH_ROUTE,VERIFIED
team_match,2022-23,235,2293044,AWAY,11,2022-23:2,VERIFIED_SOURCE_MATCH_ROUTE,VERIFIED
team_match,2022-23,236,2293045,HOME,14,2022-23:1,VERIFIED_SOURCE_MATCH_ROUTE,VERIFIED
team_match,2022-23,236,2293045,AWAY,10,2022-23:13,VERIFIED_SOURCE_MATCH_ROUTE,VERIFIED
team_match,2022-23,237,2293046,HOME,15,2022-23:4,VERIFIED_SOURCE_MATCH_ROUTE,VERIFIED
team_match,2022-23,237,2293046,AWAY,12,2022-23:14,VERIFIED_SOURCE_MATCH_ROUTE,VERIFIED
team_match,2022-23,238,2293047,HOME,16,2022-23:17,VERIFIED_SOURCE_MATCH_ROUTE,VERIFIED
team_match,2022-23,238,2293047,AWAY,13,2022-23:43,VERIFIED_SOURCE_MATCH_ROUTE,VERIFIED
team_match,2022-23,239,2293048,HOME,18,2022-23:6,VERIFIED_SOURCE_MATCH_ROUTE,VERIFIED
team_match,2022-23,239,2293048,AWAY,19,2022-23:21,VERIFIED_SOURCE_MATCH_ROUTE,VERIFIED
team_match,2022-23,240,2293049,HOME,20,2022-23:39,VERIFIED_SOURCE_MATCH_ROUTE,VERIFIED
team_match,2022-23,240,2293049,AWAY,3,2022-23:91,VERIFIED_SOURCE_MATCH_ROUTE,VERIFIED
team_match,2022-23,241,2293050,HOME,3,2022-23:91,VERIFIED_SOURCE_MATCH_ROUTE,VERIFIED
team_match,2022-23,241,2293050,AWAY,13,2022-23:43,VERIFIED_SOURCE_MATCH_ROUTE,VERIFIED
team_match,2022-23,242,2293051,HOME,7,2022-23:31,VERIFIED_SOURCE_MATCH_ROUTE,VERIFIED
team_match,2022-23,242,2293051,AWAY,12,2022-23:14,VERIFIED_SOURCE_MATCH_ROUTE,VERIFIED
team_match,2022-23,243,2293052,HOME,8,2022-23:11,VERIFIED_SOURCE_MATCH_ROUTE,VERIFIED
team_match,2022-23,243,2293052,AWAY,2,2022-23:7,VERIFIED_SOURCE_MATCH_ROUTE,VERIFIED
team_match,2022-23,244,2293053,HOME,9,2022-23:54,VERIFIED_SOURCE_MATCH_ROUTE,VERIFIED
team_match,2022-23,244,2293053,AWAY,20,2022-23:39,VERIFIED_SOURCE_MATCH_ROUTE,VERIFIED
team_match,2022-23,245,2293054,HOME,11,2022-23:2,VERIFIED_SOURCE_MATCH_ROUTE,VERIFIED
team_match,2022-23,245,2293054,AWAY,17,2022-23:20,VERIFIED_SOURCE_MATCH_ROUTE,VERIFIED
team_match,2022-23,246,2293055,HOME,10,2022-23:13,VERIFIED_SOURCE_MATCH_ROUTE,VERIFIED
team_match,2022-23,246,2293055,AWAY,1,2022-23:3,VERIFIED_SOURCE_MATCH_ROUTE,VERIFIED
team_match,2022-23,247,2293056,HOME,14,2022-23:1,VERIFIED_SOURCE_MATCH_ROUTE,VERIFIED
team_match,2022-23,247,2293056,AWAY,4,2022-23:94,VERIFIED_SOURCE_MATCH_ROUTE,VERIFIED
team_match,2022-23,248,2293057,HOME,15,2022-23:4,VERIFIED_SOURCE_MATCH_ROUTE,VERIFIED
team_match,2022-23,248,2293057,AWAY,5,2022-23:36,VERIFIED_SOURCE_MATCH_ROUTE,VERIFIED
team_match,2022-23,249,2293058,HOME,18,2022-23:6,VERIFIED_SOURCE_MATCH_ROUTE,VERIFIED
team_match,2022-23,249,2293058,AWAY,6,2022-23:8,VERIFIED_SOURCE_MATCH_ROUTE,VERIFIED
team_match,2022-23,250,2293059,HOME,19,2022-23:21,VERIFIED_SOURCE_MATCH_ROUTE,VERIFIED
team_match,2022-23,250,2293059,AWAY,16,2022-23:17,VERIFIED_SOURCE_MATCH_ROUTE,VERIFIED
team_match,2022-23,251,2293060,HOME,1,2022-23:3,VERIFIED_SOURCE_MATCH_ROUTE,VERIFIED
team_match,2022-23,251,2293060,AWAY,3,2022-23:91,VERIFIED_SOURCE_MATCH_ROUTE,VERIFIED
team_match,2022-23,252,2293061,HOME,2,2022-23:7,VERIFIED_SOURCE_MATCH_ROUTE,VERIFIED
team_match,2022-23,252,2293061,AWAY,7,2022-23:31,VERIFIED_SOURCE_MATCH_ROUTE,VERIFIED
team_match,2022-23,253,2293062,HOME,4,2022-23:94,VERIFIED_SOURCE_MATCH_ROUTE,VERIFIED
team_match,2022-23,253,2293062,AWAY,9,2022-23:54,VERIFIED_SOURCE_MATCH_ROUTE,VERIFIED
team_match,2022-23,254,2293063,HOME,5,2022-23:36,VERIFIED_SOURCE_MATCH_ROUTE,VERIFIED
team_match,2022-23,254,2293063,AWAY,19,2022-23:21,VERIFIED_SOURCE_MATCH_ROUTE,VERIFIED
team_match,2022-23,255,2293064,HOME,6,2022-23:8,VERIFIED_SOURCE_MATCH_ROUTE,VERIFIED
team_match,2022-23,255,2293064,AWAY,11,2022-23:2,VERIFIED_SOURCE_MATCH_ROUTE,VERIFIED
team_match,2022-23,256,2293065,HOME,12,2022-23:14,VERIFIED_SOURCE_MATCH_ROUTE,VERIFIED
team_match,2022-23,256,2293065,AWAY,14,2022-23:1,VERIFIED_SOURCE_MATCH_ROUTE,VERIFIED
team_match,2022-23,257,2293066,HOME,13,2022-23:43,VERIFIED_SOURCE_MATCH_ROUTE,VERIFIED
team_match,2022-23,257,2293066,AWAY,15,2022-23:4,VERIFIED_SOURCE_MATCH_ROUTE,VERIFIED
team_match,2022-23,258,2293067,HOME,16,2022-23:17,VERIFIED_SOURCE_MATCH_ROUTE,VERIFIED
team_match,2022-23,258,2293067,AWAY,8,2022-23:11,VERIFIED_SOURCE_MATCH_ROUTE,VERIFIED
team_match,2022-23,259,2293068,HOME,17,2022-23:20,VERIFIED_SOURCE_MATCH_ROUTE,VERIFIED
team_match,2022-23,259,2293068,AWAY,10,2022-23:13,VERIFIED_SOURCE_MATCH_ROUTE,VERIFIED
team_match,2022-23,260,2293069,HOME,20,2022-23:39,VERIFIED_SOURCE_MATCH_ROUTE,VERIFIED
team_match,2022-23,260,2293069,AWAY,18,2022-23:6,VERIFIED_SOURCE_MATCH_ROUTE,VERIFIED
team_match,2022-23,261,2293070,HOME,3,2022-23:91,VERIFIED_SOURCE_MATCH_ROUTE,VERIFIED
team_match,2022-23,261,2293070,AWAY,12,2022-23:14,VERIFIED_SOURCE_MATCH_ROUTE,VERIFIED
team_match,2022-23,262,2293071,HOME,7,2022-23:31,VERIFIED_SOURCE_MATCH_ROUTE,VERIFIED
team_match,2022-23,262,2293071,AWAY,13,2022-23:43,VERIFIED_SOURCE_MATCH_ROUTE,VERIFIED
team_match,2022-23,263,2293072,HOME,8,2022-23:11,VERIFIED_SOURCE_MATCH_ROUTE,VERIFIED
team_match,2022-23,263,2293072,AWAY,4,2022-23:94,VERIFIED_SOURCE_MATCH_ROUTE,VERIFIED
team_match,2022-23,264,2293073,HOME,9,2022-23:54,VERIFIED_SOURCE_MATCH_ROUTE,VERIFIED
team_match,2022-23,264,2293073,AWAY,1,2022-23:3,VERIFIED_SOURCE_MATCH_ROUTE,VERIFIED
team_match,2022-23,265,2293074,HOME,11,2022-23:2,VERIFIED_SOURCE_MATCH_ROUTE,VERIFIED
team_match,2022-23,265,2293074,AWAY,5,2022-23:36,VERIFIED_SOURCE_MATCH_ROUTE,VERIFIED
team_match,2022-23,266,2293075,HOME,10,2022-23:13,VERIFIED_SOURCE_MATCH_ROUTE,VERIFIED
team_match,2022-23,266,2293075,AWAY,6,2022-23:8,VERIFIED_SOURCE_MATCH_ROUTE,VERIFIED
team_match,2022-23,267,2293076,HOME,14,2022-23:1,VERIFIED_SOURCE_MATCH_ROUTE,VERIFIED
team_match,2022-23,267,2293076,AWAY,17,2022-23:20,VERIFIED_SOURCE_MATCH_ROUTE,VERIFIED
team_match,2022-23,268,2293077,HOME,15,2022-23:4,VERIFIED_SOURCE_MATCH_ROUTE,VERIFIED
team_match,2022-23,268,2293077,AWAY,20,2022-23:39,VERIFIED_SOURCE_MATCH_ROUTE,VERIFIED
team_match,2022-23,269,2293078,HOME,18,2022-23:6,VERIFIED_SOURCE_MATCH_ROUTE,VERIFIED
team_match,2022-23,269,2293078,AWAY,16,2022-23:17,VERIFIED_SOURCE_MATCH_ROUTE,VERIFIED
team_match,2022-23,270,2293079,HOME,19,2022-23:21,VERIFIED_SOURCE_MATCH_ROUTE,VERIFIED
team_match,2022-23,270,2293079,AWAY,2,2022-23:7,VERIFIED_SOURCE_MATCH_ROUTE,VERIFIED
team_match,2022-23,271,2293080,HOME,1,2022-23:3,VERIFIED_SOURCE_MATCH_ROUTE,VERIFIED
team_match,2022-23,271,2293080,AWAY,7,2022-23:31,VERIFIED_SOURCE_MATCH_ROUTE,VERIFIED
team_match,2022-23,272,2293081,HOME,2,2022-23:7,VERIFIED_SOURCE_MATCH_ROUTE,VERIFIED
team_match,2022-23,272,2293081,AWAY,3,2022-23:91,VERIFIED_SOURCE_MATCH_ROUTE,VERIFIED
team_match,2022-23,273,2293082,HOME,4,2022-23:94,VERIFIED_SOURCE_MATCH_ROUTE,VERIFIED
team_match,2022-23,273,2293082,AWAY,10,2022-23:13,VERIFIED_SOURCE_MATCH_ROUTE,VERIFIED
team_match,2022-23,274,2293083,HOME,5,2022-23:36,VERIFIED_SOURCE_MATCH_ROUTE,VERIFIED
team_match,2022-23,274,2293083,AWAY,14,2022-23:1,VERIFIED_SOURCE_MATCH_ROUTE,VERIFIED
team_match,2022-23,275,2293084,HOME,6,2022-23:8,VERIFIED_SOURCE_MATCH_ROUTE,VERIFIED
team_match,2022-23,275,2293084,AWAY,8,2022-23:11,VERIFIED_SOURCE_MATCH_ROUTE,VERIFIED
team_match,2022-23,276,2293085,HOME,12,2022-23:14,VERIFIED_SOURCE_MATCH_ROUTE,VERIFIED
team_match,2022-23,276,2293085,AWAY,9,2022-23:54,VERIFIED_SOURCE_MATCH_ROUTE,VERIFIED
team_match,2022-23,277,2293086,HOME,13,2022-23:43,VERIFIED_SOURCE_MATCH_ROUTE,VERIFIED
team_match,2022-23,277,2293086,AWAY,19,2022-23:21,VERIFIED_SOURCE_MATCH_ROUTE,VERIFIED
team_match,2022-23,278,2293087,HOME,16,2022-23:17,VERIFIED_SOURCE_MATCH_ROUTE,VERIFIED
team_match,2022-23,278,2293087,AWAY,15,2022-23:4,VERIFIED_SOURCE_MATCH_ROUTE,VERIFIED
team_match,2022-23,279,2293088,HOME,17,2022-23:20,VERIFIED_SOURCE_MATCH_ROUTE,VERIFIED
team_match,2022-23,279,2293088,AWAY,18,2022-23:6,VERIFIED_SOURCE_MATCH_ROUTE,VERIFIED
team_match,2022-23,280,2293089,HOME,20,2022-23:39,VERIFIED_SOURCE_MATCH_ROUTE,VERIFIED
team_match,2022-23,280,2293089,AWAY,11,2022-23:2,VERIFIED_SOURCE_MATCH_ROUTE,VERIFIED
team_match,2022-23,281,2293091,HOME,1,2022-23:3,VERIFIED_SOURCE_MATCH_ROUTE,VERIFIED
team_match,2022-23,281,2293091,AWAY,11,2022-23:2,VERIFIED_SOURCE_MATCH_ROUTE,VERIFIED
team_match,2022-23,282,2293090,HOME,3,2022-23:91,VERIFIED_SOURCE_MATCH_ROUTE,VERIFIED
team_match,2022-23,282,2293090,AWAY,9,2022-23:54,VERIFIED_SOURCE_MATCH_ROUTE,VERIFIED
team_match,2022-23,283,2293092,HOME,5,2022-23:36,VERIFIED_SOURCE_MATCH_ROUTE,VERIFIED
team_match,2022-23,283,2293092,AWAY,4,2022-23:94,VERIFIED_SOURCE_MATCH_ROUTE,VERIFIED
team_match,2022-23,284,2293093,HOME,6,2022-23:8,VERIFIED_SOURCE_MATCH_ROUTE,VERIFIED
team_match,2022-23,284,2293093,AWAY,2,2022-23:7,VERIFIED_SOURCE_MATCH_ROUTE,VERIFIED
team_match,2022-23,285,2293094,HOME,7,2022-23:31,VERIFIED_SOURCE_MATCH_ROUTE,VERIFIED
team_match,2022-23,285,2293094,AWAY,10,2022-23:13,VERIFIED_SOURCE_MATCH_ROUTE,VERIFIED
team_match,2022-23,286,2293095,HOME,8,2022-23:11,VERIFIED_SOURCE_MATCH_ROUTE,VERIFIED
team_match,2022-23,286,2293095,AWAY,18,2022-23:6,VERIFIED_SOURCE_MATCH_ROUTE,VERIFIED
team_match,2022-23,287,2293096,HOME,13,2022-23:43,VERIFIED_SOURCE_MATCH_ROUTE,VERIFIED
team_match,2022-23,287,2293096,AWAY,12,2022-23:14,VERIFIED_SOURCE_MATCH_ROUTE,VERIFIED
team_match,2022-23,288,2293097,HOME,15,2022-23:4,VERIFIED_SOURCE_MATCH_ROUTE,VERIFIED
team_match,2022-23,288,2293097,AWAY,14,2022-23:1,VERIFIED_SOURCE_MATCH_ROUTE,VERIFIED
team_match,2022-23,289,2293098,HOME,16,2022-23:17,VERIFIED_SOURCE_MATCH_ROUTE,VERIFIED
team_match,2022-23,289,2293098,AWAY,20,2022-23:39,VERIFIED_SOURCE_MATCH_ROUTE,VERIFIED
team_match,2022-23,290,2293099,HOME,19,2022-23:21,VERIFIED_SOURCE_MATCH_ROUTE,VERIFIED
team_match,2022-23,290,2293099,AWAY,17,2022-23:20,VERIFIED_SOURCE_MATCH_ROUTE,VERIFIED
team_match,2022-23,291,2293100,HOME,2,2022-23:7,VERIFIED_SOURCE_MATCH_ROUTE,VERIFIED
team_match,2022-23,291,2293100,AWAY,16,2022-23:17,VERIFIED_SOURCE_MATCH_ROUTE,VERIFIED
team_match,2022-23,292,2293101,HOME,4,2022-23:94,VERIFIED_SOURCE_MATCH_ROUTE,VERIFIED
team_match,2022-23,292,2293101,AWAY,15,2022-23:4,VERIFIED_SOURCE_MATCH_ROUTE,VERIFIED
team_match,2022-23,293,2293102,HOME,9,2022-23:54,VERIFIED_SOURCE_MATCH_ROUTE,VERIFIED
team_match,2022-23,293,2293102,AWAY,19,2022-23:21,VERIFIED_SOURCE_MATCH_ROUTE,VERIFIED
team_match,2022-23,294,2293103,HOME,11,2022-23:2,VERIFIED_SOURCE_MATCH_ROUTE,VERIFIED
team_match,2022-23,294,2293103,AWAY,7,2022-23:31,VERIFIED_SOURCE_MATCH_ROUTE,VERIFIED
team_match,2022-23,295,2293104,HOME,10,2022-23:13,VERIFIED_SOURCE_MATCH_ROUTE,VERIFIED
team_match,2022-23,295,2293104,AWAY,3,2022-23:91,VERIFIED_SOURCE_MATCH_ROUTE,VERIFIED
team_match,2022-23,296,2293105,HOME,12,2022-23:14,VERIFIED_SOURCE_MATCH_ROUTE,VERIFIED
team_match,2022-23,296,2293105,AWAY,1,2022-23:3,VERIFIED_SOURCE_MATCH_ROUTE,VERIFIED
team_match,2022-23,297,2293106,HOME,14,2022-23:1,VERIFIED_SOURCE_MATCH_ROUTE,VERIFIED
team_match,2022-23,297,2293106,AWAY,8,2022-23:11,VERIFIED_SOURCE_MATCH_ROUTE,VERIFIED
team_match,2022-23,298,2293107,HOME,17,2022-23:20,VERIFIED_SOURCE_MATCH_ROUTE,VERIFIED
team_match,2022-23,298,2293107,AWAY,13,2022-23:43,VERIFIED_SOURCE_MATCH_ROUTE,VERIFIED
team_match,2022-23,299,2293108,HOME,18,2022-23:6,VERIFIED_SOURCE_MATCH_ROUTE,VERIFIED
team_match,2022-23,299,2293108,AWAY,5,2022-23:36,VERIFIED_SOURCE_MATCH_ROUTE,VERIFIED
team_match,2022-23,300,2293109,HOME,20,2022-23:39,VERIFIED_SOURCE_MATCH_ROUTE,VERIFIED
team_match,2022-23,300,2293109,AWAY,6,2022-23:8,VERIFIED_SOURCE_MATCH_ROUTE,VERIFIED
team_match,2022-23,301,2293110,HOME,2,2022-23:7,VERIFIED_SOURCE_MATCH_ROUTE,VERIFIED
team_match,2022-23,301,2293110,AWAY,15,2022-23:4,VERIFIED_SOURCE_MATCH_ROUTE,VERIFIED
team_match,2022-23,302,2293111,HOME,6,2022-23:8,VERIFIED_SOURCE_MATCH_ROUTE,VERIFIED
team_match,2022-23,302,2293111,AWAY,5,2022-23:36,VERIFIED_SOURCE_MATCH_ROUTE,VERIFIED
team_match,2022-23,303,2293112,HOME,8,2022-23:11,VERIFIED_SOURCE_MATCH_ROUTE,VERIFIED
team_match,2022-23,303,2293112,AWAY,9,2022-23:54,VERIFIED_SOURCE_MATCH_ROUTE,VERIFIED
team_match,2022-23,304,2293113,HOME,11,2022-23:2,VERIFIED_SOURCE_MATCH_ROUTE,VERIFIED
team_match,2022-23,304,2293113,AWAY,12,2022-23:14,VERIFIED_SOURCE_MATCH_ROUTE,VERIFIED
team_match,2022-23,305,2293114,HOME,13,2022-23:43,VERIFIED_SOURCE_MATCH_ROUTE,VERIFIED
team_match,2022-23,305,2293114,AWAY,10,2022-23:13,VERIFIED_SOURCE_MATCH_ROUTE,VERIFIED
team_match,2022-23,306,2293115,HOME,16,2022-23:17,VERIFIED_SOURCE_MATCH_ROUTE,VERIFIED
team_match,2022-23,306,2293115,AWAY,14,2022-23:1,VERIFIED_SOURCE_MATCH_ROUTE,VERIFIED
team_match,2022-23,307,2293116,HOME,17,2022-23:20,VERIFIED_SOURCE_MATCH_ROUTE,VERIFIED
team_match,2022-23,307,2293116,AWAY,7,2022-23:31,VERIFIED_SOURCE_MATCH_ROUTE,VERIFIED
team_match,2022-23,308,2293117,HOME,18,2022-23:6,VERIFIED_SOURCE_MATCH_ROUTE,VERIFIED
team_match,2022-23,308,2293117,AWAY,3,2022-23:91,VERIFIED_SOURCE_MATCH_ROUTE,VERIFIED
team_match,2022-23,309,2293118,HOME,19,2022-23:21,VERIFIED_SOURCE_MATCH_ROUTE,VERIFIED
team_match,2022-23,309,2293118,AWAY,1,2022-23:3,VERIFIED_SOURCE_MATCH_ROUTE,VERIFIED
team_match,2022-23,310,2293119,HOME,20,2022-23:39,VERIFIED_SOURCE_MATCH_ROUTE,VERIFIED
team_match,2022-23,310,2293119,AWAY,4,2022-23:94,VERIFIED_SOURCE_MATCH_ROUTE,VERIFIED
team_match,2022-23,311,2293121,HOME,1,2022-23:3,VERIFIED_SOURCE_MATCH_ROUTE,VERIFIED
team_match,2022-23,311,2293121,AWAY,17,2022-23:20,VERIFIED_SOURCE_MATCH_ROUTE,VERIFIED
team_match,2022-23,312,2293120,HOME,3,2022-23:91,VERIFIED_SOURCE_MATCH_ROUTE,VERIFIED
team_match,2022-23,312,2293120,AWAY,19,2022-23:21,VERIFIED_SOURCE_MATCH_ROUTE,VERIFIED
team_match,2022-23,313,2293122,HOME,4,2022-23:94,VERIFIED_SOURCE_MATCH_ROUTE,VERIFIED
team_match,2022-23,313,2293122,AWAY,2,2022-23:7,VERIFIED_SOURCE_MATCH_ROUTE,VERIFIED
team_match,2022-23,314,2293123,HOME,5,2022-23:36,VERIFIED_SOURCE_MATCH_ROUTE,VERIFIED
team_match,2022-23,314,2293123,AWAY,13,2022-23:43,VERIFIED_SOURCE_MATCH_ROUTE,VERIFIED
team_match,2022-23,315,2293124,HOME,7,2022-23:31,VERIFIED_SOURCE_MATCH_ROUTE,VERIFIED
team_match,2022-23,315,2293124,AWAY,8,2022-23:11,VERIFIED_SOURCE_MATCH_ROUTE,VERIFIED
team_match,2022-23,316,2293125,HOME,9,2022-23:54,VERIFIED_SOURCE_MATCH_ROUTE,VERIFIED
team_match,2022-23,316,2293125,AWAY,11,2022-23:2,VERIFIED_SOURCE_MATCH_ROUTE,VERIFIED
team_match,2022-23,317,2293126,HOME,10,2022-23:13,VERIFIED_SOURCE_MATCH_ROUTE,VERIFIED
team_match,2022-23,317,2293126,AWAY,20,2022-23:39,VERIFIED_SOURCE_MATCH_ROUTE,VERIFIED
team_match,2022-23,318,2293127,HOME,12,2022-23:14,VERIFIED_SOURCE_MATCH_ROUTE,VERIFIED
team_match,2022-23,318,2293127,AWAY,16,2022-23:17,VERIFIED_SOURCE_MATCH_ROUTE,VERIFIED
team_match,2022-23,319,2293128,HOME,14,2022-23:1,VERIFIED_SOURCE_MATCH_ROUTE,VERIFIED
team_match,2022-23,319,2293128,AWAY,6,2022-23:8,VERIFIED_SOURCE_MATCH_ROUTE,VERIFIED
team_match,2022-23,320,2293129,HOME,15,2022-23:4,VERIFIED_SOURCE_MATCH_ROUTE,VERIFIED
team_match,2022-23,320,2293129,AWAY,18,2022-23:6,VERIFIED_SOURCE_MATCH_ROUTE,VERIFIED
team_match,2022-23,321,2293130,HOME,2,2022-23:7,VERIFIED_SOURCE_MATCH_ROUTE,VERIFIED
team_match,2022-23,321,2293130,AWAY,9,2022-23:54,VERIFIED_SOURCE_MATCH_ROUTE,VERIFIED
team_match,2022-23,322,2293131,HOME,8,2022-23:11,VERIFIED_SOURCE_MATCH_ROUTE,VERIFIED
team_match,2022-23,322,2293131,AWAY,15,2022-23:4,VERIFIED_SOURCE_MATCH_ROUTE,VERIFIED
team_match,2022-23,323,2293132,HOME,11,2022-23:2,VERIFIED_SOURCE_MATCH_ROUTE,VERIFIED
team_match,2022-23,323,2293132,AWAY,10,2022-23:13,VERIFIED_SOURCE_MATCH_ROUTE,VERIFIED
team_match,2022-23,324,2293133,HOME,16,2022-23:17,VERIFIED_SOURCE_MATCH_ROUTE,VERIFIED
team_match,2022-23,324,2293133,AWAY,5,2022-23:36,VERIFIED_SOURCE_MATCH_ROUTE,VERIFIED
team_match,2022-23,325,2293134,HOME,18,2022-23:6,VERIFIED_SOURCE_MATCH_ROUTE,VERIFIED
team_match,2022-23,325,2293134,AWAY,14,2022-23:1,VERIFIED_SOURCE_MATCH_ROUTE,VERIFIED
team_match,2022-23,326,2293135,HOME,19,2022-23:21,VERIFIED_SOURCE_MATCH_ROUTE,VERIFIED
team_match,2022-23,326,2293135,AWAY,12,2022-23:14,VERIFIED_SOURCE_MATCH_ROUTE,VERIFIED
team_match,2022-23,327,2293136,HOME,20,2022-23:39,VERIFIED_SOURCE_MATCH_ROUTE,VERIFIED
team_match,2022-23,327,2293136,AWAY,7,2022-23:31,VERIFIED_SOURCE_MATCH_ROUTE,VERIFIED
team_match,2022-23,328,2293137,HOME,6,2022-23:8,VERIFIED_SOURCE_MATCH_ROUTE,VERIFIED
team_match,2022-23,328,2293137,AWAY,4,2022-23:94,VERIFIED_SOURCE_MATCH_ROUTE,VERIFIED
team_match,2022-23,329,2293138,HOME,13,2022-23:43,VERIFIED_SOURCE_MATCH_ROUTE,VERIFIED
team_match,2022-23,329,2293138,AWAY,1,2022-23:3,VERIFIED_SOURCE_MATCH_ROUTE,VERIFIED
team_match,2022-23,330,2293139,HOME,17,2022-23:20,VERIFIED_SOURCE_MATCH_ROUTE,VERIFIED
team_match,2022-23,330,2293139,AWAY,3,2022-23:91,VERIFIED_SOURCE_MATCH_ROUTE,VERIFIED
team_match,2022-23,331,2293141,HOME,1,2022-23:3,VERIFIED_SOURCE_MATCH_ROUTE,VERIFIED
team_match,2022-23,331,2293141,AWAY,6,2022-23:8,VERIFIED_SOURCE_MATCH_ROUTE,VERIFIED
team_match,2022-23,332,2293140,HOME,3,2022-23:91,VERIFIED_SOURCE_MATCH_ROUTE,VERIFIED
team_match,2022-23,332,2293140,AWAY,11,2022-23:2,VERIFIED_SOURCE_MATCH_ROUTE,VERIFIED
team_match,2022-23,333,2293142,HOME,4,2022-23:94,VERIFIED_SOURCE_MATCH_ROUTE,VERIFIED
team_match,2022-23,333,2293142,AWAY,16,2022-23:17,VERIFIED_SOURCE_MATCH_ROUTE,VERIFIED
team_match,2022-23,334,2293143,HOME,5,2022-23:36,VERIFIED_SOURCE_MATCH_ROUTE,VERIFIED
team_match,2022-23,334,2293143,AWAY,20,2022-23:39,VERIFIED_SOURCE_MATCH_ROUTE,VERIFIED
team_match,2022-23,335,2293144,HOME,7,2022-23:31,VERIFIED_SOURCE_MATCH_ROUTE,VERIFIED
team_match,2022-23,335,2293144,AWAY,19,2022-23:21,VERIFIED_SOURCE_MATCH_ROUTE,VERIFIED
team_match,2022-23,336,2293145,HOME,9,2022-23:54,VERIFIED_SOURCE_MATCH_ROUTE,VERIFIED
team_match,2022-23,336,2293145,AWAY,13,2022-23:43,VERIFIED_SOURCE_MATCH_ROUTE,VERIFIED
team_match,2022-23,337,2293146,HOME,10,2022-23:13,VERIFIED_SOURCE_MATCH_ROUTE,VERIFIED
team_match,2022-23,337,2293146,AWAY,8,2022-23:11,VERIFIED_SOURCE_MATCH_ROUTE,VERIFIED
team_match,2022-23,338,2293147,HOME,12,2022-23:14,VERIFIED_SOURCE_MATCH_ROUTE,VERIFIED
team_match,2022-23,338,2293147,AWAY,18,2022-23:6,VERIFIED_SOURCE_MATCH_ROUTE,VERIFIED
team_match,2022-23,339,2293148,HOME,14,2022-23:1,VERIFIED_SOURCE_MATCH_ROUTE,VERIFIED
team_match,2022-23,339,2293148,AWAY,2,2022-23:7,VERIFIED_SOURCE_MATCH_ROUTE,VERIFIED
team_match,2022-23,340,2293149,HOME,15,2022-23:4,VERIFIED_SOURCE_MATCH_ROUTE,VERIFIED
team_match,2022-23,340,2293149,AWAY,17,2022-23:20,VERIFIED_SOURCE_MATCH_ROUTE,VERIFIED
team_match,2022-23,341,2293150,HOME,3,2022-23:91,VERIFIED_SOURCE_MATCH_ROUTE,VERIFIED
team_match,2022-23,341,2293150,AWAY,6,2022-23:8,VERIFIED_SOURCE_MATCH_ROUTE,VERIFIED
team_match,2022-23,342,2293151,HOME,5,2022-23:36,VERIFIED_SOURCE_MATCH_ROUTE,VERIFIED
team_match,2022-23,342,2293151,AWAY,8,2022-23:11,VERIFIED_SOURCE_MATCH_ROUTE,VERIFIED
team_match,2022-23,343,2293152,HOME,9,2022-23:54,VERIFIED_SOURCE_MATCH_ROUTE,VERIFIED
team_match,2022-23,343,2293152,AWAY,10,2022-23:13,VERIFIED_SOURCE_MATCH_ROUTE,VERIFIED
team_match,2022-23,344,2293153,HOME,12,2022-23:14,VERIFIED_SOURCE_MATCH_ROUTE,VERIFIED
team_match,2022-23,344,2293153,AWAY,4,2022-23:94,VERIFIED_SOURCE_MATCH_ROUTE,VERIFIED
team_match,2022-23,345,2293154,HOME,13,2022-23:43,VERIFIED_SOURCE_MATCH_ROUTE,VERIFIED
team_match,2022-23,345,2293154,AWAY,11,2022-23:2,VERIFIED_SOURCE_MATCH_ROUTE,VERIFIED
team_match,2022-23,346,2293155,HOME,15,2022-23:4,VERIFIED_SOURCE_MATCH_ROUTE,VERIFIED
team_match,2022-23,346,2293155,AWAY,1,2022-23:3,VERIFIED_SOURCE_MATCH_ROUTE,VERIFIED
team_match,2022-23,347,2293156,HOME,16,2022-23:17,VERIFIED_SOURCE_MATCH_ROUTE,VERIFIED
team_match,2022-23,347,2293156,AWAY,17,2022-23:20,VERIFIED_SOURCE_MATCH_ROUTE,VERIFIED
team_match,2022-23,348,2293157,HOME,18,2022-23:6,VERIFIED_SOURCE_MATCH_ROUTE,VERIFIED
team_match,2022-23,348,2293157,AWAY,7,2022-23:31,VERIFIED_SOURCE_MATCH_ROUTE,VERIFIED
team_match,2022-23,349,2293158,HOME,19,2022-23:21,VERIFIED_SOURCE_MATCH_ROUTE,VERIFIED
team_match,2022-23,349,2293158,AWAY,14,2022-23:1,VERIFIED_SOURCE_MATCH_ROUTE,VERIFIED
team_match,2022-23,350,2293159,HOME,20,2022-23:39,VERIFIED_SOURCE_MATCH_ROUTE,VERIFIED
team_match,2022-23,350,2293159,AWAY,2,2022-23:7,VERIFIED_SOURCE_MATCH_ROUTE,VERIFIED
team_match,2022-23,351,2293160,HOME,1,2022-23:3,VERIFIED_SOURCE_MATCH_ROUTE,VERIFIED
team_match,2022-23,351,2293160,AWAY,5,2022-23:36,VERIFIED_SOURCE_MATCH_ROUTE,VERIFIED
team_match,2022-23,352,2293161,HOME,2,2022-23:7,VERIFIED_SOURCE_MATCH_ROUTE,VERIFIED
team_match,2022-23,352,2293161,AWAY,18,2022-23:6,VERIFIED_SOURCE_MATCH_ROUTE,VERIFIED
team_match,2022-23,353,2293162,HOME,4,2022-23:94,VERIFIED_SOURCE_MATCH_ROUTE,VERIFIED
team_match,2022-23,353,2293162,AWAY,19,2022-23:21,VERIFIED_SOURCE_MATCH_ROUTE,VERIFIED
team_match,2022-23,354,2293163,HOME,6,2022-23:8,VERIFIED_SOURCE_MATCH_ROUTE,VERIFIED
team_match,2022-23,354,2293163,AWAY,16,2022-23:17,VERIFIED_SOURCE_MATCH_ROUTE,VERIFIED
team_match,2022-23,355,2293164,HOME,7,2022-23:31,VERIFIED_SOURCE_MATCH_ROUTE,VERIFIED
team_match,2022-23,355,2293164,AWAY,3,2022-23:91,VERIFIED_SOURCE_MATCH_ROUTE,VERIFIED
team_match,2022-23,356,2293165,HOME,8,2022-23:11,VERIFIED_SOURCE_MATCH_ROUTE,VERIFIED
team_match,2022-23,356,2293165,AWAY,13,2022-23:43,VERIFIED_SOURCE_MATCH_ROUTE,VERIFIED
team_match,2022-23,357,2293166,HOME,11,2022-23:2,VERIFIED_SOURCE_MATCH_ROUTE,VERIFIED
team_match,2022-23,357,2293166,AWAY,15,2022-23:4,VERIFIED_SOURCE_MATCH_ROUTE,VERIFIED
team_match,2022-23,358,2293167,HOME,10,2022-23:13,VERIFIED_SOURCE_MATCH_ROUTE,VERIFIED
team_match,2022-23,358,2293167,AWAY,12,2022-23:14,VERIFIED_SOURCE_MATCH_ROUTE,VERIFIED
team_match,2022-23,359,2293168,HOME,14,2022-23:1,VERIFIED_SOURCE_MATCH_ROUTE,VERIFIED
team_match,2022-23,359,2293168,AWAY,20,2022-23:39,VERIFIED_SOURCE_MATCH_ROUTE,VERIFIED
team_match,2022-23,360,2293169,HOME,17,2022-23:20,VERIFIED_SOURCE_MATCH_ROUTE,VERIFIED
team_match,2022-23,360,2293169,AWAY,9,2022-23:54,VERIFIED_SOURCE_MATCH_ROUTE,VERIFIED
team_match,2022-23,361,2293170,HOME,3,2022-23:91,VERIFIED_SOURCE_MATCH_ROUTE,VERIFIED
team_match,2022-23,361,2293170,AWAY,14,2022-23:1,VERIFIED_SOURCE_MATCH_ROUTE,VERIFIED
team_match,2022-23,362,2293171,HOME,5,2022-23:36,VERIFIED_SOURCE_MATCH_ROUTE,VERIFIED
team_match,2022-23,362,2293171,AWAY,17,2022-23:20,VERIFIED_SOURCE_MATCH_ROUTE,VERIFIED
team_match,2022-23,363,2293172,HOME,9,2022-23:54,VERIFIED_SOURCE_MATCH_ROUTE,VERIFIED
team_match,2022-23,363,2293172,AWAY,7,2022-23:31,VERIFIED_SOURCE_MATCH_ROUTE,VERIFIED
team_match,2022-23,364,2293173,HOME,12,2022-23:14,VERIFIED_SOURCE_MATCH_ROUTE,VERIFIED
team_match,2022-23,364,2293173,AWAY,2,2022-23:7,VERIFIED_SOURCE_MATCH_ROUTE,VERIFIED
team_match,2022-23,365,2293174,HOME,13,2022-23:43,VERIFIED_SOURCE_MATCH_ROUTE,VERIFIED
team_match,2022-23,365,2293174,AWAY,6,2022-23:8,VERIFIED_SOURCE_MATCH_ROUTE,VERIFIED
team_match,2022-23,366,2293175,HOME,15,2022-23:4,VERIFIED_SOURCE_MATCH_ROUTE,VERIFIED
team_match,2022-23,366,2293175,AWAY,10,2022-23:13,VERIFIED_SOURCE_MATCH_ROUTE,VERIFIED
team_match,2022-23,367,2293176,HOME,16,2022-23:17,VERIFIED_SOURCE_MATCH_ROUTE,VERIFIED
team_match,2022-23,367,2293176,AWAY,1,2022-23:3,VERIFIED_SOURCE_MATCH_ROUTE,VERIFIED
team_match,2022-23,368,2293177,HOME,18,2022-23:6,VERIFIED_SOURCE_MATCH_ROUTE,VERIFIED
team_match,2022-23,368,2293177,AWAY,4,2022-23:94,VERIFIED_SOURCE_MATCH_ROUTE,VERIFIED
team_match,2022-23,369,2293178,HOME,19,2022-23:21,VERIFIED_SOURCE_MATCH_ROUTE,VERIFIED
team_match,2022-23,369,2293178,AWAY,11,2022-23:2,VERIFIED_SOURCE_MATCH_ROUTE,VERIFIED
team_match,2022-23,370,2293179,HOME,20,2022-23:39,VERIFIED_SOURCE_MATCH_ROUTE,VERIFIED
team_match,2022-23,370,2293179,AWAY,8,2022-23:11,VERIFIED_SOURCE_MATCH_ROUTE,VERIFIED
team_match,2022-23,371,2293180,HOME,1,2022-23:3,VERIFIED_SOURCE_MATCH_ROUTE,VERIFIED
team_match,2022-23,371,2293180,AWAY,20,2022-23:39,VERIFIED_SOURCE_MATCH_ROUTE,VERIFIED
team_match,2022-23,372,2293181,HOME,2,2022-23:7,VERIFIED_SOURCE_MATCH_ROUTE,VERIFIED
team_match,2022-23,372,2293181,AWAY,5,2022-23:36,VERIFIED_SOURCE_MATCH_ROUTE,VERIFIED
team_match,2022-23,373,2293182,HOME,4,2022-23:94,VERIFIED_SOURCE_MATCH_ROUTE,VERIFIED
team_match,2022-23,373,2293182,AWAY,13,2022-23:43,VERIFIED_SOURCE_MATCH_ROUTE,VERIFIED
team_match,2022-23,374,2293183,HOME,6,2022-23:8,VERIFIED_SOURCE_MATCH_ROUTE,VERIFIED
team_match,2022-23,374,2293183,AWAY,15,2022-23:4,VERIFIED_SOURCE_MATCH_ROUTE,VERIFIED
team_match,2022-23,375,2293184,HOME,7,2022-23:31,VERIFIED_SOURCE_MATCH_ROUTE,VERIFIED
team_match,2022-23,375,2293184,AWAY,16,2022-23:17,VERIFIED_SOURCE_MATCH_ROUTE,VERIFIED
team_match,2022-23,376,2293185,HOME,8,2022-23:11,VERIFIED_SOURCE_MATCH_ROUTE,VERIFIED
team_match,2022-23,376,2293185,AWAY,3,2022-23:91,VERIFIED_SOURCE_MATCH_ROUTE,VERIFIED
team_match,2022-23,377,2293186,HOME,11,2022-23:2,VERIFIED_SOURCE_MATCH_ROUTE,VERIFIED
team_match,2022-23,377,2293186,AWAY,18,2022-23:6,VERIFIED_SOURCE_MATCH_ROUTE,VERIFIED
team_match,2022-23,378,2293187,HOME,10,2022-23:13,VERIFIED_SOURCE_MATCH_ROUTE,VERIFIED
team_match,2022-23,378,2293187,AWAY,19,2022-23:21,VERIFIED_SOURCE_MATCH_ROUTE,VERIFIED
team_match,2022-23,379,2293188,HOME,14,2022-23:1,VERIFIED_SOURCE_MATCH_ROUTE,VERIFIED
team_match,2022-23,379,2293188,AWAY,9,2022-23:54,VERIFIED_SOURCE_MATCH_ROUTE,VERIFIED
team_match,2022-23,380,2293189,HOME,17,2022-23:20,VERIFIED_SOURCE_MATCH_ROUTE,VERIFIED
team_match,2022-23,380,2293189,AWAY,12,2022-23:14,VERIFIED_SOURCE_MATCH_ROUTE,VERIFIED
team_match,2023-24,1,2367538,HOME,6,2023-24:90,VERIFIED_SOURCE_MATCH_ROUTE,VERIFIED
team_match,2023-24,1,2367538,AWAY,13,2023-24:43,VERIFIED_SOURCE_MATCH_ROUTE,VERIFIED
team_match,2023-24,2,2367540,HOME,1,2023-24:3,VERIFIED_SOURCE_MATCH_ROUTE,VERIFIED
team_match,2023-24,2,2367540,AWAY,16,2023-24:17,VERIFIED_SOURCE_MATCH_ROUTE,VERIFIED
team_match,2023-24,3,2367539,HOME,3,2023-24:91,VERIFIED_SOURCE_MATCH_ROUTE,VERIFIED
team_match,2023-24,3,2367539,AWAY,19,2023-24:21,VERIFIED_SOURCE_MATCH_ROUTE,VERIFIED
team_match,2023-24,4,2367541,HOME,5,2023-24:36,VERIFIED_SOURCE_MATCH_ROUTE,VERIFIED
team_match,2023-24,4,2367541,AWAY,12,2023-24:102,VERIFIED_SOURCE_MATCH_ROUTE,VERIFIED
team_match,2023-24,5,2367542,HOME,9,2023-24:11,VERIFIED_SOURCE_MATCH_ROUTE,VERIFIED
team_match,2023-24,5,2367542,AWAY,10,2023-24:54,VERIFIED_SOURCE_MATCH_ROUTE,VERIFIED
team_match,2023-24,6,2367543,HOME,15,2023-24:4,VERIFIED_SOURCE_MATCH_ROUTE,VERIFIED
team_match,2023-24,6,2367543,AWAY,2,2023-24:7,VERIFIED_SOURCE_MATCH_ROUTE,VERIFIED
team_match,2023-24,7,2367544,HOME,17,2023-24:49,VERIFIED_SOURCE_MATCH_ROUTE,VERIFIED
team_match,2023-24,7,2367544,AWAY,8,2023-24:31,VERIFIED_SOURCE_MATCH_ROUTE,VERIFIED
team_match,2023-24,8,2367545,HOME,4,2023-24:94,VERIFIED_SOURCE_MATCH_ROUTE,VERIFIED
team_match,2023-24,8,2367545,AWAY,18,2023-24:6,VERIFIED_SOURCE_MATCH_ROUTE,VERIFIED
team_match,2023-24,9,2367546,HOME,7,2023-24:8,VERIFIED_SOURCE_MATCH_ROUTE,VERIFIED
team_match,2023-24,9,2367546,AWAY,11,2023-24:14,VERIFIED_SOURCE_MATCH_ROUTE,VERIFIED
team_match,2023-24,10,2367547,HOME,14,2023-24:1,VERIFIED_SOURCE_MATCH_ROUTE,VERIFIED
team_match,2023-24,10,2367547,AWAY,20,2023-24:39,VERIFIED_SOURCE_MATCH_ROUTE,VERIFIED
team_match,2023-24,11,2367548,HOME,2,2023-24:7,VERIFIED_SOURCE_MATCH_ROUTE,VERIFIED
team_match,2023-24,11,2367548,AWAY,9,2023-24:11,VERIFIED_SOURCE_MATCH_ROUTE,VERIFIED
team_match,2023-24,12,2367549,HOME,8,2023-24:31,VERIFIED_SOURCE_MATCH_ROUTE,VERIFIED
team_match,2023-24,12,2367549,AWAY,1,2023-24:3,VERIFIED_SOURCE_MATCH_ROUTE,VERIFIED
team_match,2023-24,13,2367550,HOME,10,2023-24:54,VERIFIED_SOURCE_MATCH_ROUTE,VERIFIED
team_match,2023-24,13,2367550,AWAY,4,2023-24:94,VERIFIED_SOURCE_MATCH_ROUTE,VERIFIED
team_match,2023-24,14,2367551,HOME,11,2023-24:14,VERIFIED_SOURCE_MATCH_ROUTE,VERIFIED
team_match,2023-24,14,2367551,AWAY,3,2023-24:91,VERIFIED_SOURCE_MATCH_ROUTE,VERIFIED
team_match,2023-24,15,2367552,HOME,12,2023-24:102,VERIFIED_SOURCE_MATCH_ROUTE,VERIFIED
team_match,2023-24,15,2367552,AWAY,6,2023-24:90,VERIFIED_SOURCE_MATCH_ROUTE,VERIFIED
team_match,2023-24,16,2367553,HOME,13,2023-24:43,VERIFIED_SOURCE_MATCH_ROUTE,VERIFIED
team_match,2023-24,16,2367553,AWAY,15,2023-24:4,VERIFIED_SOURCE_MATCH_ROUTE,VERIFIED
team_match,2023-24,17,2367554,HOME,16,2023-24:17,VERIFIED_SOURCE_MATCH_ROUTE,VERIFIED
team_match,2023-24,17,2367554,AWAY,17,2023-24:49,VERIFIED_SOURCE_MATCH_ROUTE,VERIFIED
team_match,2023-24,18,2367555,HOME,18,2023-24:6,VERIFIED_SOURCE_MATCH_ROUTE,VERIFIED
team_match,2023-24,18,2367555,AWAY,14,2023-24:1,VERIFIED_SOURCE_MATCH_ROUTE,VERIFIED
team_match,2023-24,19,2367556,HOME,19,2023-24:21,VERIFIED_SOURCE_MATCH_ROUTE,VERIFIED
team_match,2023-24,19,2367556,AWAY,7,2023-24:8,VERIFIED_SOURCE_MATCH_ROUTE,VERIFIED
team_match,2023-24,20,2367557,HOME,20,2023-24:39,VERIFIED_SOURCE_MATCH_ROUTE,VERIFIED
team_match,2023-24,20,2367557,AWAY,5,2023-24:36,VERIFIED_SOURCE_MATCH_ROUTE,VERIFIED
team_match,2023-24,21,2367559,HOME,1,2023-24:3,VERIFIED_SOURCE_MATCH_ROUTE,VERIFIED
team_match,2023-24,21,2367559,AWAY,10,2023-24:54,VERIFIED_SOURCE_MATCH_ROUTE,VERIFIED
team_match,2023-24,22,2367558,HOME,3,2023-24:91,VERIFIED_SOURCE_MATCH_ROUTE,VERIFIED
team_match,2023-24,22,2367558,AWAY,18,2023-24:6,VERIFIED_SOURCE_MATCH_ROUTE,VERIFIED
team_match,2023-24,23,2367560,HOME,4,2023-24:94,VERIFIED_SOURCE_MATCH_ROUTE,VERIFIED
team_match,2023-24,23,2367560,AWAY,8,2023-24:31,VERIFIED_SOURCE_MATCH_ROUTE,VERIFIED
team_match,2023-24,24,2367561,HOME,5,2023-24:36,VERIFIED_SOURCE_MATCH_ROUTE,VERIFIED
team_match,2023-24,24,2367561,AWAY,19,2023-24:21,VERIFIED_SOURCE_MATCH_ROUTE,VERIFIED
team_match,2023-24,25,2367562,HOME,6,2023-24:90,VERIFIED_SOURCE_MATCH_ROUTE,VERIFIED
team_match,2023-24,25,2367562,AWAY,2,2023-24:7,VERIFIED_SOURCE_MATCH_ROUTE,VERIFIED
team_match,2023-24,26,2367563,HOME,7,2023-24:8,VERIFIED_SOURCE_MATCH_ROUTE,VERIFIED
team_match,2023-24,26,2367563,AWAY,12,2023-24:102,VERIFIED_SOURCE_MATCH_ROUTE,VERIFIED
team_match,2023-24,27,2367564,HOME,9,2023-24:11,VERIFIED_SOURCE_MATCH_ROUTE,VERIFIED
team_match,2023-24,27,2367564,AWAY,20,2023-24:39,VERIFIED_SOURCE_MATCH_ROUTE,VERIFIED
team_match,2023-24,28,2367565,HOME,14,2023-24:1,VERIFIED_SOURCE_MATCH_ROUTE,VERIFIED
team_match,2023-24,28,2367565,AWAY,16,2023-24:17,VERIFIED_SOURCE_MATCH_ROUTE,VERIFIED
team_match,2023-24,29,2367566,HOME,15,2023-24:4,VERIFIED_SOURCE_MATCH_ROUTE,VERIFIED
team_match,2023-24,29,2367566,AWAY,11,2023-24:14,VERIFIED_SOURCE_MATCH_ROUTE,VERIFIED
team_match,2023-24,30,2367567,HOME,17,2023-24:49,VERIFIED_SOURCE_MATCH_ROUTE,VERIFIED
team_match,2023-24,30,2367567,AWAY,13,2023-24:43,VERIFIED_SOURCE_MATCH_ROUTE,VERIFIED
team_match,2023-24,31,2367568,HOME,1,2023-24:3,VERIFIED_SOURCE_MATCH_ROUTE,VERIFIED
team_match,2023-24,31,2367568,AWAY,14,2023-24:1,VERIFIED_SOURCE_MATCH_ROUTE,VERIFIED
team_match,2023-24,32,2367569,HOME,4,2023-24:94,VERIFIED_SOURCE_MATCH_ROUTE,VERIFIED
team_match,2023-24,32,2367569,AWAY,3,2023-24:91,VERIFIED_SOURCE_MATCH_ROUTE,VERIFIED
team_match,2023-24,33,2367570,HOME,5,2023-24:36,VERIFIED_SOURCE_MATCH_ROUTE,VERIFIED
team_match,2023-24,33,2367570,AWAY,15,2023-24:4,VERIFIED_SOURCE_MATCH_ROUTE,VERIFIED
team_match,2023-24,34,2367571,HOME,6,2023-24:90,VERIFIED_SOURCE_MATCH_ROUTE,VERIFIED
team_match,2023-24,34,2367571,AWAY,18,2023-24:6,VERIFIED_SOURCE_MATCH_ROUTE,VERIFIED
team_match,2023-24,35,2367572,HOME,7,2023-24:8,VERIFIED_SOURCE_MATCH_ROUTE,VERIFIED
team_match,2023-24,35,2367572,AWAY,16,2023-24:17,VERIFIED_SOURCE_MATCH_ROUTE,VERIFIED
team_match,2023-24,36,2367573,HOME,8,2023-24:31,VERIFIED_SOURCE_MATCH_ROUTE,VERIFIED
team_match,2023-24,36,2367573,AWAY,20,2023-24:39,VERIFIED_SOURCE_MATCH_ROUTE,VERIFIED
team_match,2023-24,37,2367574,HOME,11,2023-24:14,VERIFIED_SOURCE_MATCH_ROUTE,VERIFIED
team_match,2023-24,37,2367574,AWAY,2,2023-24:7,VERIFIED_SOURCE_MATCH_ROUTE,VERIFIED
team_match,2023-24,38,2367575,HOME,12,2023-24:102,VERIFIED_SOURCE_MATCH_ROUTE,VERIFIED
team_match,2023-24,38,2367575,AWAY,19,2023-24:21,VERIFIED_SOURCE_MATCH_ROUTE,VERIFIED
team_match,2023-24,39,2367576,HOME,13,2023-24:43,VERIFIED_SOURCE_MATCH_ROUTE,VERIFIED
team_match,2023-24,39,2367576,AWAY,10,2023-24:54,VERIFIED_SOURCE_MATCH_ROUTE,VERIFIED
team_match,2023-24,40,2367577,HOME,17,2023-24:49,VERIFIED_SOURCE_MATCH_ROUTE,VERIFIED
team_match,2023-24,40,2367577,AWAY,9,2023-24:11,VERIFIED_SOURCE_MATCH_ROUTE,VERIFIED
team_match,2023-24,41,2367579,HOME,2,2023-24:7,VERIFIED_SOURCE_MATCH_ROUTE,VERIFIED
team_match,2023-24,41,2367579,AWAY,8,2023-24:31,VERIFIED_SOURCE_MATCH_ROUTE,VERIFIED
team_match,2023-24,42,2367578,HOME,3,2023-24:91,VERIFIED_SOURCE_MATCH_ROUTE,VERIFIED
team_match,2023-24,42,2367578,AWAY,7,2023-24:8,VERIFIED_SOURCE_MATCH_ROUTE,VERIFIED
team_match,2023-24,43,2367580,HOME,9,2023-24:11,VERIFIED_SOURCE_MATCH_ROUTE,VERIFIED
team_match,2023-24,43,2367580,AWAY,1,2023-24:3,VERIFIED_SOURCE_MATCH_ROUTE,VERIFIED
team_match,2023-24,44,2367581,HOME,10,2023-24:54,VERIFIED_SOURCE_MATCH_ROUTE,VERIFIED
team_match,2023-24,44,2367581,AWAY,12,2023-24:102,VERIFIED_SOURCE_MATCH_ROUTE,VERIFIED
team_match,2023-24,45,2367582,HOME,14,2023-24:1,VERIFIED_SOURCE_MATCH_ROUTE,VERIFIED
team_match,2023-24,45,2367582,AWAY,5,2023-24:36,VERIFIED_SOURCE_MATCH_ROUTE,VERIFIED
team_match,2023-24,46,2367583,HOME,15,2023-24:4,VERIFIED_SOURCE_MATCH_ROUTE,VERIFIED
team_match,2023-24,46,2367583,AWAY,4,2023-24:94,VERIFIED_SOURCE_MATCH_ROUTE,VERIFIED
team_match,2023-24,47,2367584,HOME,16,2023-24:17,VERIFIED_SOURCE_MATCH_ROUTE,VERIFIED
team_match,2023-24,47,2367584,AWAY,6,2023-24:90,VERIFIED_SOURCE_MATCH_ROUTE,VERIFIED
team_match,2023-24,48,2367585,HOME,18,2023-24:6,VERIFIED_SOURCE_MATCH_ROUTE,VERIFIED
team_match,2023-24,48,2367585,AWAY,17,2023-24:49,VERIFIED_SOURCE_MATCH_ROUTE,VERIFIED
team_match,2023-24,49,2367586,HOME,19,2023-24:21,VERIFIED_SOURCE_MATCH_ROUTE,VERIFIED
team_match,2023-24,49,2367586,AWAY,13,2023-24:43,VERIFIED_SOURCE_MATCH_ROUTE,VERIFIED
team_match,2023-24,50,2367587,HOME,20,2023-24:39,VERIFIED_SOURCE_MATCH_ROUTE,VERIFIED
team_match,2023-24,50,2367587,AWAY,11,2023-24:14,VERIFIED_SOURCE_MATCH_ROUTE,VERIFIED
team_match,2023-24,51,2367588,HOME,1,2023-24:3,VERIFIED_SOURCE_MATCH_ROUTE,VERIFIED
team_match,2023-24,51,2367588,AWAY,18,2023-24:6,VERIFIED_SOURCE_MATCH_ROUTE,VERIFIED
team_match,2023-24,52,2367589,HOME,4,2023-24:94,VERIFIED_SOURCE_MATCH_ROUTE,VERIFIED
team_match,2023-24,52,2367589,AWAY,9,2023-24:11,VERIFIED_SOURCE_MATCH_ROUTE,VERIFIED
team_match,2023-24,53,2367590,HOME,5,2023-24:36,VERIFIED_SOURCE_MATCH_ROUTE,VERIFIED
team_match,2023-24,53,2367590,AWAY,3,2023-24:91,VERIFIED_SOURCE_MATCH_ROUTE,VERIFIED
team_match,2023-24,54,2367591,HOME,6,2023-24:90,VERIFIED_SOURCE_MATCH_ROUTE,VERIFIED
team_match,2023-24,54,2367591,AWAY,14,2023-24:1,VERIFIED_SOURCE_MATCH_ROUTE,VERIFIED
team_match,2023-24,55,2367592,HOME,7,2023-24:8,VERIFIED_SOURCE_MATCH_ROUTE,VERIFIED
team_match,2023-24,55,2367592,AWAY,2,2023-24:7,VERIFIED_SOURCE_MATCH_ROUTE,VERIFIED
team_match,2023-24,56,2367593,HOME,8,2023-24:31,VERIFIED_SOURCE_MATCH_ROUTE,VERIFIED
team_match,2023-24,56,2367593,AWAY,10,2023-24:54,VERIFIED_SOURCE_MATCH_ROUTE,VERIFIED
team_match,2023-24,57,2367594,HOME,11,2023-24:14,VERIFIED_SOURCE_MATCH_ROUTE,VERIFIED
team_match,2023-24,57,2367594,AWAY,19,2023-24:21,VERIFIED_SOURCE_MATCH_ROUTE,VERIFIED
team_match,2023-24,58,2367595,HOME,12,2023-24:102,VERIFIED_SOURCE_MATCH_ROUTE,VERIFIED
team_match,2023-24,58,2367595,AWAY,20,2023-24:39,VERIFIED_SOURCE_MATCH_ROUTE,VERIFIED
team_match,2023-24,59,2367596,HOME,13,2023-24:43,VERIFIED_SOURCE_MATCH_ROUTE,VERIFIED
team_match,2023-24,59,2367596,AWAY,16,2023-24:17,VERIFIED_SOURCE_MATCH_ROUTE,VERIFIED
team_match,2023-24,60,2367597,HOME,17,2023-24:49,VERIFIED_SOURCE_MATCH_ROUTE,VERIFIED
team_match,2023-24,60,2367597,AWAY,15,2023-24:4,VERIFIED_SOURCE_MATCH_ROUTE,VERIFIED
team_match,2023-24,61,2367599,HOME,2,2023-24:7,VERIFIED_SOURCE_MATCH_ROUTE,VERIFIED
team_match,2023-24,61,2367599,AWAY,5,2023-24:36,VERIFIED_SOURCE_MATCH_ROUTE,VERIFIED
team_match,2023-24,62,2367598,HOME,3,2023-24:91,VERIFIED_SOURCE_MATCH_ROUTE,VERIFIED
team_match,2023-24,62,2367598,AWAY,1,2023-24:3,VERIFIED_SOURCE_MATCH_ROUTE,VERIFIED
team_match,2023-24,63,2367600,HOME,9,2023-24:11,VERIFIED_SOURCE_MATCH_ROUTE,VERIFIED
team_match,2023-24,63,2367600,AWAY,12,2023-24:102,VERIFIED_SOURCE_MATCH_ROUTE,VERIFIED
team_match,2023-24,64,2367601,HOME,10,2023-24:54,VERIFIED_SOURCE_MATCH_ROUTE,VERIFIED
team_match,2023-24,64,2367601,AWAY,7,2023-24:8,VERIFIED_SOURCE_MATCH_ROUTE,VERIFIED
team_match,2023-24,65,2367602,HOME,14,2023-24:1,VERIFIED_SOURCE_MATCH_ROUTE,VERIFIED
team_match,2023-24,65,2367602,AWAY,8,2023-24:31,VERIFIED_SOURCE_MATCH_ROUTE,VERIFIED
team_match,2023-24,66,2367603,HOME,15,2023-24:4,VERIFIED_SOURCE_MATCH_ROUTE,VERIFIED
team_match,2023-24,66,2367603,AWAY,6,2023-24:90,VERIFIED_SOURCE_MATCH_ROUTE,VERIFIED
team_match,2023-24,67,2367604,HOME,16,2023-24:17,VERIFIED_SOURCE_MATCH_ROUTE,VERIFIED
team_match,2023-24,67,2367604,AWAY,4,2023-24:94,VERIFIED_SOURCE_MATCH_ROUTE,VERIFIED
team_match,2023-24,68,2367605,HOME,18,2023-24:6,VERIFIED_SOURCE_MATCH_ROUTE,VERIFIED
team_match,2023-24,68,2367605,AWAY,11,2023-24:14,VERIFIED_SOURCE_MATCH_ROUTE,VERIFIED
team_match,2023-24,69,2367606,HOME,19,2023-24:21,VERIFIED_SOURCE_MATCH_ROUTE,VERIFIED
team_match,2023-24,69,2367606,AWAY,17,2023-24:49,VERIFIED_SOURCE_MATCH_ROUTE,VERIFIED
team_match,2023-24,70,2367607,HOME,20,2023-24:39,VERIFIED_SOURCE_MATCH_ROUTE,VERIFIED
team_match,2023-24,70,2367607,AWAY,13,2023-24:43,VERIFIED_SOURCE_MATCH_ROUTE,VERIFIED
team_match,2023-24,71,2367608,HOME,1,2023-24:3,VERIFIED_SOURCE_MATCH_ROUTE,VERIFIED
team_match,2023-24,71,2367608,AWAY,13,2023-24:43,VERIFIED_SOURCE_MATCH_ROUTE,VERIFIED
team_match,2023-24,72,2367609,HOME,5,2023-24:36,VERIFIED_SOURCE_MATCH_ROUTE,VERIFIED
team_match,2023-24,72,2367609,AWAY,11,2023-24:14,VERIFIED_SOURCE_MATCH_ROUTE,VERIFIED
team_match,2023-24,73,2367610,HOME,6,2023-24:90,VERIFIED_SOURCE_MATCH_ROUTE,VERIFIED
team_match,2023-24,73,2367610,AWAY,7,2023-24:8,VERIFIED_SOURCE_MATCH_ROUTE,VERIFIED
team_match,2023-24,74,2367611,HOME,8,2023-24:31,VERIFIED_SOURCE_MATCH_ROUTE,VERIFIED
team_match,2023-24,74,2367611,AWAY,16,2023-24:17,VERIFIED_SOURCE_MATCH_ROUTE,VERIFIED
team_match,2023-24,75,2367612,HOME,9,2023-24:11,VERIFIED_SOURCE_MATCH_ROUTE,VERIFIED
team_match,2023-24,75,2367612,AWAY,3,2023-24:91,VERIFIED_SOURCE_MATCH_ROUTE,VERIFIED
team_match,2023-24,76,2367613,HOME,10,2023-24:54,VERIFIED_SOURCE_MATCH_ROUTE,VERIFIED
team_match,2023-24,76,2367613,AWAY,17,2023-24:49,VERIFIED_SOURCE_MATCH_ROUTE,VERIFIED
team_match,2023-24,77,2367614,HOME,12,2023-24:102,VERIFIED_SOURCE_MATCH_ROUTE,VERIFIED
team_match,2023-24,77,2367614,AWAY,18,2023-24:6,VERIFIED_SOURCE_MATCH_ROUTE,VERIFIED
team_match,2023-24,78,2367615,HOME,14,2023-24:1,VERIFIED_SOURCE_MATCH_ROUTE,VERIFIED
team_match,2023-24,78,2367615,AWAY,4,2023-24:94,VERIFIED_SOURCE_MATCH_ROUTE,VERIFIED
team_match,2023-24,79,2367616,HOME,19,2023-24:21,VERIFIED_SOURCE_MATCH_ROUTE,VERIFIED
team_match,2023-24,79,2367616,AWAY,15,2023-24:4,VERIFIED_SOURCE_MATCH_ROUTE,VERIFIED
team_match,2023-24,80,2367617,HOME,20,2023-24:39,VERIFIED_SOURCE_MATCH_ROUTE,VERIFIED
team_match,2023-24,80,2367617,AWAY,2,2023-24:7,VERIFIED_SOURCE_MATCH_ROUTE,VERIFIED
team_match,2023-24,81,2367619,HOME,2,2023-24:7,VERIFIED_SOURCE_MATCH_ROUTE,VERIFIED
team_match,2023-24,81,2367619,AWAY,19,2023-24:21,VERIFIED_SOURCE_MATCH_ROUTE,VERIFIED
team_match,2023-24,82,2367618,HOME,3,2023-24:91,VERIFIED_SOURCE_MATCH_ROUTE,VERIFIED
team_match,2023-24,82,2367618,AWAY,20,2023-24:39,VERIFIED_SOURCE_MATCH_ROUTE,VERIFIED
team_match,2023-24,83,2367620,HOME,4,2023-24:94,VERIFIED_SOURCE_MATCH_ROUTE,VERIFIED
team_match,2023-24,83,2367620,AWAY,6,2023-24:90,VERIFIED_SOURCE_MATCH_ROUTE,VERIFIED
team_match,2023-24,84,2367621,HOME,7,2023-24:8,VERIFIED_SOURCE_MATCH_ROUTE,VERIFIED
team_match,2023-24,84,2367621,AWAY,1,2023-24:3,VERIFIED_SOURCE_MATCH_ROUTE,VERIFIED
team_match,2023-24,85,2367622,HOME,11,2023-24:14,VERIFIED_SOURCE_MATCH_ROUTE,VERIFIED
team_match,2023-24,85,2367622,AWAY,9,2023-24:11,VERIFIED_SOURCE_MATCH_ROUTE,VERIFIED
team_match,2023-24,86,2367623,HOME,13,2023-24:43,VERIFIED_SOURCE_MATCH_ROUTE,VERIFIED
team_match,2023-24,86,2367623,AWAY,5,2023-24:36,VERIFIED_SOURCE_MATCH_ROUTE,VERIFIED
team_match,2023-24,87,2367624,HOME,15,2023-24:4,VERIFIED_SOURCE_MATCH_ROUTE,VERIFIED
team_match,2023-24,87,2367624,AWAY,8,2023-24:31,VERIFIED_SOURCE_MATCH_ROUTE,VERIFIED
team_match,2023-24,88,2367625,HOME,16,2023-24:17,VERIFIED_SOURCE_MATCH_ROUTE,VERIFIED
team_match,2023-24,88,2367625,AWAY,12,2023-24:102,VERIFIED_SOURCE_MATCH_ROUTE,VERIFIED
team_match,2023-24,89,2367626,HOME,17,2023-24:49,VERIFIED_SOURCE_MATCH_ROUTE,VERIFIED
team_match,2023-24,89,2367626,AWAY,14,2023-24:1,VERIFIED_SOURCE_MATCH_ROUTE,VERIFIED
team_match,2023-24,90,2367627,HOME,18,2023-24:6,VERIFIED_SOURCE_MATCH_ROUTE,VERIFIED
team_match,2023-24,90,2367627,AWAY,10,2023-24:54,VERIFIED_SOURCE_MATCH_ROUTE,VERIFIED
team_match,2023-24,91,2367629,HOME,1,2023-24:3,VERIFIED_SOURCE_MATCH_ROUTE,VERIFIED
team_match,2023-24,91,2367629,AWAY,17,2023-24:49,VERIFIED_SOURCE_MATCH_ROUTE,VERIFIED
team_match,2023-24,92,2367630,HOME,2,2023-24:7,VERIFIED_SOURCE_MATCH_ROUTE,VERIFIED
team_match,2023-24,92,2367630,AWAY,12,2023-24:102,VERIFIED_SOURCE_MATCH_ROUTE,VERIFIED
team_match,2023-24,93,2367628,HOME,3,2023-24:91,VERIFIED_SOURCE_MATCH_ROUTE,VERIFIED
team_match,2023-24,93,2367628,AWAY,6,2023-24:90,VERIFIED_SOURCE_MATCH_ROUTE,VERIFIED
team_match,2023-24,94,2367631,HOME,5,2023-24:36,VERIFIED_SOURCE_MATCH_ROUTE,VERIFIED
team_match,2023-24,94,2367631,AWAY,10,2023-24:54,VERIFIED_SOURCE_MATCH_ROUTE,VERIFIED
team_match,2023-24,95,2367632,HOME,7,2023-24:8,VERIFIED_SOURCE_MATCH_ROUTE,VERIFIED
team_match,2023-24,95,2367632,AWAY,4,2023-24:94,VERIFIED_SOURCE_MATCH_ROUTE,VERIFIED
team_match,2023-24,96,2367633,HOME,8,2023-24:31,VERIFIED_SOURCE_MATCH_ROUTE,VERIFIED
team_match,2023-24,96,2367633,AWAY,18,2023-24:6,VERIFIED_SOURCE_MATCH_ROUTE,VERIFIED
team_match,2023-24,97,2367634,HOME,11,2023-24:14,VERIFIED_SOURCE_MATCH_ROUTE,VERIFIED
team_match,2023-24,97,2367634,AWAY,16,2023-24:17,VERIFIED_SOURCE_MATCH_ROUTE,VERIFIED
team_match,2023-24,98,2367635,HOME,14,2023-24:1,VERIFIED_SOURCE_MATCH_ROUTE,VERIFIED
team_match,2023-24,98,2367635,AWAY,13,2023-24:43,VERIFIED_SOURCE_MATCH_ROUTE,VERIFIED
team_match,2023-24,99,2367636,HOME,19,2023-24:21,VERIFIED_SOURCE_MATCH_ROUTE,VERIFIED
team_match,2023-24,99,2367636,AWAY,9,2023-24:11,VERIFIED_SOURCE_MATCH_ROUTE,VERIFIED
team_match,2023-24,100,2367637,HOME,20,2023-24:39,VERIFIED_SOURCE_MATCH_ROUTE,VERIFIED
team_match,2023-24,100,2367637,AWAY,15,2023-24:4,VERIFIED_SOURCE_MATCH_ROUTE,VERIFIED
team_match,2023-24,101,2367638,HOME,4,2023-24:94,VERIFIED_SOURCE_MATCH_ROUTE,VERIFIED
team_match,2023-24,101,2367638,AWAY,19,2023-24:21,VERIFIED_SOURCE_MATCH_ROUTE,VERIFIED
team_match,2023-24,102,2367639,HOME,6,2023-24:90,VERIFIED_SOURCE_MATCH_ROUTE,VERIFIED
team_match,2023-24,102,2367639,AWAY,8,2023-24:31,VERIFIED_SOURCE_MATCH_ROUTE,VERIFIED
team_match,2023-24,103,2367640,HOME,9,2023-24:11,VERIFIED_SOURCE_MATCH_ROUTE,VERIFIED
team_match,2023-24,103,2367640,AWAY,5,2023-24:36,VERIFIED_SOURCE_MATCH_ROUTE,VERIFIED
team_match,2023-24,104,2367641,HOME,10,2023-24:54,VERIFIED_SOURCE_MATCH_ROUTE,VERIFIED
team_match,2023-24,104,2367641,AWAY,14,2023-24:1,VERIFIED_SOURCE_MATCH_ROUTE,VERIFIED
team_match,2023-24,105,2367642,HOME,12,2023-24:102,VERIFIED_SOURCE_MATCH_ROUTE,VERIFIED
team_match,2023-24,105,2367642,AWAY,11,2023-24:14,VERIFIED_SOURCE_MATCH_ROUTE,VERIFIED
team_match,2023-24,106,2367643,HOME,13,2023-24:43,VERIFIED_SOURCE_MATCH_ROUTE,VERIFIED
team_match,2023-24,106,2367643,AWAY,3,2023-24:91,VERIFIED_SOURCE_MATCH_ROUTE,VERIFIED
team_match,2023-24,107,2367644,HOME,15,2023-24:4,VERIFIED_SOURCE_MATCH_ROUTE,VERIFIED
team_match,2023-24,107,2367644,AWAY,1,2023-24:3,VERIFIED_SOURCE_MATCH_ROUTE,VERIFIED
team_match,2023-24,108,2367645,HOME,16,2023-24:17,VERIFIED_SOURCE_MATCH_ROUTE,VERIFIED
team_match,2023-24,108,2367645,AWAY,2,2023-24:7,VERIFIED_SOURCE_MATCH_ROUTE,VERIFIED
team_match,2023-24,109,2367646,HOME,17,2023-24:49,VERIFIED_SOURCE_MATCH_ROUTE,VERIFIED
team_match,2023-24,109,2367646,AWAY,20,2023-24:39,VERIFIED_SOURCE_MATCH_ROUTE,VERIFIED
team_match,2023-24,110,2367647,HOME,18,2023-24:6,VERIFIED_SOURCE_MATCH_ROUTE,VERIFIED
team_match,2023-24,110,2367647,AWAY,7,2023-24:8,VERIFIED_SOURCE_MATCH_ROUTE,VERIFIED
team_match,2023-24,111,2367649,HOME,1,2023-24:3,VERIFIED_SOURCE_MATCH_ROUTE,VERIFIED
team_match,2023-24,111,2367649,AWAY,6,2023-24:90,VERIFIED_SOURCE_MATCH_ROUTE,VERIFIED
team_match,2023-24,112,2367650,HOME,2,2023-24:7,VERIFIED_SOURCE_MATCH_ROUTE,VERIFIED
team_match,2023-24,112,2367650,AWAY,10,2023-24:54,VERIFIED_SOURCE_MATCH_ROUTE,VERIFIED
team_match,2023-24,113,2367648,HOME,3,2023-24:91,VERIFIED_SOURCE_MATCH_ROUTE,VERIFIED
team_match,2023-24,113,2367648,AWAY,15,2023-24:4,VERIFIED_SOURCE_MATCH_ROUTE,VERIFIED
team_match,2023-24,114,2367651,HOME,5,2023-24:36,VERIFIED_SOURCE_MATCH_ROUTE,VERIFIED
team_match,2023-24,114,2367651,AWAY,17,2023-24:49,VERIFIED_SOURCE_MATCH_ROUTE,VERIFIED
team_match,2023-24,115,2367652,HOME,7,2023-24:8,VERIFIED_SOURCE_MATCH_ROUTE,VERIFIED
team_match,2023-24,115,2367652,AWAY,13,2023-24:43,VERIFIED_SOURCE_MATCH_ROUTE,VERIFIED
team_match,2023-24,116,2367653,HOME,8,2023-24:31,VERIFIED_SOURCE_MATCH_ROUTE,VERIFIED
team_match,2023-24,116,2367653,AWAY,9,2023-24:11,VERIFIED_SOURCE_MATCH_ROUTE,VERIFIED
team_match,2023-24,117,2367654,HOME,11,2023-24:14,VERIFIED_SOURCE_MATCH_ROUTE,VERIFIED
team_match,2023-24,117,2367654,AWAY,4,2023-24:94,VERIFIED_SOURCE_MATCH_ROUTE,VERIFIED
team_match,2023-24,118,2367655,HOME,14,2023-24:1,VERIFIED_SOURCE_MATCH_ROUTE,VERIFIED
team_match,2023-24,118,2367655,AWAY,12,2023-24:102,VERIFIED_SOURCE_MATCH_ROUTE,VERIFIED
team_match,2023-24,119,2367656,HOME,19,2023-24:21,VERIFIED_SOURCE_MATCH_ROUTE,VERIFIED
team_match,2023-24,119,2367656,AWAY,16,2023-24:17,VERIFIED_SOURCE_MATCH_ROUTE,VERIFIED
team_match,2023-24,120,2367657,HOME,20,2023-24:39,VERIFIED_SOURCE_MATCH_ROUTE,VERIFIED
team_match,2023-24,120,2367657,AWAY,18,2023-24:6,VERIFIED_SOURCE_MATCH_ROUTE,VERIFIED
team_match,2023-24,121,2367658,HOME,4,2023-24:94,VERIFIED_SOURCE_MATCH_ROUTE,VERIFIED
team_match,2023-24,121,2367658,AWAY,1,2023-24:3,VERIFIED_SOURCE_MATCH_ROUTE,VERIFIED
team_match,2023-24,122,2367659,HOME,6,2023-24:90,VERIFIED_SOURCE_MATCH_ROUTE,VERIFIED
team_match,2023-24,122,2367659,AWAY,19,2023-24:21,VERIFIED_SOURCE_MATCH_ROUTE,VERIFIED
team_match,2023-24,123,2367660,HOME,9,2023-24:11,VERIFIED_SOURCE_MATCH_ROUTE,VERIFIED
team_match,2023-24,123,2367660,AWAY,14,2023-24:1,VERIFIED_SOURCE_MATCH_ROUTE,VERIFIED
team_match,2023-24,124,2367661,HOME,10,2023-24:54,VERIFIED_SOURCE_MATCH_ROUTE,VERIFIED
team_match,2023-24,124,2367661,AWAY,20,2023-24:39,VERIFIED_SOURCE_MATCH_ROUTE,VERIFIED
team_match,2023-24,125,2367662,HOME,12,2023-24:102,VERIFIED_SOURCE_MATCH_ROUTE,VERIFIED
team_match,2023-24,125,2367662,AWAY,8,2023-24:31,VERIFIED_SOURCE_MATCH_ROUTE,VERIFIED
team_match,2023-24,126,2367663,HOME,13,2023-24:43,VERIFIED_SOURCE_MATCH_ROUTE,VERIFIED
team_match,2023-24,126,2367663,AWAY,11,2023-24:14,VERIFIED_SOURCE_MATCH_ROUTE,VERIFIED
team_match,2023-24,127,2367664,HOME,15,2023-24:4,VERIFIED_SOURCE_MATCH_ROUTE,VERIFIED
team_match,2023-24,127,2367664,AWAY,7,2023-24:8,VERIFIED_SOURCE_MATCH_ROUTE,VERIFIED
team_match,2023-24,128,2367665,HOME,16,2023-24:17,VERIFIED_SOURCE_MATCH_ROUTE,VERIFIED
team_match,2023-24,128,2367665,AWAY,5,2023-24:36,VERIFIED_SOURCE_MATCH_ROUTE,VERIFIED
team_match,2023-24,129,2367666,HOME,17,2023-24:49,VERIFIED_SOURCE_MATCH_ROUTE,VERIFIED
team_match,2023-24,129,2367666,AWAY,3,2023-24:91,VERIFIED_SOURCE_MATCH_ROUTE,VERIFIED
team_match,2023-24,130,2367667,HOME,18,2023-24:6,VERIFIED_SOURCE_MATCH_ROUTE,VERIFIED
team_match,2023-24,130,2367667,AWAY,2,2023-24:7,VERIFIED_SOURCE_MATCH_ROUTE,VERIFIED
team_match,2023-24,131,2367669,HOME,1,2023-24:3,VERIFIED_SOURCE_MATCH_ROUTE,VERIFIED
team_match,2023-24,131,2367669,AWAY,20,2023-24:39,VERIFIED_SOURCE_MATCH_ROUTE,VERIFIED
team_match,2023-24,132,2367668,HOME,3,2023-24:91,VERIFIED_SOURCE_MATCH_ROUTE,VERIFIED
team_match,2023-24,132,2367668,AWAY,2,2023-24:7,VERIFIED_SOURCE_MATCH_ROUTE,VERIFIED
team_match,2023-24,133,2367670,HOME,4,2023-24:94,VERIFIED_SOURCE_MATCH_ROUTE,VERIFIED
team_match,2023-24,133,2367670,AWAY,12,2023-24:102,VERIFIED_SOURCE_MATCH_ROUTE,VERIFIED
team_match,2023-24,134,2367671,HOME,6,2023-24:90,VERIFIED_SOURCE_MATCH_ROUTE,VERIFIED
team_match,2023-24,134,2367671,AWAY,17,2023-24:49,VERIFIED_SOURCE_MATCH_ROUTE,VERIFIED
team_match,2023-24,135,2367672,HOME,7,2023-24:8,VERIFIED_SOURCE_MATCH_ROUTE,VERIFIED
team_match,2023-24,135,2367672,AWAY,5,2023-24:36,VERIFIED_SOURCE_MATCH_ROUTE,VERIFIED
team_match,2023-24,136,2367673,HOME,11,2023-24:14,VERIFIED_SOURCE_MATCH_ROUTE,VERIFIED
team_match,2023-24,136,2367673,AWAY,10,2023-24:54,VERIFIED_SOURCE_MATCH_ROUTE,VERIFIED
team_match,2023-24,137,2367674,HOME,13,2023-24:43,VERIFIED_SOURCE_MATCH_ROUTE,VERIFIED
team_match,2023-24,137,2367674,AWAY,18,2023-24:6,VERIFIED_SOURCE_MATCH_ROUTE,VERIFIED
team_match,2023-24,138,2367675,HOME,15,2023-24:4,VERIFIED_SOURCE_MATCH_ROUTE,VERIFIED
team_match,2023-24,138,2367675,AWAY,14,2023-24:1,VERIFIED_SOURCE_MATCH_ROUTE,VERIFIED
team_match,2023-24,139,2367676,HOME,16,2023-24:17,VERIFIED_SOURCE_MATCH_ROUTE,VERIFIED
team_match,2023-24,139,2367676,AWAY,9,2023-24:11,VERIFIED_SOURCE_MATCH_ROUTE,VERIFIED
team_match,2023-24,140,2367677,HOME,19,2023-24:21,VERIFIED_SOURCE_MATCH_ROUTE,VERIFIED
team_match,2023-24,140,2367677,AWAY,8,2023-24:31,VERIFIED_SOURCE_MATCH_ROUTE,VERIFIED
team_match,2023-24,141,2367678,HOME,2,2023-24:7,VERIFIED_SOURCE_MATCH_ROUTE,VERIFIED
team_match,2023-24,141,2367678,AWAY,13,2023-24:43,VERIFIED_SOURCE_MATCH_ROUTE,VERIFIED
team_match,2023-24,142,2367679,HOME,5,2023-24:36,VERIFIED_SOURCE_MATCH_ROUTE,VERIFIED
team_match,2023-24,142,2367679,AWAY,4,2023-24:94,VERIFIED_SOURCE_MATCH_ROUTE,VERIFIED
team_match,2023-24,143,2367680,HOME,8,2023-24:31,VERIFIED_SOURCE_MATCH_ROUTE,VERIFIED
team_match,2023-24,143,2367680,AWAY,3,2023-24:91,VERIFIED_SOURCE_MATCH_ROUTE,VERIFIED
team_match,2023-24,144,2367681,HOME,9,2023-24:11,VERIFIED_SOURCE_MATCH_ROUTE,VERIFIED
team_match,2023-24,144,2367681,AWAY,15,2023-24:4,VERIFIED_SOURCE_MATCH_ROUTE,VERIFIED
team_match,2023-24,145,2367682,HOME,10,2023-24:54,VERIFIED_SOURCE_MATCH_ROUTE,VERIFIED
team_match,2023-24,145,2367682,AWAY,16,2023-24:17,VERIFIED_SOURCE_MATCH_ROUTE,VERIFIED
team_match,2023-24,146,2367683,HOME,12,2023-24:102,VERIFIED_SOURCE_MATCH_ROUTE,VERIFIED
team_match,2023-24,146,2367683,AWAY,1,2023-24:3,VERIFIED_SOURCE_MATCH_ROUTE,VERIFIED
team_match,2023-24,147,2367684,HOME,17,2023-24:49,VERIFIED_SOURCE_MATCH_ROUTE,VERIFIED
team_match,2023-24,147,2367684,AWAY,11,2023-24:14,VERIFIED_SOURCE_MATCH_ROUTE,VERIFIED
team_match,2023-24,148,2367685,HOME,18,2023-24:6,VERIFIED_SOURCE_MATCH_ROUTE,VERIFIED
team_match,2023-24,148,2367685,AWAY,19,2023-24:21,VERIFIED_SOURCE_MATCH_ROUTE,VERIFIED
team_match,2023-24,149,2367686,HOME,20,2023-24:39,VERIFIED_SOURCE_MATCH_ROUTE,VERIFIED
team_match,2023-24,149,2367686,AWAY,6,2023-24:90,VERIFIED_SOURCE_MATCH_ROUTE,VERIFIED
team_match,2023-24,150,2367687,HOME,14,2023-24:1,VERIFIED_SOURCE_MATCH_ROUTE,VERIFIED
team_match,2023-24,150,2367687,AWAY,7,2023-24:8,VERIFIED_SOURCE_MATCH_ROUTE,VERIFIED
team_match,2023-24,151,2367688,HOME,2,2023-24:7,VERIFIED_SOURCE_MATCH_ROUTE,VERIFIED
team_match,2023-24,151,2367688,AWAY,1,2023-24:3,VERIFIED_SOURCE_MATCH_ROUTE,VERIFIED
team_match,2023-24,152,2367689,HOME,5,2023-24:36,VERIFIED_SOURCE_MATCH_ROUTE,VERIFIED
team_match,2023-24,152,2367689,AWAY,6,2023-24:90,VERIFIED_SOURCE_MATCH_ROUTE,VERIFIED
team_match,2023-24,153,2367690,HOME,8,2023-24:31,VERIFIED_SOURCE_MATCH_ROUTE,VERIFIED
team_match,2023-24,153,2367690,AWAY,11,2023-24:14,VERIFIED_SOURCE_MATCH_ROUTE,VERIFIED
team_match,2023-24,154,2367691,HOME,9,2023-24:11,VERIFIED_SOURCE_MATCH_ROUTE,VERIFIED
team_match,2023-24,154,2367691,AWAY,7,2023-24:8,VERIFIED_SOURCE_MATCH_ROUTE,VERIFIED
team_match,2023-24,155,2367692,HOME,10,2023-24:54,VERIFIED_SOURCE_MATCH_ROUTE,VERIFIED
team_match,2023-24,155,2367692,AWAY,19,2023-24:21,VERIFIED_SOURCE_MATCH_ROUTE,VERIFIED
team_match,2023-24,156,2367693,HOME,12,2023-24:102,VERIFIED_SOURCE_MATCH_ROUTE,VERIFIED
team_match,2023-24,156,2367693,AWAY,13,2023-24:43,VERIFIED_SOURCE_MATCH_ROUTE,VERIFIED
team_match,2023-24,157,2367694,HOME,14,2023-24:1,VERIFIED_SOURCE_MATCH_ROUTE,VERIFIED
team_match,2023-24,157,2367694,AWAY,3,2023-24:91,VERIFIED_SOURCE_MATCH_ROUTE,VERIFIED
team_match,2023-24,158,2367695,HOME,17,2023-24:49,VERIFIED_SOURCE_MATCH_ROUTE,VERIFIED
team_match,2023-24,158,2367695,AWAY,4,2023-24:94,VERIFIED_SOURCE_MATCH_ROUTE,VERIFIED
team_match,2023-24,159,2367696,HOME,18,2023-24:6,VERIFIED_SOURCE_MATCH_ROUTE,VERIFIED
team_match,2023-24,159,2367696,AWAY,15,2023-24:4,VERIFIED_SOURCE_MATCH_ROUTE,VERIFIED
team_match,2023-24,160,2367697,HOME,20,2023-24:39,VERIFIED_SOURCE_MATCH_ROUTE,VERIFIED
team_match,2023-24,160,2367697,AWAY,16,2023-24:17,VERIFIED_SOURCE_MATCH_ROUTE,VERIFIED
team_match,2023-24,161,2367699,HOME,1,2023-24:3,VERIFIED_SOURCE_MATCH_ROUTE,VERIFIED
team_match,2023-24,161,2367699,AWAY,5,2023-24:36,VERIFIED_SOURCE_MATCH_ROUTE,VERIFIED
team_match,2023-24,162,2367698,HOME,3,2023-24:91,VERIFIED_SOURCE_MATCH_ROUTE,VERIFIED
team_match,2023-24,162,2367698,AWAY,12,2023-24:102,VERIFIED_SOURCE_MATCH_ROUTE,VERIFIED
team_match,2023-24,163,2367700,HOME,4,2023-24:94,VERIFIED_SOURCE_MATCH_ROUTE,VERIFIED
team_match,2023-24,163,2367700,AWAY,2,2023-24:7,VERIFIED_SOURCE_MATCH_ROUTE,VERIFIED
team_match,2023-24,164,2367701,HOME,6,2023-24:90,VERIFIED_SOURCE_MATCH_ROUTE,VERIFIED
team_match,2023-24,164,2367701,AWAY,9,2023-24:11,VERIFIED_SOURCE_MATCH_ROUTE,VERIFIED
team_match,2023-24,165,2367702,HOME,7,2023-24:8,VERIFIED_SOURCE_MATCH_ROUTE,VERIFIED
team_match,2023-24,165,2367702,AWAY,17,2023-24:49,VERIFIED_SOURCE_MATCH_ROUTE,VERIFIED
team_match,2023-24,166,2367703,HOME,11,2023-24:14,VERIFIED_SOURCE_MATCH_ROUTE,VERIFIED
team_match,2023-24,166,2367703,AWAY,14,2023-24:1,VERIFIED_SOURCE_MATCH_ROUTE,VERIFIED
team_match,2023-24,167,2367704,HOME,13,2023-24:43,VERIFIED_SOURCE_MATCH_ROUTE,VERIFIED
team_match,2023-24,167,2367704,AWAY,8,2023-24:31,VERIFIED_SOURCE_MATCH_ROUTE,VERIFIED
team_match,2023-24,168,2367705,HOME,15,2023-24:4,VERIFIED_SOURCE_MATCH_ROUTE,VERIFIED
team_match,2023-24,168,2367705,AWAY,10,2023-24:54,VERIFIED_SOURCE_MATCH_ROUTE,VERIFIED
team_match,2023-24,169,2367706,HOME,16,2023-24:17,VERIFIED_SOURCE_MATCH_ROUTE,VERIFIED
team_match,2023-24,169,2367706,AWAY,18,2023-24:6,VERIFIED_SOURCE_MATCH_ROUTE,VERIFIED
team_match,2023-24,170,2367707,HOME,19,2023-24:21,VERIFIED_SOURCE_MATCH_ROUTE,VERIFIED
team_match,2023-24,170,2367707,AWAY,20,2023-24:39,VERIFIED_SOURCE_MATCH_ROUTE,VERIFIED
team_match,2023-24,171,2367708,HOME,2,2023-24:7,VERIFIED_SOURCE_MATCH_ROUTE,VERIFIED
team_match,2023-24,171,2367708,AWAY,17,2023-24:49,VERIFIED_SOURCE_MATCH_ROUTE,VERIFIED
team_match,2023-24,172,2367709,HOME,8,2023-24:31,VERIFIED_SOURCE_MATCH_ROUTE,VERIFIED
team_match,2023-24,172,2367709,AWAY,5,2023-24:36,VERIFIED_SOURCE_MATCH_ROUTE,VERIFIED
team_match,2023-24,173,2367710,HOME,10,2023-24:54,VERIFIED_SOURCE_MATCH_ROUTE,VERIFIED
team_match,2023-24,173,2367710,AWAY,6,2023-24:90,VERIFIED_SOURCE_MATCH_ROUTE,VERIFIED
team_match,2023-24,174,2367711,HOME,11,2023-24:14,VERIFIED_SOURCE_MATCH_ROUTE,VERIFIED
team_match,2023-24,174,2367711,AWAY,1,2023-24:3,VERIFIED_SOURCE_MATCH_ROUTE,VERIFIED
team_match,2023-24,175,2367712,HOME,12,2023-24:102,VERIFIED_SOURCE_MATCH_ROUTE,VERIFIED
team_match,2023-24,175,2367712,AWAY,15,2023-24:4,VERIFIED_SOURCE_MATCH_ROUTE,VERIFIED
team_match,2023-24,176,2367713,HOME,13,2023-24:43,VERIFIED_SOURCE_MATCH_ROUTE,VERIFIED
team_match,2023-24,176,2367713,AWAY,4,2023-24:94,VERIFIED_SOURCE_MATCH_ROUTE,VERIFIED
team_match,2023-24,177,2367714,HOME,16,2023-24:17,VERIFIED_SOURCE_MATCH_ROUTE,VERIFIED
team_match,2023-24,177,2367714,AWAY,3,2023-24:91,VERIFIED_SOURCE_MATCH_ROUTE,VERIFIED
team_match,2023-24,178,2367715,HOME,18,2023-24:6,VERIFIED_SOURCE_MATCH_ROUTE,VERIFIED
team_match,2023-24,178,2367715,AWAY,9,2023-24:11,VERIFIED_SOURCE_MATCH_ROUTE,VERIFIED
team_match,2023-24,179,2367716,HOME,19,2023-24:21,VERIFIED_SOURCE_MATCH_ROUTE,VERIFIED
team_match,2023-24,179,2367716,AWAY,14,2023-24:1,VERIFIED_SOURCE_MATCH_ROUTE,VERIFIED
team_match,2023-24,180,2367717,HOME,20,2023-24:39,VERIFIED_SOURCE_MATCH_ROUTE,VERIFIED
team_match,2023-24,180,2367717,AWAY,7,2023-24:8,VERIFIED_SOURCE_MATCH_ROUTE,VERIFIED
team_match,2023-24,181,2367719,HOME,1,2023-24:3,VERIFIED_SOURCE_MATCH_ROUTE,VERIFIED
team_match,2023-24,181,2367719,AWAY,19,2023-24:21,VERIFIED_SOURCE_MATCH_ROUTE,VERIFIED
team_match,2023-24,182,2367718,HOME,3,2023-24:91,VERIFIED_SOURCE_MATCH_ROUTE,VERIFIED
team_match,2023-24,182,2367718,AWAY,10,2023-24:54,VERIFIED_SOURCE_MATCH_ROUTE,VERIFIED
team_match,2023-24,183,2367720,HOME,4,2023-24:94,VERIFIED_SOURCE_MATCH_ROUTE,VERIFIED
team_match,2023-24,183,2367720,AWAY,20,2023-24:39,VERIFIED_SOURCE_MATCH_ROUTE,VERIFIED
team_match,2023-24,184,2367721,HOME,5,2023-24:36,VERIFIED_SOURCE_MATCH_ROUTE,VERIFIED
team_match,2023-24,184,2367721,AWAY,18,2023-24:6,VERIFIED_SOURCE_MATCH_ROUTE,VERIFIED
team_match,2023-24,185,2367722,HOME,6,2023-24:90,VERIFIED_SOURCE_MATCH_ROUTE,VERIFIED
team_match,2023-24,185,2367722,AWAY,11,2023-24:14,VERIFIED_SOURCE_MATCH_ROUTE,VERIFIED
team_match,2023-24,186,2367723,HOME,7,2023-24:8,VERIFIED_SOURCE_MATCH_ROUTE,VERIFIED
team_match,2023-24,186,2367723,AWAY,8,2023-24:31,VERIFIED_SOURCE_MATCH_ROUTE,VERIFIED
team_match,2023-24,187,2367724,HOME,9,2023-24:11,VERIFIED_SOURCE_MATCH_ROUTE,VERIFIED
team_match,2023-24,187,2367724,AWAY,13,2023-24:43,VERIFIED_SOURCE_MATCH_ROUTE,VERIFIED
team_match,2023-24,188,2367725,HOME,14,2023-24:1,VERIFIED_SOURCE_MATCH_ROUTE,VERIFIED
team_match,2023-24,188,2367725,AWAY,2,2023-24:7,VERIFIED_SOURCE_MATCH_ROUTE,VERIFIED
team_match,2023-24,189,2367726,HOME,15,2023-24:4,VERIFIED_SOURCE_MATCH_ROUTE,VERIFIED
team_match,2023-24,189,2367726,AWAY,16,2023-24:17,VERIFIED_SOURCE_MATCH_ROUTE,VERIFIED
team_match,2023-24,190,2367727,HOME,17,2023-24:49,VERIFIED_SOURCE_MATCH_ROUTE,VERIFIED
team_match,2023-24,190,2367727,AWAY,12,2023-24:102,VERIFIED_SOURCE_MATCH_ROUTE,VERIFIED
team_match,2023-24,191,2367728,HOME,2,2023-24:7,VERIFIED_SOURCE_MATCH_ROUTE,VERIFIED
team_match,2023-24,191,2367728,AWAY,6,2023-24:90,VERIFIED_SOURCE_MATCH_ROUTE,VERIFIED
team_match,2023-24,192,2367729,HOME,8,2023-24:31,VERIFIED_SOURCE_MATCH_ROUTE,VERIFIED
team_match,2023-24,192,2367729,AWAY,4,2023-24:94,VERIFIED_SOURCE_MATCH_ROUTE,VERIFIED
team_match,2023-24,193,2367730,HOME,10,2023-24:54,VERIFIED_SOURCE_MATCH_ROUTE,VERIFIED
team_match,2023-24,193,2367730,AWAY,1,2023-24:3,VERIFIED_SOURCE_MATCH_ROUTE,VERIFIED
team_match,2023-24,194,2367731,HOME,11,2023-24:14,VERIFIED_SOURCE_MATCH_ROUTE,VERIFIED
team_match,2023-24,194,2367731,AWAY,15,2023-24:4,VERIFIED_SOURCE_MATCH_ROUTE,VERIFIED
team_match,2023-24,195,2367732,HOME,12,2023-24:102,VERIFIED_SOURCE_MATCH_ROUTE,VERIFIED
team_match,2023-24,195,2367732,AWAY,7,2023-24:8,VERIFIED_SOURCE_MATCH_ROUTE,VERIFIED
team_match,2023-24,196,2367733,HOME,13,2023-24:43,VERIFIED_SOURCE_MATCH_ROUTE,VERIFIED
team_match,2023-24,196,2367733,AWAY,17,2023-24:49,VERIFIED_SOURCE_MATCH_ROUTE,VERIFIED
team_match,2023-24,197,2367734,HOME,16,2023-24:17,VERIFIED_SOURCE_MATCH_ROUTE,VERIFIED
team_match,2023-24,197,2367734,AWAY,14,2023-24:1,VERIFIED_SOURCE_MATCH_ROUTE,VERIFIED
team_match,2023-24,198,2367735,HOME,18,2023-24:6,VERIFIED_SOURCE_MATCH_ROUTE,VERIFIED
team_match,2023-24,198,2367735,AWAY,3,2023-24:91,VERIFIED_SOURCE_MATCH_ROUTE,VERIFIED
team_match,2023-24,199,2367736,HOME,19,2023-24:21,VERIFIED_SOURCE_MATCH_ROUTE,VERIFIED
team_match,2023-24,199,2367736,AWAY,5,2023-24:36,VERIFIED_SOURCE_MATCH_ROUTE,VERIFIED
team_match,2023-24,200,2367737,HOME,20,2023-24:39,VERIFIED_SOURCE_MATCH_ROUTE,VERIFIED
team_match,2023-24,200,2367737,AWAY,9,2023-24:11,VERIFIED_SOURCE_MATCH_ROUTE,VERIFIED
team_match,2023-24,201,2367739,HOME,1,2023-24:3,VERIFIED_SOURCE_MATCH_ROUTE,VERIFIED
team_match,2023-24,201,2367739,AWAY,8,2023-24:31,VERIFIED_SOURCE_MATCH_ROUTE,VERIFIED
team_match,2023-24,202,2367738,HOME,3,2023-24:91,VERIFIED_SOURCE_MATCH_ROUTE,VERIFIED
team_match,2023-24,202,2367738,AWAY,11,2023-24:14,VERIFIED_SOURCE_MATCH_ROUTE,VERIFIED
team_match,2023-24,203,2367740,HOME,4,2023-24:94,VERIFIED_SOURCE_MATCH_ROUTE,VERIFIED
team_match,2023-24,203,2367740,AWAY,16,2023-24:17,VERIFIED_SOURCE_MATCH_ROUTE,VERIFIED
team_match,2023-24,204,2367741,HOME,5,2023-24:36,VERIFIED_SOURCE_MATCH_ROUTE,VERIFIED
team_match,2023-24,204,2367741,AWAY,20,2023-24:39,VERIFIED_SOURCE_MATCH_ROUTE,VERIFIED
team_match,2023-24,205,2367742,HOME,6,2023-24:90,VERIFIED_SOURCE_MATCH_ROUTE,VERIFIED
team_match,2023-24,205,2367742,AWAY,12,2023-24:102,VERIFIED_SOURCE_MATCH_ROUTE,VERIFIED
team_match,2023-24,206,2367743,HOME,7,2023-24:8,VERIFIED_SOURCE_MATCH_ROUTE,VERIFIED
team_match,2023-24,206,2367743,AWAY,10,2023-24:54,VERIFIED_SOURCE_MATCH_ROUTE,VERIFIED
team_match,2023-24,207,2367744,HOME,9,2023-24:11,VERIFIED_SOURCE_MATCH_ROUTE,VERIFIED
team_match,2023-24,207,2367744,AWAY,2,2023-24:7,VERIFIED_SOURCE_MATCH_ROUTE,VERIFIED
team_match,2023-24,208,2367745,HOME,14,2023-24:1,VERIFIED_SOURCE_MATCH_ROUTE,VERIFIED
team_match,2023-24,208,2367745,AWAY,18,2023-24:6,VERIFIED_SOURCE_MATCH_ROUTE,VERIFIED
team_match,2023-24,209,2367746,HOME,15,2023-24:4,VERIFIED_SOURCE_MATCH_ROUTE,VERIFIED
team_match,2023-24,209,2367746,AWAY,13,2023-24:43,VERIFIED_SOURCE_MATCH_ROUTE,VERIFIED
team_match,2023-24,210,2367747,HOME,17,2023-24:49,VERIFIED_SOURCE_MATCH_ROUTE,VERIFIED
team_match,2023-24,210,2367747,AWAY,19,2023-24:21,VERIFIED_SOURCE_MATCH_ROUTE,VERIFIED
team_match,2023-24,211,2367748,HOME,2,2023-24:7,VERIFIED_SOURCE_MATCH_ROUTE,VERIFIED
team_match,2023-24,211,2367748,AWAY,15,2023-24:4,VERIFIED_SOURCE_MATCH_ROUTE,VERIFIED
team_match,2023-24,212,2367749,HOME,8,2023-24:31,VERIFIED_SOURCE_MATCH_ROUTE,VERIFIED
team_match,2023-24,212,2367749,AWAY,17,2023-24:49,VERIFIED_SOURCE_MATCH_ROUTE,VERIFIED
team_match,2023-24,213,2367750,HOME,10,2023-24:54,VERIFIED_SOURCE_MATCH_ROUTE,VERIFIED
team_match,2023-24,213,2367750,AWAY,9,2023-24:11,VERIFIED_SOURCE_MATCH_ROUTE,VERIFIED
team_match,2023-24,214,2367751,HOME,12,2023-24:102,VERIFIED_SOURCE_MATCH_ROUTE,VERIFIED
team_match,2023-24,214,2367751,AWAY,5,2023-24:36,VERIFIED_SOURCE_MATCH_ROUTE,VERIFIED
team_match,2023-24,215,2367752,HOME,16,2023-24:17,VERIFIED_SOURCE_MATCH_ROUTE,VERIFIED
team_match,2023-24,215,2367752,AWAY,1,2023-24:3,VERIFIED_SOURCE_MATCH_ROUTE,VERIFIED
team_match,2023-24,216,2367753,HOME,18,2023-24:6,VERIFIED_SOURCE_MATCH_ROUTE,VERIFIED
team_match,2023-24,216,2367753,AWAY,4,2023-24:94,VERIFIED_SOURCE_MATCH_ROUTE,VERIFIED
team_match,2023-24,217,2367754,HOME,19,2023-24:21,VERIFIED_SOURCE_MATCH_ROUTE,VERIFIED
team_match,2023-24,217,2367754,AWAY,3,2023-24:91,VERIFIED_SOURCE_MATCH_ROUTE,VERIFIED
team_match,2023-24,218,2367755,HOME,20,2023-24:39,VERIFIED_SOURCE_MATCH_ROUTE,VERIFIED
team_match,2023-24,218,2367755,AWAY,14,2023-24:1,VERIFIED_SOURCE_MATCH_ROUTE,VERIFIED
team_match,2023-24,219,2367756,HOME,11,2023-24:14,VERIFIED_SOURCE_MATCH_ROUTE,VERIFIED
team_match,2023-24,219,2367756,AWAY,7,2023-24:8,VERIFIED_SOURCE_MATCH_ROUTE,VERIFIED
team_match,2023-24,220,2367757,HOME,13,2023-24:43,VERIFIED_SOURCE_MATCH_ROUTE,VERIFIED
team_match,2023-24,220,2367757,AWAY,6,2023-24:90,VERIFIED_SOURCE_MATCH_ROUTE,VERIFIED
team_match,2023-24,221,2367759,HOME,1,2023-24:3,VERIFIED_SOURCE_MATCH_ROUTE,VERIFIED
team_match,2023-24,221,2367759,AWAY,11,2023-24:14,VERIFIED_SOURCE_MATCH_ROUTE,VERIFIED
team_match,2023-24,222,2367758,HOME,3,2023-24:91,VERIFIED_SOURCE_MATCH_ROUTE,VERIFIED
team_match,2023-24,222,2367758,AWAY,16,2023-24:17,VERIFIED_SOURCE_MATCH_ROUTE,VERIFIED
team_match,2023-24,223,2367760,HOME,4,2023-24:94,VERIFIED_SOURCE_MATCH_ROUTE,VERIFIED
team_match,2023-24,223,2367760,AWAY,13,2023-24:43,VERIFIED_SOURCE_MATCH_ROUTE,VERIFIED
team_match,2023-24,224,2367761,HOME,5,2023-24:36,VERIFIED_SOURCE_MATCH_ROUTE,VERIFIED
team_match,2023-24,224,2367761,AWAY,8,2023-24:31,VERIFIED_SOURCE_MATCH_ROUTE,VERIFIED
team_match,2023-24,225,2367762,HOME,6,2023-24:90,VERIFIED_SOURCE_MATCH_ROUTE,VERIFIED
team_match,2023-24,225,2367762,AWAY,10,2023-24:54,VERIFIED_SOURCE_MATCH_ROUTE,VERIFIED
team_match,2023-24,226,2367763,HOME,7,2023-24:8,VERIFIED_SOURCE_MATCH_ROUTE,VERIFIED
team_match,2023-24,226,2367763,AWAY,20,2023-24:39,VERIFIED_SOURCE_MATCH_ROUTE,VERIFIED
team_match,2023-24,227,2367764,HOME,9,2023-24:11,VERIFIED_SOURCE_MATCH_ROUTE,VERIFIED
team_match,2023-24,227,2367764,AWAY,18,2023-24:6,VERIFIED_SOURCE_MATCH_ROUTE,VERIFIED
team_match,2023-24,228,2367765,HOME,14,2023-24:1,VERIFIED_SOURCE_MATCH_ROUTE,VERIFIED
team_match,2023-24,228,2367765,AWAY,19,2023-24:21,VERIFIED_SOURCE_MATCH_ROUTE,VERIFIED
team_match,2023-24,229,2367766,HOME,15,2023-24:4,VERIFIED_SOURCE_MATCH_ROUTE,VERIFIED
team_match,2023-24,229,2367766,AWAY,12,2023-24:102,VERIFIED_SOURCE_MATCH_ROUTE,VERIFIED
team_match,2023-24,230,2367767,HOME,17,2023-24:49,VERIFIED_SOURCE_MATCH_ROUTE,VERIFIED
team_match,2023-24,230,2367767,AWAY,2,2023-24:7,VERIFIED_SOURCE_MATCH_ROUTE,VERIFIED
team_match,2023-24,231,2367768,HOME,2,2023-24:7,VERIFIED_SOURCE_MATCH_ROUTE,VERIFIED
team_match,2023-24,231,2367768,AWAY,14,2023-24:1,VERIFIED_SOURCE_MATCH_ROUTE,VERIFIED
team_match,2023-24,232,2367769,HOME,8,2023-24:31,VERIFIED_SOURCE_MATCH_ROUTE,VERIFIED
team_match,2023-24,232,2367769,AWAY,7,2023-24:8,VERIFIED_SOURCE_MATCH_ROUTE,VERIFIED
team_match,2023-24,233,2367770,HOME,10,2023-24:54,VERIFIED_SOURCE_MATCH_ROUTE,VERIFIED
team_match,2023-24,233,2367770,AWAY,3,2023-24:91,VERIFIED_SOURCE_MATCH_ROUTE,VERIFIED
team_match,2023-24,234,2367771,HOME,11,2023-24:14,VERIFIED_SOURCE_MATCH_ROUTE,VERIFIED
team_match,2023-24,234,2367771,AWAY,6,2023-24:90,VERIFIED_SOURCE_MATCH_ROUTE,VERIFIED
team_match,2023-24,235,2367772,HOME,12,2023-24:102,VERIFIED_SOURCE_MATCH_ROUTE,VERIFIED
team_match,2023-24,235,2367772,AWAY,17,2023-24:49,VERIFIED_SOURCE_MATCH_ROUTE,VERIFIED
team_match,2023-24,236,2367773,HOME,13,2023-24:43,VERIFIED_SOURCE_MATCH_ROUTE,VERIFIED
team_match,2023-24,236,2367773,AWAY,9,2023-24:11,VERIFIED_SOURCE_MATCH_ROUTE,VERIFIED
team_match,2023-24,237,2367774,HOME,16,2023-24:17,VERIFIED_SOURCE_MATCH_ROUTE,VERIFIED
team_match,2023-24,237,2367774,AWAY,15,2023-24:4,VERIFIED_SOURCE_MATCH_ROUTE,VERIFIED
team_match,2023-24,238,2367775,HOME,18,2023-24:6,VERIFIED_SOURCE_MATCH_ROUTE,VERIFIED
team_match,2023-24,238,2367775,AWAY,5,2023-24:36,VERIFIED_SOURCE_MATCH_ROUTE,VERIFIED
team_match,2023-24,239,2367776,HOME,19,2023-24:21,VERIFIED_SOURCE_MATCH_ROUTE,VERIFIED
team_match,2023-24,239,2367776,AWAY,1,2023-24:3,VERIFIED_SOURCE_MATCH_ROUTE,VERIFIED
team_match,2023-24,240,2367777,HOME,20,2023-24:39,VERIFIED_SOURCE_MATCH_ROUTE,VERIFIED
team_match,2023-24,240,2367777,AWAY,4,2023-24:94,VERIFIED_SOURCE_MATCH_ROUTE,VERIFIED
team_match,2023-24,241,2367778,HOME,4,2023-24:94,VERIFIED_SOURCE_MATCH_ROUTE,VERIFIED
team_match,2023-24,241,2367778,AWAY,11,2023-24:14,VERIFIED_SOURCE_MATCH_ROUTE,VERIFIED
team_match,2023-24,242,2367779,HOME,6,2023-24:90,VERIFIED_SOURCE_MATCH_ROUTE,VERIFIED
team_match,2023-24,242,2367779,AWAY,1,2023-24:3,VERIFIED_SOURCE_MATCH_ROUTE,VERIFIED
team_match,2023-24,243,2367780,HOME,9,2023-24:11,VERIFIED_SOURCE_MATCH_ROUTE,VERIFIED
team_match,2023-24,243,2367780,AWAY,8,2023-24:31,VERIFIED_SOURCE_MATCH_ROUTE,VERIFIED
team_match,2023-24,244,2367781,HOME,10,2023-24:54,VERIFIED_SOURCE_MATCH_ROUTE,VERIFIED
team_match,2023-24,244,2367781,AWAY,2,2023-24:7,VERIFIED_SOURCE_MATCH_ROUTE,VERIFIED
team_match,2023-24,245,2367782,HOME,12,2023-24:102,VERIFIED_SOURCE_MATCH_ROUTE,VERIFIED
team_match,2023-24,245,2367782,AWAY,14,2023-24:1,VERIFIED_SOURCE_MATCH_ROUTE,VERIFIED
team_match,2023-24,246,2367783,HOME,13,2023-24:43,VERIFIED_SOURCE_MATCH_ROUTE,VERIFIED
team_match,2023-24,246,2367783,AWAY,7,2023-24:8,VERIFIED_SOURCE_MATCH_ROUTE,VERIFIED
team_match,2023-24,247,2367784,HOME,15,2023-24:4,VERIFIED_SOURCE_MATCH_ROUTE,VERIFIED
team_match,2023-24,247,2367784,AWAY,3,2023-24:91,VERIFIED_SOURCE_MATCH_ROUTE,VERIFIED
team_match,2023-24,248,2367785,HOME,16,2023-24:17,VERIFIED_SOURCE_MATCH_ROUTE,VERIFIED
team_match,2023-24,248,2367785,AWAY,19,2023-24:21,VERIFIED_SOURCE_MATCH_ROUTE,VERIFIED
team_match,2023-24,249,2367786,HOME,17,2023-24:49,VERIFIED_SOURCE_MATCH_ROUTE,VERIFIED
team_match,2023-24,249,2367786,AWAY,5,2023-24:36,VERIFIED_SOURCE_MATCH_ROUTE,VERIFIED
team_match,2023-24,250,2367787,HOME,18,2023-24:6,VERIFIED_SOURCE_MATCH_ROUTE,VERIFIED
team_match,2023-24,250,2367787,AWAY,20,2023-24:39,VERIFIED_SOURCE_MATCH_ROUTE,VERIFIED
team_match,2023-24,251,2367789,HOME,1,2023-24:3,VERIFIED_SOURCE_MATCH_ROUTE,VERIFIED
team_match,2023-24,251,2367789,AWAY,15,2023-24:4,VERIFIED_SOURCE_MATCH_ROUTE,VERIFIED
team_match,2023-24,252,2367790,HOME,2,2023-24:7,VERIFIED_SOURCE_MATCH_ROUTE,VERIFIED
team_match,2023-24,252,2367790,AWAY,16,2023-24:17,VERIFIED_SOURCE_MATCH_ROUTE,VERIFIED
team_match,2023-24,253,2367788,HOME,3,2023-24:91,VERIFIED_SOURCE_MATCH_ROUTE,VERIFIED
team_match,2023-24,253,2367788,AWAY,13,2023-24:43,VERIFIED_SOURCE_MATCH_ROUTE,VERIFIED
team_match,2023-24,254,2367791,HOME,5,2023-24:36,VERIFIED_SOURCE_MATCH_ROUTE,VERIFIED
team_match,2023-24,254,2367791,AWAY,9,2023-24:11,VERIFIED_SOURCE_MATCH_ROUTE,VERIFIED
team_match,2023-24,255,2367792,HOME,7,2023-24:8,VERIFIED_SOURCE_MATCH_ROUTE,VERIFIED
team_match,2023-24,255,2367792,AWAY,18,2023-24:6,VERIFIED_SOURCE_MATCH_ROUTE,VERIFIED
team_match,2023-24,256,2367793,HOME,8,2023-24:31,VERIFIED_SOURCE_MATCH_ROUTE,VERIFIED
team_match,2023-24,256,2367793,AWAY,6,2023-24:90,VERIFIED_SOURCE_MATCH_ROUTE,VERIFIED
team_match,2023-24,257,2367794,HOME,11,2023-24:14,VERIFIED_SOURCE_MATCH_ROUTE,VERIFIED
team_match,2023-24,257,2367794,AWAY,12,2023-24:102,VERIFIED_SOURCE_MATCH_ROUTE,VERIFIED
team_match,2023-24,258,2367795,HOME,14,2023-24:1,VERIFIED_SOURCE_MATCH_ROUTE,VERIFIED
team_match,2023-24,258,2367795,AWAY,10,2023-24:54,VERIFIED_SOURCE_MATCH_ROUTE,VERIFIED
team_match,2023-24,259,2367796,HOME,19,2023-24:21,VERIFIED_SOURCE_MATCH_ROUTE,VERIFIED
team_match,2023-24,259,2367796,AWAY,4,2023-24:94,VERIFIED_SOURCE_MATCH_ROUTE,VERIFIED
team_match,2023-24,260,2367797,HOME,20,2023-24:39,VERIFIED_SOURCE_MATCH_ROUTE,VERIFIED
team_match,2023-24,260,2367797,AWAY,17,2023-24:49,VERIFIED_SOURCE_MATCH_ROUTE,VERIFIED
team_match,2023-24,261,2367798,HOME,4,2023-24:94,VERIFIED_SOURCE_MATCH_ROUTE,VERIFIED
team_match,2023-24,261,2367798,AWAY,7,2023-24:8,VERIFIED_SOURCE_MATCH_ROUTE,VERIFIED
team_match,2023-24,262,2367799,HOME,6,2023-24:90,VERIFIED_SOURCE_MATCH_ROUTE,VERIFIED
team_match,2023-24,262,2367799,AWAY,3,2023-24:91,VERIFIED_SOURCE_MATCH_ROUTE,VERIFIED
team_match,2023-24,263,2367800,HOME,9,2023-24:11,VERIFIED_SOURCE_MATCH_ROUTE,VERIFIED
team_match,2023-24,263,2367800,AWAY,19,2023-24:21,VERIFIED_SOURCE_MATCH_ROUTE,VERIFIED
team_match,2023-24,264,2367801,HOME,10,2023-24:54,VERIFIED_SOURCE_MATCH_ROUTE,VERIFIED
team_match,2023-24,264,2367801,AWAY,5,2023-24:36,VERIFIED_SOURCE_MATCH_ROUTE,VERIFIED
team_match,2023-24,265,2367802,HOME,12,2023-24:102,VERIFIED_SOURCE_MATCH_ROUTE,VERIFIED
team_match,2023-24,265,2367802,AWAY,2,2023-24:7,VERIFIED_SOURCE_MATCH_ROUTE,VERIFIED
team_match,2023-24,266,2367803,HOME,13,2023-24:43,VERIFIED_SOURCE_MATCH_ROUTE,VERIFIED
team_match,2023-24,266,2367803,AWAY,14,2023-24:1,VERIFIED_SOURCE_MATCH_ROUTE,VERIFIED
team_match,2023-24,267,2367804,HOME,15,2023-24:4,VERIFIED_SOURCE_MATCH_ROUTE,VERIFIED
team_match,2023-24,267,2367804,AWAY,20,2023-24:39,VERIFIED_SOURCE_MATCH_ROUTE,VERIFIED
team_match,2023-24,268,2367805,HOME,16,2023-24:17,VERIFIED_SOURCE_MATCH_ROUTE,VERIFIED
team_match,2023-24,268,2367805,AWAY,11,2023-24:14,VERIFIED_SOURCE_MATCH_ROUTE,VERIFIED
team_match,2023-24,269,2367806,HOME,17,2023-24:49,VERIFIED_SOURCE_MATCH_ROUTE,VERIFIED
team_match,2023-24,269,2367806,AWAY,1,2023-24:3,VERIFIED_SOURCE_MATCH_ROUTE,VERIFIED
team_match,2023-24,270,2367807,HOME,18,2023-24:6,VERIFIED_SOURCE_MATCH_ROUTE,VERIFIED
team_match,2023-24,270,2367807,AWAY,8,2023-24:31,VERIFIED_SOURCE_MATCH_ROUTE,VERIFIED
team_match,2023-24,271,2367809,HOME,1,2023-24:3,VERIFIED_SOURCE_MATCH_ROUTE,VERIFIED
team_match,2023-24,271,2367809,AWAY,4,2023-24:94,VERIFIED_SOURCE_MATCH_ROUTE,VERIFIED
team_match,2023-24,272,2367810,HOME,2,2023-24:7,VERIFIED_SOURCE_MATCH_ROUTE,VERIFIED
team_match,2023-24,272,2367810,AWAY,18,2023-24:6,VERIFIED_SOURCE_MATCH_ROUTE,VERIFIED
team_match,2023-24,273,2367808,HOME,3,2023-24:91,VERIFIED_SOURCE_MATCH_ROUTE,VERIFIED
team_match,2023-24,273,2367808,AWAY,17,2023-24:49,VERIFIED_SOURCE_MATCH_ROUTE,VERIFIED
team_match,2023-24,274,2367811,HOME,5,2023-24:36,VERIFIED_SOURCE_MATCH_ROUTE,VERIFIED
team_match,2023-24,274,2367811,AWAY,16,2023-24:17,VERIFIED_SOURCE_MATCH_ROUTE,VERIFIED
team_match,2023-24,275,2367812,HOME,7,2023-24:8,VERIFIED_SOURCE_MATCH_ROUTE,VERIFIED
team_match,2023-24,275,2367812,AWAY,15,2023-24:4,VERIFIED_SOURCE_MATCH_ROUTE,VERIFIED
team_match,2023-24,276,2367813,HOME,8,2023-24:31,VERIFIED_SOURCE_MATCH_ROUTE,VERIFIED
team_match,2023-24,276,2367813,AWAY,12,2023-24:102,VERIFIED_SOURCE_MATCH_ROUTE,VERIFIED
team_match,2023-24,277,2367814,HOME,11,2023-24:14,VERIFIED_SOURCE_MATCH_ROUTE,VERIFIED
team_match,2023-24,277,2367814,AWAY,13,2023-24:43,VERIFIED_SOURCE_MATCH_ROUTE,VERIFIED
team_match,2023-24,278,2367815,HOME,14,2023-24:1,VERIFIED_SOURCE_MATCH_ROUTE,VERIFIED
team_match,2023-24,278,2367815,AWAY,9,2023-24:11,VERIFIED_SOURCE_MATCH_ROUTE,VERIFIED
team_match,2023-24,279,2367816,HOME,19,2023-24:21,VERIFIED_SOURCE_MATCH_ROUTE,VERIFIED
team_match,2023-24,279,2367816,AWAY,6,2023-24:90,VERIFIED_SOURCE_MATCH_ROUTE,VERIFIED
team_match,2023-24,280,2367817,HOME,20,2023-24:39,VERIFIED_SOURCE_MATCH_ROUTE,VERIFIED
team_match,2023-24,280,2367817,AWAY,10,2023-24:54,VERIFIED_SOURCE_MATCH_ROUTE,VERIFIED
team_match,2023-24,281,2367818,HOME,1,2023-24:3,VERIFIED_SOURCE_MATCH_ROUTE,VERIFIED
team_match,2023-24,281,2367818,AWAY,7,2023-24:8,VERIFIED_SOURCE_MATCH_ROUTE,VERIFIED
team_match,2023-24,282,2367819,HOME,5,2023-24:36,VERIFIED_SOURCE_MATCH_ROUTE,VERIFIED
team_match,2023-24,282,2367819,AWAY,13,2023-24:43,VERIFIED_SOURCE_MATCH_ROUTE,VERIFIED
team_match,2023-24,283,2367820,HOME,6,2023-24:90,VERIFIED_SOURCE_MATCH_ROUTE,VERIFIED
team_match,2023-24,283,2367820,AWAY,4,2023-24:94,VERIFIED_SOURCE_MATCH_ROUTE,VERIFIED
team_match,2023-24,284,2367821,HOME,8,2023-24:31,VERIFIED_SOURCE_MATCH_ROUTE,VERIFIED
team_match,2023-24,284,2367821,AWAY,15,2023-24:4,VERIFIED_SOURCE_MATCH_ROUTE,VERIFIED
team_match,2023-24,285,2367822,HOME,9,2023-24:11,VERIFIED_SOURCE_MATCH_ROUTE,VERIFIED
team_match,2023-24,285,2367822,AWAY,11,2023-24:14,VERIFIED_SOURCE_MATCH_ROUTE,VERIFIED
team_match,2023-24,286,2367823,HOME,10,2023-24:54,VERIFIED_SOURCE_MATCH_ROUTE,VERIFIED
team_match,2023-24,286,2367823,AWAY,18,2023-24:6,VERIFIED_SOURCE_MATCH_ROUTE,VERIFIED
team_match,2023-24,287,2367824,HOME,12,2023-24:102,VERIFIED_SOURCE_MATCH_ROUTE,VERIFIED
team_match,2023-24,287,2367824,AWAY,16,2023-24:17,VERIFIED_SOURCE_MATCH_ROUTE,VERIFIED
team_match,2023-24,288,2367825,HOME,14,2023-24:1,VERIFIED_SOURCE_MATCH_ROUTE,VERIFIED
team_match,2023-24,288,2367825,AWAY,17,2023-24:49,VERIFIED_SOURCE_MATCH_ROUTE,VERIFIED
team_match,2023-24,289,2367826,HOME,19,2023-24:21,VERIFIED_SOURCE_MATCH_ROUTE,VERIFIED
team_match,2023-24,289,2367826,AWAY,2,2023-24:7,VERIFIED_SOURCE_MATCH_ROUTE,VERIFIED
team_match,2023-24,290,2367827,HOME,20,2023-24:39,VERIFIED_SOURCE_MATCH_ROUTE,VERIFIED
team_match,2023-24,290,2367827,AWAY,3,2023-24:91,VERIFIED_SOURCE_MATCH_ROUTE,VERIFIED
team_match,2023-24,291,2367829,HOME,2,2023-24:7,VERIFIED_SOURCE_MATCH_ROUTE,VERIFIED
team_match,2023-24,291,2367829,AWAY,20,2023-24:39,VERIFIED_SOURCE_MATCH_ROUTE,VERIFIED
team_match,2023-24,292,2367828,HOME,3,2023-24:91,VERIFIED_SOURCE_MATCH_ROUTE,VERIFIED
team_match,2023-24,292,2367828,AWAY,9,2023-24:11,VERIFIED_SOURCE_MATCH_ROUTE,VERIFIED
team_match,2023-24,293,2367830,HOME,4,2023-24:94,VERIFIED_SOURCE_MATCH_ROUTE,VERIFIED
team_match,2023-24,293,2367830,AWAY,14,2023-24:1,VERIFIED_SOURCE_MATCH_ROUTE,VERIFIED
team_match,2023-24,294,2367831,HOME,7,2023-24:8,VERIFIED_SOURCE_MATCH_ROUTE,VERIFIED
team_match,2023-24,294,2367831,AWAY,6,2023-24:90,VERIFIED_SOURCE_MATCH_ROUTE,VERIFIED
team_match,2023-24,295,2367832,HOME,11,2023-24:14,VERIFIED_SOURCE_MATCH_ROUTE,VERIFIED
team_match,2023-24,295,2367832,AWAY,5,2023-24:36,VERIFIED_SOURCE_MATCH_ROUTE,VERIFIED
team_match,2023-24,296,2367833,HOME,13,2023-24:43,VERIFIED_SOURCE_MATCH_ROUTE,VERIFIED
team_match,2023-24,296,2367833,AWAY,1,2023-24:3,VERIFIED_SOURCE_MATCH_ROUTE,VERIFIED
team_match,2023-24,297,2367834,HOME,15,2023-24:4,VERIFIED_SOURCE_MATCH_ROUTE,VERIFIED
team_match,2023-24,297,2367834,AWAY,19,2023-24:21,VERIFIED_SOURCE_MATCH_ROUTE,VERIFIED
team_match,2023-24,298,2367835,HOME,16,2023-24:17,VERIFIED_SOURCE_MATCH_ROUTE,VERIFIED
team_match,2023-24,298,2367835,AWAY,8,2023-24:31,VERIFIED_SOURCE_MATCH_ROUTE,VERIFIED
team_match,2023-24,299,2367836,HOME,17,2023-24:49,VERIFIED_SOURCE_MATCH_ROUTE,VERIFIED
team_match,2023-24,299,2367836,AWAY,10,2023-24:54,VERIFIED_SOURCE_MATCH_ROUTE,VERIFIED
team_match,2023-24,300,2367837,HOME,18,2023-24:6,VERIFIED_SOURCE_MATCH_ROUTE,VERIFIED
team_match,2023-24,300,2367837,AWAY,12,2023-24:102,VERIFIED_SOURCE_MATCH_ROUTE,VERIFIED
team_match,2023-24,301,2367839,HOME,1,2023-24:3,VERIFIED_SOURCE_MATCH_ROUTE,VERIFIED
team_match,2023-24,301,2367839,AWAY,12,2023-24:102,VERIFIED_SOURCE_MATCH_ROUTE,VERIFIED
team_match,2023-24,302,2367838,HOME,3,2023-24:91,VERIFIED_SOURCE_MATCH_ROUTE,VERIFIED
team_match,2023-24,302,2367838,AWAY,8,2023-24:31,VERIFIED_SOURCE_MATCH_ROUTE,VERIFIED
team_match,2023-24,303,2367840,HOME,4,2023-24:94,VERIFIED_SOURCE_MATCH_ROUTE,VERIFIED
team_match,2023-24,303,2367840,AWAY,5,2023-24:36,VERIFIED_SOURCE_MATCH_ROUTE,VERIFIED
team_match,2023-24,304,2367841,HOME,6,2023-24:90,VERIFIED_SOURCE_MATCH_ROUTE,VERIFIED
team_match,2023-24,304,2367841,AWAY,20,2023-24:39,VERIFIED_SOURCE_MATCH_ROUTE,VERIFIED
team_match,2023-24,305,2367842,HOME,16,2023-24:17,VERIFIED_SOURCE_MATCH_ROUTE,VERIFIED
team_match,2023-24,305,2367842,AWAY,10,2023-24:54,VERIFIED_SOURCE_MATCH_ROUTE,VERIFIED
team_match,2023-24,306,2367843,HOME,19,2023-24:21,VERIFIED_SOURCE_MATCH_ROUTE,VERIFIED
team_match,2023-24,306,2367843,AWAY,18,2023-24:6,VERIFIED_SOURCE_MATCH_ROUTE,VERIFIED
team_match,2023-24,307,2367844,HOME,7,2023-24:8,VERIFIED_SOURCE_MATCH_ROUTE,VERIFIED
team_match,2023-24,307,2367844,AWAY,14,2023-24:1,VERIFIED_SOURCE_MATCH_ROUTE,VERIFIED
team_match,2023-24,308,2367845,HOME,11,2023-24:14,VERIFIED_SOURCE_MATCH_ROUTE,VERIFIED
team_match,2023-24,308,2367845,AWAY,17,2023-24:49,VERIFIED_SOURCE_MATCH_ROUTE,VERIFIED
team_match,2023-24,309,2367846,HOME,13,2023-24:43,VERIFIED_SOURCE_MATCH_ROUTE,VERIFIED
team_match,2023-24,309,2367846,AWAY,2,2023-24:7,VERIFIED_SOURCE_MATCH_ROUTE,VERIFIED
team_match,2023-24,310,2367847,HOME,15,2023-24:4,VERIFIED_SOURCE_MATCH_ROUTE,VERIFIED
team_match,2023-24,310,2367847,AWAY,9,2023-24:11,VERIFIED_SOURCE_MATCH_ROUTE,VERIFIED
team_match,2023-24,311,2367848,HOME,2,2023-24:7,VERIFIED_SOURCE_MATCH_ROUTE,VERIFIED
team_match,2023-24,311,2367848,AWAY,4,2023-24:94,VERIFIED_SOURCE_MATCH_ROUTE,VERIFIED
team_match,2023-24,312,2367849,HOME,5,2023-24:36,VERIFIED_SOURCE_MATCH_ROUTE,VERIFIED
team_match,2023-24,312,2367849,AWAY,1,2023-24:3,VERIFIED_SOURCE_MATCH_ROUTE,VERIFIED
team_match,2023-24,313,2367850,HOME,8,2023-24:31,VERIFIED_SOURCE_MATCH_ROUTE,VERIFIED
team_match,2023-24,313,2367850,AWAY,13,2023-24:43,VERIFIED_SOURCE_MATCH_ROUTE,VERIFIED
team_match,2023-24,314,2367851,HOME,9,2023-24:11,VERIFIED_SOURCE_MATCH_ROUTE,VERIFIED
team_match,2023-24,314,2367851,AWAY,6,2023-24:90,VERIFIED_SOURCE_MATCH_ROUTE,VERIFIED
team_match,2023-24,315,2367852,HOME,10,2023-24:54,VERIFIED_SOURCE_MATCH_ROUTE,VERIFIED
team_match,2023-24,315,2367852,AWAY,15,2023-24:4,VERIFIED_SOURCE_MATCH_ROUTE,VERIFIED
team_match,2023-24,316,2367853,HOME,12,2023-24:102,VERIFIED_SOURCE_MATCH_ROUTE,VERIFIED
team_match,2023-24,316,2367853,AWAY,3,2023-24:91,VERIFIED_SOURCE_MATCH_ROUTE,VERIFIED
team_match,2023-24,317,2367854,HOME,14,2023-24:1,VERIFIED_SOURCE_MATCH_ROUTE,VERIFIED
team_match,2023-24,317,2367854,AWAY,11,2023-24:14,VERIFIED_SOURCE_MATCH_ROUTE,VERIFIED
team_match,2023-24,318,2367855,HOME,17,2023-24:49,VERIFIED_SOURCE_MATCH_ROUTE,VERIFIED
team_match,2023-24,318,2367855,AWAY,7,2023-24:8,VERIFIED_SOURCE_MATCH_ROUTE,VERIFIED
team_match,2023-24,319,2367856,HOME,18,2023-24:6,VERIFIED_SOURCE_MATCH_ROUTE,VERIFIED
team_match,2023-24,319,2367856,AWAY,16,2023-24:17,VERIFIED_SOURCE_MATCH_ROUTE,VERIFIED
team_match,2023-24,320,2367857,HOME,20,2023-24:39,VERIFIED_SOURCE_MATCH_ROUTE,VERIFIED
team_match,2023-24,320,2367857,AWAY,19,2023-24:21,VERIFIED_SOURCE_MATCH_ROUTE,VERIFIED
team_match,2023-24,321,2367859,HOME,1,2023-24:3,VERIFIED_SOURCE_MATCH_ROUTE,VERIFIED
team_match,2023-24,321,2367859,AWAY,2,2023-24:7,VERIFIED_SOURCE_MATCH_ROUTE,VERIFIED
team_match,2023-24,322,2367858,HOME,3,2023-24:91,VERIFIED_SOURCE_MATCH_ROUTE,VERIFIED
team_match,2023-24,322,2367858,AWAY,14,2023-24:1,VERIFIED_SOURCE_MATCH_ROUTE,VERIFIED
team_match,2023-24,323,2367860,HOME,4,2023-24:94,VERIFIED_SOURCE_MATCH_ROUTE,VERIFIED
team_match,2023-24,323,2367860,AWAY,17,2023-24:49,VERIFIED_SOURCE_MATCH_ROUTE,VERIFIED
team_match,2023-24,324,2367861,HOME,6,2023-24:90,VERIFIED_SOURCE_MATCH_ROUTE,VERIFIED
team_match,2023-24,324,2367861,AWAY,5,2023-24:36,VERIFIED_SOURCE_MATCH_ROUTE,VERIFIED
team_match,2023-24,325,2367862,HOME,7,2023-24:8,VERIFIED_SOURCE_MATCH_ROUTE,VERIFIED
team_match,2023-24,325,2367862,AWAY,9,2023-24:11,VERIFIED_SOURCE_MATCH_ROUTE,VERIFIED
team_match,2023-24,326,2367863,HOME,11,2023-24:14,VERIFIED_SOURCE_MATCH_ROUTE,VERIFIED
team_match,2023-24,326,2367863,AWAY,8,2023-24:31,VERIFIED_SOURCE_MATCH_ROUTE,VERIFIED
team_match,2023-24,327,2367864,HOME,13,2023-24:43,VERIFIED_SOURCE_MATCH_ROUTE,VERIFIED
team_match,2023-24,327,2367864,AWAY,12,2023-24:102,VERIFIED_SOURCE_MATCH_ROUTE,VERIFIED
team_match,2023-24,328,2367865,HOME,15,2023-24:4,VERIFIED_SOURCE_MATCH_ROUTE,VERIFIED
team_match,2023-24,328,2367865,AWAY,18,2023-24:6,VERIFIED_SOURCE_MATCH_ROUTE,VERIFIED
team_match,2023-24,329,2367866,HOME,16,2023-24:17,VERIFIED_SOURCE_MATCH_ROUTE,VERIFIED
team_match,2023-24,329,2367866,AWAY,20,2023-24:39,VERIFIED_SOURCE_MATCH_ROUTE,VERIFIED
team_match,2023-24,330,2367867,HOME,19,2023-24:21,VERIFIED_SOURCE_MATCH_ROUTE,VERIFIED
team_match,2023-24,330,2367867,AWAY,10,2023-24:54,VERIFIED_SOURCE_MATCH_ROUTE,VERIFIED
team_match,2023-24,331,2367868,HOME,2,2023-24:7,VERIFIED_SOURCE_MATCH_ROUTE,VERIFIED
team_match,2023-24,331,2367868,AWAY,3,2023-24:91,VERIFIED_SOURCE_MATCH_ROUTE,VERIFIED
team_match,2023-24,332,2367869,HOME,5,2023-24:36,VERIFIED_SOURCE_MATCH_ROUTE,VERIFIED
team_match,2023-24,332,2367869,AWAY,7,2023-24:8,VERIFIED_SOURCE_MATCH_ROUTE,VERIFIED
team_match,2023-24,333,2367870,HOME,8,2023-24:31,VERIFIED_SOURCE_MATCH_ROUTE,VERIFIED
team_match,2023-24,333,2367870,AWAY,19,2023-24:21,VERIFIED_SOURCE_MATCH_ROUTE,VERIFIED
team_match,2023-24,334,2367871,HOME,9,2023-24:11,VERIFIED_SOURCE_MATCH_ROUTE,VERIFIED
team_match,2023-24,334,2367871,AWAY,16,2023-24:17,VERIFIED_SOURCE_MATCH_ROUTE,VERIFIED
team_match,2023-24,335,2367872,HOME,10,2023-24:54,VERIFIED_SOURCE_MATCH_ROUTE,VERIFIED
team_match,2023-24,335,2367872,AWAY,11,2023-24:14,VERIFIED_SOURCE_MATCH_ROUTE,VERIFIED
team_match,2023-24,336,2367873,HOME,12,2023-24:102,VERIFIED_SOURCE_MATCH_ROUTE,VERIFIED
team_match,2023-24,336,2367873,AWAY,4,2023-24:94,VERIFIED_SOURCE_MATCH_ROUTE,VERIFIED
team_match,2023-24,337,2367874,HOME,14,2023-24:1,VERIFIED_SOURCE_MATCH_ROUTE,VERIFIED
team_match,2023-24,337,2367874,AWAY,15,2023-24:4,VERIFIED_SOURCE_MATCH_ROUTE,VERIFIED
team_match,2023-24,338,2367875,HOME,17,2023-24:49,VERIFIED_SOURCE_MATCH_ROUTE,VERIFIED
team_match,2023-24,338,2367875,AWAY,6,2023-24:90,VERIFIED_SOURCE_MATCH_ROUTE,VERIFIED
team_match,2023-24,339,2367876,HOME,18,2023-24:6,VERIFIED_SOURCE_MATCH_ROUTE,VERIFIED
team_match,2023-24,339,2367876,AWAY,13,2023-24:43,VERIFIED_SOURCE_MATCH_ROUTE,VERIFIED
team_match,2023-24,340,2367877,HOME,20,2023-24:39,VERIFIED_SOURCE_MATCH_ROUTE,VERIFIED
team_match,2023-24,340,2367877,AWAY,1,2023-24:3,VERIFIED_SOURCE_MATCH_ROUTE,VERIFIED
team_match,2023-24,341,2367879,HOME,2,2023-24:7,VERIFIED_SOURCE_MATCH_ROUTE,VERIFIED
team_match,2023-24,341,2367879,AWAY,7,2023-24:8,VERIFIED_SOURCE_MATCH_ROUTE,VERIFIED
team_match,2023-24,342,2367878,HOME,3,2023-24:91,VERIFIED_SOURCE_MATCH_ROUTE,VERIFIED
team_match,2023-24,342,2367878,AWAY,5,2023-24:36,VERIFIED_SOURCE_MATCH_ROUTE,VERIFIED
team_match,2023-24,343,2367880,HOME,9,2023-24:11,VERIFIED_SOURCE_MATCH_ROUTE,VERIFIED
team_match,2023-24,343,2367880,AWAY,4,2023-24:94,VERIFIED_SOURCE_MATCH_ROUTE,VERIFIED
team_match,2023-24,344,2367881,HOME,10,2023-24:54,VERIFIED_SOURCE_MATCH_ROUTE,VERIFIED
team_match,2023-24,344,2367881,AWAY,8,2023-24:31,VERIFIED_SOURCE_MATCH_ROUTE,VERIFIED
team_match,2023-24,345,2367882,HOME,14,2023-24:1,VERIFIED_SOURCE_MATCH_ROUTE,VERIFIED
team_match,2023-24,345,2367882,AWAY,6,2023-24:90,VERIFIED_SOURCE_MATCH_ROUTE,VERIFIED
team_match,2023-24,346,2367883,HOME,15,2023-24:4,VERIFIED_SOURCE_MATCH_ROUTE,VERIFIED
team_match,2023-24,346,2367883,AWAY,17,2023-24:49,VERIFIED_SOURCE_MATCH_ROUTE,VERIFIED
team_match,2023-24,347,2367884,HOME,16,2023-24:17,VERIFIED_SOURCE_MATCH_ROUTE,VERIFIED
team_match,2023-24,347,2367884,AWAY,13,2023-24:43,VERIFIED_SOURCE_MATCH_ROUTE,VERIFIED
team_match,2023-24,348,2367885,HOME,18,2023-24:6,VERIFIED_SOURCE_MATCH_ROUTE,VERIFIED
team_match,2023-24,348,2367885,AWAY,1,2023-24:3,VERIFIED_SOURCE_MATCH_ROUTE,VERIFIED
team_match,2023-24,349,2367886,HOME,19,2023-24:21,VERIFIED_SOURCE_MATCH_ROUTE,VERIFIED
team_match,2023-24,349,2367886,AWAY,11,2023-24:14,VERIFIED_SOURCE_MATCH_ROUTE,VERIFIED
team_match,2023-24,350,2367887,HOME,20,2023-24:39,VERIFIED_SOURCE_MATCH_ROUTE,VERIFIED
team_match,2023-24,350,2367887,AWAY,12,2023-24:102,VERIFIED_SOURCE_MATCH_ROUTE,VERIFIED
team_match,2023-24,351,2367888,HOME,1,2023-24:3,VERIFIED_SOURCE_MATCH_ROUTE,VERIFIED
team_match,2023-24,351,2367888,AWAY,3,2023-24:91,VERIFIED_SOURCE_MATCH_ROUTE,VERIFIED
team_match,2023-24,352,2367889,HOME,4,2023-24:94,VERIFIED_SOURCE_MATCH_ROUTE,VERIFIED
team_match,2023-24,352,2367889,AWAY,10,2023-24:54,VERIFIED_SOURCE_MATCH_ROUTE,VERIFIED
team_match,2023-24,353,2367890,HOME,5,2023-24:36,VERIFIED_SOURCE_MATCH_ROUTE,VERIFIED
team_match,2023-24,353,2367890,AWAY,2,2023-24:7,VERIFIED_SOURCE_MATCH_ROUTE,VERIFIED
team_match,2023-24,354,2367891,HOME,6,2023-24:90,VERIFIED_SOURCE_MATCH_ROUTE,VERIFIED
team_match,2023-24,354,2367891,AWAY,15,2023-24:4,VERIFIED_SOURCE_MATCH_ROUTE,VERIFIED
team_match,2023-24,355,2367892,HOME,7,2023-24:8,VERIFIED_SOURCE_MATCH_ROUTE,VERIFIED
team_match,2023-24,355,2367892,AWAY,19,2023-24:21,VERIFIED_SOURCE_MATCH_ROUTE,VERIFIED
team_match,2023-24,356,2367893,HOME,8,2023-24:31,VERIFIED_SOURCE_MATCH_ROUTE,VERIFIED
team_match,2023-24,356,2367893,AWAY,14,2023-24:1,VERIFIED_SOURCE_MATCH_ROUTE,VERIFIED
team_match,2023-24,357,2367894,HOME,11,2023-24:14,VERIFIED_SOURCE_MATCH_ROUTE,VERIFIED
team_match,2023-24,357,2367894,AWAY,18,2023-24:6,VERIFIED_SOURCE_MATCH_ROUTE,VERIFIED
team_match,2023-24,358,2367895,HOME,12,2023-24:102,VERIFIED_SOURCE_MATCH_ROUTE,VERIFIED
team_match,2023-24,358,2367895,AWAY,9,2023-24:11,VERIFIED_SOURCE_MATCH_ROUTE,VERIFIED
team_match,2023-24,359,2367896,HOME,13,2023-24:43,VERIFIED_SOURCE_MATCH_ROUTE,VERIFIED
team_match,2023-24,359,2367896,AWAY,20,2023-24:39,VERIFIED_SOURCE_MATCH_ROUTE,VERIFIED
team_match,2023-24,360,2367897,HOME,17,2023-24:49,VERIFIED_SOURCE_MATCH_ROUTE,VERIFIED
team_match,2023-24,360,2367897,AWAY,16,2023-24:17,VERIFIED_SOURCE_MATCH_ROUTE,VERIFIED
team_match,2023-24,361,2367899,HOME,2,2023-24:7,VERIFIED_SOURCE_MATCH_ROUTE,VERIFIED
team_match,2023-24,361,2367899,AWAY,11,2023-24:14,VERIFIED_SOURCE_MATCH_ROUTE,VERIFIED
team_match,2023-24,362,2367898,HOME,3,2023-24:91,VERIFIED_SOURCE_MATCH_ROUTE,VERIFIED
team_match,2023-24,362,2367898,AWAY,4,2023-24:94,VERIFIED_SOURCE_MATCH_ROUTE,VERIFIED
team_match,2023-24,363,2367900,HOME,9,2023-24:11,VERIFIED_SOURCE_MATCH_ROUTE,VERIFIED
team_match,2023-24,363,2367900,AWAY,17,2023-24:49,VERIFIED_SOURCE_MATCH_ROUTE,VERIFIED
team_match,2023-24,364,2367901,HOME,10,2023-24:54,VERIFIED_SOURCE_MATCH_ROUTE,VERIFIED
team_match,2023-24,364,2367901,AWAY,13,2023-24:43,VERIFIED_SOURCE_MATCH_ROUTE,VERIFIED
team_match,2023-24,365,2367902,HOME,14,2023-24:1,VERIFIED_SOURCE_MATCH_ROUTE,VERIFIED
team_match,2023-24,365,2367902,AWAY,1,2023-24:3,VERIFIED_SOURCE_MATCH_ROUTE,VERIFIED
team_match,2023-24,366,2367903,HOME,15,2023-24:4,VERIFIED_SOURCE_MATCH_ROUTE,VERIFIED
team_match,2023-24,366,2367903,AWAY,5,2023-24:36,VERIFIED_SOURCE_MATCH_ROUTE,VERIFIED
team_match,2023-24,367,2367904,HOME,16,2023-24:17,VERIFIED_SOURCE_MATCH_ROUTE,VERIFIED
team_match,2023-24,367,2367904,AWAY,7,2023-24:8,VERIFIED_SOURCE_MATCH_ROUTE,VERIFIED
team_match,2023-24,368,2367905,HOME,18,2023-24:6,VERIFIED_SOURCE_MATCH_ROUTE,VERIFIED
team_match,2023-24,368,2367905,AWAY,6,2023-24:90,VERIFIED_SOURCE_MATCH_ROUTE,VERIFIED
team_match,2023-24,369,2367906,HOME,19,2023-24:21,VERIFIED_SOURCE_MATCH_ROUTE,VERIFIED
team_match,2023-24,369,2367906,AWAY,12,2023-24:102,VERIFIED_SOURCE_MATCH_ROUTE,VERIFIED
team_match,2023-24,370,2367907,HOME,20,2023-24:39,VERIFIED_SOURCE_MATCH_ROUTE,VERIFIED
team_match,2023-24,370,2367907,AWAY,8,2023-24:31,VERIFIED_SOURCE_MATCH_ROUTE,VERIFIED
team_match,2023-24,371,2367908,HOME,1,2023-24:3,VERIFIED_SOURCE_MATCH_ROUTE,VERIFIED
team_match,2023-24,371,2367908,AWAY,9,2023-24:11,VERIFIED_SOURCE_MATCH_ROUTE,VERIFIED
team_match,2023-24,372,2367909,HOME,4,2023-24:94,VERIFIED_SOURCE_MATCH_ROUTE,VERIFIED
team_match,2023-24,372,2367909,AWAY,15,2023-24:4,VERIFIED_SOURCE_MATCH_ROUTE,VERIFIED
team_match,2023-24,373,2367910,HOME,5,2023-24:36,VERIFIED_SOURCE_MATCH_ROUTE,VERIFIED
team_match,2023-24,373,2367910,AWAY,14,2023-24:1,VERIFIED_SOURCE_MATCH_ROUTE,VERIFIED
team_match,2023-24,374,2367911,HOME,6,2023-24:90,VERIFIED_SOURCE_MATCH_ROUTE,VERIFIED
team_match,2023-24,374,2367911,AWAY,16,2023-24:17,VERIFIED_SOURCE_MATCH_ROUTE,VERIFIED
team_match,2023-24,375,2367912,HOME,7,2023-24:8,VERIFIED_SOURCE_MATCH_ROUTE,VERIFIED
team_match,2023-24,375,2367912,AWAY,3,2023-24:91,VERIFIED_SOURCE_MATCH_ROUTE,VERIFIED
team_match,2023-24,376,2367913,HOME,8,2023-24:31,VERIFIED_SOURCE_MATCH_ROUTE,VERIFIED
team_match,2023-24,376,2367913,AWAY,2,2023-24:7,VERIFIED_SOURCE_MATCH_ROUTE,VERIFIED
team_match,2023-24,377,2367914,HOME,11,2023-24:14,VERIFIED_SOURCE_MATCH_ROUTE,VERIFIED
team_match,2023-24,377,2367914,AWAY,20,2023-24:39,VERIFIED_SOURCE_MATCH_ROUTE,VERIFIED
team_match,2023-24,378,2367915,HOME,12,2023-24:102,VERIFIED_SOURCE_MATCH_ROUTE,VERIFIED
team_match,2023-24,378,2367915,AWAY,10,2023-24:54,VERIFIED_SOURCE_MATCH_ROUTE,VERIFIED
team_match,2023-24,379,2367916,HOME,13,2023-24:43,VERIFIED_SOURCE_MATCH_ROUTE,VERIFIED
team_match,2023-24,379,2367916,AWAY,19,2023-24:21,VERIFIED_SOURCE_MATCH_ROUTE,VERIFIED
team_match,2023-24,380,2367917,HOME,17,2023-24:49,VERIFIED_SOURCE_MATCH_ROUTE,VERIFIED
team_match,2023-24,380,2367917,AWAY,18,2023-24:6,VERIFIED_SOURCE_MATCH_ROUTE,VERIFIED
team_match,2024-25,1,2444470,HOME,14,2024-25:1,VERIFIED_SOURCE_MATCH_ROUTE,VERIFIED
team_match,2024-25,1,2444470,AWAY,9,2024-25:54,VERIFIED_SOURCE_MATCH_ROUTE,VERIFIED
team_match,2024-25,2,2444471,HOME,1,2024-25:3,VERIFIED_SOURCE_MATCH_ROUTE,VERIFIED
team_match,2024-25,2,2444471,AWAY,20,2024-25:39,VERIFIED_SOURCE_MATCH_ROUTE,VERIFIED
team_match,2024-25,3,2444472,HOME,8,2024-25:11,VERIFIED_SOURCE_MATCH_ROUTE,VERIFIED
team_match,2024-25,3,2444472,AWAY,5,2024-25:36,VERIFIED_SOURCE_MATCH_ROUTE,VERIFIED
team_match,2024-25,4,2444473,HOME,10,2024-25:40,VERIFIED_SOURCE_MATCH_ROUTE,VERIFIED
team_match,2024-25,4,2444473,AWAY,12,2024-25:14,VERIFIED_SOURCE_MATCH_ROUTE,VERIFIED
team_match,2024-25,5,2444474,HOME,15,2024-25:4,VERIFIED_SOURCE_MATCH_ROUTE,VERIFIED
team_match,2024-25,5,2444474,AWAY,17,2024-25:20,VERIFIED_SOURCE_MATCH_ROUTE,VERIFIED
team_match,2024-25,6,2444475,HOME,16,2024-25:17,VERIFIED_SOURCE_MATCH_ROUTE,VERIFIED
team_match,2024-25,6,2444475,AWAY,3,2024-25:91,VERIFIED_SOURCE_MATCH_ROUTE,VERIFIED
team_match,2024-25,7,2444476,HOME,19,2024-25:21,VERIFIED_SOURCE_MATCH_ROUTE,VERIFIED
team_match,2024-25,7,2444476,AWAY,2,2024-25:7,VERIFIED_SOURCE_MATCH_ROUTE,VERIFIED
team_match,2024-25,8,2444477,HOME,4,2024-25:94,VERIFIED_SOURCE_MATCH_ROUTE,VERIFIED
team_match,2024-25,8,2444477,AWAY,7,2024-25:31,VERIFIED_SOURCE_MATCH_ROUTE,VERIFIED
team_match,2024-25,9,2444478,HOME,6,2024-25:8,VERIFIED_SOURCE_MATCH_ROUTE,VERIFIED
team_match,2024-25,9,2444478,AWAY,13,2024-25:43,VERIFIED_SOURCE_MATCH_ROUTE,VERIFIED
team_match,2024-25,10,2444479,HOME,11,2024-25:13,VERIFIED_SOURCE_MATCH_ROUTE,VERIFIED
team_match,2024-25,10,2444479,AWAY,18,2024-25:6,VERIFIED_SOURCE_MATCH_ROUTE,VERIFIED
team_match,2024-25,11,2444481,HOME,2,2024-25:7,VERIFIED_SOURCE_MATCH_ROUTE,VERIFIED
team_match,2024-25,11,2444481,AWAY,1,2024-25:3,VERIFIED_SOURCE_MATCH_ROUTE,VERIFIED
team_match,2024-25,12,2444480,HOME,3,2024-25:91,VERIFIED_SOURCE_MATCH_ROUTE,VERIFIED
team_match,2024-25,12,2444480,AWAY,15,2024-25:4,VERIFIED_SOURCE_MATCH_ROUTE,VERIFIED
team_match,2024-25,13,2444482,HOME,5,2024-25:36,VERIFIED_SOURCE_MATCH_ROUTE,VERIFIED
team_match,2024-25,13,2444482,AWAY,14,2024-25:1,VERIFIED_SOURCE_MATCH_ROUTE,VERIFIED
team_match,2024-25,14,2444483,HOME,7,2024-25:31,VERIFIED_SOURCE_MATCH_ROUTE,VERIFIED
team_match,2024-25,14,2444483,AWAY,19,2024-25:21,VERIFIED_SOURCE_MATCH_ROUTE,VERIFIED
team_match,2024-25,15,2444484,HOME,9,2024-25:54,VERIFIED_SOURCE_MATCH_ROUTE,VERIFIED
team_match,2024-25,15,2444484,AWAY,11,2024-25:13,VERIFIED_SOURCE_MATCH_ROUTE,VERIFIED
team_match,2024-25,16,2444485,HOME,12,2024-25:14,VERIFIED_SOURCE_MATCH_ROUTE,VERIFIED
team_match,2024-25,16,2444485,AWAY,4,2024-25:94,VERIFIED_SOURCE_MATCH_ROUTE,VERIFIED
team_match,2024-25,17,2444486,HOME,13,2024-25:43,VERIFIED_SOURCE_MATCH_ROUTE,VERIFIED
team_match,2024-25,17,2444486,AWAY,10,2024-25:40,VERIFIED_SOURCE_MATCH_ROUTE,VERIFIED
team_match,2024-25,18,2444487,HOME,17,2024-25:20,VERIFIED_SOURCE_MATCH_ROUTE,VERIFIED
team_match,2024-25,18,2444487,AWAY,16,2024-25:17,VERIFIED_SOURCE_MATCH_ROUTE,VERIFIED
team_match,2024-25,19,2444488,HOME,18,2024-25:6,VERIFIED_SOURCE_MATCH_ROUTE,VERIFIED
team_match,2024-25,19,2444488,AWAY,8,2024-25:11,VERIFIED_SOURCE_MATCH_ROUTE,VERIFIED
team_match,2024-25,20,2444489,HOME,20,2024-25:39,VERIFIED_SOURCE_MATCH_ROUTE,VERIFIED
team_match,2024-25,20,2444489,AWAY,6,2024-25:8,VERIFIED_SOURCE_MATCH_ROUTE,VERIFIED
team_match,2024-25,21,2444490,HOME,1,2024-25:3,VERIFIED_SOURCE_MATCH_ROUTE,VERIFIED
team_match,2024-25,21,2444490,AWAY,5,2024-25:36,VERIFIED_SOURCE_MATCH_ROUTE,VERIFIED
team_match,2024-25,22,2444491,HOME,4,2024-25:94,VERIFIED_SOURCE_MATCH_ROUTE,VERIFIED
team_match,2024-25,22,2444491,AWAY,17,2024-25:20,VERIFIED_SOURCE_MATCH_ROUTE,VERIFIED
team_match,2024-25,23,2444492,HOME,6,2024-25:8,VERIFIED_SOURCE_MATCH_ROUTE,VERIFIED
team_match,2024-25,23,2444492,AWAY,7,2024-25:31,VERIFIED_SOURCE_MATCH_ROUTE,VERIFIED
team_match,2024-25,24,2444493,HOME,8,2024-25:11,VERIFIED_SOURCE_MATCH_ROUTE,VERIFIED
team_match,2024-25,24,2444493,AWAY,3,2024-25:91,VERIFIED_SOURCE_MATCH_ROUTE,VERIFIED
team_match,2024-25,25,2444494,HOME,10,2024-25:40,VERIFIED_SOURCE_MATCH_ROUTE,VERIFIED
team_match,2024-25,25,2444494,AWAY,9,2024-25:54,VERIFIED_SOURCE_MATCH_ROUTE,VERIFIED
team_match,2024-25,26,2444495,HOME,11,2024-25:13,VERIFIED_SOURCE_MATCH_ROUTE,VERIFIED
team_match,2024-25,26,2444495,AWAY,2,2024-25:7,VERIFIED_SOURCE_MATCH_ROUTE,VERIFIED
team_match,2024-25,27,2444496,HOME,14,2024-25:1,VERIFIED_SOURCE_MATCH_ROUTE,VERIFIED
team_match,2024-25,27,2444496,AWAY,12,2024-25:14,VERIFIED_SOURCE_MATCH_ROUTE,VERIFIED
team_match,2024-25,28,2444497,HOME,15,2024-25:4,VERIFIED_SOURCE_MATCH_ROUTE,VERIFIED
team_match,2024-25,28,2444497,AWAY,18,2024-25:6,VERIFIED_SOURCE_MATCH_ROUTE,VERIFIED
team_match,2024-25,29,2444498,HOME,16,2024-25:17,VERIFIED_SOURCE_MATCH_ROUTE,VERIFIED
team_match,2024-25,29,2444498,AWAY,20,2024-25:39,VERIFIED_SOURCE_MATCH_ROUTE,VERIFIED
team_match,2024-25,30,2444499,HOME,19,2024-25:21,VERIFIED_SOURCE_MATCH_ROUTE,VERIFIED
team_match,2024-25,30,2444499,AWAY,13,2024-25:43,VERIFIED_SOURCE_MATCH_ROUTE,VERIFIED
team_match,2024-25,31,2444501,HOME,2,2024-25:7,VERIFIED_SOURCE_MATCH_ROUTE,VERIFIED
team_match,2024-25,31,2444501,AWAY,8,2024-25:11,VERIFIED_SOURCE_MATCH_ROUTE,VERIFIED
team_match,2024-25,32,2444500,HOME,3,2024-25:91,VERIFIED_SOURCE_MATCH_ROUTE,VERIFIED
team_match,2024-25,32,2444500,AWAY,6,2024-25:8,VERIFIED_SOURCE_MATCH_ROUTE,VERIFIED
team_match,2024-25,33,2444502,HOME,5,2024-25:36,VERIFIED_SOURCE_MATCH_ROUTE,VERIFIED
team_match,2024-25,33,2444502,AWAY,10,2024-25:40,VERIFIED_SOURCE_MATCH_ROUTE,VERIFIED
team_match,2024-25,34,2444503,HOME,7,2024-25:31,VERIFIED_SOURCE_MATCH_ROUTE,VERIFIED
team_match,2024-25,34,2444503,AWAY,11,2024-25:13,VERIFIED_SOURCE_MATCH_ROUTE,VERIFIED
team_match,2024-25,35,2444504,HOME,9,2024-25:54,VERIFIED_SOURCE_MATCH_ROUTE,VERIFIED
team_match,2024-25,35,2444504,AWAY,19,2024-25:21,VERIFIED_SOURCE_MATCH_ROUTE,VERIFIED
team_match,2024-25,36,2444505,HOME,12,2024-25:14,VERIFIED_SOURCE_MATCH_ROUTE,VERIFIED
team_match,2024-25,36,2444505,AWAY,16,2024-25:17,VERIFIED_SOURCE_MATCH_ROUTE,VERIFIED
team_match,2024-25,37,2444506,HOME,13,2024-25:43,VERIFIED_SOURCE_MATCH_ROUTE,VERIFIED
team_match,2024-25,37,2444506,AWAY,4,2024-25:94,VERIFIED_SOURCE_MATCH_ROUTE,VERIFIED
team_match,2024-25,38,2444507,HOME,17,2024-25:20,VERIFIED_SOURCE_MATCH_ROUTE,VERIFIED
team_match,2024-25,38,2444507,AWAY,14,2024-25:1,VERIFIED_SOURCE_MATCH_ROUTE,VERIFIED
team_match,2024-25,39,2444508,HOME,18,2024-25:6,VERIFIED_SOURCE_MATCH_ROUTE,VERIFIED
team_match,2024-25,39,2444508,AWAY,1,2024-25:3,VERIFIED_SOURCE_MATCH_ROUTE,VERIFIED
team_match,2024-25,40,2444509,HOME,20,2024-25:39,VERIFIED_SOURCE_MATCH_ROUTE,VERIFIED
team_match,2024-25,40,2444509,AWAY,15,2024-25:4,VERIFIED_SOURCE_MATCH_ROUTE,VERIFIED
team_match,2024-25,41,2444510,HOME,2,2024-25:7,VERIFIED_SOURCE_MATCH_ROUTE,VERIFIED
team_match,2024-25,41,2444510,AWAY,20,2024-25:39,VERIFIED_SOURCE_MATCH_ROUTE,VERIFIED
team_match,2024-25,42,2444511,HOME,5,2024-25:36,VERIFIED_SOURCE_MATCH_ROUTE,VERIFIED
team_match,2024-25,42,2444511,AWAY,16,2024-25:17,VERIFIED_SOURCE_MATCH_ROUTE,VERIFIED
team_match,2024-25,43,2444512,HOME,7,2024-25:31,VERIFIED_SOURCE_MATCH_ROUTE,VERIFIED
team_match,2024-25,43,2444512,AWAY,14,2024-25:1,VERIFIED_SOURCE_MATCH_ROUTE,VERIFIED
team_match,2024-25,44,2444513,HOME,9,2024-25:54,VERIFIED_SOURCE_MATCH_ROUTE,VERIFIED
team_match,2024-25,44,2444513,AWAY,15,2024-25:4,VERIFIED_SOURCE_MATCH_ROUTE,VERIFIED
team_match,2024-25,45,2444514,HOME,11,2024-25:13,VERIFIED_SOURCE_MATCH_ROUTE,VERIFIED
team_match,2024-25,45,2444514,AWAY,8,2024-25:11,VERIFIED_SOURCE_MATCH_ROUTE,VERIFIED
team_match,2024-25,46,2444515,HOME,12,2024-25:14,VERIFIED_SOURCE_MATCH_ROUTE,VERIFIED
team_match,2024-25,46,2444515,AWAY,3,2024-25:91,VERIFIED_SOURCE_MATCH_ROUTE,VERIFIED
team_match,2024-25,47,2444516,HOME,13,2024-25:43,VERIFIED_SOURCE_MATCH_ROUTE,VERIFIED
team_match,2024-25,47,2444516,AWAY,1,2024-25:3,VERIFIED_SOURCE_MATCH_ROUTE,VERIFIED
team_match,2024-25,48,2444517,HOME,17,2024-25:20,VERIFIED_SOURCE_MATCH_ROUTE,VERIFIED
team_match,2024-25,48,2444517,AWAY,10,2024-25:40,VERIFIED_SOURCE_MATCH_ROUTE,VERIFIED
team_match,2024-25,49,2444518,HOME,18,2024-25:6,VERIFIED_SOURCE_MATCH_ROUTE,VERIFIED
team_match,2024-25,49,2444518,AWAY,4,2024-25:94,VERIFIED_SOURCE_MATCH_ROUTE,VERIFIED
team_match,2024-25,50,2444519,HOME,19,2024-25:21,VERIFIED_SOURCE_MATCH_ROUTE,VERIFIED
team_match,2024-25,50,2444519,AWAY,6,2024-25:8,VERIFIED_SOURCE_MATCH_ROUTE,VERIFIED
team_match,2024-25,51,2444521,HOME,1,2024-25:3,VERIFIED_SOURCE_MATCH_ROUTE,VERIFIED
team_match,2024-25,51,2444521,AWAY,11,2024-25:13,VERIFIED_SOURCE_MATCH_ROUTE,VERIFIED
team_match,2024-25,52,2444520,HOME,3,2024-25:91,VERIFIED_SOURCE_MATCH_ROUTE,VERIFIED
team_match,2024-25,52,2444520,AWAY,17,2024-25:20,VERIFIED_SOURCE_MATCH_ROUTE,VERIFIED
team_match,2024-25,53,2444522,HOME,4,2024-25:94,VERIFIED_SOURCE_MATCH_ROUTE,VERIFIED
team_match,2024-25,53,2444522,AWAY,19,2024-25:21,VERIFIED_SOURCE_MATCH_ROUTE,VERIFIED
team_match,2024-25,54,2444523,HOME,6,2024-25:8,VERIFIED_SOURCE_MATCH_ROUTE,VERIFIED
team_match,2024-25,54,2444523,AWAY,5,2024-25:36,VERIFIED_SOURCE_MATCH_ROUTE,VERIFIED
team_match,2024-25,55,2444524,HOME,8,2024-25:11,VERIFIED_SOURCE_MATCH_ROUTE,VERIFIED
team_match,2024-25,55,2444524,AWAY,7,2024-25:31,VERIFIED_SOURCE_MATCH_ROUTE,VERIFIED
team_match,2024-25,56,2444525,HOME,10,2024-25:40,VERIFIED_SOURCE_MATCH_ROUTE,VERIFIED
team_match,2024-25,56,2444525,AWAY,2,2024-25:7,VERIFIED_SOURCE_MATCH_ROUTE,VERIFIED
team_match,2024-25,57,2444526,HOME,14,2024-25:1,VERIFIED_SOURCE_MATCH_ROUTE,VERIFIED
team_match,2024-25,57,2444526,AWAY,18,2024-25:6,VERIFIED_SOURCE_MATCH_ROUTE,VERIFIED
team_match,2024-25,58,2444527,HOME,15,2024-25:4,VERIFIED_SOURCE_MATCH_ROUTE,VERIFIED
team_match,2024-25,58,2444527,AWAY,13,2024-25:43,VERIFIED_SOURCE_MATCH_ROUTE,VERIFIED
team_match,2024-25,59,2444528,HOME,16,2024-25:17,VERIFIED_SOURCE_MATCH_ROUTE,VERIFIED
team_match,2024-25,59,2444528,AWAY,9,2024-25:54,VERIFIED_SOURCE_MATCH_ROUTE,VERIFIED
team_match,2024-25,60,2444529,HOME,20,2024-25:39,VERIFIED_SOURCE_MATCH_ROUTE,VERIFIED
team_match,2024-25,60,2444529,AWAY,12,2024-25:14,VERIFIED_SOURCE_MATCH_ROUTE,VERIFIED
team_match,2024-25,61,2444530,HOME,1,2024-25:3,VERIFIED_SOURCE_MATCH_ROUTE,VERIFIED
team_match,2024-25,61,2444530,AWAY,17,2024-25:20,VERIFIED_SOURCE_MATCH_ROUTE,VERIFIED
team_match,2024-25,62,2444531,HOME,2,2024-25:7,VERIFIED_SOURCE_MATCH_ROUTE,VERIFIED
team_match,2024-25,62,2444531,AWAY,14,2024-25:1,VERIFIED_SOURCE_MATCH_ROUTE,VERIFIED
team_match,2024-25,63,2444532,HOME,4,2024-25:94,VERIFIED_SOURCE_MATCH_ROUTE,VERIFIED
team_match,2024-25,63,2444532,AWAY,20,2024-25:39,VERIFIED_SOURCE_MATCH_ROUTE,VERIFIED
team_match,2024-25,64,2444533,HOME,5,2024-25:36,VERIFIED_SOURCE_MATCH_ROUTE,VERIFIED
team_match,2024-25,64,2444533,AWAY,18,2024-25:6,VERIFIED_SOURCE_MATCH_ROUTE,VERIFIED
team_match,2024-25,65,2444534,HOME,6,2024-25:8,VERIFIED_SOURCE_MATCH_ROUTE,VERIFIED
team_match,2024-25,65,2444534,AWAY,16,2024-25:17,VERIFIED_SOURCE_MATCH_ROUTE,VERIFIED
team_match,2024-25,66,2444535,HOME,7,2024-25:31,VERIFIED_SOURCE_MATCH_ROUTE,VERIFIED
team_match,2024-25,66,2444535,AWAY,12,2024-25:14,VERIFIED_SOURCE_MATCH_ROUTE,VERIFIED
team_match,2024-25,67,2444536,HOME,8,2024-25:11,VERIFIED_SOURCE_MATCH_ROUTE,VERIFIED
team_match,2024-25,67,2444536,AWAY,15,2024-25:4,VERIFIED_SOURCE_MATCH_ROUTE,VERIFIED
team_match,2024-25,68,2444537,HOME,11,2024-25:13,VERIFIED_SOURCE_MATCH_ROUTE,VERIFIED
team_match,2024-25,68,2444537,AWAY,3,2024-25:91,VERIFIED_SOURCE_MATCH_ROUTE,VERIFIED
team_match,2024-25,69,2444538,HOME,13,2024-25:43,VERIFIED_SOURCE_MATCH_ROUTE,VERIFIED
team_match,2024-25,69,2444538,AWAY,9,2024-25:54,VERIFIED_SOURCE_MATCH_ROUTE,VERIFIED
team_match,2024-25,70,2444539,HOME,19,2024-25:21,VERIFIED_SOURCE_MATCH_ROUTE,VERIFIED
team_match,2024-25,70,2444539,AWAY,10,2024-25:40,VERIFIED_SOURCE_MATCH_ROUTE,VERIFIED
team_match,2024-25,71,2444540,HOME,3,2024-25:91,VERIFIED_SOURCE_MATCH_ROUTE,VERIFIED
team_match,2024-25,71,2444540,AWAY,1,2024-25:3,VERIFIED_SOURCE_MATCH_ROUTE,VERIFIED
team_match,2024-25,72,2444541,HOME,9,2024-25:54,VERIFIED_SOURCE_MATCH_ROUTE,VERIFIED
team_match,2024-25,72,2444541,AWAY,2,2024-25:7,VERIFIED_SOURCE_MATCH_ROUTE,VERIFIED
team_match,2024-25,73,2444542,HOME,10,2024-25:40,VERIFIED_SOURCE_MATCH_ROUTE,VERIFIED
team_match,2024-25,73,2444542,AWAY,8,2024-25:11,VERIFIED_SOURCE_MATCH_ROUTE,VERIFIED
team_match,2024-25,74,2444543,HOME,12,2024-25:14,VERIFIED_SOURCE_MATCH_ROUTE,VERIFIED
team_match,2024-25,74,2444543,AWAY,6,2024-25:8,VERIFIED_SOURCE_MATCH_ROUTE,VERIFIED
team_match,2024-25,75,2444544,HOME,14,2024-25:1,VERIFIED_SOURCE_MATCH_ROUTE,VERIFIED
team_match,2024-25,75,2444544,AWAY,4,2024-25:94,VERIFIED_SOURCE_MATCH_ROUTE,VERIFIED
team_match,2024-25,76,2444545,HOME,15,2024-25:4,VERIFIED_SOURCE_MATCH_ROUTE,VERIFIED
team_match,2024-25,76,2444545,AWAY,5,2024-25:36,VERIFIED_SOURCE_MATCH_ROUTE,VERIFIED
team_match,2024-25,77,2444546,HOME,16,2024-25:17,VERIFIED_SOURCE_MATCH_ROUTE,VERIFIED
team_match,2024-25,77,2444546,AWAY,7,2024-25:31,VERIFIED_SOURCE_MATCH_ROUTE,VERIFIED
team_match,2024-25,78,2444547,HOME,17,2024-25:20,VERIFIED_SOURCE_MATCH_ROUTE,VERIFIED
team_match,2024-25,78,2444547,AWAY,11,2024-25:13,VERIFIED_SOURCE_MATCH_ROUTE,VERIFIED
team_match,2024-25,79,2444548,HOME,18,2024-25:6,VERIFIED_SOURCE_MATCH_ROUTE,VERIFIED
team_match,2024-25,79,2444548,AWAY,19,2024-25:21,VERIFIED_SOURCE_MATCH_ROUTE,VERIFIED
team_match,2024-25,80,2444549,HOME,20,2024-25:39,VERIFIED_SOURCE_MATCH_ROUTE,VERIFIED
team_match,2024-25,80,2444549,AWAY,13,2024-25:43,VERIFIED_SOURCE_MATCH_ROUTE,VERIFIED
team_match,2024-25,81,2444550,HOME,1,2024-25:3,VERIFIED_SOURCE_MATCH_ROUTE,VERIFIED
team_match,2024-25,81,2444550,AWAY,12,2024-25:14,VERIFIED_SOURCE_MATCH_ROUTE,VERIFIED
team_match,2024-25,82,2444551,HOME,2,2024-25:7,VERIFIED_SOURCE_MATCH_ROUTE,VERIFIED
team_match,2024-25,82,2444551,AWAY,3,2024-25:91,VERIFIED_SOURCE_MATCH_ROUTE,VERIFIED
team_match,2024-25,83,2444552,HOME,4,2024-25:94,VERIFIED_SOURCE_MATCH_ROUTE,VERIFIED
team_match,2024-25,83,2444552,AWAY,10,2024-25:40,VERIFIED_SOURCE_MATCH_ROUTE,VERIFIED
team_match,2024-25,84,2444553,HOME,5,2024-25:36,VERIFIED_SOURCE_MATCH_ROUTE,VERIFIED
team_match,2024-25,84,2444553,AWAY,20,2024-25:39,VERIFIED_SOURCE_MATCH_ROUTE,VERIFIED
team_match,2024-25,85,2444554,HOME,6,2024-25:8,VERIFIED_SOURCE_MATCH_ROUTE,VERIFIED
team_match,2024-25,85,2444554,AWAY,15,2024-25:4,VERIFIED_SOURCE_MATCH_ROUTE,VERIFIED
team_match,2024-25,86,2444555,HOME,7,2024-25:31,VERIFIED_SOURCE_MATCH_ROUTE,VERIFIED
team_match,2024-25,86,2444555,AWAY,18,2024-25:6,VERIFIED_SOURCE_MATCH_ROUTE,VERIFIED
team_match,2024-25,87,2444556,HOME,8,2024-25:11,VERIFIED_SOURCE_MATCH_ROUTE,VERIFIED
team_match,2024-25,87,2444556,AWAY,9,2024-25:54,VERIFIED_SOURCE_MATCH_ROUTE,VERIFIED
team_match,2024-25,88,2444557,HOME,11,2024-25:13,VERIFIED_SOURCE_MATCH_ROUTE,VERIFIED
team_match,2024-25,88,2444557,AWAY,16,2024-25:17,VERIFIED_SOURCE_MATCH_ROUTE,VERIFIED
team_match,2024-25,89,2444558,HOME,13,2024-25:43,VERIFIED_SOURCE_MATCH_ROUTE,VERIFIED
team_match,2024-25,89,2444558,AWAY,17,2024-25:20,VERIFIED_SOURCE_MATCH_ROUTE,VERIFIED
team_match,2024-25,90,2444559,HOME,19,2024-25:21,VERIFIED_SOURCE_MATCH_ROUTE,VERIFIED
team_match,2024-25,90,2444559,AWAY,14,2024-25:1,VERIFIED_SOURCE_MATCH_ROUTE,VERIFIED
team_match,2024-25,91,2444560,HOME,3,2024-25:91,VERIFIED_SOURCE_MATCH_ROUTE,VERIFIED
team_match,2024-25,91,2444560,AWAY,13,2024-25:43,VERIFIED_SOURCE_MATCH_ROUTE,VERIFIED
team_match,2024-25,92,2444561,HOME,9,2024-25:54,VERIFIED_SOURCE_MATCH_ROUTE,VERIFIED
team_match,2024-25,92,2444561,AWAY,4,2024-25:94,VERIFIED_SOURCE_MATCH_ROUTE,VERIFIED
team_match,2024-25,93,2444562,HOME,10,2024-25:40,VERIFIED_SOURCE_MATCH_ROUTE,VERIFIED
team_match,2024-25,93,2444562,AWAY,11,2024-25:13,VERIFIED_SOURCE_MATCH_ROUTE,VERIFIED
team_match,2024-25,94,2444563,HOME,12,2024-25:14,VERIFIED_SOURCE_MATCH_ROUTE,VERIFIED
team_match,2024-25,94,2444563,AWAY,5,2024-25:36,VERIFIED_SOURCE_MATCH_ROUTE,VERIFIED
team_match,2024-25,95,2444564,HOME,14,2024-25:1,VERIFIED_SOURCE_MATCH_ROUTE,VERIFIED
team_match,2024-25,95,2444564,AWAY,6,2024-25:8,VERIFIED_SOURCE_MATCH_ROUTE,VERIFIED
team_match,2024-25,96,2444565,HOME,15,2024-25:4,VERIFIED_SOURCE_MATCH_ROUTE,VERIFIED
team_match,2024-25,96,2444565,AWAY,1,2024-25:3,VERIFIED_SOURCE_MATCH_ROUTE,VERIFIED
team_match,2024-25,97,2444566,HOME,16,2024-25:17,VERIFIED_SOURCE_MATCH_ROUTE,VERIFIED
team_match,2024-25,97,2444566,AWAY,19,2024-25:21,VERIFIED_SOURCE_MATCH_ROUTE,VERIFIED
team_match,2024-25,98,2444567,HOME,17,2024-25:20,VERIFIED_SOURCE_MATCH_ROUTE,VERIFIED
team_match,2024-25,98,2444567,AWAY,8,2024-25:11,VERIFIED_SOURCE_MATCH_ROUTE,VERIFIED
team_match,2024-25,99,2444568,HOME,18,2024-25:6,VERIFIED_SOURCE_MATCH_ROUTE,VERIFIED
team_match,2024-25,99,2444568,AWAY,2,2024-25:7,VERIFIED_SOURCE_MATCH_ROUTE,VERIFIED
team_match,2024-25,100,2444569,HOME,20,2024-25:39,VERIFIED_SOURCE_MATCH_ROUTE,VERIFIED
team_match,2024-25,100,2444569,AWAY,7,2024-25:31,VERIFIED_SOURCE_MATCH_ROUTE,VERIFIED
team_match,2024-25,101,2444570,HOME,4,2024-25:94,VERIFIED_SOURCE_MATCH_ROUTE,VERIFIED
team_match,2024-25,101,2444570,AWAY,3,2024-25:91,VERIFIED_SOURCE_MATCH_ROUTE,VERIFIED
team_match,2024-25,102,2444571,HOME,5,2024-25:36,VERIFIED_SOURCE_MATCH_ROUTE,VERIFIED
team_match,2024-25,102,2444571,AWAY,13,2024-25:43,VERIFIED_SOURCE_MATCH_ROUTE,VERIFIED
team_match,2024-25,103,2444572,HOME,6,2024-25:8,VERIFIED_SOURCE_MATCH_ROUTE,VERIFIED
team_match,2024-25,103,2444572,AWAY,1,2024-25:3,VERIFIED_SOURCE_MATCH_ROUTE,VERIFIED
team_match,2024-25,104,2444573,HOME,7,2024-25:31,VERIFIED_SOURCE_MATCH_ROUTE,VERIFIED
team_match,2024-25,104,2444573,AWAY,9,2024-25:54,VERIFIED_SOURCE_MATCH_ROUTE,VERIFIED
team_match,2024-25,105,2444574,HOME,12,2024-25:14,VERIFIED_SOURCE_MATCH_ROUTE,VERIFIED
team_match,2024-25,105,2444574,AWAY,2,2024-25:7,VERIFIED_SOURCE_MATCH_ROUTE,VERIFIED
team_match,2024-25,106,2444575,HOME,14,2024-25:1,VERIFIED_SOURCE_MATCH_ROUTE,VERIFIED
team_match,2024-25,106,2444575,AWAY,11,2024-25:13,VERIFIED_SOURCE_MATCH_ROUTE,VERIFIED
team_match,2024-25,107,2444576,HOME,16,2024-25:17,VERIFIED_SOURCE_MATCH_ROUTE,VERIFIED
team_match,2024-25,107,2444576,AWAY,15,2024-25:4,VERIFIED_SOURCE_MATCH_ROUTE,VERIFIED
team_match,2024-25,108,2444577,HOME,18,2024-25:6,VERIFIED_SOURCE_MATCH_ROUTE,VERIFIED
team_match,2024-25,108,2444577,AWAY,10,2024-25:40,VERIFIED_SOURCE_MATCH_ROUTE,VERIFIED
team_match,2024-25,109,2444578,HOME,19,2024-25:21,VERIFIED_SOURCE_MATCH_ROUTE,VERIFIED
team_match,2024-25,109,2444578,AWAY,8,2024-25:11,VERIFIED_SOURCE_MATCH_ROUTE,VERIFIED
team_match,2024-25,110,2444579,HOME,20,2024-25:39,VERIFIED_SOURCE_MATCH_ROUTE,VERIFIED
team_match,2024-25,110,2444579,AWAY,17,2024-25:20,VERIFIED_SOURCE_MATCH_ROUTE,VERIFIED
team_match,2024-25,111,2444581,HOME,1,2024-25:3,VERIFIED_SOURCE_MATCH_ROUTE,VERIFIED
team_match,2024-25,111,2444581,AWAY,16,2024-25:17,VERIFIED_SOURCE_MATCH_ROUTE,VERIFIED
team_match,2024-25,112,2444582,HOME,2,2024-25:7,VERIFIED_SOURCE_MATCH_ROUTE,VERIFIED
team_match,2024-25,112,2444582,AWAY,7,2024-25:31,VERIFIED_SOURCE_MATCH_ROUTE,VERIFIED
team_match,2024-25,113,2444580,HOME,3,2024-25:91,VERIFIED_SOURCE_MATCH_ROUTE,VERIFIED
team_match,2024-25,113,2444580,AWAY,5,2024-25:36,VERIFIED_SOURCE_MATCH_ROUTE,VERIFIED
team_match,2024-25,114,2444583,HOME,8,2024-25:11,VERIFIED_SOURCE_MATCH_ROUTE,VERIFIED
team_match,2024-25,114,2444583,AWAY,4,2024-25:94,VERIFIED_SOURCE_MATCH_ROUTE,VERIFIED
team_match,2024-25,115,2444584,HOME,9,2024-25:54,VERIFIED_SOURCE_MATCH_ROUTE,VERIFIED
team_match,2024-25,115,2444584,AWAY,20,2024-25:39,VERIFIED_SOURCE_MATCH_ROUTE,VERIFIED
team_match,2024-25,116,2444585,HOME,10,2024-25:40,VERIFIED_SOURCE_MATCH_ROUTE,VERIFIED
team_match,2024-25,116,2444585,AWAY,14,2024-25:1,VERIFIED_SOURCE_MATCH_ROUTE,VERIFIED
team_match,2024-25,117,2444586,HOME,11,2024-25:13,VERIFIED_SOURCE_MATCH_ROUTE,VERIFIED
team_match,2024-25,117,2444586,AWAY,6,2024-25:8,VERIFIED_SOURCE_MATCH_ROUTE,VERIFIED
team_match,2024-25,118,2444587,HOME,13,2024-25:43,VERIFIED_SOURCE_MATCH_ROUTE,VERIFIED
team_match,2024-25,118,2444587,AWAY,18,2024-25:6,VERIFIED_SOURCE_MATCH_ROUTE,VERIFIED
team_match,2024-25,119,2444588,HOME,15,2024-25:4,VERIFIED_SOURCE_MATCH_ROUTE,VERIFIED
team_match,2024-25,119,2444588,AWAY,19,2024-25:21,VERIFIED_SOURCE_MATCH_ROUTE,VERIFIED
team_match,2024-25,120,2444589,HOME,17,2024-25:20,VERIFIED_SOURCE_MATCH_ROUTE,VERIFIED
team_match,2024-25,120,2444589,AWAY,12,2024-25:14,VERIFIED_SOURCE_MATCH_ROUTE,VERIFIED
team_match,2024-25,121,2444590,HOME,4,2024-25:94,VERIFIED_SOURCE_MATCH_ROUTE,VERIFIED
team_match,2024-25,121,2444590,AWAY,11,2024-25:13,VERIFIED_SOURCE_MATCH_ROUTE,VERIFIED
team_match,2024-25,122,2444591,HOME,5,2024-25:36,VERIFIED_SOURCE_MATCH_ROUTE,VERIFIED
team_match,2024-25,122,2444591,AWAY,17,2024-25:20,VERIFIED_SOURCE_MATCH_ROUTE,VERIFIED
team_match,2024-25,123,2444592,HOME,6,2024-25:8,VERIFIED_SOURCE_MATCH_ROUTE,VERIFIED
team_match,2024-25,123,2444592,AWAY,2,2024-25:7,VERIFIED_SOURCE_MATCH_ROUTE,VERIFIED
team_match,2024-25,124,2444593,HOME,7,2024-25:31,VERIFIED_SOURCE_MATCH_ROUTE,VERIFIED
team_match,2024-25,124,2444593,AWAY,15,2024-25:4,VERIFIED_SOURCE_MATCH_ROUTE,VERIFIED
team_match,2024-25,125,2444594,HOME,12,2024-25:14,VERIFIED_SOURCE_MATCH_ROUTE,VERIFIED
team_match,2024-25,125,2444594,AWAY,13,2024-25:43,VERIFIED_SOURCE_MATCH_ROUTE,VERIFIED
team_match,2024-25,126,2444595,HOME,14,2024-25:1,VERIFIED_SOURCE_MATCH_ROUTE,VERIFIED
team_match,2024-25,126,2444595,AWAY,8,2024-25:11,VERIFIED_SOURCE_MATCH_ROUTE,VERIFIED
team_match,2024-25,127,2444596,HOME,16,2024-25:17,VERIFIED_SOURCE_MATCH_ROUTE,VERIFIED
team_match,2024-25,127,2444596,AWAY,10,2024-25:40,VERIFIED_SOURCE_MATCH_ROUTE,VERIFIED
team_match,2024-25,128,2444597,HOME,18,2024-25:6,VERIFIED_SOURCE_MATCH_ROUTE,VERIFIED
team_match,2024-25,128,2444597,AWAY,9,2024-25:54,VERIFIED_SOURCE_MATCH_ROUTE,VERIFIED
team_match,2024-25,129,2444598,HOME,19,2024-25:21,VERIFIED_SOURCE_MATCH_ROUTE,VERIFIED
team_match,2024-25,129,2444598,AWAY,1,2024-25:3,VERIFIED_SOURCE_MATCH_ROUTE,VERIFIED
team_match,2024-25,130,2444599,HOME,20,2024-25:39,VERIFIED_SOURCE_MATCH_ROUTE,VERIFIED
team_match,2024-25,130,2444599,AWAY,3,2024-25:91,VERIFIED_SOURCE_MATCH_ROUTE,VERIFIED
team_match,2024-25,131,2444601,HOME,1,2024-25:3,VERIFIED_SOURCE_MATCH_ROUTE,VERIFIED
team_match,2024-25,131,2444601,AWAY,14,2024-25:1,VERIFIED_SOURCE_MATCH_ROUTE,VERIFIED
team_match,2024-25,132,2444602,HOME,2,2024-25:7,VERIFIED_SOURCE_MATCH_ROUTE,VERIFIED
team_match,2024-25,132,2444602,AWAY,4,2024-25:94,VERIFIED_SOURCE_MATCH_ROUTE,VERIFIED
team_match,2024-25,133,2444600,HOME,3,2024-25:91,VERIFIED_SOURCE_MATCH_ROUTE,VERIFIED
team_match,2024-25,133,2444600,AWAY,18,2024-25:6,VERIFIED_SOURCE_MATCH_ROUTE,VERIFIED
team_match,2024-25,134,2444603,HOME,8,2024-25:11,VERIFIED_SOURCE_MATCH_ROUTE,VERIFIED
team_match,2024-25,134,2444603,AWAY,20,2024-25:39,VERIFIED_SOURCE_MATCH_ROUTE,VERIFIED
team_match,2024-25,135,2444604,HOME,9,2024-25:54,VERIFIED_SOURCE_MATCH_ROUTE,VERIFIED
team_match,2024-25,135,2444604,AWAY,5,2024-25:36,VERIFIED_SOURCE_MATCH_ROUTE,VERIFIED
team_match,2024-25,136,2444605,HOME,10,2024-25:40,VERIFIED_SOURCE_MATCH_ROUTE,VERIFIED
team_match,2024-25,136,2444605,AWAY,7,2024-25:31,VERIFIED_SOURCE_MATCH_ROUTE,VERIFIED
team_match,2024-25,137,2444606,HOME,11,2024-25:13,VERIFIED_SOURCE_MATCH_ROUTE,VERIFIED
team_match,2024-25,137,2444606,AWAY,19,2024-25:21,VERIFIED_SOURCE_MATCH_ROUTE,VERIFIED
team_match,2024-25,138,2444607,HOME,13,2024-25:43,VERIFIED_SOURCE_MATCH_ROUTE,VERIFIED
team_match,2024-25,138,2444607,AWAY,16,2024-25:17,VERIFIED_SOURCE_MATCH_ROUTE,VERIFIED
team_match,2024-25,139,2444608,HOME,15,2024-25:4,VERIFIED_SOURCE_MATCH_ROUTE,VERIFIED
team_match,2024-25,139,2444608,AWAY,12,2024-25:14,VERIFIED_SOURCE_MATCH_ROUTE,VERIFIED
team_match,2024-25,140,2444609,HOME,17,2024-25:20,VERIFIED_SOURCE_MATCH_ROUTE,VERIFIED
team_match,2024-25,140,2444609,AWAY,6,2024-25:8,VERIFIED_SOURCE_MATCH_ROUTE,VERIFIED
team_match,2024-25,141,2444610,HOME,2,2024-25:7,VERIFIED_SOURCE_MATCH_ROUTE,VERIFIED
team_match,2024-25,141,2444610,AWAY,17,2024-25:20,VERIFIED_SOURCE_MATCH_ROUTE,VERIFIED
team_match,2024-25,142,2444611,HOME,4,2024-25:94,VERIFIED_SOURCE_MATCH_ROUTE,VERIFIED
team_match,2024-25,142,2444611,AWAY,15,2024-25:4,VERIFIED_SOURCE_MATCH_ROUTE,VERIFIED
team_match,2024-25,143,2444612,HOME,7,2024-25:31,VERIFIED_SOURCE_MATCH_ROUTE,VERIFIED
team_match,2024-25,143,2444612,AWAY,13,2024-25:43,VERIFIED_SOURCE_MATCH_ROUTE,VERIFIED
team_match,2024-25,144,2444613,HOME,8,2024-25:11,VERIFIED_SOURCE_MATCH_ROUTE,VERIFIED
team_match,2024-25,144,2444613,AWAY,12,2024-25:14,VERIFIED_SOURCE_MATCH_ROUTE,VERIFIED
team_match,2024-25,145,2444614,HOME,9,2024-25:54,VERIFIED_SOURCE_MATCH_ROUTE,VERIFIED
team_match,2024-25,145,2444614,AWAY,1,2024-25:3,VERIFIED_SOURCE_MATCH_ROUTE,VERIFIED
team_match,2024-25,146,2444615,HOME,10,2024-25:40,VERIFIED_SOURCE_MATCH_ROUTE,VERIFIED
team_match,2024-25,146,2444615,AWAY,3,2024-25:91,VERIFIED_SOURCE_MATCH_ROUTE,VERIFIED
team_match,2024-25,147,2444616,HOME,11,2024-25:13,VERIFIED_SOURCE_MATCH_ROUTE,VERIFIED
team_match,2024-25,147,2444616,AWAY,5,2024-25:36,VERIFIED_SOURCE_MATCH_ROUTE,VERIFIED
team_match,2024-25,148,2444617,HOME,14,2024-25:1,VERIFIED_SOURCE_MATCH_ROUTE,VERIFIED
team_match,2024-25,148,2444617,AWAY,16,2024-25:17,VERIFIED_SOURCE_MATCH_ROUTE,VERIFIED
team_match,2024-25,149,2444618,HOME,18,2024-25:6,VERIFIED_SOURCE_MATCH_ROUTE,VERIFIED
team_match,2024-25,149,2444618,AWAY,6,2024-25:8,VERIFIED_SOURCE_MATCH_ROUTE,VERIFIED
team_match,2024-25,150,2444619,HOME,19,2024-25:21,VERIFIED_SOURCE_MATCH_ROUTE,VERIFIED
team_match,2024-25,150,2444619,AWAY,20,2024-25:39,VERIFIED_SOURCE_MATCH_ROUTE,VERIFIED
team_match,2024-25,151,2444621,HOME,1,2024-25:3,VERIFIED_SOURCE_MATCH_ROUTE,VERIFIED
team_match,2024-25,151,2444621,AWAY,8,2024-25:11,VERIFIED_SOURCE_MATCH_ROUTE,VERIFIED
team_match,2024-25,152,2444620,HOME,3,2024-25:91,VERIFIED_SOURCE_MATCH_ROUTE,VERIFIED
team_match,2024-25,152,2444620,AWAY,19,2024-25:21,VERIFIED_SOURCE_MATCH_ROUTE,VERIFIED
team_match,2024-25,153,2444622,HOME,5,2024-25:36,VERIFIED_SOURCE_MATCH_ROUTE,VERIFIED
team_match,2024-25,153,2444622,AWAY,7,2024-25:31,VERIFIED_SOURCE_MATCH_ROUTE,VERIFIED
team_match,2024-25,154,2444623,HOME,6,2024-25:8,VERIFIED_SOURCE_MATCH_ROUTE,VERIFIED
team_match,2024-25,154,2444623,AWAY,4,2024-25:94,VERIFIED_SOURCE_MATCH_ROUTE,VERIFIED
team_match,2024-25,155,2444624,HOME,12,2024-25:14,VERIFIED_SOURCE_MATCH_ROUTE,VERIFIED
team_match,2024-25,155,2444624,AWAY,9,2024-25:54,VERIFIED_SOURCE_MATCH_ROUTE,VERIFIED
team_match,2024-25,156,2444625,HOME,13,2024-25:43,VERIFIED_SOURCE_MATCH_ROUTE,VERIFIED
team_match,2024-25,156,2444625,AWAY,14,2024-25:1,VERIFIED_SOURCE_MATCH_ROUTE,VERIFIED
team_match,2024-25,157,2444626,HOME,15,2024-25:4,VERIFIED_SOURCE_MATCH_ROUTE,VERIFIED
team_match,2024-25,157,2444626,AWAY,11,2024-25:13,VERIFIED_SOURCE_MATCH_ROUTE,VERIFIED
team_match,2024-25,158,2444627,HOME,16,2024-25:17,VERIFIED_SOURCE_MATCH_ROUTE,VERIFIED
team_match,2024-25,158,2444627,AWAY,2,2024-25:7,VERIFIED_SOURCE_MATCH_ROUTE,VERIFIED
team_match,2024-25,159,2444628,HOME,17,2024-25:20,VERIFIED_SOURCE_MATCH_ROUTE,VERIFIED
team_match,2024-25,159,2444628,AWAY,18,2024-25:6,VERIFIED_SOURCE_MATCH_ROUTE,VERIFIED
team_match,2024-25,160,2444629,HOME,20,2024-25:39,VERIFIED_SOURCE_MATCH_ROUTE,VERIFIED
team_match,2024-25,160,2444629,AWAY,10,2024-25:40,VERIFIED_SOURCE_MATCH_ROUTE,VERIFIED
team_match,2024-25,161,2444630,HOME,2,2024-25:7,VERIFIED_SOURCE_MATCH_ROUTE,VERIFIED
team_match,2024-25,161,2444630,AWAY,13,2024-25:43,VERIFIED_SOURCE_MATCH_ROUTE,VERIFIED
team_match,2024-25,162,2444631,HOME,4,2024-25:94,VERIFIED_SOURCE_MATCH_ROUTE,VERIFIED
team_match,2024-25,162,2444631,AWAY,16,2024-25:17,VERIFIED_SOURCE_MATCH_ROUTE,VERIFIED
team_match,2024-25,163,2444632,HOME,7,2024-25:31,VERIFIED_SOURCE_MATCH_ROUTE,VERIFIED
team_match,2024-25,163,2444632,AWAY,1,2024-25:3,VERIFIED_SOURCE_MATCH_ROUTE,VERIFIED
team_match,2024-25,164,2444633,HOME,8,2024-25:11,VERIFIED_SOURCE_MATCH_ROUTE,VERIFIED
team_match,2024-25,164,2444633,AWAY,6,2024-25:8,VERIFIED_SOURCE_MATCH_ROUTE,VERIFIED
team_match,2024-25,165,2444634,HOME,9,2024-25:54,VERIFIED_SOURCE_MATCH_ROUTE,VERIFIED
team_match,2024-25,165,2444634,AWAY,17,2024-25:20,VERIFIED_SOURCE_MATCH_ROUTE,VERIFIED
team_match,2024-25,166,2444635,HOME,10,2024-25:40,VERIFIED_SOURCE_MATCH_ROUTE,VERIFIED
team_match,2024-25,166,2444635,AWAY,15,2024-25:4,VERIFIED_SOURCE_MATCH_ROUTE,VERIFIED
team_match,2024-25,167,2444636,HOME,11,2024-25:13,VERIFIED_SOURCE_MATCH_ROUTE,VERIFIED
team_match,2024-25,167,2444636,AWAY,20,2024-25:39,VERIFIED_SOURCE_MATCH_ROUTE,VERIFIED
team_match,2024-25,168,2444637,HOME,14,2024-25:1,VERIFIED_SOURCE_MATCH_ROUTE,VERIFIED
team_match,2024-25,168,2444637,AWAY,3,2024-25:91,VERIFIED_SOURCE_MATCH_ROUTE,VERIFIED
team_match,2024-25,169,2444638,HOME,18,2024-25:6,VERIFIED_SOURCE_MATCH_ROUTE,VERIFIED
team_match,2024-25,169,2444638,AWAY,12,2024-25:14,VERIFIED_SOURCE_MATCH_ROUTE,VERIFIED
team_match,2024-25,170,2444639,HOME,19,2024-25:21,VERIFIED_SOURCE_MATCH_ROUTE,VERIFIED
team_match,2024-25,170,2444639,AWAY,5,2024-25:36,VERIFIED_SOURCE_MATCH_ROUTE,VERIFIED
team_match,2024-25,171,2444641,HOME,1,2024-25:3,VERIFIED_SOURCE_MATCH_ROUTE,VERIFIED
team_match,2024-25,171,2444641,AWAY,10,2024-25:40,VERIFIED_SOURCE_MATCH_ROUTE,VERIFIED
team_match,2024-25,172,2444640,HOME,3,2024-25:91,VERIFIED_SOURCE_MATCH_ROUTE,VERIFIED
team_match,2024-25,172,2444640,AWAY,7,2024-25:31,VERIFIED_SOURCE_MATCH_ROUTE,VERIFIED
team_match,2024-25,173,2444642,HOME,5,2024-25:36,VERIFIED_SOURCE_MATCH_ROUTE,VERIFIED
team_match,2024-25,173,2444642,AWAY,4,2024-25:94,VERIFIED_SOURCE_MATCH_ROUTE,VERIFIED
team_match,2024-25,174,2444643,HOME,6,2024-25:8,VERIFIED_SOURCE_MATCH_ROUTE,VERIFIED
team_match,2024-25,174,2444643,AWAY,9,2024-25:54,VERIFIED_SOURCE_MATCH_ROUTE,VERIFIED
team_match,2024-25,175,2444644,HOME,12,2024-25:14,VERIFIED_SOURCE_MATCH_ROUTE,VERIFIED
team_match,2024-25,175,2444644,AWAY,11,2024-25:13,VERIFIED_SOURCE_MATCH_ROUTE,VERIFIED
team_match,2024-25,176,2444645,HOME,13,2024-25:43,VERIFIED_SOURCE_MATCH_ROUTE,VERIFIED
team_match,2024-25,176,2444645,AWAY,8,2024-25:11,VERIFIED_SOURCE_MATCH_ROUTE,VERIFIED
team_match,2024-25,177,2444646,HOME,15,2024-25:4,VERIFIED_SOURCE_MATCH_ROUTE,VERIFIED
team_match,2024-25,177,2444646,AWAY,2,2024-25:7,VERIFIED_SOURCE_MATCH_ROUTE,VERIFIED
team_match,2024-25,178,2444647,HOME,16,2024-25:17,VERIFIED_SOURCE_MATCH_ROUTE,VERIFIED
team_match,2024-25,178,2444647,AWAY,18,2024-25:6,VERIFIED_SOURCE_MATCH_ROUTE,VERIFIED
team_match,2024-25,179,2444648,HOME,17,2024-25:20,VERIFIED_SOURCE_MATCH_ROUTE,VERIFIED
team_match,2024-25,179,2444648,AWAY,19,2024-25:21,VERIFIED_SOURCE_MATCH_ROUTE,VERIFIED
team_match,2024-25,180,2444649,HOME,20,2024-25:39,VERIFIED_SOURCE_MATCH_ROUTE,VERIFIED
team_match,2024-25,180,2444649,AWAY,14,2024-25:1,VERIFIED_SOURCE_MATCH_ROUTE,VERIFIED
team_match,2024-25,181,2444650,HOME,2,2024-25:7,VERIFIED_SOURCE_MATCH_ROUTE,VERIFIED
team_match,2024-25,181,2444650,AWAY,5,2024-25:36,VERIFIED_SOURCE_MATCH_ROUTE,VERIFIED
team_match,2024-25,182,2444651,HOME,4,2024-25:94,VERIFIED_SOURCE_MATCH_ROUTE,VERIFIED
team_match,2024-25,182,2444651,AWAY,1,2024-25:3,VERIFIED_SOURCE_MATCH_ROUTE,VERIFIED
team_match,2024-25,183,2444652,HOME,7,2024-25:31,VERIFIED_SOURCE_MATCH_ROUTE,VERIFIED
team_match,2024-25,183,2444652,AWAY,17,2024-25:20,VERIFIED_SOURCE_MATCH_ROUTE,VERIFIED
team_match,2024-25,184,2444653,HOME,8,2024-25:11,VERIFIED_SOURCE_MATCH_ROUTE,VERIFIED
team_match,2024-25,184,2444653,AWAY,16,2024-25:17,VERIFIED_SOURCE_MATCH_ROUTE,VERIFIED
team_match,2024-25,185,2444654,HOME,9,2024-25:54,VERIFIED_SOURCE_MATCH_ROUTE,VERIFIED
team_match,2024-25,185,2444654,AWAY,3,2024-25:91,VERIFIED_SOURCE_MATCH_ROUTE,VERIFIED
team_match,2024-25,186,2444655,HOME,10,2024-25:40,VERIFIED_SOURCE_MATCH_ROUTE,VERIFIED
team_match,2024-25,186,2444655,AWAY,6,2024-25:8,VERIFIED_SOURCE_MATCH_ROUTE,VERIFIED
team_match,2024-25,187,2444656,HOME,11,2024-25:13,VERIFIED_SOURCE_MATCH_ROUTE,VERIFIED
team_match,2024-25,187,2444656,AWAY,13,2024-25:43,VERIFIED_SOURCE_MATCH_ROUTE,VERIFIED
team_match,2024-25,188,2444657,HOME,14,2024-25:1,VERIFIED_SOURCE_MATCH_ROUTE,VERIFIED
team_match,2024-25,188,2444657,AWAY,15,2024-25:4,VERIFIED_SOURCE_MATCH_ROUTE,VERIFIED
team_match,2024-25,189,2444658,HOME,18,2024-25:6,VERIFIED_SOURCE_MATCH_ROUTE,VERIFIED
team_match,2024-25,189,2444658,AWAY,20,2024-25:39,VERIFIED_SOURCE_MATCH_ROUTE,VERIFIED
team_match,2024-25,190,2444659,HOME,19,2024-25:21,VERIFIED_SOURCE_MATCH_ROUTE,VERIFIED
team_match,2024-25,190,2444659,AWAY,12,2024-25:14,VERIFIED_SOURCE_MATCH_ROUTE,VERIFIED
team_match,2024-25,191,2444661,HOME,2,2024-25:7,VERIFIED_SOURCE_MATCH_ROUTE,VERIFIED
team_match,2024-25,191,2444661,AWAY,11,2024-25:13,VERIFIED_SOURCE_MATCH_ROUTE,VERIFIED
team_match,2024-25,192,2444660,HOME,3,2024-25:91,VERIFIED_SOURCE_MATCH_ROUTE,VERIFIED
team_match,2024-25,192,2444660,AWAY,8,2024-25:11,VERIFIED_SOURCE_MATCH_ROUTE,VERIFIED
team_match,2024-25,193,2444662,HOME,5,2024-25:36,VERIFIED_SOURCE_MATCH_ROUTE,VERIFIED
team_match,2024-25,193,2444662,AWAY,1,2024-25:3,VERIFIED_SOURCE_MATCH_ROUTE,VERIFIED
team_match,2024-25,194,2444663,HOME,7,2024-25:31,VERIFIED_SOURCE_MATCH_ROUTE,VERIFIED
team_match,2024-25,194,2444663,AWAY,6,2024-25:8,VERIFIED_SOURCE_MATCH_ROUTE,VERIFIED
team_match,2024-25,195,2444664,HOME,9,2024-25:54,VERIFIED_SOURCE_MATCH_ROUTE,VERIFIED
team_match,2024-25,195,2444664,AWAY,10,2024-25:40,VERIFIED_SOURCE_MATCH_ROUTE,VERIFIED
team_match,2024-25,196,2444665,HOME,12,2024-25:14,VERIFIED_SOURCE_MATCH_ROUTE,VERIFIED
team_match,2024-25,196,2444665,AWAY,14,2024-25:1,VERIFIED_SOURCE_MATCH_ROUTE,VERIFIED
team_match,2024-25,197,2444666,HOME,13,2024-25:43,VERIFIED_SOURCE_MATCH_ROUTE,VERIFIED
team_match,2024-25,197,2444666,AWAY,19,2024-25:21,VERIFIED_SOURCE_MATCH_ROUTE,VERIFIED
team_match,2024-25,198,2444667,HOME,17,2024-25:20,VERIFIED_SOURCE_MATCH_ROUTE,VERIFIED
team_match,2024-25,198,2444667,AWAY,4,2024-25:94,VERIFIED_SOURCE_MATCH_ROUTE,VERIFIED
team_match,2024-25,199,2444668,HOME,18,2024-25:6,VERIFIED_SOURCE_MATCH_ROUTE,VERIFIED
team_match,2024-25,199,2444668,AWAY,15,2024-25:4,VERIFIED_SOURCE_MATCH_ROUTE,VERIFIED
team_match,2024-25,200,2444669,HOME,20,2024-25:39,VERIFIED_SOURCE_MATCH_ROUTE,VERIFIED
team_match,2024-25,200,2444669,AWAY,16,2024-25:17,VERIFIED_SOURCE_MATCH_ROUTE,VERIFIED
team_match,2024-25,201,2444670,HOME,1,2024-25:3,VERIFIED_SOURCE_MATCH_ROUTE,VERIFIED
team_match,2024-25,201,2444670,AWAY,18,2024-25:6,VERIFIED_SOURCE_MATCH_ROUTE,VERIFIED
team_match,2024-25,202,2444671,HOME,4,2024-25:94,VERIFIED_SOURCE_MATCH_ROUTE,VERIFIED
team_match,2024-25,202,2444671,AWAY,13,2024-25:43,VERIFIED_SOURCE_MATCH_ROUTE,VERIFIED
team_match,2024-25,203,2444672,HOME,8,2024-25:11,VERIFIED_SOURCE_MATCH_ROUTE,VERIFIED
team_match,2024-25,203,2444672,AWAY,2,2024-25:7,VERIFIED_SOURCE_MATCH_ROUTE,VERIFIED
team_match,2024-25,204,2444673,HOME,10,2024-25:40,VERIFIED_SOURCE_MATCH_ROUTE,VERIFIED
team_match,2024-25,204,2444673,AWAY,5,2024-25:36,VERIFIED_SOURCE_MATCH_ROUTE,VERIFIED
team_match,2024-25,205,2444674,HOME,11,2024-25:13,VERIFIED_SOURCE_MATCH_ROUTE,VERIFIED
team_match,2024-25,205,2444674,AWAY,7,2024-25:31,VERIFIED_SOURCE_MATCH_ROUTE,VERIFIED
team_match,2024-25,206,2444675,HOME,16,2024-25:17,VERIFIED_SOURCE_MATCH_ROUTE,VERIFIED
team_match,2024-25,206,2444675,AWAY,12,2024-25:14,VERIFIED_SOURCE_MATCH_ROUTE,VERIFIED
team_match,2024-25,207,2444676,HOME,19,2024-25:21,VERIFIED_SOURCE_MATCH_ROUTE,VERIFIED
team_match,2024-25,207,2444676,AWAY,9,2024-25:54,VERIFIED_SOURCE_MATCH_ROUTE,VERIFIED
team_match,2024-25,208,2444677,HOME,6,2024-25:8,VERIFIED_SOURCE_MATCH_ROUTE,VERIFIED
team_match,2024-25,208,2444677,AWAY,3,2024-25:91,VERIFIED_SOURCE_MATCH_ROUTE,VERIFIED
team_match,2024-25,209,2444678,HOME,14,2024-25:1,VERIFIED_SOURCE_MATCH_ROUTE,VERIFIED
team_match,2024-25,209,2444678,AWAY,17,2024-25:20,VERIFIED_SOURCE_MATCH_ROUTE,VERIFIED
team_match,2024-25,210,2444679,HOME,15,2024-25:4,VERIFIED_SOURCE_MATCH_ROUTE,VERIFIED
team_match,2024-25,210,2444679,AWAY,20,2024-25:39,VERIFIED_SOURCE_MATCH_ROUTE,VERIFIED
team_match,2024-25,211,2444680,HOME,1,2024-25:3,VERIFIED_SOURCE_MATCH_ROUTE,VERIFIED
team_match,2024-25,211,2444680,AWAY,2,2024-25:7,VERIFIED_SOURCE_MATCH_ROUTE,VERIFIED
team_match,2024-25,212,2444681,HOME,4,2024-25:94,VERIFIED_SOURCE_MATCH_ROUTE,VERIFIED
team_match,2024-25,212,2444681,AWAY,12,2024-25:14,VERIFIED_SOURCE_MATCH_ROUTE,VERIFIED
team_match,2024-25,213,2444682,HOME,6,2024-25:8,VERIFIED_SOURCE_MATCH_ROUTE,VERIFIED
team_match,2024-25,213,2444682,AWAY,20,2024-25:39,VERIFIED_SOURCE_MATCH_ROUTE,VERIFIED
team_match,2024-25,214,2444683,HOME,8,2024-25:11,VERIFIED_SOURCE_MATCH_ROUTE,VERIFIED
team_match,2024-25,214,2444683,AWAY,18,2024-25:6,VERIFIED_SOURCE_MATCH_ROUTE,VERIFIED
team_match,2024-25,215,2444684,HOME,10,2024-25:40,VERIFIED_SOURCE_MATCH_ROUTE,VERIFIED
team_match,2024-25,215,2444684,AWAY,13,2024-25:43,VERIFIED_SOURCE_MATCH_ROUTE,VERIFIED
team_match,2024-25,216,2444685,HOME,11,2024-25:13,VERIFIED_SOURCE_MATCH_ROUTE,VERIFIED
team_match,2024-25,216,2444685,AWAY,9,2024-25:54,VERIFIED_SOURCE_MATCH_ROUTE,VERIFIED
team_match,2024-25,217,2444686,HOME,14,2024-25:1,VERIFIED_SOURCE_MATCH_ROUTE,VERIFIED
team_match,2024-25,217,2444686,AWAY,5,2024-25:36,VERIFIED_SOURCE_MATCH_ROUTE,VERIFIED
team_match,2024-25,218,2444687,HOME,15,2024-25:4,VERIFIED_SOURCE_MATCH_ROUTE,VERIFIED
team_match,2024-25,218,2444687,AWAY,3,2024-25:91,VERIFIED_SOURCE_MATCH_ROUTE,VERIFIED
team_match,2024-25,219,2444688,HOME,16,2024-25:17,VERIFIED_SOURCE_MATCH_ROUTE,VERIFIED
team_match,2024-25,219,2444688,AWAY,17,2024-25:20,VERIFIED_SOURCE_MATCH_ROUTE,VERIFIED
team_match,2024-25,220,2444689,HOME,19,2024-25:21,VERIFIED_SOURCE_MATCH_ROUTE,VERIFIED
team_match,2024-25,220,2444689,AWAY,7,2024-25:31,VERIFIED_SOURCE_MATCH_ROUTE,VERIFIED
team_match,2024-25,221,2444691,HOME,2,2024-25:7,VERIFIED_SOURCE_MATCH_ROUTE,VERIFIED
team_match,2024-25,221,2444691,AWAY,19,2024-25:21,VERIFIED_SOURCE_MATCH_ROUTE,VERIFIED
team_match,2024-25,222,2444690,HOME,3,2024-25:91,VERIFIED_SOURCE_MATCH_ROUTE,VERIFIED
team_match,2024-25,222,2444690,AWAY,16,2024-25:17,VERIFIED_SOURCE_MATCH_ROUTE,VERIFIED
team_match,2024-25,223,2444692,HOME,5,2024-25:36,VERIFIED_SOURCE_MATCH_ROUTE,VERIFIED
team_match,2024-25,223,2444692,AWAY,8,2024-25:11,VERIFIED_SOURCE_MATCH_ROUTE,VERIFIED
team_match,2024-25,224,2444693,HOME,7,2024-25:31,VERIFIED_SOURCE_MATCH_ROUTE,VERIFIED
team_match,2024-25,224,2444693,AWAY,4,2024-25:94,VERIFIED_SOURCE_MATCH_ROUTE,VERIFIED
team_match,2024-25,225,2444694,HOME,9,2024-25:54,VERIFIED_SOURCE_MATCH_ROUTE,VERIFIED
team_match,2024-25,225,2444694,AWAY,14,2024-25:1,VERIFIED_SOURCE_MATCH_ROUTE,VERIFIED
team_match,2024-25,226,2444695,HOME,12,2024-25:14,VERIFIED_SOURCE_MATCH_ROUTE,VERIFIED
team_match,2024-25,226,2444695,AWAY,10,2024-25:40,VERIFIED_SOURCE_MATCH_ROUTE,VERIFIED
team_match,2024-25,227,2444696,HOME,13,2024-25:43,VERIFIED_SOURCE_MATCH_ROUTE,VERIFIED
team_match,2024-25,227,2444696,AWAY,6,2024-25:8,VERIFIED_SOURCE_MATCH_ROUTE,VERIFIED
team_match,2024-25,228,2444697,HOME,17,2024-25:20,VERIFIED_SOURCE_MATCH_ROUTE,VERIFIED
team_match,2024-25,228,2444697,AWAY,15,2024-25:4,VERIFIED_SOURCE_MATCH_ROUTE,VERIFIED
team_match,2024-25,229,2444698,HOME,18,2024-25:6,VERIFIED_SOURCE_MATCH_ROUTE,VERIFIED
team_match,2024-25,229,2444698,AWAY,11,2024-25:13,VERIFIED_SOURCE_MATCH_ROUTE,VERIFIED
team_match,2024-25,230,2444699,HOME,20,2024-25:39,VERIFIED_SOURCE_MATCH_ROUTE,VERIFIED
team_match,2024-25,230,2444699,AWAY,1,2024-25:3,VERIFIED_SOURCE_MATCH_ROUTE,VERIFIED
team_match,2024-25,231,2444701,HOME,1,2024-25:3,VERIFIED_SOURCE_MATCH_ROUTE,VERIFIED
team_match,2024-25,231,2444701,AWAY,13,2024-25:43,VERIFIED_SOURCE_MATCH_ROUTE,VERIFIED
team_match,2024-25,232,2444700,HOME,3,2024-25:91,VERIFIED_SOURCE_MATCH_ROUTE,VERIFIED
team_match,2024-25,232,2444700,AWAY,12,2024-25:14,VERIFIED_SOURCE_MATCH_ROUTE,VERIFIED
team_match,2024-25,233,2444702,HOME,4,2024-25:94,VERIFIED_SOURCE_MATCH_ROUTE,VERIFIED
team_match,2024-25,233,2444702,AWAY,18,2024-25:6,VERIFIED_SOURCE_MATCH_ROUTE,VERIFIED
team_match,2024-25,234,2444703,HOME,6,2024-25:8,VERIFIED_SOURCE_MATCH_ROUTE,VERIFIED
team_match,2024-25,234,2444703,AWAY,19,2024-25:21,VERIFIED_SOURCE_MATCH_ROUTE,VERIFIED
team_match,2024-25,235,2444704,HOME,8,2024-25:11,VERIFIED_SOURCE_MATCH_ROUTE,VERIFIED
team_match,2024-25,235,2444704,AWAY,11,2024-25:13,VERIFIED_SOURCE_MATCH_ROUTE,VERIFIED
team_match,2024-25,236,2444705,HOME,10,2024-25:40,VERIFIED_SOURCE_MATCH_ROUTE,VERIFIED
team_match,2024-25,236,2444705,AWAY,17,2024-25:20,VERIFIED_SOURCE_MATCH_ROUTE,VERIFIED
team_match,2024-25,237,2444706,HOME,14,2024-25:1,VERIFIED_SOURCE_MATCH_ROUTE,VERIFIED
team_match,2024-25,237,2444706,AWAY,7,2024-25:31,VERIFIED_SOURCE_MATCH_ROUTE,VERIFIED
team_match,2024-25,238,2444707,HOME,15,2024-25:4,VERIFIED_SOURCE_MATCH_ROUTE,VERIFIED
team_match,2024-25,238,2444707,AWAY,9,2024-25:54,VERIFIED_SOURCE_MATCH_ROUTE,VERIFIED
team_match,2024-25,239,2444708,HOME,16,2024-25:17,VERIFIED_SOURCE_MATCH_ROUTE,VERIFIED
team_match,2024-25,239,2444708,AWAY,5,2024-25:36,VERIFIED_SOURCE_MATCH_ROUTE,VERIFIED
team_match,2024-25,240,2444709,HOME,20,2024-25:39,VERIFIED_SOURCE_MATCH_ROUTE,VERIFIED
team_match,2024-25,240,2444709,AWAY,2,2024-25:7,VERIFIED_SOURCE_MATCH_ROUTE,VERIFIED
team_match,2024-25,241,2444710,HOME,2,2024-25:7,VERIFIED_SOURCE_MATCH_ROUTE,VERIFIED
team_match,2024-25,241,2444710,AWAY,10,2024-25:40,VERIFIED_SOURCE_MATCH_ROUTE,VERIFIED
team_match,2024-25,242,2444711,HOME,5,2024-25:36,VERIFIED_SOURCE_MATCH_ROUTE,VERIFIED
team_match,2024-25,242,2444711,AWAY,6,2024-25:8,VERIFIED_SOURCE_MATCH_ROUTE,VERIFIED
team_match,2024-25,243,2444712,HOME,7,2024-25:31,VERIFIED_SOURCE_MATCH_ROUTE,VERIFIED
team_match,2024-25,243,2444712,AWAY,8,2024-25:11,VERIFIED_SOURCE_MATCH_ROUTE,VERIFIED
team_match,2024-25,244,2444713,HOME,9,2024-25:54,VERIFIED_SOURCE_MATCH_ROUTE,VERIFIED
team_match,2024-25,244,2444713,AWAY,16,2024-25:17,VERIFIED_SOURCE_MATCH_ROUTE,VERIFIED
team_match,2024-25,245,2444714,HOME,11,2024-25:13,VERIFIED_SOURCE_MATCH_ROUTE,VERIFIED
team_match,2024-25,245,2444714,AWAY,1,2024-25:3,VERIFIED_SOURCE_MATCH_ROUTE,VERIFIED
team_match,2024-25,246,2444715,HOME,12,2024-25:14,VERIFIED_SOURCE_MATCH_ROUTE,VERIFIED
team_match,2024-25,246,2444715,AWAY,20,2024-25:39,VERIFIED_SOURCE_MATCH_ROUTE,VERIFIED
team_match,2024-25,247,2444716,HOME,13,2024-25:43,VERIFIED_SOURCE_MATCH_ROUTE,VERIFIED
team_match,2024-25,247,2444716,AWAY,15,2024-25:4,VERIFIED_SOURCE_MATCH_ROUTE,VERIFIED
team_match,2024-25,248,2444717,HOME,17,2024-25:20,VERIFIED_SOURCE_MATCH_ROUTE,VERIFIED
team_match,2024-25,248,2444717,AWAY,3,2024-25:91,VERIFIED_SOURCE_MATCH_ROUTE,VERIFIED
team_match,2024-25,249,2444718,HOME,18,2024-25:6,VERIFIED_SOURCE_MATCH_ROUTE,VERIFIED
team_match,2024-25,249,2444718,AWAY,14,2024-25:1,VERIFIED_SOURCE_MATCH_ROUTE,VERIFIED
team_match,2024-25,250,2444719,HOME,19,2024-25:21,VERIFIED_SOURCE_MATCH_ROUTE,VERIFIED
team_match,2024-25,250,2444719,AWAY,4,2024-25:94,VERIFIED_SOURCE_MATCH_ROUTE,VERIFIED
team_match,2024-25,251,2444721,HOME,1,2024-25:3,VERIFIED_SOURCE_MATCH_ROUTE,VERIFIED
team_match,2024-25,251,2444721,AWAY,19,2024-25:21,VERIFIED_SOURCE_MATCH_ROUTE,VERIFIED
team_match,2024-25,252,2444722,HOME,2,2024-25:7,VERIFIED_SOURCE_MATCH_ROUTE,VERIFIED
team_match,2024-25,252,2444722,AWAY,6,2024-25:8,VERIFIED_SOURCE_MATCH_ROUTE,VERIFIED
team_match,2024-25,253,2444720,HOME,3,2024-25:91,VERIFIED_SOURCE_MATCH_ROUTE,VERIFIED
team_match,2024-25,253,2444720,AWAY,20,2024-25:39,VERIFIED_SOURCE_MATCH_ROUTE,VERIFIED
team_match,2024-25,254,2444723,HOME,8,2024-25:11,VERIFIED_SOURCE_MATCH_ROUTE,VERIFIED
team_match,2024-25,254,2444723,AWAY,14,2024-25:1,VERIFIED_SOURCE_MATCH_ROUTE,VERIFIED
team_match,2024-25,255,2444724,HOME,9,2024-25:54,VERIFIED_SOURCE_MATCH_ROUTE,VERIFIED
team_match,2024-25,255,2444724,AWAY,7,2024-25:31,VERIFIED_SOURCE_MATCH_ROUTE,VERIFIED
team_match,2024-25,256,2444725,HOME,10,2024-25:40,VERIFIED_SOURCE_MATCH_ROUTE,VERIFIED
team_match,2024-25,256,2444725,AWAY,18,2024-25:6,VERIFIED_SOURCE_MATCH_ROUTE,VERIFIED
team_match,2024-25,257,2444726,HOME,11,2024-25:13,VERIFIED_SOURCE_MATCH_ROUTE,VERIFIED
team_match,2024-25,257,2444726,AWAY,4,2024-25:94,VERIFIED_SOURCE_MATCH_ROUTE,VERIFIED
team_match,2024-25,258,2444727,HOME,13,2024-25:43,VERIFIED_SOURCE_MATCH_ROUTE,VERIFIED
team_match,2024-25,258,2444727,AWAY,12,2024-25:14,VERIFIED_SOURCE_MATCH_ROUTE,VERIFIED
team_match,2024-25,259,2444728,HOME,15,2024-25:4,VERIFIED_SOURCE_MATCH_ROUTE,VERIFIED
team_match,2024-25,259,2444728,AWAY,16,2024-25:17,VERIFIED_SOURCE_MATCH_ROUTE,VERIFIED
team_match,2024-25,260,2444729,HOME,17,2024-25:20,VERIFIED_SOURCE_MATCH_ROUTE,VERIFIED
team_match,2024-25,260,2444729,AWAY,5,2024-25:36,VERIFIED_SOURCE_MATCH_ROUTE,VERIFIED
team_match,2024-25,261,2444730,HOME,4,2024-25:94,VERIFIED_SOURCE_MATCH_ROUTE,VERIFIED
team_match,2024-25,261,2444730,AWAY,8,2024-25:11,VERIFIED_SOURCE_MATCH_ROUTE,VERIFIED
team_match,2024-25,262,2444731,HOME,5,2024-25:36,VERIFIED_SOURCE_MATCH_ROUTE,VERIFIED
team_match,2024-25,262,2444731,AWAY,3,2024-25:91,VERIFIED_SOURCE_MATCH_ROUTE,VERIFIED
team_match,2024-25,263,2444732,HOME,7,2024-25:31,VERIFIED_SOURCE_MATCH_ROUTE,VERIFIED
team_match,2024-25,263,2444732,AWAY,2,2024-25:7,VERIFIED_SOURCE_MATCH_ROUTE,VERIFIED
team_match,2024-25,264,2444733,HOME,16,2024-25:17,VERIFIED_SOURCE_MATCH_ROUTE,VERIFIED
team_match,2024-25,264,2444733,AWAY,1,2024-25:3,VERIFIED_SOURCE_MATCH_ROUTE,VERIFIED
team_match,2024-25,265,2444734,HOME,18,2024-25:6,VERIFIED_SOURCE_MATCH_ROUTE,VERIFIED
team_match,2024-25,265,2444734,AWAY,13,2024-25:43,VERIFIED_SOURCE_MATCH_ROUTE,VERIFIED
team_match,2024-25,266,2444735,HOME,19,2024-25:21,VERIFIED_SOURCE_MATCH_ROUTE,VERIFIED
team_match,2024-25,266,2444735,AWAY,11,2024-25:13,VERIFIED_SOURCE_MATCH_ROUTE,VERIFIED
team_match,2024-25,267,2444736,HOME,20,2024-25:39,VERIFIED_SOURCE_MATCH_ROUTE,VERIFIED
team_match,2024-25,267,2444736,AWAY,9,2024-25:54,VERIFIED_SOURCE_MATCH_ROUTE,VERIFIED
team_match,2024-25,268,2444737,HOME,6,2024-25:8,VERIFIED_SOURCE_MATCH_ROUTE,VERIFIED
team_match,2024-25,268,2444737,AWAY,17,2024-25:20,VERIFIED_SOURCE_MATCH_ROUTE,VERIFIED
team_match,2024-25,269,2444738,HOME,12,2024-25:14,VERIFIED_SOURCE_MATCH_ROUTE,VERIFIED
team_match,2024-25,269,2444738,AWAY,15,2024-25:4,VERIFIED_SOURCE_MATCH_ROUTE,VERIFIED
team_match,2024-25,270,2444739,HOME,14,2024-25:1,VERIFIED_SOURCE_MATCH_ROUTE,VERIFIED
team_match,2024-25,270,2444739,AWAY,10,2024-25:40,VERIFIED_SOURCE_MATCH_ROUTE,VERIFIED
team_match,2024-25,271,2444740,HOME,4,2024-25:94,VERIFIED_SOURCE_MATCH_ROUTE,VERIFIED
team_match,2024-25,271,2444740,AWAY,2,2024-25:7,VERIFIED_SOURCE_MATCH_ROUTE,VERIFIED
team_match,2024-25,272,2444741,HOME,5,2024-25:36,VERIFIED_SOURCE_MATCH_ROUTE,VERIFIED
team_match,2024-25,272,2444741,AWAY,9,2024-25:54,VERIFIED_SOURCE_MATCH_ROUTE,VERIFIED
team_match,2024-25,273,2444742,HOME,6,2024-25:8,VERIFIED_SOURCE_MATCH_ROUTE,VERIFIED
team_match,2024-25,273,2444742,AWAY,11,2024-25:13,VERIFIED_SOURCE_MATCH_ROUTE,VERIFIED
team_match,2024-25,274,2444743,HOME,7,2024-25:31,VERIFIED_SOURCE_MATCH_ROUTE,VERIFIED
team_match,2024-25,274,2444743,AWAY,10,2024-25:40,VERIFIED_SOURCE_MATCH_ROUTE,VERIFIED
team_match,2024-25,275,2444744,HOME,12,2024-25:14,VERIFIED_SOURCE_MATCH_ROUTE,VERIFIED
team_match,2024-25,275,2444744,AWAY,17,2024-25:20,VERIFIED_SOURCE_MATCH_ROUTE,VERIFIED
team_match,2024-25,276,2444745,HOME,14,2024-25:1,VERIFIED_SOURCE_MATCH_ROUTE,VERIFIED
team_match,2024-25,276,2444745,AWAY,1,2024-25:3,VERIFIED_SOURCE_MATCH_ROUTE,VERIFIED
team_match,2024-25,277,2444746,HOME,16,2024-25:17,VERIFIED_SOURCE_MATCH_ROUTE,VERIFIED
team_match,2024-25,277,2444746,AWAY,13,2024-25:43,VERIFIED_SOURCE_MATCH_ROUTE,VERIFIED
team_match,2024-25,278,2444747,HOME,18,2024-25:6,VERIFIED_SOURCE_MATCH_ROUTE,VERIFIED
team_match,2024-25,278,2444747,AWAY,3,2024-25:91,VERIFIED_SOURCE_MATCH_ROUTE,VERIFIED
team_match,2024-25,279,2444748,HOME,19,2024-25:21,VERIFIED_SOURCE_MATCH_ROUTE,VERIFIED
team_match,2024-25,279,2444748,AWAY,15,2024-25:4,VERIFIED_SOURCE_MATCH_ROUTE,VERIFIED
team_match,2024-25,280,2444749,HOME,20,2024-25:39,VERIFIED_SOURCE_MATCH_ROUTE,VERIFIED
team_match,2024-25,280,2444749,AWAY,8,2024-25:11,VERIFIED_SOURCE_MATCH_ROUTE,VERIFIED
team_match,2024-25,281,2444751,HOME,1,2024-25:3,VERIFIED_SOURCE_MATCH_ROUTE,VERIFIED
team_match,2024-25,281,2444751,AWAY,6,2024-25:8,VERIFIED_SOURCE_MATCH_ROUTE,VERIFIED
team_match,2024-25,282,2444752,HOME,2,2024-25:7,VERIFIED_SOURCE_MATCH_ROUTE,VERIFIED
team_match,2024-25,282,2444752,AWAY,12,2024-25:14,VERIFIED_SOURCE_MATCH_ROUTE,VERIFIED
team_match,2024-25,283,2444750,HOME,3,2024-25:91,VERIFIED_SOURCE_MATCH_ROUTE,VERIFIED
team_match,2024-25,283,2444750,AWAY,4,2024-25:94,VERIFIED_SOURCE_MATCH_ROUTE,VERIFIED
team_match,2024-25,284,2444753,HOME,8,2024-25:11,VERIFIED_SOURCE_MATCH_ROUTE,VERIFIED
team_match,2024-25,284,2444753,AWAY,19,2024-25:21,VERIFIED_SOURCE_MATCH_ROUTE,VERIFIED
team_match,2024-25,285,2444754,HOME,9,2024-25:54,VERIFIED_SOURCE_MATCH_ROUTE,VERIFIED
team_match,2024-25,285,2444754,AWAY,18,2024-25:6,VERIFIED_SOURCE_MATCH_ROUTE,VERIFIED
team_match,2024-25,286,2444755,HOME,10,2024-25:40,VERIFIED_SOURCE_MATCH_ROUTE,VERIFIED
team_match,2024-25,286,2444755,AWAY,16,2024-25:17,VERIFIED_SOURCE_MATCH_ROUTE,VERIFIED
team_match,2024-25,287,2444756,HOME,11,2024-25:13,VERIFIED_SOURCE_MATCH_ROUTE,VERIFIED
team_match,2024-25,287,2444756,AWAY,14,2024-25:1,VERIFIED_SOURCE_MATCH_ROUTE,VERIFIED
team_match,2024-25,288,2444757,HOME,13,2024-25:43,VERIFIED_SOURCE_MATCH_ROUTE,VERIFIED
team_match,2024-25,288,2444757,AWAY,5,2024-25:36,VERIFIED_SOURCE_MATCH_ROUTE,VERIFIED
team_match,2024-25,289,2444758,HOME,15,2024-25:4,VERIFIED_SOURCE_MATCH_ROUTE,VERIFIED
team_match,2024-25,289,2444758,AWAY,7,2024-25:31,VERIFIED_SOURCE_MATCH_ROUTE,VERIFIED
team_match,2024-25,290,2444759,HOME,17,2024-25:20,VERIFIED_SOURCE_MATCH_ROUTE,VERIFIED
team_match,2024-25,290,2444759,AWAY,20,2024-25:39,VERIFIED_SOURCE_MATCH_ROUTE,VERIFIED
team_match,2024-25,291,2444761,HOME,1,2024-25:3,VERIFIED_SOURCE_MATCH_ROUTE,VERIFIED
team_match,2024-25,291,2444761,AWAY,9,2024-25:54,VERIFIED_SOURCE_MATCH_ROUTE,VERIFIED
team_match,2024-25,292,2444760,HOME,3,2024-25:91,VERIFIED_SOURCE_MATCH_ROUTE,VERIFIED
team_match,2024-25,292,2444760,AWAY,10,2024-25:40,VERIFIED_SOURCE_MATCH_ROUTE,VERIFIED
team_match,2024-25,293,2444762,HOME,5,2024-25:36,VERIFIED_SOURCE_MATCH_ROUTE,VERIFIED
team_match,2024-25,293,2444762,AWAY,2,2024-25:7,VERIFIED_SOURCE_MATCH_ROUTE,VERIFIED
team_match,2024-25,294,2444763,HOME,16,2024-25:17,VERIFIED_SOURCE_MATCH_ROUTE,VERIFIED
team_match,2024-25,294,2444763,AWAY,14,2024-25:1,VERIFIED_SOURCE_MATCH_ROUTE,VERIFIED
team_match,2024-25,295,2444764,HOME,20,2024-25:39,VERIFIED_SOURCE_MATCH_ROUTE,VERIFIED
team_match,2024-25,295,2444764,AWAY,19,2024-25:21,VERIFIED_SOURCE_MATCH_ROUTE,VERIFIED
team_match,2024-25,296,2444765,HOME,6,2024-25:8,VERIFIED_SOURCE_MATCH_ROUTE,VERIFIED
team_match,2024-25,296,2444765,AWAY,18,2024-25:6,VERIFIED_SOURCE_MATCH_ROUTE,VERIFIED
team_match,2024-25,297,2444766,HOME,12,2024-25:14,VERIFIED_SOURCE_MATCH_ROUTE,VERIFIED
team_match,2024-25,297,2444766,AWAY,8,2024-25:11,VERIFIED_SOURCE_MATCH_ROUTE,VERIFIED
team_match,2024-25,298,2444767,HOME,13,2024-25:43,VERIFIED_SOURCE_MATCH_ROUTE,VERIFIED
team_match,2024-25,298,2444767,AWAY,11,2024-25:13,VERIFIED_SOURCE_MATCH_ROUTE,VERIFIED
team_match,2024-25,299,2444768,HOME,15,2024-25:4,VERIFIED_SOURCE_MATCH_ROUTE,VERIFIED
team_match,2024-25,299,2444768,AWAY,4,2024-25:94,VERIFIED_SOURCE_MATCH_ROUTE,VERIFIED
team_match,2024-25,300,2444769,HOME,17,2024-25:20,VERIFIED_SOURCE_MATCH_ROUTE,VERIFIED
team_match,2024-25,300,2444769,AWAY,7,2024-25:31,VERIFIED_SOURCE_MATCH_ROUTE,VERIFIED
team_match,2024-25,301,2444770,HOME,2,2024-25:7,VERIFIED_SOURCE_MATCH_ROUTE,VERIFIED
team_match,2024-25,301,2444770,AWAY,16,2024-25:17,VERIFIED_SOURCE_MATCH_ROUTE,VERIFIED
team_match,2024-25,302,2444771,HOME,4,2024-25:94,VERIFIED_SOURCE_MATCH_ROUTE,VERIFIED
team_match,2024-25,302,2444771,AWAY,6,2024-25:8,VERIFIED_SOURCE_MATCH_ROUTE,VERIFIED
team_match,2024-25,303,2444772,HOME,7,2024-25:31,VERIFIED_SOURCE_MATCH_ROUTE,VERIFIED
team_match,2024-25,303,2444772,AWAY,5,2024-25:36,VERIFIED_SOURCE_MATCH_ROUTE,VERIFIED
team_match,2024-25,304,2444773,HOME,8,2024-25:11,VERIFIED_SOURCE_MATCH_ROUTE,VERIFIED
team_match,2024-25,304,2444773,AWAY,1,2024-25:3,VERIFIED_SOURCE_MATCH_ROUTE,VERIFIED
team_match,2024-25,305,2444774,HOME,9,2024-25:54,VERIFIED_SOURCE_MATCH_ROUTE,VERIFIED
team_match,2024-25,305,2444774,AWAY,12,2024-25:14,VERIFIED_SOURCE_MATCH_ROUTE,VERIFIED
team_match,2024-25,306,2444775,HOME,10,2024-25:40,VERIFIED_SOURCE_MATCH_ROUTE,VERIFIED
team_match,2024-25,306,2444775,AWAY,20,2024-25:39,VERIFIED_SOURCE_MATCH_ROUTE,VERIFIED
team_match,2024-25,307,2444776,HOME,11,2024-25:13,VERIFIED_SOURCE_MATCH_ROUTE,VERIFIED
team_match,2024-25,307,2444776,AWAY,15,2024-25:4,VERIFIED_SOURCE_MATCH_ROUTE,VERIFIED
team_match,2024-25,308,2444777,HOME,14,2024-25:1,VERIFIED_SOURCE_MATCH_ROUTE,VERIFIED
team_match,2024-25,308,2444777,AWAY,13,2024-25:43,VERIFIED_SOURCE_MATCH_ROUTE,VERIFIED
team_match,2024-25,309,2444778,HOME,18,2024-25:6,VERIFIED_SOURCE_MATCH_ROUTE,VERIFIED
team_match,2024-25,309,2444778,AWAY,17,2024-25:20,VERIFIED_SOURCE_MATCH_ROUTE,VERIFIED
team_match,2024-25,310,2444779,HOME,19,2024-25:21,VERIFIED_SOURCE_MATCH_ROUTE,VERIFIED
team_match,2024-25,310,2444779,AWAY,3,2024-25:91,VERIFIED_SOURCE_MATCH_ROUTE,VERIFIED
team_match,2024-25,311,2444781,HOME,1,2024-25:3,VERIFIED_SOURCE_MATCH_ROUTE,VERIFIED
team_match,2024-25,311,2444781,AWAY,4,2024-25:94,VERIFIED_SOURCE_MATCH_ROUTE,VERIFIED
team_match,2024-25,312,2444780,HOME,3,2024-25:91,VERIFIED_SOURCE_MATCH_ROUTE,VERIFIED
team_match,2024-25,312,2444780,AWAY,9,2024-25:54,VERIFIED_SOURCE_MATCH_ROUTE,VERIFIED
team_match,2024-25,313,2444782,HOME,5,2024-25:36,VERIFIED_SOURCE_MATCH_ROUTE,VERIFIED
team_match,2024-25,313,2444782,AWAY,11,2024-25:13,VERIFIED_SOURCE_MATCH_ROUTE,VERIFIED
team_match,2024-25,314,2444783,HOME,6,2024-25:8,VERIFIED_SOURCE_MATCH_ROUTE,VERIFIED
team_match,2024-25,314,2444783,AWAY,10,2024-25:40,VERIFIED_SOURCE_MATCH_ROUTE,VERIFIED
team_match,2024-25,315,2444784,HOME,12,2024-25:14,VERIFIED_SOURCE_MATCH_ROUTE,VERIFIED
team_match,2024-25,315,2444784,AWAY,19,2024-25:21,VERIFIED_SOURCE_MATCH_ROUTE,VERIFIED
team_match,2024-25,316,2444785,HOME,13,2024-25:43,VERIFIED_SOURCE_MATCH_ROUTE,VERIFIED
team_match,2024-25,316,2444785,AWAY,7,2024-25:31,VERIFIED_SOURCE_MATCH_ROUTE,VERIFIED
team_match,2024-25,317,2444786,HOME,15,2024-25:4,VERIFIED_SOURCE_MATCH_ROUTE,VERIFIED
team_match,2024-25,317,2444786,AWAY,14,2024-25:1,VERIFIED_SOURCE_MATCH_ROUTE,VERIFIED
team_match,2024-25,318,2444787,HOME,16,2024-25:17,VERIFIED_SOURCE_MATCH_ROUTE,VERIFIED
team_match,2024-25,318,2444787,AWAY,8,2024-25:11,VERIFIED_SOURCE_MATCH_ROUTE,VERIFIED
team_match,2024-25,319,2444788,HOME,17,2024-25:20,VERIFIED_SOURCE_MATCH_ROUTE,VERIFIED
team_match,2024-25,319,2444788,AWAY,2,2024-25:7,VERIFIED_SOURCE_MATCH_ROUTE,VERIFIED
team_match,2024-25,320,2444789,HOME,20,2024-25:39,VERIFIED_SOURCE_MATCH_ROUTE,VERIFIED
team_match,2024-25,320,2444789,AWAY,18,2024-25:6,VERIFIED_SOURCE_MATCH_ROUTE,VERIFIED
team_match,2024-25,321,2444790,HOME,2,2024-25:7,VERIFIED_SOURCE_MATCH_ROUTE,VERIFIED
team_match,2024-25,321,2444790,AWAY,15,2024-25:4,VERIFIED_SOURCE_MATCH_ROUTE,VERIFIED
team_match,2024-25,322,2444791,HOME,4,2024-25:94,VERIFIED_SOURCE_MATCH_ROUTE,VERIFIED
team_match,2024-25,322,2444791,AWAY,5,2024-25:36,VERIFIED_SOURCE_MATCH_ROUTE,VERIFIED
team_match,2024-25,323,2444792,HOME,7,2024-25:31,VERIFIED_SOURCE_MATCH_ROUTE,VERIFIED
team_match,2024-25,323,2444792,AWAY,3,2024-25:91,VERIFIED_SOURCE_MATCH_ROUTE,VERIFIED
team_match,2024-25,324,2444793,HOME,8,2024-25:11,VERIFIED_SOURCE_MATCH_ROUTE,VERIFIED
team_match,2024-25,324,2444793,AWAY,13,2024-25:43,VERIFIED_SOURCE_MATCH_ROUTE,VERIFIED
team_match,2024-25,325,2444794,HOME,9,2024-25:54,VERIFIED_SOURCE_MATCH_ROUTE,VERIFIED
team_match,2024-25,325,2444794,AWAY,6,2024-25:8,VERIFIED_SOURCE_MATCH_ROUTE,VERIFIED
team_match,2024-25,326,2444795,HOME,10,2024-25:40,VERIFIED_SOURCE_MATCH_ROUTE,VERIFIED
team_match,2024-25,326,2444795,AWAY,1,2024-25:3,VERIFIED_SOURCE_MATCH_ROUTE,VERIFIED
team_match,2024-25,327,2444796,HOME,11,2024-25:13,VERIFIED_SOURCE_MATCH_ROUTE,VERIFIED
team_match,2024-25,327,2444796,AWAY,12,2024-25:14,VERIFIED_SOURCE_MATCH_ROUTE,VERIFIED
team_match,2024-25,328,2444797,HOME,14,2024-25:1,VERIFIED_SOURCE_MATCH_ROUTE,VERIFIED
team_match,2024-25,328,2444797,AWAY,20,2024-25:39,VERIFIED_SOURCE_MATCH_ROUTE,VERIFIED
team_match,2024-25,329,2444798,HOME,18,2024-25:6,VERIFIED_SOURCE_MATCH_ROUTE,VERIFIED
team_match,2024-25,329,2444798,AWAY,16,2024-25:17,VERIFIED_SOURCE_MATCH_ROUTE,VERIFIED
team_match,2024-25,330,2444799,HOME,19,2024-25:21,VERIFIED_SOURCE_MATCH_ROUTE,VERIFIED
team_match,2024-25,330,2444799,AWAY,17,2024-25:20,VERIFIED_SOURCE_MATCH_ROUTE,VERIFIED
team_match,2024-25,331,2444801,HOME,1,2024-25:3,VERIFIED_SOURCE_MATCH_ROUTE,VERIFIED
team_match,2024-25,331,2444801,AWAY,7,2024-25:31,VERIFIED_SOURCE_MATCH_ROUTE,VERIFIED
team_match,2024-25,332,2444800,HOME,3,2024-25:91,VERIFIED_SOURCE_MATCH_ROUTE,VERIFIED
team_match,2024-25,332,2444800,AWAY,14,2024-25:1,VERIFIED_SOURCE_MATCH_ROUTE,VERIFIED
team_match,2024-25,333,2444802,HOME,5,2024-25:36,VERIFIED_SOURCE_MATCH_ROUTE,VERIFIED
team_match,2024-25,333,2444802,AWAY,19,2024-25:21,VERIFIED_SOURCE_MATCH_ROUTE,VERIFIED
team_match,2024-25,334,2444803,HOME,6,2024-25:8,VERIFIED_SOURCE_MATCH_ROUTE,VERIFIED
team_match,2024-25,334,2444803,AWAY,8,2024-25:11,VERIFIED_SOURCE_MATCH_ROUTE,VERIFIED
team_match,2024-25,335,2444804,HOME,12,2024-25:14,VERIFIED_SOURCE_MATCH_ROUTE,VERIFIED
team_match,2024-25,335,2444804,AWAY,18,2024-25:6,VERIFIED_SOURCE_MATCH_ROUTE,VERIFIED
team_match,2024-25,336,2444805,HOME,13,2024-25:43,VERIFIED_SOURCE_MATCH_ROUTE,VERIFIED
team_match,2024-25,336,2444805,AWAY,2,2024-25:7,VERIFIED_SOURCE_MATCH_ROUTE,VERIFIED
team_match,2024-25,337,2444806,HOME,15,2024-25:4,VERIFIED_SOURCE_MATCH_ROUTE,VERIFIED
team_match,2024-25,337,2444806,AWAY,10,2024-25:40,VERIFIED_SOURCE_MATCH_ROUTE,VERIFIED
team_match,2024-25,338,2444807,HOME,16,2024-25:17,VERIFIED_SOURCE_MATCH_ROUTE,VERIFIED
team_match,2024-25,338,2444807,AWAY,4,2024-25:94,VERIFIED_SOURCE_MATCH_ROUTE,VERIFIED
team_match,2024-25,339,2444808,HOME,17,2024-25:20,VERIFIED_SOURCE_MATCH_ROUTE,VERIFIED
team_match,2024-25,339,2444808,AWAY,9,2024-25:54,VERIFIED_SOURCE_MATCH_ROUTE,VERIFIED
team_match,2024-25,340,2444809,HOME,20,2024-25:39,VERIFIED_SOURCE_MATCH_ROUTE,VERIFIED
team_match,2024-25,340,2444809,AWAY,11,2024-25:13,VERIFIED_SOURCE_MATCH_ROUTE,VERIFIED
team_match,2024-25,341,2444810,HOME,1,2024-25:3,VERIFIED_SOURCE_MATCH_ROUTE,VERIFIED
team_match,2024-25,341,2444810,AWAY,3,2024-25:91,VERIFIED_SOURCE_MATCH_ROUTE,VERIFIED
team_match,2024-25,342,2444811,HOME,2,2024-25:7,VERIFIED_SOURCE_MATCH_ROUTE,VERIFIED
team_match,2024-25,342,2444811,AWAY,9,2024-25:54,VERIFIED_SOURCE_MATCH_ROUTE,VERIFIED
team_match,2024-25,343,2444812,HOME,4,2024-25:94,VERIFIED_SOURCE_MATCH_ROUTE,VERIFIED
team_match,2024-25,343,2444812,AWAY,14,2024-25:1,VERIFIED_SOURCE_MATCH_ROUTE,VERIFIED
team_match,2024-25,344,2444813,HOME,5,2024-25:36,VERIFIED_SOURCE_MATCH_ROUTE,VERIFIED
team_match,2024-25,344,2444813,AWAY,15,2024-25:4,VERIFIED_SOURCE_MATCH_ROUTE,VERIFIED
team_match,2024-25,345,2444814,HOME,6,2024-25:8,VERIFIED_SOURCE_MATCH_ROUTE,VERIFIED
team_match,2024-25,345,2444814,AWAY,12,2024-25:14,VERIFIED_SOURCE_MATCH_ROUTE,VERIFIED
team_match,2024-25,346,2444815,HOME,7,2024-25:31,VERIFIED_SOURCE_MATCH_ROUTE,VERIFIED
team_match,2024-25,346,2444815,AWAY,16,2024-25:17,VERIFIED_SOURCE_MATCH_ROUTE,VERIFIED
team_match,2024-25,347,2444816,HOME,8,2024-25:11,VERIFIED_SOURCE_MATCH_ROUTE,VERIFIED
team_match,2024-25,347,2444816,AWAY,10,2024-25:40,VERIFIED_SOURCE_MATCH_ROUTE,VERIFIED
team_match,2024-25,348,2444817,HOME,11,2024-25:13,VERIFIED_SOURCE_MATCH_ROUTE,VERIFIED
team_match,2024-25,348,2444817,AWAY,17,2024-25:20,VERIFIED_SOURCE_MATCH_ROUTE,VERIFIED
team_match,2024-25,349,2444818,HOME,13,2024-25:43,VERIFIED_SOURCE_MATCH_ROUTE,VERIFIED
team_match,2024-25,349,2444818,AWAY,20,2024-25:39,VERIFIED_SOURCE_MATCH_ROUTE,VERIFIED
team_match,2024-25,350,2444819,HOME,19,2024-25:21,VERIFIED_SOURCE_MATCH_ROUTE,VERIFIED
team_match,2024-25,350,2444819,AWAY,18,2024-25:6,VERIFIED_SOURCE_MATCH_ROUTE,VERIFIED
team_match,2024-25,351,2444820,HOME,3,2024-25:91,VERIFIED_SOURCE_MATCH_ROUTE,VERIFIED
team_match,2024-25,351,2444820,AWAY,2,2024-25:7,VERIFIED_SOURCE_MATCH_ROUTE,VERIFIED
team_match,2024-25,352,2444821,HOME,9,2024-25:54,VERIFIED_SOURCE_MATCH_ROUTE,VERIFIED
team_match,2024-25,352,2444821,AWAY,8,2024-25:11,VERIFIED_SOURCE_MATCH_ROUTE,VERIFIED
team_match,2024-25,353,2444822,HOME,10,2024-25:40,VERIFIED_SOURCE_MATCH_ROUTE,VERIFIED
team_match,2024-25,353,2444822,AWAY,4,2024-25:94,VERIFIED_SOURCE_MATCH_ROUTE,VERIFIED
team_match,2024-25,354,2444823,HOME,12,2024-25:14,VERIFIED_SOURCE_MATCH_ROUTE,VERIFIED
team_match,2024-25,354,2444823,AWAY,1,2024-25:3,VERIFIED_SOURCE_MATCH_ROUTE,VERIFIED
team_match,2024-25,355,2444824,HOME,14,2024-25:1,VERIFIED_SOURCE_MATCH_ROUTE,VERIFIED
team_match,2024-25,355,2444824,AWAY,19,2024-25:21,VERIFIED_SOURCE_MATCH_ROUTE,VERIFIED
team_match,2024-25,356,2444825,HOME,15,2024-25:4,VERIFIED_SOURCE_MATCH_ROUTE,VERIFIED
team_match,2024-25,356,2444825,AWAY,6,2024-25:8,VERIFIED_SOURCE_MATCH_ROUTE,VERIFIED
team_match,2024-25,357,2444826,HOME,16,2024-25:17,VERIFIED_SOURCE_MATCH_ROUTE,VERIFIED
team_match,2024-25,357,2444826,AWAY,11,2024-25:13,VERIFIED_SOURCE_MATCH_ROUTE,VERIFIED
team_match,2024-25,358,2444827,HOME,17,2024-25:20,VERIFIED_SOURCE_MATCH_ROUTE,VERIFIED
team_match,2024-25,358,2444827,AWAY,13,2024-25:43,VERIFIED_SOURCE_MATCH_ROUTE,VERIFIED
team_match,2024-25,359,2444828,HOME,18,2024-25:6,VERIFIED_SOURCE_MATCH_ROUTE,VERIFIED
team_match,2024-25,359,2444828,AWAY,7,2024-25:31,VERIFIED_SOURCE_MATCH_ROUTE,VERIFIED
team_match,2024-25,360,2444829,HOME,20,2024-25:39,VERIFIED_SOURCE_MATCH_ROUTE,VERIFIED
team_match,2024-25,360,2444829,AWAY,5,2024-25:36,VERIFIED_SOURCE_MATCH_ROUTE,VERIFIED
team_match,2024-25,361,2444830,HOME,1,2024-25:3,VERIFIED_SOURCE_MATCH_ROUTE,VERIFIED
team_match,2024-25,361,2444830,AWAY,15,2024-25:4,VERIFIED_SOURCE_MATCH_ROUTE,VERIFIED
team_match,2024-25,362,2444831,HOME,2,2024-25:7,VERIFIED_SOURCE_MATCH_ROUTE,VERIFIED
team_match,2024-25,362,2444831,AWAY,18,2024-25:6,VERIFIED_SOURCE_MATCH_ROUTE,VERIFIED
team_match,2024-25,363,2444832,HOME,4,2024-25:94,VERIFIED_SOURCE_MATCH_ROUTE,VERIFIED
team_match,2024-25,363,2444832,AWAY,9,2024-25:54,VERIFIED_SOURCE_MATCH_ROUTE,VERIFIED
team_match,2024-25,364,2444833,HOME,5,2024-25:36,VERIFIED_SOURCE_MATCH_ROUTE,VERIFIED
team_match,2024-25,364,2444833,AWAY,12,2024-25:14,VERIFIED_SOURCE_MATCH_ROUTE,VERIFIED
team_match,2024-25,365,2444834,HOME,6,2024-25:8,VERIFIED_SOURCE_MATCH_ROUTE,VERIFIED
team_match,2024-25,365,2444834,AWAY,14,2024-25:1,VERIFIED_SOURCE_MATCH_ROUTE,VERIFIED
team_match,2024-25,366,2444835,HOME,7,2024-25:31,VERIFIED_SOURCE_MATCH_ROUTE,VERIFIED
team_match,2024-25,366,2444835,AWAY,20,2024-25:39,VERIFIED_SOURCE_MATCH_ROUTE,VERIFIED
team_match,2024-25,367,2444836,HOME,8,2024-25:11,VERIFIED_SOURCE_MATCH_ROUTE,VERIFIED
team_match,2024-25,367,2444836,AWAY,17,2024-25:20,VERIFIED_SOURCE_MATCH_ROUTE,VERIFIED
team_match,2024-25,368,2444837,HOME,11,2024-25:13,VERIFIED_SOURCE_MATCH_ROUTE,VERIFIED
team_match,2024-25,368,2444837,AWAY,10,2024-25:40,VERIFIED_SOURCE_MATCH_ROUTE,VERIFIED
team_match,2024-25,369,2444838,HOME,13,2024-25:43,VERIFIED_SOURCE_MATCH_ROUTE,VERIFIED
team_match,2024-25,369,2444838,AWAY,3,2024-25:91,VERIFIED_SOURCE_MATCH_ROUTE,VERIFIED
team_match,2024-25,370,2444839,HOME,19,2024-25:21,VERIFIED_SOURCE_MATCH_ROUTE,VERIFIED
team_match,2024-25,370,2444839,AWAY,16,2024-25:17,VERIFIED_SOURCE_MATCH_ROUTE,VERIFIED
team_match,2024-25,371,2444840,HOME,3,2024-25:91,VERIFIED_SOURCE_MATCH_ROUTE,VERIFIED
team_match,2024-25,371,2444840,AWAY,11,2024-25:13,VERIFIED_SOURCE_MATCH_ROUTE,VERIFIED
team_match,2024-25,372,2444841,HOME,9,2024-25:54,VERIFIED_SOURCE_MATCH_ROUTE,VERIFIED
team_match,2024-25,372,2444841,AWAY,13,2024-25:43,VERIFIED_SOURCE_MATCH_ROUTE,VERIFIED
team_match,2024-25,373,2444842,HOME,10,2024-25:40,VERIFIED_SOURCE_MATCH_ROUTE,VERIFIED
team_match,2024-25,373,2444842,AWAY,19,2024-25:21,VERIFIED_SOURCE_MATCH_ROUTE,VERIFIED
team_match,2024-25,374,2444843,HOME,12,2024-25:14,VERIFIED_SOURCE_MATCH_ROUTE,VERIFIED
team_match,2024-25,374,2444843,AWAY,7,2024-25:31,VERIFIED_SOURCE_MATCH_ROUTE,VERIFIED
team_match,2024-25,375,2444844,HOME,14,2024-25:1,VERIFIED_SOURCE_MATCH_ROUTE,VERIFIED
team_match,2024-25,375,2444844,AWAY,2,2024-25:7,VERIFIED_SOURCE_MATCH_ROUTE,VERIFIED
team_match,2024-25,376,2444845,HOME,15,2024-25:4,VERIFIED_SOURCE_MATCH_ROUTE,VERIFIED
team_match,2024-25,376,2444845,AWAY,8,2024-25:11,VERIFIED_SOURCE_MATCH_ROUTE,VERIFIED
team_match,2024-25,377,2444846,HOME,16,2024-25:17,VERIFIED_SOURCE_MATCH_ROUTE,VERIFIED
team_match,2024-25,377,2444846,AWAY,6,2024-25:8,VERIFIED_SOURCE_MATCH_ROUTE,VERIFIED
team_match,2024-25,378,2444847,HOME,17,2024-25:20,VERIFIED_SOURCE_MATCH_ROUTE,VERIFIED
team_match,2024-25,378,2444847,AWAY,1,2024-25:3,VERIFIED_SOURCE_MATCH_ROUTE,VERIFIED
team_match,2024-25,379,2444848,HOME,18,2024-25:6,VERIFIED_SOURCE_MATCH_ROUTE,VERIFIED
team_match,2024-25,379,2444848,AWAY,5,2024-25:36,VERIFIED_SOURCE_MATCH_ROUTE,VERIFIED
team_match,2024-25,380,2444849,HOME,20,2024-25:39,VERIFIED_SOURCE_MATCH_ROUTE,VERIFIED
team_match,2024-25,380,2444849,AWAY,4,2024-25:94,VERIFIED_SOURCE_MATCH_ROUTE,VERIFIED
team_match,2025-26,1,2561895,HOME,12,2025-26:14,VERIFIED_SOURCE_MATCH_ROUTE,VERIFIED
team_match,2025-26,1,2561895,AWAY,4,2025-26:91,VERIFIED_SOURCE_MATCH_ROUTE,VERIFIED
team_match,2025-26,2,2561896,HOME,2,2025-26:7,VERIFIED_SOURCE_MATCH_ROUTE,VERIFIED
team_match,2025-26,2,2561896,AWAY,15,2025-26:4,VERIFIED_SOURCE_MATCH_ROUTE,VERIFIED
team_match,2025-26,3,2561897,HOME,6,2025-26:36,VERIFIED_SOURCE_MATCH_ROUTE,VERIFIED
team_match,2025-26,3,2561897,AWAY,10,2025-26:54,VERIFIED_SOURCE_MATCH_ROUTE,VERIFIED
team_match,2025-26,4,2561898,HOME,16,2025-26:17,VERIFIED_SOURCE_MATCH_ROUTE,VERIFIED
team_match,2025-26,4,2561898,AWAY,5,2025-26:94,VERIFIED_SOURCE_MATCH_ROUTE,VERIFIED
team_match,2025-26,5,2561899,HOME,17,2025-26:56,VERIFIED_SOURCE_MATCH_ROUTE,VERIFIED
team_match,2025-26,5,2561899,AWAY,19,2025-26:21,VERIFIED_SOURCE_MATCH_ROUTE,VERIFIED
team_match,2025-26,6,2561900,HOME,18,2025-26:6,VERIFIED_SOURCE_MATCH_ROUTE,VERIFIED
team_match,2025-26,6,2561900,AWAY,3,2025-26:90,VERIFIED_SOURCE_MATCH_ROUTE,VERIFIED
team_match,2025-26,7,2561901,HOME,20,2025-26:39,VERIFIED_SOURCE_MATCH_ROUTE,VERIFIED
team_match,2025-26,7,2561901,AWAY,13,2025-26:43,VERIFIED_SOURCE_MATCH_ROUTE,VERIFIED
team_match,2025-26,8,2561902,HOME,7,2025-26:8,VERIFIED_SOURCE_MATCH_ROUTE,VERIFIED
team_match,2025-26,8,2561902,AWAY,8,2025-26:31,VERIFIED_SOURCE_MATCH_ROUTE,VERIFIED
team_match,2025-26,9,2561903,HOME,14,2025-26:1,VERIFIED_SOURCE_MATCH_ROUTE,VERIFIED
team_match,2025-26,9,2561903,AWAY,1,2025-26:3,VERIFIED_SOURCE_MATCH_ROUTE,VERIFIED
team_match,2025-26,10,2561904,HOME,11,2025-26:2,VERIFIED_SOURCE_MATCH_ROUTE,VERIFIED
team_match,2025-26,10,2561904,AWAY,9,2025-26:11,VERIFIED_SOURCE_MATCH_ROUTE,VERIFIED
team_match,2025-26,11,2561906,HOME,1,2025-26:3,VERIFIED_SOURCE_MATCH_ROUTE,VERIFIED
team_match,2025-26,11,2561906,AWAY,11,2025-26:2,VERIFIED_SOURCE_MATCH_ROUTE,VERIFIED
team_match,2025-26,12,2561905,HOME,4,2025-26:91,VERIFIED_SOURCE_MATCH_ROUTE,VERIFIED
team_match,2025-26,12,2561905,AWAY,20,2025-26:39,VERIFIED_SOURCE_MATCH_ROUTE,VERIFIED
team_match,2025-26,13,2561907,HOME,5,2025-26:94,VERIFIED_SOURCE_MATCH_ROUTE,VERIFIED
team_match,2025-26,13,2561907,AWAY,2,2025-26:7,VERIFIED_SOURCE_MATCH_ROUTE,VERIFIED
team_match,2025-26,14,2561908,HOME,3,2025-26:90,VERIFIED_SOURCE_MATCH_ROUTE,VERIFIED
team_match,2025-26,14,2561908,AWAY,17,2025-26:56,VERIFIED_SOURCE_MATCH_ROUTE,VERIFIED
team_match,2025-26,15,2561909,HOME,8,2025-26:31,VERIFIED_SOURCE_MATCH_ROUTE,VERIFIED
team_match,2025-26,15,2561909,AWAY,16,2025-26:17,VERIFIED_SOURCE_MATCH_ROUTE,VERIFIED
team_match,2025-26,16,2561910,HOME,9,2025-26:11,VERIFIED_SOURCE_MATCH_ROUTE,VERIFIED
team_match,2025-26,16,2561910,AWAY,6,2025-26:36,VERIFIED_SOURCE_MATCH_ROUTE,VERIFIED
team_match,2025-26,17,2561911,HOME,10,2025-26:54,VERIFIED_SOURCE_MATCH_ROUTE,VERIFIED
team_match,2025-26,17,2561911,AWAY,14,2025-26:1,VERIFIED_SOURCE_MATCH_ROUTE,VERIFIED
team_match,2025-26,18,2561912,HOME,13,2025-26:43,VERIFIED_SOURCE_MATCH_ROUTE,VERIFIED
team_match,2025-26,18,2561912,AWAY,18,2025-26:6,VERIFIED_SOURCE_MATCH_ROUTE,VERIFIED
team_match,2025-26,19,2561913,HOME,15,2025-26:4,VERIFIED_SOURCE_MATCH_ROUTE,VERIFIED
team_match,2025-26,19,2561913,AWAY,12,2025-26:14,VERIFIED_SOURCE_MATCH_ROUTE,VERIFIED
team_match,2025-26,20,2561914,HOME,19,2025-26:21,VERIFIED_SOURCE_MATCH_ROUTE,VERIFIED
team_match,2025-26,20,2561914,AWAY,7,2025-26:8,VERIFIED_SOURCE_MATCH_ROUTE,VERIFIED
team_match,2025-26,21,2561915,HOME,2,2025-26:7,VERIFIED_SOURCE_MATCH_ROUTE,VERIFIED
team_match,2025-26,21,2561915,AWAY,8,2025-26:31,VERIFIED_SOURCE_MATCH_ROUTE,VERIFIED
team_match,2025-26,22,2561916,HOME,6,2025-26:36,VERIFIED_SOURCE_MATCH_ROUTE,VERIFIED
team_match,2025-26,22,2561916,AWAY,13,2025-26:43,VERIFIED_SOURCE_MATCH_ROUTE,VERIFIED
team_match,2025-26,23,2561917,HOME,7,2025-26:8,VERIFIED_SOURCE_MATCH_ROUTE,VERIFIED
team_match,2025-26,23,2561917,AWAY,10,2025-26:54,VERIFIED_SOURCE_MATCH_ROUTE,VERIFIED
team_match,2025-26,24,2561918,HOME,11,2025-26:2,VERIFIED_SOURCE_MATCH_ROUTE,VERIFIED
team_match,2025-26,24,2561918,AWAY,15,2025-26:4,VERIFIED_SOURCE_MATCH_ROUTE,VERIFIED
team_match,2025-26,25,2561919,HOME,12,2025-26:14,VERIFIED_SOURCE_MATCH_ROUTE,VERIFIED
team_match,2025-26,25,2561919,AWAY,1,2025-26:3,VERIFIED_SOURCE_MATCH_ROUTE,VERIFIED
team_match,2025-26,26,2561920,HOME,14,2025-26:1,VERIFIED_SOURCE_MATCH_ROUTE,VERIFIED
team_match,2025-26,26,2561920,AWAY,3,2025-26:90,VERIFIED_SOURCE_MATCH_ROUTE,VERIFIED
team_match,2025-26,27,2561921,HOME,16,2025-26:17,VERIFIED_SOURCE_MATCH_ROUTE,VERIFIED
team_match,2025-26,27,2561921,AWAY,19,2025-26:21,VERIFIED_SOURCE_MATCH_ROUTE,VERIFIED
team_match,2025-26,28,2561922,HOME,17,2025-26:56,VERIFIED_SOURCE_MATCH_ROUTE,VERIFIED
team_match,2025-26,28,2561922,AWAY,5,2025-26:94,VERIFIED_SOURCE_MATCH_ROUTE,VERIFIED
team_match,2025-26,29,2561923,HOME,18,2025-26:6,VERIFIED_SOURCE_MATCH_ROUTE,VERIFIED
team_match,2025-26,29,2561923,AWAY,4,2025-26:91,VERIFIED_SOURCE_MATCH_ROUTE,VERIFIED
team_match,2025-26,30,2561924,HOME,20,2025-26:39,VERIFIED_SOURCE_MATCH_ROUTE,VERIFIED
team_match,2025-26,30,2561924,AWAY,9,2025-26:11,VERIFIED_SOURCE_MATCH_ROUTE,VERIFIED
team_match,2025-26,31,2561926,HOME,1,2025-26:3,VERIFIED_SOURCE_MATCH_ROUTE,VERIFIED
team_match,2025-26,31,2561926,AWAY,16,2025-26:17,VERIFIED_SOURCE_MATCH_ROUTE,VERIFIED
team_match,2025-26,32,2561925,HOME,4,2025-26:91,VERIFIED_SOURCE_MATCH_ROUTE,VERIFIED
team_match,2025-26,32,2561925,AWAY,6,2025-26:36,VERIFIED_SOURCE_MATCH_ROUTE,VERIFIED
team_match,2025-26,33,2561927,HOME,5,2025-26:94,VERIFIED_SOURCE_MATCH_ROUTE,VERIFIED
team_match,2025-26,33,2561927,AWAY,7,2025-26:8,VERIFIED_SOURCE_MATCH_ROUTE,VERIFIED
team_match,2025-26,34,2561928,HOME,3,2025-26:90,VERIFIED_SOURCE_MATCH_ROUTE,VERIFIED
team_match,2025-26,34,2561928,AWAY,12,2025-26:14,VERIFIED_SOURCE_MATCH_ROUTE,VERIFIED
team_match,2025-26,35,2561929,HOME,8,2025-26:31,VERIFIED_SOURCE_MATCH_ROUTE,VERIFIED
team_match,2025-26,35,2561929,AWAY,17,2025-26:56,VERIFIED_SOURCE_MATCH_ROUTE,VERIFIED
team_match,2025-26,36,2561930,HOME,9,2025-26:11,VERIFIED_SOURCE_MATCH_ROUTE,VERIFIED
team_match,2025-26,36,2561930,AWAY,2,2025-26:7,VERIFIED_SOURCE_MATCH_ROUTE,VERIFIED
team_match,2025-26,37,2561931,HOME,10,2025-26:54,VERIFIED_SOURCE_MATCH_ROUTE,VERIFIED
team_match,2025-26,37,2561931,AWAY,11,2025-26:2,VERIFIED_SOURCE_MATCH_ROUTE,VERIFIED
team_match,2025-26,38,2561932,HOME,13,2025-26:43,VERIFIED_SOURCE_MATCH_ROUTE,VERIFIED
team_match,2025-26,38,2561932,AWAY,14,2025-26:1,VERIFIED_SOURCE_MATCH_ROUTE,VERIFIED
team_match,2025-26,39,2561933,HOME,15,2025-26:4,VERIFIED_SOURCE_MATCH_ROUTE,VERIFIED
team_match,2025-26,39,2561933,AWAY,20,2025-26:39,VERIFIED_SOURCE_MATCH_ROUTE,VERIFIED
team_match,2025-26,40,2561934,HOME,19,2025-26:21,VERIFIED_SOURCE_MATCH_ROUTE,VERIFIED
team_match,2025-26,40,2561934,AWAY,18,2025-26:6,VERIFIED_SOURCE_MATCH_ROUTE,VERIFIED
team_match,2025-26,41,2561936,HOME,1,2025-26:3,VERIFIED_SOURCE_MATCH_ROUTE,VERIFIED
team_match,2025-26,41,2561936,AWAY,13,2025-26:43,VERIFIED_SOURCE_MATCH_ROUTE,VERIFIED
team_match,2025-26,42,2561935,HOME,4,2025-26:91,VERIFIED_SOURCE_MATCH_ROUTE,VERIFIED
team_match,2025-26,42,2561935,AWAY,15,2025-26:4,VERIFIED_SOURCE_MATCH_ROUTE,VERIFIED
team_match,2025-26,43,2561937,HOME,6,2025-26:36,VERIFIED_SOURCE_MATCH_ROUTE,VERIFIED
team_match,2025-26,43,2561937,AWAY,18,2025-26:6,VERIFIED_SOURCE_MATCH_ROUTE,VERIFIED
team_match,2025-26,44,2561938,HOME,3,2025-26:90,VERIFIED_SOURCE_MATCH_ROUTE,VERIFIED
team_match,2025-26,44,2561938,AWAY,16,2025-26:17,VERIFIED_SOURCE_MATCH_ROUTE,VERIFIED
team_match,2025-26,45,2561939,HOME,10,2025-26:54,VERIFIED_SOURCE_MATCH_ROUTE,VERIFIED
team_match,2025-26,45,2561939,AWAY,5,2025-26:94,VERIFIED_SOURCE_MATCH_ROUTE,VERIFIED
team_match,2025-26,46,2561940,HOME,12,2025-26:14,VERIFIED_SOURCE_MATCH_ROUTE,VERIFIED
team_match,2025-26,46,2561940,AWAY,9,2025-26:11,VERIFIED_SOURCE_MATCH_ROUTE,VERIFIED
team_match,2025-26,47,2561941,HOME,14,2025-26:1,VERIFIED_SOURCE_MATCH_ROUTE,VERIFIED
team_match,2025-26,47,2561941,AWAY,7,2025-26:8,VERIFIED_SOURCE_MATCH_ROUTE,VERIFIED
team_match,2025-26,48,2561942,HOME,17,2025-26:56,VERIFIED_SOURCE_MATCH_ROUTE,VERIFIED
team_match,2025-26,48,2561942,AWAY,2,2025-26:7,VERIFIED_SOURCE_MATCH_ROUTE,VERIFIED
team_match,2025-26,49,2561943,HOME,19,2025-26:21,VERIFIED_SOURCE_MATCH_ROUTE,VERIFIED
team_match,2025-26,49,2561943,AWAY,8,2025-26:31,VERIFIED_SOURCE_MATCH_ROUTE,VERIFIED
team_match,2025-26,50,2561944,HOME,20,2025-26:39,VERIFIED_SOURCE_MATCH_ROUTE,VERIFIED
team_match,2025-26,50,2561944,AWAY,11,2025-26:2,VERIFIED_SOURCE_MATCH_ROUTE,VERIFIED
team_match,2025-26,51,2561945,HOME,2,2025-26:7,VERIFIED_SOURCE_MATCH_ROUTE,VERIFIED
team_match,2025-26,51,2561945,AWAY,10,2025-26:54,VERIFIED_SOURCE_MATCH_ROUTE,VERIFIED
team_match,2025-26,52,2561946,HOME,5,2025-26:94,VERIFIED_SOURCE_MATCH_ROUTE,VERIFIED
team_match,2025-26,52,2561946,AWAY,14,2025-26:1,VERIFIED_SOURCE_MATCH_ROUTE,VERIFIED
team_match,2025-26,53,2561947,HOME,7,2025-26:8,VERIFIED_SOURCE_MATCH_ROUTE,VERIFIED
team_match,2025-26,53,2561947,AWAY,6,2025-26:36,VERIFIED_SOURCE_MATCH_ROUTE,VERIFIED
team_match,2025-26,54,2561948,HOME,8,2025-26:31,VERIFIED_SOURCE_MATCH_ROUTE,VERIFIED
team_match,2025-26,54,2561948,AWAY,12,2025-26:14,VERIFIED_SOURCE_MATCH_ROUTE,VERIFIED
team_match,2025-26,55,2561949,HOME,9,2025-26:11,VERIFIED_SOURCE_MATCH_ROUTE,VERIFIED
team_match,2025-26,55,2561949,AWAY,19,2025-26:21,VERIFIED_SOURCE_MATCH_ROUTE,VERIFIED
team_match,2025-26,56,2561950,HOME,11,2025-26:2,VERIFIED_SOURCE_MATCH_ROUTE,VERIFIED
team_match,2025-26,56,2561950,AWAY,4,2025-26:91,VERIFIED_SOURCE_MATCH_ROUTE,VERIFIED
team_match,2025-26,57,2561951,HOME,13,2025-26:43,VERIFIED_SOURCE_MATCH_ROUTE,VERIFIED
team_match,2025-26,57,2561951,AWAY,3,2025-26:90,VERIFIED_SOURCE_MATCH_ROUTE,VERIFIED
team_match,2025-26,58,2561952,HOME,15,2025-26:4,VERIFIED_SOURCE_MATCH_ROUTE,VERIFIED
team_match,2025-26,58,2561952,AWAY,1,2025-26:3,VERIFIED_SOURCE_MATCH_ROUTE,VERIFIED
team_match,2025-26,59,2561953,HOME,16,2025-26:17,VERIFIED_SOURCE_MATCH_ROUTE,VERIFIED
team_match,2025-26,59,2561953,AWAY,17,2025-26:56,VERIFIED_SOURCE_MATCH_ROUTE,VERIFIED
team_match,2025-26,60,2561954,HOME,18,2025-26:6,VERIFIED_SOURCE_MATCH_ROUTE,VERIFIED
team_match,2025-26,60,2561954,AWAY,20,2025-26:39,VERIFIED_SOURCE_MATCH_ROUTE,VERIFIED
team_match,2025-26,61,2561956,HOME,1,2025-26:3,VERIFIED_SOURCE_MATCH_ROUTE,VERIFIED
team_match,2025-26,61,2561956,AWAY,19,2025-26:21,VERIFIED_SOURCE_MATCH_ROUTE,VERIFIED
team_match,2025-26,62,2561957,HOME,2,2025-26:7,VERIFIED_SOURCE_MATCH_ROUTE,VERIFIED
team_match,2025-26,62,2561957,AWAY,3,2025-26:90,VERIFIED_SOURCE_MATCH_ROUTE,VERIFIED
team_match,2025-26,63,2561955,HOME,4,2025-26:91,VERIFIED_SOURCE_MATCH_ROUTE,VERIFIED
team_match,2025-26,63,2561955,AWAY,10,2025-26:54,VERIFIED_SOURCE_MATCH_ROUTE,VERIFIED
team_match,2025-26,64,2561958,HOME,5,2025-26:94,VERIFIED_SOURCE_MATCH_ROUTE,VERIFIED
team_match,2025-26,64,2561958,AWAY,13,2025-26:43,VERIFIED_SOURCE_MATCH_ROUTE,VERIFIED
team_match,2025-26,65,2561959,HOME,7,2025-26:8,VERIFIED_SOURCE_MATCH_ROUTE,VERIFIED
team_match,2025-26,65,2561959,AWAY,12,2025-26:14,VERIFIED_SOURCE_MATCH_ROUTE,VERIFIED
team_match,2025-26,66,2561960,HOME,9,2025-26:11,VERIFIED_SOURCE_MATCH_ROUTE,VERIFIED
team_match,2025-26,66,2561960,AWAY,8,2025-26:31,VERIFIED_SOURCE_MATCH_ROUTE,VERIFIED
team_match,2025-26,67,2561961,HOME,11,2025-26:2,VERIFIED_SOURCE_MATCH_ROUTE,VERIFIED
team_match,2025-26,67,2561961,AWAY,18,2025-26:6,VERIFIED_SOURCE_MATCH_ROUTE,VERIFIED
team_match,2025-26,68,2561962,HOME,14,2025-26:1,VERIFIED_SOURCE_MATCH_ROUTE,VERIFIED
team_match,2025-26,68,2561962,AWAY,17,2025-26:56,VERIFIED_SOURCE_MATCH_ROUTE,VERIFIED
team_match,2025-26,69,2561963,HOME,15,2025-26:4,VERIFIED_SOURCE_MATCH_ROUTE,VERIFIED
team_match,2025-26,69,2561963,AWAY,16,2025-26:17,VERIFIED_SOURCE_MATCH_ROUTE,VERIFIED
team_match,2025-26,70,2561964,HOME,20,2025-26:39,VERIFIED_SOURCE_MATCH_ROUTE,VERIFIED
team_match,2025-26,70,2561964,AWAY,6,2025-26:36,VERIFIED_SOURCE_MATCH_ROUTE,VERIFIED
team_match,2025-26,71,2561965,HOME,6,2025-26:36,VERIFIED_SOURCE_MATCH_ROUTE,VERIFIED
team_match,2025-26,71,2561965,AWAY,15,2025-26:4,VERIFIED_SOURCE_MATCH_ROUTE,VERIFIED
team_match,2025-26,72,2561966,HOME,3,2025-26:90,VERIFIED_SOURCE_MATCH_ROUTE,VERIFIED
team_match,2025-26,72,2561966,AWAY,11,2025-26:2,VERIFIED_SOURCE_MATCH_ROUTE,VERIFIED
team_match,2025-26,73,2561967,HOME,8,2025-26:31,VERIFIED_SOURCE_MATCH_ROUTE,VERIFIED
team_match,2025-26,73,2561967,AWAY,4,2025-26:91,VERIFIED_SOURCE_MATCH_ROUTE,VERIFIED
team_match,2025-26,74,2561968,HOME,10,2025-26:54,VERIFIED_SOURCE_MATCH_ROUTE,VERIFIED
team_match,2025-26,74,2561968,AWAY,1,2025-26:3,VERIFIED_SOURCE_MATCH_ROUTE,VERIFIED
team_match,2025-26,75,2561969,HOME,12,2025-26:14,VERIFIED_SOURCE_MATCH_ROUTE,VERIFIED
team_match,2025-26,75,2561969,AWAY,14,2025-26:1,VERIFIED_SOURCE_MATCH_ROUTE,VERIFIED
team_match,2025-26,76,2561970,HOME,13,2025-26:43,VERIFIED_SOURCE_MATCH_ROUTE,VERIFIED
team_match,2025-26,76,2561970,AWAY,9,2025-26:11,VERIFIED_SOURCE_MATCH_ROUTE,VERIFIED
team_match,2025-26,77,2561971,HOME,16,2025-26:17,VERIFIED_SOURCE_MATCH_ROUTE,VERIFIED
team_match,2025-26,77,2561971,AWAY,7,2025-26:8,VERIFIED_SOURCE_MATCH_ROUTE,VERIFIED
team_match,2025-26,78,2561972,HOME,17,2025-26:56,VERIFIED_SOURCE_MATCH_ROUTE,VERIFIED
team_match,2025-26,78,2561972,AWAY,20,2025-26:39,VERIFIED_SOURCE_MATCH_ROUTE,VERIFIED
team_match,2025-26,79,2561973,HOME,18,2025-26:6,VERIFIED_SOURCE_MATCH_ROUTE,VERIFIED
team_match,2025-26,79,2561973,AWAY,2,2025-26:7,VERIFIED_SOURCE_MATCH_ROUTE,VERIFIED
team_match,2025-26,80,2561974,HOME,19,2025-26:21,VERIFIED_SOURCE_MATCH_ROUTE,VERIFIED
team_match,2025-26,80,2561974,AWAY,5,2025-26:94,VERIFIED_SOURCE_MATCH_ROUTE,VERIFIED
team_match,2025-26,81,2561976,HOME,1,2025-26:3,VERIFIED_SOURCE_MATCH_ROUTE,VERIFIED
team_match,2025-26,81,2561976,AWAY,8,2025-26:31,VERIFIED_SOURCE_MATCH_ROUTE,VERIFIED
team_match,2025-26,82,2561977,HOME,2,2025-26:7,VERIFIED_SOURCE_MATCH_ROUTE,VERIFIED
team_match,2025-26,82,2561977,AWAY,13,2025-26:43,VERIFIED_SOURCE_MATCH_ROUTE,VERIFIED
team_match,2025-26,83,2561975,HOME,4,2025-26:91,VERIFIED_SOURCE_MATCH_ROUTE,VERIFIED
team_match,2025-26,83,2561975,AWAY,16,2025-26:17,VERIFIED_SOURCE_MATCH_ROUTE,VERIFIED
team_match,2025-26,84,2561978,HOME,5,2025-26:94,VERIFIED_SOURCE_MATCH_ROUTE,VERIFIED
team_match,2025-26,84,2561978,AWAY,12,2025-26:14,VERIFIED_SOURCE_MATCH_ROUTE,VERIFIED
team_match,2025-26,85,2561979,HOME,7,2025-26:8,VERIFIED_SOURCE_MATCH_ROUTE,VERIFIED
team_match,2025-26,85,2561979,AWAY,17,2025-26:56,VERIFIED_SOURCE_MATCH_ROUTE,VERIFIED
team_match,2025-26,86,2561980,HOME,9,2025-26:11,VERIFIED_SOURCE_MATCH_ROUTE,VERIFIED
team_match,2025-26,86,2561980,AWAY,18,2025-26:6,VERIFIED_SOURCE_MATCH_ROUTE,VERIFIED
team_match,2025-26,87,2561981,HOME,11,2025-26:2,VERIFIED_SOURCE_MATCH_ROUTE,VERIFIED
team_match,2025-26,87,2561981,AWAY,19,2025-26:21,VERIFIED_SOURCE_MATCH_ROUTE,VERIFIED
team_match,2025-26,88,2561982,HOME,14,2025-26:1,VERIFIED_SOURCE_MATCH_ROUTE,VERIFIED
team_match,2025-26,88,2561982,AWAY,6,2025-26:36,VERIFIED_SOURCE_MATCH_ROUTE,VERIFIED
team_match,2025-26,89,2561983,HOME,15,2025-26:4,VERIFIED_SOURCE_MATCH_ROUTE,VERIFIED
team_match,2025-26,89,2561983,AWAY,10,2025-26:54,VERIFIED_SOURCE_MATCH_ROUTE,VERIFIED
team_match,2025-26,90,2561984,HOME,20,2025-26:39,VERIFIED_SOURCE_MATCH_ROUTE,VERIFIED
team_match,2025-26,90,2561984,AWAY,3,2025-26:90,VERIFIED_SOURCE_MATCH_ROUTE,VERIFIED
team_match,2025-26,91,2561985,HOME,6,2025-26:36,VERIFIED_SOURCE_MATCH_ROUTE,VERIFIED
team_match,2025-26,91,2561985,AWAY,11,2025-26:2,VERIFIED_SOURCE_MATCH_ROUTE,VERIFIED
team_match,2025-26,92,2561986,HOME,3,2025-26:90,VERIFIED_SOURCE_MATCH_ROUTE,VERIFIED
team_match,2025-26,92,2561986,AWAY,1,2025-26:3,VERIFIED_SOURCE_MATCH_ROUTE,VERIFIED
team_match,2025-26,93,2561987,HOME,8,2025-26:31,VERIFIED_SOURCE_MATCH_ROUTE,VERIFIED
team_match,2025-26,93,2561987,AWAY,5,2025-26:94,VERIFIED_SOURCE_MATCH_ROUTE,VERIFIED
team_match,2025-26,94,2561988,HOME,10,2025-26:54,VERIFIED_SOURCE_MATCH_ROUTE,VERIFIED
team_match,2025-26,94,2561988,AWAY,20,2025-26:39,VERIFIED_SOURCE_MATCH_ROUTE,VERIFIED
team_match,2025-26,95,2561989,HOME,12,2025-26:14,VERIFIED_SOURCE_MATCH_ROUTE,VERIFIED
team_match,2025-26,95,2561989,AWAY,2,2025-26:7,VERIFIED_SOURCE_MATCH_ROUTE,VERIFIED
team_match,2025-26,96,2561990,HOME,13,2025-26:43,VERIFIED_SOURCE_MATCH_ROUTE,VERIFIED
team_match,2025-26,96,2561990,AWAY,4,2025-26:91,VERIFIED_SOURCE_MATCH_ROUTE,VERIFIED
team_match,2025-26,97,2561991,HOME,16,2025-26:17,VERIFIED_SOURCE_MATCH_ROUTE,VERIFIED
team_match,2025-26,97,2561991,AWAY,14,2025-26:1,VERIFIED_SOURCE_MATCH_ROUTE,VERIFIED
team_match,2025-26,98,2561992,HOME,17,2025-26:56,VERIFIED_SOURCE_MATCH_ROUTE,VERIFIED
team_match,2025-26,98,2561992,AWAY,9,2025-26:11,VERIFIED_SOURCE_MATCH_ROUTE,VERIFIED
team_match,2025-26,99,2561993,HOME,18,2025-26:6,VERIFIED_SOURCE_MATCH_ROUTE,VERIFIED
team_match,2025-26,99,2561993,AWAY,7,2025-26:8,VERIFIED_SOURCE_MATCH_ROUTE,VERIFIED
team_match,2025-26,100,2561994,HOME,19,2025-26:21,VERIFIED_SOURCE_MATCH_ROUTE,VERIFIED
team_match,2025-26,100,2561994,AWAY,15,2025-26:4,VERIFIED_SOURCE_MATCH_ROUTE,VERIFIED
team_match,2025-26,101,2561995,HOME,2,2025-26:7,VERIFIED_SOURCE_MATCH_ROUTE,VERIFIED
team_match,2025-26,101,2561995,AWAY,4,2025-26:91,VERIFIED_SOURCE_MATCH_ROUTE,VERIFIED
team_match,2025-26,102,2561996,HOME,5,2025-26:94,VERIFIED_SOURCE_MATCH_ROUTE,VERIFIED
team_match,2025-26,102,2561996,AWAY,15,2025-26:4,VERIFIED_SOURCE_MATCH_ROUTE,VERIFIED
team_match,2025-26,103,2561997,HOME,7,2025-26:8,VERIFIED_SOURCE_MATCH_ROUTE,VERIFIED
team_match,2025-26,103,2561997,AWAY,20,2025-26:39,VERIFIED_SOURCE_MATCH_ROUTE,VERIFIED
team_match,2025-26,104,2561998,HOME,8,2025-26:31,VERIFIED_SOURCE_MATCH_ROUTE,VERIFIED
team_match,2025-26,104,2561998,AWAY,6,2025-26:36,VERIFIED_SOURCE_MATCH_ROUTE,VERIFIED
team_match,2025-26,105,2561999,HOME,9,2025-26:11,VERIFIED_SOURCE_MATCH_ROUTE,VERIFIED
team_match,2025-26,105,2561999,AWAY,10,2025-26:54,VERIFIED_SOURCE_MATCH_ROUTE,VERIFIED
team_match,2025-26,106,2562000,HOME,13,2025-26:43,VERIFIED_SOURCE_MATCH_ROUTE,VERIFIED
team_match,2025-26,106,2562000,AWAY,12,2025-26:14,VERIFIED_SOURCE_MATCH_ROUTE,VERIFIED
team_match,2025-26,107,2562001,HOME,16,2025-26:17,VERIFIED_SOURCE_MATCH_ROUTE,VERIFIED
team_match,2025-26,107,2562001,AWAY,11,2025-26:2,VERIFIED_SOURCE_MATCH_ROUTE,VERIFIED
team_match,2025-26,108,2562002,HOME,17,2025-26:56,VERIFIED_SOURCE_MATCH_ROUTE,VERIFIED
team_match,2025-26,108,2562002,AWAY,1,2025-26:3,VERIFIED_SOURCE_MATCH_ROUTE,VERIFIED
team_match,2025-26,109,2562003,HOME,18,2025-26:6,VERIFIED_SOURCE_MATCH_ROUTE,VERIFIED
team_match,2025-26,109,2562003,AWAY,14,2025-26:1,VERIFIED_SOURCE_MATCH_ROUTE,VERIFIED
team_match,2025-26,110,2562004,HOME,19,2025-26:21,VERIFIED_SOURCE_MATCH_ROUTE,VERIFIED
team_match,2025-26,110,2562004,AWAY,3,2025-26:90,VERIFIED_SOURCE_MATCH_ROUTE,VERIFIED
team_match,2025-26,111,2562006,HOME,1,2025-26:3,VERIFIED_SOURCE_MATCH_ROUTE,VERIFIED
team_match,2025-26,111,2562006,AWAY,18,2025-26:6,VERIFIED_SOURCE_MATCH_ROUTE,VERIFIED
team_match,2025-26,112,2562005,HOME,4,2025-26:91,VERIFIED_SOURCE_MATCH_ROUTE,VERIFIED
team_match,2025-26,112,2562005,AWAY,19,2025-26:21,VERIFIED_SOURCE_MATCH_ROUTE,VERIFIED
team_match,2025-26,113,2562007,HOME,6,2025-26:36,VERIFIED_SOURCE_MATCH_ROUTE,VERIFIED
team_match,2025-26,113,2562007,AWAY,5,2025-26:94,VERIFIED_SOURCE_MATCH_ROUTE,VERIFIED
team_match,2025-26,114,2562008,HOME,3,2025-26:90,VERIFIED_SOURCE_MATCH_ROUTE,VERIFIED
team_match,2025-26,114,2562008,AWAY,7,2025-26:8,VERIFIED_SOURCE_MATCH_ROUTE,VERIFIED
team_match,2025-26,115,2562009,HOME,10,2025-26:54,VERIFIED_SOURCE_MATCH_ROUTE,VERIFIED
team_match,2025-26,115,2562009,AWAY,17,2025-26:56,VERIFIED_SOURCE_MATCH_ROUTE,VERIFIED
team_match,2025-26,116,2562010,HOME,11,2025-26:2,VERIFIED_SOURCE_MATCH_ROUTE,VERIFIED
team_match,2025-26,116,2562010,AWAY,2,2025-26:7,VERIFIED_SOURCE_MATCH_ROUTE,VERIFIED
team_match,2025-26,117,2562011,HOME,12,2025-26:14,VERIFIED_SOURCE_MATCH_ROUTE,VERIFIED
team_match,2025-26,117,2562011,AWAY,16,2025-26:17,VERIFIED_SOURCE_MATCH_ROUTE,VERIFIED
team_match,2025-26,118,2562012,HOME,14,2025-26:1,VERIFIED_SOURCE_MATCH_ROUTE,VERIFIED
team_match,2025-26,118,2562012,AWAY,9,2025-26:11,VERIFIED_SOURCE_MATCH_ROUTE,VERIFIED
team_match,2025-26,119,2562013,HOME,15,2025-26:4,VERIFIED_SOURCE_MATCH_ROUTE,VERIFIED
team_match,2025-26,119,2562013,AWAY,13,2025-26:43,VERIFIED_SOURCE_MATCH_ROUTE,VERIFIED
team_match,2025-26,120,2562014,HOME,20,2025-26:39,VERIFIED_SOURCE_MATCH_ROUTE,VERIFIED
team_match,2025-26,120,2562014,AWAY,8,2025-26:31,VERIFIED_SOURCE_MATCH_ROUTE,VERIFIED
team_match,2025-26,121,2562015,HOME,2,2025-26:7,VERIFIED_SOURCE_MATCH_ROUTE,VERIFIED
team_match,2025-26,121,2562015,AWAY,20,2025-26:39,VERIFIED_SOURCE_MATCH_ROUTE,VERIFIED
team_match,2025-26,122,2562016,HOME,5,2025-26:94,VERIFIED_SOURCE_MATCH_ROUTE,VERIFIED
team_match,2025-26,122,2562016,AWAY,3,2025-26:90,VERIFIED_SOURCE_MATCH_ROUTE,VERIFIED
team_match,2025-26,123,2562017,HOME,7,2025-26:8,VERIFIED_SOURCE_MATCH_ROUTE,VERIFIED
team_match,2025-26,123,2562017,AWAY,1,2025-26:3,VERIFIED_SOURCE_MATCH_ROUTE,VERIFIED
team_match,2025-26,124,2562018,HOME,8,2025-26:31,VERIFIED_SOURCE_MATCH_ROUTE,VERIFIED
team_match,2025-26,124,2562018,AWAY,14,2025-26:1,VERIFIED_SOURCE_MATCH_ROUTE,VERIFIED
team_match,2025-26,125,2562019,HOME,9,2025-26:11,VERIFIED_SOURCE_MATCH_ROUTE,VERIFIED
team_match,2025-26,125,2562019,AWAY,15,2025-26:4,VERIFIED_SOURCE_MATCH_ROUTE,VERIFIED
team_match,2025-26,126,2562020,HOME,13,2025-26:43,VERIFIED_SOURCE_MATCH_ROUTE,VERIFIED
team_match,2025-26,126,2562020,AWAY,11,2025-26:2,VERIFIED_SOURCE_MATCH_ROUTE,VERIFIED
team_match,2025-26,127,2562021,HOME,16,2025-26:17,VERIFIED_SOURCE_MATCH_ROUTE,VERIFIED
team_match,2025-26,127,2562021,AWAY,6,2025-26:36,VERIFIED_SOURCE_MATCH_ROUTE,VERIFIED
team_match,2025-26,128,2562022,HOME,17,2025-26:56,VERIFIED_SOURCE_MATCH_ROUTE,VERIFIED
team_match,2025-26,128,2562022,AWAY,4,2025-26:91,VERIFIED_SOURCE_MATCH_ROUTE,VERIFIED
team_match,2025-26,129,2562023,HOME,18,2025-26:6,VERIFIED_SOURCE_MATCH_ROUTE,VERIFIED
team_match,2025-26,129,2562023,AWAY,10,2025-26:54,VERIFIED_SOURCE_MATCH_ROUTE,VERIFIED
team_match,2025-26,130,2562024,HOME,19,2025-26:21,VERIFIED_SOURCE_MATCH_ROUTE,VERIFIED
team_match,2025-26,130,2562024,AWAY,12,2025-26:14,VERIFIED_SOURCE_MATCH_ROUTE,VERIFIED
team_match,2025-26,131,2562026,HOME,1,2025-26:3,VERIFIED_SOURCE_MATCH_ROUTE,VERIFIED
team_match,2025-26,131,2562026,AWAY,5,2025-26:94,VERIFIED_SOURCE_MATCH_ROUTE,VERIFIED
team_match,2025-26,132,2562025,HOME,4,2025-26:91,VERIFIED_SOURCE_MATCH_ROUTE,VERIFIED
team_match,2025-26,132,2562025,AWAY,9,2025-26:11,VERIFIED_SOURCE_MATCH_ROUTE,VERIFIED
team_match,2025-26,133,2562027,HOME,6,2025-26:36,VERIFIED_SOURCE_MATCH_ROUTE,VERIFIED
team_match,2025-26,133,2562027,AWAY,2,2025-26:7,VERIFIED_SOURCE_MATCH_ROUTE,VERIFIED
team_match,2025-26,134,2562028,HOME,3,2025-26:90,VERIFIED_SOURCE_MATCH_ROUTE,VERIFIED
team_match,2025-26,134,2562028,AWAY,8,2025-26:31,VERIFIED_SOURCE_MATCH_ROUTE,VERIFIED
team_match,2025-26,135,2562029,HOME,10,2025-26:54,VERIFIED_SOURCE_MATCH_ROUTE,VERIFIED
team_match,2025-26,135,2562029,AWAY,13,2025-26:43,VERIFIED_SOURCE_MATCH_ROUTE,VERIFIED
team_match,2025-26,136,2562030,HOME,11,2025-26:2,VERIFIED_SOURCE_MATCH_ROUTE,VERIFIED
team_match,2025-26,136,2562030,AWAY,7,2025-26:8,VERIFIED_SOURCE_MATCH_ROUTE,VERIFIED
team_match,2025-26,137,2562031,HOME,12,2025-26:14,VERIFIED_SOURCE_MATCH_ROUTE,VERIFIED
team_match,2025-26,137,2562031,AWAY,17,2025-26:56,VERIFIED_SOURCE_MATCH_ROUTE,VERIFIED
team_match,2025-26,138,2562032,HOME,14,2025-26:1,VERIFIED_SOURCE_MATCH_ROUTE,VERIFIED
team_match,2025-26,138,2562032,AWAY,19,2025-26:21,VERIFIED_SOURCE_MATCH_ROUTE,VERIFIED
team_match,2025-26,139,2562033,HOME,15,2025-26:4,VERIFIED_SOURCE_MATCH_ROUTE,VERIFIED
team_match,2025-26,139,2562033,AWAY,18,2025-26:6,VERIFIED_SOURCE_MATCH_ROUTE,VERIFIED
team_match,2025-26,140,2562034,HOME,20,2025-26:39,VERIFIED_SOURCE_MATCH_ROUTE,VERIFIED
team_match,2025-26,140,2562034,AWAY,16,2025-26:17,VERIFIED_SOURCE_MATCH_ROUTE,VERIFIED
team_match,2025-26,141,2562036,HOME,2,2025-26:7,VERIFIED_SOURCE_MATCH_ROUTE,VERIFIED
team_match,2025-26,141,2562036,AWAY,1,2025-26:3,VERIFIED_SOURCE_MATCH_ROUTE,VERIFIED
team_match,2025-26,142,2562035,HOME,4,2025-26:91,VERIFIED_SOURCE_MATCH_ROUTE,VERIFIED
team_match,2025-26,142,2562035,AWAY,7,2025-26:8,VERIFIED_SOURCE_MATCH_ROUTE,VERIFIED
team_match,2025-26,143,2562037,HOME,6,2025-26:36,VERIFIED_SOURCE_MATCH_ROUTE,VERIFIED
team_match,2025-26,143,2562037,AWAY,19,2025-26:21,VERIFIED_SOURCE_MATCH_ROUTE,VERIFIED
team_match,2025-26,144,2562038,HOME,9,2025-26:11,VERIFIED_SOURCE_MATCH_ROUTE,VERIFIED
team_match,2025-26,144,2562038,AWAY,16,2025-26:17,VERIFIED_SOURCE_MATCH_ROUTE,VERIFIED
team_match,2025-26,145,2562039,HOME,10,2025-26:54,VERIFIED_SOURCE_MATCH_ROUTE,VERIFIED
team_match,2025-26,145,2562039,AWAY,8,2025-26:31,VERIFIED_SOURCE_MATCH_ROUTE,VERIFIED
team_match,2025-26,146,2562040,HOME,11,2025-26:2,VERIFIED_SOURCE_MATCH_ROUTE,VERIFIED
team_match,2025-26,146,2562040,AWAY,12,2025-26:14,VERIFIED_SOURCE_MATCH_ROUTE,VERIFIED
team_match,2025-26,147,2562041,HOME,13,2025-26:43,VERIFIED_SOURCE_MATCH_ROUTE,VERIFIED
team_match,2025-26,147,2562041,AWAY,17,2025-26:56,VERIFIED_SOURCE_MATCH_ROUTE,VERIFIED
team_match,2025-26,148,2562042,HOME,15,2025-26:4,VERIFIED_SOURCE_MATCH_ROUTE,VERIFIED
team_match,2025-26,148,2562042,AWAY,3,2025-26:90,VERIFIED_SOURCE_MATCH_ROUTE,VERIFIED
team_match,2025-26,149,2562043,HOME,18,2025-26:6,VERIFIED_SOURCE_MATCH_ROUTE,VERIFIED
team_match,2025-26,149,2562043,AWAY,5,2025-26:94,VERIFIED_SOURCE_MATCH_ROUTE,VERIFIED
team_match,2025-26,150,2562044,HOME,20,2025-26:39,VERIFIED_SOURCE_MATCH_ROUTE,VERIFIED
team_match,2025-26,150,2562044,AWAY,14,2025-26:1,VERIFIED_SOURCE_MATCH_ROUTE,VERIFIED
team_match,2025-26,151,2562045,HOME,1,2025-26:3,VERIFIED_SOURCE_MATCH_ROUTE,VERIFIED
team_match,2025-26,151,2562045,AWAY,20,2025-26:39,VERIFIED_SOURCE_MATCH_ROUTE,VERIFIED
team_match,2025-26,152,2562046,HOME,5,2025-26:94,VERIFIED_SOURCE_MATCH_ROUTE,VERIFIED
team_match,2025-26,152,2562046,AWAY,11,2025-26:2,VERIFIED_SOURCE_MATCH_ROUTE,VERIFIED
team_match,2025-26,153,2562047,HOME,3,2025-26:90,VERIFIED_SOURCE_MATCH_ROUTE,VERIFIED
team_match,2025-26,153,2562047,AWAY,10,2025-26:54,VERIFIED_SOURCE_MATCH_ROUTE,VERIFIED
team_match,2025-26,154,2562048,HOME,7,2025-26:8,VERIFIED_SOURCE_MATCH_ROUTE,VERIFIED
team_match,2025-26,154,2562048,AWAY,9,2025-26:11,VERIFIED_SOURCE_MATCH_ROUTE,VERIFIED
team_match,2025-26,155,2562049,HOME,8,2025-26:31,VERIFIED_SOURCE_MATCH_ROUTE,VERIFIED
team_match,2025-26,155,2562049,AWAY,13,2025-26:43,VERIFIED_SOURCE_MATCH_ROUTE,VERIFIED
team_match,2025-26,156,2562050,HOME,12,2025-26:14,VERIFIED_SOURCE_MATCH_ROUTE,VERIFIED
team_match,2025-26,156,2562050,AWAY,6,2025-26:36,VERIFIED_SOURCE_MATCH_ROUTE,VERIFIED
team_match,2025-26,157,2562051,HOME,14,2025-26:1,VERIFIED_SOURCE_MATCH_ROUTE,VERIFIED
team_match,2025-26,157,2562051,AWAY,4,2025-26:91,VERIFIED_SOURCE_MATCH_ROUTE,VERIFIED
team_match,2025-26,158,2562052,HOME,16,2025-26:17,VERIFIED_SOURCE_MATCH_ROUTE,VERIFIED
team_match,2025-26,158,2562052,AWAY,18,2025-26:6,VERIFIED_SOURCE_MATCH_ROUTE,VERIFIED
team_match,2025-26,159,2562053,HOME,17,2025-26:56,VERIFIED_SOURCE_MATCH_ROUTE,VERIFIED
team_match,2025-26,159,2562053,AWAY,15,2025-26:4,VERIFIED_SOURCE_MATCH_ROUTE,VERIFIED
team_match,2025-26,160,2562054,HOME,19,2025-26:21,VERIFIED_SOURCE_MATCH_ROUTE,VERIFIED
team_match,2025-26,160,2562054,AWAY,2,2025-26:7,VERIFIED_SOURCE_MATCH_ROUTE,VERIFIED
team_match,2025-26,161,2562056,HOME,2,2025-26:7,VERIFIED_SOURCE_MATCH_ROUTE,VERIFIED
team_match,2025-26,161,2562056,AWAY,14,2025-26:1,VERIFIED_SOURCE_MATCH_ROUTE,VERIFIED
team_match,2025-26,162,2562055,HOME,4,2025-26:91,VERIFIED_SOURCE_MATCH_ROUTE,VERIFIED
team_match,2025-26,162,2562055,AWAY,3,2025-26:90,VERIFIED_SOURCE_MATCH_ROUTE,VERIFIED
team_match,2025-26,163,2562057,HOME,6,2025-26:36,VERIFIED_SOURCE_MATCH_ROUTE,VERIFIED
team_match,2025-26,163,2562057,AWAY,17,2025-26:56,VERIFIED_SOURCE_MATCH_ROUTE,VERIFIED
team_match,2025-26,164,2562058,HOME,9,2025-26:11,VERIFIED_SOURCE_MATCH_ROUTE,VERIFIED
team_match,2025-26,164,2562058,AWAY,1,2025-26:3,VERIFIED_SOURCE_MATCH_ROUTE,VERIFIED
team_match,2025-26,165,2562059,HOME,10,2025-26:54,VERIFIED_SOURCE_MATCH_ROUTE,VERIFIED
team_match,2025-26,165,2562059,AWAY,16,2025-26:17,VERIFIED_SOURCE_MATCH_ROUTE,VERIFIED
team_match,2025-26,166,2562060,HOME,11,2025-26:2,VERIFIED_SOURCE_MATCH_ROUTE,VERIFIED
team_match,2025-26,166,2562060,AWAY,8,2025-26:31,VERIFIED_SOURCE_MATCH_ROUTE,VERIFIED
team_match,2025-26,167,2562061,HOME,13,2025-26:43,VERIFIED_SOURCE_MATCH_ROUTE,VERIFIED
team_match,2025-26,167,2562061,AWAY,19,2025-26:21,VERIFIED_SOURCE_MATCH_ROUTE,VERIFIED
team_match,2025-26,168,2562062,HOME,15,2025-26:4,VERIFIED_SOURCE_MATCH_ROUTE,VERIFIED
team_match,2025-26,168,2562062,AWAY,7,2025-26:8,VERIFIED_SOURCE_MATCH_ROUTE,VERIFIED
team_match,2025-26,169,2562063,HOME,18,2025-26:6,VERIFIED_SOURCE_MATCH_ROUTE,VERIFIED
team_match,2025-26,169,2562063,AWAY,12,2025-26:14,VERIFIED_SOURCE_MATCH_ROUTE,VERIFIED
team_match,2025-26,170,2562064,HOME,20,2025-26:39,VERIFIED_SOURCE_MATCH_ROUTE,VERIFIED
team_match,2025-26,170,2562064,AWAY,5,2025-26:94,VERIFIED_SOURCE_MATCH_ROUTE,VERIFIED
team_match,2025-26,171,2562065,HOME,1,2025-26:3,VERIFIED_SOURCE_MATCH_ROUTE,VERIFIED
team_match,2025-26,171,2562065,AWAY,6,2025-26:36,VERIFIED_SOURCE_MATCH_ROUTE,VERIFIED
team_match,2025-26,172,2562066,HOME,5,2025-26:94,VERIFIED_SOURCE_MATCH_ROUTE,VERIFIED
team_match,2025-26,172,2562066,AWAY,4,2025-26:91,VERIFIED_SOURCE_MATCH_ROUTE,VERIFIED
team_match,2025-26,173,2562067,HOME,3,2025-26:90,VERIFIED_SOURCE_MATCH_ROUTE,VERIFIED
team_match,2025-26,173,2562067,AWAY,9,2025-26:11,VERIFIED_SOURCE_MATCH_ROUTE,VERIFIED
team_match,2025-26,174,2562068,HOME,7,2025-26:8,VERIFIED_SOURCE_MATCH_ROUTE,VERIFIED
team_match,2025-26,174,2562068,AWAY,2,2025-26:7,VERIFIED_SOURCE_MATCH_ROUTE,VERIFIED
team_match,2025-26,175,2562069,HOME,8,2025-26:31,VERIFIED_SOURCE_MATCH_ROUTE,VERIFIED
team_match,2025-26,175,2562069,AWAY,18,2025-26:6,VERIFIED_SOURCE_MATCH_ROUTE,VERIFIED
team_match,2025-26,176,2562070,HOME,12,2025-26:14,VERIFIED_SOURCE_MATCH_ROUTE,VERIFIED
team_match,2025-26,176,2562070,AWAY,20,2025-26:39,VERIFIED_SOURCE_MATCH_ROUTE,VERIFIED
team_match,2025-26,177,2562071,HOME,14,2025-26:1,VERIFIED_SOURCE_MATCH_ROUTE,VERIFIED
team_match,2025-26,177,2562071,AWAY,15,2025-26:4,VERIFIED_SOURCE_MATCH_ROUTE,VERIFIED
team_match,2025-26,178,2562072,HOME,16,2025-26:17,VERIFIED_SOURCE_MATCH_ROUTE,VERIFIED
team_match,2025-26,178,2562072,AWAY,13,2025-26:43,VERIFIED_SOURCE_MATCH_ROUTE,VERIFIED
team_match,2025-26,179,2562073,HOME,17,2025-26:56,VERIFIED_SOURCE_MATCH_ROUTE,VERIFIED
team_match,2025-26,179,2562073,AWAY,11,2025-26:2,VERIFIED_SOURCE_MATCH_ROUTE,VERIFIED
team_match,2025-26,180,2562074,HOME,19,2025-26:21,VERIFIED_SOURCE_MATCH_ROUTE,VERIFIED
team_match,2025-26,180,2562074,AWAY,10,2025-26:54,VERIFIED_SOURCE_MATCH_ROUTE,VERIFIED
team_match,2025-26,181,2562075,HOME,1,2025-26:3,VERIFIED_SOURCE_MATCH_ROUTE,VERIFIED
team_match,2025-26,181,2562075,AWAY,2,2025-26:7,VERIFIED_SOURCE_MATCH_ROUTE,VERIFIED
team_match,2025-26,182,2562076,HOME,5,2025-26:94,VERIFIED_SOURCE_MATCH_ROUTE,VERIFIED
team_match,2025-26,182,2562076,AWAY,18,2025-26:6,VERIFIED_SOURCE_MATCH_ROUTE,VERIFIED
team_match,2025-26,183,2562077,HOME,3,2025-26:90,VERIFIED_SOURCE_MATCH_ROUTE,VERIFIED
team_match,2025-26,183,2562077,AWAY,15,2025-26:4,VERIFIED_SOURCE_MATCH_ROUTE,VERIFIED
team_match,2025-26,184,2562078,HOME,7,2025-26:8,VERIFIED_SOURCE_MATCH_ROUTE,VERIFIED
team_match,2025-26,184,2562078,AWAY,4,2025-26:91,VERIFIED_SOURCE_MATCH_ROUTE,VERIFIED
team_match,2025-26,185,2562079,HOME,8,2025-26:31,VERIFIED_SOURCE_MATCH_ROUTE,VERIFIED
team_match,2025-26,185,2562079,AWAY,10,2025-26:54,VERIFIED_SOURCE_MATCH_ROUTE,VERIFIED
team_match,2025-26,186,2562080,HOME,12,2025-26:14,VERIFIED_SOURCE_MATCH_ROUTE,VERIFIED
team_match,2025-26,186,2562080,AWAY,11,2025-26:2,VERIFIED_SOURCE_MATCH_ROUTE,VERIFIED
team_match,2025-26,187,2562081,HOME,14,2025-26:1,VERIFIED_SOURCE_MATCH_ROUTE,VERIFIED
team_match,2025-26,187,2562081,AWAY,20,2025-26:39,VERIFIED_SOURCE_MATCH_ROUTE,VERIFIED
team_match,2025-26,188,2562082,HOME,16,2025-26:17,VERIFIED_SOURCE_MATCH_ROUTE,VERIFIED
team_match,2025-26,188,2562082,AWAY,9,2025-26:11,VERIFIED_SOURCE_MATCH_ROUTE,VERIFIED
team_match,2025-26,189,2562083,HOME,17,2025-26:56,VERIFIED_SOURCE_MATCH_ROUTE,VERIFIED
team_match,2025-26,189,2562083,AWAY,13,2025-26:43,VERIFIED_SOURCE_MATCH_ROUTE,VERIFIED
team_match,2025-26,190,2562084,HOME,19,2025-26:21,VERIFIED_SOURCE_MATCH_ROUTE,VERIFIED
team_match,2025-26,190,2562084,AWAY,6,2025-26:36,VERIFIED_SOURCE_MATCH_ROUTE,VERIFIED
team_match,2025-26,191,2562086,HOME,2,2025-26:7,VERIFIED_SOURCE_MATCH_ROUTE,VERIFIED
team_match,2025-26,191,2562086,AWAY,16,2025-26:17,VERIFIED_SOURCE_MATCH_ROUTE,VERIFIED
team_match,2025-26,192,2562085,HOME,4,2025-26:91,VERIFIED_SOURCE_MATCH_ROUTE,VERIFIED
team_match,2025-26,192,2562085,AWAY,1,2025-26:3,VERIFIED_SOURCE_MATCH_ROUTE,VERIFIED
team_match,2025-26,193,2562087,HOME,6,2025-26:36,VERIFIED_SOURCE_MATCH_ROUTE,VERIFIED
team_match,2025-26,193,2562087,AWAY,3,2025-26:90,VERIFIED_SOURCE_MATCH_ROUTE,VERIFIED
team_match,2025-26,194,2562088,HOME,9,2025-26:11,VERIFIED_SOURCE_MATCH_ROUTE,VERIFIED
team_match,2025-26,194,2562088,AWAY,5,2025-26:94,VERIFIED_SOURCE_MATCH_ROUTE,VERIFIED
team_match,2025-26,195,2562089,HOME,10,2025-26:54,VERIFIED_SOURCE_MATCH_ROUTE,VERIFIED
team_match,2025-26,195,2562089,AWAY,12,2025-26:14,VERIFIED_SOURCE_MATCH_ROUTE,VERIFIED
team_match,2025-26,196,2562090,HOME,11,2025-26:2,VERIFIED_SOURCE_MATCH_ROUTE,VERIFIED
team_match,2025-26,196,2562090,AWAY,14,2025-26:1,VERIFIED_SOURCE_MATCH_ROUTE,VERIFIED
team_match,2025-26,197,2562091,HOME,13,2025-26:43,VERIFIED_SOURCE_MATCH_ROUTE,VERIFIED
team_match,2025-26,197,2562091,AWAY,7,2025-26:8,VERIFIED_SOURCE_MATCH_ROUTE,VERIFIED
team_match,2025-26,198,2562092,HOME,15,2025-26:4,VERIFIED_SOURCE_MATCH_ROUTE,VERIFIED
team_match,2025-26,198,2562092,AWAY,8,2025-26:31,VERIFIED_SOURCE_MATCH_ROUTE,VERIFIED
team_match,2025-26,199,2562093,HOME,18,2025-26:6,VERIFIED_SOURCE_MATCH_ROUTE,VERIFIED
team_match,2025-26,199,2562093,AWAY,17,2025-26:56,VERIFIED_SOURCE_MATCH_ROUTE,VERIFIED
team_match,2025-26,200,2562094,HOME,20,2025-26:39,VERIFIED_SOURCE_MATCH_ROUTE,VERIFIED
team_match,2025-26,200,2562094,AWAY,19,2025-26:21,VERIFIED_SOURCE_MATCH_ROUTE,VERIFIED
team_match,2025-26,201,2562096,HOME,1,2025-26:3,VERIFIED_SOURCE_MATCH_ROUTE,VERIFIED
team_match,2025-26,201,2562096,AWAY,12,2025-26:14,VERIFIED_SOURCE_MATCH_ROUTE,VERIFIED
team_match,2025-26,202,2562095,HOME,4,2025-26:91,VERIFIED_SOURCE_MATCH_ROUTE,VERIFIED
team_match,2025-26,202,2562095,AWAY,18,2025-26:6,VERIFIED_SOURCE_MATCH_ROUTE,VERIFIED
team_match,2025-26,203,2562097,HOME,5,2025-26:94,VERIFIED_SOURCE_MATCH_ROUTE,VERIFIED
team_match,2025-26,203,2562097,AWAY,17,2025-26:56,VERIFIED_SOURCE_MATCH_ROUTE,VERIFIED
team_match,2025-26,204,2562098,HOME,3,2025-26:90,VERIFIED_SOURCE_MATCH_ROUTE,VERIFIED
team_match,2025-26,204,2562098,AWAY,14,2025-26:1,VERIFIED_SOURCE_MATCH_ROUTE,VERIFIED
team_match,2025-26,205,2562099,HOME,8,2025-26:31,VERIFIED_SOURCE_MATCH_ROUTE,VERIFIED
team_match,2025-26,205,2562099,AWAY,2,2025-26:7,VERIFIED_SOURCE_MATCH_ROUTE,VERIFIED
team_match,2025-26,206,2562100,HOME,9,2025-26:11,VERIFIED_SOURCE_MATCH_ROUTE,VERIFIED
team_match,2025-26,206,2562100,AWAY,20,2025-26:39,VERIFIED_SOURCE_MATCH_ROUTE,VERIFIED
team_match,2025-26,207,2562101,HOME,10,2025-26:54,VERIFIED_SOURCE_MATCH_ROUTE,VERIFIED
team_match,2025-26,207,2562101,AWAY,7,2025-26:8,VERIFIED_SOURCE_MATCH_ROUTE,VERIFIED
team_match,2025-26,208,2562102,HOME,13,2025-26:43,VERIFIED_SOURCE_MATCH_ROUTE,VERIFIED
team_match,2025-26,208,2562102,AWAY,6,2025-26:36,VERIFIED_SOURCE_MATCH_ROUTE,VERIFIED
team_match,2025-26,209,2562103,HOME,15,2025-26:4,VERIFIED_SOURCE_MATCH_ROUTE,VERIFIED
team_match,2025-26,209,2562103,AWAY,11,2025-26:2,VERIFIED_SOURCE_MATCH_ROUTE,VERIFIED
team_match,2025-26,210,2562104,HOME,19,2025-26:21,VERIFIED_SOURCE_MATCH_ROUTE,VERIFIED
team_match,2025-26,210,2562104,AWAY,16,2025-26:17,VERIFIED_SOURCE_MATCH_ROUTE,VERIFIED
team_match,2025-26,211,2562105,HOME,2,2025-26:7,VERIFIED_SOURCE_MATCH_ROUTE,VERIFIED
team_match,2025-26,211,2562105,AWAY,9,2025-26:11,VERIFIED_SOURCE_MATCH_ROUTE,VERIFIED
team_match,2025-26,212,2562106,HOME,6,2025-26:36,VERIFIED_SOURCE_MATCH_ROUTE,VERIFIED
team_match,2025-26,212,2562106,AWAY,4,2025-26:91,VERIFIED_SOURCE_MATCH_ROUTE,VERIFIED
team_match,2025-26,213,2562107,HOME,7,2025-26:8,VERIFIED_SOURCE_MATCH_ROUTE,VERIFIED
team_match,2025-26,213,2562107,AWAY,5,2025-26:94,VERIFIED_SOURCE_MATCH_ROUTE,VERIFIED
team_match,2025-26,214,2562108,HOME,11,2025-26:2,VERIFIED_SOURCE_MATCH_ROUTE,VERIFIED
team_match,2025-26,214,2562108,AWAY,10,2025-26:54,VERIFIED_SOURCE_MATCH_ROUTE,VERIFIED
team_match,2025-26,215,2562109,HOME,12,2025-26:14,VERIFIED_SOURCE_MATCH_ROUTE,VERIFIED
team_match,2025-26,215,2562109,AWAY,3,2025-26:90,VERIFIED_SOURCE_MATCH_ROUTE,VERIFIED
team_match,2025-26,216,2562110,HOME,14,2025-26:1,VERIFIED_SOURCE_MATCH_ROUTE,VERIFIED
team_match,2025-26,216,2562110,AWAY,13,2025-26:43,VERIFIED_SOURCE_MATCH_ROUTE,VERIFIED
team_match,2025-26,217,2562111,HOME,16,2025-26:17,VERIFIED_SOURCE_MATCH_ROUTE,VERIFIED
team_match,2025-26,217,2562111,AWAY,1,2025-26:3,VERIFIED_SOURCE_MATCH_ROUTE,VERIFIED
team_match,2025-26,218,2562112,HOME,17,2025-26:56,VERIFIED_SOURCE_MATCH_ROUTE,VERIFIED
team_match,2025-26,218,2562112,AWAY,8,2025-26:31,VERIFIED_SOURCE_MATCH_ROUTE,VERIFIED
team_match,2025-26,219,2562113,HOME,18,2025-26:6,VERIFIED_SOURCE_MATCH_ROUTE,VERIFIED
team_match,2025-26,219,2562113,AWAY,19,2025-26:21,VERIFIED_SOURCE_MATCH_ROUTE,VERIFIED
team_match,2025-26,220,2562114,HOME,20,2025-26:39,VERIFIED_SOURCE_MATCH_ROUTE,VERIFIED
team_match,2025-26,220,2562114,AWAY,15,2025-26:4,VERIFIED_SOURCE_MATCH_ROUTE,VERIFIED
team_match,2025-26,221,2562116,HOME,1,2025-26:3,VERIFIED_SOURCE_MATCH_ROUTE,VERIFIED
team_match,2025-26,221,2562116,AWAY,14,2025-26:1,VERIFIED_SOURCE_MATCH_ROUTE,VERIFIED
team_match,2025-26,222,2562115,HOME,4,2025-26:91,VERIFIED_SOURCE_MATCH_ROUTE,VERIFIED
team_match,2025-26,222,2562115,AWAY,12,2025-26:14,VERIFIED_SOURCE_MATCH_ROUTE,VERIFIED
team_match,2025-26,223,2562117,HOME,5,2025-26:94,VERIFIED_SOURCE_MATCH_ROUTE,VERIFIED
team_match,2025-26,223,2562117,AWAY,16,2025-26:17,VERIFIED_SOURCE_MATCH_ROUTE,VERIFIED
team_match,2025-26,224,2562118,HOME,3,2025-26:90,VERIFIED_SOURCE_MATCH_ROUTE,VERIFIED
team_match,2025-26,224,2562118,AWAY,18,2025-26:6,VERIFIED_SOURCE_MATCH_ROUTE,VERIFIED
team_match,2025-26,225,2562119,HOME,8,2025-26:31,VERIFIED_SOURCE_MATCH_ROUTE,VERIFIED
team_match,2025-26,225,2562119,AWAY,7,2025-26:8,VERIFIED_SOURCE_MATCH_ROUTE,VERIFIED
team_match,2025-26,226,2562120,HOME,9,2025-26:11,VERIFIED_SOURCE_MATCH_ROUTE,VERIFIED
team_match,2025-26,226,2562120,AWAY,11,2025-26:2,VERIFIED_SOURCE_MATCH_ROUTE,VERIFIED
team_match,2025-26,227,2562121,HOME,10,2025-26:54,VERIFIED_SOURCE_MATCH_ROUTE,VERIFIED
team_match,2025-26,227,2562121,AWAY,6,2025-26:36,VERIFIED_SOURCE_MATCH_ROUTE,VERIFIED
team_match,2025-26,228,2562122,HOME,13,2025-26:43,VERIFIED_SOURCE_MATCH_ROUTE,VERIFIED
team_match,2025-26,228,2562122,AWAY,20,2025-26:39,VERIFIED_SOURCE_MATCH_ROUTE,VERIFIED
team_match,2025-26,229,2562123,HOME,15,2025-26:4,VERIFIED_SOURCE_MATCH_ROUTE,VERIFIED
team_match,2025-26,229,2562123,AWAY,2,2025-26:7,VERIFIED_SOURCE_MATCH_ROUTE,VERIFIED
team_match,2025-26,230,2562124,HOME,19,2025-26:21,VERIFIED_SOURCE_MATCH_ROUTE,VERIFIED
team_match,2025-26,230,2562124,AWAY,17,2025-26:56,VERIFIED_SOURCE_MATCH_ROUTE,VERIFIED
team_match,2025-26,231,2562125,HOME,2,2025-26:7,VERIFIED_SOURCE_MATCH_ROUTE,VERIFIED
team_match,2025-26,231,2562125,AWAY,5,2025-26:94,VERIFIED_SOURCE_MATCH_ROUTE,VERIFIED
team_match,2025-26,232,2562126,HOME,6,2025-26:36,VERIFIED_SOURCE_MATCH_ROUTE,VERIFIED
team_match,2025-26,232,2562126,AWAY,9,2025-26:11,VERIFIED_SOURCE_MATCH_ROUTE,VERIFIED
team_match,2025-26,233,2562127,HOME,7,2025-26:8,VERIFIED_SOURCE_MATCH_ROUTE,VERIFIED
team_match,2025-26,233,2562127,AWAY,19,2025-26:21,VERIFIED_SOURCE_MATCH_ROUTE,VERIFIED
team_match,2025-26,234,2562128,HOME,11,2025-26:2,VERIFIED_SOURCE_MATCH_ROUTE,VERIFIED
team_match,2025-26,234,2562128,AWAY,1,2025-26:3,VERIFIED_SOURCE_MATCH_ROUTE,VERIFIED
team_match,2025-26,235,2562129,HOME,12,2025-26:14,VERIFIED_SOURCE_MATCH_ROUTE,VERIFIED
team_match,2025-26,235,2562129,AWAY,15,2025-26:4,VERIFIED_SOURCE_MATCH_ROUTE,VERIFIED
team_match,2025-26,236,2562130,HOME,14,2025-26:1,VERIFIED_SOURCE_MATCH_ROUTE,VERIFIED
team_match,2025-26,236,2562130,AWAY,10,2025-26:54,VERIFIED_SOURCE_MATCH_ROUTE,VERIFIED
team_match,2025-26,237,2562131,HOME,16,2025-26:17,VERIFIED_SOURCE_MATCH_ROUTE,VERIFIED
team_match,2025-26,237,2562131,AWAY,8,2025-26:31,VERIFIED_SOURCE_MATCH_ROUTE,VERIFIED
team_match,2025-26,238,2562132,HOME,17,2025-26:56,VERIFIED_SOURCE_MATCH_ROUTE,VERIFIED
team_match,2025-26,238,2562132,AWAY,3,2025-26:90,VERIFIED_SOURCE_MATCH_ROUTE,VERIFIED
team_match,2025-26,239,2562133,HOME,18,2025-26:6,VERIFIED_SOURCE_MATCH_ROUTE,VERIFIED
team_match,2025-26,239,2562133,AWAY,13,2025-26:43,VERIFIED_SOURCE_MATCH_ROUTE,VERIFIED
team_match,2025-26,240,2562134,HOME,20,2025-26:39,VERIFIED_SOURCE_MATCH_ROUTE,VERIFIED
team_match,2025-26,240,2562134,AWAY,4,2025-26:91,VERIFIED_SOURCE_MATCH_ROUTE,VERIFIED
team_match,2025-26,241,2562136,HOME,1,2025-26:3,VERIFIED_SOURCE_MATCH_ROUTE,VERIFIED
team_match,2025-26,241,2562136,AWAY,17,2025-26:56,VERIFIED_SOURCE_MATCH_ROUTE,VERIFIED
team_match,2025-26,242,2562135,HOME,4,2025-26:91,VERIFIED_SOURCE_MATCH_ROUTE,VERIFIED
team_match,2025-26,242,2562135,AWAY,2,2025-26:7,VERIFIED_SOURCE_MATCH_ROUTE,VERIFIED
team_match,2025-26,243,2562137,HOME,6,2025-26:36,VERIFIED_SOURCE_MATCH_ROUTE,VERIFIED
team_match,2025-26,243,2562137,AWAY,8,2025-26:31,VERIFIED_SOURCE_MATCH_ROUTE,VERIFIED
team_match,2025-26,244,2562138,HOME,3,2025-26:90,VERIFIED_SOURCE_MATCH_ROUTE,VERIFIED
team_match,2025-26,244,2562138,AWAY,19,2025-26:21,VERIFIED_SOURCE_MATCH_ROUTE,VERIFIED
team_match,2025-26,245,2562139,HOME,10,2025-26:54,VERIFIED_SOURCE_MATCH_ROUTE,VERIFIED
team_match,2025-26,245,2562139,AWAY,9,2025-26:11,VERIFIED_SOURCE_MATCH_ROUTE,VERIFIED
team_match,2025-26,246,2562140,HOME,11,2025-26:2,VERIFIED_SOURCE_MATCH_ROUTE,VERIFIED
team_match,2025-26,246,2562140,AWAY,16,2025-26:17,VERIFIED_SOURCE_MATCH_ROUTE,VERIFIED
team_match,2025-26,247,2562141,HOME,12,2025-26:14,VERIFIED_SOURCE_MATCH_ROUTE,VERIFIED
team_match,2025-26,247,2562141,AWAY,13,2025-26:43,VERIFIED_SOURCE_MATCH_ROUTE,VERIFIED
team_match,2025-26,248,2562142,HOME,14,2025-26:1,VERIFIED_SOURCE_MATCH_ROUTE,VERIFIED
team_match,2025-26,248,2562142,AWAY,18,2025-26:6,VERIFIED_SOURCE_MATCH_ROUTE,VERIFIED
team_match,2025-26,249,2562143,HOME,15,2025-26:4,VERIFIED_SOURCE_MATCH_ROUTE,VERIFIED
team_match,2025-26,249,2562143,AWAY,5,2025-26:94,VERIFIED_SOURCE_MATCH_ROUTE,VERIFIED
team_match,2025-26,250,2562144,HOME,20,2025-26:39,VERIFIED_SOURCE_MATCH_ROUTE,VERIFIED
team_match,2025-26,250,2562144,AWAY,7,2025-26:8,VERIFIED_SOURCE_MATCH_ROUTE,VERIFIED
team_match,2025-26,251,2562145,HOME,2,2025-26:7,VERIFIED_SOURCE_MATCH_ROUTE,VERIFIED
team_match,2025-26,251,2562145,AWAY,6,2025-26:36,VERIFIED_SOURCE_MATCH_ROUTE,VERIFIED
team_match,2025-26,252,2562146,HOME,5,2025-26:94,VERIFIED_SOURCE_MATCH_ROUTE,VERIFIED
team_match,2025-26,252,2562146,AWAY,1,2025-26:3,VERIFIED_SOURCE_MATCH_ROUTE,VERIFIED
team_match,2025-26,253,2562147,HOME,7,2025-26:8,VERIFIED_SOURCE_MATCH_ROUTE,VERIFIED
team_match,2025-26,253,2562147,AWAY,11,2025-26:2,VERIFIED_SOURCE_MATCH_ROUTE,VERIFIED
team_match,2025-26,254,2562148,HOME,8,2025-26:31,VERIFIED_SOURCE_MATCH_ROUTE,VERIFIED
team_match,2025-26,254,2562148,AWAY,3,2025-26:90,VERIFIED_SOURCE_MATCH_ROUTE,VERIFIED
team_match,2025-26,255,2562149,HOME,9,2025-26:11,VERIFIED_SOURCE_MATCH_ROUTE,VERIFIED
team_match,2025-26,255,2562149,AWAY,4,2025-26:91,VERIFIED_SOURCE_MATCH_ROUTE,VERIFIED
team_match,2025-26,256,2562150,HOME,13,2025-26:43,VERIFIED_SOURCE_MATCH_ROUTE,VERIFIED
team_match,2025-26,256,2562150,AWAY,10,2025-26:54,VERIFIED_SOURCE_MATCH_ROUTE,VERIFIED
team_match,2025-26,257,2562151,HOME,16,2025-26:17,VERIFIED_SOURCE_MATCH_ROUTE,VERIFIED
team_match,2025-26,257,2562151,AWAY,20,2025-26:39,VERIFIED_SOURCE_MATCH_ROUTE,VERIFIED
team_match,2025-26,258,2562152,HOME,17,2025-26:56,VERIFIED_SOURCE_MATCH_ROUTE,VERIFIED
team_match,2025-26,258,2562152,AWAY,12,2025-26:14,VERIFIED_SOURCE_MATCH_ROUTE,VERIFIED
team_match,2025-26,259,2562153,HOME,18,2025-26:6,VERIFIED_SOURCE_MATCH_ROUTE,VERIFIED
team_match,2025-26,259,2562153,AWAY,15,2025-26:4,VERIFIED_SOURCE_MATCH_ROUTE,VERIFIED
team_match,2025-26,260,2562154,HOME,19,2025-26:21,VERIFIED_SOURCE_MATCH_ROUTE,VERIFIED
team_match,2025-26,260,2562154,AWAY,14,2025-26:1,VERIFIED_SOURCE_MATCH_ROUTE,VERIFIED
team_match,2025-26,261,2562155,HOME,2,2025-26:7,VERIFIED_SOURCE_MATCH_ROUTE,VERIFIED
team_match,2025-26,261,2562155,AWAY,11,2025-26:2,VERIFIED_SOURCE_MATCH_ROUTE,VERIFIED
team_match,2025-26,262,2562156,HOME,5,2025-26:94,VERIFIED_SOURCE_MATCH_ROUTE,VERIFIED
team_match,2025-26,262,2562156,AWAY,6,2025-26:36,VERIFIED_SOURCE_MATCH_ROUTE,VERIFIED
team_match,2025-26,263,2562157,HOME,7,2025-26:8,VERIFIED_SOURCE_MATCH_ROUTE,VERIFIED
team_match,2025-26,263,2562157,AWAY,3,2025-26:90,VERIFIED_SOURCE_MATCH_ROUTE,VERIFIED
team_match,2025-26,264,2562158,HOME,8,2025-26:31,VERIFIED_SOURCE_MATCH_ROUTE,VERIFIED
team_match,2025-26,264,2562158,AWAY,20,2025-26:39,VERIFIED_SOURCE_MATCH_ROUTE,VERIFIED
team_match,2025-26,265,2562159,HOME,9,2025-26:11,VERIFIED_SOURCE_MATCH_ROUTE,VERIFIED
team_match,2025-26,265,2562159,AWAY,14,2025-26:1,VERIFIED_SOURCE_MATCH_ROUTE,VERIFIED
team_match,2025-26,266,2562160,HOME,13,2025-26:43,VERIFIED_SOURCE_MATCH_ROUTE,VERIFIED
team_match,2025-26,266,2562160,AWAY,15,2025-26:4,VERIFIED_SOURCE_MATCH_ROUTE,VERIFIED
team_match,2025-26,267,2562161,HOME,16,2025-26:17,VERIFIED_SOURCE_MATCH_ROUTE,VERIFIED
team_match,2025-26,267,2562161,AWAY,12,2025-26:14,VERIFIED_SOURCE_MATCH_ROUTE,VERIFIED
team_match,2025-26,268,2562162,HOME,17,2025-26:56,VERIFIED_SOURCE_MATCH_ROUTE,VERIFIED
team_match,2025-26,268,2562162,AWAY,10,2025-26:54,VERIFIED_SOURCE_MATCH_ROUTE,VERIFIED
team_match,2025-26,269,2562163,HOME,18,2025-26:6,VERIFIED_SOURCE_MATCH_ROUTE,VERIFIED
team_match,2025-26,269,2562163,AWAY,1,2025-26:3,VERIFIED_SOURCE_MATCH_ROUTE,VERIFIED
team_match,2025-26,270,2562164,HOME,19,2025-26:21,VERIFIED_SOURCE_MATCH_ROUTE,VERIFIED
team_match,2025-26,270,2562164,AWAY,4,2025-26:91,VERIFIED_SOURCE_MATCH_ROUTE,VERIFIED
team_match,2025-26,271,2562166,HOME,1,2025-26:3,VERIFIED_SOURCE_MATCH_ROUTE,VERIFIED
team_match,2025-26,271,2562166,AWAY,7,2025-26:8,VERIFIED_SOURCE_MATCH_ROUTE,VERIFIED
team_match,2025-26,272,2562165,HOME,4,2025-26:91,VERIFIED_SOURCE_MATCH_ROUTE,VERIFIED
team_match,2025-26,272,2562165,AWAY,17,2025-26:56,VERIFIED_SOURCE_MATCH_ROUTE,VERIFIED
team_match,2025-26,273,2562167,HOME,6,2025-26:36,VERIFIED_SOURCE_MATCH_ROUTE,VERIFIED
team_match,2025-26,273,2562167,AWAY,16,2025-26:17,VERIFIED_SOURCE_MATCH_ROUTE,VERIFIED
team_match,2025-26,274,2562168,HOME,3,2025-26:90,VERIFIED_SOURCE_MATCH_ROUTE,VERIFIED
team_match,2025-26,274,2562168,AWAY,5,2025-26:94,VERIFIED_SOURCE_MATCH_ROUTE,VERIFIED
team_match,2025-26,275,2562169,HOME,10,2025-26:54,VERIFIED_SOURCE_MATCH_ROUTE,VERIFIED
team_match,2025-26,275,2562169,AWAY,18,2025-26:6,VERIFIED_SOURCE_MATCH_ROUTE,VERIFIED
team_match,2025-26,276,2562170,HOME,11,2025-26:2,VERIFIED_SOURCE_MATCH_ROUTE,VERIFIED
team_match,2025-26,276,2562170,AWAY,13,2025-26:43,VERIFIED_SOURCE_MATCH_ROUTE,VERIFIED
team_match,2025-26,277,2562171,HOME,12,2025-26:14,VERIFIED_SOURCE_MATCH_ROUTE,VERIFIED
team_match,2025-26,277,2562171,AWAY,19,2025-26:21,VERIFIED_SOURCE_MATCH_ROUTE,VERIFIED
team_match,2025-26,278,2562172,HOME,14,2025-26:1,VERIFIED_SOURCE_MATCH_ROUTE,VERIFIED
team_match,2025-26,278,2562172,AWAY,8,2025-26:31,VERIFIED_SOURCE_MATCH_ROUTE,VERIFIED
team_match,2025-26,279,2562173,HOME,15,2025-26:4,VERIFIED_SOURCE_MATCH_ROUTE,VERIFIED
team_match,2025-26,279,2562173,AWAY,9,2025-26:11,VERIFIED_SOURCE_MATCH_ROUTE,VERIFIED
team_match,2025-26,280,2562174,HOME,20,2025-26:39,VERIFIED_SOURCE_MATCH_ROUTE,VERIFIED
team_match,2025-26,280,2562174,AWAY,2,2025-26:7,VERIFIED_SOURCE_MATCH_ROUTE,VERIFIED
team_match,2025-26,281,2562176,HOME,2,2025-26:7,VERIFIED_SOURCE_MATCH_ROUTE,VERIFIED
team_match,2025-26,281,2562176,AWAY,7,2025-26:8,VERIFIED_SOURCE_MATCH_ROUTE,VERIFIED
team_match,2025-26,282,2562175,HOME,4,2025-26:91,VERIFIED_SOURCE_MATCH_ROUTE,VERIFIED
team_match,2025-26,282,2562175,AWAY,5,2025-26:94,VERIFIED_SOURCE_MATCH_ROUTE,VERIFIED
team_match,2025-26,283,2562177,HOME,6,2025-26:36,VERIFIED_SOURCE_MATCH_ROUTE,VERIFIED
team_match,2025-26,283,2562177,AWAY,1,2025-26:3,VERIFIED_SOURCE_MATCH_ROUTE,VERIFIED
team_match,2025-26,284,2562178,HOME,9,2025-26:11,VERIFIED_SOURCE_MATCH_ROUTE,VERIFIED
team_match,2025-26,284,2562178,AWAY,3,2025-26:90,VERIFIED_SOURCE_MATCH_ROUTE,VERIFIED
team_match,2025-26,285,2562179,HOME,10,2025-26:54,VERIFIED_SOURCE_MATCH_ROUTE,VERIFIED
team_match,2025-26,285,2562179,AWAY,19,2025-26:21,VERIFIED_SOURCE_MATCH_ROUTE,VERIFIED
team_match,2025-26,286,2562180,HOME,11,2025-26:2,VERIFIED_SOURCE_MATCH_ROUTE,VERIFIED
team_match,2025-26,286,2562180,AWAY,17,2025-26:56,VERIFIED_SOURCE_MATCH_ROUTE,VERIFIED
team_match,2025-26,287,2562181,HOME,13,2025-26:43,VERIFIED_SOURCE_MATCH_ROUTE,VERIFIED
team_match,2025-26,287,2562181,AWAY,16,2025-26:17,VERIFIED_SOURCE_MATCH_ROUTE,VERIFIED
team_match,2025-26,288,2562182,HOME,15,2025-26:4,VERIFIED_SOURCE_MATCH_ROUTE,VERIFIED
team_match,2025-26,288,2562182,AWAY,14,2025-26:1,VERIFIED_SOURCE_MATCH_ROUTE,VERIFIED
team_match,2025-26,289,2562183,HOME,18,2025-26:6,VERIFIED_SOURCE_MATCH_ROUTE,VERIFIED
team_match,2025-26,289,2562183,AWAY,8,2025-26:31,VERIFIED_SOURCE_MATCH_ROUTE,VERIFIED
team_match,2025-26,290,2562184,HOME,20,2025-26:39,VERIFIED_SOURCE_MATCH_ROUTE,VERIFIED
team_match,2025-26,290,2562184,AWAY,12,2025-26:14,VERIFIED_SOURCE_MATCH_ROUTE,VERIFIED
team_match,2025-26,291,2562185,HOME,1,2025-26:3,VERIFIED_SOURCE_MATCH_ROUTE,VERIFIED
team_match,2025-26,291,2562185,AWAY,9,2025-26:11,VERIFIED_SOURCE_MATCH_ROUTE,VERIFIED
team_match,2025-26,292,2562186,HOME,5,2025-26:94,VERIFIED_SOURCE_MATCH_ROUTE,VERIFIED
team_match,2025-26,292,2562186,AWAY,20,2025-26:39,VERIFIED_SOURCE_MATCH_ROUTE,VERIFIED
team_match,2025-26,293,2562187,HOME,3,2025-26:90,VERIFIED_SOURCE_MATCH_ROUTE,VERIFIED
team_match,2025-26,293,2562187,AWAY,4,2025-26:91,VERIFIED_SOURCE_MATCH_ROUTE,VERIFIED
team_match,2025-26,294,2562188,HOME,7,2025-26:8,VERIFIED_SOURCE_MATCH_ROUTE,VERIFIED
team_match,2025-26,294,2562188,AWAY,15,2025-26:4,VERIFIED_SOURCE_MATCH_ROUTE,VERIFIED
team_match,2025-26,295,2562189,HOME,8,2025-26:31,VERIFIED_SOURCE_MATCH_ROUTE,VERIFIED
team_match,2025-26,295,2562189,AWAY,11,2025-26:2,VERIFIED_SOURCE_MATCH_ROUTE,VERIFIED
team_match,2025-26,296,2562190,HOME,12,2025-26:14,VERIFIED_SOURCE_MATCH_ROUTE,VERIFIED
team_match,2025-26,296,2562190,AWAY,18,2025-26:6,VERIFIED_SOURCE_MATCH_ROUTE,VERIFIED
team_match,2025-26,297,2562191,HOME,14,2025-26:1,VERIFIED_SOURCE_MATCH_ROUTE,VERIFIED
team_match,2025-26,297,2562191,AWAY,2,2025-26:7,VERIFIED_SOURCE_MATCH_ROUTE,VERIFIED
team_match,2025-26,298,2562192,HOME,16,2025-26:17,VERIFIED_SOURCE_MATCH_ROUTE,VERIFIED
team_match,2025-26,298,2562192,AWAY,10,2025-26:54,VERIFIED_SOURCE_MATCH_ROUTE,VERIFIED
team_match,2025-26,299,2562193,HOME,17,2025-26:56,VERIFIED_SOURCE_MATCH_ROUTE,VERIFIED
team_match,2025-26,299,2562193,AWAY,6,2025-26:36,VERIFIED_SOURCE_MATCH_ROUTE,VERIFIED
team_match,2025-26,300,2562194,HOME,19,2025-26:21,VERIFIED_SOURCE_MATCH_ROUTE,VERIFIED
team_match,2025-26,300,2562194,AWAY,13,2025-26:43,VERIFIED_SOURCE_MATCH_ROUTE,VERIFIED
team_match,2025-26,301,2562196,HOME,2,2025-26:7,VERIFIED_SOURCE_MATCH_ROUTE,VERIFIED
team_match,2025-26,301,2562196,AWAY,19,2025-26:21,VERIFIED_SOURCE_MATCH_ROUTE,VERIFIED
team_match,2025-26,302,2562195,HOME,4,2025-26:91,VERIFIED_SOURCE_MATCH_ROUTE,VERIFIED
team_match,2025-26,302,2562195,AWAY,14,2025-26:1,VERIFIED_SOURCE_MATCH_ROUTE,VERIFIED
team_match,2025-26,303,2562197,HOME,6,2025-26:36,VERIFIED_SOURCE_MATCH_ROUTE,VERIFIED
team_match,2025-26,303,2562197,AWAY,12,2025-26:14,VERIFIED_SOURCE_MATCH_ROUTE,VERIFIED
team_match,2025-26,304,2562198,HOME,9,2025-26:11,VERIFIED_SOURCE_MATCH_ROUTE,VERIFIED
team_match,2025-26,304,2562198,AWAY,7,2025-26:8,VERIFIED_SOURCE_MATCH_ROUTE,VERIFIED
team_match,2025-26,305,2562199,HOME,10,2025-26:54,VERIFIED_SOURCE_MATCH_ROUTE,VERIFIED
team_match,2025-26,305,2562199,AWAY,3,2025-26:90,VERIFIED_SOURCE_MATCH_ROUTE,VERIFIED
team_match,2025-26,306,2562200,HOME,11,2025-26:2,VERIFIED_SOURCE_MATCH_ROUTE,VERIFIED
team_match,2025-26,306,2562200,AWAY,5,2025-26:94,VERIFIED_SOURCE_MATCH_ROUTE,VERIFIED
team_match,2025-26,307,2562201,HOME,13,2025-26:43,VERIFIED_SOURCE_MATCH_ROUTE,VERIFIED
team_match,2025-26,307,2562201,AWAY,8,2025-26:31,VERIFIED_SOURCE_MATCH_ROUTE,VERIFIED
team_match,2025-26,308,2562202,HOME,15,2025-26:4,VERIFIED_SOURCE_MATCH_ROUTE,VERIFIED
team_match,2025-26,308,2562202,AWAY,17,2025-26:56,VERIFIED_SOURCE_MATCH_ROUTE,VERIFIED
team_match,2025-26,309,2562203,HOME,18,2025-26:6,VERIFIED_SOURCE_MATCH_ROUTE,VERIFIED
team_match,2025-26,309,2562203,AWAY,16,2025-26:17,VERIFIED_SOURCE_MATCH_ROUTE,VERIFIED
team_match,2025-26,310,2562204,HOME,20,2025-26:39,VERIFIED_SOURCE_MATCH_ROUTE,VERIFIED
team_match,2025-26,310,2562204,AWAY,1,2025-26:3,VERIFIED_SOURCE_MATCH_ROUTE,VERIFIED
team_match,2025-26,311,2562205,HOME,1,2025-26:3,VERIFIED_SOURCE_MATCH_ROUTE,VERIFIED
team_match,2025-26,311,2562205,AWAY,4,2025-26:91,VERIFIED_SOURCE_MATCH_ROUTE,VERIFIED
team_match,2025-26,312,2562206,HOME,5,2025-26:94,VERIFIED_SOURCE_MATCH_ROUTE,VERIFIED
team_match,2025-26,312,2562206,AWAY,9,2025-26:11,VERIFIED_SOURCE_MATCH_ROUTE,VERIFIED
team_match,2025-26,313,2562207,HOME,3,2025-26:90,VERIFIED_SOURCE_MATCH_ROUTE,VERIFIED
team_match,2025-26,313,2562207,AWAY,6,2025-26:36,VERIFIED_SOURCE_MATCH_ROUTE,VERIFIED
team_match,2025-26,314,2562208,HOME,7,2025-26:8,VERIFIED_SOURCE_MATCH_ROUTE,VERIFIED
team_match,2025-26,314,2562208,AWAY,13,2025-26:43,VERIFIED_SOURCE_MATCH_ROUTE,VERIFIED
team_match,2025-26,315,2562209,HOME,8,2025-26:31,VERIFIED_SOURCE_MATCH_ROUTE,VERIFIED
team_match,2025-26,315,2562209,AWAY,15,2025-26:4,VERIFIED_SOURCE_MATCH_ROUTE,VERIFIED
team_match,2025-26,316,2562210,HOME,12,2025-26:14,VERIFIED_SOURCE_MATCH_ROUTE,VERIFIED
team_match,2025-26,316,2562210,AWAY,10,2025-26:54,VERIFIED_SOURCE_MATCH_ROUTE,VERIFIED
team_match,2025-26,317,2562211,HOME,14,2025-26:1,VERIFIED_SOURCE_MATCH_ROUTE,VERIFIED
team_match,2025-26,317,2562211,AWAY,11,2025-26:2,VERIFIED_SOURCE_MATCH_ROUTE,VERIFIED
team_match,2025-26,318,2562212,HOME,16,2025-26:17,VERIFIED_SOURCE_MATCH_ROUTE,VERIFIED
team_match,2025-26,318,2562212,AWAY,2,2025-26:7,VERIFIED_SOURCE_MATCH_ROUTE,VERIFIED
team_match,2025-26,319,2562213,HOME,17,2025-26:56,VERIFIED_SOURCE_MATCH_ROUTE,VERIFIED
team_match,2025-26,319,2562213,AWAY,18,2025-26:6,VERIFIED_SOURCE_MATCH_ROUTE,VERIFIED
team_match,2025-26,320,2562214,HOME,19,2025-26:21,VERIFIED_SOURCE_MATCH_ROUTE,VERIFIED
team_match,2025-26,320,2562214,AWAY,20,2025-26:39,VERIFIED_SOURCE_MATCH_ROUTE,VERIFIED
team_match,2025-26,321,2562215,HOME,2,2025-26:7,VERIFIED_SOURCE_MATCH_ROUTE,VERIFIED
team_match,2025-26,321,2562215,AWAY,17,2025-26:56,VERIFIED_SOURCE_MATCH_ROUTE,VERIFIED
team_match,2025-26,322,2562216,HOME,5,2025-26:94,VERIFIED_SOURCE_MATCH_ROUTE,VERIFIED
team_match,2025-26,322,2562216,AWAY,10,2025-26:54,VERIFIED_SOURCE_MATCH_ROUTE,VERIFIED
team_match,2025-26,323,2562217,HOME,7,2025-26:8,VERIFIED_SOURCE_MATCH_ROUTE,VERIFIED
team_match,2025-26,323,2562217,AWAY,14,2025-26:1,VERIFIED_SOURCE_MATCH_ROUTE,VERIFIED
team_match,2025-26,324,2562218,HOME,8,2025-26:31,VERIFIED_SOURCE_MATCH_ROUTE,VERIFIED
team_match,2025-26,324,2562218,AWAY,19,2025-26:21,VERIFIED_SOURCE_MATCH_ROUTE,VERIFIED
team_match,2025-26,325,2562219,HOME,9,2025-26:11,VERIFIED_SOURCE_MATCH_ROUTE,VERIFIED
team_match,2025-26,325,2562219,AWAY,12,2025-26:14,VERIFIED_SOURCE_MATCH_ROUTE,VERIFIED
team_match,2025-26,326,2562220,HOME,11,2025-26:2,VERIFIED_SOURCE_MATCH_ROUTE,VERIFIED
team_match,2025-26,326,2562220,AWAY,20,2025-26:39,VERIFIED_SOURCE_MATCH_ROUTE,VERIFIED
team_match,2025-26,327,2562221,HOME,13,2025-26:43,VERIFIED_SOURCE_MATCH_ROUTE,VERIFIED
team_match,2025-26,327,2562221,AWAY,1,2025-26:3,VERIFIED_SOURCE_MATCH_ROUTE,VERIFIED
team_match,2025-26,328,2562222,HOME,15,2025-26:4,VERIFIED_SOURCE_MATCH_ROUTE,VERIFIED
team_match,2025-26,328,2562222,AWAY,4,2025-26:91,VERIFIED_SOURCE_MATCH_ROUTE,VERIFIED
team_match,2025-26,329,2562223,HOME,16,2025-26:17,VERIFIED_SOURCE_MATCH_ROUTE,VERIFIED
team_match,2025-26,329,2562223,AWAY,3,2025-26:90,VERIFIED_SOURCE_MATCH_ROUTE,VERIFIED
team_match,2025-26,330,2562224,HOME,18,2025-26:6,VERIFIED_SOURCE_MATCH_ROUTE,VERIFIED
team_match,2025-26,330,2562224,AWAY,6,2025-26:36,VERIFIED_SOURCE_MATCH_ROUTE,VERIFIED
team_match,2025-26,331,2562226,HOME,1,2025-26:3,VERIFIED_SOURCE_MATCH_ROUTE,VERIFIED
team_match,2025-26,331,2562226,AWAY,15,2025-26:4,VERIFIED_SOURCE_MATCH_ROUTE,VERIFIED
team_match,2025-26,332,2562225,HOME,4,2025-26:91,VERIFIED_SOURCE_MATCH_ROUTE,VERIFIED
team_match,2025-26,332,2562225,AWAY,11,2025-26:2,VERIFIED_SOURCE_MATCH_ROUTE,VERIFIED
team_match,2025-26,333,2562227,HOME,6,2025-26:36,VERIFIED_SOURCE_MATCH_ROUTE,VERIFIED
team_match,2025-26,333,2562227,AWAY,7,2025-26:8,VERIFIED_SOURCE_MATCH_ROUTE,VERIFIED
team_match,2025-26,334,2562228,HOME,3,2025-26:90,VERIFIED_SOURCE_MATCH_ROUTE,VERIFIED
team_match,2025-26,334,2562228,AWAY,13,2025-26:43,VERIFIED_SOURCE_MATCH_ROUTE,VERIFIED
team_match,2025-26,335,2562229,HOME,10,2025-26:54,VERIFIED_SOURCE_MATCH_ROUTE,VERIFIED
team_match,2025-26,335,2562229,AWAY,2,2025-26:7,VERIFIED_SOURCE_MATCH_ROUTE,VERIFIED
team_match,2025-26,336,2562230,HOME,12,2025-26:14,VERIFIED_SOURCE_MATCH_ROUTE,VERIFIED
team_match,2025-26,336,2562230,AWAY,8,2025-26:31,VERIFIED_SOURCE_MATCH_ROUTE,VERIFIED
team_match,2025-26,337,2562231,HOME,14,2025-26:1,VERIFIED_SOURCE_MATCH_ROUTE,VERIFIED
team_match,2025-26,337,2562231,AWAY,5,2025-26:94,VERIFIED_SOURCE_MATCH_ROUTE,VERIFIED
team_match,2025-26,338,2562232,HOME,17,2025-26:56,VERIFIED_SOURCE_MATCH_ROUTE,VERIFIED
team_match,2025-26,338,2562232,AWAY,16,2025-26:17,VERIFIED_SOURCE_MATCH_ROUTE,VERIFIED
team_match,2025-26,339,2562233,HOME,19,2025-26:21,VERIFIED_SOURCE_MATCH_ROUTE,VERIFIED
team_match,2025-26,339,2562233,AWAY,9,2025-26:11,VERIFIED_SOURCE_MATCH_ROUTE,VERIFIED
team_match,2025-26,340,2562234,HOME,20,2025-26:39,VERIFIED_SOURCE_MATCH_ROUTE,VERIFIED
team_match,2025-26,340,2562234,AWAY,18,2025-26:6,VERIFIED_SOURCE_MATCH_ROUTE,VERIFIED
team_match,2025-26,341,2562236,HOME,1,2025-26:3,VERIFIED_SOURCE_MATCH_ROUTE,VERIFIED
team_match,2025-26,341,2562236,AWAY,10,2025-26:54,VERIFIED_SOURCE_MATCH_ROUTE,VERIFIED
team_match,2025-26,342,2562237,HOME,2,2025-26:7,VERIFIED_SOURCE_MATCH_ROUTE,VERIFIED
team_match,2025-26,342,2562237,AWAY,18,2025-26:6,VERIFIED_SOURCE_MATCH_ROUTE,VERIFIED
team_match,2025-26,343,2562235,HOME,4,2025-26:91,VERIFIED_SOURCE_MATCH_ROUTE,VERIFIED
team_match,2025-26,343,2562235,AWAY,8,2025-26:31,VERIFIED_SOURCE_MATCH_ROUTE,VERIFIED
team_match,2025-26,344,2562238,HOME,5,2025-26:94,VERIFIED_SOURCE_MATCH_ROUTE,VERIFIED
team_match,2025-26,344,2562238,AWAY,19,2025-26:21,VERIFIED_SOURCE_MATCH_ROUTE,VERIFIED
team_match,2025-26,345,2562239,HOME,7,2025-26:8,VERIFIED_SOURCE_MATCH_ROUTE,VERIFIED
team_match,2025-26,345,2562239,AWAY,16,2025-26:17,VERIFIED_SOURCE_MATCH_ROUTE,VERIFIED
team_match,2025-26,346,2562240,HOME,9,2025-26:11,VERIFIED_SOURCE_MATCH_ROUTE,VERIFIED
team_match,2025-26,346,2562240,AWAY,13,2025-26:43,VERIFIED_SOURCE_MATCH_ROUTE,VERIFIED
team_match,2025-26,347,2562241,HOME,11,2025-26:2,VERIFIED_SOURCE_MATCH_ROUTE,VERIFIED
team_match,2025-26,347,2562241,AWAY,3,2025-26:90,VERIFIED_SOURCE_MATCH_ROUTE,VERIFIED
team_match,2025-26,348,2562242,HOME,14,2025-26:1,VERIFIED_SOURCE_MATCH_ROUTE,VERIFIED
team_match,2025-26,348,2562242,AWAY,12,2025-26:14,VERIFIED_SOURCE_MATCH_ROUTE,VERIFIED
team_match,2025-26,349,2562243,HOME,15,2025-26:4,VERIFIED_SOURCE_MATCH_ROUTE,VERIFIED
team_match,2025-26,349,2562243,AWAY,6,2025-26:36,VERIFIED_SOURCE_MATCH_ROUTE,VERIFIED
team_match,2025-26,350,2562244,HOME,20,2025-26:39,VERIFIED_SOURCE_MATCH_ROUTE,VERIFIED
team_match,2025-26,350,2562244,AWAY,17,2025-26:56,VERIFIED_SOURCE_MATCH_ROUTE,VERIFIED
team_match,2025-26,351,2562245,HOME,6,2025-26:36,VERIFIED_SOURCE_MATCH_ROUTE,VERIFIED
team_match,2025-26,351,2562245,AWAY,20,2025-26:39,VERIFIED_SOURCE_MATCH_ROUTE,VERIFIED
team_match,2025-26,352,2562246,HOME,3,2025-26:90,VERIFIED_SOURCE_MATCH_ROUTE,VERIFIED
team_match,2025-26,352,2562246,AWAY,2,2025-26:7,VERIFIED_SOURCE_MATCH_ROUTE,VERIFIED
team_match,2025-26,353,2562247,HOME,8,2025-26:31,VERIFIED_SOURCE_MATCH_ROUTE,VERIFIED
team_match,2025-26,353,2562247,AWAY,9,2025-26:11,VERIFIED_SOURCE_MATCH_ROUTE,VERIFIED
team_match,2025-26,354,2562248,HOME,10,2025-26:54,VERIFIED_SOURCE_MATCH_ROUTE,VERIFIED
team_match,2025-26,354,2562248,AWAY,4,2025-26:91,VERIFIED_SOURCE_MATCH_ROUTE,VERIFIED
team_match,2025-26,355,2562249,HOME,12,2025-26:14,VERIFIED_SOURCE_MATCH_ROUTE,VERIFIED
team_match,2025-26,355,2562249,AWAY,7,2025-26:8,VERIFIED_SOURCE_MATCH_ROUTE,VERIFIED
team_match,2025-26,356,2562250,HOME,13,2025-26:43,VERIFIED_SOURCE_MATCH_ROUTE,VERIFIED
team_match,2025-26,356,2562250,AWAY,5,2025-26:94,VERIFIED_SOURCE_MATCH_ROUTE,VERIFIED
team_match,2025-26,357,2562251,HOME,16,2025-26:17,VERIFIED_SOURCE_MATCH_ROUTE,VERIFIED
team_match,2025-26,357,2562251,AWAY,15,2025-26:4,VERIFIED_SOURCE_MATCH_ROUTE,VERIFIED
team_match,2025-26,358,2562252,HOME,17,2025-26:56,VERIFIED_SOURCE_MATCH_ROUTE,VERIFIED
team_match,2025-26,358,2562252,AWAY,14,2025-26:1,VERIFIED_SOURCE_MATCH_ROUTE,VERIFIED
team_match,2025-26,359,2562253,HOME,18,2025-26:6,VERIFIED_SOURCE_MATCH_ROUTE,VERIFIED
team_match,2025-26,359,2562253,AWAY,11,2025-26:2,VERIFIED_SOURCE_MATCH_ROUTE,VERIFIED
team_match,2025-26,360,2562254,HOME,19,2025-26:21,VERIFIED_SOURCE_MATCH_ROUTE,VERIFIED
team_match,2025-26,360,2562254,AWAY,1,2025-26:3,VERIFIED_SOURCE_MATCH_ROUTE,VERIFIED
team_match,2025-26,361,2562256,HOME,1,2025-26:3,VERIFIED_SOURCE_MATCH_ROUTE,VERIFIED
team_match,2025-26,361,2562256,AWAY,3,2025-26:90,VERIFIED_SOURCE_MATCH_ROUTE,VERIFIED
team_match,2025-26,362,2562257,HOME,2,2025-26:7,VERIFIED_SOURCE_MATCH_ROUTE,VERIFIED
team_match,2025-26,362,2562257,AWAY,12,2025-26:14,VERIFIED_SOURCE_MATCH_ROUTE,VERIFIED
team_match,2025-26,363,2562255,HOME,4,2025-26:91,VERIFIED_SOURCE_MATCH_ROUTE,VERIFIED
team_match,2025-26,363,2562255,AWAY,13,2025-26:43,VERIFIED_SOURCE_MATCH_ROUTE,VERIFIED
team_match,2025-26,364,2562258,HOME,5,2025-26:94,VERIFIED_SOURCE_MATCH_ROUTE,VERIFIED
team_match,2025-26,364,2562258,AWAY,8,2025-26:31,VERIFIED_SOURCE_MATCH_ROUTE,VERIFIED
team_match,2025-26,365,2562259,HOME,7,2025-26:8,VERIFIED_SOURCE_MATCH_ROUTE,VERIFIED
team_match,2025-26,365,2562259,AWAY,18,2025-26:6,VERIFIED_SOURCE_MATCH_ROUTE,VERIFIED
team_match,2025-26,366,2562260,HOME,9,2025-26:11,VERIFIED_SOURCE_MATCH_ROUTE,VERIFIED
team_match,2025-26,366,2562260,AWAY,17,2025-26:56,VERIFIED_SOURCE_MATCH_ROUTE,VERIFIED
team_match,2025-26,367,2562261,HOME,11,2025-26:2,VERIFIED_SOURCE_MATCH_ROUTE,VERIFIED
team_match,2025-26,367,2562261,AWAY,6,2025-26:36,VERIFIED_SOURCE_MATCH_ROUTE,VERIFIED
team_match,2025-26,368,2562262,HOME,14,2025-26:1,VERIFIED_SOURCE_MATCH_ROUTE,VERIFIED
team_match,2025-26,368,2562262,AWAY,16,2025-26:17,VERIFIED_SOURCE_MATCH_ROUTE,VERIFIED
team_match,2025-26,369,2562263,HOME,15,2025-26:4,VERIFIED_SOURCE_MATCH_ROUTE,VERIFIED
team_match,2025-26,369,2562263,AWAY,19,2025-26:21,VERIFIED_SOURCE_MATCH_ROUTE,VERIFIED
team_match,2025-26,370,2562264,HOME,20,2025-26:39,VERIFIED_SOURCE_MATCH_ROUTE,VERIFIED
team_match,2025-26,370,2562264,AWAY,10,2025-26:54,VERIFIED_SOURCE_MATCH_ROUTE,VERIFIED
team_match,2025-26,371,2562265,HOME,6,2025-26:36,VERIFIED_SOURCE_MATCH_ROUTE,VERIFIED
team_match,2025-26,371,2562265,AWAY,14,2025-26:1,VERIFIED_SOURCE_MATCH_ROUTE,VERIFIED
team_match,2025-26,372,2562266,HOME,3,2025-26:90,VERIFIED_SOURCE_MATCH_ROUTE,VERIFIED
team_match,2025-26,372,2562266,AWAY,20,2025-26:39,VERIFIED_SOURCE_MATCH_ROUTE,VERIFIED
team_match,2025-26,373,2562267,HOME,8,2025-26:31,VERIFIED_SOURCE_MATCH_ROUTE,VERIFIED
team_match,2025-26,373,2562267,AWAY,1,2025-26:3,VERIFIED_SOURCE_MATCH_ROUTE,VERIFIED
team_match,2025-26,374,2562268,HOME,10,2025-26:54,VERIFIED_SOURCE_MATCH_ROUTE,VERIFIED
team_match,2025-26,374,2562268,AWAY,15,2025-26:4,VERIFIED_SOURCE_MATCH_ROUTE,VERIFIED
team_match,2025-26,375,2562269,HOME,12,2025-26:14,VERIFIED_SOURCE_MATCH_ROUTE,VERIFIED
team_match,2025-26,375,2562269,AWAY,5,2025-26:94,VERIFIED_SOURCE_MATCH_ROUTE,VERIFIED
team_match,2025-26,376,2562270,HOME,13,2025-26:43,VERIFIED_SOURCE_MATCH_ROUTE,VERIFIED
team_match,2025-26,376,2562270,AWAY,2,2025-26:7,VERIFIED_SOURCE_MATCH_ROUTE,VERIFIED
team_match,2025-26,377,2562271,HOME,16,2025-26:17,VERIFIED_SOURCE_MATCH_ROUTE,VERIFIED
team_match,2025-26,377,2562271,AWAY,4,2025-26:91,VERIFIED_SOURCE_MATCH_ROUTE,VERIFIED
team_match,2025-26,378,2562272,HOME,17,2025-26:56,VERIFIED_SOURCE_MATCH_ROUTE,VERIFIED
team_match,2025-26,378,2562272,AWAY,7,2025-26:8,VERIFIED_SOURCE_MATCH_ROUTE,VERIFIED
team_match,2025-26,379,2562273,HOME,18,2025-26:6,VERIFIED_SOURCE_MATCH_ROUTE,VERIFIED
team_match,2025-26,379,2562273,AWAY,9,2025-26:11,VERIFIED_SOURCE_MATCH_ROUTE,VERIFIED
team_match,2025-26,380,2562274,HOME,19,2025-26:21,VERIFIED_SOURCE_MATCH_ROUTE,VERIFIED
team_match,2025-26,380,2562274,AWAY,11,2025-26:2,VERIFIED_SOURCE_MATCH_ROUTE,VERIFIED
