observation_id,grain,season,source_record_id,source_player_id,source_match_id,source_team_id,fixture_attachment_status,fixture_entity_id,home_team_attachment_status,home_team_entity_id,away_team_attachment_status,away_team_entity_id,source_player_identity_status,player_attachment_status,player_entity_id,player_source_identity_ref,team_attachment_status,team_season_id,attachment_basis_player
player_season/1,player_season,2020-21,,21205,,,NOT_APPLICABLE,,NOT_APPLICABLE,,NOT_APPLICABLE,,VERIFIED,UNRESOLVED,,21205,UNRESOLVED,,no existing verified Player Research closure
player_season/2,player_season,2020-21,,79852,,,NOT_APPLICABLE,,NOT_APPLICABLE,,NOT_APPLICABLE,,VERIFIED,UNRESOLVED,,79852,UNRESOLVED,,no existing verified Player Research closure
player_season/3,player_season,2020-21,,98980,,,NOT_APPLICABLE,,NOT_APPLICABLE,,NOT_APPLICABLE,,VERIFIED,UNRESOLVED,,98980,UNRESOLVED,,no existing verified Player Research closure
player_season/4,player_season,2020-21,,199796,,,NOT_APPLICABLE,,NOT_APPLICABLE,,NOT_APPLICABLE,,VERIFIED,UNRESOLVED,,199796,UNRESOLVED,,no existing verified Player Research closure
player_season/5,player_season,2020-21,,47390,,,NOT_APPLICABLE,,NOT_APPLICABLE,,NOT_APPLICABLE,,VERIFIED,UNRESOLVED,,47390,UNRESOLVED,,no existing verified Player Research closure
player_season/6,player_season,2020-21,,199798,,,NOT_APPLICABLE,,NOT_APPLICABLE,,NOT_APPLICABLE,,VERIFIED,UNRESOLVED,,199798,UNRESOLVED,,no existing verified Player Research closure
player_season/7,player_season,2020-21,,149484,,,NOT_APPLICABLE,,NOT_APPLICABLE,,NOT_APPLICABLE,,VERIFIED,UNRESOLVED,,149484,UNRESOLVED,,no existing verified Player Research closure
player_season/8,player_season,2020-21,,169359,,,NOT_APPLICABLE,,NOT_APPLICABLE,,NOT_APPLICABLE,,VERIFIED,UNRESOLVED,,169359,UNRESOLVED,,no existing verified Player Research closure
player_season/9,player_season,2020-21,,108156,,,NOT_APPLICABLE,,NOT_APPLICABLE,,NOT_APPLICABLE,,VERIFIED,UNRESOLVED,,108156,UNRESOLVED,,no existing verified Player Research closure
player_season/10,player_season,2020-21,,37339,,,NOT_APPLICABLE,,NOT_APPLICABLE,,NOT_APPLICABLE,,VERIFIED,UNRESOLVED,,37339,UNRESOLVED,,no existing verified Player Research closure
player_season/11,player_season,2020-21,,123354,,,NOT_APPLICABLE,,NOT_APPLICABLE,,NOT_APPLICABLE,,VERIFIED,UNRESOLVED,,123354,UNRESOLVED,,no existing verified Player Research closure
player_season/12,player_season,2020-21,,230046,,,NOT_APPLICABLE,,NOT_APPLICABLE,,NOT_APPLICABLE,,VERIFIED,UNRESOLVED,,230046,UNRESOLVED,,no existing verified Player Research closure
player_season/13,player_season,2020-21,,122806,,,NOT_APPLICABLE,,NOT_APPLICABLE,,NOT_APPLICABLE,,VERIFIED,UNRESOLVED,,122806,UNRESOLVED,,no existing verified Player Research closure
player_season/14,player_season,2020-21,,114283,,,NOT_APPLICABLE,,NOT_APPLICABLE,,NOT_APPLICABLE,,VERIFIED,UNRESOLVED,,114283,UNRESOLVED,,no existing verified Player Research closure
player_season/15,player_season,2020-21,,148508,,,NOT_APPLICABLE,,NOT_APPLICABLE,,NOT_APPLICABLE,,VERIFIED,UNRESOLVED,,148508,UNRESOLVED,,no existing verified Player Research closure
player_season/16,player_season,2020-21,,184704,,,NOT_APPLICABLE,,NOT_APPLICABLE,,NOT_APPLICABLE,,VERIFIED,UNRESOLVED,,184704,UNRESOLVED,,no existing verified Player Research closure
player_season/17,player_season,2020-21,,88894,,,NOT_APPLICABLE,,NOT_APPLICABLE,,NOT_APPLICABLE,,VERIFIED,UNRESOLVED,,88894,UNRESOLVED,,no existing verified Player Research closure
player_season/18,player_season,2020-21,,193488,,,NOT_APPLICABLE,,NOT_APPLICABLE,,NOT_APPLICABLE,,VERIFIED,UNRESOLVED,,193488,UNRESOLVED,,no existing verified Player Research closure
player_season/19,player_season,2020-21,,122775,,,NOT_APPLICABLE,,NOT_APPLICABLE,,NOT_APPLICABLE,,VERIFIED,UNRESOLVED,,122775,UNRESOLVED,,no existing verified Player Research closure
player_season/20,player_season,2020-21,,232653,,,NOT_APPLICABLE,,NOT_APPLICABLE,,NOT_APPLICABLE,,VERIFIED,UNRESOLVED,,232653,UNRESOLVED,,no existing verified Player Research closure
player_season/21,player_season,2020-21,,481624,,,NOT_APPLICABLE,,NOT_APPLICABLE,,NOT_APPLICABLE,,VERIFIED,UNRESOLVED,,481624,UNRESOLVED,,no existing verified Player Research closure
player_season/22,player_season,2020-21,,478912,,,NOT_APPLICABLE,,NOT_APPLICABLE,,NOT_APPLICABLE,,VERIFIED,UNRESOLVED,,478912,UNRESOLVED,,no existing verified Player Research closure
player_season/23,player_season,2020-21,,465390,,,NOT_APPLICABLE,,NOT_APPLICABLE,,NOT_APPLICABLE,,VERIFIED,UNRESOLVED,,465390,UNRESOLVED,,no existing verified Player Research closure
player_season/24,player_season,2020-21,,213345,,,NOT_APPLICABLE,,NOT_APPLICABLE,,NOT_APPLICABLE,,VERIFIED,UNRESOLVED,,213345,UNRESOLVED,,no existing verified Player Research closure
player_season/25,player_season,2020-21,,178301,,,NOT_APPLICABLE,,NOT_APPLICABLE,,NOT_APPLICABLE,,VERIFIED,UNRESOLVED,,178301,UNRESOLVED,,no existing verified Player Research closure
player_season/26,player_season,2020-21,,110504,,,NOT_APPLICABLE,,NOT_APPLICABLE,,NOT_APPLICABLE,,VERIFIED,UNRESOLVED,,110504,UNRESOLVED,,no existing verified Player Research closure
player_season/27,player_season,2020-21,,221239,,,NOT_APPLICABLE,,NOT_APPLICABLE,,NOT_APPLICABLE,,VERIFIED,UNRESOLVED,,221239,UNRESOLVED,,no existing verified Player Research closure
player_season/28,player_season,2020-21,,80201,,,NOT_APPLICABLE,,NOT_APPLICABLE,,NOT_APPLICABLE,,VERIFIED,UNRESOLVED,,80201,UNRESOLVED,,no existing verified Player Research closure
player_season/29,player_season,2020-21,,115918,,,NOT_APPLICABLE,,NOT_APPLICABLE,,NOT_APPLICABLE,,VERIFIED,UNRESOLVED,,115918,UNRESOLVED,,no existing verified Player Research closure
player_season/30,player_season,2020-21,,131897,,,NOT_APPLICABLE,,NOT_APPLICABLE,,NOT_APPLICABLE,,VERIFIED,UNRESOLVED,,131897,UNRESOLVED,,no existing verified Player Research closure
player_season/31,player_season,2020-21,,98745,,,NOT_APPLICABLE,,NOT_APPLICABLE,,NOT_APPLICABLE,,VERIFIED,UNRESOLVED,,98745,UNRESOLVED,,no existing verified Player Research closure
player_season/32,player_season,2020-21,,192895,,,NOT_APPLICABLE,,NOT_APPLICABLE,,NOT_APPLICABLE,,VERIFIED,UNRESOLVED,,192895,UNRESOLVED,,no existing verified Player Research closure
player_season/33,player_season,2020-21,,226597,,,NOT_APPLICABLE,,NOT_APPLICABLE,,NOT_APPLICABLE,,VERIFIED,UNRESOLVED,,226597,UNRESOLVED,,no existing verified Player Research closure
player_season/34,player_season,2020-21,,156074,,,NOT_APPLICABLE,,NOT_APPLICABLE,,NOT_APPLICABLE,,VERIFIED,UNRESOLVED,,156074,UNRESOLVED,,no existing verified Player Research closure
player_season/35,player_season,2020-21,,58822,,,NOT_APPLICABLE,,NOT_APPLICABLE,,NOT_APPLICABLE,,VERIFIED,UNRESOLVED,,58822,UNRESOLVED,,no existing verified Player Research closure
player_season/36,player_season,2020-21,,101184,,,NOT_APPLICABLE,,NOT_APPLICABLE,,NOT_APPLICABLE,,VERIFIED,UNRESOLVED,,101184,UNRESOLVED,,no existing verified Player Research closure
player_season/37,player_season,2020-21,,92371,,,NOT_APPLICABLE,,NOT_APPLICABLE,,NOT_APPLICABLE,,VERIFIED,UNRESOLVED,,92371,UNRESOLVED,,no existing verified Player Research closure
player_season/38,player_season,2020-21,,41270,,,NOT_APPLICABLE,,NOT_APPLICABLE,,NOT_APPLICABLE,,VERIFIED,UNRESOLVED,,41270,UNRESOLVED,,no existing verified Player Research closure
player_season/39,player_season,2020-21,,223340,,,NOT_APPLICABLE,,NOT_APPLICABLE,,NOT_APPLICABLE,,VERIFIED,UNRESOLVED,,223340,UNRESOLVED,,no existing verified Player Research closure
player_season/40,player_season,2020-21,,182539,,,NOT_APPLICABLE,,NOT_APPLICABLE,,NOT_APPLICABLE,,VERIFIED,UNRESOLVED,,182539,UNRESOLVED,,no existing verified Player Research closure
player_season/41,player_season,2020-21,,184029,,,NOT_APPLICABLE,,NOT_APPLICABLE,,NOT_APPLICABLE,,VERIFIED,UNRESOLVED,,184029,UNRESOLVED,,no existing verified Player Research closure
player_season/42,player_season,2020-21,,167199,,,NOT_APPLICABLE,,NOT_APPLICABLE,,NOT_APPLICABLE,,VERIFIED,UNRESOLVED,,167199,UNRESOLVED,,no existing verified Player Research closure
player_season/43,player_season,2020-21,,153256,,,NOT_APPLICABLE,,NOT_APPLICABLE,,NOT_APPLICABLE,,VERIFIED,UNRESOLVED,,153256,UNRESOLVED,,no existing verified Player Research closure
player_season/44,player_season,2020-21,,209289,,,NOT_APPLICABLE,,NOT_APPLICABLE,,NOT_APPLICABLE,,VERIFIED,UNRESOLVED,,209289,UNRESOLVED,,no existing verified Player Research closure
player_season/45,player_season,2020-21,,84450,,,NOT_APPLICABLE,,NOT_APPLICABLE,,NOT_APPLICABLE,,VERIFIED,UNRESOLVED,,84450,UNRESOLVED,,no existing verified Player Research closure
player_season/46,player_season,2020-21,,439482,,,NOT_APPLICABLE,,NOT_APPLICABLE,,NOT_APPLICABLE,,VERIFIED,UNRESOLVED,,439482,UNRESOLVED,,no existing verified Player Research closure
player_season/47,player_season,2020-21,,59966,,,NOT_APPLICABLE,,NOT_APPLICABLE,,NOT_APPLICABLE,,VERIFIED,UNRESOLVED,,59966,UNRESOLVED,,no existing verified Player Research closure
player_season/48,player_season,2020-21,,47431,,,NOT_APPLICABLE,,NOT_APPLICABLE,,NOT_APPLICABLE,,VERIFIED,UNRESOLVED,,47431,UNRESOLVED,,no existing verified Player Research closure
player_season/49,player_season,2020-21,,54694,,,NOT_APPLICABLE,,NOT_APPLICABLE,,NOT_APPLICABLE,,VERIFIED,UNRESOLVED,,54694,UNRESOLVED,,no existing verified Player Research closure
player_season/50,player_season,2020-21,,195735,,,NOT_APPLICABLE,,NOT_APPLICABLE,,NOT_APPLICABLE,,VERIFIED,UNRESOLVED,,195735,UNRESOLVED,,no existing verified Player Research closure
player_season/51,player_season,2020-21,,200641,,,NOT_APPLICABLE,,NOT_APPLICABLE,,NOT_APPLICABLE,,VERIFIED,UNRESOLVED,,200641,UNRESOLVED,,no existing verified Player Research closure
player_season/52,player_season,2020-21,,205533,,,NOT_APPLICABLE,,NOT_APPLICABLE,,NOT_APPLICABLE,,VERIFIED,UNRESOLVED,,205533,UNRESOLVED,,no existing verified Player Research closure
player_season/53,player_season,2020-21,,444145,,,NOT_APPLICABLE,,NOT_APPLICABLE,,NOT_APPLICABLE,,VERIFIED,UNRESOLVED,,444145,UNRESOLVED,,no existing verified Player Research closure
player_season/54,player_season,2020-21,,49262,,,NOT_APPLICABLE,,NOT_APPLICABLE,,NOT_APPLICABLE,,VERIFIED,UNRESOLVED,,49262,UNRESOLVED,,no existing verified Player Research closure
player_season/55,player_season,2020-21,,215059,,,NOT_APPLICABLE,,NOT_APPLICABLE,,NOT_APPLICABLE,,VERIFIED,UNRESOLVED,,215059,UNRESOLVED,,no existing verified Player Research closure
player_season/56,player_season,2020-21,,108813,,,NOT_APPLICABLE,,NOT_APPLICABLE,,NOT_APPLICABLE,,VERIFIED,UNRESOLVED,,108813,UNRESOLVED,,no existing verified Player Research closure
player_season/57,player_season,2020-21,,209288,,,NOT_APPLICABLE,,NOT_APPLICABLE,,NOT_APPLICABLE,,VERIFIED,UNRESOLVED,,209288,UNRESOLVED,,no existing verified Player Research closure
player_season/58,player_season,2020-21,,232792,,,NOT_APPLICABLE,,NOT_APPLICABLE,,NOT_APPLICABLE,,VERIFIED,UNRESOLVED,,232792,UNRESOLVED,,no existing verified Player Research closure
player_season/59,player_season,2020-21,,198869,,,NOT_APPLICABLE,,NOT_APPLICABLE,,NOT_APPLICABLE,,VERIFIED,UNRESOLVED,,198869,UNRESOLVED,,no existing verified Player Research closure
player_season/60,player_season,2020-21,,110735,,,NOT_APPLICABLE,,NOT_APPLICABLE,,NOT_APPLICABLE,,VERIFIED,UNRESOLVED,,110735,UNRESOLVED,,no existing verified Player Research closure
player_season/61,player_season,2020-21,,83299,,,NOT_APPLICABLE,,NOT_APPLICABLE,,NOT_APPLICABLE,,VERIFIED,UNRESOLVED,,83299,UNRESOLVED,,no existing verified Player Research closure
player_season/62,player_season,2020-21,,442229,,,NOT_APPLICABLE,,NOT_APPLICABLE,,NOT_APPLICABLE,,VERIFIED,UNRESOLVED,,442229,UNRESOLVED,,no existing verified Player Research closure
player_season/63,player_season,2020-21,,78916,,,NOT_APPLICABLE,,NOT_APPLICABLE,,NOT_APPLICABLE,,VERIFIED,UNRESOLVED,,78916,UNRESOLVED,,no existing verified Player Research closure
player_season/64,player_season,2020-21,,111478,,,NOT_APPLICABLE,,NOT_APPLICABLE,,NOT_APPLICABLE,,VERIFIED,UNRESOLVED,,111478,UNRESOLVED,,no existing verified Player Research closure
player_season/65,player_season,2020-21,,227127,,,NOT_APPLICABLE,,NOT_APPLICABLE,,NOT_APPLICABLE,,VERIFIED,UNRESOLVED,,227127,UNRESOLVED,,no existing verified Player Research closure
player_season/66,player_season,2020-21,,243016,,,NOT_APPLICABLE,,NOT_APPLICABLE,,NOT_APPLICABLE,,VERIFIED,UNRESOLVED,,243016,UNRESOLVED,,no existing verified Player Research closure
player_season/67,player_season,2020-21,,60307,,,NOT_APPLICABLE,,NOT_APPLICABLE,,NOT_APPLICABLE,,VERIFIED,UNRESOLVED,,60307,UNRESOLVED,,no existing verified Player Research closure
player_season/68,player_season,2020-21,,39155,,,NOT_APPLICABLE,,NOT_APPLICABLE,,NOT_APPLICABLE,,VERIFIED,UNRESOLVED,,39155,UNRESOLVED,,no existing verified Player Research closure
player_season/69,player_season,2020-21,,243505,,,NOT_APPLICABLE,,NOT_APPLICABLE,,NOT_APPLICABLE,,VERIFIED,UNRESOLVED,,243505,UNRESOLVED,,no existing verified Player Research closure
player_season/70,player_season,2020-21,,235382,,,NOT_APPLICABLE,,NOT_APPLICABLE,,NOT_APPLICABLE,,VERIFIED,UNRESOLVED,,235382,UNRESOLVED,,no existing verified Player Research closure
player_season/71,player_season,2020-21,,109345,,,NOT_APPLICABLE,,NOT_APPLICABLE,,NOT_APPLICABLE,,VERIFIED,UNRESOLVED,,109345,UNRESOLVED,,no existing verified Player Research closure
player_season/72,player_season,2020-21,,66242,,,NOT_APPLICABLE,,NOT_APPLICABLE,,NOT_APPLICABLE,,VERIFIED,UNRESOLVED,,66242,UNRESOLVED,,no existing verified Player Research closure
player_season/73,player_season,2020-21,,486672,,,NOT_APPLICABLE,,NOT_APPLICABLE,,NOT_APPLICABLE,,VERIFIED,UNRESOLVED,,486672,UNRESOLVED,,no existing verified Player Research closure
player_season/74,player_season,2020-21,,440241,,,NOT_APPLICABLE,,NOT_APPLICABLE,,NOT_APPLICABLE,,VERIFIED,UNRESOLVED,,440241,UNRESOLVED,,no existing verified Player Research closure
player_season/75,player_season,2020-21,,465572,,,NOT_APPLICABLE,,NOT_APPLICABLE,,NOT_APPLICABLE,,VERIFIED,UNRESOLVED,,465572,UNRESOLVED,,no existing verified Player Research closure
player_season/76,player_season,2020-21,,244848,,,NOT_APPLICABLE,,NOT_APPLICABLE,,NOT_APPLICABLE,,VERIFIED,UNRESOLVED,,244848,UNRESOLVED,,no existing verified Player Research closure
player_season/77,player_season,2020-21,,233425,,,NOT_APPLICABLE,,NOT_APPLICABLE,,NOT_APPLICABLE,,VERIFIED,UNRESOLVED,,233425,UNRESOLVED,,no existing verified Player Research closure
player_season/78,player_season,2020-21,,115382,,,NOT_APPLICABLE,,NOT_APPLICABLE,,NOT_APPLICABLE,,VERIFIED,UNRESOLVED,,115382,UNRESOLVED,,no existing verified Player Research closure
player_season/79,player_season,2020-21,,116216,,,NOT_APPLICABLE,,NOT_APPLICABLE,,NOT_APPLICABLE,,VERIFIED,UNRESOLVED,,116216,UNRESOLVED,,no existing verified Player Research closure
player_season/80,player_season,2020-21,,165210,,,NOT_APPLICABLE,,NOT_APPLICABLE,,NOT_APPLICABLE,,VERIFIED,UNRESOLVED,,165210,UNRESOLVED,,no existing verified Player Research closure
player_season/81,player_season,2020-21,,50175,,,NOT_APPLICABLE,,NOT_APPLICABLE,,NOT_APPLICABLE,,VERIFIED,UNRESOLVED,,50175,UNRESOLVED,,no existing verified Player Research closure
player_season/82,player_season,2020-21,,167473,,,NOT_APPLICABLE,,NOT_APPLICABLE,,NOT_APPLICABLE,,VERIFIED,UNRESOLVED,,167473,UNRESOLVED,,no existing verified Player Research closure
player_season/83,player_season,2020-21,,93284,,,NOT_APPLICABLE,,NOT_APPLICABLE,,NOT_APPLICABLE,,VERIFIED,UNRESOLVED,,93284,UNRESOLVED,,no existing verified Player Research closure
player_season/84,player_season,2020-21,,230127,,,NOT_APPLICABLE,,NOT_APPLICABLE,,NOT_APPLICABLE,,VERIFIED,UNRESOLVED,,230127,UNRESOLVED,,no existing verified Player Research closure
player_season/85,player_season,2020-21,,204676,,,NOT_APPLICABLE,,NOT_APPLICABLE,,NOT_APPLICABLE,,VERIFIED,UNRESOLVED,,204676,UNRESOLVED,,no existing verified Player Research closure
player_season/86,player_season,2020-21,,98747,,,NOT_APPLICABLE,,NOT_APPLICABLE,,NOT_APPLICABLE,,VERIFIED,UNRESOLVED,,98747,UNRESOLVED,,no existing verified Player Research closure
player_season/87,player_season,2020-21,,220037,,,NOT_APPLICABLE,,NOT_APPLICABLE,,NOT_APPLICABLE,,VERIFIED,UNRESOLVED,,220037,UNRESOLVED,,no existing verified Player Research closure
player_season/88,player_season,2020-21,,168399,,,NOT_APPLICABLE,,NOT_APPLICABLE,,NOT_APPLICABLE,,VERIFIED,UNRESOLVED,,168399,UNRESOLVED,,no existing verified Player Research closure
player_season/89,player_season,2020-21,,68983,,,NOT_APPLICABLE,,NOT_APPLICABLE,,NOT_APPLICABLE,,VERIFIED,UNRESOLVED,,68983,UNRESOLVED,,no existing verified Player Research closure
player_season/90,player_season,2020-21,,103914,,,NOT_APPLICABLE,,NOT_APPLICABLE,,NOT_APPLICABLE,,VERIFIED,UNRESOLVED,,103914,UNRESOLVED,,no existing verified Player Research closure
player_season/91,player_season,2020-21,,17761,,,NOT_APPLICABLE,,NOT_APPLICABLE,,NOT_APPLICABLE,,VERIFIED,UNRESOLVED,,17761,UNRESOLVED,,no existing verified Player Research closure
player_season/92,player_season,2020-21,,51927,,,NOT_APPLICABLE,,NOT_APPLICABLE,,NOT_APPLICABLE,,VERIFIED,UNRESOLVED,,51927,UNRESOLVED,,no existing verified Player Research closure
player_season/93,player_season,2020-21,,39487,,,NOT_APPLICABLE,,NOT_APPLICABLE,,NOT_APPLICABLE,,VERIFIED,UNRESOLVED,,39487,UNRESOLVED,,no existing verified Player Research closure
player_season/94,player_season,2020-21,,17997,,,NOT_APPLICABLE,,NOT_APPLICABLE,,NOT_APPLICABLE,,VERIFIED,UNRESOLVED,,17997,UNRESOLVED,,no existing verified Player Research closure
player_season/95,player_season,2020-21,,41674,,,NOT_APPLICABLE,,NOT_APPLICABLE,,NOT_APPLICABLE,,VERIFIED,UNRESOLVED,,41674,UNRESOLVED,,no existing verified Player Research closure
player_season/96,player_season,2020-21,,184259,,,NOT_APPLICABLE,,NOT_APPLICABLE,,NOT_APPLICABLE,,VERIFIED,UNRESOLVED,,184259,UNRESOLVED,,no existing verified Player Research closure
player_season/97,player_season,2020-21,,218023,,,NOT_APPLICABLE,,NOT_APPLICABLE,,NOT_APPLICABLE,,VERIFIED,UNRESOLVED,,218023,UNRESOLVED,,no existing verified Player Research closure
player_season/98,player_season,2020-21,,195471,,,NOT_APPLICABLE,,NOT_APPLICABLE,,NOT_APPLICABLE,,VERIFIED,UNRESOLVED,,195471,UNRESOLVED,,no existing verified Player Research closure
player_season/99,player_season,2020-21,,40145,,,NOT_APPLICABLE,,NOT_APPLICABLE,,NOT_APPLICABLE,,VERIFIED,UNRESOLVED,,40145,UNRESOLVED,,no existing verified Player Research closure
player_season/100,player_season,2020-21,,60586,,,NOT_APPLICABLE,,NOT_APPLICABLE,,NOT_APPLICABLE,,VERIFIED,UNRESOLVED,,60586,UNRESOLVED,,no existing verified Player Research closure
player_season/101,player_season,2020-21,,172782,,,NOT_APPLICABLE,,NOT_APPLICABLE,,NOT_APPLICABLE,,VERIFIED,UNRESOLVED,,172782,UNRESOLVED,,no existing verified Player Research closure
player_season/102,player_season,2020-21,,433154,,,NOT_APPLICABLE,,NOT_APPLICABLE,,NOT_APPLICABLE,,VERIFIED,UNRESOLVED,,433154,UNRESOLVED,,no existing verified Player Research closure
player_season/103,player_season,2020-21,,90517,,,NOT_APPLICABLE,,NOT_APPLICABLE,,NOT_APPLICABLE,,VERIFIED,UNRESOLVED,,90517,UNRESOLVED,,no existing verified Player Research closure
player_season/104,player_season,2020-21,,40845,,,NOT_APPLICABLE,,NOT_APPLICABLE,,NOT_APPLICABLE,,VERIFIED,UNRESOLVED,,40845,UNRESOLVED,,no existing verified Player Research closure
player_season/105,player_season,2020-21,,60551,,,NOT_APPLICABLE,,NOT_APPLICABLE,,NOT_APPLICABLE,,VERIFIED,UNRESOLVED,,60551,UNRESOLVED,,no existing verified Player Research closure
player_season/106,player_season,2020-21,,465299,,,NOT_APPLICABLE,,NOT_APPLICABLE,,NOT_APPLICABLE,,VERIFIED,UNRESOLVED,,465299,UNRESOLVED,,no existing verified Player Research closure
player_season/107,player_season,2020-21,,461096,,,NOT_APPLICABLE,,NOT_APPLICABLE,,NOT_APPLICABLE,,VERIFIED,UNRESOLVED,,461096,UNRESOLVED,,no existing verified Player Research closure
player_season/108,player_season,2020-21,,217401,,,NOT_APPLICABLE,,NOT_APPLICABLE,,NOT_APPLICABLE,,VERIFIED,UNRESOLVED,,217401,UNRESOLVED,,no existing verified Player Research closure
player_season/109,player_season,2020-21,,60689,,,NOT_APPLICABLE,,NOT_APPLICABLE,,NOT_APPLICABLE,,VERIFIED,UNRESOLVED,,60689,UNRESOLVED,,no existing verified Player Research closure
player_season/110,player_season,2020-21,,44699,,,NOT_APPLICABLE,,NOT_APPLICABLE,,NOT_APPLICABLE,,VERIFIED,UNRESOLVED,,44699,UNRESOLVED,,no existing verified Player Research closure
player_season/111,player_season,2020-21,,44683,,,NOT_APPLICABLE,,NOT_APPLICABLE,,NOT_APPLICABLE,,VERIFIED,UNRESOLVED,,44683,UNRESOLVED,,no existing verified Player Research closure
player_season/112,player_season,2020-21,,81183,,,NOT_APPLICABLE,,NOT_APPLICABLE,,NOT_APPLICABLE,,VERIFIED,UNRESOLVED,,81183,UNRESOLVED,,no existing verified Player Research closure
player_season/113,player_season,2020-21,,461450,,,NOT_APPLICABLE,,NOT_APPLICABLE,,NOT_APPLICABLE,,VERIFIED,UNRESOLVED,,461450,UNRESOLVED,,no existing verified Player Research closure
player_season/114,player_season,2020-21,,430367,,,NOT_APPLICABLE,,NOT_APPLICABLE,,NOT_APPLICABLE,,VERIFIED,UNRESOLVED,,430367,UNRESOLVED,,no existing verified Player Research closure
player_season/115,player_season,2020-21,,105666,,,NOT_APPLICABLE,,NOT_APPLICABLE,,NOT_APPLICABLE,,VERIFIED,UNRESOLVED,,105666,UNRESOLVED,,no existing verified Player Research closure
player_season/116,player_season,2020-21,,20066,,,NOT_APPLICABLE,,NOT_APPLICABLE,,NOT_APPLICABLE,,VERIFIED,UNRESOLVED,,20066,UNRESOLVED,,no existing verified Player Research closure
player_season/117,player_season,2020-21,,42525,,,NOT_APPLICABLE,,NOT_APPLICABLE,,NOT_APPLICABLE,,VERIFIED,UNRESOLVED,,42525,UNRESOLVED,,no existing verified Player Research closure
player_season/118,player_season,2020-21,,40836,,,NOT_APPLICABLE,,NOT_APPLICABLE,,NOT_APPLICABLE,,VERIFIED,UNRESOLVED,,40836,UNRESOLVED,,no existing verified Player Research closure
player_season/119,player_season,2020-21,,55494,,,NOT_APPLICABLE,,NOT_APPLICABLE,,NOT_APPLICABLE,,VERIFIED,UNRESOLVED,,55494,UNRESOLVED,,no existing verified Player Research closure
player_season/120,player_season,2020-21,,74230,,,NOT_APPLICABLE,,NOT_APPLICABLE,,NOT_APPLICABLE,,VERIFIED,UNRESOLVED,,74230,UNRESOLVED,,no existing verified Player Research closure
player_season/121,player_season,2020-21,,49413,,,NOT_APPLICABLE,,NOT_APPLICABLE,,NOT_APPLICABLE,,VERIFIED,UNRESOLVED,,49413,UNRESOLVED,,no existing verified Player Research closure
player_season/122,player_season,2020-21,,19188,,,NOT_APPLICABLE,,NOT_APPLICABLE,,NOT_APPLICABLE,,VERIFIED,UNRESOLVED,,19188,UNRESOLVED,,no existing verified Player Research closure
player_season/123,player_season,2020-21,,40784,,,NOT_APPLICABLE,,NOT_APPLICABLE,,NOT_APPLICABLE,,VERIFIED,UNRESOLVED,,40784,UNRESOLVED,,no existing verified Player Research closure
player_season/124,player_season,2020-21,,57328,,,NOT_APPLICABLE,,NOT_APPLICABLE,,NOT_APPLICABLE,,VERIFIED,UNRESOLVED,,57328,UNRESOLVED,,no existing verified Player Research closure
player_season/125,player_season,2020-21,,19419,,,NOT_APPLICABLE,,NOT_APPLICABLE,,NOT_APPLICABLE,,VERIFIED,UNRESOLVED,,19419,UNRESOLVED,,no existing verified Player Research closure
player_season/126,player_season,2020-21,,244723,,,NOT_APPLICABLE,,NOT_APPLICABLE,,NOT_APPLICABLE,,VERIFIED,UNRESOLVED,,244723,UNRESOLVED,,no existing verified Player Research closure
player_season/127,player_season,2020-21,,58786,,,NOT_APPLICABLE,,NOT_APPLICABLE,,NOT_APPLICABLE,,VERIFIED,UNRESOLVED,,58786,UNRESOLVED,,no existing verified Player Research closure
player_season/128,player_season,2020-21,,221272,,,NOT_APPLICABLE,,NOT_APPLICABLE,,NOT_APPLICABLE,,VERIFIED,UNRESOLVED,,221272,UNRESOLVED,,no existing verified Player Research closure
player_season/129,player_season,2020-21,,223824,,,NOT_APPLICABLE,,NOT_APPLICABLE,,NOT_APPLICABLE,,VERIFIED,UNRESOLVED,,223824,UNRESOLVED,,no existing verified Player Research closure
player_season/130,player_season,2020-21,,66975,,,NOT_APPLICABLE,,NOT_APPLICABLE,,NOT_APPLICABLE,,VERIFIED,UNRESOLVED,,66975,UNRESOLVED,,no existing verified Player Research closure
player_season/131,player_season,2020-21,,55037,,,NOT_APPLICABLE,,NOT_APPLICABLE,,NOT_APPLICABLE,,VERIFIED,UNRESOLVED,,55037,UNRESOLVED,,no existing verified Player Research closure
player_season/132,player_season,2020-21,,60252,,,NOT_APPLICABLE,,NOT_APPLICABLE,,NOT_APPLICABLE,,VERIFIED,UNRESOLVED,,60252,UNRESOLVED,,no existing verified Player Research closure
player_season/133,player_season,2020-21,,86417,,,NOT_APPLICABLE,,NOT_APPLICABLE,,NOT_APPLICABLE,,VERIFIED,UNRESOLVED,,86417,UNRESOLVED,,no existing verified Player Research closure
player_season/134,player_season,2020-21,,50471,,,NOT_APPLICABLE,,NOT_APPLICABLE,,NOT_APPLICABLE,,VERIFIED,UNRESOLVED,,50471,UNRESOLVED,,no existing verified Player Research closure
player_season/135,player_season,2020-21,,50472,,,NOT_APPLICABLE,,NOT_APPLICABLE,,NOT_APPLICABLE,,VERIFIED,UNRESOLVED,,50472,UNRESOLVED,,no existing verified Player Research closure
player_season/136,player_season,2020-21,,232413,,,NOT_APPLICABLE,,NOT_APPLICABLE,,NOT_APPLICABLE,,VERIFIED,UNRESOLVED,,232413,UNRESOLVED,,no existing verified Player Research closure
player_season/137,player_season,2020-21,,450542,,,NOT_APPLICABLE,,NOT_APPLICABLE,,NOT_APPLICABLE,,VERIFIED,UNRESOLVED,,450542,UNRESOLVED,,no existing verified Player Research closure
player_season/138,player_season,2020-21,,173954,,,NOT_APPLICABLE,,NOT_APPLICABLE,,NOT_APPLICABLE,,VERIFIED,UNRESOLVED,,173954,UNRESOLVED,,no existing verified Player Research closure
player_season/139,player_season,2020-21,,80146,,,NOT_APPLICABLE,,NOT_APPLICABLE,,NOT_APPLICABLE,,VERIFIED,UNRESOLVED,,80146,UNRESOLVED,,no existing verified Player Research closure
player_season/140,player_season,2020-21,,82403,,,NOT_APPLICABLE,,NOT_APPLICABLE,,NOT_APPLICABLE,,VERIFIED,UNRESOLVED,,82403,UNRESOLVED,,no existing verified Player Research closure
player_season/141,player_season,2020-21,,231747,,,NOT_APPLICABLE,,NOT_APPLICABLE,,NOT_APPLICABLE,,VERIFIED,UNRESOLVED,,231747,UNRESOLVED,,no existing verified Player Research closure
player_season/142,player_season,2020-21,,54861,,,NOT_APPLICABLE,,NOT_APPLICABLE,,NOT_APPLICABLE,,VERIFIED,UNRESOLVED,,54861,UNRESOLVED,,no existing verified Player Research closure
player_season/143,player_season,2020-21,,59125,,,NOT_APPLICABLE,,NOT_APPLICABLE,,NOT_APPLICABLE,,VERIFIED,UNRESOLVED,,59125,UNRESOLVED,,no existing verified Player Research closure
player_season/144,player_season,2020-21,,94245,,,NOT_APPLICABLE,,NOT_APPLICABLE,,NOT_APPLICABLE,,VERIFIED,UNRESOLVED,,94245,UNRESOLVED,,no existing verified Player Research closure
player_season/145,player_season,2020-21,,109745,,,NOT_APPLICABLE,,NOT_APPLICABLE,,NOT_APPLICABLE,,VERIFIED,UNRESOLVED,,109745,UNRESOLVED,,no existing verified Player Research closure
player_season/146,player_season,2020-21,,20310,,,NOT_APPLICABLE,,NOT_APPLICABLE,,NOT_APPLICABLE,,VERIFIED,UNRESOLVED,,20310,UNRESOLVED,,no existing verified Player Research closure
player_season/147,player_season,2020-21,,228286,,,NOT_APPLICABLE,,NOT_APPLICABLE,,NOT_APPLICABLE,,VERIFIED,UNRESOLVED,,228286,UNRESOLVED,,no existing verified Player Research closure
player_season/148,player_season,2020-21,,431019,,,NOT_APPLICABLE,,NOT_APPLICABLE,,NOT_APPLICABLE,,VERIFIED,UNRESOLVED,,431019,UNRESOLVED,,no existing verified Player Research closure
player_season/149,player_season,2020-21,,102380,,,NOT_APPLICABLE,,NOT_APPLICABLE,,NOT_APPLICABLE,,VERIFIED,UNRESOLVED,,102380,UNRESOLVED,,no existing verified Player Research closure
player_season/150,player_season,2020-21,,82263,,,NOT_APPLICABLE,,NOT_APPLICABLE,,NOT_APPLICABLE,,VERIFIED,UNRESOLVED,,82263,UNRESOLVED,,no existing verified Player Research closure
player_season/151,player_season,2020-21,,135363,,,NOT_APPLICABLE,,NOT_APPLICABLE,,NOT_APPLICABLE,,VERIFIED,UNRESOLVED,,135363,UNRESOLVED,,no existing verified Player Research closure
player_season/152,player_season,2020-21,,51090,,,NOT_APPLICABLE,,NOT_APPLICABLE,,NOT_APPLICABLE,,VERIFIED,UNRESOLVED,,51090,UNRESOLVED,,no existing verified Player Research closure
player_season/153,player_season,2020-21,,103192,,,NOT_APPLICABLE,,NOT_APPLICABLE,,NOT_APPLICABLE,,VERIFIED,UNRESOLVED,,103192,UNRESOLVED,,no existing verified Player Research closure
player_season/154,player_season,2020-21,,172850,,,NOT_APPLICABLE,,NOT_APPLICABLE,,NOT_APPLICABLE,,VERIFIED,UNRESOLVED,,172850,UNRESOLVED,,no existing verified Player Research closure
player_season/155,player_season,2020-21,,225796,,,NOT_APPLICABLE,,NOT_APPLICABLE,,NOT_APPLICABLE,,VERIFIED,UNRESOLVED,,225796,UNRESOLVED,,no existing verified Player Research closure
player_season/156,player_season,2020-21,,41328,,,NOT_APPLICABLE,,NOT_APPLICABLE,,NOT_APPLICABLE,,VERIFIED,UNRESOLVED,,41328,UNRESOLVED,,no existing verified Player Research closure
player_season/157,player_season,2020-21,,109533,,,NOT_APPLICABLE,,NOT_APPLICABLE,,NOT_APPLICABLE,,VERIFIED,UNRESOLVED,,109533,UNRESOLVED,,no existing verified Player Research closure
player_season/158,player_season,2020-21,,441191,,,NOT_APPLICABLE,,NOT_APPLICABLE,,NOT_APPLICABLE,,VERIFIED,UNRESOLVED,,441191,UNRESOLVED,,no existing verified Player Research closure
player_season/159,player_season,2020-21,,85955,,,NOT_APPLICABLE,,NOT_APPLICABLE,,NOT_APPLICABLE,,VERIFIED,UNRESOLVED,,85955,UNRESOLVED,,no existing verified Player Research closure
player_season/160,player_season,2020-21,,116594,,,NOT_APPLICABLE,,NOT_APPLICABLE,,NOT_APPLICABLE,,VERIFIED,UNRESOLVED,,116594,UNRESOLVED,,no existing verified Player Research closure
player_season/161,player_season,2020-21,,176413,,,NOT_APPLICABLE,,NOT_APPLICABLE,,NOT_APPLICABLE,,VERIFIED,UNRESOLVED,,176413,UNRESOLVED,,no existing verified Player Research closure
player_season/162,player_season,2020-21,,91651,,,NOT_APPLICABLE,,NOT_APPLICABLE,,NOT_APPLICABLE,,VERIFIED,UNRESOLVED,,91651,UNRESOLVED,,no existing verified Player Research closure
player_season/163,player_season,2020-21,,184341,,,NOT_APPLICABLE,,NOT_APPLICABLE,,NOT_APPLICABLE,,VERIFIED,UNRESOLVED,,184341,UNRESOLVED,,no existing verified Player Research closure
player_season/164,player_season,2020-21,,124183,,,NOT_APPLICABLE,,NOT_APPLICABLE,,NOT_APPLICABLE,,VERIFIED,UNRESOLVED,,124183,UNRESOLVED,,no existing verified Player Research closure
player_season/165,player_season,2020-21,,243568,,,NOT_APPLICABLE,,NOT_APPLICABLE,,NOT_APPLICABLE,,VERIFIED,UNRESOLVED,,243568,UNRESOLVED,,no existing verified Player Research closure
player_season/166,player_season,2020-21,,219847,,,NOT_APPLICABLE,,NOT_APPLICABLE,,NOT_APPLICABLE,,VERIFIED,UNRESOLVED,,219847,UNRESOLVED,,no existing verified Player Research closure
player_season/167,player_season,2020-21,,223332,,,NOT_APPLICABLE,,NOT_APPLICABLE,,NOT_APPLICABLE,,VERIFIED,UNRESOLVED,,223332,UNRESOLVED,,no existing verified Player Research closure
player_season/168,player_season,2020-21,,173879,,,NOT_APPLICABLE,,NOT_APPLICABLE,,NOT_APPLICABLE,,VERIFIED,UNRESOLVED,,173879,UNRESOLVED,,no existing verified Player Research closure
player_season/169,player_season,2020-21,,165153,,,NOT_APPLICABLE,,NOT_APPLICABLE,,NOT_APPLICABLE,,VERIFIED,UNRESOLVED,,165153,UNRESOLVED,,no existing verified Player Research closure
player_season/170,player_season,2020-21,,44346,,,NOT_APPLICABLE,,NOT_APPLICABLE,,NOT_APPLICABLE,,VERIFIED,UNRESOLVED,,44346,UNRESOLVED,,no existing verified Player Research closure
player_season/171,player_season,2020-21,,209046,,,NOT_APPLICABLE,,NOT_APPLICABLE,,NOT_APPLICABLE,,VERIFIED,UNRESOLVED,,209046,UNRESOLVED,,no existing verified Player Research closure
player_season/172,player_season,2020-21,,111234,,,NOT_APPLICABLE,,NOT_APPLICABLE,,NOT_APPLICABLE,,VERIFIED,UNRESOLVED,,111234,UNRESOLVED,,no existing verified Player Research closure
player_season/173,player_season,2020-21,,222627,,,NOT_APPLICABLE,,NOT_APPLICABLE,,NOT_APPLICABLE,,VERIFIED,UNRESOLVED,,222627,UNRESOLVED,,no existing verified Player Research closure
player_season/174,player_season,2020-21,,111782,,,NOT_APPLICABLE,,NOT_APPLICABLE,,NOT_APPLICABLE,,VERIFIED,UNRESOLVED,,111782,UNRESOLVED,,no existing verified Player Research closure
player_season/175,player_season,2020-21,,447325,,,NOT_APPLICABLE,,NOT_APPLICABLE,,NOT_APPLICABLE,,VERIFIED,UNRESOLVED,,447325,UNRESOLVED,,no existing verified Player Research closure
player_season/176,player_season,2020-21,,194164,,,NOT_APPLICABLE,,NOT_APPLICABLE,,NOT_APPLICABLE,,VERIFIED,UNRESOLVED,,194164,UNRESOLVED,,no existing verified Player Research closure
player_season/177,player_season,2020-21,,106611,,,NOT_APPLICABLE,,NOT_APPLICABLE,,NOT_APPLICABLE,,VERIFIED,UNRESOLVED,,106611,UNRESOLVED,,no existing verified Player Research closure
player_season/178,player_season,2020-21,,101188,,,NOT_APPLICABLE,,NOT_APPLICABLE,,NOT_APPLICABLE,,VERIFIED,UNRESOLVED,,101188,UNRESOLVED,,no existing verified Player Research closure
player_season/179,player_season,2020-21,,164511,,,NOT_APPLICABLE,,NOT_APPLICABLE,,NOT_APPLICABLE,,VERIFIED,UNRESOLVED,,164511,UNRESOLVED,,no existing verified Player Research closure
player_season/180,player_season,2020-21,,495542,,,NOT_APPLICABLE,,NOT_APPLICABLE,,NOT_APPLICABLE,,VERIFIED,UNRESOLVED,,495542,UNRESOLVED,,no existing verified Player Research closure
player_season/181,player_season,2020-21,,198826,,,NOT_APPLICABLE,,NOT_APPLICABLE,,NOT_APPLICABLE,,VERIFIED,UNRESOLVED,,198826,UNRESOLVED,,no existing verified Player Research closure
player_season/182,player_season,2020-21,,59949,,,NOT_APPLICABLE,,NOT_APPLICABLE,,NOT_APPLICABLE,,VERIFIED,UNRESOLVED,,59949,UNRESOLVED,,no existing verified Player Research closure
player_season/183,player_season,2020-21,,422612,,,NOT_APPLICABLE,,NOT_APPLICABLE,,NOT_APPLICABLE,,VERIFIED,UNRESOLVED,,422612,UNRESOLVED,,no existing verified Player Research closure
player_season/184,player_season,2020-21,,232829,,,NOT_APPLICABLE,,NOT_APPLICABLE,,NOT_APPLICABLE,,VERIFIED,UNRESOLVED,,232829,UNRESOLVED,,no existing verified Player Research closure
player_season/185,player_season,2020-21,,474907,,,NOT_APPLICABLE,,NOT_APPLICABLE,,NOT_APPLICABLE,,VERIFIED,UNRESOLVED,,474907,UNRESOLVED,,no existing verified Player Research closure
player_season/186,player_season,2020-21,,119765,,,NOT_APPLICABLE,,NOT_APPLICABLE,,NOT_APPLICABLE,,VERIFIED,UNRESOLVED,,119765,UNRESOLVED,,no existing verified Player Research closure
player_season/187,player_season,2020-21,,41823,,,NOT_APPLICABLE,,NOT_APPLICABLE,,NOT_APPLICABLE,,VERIFIED,UNRESOLVED,,41823,UNRESOLVED,,no existing verified Player Research closure
player_season/188,player_season,2020-21,,55422,,,NOT_APPLICABLE,,NOT_APPLICABLE,,NOT_APPLICABLE,,VERIFIED,UNRESOLVED,,55422,UNRESOLVED,,no existing verified Player Research closure
player_season/189,player_season,2020-21,,121599,,,NOT_APPLICABLE,,NOT_APPLICABLE,,NOT_APPLICABLE,,VERIFIED,UNRESOLVED,,121599,UNRESOLVED,,no existing verified Player Research closure
player_season/190,player_season,2020-21,,60025,,,NOT_APPLICABLE,,NOT_APPLICABLE,,NOT_APPLICABLE,,VERIFIED,UNRESOLVED,,60025,UNRESOLVED,,no existing verified Player Research closure
player_season/191,player_season,2020-21,,120250,,,NOT_APPLICABLE,,NOT_APPLICABLE,,NOT_APPLICABLE,,VERIFIED,UNRESOLVED,,120250,UNRESOLVED,,no existing verified Player Research closure
player_season/192,player_season,2020-21,,160987,,,NOT_APPLICABLE,,NOT_APPLICABLE,,NOT_APPLICABLE,,VERIFIED,UNRESOLVED,,160987,UNRESOLVED,,no existing verified Player Research closure
player_season/193,player_season,2020-21,,173807,,,NOT_APPLICABLE,,NOT_APPLICABLE,,NOT_APPLICABLE,,VERIFIED,UNRESOLVED,,173807,UNRESOLVED,,no existing verified Player Research closure
player_season/194,player_season,2020-21,,173818,,,NOT_APPLICABLE,,NOT_APPLICABLE,,NOT_APPLICABLE,,VERIFIED,UNRESOLVED,,173818,UNRESOLVED,,no existing verified Player Research closure
player_season/195,player_season,2020-21,,491559,,,NOT_APPLICABLE,,NOT_APPLICABLE,,NOT_APPLICABLE,,VERIFIED,UNRESOLVED,,491559,UNRESOLVED,,no existing verified Player Research closure
player_season/196,player_season,2020-21,,461446,,,NOT_APPLICABLE,,NOT_APPLICABLE,,NOT_APPLICABLE,,VERIFIED,UNRESOLVED,,461446,UNRESOLVED,,no existing verified Player Research closure
player_season/197,player_season,2020-21,,212319,,,NOT_APPLICABLE,,NOT_APPLICABLE,,NOT_APPLICABLE,,VERIFIED,UNRESOLVED,,212319,UNRESOLVED,,no existing verified Player Research closure
player_season/198,player_season,2020-21,,177815,,,NOT_APPLICABLE,,NOT_APPLICABLE,,NOT_APPLICABLE,,VERIFIED,UNRESOLVED,,177815,UNRESOLVED,,no existing verified Player Research closure
player_season/199,player_season,2020-21,,78007,,,NOT_APPLICABLE,,NOT_APPLICABLE,,NOT_APPLICABLE,,VERIFIED,UNRESOLVED,,78007,UNRESOLVED,,no existing verified Player Research closure
player_season/200,player_season,2020-21,,153133,,,NOT_APPLICABLE,,NOT_APPLICABLE,,NOT_APPLICABLE,,VERIFIED,UNRESOLVED,,153133,UNRESOLVED,,no existing verified Player Research closure
player_season/201,player_season,2020-21,,100649,,,NOT_APPLICABLE,,NOT_APPLICABLE,,NOT_APPLICABLE,,VERIFIED,UNRESOLVED,,100649,UNRESOLVED,,no existing verified Player Research closure
player_season/202,player_season,2020-21,,84182,,,NOT_APPLICABLE,,NOT_APPLICABLE,,NOT_APPLICABLE,,VERIFIED,UNRESOLVED,,84182,UNRESOLVED,,no existing verified Player Research closure
player_season/203,player_season,2020-21,,155529,,,NOT_APPLICABLE,,NOT_APPLICABLE,,NOT_APPLICABLE,,VERIFIED,UNRESOLVED,,155529,UNRESOLVED,,no existing verified Player Research closure
player_season/204,player_season,2020-21,,40559,,,NOT_APPLICABLE,,NOT_APPLICABLE,,NOT_APPLICABLE,,VERIFIED,UNRESOLVED,,40559,UNRESOLVED,,no existing verified Player Research closure
player_season/205,player_season,2020-21,,167074,,,NOT_APPLICABLE,,NOT_APPLICABLE,,NOT_APPLICABLE,,VERIFIED,UNRESOLVED,,167074,UNRESOLVED,,no existing verified Player Research closure
player_season/206,player_season,2020-21,,84915,,,NOT_APPLICABLE,,NOT_APPLICABLE,,NOT_APPLICABLE,,VERIFIED,UNRESOLVED,,84915,UNRESOLVED,,no existing verified Player Research closure
player_season/207,player_season,2020-21,,72681,,,NOT_APPLICABLE,,NOT_APPLICABLE,,NOT_APPLICABLE,,VERIFIED,UNRESOLVED,,72681,UNRESOLVED,,no existing verified Player Research closure
player_season/208,player_season,2020-21,,174874,,,NOT_APPLICABLE,,NOT_APPLICABLE,,NOT_APPLICABLE,,VERIFIED,UNRESOLVED,,174874,UNRESOLVED,,no existing verified Player Research closure
player_season/209,player_season,2020-21,,82514,,,NOT_APPLICABLE,,NOT_APPLICABLE,,NOT_APPLICABLE,,VERIFIED,UNRESOLVED,,82514,UNRESOLVED,,no existing verified Player Research closure
player_season/210,player_season,2020-21,,109646,,,NOT_APPLICABLE,,NOT_APPLICABLE,,NOT_APPLICABLE,,VERIFIED,UNRESOLVED,,109646,UNRESOLVED,,no existing verified Player Research closure
player_season/211,player_season,2020-21,,101105,,,NOT_APPLICABLE,,NOT_APPLICABLE,,NOT_APPLICABLE,,VERIFIED,UNRESOLVED,,101105,UNRESOLVED,,no existing verified Player Research closure
player_season/212,player_season,2020-21,,109434,,,NOT_APPLICABLE,,NOT_APPLICABLE,,NOT_APPLICABLE,,VERIFIED,UNRESOLVED,,109434,UNRESOLVED,,no existing verified Player Research closure
player_season/213,player_season,2020-21,,169528,,,NOT_APPLICABLE,,NOT_APPLICABLE,,NOT_APPLICABLE,,VERIFIED,UNRESOLVED,,169528,UNRESOLVED,,no existing verified Player Research closure
player_season/214,player_season,2020-21,,159506,,,NOT_APPLICABLE,,NOT_APPLICABLE,,NOT_APPLICABLE,,VERIFIED,UNRESOLVED,,159506,UNRESOLVED,,no existing verified Player Research closure
player_season/215,player_season,2020-21,,76357,,,NOT_APPLICABLE,,NOT_APPLICABLE,,NOT_APPLICABLE,,VERIFIED,UNRESOLVED,,76357,UNRESOLVED,,no existing verified Player Research closure
player_season/216,player_season,2020-21,,126187,,,NOT_APPLICABLE,,NOT_APPLICABLE,,NOT_APPLICABLE,,VERIFIED,UNRESOLVED,,126187,UNRESOLVED,,no existing verified Player Research closure
player_season/217,player_season,2020-21,,151086,,,NOT_APPLICABLE,,NOT_APPLICABLE,,NOT_APPLICABLE,,VERIFIED,UNRESOLVED,,151086,UNRESOLVED,,no existing verified Player Research closure
player_season/218,player_season,2020-21,,153366,,,NOT_APPLICABLE,,NOT_APPLICABLE,,NOT_APPLICABLE,,VERIFIED,UNRESOLVED,,153366,UNRESOLVED,,no existing verified Player Research closure
player_season/219,player_season,2020-21,,168765,,,NOT_APPLICABLE,,NOT_APPLICABLE,,NOT_APPLICABLE,,VERIFIED,UNRESOLVED,,168765,UNRESOLVED,,no existing verified Player Research closure
player_season/220,player_season,2020-21,,203325,,,NOT_APPLICABLE,,NOT_APPLICABLE,,NOT_APPLICABLE,,VERIFIED,UNRESOLVED,,203325,UNRESOLVED,,no existing verified Player Research closure
player_season/221,player_season,2020-21,,432931,,,NOT_APPLICABLE,,NOT_APPLICABLE,,NOT_APPLICABLE,,VERIFIED,UNRESOLVED,,432931,UNRESOLVED,,no existing verified Player Research closure
player_season/222,player_season,2020-21,,244858,,,NOT_APPLICABLE,,NOT_APPLICABLE,,NOT_APPLICABLE,,VERIFIED,UNRESOLVED,,244858,UNRESOLVED,,no existing verified Player Research closure
player_season/223,player_season,2020-21,,128389,,,NOT_APPLICABLE,,NOT_APPLICABLE,,NOT_APPLICABLE,,VERIFIED,UNRESOLVED,,128389,UNRESOLVED,,no existing verified Player Research closure
player_season/224,player_season,2020-21,,96994,,,NOT_APPLICABLE,,NOT_APPLICABLE,,NOT_APPLICABLE,,VERIFIED,UNRESOLVED,,96994,UNRESOLVED,,no existing verified Player Research closure
player_season/225,player_season,2020-21,,166324,,,NOT_APPLICABLE,,NOT_APPLICABLE,,NOT_APPLICABLE,,VERIFIED,UNRESOLVED,,166324,UNRESOLVED,,no existing verified Player Research closure
player_season/226,player_season,2020-21,,219352,,,NOT_APPLICABLE,,NOT_APPLICABLE,,NOT_APPLICABLE,,VERIFIED,UNRESOLVED,,219352,UNRESOLVED,,no existing verified Player Research closure
player_season/227,player_season,2020-21,,195480,,,NOT_APPLICABLE,,NOT_APPLICABLE,,NOT_APPLICABLE,,VERIFIED,UNRESOLVED,,195480,UNRESOLVED,,no existing verified Player Research closure
player_season/228,player_season,2020-21,,223335,,,NOT_APPLICABLE,,NOT_APPLICABLE,,NOT_APPLICABLE,,VERIFIED,UNRESOLVED,,223335,UNRESOLVED,,no existing verified Player Research closure
player_season/229,player_season,2020-21,,437495,,,NOT_APPLICABLE,,NOT_APPLICABLE,,NOT_APPLICABLE,,VERIFIED,UNRESOLVED,,437495,UNRESOLVED,,no existing verified Player Research closure
player_season/230,player_season,2020-21,,39790,,,NOT_APPLICABLE,,NOT_APPLICABLE,,NOT_APPLICABLE,,VERIFIED,UNRESOLVED,,39790,UNRESOLVED,,no existing verified Player Research closure
player_season/231,player_season,2020-21,,463912,,,NOT_APPLICABLE,,NOT_APPLICABLE,,NOT_APPLICABLE,,VERIFIED,UNRESOLVED,,463912,UNRESOLVED,,no existing verified Player Research closure
player_season/232,player_season,2020-21,,66588,,,NOT_APPLICABLE,,NOT_APPLICABLE,,NOT_APPLICABLE,,VERIFIED,UNRESOLVED,,66588,UNRESOLVED,,no existing verified Player Research closure
player_season/233,player_season,2020-21,,193645,,,NOT_APPLICABLE,,NOT_APPLICABLE,,NOT_APPLICABLE,,VERIFIED,UNRESOLVED,,193645,UNRESOLVED,,no existing verified Player Research closure
player_season/234,player_season,2020-21,,55914,,,NOT_APPLICABLE,,NOT_APPLICABLE,,NOT_APPLICABLE,,VERIFIED,UNRESOLVED,,55914,UNRESOLVED,,no existing verified Player Research closure
player_season/235,player_season,2020-21,,149915,,,NOT_APPLICABLE,,NOT_APPLICABLE,,NOT_APPLICABLE,,VERIFIED,UNRESOLVED,,149915,UNRESOLVED,,no existing verified Player Research closure
player_season/236,player_season,2020-21,,222694,,,NOT_APPLICABLE,,NOT_APPLICABLE,,NOT_APPLICABLE,,VERIFIED,UNRESOLVED,,222694,UNRESOLVED,,no existing verified Player Research closure
player_season/237,player_season,2020-21,,455084,,,NOT_APPLICABLE,,NOT_APPLICABLE,,NOT_APPLICABLE,,VERIFIED,UNRESOLVED,,455084,UNRESOLVED,,no existing verified Player Research closure
player_season/238,player_season,2020-21,,38588,,,NOT_APPLICABLE,,NOT_APPLICABLE,,NOT_APPLICABLE,,VERIFIED,UNRESOLVED,,38588,UNRESOLVED,,no existing verified Player Research closure
player_season/239,player_season,2020-21,,492373,,,NOT_APPLICABLE,,NOT_APPLICABLE,,NOT_APPLICABLE,,VERIFIED,UNRESOLVED,,492373,UNRESOLVED,,no existing verified Player Research closure
player_season/240,player_season,2020-21,,433590,,,NOT_APPLICABLE,,NOT_APPLICABLE,,NOT_APPLICABLE,,VERIFIED,UNRESOLVED,,433590,UNRESOLVED,,no existing verified Player Research closure
player_season/241,player_season,2020-21,,467114,,,NOT_APPLICABLE,,NOT_APPLICABLE,,NOT_APPLICABLE,,VERIFIED,UNRESOLVED,,467114,UNRESOLVED,,no existing verified Player Research closure
player_season/242,player_season,2020-21,,105377,,,NOT_APPLICABLE,,NOT_APPLICABLE,,NOT_APPLICABLE,,VERIFIED,UNRESOLVED,,105377,UNRESOLVED,,no existing verified Player Research closure
player_season/243,player_season,2020-21,,87873,,,NOT_APPLICABLE,,NOT_APPLICABLE,,NOT_APPLICABLE,,VERIFIED,UNRESOLVED,,87873,UNRESOLVED,,no existing verified Player Research closure
player_season/244,player_season,2020-21,,28690,,,NOT_APPLICABLE,,NOT_APPLICABLE,,NOT_APPLICABLE,,VERIFIED,UNRESOLVED,,28690,UNRESOLVED,,no existing verified Player Research closure
player_season/245,player_season,2020-21,,221399,,,NOT_APPLICABLE,,NOT_APPLICABLE,,NOT_APPLICABLE,,VERIFIED,UNRESOLVED,,221399,UNRESOLVED,,no existing verified Player Research closure
player_season/246,player_season,2020-21,,155405,,,NOT_APPLICABLE,,NOT_APPLICABLE,,NOT_APPLICABLE,,VERIFIED,UNRESOLVED,,155405,UNRESOLVED,,no existing verified Player Research closure
player_season/247,player_season,2020-21,,450070,,,NOT_APPLICABLE,,NOT_APPLICABLE,,NOT_APPLICABLE,,VERIFIED,UNRESOLVED,,450070,UNRESOLVED,,no existing verified Player Research closure
player_season/248,player_season,2020-21,,72222,,,NOT_APPLICABLE,,NOT_APPLICABLE,,NOT_APPLICABLE,,VERIFIED,UNRESOLVED,,72222,UNRESOLVED,,no existing verified Player Research closure
player_season/249,player_season,2020-21,,221610,,,NOT_APPLICABLE,,NOT_APPLICABLE,,NOT_APPLICABLE,,VERIFIED,UNRESOLVED,,221610,UNRESOLVED,,no existing verified Player Research closure
player_season/250,player_season,2020-21,,492374,,,NOT_APPLICABLE,,NOT_APPLICABLE,,NOT_APPLICABLE,,VERIFIED,UNRESOLVED,,492374,UNRESOLVED,,no existing verified Player Research closure
player_season/251,player_season,2020-21,,215460,,,NOT_APPLICABLE,,NOT_APPLICABLE,,NOT_APPLICABLE,,VERIFIED,UNRESOLVED,,215460,UNRESOLVED,,no existing verified Player Research closure
player_season/252,player_season,2020-21,,106617,,,NOT_APPLICABLE,,NOT_APPLICABLE,,NOT_APPLICABLE,,VERIFIED,UNRESOLVED,,106617,UNRESOLVED,,no existing verified Player Research closure
player_season/253,player_season,2020-21,,173821,,,NOT_APPLICABLE,,NOT_APPLICABLE,,NOT_APPLICABLE,,VERIFIED,UNRESOLVED,,173821,UNRESOLVED,,no existing verified Player Research closure
player_season/254,player_season,2020-21,,165808,,,NOT_APPLICABLE,,NOT_APPLICABLE,,NOT_APPLICABLE,,VERIFIED,UNRESOLVED,,165808,UNRESOLVED,,no existing verified Player Research closure
player_season/255,player_season,2020-21,,219961,,,NOT_APPLICABLE,,NOT_APPLICABLE,,NOT_APPLICABLE,,VERIFIED,UNRESOLVED,,219961,UNRESOLVED,,no existing verified Player Research closure
player_season/256,player_season,2020-21,,80954,,,NOT_APPLICABLE,,NOT_APPLICABLE,,NOT_APPLICABLE,,VERIFIED,UNRESOLVED,,80954,UNRESOLVED,,no existing verified Player Research closure
player_season/257,player_season,2020-21,,462635,,,NOT_APPLICABLE,,NOT_APPLICABLE,,NOT_APPLICABLE,,VERIFIED,UNRESOLVED,,462635,UNRESOLVED,,no existing verified Player Research closure
player_season/258,player_season,2020-21,,248937,,,NOT_APPLICABLE,,NOT_APPLICABLE,,NOT_APPLICABLE,,VERIFIED,UNRESOLVED,,248937,UNRESOLVED,,no existing verified Player Research closure
player_season/259,player_season,2020-21,,492066,,,NOT_APPLICABLE,,NOT_APPLICABLE,,NOT_APPLICABLE,,VERIFIED,UNRESOLVED,,492066,UNRESOLVED,,no existing verified Player Research closure
player_season/260,player_season,2020-21,,17745,,,NOT_APPLICABLE,,NOT_APPLICABLE,,NOT_APPLICABLE,,VERIFIED,UNRESOLVED,,17745,UNRESOLVED,,no existing verified Player Research closure
player_season/261,player_season,2020-21,,95463,,,NOT_APPLICABLE,,NOT_APPLICABLE,,NOT_APPLICABLE,,VERIFIED,UNRESOLVED,,95463,UNRESOLVED,,no existing verified Player Research closure
player_season/262,player_season,2020-21,,220627,,,NOT_APPLICABLE,,NOT_APPLICABLE,,NOT_APPLICABLE,,VERIFIED,UNRESOLVED,,220627,UNRESOLVED,,no existing verified Player Research closure
player_season/263,player_season,2020-21,,444463,,,NOT_APPLICABLE,,NOT_APPLICABLE,,NOT_APPLICABLE,,VERIFIED,UNRESOLVED,,444463,UNRESOLVED,,no existing verified Player Research closure
player_season/264,player_season,2020-21,,218031,,,NOT_APPLICABLE,,NOT_APPLICABLE,,NOT_APPLICABLE,,VERIFIED,UNRESOLVED,,218031,UNRESOLVED,,no existing verified Player Research closure
player_season/265,player_season,2020-21,,15033,,,NOT_APPLICABLE,,NOT_APPLICABLE,,NOT_APPLICABLE,,VERIFIED,UNRESOLVED,,15033,UNRESOLVED,,no existing verified Player Research closure
player_season/266,player_season,2020-21,,37642,,,NOT_APPLICABLE,,NOT_APPLICABLE,,NOT_APPLICABLE,,VERIFIED,UNRESOLVED,,37642,UNRESOLVED,,no existing verified Player Research closure
player_season/267,player_season,2020-21,,155569,,,NOT_APPLICABLE,,NOT_APPLICABLE,,NOT_APPLICABLE,,VERIFIED,UNRESOLVED,,155569,UNRESOLVED,,no existing verified Player Research closure
player_season/268,player_season,2020-21,,111931,,,NOT_APPLICABLE,,NOT_APPLICABLE,,NOT_APPLICABLE,,VERIFIED,UNRESOLVED,,111931,UNRESOLVED,,no existing verified Player Research closure
player_season/269,player_season,2020-21,,166477,,,NOT_APPLICABLE,,NOT_APPLICABLE,,NOT_APPLICABLE,,VERIFIED,UNRESOLVED,,166477,UNRESOLVED,,no existing verified Player Research closure
player_season/270,player_season,2020-21,,37402,,,NOT_APPLICABLE,,NOT_APPLICABLE,,NOT_APPLICABLE,,VERIFIED,UNRESOLVED,,37402,UNRESOLVED,,no existing verified Player Research closure
player_season/271,player_season,2020-21,,244619,,,NOT_APPLICABLE,,NOT_APPLICABLE,,NOT_APPLICABLE,,VERIFIED,UNRESOLVED,,244619,UNRESOLVED,,no existing verified Player Research closure
player_season/272,player_season,2020-21,,232229,,,NOT_APPLICABLE,,NOT_APPLICABLE,,NOT_APPLICABLE,,VERIFIED,UNRESOLVED,,232229,UNRESOLVED,,no existing verified Player Research closure
player_season/273,player_season,2020-21,,166989,,,NOT_APPLICABLE,,NOT_APPLICABLE,,NOT_APPLICABLE,,VERIFIED,UNRESOLVED,,166989,UNRESOLVED,,no existing verified Player Research closure
player_season/274,player_season,2020-21,,172780,,,NOT_APPLICABLE,,NOT_APPLICABLE,,NOT_APPLICABLE,,VERIFIED,UNRESOLVED,,172780,UNRESOLVED,,no existing verified Player Research closure
player_season/275,player_season,2020-21,,51938,,,NOT_APPLICABLE,,NOT_APPLICABLE,,NOT_APPLICABLE,,VERIFIED,UNRESOLVED,,51938,UNRESOLVED,,no existing verified Player Research closure
player_season/276,player_season,2020-21,,201666,,,NOT_APPLICABLE,,NOT_APPLICABLE,,NOT_APPLICABLE,,VERIFIED,UNRESOLVED,,201666,UNRESOLVED,,no existing verified Player Research closure
player_season/277,player_season,2020-21,,228798,,,NOT_APPLICABLE,,NOT_APPLICABLE,,NOT_APPLICABLE,,VERIFIED,UNRESOLVED,,228798,UNRESOLVED,,no existing verified Player Research closure
player_season/278,player_season,2020-21,,197469,,,NOT_APPLICABLE,,NOT_APPLICABLE,,NOT_APPLICABLE,,VERIFIED,UNRESOLVED,,197469,UNRESOLVED,,no existing verified Player Research closure
player_season/279,player_season,2020-21,,86881,,,NOT_APPLICABLE,,NOT_APPLICABLE,,NOT_APPLICABLE,,VERIFIED,UNRESOLVED,,86881,UNRESOLVED,,no existing verified Player Research closure
player_season/280,player_season,2020-21,,203341,,,NOT_APPLICABLE,,NOT_APPLICABLE,,NOT_APPLICABLE,,VERIFIED,UNRESOLVED,,203341,UNRESOLVED,,no existing verified Player Research closure
player_season/281,player_season,2020-21,,106837,,,NOT_APPLICABLE,,NOT_APPLICABLE,,NOT_APPLICABLE,,VERIFIED,UNRESOLVED,,106837,UNRESOLVED,,no existing verified Player Research closure
player_season/282,player_season,2020-21,,232881,,,NOT_APPLICABLE,,NOT_APPLICABLE,,NOT_APPLICABLE,,VERIFIED,UNRESOLVED,,232881,UNRESOLVED,,no existing verified Player Research closure
player_season/283,player_season,2020-21,,421796,,,NOT_APPLICABLE,,NOT_APPLICABLE,,NOT_APPLICABLE,,VERIFIED,UNRESOLVED,,421796,UNRESOLVED,,no existing verified Player Research closure
player_season/284,player_season,2020-21,,447373,,,NOT_APPLICABLE,,NOT_APPLICABLE,,NOT_APPLICABLE,,VERIFIED,UNRESOLVED,,447373,UNRESOLVED,,no existing verified Player Research closure
player_season/285,player_season,2020-21,,513789,,,NOT_APPLICABLE,,NOT_APPLICABLE,,NOT_APPLICABLE,,VERIFIED,UNRESOLVED,,513789,UNRESOLVED,,no existing verified Player Research closure
player_season/286,player_season,2020-21,,461585,,,NOT_APPLICABLE,,NOT_APPLICABLE,,NOT_APPLICABLE,,VERIFIED,UNRESOLVED,,461585,UNRESOLVED,,no existing verified Player Research closure
player_season/287,player_season,2020-21,,101668,,,NOT_APPLICABLE,,NOT_APPLICABLE,,NOT_APPLICABLE,,VERIFIED,UNRESOLVED,,101668,UNRESOLVED,,no existing verified Player Research closure
player_season/288,player_season,2020-21,,173515,,,NOT_APPLICABLE,,NOT_APPLICABLE,,NOT_APPLICABLE,,VERIFIED,UNRESOLVED,,173515,UNRESOLVED,,no existing verified Player Research closure
player_season/289,player_season,2020-21,,168580,,,NOT_APPLICABLE,,NOT_APPLICABLE,,NOT_APPLICABLE,,VERIFIED,UNRESOLVED,,168580,UNRESOLVED,,no existing verified Player Research closure
player_season/290,player_season,2020-21,,116535,,,NOT_APPLICABLE,,NOT_APPLICABLE,,NOT_APPLICABLE,,VERIFIED,UNRESOLVED,,116535,UNRESOLVED,,no existing verified Player Research closure
player_season/291,player_season,2020-21,,60706,,,NOT_APPLICABLE,,NOT_APPLICABLE,,NOT_APPLICABLE,,VERIFIED,UNRESOLVED,,60706,UNRESOLVED,,no existing verified Player Research closure
player_season/292,player_season,2020-21,,200720,,,NOT_APPLICABLE,,NOT_APPLICABLE,,NOT_APPLICABLE,,VERIFIED,UNRESOLVED,,200720,UNRESOLVED,,no existing verified Player Research closure
player_season/293,player_season,2020-21,,490138,,,NOT_APPLICABLE,,NOT_APPLICABLE,,NOT_APPLICABLE,,VERIFIED,UNRESOLVED,,490138,UNRESOLVED,,no existing verified Player Research closure
player_season/294,player_season,2020-21,,433019,,,NOT_APPLICABLE,,NOT_APPLICABLE,,NOT_APPLICABLE,,VERIFIED,UNRESOLVED,,433019,UNRESOLVED,,no existing verified Player Research closure
player_season/295,player_season,2020-21,,97032,,,NOT_APPLICABLE,,NOT_APPLICABLE,,NOT_APPLICABLE,,VERIFIED,UNRESOLVED,,97032,UNRESOLVED,,no existing verified Player Research closure
player_season/296,player_season,2020-21,,171287,,,NOT_APPLICABLE,,NOT_APPLICABLE,,NOT_APPLICABLE,,VERIFIED,UNRESOLVED,,171287,UNRESOLVED,,no existing verified Player Research closure
player_season/297,player_season,2020-21,,438277,,,NOT_APPLICABLE,,NOT_APPLICABLE,,NOT_APPLICABLE,,VERIFIED,UNRESOLVED,,438277,UNRESOLVED,,no existing verified Player Research closure
player_season/298,player_season,2020-21,,214285,,,NOT_APPLICABLE,,NOT_APPLICABLE,,NOT_APPLICABLE,,VERIFIED,UNRESOLVED,,214285,UNRESOLVED,,no existing verified Player Research closure
player_season/299,player_season,2020-21,,122798,,,NOT_APPLICABLE,,NOT_APPLICABLE,,NOT_APPLICABLE,,VERIFIED,UNRESOLVED,,122798,UNRESOLVED,,no existing verified Player Research closure
player_season/300,player_season,2020-21,,152898,,,NOT_APPLICABLE,,NOT_APPLICABLE,,NOT_APPLICABLE,,VERIFIED,UNRESOLVED,,152898,UNRESOLVED,,no existing verified Player Research closure
player_season/301,player_season,2020-21,,60914,,,NOT_APPLICABLE,,NOT_APPLICABLE,,NOT_APPLICABLE,,VERIFIED,UNRESOLVED,,60914,UNRESOLVED,,no existing verified Player Research closure
player_season/302,player_season,2020-21,,219937,,,NOT_APPLICABLE,,NOT_APPLICABLE,,NOT_APPLICABLE,,VERIFIED,UNRESOLVED,,219937,UNRESOLVED,,no existing verified Player Research closure
player_season/303,player_season,2020-21,,197464,,,NOT_APPLICABLE,,NOT_APPLICABLE,,NOT_APPLICABLE,,VERIFIED,UNRESOLVED,,197464,UNRESOLVED,,no existing verified Player Research closure
player_season/304,player_season,2020-21,,169187,,,NOT_APPLICABLE,,NOT_APPLICABLE,,NOT_APPLICABLE,,VERIFIED,UNRESOLVED,,169187,UNRESOLVED,,no existing verified Player Research closure
player_season/305,player_season,2020-21,,215136,,,NOT_APPLICABLE,,NOT_APPLICABLE,,NOT_APPLICABLE,,VERIFIED,UNRESOLVED,,215136,UNRESOLVED,,no existing verified Player Research closure
player_season/306,player_season,2020-21,,480818,,,NOT_APPLICABLE,,NOT_APPLICABLE,,NOT_APPLICABLE,,VERIFIED,UNRESOLVED,,480818,UNRESOLVED,,no existing verified Player Research closure
player_season/307,player_season,2020-21,,116643,,,NOT_APPLICABLE,,NOT_APPLICABLE,,NOT_APPLICABLE,,VERIFIED,UNRESOLVED,,116643,UNRESOLVED,,no existing verified Player Research closure
player_season/308,player_season,2020-21,,41733,,,NOT_APPLICABLE,,NOT_APPLICABLE,,NOT_APPLICABLE,,VERIFIED,UNRESOLVED,,41733,UNRESOLVED,,no existing verified Player Research closure
player_season/309,player_season,2020-21,,61558,,,NOT_APPLICABLE,,NOT_APPLICABLE,,NOT_APPLICABLE,,VERIFIED,UNRESOLVED,,61558,UNRESOLVED,,no existing verified Player Research closure
player_season/310,player_season,2020-21,,15157,,,NOT_APPLICABLE,,NOT_APPLICABLE,,NOT_APPLICABLE,,VERIFIED,UNRESOLVED,,15157,UNRESOLVED,,no existing verified Player Research closure
player_season/311,player_season,2020-21,,175592,,,NOT_APPLICABLE,,NOT_APPLICABLE,,NOT_APPLICABLE,,VERIFIED,UNRESOLVED,,175592,UNRESOLVED,,no existing verified Player Research closure
player_season/312,player_season,2020-21,,56979,,,NOT_APPLICABLE,,NOT_APPLICABLE,,NOT_APPLICABLE,,VERIFIED,UNRESOLVED,,56979,UNRESOLVED,,no existing verified Player Research closure
player_season/313,player_season,2020-21,,81880,,,NOT_APPLICABLE,,NOT_APPLICABLE,,NOT_APPLICABLE,,VERIFIED,UNRESOLVED,,81880,UNRESOLVED,,no existing verified Player Research closure
player_season/314,player_season,2020-21,,206915,,,NOT_APPLICABLE,,NOT_APPLICABLE,,NOT_APPLICABLE,,VERIFIED,UNRESOLVED,,206915,UNRESOLVED,,no existing verified Player Research closure
player_season/315,player_season,2020-21,,68312,,,NOT_APPLICABLE,,NOT_APPLICABLE,,NOT_APPLICABLE,,VERIFIED,UNRESOLVED,,68312,UNRESOLVED,,no existing verified Player Research closure
player_season/316,player_season,2020-21,,182436,,,NOT_APPLICABLE,,NOT_APPLICABLE,,NOT_APPLICABLE,,VERIFIED,UNRESOLVED,,182436,UNRESOLVED,,no existing verified Player Research closure
player_season/317,player_season,2020-21,,243343,,,NOT_APPLICABLE,,NOT_APPLICABLE,,NOT_APPLICABLE,,VERIFIED,UNRESOLVED,,243343,UNRESOLVED,,no existing verified Player Research closure
player_season/318,player_season,2020-21,,233489,,,NOT_APPLICABLE,,NOT_APPLICABLE,,NOT_APPLICABLE,,VERIFIED,UNRESOLVED,,233489,UNRESOLVED,,no existing verified Player Research closure
player_season/319,player_season,2020-21,,92217,,,NOT_APPLICABLE,,NOT_APPLICABLE,,NOT_APPLICABLE,,VERIFIED,UNRESOLVED,,92217,UNRESOLVED,,no existing verified Player Research closure
player_season/320,player_season,2020-21,,110979,,,NOT_APPLICABLE,,NOT_APPLICABLE,,NOT_APPLICABLE,,VERIFIED,UNRESOLVED,,110979,UNRESOLVED,,no existing verified Player Research closure
player_season/321,player_season,2020-21,,118748,,,NOT_APPLICABLE,,NOT_APPLICABLE,,NOT_APPLICABLE,,VERIFIED,UNRESOLVED,,118748,UNRESOLVED,,no existing verified Player Research closure
player_season/322,player_season,2020-21,,194634,,,NOT_APPLICABLE,,NOT_APPLICABLE,,NOT_APPLICABLE,,VERIFIED,UNRESOLVED,,194634,UNRESOLVED,,no existing verified Player Research closure
player_season/323,player_season,2020-21,,152760,,,NOT_APPLICABLE,,NOT_APPLICABLE,,NOT_APPLICABLE,,VERIFIED,UNRESOLVED,,152760,UNRESOLVED,,no existing verified Player Research closure
player_season/324,player_season,2020-21,,164484,,,NOT_APPLICABLE,,NOT_APPLICABLE,,NOT_APPLICABLE,,VERIFIED,UNRESOLVED,,164484,UNRESOLVED,,no existing verified Player Research closure
player_season/325,player_season,2020-21,,121160,,,NOT_APPLICABLE,,NOT_APPLICABLE,,NOT_APPLICABLE,,VERIFIED,UNRESOLVED,,121160,UNRESOLVED,,no existing verified Player Research closure
player_season/326,player_season,2020-21,,17601,,,NOT_APPLICABLE,,NOT_APPLICABLE,,NOT_APPLICABLE,,VERIFIED,UNRESOLVED,,17601,UNRESOLVED,,no existing verified Player Research closure
player_season/327,player_season,2020-21,,432720,,,NOT_APPLICABLE,,NOT_APPLICABLE,,NOT_APPLICABLE,,VERIFIED,UNRESOLVED,,432720,UNRESOLVED,,no existing verified Player Research closure
player_season/328,player_season,2020-21,,58621,,,NOT_APPLICABLE,,NOT_APPLICABLE,,NOT_APPLICABLE,,VERIFIED,UNRESOLVED,,58621,UNRESOLVED,,no existing verified Player Research closure
player_season/329,player_season,2020-21,,171314,,,NOT_APPLICABLE,,NOT_APPLICABLE,,NOT_APPLICABLE,,VERIFIED,UNRESOLVED,,171314,UNRESOLVED,,no existing verified Player Research closure
player_season/330,player_season,2020-21,,97299,,,NOT_APPLICABLE,,NOT_APPLICABLE,,NOT_APPLICABLE,,VERIFIED,UNRESOLVED,,97299,UNRESOLVED,,no existing verified Player Research closure
player_season/331,player_season,2020-21,,126184,,,NOT_APPLICABLE,,NOT_APPLICABLE,,NOT_APPLICABLE,,VERIFIED,UNRESOLVED,,126184,UNRESOLVED,,no existing verified Player Research closure
player_season/332,player_season,2020-21,,206325,,,NOT_APPLICABLE,,NOT_APPLICABLE,,NOT_APPLICABLE,,VERIFIED,UNRESOLVED,,206325,UNRESOLVED,,no existing verified Player Research closure
player_season/333,player_season,2020-21,,146941,,,NOT_APPLICABLE,,NOT_APPLICABLE,,NOT_APPLICABLE,,VERIFIED,UNRESOLVED,,146941,UNRESOLVED,,no existing verified Player Research closure
player_season/334,player_season,2020-21,,102826,,,NOT_APPLICABLE,,NOT_APPLICABLE,,NOT_APPLICABLE,,VERIFIED,UNRESOLVED,,102826,UNRESOLVED,,no existing verified Player Research closure
player_season/335,player_season,2020-21,,121145,,,NOT_APPLICABLE,,NOT_APPLICABLE,,NOT_APPLICABLE,,VERIFIED,UNRESOLVED,,121145,UNRESOLVED,,no existing verified Player Research closure
player_season/336,player_season,2020-21,,432656,,,NOT_APPLICABLE,,NOT_APPLICABLE,,NOT_APPLICABLE,,VERIFIED,UNRESOLVED,,432656,UNRESOLVED,,no existing verified Player Research closure
player_season/337,player_season,2020-21,,439510,,,NOT_APPLICABLE,,NOT_APPLICABLE,,NOT_APPLICABLE,,VERIFIED,UNRESOLVED,,439510,UNRESOLVED,,no existing verified Player Research closure
player_season/338,player_season,2020-21,,59859,,,NOT_APPLICABLE,,NOT_APPLICABLE,,NOT_APPLICABLE,,VERIFIED,UNRESOLVED,,59859,UNRESOLVED,,no existing verified Player Research closure
player_season/339,player_season,2020-21,,220566,,,NOT_APPLICABLE,,NOT_APPLICABLE,,NOT_APPLICABLE,,VERIFIED,UNRESOLVED,,220566,UNRESOLVED,,no existing verified Player Research closure
player_season/340,player_season,2020-21,,61366,,,NOT_APPLICABLE,,NOT_APPLICABLE,,NOT_APPLICABLE,,VERIFIED,UNRESOLVED,,61366,UNRESOLVED,,no existing verified Player Research closure
player_season/341,player_season,2020-21,,165809,,,NOT_APPLICABLE,,NOT_APPLICABLE,,NOT_APPLICABLE,,VERIFIED,UNRESOLVED,,165809,UNRESOLVED,,no existing verified Player Research closure
player_season/342,player_season,2020-21,,27789,,,NOT_APPLICABLE,,NOT_APPLICABLE,,NOT_APPLICABLE,,VERIFIED,UNRESOLVED,,27789,UNRESOLVED,,no existing verified Player Research closure
player_season/343,player_season,2020-21,,209244,,,NOT_APPLICABLE,,NOT_APPLICABLE,,NOT_APPLICABLE,,VERIFIED,UNRESOLVED,,209244,UNRESOLVED,,no existing verified Player Research closure
player_season/344,player_season,2020-21,,219265,,,NOT_APPLICABLE,,NOT_APPLICABLE,,NOT_APPLICABLE,,VERIFIED,UNRESOLVED,,219265,UNRESOLVED,,no existing verified Player Research closure
player_season/345,player_season,2020-21,,220394,,,NOT_APPLICABLE,,NOT_APPLICABLE,,NOT_APPLICABLE,,VERIFIED,UNRESOLVED,,220394,UNRESOLVED,,no existing verified Player Research closure
player_season/346,player_season,2020-21,,244851,,,NOT_APPLICABLE,,NOT_APPLICABLE,,NOT_APPLICABLE,,VERIFIED,UNRESOLVED,,244851,UNRESOLVED,,no existing verified Player Research closure
player_season/347,player_season,2020-21,,219291,,,NOT_APPLICABLE,,NOT_APPLICABLE,,NOT_APPLICABLE,,VERIFIED,UNRESOLVED,,219291,UNRESOLVED,,no existing verified Player Research closure
player_season/348,player_season,2020-21,,449926,,,NOT_APPLICABLE,,NOT_APPLICABLE,,NOT_APPLICABLE,,VERIFIED,UNRESOLVED,,449926,UNRESOLVED,,no existing verified Player Research closure
player_season/349,player_season,2020-21,,103955,,,NOT_APPLICABLE,,NOT_APPLICABLE,,NOT_APPLICABLE,,VERIFIED,UNRESOLVED,,103955,UNRESOLVED,,no existing verified Player Research closure
player_season/350,player_season,2020-21,,205651,,,NOT_APPLICABLE,,NOT_APPLICABLE,,NOT_APPLICABLE,,VERIFIED,UNRESOLVED,,205651,UNRESOLVED,,no existing verified Player Research closure
player_season/351,player_season,2020-21,,37572,,,NOT_APPLICABLE,,NOT_APPLICABLE,,NOT_APPLICABLE,,VERIFIED,UNRESOLVED,,37572,UNRESOLVED,,no existing verified Player Research closure
player_season/352,player_season,2020-21,,224444,,,NOT_APPLICABLE,,NOT_APPLICABLE,,NOT_APPLICABLE,,VERIFIED,UNRESOLVED,,224444,UNRESOLVED,,no existing verified Player Research closure
player_season/353,player_season,2020-21,,103025,,,NOT_APPLICABLE,,NOT_APPLICABLE,,NOT_APPLICABLE,,VERIFIED,UNRESOLVED,,103025,UNRESOLVED,,no existing verified Player Research closure
player_season/354,player_season,2020-21,,463034,,,NOT_APPLICABLE,,NOT_APPLICABLE,,NOT_APPLICABLE,,VERIFIED,UNRESOLVED,,463034,UNRESOLVED,,no existing verified Player Research closure
player_season/355,player_season,2020-21,,51940,,,NOT_APPLICABLE,,NOT_APPLICABLE,,NOT_APPLICABLE,,VERIFIED,UNRESOLVED,,51940,UNRESOLVED,,no existing verified Player Research closure
player_season/356,player_season,2020-21,,6744,,,NOT_APPLICABLE,,NOT_APPLICABLE,,NOT_APPLICABLE,,VERIFIED,UNRESOLVED,,6744,UNRESOLVED,,no existing verified Player Research closure
player_season/357,player_season,2020-21,,172649,,,NOT_APPLICABLE,,NOT_APPLICABLE,,NOT_APPLICABLE,,VERIFIED,UNRESOLVED,,172649,UNRESOLVED,,no existing verified Player Research closure
player_season/358,player_season,2020-21,,250370,,,NOT_APPLICABLE,,NOT_APPLICABLE,,NOT_APPLICABLE,,VERIFIED,UNRESOLVED,,250370,UNRESOLVED,,no existing verified Player Research closure
player_season/359,player_season,2020-21,,184667,,,NOT_APPLICABLE,,NOT_APPLICABLE,,NOT_APPLICABLE,,VERIFIED,UNRESOLVED,,184667,UNRESOLVED,,no existing verified Player Research closure
player_season/360,player_season,2020-21,,197365,,,NOT_APPLICABLE,,NOT_APPLICABLE,,NOT_APPLICABLE,,VERIFIED,UNRESOLVED,,197365,UNRESOLVED,,no existing verified Player Research closure
player_season/361,player_season,2020-21,,95658,,,NOT_APPLICABLE,,NOT_APPLICABLE,,NOT_APPLICABLE,,VERIFIED,UNRESOLVED,,95658,UNRESOLVED,,no existing verified Player Research closure
player_season/362,player_season,2020-21,,106760,,,NOT_APPLICABLE,,NOT_APPLICABLE,,NOT_APPLICABLE,,VERIFIED,UNRESOLVED,,106760,UNRESOLVED,,no existing verified Player Research closure
player_season/363,player_season,2020-21,,152590,,,NOT_APPLICABLE,,NOT_APPLICABLE,,NOT_APPLICABLE,,VERIFIED,UNRESOLVED,,152590,UNRESOLVED,,no existing verified Player Research closure
player_season/364,player_season,2020-21,,214590,,,NOT_APPLICABLE,,NOT_APPLICABLE,,NOT_APPLICABLE,,VERIFIED,UNRESOLVED,,214590,UNRESOLVED,,no existing verified Player Research closure
player_season/365,player_season,2020-21,,232937,,,NOT_APPLICABLE,,NOT_APPLICABLE,,NOT_APPLICABLE,,VERIFIED,UNRESOLVED,,232937,UNRESOLVED,,no existing verified Player Research closure
player_season/366,player_season,2020-21,,180804,,,NOT_APPLICABLE,,NOT_APPLICABLE,,NOT_APPLICABLE,,VERIFIED,UNRESOLVED,,180804,UNRESOLVED,,no existing verified Player Research closure
player_season/367,player_season,2020-21,,461566,,,NOT_APPLICABLE,,NOT_APPLICABLE,,NOT_APPLICABLE,,VERIFIED,UNRESOLVED,,461566,UNRESOLVED,,no existing verified Player Research closure
player_season/368,player_season,2020-21,,74208,,,NOT_APPLICABLE,,NOT_APPLICABLE,,NOT_APPLICABLE,,VERIFIED,UNRESOLVED,,74208,UNRESOLVED,,no existing verified Player Research closure
player_season/369,player_season,2020-21,,43670,,,NOT_APPLICABLE,,NOT_APPLICABLE,,NOT_APPLICABLE,,VERIFIED,UNRESOLVED,,43670,UNRESOLVED,,no existing verified Player Research closure
player_season/370,player_season,2020-21,,101582,,,NOT_APPLICABLE,,NOT_APPLICABLE,,NOT_APPLICABLE,,VERIFIED,UNRESOLVED,,101582,UNRESOLVED,,no existing verified Player Research closure
player_season/371,player_season,2020-21,,141746,,,NOT_APPLICABLE,,NOT_APPLICABLE,,NOT_APPLICABLE,,VERIFIED,UNRESOLVED,,141746,UNRESOLVED,,no existing verified Player Research closure
player_season/372,player_season,2020-21,,200617,,,NOT_APPLICABLE,,NOT_APPLICABLE,,NOT_APPLICABLE,,VERIFIED,UNRESOLVED,,200617,UNRESOLVED,,no existing verified Player Research closure
player_season/373,player_season,2020-21,,62398,,,NOT_APPLICABLE,,NOT_APPLICABLE,,NOT_APPLICABLE,,VERIFIED,UNRESOLVED,,62398,UNRESOLVED,,no existing verified Player Research closure
player_season/374,player_season,2020-21,,180184,,,NOT_APPLICABLE,,NOT_APPLICABLE,,NOT_APPLICABLE,,VERIFIED,UNRESOLVED,,180184,UNRESOLVED,,no existing verified Player Research closure
player_season/375,player_season,2020-21,,195851,,,NOT_APPLICABLE,,NOT_APPLICABLE,,NOT_APPLICABLE,,VERIFIED,UNRESOLVED,,195851,UNRESOLVED,,no existing verified Player Research closure
player_season/376,player_season,2020-21,,465527,,,NOT_APPLICABLE,,NOT_APPLICABLE,,NOT_APPLICABLE,,VERIFIED,UNRESOLVED,,465527,UNRESOLVED,,no existing verified Player Research closure
player_season/377,player_season,2020-21,,40720,,,NOT_APPLICABLE,,NOT_APPLICABLE,,NOT_APPLICABLE,,VERIFIED,UNRESOLVED,,40720,UNRESOLVED,,no existing verified Player Research closure
player_season/378,player_season,2020-21,,148225,,,NOT_APPLICABLE,,NOT_APPLICABLE,,NOT_APPLICABLE,,VERIFIED,UNRESOLVED,,148225,UNRESOLVED,,no existing verified Player Research closure
player_season/379,player_season,2020-21,,176297,,,NOT_APPLICABLE,,NOT_APPLICABLE,,NOT_APPLICABLE,,VERIFIED,UNRESOLVED,,176297,UNRESOLVED,,no existing verified Player Research closure
player_season/380,player_season,2020-21,,220688,,,NOT_APPLICABLE,,NOT_APPLICABLE,,NOT_APPLICABLE,,VERIFIED,UNRESOLVED,,220688,UNRESOLVED,,no existing verified Player Research closure
player_season/381,player_season,2020-21,,493250,,,NOT_APPLICABLE,,NOT_APPLICABLE,,NOT_APPLICABLE,,VERIFIED,UNRESOLVED,,493250,UNRESOLVED,,no existing verified Player Research closure
player_season/382,player_season,2020-21,,449434,,,NOT_APPLICABLE,,NOT_APPLICABLE,,NOT_APPLICABLE,,VERIFIED,UNRESOLVED,,449434,UNRESOLVED,,no existing verified Player Research closure
player_season/383,player_season,2020-21,,472464,,,NOT_APPLICABLE,,NOT_APPLICABLE,,NOT_APPLICABLE,,VERIFIED,UNRESOLVED,,472464,UNRESOLVED,,no existing verified Player Research closure
player_season/384,player_season,2020-21,,67089,,,NOT_APPLICABLE,,NOT_APPLICABLE,,NOT_APPLICABLE,,VERIFIED,UNRESOLVED,,67089,UNRESOLVED,,no existing verified Player Research closure
player_season/385,player_season,2020-21,,59735,,,NOT_APPLICABLE,,NOT_APPLICABLE,,NOT_APPLICABLE,,VERIFIED,UNRESOLVED,,59735,UNRESOLVED,,no existing verified Player Research closure
player_season/386,player_season,2020-21,,81441,,,NOT_APPLICABLE,,NOT_APPLICABLE,,NOT_APPLICABLE,,VERIFIED,UNRESOLVED,,81441,UNRESOLVED,,no existing verified Player Research closure
player_season/387,player_season,2020-21,,432927,,,NOT_APPLICABLE,,NOT_APPLICABLE,,NOT_APPLICABLE,,VERIFIED,UNRESOLVED,,432927,UNRESOLVED,,no existing verified Player Research closure
player_season/388,player_season,2020-21,,58845,,,NOT_APPLICABLE,,NOT_APPLICABLE,,NOT_APPLICABLE,,VERIFIED,UNRESOLVED,,58845,UNRESOLVED,,no existing verified Player Research closure
player_season/389,player_season,2020-21,,106618,,,NOT_APPLICABLE,,NOT_APPLICABLE,,NOT_APPLICABLE,,VERIFIED,UNRESOLVED,,106618,UNRESOLVED,,no existing verified Player Research closure
player_season/390,player_season,2020-21,,119471,,,NOT_APPLICABLE,,NOT_APPLICABLE,,NOT_APPLICABLE,,VERIFIED,UNRESOLVED,,119471,UNRESOLVED,,no existing verified Player Research closure
player_season/391,player_season,2020-21,,101148,,,NOT_APPLICABLE,,NOT_APPLICABLE,,NOT_APPLICABLE,,VERIFIED,UNRESOLVED,,101148,UNRESOLVED,,no existing verified Player Research closure
player_season/392,player_season,2020-21,,194799,,,NOT_APPLICABLE,,NOT_APPLICABLE,,NOT_APPLICABLE,,VERIFIED,UNRESOLVED,,194799,UNRESOLVED,,no existing verified Player Research closure
player_season/393,player_season,2020-21,,111773,,,NOT_APPLICABLE,,NOT_APPLICABLE,,NOT_APPLICABLE,,VERIFIED,UNRESOLVED,,111773,UNRESOLVED,,no existing verified Player Research closure
player_season/394,player_season,2020-21,,57145,,,NOT_APPLICABLE,,NOT_APPLICABLE,,NOT_APPLICABLE,,VERIFIED,UNRESOLVED,,57145,UNRESOLVED,,no existing verified Player Research closure
player_season/395,player_season,2020-21,,109528,,,NOT_APPLICABLE,,NOT_APPLICABLE,,NOT_APPLICABLE,,VERIFIED,UNRESOLVED,,109528,UNRESOLVED,,no existing verified Player Research closure
player_season/396,player_season,2020-21,,223175,,,NOT_APPLICABLE,,NOT_APPLICABLE,,NOT_APPLICABLE,,VERIFIED,UNRESOLVED,,223175,UNRESOLVED,,no existing verified Player Research closure
player_season/397,player_season,2020-21,,50232,,,NOT_APPLICABLE,,NOT_APPLICABLE,,NOT_APPLICABLE,,VERIFIED,UNRESOLVED,,50232,UNRESOLVED,,no existing verified Player Research closure
player_season/398,player_season,2020-21,,56983,,,NOT_APPLICABLE,,NOT_APPLICABLE,,NOT_APPLICABLE,,VERIFIED,UNRESOLVED,,56983,UNRESOLVED,,no existing verified Player Research closure
player_season/399,player_season,2020-21,,153127,,,NOT_APPLICABLE,,NOT_APPLICABLE,,NOT_APPLICABLE,,VERIFIED,UNRESOLVED,,153127,UNRESOLVED,,no existing verified Player Research closure
player_season/400,player_season,2020-21,,83314,,,NOT_APPLICABLE,,NOT_APPLICABLE,,NOT_APPLICABLE,,VERIFIED,UNRESOLVED,,83314,UNRESOLVED,,no existing verified Player Research closure
player_season/401,player_season,2020-21,,90105,,,NOT_APPLICABLE,,NOT_APPLICABLE,,NOT_APPLICABLE,,VERIFIED,UNRESOLVED,,90105,UNRESOLVED,,no existing verified Player Research closure
player_season/402,player_season,2020-21,,114243,,,NOT_APPLICABLE,,NOT_APPLICABLE,,NOT_APPLICABLE,,VERIFIED,UNRESOLVED,,114243,UNRESOLVED,,no existing verified Player Research closure
player_season/403,player_season,2020-21,,179018,,,NOT_APPLICABLE,,NOT_APPLICABLE,,NOT_APPLICABLE,,VERIFIED,UNRESOLVED,,179018,UNRESOLVED,,no existing verified Player Research closure
player_season/404,player_season,2020-21,,200089,,,NOT_APPLICABLE,,NOT_APPLICABLE,,NOT_APPLICABLE,,VERIFIED,UNRESOLVED,,200089,UNRESOLVED,,no existing verified Player Research closure
player_season/405,player_season,2020-21,,180135,,,NOT_APPLICABLE,,NOT_APPLICABLE,,NOT_APPLICABLE,,VERIFIED,UNRESOLVED,,180135,UNRESOLVED,,no existing verified Player Research closure
player_season/406,player_season,2020-21,,215379,,,NOT_APPLICABLE,,NOT_APPLICABLE,,NOT_APPLICABLE,,VERIFIED,UNRESOLVED,,215379,UNRESOLVED,,no existing verified Player Research closure
player_season/407,player_season,2020-21,,40142,,,NOT_APPLICABLE,,NOT_APPLICABLE,,NOT_APPLICABLE,,VERIFIED,UNRESOLVED,,40142,UNRESOLVED,,no existing verified Player Research closure
player_season/408,player_season,2020-21,,180974,,,NOT_APPLICABLE,,NOT_APPLICABLE,,NOT_APPLICABLE,,VERIFIED,UNRESOLVED,,180974,UNRESOLVED,,no existing verified Player Research closure
player_season/409,player_season,2020-21,,170137,,,NOT_APPLICABLE,,NOT_APPLICABLE,,NOT_APPLICABLE,,VERIFIED,UNRESOLVED,,170137,UNRESOLVED,,no existing verified Player Research closure
player_season/410,player_season,2020-21,,104547,,,NOT_APPLICABLE,,NOT_APPLICABLE,,NOT_APPLICABLE,,VERIFIED,UNRESOLVED,,104547,UNRESOLVED,,no existing verified Player Research closure
player_season/411,player_season,2020-21,,75115,,,NOT_APPLICABLE,,NOT_APPLICABLE,,NOT_APPLICABLE,,VERIFIED,UNRESOLVED,,75115,UNRESOLVED,,no existing verified Player Research closure
player_season/412,player_season,2020-21,,225321,,,NOT_APPLICABLE,,NOT_APPLICABLE,,NOT_APPLICABLE,,VERIFIED,UNRESOLVED,,225321,UNRESOLVED,,no existing verified Player Research closure
player_season/413,player_season,2020-21,,82143,,,NOT_APPLICABLE,,NOT_APPLICABLE,,NOT_APPLICABLE,,VERIFIED,UNRESOLVED,,82143,UNRESOLVED,,no existing verified Player Research closure
player_season/414,player_season,2020-21,,82691,,,NOT_APPLICABLE,,NOT_APPLICABLE,,NOT_APPLICABLE,,VERIFIED,UNRESOLVED,,82691,UNRESOLVED,,no existing verified Player Research closure
player_season/415,player_season,2020-21,,63426,,,NOT_APPLICABLE,,NOT_APPLICABLE,,NOT_APPLICABLE,,VERIFIED,UNRESOLVED,,63426,UNRESOLVED,,no existing verified Player Research closure
player_season/416,player_season,2020-21,,146610,,,NOT_APPLICABLE,,NOT_APPLICABLE,,NOT_APPLICABLE,,VERIFIED,UNRESOLVED,,146610,UNRESOLVED,,no existing verified Player Research closure
player_season/417,player_season,2020-21,,40386,,,NOT_APPLICABLE,,NOT_APPLICABLE,,NOT_APPLICABLE,,VERIFIED,UNRESOLVED,,40386,UNRESOLVED,,no existing verified Player Research closure
player_season/418,player_season,2020-21,,108416,,,NOT_APPLICABLE,,NOT_APPLICABLE,,NOT_APPLICABLE,,VERIFIED,UNRESOLVED,,108416,UNRESOLVED,,no existing verified Player Research closure
player_season/419,player_season,2020-21,,155197,,,NOT_APPLICABLE,,NOT_APPLICABLE,,NOT_APPLICABLE,,VERIFIED,UNRESOLVED,,155197,UNRESOLVED,,no existing verified Player Research closure
player_season/420,player_season,2020-21,,7645,,,NOT_APPLICABLE,,NOT_APPLICABLE,,NOT_APPLICABLE,,VERIFIED,UNRESOLVED,,7645,UNRESOLVED,,no existing verified Player Research closure
player_season/421,player_season,2020-21,,83427,,,NOT_APPLICABLE,,NOT_APPLICABLE,,NOT_APPLICABLE,,VERIFIED,UNRESOLVED,,83427,UNRESOLVED,,no existing verified Player Research closure
player_season/422,player_season,2020-21,,226182,,,NOT_APPLICABLE,,NOT_APPLICABLE,,NOT_APPLICABLE,,VERIFIED,UNRESOLVED,,226182,UNRESOLVED,,no existing verified Player Research closure
player_season/423,player_season,2020-21,,199598,,,NOT_APPLICABLE,,NOT_APPLICABLE,,NOT_APPLICABLE,,VERIFIED,UNRESOLVED,,199598,UNRESOLVED,,no existing verified Player Research closure
player_season/424,player_season,2020-21,,109638,,,NOT_APPLICABLE,,NOT_APPLICABLE,,NOT_APPLICABLE,,VERIFIED,UNRESOLVED,,109638,UNRESOLVED,,no existing verified Player Research closure
player_season/425,player_season,2020-21,,478449,,,NOT_APPLICABLE,,NOT_APPLICABLE,,NOT_APPLICABLE,,VERIFIED,UNRESOLVED,,478449,UNRESOLVED,,no existing verified Player Research closure
player_season/426,player_season,2020-21,,235640,,,NOT_APPLICABLE,,NOT_APPLICABLE,,NOT_APPLICABLE,,VERIFIED,UNRESOLVED,,235640,UNRESOLVED,,no existing verified Player Research closure
player_season/427,player_season,2020-21,,47247,,,NOT_APPLICABLE,,NOT_APPLICABLE,,NOT_APPLICABLE,,VERIFIED,UNRESOLVED,,47247,UNRESOLVED,,no existing verified Player Research closure
player_season/428,player_season,2020-21,,153723,,,NOT_APPLICABLE,,NOT_APPLICABLE,,NOT_APPLICABLE,,VERIFIED,UNRESOLVED,,153723,UNRESOLVED,,no existing verified Player Research closure
player_season/429,player_season,2020-21,,207189,,,NOT_APPLICABLE,,NOT_APPLICABLE,,NOT_APPLICABLE,,VERIFIED,UNRESOLVED,,207189,UNRESOLVED,,no existing verified Player Research closure
player_season/430,player_season,2020-21,,197937,,,NOT_APPLICABLE,,NOT_APPLICABLE,,NOT_APPLICABLE,,VERIFIED,UNRESOLVED,,197937,UNRESOLVED,,no existing verified Player Research closure
player_season/431,player_season,2020-21,,79934,,,NOT_APPLICABLE,,NOT_APPLICABLE,,NOT_APPLICABLE,,VERIFIED,UNRESOLVED,,79934,UNRESOLVED,,no existing verified Player Research closure
player_season/432,player_season,2020-21,,167878,,,NOT_APPLICABLE,,NOT_APPLICABLE,,NOT_APPLICABLE,,VERIFIED,UNRESOLVED,,167878,UNRESOLVED,,no existing verified Player Research closure
player_season/433,player_season,2020-21,,481371,,,NOT_APPLICABLE,,NOT_APPLICABLE,,NOT_APPLICABLE,,VERIFIED,UNRESOLVED,,481371,UNRESOLVED,,no existing verified Player Research closure
player_season/434,player_season,2020-21,,440993,,,NOT_APPLICABLE,,NOT_APPLICABLE,,NOT_APPLICABLE,,VERIFIED,UNRESOLVED,,440993,UNRESOLVED,,no existing verified Player Research closure
player_season/435,player_season,2020-21,,531076,,,NOT_APPLICABLE,,NOT_APPLICABLE,,NOT_APPLICABLE,,VERIFIED,UNRESOLVED,,531076,UNRESOLVED,,no existing verified Player Research closure
player_season/436,player_season,2020-21,,471848,,,NOT_APPLICABLE,,NOT_APPLICABLE,,NOT_APPLICABLE,,VERIFIED,UNRESOLVED,,471848,UNRESOLVED,,no existing verified Player Research closure
player_season/437,player_season,2020-21,,169432,,,NOT_APPLICABLE,,NOT_APPLICABLE,,NOT_APPLICABLE,,VERIFIED,UNRESOLVED,,169432,UNRESOLVED,,no existing verified Player Research closure
player_season/438,player_season,2020-21,,18867,,,NOT_APPLICABLE,,NOT_APPLICABLE,,NOT_APPLICABLE,,VERIFIED,UNRESOLVED,,18867,UNRESOLVED,,no existing verified Player Research closure
player_season/439,player_season,2020-21,,178304,,,NOT_APPLICABLE,,NOT_APPLICABLE,,NOT_APPLICABLE,,VERIFIED,UNRESOLVED,,178304,UNRESOLVED,,no existing verified Player Research closure
player_season/440,player_season,2020-21,,27436,,,NOT_APPLICABLE,,NOT_APPLICABLE,,NOT_APPLICABLE,,VERIFIED,UNRESOLVED,,27436,UNRESOLVED,,no existing verified Player Research closure
player_season/441,player_season,2020-21,,195473,,,NOT_APPLICABLE,,NOT_APPLICABLE,,NOT_APPLICABLE,,VERIFIED,UNRESOLVED,,195473,UNRESOLVED,,no existing verified Player Research closure
player_season/442,player_season,2020-21,,487836,,,NOT_APPLICABLE,,NOT_APPLICABLE,,NOT_APPLICABLE,,VERIFIED,UNRESOLVED,,487836,UNRESOLVED,,no existing verified Player Research closure
player_season/443,player_season,2020-21,,523700,,,NOT_APPLICABLE,,NOT_APPLICABLE,,NOT_APPLICABLE,,VERIFIED,UNRESOLVED,,523700,UNRESOLVED,,no existing verified Player Research closure
player_season/444,player_season,2020-21,,538207,,,NOT_APPLICABLE,,NOT_APPLICABLE,,NOT_APPLICABLE,,VERIFIED,UNRESOLVED,,538207,UNRESOLVED,,no existing verified Player Research closure
player_season/445,player_season,2020-21,,58376,,,NOT_APPLICABLE,,NOT_APPLICABLE,,NOT_APPLICABLE,,VERIFIED,UNRESOLVED,,58376,UNRESOLVED,,no existing verified Player Research closure
player_season/446,player_season,2020-21,,198044,,,NOT_APPLICABLE,,NOT_APPLICABLE,,NOT_APPLICABLE,,VERIFIED,UNRESOLVED,,198044,UNRESOLVED,,no existing verified Player Research closure
player_season/447,player_season,2020-21,,40383,,,NOT_APPLICABLE,,NOT_APPLICABLE,,NOT_APPLICABLE,,VERIFIED,UNRESOLVED,,40383,UNRESOLVED,,no existing verified Player Research closure
player_season/448,player_season,2020-21,,158534,,,NOT_APPLICABLE,,NOT_APPLICABLE,,NOT_APPLICABLE,,VERIFIED,UNRESOLVED,,158534,UNRESOLVED,,no existing verified Player Research closure
player_season/449,player_season,2020-21,,40146,,,NOT_APPLICABLE,,NOT_APPLICABLE,,NOT_APPLICABLE,,VERIFIED,UNRESOLVED,,40146,UNRESOLVED,,no existing verified Player Research closure
player_season/450,player_season,2020-21,,93100,,,NOT_APPLICABLE,,NOT_APPLICABLE,,NOT_APPLICABLE,,VERIFIED,UNRESOLVED,,93100,UNRESOLVED,,no existing verified Player Research closure
player_season/451,player_season,2020-21,,88900,,,NOT_APPLICABLE,,NOT_APPLICABLE,,NOT_APPLICABLE,,VERIFIED,UNRESOLVED,,88900,UNRESOLVED,,no existing verified Player Research closure
player_season/452,player_season,2020-21,,450527,,,NOT_APPLICABLE,,NOT_APPLICABLE,,NOT_APPLICABLE,,VERIFIED,UNRESOLVED,,450527,UNRESOLVED,,no existing verified Player Research closure
player_season/453,player_season,2020-21,,232797,,,NOT_APPLICABLE,,NOT_APPLICABLE,,NOT_APPLICABLE,,VERIFIED,UNRESOLVED,,232797,UNRESOLVED,,no existing verified Player Research closure
player_season/454,player_season,2020-21,,171771,,,NOT_APPLICABLE,,NOT_APPLICABLE,,NOT_APPLICABLE,,VERIFIED,UNRESOLVED,,171771,UNRESOLVED,,no existing verified Player Research closure
player_season/455,player_season,2020-21,,447093,,,NOT_APPLICABLE,,NOT_APPLICABLE,,NOT_APPLICABLE,,VERIFIED,UNRESOLVED,,447093,UNRESOLVED,,no existing verified Player Research closure
player_season/456,player_season,2020-21,,78056,,,NOT_APPLICABLE,,NOT_APPLICABLE,,NOT_APPLICABLE,,VERIFIED,UNRESOLVED,,78056,UNRESOLVED,,no existing verified Player Research closure
player_season/457,player_season,2020-21,,101178,,,NOT_APPLICABLE,,NOT_APPLICABLE,,NOT_APPLICABLE,,VERIFIED,UNRESOLVED,,101178,UNRESOLVED,,no existing verified Player Research closure
player_season/458,player_season,2020-21,,83283,,,NOT_APPLICABLE,,NOT_APPLICABLE,,NOT_APPLICABLE,,VERIFIED,UNRESOLVED,,83283,UNRESOLVED,,no existing verified Player Research closure
player_season/459,player_season,2020-21,,431131,,,NOT_APPLICABLE,,NOT_APPLICABLE,,NOT_APPLICABLE,,VERIFIED,UNRESOLVED,,431131,UNRESOLVED,,no existing verified Player Research closure
player_season/460,player_season,2020-21,,91047,,,NOT_APPLICABLE,,NOT_APPLICABLE,,NOT_APPLICABLE,,VERIFIED,UNRESOLVED,,91047,UNRESOLVED,,no existing verified Player Research closure
player_season/461,player_season,2020-21,,214466,,,NOT_APPLICABLE,,NOT_APPLICABLE,,NOT_APPLICABLE,,VERIFIED,UNRESOLVED,,214466,UNRESOLVED,,no existing verified Player Research closure
player_season/462,player_season,2020-21,,203389,,,NOT_APPLICABLE,,NOT_APPLICABLE,,NOT_APPLICABLE,,VERIFIED,UNRESOLVED,,203389,UNRESOLVED,,no existing verified Player Research closure
player_season/463,player_season,2020-21,,240143,,,NOT_APPLICABLE,,NOT_APPLICABLE,,NOT_APPLICABLE,,VERIFIED,UNRESOLVED,,240143,UNRESOLVED,,no existing verified Player Research closure
player_season/464,player_season,2020-21,,422306,,,NOT_APPLICABLE,,NOT_APPLICABLE,,NOT_APPLICABLE,,VERIFIED,UNRESOLVED,,422306,UNRESOLVED,,no existing verified Player Research closure
player_season/465,player_season,2020-21,,447372,,,NOT_APPLICABLE,,NOT_APPLICABLE,,NOT_APPLICABLE,,VERIFIED,UNRESOLVED,,447372,UNRESOLVED,,no existing verified Player Research closure
player_season/466,player_season,2020-21,,449781,,,NOT_APPLICABLE,,NOT_APPLICABLE,,NOT_APPLICABLE,,VERIFIED,UNRESOLVED,,449781,UNRESOLVED,,no existing verified Player Research closure
player_season/467,player_season,2020-21,,456966,,,NOT_APPLICABLE,,NOT_APPLICABLE,,NOT_APPLICABLE,,VERIFIED,UNRESOLVED,,456966,UNRESOLVED,,no existing verified Player Research closure
player_season/468,player_season,2020-21,,445896,,,NOT_APPLICABLE,,NOT_APPLICABLE,,NOT_APPLICABLE,,VERIFIED,UNRESOLVED,,445896,UNRESOLVED,,no existing verified Player Research closure
player_season/469,player_season,2020-21,,84939,,,NOT_APPLICABLE,,NOT_APPLICABLE,,NOT_APPLICABLE,,VERIFIED,UNRESOLVED,,84939,UNRESOLVED,,no existing verified Player Research closure
player_season/470,player_season,2020-21,,200439,,,NOT_APPLICABLE,,NOT_APPLICABLE,,NOT_APPLICABLE,,VERIFIED,UNRESOLVED,,200439,UNRESOLVED,,no existing verified Player Research closure
player_season/471,player_season,2020-21,,220598,,,NOT_APPLICABLE,,NOT_APPLICABLE,,NOT_APPLICABLE,,VERIFIED,UNRESOLVED,,220598,UNRESOLVED,,no existing verified Player Research closure
player_season/472,player_season,2020-21,,157882,,,NOT_APPLICABLE,,NOT_APPLICABLE,,NOT_APPLICABLE,,VERIFIED,UNRESOLVED,,157882,UNRESOLVED,,no existing verified Player Research closure
player_season/473,player_season,2020-21,,20467,,,NOT_APPLICABLE,,NOT_APPLICABLE,,NOT_APPLICABLE,,VERIFIED,UNRESOLVED,,20467,UNRESOLVED,,no existing verified Player Research closure
player_season/474,player_season,2020-21,,200088,,,NOT_APPLICABLE,,NOT_APPLICABLE,,NOT_APPLICABLE,,VERIFIED,UNRESOLVED,,200088,UNRESOLVED,,no existing verified Player Research closure
player_season/475,player_season,2020-21,,37915,,,NOT_APPLICABLE,,NOT_APPLICABLE,,NOT_APPLICABLE,,VERIFIED,UNRESOLVED,,37915,UNRESOLVED,,no existing verified Player Research closure
player_season/476,player_season,2020-21,,15749,,,NOT_APPLICABLE,,NOT_APPLICABLE,,NOT_APPLICABLE,,VERIFIED,UNRESOLVED,,15749,UNRESOLVED,,no existing verified Player Research closure
player_season/477,player_season,2020-21,,87835,,,NOT_APPLICABLE,,NOT_APPLICABLE,,NOT_APPLICABLE,,VERIFIED,UNRESOLVED,,87835,UNRESOLVED,,no existing verified Player Research closure
player_season/478,player_season,2020-21,,199249,,,NOT_APPLICABLE,,NOT_APPLICABLE,,NOT_APPLICABLE,,VERIFIED,UNRESOLVED,,199249,UNRESOLVED,,no existing verified Player Research closure
player_season/479,player_season,2020-21,,55605,,,NOT_APPLICABLE,,NOT_APPLICABLE,,NOT_APPLICABLE,,VERIFIED,UNRESOLVED,,55605,UNRESOLVED,,no existing verified Player Research closure
player_season/480,player_season,2020-21,,173904,,,NOT_APPLICABLE,,NOT_APPLICABLE,,NOT_APPLICABLE,,VERIFIED,UNRESOLVED,,173904,UNRESOLVED,,no existing verified Player Research closure
player_season/481,player_season,2020-21,,214225,,,NOT_APPLICABLE,,NOT_APPLICABLE,,NOT_APPLICABLE,,VERIFIED,UNRESOLVED,,214225,UNRESOLVED,,no existing verified Player Research closure
player_season/482,player_season,2020-21,,80226,,,NOT_APPLICABLE,,NOT_APPLICABLE,,NOT_APPLICABLE,,VERIFIED,UNRESOLVED,,80226,UNRESOLVED,,no existing verified Player Research closure
player_season/483,player_season,2020-21,,199584,,,NOT_APPLICABLE,,NOT_APPLICABLE,,NOT_APPLICABLE,,VERIFIED,UNRESOLVED,,199584,UNRESOLVED,,no existing verified Player Research closure
player_season/484,player_season,2020-21,,115556,,,NOT_APPLICABLE,,NOT_APPLICABLE,,NOT_APPLICABLE,,VERIFIED,UNRESOLVED,,115556,UNRESOLVED,,no existing verified Player Research closure
player_season/485,player_season,2020-21,,132015,,,NOT_APPLICABLE,,NOT_APPLICABLE,,NOT_APPLICABLE,,VERIFIED,UNRESOLVED,,132015,UNRESOLVED,,no existing verified Player Research closure
player_season/486,player_season,2020-21,,157668,,,NOT_APPLICABLE,,NOT_APPLICABLE,,NOT_APPLICABLE,,VERIFIED,UNRESOLVED,,157668,UNRESOLVED,,no existing verified Player Research closure
player_season/487,player_season,2020-21,,62974,,,NOT_APPLICABLE,,NOT_APPLICABLE,,NOT_APPLICABLE,,VERIFIED,UNRESOLVED,,62974,UNRESOLVED,,no existing verified Player Research closure
player_season/488,player_season,2020-21,,93264,,,NOT_APPLICABLE,,NOT_APPLICABLE,,NOT_APPLICABLE,,VERIFIED,UNRESOLVED,,93264,UNRESOLVED,,no existing verified Player Research closure
player_season/489,player_season,2020-21,,45268,,,NOT_APPLICABLE,,NOT_APPLICABLE,,NOT_APPLICABLE,,VERIFIED,UNRESOLVED,,45268,UNRESOLVED,,no existing verified Player Research closure
player_season/490,player_season,2020-21,,200826,,,NOT_APPLICABLE,,NOT_APPLICABLE,,NOT_APPLICABLE,,VERIFIED,UNRESOLVED,,200826,UNRESOLVED,,no existing verified Player Research closure
player_season/491,player_season,2020-21,,108823,,,NOT_APPLICABLE,,NOT_APPLICABLE,,NOT_APPLICABLE,,VERIFIED,UNRESOLVED,,108823,UNRESOLVED,,no existing verified Player Research closure
player_season/492,player_season,2020-21,,231372,,,NOT_APPLICABLE,,NOT_APPLICABLE,,NOT_APPLICABLE,,VERIFIED,UNRESOLVED,,231372,UNRESOLVED,,no existing verified Player Research closure
player_season/493,player_season,2020-21,,496179,,,NOT_APPLICABLE,,NOT_APPLICABLE,,NOT_APPLICABLE,,VERIFIED,UNRESOLVED,,496179,UNRESOLVED,,no existing verified Player Research closure
player_season/494,player_season,2020-21,,461212,,,NOT_APPLICABLE,,NOT_APPLICABLE,,NOT_APPLICABLE,,VERIFIED,UNRESOLVED,,461212,UNRESOLVED,,no existing verified Player Research closure
player_season/495,player_season,2020-21,,85971,,,NOT_APPLICABLE,,NOT_APPLICABLE,,NOT_APPLICABLE,,VERIFIED,UNRESOLVED,,85971,UNRESOLVED,,no existing verified Player Research closure
player_season/496,player_season,2020-21,,36903,,,NOT_APPLICABLE,,NOT_APPLICABLE,,NOT_APPLICABLE,,VERIFIED,UNRESOLVED,,36903,UNRESOLVED,,no existing verified Player Research closure
player_season/497,player_season,2020-21,,78830,,,NOT_APPLICABLE,,NOT_APPLICABLE,,NOT_APPLICABLE,,VERIFIED,UNRESOLVED,,78830,UNRESOLVED,,no existing verified Player Research closure
player_season/498,player_season,2020-21,,194252,,,NOT_APPLICABLE,,NOT_APPLICABLE,,NOT_APPLICABLE,,VERIFIED,UNRESOLVED,,194252,UNRESOLVED,,no existing verified Player Research closure
player_season/499,player_season,2020-21,,95715,,,NOT_APPLICABLE,,NOT_APPLICABLE,,NOT_APPLICABLE,,VERIFIED,UNRESOLVED,,95715,UNRESOLVED,,no existing verified Player Research closure
player_season/500,player_season,2020-21,,245824,,,NOT_APPLICABLE,,NOT_APPLICABLE,,NOT_APPLICABLE,,VERIFIED,UNRESOLVED,,245824,UNRESOLVED,,no existing verified Player Research closure
player_season/501,player_season,2020-21,,490145,,,NOT_APPLICABLE,,NOT_APPLICABLE,,NOT_APPLICABLE,,VERIFIED,UNRESOLVED,,490145,UNRESOLVED,,no existing verified Player Research closure
player_season/502,player_season,2020-21,,101982,,,NOT_APPLICABLE,,NOT_APPLICABLE,,NOT_APPLICABLE,,VERIFIED,UNRESOLVED,,101982,UNRESOLVED,,no existing verified Player Research closure
player_season/503,player_season,2020-21,,50093,,,NOT_APPLICABLE,,NOT_APPLICABLE,,NOT_APPLICABLE,,VERIFIED,UNRESOLVED,,50093,UNRESOLVED,,no existing verified Player Research closure
player_season/504,player_season,2020-21,,11948,,,NOT_APPLICABLE,,NOT_APPLICABLE,,NOT_APPLICABLE,,VERIFIED,UNRESOLVED,,11948,UNRESOLVED,,no existing verified Player Research closure
player_season/505,player_season,2020-21,,176420,,,NOT_APPLICABLE,,NOT_APPLICABLE,,NOT_APPLICABLE,,VERIFIED,UNRESOLVED,,176420,UNRESOLVED,,no existing verified Player Research closure
player_season/506,player_season,2020-21,,42427,,,NOT_APPLICABLE,,NOT_APPLICABLE,,NOT_APPLICABLE,,VERIFIED,UNRESOLVED,,42427,UNRESOLVED,,no existing verified Player Research closure
player_season/507,player_season,2020-21,,59940,,,NOT_APPLICABLE,,NOT_APPLICABLE,,NOT_APPLICABLE,,VERIFIED,UNRESOLVED,,59940,UNRESOLVED,,no existing verified Player Research closure
player_season/508,player_season,2020-21,,146426,,,NOT_APPLICABLE,,NOT_APPLICABLE,,NOT_APPLICABLE,,VERIFIED,UNRESOLVED,,146426,UNRESOLVED,,no existing verified Player Research closure
player_season/509,player_season,2020-21,,108053,,,NOT_APPLICABLE,,NOT_APPLICABLE,,NOT_APPLICABLE,,VERIFIED,UNRESOLVED,,108053,UNRESOLVED,,no existing verified Player Research closure
player_season/510,player_season,2020-21,,41135,,,NOT_APPLICABLE,,NOT_APPLICABLE,,NOT_APPLICABLE,,VERIFIED,UNRESOLVED,,41135,UNRESOLVED,,no existing verified Player Research closure
player_season/511,player_season,2020-21,,38716,,,NOT_APPLICABLE,,NOT_APPLICABLE,,NOT_APPLICABLE,,VERIFIED,UNRESOLVED,,38716,UNRESOLVED,,no existing verified Player Research closure
player_season/512,player_season,2020-21,,216616,,,NOT_APPLICABLE,,NOT_APPLICABLE,,NOT_APPLICABLE,,VERIFIED,UNRESOLVED,,216616,UNRESOLVED,,no existing verified Player Research closure
player_season/513,player_season,2020-21,,470255,,,NOT_APPLICABLE,,NOT_APPLICABLE,,NOT_APPLICABLE,,VERIFIED,UNRESOLVED,,470255,UNRESOLVED,,no existing verified Player Research closure
player_season/514,player_season,2020-21,,49944,,,NOT_APPLICABLE,,NOT_APPLICABLE,,NOT_APPLICABLE,,VERIFIED,UNRESOLVED,,49944,UNRESOLVED,,no existing verified Player Research closure
player_season/515,player_season,2020-21,,50229,,,NOT_APPLICABLE,,NOT_APPLICABLE,,NOT_APPLICABLE,,VERIFIED,UNRESOLVED,,50229,UNRESOLVED,,no existing verified Player Research closure
player_season/516,player_season,2020-21,,179830,,,NOT_APPLICABLE,,NOT_APPLICABLE,,NOT_APPLICABLE,,VERIFIED,UNRESOLVED,,179830,UNRESOLVED,,no existing verified Player Research closure
player_season/517,player_season,2020-21,,49957,,,NOT_APPLICABLE,,NOT_APPLICABLE,,NOT_APPLICABLE,,VERIFIED,UNRESOLVED,,49957,UNRESOLVED,,no existing verified Player Research closure
player_season/518,player_season,2020-21,,232787,,,NOT_APPLICABLE,,NOT_APPLICABLE,,NOT_APPLICABLE,,VERIFIED,UNRESOLVED,,232787,UNRESOLVED,,no existing verified Player Research closure
player_season/519,player_season,2020-21,,61600,,,NOT_APPLICABLE,,NOT_APPLICABLE,,NOT_APPLICABLE,,VERIFIED,UNRESOLVED,,61600,UNRESOLVED,,no existing verified Player Research closure
player_season/520,player_season,2020-21,,174593,,,NOT_APPLICABLE,,NOT_APPLICABLE,,NOT_APPLICABLE,,VERIFIED,UNRESOLVED,,174593,UNRESOLVED,,no existing verified Player Research closure
player_season/521,player_season,2020-21,,18987,,,NOT_APPLICABLE,,NOT_APPLICABLE,,NOT_APPLICABLE,,VERIFIED,UNRESOLVED,,18987,UNRESOLVED,,no existing verified Player Research closure
player_season/522,player_season,2020-21,,154043,,,NOT_APPLICABLE,,NOT_APPLICABLE,,NOT_APPLICABLE,,VERIFIED,UNRESOLVED,,154043,UNRESOLVED,,no existing verified Player Research closure
player_season/523,player_season,2020-21,,101394,,,NOT_APPLICABLE,,NOT_APPLICABLE,,NOT_APPLICABLE,,VERIFIED,UNRESOLVED,,101394,UNRESOLVED,,no existing verified Player Research closure
player_season/524,player_season,2020-21,,444575,,,NOT_APPLICABLE,,NOT_APPLICABLE,,NOT_APPLICABLE,,VERIFIED,UNRESOLVED,,444575,UNRESOLVED,,no existing verified Player Research closure
player_season/525,player_season,2020-21,,490094,,,NOT_APPLICABLE,,NOT_APPLICABLE,,NOT_APPLICABLE,,VERIFIED,UNRESOLVED,,490094,UNRESOLVED,,no existing verified Player Research closure
player_season/526,player_season,2020-21,,49440,,,NOT_APPLICABLE,,NOT_APPLICABLE,,NOT_APPLICABLE,,VERIFIED,UNRESOLVED,,49440,UNRESOLVED,,no existing verified Player Research closure
player_season/527,player_season,2020-21,,171975,,,NOT_APPLICABLE,,NOT_APPLICABLE,,NOT_APPLICABLE,,VERIFIED,UNRESOLVED,,171975,UNRESOLVED,,no existing verified Player Research closure
player_season/528,player_season,2020-21,,210407,,,NOT_APPLICABLE,,NOT_APPLICABLE,,NOT_APPLICABLE,,VERIFIED,UNRESOLVED,,210407,UNRESOLVED,,no existing verified Player Research closure
player_season/529,player_season,2020-21,,164011,,,NOT_APPLICABLE,,NOT_APPLICABLE,,NOT_APPLICABLE,,VERIFIED,UNRESOLVED,,164011,UNRESOLVED,,no existing verified Player Research closure
player_season/530,player_season,2020-21,,180294,,,NOT_APPLICABLE,,NOT_APPLICABLE,,NOT_APPLICABLE,,VERIFIED,UNRESOLVED,,180294,UNRESOLVED,,no existing verified Player Research closure
player_season/531,player_season,2020-21,,439242,,,NOT_APPLICABLE,,NOT_APPLICABLE,,NOT_APPLICABLE,,VERIFIED,UNRESOLVED,,439242,UNRESOLVED,,no existing verified Player Research closure
player_season/532,player_season,2020-21,,505265,,,NOT_APPLICABLE,,NOT_APPLICABLE,,NOT_APPLICABLE,,VERIFIED,UNRESOLVED,,505265,UNRESOLVED,,no existing verified Player Research closure
player_season/533,player_season,2020-21,,37096,,,NOT_APPLICABLE,,NOT_APPLICABLE,,NOT_APPLICABLE,,VERIFIED,UNRESOLVED,,37096,UNRESOLVED,,no existing verified Player Research closure
player_season/534,player_season,2020-21,,19194,,,NOT_APPLICABLE,,NOT_APPLICABLE,,NOT_APPLICABLE,,VERIFIED,UNRESOLVED,,19194,UNRESOLVED,,no existing verified Player Research closure
player_season/535,player_season,2020-21,,232398,,,NOT_APPLICABLE,,NOT_APPLICABLE,,NOT_APPLICABLE,,VERIFIED,UNRESOLVED,,232398,UNRESOLVED,,no existing verified Player Research closure
player_season/536,player_season,2020-21,,32259,,,NOT_APPLICABLE,,NOT_APPLICABLE,,NOT_APPLICABLE,,VERIFIED,UNRESOLVED,,32259,UNRESOLVED,,no existing verified Player Research closure
player_season/537,player_season,2020-21,,55459,,,NOT_APPLICABLE,,NOT_APPLICABLE,,NOT_APPLICABLE,,VERIFIED,UNRESOLVED,,55459,UNRESOLVED,,no existing verified Player Research closure
player_season/538,player_season,2020-21,,166640,,,NOT_APPLICABLE,,NOT_APPLICABLE,,NOT_APPLICABLE,,VERIFIED,UNRESOLVED,,166640,UNRESOLVED,,no existing verified Player Research closure
player_season/539,player_season,2020-21,,164555,,,NOT_APPLICABLE,,NOT_APPLICABLE,,NOT_APPLICABLE,,VERIFIED,UNRESOLVED,,164555,UNRESOLVED,,no existing verified Player Research closure
player_season/540,player_season,2020-21,,486870,,,NOT_APPLICABLE,,NOT_APPLICABLE,,NOT_APPLICABLE,,VERIFIED,UNRESOLVED,,486870,UNRESOLVED,,no existing verified Player Research closure
player_season/541,player_season,2020-21,,60232,,,NOT_APPLICABLE,,NOT_APPLICABLE,,NOT_APPLICABLE,,VERIFIED,UNRESOLVED,,60232,UNRESOLVED,,no existing verified Player Research closure
player_season/542,player_season,2020-21,,40669,,,NOT_APPLICABLE,,NOT_APPLICABLE,,NOT_APPLICABLE,,VERIFIED,UNRESOLVED,,40669,UNRESOLVED,,no existing verified Player Research closure
player_season/543,player_season,2020-21,,219924,,,NOT_APPLICABLE,,NOT_APPLICABLE,,NOT_APPLICABLE,,VERIFIED,UNRESOLVED,,219924,UNRESOLVED,,no existing verified Player Research closure
player_season/544,player_season,2020-21,,81012,,,NOT_APPLICABLE,,NOT_APPLICABLE,,NOT_APPLICABLE,,VERIFIED,UNRESOLVED,,81012,UNRESOLVED,,no existing verified Player Research closure
player_season/545,player_season,2020-21,,105717,,,NOT_APPLICABLE,,NOT_APPLICABLE,,NOT_APPLICABLE,,VERIFIED,UNRESOLVED,,105717,UNRESOLVED,,no existing verified Player Research closure
player_season/546,player_season,2020-21,,222018,,,NOT_APPLICABLE,,NOT_APPLICABLE,,NOT_APPLICABLE,,VERIFIED,UNRESOLVED,,222018,UNRESOLVED,,no existing verified Player Research closure
player_season/547,player_season,2020-21,,462384,,,NOT_APPLICABLE,,NOT_APPLICABLE,,NOT_APPLICABLE,,VERIFIED,UNRESOLVED,,462384,UNRESOLVED,,no existing verified Player Research closure
player_season/548,player_season,2020-21,,86934,,,NOT_APPLICABLE,,NOT_APPLICABLE,,NOT_APPLICABLE,,VERIFIED,UNRESOLVED,,86934,UNRESOLVED,,no existing verified Player Research closure
player_season/549,player_season,2020-21,,109322,,,NOT_APPLICABLE,,NOT_APPLICABLE,,NOT_APPLICABLE,,VERIFIED,UNRESOLVED,,109322,UNRESOLVED,,no existing verified Player Research closure
player_season/550,player_season,2020-21,,18073,,,NOT_APPLICABLE,,NOT_APPLICABLE,,NOT_APPLICABLE,,VERIFIED,UNRESOLVED,,18073,UNRESOLVED,,no existing verified Player Research closure
player_season/551,player_season,2020-21,,217593,,,NOT_APPLICABLE,,NOT_APPLICABLE,,NOT_APPLICABLE,,VERIFIED,UNRESOLVED,,217593,UNRESOLVED,,no existing verified Player Research closure
player_season/552,player_season,2020-21,,215439,,,NOT_APPLICABLE,,NOT_APPLICABLE,,NOT_APPLICABLE,,VERIFIED,UNRESOLVED,,215439,UNRESOLVED,,no existing verified Player Research closure
player_season/553,player_season,2020-21,,204480,,,NOT_APPLICABLE,,NOT_APPLICABLE,,NOT_APPLICABLE,,VERIFIED,UNRESOLVED,,204480,UNRESOLVED,,no existing verified Player Research closure
player_season/554,player_season,2020-21,,222017,,,NOT_APPLICABLE,,NOT_APPLICABLE,,NOT_APPLICABLE,,VERIFIED,UNRESOLVED,,222017,UNRESOLVED,,no existing verified Player Research closure
player_season/555,player_season,2020-21,,56377,,,NOT_APPLICABLE,,NOT_APPLICABLE,,NOT_APPLICABLE,,VERIFIED,UNRESOLVED,,56377,UNRESOLVED,,no existing verified Player Research closure
player_season/556,player_season,2020-21,,172841,,,NOT_APPLICABLE,,NOT_APPLICABLE,,NOT_APPLICABLE,,VERIFIED,UNRESOLVED,,172841,UNRESOLVED,,no existing verified Player Research closure
player_season/557,player_season,2020-21,,178186,,,NOT_APPLICABLE,,NOT_APPLICABLE,,NOT_APPLICABLE,,VERIFIED,UNRESOLVED,,178186,UNRESOLVED,,no existing verified Player Research closure
player_season/558,player_season,2020-21,,57531,,,NOT_APPLICABLE,,NOT_APPLICABLE,,NOT_APPLICABLE,,VERIFIED,UNRESOLVED,,57531,UNRESOLVED,,no existing verified Player Research closure
player_season/559,player_season,2020-21,,461533,,,NOT_APPLICABLE,,NOT_APPLICABLE,,NOT_APPLICABLE,,VERIFIED,UNRESOLVED,,461533,UNRESOLVED,,no existing verified Player Research closure
player_season/560,player_season,2020-21,,38533,,,NOT_APPLICABLE,,NOT_APPLICABLE,,NOT_APPLICABLE,,VERIFIED,UNRESOLVED,,38533,UNRESOLVED,,no existing verified Player Research closure
player_season/561,player_season,2020-21,,19236,,,NOT_APPLICABLE,,NOT_APPLICABLE,,NOT_APPLICABLE,,VERIFIED,UNRESOLVED,,19236,UNRESOLVED,,no existing verified Player Research closure
player_season/562,player_season,2020-21,,448487,,,NOT_APPLICABLE,,NOT_APPLICABLE,,NOT_APPLICABLE,,VERIFIED,UNRESOLVED,,448487,UNRESOLVED,,no existing verified Player Research closure
player_season/563,player_season,2020-21,,441271,,,NOT_APPLICABLE,,NOT_APPLICABLE,,NOT_APPLICABLE,,VERIFIED,UNRESOLVED,,441271,UNRESOLVED,,no existing verified Player Research closure
player_season/564,player_season,2020-21,,448514,,,NOT_APPLICABLE,,NOT_APPLICABLE,,NOT_APPLICABLE,,VERIFIED,UNRESOLVED,,448514,UNRESOLVED,,no existing verified Player Research closure
player_season/565,player_season,2020-21,,111291,,,NOT_APPLICABLE,,NOT_APPLICABLE,,NOT_APPLICABLE,,VERIFIED,UNRESOLVED,,111291,UNRESOLVED,,no existing verified Player Research closure
player_season/566,player_season,2020-21,,90585,,,NOT_APPLICABLE,,NOT_APPLICABLE,,NOT_APPLICABLE,,VERIFIED,UNRESOLVED,,90585,UNRESOLVED,,no existing verified Player Research closure
player_season/567,player_season,2020-21,,94147,,,NOT_APPLICABLE,,NOT_APPLICABLE,,NOT_APPLICABLE,,VERIFIED,UNRESOLVED,,94147,UNRESOLVED,,no existing verified Player Research closure
player_season/568,player_season,2020-21,,114128,,,NOT_APPLICABLE,,NOT_APPLICABLE,,NOT_APPLICABLE,,VERIFIED,UNRESOLVED,,114128,UNRESOLVED,,no existing verified Player Research closure
player_season/569,player_season,2020-21,,200402,,,NOT_APPLICABLE,,NOT_APPLICABLE,,NOT_APPLICABLE,,VERIFIED,UNRESOLVED,,200402,UNRESOLVED,,no existing verified Player Research closure
player_season/570,player_season,2020-21,,437688,,,NOT_APPLICABLE,,NOT_APPLICABLE,,NOT_APPLICABLE,,VERIFIED,UNRESOLVED,,437688,UNRESOLVED,,no existing verified Player Research closure
player_season/571,player_season,2020-21,,214048,,,NOT_APPLICABLE,,NOT_APPLICABLE,,NOT_APPLICABLE,,VERIFIED,UNRESOLVED,,214048,UNRESOLVED,,no existing verified Player Research closure
player_season/572,player_season,2020-21,,465551,,,NOT_APPLICABLE,,NOT_APPLICABLE,,NOT_APPLICABLE,,VERIFIED,UNRESOLVED,,465551,UNRESOLVED,,no existing verified Player Research closure
player_season/573,player_season,2020-21,,490721,,,NOT_APPLICABLE,,NOT_APPLICABLE,,NOT_APPLICABLE,,VERIFIED,UNRESOLVED,,490721,UNRESOLVED,,no existing verified Player Research closure
player_season/574,player_season,2020-21,,481626,,,NOT_APPLICABLE,,NOT_APPLICABLE,,NOT_APPLICABLE,,VERIFIED,UNRESOLVED,,481626,UNRESOLVED,,no existing verified Player Research closure
player_season/575,player_season,2020-21,,171317,,,NOT_APPLICABLE,,NOT_APPLICABLE,,NOT_APPLICABLE,,VERIFIED,UNRESOLVED,,171317,UNRESOLVED,,no existing verified Player Research closure
player_season/576,player_season,2020-21,,200600,,,NOT_APPLICABLE,,NOT_APPLICABLE,,NOT_APPLICABLE,,VERIFIED,UNRESOLVED,,200600,UNRESOLVED,,no existing verified Player Research closure
player_season/577,player_season,2020-21,,222531,,,NOT_APPLICABLE,,NOT_APPLICABLE,,NOT_APPLICABLE,,VERIFIED,UNRESOLVED,,222531,UNRESOLVED,,no existing verified Player Research closure
player_season/578,player_season,2020-21,,437858,,,NOT_APPLICABLE,,NOT_APPLICABLE,,NOT_APPLICABLE,,VERIFIED,UNRESOLVED,,437858,UNRESOLVED,,no existing verified Player Research closure
player_season/579,player_season,2020-21,,232361,,,NOT_APPLICABLE,,NOT_APPLICABLE,,NOT_APPLICABLE,,VERIFIED,UNRESOLVED,,232361,UNRESOLVED,,no existing verified Player Research closure
player_season/580,player_season,2020-21,,107613,,,NOT_APPLICABLE,,NOT_APPLICABLE,,NOT_APPLICABLE,,VERIFIED,UNRESOLVED,,107613,UNRESOLVED,,no existing verified Player Research closure
player_season/581,player_season,2020-21,,19624,,,NOT_APPLICABLE,,NOT_APPLICABLE,,NOT_APPLICABLE,,VERIFIED,UNRESOLVED,,19624,UNRESOLVED,,no existing verified Player Research closure
player_season/582,player_season,2020-21,,151589,,,NOT_APPLICABLE,,NOT_APPLICABLE,,NOT_APPLICABLE,,VERIFIED,UNRESOLVED,,151589,UNRESOLVED,,no existing verified Player Research closure
player_season/583,player_season,2020-21,,245923,,,NOT_APPLICABLE,,NOT_APPLICABLE,,NOT_APPLICABLE,,VERIFIED,UNRESOLVED,,245923,UNRESOLVED,,no existing verified Player Research closure
player_season/584,player_season,2020-21,,250604,,,NOT_APPLICABLE,,NOT_APPLICABLE,,NOT_APPLICABLE,,VERIFIED,UNRESOLVED,,250604,UNRESOLVED,,no existing verified Player Research closure
player_season/585,player_season,2020-21,,247632,,,NOT_APPLICABLE,,NOT_APPLICABLE,,NOT_APPLICABLE,,VERIFIED,UNRESOLVED,,247632,UNRESOLVED,,no existing verified Player Research closure
player_season/586,player_season,2020-21,,102057,,,NOT_APPLICABLE,,NOT_APPLICABLE,,NOT_APPLICABLE,,VERIFIED,UNRESOLVED,,102057,UNRESOLVED,,no existing verified Player Research closure
player_season/587,player_season,2020-21,,73314,,,NOT_APPLICABLE,,NOT_APPLICABLE,,NOT_APPLICABLE,,VERIFIED,UNRESOLVED,,73314,UNRESOLVED,,no existing verified Player Research closure
player_season/588,player_season,2020-21,,449988,,,NOT_APPLICABLE,,NOT_APPLICABLE,,NOT_APPLICABLE,,VERIFIED,UNRESOLVED,,449988,UNRESOLVED,,no existing verified Player Research closure
player_season/589,player_season,2020-21,,159533,,,NOT_APPLICABLE,,NOT_APPLICABLE,,NOT_APPLICABLE,,VERIFIED,UNRESOLVED,,159533,UNRESOLVED,,no existing verified Player Research closure
player_season/590,player_season,2020-21,,443296,,,NOT_APPLICABLE,,NOT_APPLICABLE,,NOT_APPLICABLE,,VERIFIED,UNRESOLVED,,443296,UNRESOLVED,,no existing verified Player Research closure
player_season/591,player_season,2021-22,,98980,,,NOT_APPLICABLE,,NOT_APPLICABLE,,NOT_APPLICABLE,,VERIFIED,UNRESOLVED,,98980,UNRESOLVED,,no existing verified Player Research closure
player_season/592,player_season,2021-22,,79852,,,NOT_APPLICABLE,,NOT_APPLICABLE,,NOT_APPLICABLE,,VERIFIED,UNRESOLVED,,79852,UNRESOLVED,,no existing verified Player Research closure
player_season/593,player_season,2021-22,,111782,,,NOT_APPLICABLE,,NOT_APPLICABLE,,NOT_APPLICABLE,,VERIFIED,UNRESOLVED,,111782,UNRESOLVED,,no existing verified Player Research closure
player_season/594,player_season,2021-22,,248164,,,NOT_APPLICABLE,,NOT_APPLICABLE,,NOT_APPLICABLE,,VERIFIED,UNRESOLVED,,248164,UNRESOLVED,,no existing verified Player Research closure
player_season/595,player_season,2021-22,,462381,,,NOT_APPLICABLE,,NOT_APPLICABLE,,NOT_APPLICABLE,,VERIFIED,UNRESOLVED,,462381,UNRESOLVED,,no existing verified Player Research closure
player_season/596,player_season,2021-22,,199796,,,NOT_APPLICABLE,,NOT_APPLICABLE,,NOT_APPLICABLE,,VERIFIED,UNRESOLVED,,199796,UNRESOLVED,,no existing verified Player Research closure
player_season/597,player_season,2021-22,,169359,,,NOT_APPLICABLE,,NOT_APPLICABLE,,NOT_APPLICABLE,,VERIFIED,UNRESOLVED,,169359,UNRESOLVED,,no existing verified Player Research closure
player_season/598,player_season,2021-22,,199798,,,NOT_APPLICABLE,,NOT_APPLICABLE,,NOT_APPLICABLE,,VERIFIED,UNRESOLVED,,199798,UNRESOLVED,,no existing verified Player Research closure
player_season/599,player_season,2021-22,,149484,,,NOT_APPLICABLE,,NOT_APPLICABLE,,NOT_APPLICABLE,,VERIFIED,UNRESOLVED,,149484,UNRESOLVED,,no existing verified Player Research closure
player_season/600,player_season,2021-22,,101188,,,NOT_APPLICABLE,,NOT_APPLICABLE,,NOT_APPLICABLE,,VERIFIED,UNRESOLVED,,101188,UNRESOLVED,,no existing verified Player Research closure
player_season/601,player_season,2021-22,,101184,,,NOT_APPLICABLE,,NOT_APPLICABLE,,NOT_APPLICABLE,,VERIFIED,UNRESOLVED,,101184,UNRESOLVED,,no existing verified Player Research closure
player_season/602,player_season,2021-22,,18892,,,NOT_APPLICABLE,,NOT_APPLICABLE,,NOT_APPLICABLE,,VERIFIED,UNRESOLVED,,18892,UNRESOLVED,,no existing verified Player Research closure
player_season/603,player_season,2021-22,,203368,,,NOT_APPLICABLE,,NOT_APPLICABLE,,NOT_APPLICABLE,,VERIFIED,UNRESOLVED,,203368,UNRESOLVED,,no existing verified Player Research closure
player_season/604,player_season,2021-22,,465390,,,NOT_APPLICABLE,,NOT_APPLICABLE,,NOT_APPLICABLE,,VERIFIED,UNRESOLVED,,465390,UNRESOLVED,,no existing verified Player Research closure
player_season/605,player_season,2021-22,,123354,,,NOT_APPLICABLE,,NOT_APPLICABLE,,NOT_APPLICABLE,,VERIFIED,UNRESOLVED,,123354,UNRESOLVED,,no existing verified Player Research closure
player_season/606,player_season,2021-22,,487835,,,NOT_APPLICABLE,,NOT_APPLICABLE,,NOT_APPLICABLE,,VERIFIED,UNRESOLVED,,487835,UNRESOLVED,,no existing verified Player Research closure
player_season/607,player_season,2021-22,,515597,,,NOT_APPLICABLE,,NOT_APPLICABLE,,NOT_APPLICABLE,,VERIFIED,UNRESOLVED,,515597,UNRESOLVED,,no existing verified Player Research closure
player_season/608,player_season,2021-22,,536110,,,NOT_APPLICABLE,,NOT_APPLICABLE,,NOT_APPLICABLE,,VERIFIED,UNRESOLVED,,536110,UNRESOLVED,,no existing verified Player Research closure
player_season/609,player_season,2021-22,,122775,,,NOT_APPLICABLE,,NOT_APPLICABLE,,NOT_APPLICABLE,,VERIFIED,UNRESOLVED,,122775,UNRESOLVED,,no existing verified Player Research closure
player_season/610,player_season,2021-22,,230046,,,NOT_APPLICABLE,,NOT_APPLICABLE,,NOT_APPLICABLE,,VERIFIED,UNRESOLVED,,230046,UNRESOLVED,,no existing verified Player Research closure
player_season/611,player_season,2021-22,,122806,,,NOT_APPLICABLE,,NOT_APPLICABLE,,NOT_APPLICABLE,,VERIFIED,UNRESOLVED,,122806,UNRESOLVED,,no existing verified Player Research closure
player_season/612,player_season,2021-22,,110504,,,NOT_APPLICABLE,,NOT_APPLICABLE,,NOT_APPLICABLE,,VERIFIED,UNRESOLVED,,110504,UNRESOLVED,,no existing verified Player Research closure
player_season/613,player_season,2021-22,,195546,,,NOT_APPLICABLE,,NOT_APPLICABLE,,NOT_APPLICABLE,,VERIFIED,UNRESOLVED,,195546,UNRESOLVED,,no existing verified Player Research closure
player_season/614,player_season,2021-22,,85242,,,NOT_APPLICABLE,,NOT_APPLICABLE,,NOT_APPLICABLE,,VERIFIED,UNRESOLVED,,85242,UNRESOLVED,,no existing verified Player Research closure
player_season/615,player_season,2021-22,,148508,,,NOT_APPLICABLE,,NOT_APPLICABLE,,NOT_APPLICABLE,,VERIFIED,UNRESOLVED,,148508,UNRESOLVED,,no existing verified Player Research closure
player_season/616,player_season,2021-22,,184704,,,NOT_APPLICABLE,,NOT_APPLICABLE,,NOT_APPLICABLE,,VERIFIED,UNRESOLVED,,184704,UNRESOLVED,,no existing verified Player Research closure
player_season/617,player_season,2021-22,,193488,,,NOT_APPLICABLE,,NOT_APPLICABLE,,NOT_APPLICABLE,,VERIFIED,UNRESOLVED,,193488,UNRESOLVED,,no existing verified Player Research closure
player_season/618,player_season,2021-22,,84583,,,NOT_APPLICABLE,,NOT_APPLICABLE,,NOT_APPLICABLE,,VERIFIED,UNRESOLVED,,84583,UNRESOLVED,,no existing verified Player Research closure
player_season/619,player_season,2021-22,,215711,,,NOT_APPLICABLE,,NOT_APPLICABLE,,NOT_APPLICABLE,,VERIFIED,UNRESOLVED,,215711,UNRESOLVED,,no existing verified Player Research closure
player_season/620,player_season,2021-22,,478912,,,NOT_APPLICABLE,,NOT_APPLICABLE,,NOT_APPLICABLE,,VERIFIED,UNRESOLVED,,478912,UNRESOLVED,,no existing verified Player Research closure
player_season/621,player_season,2021-22,,481624,,,NOT_APPLICABLE,,NOT_APPLICABLE,,NOT_APPLICABLE,,VERIFIED,UNRESOLVED,,481624,UNRESOLVED,,no existing verified Player Research closure
player_season/622,player_season,2021-22,,447715,,,NOT_APPLICABLE,,NOT_APPLICABLE,,NOT_APPLICABLE,,VERIFIED,UNRESOLVED,,447715,UNRESOLVED,,no existing verified Player Research closure
player_season/623,player_season,2021-22,,232653,,,NOT_APPLICABLE,,NOT_APPLICABLE,,NOT_APPLICABLE,,VERIFIED,UNRESOLVED,,232653,UNRESOLVED,,no existing verified Player Research closure
player_season/624,player_season,2021-22,,490094,,,NOT_APPLICABLE,,NOT_APPLICABLE,,NOT_APPLICABLE,,VERIFIED,UNRESOLVED,,490094,UNRESOLVED,,no existing verified Player Research closure
player_season/625,player_season,2021-22,,515599,,,NOT_APPLICABLE,,NOT_APPLICABLE,,NOT_APPLICABLE,,VERIFIED,UNRESOLVED,,515599,UNRESOLVED,,no existing verified Player Research closure
player_season/626,player_season,2021-22,,84939,,,NOT_APPLICABLE,,NOT_APPLICABLE,,NOT_APPLICABLE,,VERIFIED,UNRESOLVED,,84939,UNRESOLVED,,no existing verified Player Research closure
player_season/627,player_season,2021-22,,213345,,,NOT_APPLICABLE,,NOT_APPLICABLE,,NOT_APPLICABLE,,VERIFIED,UNRESOLVED,,213345,UNRESOLVED,,no existing verified Player Research closure
player_season/628,player_season,2021-22,,178301,,,NOT_APPLICABLE,,NOT_APPLICABLE,,NOT_APPLICABLE,,VERIFIED,UNRESOLVED,,178301,UNRESOLVED,,no existing verified Player Research closure
player_season/629,player_season,2021-22,,433979,,,NOT_APPLICABLE,,NOT_APPLICABLE,,NOT_APPLICABLE,,VERIFIED,UNRESOLVED,,433979,UNRESOLVED,,no existing verified Player Research closure
player_season/630,player_season,2021-22,,221239,,,NOT_APPLICABLE,,NOT_APPLICABLE,,NOT_APPLICABLE,,VERIFIED,UNRESOLVED,,221239,UNRESOLVED,,no existing verified Player Research closure
player_season/631,player_season,2021-22,,225321,,,NOT_APPLICABLE,,NOT_APPLICABLE,,NOT_APPLICABLE,,VERIFIED,UNRESOLVED,,225321,UNRESOLVED,,no existing verified Player Research closure
player_season/632,player_season,2021-22,,80201,,,NOT_APPLICABLE,,NOT_APPLICABLE,,NOT_APPLICABLE,,VERIFIED,UNRESOLVED,,80201,UNRESOLVED,,no existing verified Player Research closure
player_season/633,player_season,2021-22,,463748,,,NOT_APPLICABLE,,NOT_APPLICABLE,,NOT_APPLICABLE,,VERIFIED,UNRESOLVED,,463748,UNRESOLVED,,no existing verified Player Research closure
player_season/634,player_season,2021-22,,220682,,,NOT_APPLICABLE,,NOT_APPLICABLE,,NOT_APPLICABLE,,VERIFIED,UNRESOLVED,,220682,UNRESOLVED,,no existing verified Player Research closure
player_season/635,player_season,2021-22,,437626,,,NOT_APPLICABLE,,NOT_APPLICABLE,,NOT_APPLICABLE,,VERIFIED,UNRESOLVED,,437626,UNRESOLVED,,no existing verified Player Research closure
player_season/636,player_season,2021-22,,98745,,,NOT_APPLICABLE,,NOT_APPLICABLE,,NOT_APPLICABLE,,VERIFIED,UNRESOLVED,,98745,UNRESOLVED,,no existing verified Player Research closure
player_season/637,player_season,2021-22,,192895,,,NOT_APPLICABLE,,NOT_APPLICABLE,,NOT_APPLICABLE,,VERIFIED,UNRESOLVED,,192895,UNRESOLVED,,no existing verified Player Research closure
player_season/638,player_season,2021-22,,198869,,,NOT_APPLICABLE,,NOT_APPLICABLE,,NOT_APPLICABLE,,VERIFIED,UNRESOLVED,,198869,UNRESOLVED,,no existing verified Player Research closure
player_season/639,player_season,2021-22,,226597,,,NOT_APPLICABLE,,NOT_APPLICABLE,,NOT_APPLICABLE,,VERIFIED,UNRESOLVED,,226597,UNRESOLVED,,no existing verified Player Research closure
player_season/640,player_season,2021-22,,156074,,,NOT_APPLICABLE,,NOT_APPLICABLE,,NOT_APPLICABLE,,VERIFIED,UNRESOLVED,,156074,UNRESOLVED,,no existing verified Player Research closure
player_season/641,player_season,2021-22,,58822,,,NOT_APPLICABLE,,NOT_APPLICABLE,,NOT_APPLICABLE,,VERIFIED,UNRESOLVED,,58822,UNRESOLVED,,no existing verified Player Research closure
player_season/642,player_season,2021-22,,223723,,,NOT_APPLICABLE,,NOT_APPLICABLE,,NOT_APPLICABLE,,VERIFIED,UNRESOLVED,,223723,UNRESOLVED,,no existing verified Player Research closure
player_season/643,player_season,2021-22,,92371,,,NOT_APPLICABLE,,NOT_APPLICABLE,,NOT_APPLICABLE,,VERIFIED,UNRESOLVED,,92371,UNRESOLVED,,no existing verified Player Research closure
player_season/644,player_season,2021-22,,450553,,,NOT_APPLICABLE,,NOT_APPLICABLE,,NOT_APPLICABLE,,VERIFIED,UNRESOLVED,,450553,UNRESOLVED,,no existing verified Player Research closure
player_season/645,player_season,2021-22,,449444,,,NOT_APPLICABLE,,NOT_APPLICABLE,,NOT_APPLICABLE,,VERIFIED,UNRESOLVED,,449444,UNRESOLVED,,no existing verified Player Research closure
player_season/646,player_season,2021-22,,232245,,,NOT_APPLICABLE,,NOT_APPLICABLE,,NOT_APPLICABLE,,VERIFIED,UNRESOLVED,,232245,UNRESOLVED,,no existing verified Player Research closure
player_season/647,player_season,2021-22,,490887,,,NOT_APPLICABLE,,NOT_APPLICABLE,,NOT_APPLICABLE,,VERIFIED,UNRESOLVED,,490887,UNRESOLVED,,no existing verified Player Research closure
player_season/648,player_season,2021-22,,167199,,,NOT_APPLICABLE,,NOT_APPLICABLE,,NOT_APPLICABLE,,VERIFIED,UNRESOLVED,,167199,UNRESOLVED,,no existing verified Player Research closure
player_season/649,player_season,2021-22,,184029,,,NOT_APPLICABLE,,NOT_APPLICABLE,,NOT_APPLICABLE,,VERIFIED,UNRESOLVED,,184029,UNRESOLVED,,no existing verified Player Research closure
player_season/650,player_season,2021-22,,209289,,,NOT_APPLICABLE,,NOT_APPLICABLE,,NOT_APPLICABLE,,VERIFIED,UNRESOLVED,,209289,UNRESOLVED,,no existing verified Player Research closure
player_season/651,player_season,2021-22,,154043,,,NOT_APPLICABLE,,NOT_APPLICABLE,,NOT_APPLICABLE,,VERIFIED,UNRESOLVED,,154043,UNRESOLVED,,no existing verified Player Research closure
player_season/652,player_season,2021-22,,437742,,,NOT_APPLICABLE,,NOT_APPLICABLE,,NOT_APPLICABLE,,VERIFIED,UNRESOLVED,,437742,UNRESOLVED,,no existing verified Player Research closure
player_season/653,player_season,2021-22,,153256,,,NOT_APPLICABLE,,NOT_APPLICABLE,,NOT_APPLICABLE,,VERIFIED,UNRESOLVED,,153256,UNRESOLVED,,no existing verified Player Research closure
player_season/654,player_season,2021-22,,84450,,,NOT_APPLICABLE,,NOT_APPLICABLE,,NOT_APPLICABLE,,VERIFIED,UNRESOLVED,,84450,UNRESOLVED,,no existing verified Player Research closure
player_season/655,player_season,2021-22,,439482,,,NOT_APPLICABLE,,NOT_APPLICABLE,,NOT_APPLICABLE,,VERIFIED,UNRESOLVED,,439482,UNRESOLVED,,no existing verified Player Research closure
player_season/656,player_season,2021-22,,498046,,,NOT_APPLICABLE,,NOT_APPLICABLE,,NOT_APPLICABLE,,VERIFIED,UNRESOLVED,,498046,UNRESOLVED,,no existing verified Player Research closure
player_season/657,player_season,2021-22,,493928,,,NOT_APPLICABLE,,NOT_APPLICABLE,,NOT_APPLICABLE,,VERIFIED,UNRESOLVED,,493928,UNRESOLVED,,no existing verified Player Research closure
player_season/658,player_season,2021-22,,503301,,,NOT_APPLICABLE,,NOT_APPLICABLE,,NOT_APPLICABLE,,VERIFIED,UNRESOLVED,,503301,UNRESOLVED,,no existing verified Player Research closure
player_season/659,player_season,2021-22,,450544,,,NOT_APPLICABLE,,NOT_APPLICABLE,,NOT_APPLICABLE,,VERIFIED,UNRESOLVED,,450544,UNRESOLVED,,no existing verified Player Research closure
player_season/660,player_season,2021-22,,195735,,,NOT_APPLICABLE,,NOT_APPLICABLE,,NOT_APPLICABLE,,VERIFIED,UNRESOLVED,,195735,UNRESOLVED,,no existing verified Player Research closure
player_season/661,player_season,2021-22,,223340,,,NOT_APPLICABLE,,NOT_APPLICABLE,,NOT_APPLICABLE,,VERIFIED,UNRESOLVED,,223340,UNRESOLVED,,no existing verified Player Research closure
player_season/662,player_season,2021-22,,59966,,,NOT_APPLICABLE,,NOT_APPLICABLE,,NOT_APPLICABLE,,VERIFIED,UNRESOLVED,,59966,UNRESOLVED,,no existing verified Player Research closure
player_season/663,player_season,2021-22,,444145,,,NOT_APPLICABLE,,NOT_APPLICABLE,,NOT_APPLICABLE,,VERIFIED,UNRESOLVED,,444145,UNRESOLVED,,no existing verified Player Research closure
player_season/664,player_season,2021-22,,205533,,,NOT_APPLICABLE,,NOT_APPLICABLE,,NOT_APPLICABLE,,VERIFIED,UNRESOLVED,,205533,UNRESOLVED,,no existing verified Player Research closure
player_season/665,player_season,2021-22,,200641,,,NOT_APPLICABLE,,NOT_APPLICABLE,,NOT_APPLICABLE,,VERIFIED,UNRESOLVED,,200641,UNRESOLVED,,no existing verified Player Research closure
player_season/666,player_season,2021-22,,232223,,,NOT_APPLICABLE,,NOT_APPLICABLE,,NOT_APPLICABLE,,VERIFIED,UNRESOLVED,,232223,UNRESOLVED,,no existing verified Player Research closure
player_season/667,player_season,2021-22,,444880,,,NOT_APPLICABLE,,NOT_APPLICABLE,,NOT_APPLICABLE,,VERIFIED,UNRESOLVED,,444880,UNRESOLVED,,no existing verified Player Research closure
player_season/668,player_season,2021-22,,154561,,,NOT_APPLICABLE,,NOT_APPLICABLE,,NOT_APPLICABLE,,VERIFIED,UNRESOLVED,,154561,UNRESOLVED,,no existing verified Player Research closure
player_season/669,player_season,2021-22,,503300,,,NOT_APPLICABLE,,NOT_APPLICABLE,,NOT_APPLICABLE,,VERIFIED,UNRESOLVED,,503300,UNRESOLVED,,no existing verified Player Research closure
player_season/670,player_season,2021-22,,240796,,,NOT_APPLICABLE,,NOT_APPLICABLE,,NOT_APPLICABLE,,VERIFIED,UNRESOLVED,,240796,UNRESOLVED,,no existing verified Player Research closure
player_season/671,player_season,2021-22,,57513,,,NOT_APPLICABLE,,NOT_APPLICABLE,,NOT_APPLICABLE,,VERIFIED,UNRESOLVED,,57513,UNRESOLVED,,no existing verified Player Research closure
player_season/672,player_season,2021-22,,232247,,,NOT_APPLICABLE,,NOT_APPLICABLE,,NOT_APPLICABLE,,VERIFIED,UNRESOLVED,,232247,UNRESOLVED,,no existing verified Player Research closure
player_season/673,player_season,2021-22,,194010,,,NOT_APPLICABLE,,NOT_APPLICABLE,,NOT_APPLICABLE,,VERIFIED,UNRESOLVED,,194010,UNRESOLVED,,no existing verified Player Research closure
player_season/674,player_season,2021-22,,213687,,,NOT_APPLICABLE,,NOT_APPLICABLE,,NOT_APPLICABLE,,VERIFIED,UNRESOLVED,,213687,UNRESOLVED,,no existing verified Player Research closure
player_season/675,player_season,2021-22,,231065,,,NOT_APPLICABLE,,NOT_APPLICABLE,,NOT_APPLICABLE,,VERIFIED,UNRESOLVED,,231065,UNRESOLVED,,no existing verified Player Research closure
player_season/676,player_season,2021-22,,48760,,,NOT_APPLICABLE,,NOT_APPLICABLE,,NOT_APPLICABLE,,VERIFIED,UNRESOLVED,,48760,UNRESOLVED,,no existing verified Player Research closure
player_season/677,player_season,2021-22,,61810,,,NOT_APPLICABLE,,NOT_APPLICABLE,,NOT_APPLICABLE,,VERIFIED,UNRESOLVED,,61810,UNRESOLVED,,no existing verified Player Research closure
player_season/678,player_season,2021-22,,191866,,,NOT_APPLICABLE,,NOT_APPLICABLE,,NOT_APPLICABLE,,VERIFIED,UNRESOLVED,,191866,UNRESOLVED,,no existing verified Player Research closure
player_season/679,player_season,2021-22,,121570,,,NOT_APPLICABLE,,NOT_APPLICABLE,,NOT_APPLICABLE,,VERIFIED,UNRESOLVED,,121570,UNRESOLVED,,no existing verified Player Research closure
player_season/680,player_season,2021-22,,228044,,,NOT_APPLICABLE,,NOT_APPLICABLE,,NOT_APPLICABLE,,VERIFIED,UNRESOLVED,,228044,UNRESOLVED,,no existing verified Player Research closure
player_season/681,player_season,2021-22,,226956,,,NOT_APPLICABLE,,NOT_APPLICABLE,,NOT_APPLICABLE,,VERIFIED,UNRESOLVED,,226956,UNRESOLVED,,no existing verified Player Research closure
player_season/682,player_season,2021-22,,450550,,,NOT_APPLICABLE,,NOT_APPLICABLE,,NOT_APPLICABLE,,VERIFIED,UNRESOLVED,,450550,UNRESOLVED,,no existing verified Player Research closure
player_season/683,player_season,2021-22,,154138,,,NOT_APPLICABLE,,NOT_APPLICABLE,,NOT_APPLICABLE,,VERIFIED,UNRESOLVED,,154138,UNRESOLVED,,no existing verified Player Research closure
player_season/684,player_season,2021-22,,220695,,,NOT_APPLICABLE,,NOT_APPLICABLE,,NOT_APPLICABLE,,VERIFIED,UNRESOLVED,,220695,UNRESOLVED,,no existing verified Player Research closure
player_season/685,player_season,2021-22,,128295,,,NOT_APPLICABLE,,NOT_APPLICABLE,,NOT_APPLICABLE,,VERIFIED,UNRESOLVED,,128295,UNRESOLVED,,no existing verified Player Research closure
player_season/686,player_season,2021-22,,207283,,,NOT_APPLICABLE,,NOT_APPLICABLE,,NOT_APPLICABLE,,VERIFIED,UNRESOLVED,,207283,UNRESOLVED,,no existing verified Player Research closure
player_season/687,player_season,2021-22,,183656,,,NOT_APPLICABLE,,NOT_APPLICABLE,,NOT_APPLICABLE,,VERIFIED,UNRESOLVED,,183656,UNRESOLVED,,no existing verified Player Research closure
player_season/688,player_season,2021-22,,216646,,,NOT_APPLICABLE,,NOT_APPLICABLE,,NOT_APPLICABLE,,VERIFIED,UNRESOLVED,,216646,UNRESOLVED,,no existing verified Player Research closure
player_season/689,player_season,2021-22,,428580,,,NOT_APPLICABLE,,NOT_APPLICABLE,,NOT_APPLICABLE,,VERIFIED,UNRESOLVED,,428580,UNRESOLVED,,no existing verified Player Research closure
player_season/690,player_season,2021-22,,446008,,,NOT_APPLICABLE,,NOT_APPLICABLE,,NOT_APPLICABLE,,VERIFIED,UNRESOLVED,,446008,UNRESOLVED,,no existing verified Player Research closure
player_season/691,player_season,2021-22,,80607,,,NOT_APPLICABLE,,NOT_APPLICABLE,,NOT_APPLICABLE,,VERIFIED,UNRESOLVED,,80607,UNRESOLVED,,no existing verified Player Research closure
player_season/692,player_season,2021-22,,450539,,,NOT_APPLICABLE,,NOT_APPLICABLE,,NOT_APPLICABLE,,VERIFIED,UNRESOLVED,,450539,UNRESOLVED,,no existing verified Player Research closure
player_season/693,player_season,2021-22,,432160,,,NOT_APPLICABLE,,NOT_APPLICABLE,,NOT_APPLICABLE,,VERIFIED,UNRESOLVED,,432160,UNRESOLVED,,no existing verified Player Research closure
player_season/694,player_season,2021-22,,204580,,,NOT_APPLICABLE,,NOT_APPLICABLE,,NOT_APPLICABLE,,VERIFIED,UNRESOLVED,,204580,UNRESOLVED,,no existing verified Player Research closure
player_season/695,player_season,2021-22,,481405,,,NOT_APPLICABLE,,NOT_APPLICABLE,,NOT_APPLICABLE,,VERIFIED,UNRESOLVED,,481405,UNRESOLVED,,no existing verified Player Research closure
player_season/696,player_season,2021-22,,461558,,,NOT_APPLICABLE,,NOT_APPLICABLE,,NOT_APPLICABLE,,VERIFIED,UNRESOLVED,,461558,UNRESOLVED,,no existing verified Player Research closure
player_season/697,player_season,2021-22,,174932,,,NOT_APPLICABLE,,NOT_APPLICABLE,,NOT_APPLICABLE,,VERIFIED,UNRESOLVED,,174932,UNRESOLVED,,no existing verified Player Research closure
player_season/698,player_season,2021-22,,216620,,,NOT_APPLICABLE,,NOT_APPLICABLE,,NOT_APPLICABLE,,VERIFIED,UNRESOLVED,,216620,UNRESOLVED,,no existing verified Player Research closure
player_season/699,player_season,2021-22,,205836,,,NOT_APPLICABLE,,NOT_APPLICABLE,,NOT_APPLICABLE,,VERIFIED,UNRESOLVED,,205836,UNRESOLVED,,no existing verified Player Research closure
player_season/700,player_season,2021-22,,144485,,,NOT_APPLICABLE,,NOT_APPLICABLE,,NOT_APPLICABLE,,VERIFIED,UNRESOLVED,,144485,UNRESOLVED,,no existing verified Player Research closure
player_season/701,player_season,2021-22,,434662,,,NOT_APPLICABLE,,NOT_APPLICABLE,,NOT_APPLICABLE,,VERIFIED,UNRESOLVED,,434662,UNRESOLVED,,no existing verified Player Research closure
player_season/702,player_season,2021-22,,460029,,,NOT_APPLICABLE,,NOT_APPLICABLE,,NOT_APPLICABLE,,VERIFIED,UNRESOLVED,,460029,UNRESOLVED,,no existing verified Player Research closure
player_season/703,player_season,2021-22,,240514,,,NOT_APPLICABLE,,NOT_APPLICABLE,,NOT_APPLICABLE,,VERIFIED,UNRESOLVED,,240514,UNRESOLVED,,no existing verified Player Research closure
player_season/704,player_season,2021-22,,215059,,,NOT_APPLICABLE,,NOT_APPLICABLE,,NOT_APPLICABLE,,VERIFIED,UNRESOLVED,,215059,UNRESOLVED,,no existing verified Player Research closure
player_season/705,player_season,2021-22,,49262,,,NOT_APPLICABLE,,NOT_APPLICABLE,,NOT_APPLICABLE,,VERIFIED,UNRESOLVED,,49262,UNRESOLVED,,no existing verified Player Research closure
player_season/706,player_season,2021-22,,209288,,,NOT_APPLICABLE,,NOT_APPLICABLE,,NOT_APPLICABLE,,VERIFIED,UNRESOLVED,,209288,UNRESOLVED,,no existing verified Player Research closure
player_season/707,player_season,2021-22,,232792,,,NOT_APPLICABLE,,NOT_APPLICABLE,,NOT_APPLICABLE,,VERIFIED,UNRESOLVED,,232792,UNRESOLVED,,no existing verified Player Research closure
player_season/708,player_season,2021-22,,179268,,,NOT_APPLICABLE,,NOT_APPLICABLE,,NOT_APPLICABLE,,VERIFIED,UNRESOLVED,,179268,UNRESOLVED,,no existing verified Player Research closure
player_season/709,player_season,2021-22,,110735,,,NOT_APPLICABLE,,NOT_APPLICABLE,,NOT_APPLICABLE,,VERIFIED,UNRESOLVED,,110735,UNRESOLVED,,no existing verified Player Research closure
player_season/710,player_season,2021-22,,83299,,,NOT_APPLICABLE,,NOT_APPLICABLE,,NOT_APPLICABLE,,VERIFIED,UNRESOLVED,,83299,UNRESOLVED,,no existing verified Player Research closure
player_season/711,player_season,2021-22,,442229,,,NOT_APPLICABLE,,NOT_APPLICABLE,,NOT_APPLICABLE,,VERIFIED,UNRESOLVED,,442229,UNRESOLVED,,no existing verified Player Research closure
player_season/712,player_season,2021-22,,61933,,,NOT_APPLICABLE,,NOT_APPLICABLE,,NOT_APPLICABLE,,VERIFIED,UNRESOLVED,,61933,UNRESOLVED,,no existing verified Player Research closure
player_season/713,player_season,2021-22,,433589,,,NOT_APPLICABLE,,NOT_APPLICABLE,,NOT_APPLICABLE,,VERIFIED,UNRESOLVED,,433589,UNRESOLVED,,no existing verified Player Research closure
player_season/714,player_season,2021-22,,111478,,,NOT_APPLICABLE,,NOT_APPLICABLE,,NOT_APPLICABLE,,VERIFIED,UNRESOLVED,,111478,UNRESOLVED,,no existing verified Player Research closure
player_season/715,player_season,2021-22,,448496,,,NOT_APPLICABLE,,NOT_APPLICABLE,,NOT_APPLICABLE,,VERIFIED,UNRESOLVED,,448496,UNRESOLVED,,no existing verified Player Research closure
player_season/716,player_season,2021-22,,445548,,,NOT_APPLICABLE,,NOT_APPLICABLE,,NOT_APPLICABLE,,VERIFIED,UNRESOLVED,,445548,UNRESOLVED,,no existing verified Player Research closure
player_season/717,player_season,2021-22,,109345,,,NOT_APPLICABLE,,NOT_APPLICABLE,,NOT_APPLICABLE,,VERIFIED,UNRESOLVED,,109345,UNRESOLVED,,no existing verified Player Research closure
player_season/718,player_season,2021-22,,227127,,,NOT_APPLICABLE,,NOT_APPLICABLE,,NOT_APPLICABLE,,VERIFIED,UNRESOLVED,,227127,UNRESOLVED,,no existing verified Player Research closure
player_season/719,player_season,2021-22,,423649,,,NOT_APPLICABLE,,NOT_APPLICABLE,,NOT_APPLICABLE,,VERIFIED,UNRESOLVED,,423649,UNRESOLVED,,no existing verified Player Research closure
player_season/720,player_season,2021-22,,243016,,,NOT_APPLICABLE,,NOT_APPLICABLE,,NOT_APPLICABLE,,VERIFIED,UNRESOLVED,,243016,UNRESOLVED,,no existing verified Player Research closure
player_season/721,player_season,2021-22,,433138,,,NOT_APPLICABLE,,NOT_APPLICABLE,,NOT_APPLICABLE,,VERIFIED,UNRESOLVED,,433138,UNRESOLVED,,no existing verified Player Research closure
player_season/722,player_season,2021-22,,60307,,,NOT_APPLICABLE,,NOT_APPLICABLE,,NOT_APPLICABLE,,VERIFIED,UNRESOLVED,,60307,UNRESOLVED,,no existing verified Player Research closure
player_season/723,player_season,2021-22,,39155,,,NOT_APPLICABLE,,NOT_APPLICABLE,,NOT_APPLICABLE,,VERIFIED,UNRESOLVED,,39155,UNRESOLVED,,no existing verified Player Research closure
player_season/724,player_season,2021-22,,243505,,,NOT_APPLICABLE,,NOT_APPLICABLE,,NOT_APPLICABLE,,VERIFIED,UNRESOLVED,,243505,UNRESOLVED,,no existing verified Player Research closure
player_season/725,player_season,2021-22,,235382,,,NOT_APPLICABLE,,NOT_APPLICABLE,,NOT_APPLICABLE,,VERIFIED,UNRESOLVED,,235382,UNRESOLVED,,no existing verified Player Research closure
player_season/726,player_season,2021-22,,486672,,,NOT_APPLICABLE,,NOT_APPLICABLE,,NOT_APPLICABLE,,VERIFIED,UNRESOLVED,,486672,UNRESOLVED,,no existing verified Player Research closure
player_season/727,player_season,2021-22,,209045,,,NOT_APPLICABLE,,NOT_APPLICABLE,,NOT_APPLICABLE,,VERIFIED,UNRESOLVED,,209045,UNRESOLVED,,no existing verified Player Research closure
player_season/728,player_season,2021-22,,441192,,,NOT_APPLICABLE,,NOT_APPLICABLE,,NOT_APPLICABLE,,VERIFIED,UNRESOLVED,,441192,UNRESOLVED,,no existing verified Player Research closure
player_season/729,player_season,2021-22,,115382,,,NOT_APPLICABLE,,NOT_APPLICABLE,,NOT_APPLICABLE,,VERIFIED,UNRESOLVED,,115382,UNRESOLVED,,no existing verified Player Research closure
player_season/730,player_season,2021-22,,116216,,,NOT_APPLICABLE,,NOT_APPLICABLE,,NOT_APPLICABLE,,VERIFIED,UNRESOLVED,,116216,UNRESOLVED,,no existing verified Player Research closure
player_season/731,player_season,2021-22,,50175,,,NOT_APPLICABLE,,NOT_APPLICABLE,,NOT_APPLICABLE,,VERIFIED,UNRESOLVED,,50175,UNRESOLVED,,no existing verified Player Research closure
player_season/732,player_season,2021-22,,204676,,,NOT_APPLICABLE,,NOT_APPLICABLE,,NOT_APPLICABLE,,VERIFIED,UNRESOLVED,,204676,UNRESOLVED,,no existing verified Player Research closure
player_season/733,player_season,2021-22,,487117,,,NOT_APPLICABLE,,NOT_APPLICABLE,,NOT_APPLICABLE,,VERIFIED,UNRESOLVED,,487117,UNRESOLVED,,no existing verified Player Research closure
player_season/734,player_season,2021-22,,93284,,,NOT_APPLICABLE,,NOT_APPLICABLE,,NOT_APPLICABLE,,VERIFIED,UNRESOLVED,,93284,UNRESOLVED,,no existing verified Player Research closure
player_season/735,player_season,2021-22,,233425,,,NOT_APPLICABLE,,NOT_APPLICABLE,,NOT_APPLICABLE,,VERIFIED,UNRESOLVED,,233425,UNRESOLVED,,no existing verified Player Research closure
player_season/736,player_season,2021-22,,98747,,,NOT_APPLICABLE,,NOT_APPLICABLE,,NOT_APPLICABLE,,VERIFIED,UNRESOLVED,,98747,UNRESOLVED,,no existing verified Player Research closure
player_season/737,player_season,2021-22,,20066,,,NOT_APPLICABLE,,NOT_APPLICABLE,,NOT_APPLICABLE,,VERIFIED,UNRESOLVED,,20066,UNRESOLVED,,no existing verified Player Research closure
player_season/738,player_season,2021-22,,168399,,,NOT_APPLICABLE,,NOT_APPLICABLE,,NOT_APPLICABLE,,VERIFIED,UNRESOLVED,,168399,UNRESOLVED,,no existing verified Player Research closure
player_season/739,player_season,2021-22,,514229,,,NOT_APPLICABLE,,NOT_APPLICABLE,,NOT_APPLICABLE,,VERIFIED,UNRESOLVED,,514229,UNRESOLVED,,no existing verified Player Research closure
player_season/740,player_season,2021-22,,68983,,,NOT_APPLICABLE,,NOT_APPLICABLE,,NOT_APPLICABLE,,VERIFIED,UNRESOLVED,,68983,UNRESOLVED,,no existing verified Player Research closure
player_season/741,player_season,2021-22,,103914,,,NOT_APPLICABLE,,NOT_APPLICABLE,,NOT_APPLICABLE,,VERIFIED,UNRESOLVED,,103914,UNRESOLVED,,no existing verified Player Research closure
player_season/742,player_season,2021-22,,17761,,,NOT_APPLICABLE,,NOT_APPLICABLE,,NOT_APPLICABLE,,VERIFIED,UNRESOLVED,,17761,UNRESOLVED,,no existing verified Player Research closure
player_season/743,player_season,2021-22,,51927,,,NOT_APPLICABLE,,NOT_APPLICABLE,,NOT_APPLICABLE,,VERIFIED,UNRESOLVED,,51927,UNRESOLVED,,no existing verified Player Research closure
player_season/744,player_season,2021-22,,192290,,,NOT_APPLICABLE,,NOT_APPLICABLE,,NOT_APPLICABLE,,VERIFIED,UNRESOLVED,,192290,UNRESOLVED,,no existing verified Player Research closure
player_season/745,player_season,2021-22,,461102,,,NOT_APPLICABLE,,NOT_APPLICABLE,,NOT_APPLICABLE,,VERIFIED,UNRESOLVED,,461102,UNRESOLVED,,no existing verified Player Research closure
player_season/746,player_season,2021-22,,432830,,,NOT_APPLICABLE,,NOT_APPLICABLE,,NOT_APPLICABLE,,VERIFIED,UNRESOLVED,,432830,UNRESOLVED,,no existing verified Player Research closure
player_season/747,player_season,2021-22,,39487,,,NOT_APPLICABLE,,NOT_APPLICABLE,,NOT_APPLICABLE,,VERIFIED,UNRESOLVED,,39487,UNRESOLVED,,no existing verified Player Research closure
player_season/748,player_season,2021-22,,17997,,,NOT_APPLICABLE,,NOT_APPLICABLE,,NOT_APPLICABLE,,VERIFIED,UNRESOLVED,,17997,UNRESOLVED,,no existing verified Player Research closure
player_season/749,player_season,2021-22,,41674,,,NOT_APPLICABLE,,NOT_APPLICABLE,,NOT_APPLICABLE,,VERIFIED,UNRESOLVED,,41674,UNRESOLVED,,no existing verified Player Research closure
player_season/750,player_season,2021-22,,461567,,,NOT_APPLICABLE,,NOT_APPLICABLE,,NOT_APPLICABLE,,VERIFIED,UNRESOLVED,,461567,UNRESOLVED,,no existing verified Player Research closure
player_season/751,player_season,2021-22,,40145,,,NOT_APPLICABLE,,NOT_APPLICABLE,,NOT_APPLICABLE,,VERIFIED,UNRESOLVED,,40145,UNRESOLVED,,no existing verified Player Research closure
player_season/752,player_season,2021-22,,60586,,,NOT_APPLICABLE,,NOT_APPLICABLE,,NOT_APPLICABLE,,VERIFIED,UNRESOLVED,,60586,UNRESOLVED,,no existing verified Player Research closure
player_season/753,player_season,2021-22,,172782,,,NOT_APPLICABLE,,NOT_APPLICABLE,,NOT_APPLICABLE,,VERIFIED,UNRESOLVED,,172782,UNRESOLVED,,no existing verified Player Research closure
player_season/754,player_season,2021-22,,433154,,,NOT_APPLICABLE,,NOT_APPLICABLE,,NOT_APPLICABLE,,VERIFIED,UNRESOLVED,,433154,UNRESOLVED,,no existing verified Player Research closure
player_season/755,player_season,2021-22,,40845,,,NOT_APPLICABLE,,NOT_APPLICABLE,,NOT_APPLICABLE,,VERIFIED,UNRESOLVED,,40845,UNRESOLVED,,no existing verified Player Research closure
player_season/756,player_season,2021-22,,17349,,,NOT_APPLICABLE,,NOT_APPLICABLE,,NOT_APPLICABLE,,VERIFIED,UNRESOLVED,,17349,UNRESOLVED,,no existing verified Player Research closure
player_season/757,player_season,2021-22,,60551,,,NOT_APPLICABLE,,NOT_APPLICABLE,,NOT_APPLICABLE,,VERIFIED,UNRESOLVED,,60551,UNRESOLVED,,no existing verified Player Research closure
player_season/758,player_season,2021-22,,149519,,,NOT_APPLICABLE,,NOT_APPLICABLE,,NOT_APPLICABLE,,VERIFIED,UNRESOLVED,,149519,UNRESOLVED,,no existing verified Player Research closure
player_season/759,player_season,2021-22,,465299,,,NOT_APPLICABLE,,NOT_APPLICABLE,,NOT_APPLICABLE,,VERIFIED,UNRESOLVED,,465299,UNRESOLVED,,no existing verified Player Research closure
player_season/760,player_season,2021-22,,461096,,,NOT_APPLICABLE,,NOT_APPLICABLE,,NOT_APPLICABLE,,VERIFIED,UNRESOLVED,,461096,UNRESOLVED,,no existing verified Player Research closure
player_season/761,player_season,2021-22,,120202,,,NOT_APPLICABLE,,NOT_APPLICABLE,,NOT_APPLICABLE,,VERIFIED,UNRESOLVED,,120202,UNRESOLVED,,no existing verified Player Research closure
player_season/762,player_season,2021-22,,81183,,,NOT_APPLICABLE,,NOT_APPLICABLE,,NOT_APPLICABLE,,VERIFIED,UNRESOLVED,,81183,UNRESOLVED,,no existing verified Player Research closure
player_season/763,player_season,2021-22,,44683,,,NOT_APPLICABLE,,NOT_APPLICABLE,,NOT_APPLICABLE,,VERIFIED,UNRESOLVED,,44683,UNRESOLVED,,no existing verified Player Research closure
player_season/764,player_season,2021-22,,44699,,,NOT_APPLICABLE,,NOT_APPLICABLE,,NOT_APPLICABLE,,VERIFIED,UNRESOLVED,,44699,UNRESOLVED,,no existing verified Player Research closure
player_season/765,player_season,2021-22,,530873,,,NOT_APPLICABLE,,NOT_APPLICABLE,,NOT_APPLICABLE,,VERIFIED,UNRESOLVED,,530873,UNRESOLVED,,no existing verified Player Research closure
player_season/766,player_season,2021-22,,461080,,,NOT_APPLICABLE,,NOT_APPLICABLE,,NOT_APPLICABLE,,VERIFIED,UNRESOLVED,,461080,UNRESOLVED,,no existing verified Player Research closure
player_season/767,player_season,2021-22,,105666,,,NOT_APPLICABLE,,NOT_APPLICABLE,,NOT_APPLICABLE,,VERIFIED,UNRESOLVED,,105666,UNRESOLVED,,no existing verified Player Research closure
player_season/768,player_season,2021-22,,40836,,,NOT_APPLICABLE,,NOT_APPLICABLE,,NOT_APPLICABLE,,VERIFIED,UNRESOLVED,,40836,UNRESOLVED,,no existing verified Player Research closure
player_season/769,player_season,2021-22,,169593,,,NOT_APPLICABLE,,NOT_APPLICABLE,,NOT_APPLICABLE,,VERIFIED,UNRESOLVED,,169593,UNRESOLVED,,no existing verified Player Research closure
player_season/770,player_season,2021-22,,55494,,,NOT_APPLICABLE,,NOT_APPLICABLE,,NOT_APPLICABLE,,VERIFIED,UNRESOLVED,,55494,UNRESOLVED,,no existing verified Player Research closure
player_season/771,player_season,2021-22,,244723,,,NOT_APPLICABLE,,NOT_APPLICABLE,,NOT_APPLICABLE,,VERIFIED,UNRESOLVED,,244723,UNRESOLVED,,no existing verified Player Research closure
player_season/772,player_season,2021-22,,49413,,,NOT_APPLICABLE,,NOT_APPLICABLE,,NOT_APPLICABLE,,VERIFIED,UNRESOLVED,,49413,UNRESOLVED,,no existing verified Player Research closure
player_season/773,player_season,2021-22,,209036,,,NOT_APPLICABLE,,NOT_APPLICABLE,,NOT_APPLICABLE,,VERIFIED,UNRESOLVED,,209036,UNRESOLVED,,no existing verified Player Research closure
player_season/774,player_season,2021-22,,174874,,,NOT_APPLICABLE,,NOT_APPLICABLE,,NOT_APPLICABLE,,VERIFIED,UNRESOLVED,,174874,UNRESOLVED,,no existing verified Player Research closure
player_season/775,player_season,2021-22,,57328,,,NOT_APPLICABLE,,NOT_APPLICABLE,,NOT_APPLICABLE,,VERIFIED,UNRESOLVED,,57328,UNRESOLVED,,no existing verified Player Research closure
player_season/776,player_season,2021-22,,58786,,,NOT_APPLICABLE,,NOT_APPLICABLE,,NOT_APPLICABLE,,VERIFIED,UNRESOLVED,,58786,UNRESOLVED,,no existing verified Player Research closure
player_season/777,player_season,2021-22,,232423,,,NOT_APPLICABLE,,NOT_APPLICABLE,,NOT_APPLICABLE,,VERIFIED,UNRESOLVED,,232423,UNRESOLVED,,no existing verified Player Research closure
player_season/778,player_season,2021-22,,501468,,,NOT_APPLICABLE,,NOT_APPLICABLE,,NOT_APPLICABLE,,VERIFIED,UNRESOLVED,,501468,UNRESOLVED,,no existing verified Player Research closure
player_season/779,player_season,2021-22,,223824,,,NOT_APPLICABLE,,NOT_APPLICABLE,,NOT_APPLICABLE,,VERIFIED,UNRESOLVED,,223824,UNRESOLVED,,no existing verified Player Research closure
player_season/780,player_season,2021-22,,66975,,,NOT_APPLICABLE,,NOT_APPLICABLE,,NOT_APPLICABLE,,VERIFIED,UNRESOLVED,,66975,UNRESOLVED,,no existing verified Player Research closure
player_season/781,player_season,2021-22,,443661,,,NOT_APPLICABLE,,NOT_APPLICABLE,,NOT_APPLICABLE,,VERIFIED,UNRESOLVED,,443661,UNRESOLVED,,no existing verified Player Research closure
player_season/782,player_season,2021-22,,55037,,,NOT_APPLICABLE,,NOT_APPLICABLE,,NOT_APPLICABLE,,VERIFIED,UNRESOLVED,,55037,UNRESOLVED,,no existing verified Player Research closure
player_season/783,player_season,2021-22,,232413,,,NOT_APPLICABLE,,NOT_APPLICABLE,,NOT_APPLICABLE,,VERIFIED,UNRESOLVED,,232413,UNRESOLVED,,no existing verified Player Research closure
player_season/784,player_season,2021-22,,86417,,,NOT_APPLICABLE,,NOT_APPLICABLE,,NOT_APPLICABLE,,VERIFIED,UNRESOLVED,,86417,UNRESOLVED,,no existing verified Player Research closure
player_season/785,player_season,2021-22,,50471,,,NOT_APPLICABLE,,NOT_APPLICABLE,,NOT_APPLICABLE,,VERIFIED,UNRESOLVED,,50471,UNRESOLVED,,no existing verified Player Research closure
player_season/786,player_season,2021-22,,108413,,,NOT_APPLICABLE,,NOT_APPLICABLE,,NOT_APPLICABLE,,VERIFIED,UNRESOLVED,,108413,UNRESOLVED,,no existing verified Player Research closure
player_season/787,player_season,2021-22,,232787,,,NOT_APPLICABLE,,NOT_APPLICABLE,,NOT_APPLICABLE,,VERIFIED,UNRESOLVED,,232787,UNRESOLVED,,no existing verified Player Research closure
player_season/788,player_season,2021-22,,173954,,,NOT_APPLICABLE,,NOT_APPLICABLE,,NOT_APPLICABLE,,VERIFIED,UNRESOLVED,,173954,UNRESOLVED,,no existing verified Player Research closure
player_season/789,player_season,2021-22,,450542,,,NOT_APPLICABLE,,NOT_APPLICABLE,,NOT_APPLICABLE,,VERIFIED,UNRESOLVED,,450542,UNRESOLVED,,no existing verified Player Research closure
player_season/790,player_season,2021-22,,80146,,,NOT_APPLICABLE,,NOT_APPLICABLE,,NOT_APPLICABLE,,VERIFIED,UNRESOLVED,,80146,UNRESOLVED,,no existing verified Player Research closure
player_season/791,player_season,2021-22,,82403,,,NOT_APPLICABLE,,NOT_APPLICABLE,,NOT_APPLICABLE,,VERIFIED,UNRESOLVED,,82403,UNRESOLVED,,no existing verified Player Research closure
player_season/792,player_season,2021-22,,231747,,,NOT_APPLICABLE,,NOT_APPLICABLE,,NOT_APPLICABLE,,VERIFIED,UNRESOLVED,,231747,UNRESOLVED,,no existing verified Player Research closure
player_season/793,player_season,2021-22,,54861,,,NOT_APPLICABLE,,NOT_APPLICABLE,,NOT_APPLICABLE,,VERIFIED,UNRESOLVED,,54861,UNRESOLVED,,no existing verified Player Research closure
player_season/794,player_season,2021-22,,199670,,,NOT_APPLICABLE,,NOT_APPLICABLE,,NOT_APPLICABLE,,VERIFIED,UNRESOLVED,,199670,UNRESOLVED,,no existing verified Player Research closure
player_season/795,player_season,2021-22,,462831,,,NOT_APPLICABLE,,NOT_APPLICABLE,,NOT_APPLICABLE,,VERIFIED,UNRESOLVED,,462831,UNRESOLVED,,no existing verified Player Research closure
player_season/796,player_season,2021-22,,448482,,,NOT_APPLICABLE,,NOT_APPLICABLE,,NOT_APPLICABLE,,VERIFIED,UNRESOLVED,,448482,UNRESOLVED,,no existing verified Player Research closure
player_season/797,player_season,2021-22,,109745,,,NOT_APPLICABLE,,NOT_APPLICABLE,,NOT_APPLICABLE,,VERIFIED,UNRESOLVED,,109745,UNRESOLVED,,no existing verified Player Research closure
player_season/798,player_season,2021-22,,122074,,,NOT_APPLICABLE,,NOT_APPLICABLE,,NOT_APPLICABLE,,VERIFIED,UNRESOLVED,,122074,UNRESOLVED,,no existing verified Player Research closure
player_season/799,player_season,2021-22,,228286,,,NOT_APPLICABLE,,NOT_APPLICABLE,,NOT_APPLICABLE,,VERIFIED,UNRESOLVED,,228286,UNRESOLVED,,no existing verified Player Research closure
player_season/800,player_season,2021-22,,204727,,,NOT_APPLICABLE,,NOT_APPLICABLE,,NOT_APPLICABLE,,VERIFIED,UNRESOLVED,,204727,UNRESOLVED,,no existing verified Player Research closure
player_season/801,player_season,2021-22,,102380,,,NOT_APPLICABLE,,NOT_APPLICABLE,,NOT_APPLICABLE,,VERIFIED,UNRESOLVED,,102380,UNRESOLVED,,no existing verified Player Research closure
player_season/802,player_season,2021-22,,82263,,,NOT_APPLICABLE,,NOT_APPLICABLE,,NOT_APPLICABLE,,VERIFIED,UNRESOLVED,,82263,UNRESOLVED,,no existing verified Player Research closure
player_season/803,player_season,2021-22,,135363,,,NOT_APPLICABLE,,NOT_APPLICABLE,,NOT_APPLICABLE,,VERIFIED,UNRESOLVED,,135363,UNRESOLVED,,no existing verified Player Research closure
player_season/804,player_season,2021-22,,51090,,,NOT_APPLICABLE,,NOT_APPLICABLE,,NOT_APPLICABLE,,VERIFIED,UNRESOLVED,,51090,UNRESOLVED,,no existing verified Player Research closure
player_season/805,player_season,2021-22,,180736,,,NOT_APPLICABLE,,NOT_APPLICABLE,,NOT_APPLICABLE,,VERIFIED,UNRESOLVED,,180736,UNRESOLVED,,no existing verified Player Research closure
player_season/806,player_season,2021-22,,172850,,,NOT_APPLICABLE,,NOT_APPLICABLE,,NOT_APPLICABLE,,VERIFIED,UNRESOLVED,,172850,UNRESOLVED,,no existing verified Player Research closure
player_season/807,player_season,2021-22,,225796,,,NOT_APPLICABLE,,NOT_APPLICABLE,,NOT_APPLICABLE,,VERIFIED,UNRESOLVED,,225796,UNRESOLVED,,no existing verified Player Research closure
player_season/808,player_season,2021-22,,41328,,,NOT_APPLICABLE,,NOT_APPLICABLE,,NOT_APPLICABLE,,VERIFIED,UNRESOLVED,,41328,UNRESOLVED,,no existing verified Player Research closure
player_season/809,player_season,2021-22,,109533,,,NOT_APPLICABLE,,NOT_APPLICABLE,,NOT_APPLICABLE,,VERIFIED,UNRESOLVED,,109533,UNRESOLVED,,no existing verified Player Research closure
player_season/810,player_season,2021-22,,167767,,,NOT_APPLICABLE,,NOT_APPLICABLE,,NOT_APPLICABLE,,VERIFIED,UNRESOLVED,,167767,UNRESOLVED,,no existing verified Player Research closure
player_season/811,player_season,2021-22,,88894,,,NOT_APPLICABLE,,NOT_APPLICABLE,,NOT_APPLICABLE,,VERIFIED,UNRESOLVED,,88894,UNRESOLVED,,no existing verified Player Research closure
player_season/812,player_season,2021-22,,124183,,,NOT_APPLICABLE,,NOT_APPLICABLE,,NOT_APPLICABLE,,VERIFIED,UNRESOLVED,,124183,UNRESOLVED,,no existing verified Player Research closure
player_season/813,player_season,2021-22,,85955,,,NOT_APPLICABLE,,NOT_APPLICABLE,,NOT_APPLICABLE,,VERIFIED,UNRESOLVED,,85955,UNRESOLVED,,no existing verified Player Research closure
player_season/814,player_season,2021-22,,116594,,,NOT_APPLICABLE,,NOT_APPLICABLE,,NOT_APPLICABLE,,VERIFIED,UNRESOLVED,,116594,UNRESOLVED,,no existing verified Player Research closure
player_season/815,player_season,2021-22,,91651,,,NOT_APPLICABLE,,NOT_APPLICABLE,,NOT_APPLICABLE,,VERIFIED,UNRESOLVED,,91651,UNRESOLVED,,no existing verified Player Research closure
player_season/816,player_season,2021-22,,176413,,,NOT_APPLICABLE,,NOT_APPLICABLE,,NOT_APPLICABLE,,VERIFIED,UNRESOLVED,,176413,UNRESOLVED,,no existing verified Player Research closure
player_season/817,player_season,2021-22,,126187,,,NOT_APPLICABLE,,NOT_APPLICABLE,,NOT_APPLICABLE,,VERIFIED,UNRESOLVED,,126187,UNRESOLVED,,no existing verified Player Research closure
player_season/818,player_season,2021-22,,89335,,,NOT_APPLICABLE,,NOT_APPLICABLE,,NOT_APPLICABLE,,VERIFIED,UNRESOLVED,,89335,UNRESOLVED,,no existing verified Player Research closure
player_season/819,player_season,2021-22,,184341,,,NOT_APPLICABLE,,NOT_APPLICABLE,,NOT_APPLICABLE,,VERIFIED,UNRESOLVED,,184341,UNRESOLVED,,no existing verified Player Research closure
player_season/820,player_season,2021-22,,232787,,,NOT_APPLICABLE,,NOT_APPLICABLE,,NOT_APPLICABLE,,VERIFIED,UNRESOLVED,,232787,UNRESOLVED,,no existing verified Player Research closure
player_season/821,player_season,2021-22,,219847,,,NOT_APPLICABLE,,NOT_APPLICABLE,,NOT_APPLICABLE,,VERIFIED,UNRESOLVED,,219847,UNRESOLVED,,no existing verified Player Research closure
player_season/822,player_season,2021-22,,243568,,,NOT_APPLICABLE,,NOT_APPLICABLE,,NOT_APPLICABLE,,VERIFIED,UNRESOLVED,,243568,UNRESOLVED,,no existing verified Player Research closure
player_season/823,player_season,2021-22,,491785,,,NOT_APPLICABLE,,NOT_APPLICABLE,,NOT_APPLICABLE,,VERIFIED,UNRESOLVED,,491785,UNRESOLVED,,no existing verified Player Research closure
player_season/824,player_season,2021-22,,487838,,,NOT_APPLICABLE,,NOT_APPLICABLE,,NOT_APPLICABLE,,VERIFIED,UNRESOLVED,,487838,UNRESOLVED,,no existing verified Player Research closure
player_season/825,player_season,2021-22,,66749,,,NOT_APPLICABLE,,NOT_APPLICABLE,,NOT_APPLICABLE,,VERIFIED,UNRESOLVED,,66749,UNRESOLVED,,no existing verified Player Research closure
player_season/826,player_season,2021-22,,209046,,,NOT_APPLICABLE,,NOT_APPLICABLE,,NOT_APPLICABLE,,VERIFIED,UNRESOLVED,,209046,UNRESOLVED,,no existing verified Player Research closure
player_season/827,player_season,2021-22,,165153,,,NOT_APPLICABLE,,NOT_APPLICABLE,,NOT_APPLICABLE,,VERIFIED,UNRESOLVED,,165153,UNRESOLVED,,no existing verified Player Research closure
player_season/828,player_season,2021-22,,440323,,,NOT_APPLICABLE,,NOT_APPLICABLE,,NOT_APPLICABLE,,VERIFIED,UNRESOLVED,,440323,UNRESOLVED,,no existing verified Player Research closure
player_season/829,player_season,2021-22,,111234,,,NOT_APPLICABLE,,NOT_APPLICABLE,,NOT_APPLICABLE,,VERIFIED,UNRESOLVED,,111234,UNRESOLVED,,no existing verified Player Research closure
player_season/830,player_season,2021-22,,40349,,,NOT_APPLICABLE,,NOT_APPLICABLE,,NOT_APPLICABLE,,VERIFIED,UNRESOLVED,,40349,UNRESOLVED,,no existing verified Player Research closure
player_season/831,player_season,2021-22,,11948,,,NOT_APPLICABLE,,NOT_APPLICABLE,,NOT_APPLICABLE,,VERIFIED,UNRESOLVED,,11948,UNRESOLVED,,no existing verified Player Research closure
player_season/832,player_season,2021-22,,447325,,,NOT_APPLICABLE,,NOT_APPLICABLE,,NOT_APPLICABLE,,VERIFIED,UNRESOLVED,,447325,UNRESOLVED,,no existing verified Player Research closure
player_season/833,player_season,2021-22,,153673,,,NOT_APPLICABLE,,NOT_APPLICABLE,,NOT_APPLICABLE,,VERIFIED,UNRESOLVED,,153673,UNRESOLVED,,no existing verified Player Research closure
player_season/834,player_season,2021-22,,243571,,,NOT_APPLICABLE,,NOT_APPLICABLE,,NOT_APPLICABLE,,VERIFIED,UNRESOLVED,,243571,UNRESOLVED,,no existing verified Player Research closure
player_season/835,player_season,2021-22,,194164,,,NOT_APPLICABLE,,NOT_APPLICABLE,,NOT_APPLICABLE,,VERIFIED,UNRESOLVED,,194164,UNRESOLVED,,no existing verified Player Research closure
player_season/836,player_season,2021-22,,106611,,,NOT_APPLICABLE,,NOT_APPLICABLE,,NOT_APPLICABLE,,VERIFIED,UNRESOLVED,,106611,UNRESOLVED,,no existing verified Player Research closure
player_season/837,player_season,2021-22,,164511,,,NOT_APPLICABLE,,NOT_APPLICABLE,,NOT_APPLICABLE,,VERIFIED,UNRESOLVED,,164511,UNRESOLVED,,no existing verified Player Research closure
player_season/838,player_season,2021-22,,495542,,,NOT_APPLICABLE,,NOT_APPLICABLE,,NOT_APPLICABLE,,VERIFIED,UNRESOLVED,,495542,UNRESOLVED,,no existing verified Player Research closure
player_season/839,player_season,2021-22,,224967,,,NOT_APPLICABLE,,NOT_APPLICABLE,,NOT_APPLICABLE,,VERIFIED,UNRESOLVED,,224967,UNRESOLVED,,no existing verified Player Research closure
player_season/840,player_season,2021-22,,198826,,,NOT_APPLICABLE,,NOT_APPLICABLE,,NOT_APPLICABLE,,VERIFIED,UNRESOLVED,,198826,UNRESOLVED,,no existing verified Player Research closure
player_season/841,player_season,2021-22,,59949,,,NOT_APPLICABLE,,NOT_APPLICABLE,,NOT_APPLICABLE,,VERIFIED,UNRESOLVED,,59949,UNRESOLVED,,no existing verified Player Research closure
player_season/842,player_season,2021-22,,480455,,,NOT_APPLICABLE,,NOT_APPLICABLE,,NOT_APPLICABLE,,VERIFIED,UNRESOLVED,,480455,UNRESOLVED,,no existing verified Player Research closure
player_season/843,player_season,2021-22,,474907,,,NOT_APPLICABLE,,NOT_APPLICABLE,,NOT_APPLICABLE,,VERIFIED,UNRESOLVED,,474907,UNRESOLVED,,no existing verified Player Research closure
player_season/844,player_season,2021-22,,119765,,,NOT_APPLICABLE,,NOT_APPLICABLE,,NOT_APPLICABLE,,VERIFIED,UNRESOLVED,,119765,UNRESOLVED,,no existing verified Player Research closure
player_season/845,player_season,2021-22,,41823,,,NOT_APPLICABLE,,NOT_APPLICABLE,,NOT_APPLICABLE,,VERIFIED,UNRESOLVED,,41823,UNRESOLVED,,no existing verified Player Research closure
player_season/846,player_season,2021-22,,60252,,,NOT_APPLICABLE,,NOT_APPLICABLE,,NOT_APPLICABLE,,VERIFIED,UNRESOLVED,,60252,UNRESOLVED,,no existing verified Player Research closure
player_season/847,player_season,2021-22,,121599,,,NOT_APPLICABLE,,NOT_APPLICABLE,,NOT_APPLICABLE,,VERIFIED,UNRESOLVED,,121599,UNRESOLVED,,no existing verified Player Research closure
player_season/848,player_season,2021-22,,108823,,,NOT_APPLICABLE,,NOT_APPLICABLE,,NOT_APPLICABLE,,VERIFIED,UNRESOLVED,,108823,UNRESOLVED,,no existing verified Player Research closure
player_season/849,player_season,2021-22,,120250,,,NOT_APPLICABLE,,NOT_APPLICABLE,,NOT_APPLICABLE,,VERIFIED,UNRESOLVED,,120250,UNRESOLVED,,no existing verified Player Research closure
player_season/850,player_season,2021-22,,160987,,,NOT_APPLICABLE,,NOT_APPLICABLE,,NOT_APPLICABLE,,VERIFIED,UNRESOLVED,,160987,UNRESOLVED,,no existing verified Player Research closure
player_season/851,player_season,2021-22,,173807,,,NOT_APPLICABLE,,NOT_APPLICABLE,,NOT_APPLICABLE,,VERIFIED,UNRESOLVED,,173807,UNRESOLVED,,no existing verified Player Research closure
player_season/852,player_season,2021-22,,180184,,,NOT_APPLICABLE,,NOT_APPLICABLE,,NOT_APPLICABLE,,VERIFIED,UNRESOLVED,,180184,UNRESOLVED,,no existing verified Player Research closure
player_season/853,player_season,2021-22,,193488,,,NOT_APPLICABLE,,NOT_APPLICABLE,,NOT_APPLICABLE,,VERIFIED,UNRESOLVED,,193488,UNRESOLVED,,no existing verified Player Research closure
player_season/854,player_season,2021-22,,491556,,,NOT_APPLICABLE,,NOT_APPLICABLE,,NOT_APPLICABLE,,VERIFIED,UNRESOLVED,,491556,UNRESOLVED,,no existing verified Player Research closure
player_season/855,player_season,2021-22,,491559,,,NOT_APPLICABLE,,NOT_APPLICABLE,,NOT_APPLICABLE,,VERIFIED,UNRESOLVED,,491559,UNRESOLVED,,no existing verified Player Research closure
player_season/856,player_season,2021-22,,461446,,,NOT_APPLICABLE,,NOT_APPLICABLE,,NOT_APPLICABLE,,VERIFIED,UNRESOLVED,,461446,UNRESOLVED,,no existing verified Player Research closure
player_season/857,player_season,2021-22,,212319,,,NOT_APPLICABLE,,NOT_APPLICABLE,,NOT_APPLICABLE,,VERIFIED,UNRESOLVED,,212319,UNRESOLVED,,no existing verified Player Research closure
player_season/858,player_season,2021-22,,177815,,,NOT_APPLICABLE,,NOT_APPLICABLE,,NOT_APPLICABLE,,VERIFIED,UNRESOLVED,,177815,UNRESOLVED,,no existing verified Player Research closure
player_season/859,player_season,2021-22,,232826,,,NOT_APPLICABLE,,NOT_APPLICABLE,,NOT_APPLICABLE,,VERIFIED,UNRESOLVED,,232826,UNRESOLVED,,no existing verified Player Research closure
player_season/860,player_season,2021-22,,172632,,,NOT_APPLICABLE,,NOT_APPLICABLE,,NOT_APPLICABLE,,VERIFIED,UNRESOLVED,,172632,UNRESOLVED,,no existing verified Player Research closure
player_season/861,player_season,2021-22,,153133,,,NOT_APPLICABLE,,NOT_APPLICABLE,,NOT_APPLICABLE,,VERIFIED,UNRESOLVED,,153133,UNRESOLVED,,no existing verified Player Research closure
player_season/862,player_season,2021-22,,66838,,,NOT_APPLICABLE,,NOT_APPLICABLE,,NOT_APPLICABLE,,VERIFIED,UNRESOLVED,,66838,UNRESOLVED,,no existing verified Player Research closure
player_season/863,player_season,2021-22,,242058,,,NOT_APPLICABLE,,NOT_APPLICABLE,,NOT_APPLICABLE,,VERIFIED,UNRESOLVED,,242058,UNRESOLVED,,no existing verified Player Research closure
player_season/864,player_season,2021-22,,57134,,,NOT_APPLICABLE,,NOT_APPLICABLE,,NOT_APPLICABLE,,VERIFIED,UNRESOLVED,,57134,UNRESOLVED,,no existing verified Player Research closure
player_season/865,player_season,2021-22,,173818,,,NOT_APPLICABLE,,NOT_APPLICABLE,,NOT_APPLICABLE,,VERIFIED,UNRESOLVED,,173818,UNRESOLVED,,no existing verified Player Research closure
player_season/866,player_season,2021-22,,218997,,,NOT_APPLICABLE,,NOT_APPLICABLE,,NOT_APPLICABLE,,VERIFIED,UNRESOLVED,,218997,UNRESOLVED,,no existing verified Player Research closure
player_season/867,player_season,2021-22,,461421,,,NOT_APPLICABLE,,NOT_APPLICABLE,,NOT_APPLICABLE,,VERIFIED,UNRESOLVED,,461421,UNRESOLVED,,no existing verified Player Research closure
player_season/868,player_season,2021-22,,437495,,,NOT_APPLICABLE,,NOT_APPLICABLE,,NOT_APPLICABLE,,VERIFIED,UNRESOLVED,,437495,UNRESOLVED,,no existing verified Player Research closure
player_season/869,player_season,2021-22,,223081,,,NOT_APPLICABLE,,NOT_APPLICABLE,,NOT_APPLICABLE,,VERIFIED,UNRESOLVED,,223081,UNRESOLVED,,no existing verified Player Research closure
player_season/870,player_season,2021-22,,66588,,,NOT_APPLICABLE,,NOT_APPLICABLE,,NOT_APPLICABLE,,VERIFIED,UNRESOLVED,,66588,UNRESOLVED,,no existing verified Player Research closure
player_season/871,player_season,2021-22,,443967,,,NOT_APPLICABLE,,NOT_APPLICABLE,,NOT_APPLICABLE,,VERIFIED,UNRESOLVED,,443967,UNRESOLVED,,no existing verified Player Research closure
player_season/872,player_season,2021-22,,492373,,,NOT_APPLICABLE,,NOT_APPLICABLE,,NOT_APPLICABLE,,VERIFIED,UNRESOLVED,,492373,UNRESOLVED,,no existing verified Player Research closure
player_season/873,player_season,2021-22,,193645,,,NOT_APPLICABLE,,NOT_APPLICABLE,,NOT_APPLICABLE,,VERIFIED,UNRESOLVED,,193645,UNRESOLVED,,no existing verified Player Research closure
player_season/874,player_season,2021-22,,55914,,,NOT_APPLICABLE,,NOT_APPLICABLE,,NOT_APPLICABLE,,VERIFIED,UNRESOLVED,,55914,UNRESOLVED,,no existing verified Player Research closure
player_season/875,player_season,2021-22,,149915,,,NOT_APPLICABLE,,NOT_APPLICABLE,,NOT_APPLICABLE,,VERIFIED,UNRESOLVED,,149915,UNRESOLVED,,no existing verified Player Research closure
player_season/876,player_season,2021-22,,87873,,,NOT_APPLICABLE,,NOT_APPLICABLE,,NOT_APPLICABLE,,VERIFIED,UNRESOLVED,,87873,UNRESOLVED,,no existing verified Player Research closure
player_season/877,player_season,2021-22,,222694,,,NOT_APPLICABLE,,NOT_APPLICABLE,,NOT_APPLICABLE,,VERIFIED,UNRESOLVED,,222694,UNRESOLVED,,no existing verified Player Research closure
player_season/878,player_season,2021-22,,477547,,,NOT_APPLICABLE,,NOT_APPLICABLE,,NOT_APPLICABLE,,VERIFIED,UNRESOLVED,,477547,UNRESOLVED,,no existing verified Player Research closure
player_season/879,player_season,2021-22,,433590,,,NOT_APPLICABLE,,NOT_APPLICABLE,,NOT_APPLICABLE,,VERIFIED,UNRESOLVED,,433590,UNRESOLVED,,no existing verified Player Research closure
player_season/880,player_season,2021-22,,513852,,,NOT_APPLICABLE,,NOT_APPLICABLE,,NOT_APPLICABLE,,VERIFIED,UNRESOLVED,,513852,UNRESOLVED,,no existing verified Player Research closure
player_season/881,player_season,2021-22,,80179,,,NOT_APPLICABLE,,NOT_APPLICABLE,,NOT_APPLICABLE,,VERIFIED,UNRESOLVED,,80179,UNRESOLVED,,no existing verified Player Research closure
player_season/882,player_season,2021-22,,221399,,,NOT_APPLICABLE,,NOT_APPLICABLE,,NOT_APPLICABLE,,VERIFIED,UNRESOLVED,,221399,UNRESOLVED,,no existing verified Player Research closure
player_season/883,player_season,2021-22,,221610,,,NOT_APPLICABLE,,NOT_APPLICABLE,,NOT_APPLICABLE,,VERIFIED,UNRESOLVED,,221610,UNRESOLVED,,no existing verified Player Research closure
player_season/884,player_season,2021-22,,200617,,,NOT_APPLICABLE,,NOT_APPLICABLE,,NOT_APPLICABLE,,VERIFIED,UNRESOLVED,,200617,UNRESOLVED,,no existing verified Player Research closure
player_season/885,player_season,2021-22,,547701,,,NOT_APPLICABLE,,NOT_APPLICABLE,,NOT_APPLICABLE,,VERIFIED,UNRESOLVED,,547701,UNRESOLVED,,no existing verified Player Research closure
player_season/886,player_season,2021-22,,155405,,,NOT_APPLICABLE,,NOT_APPLICABLE,,NOT_APPLICABLE,,VERIFIED,UNRESOLVED,,155405,UNRESOLVED,,no existing verified Player Research closure
player_season/887,player_season,2021-22,,450529,,,NOT_APPLICABLE,,NOT_APPLICABLE,,NOT_APPLICABLE,,VERIFIED,UNRESOLVED,,450529,UNRESOLVED,,no existing verified Player Research closure
player_season/888,player_season,2021-22,,473342,,,NOT_APPLICABLE,,NOT_APPLICABLE,,NOT_APPLICABLE,,VERIFIED,UNRESOLVED,,473342,UNRESOLVED,,no existing verified Player Research closure
player_season/889,player_season,2021-22,,72222,,,NOT_APPLICABLE,,NOT_APPLICABLE,,NOT_APPLICABLE,,VERIFIED,UNRESOLVED,,72222,UNRESOLVED,,no existing verified Player Research closure
player_season/890,player_season,2021-22,,464618,,,NOT_APPLICABLE,,NOT_APPLICABLE,,NOT_APPLICABLE,,VERIFIED,UNRESOLVED,,464618,UNRESOLVED,,no existing verified Player Research closure
player_season/891,player_season,2021-22,,492374,,,NOT_APPLICABLE,,NOT_APPLICABLE,,NOT_APPLICABLE,,VERIFIED,UNRESOLVED,,492374,UNRESOLVED,,no existing verified Player Research closure
player_season/892,player_season,2021-22,,469249,,,NOT_APPLICABLE,,NOT_APPLICABLE,,NOT_APPLICABLE,,VERIFIED,UNRESOLVED,,469249,UNRESOLVED,,no existing verified Player Research closure
player_season/893,player_season,2021-22,,165808,,,NOT_APPLICABLE,,NOT_APPLICABLE,,NOT_APPLICABLE,,VERIFIED,UNRESOLVED,,165808,UNRESOLVED,,no existing verified Player Research closure
player_season/894,player_season,2021-22,,106617,,,NOT_APPLICABLE,,NOT_APPLICABLE,,NOT_APPLICABLE,,VERIFIED,UNRESOLVED,,106617,UNRESOLVED,,no existing verified Player Research closure
player_season/895,player_season,2021-22,,450070,,,NOT_APPLICABLE,,NOT_APPLICABLE,,NOT_APPLICABLE,,VERIFIED,UNRESOLVED,,450070,UNRESOLVED,,no existing verified Player Research closure
player_season/896,player_season,2021-22,,219961,,,NOT_APPLICABLE,,NOT_APPLICABLE,,NOT_APPLICABLE,,VERIFIED,UNRESOLVED,,219961,UNRESOLVED,,no existing verified Player Research closure
player_season/897,player_season,2021-22,,173821,,,NOT_APPLICABLE,,NOT_APPLICABLE,,NOT_APPLICABLE,,VERIFIED,UNRESOLVED,,173821,UNRESOLVED,,no existing verified Player Research closure
player_season/898,player_season,2021-22,,80954,,,NOT_APPLICABLE,,NOT_APPLICABLE,,NOT_APPLICABLE,,VERIFIED,UNRESOLVED,,80954,UNRESOLVED,,no existing verified Player Research closure
player_season/899,player_season,2021-22,,248937,,,NOT_APPLICABLE,,NOT_APPLICABLE,,NOT_APPLICABLE,,VERIFIED,UNRESOLVED,,248937,UNRESOLVED,,no existing verified Player Research closure
player_season/900,player_season,2021-22,,462635,,,NOT_APPLICABLE,,NOT_APPLICABLE,,NOT_APPLICABLE,,VERIFIED,UNRESOLVED,,462635,UNRESOLVED,,no existing verified Player Research closure
player_season/901,player_season,2021-22,,95463,,,NOT_APPLICABLE,,NOT_APPLICABLE,,NOT_APPLICABLE,,VERIFIED,UNRESOLVED,,95463,UNRESOLVED,,no existing verified Player Research closure
player_season/902,player_season,2021-22,,17745,,,NOT_APPLICABLE,,NOT_APPLICABLE,,NOT_APPLICABLE,,VERIFIED,UNRESOLVED,,17745,UNRESOLVED,,no existing verified Player Research closure
player_season/903,player_season,2021-22,,11974,,,NOT_APPLICABLE,,NOT_APPLICABLE,,NOT_APPLICABLE,,VERIFIED,UNRESOLVED,,11974,UNRESOLVED,,no existing verified Player Research closure
player_season/904,player_season,2021-22,,220627,,,NOT_APPLICABLE,,NOT_APPLICABLE,,NOT_APPLICABLE,,VERIFIED,UNRESOLVED,,220627,UNRESOLVED,,no existing verified Player Research closure
player_season/905,player_season,2021-22,,444463,,,NOT_APPLICABLE,,NOT_APPLICABLE,,NOT_APPLICABLE,,VERIFIED,UNRESOLVED,,444463,UNRESOLVED,,no existing verified Player Research closure
player_season/906,player_season,2021-22,,218031,,,NOT_APPLICABLE,,NOT_APPLICABLE,,NOT_APPLICABLE,,VERIFIED,UNRESOLVED,,218031,UNRESOLVED,,no existing verified Player Research closure
player_season/907,player_season,2021-22,,40146,,,NOT_APPLICABLE,,NOT_APPLICABLE,,NOT_APPLICABLE,,VERIFIED,UNRESOLVED,,40146,UNRESOLVED,,no existing verified Player Research closure
player_season/908,player_season,2021-22,,37642,,,NOT_APPLICABLE,,NOT_APPLICABLE,,NOT_APPLICABLE,,VERIFIED,UNRESOLVED,,37642,UNRESOLVED,,no existing verified Player Research closure
player_season/909,player_season,2021-22,,155569,,,NOT_APPLICABLE,,NOT_APPLICABLE,,NOT_APPLICABLE,,VERIFIED,UNRESOLVED,,155569,UNRESOLVED,,no existing verified Player Research closure
player_season/910,player_season,2021-22,,111931,,,NOT_APPLICABLE,,NOT_APPLICABLE,,NOT_APPLICABLE,,VERIFIED,UNRESOLVED,,111931,UNRESOLVED,,no existing verified Player Research closure
player_season/911,player_season,2021-22,,93100,,,NOT_APPLICABLE,,NOT_APPLICABLE,,NOT_APPLICABLE,,VERIFIED,UNRESOLVED,,93100,UNRESOLVED,,no existing verified Player Research closure
player_season/912,player_season,2021-22,,166477,,,NOT_APPLICABLE,,NOT_APPLICABLE,,NOT_APPLICABLE,,VERIFIED,UNRESOLVED,,166477,UNRESOLVED,,no existing verified Player Research closure
player_season/913,player_season,2021-22,,244619,,,NOT_APPLICABLE,,NOT_APPLICABLE,,NOT_APPLICABLE,,VERIFIED,UNRESOLVED,,244619,UNRESOLVED,,no existing verified Player Research closure
player_season/914,player_season,2021-22,,232620,,,NOT_APPLICABLE,,NOT_APPLICABLE,,NOT_APPLICABLE,,VERIFIED,UNRESOLVED,,232620,UNRESOLVED,,no existing verified Player Research closure
player_season/915,player_season,2021-22,,501770,,,NOT_APPLICABLE,,NOT_APPLICABLE,,NOT_APPLICABLE,,VERIFIED,UNRESOLVED,,501770,UNRESOLVED,,no existing verified Player Research closure
player_season/916,player_season,2021-22,,201666,,,NOT_APPLICABLE,,NOT_APPLICABLE,,NOT_APPLICABLE,,VERIFIED,UNRESOLVED,,201666,UNRESOLVED,,no existing verified Player Research closure
player_season/917,player_season,2021-22,,166989,,,NOT_APPLICABLE,,NOT_APPLICABLE,,NOT_APPLICABLE,,VERIFIED,UNRESOLVED,,166989,UNRESOLVED,,no existing verified Player Research closure
player_season/918,player_season,2021-22,,172780,,,NOT_APPLICABLE,,NOT_APPLICABLE,,NOT_APPLICABLE,,VERIFIED,UNRESOLVED,,172780,UNRESOLVED,,no existing verified Player Research closure
player_season/919,player_season,2021-22,,51938,,,NOT_APPLICABLE,,NOT_APPLICABLE,,NOT_APPLICABLE,,VERIFIED,UNRESOLVED,,51938,UNRESOLVED,,no existing verified Player Research closure
player_season/920,player_season,2021-22,,197469,,,NOT_APPLICABLE,,NOT_APPLICABLE,,NOT_APPLICABLE,,VERIFIED,UNRESOLVED,,197469,UNRESOLVED,,no existing verified Player Research closure
player_season/921,player_season,2021-22,,215413,,,NOT_APPLICABLE,,NOT_APPLICABLE,,NOT_APPLICABLE,,VERIFIED,UNRESOLVED,,215413,UNRESOLVED,,no existing verified Player Research closure
player_season/922,player_season,2021-22,,86881,,,NOT_APPLICABLE,,NOT_APPLICABLE,,NOT_APPLICABLE,,VERIFIED,UNRESOLVED,,86881,UNRESOLVED,,no existing verified Player Research closure
player_season/923,player_season,2021-22,,225902,,,NOT_APPLICABLE,,NOT_APPLICABLE,,NOT_APPLICABLE,,VERIFIED,UNRESOLVED,,225902,UNRESOLVED,,no existing verified Player Research closure
player_season/924,player_season,2021-22,,203341,,,NOT_APPLICABLE,,NOT_APPLICABLE,,NOT_APPLICABLE,,VERIFIED,UNRESOLVED,,203341,UNRESOLVED,,no existing verified Player Research closure
player_season/925,player_season,2021-22,,106837,,,NOT_APPLICABLE,,NOT_APPLICABLE,,NOT_APPLICABLE,,VERIFIED,UNRESOLVED,,106837,UNRESOLVED,,no existing verified Player Research closure
player_season/926,player_season,2021-22,,461587,,,NOT_APPLICABLE,,NOT_APPLICABLE,,NOT_APPLICABLE,,VERIFIED,UNRESOLVED,,461587,UNRESOLVED,,no existing verified Player Research closure
player_season/927,player_season,2021-22,,101668,,,NOT_APPLICABLE,,NOT_APPLICABLE,,NOT_APPLICABLE,,VERIFIED,UNRESOLVED,,101668,UNRESOLVED,,no existing verified Player Research closure
player_season/928,player_season,2021-22,,173515,,,NOT_APPLICABLE,,NOT_APPLICABLE,,NOT_APPLICABLE,,VERIFIED,UNRESOLVED,,173515,UNRESOLVED,,no existing verified Player Research closure
player_season/929,player_season,2021-22,,168580,,,NOT_APPLICABLE,,NOT_APPLICABLE,,NOT_APPLICABLE,,VERIFIED,UNRESOLVED,,168580,UNRESOLVED,,no existing verified Player Research closure
player_season/930,player_season,2021-22,,245419,,,NOT_APPLICABLE,,NOT_APPLICABLE,,NOT_APPLICABLE,,VERIFIED,UNRESOLVED,,245419,UNRESOLVED,,no existing verified Player Research closure
player_season/931,player_season,2021-22,,219352,,,NOT_APPLICABLE,,NOT_APPLICABLE,,NOT_APPLICABLE,,VERIFIED,UNRESOLVED,,219352,UNRESOLVED,,no existing verified Player Research closure
player_season/932,player_season,2021-22,,116535,,,NOT_APPLICABLE,,NOT_APPLICABLE,,NOT_APPLICABLE,,VERIFIED,UNRESOLVED,,116535,UNRESOLVED,,no existing verified Player Research closure
player_season/933,player_season,2021-22,,60706,,,NOT_APPLICABLE,,NOT_APPLICABLE,,NOT_APPLICABLE,,VERIFIED,UNRESOLVED,,60706,UNRESOLVED,,no existing verified Player Research closure
player_season/934,player_season,2021-22,,443629,,,NOT_APPLICABLE,,NOT_APPLICABLE,,NOT_APPLICABLE,,VERIFIED,UNRESOLVED,,443629,UNRESOLVED,,no existing verified Player Research closure
player_season/935,player_season,2021-22,,200720,,,NOT_APPLICABLE,,NOT_APPLICABLE,,NOT_APPLICABLE,,VERIFIED,UNRESOLVED,,200720,UNRESOLVED,,no existing verified Player Research closure
player_season/936,player_season,2021-22,,171287,,,NOT_APPLICABLE,,NOT_APPLICABLE,,NOT_APPLICABLE,,VERIFIED,UNRESOLVED,,171287,UNRESOLVED,,no existing verified Player Research closure
player_season/937,player_season,2021-22,,97032,,,NOT_APPLICABLE,,NOT_APPLICABLE,,NOT_APPLICABLE,,VERIFIED,UNRESOLVED,,97032,UNRESOLVED,,no existing verified Player Research closure
player_season/938,player_season,2021-22,,204716,,,NOT_APPLICABLE,,NOT_APPLICABLE,,NOT_APPLICABLE,,VERIFIED,UNRESOLVED,,204716,UNRESOLVED,,no existing verified Player Research closure
player_season/939,player_season,2021-22,,214285,,,NOT_APPLICABLE,,NOT_APPLICABLE,,NOT_APPLICABLE,,VERIFIED,UNRESOLVED,,214285,UNRESOLVED,,no existing verified Player Research closure
player_season/940,player_season,2021-22,,122798,,,NOT_APPLICABLE,,NOT_APPLICABLE,,NOT_APPLICABLE,,VERIFIED,UNRESOLVED,,122798,UNRESOLVED,,no existing verified Player Research closure
player_season/941,player_season,2021-22,,60914,,,NOT_APPLICABLE,,NOT_APPLICABLE,,NOT_APPLICABLE,,VERIFIED,UNRESOLVED,,60914,UNRESOLVED,,no existing verified Player Research closure
player_season/942,player_season,2021-22,,219937,,,NOT_APPLICABLE,,NOT_APPLICABLE,,NOT_APPLICABLE,,VERIFIED,UNRESOLVED,,219937,UNRESOLVED,,no existing verified Player Research closure
player_season/943,player_season,2021-22,,197464,,,NOT_APPLICABLE,,NOT_APPLICABLE,,NOT_APPLICABLE,,VERIFIED,UNRESOLVED,,197464,UNRESOLVED,,no existing verified Player Research closure
player_season/944,player_season,2021-22,,430992,,,NOT_APPLICABLE,,NOT_APPLICABLE,,NOT_APPLICABLE,,VERIFIED,UNRESOLVED,,430992,UNRESOLVED,,no existing verified Player Research closure
player_season/945,player_season,2021-22,,169187,,,NOT_APPLICABLE,,NOT_APPLICABLE,,NOT_APPLICABLE,,VERIFIED,UNRESOLVED,,169187,UNRESOLVED,,no existing verified Player Research closure
player_season/946,player_season,2021-22,,215136,,,NOT_APPLICABLE,,NOT_APPLICABLE,,NOT_APPLICABLE,,VERIFIED,UNRESOLVED,,215136,UNRESOLVED,,no existing verified Player Research closure
player_season/947,player_season,2021-22,,441428,,,NOT_APPLICABLE,,NOT_APPLICABLE,,NOT_APPLICABLE,,VERIFIED,UNRESOLVED,,441428,UNRESOLVED,,no existing verified Player Research closure
player_season/948,player_season,2021-22,,492777,,,NOT_APPLICABLE,,NOT_APPLICABLE,,NOT_APPLICABLE,,VERIFIED,UNRESOLVED,,492777,UNRESOLVED,,no existing verified Player Research closure
player_season/949,player_season,2021-22,,116643,,,NOT_APPLICABLE,,NOT_APPLICABLE,,NOT_APPLICABLE,,VERIFIED,UNRESOLVED,,116643,UNRESOLVED,,no existing verified Player Research closure
player_season/950,player_season,2021-22,,61558,,,NOT_APPLICABLE,,NOT_APPLICABLE,,NOT_APPLICABLE,,VERIFIED,UNRESOLVED,,61558,UNRESOLVED,,no existing verified Player Research closure
player_season/951,player_season,2021-22,,15157,,,NOT_APPLICABLE,,NOT_APPLICABLE,,NOT_APPLICABLE,,VERIFIED,UNRESOLVED,,15157,UNRESOLVED,,no existing verified Player Research closure
player_season/952,player_season,2021-22,,175592,,,NOT_APPLICABLE,,NOT_APPLICABLE,,NOT_APPLICABLE,,VERIFIED,UNRESOLVED,,175592,UNRESOLVED,,no existing verified Player Research closure
player_season/953,player_season,2021-22,,56979,,,NOT_APPLICABLE,,NOT_APPLICABLE,,NOT_APPLICABLE,,VERIFIED,UNRESOLVED,,56979,UNRESOLVED,,no existing verified Player Research closure
player_season/954,player_season,2021-22,,81880,,,NOT_APPLICABLE,,NOT_APPLICABLE,,NOT_APPLICABLE,,VERIFIED,UNRESOLVED,,81880,UNRESOLVED,,no existing verified Player Research closure
player_season/955,player_season,2021-22,,206915,,,NOT_APPLICABLE,,NOT_APPLICABLE,,NOT_APPLICABLE,,VERIFIED,UNRESOLVED,,206915,UNRESOLVED,,no existing verified Player Research closure
player_season/956,player_season,2021-22,,444884,,,NOT_APPLICABLE,,NOT_APPLICABLE,,NOT_APPLICABLE,,VERIFIED,UNRESOLVED,,444884,UNRESOLVED,,no existing verified Player Research closure
player_season/957,player_season,2021-22,,440148,,,NOT_APPLICABLE,,NOT_APPLICABLE,,NOT_APPLICABLE,,VERIFIED,UNRESOLVED,,440148,UNRESOLVED,,no existing verified Player Research closure
player_season/958,player_season,2021-22,,244731,,,NOT_APPLICABLE,,NOT_APPLICABLE,,NOT_APPLICABLE,,VERIFIED,UNRESOLVED,,244731,UNRESOLVED,,no existing verified Player Research closure
player_season/959,player_season,2021-22,,92217,,,NOT_APPLICABLE,,NOT_APPLICABLE,,NOT_APPLICABLE,,VERIFIED,UNRESOLVED,,92217,UNRESOLVED,,no existing verified Player Research closure
player_season/960,player_season,2021-22,,110979,,,NOT_APPLICABLE,,NOT_APPLICABLE,,NOT_APPLICABLE,,VERIFIED,UNRESOLVED,,110979,UNRESOLVED,,no existing verified Player Research closure
player_season/961,player_season,2021-22,,118748,,,NOT_APPLICABLE,,NOT_APPLICABLE,,NOT_APPLICABLE,,VERIFIED,UNRESOLVED,,118748,UNRESOLVED,,no existing verified Player Research closure
player_season/962,player_season,2021-22,,157882,,,NOT_APPLICABLE,,NOT_APPLICABLE,,NOT_APPLICABLE,,VERIFIED,UNRESOLVED,,157882,UNRESOLVED,,no existing verified Player Research closure
player_season/963,player_season,2021-22,,194634,,,NOT_APPLICABLE,,NOT_APPLICABLE,,NOT_APPLICABLE,,VERIFIED,UNRESOLVED,,194634,UNRESOLVED,,no existing verified Player Research closure
player_season/964,player_season,2021-22,,152760,,,NOT_APPLICABLE,,NOT_APPLICABLE,,NOT_APPLICABLE,,VERIFIED,UNRESOLVED,,152760,UNRESOLVED,,no existing verified Player Research closure
player_season/965,player_season,2021-22,,496185,,,NOT_APPLICABLE,,NOT_APPLICABLE,,NOT_APPLICABLE,,VERIFIED,UNRESOLVED,,496185,UNRESOLVED,,no existing verified Player Research closure
player_season/966,player_season,2021-22,,182436,,,NOT_APPLICABLE,,NOT_APPLICABLE,,NOT_APPLICABLE,,VERIFIED,UNRESOLVED,,182436,UNRESOLVED,,no existing verified Player Research closure
player_season/967,player_season,2021-22,,164484,,,NOT_APPLICABLE,,NOT_APPLICABLE,,NOT_APPLICABLE,,VERIFIED,UNRESOLVED,,164484,UNRESOLVED,,no existing verified Player Research closure
player_season/968,player_season,2021-22,,121160,,,NOT_APPLICABLE,,NOT_APPLICABLE,,NOT_APPLICABLE,,VERIFIED,UNRESOLVED,,121160,UNRESOLVED,,no existing verified Player Research closure
player_season/969,player_season,2021-22,,17601,,,NOT_APPLICABLE,,NOT_APPLICABLE,,NOT_APPLICABLE,,VERIFIED,UNRESOLVED,,17601,UNRESOLVED,,no existing verified Player Research closure
player_season/970,player_season,2021-22,,434044,,,NOT_APPLICABLE,,NOT_APPLICABLE,,NOT_APPLICABLE,,VERIFIED,UNRESOLVED,,434044,UNRESOLVED,,no existing verified Player Research closure
player_season/971,player_season,2021-22,,58621,,,NOT_APPLICABLE,,NOT_APPLICABLE,,NOT_APPLICABLE,,VERIFIED,UNRESOLVED,,58621,UNRESOLVED,,no existing verified Player Research closure
player_season/972,player_season,2021-22,,171314,,,NOT_APPLICABLE,,NOT_APPLICABLE,,NOT_APPLICABLE,,VERIFIED,UNRESOLVED,,171314,UNRESOLVED,,no existing verified Player Research closure
player_season/973,player_season,2021-22,,97299,,,NOT_APPLICABLE,,NOT_APPLICABLE,,NOT_APPLICABLE,,VERIFIED,UNRESOLVED,,97299,UNRESOLVED,,no existing verified Player Research closure
player_season/974,player_season,2021-22,,126184,,,NOT_APPLICABLE,,NOT_APPLICABLE,,NOT_APPLICABLE,,VERIFIED,UNRESOLVED,,126184,UNRESOLVED,,no existing verified Player Research closure
player_season/975,player_season,2021-22,,121145,,,NOT_APPLICABLE,,NOT_APPLICABLE,,NOT_APPLICABLE,,VERIFIED,UNRESOLVED,,121145,UNRESOLVED,,no existing verified Player Research closure
player_season/976,player_season,2021-22,,206325,,,NOT_APPLICABLE,,NOT_APPLICABLE,,NOT_APPLICABLE,,VERIFIED,UNRESOLVED,,206325,UNRESOLVED,,no existing verified Player Research closure
player_season/977,player_season,2021-22,,146941,,,NOT_APPLICABLE,,NOT_APPLICABLE,,NOT_APPLICABLE,,VERIFIED,UNRESOLVED,,146941,UNRESOLVED,,no existing verified Player Research closure
player_season/978,player_season,2021-22,,102826,,,NOT_APPLICABLE,,NOT_APPLICABLE,,NOT_APPLICABLE,,VERIFIED,UNRESOLVED,,102826,UNRESOLVED,,no existing verified Player Research closure
player_season/979,player_season,2021-22,,432711,,,NOT_APPLICABLE,,NOT_APPLICABLE,,NOT_APPLICABLE,,VERIFIED,UNRESOLVED,,432711,UNRESOLVED,,no existing verified Player Research closure
player_season/980,player_season,2021-22,,439510,,,NOT_APPLICABLE,,NOT_APPLICABLE,,NOT_APPLICABLE,,VERIFIED,UNRESOLVED,,439510,UNRESOLVED,,no existing verified Player Research closure
player_season/981,player_season,2021-22,,447880,,,NOT_APPLICABLE,,NOT_APPLICABLE,,NOT_APPLICABLE,,VERIFIED,UNRESOLVED,,447880,UNRESOLVED,,no existing verified Player Research closure
player_season/982,player_season,2021-22,,59859,,,NOT_APPLICABLE,,NOT_APPLICABLE,,NOT_APPLICABLE,,VERIFIED,UNRESOLVED,,59859,UNRESOLVED,,no existing verified Player Research closure
player_season/983,player_season,2021-22,,114283,,,NOT_APPLICABLE,,NOT_APPLICABLE,,NOT_APPLICABLE,,VERIFIED,UNRESOLVED,,114283,UNRESOLVED,,no existing verified Player Research closure
player_season/984,player_season,2021-22,,220566,,,NOT_APPLICABLE,,NOT_APPLICABLE,,NOT_APPLICABLE,,VERIFIED,UNRESOLVED,,220566,UNRESOLVED,,no existing verified Player Research closure
player_season/985,player_season,2021-22,,61366,,,NOT_APPLICABLE,,NOT_APPLICABLE,,NOT_APPLICABLE,,VERIFIED,UNRESOLVED,,61366,UNRESOLVED,,no existing verified Player Research closure
player_season/986,player_season,2021-22,,165809,,,NOT_APPLICABLE,,NOT_APPLICABLE,,NOT_APPLICABLE,,VERIFIED,UNRESOLVED,,165809,UNRESOLVED,,no existing verified Player Research closure
player_season/987,player_season,2021-22,,27789,,,NOT_APPLICABLE,,NOT_APPLICABLE,,NOT_APPLICABLE,,VERIFIED,UNRESOLVED,,27789,UNRESOLVED,,no existing verified Player Research closure
player_season/988,player_season,2021-22,,209244,,,NOT_APPLICABLE,,NOT_APPLICABLE,,NOT_APPLICABLE,,VERIFIED,UNRESOLVED,,209244,UNRESOLVED,,no existing verified Player Research closure
player_season/989,player_season,2021-22,,220394,,,NOT_APPLICABLE,,NOT_APPLICABLE,,NOT_APPLICABLE,,VERIFIED,UNRESOLVED,,220394,UNRESOLVED,,no existing verified Player Research closure
player_season/990,player_season,2021-22,,244851,,,NOT_APPLICABLE,,NOT_APPLICABLE,,NOT_APPLICABLE,,VERIFIED,UNRESOLVED,,244851,UNRESOLVED,,no existing verified Player Research closure
player_season/991,player_season,2021-22,,432714,,,NOT_APPLICABLE,,NOT_APPLICABLE,,NOT_APPLICABLE,,VERIFIED,UNRESOLVED,,432714,UNRESOLVED,,no existing verified Player Research closure
player_season/992,player_season,2021-22,,514356,,,NOT_APPLICABLE,,NOT_APPLICABLE,,NOT_APPLICABLE,,VERIFIED,UNRESOLVED,,514356,UNRESOLVED,,no existing verified Player Research closure
player_season/993,player_season,2021-22,,103955,,,NOT_APPLICABLE,,NOT_APPLICABLE,,NOT_APPLICABLE,,VERIFIED,UNRESOLVED,,103955,UNRESOLVED,,no existing verified Player Research closure
player_season/994,player_season,2021-22,,205651,,,NOT_APPLICABLE,,NOT_APPLICABLE,,NOT_APPLICABLE,,VERIFIED,UNRESOLVED,,205651,UNRESOLVED,,no existing verified Player Research closure
player_season/995,player_season,2021-22,,103025,,,NOT_APPLICABLE,,NOT_APPLICABLE,,NOT_APPLICABLE,,VERIFIED,UNRESOLVED,,103025,UNRESOLVED,,no existing verified Player Research closure
player_season/996,player_season,2021-22,,478028,,,NOT_APPLICABLE,,NOT_APPLICABLE,,NOT_APPLICABLE,,VERIFIED,UNRESOLVED,,478028,UNRESOLVED,,no existing verified Player Research closure
player_season/997,player_season,2021-22,,463034,,,NOT_APPLICABLE,,NOT_APPLICABLE,,NOT_APPLICABLE,,VERIFIED,UNRESOLVED,,463034,UNRESOLVED,,no existing verified Player Research closure
player_season/998,player_season,2021-22,,490503,,,NOT_APPLICABLE,,NOT_APPLICABLE,,NOT_APPLICABLE,,VERIFIED,UNRESOLVED,,490503,UNRESOLVED,,no existing verified Player Research closure
player_season/999,player_season,2021-22,,51940,,,NOT_APPLICABLE,,NOT_APPLICABLE,,NOT_APPLICABLE,,VERIFIED,UNRESOLVED,,51940,UNRESOLVED,,no existing verified Player Research closure
player_season/1000,player_season,2021-22,,21205,,,NOT_APPLICABLE,,NOT_APPLICABLE,,NOT_APPLICABLE,,VERIFIED,UNRESOLVED,,21205,UNRESOLVED,,no existing verified Player Research closure
player_season/1001,player_season,2021-22,,172649,,,NOT_APPLICABLE,,NOT_APPLICABLE,,NOT_APPLICABLE,,VERIFIED,UNRESOLVED,,172649,UNRESOLVED,,no existing verified Player Research closure
player_season/1002,player_season,2021-22,,184667,,,NOT_APPLICABLE,,NOT_APPLICABLE,,NOT_APPLICABLE,,VERIFIED,UNRESOLVED,,184667,UNRESOLVED,,no existing verified Player Research closure
player_season/1003,player_season,2021-22,,197365,,,NOT_APPLICABLE,,NOT_APPLICABLE,,NOT_APPLICABLE,,VERIFIED,UNRESOLVED,,197365,UNRESOLVED,,no existing verified Player Research closure
player_season/1004,player_season,2021-22,,76359,,,NOT_APPLICABLE,,NOT_APPLICABLE,,NOT_APPLICABLE,,VERIFIED,UNRESOLVED,,76359,UNRESOLVED,,no existing verified Player Research closure
player_season/1005,player_season,2021-22,,95658,,,NOT_APPLICABLE,,NOT_APPLICABLE,,NOT_APPLICABLE,,VERIFIED,UNRESOLVED,,95658,UNRESOLVED,,no existing verified Player Research closure
player_season/1006,player_season,2021-22,,90152,,,NOT_APPLICABLE,,NOT_APPLICABLE,,NOT_APPLICABLE,,VERIFIED,UNRESOLVED,,90152,UNRESOLVED,,no existing verified Player Research closure
player_season/1007,player_season,2021-22,,216051,,,NOT_APPLICABLE,,NOT_APPLICABLE,,NOT_APPLICABLE,,VERIFIED,UNRESOLVED,,216051,UNRESOLVED,,no existing verified Player Research closure
player_season/1008,player_season,2021-22,,106760,,,NOT_APPLICABLE,,NOT_APPLICABLE,,NOT_APPLICABLE,,VERIFIED,UNRESOLVED,,106760,UNRESOLVED,,no existing verified Player Research closure
player_season/1009,player_season,2021-22,,152590,,,NOT_APPLICABLE,,NOT_APPLICABLE,,NOT_APPLICABLE,,VERIFIED,UNRESOLVED,,152590,UNRESOLVED,,no existing verified Player Research closure
player_season/1010,player_season,2021-22,,214590,,,NOT_APPLICABLE,,NOT_APPLICABLE,,NOT_APPLICABLE,,VERIFIED,UNRESOLVED,,214590,UNRESOLVED,,no existing verified Player Research closure
player_season/1011,player_season,2021-22,,232937,,,NOT_APPLICABLE,,NOT_APPLICABLE,,NOT_APPLICABLE,,VERIFIED,UNRESOLVED,,232937,UNRESOLVED,,no existing verified Player Research closure
player_season/1012,player_season,2021-22,,180804,,,NOT_APPLICABLE,,NOT_APPLICABLE,,NOT_APPLICABLE,,VERIFIED,UNRESOLVED,,180804,UNRESOLVED,,no existing verified Player Research closure
player_season/1013,player_season,2021-22,,515501,,,NOT_APPLICABLE,,NOT_APPLICABLE,,NOT_APPLICABLE,,VERIFIED,UNRESOLVED,,515501,UNRESOLVED,,no existing verified Player Research closure
player_season/1014,player_season,2021-22,,74208,,,NOT_APPLICABLE,,NOT_APPLICABLE,,NOT_APPLICABLE,,VERIFIED,UNRESOLVED,,74208,UNRESOLVED,,no existing verified Player Research closure
player_season/1015,player_season,2021-22,,43670,,,NOT_APPLICABLE,,NOT_APPLICABLE,,NOT_APPLICABLE,,VERIFIED,UNRESOLVED,,43670,UNRESOLVED,,no existing verified Player Research closure
player_season/1016,player_season,2021-22,,141746,,,NOT_APPLICABLE,,NOT_APPLICABLE,,NOT_APPLICABLE,,VERIFIED,UNRESOLVED,,141746,UNRESOLVED,,no existing verified Player Research closure
player_season/1017,player_season,2021-22,,109322,,,NOT_APPLICABLE,,NOT_APPLICABLE,,NOT_APPLICABLE,,VERIFIED,UNRESOLVED,,109322,UNRESOLVED,,no existing verified Player Research closure
player_season/1018,player_season,2021-22,,156689,,,NOT_APPLICABLE,,NOT_APPLICABLE,,NOT_APPLICABLE,,VERIFIED,UNRESOLVED,,156689,UNRESOLVED,,no existing verified Player Research closure
player_season/1019,player_season,2021-22,,101582,,,NOT_APPLICABLE,,NOT_APPLICABLE,,NOT_APPLICABLE,,VERIFIED,UNRESOLVED,,101582,UNRESOLVED,,no existing verified Player Research closure
player_season/1020,player_season,2021-22,,62398,,,NOT_APPLICABLE,,NOT_APPLICABLE,,NOT_APPLICABLE,,VERIFIED,UNRESOLVED,,62398,UNRESOLVED,,no existing verified Player Research closure
player_season/1021,player_season,2021-22,,180184,,,NOT_APPLICABLE,,NOT_APPLICABLE,,NOT_APPLICABLE,,VERIFIED,UNRESOLVED,,180184,UNRESOLVED,,no existing verified Player Research closure
player_season/1022,player_season,2021-22,,195851,,,NOT_APPLICABLE,,NOT_APPLICABLE,,NOT_APPLICABLE,,VERIFIED,UNRESOLVED,,195851,UNRESOLVED,,no existing verified Player Research closure
player_season/1023,player_season,2021-22,,465527,,,NOT_APPLICABLE,,NOT_APPLICABLE,,NOT_APPLICABLE,,VERIFIED,UNRESOLVED,,465527,UNRESOLVED,,no existing verified Player Research closure
player_season/1024,player_season,2021-22,,461529,,,NOT_APPLICABLE,,NOT_APPLICABLE,,NOT_APPLICABLE,,VERIFIED,UNRESOLVED,,461529,UNRESOLVED,,no existing verified Player Research closure
player_season/1025,player_season,2021-22,,14937,,,NOT_APPLICABLE,,NOT_APPLICABLE,,NOT_APPLICABLE,,VERIFIED,UNRESOLVED,,14937,UNRESOLVED,,no existing verified Player Research closure
player_season/1026,player_season,2021-22,,148225,,,NOT_APPLICABLE,,NOT_APPLICABLE,,NOT_APPLICABLE,,VERIFIED,UNRESOLVED,,148225,UNRESOLVED,,no existing verified Player Research closure
player_season/1027,player_season,2021-22,,176297,,,NOT_APPLICABLE,,NOT_APPLICABLE,,NOT_APPLICABLE,,VERIFIED,UNRESOLVED,,176297,UNRESOLVED,,no existing verified Player Research closure
player_season/1028,player_season,2021-22,,220688,,,NOT_APPLICABLE,,NOT_APPLICABLE,,NOT_APPLICABLE,,VERIFIED,UNRESOLVED,,220688,UNRESOLVED,,no existing verified Player Research closure
player_season/1029,player_season,2021-22,,493250,,,NOT_APPLICABLE,,NOT_APPLICABLE,,NOT_APPLICABLE,,VERIFIED,UNRESOLVED,,493250,UNRESOLVED,,no existing verified Player Research closure
player_season/1030,player_season,2021-22,,493105,,,NOT_APPLICABLE,,NOT_APPLICABLE,,NOT_APPLICABLE,,VERIFIED,UNRESOLVED,,493105,UNRESOLVED,,no existing verified Player Research closure
player_season/1031,player_season,2021-22,,40720,,,NOT_APPLICABLE,,NOT_APPLICABLE,,NOT_APPLICABLE,,VERIFIED,UNRESOLVED,,40720,UNRESOLVED,,no existing verified Player Research closure
player_season/1032,player_season,2021-22,,209243,,,NOT_APPLICABLE,,NOT_APPLICABLE,,NOT_APPLICABLE,,VERIFIED,UNRESOLVED,,209243,UNRESOLVED,,no existing verified Player Research closure
player_season/1033,player_season,2021-22,,449434,,,NOT_APPLICABLE,,NOT_APPLICABLE,,NOT_APPLICABLE,,VERIFIED,UNRESOLVED,,449434,UNRESOLVED,,no existing verified Player Research closure
player_season/1034,player_season,2021-22,,472464,,,NOT_APPLICABLE,,NOT_APPLICABLE,,NOT_APPLICABLE,,VERIFIED,UNRESOLVED,,472464,UNRESOLVED,,no existing verified Player Research closure
player_season/1035,player_season,2021-22,,67089,,,NOT_APPLICABLE,,NOT_APPLICABLE,,NOT_APPLICABLE,,VERIFIED,UNRESOLVED,,67089,UNRESOLVED,,no existing verified Player Research closure
player_season/1036,player_season,2021-22,,59735,,,NOT_APPLICABLE,,NOT_APPLICABLE,,NOT_APPLICABLE,,VERIFIED,UNRESOLVED,,59735,UNRESOLVED,,no existing verified Player Research closure
player_season/1037,player_season,2021-22,,155503,,,NOT_APPLICABLE,,NOT_APPLICABLE,,NOT_APPLICABLE,,VERIFIED,UNRESOLVED,,155503,UNRESOLVED,,no existing verified Player Research closure
player_season/1038,player_season,2021-22,,81441,,,NOT_APPLICABLE,,NOT_APPLICABLE,,NOT_APPLICABLE,,VERIFIED,UNRESOLVED,,81441,UNRESOLVED,,no existing verified Player Research closure
player_season/1039,player_season,2021-22,,77794,,,NOT_APPLICABLE,,NOT_APPLICABLE,,NOT_APPLICABLE,,VERIFIED,UNRESOLVED,,77794,UNRESOLVED,,no existing verified Player Research closure
player_season/1040,player_season,2021-22,,58845,,,NOT_APPLICABLE,,NOT_APPLICABLE,,NOT_APPLICABLE,,VERIFIED,UNRESOLVED,,58845,UNRESOLVED,,no existing verified Player Research closure
player_season/1041,player_season,2021-22,,106618,,,NOT_APPLICABLE,,NOT_APPLICABLE,,NOT_APPLICABLE,,VERIFIED,UNRESOLVED,,106618,UNRESOLVED,,no existing verified Player Research closure
player_season/1042,player_season,2021-22,,119471,,,NOT_APPLICABLE,,NOT_APPLICABLE,,NOT_APPLICABLE,,VERIFIED,UNRESOLVED,,119471,UNRESOLVED,,no existing verified Player Research closure
player_season/1043,player_season,2021-22,,101148,,,NOT_APPLICABLE,,NOT_APPLICABLE,,NOT_APPLICABLE,,VERIFIED,UNRESOLVED,,101148,UNRESOLVED,,no existing verified Player Research closure
player_season/1044,player_season,2021-22,,194799,,,NOT_APPLICABLE,,NOT_APPLICABLE,,NOT_APPLICABLE,,VERIFIED,UNRESOLVED,,194799,UNRESOLVED,,no existing verified Player Research closure
player_season/1045,player_season,2021-22,,169359,,,NOT_APPLICABLE,,NOT_APPLICABLE,,NOT_APPLICABLE,,VERIFIED,UNRESOLVED,,169359,UNRESOLVED,,no existing verified Player Research closure
player_season/1046,player_season,2021-22,,111773,,,NOT_APPLICABLE,,NOT_APPLICABLE,,NOT_APPLICABLE,,VERIFIED,UNRESOLVED,,111773,UNRESOLVED,,no existing verified Player Research closure
player_season/1047,player_season,2021-22,,57145,,,NOT_APPLICABLE,,NOT_APPLICABLE,,NOT_APPLICABLE,,VERIFIED,UNRESOLVED,,57145,UNRESOLVED,,no existing verified Player Research closure
player_season/1048,player_season,2021-22,,109528,,,NOT_APPLICABLE,,NOT_APPLICABLE,,NOT_APPLICABLE,,VERIFIED,UNRESOLVED,,109528,UNRESOLVED,,no existing verified Player Research closure
player_season/1049,player_season,2021-22,,78916,,,NOT_APPLICABLE,,NOT_APPLICABLE,,NOT_APPLICABLE,,VERIFIED,UNRESOLVED,,78916,UNRESOLVED,,no existing verified Player Research closure
player_season/1050,player_season,2021-22,,90105,,,NOT_APPLICABLE,,NOT_APPLICABLE,,NOT_APPLICABLE,,VERIFIED,UNRESOLVED,,90105,UNRESOLVED,,no existing verified Player Research closure
player_season/1051,player_season,2021-22,,83314,,,NOT_APPLICABLE,,NOT_APPLICABLE,,NOT_APPLICABLE,,VERIFIED,UNRESOLVED,,83314,UNRESOLVED,,no existing verified Player Research closure
player_season/1052,player_season,2021-22,,153127,,,NOT_APPLICABLE,,NOT_APPLICABLE,,NOT_APPLICABLE,,VERIFIED,UNRESOLVED,,153127,UNRESOLVED,,no existing verified Player Research closure
player_season/1053,player_season,2021-22,,50232,,,NOT_APPLICABLE,,NOT_APPLICABLE,,NOT_APPLICABLE,,VERIFIED,UNRESOLVED,,50232,UNRESOLVED,,no existing verified Player Research closure
player_season/1054,player_season,2021-22,,56983,,,NOT_APPLICABLE,,NOT_APPLICABLE,,NOT_APPLICABLE,,VERIFIED,UNRESOLVED,,56983,UNRESOLVED,,no existing verified Player Research closure
player_season/1055,player_season,2021-22,,114243,,,NOT_APPLICABLE,,NOT_APPLICABLE,,NOT_APPLICABLE,,VERIFIED,UNRESOLVED,,114243,UNRESOLVED,,no existing verified Player Research closure
player_season/1056,player_season,2021-22,,179018,,,NOT_APPLICABLE,,NOT_APPLICABLE,,NOT_APPLICABLE,,VERIFIED,UNRESOLVED,,179018,UNRESOLVED,,no existing verified Player Research closure
player_season/1057,player_season,2021-22,,200089,,,NOT_APPLICABLE,,NOT_APPLICABLE,,NOT_APPLICABLE,,VERIFIED,UNRESOLVED,,200089,UNRESOLVED,,no existing verified Player Research closure
player_season/1058,player_season,2021-22,,215379,,,NOT_APPLICABLE,,NOT_APPLICABLE,,NOT_APPLICABLE,,VERIFIED,UNRESOLVED,,215379,UNRESOLVED,,no existing verified Player Research closure
player_season/1059,player_season,2021-22,,180135,,,NOT_APPLICABLE,,NOT_APPLICABLE,,NOT_APPLICABLE,,VERIFIED,UNRESOLVED,,180135,UNRESOLVED,,no existing verified Player Research closure
player_season/1060,player_season,2021-22,,208706,,,NOT_APPLICABLE,,NOT_APPLICABLE,,NOT_APPLICABLE,,VERIFIED,UNRESOLVED,,208706,UNRESOLVED,,no existing verified Player Research closure
player_season/1061,player_season,2021-22,,461508,,,NOT_APPLICABLE,,NOT_APPLICABLE,,NOT_APPLICABLE,,VERIFIED,UNRESOLVED,,461508,UNRESOLVED,,no existing verified Player Research closure
player_season/1062,player_season,2021-22,,180974,,,NOT_APPLICABLE,,NOT_APPLICABLE,,NOT_APPLICABLE,,VERIFIED,UNRESOLVED,,180974,UNRESOLVED,,no existing verified Player Research closure
player_season/1063,player_season,2021-22,,75115,,,NOT_APPLICABLE,,NOT_APPLICABLE,,NOT_APPLICABLE,,VERIFIED,UNRESOLVED,,75115,UNRESOLVED,,no existing verified Player Research closure
player_season/1064,player_season,2021-22,,170137,,,NOT_APPLICABLE,,NOT_APPLICABLE,,NOT_APPLICABLE,,VERIFIED,UNRESOLVED,,170137,UNRESOLVED,,no existing verified Player Research closure
player_season/1065,player_season,2021-22,,60689,,,NOT_APPLICABLE,,NOT_APPLICABLE,,NOT_APPLICABLE,,VERIFIED,UNRESOLVED,,60689,UNRESOLVED,,no existing verified Player Research closure
player_season/1066,player_season,2021-22,,104547,,,NOT_APPLICABLE,,NOT_APPLICABLE,,NOT_APPLICABLE,,VERIFIED,UNRESOLVED,,104547,UNRESOLVED,,no existing verified Player Research closure
player_season/1067,player_season,2021-22,,20480,,,NOT_APPLICABLE,,NOT_APPLICABLE,,NOT_APPLICABLE,,VERIFIED,UNRESOLVED,,20480,UNRESOLVED,,no existing verified Player Research closure
player_season/1068,player_season,2021-22,,107265,,,NOT_APPLICABLE,,NOT_APPLICABLE,,NOT_APPLICABLE,,VERIFIED,UNRESOLVED,,107265,UNRESOLVED,,no existing verified Player Research closure
player_season/1069,player_season,2021-22,,18499,,,NOT_APPLICABLE,,NOT_APPLICABLE,,NOT_APPLICABLE,,VERIFIED,UNRESOLVED,,18499,UNRESOLVED,,no existing verified Player Research closure
player_season/1070,player_season,2021-22,,229415,,,NOT_APPLICABLE,,NOT_APPLICABLE,,NOT_APPLICABLE,,VERIFIED,UNRESOLVED,,229415,UNRESOLVED,,no existing verified Player Research closure
player_season/1071,player_season,2021-22,,232980,,,NOT_APPLICABLE,,NOT_APPLICABLE,,NOT_APPLICABLE,,VERIFIED,UNRESOLVED,,232980,UNRESOLVED,,no existing verified Player Research closure
player_season/1072,player_season,2021-22,,113564,,,NOT_APPLICABLE,,NOT_APPLICABLE,,NOT_APPLICABLE,,VERIFIED,UNRESOLVED,,113564,UNRESOLVED,,no existing verified Player Research closure
player_season/1073,player_season,2021-22,,466404,,,NOT_APPLICABLE,,NOT_APPLICABLE,,NOT_APPLICABLE,,VERIFIED,UNRESOLVED,,466404,UNRESOLVED,,no existing verified Player Research closure
player_season/1074,player_season,2021-22,,83428,,,NOT_APPLICABLE,,NOT_APPLICABLE,,NOT_APPLICABLE,,VERIFIED,UNRESOLVED,,83428,UNRESOLVED,,no existing verified Player Research closure
player_season/1075,player_season,2021-22,,83312,,,NOT_APPLICABLE,,NOT_APPLICABLE,,NOT_APPLICABLE,,VERIFIED,UNRESOLVED,,83312,UNRESOLVED,,no existing verified Player Research closure
player_season/1076,player_season,2021-22,,192303,,,NOT_APPLICABLE,,NOT_APPLICABLE,,NOT_APPLICABLE,,VERIFIED,UNRESOLVED,,192303,UNRESOLVED,,no existing verified Player Research closure
player_season/1077,player_season,2021-22,,438277,,,NOT_APPLICABLE,,NOT_APPLICABLE,,NOT_APPLICABLE,,VERIFIED,UNRESOLVED,,438277,UNRESOLVED,,no existing verified Player Research closure
player_season/1078,player_season,2021-22,,232937,,,NOT_APPLICABLE,,NOT_APPLICABLE,,NOT_APPLICABLE,,VERIFIED,UNRESOLVED,,232937,UNRESOLVED,,no existing verified Player Research closure
player_season/1079,player_season,2021-22,,220686,,,NOT_APPLICABLE,,NOT_APPLICABLE,,NOT_APPLICABLE,,VERIFIED,UNRESOLVED,,220686,UNRESOLVED,,no existing verified Player Research closure
player_season/1080,player_season,2021-22,,189627,,,NOT_APPLICABLE,,NOT_APPLICABLE,,NOT_APPLICABLE,,VERIFIED,UNRESOLVED,,189627,UNRESOLVED,,no existing verified Player Research closure
player_season/1081,player_season,2021-22,,451310,,,NOT_APPLICABLE,,NOT_APPLICABLE,,NOT_APPLICABLE,,VERIFIED,UNRESOLVED,,451310,UNRESOLVED,,no existing verified Player Research closure
player_season/1082,player_season,2021-22,,76306,,,NOT_APPLICABLE,,NOT_APPLICABLE,,NOT_APPLICABLE,,VERIFIED,UNRESOLVED,,76306,UNRESOLVED,,no existing verified Player Research closure
player_season/1083,player_season,2021-22,,243568,,,NOT_APPLICABLE,,NOT_APPLICABLE,,NOT_APPLICABLE,,VERIFIED,UNRESOLVED,,243568,UNRESOLVED,,no existing verified Player Research closure
player_season/1084,player_season,2021-22,,497605,,,NOT_APPLICABLE,,NOT_APPLICABLE,,NOT_APPLICABLE,,VERIFIED,UNRESOLVED,,497605,UNRESOLVED,,no existing verified Player Research closure
player_season/1085,player_season,2021-22,,171270,,,NOT_APPLICABLE,,NOT_APPLICABLE,,NOT_APPLICABLE,,VERIFIED,UNRESOLVED,,171270,UNRESOLVED,,no existing verified Player Research closure
player_season/1086,player_season,2021-22,,212723,,,NOT_APPLICABLE,,NOT_APPLICABLE,,NOT_APPLICABLE,,VERIFIED,UNRESOLVED,,212723,UNRESOLVED,,no existing verified Player Research closure
player_season/1087,player_season,2021-22,,193111,,,NOT_APPLICABLE,,NOT_APPLICABLE,,NOT_APPLICABLE,,VERIFIED,UNRESOLVED,,193111,UNRESOLVED,,no existing verified Player Research closure
player_season/1088,player_season,2021-22,,179276,,,NOT_APPLICABLE,,NOT_APPLICABLE,,NOT_APPLICABLE,,VERIFIED,UNRESOLVED,,179276,UNRESOLVED,,no existing verified Player Research closure
player_season/1089,player_season,2021-22,,235546,,,NOT_APPLICABLE,,NOT_APPLICABLE,,NOT_APPLICABLE,,VERIFIED,UNRESOLVED,,235546,UNRESOLVED,,no existing verified Player Research closure
player_season/1090,player_season,2021-22,,428626,,,NOT_APPLICABLE,,NOT_APPLICABLE,,NOT_APPLICABLE,,VERIFIED,UNRESOLVED,,428626,UNRESOLVED,,no existing verified Player Research closure
player_season/1091,player_season,2021-22,,212325,,,NOT_APPLICABLE,,NOT_APPLICABLE,,NOT_APPLICABLE,,VERIFIED,UNRESOLVED,,212325,UNRESOLVED,,no existing verified Player Research closure
player_season/1092,player_season,2021-22,,78607,,,NOT_APPLICABLE,,NOT_APPLICABLE,,NOT_APPLICABLE,,VERIFIED,UNRESOLVED,,78607,UNRESOLVED,,no existing verified Player Research closure
player_season/1093,player_season,2021-22,,215476,,,NOT_APPLICABLE,,NOT_APPLICABLE,,NOT_APPLICABLE,,VERIFIED,UNRESOLVED,,215476,UNRESOLVED,,no existing verified Player Research closure
player_season/1094,player_season,2021-22,,432735,,,NOT_APPLICABLE,,NOT_APPLICABLE,,NOT_APPLICABLE,,VERIFIED,UNRESOLVED,,432735,UNRESOLVED,,no existing verified Player Research closure
player_season/1095,player_season,2021-22,,439509,,,NOT_APPLICABLE,,NOT_APPLICABLE,,NOT_APPLICABLE,,VERIFIED,UNRESOLVED,,439509,UNRESOLVED,,no existing verified Player Research closure
player_season/1096,player_season,2021-22,,57127,,,NOT_APPLICABLE,,NOT_APPLICABLE,,NOT_APPLICABLE,,VERIFIED,UNRESOLVED,,57127,UNRESOLVED,,no existing verified Player Research closure
player_season/1097,player_season,2021-22,,483365,,,NOT_APPLICABLE,,NOT_APPLICABLE,,NOT_APPLICABLE,,VERIFIED,UNRESOLVED,,483365,UNRESOLVED,,no existing verified Player Research closure
player_season/1098,player_season,2021-22,,490161,,,NOT_APPLICABLE,,NOT_APPLICABLE,,NOT_APPLICABLE,,VERIFIED,UNRESOLVED,,490161,UNRESOLVED,,no existing verified Player Research closure
player_season/1099,player_season,2021-22,,446281,,,NOT_APPLICABLE,,NOT_APPLICABLE,,NOT_APPLICABLE,,VERIFIED,UNRESOLVED,,446281,UNRESOLVED,,no existing verified Player Research closure
player_season/1100,player_season,2021-22,,445550,,,NOT_APPLICABLE,,NOT_APPLICABLE,,NOT_APPLICABLE,,VERIFIED,UNRESOLVED,,445550,UNRESOLVED,,no existing verified Player Research closure
player_season/1101,player_season,2021-22,,58376,,,NOT_APPLICABLE,,NOT_APPLICABLE,,NOT_APPLICABLE,,VERIFIED,UNRESOLVED,,58376,UNRESOLVED,,no existing verified Player Research closure
player_season/1102,player_season,2021-22,,20310,,,NOT_APPLICABLE,,NOT_APPLICABLE,,NOT_APPLICABLE,,VERIFIED,UNRESOLVED,,20310,UNRESOLVED,,no existing verified Player Research closure
player_season/1103,player_season,2021-22,,198044,,,NOT_APPLICABLE,,NOT_APPLICABLE,,NOT_APPLICABLE,,VERIFIED,UNRESOLVED,,198044,UNRESOLVED,,no existing verified Player Research closure
player_season/1104,player_season,2021-22,,40383,,,NOT_APPLICABLE,,NOT_APPLICABLE,,NOT_APPLICABLE,,VERIFIED,UNRESOLVED,,40383,UNRESOLVED,,no existing verified Player Research closure
player_season/1105,player_season,2021-22,,158534,,,NOT_APPLICABLE,,NOT_APPLICABLE,,NOT_APPLICABLE,,VERIFIED,UNRESOLVED,,158534,UNRESOLVED,,no existing verified Player Research closure
player_season/1106,player_season,2021-22,,212721,,,NOT_APPLICABLE,,NOT_APPLICABLE,,NOT_APPLICABLE,,VERIFIED,UNRESOLVED,,212721,UNRESOLVED,,no existing verified Player Research closure
player_season/1107,player_season,2021-22,,88900,,,NOT_APPLICABLE,,NOT_APPLICABLE,,NOT_APPLICABLE,,VERIFIED,UNRESOLVED,,88900,UNRESOLVED,,no existing verified Player Research closure
player_season/1108,player_season,2021-22,,244560,,,NOT_APPLICABLE,,NOT_APPLICABLE,,NOT_APPLICABLE,,VERIFIED,UNRESOLVED,,244560,UNRESOLVED,,no existing verified Player Research closure
player_season/1109,player_season,2021-22,,491551,,,NOT_APPLICABLE,,NOT_APPLICABLE,,NOT_APPLICABLE,,VERIFIED,UNRESOLVED,,491551,UNRESOLVED,,no existing verified Player Research closure
player_season/1110,player_season,2021-22,,441191,,,NOT_APPLICABLE,,NOT_APPLICABLE,,NOT_APPLICABLE,,VERIFIED,UNRESOLVED,,441191,UNRESOLVED,,no existing verified Player Research closure
player_season/1111,player_season,2021-22,,450527,,,NOT_APPLICABLE,,NOT_APPLICABLE,,NOT_APPLICABLE,,VERIFIED,UNRESOLVED,,450527,UNRESOLVED,,no existing verified Player Research closure
player_season/1112,player_season,2021-22,,171771,,,NOT_APPLICABLE,,NOT_APPLICABLE,,NOT_APPLICABLE,,VERIFIED,UNRESOLVED,,171771,UNRESOLVED,,no existing verified Player Research closure
player_season/1113,player_season,2021-22,,248853,,,NOT_APPLICABLE,,NOT_APPLICABLE,,NOT_APPLICABLE,,VERIFIED,UNRESOLVED,,248853,UNRESOLVED,,no existing verified Player Research closure
player_season/1114,player_season,2021-22,,213482,,,NOT_APPLICABLE,,NOT_APPLICABLE,,NOT_APPLICABLE,,VERIFIED,UNRESOLVED,,213482,UNRESOLVED,,no existing verified Player Research closure
player_season/1115,player_season,2021-22,,203389,,,NOT_APPLICABLE,,NOT_APPLICABLE,,NOT_APPLICABLE,,VERIFIED,UNRESOLVED,,203389,UNRESOLVED,,no existing verified Player Research closure
player_season/1116,player_season,2021-22,,78056,,,NOT_APPLICABLE,,NOT_APPLICABLE,,NOT_APPLICABLE,,VERIFIED,UNRESOLVED,,78056,UNRESOLVED,,no existing verified Player Research closure
player_season/1117,player_season,2021-22,,101178,,,NOT_APPLICABLE,,NOT_APPLICABLE,,NOT_APPLICABLE,,VERIFIED,UNRESOLVED,,101178,UNRESOLVED,,no existing verified Player Research closure
player_season/1118,player_season,2021-22,,83283,,,NOT_APPLICABLE,,NOT_APPLICABLE,,NOT_APPLICABLE,,VERIFIED,UNRESOLVED,,83283,UNRESOLVED,,no existing verified Player Research closure
player_season/1119,player_season,2021-22,,214466,,,NOT_APPLICABLE,,NOT_APPLICABLE,,NOT_APPLICABLE,,VERIFIED,UNRESOLVED,,214466,UNRESOLVED,,no existing verified Player Research closure
player_season/1120,player_season,2021-22,,91047,,,NOT_APPLICABLE,,NOT_APPLICABLE,,NOT_APPLICABLE,,VERIFIED,UNRESOLVED,,91047,UNRESOLVED,,no existing verified Player Research closure
player_season/1121,player_season,2021-22,,431131,,,NOT_APPLICABLE,,NOT_APPLICABLE,,NOT_APPLICABLE,,VERIFIED,UNRESOLVED,,431131,UNRESOLVED,,no existing verified Player Research closure
player_season/1122,player_season,2021-22,,96787,,,NOT_APPLICABLE,,NOT_APPLICABLE,,NOT_APPLICABLE,,VERIFIED,UNRESOLVED,,96787,UNRESOLVED,,no existing verified Player Research closure
player_season/1123,player_season,2021-22,,240143,,,NOT_APPLICABLE,,NOT_APPLICABLE,,NOT_APPLICABLE,,VERIFIED,UNRESOLVED,,240143,UNRESOLVED,,no existing verified Player Research closure
player_season/1124,player_season,2021-22,,496661,,,NOT_APPLICABLE,,NOT_APPLICABLE,,NOT_APPLICABLE,,VERIFIED,UNRESOLVED,,496661,UNRESOLVED,,no existing verified Player Research closure
player_season/1125,player_season,2021-22,,445896,,,NOT_APPLICABLE,,NOT_APPLICABLE,,NOT_APPLICABLE,,VERIFIED,UNRESOLVED,,445896,UNRESOLVED,,no existing verified Player Research closure
player_season/1126,player_season,2021-22,,20452,,,NOT_APPLICABLE,,NOT_APPLICABLE,,NOT_APPLICABLE,,VERIFIED,UNRESOLVED,,20452,UNRESOLVED,,no existing verified Player Research closure
player_season/1127,player_season,2021-22,,155511,,,NOT_APPLICABLE,,NOT_APPLICABLE,,NOT_APPLICABLE,,VERIFIED,UNRESOLVED,,155511,UNRESOLVED,,no existing verified Player Research closure
player_season/1128,player_season,2021-22,,200439,,,NOT_APPLICABLE,,NOT_APPLICABLE,,NOT_APPLICABLE,,VERIFIED,UNRESOLVED,,200439,UNRESOLVED,,no existing verified Player Research closure
player_season/1129,player_season,2021-22,,440323,,,NOT_APPLICABLE,,NOT_APPLICABLE,,NOT_APPLICABLE,,VERIFIED,UNRESOLVED,,440323,UNRESOLVED,,no existing verified Player Research closure
player_season/1130,player_season,2021-22,,20467,,,NOT_APPLICABLE,,NOT_APPLICABLE,,NOT_APPLICABLE,,VERIFIED,UNRESOLVED,,20467,UNRESOLVED,,no existing verified Player Research closure
player_season/1131,player_season,2021-22,,37915,,,NOT_APPLICABLE,,NOT_APPLICABLE,,NOT_APPLICABLE,,VERIFIED,UNRESOLVED,,37915,UNRESOLVED,,no existing verified Player Research closure
player_season/1132,player_season,2021-22,,156683,,,NOT_APPLICABLE,,NOT_APPLICABLE,,NOT_APPLICABLE,,VERIFIED,UNRESOLVED,,156683,UNRESOLVED,,no existing verified Player Research closure
player_season/1133,player_season,2021-22,,214572,,,NOT_APPLICABLE,,NOT_APPLICABLE,,NOT_APPLICABLE,,VERIFIED,UNRESOLVED,,214572,UNRESOLVED,,no existing verified Player Research closure
player_season/1134,player_season,2021-22,,87835,,,NOT_APPLICABLE,,NOT_APPLICABLE,,NOT_APPLICABLE,,VERIFIED,UNRESOLVED,,87835,UNRESOLVED,,no existing verified Player Research closure
player_season/1135,player_season,2021-22,,199249,,,NOT_APPLICABLE,,NOT_APPLICABLE,,NOT_APPLICABLE,,VERIFIED,UNRESOLVED,,199249,UNRESOLVED,,no existing verified Player Research closure
player_season/1136,player_season,2021-22,,173904,,,NOT_APPLICABLE,,NOT_APPLICABLE,,NOT_APPLICABLE,,VERIFIED,UNRESOLVED,,173904,UNRESOLVED,,no existing verified Player Research closure
player_season/1137,player_season,2021-22,,241157,,,NOT_APPLICABLE,,NOT_APPLICABLE,,NOT_APPLICABLE,,VERIFIED,UNRESOLVED,,241157,UNRESOLVED,,no existing verified Player Research closure
player_season/1138,player_season,2021-22,,93264,,,NOT_APPLICABLE,,NOT_APPLICABLE,,NOT_APPLICABLE,,VERIFIED,UNRESOLVED,,93264,UNRESOLVED,,no existing verified Player Research closure
player_season/1139,player_season,2021-22,,221632,,,NOT_APPLICABLE,,NOT_APPLICABLE,,NOT_APPLICABLE,,VERIFIED,UNRESOLVED,,221632,UNRESOLVED,,no existing verified Player Research closure
player_season/1140,player_season,2021-22,,214225,,,NOT_APPLICABLE,,NOT_APPLICABLE,,NOT_APPLICABLE,,VERIFIED,UNRESOLVED,,214225,UNRESOLVED,,no existing verified Player Research closure
player_season/1141,player_season,2021-22,,199584,,,NOT_APPLICABLE,,NOT_APPLICABLE,,NOT_APPLICABLE,,VERIFIED,UNRESOLVED,,199584,UNRESOLVED,,no existing verified Player Research closure
player_season/1142,player_season,2021-22,,115556,,,NOT_APPLICABLE,,NOT_APPLICABLE,,NOT_APPLICABLE,,VERIFIED,UNRESOLVED,,115556,UNRESOLVED,,no existing verified Player Research closure
player_season/1143,player_season,2021-22,,209418,,,NOT_APPLICABLE,,NOT_APPLICABLE,,NOT_APPLICABLE,,VERIFIED,UNRESOLVED,,209418,UNRESOLVED,,no existing verified Player Research closure
player_season/1144,player_season,2021-22,,215610,,,NOT_APPLICABLE,,NOT_APPLICABLE,,NOT_APPLICABLE,,VERIFIED,UNRESOLVED,,215610,UNRESOLVED,,no existing verified Player Research closure
player_season/1145,player_season,2021-22,,209042,,,NOT_APPLICABLE,,NOT_APPLICABLE,,NOT_APPLICABLE,,VERIFIED,UNRESOLVED,,209042,UNRESOLVED,,no existing verified Player Research closure
player_season/1146,player_season,2021-22,,132015,,,NOT_APPLICABLE,,NOT_APPLICABLE,,NOT_APPLICABLE,,VERIFIED,UNRESOLVED,,132015,UNRESOLVED,,no existing verified Player Research closure
player_season/1147,player_season,2021-22,,157668,,,NOT_APPLICABLE,,NOT_APPLICABLE,,NOT_APPLICABLE,,VERIFIED,UNRESOLVED,,157668,UNRESOLVED,,no existing verified Player Research closure
player_season/1148,player_season,2021-22,,200826,,,NOT_APPLICABLE,,NOT_APPLICABLE,,NOT_APPLICABLE,,VERIFIED,UNRESOLVED,,200826,UNRESOLVED,,no existing verified Player Research closure
player_season/1149,player_season,2021-22,,184349,,,NOT_APPLICABLE,,NOT_APPLICABLE,,NOT_APPLICABLE,,VERIFIED,UNRESOLVED,,184349,UNRESOLVED,,no existing verified Player Research closure
player_season/1150,player_season,2021-22,,445044,,,NOT_APPLICABLE,,NOT_APPLICABLE,,NOT_APPLICABLE,,VERIFIED,UNRESOLVED,,445044,UNRESOLVED,,no existing verified Player Research closure
player_season/1151,player_season,2021-22,,231372,,,NOT_APPLICABLE,,NOT_APPLICABLE,,NOT_APPLICABLE,,VERIFIED,UNRESOLVED,,231372,UNRESOLVED,,no existing verified Player Research closure
player_season/1152,player_season,2021-22,,202993,,,NOT_APPLICABLE,,NOT_APPLICABLE,,NOT_APPLICABLE,,VERIFIED,UNRESOLVED,,202993,UNRESOLVED,,no existing verified Player Research closure
player_season/1153,player_season,2021-22,,448791,,,NOT_APPLICABLE,,NOT_APPLICABLE,,NOT_APPLICABLE,,VERIFIED,UNRESOLVED,,448791,UNRESOLVED,,no existing verified Player Research closure
player_season/1154,player_season,2021-22,,496179,,,NOT_APPLICABLE,,NOT_APPLICABLE,,NOT_APPLICABLE,,VERIFIED,UNRESOLVED,,496179,UNRESOLVED,,no existing verified Player Research closure
player_season/1155,player_season,2021-22,,461201,,,NOT_APPLICABLE,,NOT_APPLICABLE,,NOT_APPLICABLE,,VERIFIED,UNRESOLVED,,461201,UNRESOLVED,,no existing verified Player Research closure
player_season/1156,player_season,2021-22,,223337,,,NOT_APPLICABLE,,NOT_APPLICABLE,,NOT_APPLICABLE,,VERIFIED,UNRESOLVED,,223337,UNRESOLVED,,no existing verified Player Research closure
player_season/1157,player_season,2021-22,,85971,,,NOT_APPLICABLE,,NOT_APPLICABLE,,NOT_APPLICABLE,,VERIFIED,UNRESOLVED,,85971,UNRESOLVED,,no existing verified Player Research closure
player_season/1158,player_season,2021-22,,78830,,,NOT_APPLICABLE,,NOT_APPLICABLE,,NOT_APPLICABLE,,VERIFIED,UNRESOLVED,,78830,UNRESOLVED,,no existing verified Player Research closure
player_season/1159,player_season,2021-22,,436234,,,NOT_APPLICABLE,,NOT_APPLICABLE,,NOT_APPLICABLE,,VERIFIED,UNRESOLVED,,436234,UNRESOLVED,,no existing verified Player Research closure
player_season/1160,player_season,2021-22,,194252,,,NOT_APPLICABLE,,NOT_APPLICABLE,,NOT_APPLICABLE,,VERIFIED,UNRESOLVED,,194252,UNRESOLVED,,no existing verified Player Research closure
player_season/1161,player_season,2021-22,,95715,,,NOT_APPLICABLE,,NOT_APPLICABLE,,NOT_APPLICABLE,,VERIFIED,UNRESOLVED,,95715,UNRESOLVED,,no existing verified Player Research closure
player_season/1162,player_season,2021-22,,490145,,,NOT_APPLICABLE,,NOT_APPLICABLE,,NOT_APPLICABLE,,VERIFIED,UNRESOLVED,,490145,UNRESOLVED,,no existing verified Player Research closure
player_season/1163,player_season,2021-22,,154506,,,NOT_APPLICABLE,,NOT_APPLICABLE,,NOT_APPLICABLE,,VERIFIED,UNRESOLVED,,154506,UNRESOLVED,,no existing verified Player Research closure
player_season/1164,player_season,2021-22,,9089,,,NOT_APPLICABLE,,NOT_APPLICABLE,,NOT_APPLICABLE,,VERIFIED,UNRESOLVED,,9089,UNRESOLVED,,no existing verified Player Research closure
player_season/1165,player_season,2021-22,,19838,,,NOT_APPLICABLE,,NOT_APPLICABLE,,NOT_APPLICABLE,,VERIFIED,UNRESOLVED,,19838,UNRESOLVED,,no existing verified Player Research closure
player_season/1166,player_season,2021-22,,563883,,,NOT_APPLICABLE,,NOT_APPLICABLE,,NOT_APPLICABLE,,VERIFIED,UNRESOLVED,,563883,UNRESOLVED,,no existing verified Player Research closure
player_season/1167,player_season,2021-22,,38290,,,NOT_APPLICABLE,,NOT_APPLICABLE,,NOT_APPLICABLE,,VERIFIED,UNRESOLVED,,38290,UNRESOLVED,,no existing verified Player Research closure
player_season/1168,player_season,2021-22,,232391,,,NOT_APPLICABLE,,NOT_APPLICABLE,,NOT_APPLICABLE,,VERIFIED,UNRESOLVED,,232391,UNRESOLVED,,no existing verified Player Research closure
player_season/1169,player_season,2021-22,,208973,,,NOT_APPLICABLE,,NOT_APPLICABLE,,NOT_APPLICABLE,,VERIFIED,UNRESOLVED,,208973,UNRESOLVED,,no existing verified Player Research closure
player_season/1170,player_season,2021-22,,131304,,,NOT_APPLICABLE,,NOT_APPLICABLE,,NOT_APPLICABLE,,VERIFIED,UNRESOLVED,,131304,UNRESOLVED,,no existing verified Player Research closure
player_season/1171,player_season,2021-22,,155651,,,NOT_APPLICABLE,,NOT_APPLICABLE,,NOT_APPLICABLE,,VERIFIED,UNRESOLVED,,155651,UNRESOLVED,,no existing verified Player Research closure
player_season/1172,player_season,2021-22,,52775,,,NOT_APPLICABLE,,NOT_APPLICABLE,,NOT_APPLICABLE,,VERIFIED,UNRESOLVED,,52775,UNRESOLVED,,no existing verified Player Research closure
player_season/1173,player_season,2021-22,,171099,,,NOT_APPLICABLE,,NOT_APPLICABLE,,NOT_APPLICABLE,,VERIFIED,UNRESOLVED,,171099,UNRESOLVED,,no existing verified Player Research closure
player_season/1174,player_season,2021-22,,41338,,,NOT_APPLICABLE,,NOT_APPLICABLE,,NOT_APPLICABLE,,VERIFIED,UNRESOLVED,,41338,UNRESOLVED,,no existing verified Player Research closure
player_season/1175,player_season,2021-22,,54484,,,NOT_APPLICABLE,,NOT_APPLICABLE,,NOT_APPLICABLE,,VERIFIED,UNRESOLVED,,54484,UNRESOLVED,,no existing verified Player Research closure
player_season/1176,player_season,2021-22,,162651,,,NOT_APPLICABLE,,NOT_APPLICABLE,,NOT_APPLICABLE,,VERIFIED,UNRESOLVED,,162651,UNRESOLVED,,no existing verified Player Research closure
player_season/1177,player_season,2021-22,,85624,,,NOT_APPLICABLE,,NOT_APPLICABLE,,NOT_APPLICABLE,,VERIFIED,UNRESOLVED,,85624,UNRESOLVED,,no existing verified Player Research closure
player_season/1178,player_season,2021-22,,242183,,,NOT_APPLICABLE,,NOT_APPLICABLE,,NOT_APPLICABLE,,VERIFIED,UNRESOLVED,,242183,UNRESOLVED,,no existing verified Player Research closure
player_season/1179,player_season,2021-22,,227560,,,NOT_APPLICABLE,,NOT_APPLICABLE,,NOT_APPLICABLE,,VERIFIED,UNRESOLVED,,227560,UNRESOLVED,,no existing verified Player Research closure
player_season/1180,player_season,2021-22,,43250,,,NOT_APPLICABLE,,NOT_APPLICABLE,,NOT_APPLICABLE,,VERIFIED,UNRESOLVED,,43250,UNRESOLVED,,no existing verified Player Research closure
player_season/1181,player_season,2021-22,,471471,,,NOT_APPLICABLE,,NOT_APPLICABLE,,NOT_APPLICABLE,,VERIFIED,UNRESOLVED,,471471,UNRESOLVED,,no existing verified Player Research closure
player_season/1182,player_season,2021-22,,157775,,,NOT_APPLICABLE,,NOT_APPLICABLE,,NOT_APPLICABLE,,VERIFIED,UNRESOLVED,,157775,UNRESOLVED,,no existing verified Player Research closure
player_season/1183,player_season,2021-22,,40387,,,NOT_APPLICABLE,,NOT_APPLICABLE,,NOT_APPLICABLE,,VERIFIED,UNRESOLVED,,40387,UNRESOLVED,,no existing verified Player Research closure
player_season/1184,player_season,2021-22,,45268,,,NOT_APPLICABLE,,NOT_APPLICABLE,,NOT_APPLICABLE,,VERIFIED,UNRESOLVED,,45268,UNRESOLVED,,no existing verified Player Research closure
player_season/1185,player_season,2021-22,,69143,,,NOT_APPLICABLE,,NOT_APPLICABLE,,NOT_APPLICABLE,,VERIFIED,UNRESOLVED,,69143,UNRESOLVED,,no existing verified Player Research closure
player_season/1186,player_season,2021-22,,442335,,,NOT_APPLICABLE,,NOT_APPLICABLE,,NOT_APPLICABLE,,VERIFIED,UNRESOLVED,,442335,UNRESOLVED,,no existing verified Player Research closure
player_season/1187,player_season,2021-22,,468243,,,NOT_APPLICABLE,,NOT_APPLICABLE,,NOT_APPLICABLE,,VERIFIED,UNRESOLVED,,468243,UNRESOLVED,,no existing verified Player Research closure
player_season/1188,player_season,2021-22,,533719,,,NOT_APPLICABLE,,NOT_APPLICABLE,,NOT_APPLICABLE,,VERIFIED,UNRESOLVED,,533719,UNRESOLVED,,no existing verified Player Research closure
player_season/1189,player_season,2021-22,,78007,,,NOT_APPLICABLE,,NOT_APPLICABLE,,NOT_APPLICABLE,,VERIFIED,UNRESOLVED,,78007,UNRESOLVED,,no existing verified Player Research closure
player_season/1190,player_season,2021-22,,475168,,,NOT_APPLICABLE,,NOT_APPLICABLE,,NOT_APPLICABLE,,VERIFIED,UNRESOLVED,,475168,UNRESOLVED,,no existing verified Player Research closure
player_season/1191,player_season,2021-22,,176296,,,NOT_APPLICABLE,,NOT_APPLICABLE,,NOT_APPLICABLE,,VERIFIED,UNRESOLVED,,176296,UNRESOLVED,,no existing verified Player Research closure
player_season/1192,player_season,2021-22,,232185,,,NOT_APPLICABLE,,NOT_APPLICABLE,,NOT_APPLICABLE,,VERIFIED,UNRESOLVED,,232185,UNRESOLVED,,no existing verified Player Research closure
player_season/1193,player_season,2021-22,,230251,,,NOT_APPLICABLE,,NOT_APPLICABLE,,NOT_APPLICABLE,,VERIFIED,UNRESOLVED,,230251,UNRESOLVED,,no existing verified Player Research closure
player_season/1194,player_season,2021-22,,225702,,,NOT_APPLICABLE,,NOT_APPLICABLE,,NOT_APPLICABLE,,VERIFIED,UNRESOLVED,,225702,UNRESOLVED,,no existing verified Player Research closure
player_season/1195,player_season,2021-22,,244716,,,NOT_APPLICABLE,,NOT_APPLICABLE,,NOT_APPLICABLE,,VERIFIED,UNRESOLVED,,244716,UNRESOLVED,,no existing verified Player Research closure
player_season/1196,player_season,2021-22,,493934,,,NOT_APPLICABLE,,NOT_APPLICABLE,,NOT_APPLICABLE,,VERIFIED,UNRESOLVED,,493934,UNRESOLVED,,no existing verified Player Research closure
player_season/1197,player_season,2021-22,,524196,,,NOT_APPLICABLE,,NOT_APPLICABLE,,NOT_APPLICABLE,,VERIFIED,UNRESOLVED,,524196,UNRESOLVED,,no existing verified Player Research closure
player_season/1198,player_season,2021-22,,535339,,,NOT_APPLICABLE,,NOT_APPLICABLE,,NOT_APPLICABLE,,VERIFIED,UNRESOLVED,,535339,UNRESOLVED,,no existing verified Player Research closure
player_season/1199,player_season,2021-22,,573808,,,NOT_APPLICABLE,,NOT_APPLICABLE,,NOT_APPLICABLE,,VERIFIED,UNRESOLVED,,573808,UNRESOLVED,,no existing verified Player Research closure
player_season/1200,player_season,2021-22,,37096,,,NOT_APPLICABLE,,NOT_APPLICABLE,,NOT_APPLICABLE,,VERIFIED,UNRESOLVED,,37096,UNRESOLVED,,no existing verified Player Research closure
player_season/1201,player_season,2021-22,,84182,,,NOT_APPLICABLE,,NOT_APPLICABLE,,NOT_APPLICABLE,,VERIFIED,UNRESOLVED,,84182,UNRESOLVED,,no existing verified Player Research closure
player_season/1202,player_season,2021-22,,32259,,,NOT_APPLICABLE,,NOT_APPLICABLE,,NOT_APPLICABLE,,VERIFIED,UNRESOLVED,,32259,UNRESOLVED,,no existing verified Player Research closure
player_season/1203,player_season,2021-22,,222018,,,NOT_APPLICABLE,,NOT_APPLICABLE,,NOT_APPLICABLE,,VERIFIED,UNRESOLVED,,222018,UNRESOLVED,,no existing verified Player Research closure
player_season/1204,player_season,2021-22,,55459,,,NOT_APPLICABLE,,NOT_APPLICABLE,,NOT_APPLICABLE,,VERIFIED,UNRESOLVED,,55459,UNRESOLVED,,no existing verified Player Research closure
player_season/1205,player_season,2021-22,,103192,,,NOT_APPLICABLE,,NOT_APPLICABLE,,NOT_APPLICABLE,,VERIFIED,UNRESOLVED,,103192,UNRESOLVED,,no existing verified Player Research closure
player_season/1206,player_season,2021-22,,164555,,,NOT_APPLICABLE,,NOT_APPLICABLE,,NOT_APPLICABLE,,VERIFIED,UNRESOLVED,,164555,UNRESOLVED,,no existing verified Player Research closure
player_season/1207,player_season,2021-22,,60232,,,NOT_APPLICABLE,,NOT_APPLICABLE,,NOT_APPLICABLE,,VERIFIED,UNRESOLVED,,60232,UNRESOLVED,,no existing verified Player Research closure
player_season/1208,player_season,2021-22,,40669,,,NOT_APPLICABLE,,NOT_APPLICABLE,,NOT_APPLICABLE,,VERIFIED,UNRESOLVED,,40669,UNRESOLVED,,no existing verified Player Research closure
player_season/1209,player_season,2021-22,,219924,,,NOT_APPLICABLE,,NOT_APPLICABLE,,NOT_APPLICABLE,,VERIFIED,UNRESOLVED,,219924,UNRESOLVED,,no existing verified Player Research closure
player_season/1210,player_season,2021-22,,81012,,,NOT_APPLICABLE,,NOT_APPLICABLE,,NOT_APPLICABLE,,VERIFIED,UNRESOLVED,,81012,UNRESOLVED,,no existing verified Player Research closure
player_season/1211,player_season,2021-22,,105717,,,NOT_APPLICABLE,,NOT_APPLICABLE,,NOT_APPLICABLE,,VERIFIED,UNRESOLVED,,105717,UNRESOLVED,,no existing verified Player Research closure
player_season/1212,player_season,2021-22,,220684,,,NOT_APPLICABLE,,NOT_APPLICABLE,,NOT_APPLICABLE,,VERIFIED,UNRESOLVED,,220684,UNRESOLVED,,no existing verified Player Research closure
player_season/1213,player_season,2021-22,,441024,,,NOT_APPLICABLE,,NOT_APPLICABLE,,NOT_APPLICABLE,,VERIFIED,UNRESOLVED,,441024,UNRESOLVED,,no existing verified Player Research closure
player_season/1214,player_season,2021-22,,462384,,,NOT_APPLICABLE,,NOT_APPLICABLE,,NOT_APPLICABLE,,VERIFIED,UNRESOLVED,,462384,UNRESOLVED,,no existing verified Player Research closure
player_season/1215,player_season,2021-22,,180151,,,NOT_APPLICABLE,,NOT_APPLICABLE,,NOT_APPLICABLE,,VERIFIED,UNRESOLVED,,180151,UNRESOLVED,,no existing verified Player Research closure
player_season/1216,player_season,2021-22,,217593,,,NOT_APPLICABLE,,NOT_APPLICABLE,,NOT_APPLICABLE,,VERIFIED,UNRESOLVED,,217593,UNRESOLVED,,no existing verified Player Research closure
player_season/1217,player_season,2021-22,,86934,,,NOT_APPLICABLE,,NOT_APPLICABLE,,NOT_APPLICABLE,,VERIFIED,UNRESOLVED,,86934,UNRESOLVED,,no existing verified Player Research closure
player_season/1218,player_season,2021-22,,18073,,,NOT_APPLICABLE,,NOT_APPLICABLE,,NOT_APPLICABLE,,VERIFIED,UNRESOLVED,,18073,UNRESOLVED,,no existing verified Player Research closure
player_season/1219,player_season,2021-22,,215439,,,NOT_APPLICABLE,,NOT_APPLICABLE,,NOT_APPLICABLE,,VERIFIED,UNRESOLVED,,215439,UNRESOLVED,,no existing verified Player Research closure
player_season/1220,player_season,2021-22,,222017,,,NOT_APPLICABLE,,NOT_APPLICABLE,,NOT_APPLICABLE,,VERIFIED,UNRESOLVED,,222017,UNRESOLVED,,no existing verified Player Research closure
player_season/1221,player_season,2021-22,,195728,,,NOT_APPLICABLE,,NOT_APPLICABLE,,NOT_APPLICABLE,,VERIFIED,UNRESOLVED,,195728,UNRESOLVED,,no existing verified Player Research closure
player_season/1222,player_season,2021-22,,204480,,,NOT_APPLICABLE,,NOT_APPLICABLE,,NOT_APPLICABLE,,VERIFIED,UNRESOLVED,,204480,UNRESOLVED,,no existing verified Player Research closure
player_season/1223,player_season,2021-22,,458297,,,NOT_APPLICABLE,,NOT_APPLICABLE,,NOT_APPLICABLE,,VERIFIED,UNRESOLVED,,458297,UNRESOLVED,,no existing verified Player Research closure
player_season/1224,player_season,2021-22,,440120,,,NOT_APPLICABLE,,NOT_APPLICABLE,,NOT_APPLICABLE,,VERIFIED,UNRESOLVED,,440120,UNRESOLVED,,no existing verified Player Research closure
player_season/1225,player_season,2021-22,,496228,,,NOT_APPLICABLE,,NOT_APPLICABLE,,NOT_APPLICABLE,,VERIFIED,UNRESOLVED,,496228,UNRESOLVED,,no existing verified Player Research closure
player_season/1226,player_season,2021-22,,56377,,,NOT_APPLICABLE,,NOT_APPLICABLE,,NOT_APPLICABLE,,VERIFIED,UNRESOLVED,,56377,UNRESOLVED,,no existing verified Player Research closure
player_season/1227,player_season,2021-22,,57531,,,NOT_APPLICABLE,,NOT_APPLICABLE,,NOT_APPLICABLE,,VERIFIED,UNRESOLVED,,57531,UNRESOLVED,,no existing verified Player Research closure
player_season/1228,player_season,2021-22,,178186,,,NOT_APPLICABLE,,NOT_APPLICABLE,,NOT_APPLICABLE,,VERIFIED,UNRESOLVED,,178186,UNRESOLVED,,no existing verified Player Research closure
player_season/1229,player_season,2021-22,,172841,,,NOT_APPLICABLE,,NOT_APPLICABLE,,NOT_APPLICABLE,,VERIFIED,UNRESOLVED,,172841,UNRESOLVED,,no existing verified Player Research closure
player_season/1230,player_season,2021-22,,248865,,,NOT_APPLICABLE,,NOT_APPLICABLE,,NOT_APPLICABLE,,VERIFIED,UNRESOLVED,,248865,UNRESOLVED,,no existing verified Player Research closure
player_season/1231,player_season,2021-22,,149065,,,NOT_APPLICABLE,,NOT_APPLICABLE,,NOT_APPLICABLE,,VERIFIED,UNRESOLVED,,149065,UNRESOLVED,,no existing verified Player Research closure
player_season/1232,player_season,2021-22,,242510,,,NOT_APPLICABLE,,NOT_APPLICABLE,,NOT_APPLICABLE,,VERIFIED,UNRESOLVED,,242510,UNRESOLVED,,no existing verified Player Research closure
player_season/1233,player_season,2021-22,,19236,,,NOT_APPLICABLE,,NOT_APPLICABLE,,NOT_APPLICABLE,,VERIFIED,UNRESOLVED,,19236,UNRESOLVED,,no existing verified Player Research closure
player_season/1234,player_season,2021-22,,518504,,,NOT_APPLICABLE,,NOT_APPLICABLE,,NOT_APPLICABLE,,VERIFIED,UNRESOLVED,,518504,UNRESOLVED,,no existing verified Player Research closure
player_season/1235,player_season,2021-22,,441271,,,NOT_APPLICABLE,,NOT_APPLICABLE,,NOT_APPLICABLE,,VERIFIED,UNRESOLVED,,441271,UNRESOLVED,,no existing verified Player Research closure
player_season/1236,player_season,2021-22,,448514,,,NOT_APPLICABLE,,NOT_APPLICABLE,,NOT_APPLICABLE,,VERIFIED,UNRESOLVED,,448514,UNRESOLVED,,no existing verified Player Research closure
player_season/1237,player_season,2021-22,,111291,,,NOT_APPLICABLE,,NOT_APPLICABLE,,NOT_APPLICABLE,,VERIFIED,UNRESOLVED,,111291,UNRESOLVED,,no existing verified Player Research closure
player_season/1238,player_season,2021-22,,501837,,,NOT_APPLICABLE,,NOT_APPLICABLE,,NOT_APPLICABLE,,VERIFIED,UNRESOLVED,,501837,UNRESOLVED,,no existing verified Player Research closure
player_season/1239,player_season,2021-22,,90585,,,NOT_APPLICABLE,,NOT_APPLICABLE,,NOT_APPLICABLE,,VERIFIED,UNRESOLVED,,90585,UNRESOLVED,,no existing verified Player Research closure
player_season/1240,player_season,2021-22,,94147,,,NOT_APPLICABLE,,NOT_APPLICABLE,,NOT_APPLICABLE,,VERIFIED,UNRESOLVED,,94147,UNRESOLVED,,no existing verified Player Research closure
player_season/1241,player_season,2021-22,,490721,,,NOT_APPLICABLE,,NOT_APPLICABLE,,NOT_APPLICABLE,,VERIFIED,UNRESOLVED,,490721,UNRESOLVED,,no existing verified Player Research closure
player_season/1242,player_season,2021-22,,114128,,,NOT_APPLICABLE,,NOT_APPLICABLE,,NOT_APPLICABLE,,VERIFIED,UNRESOLVED,,114128,UNRESOLVED,,no existing verified Player Research closure
player_season/1243,player_season,2021-22,,200402,,,NOT_APPLICABLE,,NOT_APPLICABLE,,NOT_APPLICABLE,,VERIFIED,UNRESOLVED,,200402,UNRESOLVED,,no existing verified Player Research closure
player_season/1244,player_season,2021-22,,214048,,,NOT_APPLICABLE,,NOT_APPLICABLE,,NOT_APPLICABLE,,VERIFIED,UNRESOLVED,,214048,UNRESOLVED,,no existing verified Player Research closure
player_season/1245,player_season,2021-22,,510362,,,NOT_APPLICABLE,,NOT_APPLICABLE,,NOT_APPLICABLE,,VERIFIED,UNRESOLVED,,510362,UNRESOLVED,,no existing verified Player Research closure
player_season/1246,player_season,2021-22,,225000,,,NOT_APPLICABLE,,NOT_APPLICABLE,,NOT_APPLICABLE,,VERIFIED,UNRESOLVED,,225000,UNRESOLVED,,no existing verified Player Research closure
player_season/1247,player_season,2021-22,,481626,,,NOT_APPLICABLE,,NOT_APPLICABLE,,NOT_APPLICABLE,,VERIFIED,UNRESOLVED,,481626,UNRESOLVED,,no existing verified Player Research closure
player_season/1248,player_season,2021-22,,428610,,,NOT_APPLICABLE,,NOT_APPLICABLE,,NOT_APPLICABLE,,VERIFIED,UNRESOLVED,,428610,UNRESOLVED,,no existing verified Player Research closure
player_season/1249,player_season,2021-22,,171317,,,NOT_APPLICABLE,,NOT_APPLICABLE,,NOT_APPLICABLE,,VERIFIED,UNRESOLVED,,171317,UNRESOLVED,,no existing verified Player Research closure
player_season/1250,player_season,2021-22,,200600,,,NOT_APPLICABLE,,NOT_APPLICABLE,,NOT_APPLICABLE,,VERIFIED,UNRESOLVED,,200600,UNRESOLVED,,no existing verified Player Research closure
player_season/1251,player_season,2021-22,,222531,,,NOT_APPLICABLE,,NOT_APPLICABLE,,NOT_APPLICABLE,,VERIFIED,UNRESOLVED,,222531,UNRESOLVED,,no existing verified Player Research closure
player_season/1252,player_season,2021-22,,107613,,,NOT_APPLICABLE,,NOT_APPLICABLE,,NOT_APPLICABLE,,VERIFIED,UNRESOLVED,,107613,UNRESOLVED,,no existing verified Player Research closure
player_season/1253,player_season,2021-22,,19624,,,NOT_APPLICABLE,,NOT_APPLICABLE,,NOT_APPLICABLE,,VERIFIED,UNRESOLVED,,19624,UNRESOLVED,,no existing verified Player Research closure
player_season/1254,player_season,2021-22,,151589,,,NOT_APPLICABLE,,NOT_APPLICABLE,,NOT_APPLICABLE,,VERIFIED,UNRESOLVED,,151589,UNRESOLVED,,no existing verified Player Research closure
player_season/1255,player_season,2021-22,,232351,,,NOT_APPLICABLE,,NOT_APPLICABLE,,NOT_APPLICABLE,,VERIFIED,UNRESOLVED,,232351,UNRESOLVED,,no existing verified Player Research closure
player_season/1256,player_season,2021-22,,245923,,,NOT_APPLICABLE,,NOT_APPLICABLE,,NOT_APPLICABLE,,VERIFIED,UNRESOLVED,,245923,UNRESOLVED,,no existing verified Player Research closure
player_season/1257,player_season,2021-22,,461026,,,NOT_APPLICABLE,,NOT_APPLICABLE,,NOT_APPLICABLE,,VERIFIED,UNRESOLVED,,461026,UNRESOLVED,,no existing verified Player Research closure
player_season/1258,player_season,2021-22,,247632,,,NOT_APPLICABLE,,NOT_APPLICABLE,,NOT_APPLICABLE,,VERIFIED,UNRESOLVED,,247632,UNRESOLVED,,no existing verified Player Research closure
player_season/1259,player_season,2021-22,,449988,,,NOT_APPLICABLE,,NOT_APPLICABLE,,NOT_APPLICABLE,,VERIFIED,UNRESOLVED,,449988,UNRESOLVED,,no existing verified Player Research closure
player_season/1260,player_season,2021-22,,102057,,,NOT_APPLICABLE,,NOT_APPLICABLE,,NOT_APPLICABLE,,VERIFIED,UNRESOLVED,,102057,UNRESOLVED,,no existing verified Player Research closure
player_season/1261,player_season,2021-22,,222564,,,NOT_APPLICABLE,,NOT_APPLICABLE,,NOT_APPLICABLE,,VERIFIED,UNRESOLVED,,222564,UNRESOLVED,,no existing verified Player Research closure
player_season/1262,player_season,2021-22,,510363,,,NOT_APPLICABLE,,NOT_APPLICABLE,,NOT_APPLICABLE,,VERIFIED,UNRESOLVED,,510363,UNRESOLVED,,no existing verified Player Research closure
player_season/1263,player_season,2021-22,,184754,,,NOT_APPLICABLE,,NOT_APPLICABLE,,NOT_APPLICABLE,,VERIFIED,UNRESOLVED,,184754,UNRESOLVED,,no existing verified Player Research closure
player_season/1264,player_season,2021-22,,159533,,,NOT_APPLICABLE,,NOT_APPLICABLE,,NOT_APPLICABLE,,VERIFIED,UNRESOLVED,,159533,UNRESOLVED,,no existing verified Player Research closure
player_season/1265,player_season,2022-23,,98980,,,NOT_APPLICABLE,,NOT_APPLICABLE,,NOT_APPLICABLE,,VERIFIED,UNRESOLVED,,98980,UNRESOLVED,,no existing verified Player Research closure
player_season/1266,player_season,2022-23,,111782,,,NOT_APPLICABLE,,NOT_APPLICABLE,,NOT_APPLICABLE,,VERIFIED,UNRESOLVED,,111782,UNRESOLVED,,no existing verified Player Research closure
player_season/1267,player_season,2022-23,,248164,,,NOT_APPLICABLE,,NOT_APPLICABLE,,NOT_APPLICABLE,,VERIFIED,UNRESOLVED,,248164,UNRESOLVED,,no existing verified Player Research closure
player_season/1268,player_season,2022-23,,462381,,,NOT_APPLICABLE,,NOT_APPLICABLE,,NOT_APPLICABLE,,VERIFIED,UNRESOLVED,,462381,UNRESOLVED,,no existing verified Player Research closure
player_season/1269,player_season,2022-23,,516159,,,NOT_APPLICABLE,,NOT_APPLICABLE,,NOT_APPLICABLE,,VERIFIED,UNRESOLVED,,516159,UNRESOLVED,,no existing verified Player Research closure
player_season/1270,player_season,2022-23,,481283,,,NOT_APPLICABLE,,NOT_APPLICABLE,,NOT_APPLICABLE,,VERIFIED,UNRESOLVED,,481283,UNRESOLVED,,no existing verified Player Research closure
player_season/1271,player_season,2022-23,,199796,,,NOT_APPLICABLE,,NOT_APPLICABLE,,NOT_APPLICABLE,,VERIFIED,UNRESOLVED,,199796,UNRESOLVED,,no existing verified Player Research closure
player_season/1272,player_season,2022-23,,165659,,,NOT_APPLICABLE,,NOT_APPLICABLE,,NOT_APPLICABLE,,VERIFIED,UNRESOLVED,,165659,UNRESOLVED,,no existing verified Player Research closure
player_season/1273,player_season,2022-23,,199798,,,NOT_APPLICABLE,,NOT_APPLICABLE,,NOT_APPLICABLE,,VERIFIED,UNRESOLVED,,199798,UNRESOLVED,,no existing verified Player Research closure
player_season/1274,player_season,2022-23,,149484,,,NOT_APPLICABLE,,NOT_APPLICABLE,,NOT_APPLICABLE,,VERIFIED,UNRESOLVED,,149484,UNRESOLVED,,no existing verified Player Research closure
player_season/1275,player_season,2022-23,,106468,,,NOT_APPLICABLE,,NOT_APPLICABLE,,NOT_APPLICABLE,,VERIFIED,UNRESOLVED,,106468,UNRESOLVED,,no existing verified Player Research closure
player_season/1276,player_season,2022-23,,101184,,,NOT_APPLICABLE,,NOT_APPLICABLE,,NOT_APPLICABLE,,VERIFIED,UNRESOLVED,,101184,UNRESOLVED,,no existing verified Player Research closure
player_season/1277,player_season,2022-23,,18892,,,NOT_APPLICABLE,,NOT_APPLICABLE,,NOT_APPLICABLE,,VERIFIED,UNRESOLVED,,18892,UNRESOLVED,,no existing verified Player Research closure
player_season/1278,player_season,2022-23,,101188,,,NOT_APPLICABLE,,NOT_APPLICABLE,,NOT_APPLICABLE,,VERIFIED,UNRESOLVED,,101188,UNRESOLVED,,no existing verified Player Research closure
player_season/1279,player_season,2022-23,,514287,,,NOT_APPLICABLE,,NOT_APPLICABLE,,NOT_APPLICABLE,,VERIFIED,UNRESOLVED,,514287,UNRESOLVED,,no existing verified Player Research closure
player_season/1280,player_season,2022-23,,479641,,,NOT_APPLICABLE,,NOT_APPLICABLE,,NOT_APPLICABLE,,VERIFIED,UNRESOLVED,,479641,UNRESOLVED,,no existing verified Player Research closure
player_season/1281,player_season,2022-23,,122775,,,NOT_APPLICABLE,,NOT_APPLICABLE,,NOT_APPLICABLE,,VERIFIED,UNRESOLVED,,122775,UNRESOLVED,,no existing verified Player Research closure
player_season/1282,player_season,2022-23,,230046,,,NOT_APPLICABLE,,NOT_APPLICABLE,,NOT_APPLICABLE,,VERIFIED,UNRESOLVED,,230046,UNRESOLVED,,no existing verified Player Research closure
player_season/1283,player_season,2022-23,,122806,,,NOT_APPLICABLE,,NOT_APPLICABLE,,NOT_APPLICABLE,,VERIFIED,UNRESOLVED,,122806,UNRESOLVED,,no existing verified Player Research closure
player_season/1284,player_season,2022-23,,195546,,,NOT_APPLICABLE,,NOT_APPLICABLE,,NOT_APPLICABLE,,VERIFIED,UNRESOLVED,,195546,UNRESOLVED,,no existing verified Player Research closure
player_season/1285,player_season,2022-23,,184704,,,NOT_APPLICABLE,,NOT_APPLICABLE,,NOT_APPLICABLE,,VERIFIED,UNRESOLVED,,184704,UNRESOLVED,,no existing verified Player Research closure
player_season/1286,player_season,2022-23,,84583,,,NOT_APPLICABLE,,NOT_APPLICABLE,,NOT_APPLICABLE,,VERIFIED,UNRESOLVED,,84583,UNRESOLVED,,no existing verified Player Research closure
player_season/1287,player_season,2022-23,,151589,,,NOT_APPLICABLE,,NOT_APPLICABLE,,NOT_APPLICABLE,,VERIFIED,UNRESOLVED,,151589,UNRESOLVED,,no existing verified Player Research closure
player_season/1288,player_season,2022-23,,232653,,,NOT_APPLICABLE,,NOT_APPLICABLE,,NOT_APPLICABLE,,VERIFIED,UNRESOLVED,,232653,UNRESOLVED,,no existing verified Player Research closure
player_season/1289,player_season,2022-23,,226944,,,NOT_APPLICABLE,,NOT_APPLICABLE,,NOT_APPLICABLE,,VERIFIED,UNRESOLVED,,226944,UNRESOLVED,,no existing verified Player Research closure
player_season/1290,player_season,2022-23,,490094,,,NOT_APPLICABLE,,NOT_APPLICABLE,,NOT_APPLICABLE,,VERIFIED,UNRESOLVED,,490094,UNRESOLVED,,no existing verified Player Research closure
player_season/1291,player_season,2022-23,,515599,,,NOT_APPLICABLE,,NOT_APPLICABLE,,NOT_APPLICABLE,,VERIFIED,UNRESOLVED,,515599,UNRESOLVED,,no existing verified Player Research closure
player_season/1292,player_season,2022-23,,534836,,,NOT_APPLICABLE,,NOT_APPLICABLE,,NOT_APPLICABLE,,VERIFIED,UNRESOLVED,,534836,UNRESOLVED,,no existing verified Player Research closure
player_season/1293,player_season,2022-23,,537403,,,NOT_APPLICABLE,,NOT_APPLICABLE,,NOT_APPLICABLE,,VERIFIED,UNRESOLVED,,537403,UNRESOLVED,,no existing verified Player Research closure
player_season/1294,player_season,2022-23,,110504,,,NOT_APPLICABLE,,NOT_APPLICABLE,,NOT_APPLICABLE,,VERIFIED,UNRESOLVED,,110504,UNRESOLVED,,no existing verified Player Research closure
player_season/1295,player_season,2022-23,,178301,,,NOT_APPLICABLE,,NOT_APPLICABLE,,NOT_APPLICABLE,,VERIFIED,UNRESOLVED,,178301,UNRESOLVED,,no existing verified Player Research closure
player_season/1296,player_season,2022-23,,476344,,,NOT_APPLICABLE,,NOT_APPLICABLE,,NOT_APPLICABLE,,VERIFIED,UNRESOLVED,,476344,UNRESOLVED,,no existing verified Player Research closure
player_season/1297,player_season,2022-23,,215711,,,NOT_APPLICABLE,,NOT_APPLICABLE,,NOT_APPLICABLE,,VERIFIED,UNRESOLVED,,215711,UNRESOLVED,,no existing verified Player Research closure
player_season/1298,player_season,2022-23,,433979,,,NOT_APPLICABLE,,NOT_APPLICABLE,,NOT_APPLICABLE,,VERIFIED,UNRESOLVED,,433979,UNRESOLVED,,no existing verified Player Research closure
player_season/1299,player_season,2022-23,,225321,,,NOT_APPLICABLE,,NOT_APPLICABLE,,NOT_APPLICABLE,,VERIFIED,UNRESOLVED,,225321,UNRESOLVED,,no existing verified Player Research closure
player_season/1300,player_season,2022-23,,224068,,,NOT_APPLICABLE,,NOT_APPLICABLE,,NOT_APPLICABLE,,VERIFIED,UNRESOLVED,,224068,UNRESOLVED,,no existing verified Player Research closure
player_season/1301,player_season,2022-23,,463748,,,NOT_APPLICABLE,,NOT_APPLICABLE,,NOT_APPLICABLE,,VERIFIED,UNRESOLVED,,463748,UNRESOLVED,,no existing verified Player Research closure
player_season/1302,player_season,2022-23,,462424,,,NOT_APPLICABLE,,NOT_APPLICABLE,,NOT_APPLICABLE,,VERIFIED,UNRESOLVED,,462424,UNRESOLVED,,no existing verified Player Research closure
player_season/1303,player_season,2022-23,,192895,,,NOT_APPLICABLE,,NOT_APPLICABLE,,NOT_APPLICABLE,,VERIFIED,UNRESOLVED,,192895,UNRESOLVED,,no existing verified Player Research closure
player_season/1304,player_season,2022-23,,198869,,,NOT_APPLICABLE,,NOT_APPLICABLE,,NOT_APPLICABLE,,VERIFIED,UNRESOLVED,,198869,UNRESOLVED,,no existing verified Player Research closure
player_season/1305,player_season,2022-23,,226597,,,NOT_APPLICABLE,,NOT_APPLICABLE,,NOT_APPLICABLE,,VERIFIED,UNRESOLVED,,226597,UNRESOLVED,,no existing verified Player Research closure
player_season/1306,player_season,2022-23,,440854,,,NOT_APPLICABLE,,NOT_APPLICABLE,,NOT_APPLICABLE,,VERIFIED,UNRESOLVED,,440854,UNRESOLVED,,no existing verified Player Research closure
player_season/1307,player_season,2022-23,,156074,,,NOT_APPLICABLE,,NOT_APPLICABLE,,NOT_APPLICABLE,,VERIFIED,UNRESOLVED,,156074,UNRESOLVED,,no existing verified Player Research closure
player_season/1308,player_season,2022-23,,58822,,,NOT_APPLICABLE,,NOT_APPLICABLE,,NOT_APPLICABLE,,VERIFIED,UNRESOLVED,,58822,UNRESOLVED,,no existing verified Player Research closure
player_season/1309,player_season,2022-23,,223723,,,NOT_APPLICABLE,,NOT_APPLICABLE,,NOT_APPLICABLE,,VERIFIED,UNRESOLVED,,223723,UNRESOLVED,,no existing verified Player Research closure
player_season/1310,player_season,2022-23,,514315,,,NOT_APPLICABLE,,NOT_APPLICABLE,,NOT_APPLICABLE,,VERIFIED,UNRESOLVED,,514315,UNRESOLVED,,no existing verified Player Research closure
player_season/1311,player_season,2022-23,,535262,,,NOT_APPLICABLE,,NOT_APPLICABLE,,NOT_APPLICABLE,,VERIFIED,UNRESOLVED,,535262,UNRESOLVED,,no existing verified Player Research closure
player_season/1312,player_season,2022-23,,167199,,,NOT_APPLICABLE,,NOT_APPLICABLE,,NOT_APPLICABLE,,VERIFIED,UNRESOLVED,,167199,UNRESOLVED,,no existing verified Player Research closure
player_season/1313,player_season,2022-23,,223340,,,NOT_APPLICABLE,,NOT_APPLICABLE,,NOT_APPLICABLE,,VERIFIED,UNRESOLVED,,223340,UNRESOLVED,,no existing verified Player Research closure
player_season/1314,player_season,2022-23,,184029,,,NOT_APPLICABLE,,NOT_APPLICABLE,,NOT_APPLICABLE,,VERIFIED,UNRESOLVED,,184029,UNRESOLVED,,no existing verified Player Research closure
player_season/1315,player_season,2022-23,,209289,,,NOT_APPLICABLE,,NOT_APPLICABLE,,NOT_APPLICABLE,,VERIFIED,UNRESOLVED,,209289,UNRESOLVED,,no existing verified Player Research closure
player_season/1316,player_season,2022-23,,154043,,,NOT_APPLICABLE,,NOT_APPLICABLE,,NOT_APPLICABLE,,VERIFIED,UNRESOLVED,,154043,UNRESOLVED,,no existing verified Player Research closure
player_season/1317,player_season,2022-23,,85955,,,NOT_APPLICABLE,,NOT_APPLICABLE,,NOT_APPLICABLE,,VERIFIED,UNRESOLVED,,85955,UNRESOLVED,,no existing verified Player Research closure
player_season/1318,player_season,2022-23,,438098,,,NOT_APPLICABLE,,NOT_APPLICABLE,,NOT_APPLICABLE,,VERIFIED,UNRESOLVED,,438098,UNRESOLVED,,no existing verified Player Research closure
player_season/1319,player_season,2022-23,,437742,,,NOT_APPLICABLE,,NOT_APPLICABLE,,NOT_APPLICABLE,,VERIFIED,UNRESOLVED,,437742,UNRESOLVED,,no existing verified Player Research closure
player_season/1320,player_season,2022-23,,153256,,,NOT_APPLICABLE,,NOT_APPLICABLE,,NOT_APPLICABLE,,VERIFIED,UNRESOLVED,,153256,UNRESOLVED,,no existing verified Player Research closure
player_season/1321,player_season,2022-23,,84450,,,NOT_APPLICABLE,,NOT_APPLICABLE,,NOT_APPLICABLE,,VERIFIED,UNRESOLVED,,84450,UNRESOLVED,,no existing verified Player Research closure
player_season/1322,player_season,2022-23,,206325,,,NOT_APPLICABLE,,NOT_APPLICABLE,,NOT_APPLICABLE,,VERIFIED,UNRESOLVED,,206325,UNRESOLVED,,no existing verified Player Research closure
player_season/1323,player_season,2022-23,,504751,,,NOT_APPLICABLE,,NOT_APPLICABLE,,NOT_APPLICABLE,,VERIFIED,UNRESOLVED,,504751,UNRESOLVED,,no existing verified Player Research closure
player_season/1324,player_season,2022-23,,232241,,,NOT_APPLICABLE,,NOT_APPLICABLE,,NOT_APPLICABLE,,VERIFIED,UNRESOLVED,,232241,UNRESOLVED,,no existing verified Player Research closure
player_season/1325,player_season,2022-23,,499175,,,NOT_APPLICABLE,,NOT_APPLICABLE,,NOT_APPLICABLE,,VERIFIED,UNRESOLVED,,499175,UNRESOLVED,,no existing verified Player Research closure
player_season/1326,player_season,2022-23,,519324,,,NOT_APPLICABLE,,NOT_APPLICABLE,,NOT_APPLICABLE,,VERIFIED,UNRESOLVED,,519324,UNRESOLVED,,no existing verified Player Research closure
player_season/1327,player_season,2022-23,,205651,,,NOT_APPLICABLE,,NOT_APPLICABLE,,NOT_APPLICABLE,,VERIFIED,UNRESOLVED,,205651,UNRESOLVED,,no existing verified Player Research closure
player_season/1328,player_season,2022-23,,444145,,,NOT_APPLICABLE,,NOT_APPLICABLE,,NOT_APPLICABLE,,VERIFIED,UNRESOLVED,,444145,UNRESOLVED,,no existing verified Player Research closure
player_season/1329,player_season,2022-23,,205533,,,NOT_APPLICABLE,,NOT_APPLICABLE,,NOT_APPLICABLE,,VERIFIED,UNRESOLVED,,205533,UNRESOLVED,,no existing verified Player Research closure
player_season/1330,player_season,2022-23,,116216,,,NOT_APPLICABLE,,NOT_APPLICABLE,,NOT_APPLICABLE,,VERIFIED,UNRESOLVED,,116216,UNRESOLVED,,no existing verified Player Research closure
player_season/1331,player_season,2022-23,,195735,,,NOT_APPLICABLE,,NOT_APPLICABLE,,NOT_APPLICABLE,,VERIFIED,UNRESOLVED,,195735,UNRESOLVED,,no existing verified Player Research closure
player_season/1332,player_season,2022-23,,200641,,,NOT_APPLICABLE,,NOT_APPLICABLE,,NOT_APPLICABLE,,VERIFIED,UNRESOLVED,,200641,UNRESOLVED,,no existing verified Player Research closure
player_season/1333,player_season,2022-23,,479683,,,NOT_APPLICABLE,,NOT_APPLICABLE,,NOT_APPLICABLE,,VERIFIED,UNRESOLVED,,479683,UNRESOLVED,,no existing verified Player Research closure
player_season/1334,player_season,2022-23,,229600,,,NOT_APPLICABLE,,NOT_APPLICABLE,,NOT_APPLICABLE,,VERIFIED,UNRESOLVED,,229600,UNRESOLVED,,no existing verified Player Research closure
player_season/1335,player_season,2022-23,,69752,,,NOT_APPLICABLE,,NOT_APPLICABLE,,NOT_APPLICABLE,,VERIFIED,UNRESOLVED,,69752,UNRESOLVED,,no existing verified Player Research closure
player_season/1336,player_season,2022-23,,444172,,,NOT_APPLICABLE,,NOT_APPLICABLE,,NOT_APPLICABLE,,VERIFIED,UNRESOLVED,,444172,UNRESOLVED,,no existing verified Player Research closure
player_season/1337,player_season,2022-23,,461012,,,NOT_APPLICABLE,,NOT_APPLICABLE,,NOT_APPLICABLE,,VERIFIED,UNRESOLVED,,461012,UNRESOLVED,,no existing verified Player Research closure
player_season/1338,player_season,2022-23,,81012,,,NOT_APPLICABLE,,NOT_APPLICABLE,,NOT_APPLICABLE,,VERIFIED,UNRESOLVED,,81012,UNRESOLVED,,no existing verified Player Research closure
player_season/1339,player_season,2022-23,,88900,,,NOT_APPLICABLE,,NOT_APPLICABLE,,NOT_APPLICABLE,,VERIFIED,UNRESOLVED,,88900,UNRESOLVED,,no existing verified Player Research closure
player_season/1340,player_season,2022-23,,235530,,,NOT_APPLICABLE,,NOT_APPLICABLE,,NOT_APPLICABLE,,VERIFIED,UNRESOLVED,,235530,UNRESOLVED,,no existing verified Player Research closure
player_season/1341,player_season,2022-23,,223911,,,NOT_APPLICABLE,,NOT_APPLICABLE,,NOT_APPLICABLE,,VERIFIED,UNRESOLVED,,223911,UNRESOLVED,,no existing verified Player Research closure
player_season/1342,player_season,2022-23,,54469,,,NOT_APPLICABLE,,NOT_APPLICABLE,,NOT_APPLICABLE,,VERIFIED,UNRESOLVED,,54469,UNRESOLVED,,no existing verified Player Research closure
player_season/1343,player_season,2022-23,,154131,,,NOT_APPLICABLE,,NOT_APPLICABLE,,NOT_APPLICABLE,,VERIFIED,UNRESOLVED,,154131,UNRESOLVED,,no existing verified Player Research closure
player_season/1344,player_season,2022-23,,244704,,,NOT_APPLICABLE,,NOT_APPLICABLE,,NOT_APPLICABLE,,VERIFIED,UNRESOLVED,,244704,UNRESOLVED,,no existing verified Player Research closure
player_season/1345,player_season,2022-23,,463981,,,NOT_APPLICABLE,,NOT_APPLICABLE,,NOT_APPLICABLE,,VERIFIED,UNRESOLVED,,463981,UNRESOLVED,,no existing verified Player Research closure
player_season/1346,player_season,2022-23,,221466,,,NOT_APPLICABLE,,NOT_APPLICABLE,,NOT_APPLICABLE,,VERIFIED,UNRESOLVED,,221466,UNRESOLVED,,no existing verified Player Research closure
player_season/1347,player_season,2022-23,,477580,,,NOT_APPLICABLE,,NOT_APPLICABLE,,NOT_APPLICABLE,,VERIFIED,UNRESOLVED,,477580,UNRESOLVED,,no existing verified Player Research closure
player_season/1348,player_season,2022-23,,447932,,,NOT_APPLICABLE,,NOT_APPLICABLE,,NOT_APPLICABLE,,VERIFIED,UNRESOLVED,,447932,UNRESOLVED,,no existing verified Player Research closure
player_season/1349,player_season,2022-23,,474772,,,NOT_APPLICABLE,,NOT_APPLICABLE,,NOT_APPLICABLE,,VERIFIED,UNRESOLVED,,474772,UNRESOLVED,,no existing verified Player Research closure
player_season/1350,player_season,2022-23,,496683,,,NOT_APPLICABLE,,NOT_APPLICABLE,,NOT_APPLICABLE,,VERIFIED,UNRESOLVED,,496683,UNRESOLVED,,no existing verified Player Research closure
player_season/1351,player_season,2022-23,,133845,,,NOT_APPLICABLE,,NOT_APPLICABLE,,NOT_APPLICABLE,,VERIFIED,UNRESOLVED,,133845,UNRESOLVED,,no existing verified Player Research closure
player_season/1352,player_season,2022-23,,155408,,,NOT_APPLICABLE,,NOT_APPLICABLE,,NOT_APPLICABLE,,VERIFIED,UNRESOLVED,,155408,UNRESOLVED,,no existing verified Player Research closure
player_season/1353,player_season,2022-23,,111317,,,NOT_APPLICABLE,,NOT_APPLICABLE,,NOT_APPLICABLE,,VERIFIED,UNRESOLVED,,111317,UNRESOLVED,,no existing verified Player Research closure
player_season/1354,player_season,2022-23,,152551,,,NOT_APPLICABLE,,NOT_APPLICABLE,,NOT_APPLICABLE,,VERIFIED,UNRESOLVED,,152551,UNRESOLVED,,no existing verified Player Research closure
player_season/1355,player_season,2022-23,,158499,,,NOT_APPLICABLE,,NOT_APPLICABLE,,NOT_APPLICABLE,,VERIFIED,UNRESOLVED,,158499,UNRESOLVED,,no existing verified Player Research closure
player_season/1356,player_season,2022-23,,156685,,,NOT_APPLICABLE,,NOT_APPLICABLE,,NOT_APPLICABLE,,VERIFIED,UNRESOLVED,,156685,UNRESOLVED,,no existing verified Player Research closure
player_season/1357,player_season,2022-23,,201658,,,NOT_APPLICABLE,,NOT_APPLICABLE,,NOT_APPLICABLE,,VERIFIED,UNRESOLVED,,201658,UNRESOLVED,,no existing verified Player Research closure
player_season/1358,player_season,2022-23,,56872,,,NOT_APPLICABLE,,NOT_APPLICABLE,,NOT_APPLICABLE,,VERIFIED,UNRESOLVED,,56872,UNRESOLVED,,no existing verified Player Research closure
player_season/1359,player_season,2022-23,,244085,,,NOT_APPLICABLE,,NOT_APPLICABLE,,NOT_APPLICABLE,,VERIFIED,UNRESOLVED,,244085,UNRESOLVED,,no existing verified Player Research closure
player_season/1360,player_season,2022-23,,424044,,,NOT_APPLICABLE,,NOT_APPLICABLE,,NOT_APPLICABLE,,VERIFIED,UNRESOLVED,,424044,UNRESOLVED,,no existing verified Player Research closure
player_season/1361,player_season,2022-23,,156687,,,NOT_APPLICABLE,,NOT_APPLICABLE,,NOT_APPLICABLE,,VERIFIED,UNRESOLVED,,156687,UNRESOLVED,,no existing verified Player Research closure
player_season/1362,player_season,2022-23,,168991,,,NOT_APPLICABLE,,NOT_APPLICABLE,,NOT_APPLICABLE,,VERIFIED,UNRESOLVED,,168991,UNRESOLVED,,no existing verified Player Research closure
player_season/1363,player_season,2022-23,,590760,,,NOT_APPLICABLE,,NOT_APPLICABLE,,NOT_APPLICABLE,,VERIFIED,UNRESOLVED,,590760,UNRESOLVED,,no existing verified Player Research closure
player_season/1364,player_season,2022-23,,154566,,,NOT_APPLICABLE,,NOT_APPLICABLE,,NOT_APPLICABLE,,VERIFIED,UNRESOLVED,,154566,UNRESOLVED,,no existing verified Player Research closure
player_season/1365,player_season,2022-23,,533463,,,NOT_APPLICABLE,,NOT_APPLICABLE,,NOT_APPLICABLE,,VERIFIED,UNRESOLVED,,533463,UNRESOLVED,,no existing verified Player Research closure
player_season/1366,player_season,2022-23,,128309,,,NOT_APPLICABLE,,NOT_APPLICABLE,,NOT_APPLICABLE,,VERIFIED,UNRESOLVED,,128309,UNRESOLVED,,no existing verified Player Research closure
player_season/1367,player_season,2022-23,,128340,,,NOT_APPLICABLE,,NOT_APPLICABLE,,NOT_APPLICABLE,,VERIFIED,UNRESOLVED,,128340,UNRESOLVED,,no existing verified Player Research closure
player_season/1368,player_season,2022-23,,437730,,,NOT_APPLICABLE,,NOT_APPLICABLE,,NOT_APPLICABLE,,VERIFIED,UNRESOLVED,,437730,UNRESOLVED,,no existing verified Player Research closure
player_season/1369,player_season,2022-23,,444180,,,NOT_APPLICABLE,,NOT_APPLICABLE,,NOT_APPLICABLE,,VERIFIED,UNRESOLVED,,444180,UNRESOLVED,,no existing verified Player Research closure
player_season/1370,player_season,2022-23,,461017,,,NOT_APPLICABLE,,NOT_APPLICABLE,,NOT_APPLICABLE,,VERIFIED,UNRESOLVED,,461017,UNRESOLVED,,no existing verified Player Research closure
player_season/1371,player_season,2022-23,,461013,,,NOT_APPLICABLE,,NOT_APPLICABLE,,NOT_APPLICABLE,,VERIFIED,UNRESOLVED,,461013,UNRESOLVED,,no existing verified Player Research closure
player_season/1372,player_season,2022-23,,550596,,,NOT_APPLICABLE,,NOT_APPLICABLE,,NOT_APPLICABLE,,VERIFIED,UNRESOLVED,,550596,UNRESOLVED,,no existing verified Player Research closure
player_season/1373,player_season,2022-23,,596572,,,NOT_APPLICABLE,,NOT_APPLICABLE,,NOT_APPLICABLE,,VERIFIED,UNRESOLVED,,596572,UNRESOLVED,,no existing verified Player Research closure
player_season/1374,player_season,2022-23,,154561,,,NOT_APPLICABLE,,NOT_APPLICABLE,,NOT_APPLICABLE,,VERIFIED,UNRESOLVED,,154561,UNRESOLVED,,no existing verified Player Research closure
player_season/1375,player_season,2022-23,,140200,,,NOT_APPLICABLE,,NOT_APPLICABLE,,NOT_APPLICABLE,,VERIFIED,UNRESOLVED,,140200,UNRESOLVED,,no existing verified Player Research closure
player_season/1376,player_season,2022-23,,503300,,,NOT_APPLICABLE,,NOT_APPLICABLE,,NOT_APPLICABLE,,VERIFIED,UNRESOLVED,,503300,UNRESOLVED,,no existing verified Player Research closure
player_season/1377,player_season,2022-23,,472713,,,NOT_APPLICABLE,,NOT_APPLICABLE,,NOT_APPLICABLE,,VERIFIED,UNRESOLVED,,472713,UNRESOLVED,,no existing verified Player Research closure
player_season/1378,player_season,2022-23,,194010,,,NOT_APPLICABLE,,NOT_APPLICABLE,,NOT_APPLICABLE,,VERIFIED,UNRESOLVED,,194010,UNRESOLVED,,no existing verified Player Research closure
player_season/1379,player_season,2022-23,,213687,,,NOT_APPLICABLE,,NOT_APPLICABLE,,NOT_APPLICABLE,,VERIFIED,UNRESOLVED,,213687,UNRESOLVED,,no existing verified Player Research closure
player_season/1380,player_season,2022-23,,231065,,,NOT_APPLICABLE,,NOT_APPLICABLE,,NOT_APPLICABLE,,VERIFIED,UNRESOLVED,,231065,UNRESOLVED,,no existing verified Player Research closure
player_season/1381,player_season,2022-23,,48760,,,NOT_APPLICABLE,,NOT_APPLICABLE,,NOT_APPLICABLE,,VERIFIED,UNRESOLVED,,48760,UNRESOLVED,,no existing verified Player Research closure
player_season/1382,player_season,2022-23,,51927,,,NOT_APPLICABLE,,NOT_APPLICABLE,,NOT_APPLICABLE,,VERIFIED,UNRESOLVED,,51927,UNRESOLVED,,no existing verified Player Research closure
player_season/1383,player_season,2022-23,,61810,,,NOT_APPLICABLE,,NOT_APPLICABLE,,NOT_APPLICABLE,,VERIFIED,UNRESOLVED,,61810,UNRESOLVED,,no existing verified Player Research closure
player_season/1384,player_season,2022-23,,191866,,,NOT_APPLICABLE,,NOT_APPLICABLE,,NOT_APPLICABLE,,VERIFIED,UNRESOLVED,,191866,UNRESOLVED,,no existing verified Player Research closure
player_season/1385,player_season,2022-23,,228044,,,NOT_APPLICABLE,,NOT_APPLICABLE,,NOT_APPLICABLE,,VERIFIED,UNRESOLVED,,228044,UNRESOLVED,,no existing verified Player Research closure
player_season/1386,player_season,2022-23,,226956,,,NOT_APPLICABLE,,NOT_APPLICABLE,,NOT_APPLICABLE,,VERIFIED,UNRESOLVED,,226956,UNRESOLVED,,no existing verified Player Research closure
player_season/1387,player_season,2022-23,,592661,,,NOT_APPLICABLE,,NOT_APPLICABLE,,NOT_APPLICABLE,,VERIFIED,UNRESOLVED,,592661,UNRESOLVED,,no existing verified Player Research closure
player_season/1388,player_season,2022-23,,450550,,,NOT_APPLICABLE,,NOT_APPLICABLE,,NOT_APPLICABLE,,VERIFIED,UNRESOLVED,,450550,UNRESOLVED,,no existing verified Player Research closure
player_season/1389,player_season,2022-23,,508395,,,NOT_APPLICABLE,,NOT_APPLICABLE,,NOT_APPLICABLE,,VERIFIED,UNRESOLVED,,508395,UNRESOLVED,,no existing verified Player Research closure
player_season/1390,player_season,2022-23,,128295,,,NOT_APPLICABLE,,NOT_APPLICABLE,,NOT_APPLICABLE,,VERIFIED,UNRESOLVED,,128295,UNRESOLVED,,no existing verified Player Research closure
player_season/1391,player_season,2022-23,,207283,,,NOT_APPLICABLE,,NOT_APPLICABLE,,NOT_APPLICABLE,,VERIFIED,UNRESOLVED,,207283,UNRESOLVED,,no existing verified Player Research closure
player_season/1392,player_season,2022-23,,513418,,,NOT_APPLICABLE,,NOT_APPLICABLE,,NOT_APPLICABLE,,VERIFIED,UNRESOLVED,,513418,UNRESOLVED,,no existing verified Player Research closure
player_season/1393,player_season,2022-23,,183656,,,NOT_APPLICABLE,,NOT_APPLICABLE,,NOT_APPLICABLE,,VERIFIED,UNRESOLVED,,183656,UNRESOLVED,,no existing verified Player Research closure
player_season/1394,player_season,2022-23,,216646,,,NOT_APPLICABLE,,NOT_APPLICABLE,,NOT_APPLICABLE,,VERIFIED,UNRESOLVED,,216646,UNRESOLVED,,no existing verified Player Research closure
player_season/1395,player_season,2022-23,,428580,,,NOT_APPLICABLE,,NOT_APPLICABLE,,NOT_APPLICABLE,,VERIFIED,UNRESOLVED,,428580,UNRESOLVED,,no existing verified Player Research closure
player_season/1396,player_season,2022-23,,446008,,,NOT_APPLICABLE,,NOT_APPLICABLE,,NOT_APPLICABLE,,VERIFIED,UNRESOLVED,,446008,UNRESOLVED,,no existing verified Player Research closure
player_season/1397,player_season,2022-23,,440089,,,NOT_APPLICABLE,,NOT_APPLICABLE,,NOT_APPLICABLE,,VERIFIED,UNRESOLVED,,440089,UNRESOLVED,,no existing verified Player Research closure
player_season/1398,player_season,2022-23,,432160,,,NOT_APPLICABLE,,NOT_APPLICABLE,,NOT_APPLICABLE,,VERIFIED,UNRESOLVED,,432160,UNRESOLVED,,no existing verified Player Research closure
player_season/1399,player_season,2022-23,,204580,,,NOT_APPLICABLE,,NOT_APPLICABLE,,NOT_APPLICABLE,,VERIFIED,UNRESOLVED,,204580,UNRESOLVED,,no existing verified Player Research closure
player_season/1400,player_season,2022-23,,591357,,,NOT_APPLICABLE,,NOT_APPLICABLE,,NOT_APPLICABLE,,VERIFIED,UNRESOLVED,,591357,UNRESOLVED,,no existing verified Player Research closure
player_season/1401,player_season,2022-23,,501284,,,NOT_APPLICABLE,,NOT_APPLICABLE,,NOT_APPLICABLE,,VERIFIED,UNRESOLVED,,501284,UNRESOLVED,,no existing verified Player Research closure
player_season/1402,player_season,2022-23,,174932,,,NOT_APPLICABLE,,NOT_APPLICABLE,,NOT_APPLICABLE,,VERIFIED,UNRESOLVED,,174932,UNRESOLVED,,no existing verified Player Research closure
player_season/1403,player_season,2022-23,,205836,,,NOT_APPLICABLE,,NOT_APPLICABLE,,NOT_APPLICABLE,,VERIFIED,UNRESOLVED,,205836,UNRESOLVED,,no existing verified Player Research closure
player_season/1404,player_season,2022-23,,144485,,,NOT_APPLICABLE,,NOT_APPLICABLE,,NOT_APPLICABLE,,VERIFIED,UNRESOLVED,,144485,UNRESOLVED,,no existing verified Player Research closure
player_season/1405,player_season,2022-23,,434662,,,NOT_APPLICABLE,,NOT_APPLICABLE,,NOT_APPLICABLE,,VERIFIED,UNRESOLVED,,434662,UNRESOLVED,,no existing verified Player Research closure
player_season/1406,player_season,2022-23,,249231,,,NOT_APPLICABLE,,NOT_APPLICABLE,,NOT_APPLICABLE,,VERIFIED,UNRESOLVED,,249231,UNRESOLVED,,no existing verified Player Research closure
player_season/1407,player_season,2022-23,,215059,,,NOT_APPLICABLE,,NOT_APPLICABLE,,NOT_APPLICABLE,,VERIFIED,UNRESOLVED,,215059,UNRESOLVED,,no existing verified Player Research closure
player_season/1408,player_season,2022-23,,49262,,,NOT_APPLICABLE,,NOT_APPLICABLE,,NOT_APPLICABLE,,VERIFIED,UNRESOLVED,,49262,UNRESOLVED,,no existing verified Player Research closure
player_season/1409,player_season,2022-23,,209288,,,NOT_APPLICABLE,,NOT_APPLICABLE,,NOT_APPLICABLE,,VERIFIED,UNRESOLVED,,209288,UNRESOLVED,,no existing verified Player Research closure
player_season/1410,player_season,2022-23,,232792,,,NOT_APPLICABLE,,NOT_APPLICABLE,,NOT_APPLICABLE,,VERIFIED,UNRESOLVED,,232792,UNRESOLVED,,no existing verified Player Research closure
player_season/1411,player_season,2022-23,,110735,,,NOT_APPLICABLE,,NOT_APPLICABLE,,NOT_APPLICABLE,,VERIFIED,UNRESOLVED,,110735,UNRESOLVED,,no existing verified Player Research closure
player_season/1412,player_season,2022-23,,83299,,,NOT_APPLICABLE,,NOT_APPLICABLE,,NOT_APPLICABLE,,VERIFIED,UNRESOLVED,,83299,UNRESOLVED,,no existing verified Player Research closure
player_season/1413,player_season,2022-23,,460028,,,NOT_APPLICABLE,,NOT_APPLICABLE,,NOT_APPLICABLE,,VERIFIED,UNRESOLVED,,460028,UNRESOLVED,,no existing verified Player Research closure
player_season/1414,player_season,2022-23,,469142,,,NOT_APPLICABLE,,NOT_APPLICABLE,,NOT_APPLICABLE,,VERIFIED,UNRESOLVED,,469142,UNRESOLVED,,no existing verified Player Research closure
player_season/1415,player_season,2022-23,,204214,,,NOT_APPLICABLE,,NOT_APPLICABLE,,NOT_APPLICABLE,,VERIFIED,UNRESOLVED,,204214,UNRESOLVED,,no existing verified Player Research closure
player_season/1416,player_season,2022-23,,111478,,,NOT_APPLICABLE,,NOT_APPLICABLE,,NOT_APPLICABLE,,VERIFIED,UNRESOLVED,,111478,UNRESOLVED,,no existing verified Player Research closure
player_season/1417,player_season,2022-23,,448496,,,NOT_APPLICABLE,,NOT_APPLICABLE,,NOT_APPLICABLE,,VERIFIED,UNRESOLVED,,448496,UNRESOLVED,,no existing verified Player Research closure
player_season/1418,player_season,2022-23,,440123,,,NOT_APPLICABLE,,NOT_APPLICABLE,,NOT_APPLICABLE,,VERIFIED,UNRESOLVED,,440123,UNRESOLVED,,no existing verified Player Research closure
player_season/1419,player_season,2022-23,,445548,,,NOT_APPLICABLE,,NOT_APPLICABLE,,NOT_APPLICABLE,,VERIFIED,UNRESOLVED,,445548,UNRESOLVED,,no existing verified Player Research closure
player_season/1420,player_season,2022-23,,447720,,,NOT_APPLICABLE,,NOT_APPLICABLE,,NOT_APPLICABLE,,VERIFIED,UNRESOLVED,,447720,UNRESOLVED,,no existing verified Player Research closure
player_season/1421,player_season,2022-23,,39155,,,NOT_APPLICABLE,,NOT_APPLICABLE,,NOT_APPLICABLE,,VERIFIED,UNRESOLVED,,39155,UNRESOLVED,,no existing verified Player Research closure
player_season/1422,player_season,2022-23,,235382,,,NOT_APPLICABLE,,NOT_APPLICABLE,,NOT_APPLICABLE,,VERIFIED,UNRESOLVED,,235382,UNRESOLVED,,no existing verified Player Research closure
player_season/1423,player_season,2022-23,,109345,,,NOT_APPLICABLE,,NOT_APPLICABLE,,NOT_APPLICABLE,,VERIFIED,UNRESOLVED,,109345,UNRESOLVED,,no existing verified Player Research closure
player_season/1424,player_season,2022-23,,243016,,,NOT_APPLICABLE,,NOT_APPLICABLE,,NOT_APPLICABLE,,VERIFIED,UNRESOLVED,,243016,UNRESOLVED,,no existing verified Player Research closure
player_season/1425,player_season,2022-23,,60307,,,NOT_APPLICABLE,,NOT_APPLICABLE,,NOT_APPLICABLE,,VERIFIED,UNRESOLVED,,60307,UNRESOLVED,,no existing verified Player Research closure
player_season/1426,player_season,2022-23,,451340,,,NOT_APPLICABLE,,NOT_APPLICABLE,,NOT_APPLICABLE,,VERIFIED,UNRESOLVED,,451340,UNRESOLVED,,no existing verified Player Research closure
player_season/1427,player_season,2022-23,,486672,,,NOT_APPLICABLE,,NOT_APPLICABLE,,NOT_APPLICABLE,,VERIFIED,UNRESOLVED,,486672,UNRESOLVED,,no existing verified Player Research closure
player_season/1428,player_season,2022-23,,509416,,,NOT_APPLICABLE,,NOT_APPLICABLE,,NOT_APPLICABLE,,VERIFIED,UNRESOLVED,,509416,UNRESOLVED,,no existing verified Player Research closure
player_season/1429,player_season,2022-23,,243568,,,NOT_APPLICABLE,,NOT_APPLICABLE,,NOT_APPLICABLE,,VERIFIED,UNRESOLVED,,243568,UNRESOLVED,,no existing verified Player Research closure
player_season/1430,player_season,2022-23,,536916,,,NOT_APPLICABLE,,NOT_APPLICABLE,,NOT_APPLICABLE,,VERIFIED,UNRESOLVED,,536916,UNRESOLVED,,no existing verified Player Research closure
player_season/1431,player_season,2022-23,,513834,,,NOT_APPLICABLE,,NOT_APPLICABLE,,NOT_APPLICABLE,,VERIFIED,UNRESOLVED,,513834,UNRESOLVED,,no existing verified Player Research closure
player_season/1432,player_season,2022-23,,491598,,,NOT_APPLICABLE,,NOT_APPLICABLE,,NOT_APPLICABLE,,VERIFIED,UNRESOLVED,,491598,UNRESOLVED,,no existing verified Player Research closure
player_season/1433,player_season,2022-23,,532529,,,NOT_APPLICABLE,,NOT_APPLICABLE,,NOT_APPLICABLE,,VERIFIED,UNRESOLVED,,532529,UNRESOLVED,,no existing verified Player Research closure
player_season/1434,player_season,2022-23,,441192,,,NOT_APPLICABLE,,NOT_APPLICABLE,,NOT_APPLICABLE,,VERIFIED,UNRESOLVED,,441192,UNRESOLVED,,no existing verified Player Research closure
player_season/1435,player_season,2022-23,,50175,,,NOT_APPLICABLE,,NOT_APPLICABLE,,NOT_APPLICABLE,,VERIFIED,UNRESOLVED,,50175,UNRESOLVED,,no existing verified Player Research closure
player_season/1436,player_season,2022-23,,474120,,,NOT_APPLICABLE,,NOT_APPLICABLE,,NOT_APPLICABLE,,VERIFIED,UNRESOLVED,,474120,UNRESOLVED,,no existing verified Player Research closure
player_season/1437,player_season,2022-23,,450434,,,NOT_APPLICABLE,,NOT_APPLICABLE,,NOT_APPLICABLE,,VERIFIED,UNRESOLVED,,450434,UNRESOLVED,,no existing verified Player Research closure
player_season/1438,player_season,2022-23,,487117,,,NOT_APPLICABLE,,NOT_APPLICABLE,,NOT_APPLICABLE,,VERIFIED,UNRESOLVED,,487117,UNRESOLVED,,no existing verified Player Research closure
player_season/1439,player_season,2022-23,,40836,,,NOT_APPLICABLE,,NOT_APPLICABLE,,NOT_APPLICABLE,,VERIFIED,UNRESOLVED,,40836,UNRESOLVED,,no existing verified Player Research closure
player_season/1440,player_season,2022-23,,101982,,,NOT_APPLICABLE,,NOT_APPLICABLE,,NOT_APPLICABLE,,VERIFIED,UNRESOLVED,,101982,UNRESOLVED,,no existing verified Player Research closure
player_season/1441,player_season,2022-23,,487818,,,NOT_APPLICABLE,,NOT_APPLICABLE,,NOT_APPLICABLE,,VERIFIED,UNRESOLVED,,487818,UNRESOLVED,,no existing verified Player Research closure
player_season/1442,player_season,2022-23,,515496,,,NOT_APPLICABLE,,NOT_APPLICABLE,,NOT_APPLICABLE,,VERIFIED,UNRESOLVED,,515496,UNRESOLVED,,no existing verified Player Research closure
player_season/1443,player_season,2022-23,,55494,,,NOT_APPLICABLE,,NOT_APPLICABLE,,NOT_APPLICABLE,,VERIFIED,UNRESOLVED,,55494,UNRESOLVED,,no existing verified Player Research closure
player_season/1444,player_season,2022-23,,244723,,,NOT_APPLICABLE,,NOT_APPLICABLE,,NOT_APPLICABLE,,VERIFIED,UNRESOLVED,,244723,UNRESOLVED,,no existing verified Player Research closure
player_season/1445,player_season,2022-23,,49413,,,NOT_APPLICABLE,,NOT_APPLICABLE,,NOT_APPLICABLE,,VERIFIED,UNRESOLVED,,49413,UNRESOLVED,,no existing verified Player Research closure
player_season/1446,player_season,2022-23,,209036,,,NOT_APPLICABLE,,NOT_APPLICABLE,,NOT_APPLICABLE,,VERIFIED,UNRESOLVED,,209036,UNRESOLVED,,no existing verified Player Research closure
player_season/1447,player_season,2022-23,,174874,,,NOT_APPLICABLE,,NOT_APPLICABLE,,NOT_APPLICABLE,,VERIFIED,UNRESOLVED,,174874,UNRESOLVED,,no existing verified Player Research closure
player_season/1448,player_season,2022-23,,57328,,,NOT_APPLICABLE,,NOT_APPLICABLE,,NOT_APPLICABLE,,VERIFIED,UNRESOLVED,,57328,UNRESOLVED,,no existing verified Player Research closure
player_season/1449,player_season,2022-23,,427623,,,NOT_APPLICABLE,,NOT_APPLICABLE,,NOT_APPLICABLE,,VERIFIED,UNRESOLVED,,427623,UNRESOLVED,,no existing verified Player Research closure
player_season/1450,player_season,2022-23,,501468,,,NOT_APPLICABLE,,NOT_APPLICABLE,,NOT_APPLICABLE,,VERIFIED,UNRESOLVED,,501468,UNRESOLVED,,no existing verified Player Research closure
player_season/1451,player_season,2022-23,,422287,,,NOT_APPLICABLE,,NOT_APPLICABLE,,NOT_APPLICABLE,,VERIFIED,UNRESOLVED,,422287,UNRESOLVED,,no existing verified Player Research closure
player_season/1452,player_season,2022-23,,66975,,,NOT_APPLICABLE,,NOT_APPLICABLE,,NOT_APPLICABLE,,VERIFIED,UNRESOLVED,,66975,UNRESOLVED,,no existing verified Player Research closure
player_season/1453,player_season,2022-23,,443661,,,NOT_APPLICABLE,,NOT_APPLICABLE,,NOT_APPLICABLE,,VERIFIED,UNRESOLVED,,443661,UNRESOLVED,,no existing verified Player Research closure
player_season/1454,player_season,2022-23,,437742,,,NOT_APPLICABLE,,NOT_APPLICABLE,,NOT_APPLICABLE,,VERIFIED,UNRESOLVED,,437742,UNRESOLVED,,no existing verified Player Research closure
player_season/1455,player_season,2022-23,,232413,,,NOT_APPLICABLE,,NOT_APPLICABLE,,NOT_APPLICABLE,,VERIFIED,UNRESOLVED,,232413,UNRESOLVED,,no existing verified Player Research closure
player_season/1456,player_season,2022-23,,86417,,,NOT_APPLICABLE,,NOT_APPLICABLE,,NOT_APPLICABLE,,VERIFIED,UNRESOLVED,,86417,UNRESOLVED,,no existing verified Player Research closure
player_season/1457,player_season,2022-23,,50471,,,NOT_APPLICABLE,,NOT_APPLICABLE,,NOT_APPLICABLE,,VERIFIED,UNRESOLVED,,50471,UNRESOLVED,,no existing verified Player Research closure
player_season/1458,player_season,2022-23,,108413,,,NOT_APPLICABLE,,NOT_APPLICABLE,,NOT_APPLICABLE,,VERIFIED,UNRESOLVED,,108413,UNRESOLVED,,no existing verified Player Research closure
player_season/1459,player_season,2022-23,,450535,,,NOT_APPLICABLE,,NOT_APPLICABLE,,NOT_APPLICABLE,,VERIFIED,UNRESOLVED,,450535,UNRESOLVED,,no existing verified Player Research closure
player_season/1460,player_season,2022-23,,438464,,,NOT_APPLICABLE,,NOT_APPLICABLE,,NOT_APPLICABLE,,VERIFIED,UNRESOLVED,,438464,UNRESOLVED,,no existing verified Player Research closure
player_season/1461,player_season,2022-23,,466117,,,NOT_APPLICABLE,,NOT_APPLICABLE,,NOT_APPLICABLE,,VERIFIED,UNRESOLVED,,466117,UNRESOLVED,,no existing verified Player Research closure
player_season/1462,player_season,2022-23,,532135,,,NOT_APPLICABLE,,NOT_APPLICABLE,,NOT_APPLICABLE,,VERIFIED,UNRESOLVED,,532135,UNRESOLVED,,no existing verified Player Research closure
player_season/1463,player_season,2022-23,,173954,,,NOT_APPLICABLE,,NOT_APPLICABLE,,NOT_APPLICABLE,,VERIFIED,UNRESOLVED,,173954,UNRESOLVED,,no existing verified Player Research closure
player_season/1464,player_season,2022-23,,515503,,,NOT_APPLICABLE,,NOT_APPLICABLE,,NOT_APPLICABLE,,VERIFIED,UNRESOLVED,,515503,UNRESOLVED,,no existing verified Player Research closure
player_season/1465,player_season,2022-23,,531989,,,NOT_APPLICABLE,,NOT_APPLICABLE,,NOT_APPLICABLE,,VERIFIED,UNRESOLVED,,531989,UNRESOLVED,,no existing verified Player Research closure
player_season/1466,player_season,2022-23,,530318,,,NOT_APPLICABLE,,NOT_APPLICABLE,,NOT_APPLICABLE,,VERIFIED,UNRESOLVED,,530318,UNRESOLVED,,no existing verified Player Research closure
player_season/1467,player_season,2022-23,,80146,,,NOT_APPLICABLE,,NOT_APPLICABLE,,NOT_APPLICABLE,,VERIFIED,UNRESOLVED,,80146,UNRESOLVED,,no existing verified Player Research closure
player_season/1468,player_season,2022-23,,82403,,,NOT_APPLICABLE,,NOT_APPLICABLE,,NOT_APPLICABLE,,VERIFIED,UNRESOLVED,,82403,UNRESOLVED,,no existing verified Player Research closure
player_season/1469,player_season,2022-23,,231747,,,NOT_APPLICABLE,,NOT_APPLICABLE,,NOT_APPLICABLE,,VERIFIED,UNRESOLVED,,231747,UNRESOLVED,,no existing verified Player Research closure
player_season/1470,player_season,2022-23,,199670,,,NOT_APPLICABLE,,NOT_APPLICABLE,,NOT_APPLICABLE,,VERIFIED,UNRESOLVED,,199670,UNRESOLVED,,no existing verified Player Research closure
player_season/1471,player_season,2022-23,,461382,,,NOT_APPLICABLE,,NOT_APPLICABLE,,NOT_APPLICABLE,,VERIFIED,UNRESOLVED,,461382,UNRESOLVED,,no existing verified Player Research closure
player_season/1472,player_season,2022-23,,450541,,,NOT_APPLICABLE,,NOT_APPLICABLE,,NOT_APPLICABLE,,VERIFIED,UNRESOLVED,,450541,UNRESOLVED,,no existing verified Player Research closure
player_season/1473,player_season,2022-23,,109745,,,NOT_APPLICABLE,,NOT_APPLICABLE,,NOT_APPLICABLE,,VERIFIED,UNRESOLVED,,109745,UNRESOLVED,,no existing verified Player Research closure
player_season/1474,player_season,2022-23,,122074,,,NOT_APPLICABLE,,NOT_APPLICABLE,,NOT_APPLICABLE,,VERIFIED,UNRESOLVED,,122074,UNRESOLVED,,no existing verified Player Research closure
player_season/1475,player_season,2022-23,,228286,,,NOT_APPLICABLE,,NOT_APPLICABLE,,NOT_APPLICABLE,,VERIFIED,UNRESOLVED,,228286,UNRESOLVED,,no existing verified Player Research closure
player_season/1476,player_season,2022-23,,447107,,,NOT_APPLICABLE,,NOT_APPLICABLE,,NOT_APPLICABLE,,VERIFIED,UNRESOLVED,,447107,UNRESOLVED,,no existing verified Player Research closure
player_season/1477,player_season,2022-23,,460028,,,NOT_APPLICABLE,,NOT_APPLICABLE,,NOT_APPLICABLE,,VERIFIED,UNRESOLVED,,460028,UNRESOLVED,,no existing verified Player Research closure
player_season/1478,player_season,2022-23,,242880,,,NOT_APPLICABLE,,NOT_APPLICABLE,,NOT_APPLICABLE,,VERIFIED,UNRESOLVED,,242880,UNRESOLVED,,no existing verified Player Research closure
player_season/1479,player_season,2022-23,,51090,,,NOT_APPLICABLE,,NOT_APPLICABLE,,NOT_APPLICABLE,,VERIFIED,UNRESOLVED,,51090,UNRESOLVED,,no existing verified Player Research closure
player_season/1480,player_season,2022-23,,180736,,,NOT_APPLICABLE,,NOT_APPLICABLE,,NOT_APPLICABLE,,VERIFIED,UNRESOLVED,,180736,UNRESOLVED,,no existing verified Player Research closure
player_season/1481,player_season,2022-23,,172850,,,NOT_APPLICABLE,,NOT_APPLICABLE,,NOT_APPLICABLE,,VERIFIED,UNRESOLVED,,172850,UNRESOLVED,,no existing verified Player Research closure
player_season/1482,player_season,2022-23,,225796,,,NOT_APPLICABLE,,NOT_APPLICABLE,,NOT_APPLICABLE,,VERIFIED,UNRESOLVED,,225796,UNRESOLVED,,no existing verified Player Research closure
player_season/1483,player_season,2022-23,,86129,,,NOT_APPLICABLE,,NOT_APPLICABLE,,NOT_APPLICABLE,,VERIFIED,UNRESOLVED,,86129,UNRESOLVED,,no existing verified Player Research closure
player_season/1484,player_season,2022-23,,41328,,,NOT_APPLICABLE,,NOT_APPLICABLE,,NOT_APPLICABLE,,VERIFIED,UNRESOLVED,,41328,UNRESOLVED,,no existing verified Player Research closure
player_season/1485,player_season,2022-23,,179268,,,NOT_APPLICABLE,,NOT_APPLICABLE,,NOT_APPLICABLE,,VERIFIED,UNRESOLVED,,179268,UNRESOLVED,,no existing verified Player Research closure
player_season/1486,player_season,2022-23,,444463,,,NOT_APPLICABLE,,NOT_APPLICABLE,,NOT_APPLICABLE,,VERIFIED,UNRESOLVED,,444463,UNRESOLVED,,no existing verified Player Research closure
player_season/1487,player_season,2022-23,,461188,,,NOT_APPLICABLE,,NOT_APPLICABLE,,NOT_APPLICABLE,,VERIFIED,UNRESOLVED,,461188,UNRESOLVED,,no existing verified Player Research closure
player_season/1488,player_season,2022-23,,199598,,,NOT_APPLICABLE,,NOT_APPLICABLE,,NOT_APPLICABLE,,VERIFIED,UNRESOLVED,,199598,UNRESOLVED,,no existing verified Player Research closure
player_season/1489,player_season,2022-23,,514280,,,NOT_APPLICABLE,,NOT_APPLICABLE,,NOT_APPLICABLE,,VERIFIED,UNRESOLVED,,514280,UNRESOLVED,,no existing verified Player Research closure
player_season/1490,player_season,2022-23,,448047,,,NOT_APPLICABLE,,NOT_APPLICABLE,,NOT_APPLICABLE,,VERIFIED,UNRESOLVED,,448047,UNRESOLVED,,no existing verified Player Research closure
player_season/1491,player_season,2022-23,,116594,,,NOT_APPLICABLE,,NOT_APPLICABLE,,NOT_APPLICABLE,,VERIFIED,UNRESOLVED,,116594,UNRESOLVED,,no existing verified Player Research closure
player_season/1492,player_season,2022-23,,91651,,,NOT_APPLICABLE,,NOT_APPLICABLE,,NOT_APPLICABLE,,VERIFIED,UNRESOLVED,,91651,UNRESOLVED,,no existing verified Player Research closure
player_season/1493,player_season,2022-23,,176413,,,NOT_APPLICABLE,,NOT_APPLICABLE,,NOT_APPLICABLE,,VERIFIED,UNRESOLVED,,176413,UNRESOLVED,,no existing verified Player Research closure
player_season/1494,player_season,2022-23,,126187,,,NOT_APPLICABLE,,NOT_APPLICABLE,,NOT_APPLICABLE,,VERIFIED,UNRESOLVED,,126187,UNRESOLVED,,no existing verified Player Research closure
player_season/1495,player_season,2022-23,,465920,,,NOT_APPLICABLE,,NOT_APPLICABLE,,NOT_APPLICABLE,,VERIFIED,UNRESOLVED,,465920,UNRESOLVED,,no existing verified Player Research closure
player_season/1496,player_season,2022-23,,184341,,,NOT_APPLICABLE,,NOT_APPLICABLE,,NOT_APPLICABLE,,VERIFIED,UNRESOLVED,,184341,UNRESOLVED,,no existing verified Player Research closure
player_season/1497,player_season,2022-23,,212701,,,NOT_APPLICABLE,,NOT_APPLICABLE,,NOT_APPLICABLE,,VERIFIED,UNRESOLVED,,212701,UNRESOLVED,,no existing verified Player Research closure
player_season/1498,player_season,2022-23,,124183,,,NOT_APPLICABLE,,NOT_APPLICABLE,,NOT_APPLICABLE,,VERIFIED,UNRESOLVED,,124183,UNRESOLVED,,no existing verified Player Research closure
player_season/1499,player_season,2022-23,,232787,,,NOT_APPLICABLE,,NOT_APPLICABLE,,NOT_APPLICABLE,,VERIFIED,UNRESOLVED,,232787,UNRESOLVED,,no existing verified Player Research closure
player_season/1500,player_season,2022-23,,219847,,,NOT_APPLICABLE,,NOT_APPLICABLE,,NOT_APPLICABLE,,VERIFIED,UNRESOLVED,,219847,UNRESOLVED,,no existing verified Player Research closure
player_season/1501,player_season,2022-23,,478912,,,NOT_APPLICABLE,,NOT_APPLICABLE,,NOT_APPLICABLE,,VERIFIED,UNRESOLVED,,478912,UNRESOLVED,,no existing verified Player Research closure
player_season/1502,player_season,2022-23,,491785,,,NOT_APPLICABLE,,NOT_APPLICABLE,,NOT_APPLICABLE,,VERIFIED,UNRESOLVED,,491785,UNRESOLVED,,no existing verified Player Research closure
player_season/1503,player_season,2022-23,,503301,,,NOT_APPLICABLE,,NOT_APPLICABLE,,NOT_APPLICABLE,,VERIFIED,UNRESOLVED,,503301,UNRESOLVED,,no existing verified Player Research closure
player_season/1504,player_season,2022-23,,487838,,,NOT_APPLICABLE,,NOT_APPLICABLE,,NOT_APPLICABLE,,VERIFIED,UNRESOLVED,,487838,UNRESOLVED,,no existing verified Player Research closure
player_season/1505,player_season,2022-23,,209046,,,NOT_APPLICABLE,,NOT_APPLICABLE,,NOT_APPLICABLE,,VERIFIED,UNRESOLVED,,209046,UNRESOLVED,,no existing verified Player Research closure
player_season/1506,player_season,2022-23,,54694,,,NOT_APPLICABLE,,NOT_APPLICABLE,,NOT_APPLICABLE,,VERIFIED,UNRESOLVED,,54694,UNRESOLVED,,no existing verified Player Research closure
player_season/1507,player_season,2022-23,,428399,,,NOT_APPLICABLE,,NOT_APPLICABLE,,NOT_APPLICABLE,,VERIFIED,UNRESOLVED,,428399,UNRESOLVED,,no existing verified Player Research closure
player_season/1508,player_season,2022-23,,103955,,,NOT_APPLICABLE,,NOT_APPLICABLE,,NOT_APPLICABLE,,VERIFIED,UNRESOLVED,,103955,UNRESOLVED,,no existing verified Player Research closure
player_season/1509,player_season,2022-23,,440323,,,NOT_APPLICABLE,,NOT_APPLICABLE,,NOT_APPLICABLE,,VERIFIED,UNRESOLVED,,440323,UNRESOLVED,,no existing verified Player Research closure
player_season/1510,player_season,2022-23,,520295,,,NOT_APPLICABLE,,NOT_APPLICABLE,,NOT_APPLICABLE,,VERIFIED,UNRESOLVED,,520295,UNRESOLVED,,no existing verified Player Research closure
player_season/1511,player_season,2022-23,,248857,,,NOT_APPLICABLE,,NOT_APPLICABLE,,NOT_APPLICABLE,,VERIFIED,UNRESOLVED,,248857,UNRESOLVED,,no existing verified Player Research closure
player_season/1512,player_season,2022-23,,111234,,,NOT_APPLICABLE,,NOT_APPLICABLE,,NOT_APPLICABLE,,VERIFIED,UNRESOLVED,,111234,UNRESOLVED,,no existing verified Player Research closure
player_season/1513,player_season,2022-23,,40349,,,NOT_APPLICABLE,,NOT_APPLICABLE,,NOT_APPLICABLE,,VERIFIED,UNRESOLVED,,40349,UNRESOLVED,,no existing verified Player Research closure
player_season/1514,player_season,2022-23,,11948,,,NOT_APPLICABLE,,NOT_APPLICABLE,,NOT_APPLICABLE,,VERIFIED,UNRESOLVED,,11948,UNRESOLVED,,no existing verified Player Research closure
player_season/1515,player_season,2022-23,,17761,,,NOT_APPLICABLE,,NOT_APPLICABLE,,NOT_APPLICABLE,,VERIFIED,UNRESOLVED,,17761,UNRESOLVED,,no existing verified Player Research closure
player_season/1516,player_season,2022-23,,243571,,,NOT_APPLICABLE,,NOT_APPLICABLE,,NOT_APPLICABLE,,VERIFIED,UNRESOLVED,,243571,UNRESOLVED,,no existing verified Player Research closure
player_season/1517,player_season,2022-23,,194164,,,NOT_APPLICABLE,,NOT_APPLICABLE,,NOT_APPLICABLE,,VERIFIED,UNRESOLVED,,194164,UNRESOLVED,,no existing verified Player Research closure
player_season/1518,player_season,2022-23,,106611,,,NOT_APPLICABLE,,NOT_APPLICABLE,,NOT_APPLICABLE,,VERIFIED,UNRESOLVED,,106611,UNRESOLVED,,no existing verified Player Research closure
player_season/1519,player_season,2022-23,,164511,,,NOT_APPLICABLE,,NOT_APPLICABLE,,NOT_APPLICABLE,,VERIFIED,UNRESOLVED,,164511,UNRESOLVED,,no existing verified Player Research closure
player_season/1520,player_season,2022-23,,224967,,,NOT_APPLICABLE,,NOT_APPLICABLE,,NOT_APPLICABLE,,VERIFIED,UNRESOLVED,,224967,UNRESOLVED,,no existing verified Player Research closure
player_season/1521,player_season,2022-23,,198826,,,NOT_APPLICABLE,,NOT_APPLICABLE,,NOT_APPLICABLE,,VERIFIED,UNRESOLVED,,198826,UNRESOLVED,,no existing verified Player Research closure
player_season/1522,player_season,2022-23,,59949,,,NOT_APPLICABLE,,NOT_APPLICABLE,,NOT_APPLICABLE,,VERIFIED,UNRESOLVED,,59949,UNRESOLVED,,no existing verified Player Research closure
player_season/1523,player_season,2022-23,,216054,,,NOT_APPLICABLE,,NOT_APPLICABLE,,NOT_APPLICABLE,,VERIFIED,UNRESOLVED,,216054,UNRESOLVED,,no existing verified Player Research closure
player_season/1524,player_season,2022-23,,94147,,,NOT_APPLICABLE,,NOT_APPLICABLE,,NOT_APPLICABLE,,VERIFIED,UNRESOLVED,,94147,UNRESOLVED,,no existing verified Player Research closure
player_season/1525,player_season,2022-23,,232829,,,NOT_APPLICABLE,,NOT_APPLICABLE,,NOT_APPLICABLE,,VERIFIED,UNRESOLVED,,232829,UNRESOLVED,,no existing verified Player Research closure
player_season/1526,player_season,2022-23,,536238,,,NOT_APPLICABLE,,NOT_APPLICABLE,,NOT_APPLICABLE,,VERIFIED,UNRESOLVED,,536238,UNRESOLVED,,no existing verified Player Research closure
player_season/1527,player_season,2022-23,,474907,,,NOT_APPLICABLE,,NOT_APPLICABLE,,NOT_APPLICABLE,,VERIFIED,UNRESOLVED,,474907,UNRESOLVED,,no existing verified Player Research closure
player_season/1528,player_season,2022-23,,108823,,,NOT_APPLICABLE,,NOT_APPLICABLE,,NOT_APPLICABLE,,VERIFIED,UNRESOLVED,,108823,UNRESOLVED,,no existing verified Player Research closure
player_season/1529,player_season,2022-23,,449871,,,NOT_APPLICABLE,,NOT_APPLICABLE,,NOT_APPLICABLE,,VERIFIED,UNRESOLVED,,449871,UNRESOLVED,,no existing verified Player Research closure
player_season/1530,player_season,2022-23,,121599,,,NOT_APPLICABLE,,NOT_APPLICABLE,,NOT_APPLICABLE,,VERIFIED,UNRESOLVED,,121599,UNRESOLVED,,no existing verified Player Research closure
player_season/1531,player_season,2022-23,,120250,,,NOT_APPLICABLE,,NOT_APPLICABLE,,NOT_APPLICABLE,,VERIFIED,UNRESOLVED,,120250,UNRESOLVED,,no existing verified Player Research closure
player_season/1532,player_season,2022-23,,160987,,,NOT_APPLICABLE,,NOT_APPLICABLE,,NOT_APPLICABLE,,VERIFIED,UNRESOLVED,,160987,UNRESOLVED,,no existing verified Player Research closure
player_season/1533,player_season,2022-23,,173807,,,NOT_APPLICABLE,,NOT_APPLICABLE,,NOT_APPLICABLE,,VERIFIED,UNRESOLVED,,173807,UNRESOLVED,,no existing verified Player Research closure
player_season/1534,player_season,2022-23,,80801,,,NOT_APPLICABLE,,NOT_APPLICABLE,,NOT_APPLICABLE,,VERIFIED,UNRESOLVED,,80801,UNRESOLVED,,no existing verified Player Research closure
player_season/1535,player_season,2022-23,,232928,,,NOT_APPLICABLE,,NOT_APPLICABLE,,NOT_APPLICABLE,,VERIFIED,UNRESOLVED,,232928,UNRESOLVED,,no existing verified Player Research closure
player_season/1536,player_season,2022-23,,486623,,,NOT_APPLICABLE,,NOT_APPLICABLE,,NOT_APPLICABLE,,VERIFIED,UNRESOLVED,,486623,UNRESOLVED,,no existing verified Player Research closure
player_season/1537,player_season,2022-23,,510328,,,NOT_APPLICABLE,,NOT_APPLICABLE,,NOT_APPLICABLE,,VERIFIED,UNRESOLVED,,510328,UNRESOLVED,,no existing verified Player Research closure
player_season/1538,player_season,2022-23,,491559,,,NOT_APPLICABLE,,NOT_APPLICABLE,,NOT_APPLICABLE,,VERIFIED,UNRESOLVED,,491559,UNRESOLVED,,no existing verified Player Research closure
player_season/1539,player_season,2022-23,,433154,,,NOT_APPLICABLE,,NOT_APPLICABLE,,NOT_APPLICABLE,,VERIFIED,UNRESOLVED,,433154,UNRESOLVED,,no existing verified Player Research closure
player_season/1540,player_season,2022-23,,177815,,,NOT_APPLICABLE,,NOT_APPLICABLE,,NOT_APPLICABLE,,VERIFIED,UNRESOLVED,,177815,UNRESOLVED,,no existing verified Player Research closure
player_season/1541,player_season,2022-23,,172632,,,NOT_APPLICABLE,,NOT_APPLICABLE,,NOT_APPLICABLE,,VERIFIED,UNRESOLVED,,172632,UNRESOLVED,,no existing verified Player Research closure
player_season/1542,player_season,2022-23,,153133,,,NOT_APPLICABLE,,NOT_APPLICABLE,,NOT_APPLICABLE,,VERIFIED,UNRESOLVED,,153133,UNRESOLVED,,no existing verified Player Research closure
player_season/1543,player_season,2022-23,,115382,,,NOT_APPLICABLE,,NOT_APPLICABLE,,NOT_APPLICABLE,,VERIFIED,UNRESOLVED,,115382,UNRESOLVED,,no existing verified Player Research closure
player_season/1544,player_season,2022-23,,461416,,,NOT_APPLICABLE,,NOT_APPLICABLE,,NOT_APPLICABLE,,VERIFIED,UNRESOLVED,,461416,UNRESOLVED,,no existing verified Player Research closure
player_season/1545,player_season,2022-23,,218997,,,NOT_APPLICABLE,,NOT_APPLICABLE,,NOT_APPLICABLE,,VERIFIED,UNRESOLVED,,218997,UNRESOLVED,,no existing verified Player Research closure
player_season/1546,player_season,2022-23,,155529,,,NOT_APPLICABLE,,NOT_APPLICABLE,,NOT_APPLICABLE,,VERIFIED,UNRESOLVED,,155529,UNRESOLVED,,no existing verified Player Research closure
player_season/1547,player_season,2022-23,,80201,,,NOT_APPLICABLE,,NOT_APPLICABLE,,NOT_APPLICABLE,,VERIFIED,UNRESOLVED,,80201,UNRESOLVED,,no existing verified Player Research closure
player_season/1548,player_season,2022-23,,235449,,,NOT_APPLICABLE,,NOT_APPLICABLE,,NOT_APPLICABLE,,VERIFIED,UNRESOLVED,,235449,UNRESOLVED,,no existing verified Player Research closure
player_season/1549,player_season,2022-23,,167074,,,NOT_APPLICABLE,,NOT_APPLICABLE,,NOT_APPLICABLE,,VERIFIED,UNRESOLVED,,167074,UNRESOLVED,,no existing verified Player Research closure
player_season/1550,player_season,2022-23,,89068,,,NOT_APPLICABLE,,NOT_APPLICABLE,,NOT_APPLICABLE,,VERIFIED,UNRESOLVED,,89068,UNRESOLVED,,no existing verified Player Research closure
player_season/1551,player_season,2022-23,,109646,,,NOT_APPLICABLE,,NOT_APPLICABLE,,NOT_APPLICABLE,,VERIFIED,UNRESOLVED,,109646,UNRESOLVED,,no existing verified Player Research closure
player_season/1552,player_season,2022-23,,61933,,,NOT_APPLICABLE,,NOT_APPLICABLE,,NOT_APPLICABLE,,VERIFIED,UNRESOLVED,,61933,UNRESOLVED,,no existing verified Player Research closure
player_season/1553,player_season,2022-23,,58822,,,NOT_APPLICABLE,,NOT_APPLICABLE,,NOT_APPLICABLE,,VERIFIED,UNRESOLVED,,58822,UNRESOLVED,,no existing verified Player Research closure
player_season/1554,player_season,2022-23,,82514,,,NOT_APPLICABLE,,NOT_APPLICABLE,,NOT_APPLICABLE,,VERIFIED,UNRESOLVED,,82514,UNRESOLVED,,no existing verified Player Research closure
player_season/1555,player_season,2022-23,,120721,,,NOT_APPLICABLE,,NOT_APPLICABLE,,NOT_APPLICABLE,,VERIFIED,UNRESOLVED,,120721,UNRESOLVED,,no existing verified Player Research closure
player_season/1556,player_season,2022-23,,219924,,,NOT_APPLICABLE,,NOT_APPLICABLE,,NOT_APPLICABLE,,VERIFIED,UNRESOLVED,,219924,UNRESOLVED,,no existing verified Player Research closure
player_season/1557,player_season,2022-23,,169528,,,NOT_APPLICABLE,,NOT_APPLICABLE,,NOT_APPLICABLE,,VERIFIED,UNRESOLVED,,169528,UNRESOLVED,,no existing verified Player Research closure
player_season/1558,player_season,2022-23,,478227,,,NOT_APPLICABLE,,NOT_APPLICABLE,,NOT_APPLICABLE,,VERIFIED,UNRESOLVED,,478227,UNRESOLVED,,no existing verified Player Research closure
player_season/1559,player_season,2022-23,,547673,,,NOT_APPLICABLE,,NOT_APPLICABLE,,NOT_APPLICABLE,,VERIFIED,UNRESOLVED,,547673,UNRESOLVED,,no existing verified Player Research closure
player_season/1560,player_season,2022-23,,153366,,,NOT_APPLICABLE,,NOT_APPLICABLE,,NOT_APPLICABLE,,VERIFIED,UNRESOLVED,,153366,UNRESOLVED,,no existing verified Player Research closure
player_season/1561,player_season,2022-23,,92259,,,NOT_APPLICABLE,,NOT_APPLICABLE,,NOT_APPLICABLE,,VERIFIED,UNRESOLVED,,92259,UNRESOLVED,,no existing verified Player Research closure
player_season/1562,player_season,2022-23,,153682,,,NOT_APPLICABLE,,NOT_APPLICABLE,,NOT_APPLICABLE,,VERIFIED,UNRESOLVED,,153682,UNRESOLVED,,no existing verified Player Research closure
player_season/1563,player_season,2022-23,,76357,,,NOT_APPLICABLE,,NOT_APPLICABLE,,NOT_APPLICABLE,,VERIFIED,UNRESOLVED,,76357,UNRESOLVED,,no existing verified Player Research closure
player_season/1564,player_season,2022-23,,156689,,,NOT_APPLICABLE,,NOT_APPLICABLE,,NOT_APPLICABLE,,VERIFIED,UNRESOLVED,,156689,UNRESOLVED,,no existing verified Player Research closure
player_season/1565,player_season,2022-23,,200617,,,NOT_APPLICABLE,,NOT_APPLICABLE,,NOT_APPLICABLE,,VERIFIED,UNRESOLVED,,200617,UNRESOLVED,,no existing verified Player Research closure
player_season/1566,player_season,2022-23,,154296,,,NOT_APPLICABLE,,NOT_APPLICABLE,,NOT_APPLICABLE,,VERIFIED,UNRESOLVED,,154296,UNRESOLVED,,no existing verified Player Research closure
player_season/1567,player_season,2022-23,,212314,,,NOT_APPLICABLE,,NOT_APPLICABLE,,NOT_APPLICABLE,,VERIFIED,UNRESOLVED,,212314,UNRESOLVED,,no existing verified Player Research closure
player_season/1568,player_season,2022-23,,432931,,,NOT_APPLICABLE,,NOT_APPLICABLE,,NOT_APPLICABLE,,VERIFIED,UNRESOLVED,,432931,UNRESOLVED,,no existing verified Player Research closure
player_season/1569,player_season,2022-23,,515024,,,NOT_APPLICABLE,,NOT_APPLICABLE,,NOT_APPLICABLE,,VERIFIED,UNRESOLVED,,515024,UNRESOLVED,,no existing verified Player Research closure
player_season/1570,player_season,2022-23,,511504,,,NOT_APPLICABLE,,NOT_APPLICABLE,,NOT_APPLICABLE,,VERIFIED,UNRESOLVED,,511504,UNRESOLVED,,no existing verified Player Research closure
player_season/1571,player_season,2022-23,,515023,,,NOT_APPLICABLE,,NOT_APPLICABLE,,NOT_APPLICABLE,,VERIFIED,UNRESOLVED,,515023,UNRESOLVED,,no existing verified Player Research closure
player_season/1572,player_season,2022-23,,128389,,,NOT_APPLICABLE,,NOT_APPLICABLE,,NOT_APPLICABLE,,VERIFIED,UNRESOLVED,,128389,UNRESOLVED,,no existing verified Player Research closure
player_season/1573,player_season,2022-23,,235674,,,NOT_APPLICABLE,,NOT_APPLICABLE,,NOT_APPLICABLE,,VERIFIED,UNRESOLVED,,235674,UNRESOLVED,,no existing verified Player Research closure
player_season/1574,player_season,2022-23,,96994,,,NOT_APPLICABLE,,NOT_APPLICABLE,,NOT_APPLICABLE,,VERIFIED,UNRESOLVED,,96994,UNRESOLVED,,no existing verified Player Research closure
player_season/1575,player_season,2022-23,,244042,,,NOT_APPLICABLE,,NOT_APPLICABLE,,NOT_APPLICABLE,,VERIFIED,UNRESOLVED,,244042,UNRESOLVED,,no existing verified Player Research closure
player_season/1576,player_season,2022-23,,47431,,,NOT_APPLICABLE,,NOT_APPLICABLE,,NOT_APPLICABLE,,VERIFIED,UNRESOLVED,,47431,UNRESOLVED,,no existing verified Player Research closure
player_season/1577,player_season,2022-23,,245824,,,NOT_APPLICABLE,,NOT_APPLICABLE,,NOT_APPLICABLE,,VERIFIED,UNRESOLVED,,245824,UNRESOLVED,,no existing verified Player Research closure
player_season/1578,player_season,2022-23,,247664,,,NOT_APPLICABLE,,NOT_APPLICABLE,,NOT_APPLICABLE,,VERIFIED,UNRESOLVED,,247664,UNRESOLVED,,no existing verified Player Research closure
player_season/1579,player_season,2022-23,,573062,,,NOT_APPLICABLE,,NOT_APPLICABLE,,NOT_APPLICABLE,,VERIFIED,UNRESOLVED,,573062,UNRESOLVED,,no existing verified Player Research closure
player_season/1580,player_season,2022-23,,490146,,,NOT_APPLICABLE,,NOT_APPLICABLE,,NOT_APPLICABLE,,VERIFIED,UNRESOLVED,,490146,UNRESOLVED,,no existing verified Player Research closure
player_season/1581,player_season,2022-23,,437495,,,NOT_APPLICABLE,,NOT_APPLICABLE,,NOT_APPLICABLE,,VERIFIED,UNRESOLVED,,437495,UNRESOLVED,,no existing verified Player Research closure
player_season/1582,player_season,2022-23,,223081,,,NOT_APPLICABLE,,NOT_APPLICABLE,,NOT_APPLICABLE,,VERIFIED,UNRESOLVED,,223081,UNRESOLVED,,no existing verified Player Research closure
player_season/1583,player_season,2022-23,,78315,,,NOT_APPLICABLE,,NOT_APPLICABLE,,NOT_APPLICABLE,,VERIFIED,UNRESOLVED,,78315,UNRESOLVED,,no existing verified Player Research closure
player_season/1584,player_season,2022-23,,66588,,,NOT_APPLICABLE,,NOT_APPLICABLE,,NOT_APPLICABLE,,VERIFIED,UNRESOLVED,,66588,UNRESOLVED,,no existing verified Player Research closure
player_season/1585,player_season,2022-23,,443967,,,NOT_APPLICABLE,,NOT_APPLICABLE,,NOT_APPLICABLE,,VERIFIED,UNRESOLVED,,443967,UNRESOLVED,,no existing verified Player Research closure
player_season/1586,player_season,2022-23,,193645,,,NOT_APPLICABLE,,NOT_APPLICABLE,,NOT_APPLICABLE,,VERIFIED,UNRESOLVED,,193645,UNRESOLVED,,no existing verified Player Research closure
player_season/1587,player_season,2022-23,,55914,,,NOT_APPLICABLE,,NOT_APPLICABLE,,NOT_APPLICABLE,,VERIFIED,UNRESOLVED,,55914,UNRESOLVED,,no existing verified Player Research closure
player_season/1588,player_season,2022-23,,149915,,,NOT_APPLICABLE,,NOT_APPLICABLE,,NOT_APPLICABLE,,VERIFIED,UNRESOLVED,,149915,UNRESOLVED,,no existing verified Player Research closure
player_season/1589,player_season,2022-23,,222694,,,NOT_APPLICABLE,,NOT_APPLICABLE,,NOT_APPLICABLE,,VERIFIED,UNRESOLVED,,222694,UNRESOLVED,,no existing verified Player Research closure
player_season/1590,player_season,2022-23,,224209,,,NOT_APPLICABLE,,NOT_APPLICABLE,,NOT_APPLICABLE,,VERIFIED,UNRESOLVED,,224209,UNRESOLVED,,no existing verified Player Research closure
player_season/1591,player_season,2022-23,,477547,,,NOT_APPLICABLE,,NOT_APPLICABLE,,NOT_APPLICABLE,,VERIFIED,UNRESOLVED,,477547,UNRESOLVED,,no existing verified Player Research closure
player_season/1592,player_season,2022-23,,491008,,,NOT_APPLICABLE,,NOT_APPLICABLE,,NOT_APPLICABLE,,VERIFIED,UNRESOLVED,,491008,UNRESOLVED,,no existing verified Player Research closure
player_season/1593,player_season,2022-23,,433590,,,NOT_APPLICABLE,,NOT_APPLICABLE,,NOT_APPLICABLE,,VERIFIED,UNRESOLVED,,433590,UNRESOLVED,,no existing verified Player Research closure
player_season/1594,player_season,2022-23,,220087,,,NOT_APPLICABLE,,NOT_APPLICABLE,,NOT_APPLICABLE,,VERIFIED,UNRESOLVED,,220087,UNRESOLVED,,no existing verified Player Research closure
player_season/1595,player_season,2022-23,,470296,,,NOT_APPLICABLE,,NOT_APPLICABLE,,NOT_APPLICABLE,,VERIFIED,UNRESOLVED,,470296,UNRESOLVED,,no existing verified Player Research closure
player_season/1596,player_season,2022-23,,80179,,,NOT_APPLICABLE,,NOT_APPLICABLE,,NOT_APPLICABLE,,VERIFIED,UNRESOLVED,,80179,UNRESOLVED,,no existing verified Player Research closure
player_season/1597,player_season,2022-23,,427637,,,NOT_APPLICABLE,,NOT_APPLICABLE,,NOT_APPLICABLE,,VERIFIED,UNRESOLVED,,427637,UNRESOLVED,,no existing verified Player Research closure
player_season/1598,player_season,2022-23,,234370,,,NOT_APPLICABLE,,NOT_APPLICABLE,,NOT_APPLICABLE,,VERIFIED,UNRESOLVED,,234370,UNRESOLVED,,no existing verified Player Research closure
player_season/1599,player_season,2022-23,,450070,,,NOT_APPLICABLE,,NOT_APPLICABLE,,NOT_APPLICABLE,,VERIFIED,UNRESOLVED,,450070,UNRESOLVED,,no existing verified Player Research closure
player_season/1600,player_season,2022-23,,221399,,,NOT_APPLICABLE,,NOT_APPLICABLE,,NOT_APPLICABLE,,VERIFIED,UNRESOLVED,,221399,UNRESOLVED,,no existing verified Player Research closure
player_season/1601,player_season,2022-23,,200785,,,NOT_APPLICABLE,,NOT_APPLICABLE,,NOT_APPLICABLE,,VERIFIED,UNRESOLVED,,200785,UNRESOLVED,,no existing verified Player Research closure
player_season/1602,player_season,2022-23,,470294,,,NOT_APPLICABLE,,NOT_APPLICABLE,,NOT_APPLICABLE,,VERIFIED,UNRESOLVED,,470294,UNRESOLVED,,no existing verified Player Research closure
player_season/1603,player_season,2022-23,,200617,,,NOT_APPLICABLE,,NOT_APPLICABLE,,NOT_APPLICABLE,,VERIFIED,UNRESOLVED,,200617,UNRESOLVED,,no existing verified Player Research closure
player_season/1604,player_season,2022-23,,241519,,,NOT_APPLICABLE,,NOT_APPLICABLE,,NOT_APPLICABLE,,VERIFIED,UNRESOLVED,,241519,UNRESOLVED,,no existing verified Player Research closure
player_season/1605,player_season,2022-23,,547701,,,NOT_APPLICABLE,,NOT_APPLICABLE,,NOT_APPLICABLE,,VERIFIED,UNRESOLVED,,547701,UNRESOLVED,,no existing verified Player Research closure
player_season/1606,player_season,2022-23,,106617,,,NOT_APPLICABLE,,NOT_APPLICABLE,,NOT_APPLICABLE,,VERIFIED,UNRESOLVED,,106617,UNRESOLVED,,no existing verified Player Research closure
player_season/1607,player_season,2022-23,,496228,,,NOT_APPLICABLE,,NOT_APPLICABLE,,NOT_APPLICABLE,,VERIFIED,UNRESOLVED,,496228,UNRESOLVED,,no existing verified Player Research closure
player_season/1608,player_season,2022-23,,80954,,,NOT_APPLICABLE,,NOT_APPLICABLE,,NOT_APPLICABLE,,VERIFIED,UNRESOLVED,,80954,UNRESOLVED,,no existing verified Player Research closure
player_season/1609,player_season,2022-23,,224995,,,NOT_APPLICABLE,,NOT_APPLICABLE,,NOT_APPLICABLE,,VERIFIED,UNRESOLVED,,224995,UNRESOLVED,,no existing verified Player Research closure
player_season/1610,player_season,2022-23,,463067,,,NOT_APPLICABLE,,NOT_APPLICABLE,,NOT_APPLICABLE,,VERIFIED,UNRESOLVED,,463067,UNRESOLVED,,no existing verified Player Research closure
player_season/1611,player_season,2022-23,,492859,,,NOT_APPLICABLE,,NOT_APPLICABLE,,NOT_APPLICABLE,,VERIFIED,UNRESOLVED,,492859,UNRESOLVED,,no existing verified Player Research closure
player_season/1612,player_season,2022-23,,462635,,,NOT_APPLICABLE,,NOT_APPLICABLE,,NOT_APPLICABLE,,VERIFIED,UNRESOLVED,,462635,UNRESOLVED,,no existing verified Player Research closure
player_season/1613,player_season,2022-23,,248937,,,NOT_APPLICABLE,,NOT_APPLICABLE,,NOT_APPLICABLE,,VERIFIED,UNRESOLVED,,248937,UNRESOLVED,,no existing verified Player Research closure
player_season/1614,player_season,2022-23,,565297,,,NOT_APPLICABLE,,NOT_APPLICABLE,,NOT_APPLICABLE,,VERIFIED,UNRESOLVED,,565297,UNRESOLVED,,no existing verified Player Research closure
player_season/1615,player_season,2022-23,,95463,,,NOT_APPLICABLE,,NOT_APPLICABLE,,NOT_APPLICABLE,,VERIFIED,UNRESOLVED,,95463,UNRESOLVED,,no existing verified Player Research closure
player_season/1616,player_season,2022-23,,45220,,,NOT_APPLICABLE,,NOT_APPLICABLE,,NOT_APPLICABLE,,VERIFIED,UNRESOLVED,,45220,UNRESOLVED,,no existing verified Player Research closure
player_season/1617,player_season,2022-23,,207270,,,NOT_APPLICABLE,,NOT_APPLICABLE,,NOT_APPLICABLE,,VERIFIED,UNRESOLVED,,207270,UNRESOLVED,,no existing verified Player Research closure
player_season/1618,player_season,2022-23,,220627,,,NOT_APPLICABLE,,NOT_APPLICABLE,,NOT_APPLICABLE,,VERIFIED,UNRESOLVED,,220627,UNRESOLVED,,no existing verified Player Research closure
player_season/1619,player_season,2022-23,,218218,,,NOT_APPLICABLE,,NOT_APPLICABLE,,NOT_APPLICABLE,,VERIFIED,UNRESOLVED,,218218,UNRESOLVED,,no existing verified Player Research closure
player_season/1620,player_season,2022-23,,218031,,,NOT_APPLICABLE,,NOT_APPLICABLE,,NOT_APPLICABLE,,VERIFIED,UNRESOLVED,,218031,UNRESOLVED,,no existing verified Player Research closure
player_season/1621,player_season,2022-23,,37642,,,NOT_APPLICABLE,,NOT_APPLICABLE,,NOT_APPLICABLE,,VERIFIED,UNRESOLVED,,37642,UNRESOLVED,,no existing verified Player Research closure
player_season/1622,player_season,2022-23,,194190,,,NOT_APPLICABLE,,NOT_APPLICABLE,,NOT_APPLICABLE,,VERIFIED,UNRESOLVED,,194190,UNRESOLVED,,no existing verified Player Research closure
player_season/1623,player_season,2022-23,,481510,,,NOT_APPLICABLE,,NOT_APPLICABLE,,NOT_APPLICABLE,,VERIFIED,UNRESOLVED,,481510,UNRESOLVED,,no existing verified Player Research closure
player_season/1624,player_season,2022-23,,155569,,,NOT_APPLICABLE,,NOT_APPLICABLE,,NOT_APPLICABLE,,VERIFIED,UNRESOLVED,,155569,UNRESOLVED,,no existing verified Player Research closure
player_season/1625,player_season,2022-23,,111931,,,NOT_APPLICABLE,,NOT_APPLICABLE,,NOT_APPLICABLE,,VERIFIED,UNRESOLVED,,111931,UNRESOLVED,,no existing verified Player Research closure
player_season/1626,player_season,2022-23,,93100,,,NOT_APPLICABLE,,NOT_APPLICABLE,,NOT_APPLICABLE,,VERIFIED,UNRESOLVED,,93100,UNRESOLVED,,no existing verified Player Research closure
player_season/1627,player_season,2022-23,,166477,,,NOT_APPLICABLE,,NOT_APPLICABLE,,NOT_APPLICABLE,,VERIFIED,UNRESOLVED,,166477,UNRESOLVED,,no existing verified Player Research closure
player_season/1628,player_season,2022-23,,244619,,,NOT_APPLICABLE,,NOT_APPLICABLE,,NOT_APPLICABLE,,VERIFIED,UNRESOLVED,,244619,UNRESOLVED,,no existing verified Player Research closure
player_season/1629,player_season,2022-23,,514284,,,NOT_APPLICABLE,,NOT_APPLICABLE,,NOT_APPLICABLE,,VERIFIED,UNRESOLVED,,514284,UNRESOLVED,,no existing verified Player Research closure
player_season/1630,player_season,2022-23,,201666,,,NOT_APPLICABLE,,NOT_APPLICABLE,,NOT_APPLICABLE,,VERIFIED,UNRESOLVED,,201666,UNRESOLVED,,no existing verified Player Research closure
player_season/1631,player_season,2022-23,,461584,,,NOT_APPLICABLE,,NOT_APPLICABLE,,NOT_APPLICABLE,,VERIFIED,UNRESOLVED,,461584,UNRESOLVED,,no existing verified Player Research closure
player_season/1632,player_season,2022-23,,166989,,,NOT_APPLICABLE,,NOT_APPLICABLE,,NOT_APPLICABLE,,VERIFIED,UNRESOLVED,,166989,UNRESOLVED,,no existing verified Player Research closure
player_season/1633,player_season,2022-23,,172780,,,NOT_APPLICABLE,,NOT_APPLICABLE,,NOT_APPLICABLE,,VERIFIED,UNRESOLVED,,172780,UNRESOLVED,,no existing verified Player Research closure
player_season/1634,player_season,2022-23,,51938,,,NOT_APPLICABLE,,NOT_APPLICABLE,,NOT_APPLICABLE,,VERIFIED,UNRESOLVED,,51938,UNRESOLVED,,no existing verified Player Research closure
player_season/1635,player_season,2022-23,,215413,,,NOT_APPLICABLE,,NOT_APPLICABLE,,NOT_APPLICABLE,,VERIFIED,UNRESOLVED,,215413,UNRESOLVED,,no existing verified Player Research closure
player_season/1636,player_season,2022-23,,86881,,,NOT_APPLICABLE,,NOT_APPLICABLE,,NOT_APPLICABLE,,VERIFIED,UNRESOLVED,,86881,UNRESOLVED,,no existing verified Player Research closure
player_season/1637,player_season,2022-23,,203341,,,NOT_APPLICABLE,,NOT_APPLICABLE,,NOT_APPLICABLE,,VERIFIED,UNRESOLVED,,203341,UNRESOLVED,,no existing verified Player Research closure
player_season/1638,player_season,2022-23,,106837,,,NOT_APPLICABLE,,NOT_APPLICABLE,,NOT_APPLICABLE,,VERIFIED,UNRESOLVED,,106837,UNRESOLVED,,no existing verified Player Research closure
player_season/1639,player_season,2022-23,,232620,,,NOT_APPLICABLE,,NOT_APPLICABLE,,NOT_APPLICABLE,,VERIFIED,UNRESOLVED,,232620,UNRESOLVED,,no existing verified Player Research closure
player_season/1640,player_season,2022-23,,461587,,,NOT_APPLICABLE,,NOT_APPLICABLE,,NOT_APPLICABLE,,VERIFIED,UNRESOLVED,,461587,UNRESOLVED,,no existing verified Player Research closure
player_season/1641,player_season,2022-23,,225902,,,NOT_APPLICABLE,,NOT_APPLICABLE,,NOT_APPLICABLE,,VERIFIED,UNRESOLVED,,225902,UNRESOLVED,,no existing verified Player Research closure
player_season/1642,player_season,2022-23,,519223,,,NOT_APPLICABLE,,NOT_APPLICABLE,,NOT_APPLICABLE,,VERIFIED,UNRESOLVED,,519223,UNRESOLVED,,no existing verified Player Research closure
player_season/1643,player_season,2022-23,,101668,,,NOT_APPLICABLE,,NOT_APPLICABLE,,NOT_APPLICABLE,,VERIFIED,UNRESOLVED,,101668,UNRESOLVED,,no existing verified Player Research closure
player_season/1644,player_season,2022-23,,173515,,,NOT_APPLICABLE,,NOT_APPLICABLE,,NOT_APPLICABLE,,VERIFIED,UNRESOLVED,,173515,UNRESOLVED,,no existing verified Player Research closure
player_season/1645,player_season,2022-23,,168580,,,NOT_APPLICABLE,,NOT_APPLICABLE,,NOT_APPLICABLE,,VERIFIED,UNRESOLVED,,168580,UNRESOLVED,,no existing verified Player Research closure
player_season/1646,player_season,2022-23,,245419,,,NOT_APPLICABLE,,NOT_APPLICABLE,,NOT_APPLICABLE,,VERIFIED,UNRESOLVED,,245419,UNRESOLVED,,no existing verified Player Research closure
player_season/1647,player_season,2022-23,,225295,,,NOT_APPLICABLE,,NOT_APPLICABLE,,NOT_APPLICABLE,,VERIFIED,UNRESOLVED,,225295,UNRESOLVED,,no existing verified Player Research closure
player_season/1648,player_season,2022-23,,116535,,,NOT_APPLICABLE,,NOT_APPLICABLE,,NOT_APPLICABLE,,VERIFIED,UNRESOLVED,,116535,UNRESOLVED,,no existing verified Player Research closure
player_season/1649,player_season,2022-23,,60706,,,NOT_APPLICABLE,,NOT_APPLICABLE,,NOT_APPLICABLE,,VERIFIED,UNRESOLVED,,60706,UNRESOLVED,,no existing verified Player Research closure
player_season/1650,player_season,2022-23,,200720,,,NOT_APPLICABLE,,NOT_APPLICABLE,,NOT_APPLICABLE,,VERIFIED,UNRESOLVED,,200720,UNRESOLVED,,no existing verified Player Research closure
player_season/1651,player_season,2022-23,,464353,,,NOT_APPLICABLE,,NOT_APPLICABLE,,NOT_APPLICABLE,,VERIFIED,UNRESOLVED,,464353,UNRESOLVED,,no existing verified Player Research closure
player_season/1652,player_season,2022-23,,171287,,,NOT_APPLICABLE,,NOT_APPLICABLE,,NOT_APPLICABLE,,VERIFIED,UNRESOLVED,,171287,UNRESOLVED,,no existing verified Player Research closure
player_season/1653,player_season,2022-23,,97032,,,NOT_APPLICABLE,,NOT_APPLICABLE,,NOT_APPLICABLE,,VERIFIED,UNRESOLVED,,97032,UNRESOLVED,,no existing verified Player Research closure
player_season/1654,player_season,2022-23,,204716,,,NOT_APPLICABLE,,NOT_APPLICABLE,,NOT_APPLICABLE,,VERIFIED,UNRESOLVED,,204716,UNRESOLVED,,no existing verified Player Research closure
player_season/1655,player_season,2022-23,,214285,,,NOT_APPLICABLE,,NOT_APPLICABLE,,NOT_APPLICABLE,,VERIFIED,UNRESOLVED,,214285,UNRESOLVED,,no existing verified Player Research closure
player_season/1656,player_season,2022-23,,489580,,,NOT_APPLICABLE,,NOT_APPLICABLE,,NOT_APPLICABLE,,VERIFIED,UNRESOLVED,,489580,UNRESOLVED,,no existing verified Player Research closure
player_season/1657,player_season,2022-23,,122798,,,NOT_APPLICABLE,,NOT_APPLICABLE,,NOT_APPLICABLE,,VERIFIED,UNRESOLVED,,122798,UNRESOLVED,,no existing verified Player Research closure
player_season/1658,player_season,2022-23,,60914,,,NOT_APPLICABLE,,NOT_APPLICABLE,,NOT_APPLICABLE,,VERIFIED,UNRESOLVED,,60914,UNRESOLVED,,no existing verified Player Research closure
player_season/1659,player_season,2022-23,,219937,,,NOT_APPLICABLE,,NOT_APPLICABLE,,NOT_APPLICABLE,,VERIFIED,UNRESOLVED,,219937,UNRESOLVED,,no existing verified Player Research closure
player_season/1660,player_season,2022-23,,197464,,,NOT_APPLICABLE,,NOT_APPLICABLE,,NOT_APPLICABLE,,VERIFIED,UNRESOLVED,,197464,UNRESOLVED,,no existing verified Player Research closure
player_season/1661,player_season,2022-23,,169187,,,NOT_APPLICABLE,,NOT_APPLICABLE,,NOT_APPLICABLE,,VERIFIED,UNRESOLVED,,169187,UNRESOLVED,,no existing verified Player Research closure
player_season/1662,player_season,2022-23,,444765,,,NOT_APPLICABLE,,NOT_APPLICABLE,,NOT_APPLICABLE,,VERIFIED,UNRESOLVED,,444765,UNRESOLVED,,no existing verified Player Research closure
player_season/1663,player_season,2022-23,,462491,,,NOT_APPLICABLE,,NOT_APPLICABLE,,NOT_APPLICABLE,,VERIFIED,UNRESOLVED,,462491,UNRESOLVED,,no existing verified Player Research closure
player_season/1664,player_season,2022-23,,116643,,,NOT_APPLICABLE,,NOT_APPLICABLE,,NOT_APPLICABLE,,VERIFIED,UNRESOLVED,,116643,UNRESOLVED,,no existing verified Player Research closure
player_season/1665,player_season,2022-23,,61558,,,NOT_APPLICABLE,,NOT_APPLICABLE,,NOT_APPLICABLE,,VERIFIED,UNRESOLVED,,61558,UNRESOLVED,,no existing verified Player Research closure
player_season/1666,player_season,2022-23,,15157,,,NOT_APPLICABLE,,NOT_APPLICABLE,,NOT_APPLICABLE,,VERIFIED,UNRESOLVED,,15157,UNRESOLVED,,no existing verified Player Research closure
player_season/1667,player_season,2022-23,,175592,,,NOT_APPLICABLE,,NOT_APPLICABLE,,NOT_APPLICABLE,,VERIFIED,UNRESOLVED,,175592,UNRESOLVED,,no existing verified Player Research closure
player_season/1668,player_season,2022-23,,56979,,,NOT_APPLICABLE,,NOT_APPLICABLE,,NOT_APPLICABLE,,VERIFIED,UNRESOLVED,,56979,UNRESOLVED,,no existing verified Player Research closure
player_season/1669,player_season,2022-23,,81880,,,NOT_APPLICABLE,,NOT_APPLICABLE,,NOT_APPLICABLE,,VERIFIED,UNRESOLVED,,81880,UNRESOLVED,,no existing verified Player Research closure
player_season/1670,player_season,2022-23,,206915,,,NOT_APPLICABLE,,NOT_APPLICABLE,,NOT_APPLICABLE,,VERIFIED,UNRESOLVED,,206915,UNRESOLVED,,no existing verified Player Research closure
player_season/1671,player_season,2022-23,,444884,,,NOT_APPLICABLE,,NOT_APPLICABLE,,NOT_APPLICABLE,,VERIFIED,UNRESOLVED,,444884,UNRESOLVED,,no existing verified Player Research closure
player_season/1672,player_season,2022-23,,244858,,,NOT_APPLICABLE,,NOT_APPLICABLE,,NOT_APPLICABLE,,VERIFIED,UNRESOLVED,,244858,UNRESOLVED,,no existing verified Player Research closure
player_season/1673,player_season,2022-23,,204043,,,NOT_APPLICABLE,,NOT_APPLICABLE,,NOT_APPLICABLE,,VERIFIED,UNRESOLVED,,204043,UNRESOLVED,,no existing verified Player Research closure
player_season/1674,player_season,2022-23,,491970,,,NOT_APPLICABLE,,NOT_APPLICABLE,,NOT_APPLICABLE,,VERIFIED,UNRESOLVED,,491970,UNRESOLVED,,no existing verified Player Research closure
player_season/1675,player_season,2022-23,,535928,,,NOT_APPLICABLE,,NOT_APPLICABLE,,NOT_APPLICABLE,,VERIFIED,UNRESOLVED,,535928,UNRESOLVED,,no existing verified Player Research closure
player_season/1676,player_season,2022-23,,244731,,,NOT_APPLICABLE,,NOT_APPLICABLE,,NOT_APPLICABLE,,VERIFIED,UNRESOLVED,,244731,UNRESOLVED,,no existing verified Player Research closure
player_season/1677,player_season,2022-23,,92217,,,NOT_APPLICABLE,,NOT_APPLICABLE,,NOT_APPLICABLE,,VERIFIED,UNRESOLVED,,92217,UNRESOLVED,,no existing verified Player Research closure
player_season/1678,player_season,2022-23,,447203,,,NOT_APPLICABLE,,NOT_APPLICABLE,,NOT_APPLICABLE,,VERIFIED,UNRESOLVED,,447203,UNRESOLVED,,no existing verified Player Research closure
player_season/1679,player_season,2022-23,,118748,,,NOT_APPLICABLE,,NOT_APPLICABLE,,NOT_APPLICABLE,,VERIFIED,UNRESOLVED,,118748,UNRESOLVED,,no existing verified Player Research closure
player_season/1680,player_season,2022-23,,243298,,,NOT_APPLICABLE,,NOT_APPLICABLE,,NOT_APPLICABLE,,VERIFIED,UNRESOLVED,,243298,UNRESOLVED,,no existing verified Player Research closure
player_season/1681,player_season,2022-23,,194634,,,NOT_APPLICABLE,,NOT_APPLICABLE,,NOT_APPLICABLE,,VERIFIED,UNRESOLVED,,194634,UNRESOLVED,,no existing verified Player Research closure
player_season/1682,player_season,2022-23,,496208,,,NOT_APPLICABLE,,NOT_APPLICABLE,,NOT_APPLICABLE,,VERIFIED,UNRESOLVED,,496208,UNRESOLVED,,no existing verified Player Research closure
player_season/1683,player_season,2022-23,,88248,,,NOT_APPLICABLE,,NOT_APPLICABLE,,NOT_APPLICABLE,,VERIFIED,UNRESOLVED,,88248,UNRESOLVED,,no existing verified Player Research closure
player_season/1684,player_season,2022-23,,121160,,,NOT_APPLICABLE,,NOT_APPLICABLE,,NOT_APPLICABLE,,VERIFIED,UNRESOLVED,,121160,UNRESOLVED,,no existing verified Player Research closure
player_season/1685,player_season,2022-23,,17601,,,NOT_APPLICABLE,,NOT_APPLICABLE,,NOT_APPLICABLE,,VERIFIED,UNRESOLVED,,17601,UNRESOLVED,,no existing verified Player Research closure
player_season/1686,player_season,2022-23,,58621,,,NOT_APPLICABLE,,NOT_APPLICABLE,,NOT_APPLICABLE,,VERIFIED,UNRESOLVED,,58621,UNRESOLVED,,no existing verified Player Research closure
player_season/1687,player_season,2022-23,,171314,,,NOT_APPLICABLE,,NOT_APPLICABLE,,NOT_APPLICABLE,,VERIFIED,UNRESOLVED,,171314,UNRESOLVED,,no existing verified Player Research closure
player_season/1688,player_season,2022-23,,97299,,,NOT_APPLICABLE,,NOT_APPLICABLE,,NOT_APPLICABLE,,VERIFIED,UNRESOLVED,,97299,UNRESOLVED,,no existing verified Player Research closure
player_season/1689,player_season,2022-23,,126184,,,NOT_APPLICABLE,,NOT_APPLICABLE,,NOT_APPLICABLE,,VERIFIED,UNRESOLVED,,126184,UNRESOLVED,,no existing verified Player Research closure
player_season/1690,player_season,2022-23,,121145,,,NOT_APPLICABLE,,NOT_APPLICABLE,,NOT_APPLICABLE,,VERIFIED,UNRESOLVED,,121145,UNRESOLVED,,no existing verified Player Research closure
player_season/1691,player_season,2022-23,,146941,,,NOT_APPLICABLE,,NOT_APPLICABLE,,NOT_APPLICABLE,,VERIFIED,UNRESOLVED,,146941,UNRESOLVED,,no existing verified Player Research closure
player_season/1692,player_season,2022-23,,211975,,,NOT_APPLICABLE,,NOT_APPLICABLE,,NOT_APPLICABLE,,VERIFIED,UNRESOLVED,,211975,UNRESOLVED,,no existing verified Player Research closure
player_season/1693,player_season,2022-23,,477064,,,NOT_APPLICABLE,,NOT_APPLICABLE,,NOT_APPLICABLE,,VERIFIED,UNRESOLVED,,477064,UNRESOLVED,,no existing verified Player Research closure
player_season/1694,player_season,2022-23,,447880,,,NOT_APPLICABLE,,NOT_APPLICABLE,,NOT_APPLICABLE,,VERIFIED,UNRESOLVED,,447880,UNRESOLVED,,no existing verified Player Research closure
player_season/1695,player_season,2022-23,,155405,,,NOT_APPLICABLE,,NOT_APPLICABLE,,NOT_APPLICABLE,,VERIFIED,UNRESOLVED,,155405,UNRESOLVED,,no existing verified Player Research closure
player_season/1696,player_season,2022-23,,59859,,,NOT_APPLICABLE,,NOT_APPLICABLE,,NOT_APPLICABLE,,VERIFIED,UNRESOLVED,,59859,UNRESOLVED,,no existing verified Player Research closure
player_season/1697,player_season,2022-23,,114283,,,NOT_APPLICABLE,,NOT_APPLICABLE,,NOT_APPLICABLE,,VERIFIED,UNRESOLVED,,114283,UNRESOLVED,,no existing verified Player Research closure
player_season/1698,player_season,2022-23,,220566,,,NOT_APPLICABLE,,NOT_APPLICABLE,,NOT_APPLICABLE,,VERIFIED,UNRESOLVED,,220566,UNRESOLVED,,no existing verified Player Research closure
player_season/1699,player_season,2022-23,,61366,,,NOT_APPLICABLE,,NOT_APPLICABLE,,NOT_APPLICABLE,,VERIFIED,UNRESOLVED,,61366,UNRESOLVED,,no existing verified Player Research closure
player_season/1700,player_season,2022-23,,165809,,,NOT_APPLICABLE,,NOT_APPLICABLE,,NOT_APPLICABLE,,VERIFIED,UNRESOLVED,,165809,UNRESOLVED,,no existing verified Player Research closure
player_season/1701,player_season,2022-23,,437468,,,NOT_APPLICABLE,,NOT_APPLICABLE,,NOT_APPLICABLE,,VERIFIED,UNRESOLVED,,437468,UNRESOLVED,,no existing verified Player Research closure
player_season/1702,player_season,2022-23,,482769,,,NOT_APPLICABLE,,NOT_APPLICABLE,,NOT_APPLICABLE,,VERIFIED,UNRESOLVED,,482769,UNRESOLVED,,no existing verified Player Research closure
player_season/1703,player_season,2022-23,,209244,,,NOT_APPLICABLE,,NOT_APPLICABLE,,NOT_APPLICABLE,,VERIFIED,UNRESOLVED,,209244,UNRESOLVED,,no existing verified Player Research closure
player_season/1704,player_season,2022-23,,463210,,,NOT_APPLICABLE,,NOT_APPLICABLE,,NOT_APPLICABLE,,VERIFIED,UNRESOLVED,,463210,UNRESOLVED,,no existing verified Player Research closure
player_season/1705,player_season,2022-23,,472769,,,NOT_APPLICABLE,,NOT_APPLICABLE,,NOT_APPLICABLE,,VERIFIED,UNRESOLVED,,472769,UNRESOLVED,,no existing verified Player Research closure
player_season/1706,player_season,2022-23,,244851,,,NOT_APPLICABLE,,NOT_APPLICABLE,,NOT_APPLICABLE,,VERIFIED,UNRESOLVED,,244851,UNRESOLVED,,no existing verified Player Research closure
player_season/1707,player_season,2022-23,,434043,,,NOT_APPLICABLE,,NOT_APPLICABLE,,NOT_APPLICABLE,,VERIFIED,UNRESOLVED,,434043,UNRESOLVED,,no existing verified Player Research closure
player_season/1708,player_season,2022-23,,244932,,,NOT_APPLICABLE,,NOT_APPLICABLE,,NOT_APPLICABLE,,VERIFIED,UNRESOLVED,,244932,UNRESOLVED,,no existing verified Player Research closure
player_season/1709,player_season,2022-23,,223094,,,NOT_APPLICABLE,,NOT_APPLICABLE,,NOT_APPLICABLE,,VERIFIED,UNRESOLVED,,223094,UNRESOLVED,,no existing verified Player Research closure
player_season/1710,player_season,2022-23,,461358,,,NOT_APPLICABLE,,NOT_APPLICABLE,,NOT_APPLICABLE,,VERIFIED,UNRESOLVED,,461358,UNRESOLVED,,no existing verified Player Research closure
player_season/1711,player_season,2022-23,,103025,,,NOT_APPLICABLE,,NOT_APPLICABLE,,NOT_APPLICABLE,,VERIFIED,UNRESOLVED,,103025,UNRESOLVED,,no existing verified Player Research closure
player_season/1712,player_season,2022-23,,51940,,,NOT_APPLICABLE,,NOT_APPLICABLE,,NOT_APPLICABLE,,VERIFIED,UNRESOLVED,,51940,UNRESOLVED,,no existing verified Player Research closure
player_season/1713,player_season,2022-23,,21205,,,NOT_APPLICABLE,,NOT_APPLICABLE,,NOT_APPLICABLE,,VERIFIED,UNRESOLVED,,21205,UNRESOLVED,,no existing verified Player Research closure
player_season/1714,player_season,2022-23,,172649,,,NOT_APPLICABLE,,NOT_APPLICABLE,,NOT_APPLICABLE,,VERIFIED,UNRESOLVED,,172649,UNRESOLVED,,no existing verified Player Research closure
player_season/1715,player_season,2022-23,,250370,,,NOT_APPLICABLE,,NOT_APPLICABLE,,NOT_APPLICABLE,,VERIFIED,UNRESOLVED,,250370,UNRESOLVED,,no existing verified Player Research closure
player_season/1716,player_season,2022-23,,446189,,,NOT_APPLICABLE,,NOT_APPLICABLE,,NOT_APPLICABLE,,VERIFIED,UNRESOLVED,,446189,UNRESOLVED,,no existing verified Player Research closure
player_season/1717,player_season,2022-23,,184667,,,NOT_APPLICABLE,,NOT_APPLICABLE,,NOT_APPLICABLE,,VERIFIED,UNRESOLVED,,184667,UNRESOLVED,,no existing verified Player Research closure
player_season/1718,player_season,2022-23,,95658,,,NOT_APPLICABLE,,NOT_APPLICABLE,,NOT_APPLICABLE,,VERIFIED,UNRESOLVED,,95658,UNRESOLVED,,no existing verified Player Research closure
player_season/1719,player_season,2022-23,,221820,,,NOT_APPLICABLE,,NOT_APPLICABLE,,NOT_APPLICABLE,,VERIFIED,UNRESOLVED,,221820,UNRESOLVED,,no existing verified Player Research closure
player_season/1720,player_season,2022-23,,222690,,,NOT_APPLICABLE,,NOT_APPLICABLE,,NOT_APPLICABLE,,VERIFIED,UNRESOLVED,,222690,UNRESOLVED,,no existing verified Player Research closure
player_season/1721,player_season,2022-23,,90152,,,NOT_APPLICABLE,,NOT_APPLICABLE,,NOT_APPLICABLE,,VERIFIED,UNRESOLVED,,90152,UNRESOLVED,,no existing verified Player Research closure
player_season/1722,player_season,2022-23,,216051,,,NOT_APPLICABLE,,NOT_APPLICABLE,,NOT_APPLICABLE,,VERIFIED,UNRESOLVED,,216051,UNRESOLVED,,no existing verified Player Research closure
player_season/1723,player_season,2022-23,,106760,,,NOT_APPLICABLE,,NOT_APPLICABLE,,NOT_APPLICABLE,,VERIFIED,UNRESOLVED,,106760,UNRESOLVED,,no existing verified Player Research closure
player_season/1724,player_season,2022-23,,214590,,,NOT_APPLICABLE,,NOT_APPLICABLE,,NOT_APPLICABLE,,VERIFIED,UNRESOLVED,,214590,UNRESOLVED,,no existing verified Player Research closure
player_season/1725,player_season,2022-23,,232937,,,NOT_APPLICABLE,,NOT_APPLICABLE,,NOT_APPLICABLE,,VERIFIED,UNRESOLVED,,232937,UNRESOLVED,,no existing verified Player Research closure
player_season/1726,player_season,2022-23,,518467,,,NOT_APPLICABLE,,NOT_APPLICABLE,,NOT_APPLICABLE,,VERIFIED,UNRESOLVED,,518467,UNRESOLVED,,no existing verified Player Research closure
player_season/1727,player_season,2022-23,,515500,,,NOT_APPLICABLE,,NOT_APPLICABLE,,NOT_APPLICABLE,,VERIFIED,UNRESOLVED,,515500,UNRESOLVED,,no existing verified Player Research closure
player_season/1728,player_season,2022-23,,141746,,,NOT_APPLICABLE,,NOT_APPLICABLE,,NOT_APPLICABLE,,VERIFIED,UNRESOLVED,,141746,UNRESOLVED,,no existing verified Player Research closure
player_season/1729,player_season,2022-23,,80607,,,NOT_APPLICABLE,,NOT_APPLICABLE,,NOT_APPLICABLE,,VERIFIED,UNRESOLVED,,80607,UNRESOLVED,,no existing verified Player Research closure
player_season/1730,player_season,2022-23,,101338,,,NOT_APPLICABLE,,NOT_APPLICABLE,,NOT_APPLICABLE,,VERIFIED,UNRESOLVED,,101338,UNRESOLVED,,no existing verified Player Research closure
player_season/1731,player_season,2022-23,,101582,,,NOT_APPLICABLE,,NOT_APPLICABLE,,NOT_APPLICABLE,,VERIFIED,UNRESOLVED,,101582,UNRESOLVED,,no existing verified Player Research closure
player_season/1732,player_season,2022-23,,61256,,,NOT_APPLICABLE,,NOT_APPLICABLE,,NOT_APPLICABLE,,VERIFIED,UNRESOLVED,,61256,UNRESOLVED,,no existing verified Player Research closure
player_season/1733,player_season,2022-23,,488404,,,NOT_APPLICABLE,,NOT_APPLICABLE,,NOT_APPLICABLE,,VERIFIED,UNRESOLVED,,488404,UNRESOLVED,,no existing verified Player Research closure
player_season/1734,player_season,2022-23,,180184,,,NOT_APPLICABLE,,NOT_APPLICABLE,,NOT_APPLICABLE,,VERIFIED,UNRESOLVED,,180184,UNRESOLVED,,no existing verified Player Research closure
player_season/1735,player_season,2022-23,,195851,,,NOT_APPLICABLE,,NOT_APPLICABLE,,NOT_APPLICABLE,,VERIFIED,UNRESOLVED,,195851,UNRESOLVED,,no existing verified Player Research closure
player_season/1736,player_season,2022-23,,461548,,,NOT_APPLICABLE,,NOT_APPLICABLE,,NOT_APPLICABLE,,VERIFIED,UNRESOLVED,,461548,UNRESOLVED,,no existing verified Player Research closure
player_season/1737,player_season,2022-23,,516895,,,NOT_APPLICABLE,,NOT_APPLICABLE,,NOT_APPLICABLE,,VERIFIED,UNRESOLVED,,516895,UNRESOLVED,,no existing verified Player Research closure
player_season/1738,player_season,2022-23,,148225,,,NOT_APPLICABLE,,NOT_APPLICABLE,,NOT_APPLICABLE,,VERIFIED,UNRESOLVED,,148225,UNRESOLVED,,no existing verified Player Research closure
player_season/1739,player_season,2022-23,,176297,,,NOT_APPLICABLE,,NOT_APPLICABLE,,NOT_APPLICABLE,,VERIFIED,UNRESOLVED,,176297,UNRESOLVED,,no existing verified Player Research closure
player_season/1740,player_season,2022-23,,467169,,,NOT_APPLICABLE,,NOT_APPLICABLE,,NOT_APPLICABLE,,VERIFIED,UNRESOLVED,,467169,UNRESOLVED,,no existing verified Player Research closure
player_season/1741,player_season,2022-23,,209243,,,NOT_APPLICABLE,,NOT_APPLICABLE,,NOT_APPLICABLE,,VERIFIED,UNRESOLVED,,209243,UNRESOLVED,,no existing verified Player Research closure
player_season/1742,player_season,2022-23,,120202,,,NOT_APPLICABLE,,NOT_APPLICABLE,,NOT_APPLICABLE,,VERIFIED,UNRESOLVED,,120202,UNRESOLVED,,no existing verified Player Research closure
player_season/1743,player_season,2022-23,,449434,,,NOT_APPLICABLE,,NOT_APPLICABLE,,NOT_APPLICABLE,,VERIFIED,UNRESOLVED,,449434,UNRESOLVED,,no existing verified Player Research closure
player_season/1744,player_season,2022-23,,472464,,,NOT_APPLICABLE,,NOT_APPLICABLE,,NOT_APPLICABLE,,VERIFIED,UNRESOLVED,,472464,UNRESOLVED,,no existing verified Player Research closure
player_season/1745,player_season,2022-23,,493105,,,NOT_APPLICABLE,,NOT_APPLICABLE,,NOT_APPLICABLE,,VERIFIED,UNRESOLVED,,493105,UNRESOLVED,,no existing verified Player Research closure
player_season/1746,player_season,2022-23,,67089,,,NOT_APPLICABLE,,NOT_APPLICABLE,,NOT_APPLICABLE,,VERIFIED,UNRESOLVED,,67089,UNRESOLVED,,no existing verified Player Research closure
player_season/1747,player_season,2022-23,,104542,,,NOT_APPLICABLE,,NOT_APPLICABLE,,NOT_APPLICABLE,,VERIFIED,UNRESOLVED,,104542,UNRESOLVED,,no existing verified Player Research closure
player_season/1748,player_season,2022-23,,98747,,,NOT_APPLICABLE,,NOT_APPLICABLE,,NOT_APPLICABLE,,VERIFIED,UNRESOLVED,,98747,UNRESOLVED,,no existing verified Player Research closure
player_season/1749,player_season,2022-23,,59735,,,NOT_APPLICABLE,,NOT_APPLICABLE,,NOT_APPLICABLE,,VERIFIED,UNRESOLVED,,59735,UNRESOLVED,,no existing verified Player Research closure
player_season/1750,player_season,2022-23,,81441,,,NOT_APPLICABLE,,NOT_APPLICABLE,,NOT_APPLICABLE,,VERIFIED,UNRESOLVED,,81441,UNRESOLVED,,no existing verified Player Research closure
player_season/1751,player_season,2022-23,,77794,,,NOT_APPLICABLE,,NOT_APPLICABLE,,NOT_APPLICABLE,,VERIFIED,UNRESOLVED,,77794,UNRESOLVED,,no existing verified Player Research closure
player_season/1752,player_season,2022-23,,106618,,,NOT_APPLICABLE,,NOT_APPLICABLE,,NOT_APPLICABLE,,VERIFIED,UNRESOLVED,,106618,UNRESOLVED,,no existing verified Player Research closure
player_season/1753,player_season,2022-23,,220237,,,NOT_APPLICABLE,,NOT_APPLICABLE,,NOT_APPLICABLE,,VERIFIED,UNRESOLVED,,220237,UNRESOLVED,,no existing verified Player Research closure
player_season/1754,player_season,2022-23,,119471,,,NOT_APPLICABLE,,NOT_APPLICABLE,,NOT_APPLICABLE,,VERIFIED,UNRESOLVED,,119471,UNRESOLVED,,no existing verified Player Research closure
player_season/1755,player_season,2022-23,,101148,,,NOT_APPLICABLE,,NOT_APPLICABLE,,NOT_APPLICABLE,,VERIFIED,UNRESOLVED,,101148,UNRESOLVED,,no existing verified Player Research closure
player_season/1756,player_season,2022-23,,194799,,,NOT_APPLICABLE,,NOT_APPLICABLE,,NOT_APPLICABLE,,VERIFIED,UNRESOLVED,,194799,UNRESOLVED,,no existing verified Player Research closure
player_season/1757,player_season,2022-23,,169359,,,NOT_APPLICABLE,,NOT_APPLICABLE,,NOT_APPLICABLE,,VERIFIED,UNRESOLVED,,169359,UNRESOLVED,,no existing verified Player Research closure
player_season/1758,player_season,2022-23,,111773,,,NOT_APPLICABLE,,NOT_APPLICABLE,,NOT_APPLICABLE,,VERIFIED,UNRESOLVED,,111773,UNRESOLVED,,no existing verified Player Research closure
player_season/1759,player_season,2022-23,,109528,,,NOT_APPLICABLE,,NOT_APPLICABLE,,NOT_APPLICABLE,,VERIFIED,UNRESOLVED,,109528,UNRESOLVED,,no existing verified Player Research closure
player_season/1760,player_season,2022-23,,78916,,,NOT_APPLICABLE,,NOT_APPLICABLE,,NOT_APPLICABLE,,VERIFIED,UNRESOLVED,,78916,UNRESOLVED,,no existing verified Player Research closure
player_season/1761,player_season,2022-23,,56983,,,NOT_APPLICABLE,,NOT_APPLICABLE,,NOT_APPLICABLE,,VERIFIED,UNRESOLVED,,56983,UNRESOLVED,,no existing verified Player Research closure
player_season/1762,player_season,2022-23,,90105,,,NOT_APPLICABLE,,NOT_APPLICABLE,,NOT_APPLICABLE,,VERIFIED,UNRESOLVED,,90105,UNRESOLVED,,no existing verified Player Research closure
player_season/1763,player_season,2022-23,,114243,,,NOT_APPLICABLE,,NOT_APPLICABLE,,NOT_APPLICABLE,,VERIFIED,UNRESOLVED,,114243,UNRESOLVED,,no existing verified Player Research closure
player_season/1764,player_season,2022-23,,179018,,,NOT_APPLICABLE,,NOT_APPLICABLE,,NOT_APPLICABLE,,VERIFIED,UNRESOLVED,,179018,UNRESOLVED,,no existing verified Player Research closure
player_season/1765,player_season,2022-23,,200089,,,NOT_APPLICABLE,,NOT_APPLICABLE,,NOT_APPLICABLE,,VERIFIED,UNRESOLVED,,200089,UNRESOLVED,,no existing verified Player Research closure
player_season/1766,player_season,2022-23,,215379,,,NOT_APPLICABLE,,NOT_APPLICABLE,,NOT_APPLICABLE,,VERIFIED,UNRESOLVED,,215379,UNRESOLVED,,no existing verified Player Research closure
player_season/1767,player_season,2022-23,,180135,,,NOT_APPLICABLE,,NOT_APPLICABLE,,NOT_APPLICABLE,,VERIFIED,UNRESOLVED,,180135,UNRESOLVED,,no existing verified Player Research closure
player_season/1768,player_season,2022-23,,208706,,,NOT_APPLICABLE,,NOT_APPLICABLE,,NOT_APPLICABLE,,VERIFIED,UNRESOLVED,,208706,UNRESOLVED,,no existing verified Player Research closure
player_season/1769,player_season,2022-23,,547719,,,NOT_APPLICABLE,,NOT_APPLICABLE,,NOT_APPLICABLE,,VERIFIED,UNRESOLVED,,547719,UNRESOLVED,,no existing verified Player Research closure
player_season/1770,player_season,2022-23,,180974,,,NOT_APPLICABLE,,NOT_APPLICABLE,,NOT_APPLICABLE,,VERIFIED,UNRESOLVED,,180974,UNRESOLVED,,no existing verified Player Research closure
player_season/1771,player_season,2022-23,,232826,,,NOT_APPLICABLE,,NOT_APPLICABLE,,NOT_APPLICABLE,,VERIFIED,UNRESOLVED,,232826,UNRESOLVED,,no existing verified Player Research closure
player_season/1772,player_season,2022-23,,75115,,,NOT_APPLICABLE,,NOT_APPLICABLE,,NOT_APPLICABLE,,VERIFIED,UNRESOLVED,,75115,UNRESOLVED,,no existing verified Player Research closure
player_season/1773,player_season,2022-23,,170137,,,NOT_APPLICABLE,,NOT_APPLICABLE,,NOT_APPLICABLE,,VERIFIED,UNRESOLVED,,170137,UNRESOLVED,,no existing verified Player Research closure
player_season/1774,player_season,2022-23,,219168,,,NOT_APPLICABLE,,NOT_APPLICABLE,,NOT_APPLICABLE,,VERIFIED,UNRESOLVED,,219168,UNRESOLVED,,no existing verified Player Research closure
player_season/1775,player_season,2022-23,,60689,,,NOT_APPLICABLE,,NOT_APPLICABLE,,NOT_APPLICABLE,,VERIFIED,UNRESOLVED,,60689,UNRESOLVED,,no existing verified Player Research closure
player_season/1776,player_season,2022-23,,172649,,,NOT_APPLICABLE,,NOT_APPLICABLE,,NOT_APPLICABLE,,VERIFIED,UNRESOLVED,,172649,UNRESOLVED,,no existing verified Player Research closure
player_season/1777,player_season,2022-23,,184193,,,NOT_APPLICABLE,,NOT_APPLICABLE,,NOT_APPLICABLE,,VERIFIED,UNRESOLVED,,184193,UNRESOLVED,,no existing verified Player Research closure
player_season/1778,player_season,2022-23,,28411,,,NOT_APPLICABLE,,NOT_APPLICABLE,,NOT_APPLICABLE,,VERIFIED,UNRESOLVED,,28411,UNRESOLVED,,no existing verified Player Research closure
player_season/1779,player_season,2022-23,,20066,,,NOT_APPLICABLE,,NOT_APPLICABLE,,NOT_APPLICABLE,,VERIFIED,UNRESOLVED,,20066,UNRESOLVED,,no existing verified Player Research closure
player_season/1780,player_season,2022-23,,450197,,,NOT_APPLICABLE,,NOT_APPLICABLE,,NOT_APPLICABLE,,VERIFIED,UNRESOLVED,,450197,UNRESOLVED,,no existing verified Player Research closure
player_season/1781,player_season,2022-23,,437753,,,NOT_APPLICABLE,,NOT_APPLICABLE,,NOT_APPLICABLE,,VERIFIED,UNRESOLVED,,437753,UNRESOLVED,,no existing verified Player Research closure
player_season/1782,player_season,2022-23,,56917,,,NOT_APPLICABLE,,NOT_APPLICABLE,,NOT_APPLICABLE,,VERIFIED,UNRESOLVED,,56917,UNRESOLVED,,no existing verified Player Research closure
player_season/1783,player_season,2022-23,,208912,,,NOT_APPLICABLE,,NOT_APPLICABLE,,NOT_APPLICABLE,,VERIFIED,UNRESOLVED,,208912,UNRESOLVED,,no existing verified Player Research closure
player_season/1784,player_season,2022-23,,242885,,,NOT_APPLICABLE,,NOT_APPLICABLE,,NOT_APPLICABLE,,VERIFIED,UNRESOLVED,,242885,UNRESOLVED,,no existing verified Player Research closure
player_season/1785,player_season,2022-23,,215136,,,NOT_APPLICABLE,,NOT_APPLICABLE,,NOT_APPLICABLE,,VERIFIED,UNRESOLVED,,215136,UNRESOLVED,,no existing verified Player Research closure
player_season/1786,player_season,2022-23,,114241,,,NOT_APPLICABLE,,NOT_APPLICABLE,,NOT_APPLICABLE,,VERIFIED,UNRESOLVED,,114241,UNRESOLVED,,no existing verified Player Research closure
player_season/1787,player_season,2022-23,,199170,,,NOT_APPLICABLE,,NOT_APPLICABLE,,NOT_APPLICABLE,,VERIFIED,UNRESOLVED,,199170,UNRESOLVED,,no existing verified Player Research closure
player_season/1788,player_season,2022-23,,80226,,,NOT_APPLICABLE,,NOT_APPLICABLE,,NOT_APPLICABLE,,VERIFIED,UNRESOLVED,,80226,UNRESOLVED,,no existing verified Player Research closure
player_season/1789,player_season,2022-23,,168281,,,NOT_APPLICABLE,,NOT_APPLICABLE,,NOT_APPLICABLE,,VERIFIED,UNRESOLVED,,168281,UNRESOLVED,,no existing verified Player Research closure
player_season/1790,player_season,2022-23,,90585,,,NOT_APPLICABLE,,NOT_APPLICABLE,,NOT_APPLICABLE,,VERIFIED,UNRESOLVED,,90585,UNRESOLVED,,no existing verified Player Research closure
player_season/1791,player_season,2022-23,,233420,,,NOT_APPLICABLE,,NOT_APPLICABLE,,NOT_APPLICABLE,,VERIFIED,UNRESOLVED,,233420,UNRESOLVED,,no existing verified Player Research closure
player_season/1792,player_season,2022-23,,116404,,,NOT_APPLICABLE,,NOT_APPLICABLE,,NOT_APPLICABLE,,VERIFIED,UNRESOLVED,,116404,UNRESOLVED,,no existing verified Player Research closure
player_season/1793,player_season,2022-23,,179519,,,NOT_APPLICABLE,,NOT_APPLICABLE,,NOT_APPLICABLE,,VERIFIED,UNRESOLVED,,179519,UNRESOLVED,,no existing verified Player Research closure
player_season/1794,player_season,2022-23,,50232,,,NOT_APPLICABLE,,NOT_APPLICABLE,,NOT_APPLICABLE,,VERIFIED,UNRESOLVED,,50232,UNRESOLVED,,no existing verified Player Research closure
player_season/1795,player_season,2022-23,,58771,,,NOT_APPLICABLE,,NOT_APPLICABLE,,NOT_APPLICABLE,,VERIFIED,UNRESOLVED,,58771,UNRESOLVED,,no existing verified Player Research closure
player_season/1796,player_season,2022-23,,222531,,,NOT_APPLICABLE,,NOT_APPLICABLE,,NOT_APPLICABLE,,VERIFIED,UNRESOLVED,,222531,UNRESOLVED,,no existing verified Player Research closure
player_season/1797,player_season,2022-23,,109322,,,NOT_APPLICABLE,,NOT_APPLICABLE,,NOT_APPLICABLE,,VERIFIED,UNRESOLVED,,109322,UNRESOLVED,,no existing verified Player Research closure
player_season/1798,player_season,2022-23,,243345,,,NOT_APPLICABLE,,NOT_APPLICABLE,,NOT_APPLICABLE,,VERIFIED,UNRESOLVED,,243345,UNRESOLVED,,no existing verified Player Research closure
player_season/1799,player_season,2022-23,,166325,,,NOT_APPLICABLE,,NOT_APPLICABLE,,NOT_APPLICABLE,,VERIFIED,UNRESOLVED,,166325,UNRESOLVED,,no existing verified Player Research closure
player_season/1800,player_season,2022-23,,55037,,,NOT_APPLICABLE,,NOT_APPLICABLE,,NOT_APPLICABLE,,VERIFIED,UNRESOLVED,,55037,UNRESOLVED,,no existing verified Player Research closure
player_season/1801,player_season,2022-23,,204968,,,NOT_APPLICABLE,,NOT_APPLICABLE,,NOT_APPLICABLE,,VERIFIED,UNRESOLVED,,204968,UNRESOLVED,,no existing verified Player Research closure
player_season/1802,player_season,2022-23,,89076,,,NOT_APPLICABLE,,NOT_APPLICABLE,,NOT_APPLICABLE,,VERIFIED,UNRESOLVED,,89076,UNRESOLVED,,no existing verified Player Research closure
player_season/1803,player_season,2022-23,,513046,,,NOT_APPLICABLE,,NOT_APPLICABLE,,NOT_APPLICABLE,,VERIFIED,UNRESOLVED,,513046,UNRESOLVED,,no existing verified Player Research closure
player_season/1804,player_season,2022-23,,185253,,,NOT_APPLICABLE,,NOT_APPLICABLE,,NOT_APPLICABLE,,VERIFIED,UNRESOLVED,,185253,UNRESOLVED,,no existing verified Player Research closure
player_season/1805,player_season,2022-23,,475492,,,NOT_APPLICABLE,,NOT_APPLICABLE,,NOT_APPLICABLE,,VERIFIED,UNRESOLVED,,475492,UNRESOLVED,,no existing verified Player Research closure
player_season/1806,player_season,2022-23,,210156,,,NOT_APPLICABLE,,NOT_APPLICABLE,,NOT_APPLICABLE,,VERIFIED,UNRESOLVED,,210156,UNRESOLVED,,no existing verified Player Research closure
player_season/1807,player_season,2022-23,,217331,,,NOT_APPLICABLE,,NOT_APPLICABLE,,NOT_APPLICABLE,,VERIFIED,UNRESOLVED,,217331,UNRESOLVED,,no existing verified Player Research closure
player_season/1808,player_season,2022-23,,244930,,,NOT_APPLICABLE,,NOT_APPLICABLE,,NOT_APPLICABLE,,VERIFIED,UNRESOLVED,,244930,UNRESOLVED,,no existing verified Player Research closure
player_season/1809,player_season,2022-23,,242898,,,NOT_APPLICABLE,,NOT_APPLICABLE,,NOT_APPLICABLE,,VERIFIED,UNRESOLVED,,242898,UNRESOLVED,,no existing verified Player Research closure
player_season/1810,player_season,2022-23,,230251,,,NOT_APPLICABLE,,NOT_APPLICABLE,,NOT_APPLICABLE,,VERIFIED,UNRESOLVED,,230251,UNRESOLVED,,no existing verified Player Research closure
player_season/1811,player_season,2022-23,,57647,,,NOT_APPLICABLE,,NOT_APPLICABLE,,NOT_APPLICABLE,,VERIFIED,UNRESOLVED,,57647,UNRESOLVED,,no existing verified Player Research closure
player_season/1812,player_season,2022-23,,45124,,,NOT_APPLICABLE,,NOT_APPLICABLE,,NOT_APPLICABLE,,VERIFIED,UNRESOLVED,,45124,UNRESOLVED,,no existing verified Player Research closure
player_season/1813,player_season,2022-23,,60689,,,NOT_APPLICABLE,,NOT_APPLICABLE,,NOT_APPLICABLE,,VERIFIED,UNRESOLVED,,60689,UNRESOLVED,,no existing verified Player Research closure
player_season/1814,player_season,2022-23,,58376,,,NOT_APPLICABLE,,NOT_APPLICABLE,,NOT_APPLICABLE,,VERIFIED,UNRESOLVED,,58376,UNRESOLVED,,no existing verified Player Research closure
player_season/1815,player_season,2022-23,,20310,,,NOT_APPLICABLE,,NOT_APPLICABLE,,NOT_APPLICABLE,,VERIFIED,UNRESOLVED,,20310,UNRESOLVED,,no existing verified Player Research closure
player_season/1816,player_season,2022-23,,456350,,,NOT_APPLICABLE,,NOT_APPLICABLE,,NOT_APPLICABLE,,VERIFIED,UNRESOLVED,,456350,UNRESOLVED,,no existing verified Player Research closure
player_season/1817,player_season,2022-23,,158534,,,NOT_APPLICABLE,,NOT_APPLICABLE,,NOT_APPLICABLE,,VERIFIED,UNRESOLVED,,158534,UNRESOLVED,,no existing verified Player Research closure
player_season/1818,player_season,2022-23,,212721,,,NOT_APPLICABLE,,NOT_APPLICABLE,,NOT_APPLICABLE,,VERIFIED,UNRESOLVED,,212721,UNRESOLVED,,no existing verified Player Research closure
player_season/1819,player_season,2022-23,,88900,,,NOT_APPLICABLE,,NOT_APPLICABLE,,NOT_APPLICABLE,,VERIFIED,UNRESOLVED,,88900,UNRESOLVED,,no existing verified Player Research closure
player_season/1820,player_season,2022-23,,173271,,,NOT_APPLICABLE,,NOT_APPLICABLE,,NOT_APPLICABLE,,VERIFIED,UNRESOLVED,,173271,UNRESOLVED,,no existing verified Player Research closure
player_season/1821,player_season,2022-23,,184386,,,NOT_APPLICABLE,,NOT_APPLICABLE,,NOT_APPLICABLE,,VERIFIED,UNRESOLVED,,184386,UNRESOLVED,,no existing verified Player Research closure
player_season/1822,player_season,2022-23,,244560,,,NOT_APPLICABLE,,NOT_APPLICABLE,,NOT_APPLICABLE,,VERIFIED,UNRESOLVED,,244560,UNRESOLVED,,no existing verified Player Research closure
player_season/1823,player_season,2022-23,,441191,,,NOT_APPLICABLE,,NOT_APPLICABLE,,NOT_APPLICABLE,,VERIFIED,UNRESOLVED,,441191,UNRESOLVED,,no existing verified Player Research closure
player_season/1824,player_season,2022-23,,450527,,,NOT_APPLICABLE,,NOT_APPLICABLE,,NOT_APPLICABLE,,VERIFIED,UNRESOLVED,,450527,UNRESOLVED,,no existing verified Player Research closure
player_season/1825,player_season,2022-23,,515571,,,NOT_APPLICABLE,,NOT_APPLICABLE,,NOT_APPLICABLE,,VERIFIED,UNRESOLVED,,515571,UNRESOLVED,,no existing verified Player Research closure
player_season/1826,player_season,2022-23,,171771,,,NOT_APPLICABLE,,NOT_APPLICABLE,,NOT_APPLICABLE,,VERIFIED,UNRESOLVED,,171771,UNRESOLVED,,no existing verified Player Research closure
player_season/1827,player_season,2022-23,,477386,,,NOT_APPLICABLE,,NOT_APPLICABLE,,NOT_APPLICABLE,,VERIFIED,UNRESOLVED,,477386,UNRESOLVED,,no existing verified Player Research closure
player_season/1828,player_season,2022-23,,154043,,,NOT_APPLICABLE,,NOT_APPLICABLE,,NOT_APPLICABLE,,VERIFIED,UNRESOLVED,,154043,UNRESOLVED,,no existing verified Player Research closure
player_season/1829,player_season,2022-23,,193204,,,NOT_APPLICABLE,,NOT_APPLICABLE,,NOT_APPLICABLE,,VERIFIED,UNRESOLVED,,193204,UNRESOLVED,,no existing verified Player Research closure
player_season/1830,player_season,2022-23,,101178,,,NOT_APPLICABLE,,NOT_APPLICABLE,,NOT_APPLICABLE,,VERIFIED,UNRESOLVED,,101178,UNRESOLVED,,no existing verified Player Research closure
player_season/1831,player_season,2022-23,,91047,,,NOT_APPLICABLE,,NOT_APPLICABLE,,NOT_APPLICABLE,,VERIFIED,UNRESOLVED,,91047,UNRESOLVED,,no existing verified Player Research closure
player_season/1832,player_season,2022-23,,431131,,,NOT_APPLICABLE,,NOT_APPLICABLE,,NOT_APPLICABLE,,VERIFIED,UNRESOLVED,,431131,UNRESOLVED,,no existing verified Player Research closure
player_season/1833,player_season,2022-23,,504783,,,NOT_APPLICABLE,,NOT_APPLICABLE,,NOT_APPLICABLE,,VERIFIED,UNRESOLVED,,504783,UNRESOLVED,,no existing verified Player Research closure
player_season/1834,player_season,2022-23,,96787,,,NOT_APPLICABLE,,NOT_APPLICABLE,,NOT_APPLICABLE,,VERIFIED,UNRESOLVED,,96787,UNRESOLVED,,no existing verified Player Research closure
player_season/1835,player_season,2022-23,,502697,,,NOT_APPLICABLE,,NOT_APPLICABLE,,NOT_APPLICABLE,,VERIFIED,UNRESOLVED,,502697,UNRESOLVED,,no existing verified Player Research closure
player_season/1836,player_season,2022-23,,240143,,,NOT_APPLICABLE,,NOT_APPLICABLE,,NOT_APPLICABLE,,VERIFIED,UNRESOLVED,,240143,UNRESOLVED,,no existing verified Player Research closure
player_season/1837,player_season,2022-23,,514356,,,NOT_APPLICABLE,,NOT_APPLICABLE,,NOT_APPLICABLE,,VERIFIED,UNRESOLVED,,514356,UNRESOLVED,,no existing verified Player Research closure
player_season/1838,player_season,2022-23,,494541,,,NOT_APPLICABLE,,NOT_APPLICABLE,,NOT_APPLICABLE,,VERIFIED,UNRESOLVED,,494541,UNRESOLVED,,no existing verified Player Research closure
player_season/1839,player_season,2022-23,,155511,,,NOT_APPLICABLE,,NOT_APPLICABLE,,NOT_APPLICABLE,,VERIFIED,UNRESOLVED,,155511,UNRESOLVED,,no existing verified Player Research closure
player_season/1840,player_season,2022-23,,200439,,,NOT_APPLICABLE,,NOT_APPLICABLE,,NOT_APPLICABLE,,VERIFIED,UNRESOLVED,,200439,UNRESOLVED,,no existing verified Player Research closure
player_season/1841,player_season,2022-23,,81205,,,NOT_APPLICABLE,,NOT_APPLICABLE,,NOT_APPLICABLE,,VERIFIED,UNRESOLVED,,81205,UNRESOLVED,,no existing verified Player Research closure
player_season/1842,player_season,2022-23,,147611,,,NOT_APPLICABLE,,NOT_APPLICABLE,,NOT_APPLICABLE,,VERIFIED,UNRESOLVED,,147611,UNRESOLVED,,no existing verified Player Research closure
player_season/1843,player_season,2022-23,,476888,,,NOT_APPLICABLE,,NOT_APPLICABLE,,NOT_APPLICABLE,,VERIFIED,UNRESOLVED,,476888,UNRESOLVED,,no existing verified Player Research closure
player_season/1844,player_season,2022-23,,490503,,,NOT_APPLICABLE,,NOT_APPLICABLE,,NOT_APPLICABLE,,VERIFIED,UNRESOLVED,,490503,UNRESOLVED,,no existing verified Player Research closure
player_season/1845,player_season,2022-23,,20467,,,NOT_APPLICABLE,,NOT_APPLICABLE,,NOT_APPLICABLE,,VERIFIED,UNRESOLVED,,20467,UNRESOLVED,,no existing verified Player Research closure
player_season/1846,player_season,2022-23,,494543,,,NOT_APPLICABLE,,NOT_APPLICABLE,,NOT_APPLICABLE,,VERIFIED,UNRESOLVED,,494543,UNRESOLVED,,no existing verified Player Research closure
player_season/1847,player_season,2022-23,,499724,,,NOT_APPLICABLE,,NOT_APPLICABLE,,NOT_APPLICABLE,,VERIFIED,UNRESOLVED,,499724,UNRESOLVED,,no existing verified Player Research closure
player_season/1848,player_season,2022-23,,37915,,,NOT_APPLICABLE,,NOT_APPLICABLE,,NOT_APPLICABLE,,VERIFIED,UNRESOLVED,,37915,UNRESOLVED,,no existing verified Player Research closure
player_season/1849,player_season,2022-23,,40383,,,NOT_APPLICABLE,,NOT_APPLICABLE,,NOT_APPLICABLE,,VERIFIED,UNRESOLVED,,40383,UNRESOLVED,,no existing verified Player Research closure
player_season/1850,player_season,2022-23,,214572,,,NOT_APPLICABLE,,NOT_APPLICABLE,,NOT_APPLICABLE,,VERIFIED,UNRESOLVED,,214572,UNRESOLVED,,no existing verified Player Research closure
player_season/1851,player_season,2022-23,,173904,,,NOT_APPLICABLE,,NOT_APPLICABLE,,NOT_APPLICABLE,,VERIFIED,UNRESOLVED,,173904,UNRESOLVED,,no existing verified Player Research closure
player_season/1852,player_season,2022-23,,241157,,,NOT_APPLICABLE,,NOT_APPLICABLE,,NOT_APPLICABLE,,VERIFIED,UNRESOLVED,,241157,UNRESOLVED,,no existing verified Player Research closure
player_season/1853,player_season,2022-23,,93264,,,NOT_APPLICABLE,,NOT_APPLICABLE,,NOT_APPLICABLE,,VERIFIED,UNRESOLVED,,93264,UNRESOLVED,,no existing verified Player Research closure
player_season/1854,player_season,2022-23,,221632,,,NOT_APPLICABLE,,NOT_APPLICABLE,,NOT_APPLICABLE,,VERIFIED,UNRESOLVED,,221632,UNRESOLVED,,no existing verified Player Research closure
player_season/1855,player_season,2022-23,,441164,,,NOT_APPLICABLE,,NOT_APPLICABLE,,NOT_APPLICABLE,,VERIFIED,UNRESOLVED,,441164,UNRESOLVED,,no existing verified Player Research closure
player_season/1856,player_season,2022-23,,232859,,,NOT_APPLICABLE,,NOT_APPLICABLE,,NOT_APPLICABLE,,VERIFIED,UNRESOLVED,,232859,UNRESOLVED,,no existing verified Player Research closure
player_season/1857,player_season,2022-23,,199584,,,NOT_APPLICABLE,,NOT_APPLICABLE,,NOT_APPLICABLE,,VERIFIED,UNRESOLVED,,199584,UNRESOLVED,,no existing verified Player Research closure
player_season/1858,player_season,2022-23,,115556,,,NOT_APPLICABLE,,NOT_APPLICABLE,,NOT_APPLICABLE,,VERIFIED,UNRESOLVED,,115556,UNRESOLVED,,no existing verified Player Research closure
player_season/1859,player_season,2022-23,,171101,,,NOT_APPLICABLE,,NOT_APPLICABLE,,NOT_APPLICABLE,,VERIFIED,UNRESOLVED,,171101,UNRESOLVED,,no existing verified Player Research closure
player_season/1860,player_season,2022-23,,209042,,,NOT_APPLICABLE,,NOT_APPLICABLE,,NOT_APPLICABLE,,VERIFIED,UNRESOLVED,,209042,UNRESOLVED,,no existing verified Player Research closure
player_season/1861,player_season,2022-23,,132015,,,NOT_APPLICABLE,,NOT_APPLICABLE,,NOT_APPLICABLE,,VERIFIED,UNRESOLVED,,132015,UNRESOLVED,,no existing verified Player Research closure
player_season/1862,player_season,2022-23,,45034,,,NOT_APPLICABLE,,NOT_APPLICABLE,,NOT_APPLICABLE,,VERIFIED,UNRESOLVED,,45034,UNRESOLVED,,no existing verified Player Research closure
player_season/1863,player_season,2022-23,,220307,,,NOT_APPLICABLE,,NOT_APPLICABLE,,NOT_APPLICABLE,,VERIFIED,UNRESOLVED,,220307,UNRESOLVED,,no existing verified Player Research closure
player_season/1864,player_season,2022-23,,184349,,,NOT_APPLICABLE,,NOT_APPLICABLE,,NOT_APPLICABLE,,VERIFIED,UNRESOLVED,,184349,UNRESOLVED,,no existing verified Player Research closure
player_season/1865,player_season,2022-23,,445044,,,NOT_APPLICABLE,,NOT_APPLICABLE,,NOT_APPLICABLE,,VERIFIED,UNRESOLVED,,445044,UNRESOLVED,,no existing verified Player Research closure
player_season/1866,player_season,2022-23,,482442,,,NOT_APPLICABLE,,NOT_APPLICABLE,,NOT_APPLICABLE,,VERIFIED,UNRESOLVED,,482442,UNRESOLVED,,no existing verified Player Research closure
player_season/1867,player_season,2022-23,,202993,,,NOT_APPLICABLE,,NOT_APPLICABLE,,NOT_APPLICABLE,,VERIFIED,UNRESOLVED,,202993,UNRESOLVED,,no existing verified Player Research closure
player_season/1868,player_season,2022-23,,227127,,,NOT_APPLICABLE,,NOT_APPLICABLE,,NOT_APPLICABLE,,VERIFIED,UNRESOLVED,,227127,UNRESOLVED,,no existing verified Player Research closure
player_season/1869,player_season,2022-23,,448791,,,NOT_APPLICABLE,,NOT_APPLICABLE,,NOT_APPLICABLE,,VERIFIED,UNRESOLVED,,448791,UNRESOLVED,,no existing verified Player Research closure
player_season/1870,player_season,2022-23,,496179,,,NOT_APPLICABLE,,NOT_APPLICABLE,,NOT_APPLICABLE,,VERIFIED,UNRESOLVED,,496179,UNRESOLVED,,no existing verified Player Research closure
player_season/1871,player_season,2022-23,,461201,,,NOT_APPLICABLE,,NOT_APPLICABLE,,NOT_APPLICABLE,,VERIFIED,UNRESOLVED,,461201,UNRESOLVED,,no existing verified Player Research closure
player_season/1872,player_season,2022-23,,461199,,,NOT_APPLICABLE,,NOT_APPLICABLE,,NOT_APPLICABLE,,VERIFIED,UNRESOLVED,,461199,UNRESOLVED,,no existing verified Player Research closure
player_season/1873,player_season,2022-23,,519327,,,NOT_APPLICABLE,,NOT_APPLICABLE,,NOT_APPLICABLE,,VERIFIED,UNRESOLVED,,519327,UNRESOLVED,,no existing verified Player Research closure
player_season/1874,player_season,2022-23,,85971,,,NOT_APPLICABLE,,NOT_APPLICABLE,,NOT_APPLICABLE,,VERIFIED,UNRESOLVED,,85971,UNRESOLVED,,no existing verified Player Research closure
player_season/1875,player_season,2022-23,,212319,,,NOT_APPLICABLE,,NOT_APPLICABLE,,NOT_APPLICABLE,,VERIFIED,UNRESOLVED,,212319,UNRESOLVED,,no existing verified Player Research closure
player_season/1876,player_season,2022-23,,78830,,,NOT_APPLICABLE,,NOT_APPLICABLE,,NOT_APPLICABLE,,VERIFIED,UNRESOLVED,,78830,UNRESOLVED,,no existing verified Player Research closure
player_season/1877,player_season,2022-23,,436234,,,NOT_APPLICABLE,,NOT_APPLICABLE,,NOT_APPLICABLE,,VERIFIED,UNRESOLVED,,436234,UNRESOLVED,,no existing verified Player Research closure
player_season/1878,player_season,2022-23,,95715,,,NOT_APPLICABLE,,NOT_APPLICABLE,,NOT_APPLICABLE,,VERIFIED,UNRESOLVED,,95715,UNRESOLVED,,no existing verified Player Research closure
player_season/1879,player_season,2022-23,,492779,,,NOT_APPLICABLE,,NOT_APPLICABLE,,NOT_APPLICABLE,,VERIFIED,UNRESOLVED,,492779,UNRESOLVED,,no existing verified Player Research closure
player_season/1880,player_season,2022-23,,37096,,,NOT_APPLICABLE,,NOT_APPLICABLE,,NOT_APPLICABLE,,VERIFIED,UNRESOLVED,,37096,UNRESOLVED,,no existing verified Player Research closure
player_season/1881,player_season,2022-23,,84182,,,NOT_APPLICABLE,,NOT_APPLICABLE,,NOT_APPLICABLE,,VERIFIED,UNRESOLVED,,84182,UNRESOLVED,,no existing verified Player Research closure
player_season/1882,player_season,2022-23,,483364,,,NOT_APPLICABLE,,NOT_APPLICABLE,,NOT_APPLICABLE,,VERIFIED,UNRESOLVED,,483364,UNRESOLVED,,no existing verified Player Research closure
player_season/1883,player_season,2022-23,,447879,,,NOT_APPLICABLE,,NOT_APPLICABLE,,NOT_APPLICABLE,,VERIFIED,UNRESOLVED,,447879,UNRESOLVED,,no existing verified Player Research closure
player_season/1884,player_season,2022-23,,222018,,,NOT_APPLICABLE,,NOT_APPLICABLE,,NOT_APPLICABLE,,VERIFIED,UNRESOLVED,,222018,UNRESOLVED,,no existing verified Player Research closure
player_season/1885,player_season,2022-23,,55459,,,NOT_APPLICABLE,,NOT_APPLICABLE,,NOT_APPLICABLE,,VERIFIED,UNRESOLVED,,55459,UNRESOLVED,,no existing verified Player Research closure
player_season/1886,player_season,2022-23,,103192,,,NOT_APPLICABLE,,NOT_APPLICABLE,,NOT_APPLICABLE,,VERIFIED,UNRESOLVED,,103192,UNRESOLVED,,no existing verified Player Research closure
player_season/1887,player_season,2022-23,,164555,,,NOT_APPLICABLE,,NOT_APPLICABLE,,NOT_APPLICABLE,,VERIFIED,UNRESOLVED,,164555,UNRESOLVED,,no existing verified Player Research closure
player_season/1888,player_season,2022-23,,40669,,,NOT_APPLICABLE,,NOT_APPLICABLE,,NOT_APPLICABLE,,VERIFIED,UNRESOLVED,,40669,UNRESOLVED,,no existing verified Player Research closure
player_season/1889,player_season,2022-23,,201057,,,NOT_APPLICABLE,,NOT_APPLICABLE,,NOT_APPLICABLE,,VERIFIED,UNRESOLVED,,201057,UNRESOLVED,,no existing verified Player Research closure
player_season/1890,player_season,2022-23,,210494,,,NOT_APPLICABLE,,NOT_APPLICABLE,,NOT_APPLICABLE,,VERIFIED,UNRESOLVED,,210494,UNRESOLVED,,no existing verified Player Research closure
player_season/1891,player_season,2022-23,,109533,,,NOT_APPLICABLE,,NOT_APPLICABLE,,NOT_APPLICABLE,,VERIFIED,UNRESOLVED,,109533,UNRESOLVED,,no existing verified Player Research closure
player_season/1892,player_season,2022-23,,518438,,,NOT_APPLICABLE,,NOT_APPLICABLE,,NOT_APPLICABLE,,VERIFIED,UNRESOLVED,,518438,UNRESOLVED,,no existing verified Player Research closure
player_season/1893,player_season,2022-23,,180151,,,NOT_APPLICABLE,,NOT_APPLICABLE,,NOT_APPLICABLE,,VERIFIED,UNRESOLVED,,180151,UNRESOLVED,,no existing verified Player Research closure
player_season/1894,player_season,2022-23,,217593,,,NOT_APPLICABLE,,NOT_APPLICABLE,,NOT_APPLICABLE,,VERIFIED,UNRESOLVED,,217593,UNRESOLVED,,no existing verified Player Research closure
player_season/1895,player_season,2022-23,,224024,,,NOT_APPLICABLE,,NOT_APPLICABLE,,NOT_APPLICABLE,,VERIFIED,UNRESOLVED,,224024,UNRESOLVED,,no existing verified Player Research closure
player_season/1896,player_season,2022-23,,86934,,,NOT_APPLICABLE,,NOT_APPLICABLE,,NOT_APPLICABLE,,VERIFIED,UNRESOLVED,,86934,UNRESOLVED,,no existing verified Player Research closure
player_season/1897,player_season,2022-23,,220585,,,NOT_APPLICABLE,,NOT_APPLICABLE,,NOT_APPLICABLE,,VERIFIED,UNRESOLVED,,220585,UNRESOLVED,,no existing verified Player Research closure
player_season/1898,player_season,2022-23,,215439,,,NOT_APPLICABLE,,NOT_APPLICABLE,,NOT_APPLICABLE,,VERIFIED,UNRESOLVED,,215439,UNRESOLVED,,no existing verified Player Research closure
player_season/1899,player_season,2022-23,,222017,,,NOT_APPLICABLE,,NOT_APPLICABLE,,NOT_APPLICABLE,,VERIFIED,UNRESOLVED,,222017,UNRESOLVED,,no existing verified Player Research closure
player_season/1900,player_season,2022-23,,204480,,,NOT_APPLICABLE,,NOT_APPLICABLE,,NOT_APPLICABLE,,VERIFIED,UNRESOLVED,,204480,UNRESOLVED,,no existing verified Player Research closure
player_season/1901,player_season,2022-23,,57531,,,NOT_APPLICABLE,,NOT_APPLICABLE,,NOT_APPLICABLE,,VERIFIED,UNRESOLVED,,57531,UNRESOLVED,,no existing verified Player Research closure
player_season/1902,player_season,2022-23,,195899,,,NOT_APPLICABLE,,NOT_APPLICABLE,,NOT_APPLICABLE,,VERIFIED,UNRESOLVED,,195899,UNRESOLVED,,no existing verified Player Research closure
player_season/1903,player_season,2022-23,,149519,,,NOT_APPLICABLE,,NOT_APPLICABLE,,NOT_APPLICABLE,,VERIFIED,UNRESOLVED,,149519,UNRESOLVED,,no existing verified Player Research closure
player_season/1904,player_season,2022-23,,84939,,,NOT_APPLICABLE,,NOT_APPLICABLE,,NOT_APPLICABLE,,VERIFIED,UNRESOLVED,,84939,UNRESOLVED,,no existing verified Player Research closure
player_season/1905,player_season,2022-23,,178186,,,NOT_APPLICABLE,,NOT_APPLICABLE,,NOT_APPLICABLE,,VERIFIED,UNRESOLVED,,178186,UNRESOLVED,,no existing verified Player Research closure
player_season/1906,player_season,2022-23,,172841,,,NOT_APPLICABLE,,NOT_APPLICABLE,,NOT_APPLICABLE,,VERIFIED,UNRESOLVED,,172841,UNRESOLVED,,no existing verified Player Research closure
player_season/1907,player_season,2022-23,,487837,,,NOT_APPLICABLE,,NOT_APPLICABLE,,NOT_APPLICABLE,,VERIFIED,UNRESOLVED,,487837,UNRESOLVED,,no existing verified Player Research closure
player_season/1908,player_season,2022-23,,149065,,,NOT_APPLICABLE,,NOT_APPLICABLE,,NOT_APPLICABLE,,VERIFIED,UNRESOLVED,,149065,UNRESOLVED,,no existing verified Player Research closure
player_season/1909,player_season,2022-23,,216208,,,NOT_APPLICABLE,,NOT_APPLICABLE,,NOT_APPLICABLE,,VERIFIED,UNRESOLVED,,216208,UNRESOLVED,,no existing verified Player Research closure
player_season/1910,player_season,2022-23,,79602,,,NOT_APPLICABLE,,NOT_APPLICABLE,,NOT_APPLICABLE,,VERIFIED,UNRESOLVED,,79602,UNRESOLVED,,no existing verified Player Research closure
player_season/1911,player_season,2022-23,,448514,,,NOT_APPLICABLE,,NOT_APPLICABLE,,NOT_APPLICABLE,,VERIFIED,UNRESOLVED,,448514,UNRESOLVED,,no existing verified Player Research closure
player_season/1912,player_season,2022-23,,432830,,,NOT_APPLICABLE,,NOT_APPLICABLE,,NOT_APPLICABLE,,VERIFIED,UNRESOLVED,,432830,UNRESOLVED,,no existing verified Player Research closure
player_season/1913,player_season,2022-23,,60232,,,NOT_APPLICABLE,,NOT_APPLICABLE,,NOT_APPLICABLE,,VERIFIED,UNRESOLVED,,60232,UNRESOLVED,,no existing verified Player Research closure
player_season/1914,player_season,2022-23,,94147,,,NOT_APPLICABLE,,NOT_APPLICABLE,,NOT_APPLICABLE,,VERIFIED,UNRESOLVED,,94147,UNRESOLVED,,no existing verified Player Research closure
player_season/1915,player_season,2022-23,,114128,,,NOT_APPLICABLE,,NOT_APPLICABLE,,NOT_APPLICABLE,,VERIFIED,UNRESOLVED,,114128,UNRESOLVED,,no existing verified Player Research closure
player_season/1916,player_season,2022-23,,200402,,,NOT_APPLICABLE,,NOT_APPLICABLE,,NOT_APPLICABLE,,VERIFIED,UNRESOLVED,,200402,UNRESOLVED,,no existing verified Player Research closure
player_season/1917,player_season,2022-23,,214048,,,NOT_APPLICABLE,,NOT_APPLICABLE,,NOT_APPLICABLE,,VERIFIED,UNRESOLVED,,214048,UNRESOLVED,,no existing verified Player Research closure
player_season/1918,player_season,2022-23,,510362,,,NOT_APPLICABLE,,NOT_APPLICABLE,,NOT_APPLICABLE,,VERIFIED,UNRESOLVED,,510362,UNRESOLVED,,no existing verified Player Research closure
player_season/1919,player_season,2022-23,,490721,,,NOT_APPLICABLE,,NOT_APPLICABLE,,NOT_APPLICABLE,,VERIFIED,UNRESOLVED,,490721,UNRESOLVED,,no existing verified Player Research closure
player_season/1920,player_season,2022-23,,492776,,,NOT_APPLICABLE,,NOT_APPLICABLE,,NOT_APPLICABLE,,VERIFIED,UNRESOLVED,,492776,UNRESOLVED,,no existing verified Player Research closure
player_season/1921,player_season,2022-23,,151086,,,NOT_APPLICABLE,,NOT_APPLICABLE,,NOT_APPLICABLE,,VERIFIED,UNRESOLVED,,151086,UNRESOLVED,,no existing verified Player Research closure
player_season/1922,player_season,2022-23,,476502,,,NOT_APPLICABLE,,NOT_APPLICABLE,,NOT_APPLICABLE,,VERIFIED,UNRESOLVED,,476502,UNRESOLVED,,no existing verified Player Research closure
player_season/1923,player_season,2022-23,,171317,,,NOT_APPLICABLE,,NOT_APPLICABLE,,NOT_APPLICABLE,,VERIFIED,UNRESOLVED,,171317,UNRESOLVED,,no existing verified Player Research closure
player_season/1924,player_season,2022-23,,200600,,,NOT_APPLICABLE,,NOT_APPLICABLE,,NOT_APPLICABLE,,VERIFIED,UNRESOLVED,,200600,UNRESOLVED,,no existing verified Player Research closure
player_season/1925,player_season,2022-23,,88484,,,NOT_APPLICABLE,,NOT_APPLICABLE,,NOT_APPLICABLE,,VERIFIED,UNRESOLVED,,88484,UNRESOLVED,,no existing verified Player Research closure
player_season/1926,player_season,2022-23,,465351,,,NOT_APPLICABLE,,NOT_APPLICABLE,,NOT_APPLICABLE,,VERIFIED,UNRESOLVED,,465351,UNRESOLVED,,no existing verified Player Research closure
player_season/1927,player_season,2022-23,,19624,,,NOT_APPLICABLE,,NOT_APPLICABLE,,NOT_APPLICABLE,,VERIFIED,UNRESOLVED,,19624,UNRESOLVED,,no existing verified Player Research closure
player_season/1928,player_season,2022-23,,448089,,,NOT_APPLICABLE,,NOT_APPLICABLE,,NOT_APPLICABLE,,VERIFIED,UNRESOLVED,,448089,UNRESOLVED,,no existing verified Player Research closure
player_season/1929,player_season,2022-23,,245923,,,NOT_APPLICABLE,,NOT_APPLICABLE,,NOT_APPLICABLE,,VERIFIED,UNRESOLVED,,245923,UNRESOLVED,,no existing verified Player Research closure
player_season/1930,player_season,2022-23,,240299,,,NOT_APPLICABLE,,NOT_APPLICABLE,,NOT_APPLICABLE,,VERIFIED,UNRESOLVED,,240299,UNRESOLVED,,no existing verified Player Research closure
player_season/1931,player_season,2022-23,,449133,,,NOT_APPLICABLE,,NOT_APPLICABLE,,NOT_APPLICABLE,,VERIFIED,UNRESOLVED,,449133,UNRESOLVED,,no existing verified Player Research closure
player_season/1932,player_season,2022-23,,247632,,,NOT_APPLICABLE,,NOT_APPLICABLE,,NOT_APPLICABLE,,VERIFIED,UNRESOLVED,,247632,UNRESOLVED,,no existing verified Player Research closure
player_season/1933,player_season,2022-23,,102057,,,NOT_APPLICABLE,,NOT_APPLICABLE,,NOT_APPLICABLE,,VERIFIED,UNRESOLVED,,102057,UNRESOLVED,,no existing verified Player Research closure
player_season/1934,player_season,2022-23,,184754,,,NOT_APPLICABLE,,NOT_APPLICABLE,,NOT_APPLICABLE,,VERIFIED,UNRESOLVED,,184754,UNRESOLVED,,no existing verified Player Research closure
player_season/1935,player_season,2022-23,,430871,,,NOT_APPLICABLE,,NOT_APPLICABLE,,NOT_APPLICABLE,,VERIFIED,UNRESOLVED,,430871,UNRESOLVED,,no existing verified Player Research closure
player_season/1936,player_season,2022-23,,181284,,,NOT_APPLICABLE,,NOT_APPLICABLE,,NOT_APPLICABLE,,VERIFIED,UNRESOLVED,,181284,UNRESOLVED,,no existing verified Player Research closure
player_season/1937,player_season,2022-23,,429414,,,NOT_APPLICABLE,,NOT_APPLICABLE,,NOT_APPLICABLE,,VERIFIED,UNRESOLVED,,429414,UNRESOLVED,,no existing verified Player Research closure
player_season/1938,player_season,2022-23,,18507,,,NOT_APPLICABLE,,NOT_APPLICABLE,,NOT_APPLICABLE,,VERIFIED,UNRESOLVED,,18507,UNRESOLVED,,no existing verified Player Research closure
player_season/1939,player_season,2022-23,,159533,,,NOT_APPLICABLE,,NOT_APPLICABLE,,NOT_APPLICABLE,,VERIFIED,UNRESOLVED,,159533,UNRESOLVED,,no existing verified Player Research closure
player_season/1940,player_season,2022-23,,531363,,,NOT_APPLICABLE,,NOT_APPLICABLE,,NOT_APPLICABLE,,VERIFIED,UNRESOLVED,,531363,UNRESOLVED,,no existing verified Player Research closure
player_season/1941,player_season,2023-24,,462492,,,NOT_APPLICABLE,,NOT_APPLICABLE,,NOT_APPLICABLE,,VERIFIED,UNRESOLVED,,462492,UNRESOLVED,,no existing verified Player Research closure
player_season/1942,player_season,2023-24,,98980,,,NOT_APPLICABLE,,NOT_APPLICABLE,,NOT_APPLICABLE,,VERIFIED,UNRESOLVED,,98980,UNRESOLVED,,no existing verified Player Research closure
player_season/1943,player_season,2023-24,,111782,,,NOT_APPLICABLE,,NOT_APPLICABLE,,NOT_APPLICABLE,,VERIFIED,UNRESOLVED,,111782,UNRESOLVED,,no existing verified Player Research closure
player_season/1944,player_season,2023-24,,462381,,,NOT_APPLICABLE,,NOT_APPLICABLE,,NOT_APPLICABLE,,VERIFIED,UNRESOLVED,,462381,UNRESOLVED,,no existing verified Player Research closure
player_season/1945,player_season,2023-24,,516159,,,NOT_APPLICABLE,,NOT_APPLICABLE,,NOT_APPLICABLE,,VERIFIED,UNRESOLVED,,516159,UNRESOLVED,,no existing verified Player Research closure
player_season/1946,player_season,2023-24,,564505,,,NOT_APPLICABLE,,NOT_APPLICABLE,,NOT_APPLICABLE,,VERIFIED,UNRESOLVED,,564505,UNRESOLVED,,no existing verified Player Research closure
player_season/1947,player_season,2023-24,,646754,,,NOT_APPLICABLE,,NOT_APPLICABLE,,NOT_APPLICABLE,,VERIFIED,UNRESOLVED,,646754,UNRESOLVED,,no existing verified Player Research closure
player_season/1948,player_season,2023-24,,481283,,,NOT_APPLICABLE,,NOT_APPLICABLE,,NOT_APPLICABLE,,VERIFIED,UNRESOLVED,,481283,UNRESOLVED,,no existing verified Player Research closure
player_season/1949,player_season,2023-24,,199796,,,NOT_APPLICABLE,,NOT_APPLICABLE,,NOT_APPLICABLE,,VERIFIED,UNRESOLVED,,199796,UNRESOLVED,,no existing verified Player Research closure
player_season/1950,player_season,2023-24,,165659,,,NOT_APPLICABLE,,NOT_APPLICABLE,,NOT_APPLICABLE,,VERIFIED,UNRESOLVED,,165659,UNRESOLVED,,no existing verified Player Research closure
player_season/1951,player_season,2023-24,,199798,,,NOT_APPLICABLE,,NOT_APPLICABLE,,NOT_APPLICABLE,,VERIFIED,UNRESOLVED,,199798,UNRESOLVED,,no existing verified Player Research closure
player_season/1952,player_season,2023-24,,149484,,,NOT_APPLICABLE,,NOT_APPLICABLE,,NOT_APPLICABLE,,VERIFIED,UNRESOLVED,,149484,UNRESOLVED,,no existing verified Player Research closure
player_season/1953,player_season,2023-24,,101188,,,NOT_APPLICABLE,,NOT_APPLICABLE,,NOT_APPLICABLE,,VERIFIED,UNRESOLVED,,101188,UNRESOLVED,,no existing verified Player Research closure
player_season/1954,player_season,2023-24,,244954,,,NOT_APPLICABLE,,NOT_APPLICABLE,,NOT_APPLICABLE,,VERIFIED,UNRESOLVED,,244954,UNRESOLVED,,no existing verified Player Research closure
player_season/1955,player_season,2023-24,,106468,,,NOT_APPLICABLE,,NOT_APPLICABLE,,NOT_APPLICABLE,,VERIFIED,UNRESOLVED,,106468,UNRESOLVED,,no existing verified Player Research closure
player_season/1956,player_season,2023-24,,101184,,,NOT_APPLICABLE,,NOT_APPLICABLE,,NOT_APPLICABLE,,VERIFIED,UNRESOLVED,,101184,UNRESOLVED,,no existing verified Player Research closure
player_season/1957,player_season,2023-24,,171101,,,NOT_APPLICABLE,,NOT_APPLICABLE,,NOT_APPLICABLE,,VERIFIED,UNRESOLVED,,171101,UNRESOLVED,,no existing verified Player Research closure
player_season/1958,player_season,2023-24,,465390,,,NOT_APPLICABLE,,NOT_APPLICABLE,,NOT_APPLICABLE,,VERIFIED,UNRESOLVED,,465390,UNRESOLVED,,no existing verified Player Research closure
player_season/1959,player_season,2023-24,,521966,,,NOT_APPLICABLE,,NOT_APPLICABLE,,NOT_APPLICABLE,,VERIFIED,UNRESOLVED,,521966,UNRESOLVED,,no existing verified Player Research closure
player_season/1960,player_season,2023-24,,230046,,,NOT_APPLICABLE,,NOT_APPLICABLE,,NOT_APPLICABLE,,VERIFIED,UNRESOLVED,,230046,UNRESOLVED,,no existing verified Player Research closure
player_season/1961,player_season,2023-24,,122806,,,NOT_APPLICABLE,,NOT_APPLICABLE,,NOT_APPLICABLE,,VERIFIED,UNRESOLVED,,122806,UNRESOLVED,,no existing verified Player Research closure
player_season/1962,player_season,2023-24,,166989,,,NOT_APPLICABLE,,NOT_APPLICABLE,,NOT_APPLICABLE,,VERIFIED,UNRESOLVED,,166989,UNRESOLVED,,no existing verified Player Research closure
player_season/1963,player_season,2023-24,,245414,,,NOT_APPLICABLE,,NOT_APPLICABLE,,NOT_APPLICABLE,,VERIFIED,UNRESOLVED,,245414,UNRESOLVED,,no existing verified Player Research closure
player_season/1964,player_season,2023-24,,84583,,,NOT_APPLICABLE,,NOT_APPLICABLE,,NOT_APPLICABLE,,VERIFIED,UNRESOLVED,,84583,UNRESOLVED,,no existing verified Player Research closure
player_season/1965,player_season,2023-24,,215711,,,NOT_APPLICABLE,,NOT_APPLICABLE,,NOT_APPLICABLE,,VERIFIED,UNRESOLVED,,215711,UNRESOLVED,,no existing verified Player Research closure
player_season/1966,player_season,2023-24,,151589,,,NOT_APPLICABLE,,NOT_APPLICABLE,,NOT_APPLICABLE,,VERIFIED,UNRESOLVED,,151589,UNRESOLVED,,no existing verified Player Research closure
player_season/1967,player_season,2023-24,,232653,,,NOT_APPLICABLE,,NOT_APPLICABLE,,NOT_APPLICABLE,,VERIFIED,UNRESOLVED,,232653,UNRESOLVED,,no existing verified Player Research closure
player_season/1968,player_season,2023-24,,226944,,,NOT_APPLICABLE,,NOT_APPLICABLE,,NOT_APPLICABLE,,VERIFIED,UNRESOLVED,,226944,UNRESOLVED,,no existing verified Player Research closure
player_season/1969,player_season,2023-24,,490094,,,NOT_APPLICABLE,,NOT_APPLICABLE,,NOT_APPLICABLE,,VERIFIED,UNRESOLVED,,490094,UNRESOLVED,,no existing verified Player Research closure
player_season/1970,player_season,2023-24,,549068,,,NOT_APPLICABLE,,NOT_APPLICABLE,,NOT_APPLICABLE,,VERIFIED,UNRESOLVED,,549068,UNRESOLVED,,no existing verified Player Research closure
player_season/1971,player_season,2023-24,,476344,,,NOT_APPLICABLE,,NOT_APPLICABLE,,NOT_APPLICABLE,,VERIFIED,UNRESOLVED,,476344,UNRESOLVED,,no existing verified Player Research closure
player_season/1972,player_season,2023-24,,178301,,,NOT_APPLICABLE,,NOT_APPLICABLE,,NOT_APPLICABLE,,VERIFIED,UNRESOLVED,,178301,UNRESOLVED,,no existing verified Player Research closure
player_season/1973,player_season,2023-24,,243557,,,NOT_APPLICABLE,,NOT_APPLICABLE,,NOT_APPLICABLE,,VERIFIED,UNRESOLVED,,243557,UNRESOLVED,,no existing verified Player Research closure
player_season/1974,player_season,2023-24,,244850,,,NOT_APPLICABLE,,NOT_APPLICABLE,,NOT_APPLICABLE,,VERIFIED,UNRESOLVED,,244850,UNRESOLVED,,no existing verified Player Research closure
player_season/1975,player_season,2023-24,,537403,,,NOT_APPLICABLE,,NOT_APPLICABLE,,NOT_APPLICABLE,,VERIFIED,UNRESOLVED,,537403,UNRESOLVED,,no existing verified Player Research closure
player_season/1976,player_season,2023-24,,225321,,,NOT_APPLICABLE,,NOT_APPLICABLE,,NOT_APPLICABLE,,VERIFIED,UNRESOLVED,,225321,UNRESOLVED,,no existing verified Player Research closure
player_season/1977,player_season,2023-24,,154561,,,NOT_APPLICABLE,,NOT_APPLICABLE,,NOT_APPLICABLE,,VERIFIED,UNRESOLVED,,154561,UNRESOLVED,,no existing verified Player Research closure
player_season/1978,player_season,2023-24,,463748,,,NOT_APPLICABLE,,NOT_APPLICABLE,,NOT_APPLICABLE,,VERIFIED,UNRESOLVED,,463748,UNRESOLVED,,no existing verified Player Research closure
player_season/1979,player_season,2023-24,,437626,,,NOT_APPLICABLE,,NOT_APPLICABLE,,NOT_APPLICABLE,,VERIFIED,UNRESOLVED,,437626,UNRESOLVED,,no existing verified Player Research closure
player_season/1980,player_season,2023-24,,462424,,,NOT_APPLICABLE,,NOT_APPLICABLE,,NOT_APPLICABLE,,VERIFIED,UNRESOLVED,,462424,UNRESOLVED,,no existing verified Player Research closure
player_season/1981,player_season,2023-24,,198869,,,NOT_APPLICABLE,,NOT_APPLICABLE,,NOT_APPLICABLE,,VERIFIED,UNRESOLVED,,198869,UNRESOLVED,,no existing verified Player Research closure
player_season/1982,player_season,2023-24,,226597,,,NOT_APPLICABLE,,NOT_APPLICABLE,,NOT_APPLICABLE,,VERIFIED,UNRESOLVED,,226597,UNRESOLVED,,no existing verified Player Research closure
player_season/1983,player_season,2023-24,,445122,,,NOT_APPLICABLE,,NOT_APPLICABLE,,NOT_APPLICABLE,,VERIFIED,UNRESOLVED,,445122,UNRESOLVED,,no existing verified Player Research closure
player_season/1984,player_season,2023-24,,440854,,,NOT_APPLICABLE,,NOT_APPLICABLE,,NOT_APPLICABLE,,VERIFIED,UNRESOLVED,,440854,UNRESOLVED,,no existing verified Player Research closure
player_season/1985,player_season,2023-24,,206325,,,NOT_APPLICABLE,,NOT_APPLICABLE,,NOT_APPLICABLE,,VERIFIED,UNRESOLVED,,206325,UNRESOLVED,,no existing verified Player Research closure
player_season/1986,player_season,2023-24,,58822,,,NOT_APPLICABLE,,NOT_APPLICABLE,,NOT_APPLICABLE,,VERIFIED,UNRESOLVED,,58822,UNRESOLVED,,no existing verified Player Research closure
player_season/1987,player_season,2023-24,,223723,,,NOT_APPLICABLE,,NOT_APPLICABLE,,NOT_APPLICABLE,,VERIFIED,UNRESOLVED,,223723,UNRESOLVED,,no existing verified Player Research closure
player_season/1988,player_season,2023-24,,503308,,,NOT_APPLICABLE,,NOT_APPLICABLE,,NOT_APPLICABLE,,VERIFIED,UNRESOLVED,,503308,UNRESOLVED,,no existing verified Player Research closure
player_season/1989,player_season,2023-24,,535262,,,NOT_APPLICABLE,,NOT_APPLICABLE,,NOT_APPLICABLE,,VERIFIED,UNRESOLVED,,535262,UNRESOLVED,,no existing verified Player Research closure
player_season/1990,player_season,2023-24,,167199,,,NOT_APPLICABLE,,NOT_APPLICABLE,,NOT_APPLICABLE,,VERIFIED,UNRESOLVED,,167199,UNRESOLVED,,no existing verified Player Research closure
player_season/1991,player_season,2023-24,,184029,,,NOT_APPLICABLE,,NOT_APPLICABLE,,NOT_APPLICABLE,,VERIFIED,UNRESOLVED,,184029,UNRESOLVED,,no existing verified Player Research closure
player_season/1992,player_season,2023-24,,209289,,,NOT_APPLICABLE,,NOT_APPLICABLE,,NOT_APPLICABLE,,VERIFIED,UNRESOLVED,,209289,UNRESOLVED,,no existing verified Player Research closure
player_season/1993,player_season,2023-24,,85955,,,NOT_APPLICABLE,,NOT_APPLICABLE,,NOT_APPLICABLE,,VERIFIED,UNRESOLVED,,85955,UNRESOLVED,,no existing verified Player Research closure
player_season/1994,player_season,2023-24,,438098,,,NOT_APPLICABLE,,NOT_APPLICABLE,,NOT_APPLICABLE,,VERIFIED,UNRESOLVED,,438098,UNRESOLVED,,no existing verified Player Research closure
player_season/1995,player_season,2023-24,,437742,,,NOT_APPLICABLE,,NOT_APPLICABLE,,NOT_APPLICABLE,,VERIFIED,UNRESOLVED,,437742,UNRESOLVED,,no existing verified Player Research closure
player_season/1996,player_season,2023-24,,153256,,,NOT_APPLICABLE,,NOT_APPLICABLE,,NOT_APPLICABLE,,VERIFIED,UNRESOLVED,,153256,UNRESOLVED,,no existing verified Player Research closure
player_season/1997,player_season,2023-24,,504751,,,NOT_APPLICABLE,,NOT_APPLICABLE,,NOT_APPLICABLE,,VERIFIED,UNRESOLVED,,504751,UNRESOLVED,,no existing verified Player Research closure
player_season/1998,player_season,2023-24,,204480,,,NOT_APPLICABLE,,NOT_APPLICABLE,,NOT_APPLICABLE,,VERIFIED,UNRESOLVED,,204480,UNRESOLVED,,no existing verified Player Research closure
player_season/1999,player_season,2023-24,,499169,,,NOT_APPLICABLE,,NOT_APPLICABLE,,NOT_APPLICABLE,,VERIFIED,UNRESOLVED,,499169,UNRESOLVED,,no existing verified Player Research closure
player_season/2000,player_season,2023-24,,499175,,,NOT_APPLICABLE,,NOT_APPLICABLE,,NOT_APPLICABLE,,VERIFIED,UNRESOLVED,,499175,UNRESOLVED,,no existing verified Player Research closure
player_season/2001,player_season,2023-24,,223340,,,NOT_APPLICABLE,,NOT_APPLICABLE,,NOT_APPLICABLE,,VERIFIED,UNRESOLVED,,223340,UNRESOLVED,,no existing verified Player Research closure
player_season/2002,player_season,2023-24,,205651,,,NOT_APPLICABLE,,NOT_APPLICABLE,,NOT_APPLICABLE,,VERIFIED,UNRESOLVED,,205651,UNRESOLVED,,no existing verified Player Research closure
player_season/2003,player_season,2023-24,,444145,,,NOT_APPLICABLE,,NOT_APPLICABLE,,NOT_APPLICABLE,,VERIFIED,UNRESOLVED,,444145,UNRESOLVED,,no existing verified Player Research closure
player_season/2004,player_season,2023-24,,205533,,,NOT_APPLICABLE,,NOT_APPLICABLE,,NOT_APPLICABLE,,VERIFIED,UNRESOLVED,,205533,UNRESOLVED,,no existing verified Player Research closure
player_season/2005,player_season,2023-24,,116216,,,NOT_APPLICABLE,,NOT_APPLICABLE,,NOT_APPLICABLE,,VERIFIED,UNRESOLVED,,116216,UNRESOLVED,,no existing verified Player Research closure
player_season/2006,player_season,2023-24,,200641,,,NOT_APPLICABLE,,NOT_APPLICABLE,,NOT_APPLICABLE,,VERIFIED,UNRESOLVED,,200641,UNRESOLVED,,no existing verified Player Research closure
player_season/2007,player_season,2023-24,,219847,,,NOT_APPLICABLE,,NOT_APPLICABLE,,NOT_APPLICABLE,,VERIFIED,UNRESOLVED,,219847,UNRESOLVED,,no existing verified Player Research closure
player_season/2008,player_season,2023-24,,516874,,,NOT_APPLICABLE,,NOT_APPLICABLE,,NOT_APPLICABLE,,VERIFIED,UNRESOLVED,,516874,UNRESOLVED,,no existing verified Player Research closure
player_season/2009,player_season,2023-24,,69752,,,NOT_APPLICABLE,,NOT_APPLICABLE,,NOT_APPLICABLE,,VERIFIED,UNRESOLVED,,69752,UNRESOLVED,,no existing verified Player Research closure
player_season/2010,player_season,2023-24,,32259,,,NOT_APPLICABLE,,NOT_APPLICABLE,,NOT_APPLICABLE,,VERIFIED,UNRESOLVED,,32259,UNRESOLVED,,no existing verified Player Research closure
player_season/2011,player_season,2023-24,,215531,,,NOT_APPLICABLE,,NOT_APPLICABLE,,NOT_APPLICABLE,,VERIFIED,UNRESOLVED,,215531,UNRESOLVED,,no existing verified Player Research closure
player_season/2012,player_season,2023-24,,229600,,,NOT_APPLICABLE,,NOT_APPLICABLE,,NOT_APPLICABLE,,VERIFIED,UNRESOLVED,,229600,UNRESOLVED,,no existing verified Player Research closure
player_season/2013,player_season,2023-24,,568791,,,NOT_APPLICABLE,,NOT_APPLICABLE,,NOT_APPLICABLE,,VERIFIED,UNRESOLVED,,568791,UNRESOLVED,,no existing verified Player Research closure
player_season/2014,player_season,2023-24,,544877,,,NOT_APPLICABLE,,NOT_APPLICABLE,,NOT_APPLICABLE,,VERIFIED,UNRESOLVED,,544877,UNRESOLVED,,no existing verified Player Research closure
player_season/2015,player_season,2023-24,,235530,,,NOT_APPLICABLE,,NOT_APPLICABLE,,NOT_APPLICABLE,,VERIFIED,UNRESOLVED,,235530,UNRESOLVED,,no existing verified Player Research closure
player_season/2016,player_season,2023-24,,221466,,,NOT_APPLICABLE,,NOT_APPLICABLE,,NOT_APPLICABLE,,VERIFIED,UNRESOLVED,,221466,UNRESOLVED,,no existing verified Player Research closure
player_season/2017,player_season,2023-24,,223911,,,NOT_APPLICABLE,,NOT_APPLICABLE,,NOT_APPLICABLE,,VERIFIED,UNRESOLVED,,223911,UNRESOLVED,,no existing verified Player Research closure
player_season/2018,player_season,2023-24,,54469,,,NOT_APPLICABLE,,NOT_APPLICABLE,,NOT_APPLICABLE,,VERIFIED,UNRESOLVED,,54469,UNRESOLVED,,no existing verified Player Research closure
player_season/2019,player_season,2023-24,,463981,,,NOT_APPLICABLE,,NOT_APPLICABLE,,NOT_APPLICABLE,,VERIFIED,UNRESOLVED,,463981,UNRESOLVED,,no existing verified Player Research closure
player_season/2020,player_season,2023-24,,477580,,,NOT_APPLICABLE,,NOT_APPLICABLE,,NOT_APPLICABLE,,VERIFIED,UNRESOLVED,,477580,UNRESOLVED,,no existing verified Player Research closure
player_season/2021,player_season,2023-24,,232980,,,NOT_APPLICABLE,,NOT_APPLICABLE,,NOT_APPLICABLE,,VERIFIED,UNRESOLVED,,232980,UNRESOLVED,,no existing verified Player Research closure
player_season/2022,player_season,2023-24,,474772,,,NOT_APPLICABLE,,NOT_APPLICABLE,,NOT_APPLICABLE,,VERIFIED,UNRESOLVED,,474772,UNRESOLVED,,no existing verified Player Research closure
player_season/2023,player_season,2023-24,,496683,,,NOT_APPLICABLE,,NOT_APPLICABLE,,NOT_APPLICABLE,,VERIFIED,UNRESOLVED,,496683,UNRESOLVED,,no existing verified Player Research closure
player_season/2024,player_season,2023-24,,156685,,,NOT_APPLICABLE,,NOT_APPLICABLE,,NOT_APPLICABLE,,VERIFIED,UNRESOLVED,,156685,UNRESOLVED,,no existing verified Player Research closure
player_season/2025,player_season,2023-24,,444183,,,NOT_APPLICABLE,,NOT_APPLICABLE,,NOT_APPLICABLE,,VERIFIED,UNRESOLVED,,444183,UNRESOLVED,,no existing verified Player Research closure
player_season/2026,player_season,2023-24,,155408,,,NOT_APPLICABLE,,NOT_APPLICABLE,,NOT_APPLICABLE,,VERIFIED,UNRESOLVED,,155408,UNRESOLVED,,no existing verified Player Research closure
player_season/2027,player_season,2023-24,,111317,,,NOT_APPLICABLE,,NOT_APPLICABLE,,NOT_APPLICABLE,,VERIFIED,UNRESOLVED,,111317,UNRESOLVED,,no existing verified Player Research closure
player_season/2028,player_season,2023-24,,503139,,,NOT_APPLICABLE,,NOT_APPLICABLE,,NOT_APPLICABLE,,VERIFIED,UNRESOLVED,,503139,UNRESOLVED,,no existing verified Player Research closure
player_season/2029,player_season,2023-24,,441240,,,NOT_APPLICABLE,,NOT_APPLICABLE,,NOT_APPLICABLE,,VERIFIED,UNRESOLVED,,441240,UNRESOLVED,,no existing verified Player Research closure
player_season/2030,player_season,2023-24,,158499,,,NOT_APPLICABLE,,NOT_APPLICABLE,,NOT_APPLICABLE,,VERIFIED,UNRESOLVED,,158499,UNRESOLVED,,no existing verified Player Research closure
player_season/2031,player_season,2023-24,,200785,,,NOT_APPLICABLE,,NOT_APPLICABLE,,NOT_APPLICABLE,,VERIFIED,UNRESOLVED,,200785,UNRESOLVED,,no existing verified Player Research closure
player_season/2032,player_season,2023-24,,133845,,,NOT_APPLICABLE,,NOT_APPLICABLE,,NOT_APPLICABLE,,VERIFIED,UNRESOLVED,,133845,UNRESOLVED,,no existing verified Player Research closure
player_season/2033,player_season,2023-24,,201658,,,NOT_APPLICABLE,,NOT_APPLICABLE,,NOT_APPLICABLE,,VERIFIED,UNRESOLVED,,201658,UNRESOLVED,,no existing verified Player Research closure
player_season/2034,player_season,2023-24,,424044,,,NOT_APPLICABLE,,NOT_APPLICABLE,,NOT_APPLICABLE,,VERIFIED,UNRESOLVED,,424044,UNRESOLVED,,no existing verified Player Research closure
player_season/2035,player_season,2023-24,,168991,,,NOT_APPLICABLE,,NOT_APPLICABLE,,NOT_APPLICABLE,,VERIFIED,UNRESOLVED,,168991,UNRESOLVED,,no existing verified Player Research closure
player_season/2036,player_season,2023-24,,550596,,,NOT_APPLICABLE,,NOT_APPLICABLE,,NOT_APPLICABLE,,VERIFIED,UNRESOLVED,,550596,UNRESOLVED,,no existing verified Player Research closure
player_season/2037,player_season,2023-24,,154566,,,NOT_APPLICABLE,,NOT_APPLICABLE,,NOT_APPLICABLE,,VERIFIED,UNRESOLVED,,154566,UNRESOLVED,,no existing verified Player Research closure
player_season/2038,player_season,2023-24,,533463,,,NOT_APPLICABLE,,NOT_APPLICABLE,,NOT_APPLICABLE,,VERIFIED,UNRESOLVED,,533463,UNRESOLVED,,no existing verified Player Research closure
player_season/2039,player_season,2023-24,,224995,,,NOT_APPLICABLE,,NOT_APPLICABLE,,NOT_APPLICABLE,,VERIFIED,UNRESOLVED,,224995,UNRESOLVED,,no existing verified Player Research closure
player_season/2040,player_season,2023-24,,222683,,,NOT_APPLICABLE,,NOT_APPLICABLE,,NOT_APPLICABLE,,VERIFIED,UNRESOLVED,,222683,UNRESOLVED,,no existing verified Player Research closure
player_season/2041,player_season,2023-24,,128340,,,NOT_APPLICABLE,,NOT_APPLICABLE,,NOT_APPLICABLE,,VERIFIED,UNRESOLVED,,128340,UNRESOLVED,,no existing verified Player Research closure
player_season/2042,player_season,2023-24,,437730,,,NOT_APPLICABLE,,NOT_APPLICABLE,,NOT_APPLICABLE,,VERIFIED,UNRESOLVED,,437730,UNRESOLVED,,no existing verified Player Research closure
player_season/2043,player_season,2023-24,,168636,,,NOT_APPLICABLE,,NOT_APPLICABLE,,NOT_APPLICABLE,,VERIFIED,UNRESOLVED,,168636,UNRESOLVED,,no existing verified Player Research closure
player_season/2044,player_season,2023-24,,444180,,,NOT_APPLICABLE,,NOT_APPLICABLE,,NOT_APPLICABLE,,VERIFIED,UNRESOLVED,,444180,UNRESOLVED,,no existing verified Player Research closure
player_season/2045,player_season,2023-24,,596572,,,NOT_APPLICABLE,,NOT_APPLICABLE,,NOT_APPLICABLE,,VERIFIED,UNRESOLVED,,596572,UNRESOLVED,,no existing verified Player Research closure
player_season/2046,player_season,2023-24,,235448,,,NOT_APPLICABLE,,NOT_APPLICABLE,,NOT_APPLICABLE,,VERIFIED,UNRESOLVED,,235448,UNRESOLVED,,no existing verified Player Research closure
player_season/2047,player_season,2023-24,,154561,,,NOT_APPLICABLE,,NOT_APPLICABLE,,NOT_APPLICABLE,,VERIFIED,UNRESOLVED,,154561,UNRESOLVED,,no existing verified Player Research closure
player_season/2048,player_season,2023-24,,118342,,,NOT_APPLICABLE,,NOT_APPLICABLE,,NOT_APPLICABLE,,VERIFIED,UNRESOLVED,,118342,UNRESOLVED,,no existing verified Player Research closure
player_season/2049,player_season,2023-24,,507433,,,NOT_APPLICABLE,,NOT_APPLICABLE,,NOT_APPLICABLE,,VERIFIED,UNRESOLVED,,507433,UNRESOLVED,,no existing verified Player Research closure
player_season/2050,player_season,2023-24,,140200,,,NOT_APPLICABLE,,NOT_APPLICABLE,,NOT_APPLICABLE,,VERIFIED,UNRESOLVED,,140200,UNRESOLVED,,no existing verified Player Research closure
player_season/2051,player_season,2023-24,,563883,,,NOT_APPLICABLE,,NOT_APPLICABLE,,NOT_APPLICABLE,,VERIFIED,UNRESOLVED,,563883,UNRESOLVED,,no existing verified Player Research closure
player_season/2052,player_season,2023-24,,472713,,,NOT_APPLICABLE,,NOT_APPLICABLE,,NOT_APPLICABLE,,VERIFIED,UNRESOLVED,,472713,UNRESOLVED,,no existing verified Player Research closure
player_season/2053,player_season,2023-24,,194010,,,NOT_APPLICABLE,,NOT_APPLICABLE,,NOT_APPLICABLE,,VERIFIED,UNRESOLVED,,194010,UNRESOLVED,,no existing verified Player Research closure
player_season/2054,player_season,2023-24,,213687,,,NOT_APPLICABLE,,NOT_APPLICABLE,,NOT_APPLICABLE,,VERIFIED,UNRESOLVED,,213687,UNRESOLVED,,no existing verified Player Research closure
player_season/2055,player_season,2023-24,,231065,,,NOT_APPLICABLE,,NOT_APPLICABLE,,NOT_APPLICABLE,,VERIFIED,UNRESOLVED,,231065,UNRESOLVED,,no existing verified Player Research closure
player_season/2056,player_season,2023-24,,199249,,,NOT_APPLICABLE,,NOT_APPLICABLE,,NOT_APPLICABLE,,VERIFIED,UNRESOLVED,,199249,UNRESOLVED,,no existing verified Player Research closure
player_season/2057,player_season,2023-24,,48760,,,NOT_APPLICABLE,,NOT_APPLICABLE,,NOT_APPLICABLE,,VERIFIED,UNRESOLVED,,48760,UNRESOLVED,,no existing verified Player Research closure
player_season/2058,player_season,2023-24,,51927,,,NOT_APPLICABLE,,NOT_APPLICABLE,,NOT_APPLICABLE,,VERIFIED,UNRESOLVED,,51927,UNRESOLVED,,no existing verified Player Research closure
player_season/2059,player_season,2023-24,,191866,,,NOT_APPLICABLE,,NOT_APPLICABLE,,NOT_APPLICABLE,,VERIFIED,UNRESOLVED,,191866,UNRESOLVED,,no existing verified Player Research closure
player_season/2060,player_season,2023-24,,432830,,,NOT_APPLICABLE,,NOT_APPLICABLE,,NOT_APPLICABLE,,VERIFIED,UNRESOLVED,,432830,UNRESOLVED,,no existing verified Player Research closure
player_season/2061,player_season,2023-24,,226956,,,NOT_APPLICABLE,,NOT_APPLICABLE,,NOT_APPLICABLE,,VERIFIED,UNRESOLVED,,226956,UNRESOLVED,,no existing verified Player Research closure
player_season/2062,player_season,2023-24,,570241,,,NOT_APPLICABLE,,NOT_APPLICABLE,,NOT_APPLICABLE,,VERIFIED,UNRESOLVED,,570241,UNRESOLVED,,no existing verified Player Research closure
player_season/2063,player_season,2023-24,,516432,,,NOT_APPLICABLE,,NOT_APPLICABLE,,NOT_APPLICABLE,,VERIFIED,UNRESOLVED,,516432,UNRESOLVED,,no existing verified Player Research closure
player_season/2064,player_season,2023-24,,622536,,,NOT_APPLICABLE,,NOT_APPLICABLE,,NOT_APPLICABLE,,VERIFIED,UNRESOLVED,,622536,UNRESOLVED,,no existing verified Player Research closure
player_season/2065,player_season,2023-24,,612534,,,NOT_APPLICABLE,,NOT_APPLICABLE,,NOT_APPLICABLE,,VERIFIED,UNRESOLVED,,612534,UNRESOLVED,,no existing verified Player Research closure
player_season/2066,player_season,2023-24,,128295,,,NOT_APPLICABLE,,NOT_APPLICABLE,,NOT_APPLICABLE,,VERIFIED,UNRESOLVED,,128295,UNRESOLVED,,no existing verified Player Research closure
player_season/2067,player_season,2023-24,,513418,,,NOT_APPLICABLE,,NOT_APPLICABLE,,NOT_APPLICABLE,,VERIFIED,UNRESOLVED,,513418,UNRESOLVED,,no existing verified Player Research closure
player_season/2068,player_season,2023-24,,207283,,,NOT_APPLICABLE,,NOT_APPLICABLE,,NOT_APPLICABLE,,VERIFIED,UNRESOLVED,,207283,UNRESOLVED,,no existing verified Player Research closure
player_season/2069,player_season,2023-24,,183656,,,NOT_APPLICABLE,,NOT_APPLICABLE,,NOT_APPLICABLE,,VERIFIED,UNRESOLVED,,183656,UNRESOLVED,,no existing verified Player Research closure
player_season/2070,player_season,2023-24,,216646,,,NOT_APPLICABLE,,NOT_APPLICABLE,,NOT_APPLICABLE,,VERIFIED,UNRESOLVED,,216646,UNRESOLVED,,no existing verified Player Research closure
player_season/2071,player_season,2023-24,,428580,,,NOT_APPLICABLE,,NOT_APPLICABLE,,NOT_APPLICABLE,,VERIFIED,UNRESOLVED,,428580,UNRESOLVED,,no existing verified Player Research closure
player_season/2072,player_season,2023-24,,508395,,,NOT_APPLICABLE,,NOT_APPLICABLE,,NOT_APPLICABLE,,VERIFIED,UNRESOLVED,,508395,UNRESOLVED,,no existing verified Player Research closure
player_season/2073,player_season,2023-24,,446008,,,NOT_APPLICABLE,,NOT_APPLICABLE,,NOT_APPLICABLE,,VERIFIED,UNRESOLVED,,446008,UNRESOLVED,,no existing verified Player Research closure
player_season/2074,player_season,2023-24,,440089,,,NOT_APPLICABLE,,NOT_APPLICABLE,,NOT_APPLICABLE,,VERIFIED,UNRESOLVED,,440089,UNRESOLVED,,no existing verified Player Research closure
player_season/2075,player_season,2023-24,,450539,,,NOT_APPLICABLE,,NOT_APPLICABLE,,NOT_APPLICABLE,,VERIFIED,UNRESOLVED,,450539,UNRESOLVED,,no existing verified Player Research closure
player_season/2076,player_season,2023-24,,432160,,,NOT_APPLICABLE,,NOT_APPLICABLE,,NOT_APPLICABLE,,VERIFIED,UNRESOLVED,,432160,UNRESOLVED,,no existing verified Player Research closure
player_season/2077,player_season,2023-24,,628204,,,NOT_APPLICABLE,,NOT_APPLICABLE,,NOT_APPLICABLE,,VERIFIED,UNRESOLVED,,628204,UNRESOLVED,,no existing verified Player Research closure
player_season/2078,player_season,2023-24,,204580,,,NOT_APPLICABLE,,NOT_APPLICABLE,,NOT_APPLICABLE,,VERIFIED,UNRESOLVED,,204580,UNRESOLVED,,no existing verified Player Research closure
player_season/2079,player_season,2023-24,,591357,,,NOT_APPLICABLE,,NOT_APPLICABLE,,NOT_APPLICABLE,,VERIFIED,UNRESOLVED,,591357,UNRESOLVED,,no existing verified Player Research closure
player_season/2080,player_season,2023-24,,494041,,,NOT_APPLICABLE,,NOT_APPLICABLE,,NOT_APPLICABLE,,VERIFIED,UNRESOLVED,,494041,UNRESOLVED,,no existing verified Player Research closure
player_season/2081,player_season,2023-24,,115382,,,NOT_APPLICABLE,,NOT_APPLICABLE,,NOT_APPLICABLE,,VERIFIED,UNRESOLVED,,115382,UNRESOLVED,,no existing verified Player Research closure
player_season/2082,player_season,2023-24,,205836,,,NOT_APPLICABLE,,NOT_APPLICABLE,,NOT_APPLICABLE,,VERIFIED,UNRESOLVED,,205836,UNRESOLVED,,no existing verified Player Research closure
player_season/2083,player_season,2023-24,,144485,,,NOT_APPLICABLE,,NOT_APPLICABLE,,NOT_APPLICABLE,,VERIFIED,UNRESOLVED,,144485,UNRESOLVED,,no existing verified Player Research closure
player_season/2084,player_season,2023-24,,249231,,,NOT_APPLICABLE,,NOT_APPLICABLE,,NOT_APPLICABLE,,VERIFIED,UNRESOLVED,,249231,UNRESOLVED,,no existing verified Player Research closure
player_season/2085,player_season,2023-24,,501284,,,NOT_APPLICABLE,,NOT_APPLICABLE,,NOT_APPLICABLE,,VERIFIED,UNRESOLVED,,501284,UNRESOLVED,,no existing verified Player Research closure
player_season/2086,player_season,2023-24,,489639,,,NOT_APPLICABLE,,NOT_APPLICABLE,,NOT_APPLICABLE,,VERIFIED,UNRESOLVED,,489639,UNRESOLVED,,no existing verified Player Research closure
player_season/2087,player_season,2023-24,,49262,,,NOT_APPLICABLE,,NOT_APPLICABLE,,NOT_APPLICABLE,,VERIFIED,UNRESOLVED,,49262,UNRESOLVED,,no existing verified Player Research closure
player_season/2088,player_season,2023-24,,232792,,,NOT_APPLICABLE,,NOT_APPLICABLE,,NOT_APPLICABLE,,VERIFIED,UNRESOLVED,,232792,UNRESOLVED,,no existing verified Player Research closure
player_season/2089,player_season,2023-24,,223434,,,NOT_APPLICABLE,,NOT_APPLICABLE,,NOT_APPLICABLE,,VERIFIED,UNRESOLVED,,223434,UNRESOLVED,,no existing verified Player Research closure
player_season/2090,player_season,2023-24,,110735,,,NOT_APPLICABLE,,NOT_APPLICABLE,,NOT_APPLICABLE,,VERIFIED,UNRESOLVED,,110735,UNRESOLVED,,no existing verified Player Research closure
player_season/2091,player_season,2023-24,,83299,,,NOT_APPLICABLE,,NOT_APPLICABLE,,NOT_APPLICABLE,,VERIFIED,UNRESOLVED,,83299,UNRESOLVED,,no existing verified Player Research closure
player_season/2092,player_season,2023-24,,543158,,,NOT_APPLICABLE,,NOT_APPLICABLE,,NOT_APPLICABLE,,VERIFIED,UNRESOLVED,,543158,UNRESOLVED,,no existing verified Player Research closure
player_season/2093,player_season,2023-24,,469142,,,NOT_APPLICABLE,,NOT_APPLICABLE,,NOT_APPLICABLE,,VERIFIED,UNRESOLVED,,469142,UNRESOLVED,,no existing verified Player Research closure
player_season/2094,player_season,2023-24,,204214,,,NOT_APPLICABLE,,NOT_APPLICABLE,,NOT_APPLICABLE,,VERIFIED,UNRESOLVED,,204214,UNRESOLVED,,no existing verified Player Research closure
player_season/2095,player_season,2023-24,,111478,,,NOT_APPLICABLE,,NOT_APPLICABLE,,NOT_APPLICABLE,,VERIFIED,UNRESOLVED,,111478,UNRESOLVED,,no existing verified Player Research closure
player_season/2096,player_season,2023-24,,447720,,,NOT_APPLICABLE,,NOT_APPLICABLE,,NOT_APPLICABLE,,VERIFIED,UNRESOLVED,,447720,UNRESOLVED,,no existing verified Player Research closure
player_season/2097,player_season,2023-24,,445548,,,NOT_APPLICABLE,,NOT_APPLICABLE,,NOT_APPLICABLE,,VERIFIED,UNRESOLVED,,445548,UNRESOLVED,,no existing verified Player Research closure
player_season/2098,player_season,2023-24,,514154,,,NOT_APPLICABLE,,NOT_APPLICABLE,,NOT_APPLICABLE,,VERIFIED,UNRESOLVED,,514154,UNRESOLVED,,no existing verified Player Research closure
player_season/2099,player_season,2023-24,,513836,,,NOT_APPLICABLE,,NOT_APPLICABLE,,NOT_APPLICABLE,,VERIFIED,UNRESOLVED,,513836,UNRESOLVED,,no existing verified Player Research closure
player_season/2100,player_season,2023-24,,549014,,,NOT_APPLICABLE,,NOT_APPLICABLE,,NOT_APPLICABLE,,VERIFIED,UNRESOLVED,,549014,UNRESOLVED,,no existing verified Player Research closure
player_season/2101,player_season,2023-24,,15157,,,NOT_APPLICABLE,,NOT_APPLICABLE,,NOT_APPLICABLE,,VERIFIED,UNRESOLVED,,15157,UNRESOLVED,,no existing verified Player Research closure
player_season/2102,player_season,2023-24,,109345,,,NOT_APPLICABLE,,NOT_APPLICABLE,,NOT_APPLICABLE,,VERIFIED,UNRESOLVED,,109345,UNRESOLVED,,no existing verified Player Research closure
player_season/2103,player_season,2023-24,,474120,,,NOT_APPLICABLE,,NOT_APPLICABLE,,NOT_APPLICABLE,,VERIFIED,UNRESOLVED,,474120,UNRESOLVED,,no existing verified Player Research closure
player_season/2104,player_season,2023-24,,243568,,,NOT_APPLICABLE,,NOT_APPLICABLE,,NOT_APPLICABLE,,VERIFIED,UNRESOLVED,,243568,UNRESOLVED,,no existing verified Player Research closure
player_season/2105,player_season,2023-24,,60307,,,NOT_APPLICABLE,,NOT_APPLICABLE,,NOT_APPLICABLE,,VERIFIED,UNRESOLVED,,60307,UNRESOLVED,,no existing verified Player Research closure
player_season/2106,player_season,2023-24,,39155,,,NOT_APPLICABLE,,NOT_APPLICABLE,,NOT_APPLICABLE,,VERIFIED,UNRESOLVED,,39155,UNRESOLVED,,no existing verified Player Research closure
player_season/2107,player_season,2023-24,,243505,,,NOT_APPLICABLE,,NOT_APPLICABLE,,NOT_APPLICABLE,,VERIFIED,UNRESOLVED,,243505,UNRESOLVED,,no existing verified Player Research closure
player_season/2108,player_season,2023-24,,235382,,,NOT_APPLICABLE,,NOT_APPLICABLE,,NOT_APPLICABLE,,VERIFIED,UNRESOLVED,,235382,UNRESOLVED,,no existing verified Player Research closure
player_season/2109,player_season,2023-24,,535301,,,NOT_APPLICABLE,,NOT_APPLICABLE,,NOT_APPLICABLE,,VERIFIED,UNRESOLVED,,535301,UNRESOLVED,,no existing verified Player Research closure
player_season/2110,player_season,2023-24,,451340,,,NOT_APPLICABLE,,NOT_APPLICABLE,,NOT_APPLICABLE,,VERIFIED,UNRESOLVED,,451340,UNRESOLVED,,no existing verified Player Research closure
player_season/2111,player_season,2023-24,,491598,,,NOT_APPLICABLE,,NOT_APPLICABLE,,NOT_APPLICABLE,,VERIFIED,UNRESOLVED,,491598,UNRESOLVED,,no existing verified Player Research closure
player_season/2112,player_season,2023-24,,168090,,,NOT_APPLICABLE,,NOT_APPLICABLE,,NOT_APPLICABLE,,VERIFIED,UNRESOLVED,,168090,UNRESOLVED,,no existing verified Player Research closure
player_season/2113,player_season,2023-24,,536916,,,NOT_APPLICABLE,,NOT_APPLICABLE,,NOT_APPLICABLE,,VERIFIED,UNRESOLVED,,536916,UNRESOLVED,,no existing verified Player Research closure
player_season/2114,player_season,2023-24,,532529,,,NOT_APPLICABLE,,NOT_APPLICABLE,,NOT_APPLICABLE,,VERIFIED,UNRESOLVED,,532529,UNRESOLVED,,no existing verified Player Research closure
player_season/2115,player_season,2023-24,,513840,,,NOT_APPLICABLE,,NOT_APPLICABLE,,NOT_APPLICABLE,,VERIFIED,UNRESOLVED,,513840,UNRESOLVED,,no existing verified Player Research closure
player_season/2116,player_season,2023-24,,475168,,,NOT_APPLICABLE,,NOT_APPLICABLE,,NOT_APPLICABLE,,VERIFIED,UNRESOLVED,,475168,UNRESOLVED,,no existing verified Player Research closure
player_season/2117,player_season,2023-24,,535818,,,NOT_APPLICABLE,,NOT_APPLICABLE,,NOT_APPLICABLE,,VERIFIED,UNRESOLVED,,535818,UNRESOLVED,,no existing verified Player Research closure
player_season/2118,player_season,2023-24,,50175,,,NOT_APPLICABLE,,NOT_APPLICABLE,,NOT_APPLICABLE,,VERIFIED,UNRESOLVED,,50175,UNRESOLVED,,no existing verified Player Research closure
player_season/2119,player_season,2023-24,,487117,,,NOT_APPLICABLE,,NOT_APPLICABLE,,NOT_APPLICABLE,,VERIFIED,UNRESOLVED,,487117,UNRESOLVED,,no existing verified Player Research closure
player_season/2120,player_season,2023-24,,465607,,,NOT_APPLICABLE,,NOT_APPLICABLE,,NOT_APPLICABLE,,VERIFIED,UNRESOLVED,,465607,UNRESOLVED,,no existing verified Player Research closure
player_season/2121,player_season,2023-24,,475480,,,NOT_APPLICABLE,,NOT_APPLICABLE,,NOT_APPLICABLE,,VERIFIED,UNRESOLVED,,475480,UNRESOLVED,,no existing verified Player Research closure
player_season/2122,player_season,2023-24,,574402,,,NOT_APPLICABLE,,NOT_APPLICABLE,,NOT_APPLICABLE,,VERIFIED,UNRESOLVED,,574402,UNRESOLVED,,no existing verified Player Research closure
player_season/2123,player_season,2023-24,,500052,,,NOT_APPLICABLE,,NOT_APPLICABLE,,NOT_APPLICABLE,,VERIFIED,UNRESOLVED,,500052,UNRESOLVED,,no existing verified Player Research closure
player_season/2124,player_season,2023-24,,532528,,,NOT_APPLICABLE,,NOT_APPLICABLE,,NOT_APPLICABLE,,VERIFIED,UNRESOLVED,,532528,UNRESOLVED,,no existing verified Player Research closure
player_season/2125,player_season,2023-24,,432720,,,NOT_APPLICABLE,,NOT_APPLICABLE,,NOT_APPLICABLE,,VERIFIED,UNRESOLVED,,432720,UNRESOLVED,,no existing verified Player Research closure
player_season/2126,player_season,2023-24,,133085,,,NOT_APPLICABLE,,NOT_APPLICABLE,,NOT_APPLICABLE,,VERIFIED,UNRESOLVED,,133085,UNRESOLVED,,no existing verified Player Research closure
player_season/2127,player_season,2023-24,,232917,,,NOT_APPLICABLE,,NOT_APPLICABLE,,NOT_APPLICABLE,,VERIFIED,UNRESOLVED,,232917,UNRESOLVED,,no existing verified Player Research closure
player_season/2128,player_season,2023-24,,216616,,,NOT_APPLICABLE,,NOT_APPLICABLE,,NOT_APPLICABLE,,VERIFIED,UNRESOLVED,,216616,UNRESOLVED,,no existing verified Player Research closure
player_season/2129,player_season,2023-24,,103914,,,NOT_APPLICABLE,,NOT_APPLICABLE,,NOT_APPLICABLE,,VERIFIED,UNRESOLVED,,103914,UNRESOLVED,,no existing verified Player Research closure
player_season/2130,player_season,2023-24,,432711,,,NOT_APPLICABLE,,NOT_APPLICABLE,,NOT_APPLICABLE,,VERIFIED,UNRESOLVED,,432711,UNRESOLVED,,no existing verified Player Research closure
player_season/2131,player_season,2023-24,,192290,,,NOT_APPLICABLE,,NOT_APPLICABLE,,NOT_APPLICABLE,,VERIFIED,UNRESOLVED,,192290,UNRESOLVED,,no existing verified Player Research closure
player_season/2132,player_season,2023-24,,478969,,,NOT_APPLICABLE,,NOT_APPLICABLE,,NOT_APPLICABLE,,VERIFIED,UNRESOLVED,,478969,UNRESOLVED,,no existing verified Player Research closure
player_season/2133,player_season,2023-24,,503724,,,NOT_APPLICABLE,,NOT_APPLICABLE,,NOT_APPLICABLE,,VERIFIED,UNRESOLVED,,503724,UNRESOLVED,,no existing verified Player Research closure
player_season/2134,player_season,2023-24,,441455,,,NOT_APPLICABLE,,NOT_APPLICABLE,,NOT_APPLICABLE,,VERIFIED,UNRESOLVED,,441455,UNRESOLVED,,no existing verified Player Research closure
player_season/2135,player_season,2023-24,,487968,,,NOT_APPLICABLE,,NOT_APPLICABLE,,NOT_APPLICABLE,,VERIFIED,UNRESOLVED,,487968,UNRESOLVED,,no existing verified Player Research closure
player_season/2136,player_season,2023-24,,477717,,,NOT_APPLICABLE,,NOT_APPLICABLE,,NOT_APPLICABLE,,VERIFIED,UNRESOLVED,,477717,UNRESOLVED,,no existing verified Player Research closure
player_season/2137,player_season,2023-24,,241231,,,NOT_APPLICABLE,,NOT_APPLICABLE,,NOT_APPLICABLE,,VERIFIED,UNRESOLVED,,241231,UNRESOLVED,,no existing verified Player Research closure
player_season/2138,player_season,2023-24,,247245,,,NOT_APPLICABLE,,NOT_APPLICABLE,,NOT_APPLICABLE,,VERIFIED,UNRESOLVED,,247245,UNRESOLVED,,no existing verified Player Research closure
player_season/2139,player_season,2023-24,,40145,,,NOT_APPLICABLE,,NOT_APPLICABLE,,NOT_APPLICABLE,,VERIFIED,UNRESOLVED,,40145,UNRESOLVED,,no existing verified Player Research closure
player_season/2140,player_season,2023-24,,60586,,,NOT_APPLICABLE,,NOT_APPLICABLE,,NOT_APPLICABLE,,VERIFIED,UNRESOLVED,,60586,UNRESOLVED,,no existing verified Player Research closure
player_season/2141,player_season,2023-24,,172782,,,NOT_APPLICABLE,,NOT_APPLICABLE,,NOT_APPLICABLE,,VERIFIED,UNRESOLVED,,172782,UNRESOLVED,,no existing verified Player Research closure
player_season/2142,player_season,2023-24,,83283,,,NOT_APPLICABLE,,NOT_APPLICABLE,,NOT_APPLICABLE,,VERIFIED,UNRESOLVED,,83283,UNRESOLVED,,no existing verified Player Research closure
player_season/2143,player_season,2023-24,,207189,,,NOT_APPLICABLE,,NOT_APPLICABLE,,NOT_APPLICABLE,,VERIFIED,UNRESOLVED,,207189,UNRESOLVED,,no existing verified Player Research closure
player_season/2144,player_season,2023-24,,447715,,,NOT_APPLICABLE,,NOT_APPLICABLE,,NOT_APPLICABLE,,VERIFIED,UNRESOLVED,,447715,UNRESOLVED,,no existing verified Player Research closure
player_season/2145,player_season,2023-24,,172567,,,NOT_APPLICABLE,,NOT_APPLICABLE,,NOT_APPLICABLE,,VERIFIED,UNRESOLVED,,172567,UNRESOLVED,,no existing verified Player Research closure
player_season/2146,player_season,2023-24,,437757,,,NOT_APPLICABLE,,NOT_APPLICABLE,,NOT_APPLICABLE,,VERIFIED,UNRESOLVED,,437757,UNRESOLVED,,no existing verified Player Research closure
player_season/2147,player_season,2023-24,,44683,,,NOT_APPLICABLE,,NOT_APPLICABLE,,NOT_APPLICABLE,,VERIFIED,UNRESOLVED,,44683,UNRESOLVED,,no existing verified Player Research closure
player_season/2148,player_season,2023-24,,183751,,,NOT_APPLICABLE,,NOT_APPLICABLE,,NOT_APPLICABLE,,VERIFIED,UNRESOLVED,,183751,UNRESOLVED,,no existing verified Player Research closure
player_season/2149,player_season,2023-24,,435973,,,NOT_APPLICABLE,,NOT_APPLICABLE,,NOT_APPLICABLE,,VERIFIED,UNRESOLVED,,435973,UNRESOLVED,,no existing verified Player Research closure
player_season/2150,player_season,2023-24,,511783,,,NOT_APPLICABLE,,NOT_APPLICABLE,,NOT_APPLICABLE,,VERIFIED,UNRESOLVED,,511783,UNRESOLVED,,no existing verified Player Research closure
player_season/2151,player_season,2023-24,,520295,,,NOT_APPLICABLE,,NOT_APPLICABLE,,NOT_APPLICABLE,,VERIFIED,UNRESOLVED,,520295,UNRESOLVED,,no existing verified Player Research closure
player_season/2152,player_season,2023-24,,492831,,,NOT_APPLICABLE,,NOT_APPLICABLE,,NOT_APPLICABLE,,VERIFIED,UNRESOLVED,,492831,UNRESOLVED,,no existing verified Player Research closure
player_season/2153,player_season,2023-24,,487702,,,NOT_APPLICABLE,,NOT_APPLICABLE,,NOT_APPLICABLE,,VERIFIED,UNRESOLVED,,487702,UNRESOLVED,,no existing verified Player Research closure
player_season/2154,player_season,2023-24,,437748,,,NOT_APPLICABLE,,NOT_APPLICABLE,,NOT_APPLICABLE,,VERIFIED,UNRESOLVED,,437748,UNRESOLVED,,no existing verified Player Research closure
player_season/2155,player_season,2023-24,,179458,,,NOT_APPLICABLE,,NOT_APPLICABLE,,NOT_APPLICABLE,,VERIFIED,UNRESOLVED,,179458,UNRESOLVED,,no existing verified Player Research closure
player_season/2156,player_season,2023-24,,220598,,,NOT_APPLICABLE,,NOT_APPLICABLE,,NOT_APPLICABLE,,VERIFIED,UNRESOLVED,,220598,UNRESOLVED,,no existing verified Player Research closure
player_season/2157,player_season,2023-24,,550839,,,NOT_APPLICABLE,,NOT_APPLICABLE,,NOT_APPLICABLE,,VERIFIED,UNRESOLVED,,550839,UNRESOLVED,,no existing verified Player Research closure
player_season/2158,player_season,2023-24,,172649,,,NOT_APPLICABLE,,NOT_APPLICABLE,,NOT_APPLICABLE,,VERIFIED,UNRESOLVED,,172649,UNRESOLVED,,no existing verified Player Research closure
player_season/2159,player_season,2023-24,,169593,,,NOT_APPLICABLE,,NOT_APPLICABLE,,NOT_APPLICABLE,,VERIFIED,UNRESOLVED,,169593,UNRESOLVED,,no existing verified Player Research closure
player_season/2160,player_season,2023-24,,101982,,,NOT_APPLICABLE,,NOT_APPLICABLE,,NOT_APPLICABLE,,VERIFIED,UNRESOLVED,,101982,UNRESOLVED,,no existing verified Player Research closure
player_season/2161,player_season,2023-24,,487818,,,NOT_APPLICABLE,,NOT_APPLICABLE,,NOT_APPLICABLE,,VERIFIED,UNRESOLVED,,487818,UNRESOLVED,,no existing verified Player Research closure
player_season/2162,player_season,2023-24,,55494,,,NOT_APPLICABLE,,NOT_APPLICABLE,,NOT_APPLICABLE,,VERIFIED,UNRESOLVED,,55494,UNRESOLVED,,no existing verified Player Research closure
player_season/2163,player_season,2023-24,,244723,,,NOT_APPLICABLE,,NOT_APPLICABLE,,NOT_APPLICABLE,,VERIFIED,UNRESOLVED,,244723,UNRESOLVED,,no existing verified Player Research closure
player_season/2164,player_season,2023-24,,156074,,,NOT_APPLICABLE,,NOT_APPLICABLE,,NOT_APPLICABLE,,VERIFIED,UNRESOLVED,,156074,UNRESOLVED,,no existing verified Player Research closure
player_season/2165,player_season,2023-24,,174874,,,NOT_APPLICABLE,,NOT_APPLICABLE,,NOT_APPLICABLE,,VERIFIED,UNRESOLVED,,174874,UNRESOLVED,,no existing verified Player Research closure
player_season/2166,player_season,2023-24,,49413,,,NOT_APPLICABLE,,NOT_APPLICABLE,,NOT_APPLICABLE,,VERIFIED,UNRESOLVED,,49413,UNRESOLVED,,no existing verified Player Research closure
player_season/2167,player_season,2023-24,,209036,,,NOT_APPLICABLE,,NOT_APPLICABLE,,NOT_APPLICABLE,,VERIFIED,UNRESOLVED,,209036,UNRESOLVED,,no existing verified Player Research closure
player_season/2168,player_season,2023-24,,247348,,,NOT_APPLICABLE,,NOT_APPLICABLE,,NOT_APPLICABLE,,VERIFIED,UNRESOLVED,,247348,UNRESOLVED,,no existing verified Player Research closure
player_season/2169,player_season,2023-24,,57328,,,NOT_APPLICABLE,,NOT_APPLICABLE,,NOT_APPLICABLE,,VERIFIED,UNRESOLVED,,57328,UNRESOLVED,,no existing verified Player Research closure
player_season/2170,player_season,2023-24,,427623,,,NOT_APPLICABLE,,NOT_APPLICABLE,,NOT_APPLICABLE,,VERIFIED,UNRESOLVED,,427623,UNRESOLVED,,no existing verified Player Research closure
player_season/2171,player_season,2023-24,,501468,,,NOT_APPLICABLE,,NOT_APPLICABLE,,NOT_APPLICABLE,,VERIFIED,UNRESOLVED,,501468,UNRESOLVED,,no existing verified Player Research closure
player_season/2172,player_season,2023-24,,443661,,,NOT_APPLICABLE,,NOT_APPLICABLE,,NOT_APPLICABLE,,VERIFIED,UNRESOLVED,,443661,UNRESOLVED,,no existing verified Player Research closure
player_season/2173,player_season,2023-24,,152551,,,NOT_APPLICABLE,,NOT_APPLICABLE,,NOT_APPLICABLE,,VERIFIED,UNRESOLVED,,152551,UNRESOLVED,,no existing verified Player Research closure
player_season/2174,player_season,2023-24,,232413,,,NOT_APPLICABLE,,NOT_APPLICABLE,,NOT_APPLICABLE,,VERIFIED,UNRESOLVED,,232413,UNRESOLVED,,no existing verified Player Research closure
player_season/2175,player_season,2023-24,,86417,,,NOT_APPLICABLE,,NOT_APPLICABLE,,NOT_APPLICABLE,,VERIFIED,UNRESOLVED,,86417,UNRESOLVED,,no existing verified Player Research closure
player_season/2176,player_season,2023-24,,108413,,,NOT_APPLICABLE,,NOT_APPLICABLE,,NOT_APPLICABLE,,VERIFIED,UNRESOLVED,,108413,UNRESOLVED,,no existing verified Player Research closure
player_season/2177,player_season,2023-24,,496221,,,NOT_APPLICABLE,,NOT_APPLICABLE,,NOT_APPLICABLE,,VERIFIED,UNRESOLVED,,496221,UNRESOLVED,,no existing verified Player Research closure
player_season/2178,player_season,2023-24,,438464,,,NOT_APPLICABLE,,NOT_APPLICABLE,,NOT_APPLICABLE,,VERIFIED,UNRESOLVED,,438464,UNRESOLVED,,no existing verified Player Research closure
player_season/2179,player_season,2023-24,,466117,,,NOT_APPLICABLE,,NOT_APPLICABLE,,NOT_APPLICABLE,,VERIFIED,UNRESOLVED,,466117,UNRESOLVED,,no existing verified Player Research closure
player_season/2180,player_season,2023-24,,530318,,,NOT_APPLICABLE,,NOT_APPLICABLE,,NOT_APPLICABLE,,VERIFIED,UNRESOLVED,,530318,UNRESOLVED,,no existing verified Player Research closure
player_season/2181,player_season,2023-24,,173954,,,NOT_APPLICABLE,,NOT_APPLICABLE,,NOT_APPLICABLE,,VERIFIED,UNRESOLVED,,173954,UNRESOLVED,,no existing verified Player Research closure
player_season/2182,player_season,2023-24,,450542,,,NOT_APPLICABLE,,NOT_APPLICABLE,,NOT_APPLICABLE,,VERIFIED,UNRESOLVED,,450542,UNRESOLVED,,no existing verified Player Research closure
player_season/2183,player_season,2023-24,,531989,,,NOT_APPLICABLE,,NOT_APPLICABLE,,NOT_APPLICABLE,,VERIFIED,UNRESOLVED,,531989,UNRESOLVED,,no existing verified Player Research closure
player_season/2184,player_season,2023-24,,474908,,,NOT_APPLICABLE,,NOT_APPLICABLE,,NOT_APPLICABLE,,VERIFIED,UNRESOLVED,,474908,UNRESOLVED,,no existing verified Player Research closure
player_season/2185,player_season,2023-24,,80146,,,NOT_APPLICABLE,,NOT_APPLICABLE,,NOT_APPLICABLE,,VERIFIED,UNRESOLVED,,80146,UNRESOLVED,,no existing verified Player Research closure
player_season/2186,player_season,2023-24,,536694,,,NOT_APPLICABLE,,NOT_APPLICABLE,,NOT_APPLICABLE,,VERIFIED,UNRESOLVED,,536694,UNRESOLVED,,no existing verified Player Research closure
player_season/2187,player_season,2023-24,,231747,,,NOT_APPLICABLE,,NOT_APPLICABLE,,NOT_APPLICABLE,,VERIFIED,UNRESOLVED,,231747,UNRESOLVED,,no existing verified Player Research closure
player_season/2188,player_season,2023-24,,199670,,,NOT_APPLICABLE,,NOT_APPLICABLE,,NOT_APPLICABLE,,VERIFIED,UNRESOLVED,,199670,UNRESOLVED,,no existing verified Player Research closure
player_season/2189,player_season,2023-24,,450535,,,NOT_APPLICABLE,,NOT_APPLICABLE,,NOT_APPLICABLE,,VERIFIED,UNRESOLVED,,450535,UNRESOLVED,,no existing verified Player Research closure
player_season/2190,player_season,2023-24,,574398,,,NOT_APPLICABLE,,NOT_APPLICABLE,,NOT_APPLICABLE,,VERIFIED,UNRESOLVED,,574398,UNRESOLVED,,no existing verified Player Research closure
player_season/2191,player_season,2023-24,,450541,,,NOT_APPLICABLE,,NOT_APPLICABLE,,NOT_APPLICABLE,,VERIFIED,UNRESOLVED,,450541,UNRESOLVED,,no existing verified Player Research closure
player_season/2192,player_season,2023-24,,493121,,,NOT_APPLICABLE,,NOT_APPLICABLE,,NOT_APPLICABLE,,VERIFIED,UNRESOLVED,,493121,UNRESOLVED,,no existing verified Player Research closure
player_season/2193,player_season,2023-24,,215059,,,NOT_APPLICABLE,,NOT_APPLICABLE,,NOT_APPLICABLE,,VERIFIED,UNRESOLVED,,215059,UNRESOLVED,,no existing verified Player Research closure
player_season/2194,player_season,2023-24,,122074,,,NOT_APPLICABLE,,NOT_APPLICABLE,,NOT_APPLICABLE,,VERIFIED,UNRESOLVED,,122074,UNRESOLVED,,no existing verified Player Research closure
player_season/2195,player_season,2023-24,,457569,,,NOT_APPLICABLE,,NOT_APPLICABLE,,NOT_APPLICABLE,,VERIFIED,UNRESOLVED,,457569,UNRESOLVED,,no existing verified Player Research closure
player_season/2196,player_season,2023-24,,499857,,,NOT_APPLICABLE,,NOT_APPLICABLE,,NOT_APPLICABLE,,VERIFIED,UNRESOLVED,,499857,UNRESOLVED,,no existing verified Player Research closure
player_season/2197,player_season,2023-24,,518892,,,NOT_APPLICABLE,,NOT_APPLICABLE,,NOT_APPLICABLE,,VERIFIED,UNRESOLVED,,518892,UNRESOLVED,,no existing verified Player Research closure
player_season/2198,player_season,2023-24,,482158,,,NOT_APPLICABLE,,NOT_APPLICABLE,,NOT_APPLICABLE,,VERIFIED,UNRESOLVED,,482158,UNRESOLVED,,no existing verified Player Research closure
player_season/2199,player_season,2023-24,,474803,,,NOT_APPLICABLE,,NOT_APPLICABLE,,NOT_APPLICABLE,,VERIFIED,UNRESOLVED,,474803,UNRESOLVED,,no existing verified Player Research closure
player_season/2200,player_season,2023-24,,461188,,,NOT_APPLICABLE,,NOT_APPLICABLE,,NOT_APPLICABLE,,VERIFIED,UNRESOLVED,,461188,UNRESOLVED,,no existing verified Player Research closure
player_season/2201,player_season,2023-24,,180736,,,NOT_APPLICABLE,,NOT_APPLICABLE,,NOT_APPLICABLE,,VERIFIED,UNRESOLVED,,180736,UNRESOLVED,,no existing verified Player Research closure
player_season/2202,player_season,2023-24,,220362,,,NOT_APPLICABLE,,NOT_APPLICABLE,,NOT_APPLICABLE,,VERIFIED,UNRESOLVED,,220362,UNRESOLVED,,no existing verified Player Research closure
player_season/2203,player_season,2023-24,,179268,,,NOT_APPLICABLE,,NOT_APPLICABLE,,NOT_APPLICABLE,,VERIFIED,UNRESOLVED,,179268,UNRESOLVED,,no existing verified Player Research closure
player_season/2204,player_season,2023-24,,242880,,,NOT_APPLICABLE,,NOT_APPLICABLE,,NOT_APPLICABLE,,VERIFIED,UNRESOLVED,,242880,UNRESOLVED,,no existing verified Player Research closure
player_season/2205,player_season,2023-24,,460028,,,NOT_APPLICABLE,,NOT_APPLICABLE,,NOT_APPLICABLE,,VERIFIED,UNRESOLVED,,460028,UNRESOLVED,,no existing verified Player Research closure
player_season/2206,player_season,2023-24,,51090,,,NOT_APPLICABLE,,NOT_APPLICABLE,,NOT_APPLICABLE,,VERIFIED,UNRESOLVED,,51090,UNRESOLVED,,no existing verified Player Research closure
player_season/2207,player_season,2023-24,,172850,,,NOT_APPLICABLE,,NOT_APPLICABLE,,NOT_APPLICABLE,,VERIFIED,UNRESOLVED,,172850,UNRESOLVED,,no existing verified Player Research closure
player_season/2208,player_season,2023-24,,225796,,,NOT_APPLICABLE,,NOT_APPLICABLE,,NOT_APPLICABLE,,VERIFIED,UNRESOLVED,,225796,UNRESOLVED,,no existing verified Player Research closure
player_season/2209,player_season,2023-24,,482609,,,NOT_APPLICABLE,,NOT_APPLICABLE,,NOT_APPLICABLE,,VERIFIED,UNRESOLVED,,482609,UNRESOLVED,,no existing verified Player Research closure
player_season/2210,player_season,2023-24,,441302,,,NOT_APPLICABLE,,NOT_APPLICABLE,,NOT_APPLICABLE,,VERIFIED,UNRESOLVED,,441302,UNRESOLVED,,no existing verified Player Research closure
player_season/2211,player_season,2023-24,,577016,,,NOT_APPLICABLE,,NOT_APPLICABLE,,NOT_APPLICABLE,,VERIFIED,UNRESOLVED,,577016,UNRESOLVED,,no existing verified Player Research closure
player_season/2212,player_season,2023-24,,514280,,,NOT_APPLICABLE,,NOT_APPLICABLE,,NOT_APPLICABLE,,VERIFIED,UNRESOLVED,,514280,UNRESOLVED,,no existing verified Player Research closure
player_season/2213,player_season,2023-24,,248854,,,NOT_APPLICABLE,,NOT_APPLICABLE,,NOT_APPLICABLE,,VERIFIED,UNRESOLVED,,248854,UNRESOLVED,,no existing verified Player Research closure
player_season/2214,player_season,2023-24,,496222,,,NOT_APPLICABLE,,NOT_APPLICABLE,,NOT_APPLICABLE,,VERIFIED,UNRESOLVED,,496222,UNRESOLVED,,no existing verified Player Research closure
player_season/2215,player_season,2023-24,,536238,,,NOT_APPLICABLE,,NOT_APPLICABLE,,NOT_APPLICABLE,,VERIFIED,UNRESOLVED,,536238,UNRESOLVED,,no existing verified Player Research closure
player_season/2216,player_season,2023-24,,532605,,,NOT_APPLICABLE,,NOT_APPLICABLE,,NOT_APPLICABLE,,VERIFIED,UNRESOLVED,,532605,UNRESOLVED,,no existing verified Player Research closure
player_season/2217,player_season,2023-24,,448047,,,NOT_APPLICABLE,,NOT_APPLICABLE,,NOT_APPLICABLE,,VERIFIED,UNRESOLVED,,448047,UNRESOLVED,,no existing verified Player Research closure
player_season/2218,player_season,2023-24,,465920,,,NOT_APPLICABLE,,NOT_APPLICABLE,,NOT_APPLICABLE,,VERIFIED,UNRESOLVED,,465920,UNRESOLVED,,no existing verified Player Research closure
player_season/2219,player_season,2023-24,,503714,,,NOT_APPLICABLE,,NOT_APPLICABLE,,NOT_APPLICABLE,,VERIFIED,UNRESOLVED,,503714,UNRESOLVED,,no existing verified Player Research closure
player_season/2220,player_season,2023-24,,478912,,,NOT_APPLICABLE,,NOT_APPLICABLE,,NOT_APPLICABLE,,VERIFIED,UNRESOLVED,,478912,UNRESOLVED,,no existing verified Player Research closure
player_season/2221,player_season,2023-24,,244851,,,NOT_APPLICABLE,,NOT_APPLICABLE,,NOT_APPLICABLE,,VERIFIED,UNRESOLVED,,244851,UNRESOLVED,,no existing verified Player Research closure
player_season/2222,player_season,2023-24,,232787,,,NOT_APPLICABLE,,NOT_APPLICABLE,,NOT_APPLICABLE,,VERIFIED,UNRESOLVED,,232787,UNRESOLVED,,no existing verified Player Research closure
player_season/2223,player_season,2023-24,,486672,,,NOT_APPLICABLE,,NOT_APPLICABLE,,NOT_APPLICABLE,,VERIFIED,UNRESOLVED,,486672,UNRESOLVED,,no existing verified Player Research closure
player_season/2224,player_season,2023-24,,505187,,,NOT_APPLICABLE,,NOT_APPLICABLE,,NOT_APPLICABLE,,VERIFIED,UNRESOLVED,,505187,UNRESOLVED,,no existing verified Player Research closure
player_season/2225,player_season,2023-24,,559963,,,NOT_APPLICABLE,,NOT_APPLICABLE,,NOT_APPLICABLE,,VERIFIED,UNRESOLVED,,559963,UNRESOLVED,,no existing verified Player Research closure
player_season/2226,player_season,2023-24,,514356,,,NOT_APPLICABLE,,NOT_APPLICABLE,,NOT_APPLICABLE,,VERIFIED,UNRESOLVED,,514356,UNRESOLVED,,no existing verified Player Research closure
player_season/2227,player_season,2023-24,,514277,,,NOT_APPLICABLE,,NOT_APPLICABLE,,NOT_APPLICABLE,,VERIFIED,UNRESOLVED,,514277,UNRESOLVED,,no existing verified Player Research closure
player_season/2228,player_season,2023-24,,517995,,,NOT_APPLICABLE,,NOT_APPLICABLE,,NOT_APPLICABLE,,VERIFIED,UNRESOLVED,,517995,UNRESOLVED,,no existing verified Player Research closure
player_season/2229,player_season,2023-24,,487838,,,NOT_APPLICABLE,,NOT_APPLICABLE,,NOT_APPLICABLE,,VERIFIED,UNRESOLVED,,487838,UNRESOLVED,,no existing verified Player Research closure
player_season/2230,player_season,2023-24,,597983,,,NOT_APPLICABLE,,NOT_APPLICABLE,,NOT_APPLICABLE,,VERIFIED,UNRESOLVED,,597983,UNRESOLVED,,no existing verified Player Research closure
player_season/2231,player_season,2023-24,,103955,,,NOT_APPLICABLE,,NOT_APPLICABLE,,NOT_APPLICABLE,,VERIFIED,UNRESOLVED,,103955,UNRESOLVED,,no existing verified Player Research closure
player_season/2232,player_season,2023-24,,534392,,,NOT_APPLICABLE,,NOT_APPLICABLE,,NOT_APPLICABLE,,VERIFIED,UNRESOLVED,,534392,UNRESOLVED,,no existing verified Player Research closure
player_season/2233,player_season,2023-24,,520295,,,NOT_APPLICABLE,,NOT_APPLICABLE,,NOT_APPLICABLE,,VERIFIED,UNRESOLVED,,520295,UNRESOLVED,,no existing verified Player Research closure
player_season/2234,player_season,2023-24,,248857,,,NOT_APPLICABLE,,NOT_APPLICABLE,,NOT_APPLICABLE,,VERIFIED,UNRESOLVED,,248857,UNRESOLVED,,no existing verified Player Research closure
player_season/2235,player_season,2023-24,,517052,,,NOT_APPLICABLE,,NOT_APPLICABLE,,NOT_APPLICABLE,,VERIFIED,UNRESOLVED,,517052,UNRESOLVED,,no existing verified Player Research closure
player_season/2236,player_season,2023-24,,213198,,,NOT_APPLICABLE,,NOT_APPLICABLE,,NOT_APPLICABLE,,VERIFIED,UNRESOLVED,,213198,UNRESOLVED,,no existing verified Player Research closure
player_season/2237,player_season,2023-24,,440323,,,NOT_APPLICABLE,,NOT_APPLICABLE,,NOT_APPLICABLE,,VERIFIED,UNRESOLVED,,440323,UNRESOLVED,,no existing verified Player Research closure
player_season/2238,player_season,2023-24,,550615,,,NOT_APPLICABLE,,NOT_APPLICABLE,,NOT_APPLICABLE,,VERIFIED,UNRESOLVED,,550615,UNRESOLVED,,no existing verified Player Research closure
player_season/2239,player_season,2023-24,,617054,,,NOT_APPLICABLE,,NOT_APPLICABLE,,NOT_APPLICABLE,,VERIFIED,UNRESOLVED,,617054,UNRESOLVED,,no existing verified Player Research closure
player_season/2240,player_season,2023-24,,491011,,,NOT_APPLICABLE,,NOT_APPLICABLE,,NOT_APPLICABLE,,VERIFIED,UNRESOLVED,,491011,UNRESOLVED,,no existing verified Player Research closure
player_season/2241,player_season,2023-24,,519198,,,NOT_APPLICABLE,,NOT_APPLICABLE,,NOT_APPLICABLE,,VERIFIED,UNRESOLVED,,519198,UNRESOLVED,,no existing verified Player Research closure
player_season/2242,player_season,2023-24,,517996,,,NOT_APPLICABLE,,NOT_APPLICABLE,,NOT_APPLICABLE,,VERIFIED,UNRESOLVED,,517996,UNRESOLVED,,no existing verified Player Research closure
player_season/2243,player_season,2023-24,,111234,,,NOT_APPLICABLE,,NOT_APPLICABLE,,NOT_APPLICABLE,,VERIFIED,UNRESOLVED,,111234,UNRESOLVED,,no existing verified Player Research closure
player_season/2244,player_season,2023-24,,222627,,,NOT_APPLICABLE,,NOT_APPLICABLE,,NOT_APPLICABLE,,VERIFIED,UNRESOLVED,,222627,UNRESOLVED,,no existing verified Player Research closure
player_season/2245,player_season,2023-24,,11948,,,NOT_APPLICABLE,,NOT_APPLICABLE,,NOT_APPLICABLE,,VERIFIED,UNRESOLVED,,11948,UNRESOLVED,,no existing verified Player Research closure
player_season/2246,player_season,2023-24,,438405,,,NOT_APPLICABLE,,NOT_APPLICABLE,,NOT_APPLICABLE,,VERIFIED,UNRESOLVED,,438405,UNRESOLVED,,no existing verified Player Research closure
player_season/2247,player_season,2023-24,,243571,,,NOT_APPLICABLE,,NOT_APPLICABLE,,NOT_APPLICABLE,,VERIFIED,UNRESOLVED,,243571,UNRESOLVED,,no existing verified Player Research closure
player_season/2248,player_season,2023-24,,194164,,,NOT_APPLICABLE,,NOT_APPLICABLE,,NOT_APPLICABLE,,VERIFIED,UNRESOLVED,,194164,UNRESOLVED,,no existing verified Player Research closure
player_season/2249,player_season,2023-24,,106611,,,NOT_APPLICABLE,,NOT_APPLICABLE,,NOT_APPLICABLE,,VERIFIED,UNRESOLVED,,106611,UNRESOLVED,,no existing verified Player Research closure
player_season/2250,player_season,2023-24,,17761,,,NOT_APPLICABLE,,NOT_APPLICABLE,,NOT_APPLICABLE,,VERIFIED,UNRESOLVED,,17761,UNRESOLVED,,no existing verified Player Research closure
player_season/2251,player_season,2023-24,,18892,,,NOT_APPLICABLE,,NOT_APPLICABLE,,NOT_APPLICABLE,,VERIFIED,UNRESOLVED,,18892,UNRESOLVED,,no existing verified Player Research closure
player_season/2252,player_season,2023-24,,224967,,,NOT_APPLICABLE,,NOT_APPLICABLE,,NOT_APPLICABLE,,VERIFIED,UNRESOLVED,,224967,UNRESOLVED,,no existing verified Player Research closure
player_season/2253,player_season,2023-24,,198826,,,NOT_APPLICABLE,,NOT_APPLICABLE,,NOT_APPLICABLE,,VERIFIED,UNRESOLVED,,198826,UNRESOLVED,,no existing verified Player Research closure
player_season/2254,player_season,2023-24,,59949,,,NOT_APPLICABLE,,NOT_APPLICABLE,,NOT_APPLICABLE,,VERIFIED,UNRESOLVED,,59949,UNRESOLVED,,no existing verified Player Research closure
player_season/2255,player_season,2023-24,,480455,,,NOT_APPLICABLE,,NOT_APPLICABLE,,NOT_APPLICABLE,,VERIFIED,UNRESOLVED,,480455,UNRESOLVED,,no existing verified Player Research closure
player_season/2256,player_season,2023-24,,491745,,,NOT_APPLICABLE,,NOT_APPLICABLE,,NOT_APPLICABLE,,VERIFIED,UNRESOLVED,,491745,UNRESOLVED,,no existing verified Player Research closure
player_season/2257,player_season,2023-24,,449871,,,NOT_APPLICABLE,,NOT_APPLICABLE,,NOT_APPLICABLE,,VERIFIED,UNRESOLVED,,449871,UNRESOLVED,,no existing verified Player Research closure
player_season/2258,player_season,2023-24,,121599,,,NOT_APPLICABLE,,NOT_APPLICABLE,,NOT_APPLICABLE,,VERIFIED,UNRESOLVED,,121599,UNRESOLVED,,no existing verified Player Research closure
player_season/2259,player_season,2023-24,,120250,,,NOT_APPLICABLE,,NOT_APPLICABLE,,NOT_APPLICABLE,,VERIFIED,UNRESOLVED,,120250,UNRESOLVED,,no existing verified Player Research closure
player_season/2260,player_season,2023-24,,80801,,,NOT_APPLICABLE,,NOT_APPLICABLE,,NOT_APPLICABLE,,VERIFIED,UNRESOLVED,,80801,UNRESOLVED,,no existing verified Player Research closure
player_season/2261,player_season,2023-24,,232928,,,NOT_APPLICABLE,,NOT_APPLICABLE,,NOT_APPLICABLE,,VERIFIED,UNRESOLVED,,232928,UNRESOLVED,,no existing verified Player Research closure
player_season/2262,player_season,2023-24,,491557,,,NOT_APPLICABLE,,NOT_APPLICABLE,,NOT_APPLICABLE,,VERIFIED,UNRESOLVED,,491557,UNRESOLVED,,no existing verified Player Research closure
player_season/2263,player_season,2023-24,,461453,,,NOT_APPLICABLE,,NOT_APPLICABLE,,NOT_APPLICABLE,,VERIFIED,UNRESOLVED,,461453,UNRESOLVED,,no existing verified Player Research closure
player_season/2264,player_season,2023-24,,447261,,,NOT_APPLICABLE,,NOT_APPLICABLE,,NOT_APPLICABLE,,VERIFIED,UNRESOLVED,,447261,UNRESOLVED,,no existing verified Player Research closure
player_season/2265,player_season,2023-24,,461446,,,NOT_APPLICABLE,,NOT_APPLICABLE,,NOT_APPLICABLE,,VERIFIED,UNRESOLVED,,461446,UNRESOLVED,,no existing verified Player Research closure
player_season/2266,player_season,2023-24,,433154,,,NOT_APPLICABLE,,NOT_APPLICABLE,,NOT_APPLICABLE,,VERIFIED,UNRESOLVED,,433154,UNRESOLVED,,no existing verified Player Research closure
player_season/2267,player_season,2023-24,,177815,,,NOT_APPLICABLE,,NOT_APPLICABLE,,NOT_APPLICABLE,,VERIFIED,UNRESOLVED,,177815,UNRESOLVED,,no existing verified Player Research closure
player_season/2268,player_season,2023-24,,220307,,,NOT_APPLICABLE,,NOT_APPLICABLE,,NOT_APPLICABLE,,VERIFIED,UNRESOLVED,,220307,UNRESOLVED,,no existing verified Player Research closure
player_season/2269,player_season,2023-24,,221399,,,NOT_APPLICABLE,,NOT_APPLICABLE,,NOT_APPLICABLE,,VERIFIED,UNRESOLVED,,221399,UNRESOLVED,,no existing verified Player Research closure
player_season/2270,player_season,2023-24,,486385,,,NOT_APPLICABLE,,NOT_APPLICABLE,,NOT_APPLICABLE,,VERIFIED,UNRESOLVED,,486385,UNRESOLVED,,no existing verified Player Research closure
player_season/2271,player_season,2023-24,,491012,,,NOT_APPLICABLE,,NOT_APPLICABLE,,NOT_APPLICABLE,,VERIFIED,UNRESOLVED,,491012,UNRESOLVED,,no existing verified Player Research closure
player_season/2272,player_season,2023-24,,115382,,,NOT_APPLICABLE,,NOT_APPLICABLE,,NOT_APPLICABLE,,VERIFIED,UNRESOLVED,,115382,UNRESOLVED,,no existing verified Player Research closure
player_season/2273,player_season,2023-24,,461421,,,NOT_APPLICABLE,,NOT_APPLICABLE,,NOT_APPLICABLE,,VERIFIED,UNRESOLVED,,461421,UNRESOLVED,,no existing verified Player Research closure
player_season/2274,player_season,2023-24,,80201,,,NOT_APPLICABLE,,NOT_APPLICABLE,,NOT_APPLICABLE,,VERIFIED,UNRESOLVED,,80201,UNRESOLVED,,no existing verified Player Research closure
player_season/2275,player_season,2023-24,,155529,,,NOT_APPLICABLE,,NOT_APPLICABLE,,NOT_APPLICABLE,,VERIFIED,UNRESOLVED,,155529,UNRESOLVED,,no existing verified Player Research closure
player_season/2276,player_season,2023-24,,120721,,,NOT_APPLICABLE,,NOT_APPLICABLE,,NOT_APPLICABLE,,VERIFIED,UNRESOLVED,,120721,UNRESOLVED,,no existing verified Player Research closure
player_season/2277,player_season,2023-24,,167074,,,NOT_APPLICABLE,,NOT_APPLICABLE,,NOT_APPLICABLE,,VERIFIED,UNRESOLVED,,167074,UNRESOLVED,,no existing verified Player Research closure
player_season/2278,player_season,2023-24,,232892,,,NOT_APPLICABLE,,NOT_APPLICABLE,,NOT_APPLICABLE,,VERIFIED,UNRESOLVED,,232892,UNRESOLVED,,no existing verified Player Research closure
player_season/2279,player_season,2023-24,,109646,,,NOT_APPLICABLE,,NOT_APPLICABLE,,NOT_APPLICABLE,,VERIFIED,UNRESOLVED,,109646,UNRESOLVED,,no existing verified Player Research closure
player_season/2280,player_season,2023-24,,225897,,,NOT_APPLICABLE,,NOT_APPLICABLE,,NOT_APPLICABLE,,VERIFIED,UNRESOLVED,,225897,UNRESOLVED,,no existing verified Player Research closure
player_season/2281,player_season,2023-24,,82514,,,NOT_APPLICABLE,,NOT_APPLICABLE,,NOT_APPLICABLE,,VERIFIED,UNRESOLVED,,82514,UNRESOLVED,,no existing verified Player Research closure
player_season/2282,player_season,2023-24,,166477,,,NOT_APPLICABLE,,NOT_APPLICABLE,,NOT_APPLICABLE,,VERIFIED,UNRESOLVED,,166477,UNRESOLVED,,no existing verified Player Research closure
player_season/2283,player_season,2023-24,,219924,,,NOT_APPLICABLE,,NOT_APPLICABLE,,NOT_APPLICABLE,,VERIFIED,UNRESOLVED,,219924,UNRESOLVED,,no existing verified Player Research closure
player_season/2284,player_season,2023-24,,169528,,,NOT_APPLICABLE,,NOT_APPLICABLE,,NOT_APPLICABLE,,VERIFIED,UNRESOLVED,,169528,UNRESOLVED,,no existing verified Player Research closure
player_season/2285,player_season,2023-24,,487693,,,NOT_APPLICABLE,,NOT_APPLICABLE,,NOT_APPLICABLE,,VERIFIED,UNRESOLVED,,487693,UNRESOLVED,,no existing verified Player Research closure
player_season/2286,player_season,2023-24,,547686,,,NOT_APPLICABLE,,NOT_APPLICABLE,,NOT_APPLICABLE,,VERIFIED,UNRESOLVED,,547686,UNRESOLVED,,no existing verified Player Research closure
player_season/2287,player_season,2023-24,,153366,,,NOT_APPLICABLE,,NOT_APPLICABLE,,NOT_APPLICABLE,,VERIFIED,UNRESOLVED,,153366,UNRESOLVED,,no existing verified Player Research closure
player_season/2288,player_season,2023-24,,153682,,,NOT_APPLICABLE,,NOT_APPLICABLE,,NOT_APPLICABLE,,VERIFIED,UNRESOLVED,,153682,UNRESOLVED,,no existing verified Player Research closure
player_season/2289,player_season,2023-24,,76357,,,NOT_APPLICABLE,,NOT_APPLICABLE,,NOT_APPLICABLE,,VERIFIED,UNRESOLVED,,76357,UNRESOLVED,,no existing verified Player Research closure
player_season/2290,player_season,2023-24,,156689,,,NOT_APPLICABLE,,NOT_APPLICABLE,,NOT_APPLICABLE,,VERIFIED,UNRESOLVED,,156689,UNRESOLVED,,no existing verified Player Research closure
player_season/2291,player_season,2023-24,,212314,,,NOT_APPLICABLE,,NOT_APPLICABLE,,NOT_APPLICABLE,,VERIFIED,UNRESOLVED,,212314,UNRESOLVED,,no existing verified Player Research closure
player_season/2292,player_season,2023-24,,577725,,,NOT_APPLICABLE,,NOT_APPLICABLE,,NOT_APPLICABLE,,VERIFIED,UNRESOLVED,,577725,UNRESOLVED,,no existing verified Player Research closure
player_season/2293,player_season,2023-24,,154296,,,NOT_APPLICABLE,,NOT_APPLICABLE,,NOT_APPLICABLE,,VERIFIED,UNRESOLVED,,154296,UNRESOLVED,,no existing verified Player Research closure
player_season/2294,player_season,2023-24,,432931,,,NOT_APPLICABLE,,NOT_APPLICABLE,,NOT_APPLICABLE,,VERIFIED,UNRESOLVED,,432931,UNRESOLVED,,no existing verified Player Research closure
player_season/2295,player_season,2023-24,,515024,,,NOT_APPLICABLE,,NOT_APPLICABLE,,NOT_APPLICABLE,,VERIFIED,UNRESOLVED,,515024,UNRESOLVED,,no existing verified Player Research closure
player_season/2296,player_season,2023-24,,515023,,,NOT_APPLICABLE,,NOT_APPLICABLE,,NOT_APPLICABLE,,VERIFIED,UNRESOLVED,,515023,UNRESOLVED,,no existing verified Player Research closure
player_season/2297,player_season,2023-24,,511504,,,NOT_APPLICABLE,,NOT_APPLICABLE,,NOT_APPLICABLE,,VERIFIED,UNRESOLVED,,511504,UNRESOLVED,,no existing verified Player Research closure
player_season/2298,player_season,2023-24,,102057,,,NOT_APPLICABLE,,NOT_APPLICABLE,,NOT_APPLICABLE,,VERIFIED,UNRESOLVED,,102057,UNRESOLVED,,no existing verified Player Research closure
player_season/2299,player_season,2023-24,,244042,,,NOT_APPLICABLE,,NOT_APPLICABLE,,NOT_APPLICABLE,,VERIFIED,UNRESOLVED,,244042,UNRESOLVED,,no existing verified Player Research closure
player_season/2300,player_season,2023-24,,440323,,,NOT_APPLICABLE,,NOT_APPLICABLE,,NOT_APPLICABLE,,VERIFIED,UNRESOLVED,,440323,UNRESOLVED,,no existing verified Player Research closure
player_season/2301,player_season,2023-24,,159533,,,NOT_APPLICABLE,,NOT_APPLICABLE,,NOT_APPLICABLE,,VERIFIED,UNRESOLVED,,159533,UNRESOLVED,,no existing verified Player Research closure
player_season/2302,player_season,2023-24,,245824,,,NOT_APPLICABLE,,NOT_APPLICABLE,,NOT_APPLICABLE,,VERIFIED,UNRESOLVED,,245824,UNRESOLVED,,no existing verified Player Research closure
player_season/2303,player_season,2023-24,,96994,,,NOT_APPLICABLE,,NOT_APPLICABLE,,NOT_APPLICABLE,,VERIFIED,UNRESOLVED,,96994,UNRESOLVED,,no existing verified Player Research closure
player_season/2304,player_season,2023-24,,153133,,,NOT_APPLICABLE,,NOT_APPLICABLE,,NOT_APPLICABLE,,VERIFIED,UNRESOLVED,,153133,UNRESOLVED,,no existing verified Player Research closure
player_season/2305,player_season,2023-24,,47431,,,NOT_APPLICABLE,,NOT_APPLICABLE,,NOT_APPLICABLE,,VERIFIED,UNRESOLVED,,47431,UNRESOLVED,,no existing verified Player Research closure
player_season/2306,player_season,2023-24,,490146,,,NOT_APPLICABLE,,NOT_APPLICABLE,,NOT_APPLICABLE,,VERIFIED,UNRESOLVED,,490146,UNRESOLVED,,no existing verified Player Research closure
player_season/2307,player_season,2023-24,,116535,,,NOT_APPLICABLE,,NOT_APPLICABLE,,NOT_APPLICABLE,,VERIFIED,UNRESOLVED,,116535,UNRESOLVED,,no existing verified Player Research closure
player_season/2308,player_season,2023-24,,60706,,,NOT_APPLICABLE,,NOT_APPLICABLE,,NOT_APPLICABLE,,VERIFIED,UNRESOLVED,,60706,UNRESOLVED,,no existing verified Player Research closure
player_season/2309,player_season,2023-24,,200720,,,NOT_APPLICABLE,,NOT_APPLICABLE,,NOT_APPLICABLE,,VERIFIED,UNRESOLVED,,200720,UNRESOLVED,,no existing verified Player Research closure
player_season/2310,player_season,2023-24,,518199,,,NOT_APPLICABLE,,NOT_APPLICABLE,,NOT_APPLICABLE,,VERIFIED,UNRESOLVED,,518199,UNRESOLVED,,no existing verified Player Research closure
player_season/2311,player_season,2023-24,,171287,,,NOT_APPLICABLE,,NOT_APPLICABLE,,NOT_APPLICABLE,,VERIFIED,UNRESOLVED,,171287,UNRESOLVED,,no existing verified Player Research closure
player_season/2312,player_season,2023-24,,97032,,,NOT_APPLICABLE,,NOT_APPLICABLE,,NOT_APPLICABLE,,VERIFIED,UNRESOLVED,,97032,UNRESOLVED,,no existing verified Player Research closure
player_season/2313,player_season,2023-24,,204716,,,NOT_APPLICABLE,,NOT_APPLICABLE,,NOT_APPLICABLE,,VERIFIED,UNRESOLVED,,204716,UNRESOLVED,,no existing verified Player Research closure
player_season/2314,player_season,2023-24,,214285,,,NOT_APPLICABLE,,NOT_APPLICABLE,,NOT_APPLICABLE,,VERIFIED,UNRESOLVED,,214285,UNRESOLVED,,no existing verified Player Research closure
player_season/2315,player_season,2023-24,,122798,,,NOT_APPLICABLE,,NOT_APPLICABLE,,NOT_APPLICABLE,,VERIFIED,UNRESOLVED,,122798,UNRESOLVED,,no existing verified Player Research closure
player_season/2316,player_season,2023-24,,60914,,,NOT_APPLICABLE,,NOT_APPLICABLE,,NOT_APPLICABLE,,VERIFIED,UNRESOLVED,,60914,UNRESOLVED,,no existing verified Player Research closure
player_season/2317,player_season,2023-24,,462491,,,NOT_APPLICABLE,,NOT_APPLICABLE,,NOT_APPLICABLE,,VERIFIED,UNRESOLVED,,462491,UNRESOLVED,,no existing verified Player Research closure
player_season/2318,player_season,2023-24,,519328,,,NOT_APPLICABLE,,NOT_APPLICABLE,,NOT_APPLICABLE,,VERIFIED,UNRESOLVED,,519328,UNRESOLVED,,no existing verified Player Research closure
player_season/2319,player_season,2023-24,,430992,,,NOT_APPLICABLE,,NOT_APPLICABLE,,NOT_APPLICABLE,,VERIFIED,UNRESOLVED,,430992,UNRESOLVED,,no existing verified Player Research closure
player_season/2320,player_season,2023-24,,611926,,,NOT_APPLICABLE,,NOT_APPLICABLE,,NOT_APPLICABLE,,VERIFIED,UNRESOLVED,,611926,UNRESOLVED,,no existing verified Player Research closure
player_season/2321,player_season,2023-24,,169187,,,NOT_APPLICABLE,,NOT_APPLICABLE,,NOT_APPLICABLE,,VERIFIED,UNRESOLVED,,169187,UNRESOLVED,,no existing verified Player Research closure
player_season/2322,player_season,2023-24,,441428,,,NOT_APPLICABLE,,NOT_APPLICABLE,,NOT_APPLICABLE,,VERIFIED,UNRESOLVED,,441428,UNRESOLVED,,no existing verified Player Research closure
player_season/2323,player_season,2023-24,,492777,,,NOT_APPLICABLE,,NOT_APPLICABLE,,NOT_APPLICABLE,,VERIFIED,UNRESOLVED,,492777,UNRESOLVED,,no existing verified Player Research closure
player_season/2324,player_season,2023-24,,158983,,,NOT_APPLICABLE,,NOT_APPLICABLE,,NOT_APPLICABLE,,VERIFIED,UNRESOLVED,,158983,UNRESOLVED,,no existing verified Player Research closure
player_season/2325,player_season,2023-24,,61558,,,NOT_APPLICABLE,,NOT_APPLICABLE,,NOT_APPLICABLE,,VERIFIED,UNRESOLVED,,61558,UNRESOLVED,,no existing verified Player Research closure
player_season/2326,player_season,2023-24,,424876,,,NOT_APPLICABLE,,NOT_APPLICABLE,,NOT_APPLICABLE,,VERIFIED,UNRESOLVED,,424876,UNRESOLVED,,no existing verified Player Research closure
player_season/2327,player_season,2023-24,,243016,,,NOT_APPLICABLE,,NOT_APPLICABLE,,NOT_APPLICABLE,,VERIFIED,UNRESOLVED,,243016,UNRESOLVED,,no existing verified Player Research closure
player_season/2328,player_season,2023-24,,206915,,,NOT_APPLICABLE,,NOT_APPLICABLE,,NOT_APPLICABLE,,VERIFIED,UNRESOLVED,,206915,UNRESOLVED,,no existing verified Player Research closure
player_season/2329,player_season,2023-24,,444884,,,NOT_APPLICABLE,,NOT_APPLICABLE,,NOT_APPLICABLE,,VERIFIED,UNRESOLVED,,444884,UNRESOLVED,,no existing verified Player Research closure
player_season/2330,player_season,2023-24,,441266,,,NOT_APPLICABLE,,NOT_APPLICABLE,,NOT_APPLICABLE,,VERIFIED,UNRESOLVED,,441266,UNRESOLVED,,no existing verified Player Research closure
player_season/2331,player_season,2023-24,,491970,,,NOT_APPLICABLE,,NOT_APPLICABLE,,NOT_APPLICABLE,,VERIFIED,UNRESOLVED,,491970,UNRESOLVED,,no existing verified Player Research closure
player_season/2332,player_season,2023-24,,535928,,,NOT_APPLICABLE,,NOT_APPLICABLE,,NOT_APPLICABLE,,VERIFIED,UNRESOLVED,,535928,UNRESOLVED,,no existing verified Player Research closure
player_season/2333,player_season,2023-24,,491501,,,NOT_APPLICABLE,,NOT_APPLICABLE,,NOT_APPLICABLE,,VERIFIED,UNRESOLVED,,491501,UNRESOLVED,,no existing verified Player Research closure
player_season/2334,player_season,2023-24,,591386,,,NOT_APPLICABLE,,NOT_APPLICABLE,,NOT_APPLICABLE,,VERIFIED,UNRESOLVED,,591386,UNRESOLVED,,no existing verified Player Research closure
player_season/2335,player_season,2023-24,,244731,,,NOT_APPLICABLE,,NOT_APPLICABLE,,NOT_APPLICABLE,,VERIFIED,UNRESOLVED,,244731,UNRESOLVED,,no existing verified Player Research closure
player_season/2336,player_season,2023-24,,447203,,,NOT_APPLICABLE,,NOT_APPLICABLE,,NOT_APPLICABLE,,VERIFIED,UNRESOLVED,,447203,UNRESOLVED,,no existing verified Player Research closure
player_season/2337,player_season,2023-24,,118748,,,NOT_APPLICABLE,,NOT_APPLICABLE,,NOT_APPLICABLE,,VERIFIED,UNRESOLVED,,118748,UNRESOLVED,,no existing verified Player Research closure
player_season/2338,player_season,2023-24,,243298,,,NOT_APPLICABLE,,NOT_APPLICABLE,,NOT_APPLICABLE,,VERIFIED,UNRESOLVED,,243298,UNRESOLVED,,no existing verified Player Research closure
player_season/2339,player_season,2023-24,,194634,,,NOT_APPLICABLE,,NOT_APPLICABLE,,NOT_APPLICABLE,,VERIFIED,UNRESOLVED,,194634,UNRESOLVED,,no existing verified Player Research closure
player_season/2340,player_season,2023-24,,496185,,,NOT_APPLICABLE,,NOT_APPLICABLE,,NOT_APPLICABLE,,VERIFIED,UNRESOLVED,,496185,UNRESOLVED,,no existing verified Player Research closure
player_season/2341,player_season,2023-24,,496208,,,NOT_APPLICABLE,,NOT_APPLICABLE,,NOT_APPLICABLE,,VERIFIED,UNRESOLVED,,496208,UNRESOLVED,,no existing verified Player Research closure
player_season/2342,player_season,2023-24,,514514,,,NOT_APPLICABLE,,NOT_APPLICABLE,,NOT_APPLICABLE,,VERIFIED,UNRESOLVED,,514514,UNRESOLVED,,no existing verified Player Research closure
player_season/2343,player_season,2023-24,,500058,,,NOT_APPLICABLE,,NOT_APPLICABLE,,NOT_APPLICABLE,,VERIFIED,UNRESOLVED,,500058,UNRESOLVED,,no existing verified Player Research closure
player_season/2344,player_season,2023-24,,77818,,,NOT_APPLICABLE,,NOT_APPLICABLE,,NOT_APPLICABLE,,VERIFIED,UNRESOLVED,,77818,UNRESOLVED,,no existing verified Player Research closure
player_season/2345,player_season,2023-24,,20480,,,NOT_APPLICABLE,,NOT_APPLICABLE,,NOT_APPLICABLE,,VERIFIED,UNRESOLVED,,20480,UNRESOLVED,,no existing verified Player Research closure
player_season/2346,player_season,2023-24,,54738,,,NOT_APPLICABLE,,NOT_APPLICABLE,,NOT_APPLICABLE,,VERIFIED,UNRESOLVED,,54738,UNRESOLVED,,no existing verified Player Research closure
player_season/2347,player_season,2023-24,,199056,,,NOT_APPLICABLE,,NOT_APPLICABLE,,NOT_APPLICABLE,,VERIFIED,UNRESOLVED,,199056,UNRESOLVED,,no existing verified Player Research closure
player_season/2348,player_season,2023-24,,108411,,,NOT_APPLICABLE,,NOT_APPLICABLE,,NOT_APPLICABLE,,VERIFIED,UNRESOLVED,,108411,UNRESOLVED,,no existing verified Player Research closure
player_season/2349,player_season,2023-24,,165183,,,NOT_APPLICABLE,,NOT_APPLICABLE,,NOT_APPLICABLE,,VERIFIED,UNRESOLVED,,165183,UNRESOLVED,,no existing verified Player Research closure
player_season/2350,player_season,2023-24,,108796,,,NOT_APPLICABLE,,NOT_APPLICABLE,,NOT_APPLICABLE,,VERIFIED,UNRESOLVED,,108796,UNRESOLVED,,no existing verified Player Research closure
player_season/2351,player_season,2023-24,,208904,,,NOT_APPLICABLE,,NOT_APPLICABLE,,NOT_APPLICABLE,,VERIFIED,UNRESOLVED,,208904,UNRESOLVED,,no existing verified Player Research closure
player_season/2352,player_season,2023-24,,476369,,,NOT_APPLICABLE,,NOT_APPLICABLE,,NOT_APPLICABLE,,VERIFIED,UNRESOLVED,,476369,UNRESOLVED,,no existing verified Player Research closure
player_season/2353,player_season,2023-24,,244856,,,NOT_APPLICABLE,,NOT_APPLICABLE,,NOT_APPLICABLE,,VERIFIED,UNRESOLVED,,244856,UNRESOLVED,,no existing verified Player Research closure
player_season/2354,player_season,2023-24,,156658,,,NOT_APPLICABLE,,NOT_APPLICABLE,,NOT_APPLICABLE,,VERIFIED,UNRESOLVED,,156658,UNRESOLVED,,no existing verified Player Research closure
player_season/2355,player_season,2023-24,,209293,,,NOT_APPLICABLE,,NOT_APPLICABLE,,NOT_APPLICABLE,,VERIFIED,UNRESOLVED,,209293,UNRESOLVED,,no existing verified Player Research closure
player_season/2356,player_season,2023-24,,611011,,,NOT_APPLICABLE,,NOT_APPLICABLE,,NOT_APPLICABLE,,VERIFIED,UNRESOLVED,,611011,UNRESOLVED,,no existing verified Player Research closure
player_season/2357,player_season,2023-24,,552030,,,NOT_APPLICABLE,,NOT_APPLICABLE,,NOT_APPLICABLE,,VERIFIED,UNRESOLVED,,552030,UNRESOLVED,,no existing verified Player Research closure
player_season/2358,player_season,2023-24,,634640,,,NOT_APPLICABLE,,NOT_APPLICABLE,,NOT_APPLICABLE,,VERIFIED,UNRESOLVED,,634640,UNRESOLVED,,no existing verified Player Research closure
player_season/2359,player_season,2023-24,,547668,,,NOT_APPLICABLE,,NOT_APPLICABLE,,NOT_APPLICABLE,,VERIFIED,UNRESOLVED,,547668,UNRESOLVED,,no existing verified Player Research closure
player_season/2360,player_season,2023-24,,88894,,,NOT_APPLICABLE,,NOT_APPLICABLE,,NOT_APPLICABLE,,VERIFIED,UNRESOLVED,,88894,UNRESOLVED,,no existing verified Player Research closure
player_season/2361,player_season,2023-24,,82738,,,NOT_APPLICABLE,,NOT_APPLICABLE,,NOT_APPLICABLE,,VERIFIED,UNRESOLVED,,82738,UNRESOLVED,,no existing verified Player Research closure
player_season/2362,player_season,2023-24,,184704,,,NOT_APPLICABLE,,NOT_APPLICABLE,,NOT_APPLICABLE,,VERIFIED,UNRESOLVED,,184704,UNRESOLVED,,no existing verified Player Research closure
player_season/2363,player_season,2023-24,,222677,,,NOT_APPLICABLE,,NOT_APPLICABLE,,NOT_APPLICABLE,,VERIFIED,UNRESOLVED,,222677,UNRESOLVED,,no existing verified Player Research closure
player_season/2364,player_season,2023-24,,104047,,,NOT_APPLICABLE,,NOT_APPLICABLE,,NOT_APPLICABLE,,VERIFIED,UNRESOLVED,,104047,UNRESOLVED,,no existing verified Player Research closure
player_season/2365,player_season,2023-24,,96784,,,NOT_APPLICABLE,,NOT_APPLICABLE,,NOT_APPLICABLE,,VERIFIED,UNRESOLVED,,96784,UNRESOLVED,,no existing verified Player Research closure
player_season/2366,player_season,2023-24,,193195,,,NOT_APPLICABLE,,NOT_APPLICABLE,,NOT_APPLICABLE,,VERIFIED,UNRESOLVED,,193195,UNRESOLVED,,no existing verified Player Research closure
player_season/2367,player_season,2023-24,,232351,,,NOT_APPLICABLE,,NOT_APPLICABLE,,NOT_APPLICABLE,,VERIFIED,UNRESOLVED,,232351,UNRESOLVED,,no existing verified Player Research closure
player_season/2368,player_season,2023-24,,437742,,,NOT_APPLICABLE,,NOT_APPLICABLE,,NOT_APPLICABLE,,VERIFIED,UNRESOLVED,,437742,UNRESOLVED,,no existing verified Player Research closure
player_season/2369,player_season,2023-24,,60252,,,NOT_APPLICABLE,,NOT_APPLICABLE,,NOT_APPLICABLE,,VERIFIED,UNRESOLVED,,60252,UNRESOLVED,,no existing verified Player Research closure
player_season/2370,player_season,2023-24,,168035,,,NOT_APPLICABLE,,NOT_APPLICABLE,,NOT_APPLICABLE,,VERIFIED,UNRESOLVED,,168035,UNRESOLVED,,no existing verified Player Research closure
player_season/2371,player_season,2023-24,,589114,,,NOT_APPLICABLE,,NOT_APPLICABLE,,NOT_APPLICABLE,,VERIFIED,UNRESOLVED,,589114,UNRESOLVED,,no existing verified Player Research closure
player_season/2372,player_season,2023-24,,244262,,,NOT_APPLICABLE,,NOT_APPLICABLE,,NOT_APPLICABLE,,VERIFIED,UNRESOLVED,,244262,UNRESOLVED,,no existing verified Player Research closure
player_season/2373,player_season,2023-24,,608060,,,NOT_APPLICABLE,,NOT_APPLICABLE,,NOT_APPLICABLE,,VERIFIED,UNRESOLVED,,608060,UNRESOLVED,,no existing verified Player Research closure
player_season/2374,player_season,2023-24,,647597,,,NOT_APPLICABLE,,NOT_APPLICABLE,,NOT_APPLICABLE,,VERIFIED,UNRESOLVED,,647597,UNRESOLVED,,no existing verified Player Research closure
player_season/2375,player_season,2023-24,,229164,,,NOT_APPLICABLE,,NOT_APPLICABLE,,NOT_APPLICABLE,,VERIFIED,UNRESOLVED,,229164,UNRESOLVED,,no existing verified Player Research closure
player_season/2376,player_season,2023-24,,156700,,,NOT_APPLICABLE,,NOT_APPLICABLE,,NOT_APPLICABLE,,VERIFIED,UNRESOLVED,,156700,UNRESOLVED,,no existing verified Player Research closure
player_season/2377,player_season,2023-24,,91046,,,NOT_APPLICABLE,,NOT_APPLICABLE,,NOT_APPLICABLE,,VERIFIED,UNRESOLVED,,91046,UNRESOLVED,,no existing verified Player Research closure
player_season/2378,player_season,2023-24,,174310,,,NOT_APPLICABLE,,NOT_APPLICABLE,,NOT_APPLICABLE,,VERIFIED,UNRESOLVED,,174310,UNRESOLVED,,no existing verified Player Research closure
player_season/2379,player_season,2023-24,,242453,,,NOT_APPLICABLE,,NOT_APPLICABLE,,NOT_APPLICABLE,,VERIFIED,UNRESOLVED,,242453,UNRESOLVED,,no existing verified Player Research closure
player_season/2380,player_season,2023-24,,422303,,,NOT_APPLICABLE,,NOT_APPLICABLE,,NOT_APPLICABLE,,VERIFIED,UNRESOLVED,,422303,UNRESOLVED,,no existing verified Player Research closure
player_season/2381,player_season,2023-24,,551995,,,NOT_APPLICABLE,,NOT_APPLICABLE,,NOT_APPLICABLE,,VERIFIED,UNRESOLVED,,551995,UNRESOLVED,,no existing verified Player Research closure
player_season/2382,player_season,2023-24,,88248,,,NOT_APPLICABLE,,NOT_APPLICABLE,,NOT_APPLICABLE,,VERIFIED,UNRESOLVED,,88248,UNRESOLVED,,no existing verified Player Research closure
player_season/2383,player_season,2023-24,,121160,,,NOT_APPLICABLE,,NOT_APPLICABLE,,NOT_APPLICABLE,,VERIFIED,UNRESOLVED,,121160,UNRESOLVED,,no existing verified Player Research closure
player_season/2384,player_season,2023-24,,17601,,,NOT_APPLICABLE,,NOT_APPLICABLE,,NOT_APPLICABLE,,VERIFIED,UNRESOLVED,,17601,UNRESOLVED,,no existing verified Player Research closure
player_season/2385,player_season,2023-24,,58621,,,NOT_APPLICABLE,,NOT_APPLICABLE,,NOT_APPLICABLE,,VERIFIED,UNRESOLVED,,58621,UNRESOLVED,,no existing verified Player Research closure
player_season/2386,player_season,2023-24,,171314,,,NOT_APPLICABLE,,NOT_APPLICABLE,,NOT_APPLICABLE,,VERIFIED,UNRESOLVED,,171314,UNRESOLVED,,no existing verified Player Research closure
player_season/2387,player_season,2023-24,,97299,,,NOT_APPLICABLE,,NOT_APPLICABLE,,NOT_APPLICABLE,,VERIFIED,UNRESOLVED,,97299,UNRESOLVED,,no existing verified Player Research closure
player_season/2388,player_season,2023-24,,126184,,,NOT_APPLICABLE,,NOT_APPLICABLE,,NOT_APPLICABLE,,VERIFIED,UNRESOLVED,,126184,UNRESOLVED,,no existing verified Player Research closure
player_season/2389,player_season,2023-24,,477424,,,NOT_APPLICABLE,,NOT_APPLICABLE,,NOT_APPLICABLE,,VERIFIED,UNRESOLVED,,477424,UNRESOLVED,,no existing verified Player Research closure
player_season/2390,player_season,2023-24,,211975,,,NOT_APPLICABLE,,NOT_APPLICABLE,,NOT_APPLICABLE,,VERIFIED,UNRESOLVED,,211975,UNRESOLVED,,no existing verified Player Research closure
player_season/2391,player_season,2023-24,,476369,,,NOT_APPLICABLE,,NOT_APPLICABLE,,NOT_APPLICABLE,,VERIFIED,UNRESOLVED,,476369,UNRESOLVED,,no existing verified Player Research closure
player_season/2392,player_season,2023-24,,477064,,,NOT_APPLICABLE,,NOT_APPLICABLE,,NOT_APPLICABLE,,VERIFIED,UNRESOLVED,,477064,UNRESOLVED,,no existing verified Player Research closure
player_season/2393,player_season,2023-24,,155405,,,NOT_APPLICABLE,,NOT_APPLICABLE,,NOT_APPLICABLE,,VERIFIED,UNRESOLVED,,155405,UNRESOLVED,,no existing verified Player Research closure
player_season/2394,player_season,2023-24,,91651,,,NOT_APPLICABLE,,NOT_APPLICABLE,,NOT_APPLICABLE,,VERIFIED,UNRESOLVED,,91651,UNRESOLVED,,no existing verified Player Research closure
player_season/2395,player_season,2023-24,,114283,,,NOT_APPLICABLE,,NOT_APPLICABLE,,NOT_APPLICABLE,,VERIFIED,UNRESOLVED,,114283,UNRESOLVED,,no existing verified Player Research closure
player_season/2396,player_season,2023-24,,220566,,,NOT_APPLICABLE,,NOT_APPLICABLE,,NOT_APPLICABLE,,VERIFIED,UNRESOLVED,,220566,UNRESOLVED,,no existing verified Player Research closure
player_season/2397,player_season,2023-24,,61366,,,NOT_APPLICABLE,,NOT_APPLICABLE,,NOT_APPLICABLE,,VERIFIED,UNRESOLVED,,61366,UNRESOLVED,,no existing verified Player Research closure
player_season/2398,player_season,2023-24,,165809,,,NOT_APPLICABLE,,NOT_APPLICABLE,,NOT_APPLICABLE,,VERIFIED,UNRESOLVED,,165809,UNRESOLVED,,no existing verified Player Research closure
player_season/2399,player_season,2023-24,,437468,,,NOT_APPLICABLE,,NOT_APPLICABLE,,NOT_APPLICABLE,,VERIFIED,UNRESOLVED,,437468,UNRESOLVED,,no existing verified Player Research closure
player_season/2400,player_season,2023-24,,465351,,,NOT_APPLICABLE,,NOT_APPLICABLE,,NOT_APPLICABLE,,VERIFIED,UNRESOLVED,,465351,UNRESOLVED,,no existing verified Player Research closure
player_season/2401,player_season,2023-24,,482769,,,NOT_APPLICABLE,,NOT_APPLICABLE,,NOT_APPLICABLE,,VERIFIED,UNRESOLVED,,482769,UNRESOLVED,,no existing verified Player Research closure
player_season/2402,player_season,2023-24,,209244,,,NOT_APPLICABLE,,NOT_APPLICABLE,,NOT_APPLICABLE,,VERIFIED,UNRESOLVED,,209244,UNRESOLVED,,no existing verified Player Research closure
player_season/2403,player_season,2023-24,,477555,,,NOT_APPLICABLE,,NOT_APPLICABLE,,NOT_APPLICABLE,,VERIFIED,UNRESOLVED,,477555,UNRESOLVED,,no existing verified Player Research closure
player_season/2404,player_season,2023-24,,516250,,,NOT_APPLICABLE,,NOT_APPLICABLE,,NOT_APPLICABLE,,VERIFIED,UNRESOLVED,,516250,UNRESOLVED,,no existing verified Player Research closure
player_season/2405,player_season,2023-24,,220394,,,NOT_APPLICABLE,,NOT_APPLICABLE,,NOT_APPLICABLE,,VERIFIED,UNRESOLVED,,220394,UNRESOLVED,,no existing verified Player Research closure
player_season/2406,player_season,2023-24,,496283,,,NOT_APPLICABLE,,NOT_APPLICABLE,,NOT_APPLICABLE,,VERIFIED,UNRESOLVED,,496283,UNRESOLVED,,no existing verified Player Research closure
player_season/2407,player_season,2023-24,,432714,,,NOT_APPLICABLE,,NOT_APPLICABLE,,NOT_APPLICABLE,,VERIFIED,UNRESOLVED,,432714,UNRESOLVED,,no existing verified Player Research closure
player_season/2408,player_season,2023-24,,462438,,,NOT_APPLICABLE,,NOT_APPLICABLE,,NOT_APPLICABLE,,VERIFIED,UNRESOLVED,,462438,UNRESOLVED,,no existing verified Player Research closure
player_season/2409,player_season,2023-24,,223094,,,NOT_APPLICABLE,,NOT_APPLICABLE,,NOT_APPLICABLE,,VERIFIED,UNRESOLVED,,223094,UNRESOLVED,,no existing verified Player Research closure
player_season/2410,player_season,2023-24,,248875,,,NOT_APPLICABLE,,NOT_APPLICABLE,,NOT_APPLICABLE,,VERIFIED,UNRESOLVED,,248875,UNRESOLVED,,no existing verified Player Research closure
player_season/2411,player_season,2023-24,,461358,,,NOT_APPLICABLE,,NOT_APPLICABLE,,NOT_APPLICABLE,,VERIFIED,UNRESOLVED,,461358,UNRESOLVED,,no existing verified Player Research closure
player_season/2412,player_season,2023-24,,451302,,,NOT_APPLICABLE,,NOT_APPLICABLE,,NOT_APPLICABLE,,VERIFIED,UNRESOLVED,,451302,UNRESOLVED,,no existing verified Player Research closure
player_season/2413,player_season,2023-24,,21205,,,NOT_APPLICABLE,,NOT_APPLICABLE,,NOT_APPLICABLE,,VERIFIED,UNRESOLVED,,21205,UNRESOLVED,,no existing verified Player Research closure
player_season/2414,player_season,2023-24,,202641,,,NOT_APPLICABLE,,NOT_APPLICABLE,,NOT_APPLICABLE,,VERIFIED,UNRESOLVED,,202641,UNRESOLVED,,no existing verified Player Research closure
player_season/2415,player_season,2023-24,,477733,,,NOT_APPLICABLE,,NOT_APPLICABLE,,NOT_APPLICABLE,,VERIFIED,UNRESOLVED,,477733,UNRESOLVED,,no existing verified Player Research closure
player_season/2416,player_season,2023-24,,461537,,,NOT_APPLICABLE,,NOT_APPLICABLE,,NOT_APPLICABLE,,VERIFIED,UNRESOLVED,,461537,UNRESOLVED,,no existing verified Player Research closure
player_season/2417,player_season,2023-24,,184667,,,NOT_APPLICABLE,,NOT_APPLICABLE,,NOT_APPLICABLE,,VERIFIED,UNRESOLVED,,184667,UNRESOLVED,,no existing verified Player Research closure
player_season/2418,player_season,2023-24,,95658,,,NOT_APPLICABLE,,NOT_APPLICABLE,,NOT_APPLICABLE,,VERIFIED,UNRESOLVED,,95658,UNRESOLVED,,no existing verified Player Research closure
player_season/2419,player_season,2023-24,,221820,,,NOT_APPLICABLE,,NOT_APPLICABLE,,NOT_APPLICABLE,,VERIFIED,UNRESOLVED,,221820,UNRESOLVED,,no existing verified Player Research closure
player_season/2420,player_season,2023-24,,90152,,,NOT_APPLICABLE,,NOT_APPLICABLE,,NOT_APPLICABLE,,VERIFIED,UNRESOLVED,,90152,UNRESOLVED,,no existing verified Player Research closure
player_season/2421,player_season,2023-24,,216051,,,NOT_APPLICABLE,,NOT_APPLICABLE,,NOT_APPLICABLE,,VERIFIED,UNRESOLVED,,216051,UNRESOLVED,,no existing verified Player Research closure
player_season/2422,player_season,2023-24,,106760,,,NOT_APPLICABLE,,NOT_APPLICABLE,,NOT_APPLICABLE,,VERIFIED,UNRESOLVED,,106760,UNRESOLVED,,no existing verified Player Research closure
player_season/2423,player_season,2023-24,,214590,,,NOT_APPLICABLE,,NOT_APPLICABLE,,NOT_APPLICABLE,,VERIFIED,UNRESOLVED,,214590,UNRESOLVED,,no existing verified Player Research closure
player_season/2424,player_season,2023-24,,37642,,,NOT_APPLICABLE,,NOT_APPLICABLE,,NOT_APPLICABLE,,VERIFIED,UNRESOLVED,,37642,UNRESOLVED,,no existing verified Player Research closure
player_season/2425,player_season,2023-24,,577974,,,NOT_APPLICABLE,,NOT_APPLICABLE,,NOT_APPLICABLE,,VERIFIED,UNRESOLVED,,577974,UNRESOLVED,,no existing verified Player Research closure
player_season/2426,player_season,2023-24,,515501,,,NOT_APPLICABLE,,NOT_APPLICABLE,,NOT_APPLICABLE,,VERIFIED,UNRESOLVED,,515501,UNRESOLVED,,no existing verified Player Research closure
player_season/2427,player_season,2023-24,,518466,,,NOT_APPLICABLE,,NOT_APPLICABLE,,NOT_APPLICABLE,,VERIFIED,UNRESOLVED,,518466,UNRESOLVED,,no existing verified Player Research closure
player_season/2428,player_season,2023-24,,515500,,,NOT_APPLICABLE,,NOT_APPLICABLE,,NOT_APPLICABLE,,VERIFIED,UNRESOLVED,,515500,UNRESOLVED,,no existing verified Player Research closure
player_season/2429,player_season,2023-24,,519325,,,NOT_APPLICABLE,,NOT_APPLICABLE,,NOT_APPLICABLE,,VERIFIED,UNRESOLVED,,519325,UNRESOLVED,,no existing verified Player Research closure
player_season/2430,player_season,2023-24,,530117,,,NOT_APPLICABLE,,NOT_APPLICABLE,,NOT_APPLICABLE,,VERIFIED,UNRESOLVED,,530117,UNRESOLVED,,no existing verified Player Research closure
player_season/2431,player_season,2023-24,,172912,,,NOT_APPLICABLE,,NOT_APPLICABLE,,NOT_APPLICABLE,,VERIFIED,UNRESOLVED,,172912,UNRESOLVED,,no existing verified Player Research closure
player_season/2432,player_season,2023-24,,184341,,,NOT_APPLICABLE,,NOT_APPLICABLE,,NOT_APPLICABLE,,VERIFIED,UNRESOLVED,,184341,UNRESOLVED,,no existing verified Player Research closure
player_season/2433,player_season,2023-24,,141746,,,NOT_APPLICABLE,,NOT_APPLICABLE,,NOT_APPLICABLE,,VERIFIED,UNRESOLVED,,141746,UNRESOLVED,,no existing verified Player Research closure
player_season/2434,player_season,2023-24,,80607,,,NOT_APPLICABLE,,NOT_APPLICABLE,,NOT_APPLICABLE,,VERIFIED,UNRESOLVED,,80607,UNRESOLVED,,no existing verified Player Research closure
player_season/2435,player_season,2023-24,,61256,,,NOT_APPLICABLE,,NOT_APPLICABLE,,NOT_APPLICABLE,,VERIFIED,UNRESOLVED,,61256,UNRESOLVED,,no existing verified Player Research closure
player_season/2436,player_season,2023-24,,488404,,,NOT_APPLICABLE,,NOT_APPLICABLE,,NOT_APPLICABLE,,VERIFIED,UNRESOLVED,,488404,UNRESOLVED,,no existing verified Player Research closure
player_season/2437,player_season,2023-24,,180184,,,NOT_APPLICABLE,,NOT_APPLICABLE,,NOT_APPLICABLE,,VERIFIED,UNRESOLVED,,180184,UNRESOLVED,,no existing verified Player Research closure
player_season/2438,player_season,2023-24,,516895,,,NOT_APPLICABLE,,NOT_APPLICABLE,,NOT_APPLICABLE,,VERIFIED,UNRESOLVED,,516895,UNRESOLVED,,no existing verified Player Research closure
player_season/2439,player_season,2023-24,,195851,,,NOT_APPLICABLE,,NOT_APPLICABLE,,NOT_APPLICABLE,,VERIFIED,UNRESOLVED,,195851,UNRESOLVED,,no existing verified Player Research closure
player_season/2440,player_season,2023-24,,490881,,,NOT_APPLICABLE,,NOT_APPLICABLE,,NOT_APPLICABLE,,VERIFIED,UNRESOLVED,,490881,UNRESOLVED,,no existing verified Player Research closure
player_season/2441,player_season,2023-24,,504598,,,NOT_APPLICABLE,,NOT_APPLICABLE,,NOT_APPLICABLE,,VERIFIED,UNRESOLVED,,504598,UNRESOLVED,,no existing verified Player Research closure
player_season/2442,player_season,2023-24,,465527,,,NOT_APPLICABLE,,NOT_APPLICABLE,,NOT_APPLICABLE,,VERIFIED,UNRESOLVED,,465527,UNRESOLVED,,no existing verified Player Research closure
player_season/2443,player_season,2023-24,,487828,,,NOT_APPLICABLE,,NOT_APPLICABLE,,NOT_APPLICABLE,,VERIFIED,UNRESOLVED,,487828,UNRESOLVED,,no existing verified Player Research closure
player_season/2444,player_season,2023-24,,148225,,,NOT_APPLICABLE,,NOT_APPLICABLE,,NOT_APPLICABLE,,VERIFIED,UNRESOLVED,,148225,UNRESOLVED,,no existing verified Player Research closure
player_season/2445,player_season,2023-24,,497894,,,NOT_APPLICABLE,,NOT_APPLICABLE,,NOT_APPLICABLE,,VERIFIED,UNRESOLVED,,497894,UNRESOLVED,,no existing verified Player Research closure
player_season/2446,player_season,2023-24,,176297,,,NOT_APPLICABLE,,NOT_APPLICABLE,,NOT_APPLICABLE,,VERIFIED,UNRESOLVED,,176297,UNRESOLVED,,no existing verified Player Research closure
player_season/2447,player_season,2023-24,,493250,,,NOT_APPLICABLE,,NOT_APPLICABLE,,NOT_APPLICABLE,,VERIFIED,UNRESOLVED,,493250,UNRESOLVED,,no existing verified Player Research closure
player_season/2448,player_season,2023-24,,493105,,,NOT_APPLICABLE,,NOT_APPLICABLE,,NOT_APPLICABLE,,VERIFIED,UNRESOLVED,,493105,UNRESOLVED,,no existing verified Player Research closure
player_season/2449,player_season,2023-24,,467169,,,NOT_APPLICABLE,,NOT_APPLICABLE,,NOT_APPLICABLE,,VERIFIED,UNRESOLVED,,467169,UNRESOLVED,,no existing verified Player Research closure
player_season/2450,player_season,2023-24,,209243,,,NOT_APPLICABLE,,NOT_APPLICABLE,,NOT_APPLICABLE,,VERIFIED,UNRESOLVED,,209243,UNRESOLVED,,no existing verified Player Research closure
player_season/2451,player_season,2023-24,,575034,,,NOT_APPLICABLE,,NOT_APPLICABLE,,NOT_APPLICABLE,,VERIFIED,UNRESOLVED,,575034,UNRESOLVED,,no existing verified Player Research closure
player_season/2452,player_season,2023-24,,515504,,,NOT_APPLICABLE,,NOT_APPLICABLE,,NOT_APPLICABLE,,VERIFIED,UNRESOLVED,,515504,UNRESOLVED,,no existing verified Player Research closure
player_season/2453,player_season,2023-24,,67089,,,NOT_APPLICABLE,,NOT_APPLICABLE,,NOT_APPLICABLE,,VERIFIED,UNRESOLVED,,67089,UNRESOLVED,,no existing verified Player Research closure
player_season/2454,player_season,2023-24,,104542,,,NOT_APPLICABLE,,NOT_APPLICABLE,,NOT_APPLICABLE,,VERIFIED,UNRESOLVED,,104542,UNRESOLVED,,no existing verified Player Research closure
player_season/2455,player_season,2023-24,,98747,,,NOT_APPLICABLE,,NOT_APPLICABLE,,NOT_APPLICABLE,,VERIFIED,UNRESOLVED,,98747,UNRESOLVED,,no existing verified Player Research closure
player_season/2456,player_season,2023-24,,81441,,,NOT_APPLICABLE,,NOT_APPLICABLE,,NOT_APPLICABLE,,VERIFIED,UNRESOLVED,,81441,UNRESOLVED,,no existing verified Player Research closure
player_season/2457,player_season,2023-24,,77794,,,NOT_APPLICABLE,,NOT_APPLICABLE,,NOT_APPLICABLE,,VERIFIED,UNRESOLVED,,77794,UNRESOLVED,,no existing verified Player Research closure
player_season/2458,player_season,2023-24,,106618,,,NOT_APPLICABLE,,NOT_APPLICABLE,,NOT_APPLICABLE,,VERIFIED,UNRESOLVED,,106618,UNRESOLVED,,no existing verified Player Research closure
player_season/2459,player_season,2023-24,,220237,,,NOT_APPLICABLE,,NOT_APPLICABLE,,NOT_APPLICABLE,,VERIFIED,UNRESOLVED,,220237,UNRESOLVED,,no existing verified Player Research closure
player_season/2460,player_season,2023-24,,119471,,,NOT_APPLICABLE,,NOT_APPLICABLE,,NOT_APPLICABLE,,VERIFIED,UNRESOLVED,,119471,UNRESOLVED,,no existing verified Player Research closure
player_season/2461,player_season,2023-24,,101148,,,NOT_APPLICABLE,,NOT_APPLICABLE,,NOT_APPLICABLE,,VERIFIED,UNRESOLVED,,101148,UNRESOLVED,,no existing verified Player Research closure
player_season/2462,player_season,2023-24,,169359,,,NOT_APPLICABLE,,NOT_APPLICABLE,,NOT_APPLICABLE,,VERIFIED,UNRESOLVED,,169359,UNRESOLVED,,no existing verified Player Research closure
player_season/2463,player_season,2023-24,,111773,,,NOT_APPLICABLE,,NOT_APPLICABLE,,NOT_APPLICABLE,,VERIFIED,UNRESOLVED,,111773,UNRESOLVED,,no existing verified Player Research closure
player_season/2464,player_season,2023-24,,487838,,,NOT_APPLICABLE,,NOT_APPLICABLE,,NOT_APPLICABLE,,VERIFIED,UNRESOLVED,,487838,UNRESOLVED,,no existing verified Player Research closure
player_season/2465,player_season,2023-24,,441191,,,NOT_APPLICABLE,,NOT_APPLICABLE,,NOT_APPLICABLE,,VERIFIED,UNRESOLVED,,441191,UNRESOLVED,,no existing verified Player Research closure
player_season/2466,player_season,2023-24,,78916,,,NOT_APPLICABLE,,NOT_APPLICABLE,,NOT_APPLICABLE,,VERIFIED,UNRESOLVED,,78916,UNRESOLVED,,no existing verified Player Research closure
player_season/2467,player_season,2023-24,,545477,,,NOT_APPLICABLE,,NOT_APPLICABLE,,NOT_APPLICABLE,,VERIFIED,UNRESOLVED,,545477,UNRESOLVED,,no existing verified Player Research closure
player_season/2468,player_season,2023-24,,432422,,,NOT_APPLICABLE,,NOT_APPLICABLE,,NOT_APPLICABLE,,VERIFIED,UNRESOLVED,,432422,UNRESOLVED,,no existing verified Player Research closure
player_season/2469,player_season,2023-24,,201666,,,NOT_APPLICABLE,,NOT_APPLICABLE,,NOT_APPLICABLE,,VERIFIED,UNRESOLVED,,201666,UNRESOLVED,,no existing verified Player Research closure
player_season/2470,player_season,2023-24,,56983,,,NOT_APPLICABLE,,NOT_APPLICABLE,,NOT_APPLICABLE,,VERIFIED,UNRESOLVED,,56983,UNRESOLVED,,no existing verified Player Research closure
player_season/2471,player_season,2023-24,,114243,,,NOT_APPLICABLE,,NOT_APPLICABLE,,NOT_APPLICABLE,,VERIFIED,UNRESOLVED,,114243,UNRESOLVED,,no existing verified Player Research closure
player_season/2472,player_season,2023-24,,179018,,,NOT_APPLICABLE,,NOT_APPLICABLE,,NOT_APPLICABLE,,VERIFIED,UNRESOLVED,,179018,UNRESOLVED,,no existing verified Player Research closure
player_season/2473,player_season,2023-24,,200089,,,NOT_APPLICABLE,,NOT_APPLICABLE,,NOT_APPLICABLE,,VERIFIED,UNRESOLVED,,200089,UNRESOLVED,,no existing verified Player Research closure
player_season/2474,player_season,2023-24,,215379,,,NOT_APPLICABLE,,NOT_APPLICABLE,,NOT_APPLICABLE,,VERIFIED,UNRESOLVED,,215379,UNRESOLVED,,no existing verified Player Research closure
player_season/2475,player_season,2023-24,,180135,,,NOT_APPLICABLE,,NOT_APPLICABLE,,NOT_APPLICABLE,,VERIFIED,UNRESOLVED,,180135,UNRESOLVED,,no existing verified Player Research closure
player_season/2476,player_season,2023-24,,208706,,,NOT_APPLICABLE,,NOT_APPLICABLE,,NOT_APPLICABLE,,VERIFIED,UNRESOLVED,,208706,UNRESOLVED,,no existing verified Player Research closure
player_season/2477,player_season,2023-24,,461484,,,NOT_APPLICABLE,,NOT_APPLICABLE,,NOT_APPLICABLE,,VERIFIED,UNRESOLVED,,461484,UNRESOLVED,,no existing verified Player Research closure
player_season/2478,player_season,2023-24,,547719,,,NOT_APPLICABLE,,NOT_APPLICABLE,,NOT_APPLICABLE,,VERIFIED,UNRESOLVED,,547719,UNRESOLVED,,no existing verified Player Research closure
player_season/2479,player_season,2023-24,,592436,,,NOT_APPLICABLE,,NOT_APPLICABLE,,NOT_APPLICABLE,,VERIFIED,UNRESOLVED,,592436,UNRESOLVED,,no existing verified Player Research closure
player_season/2480,player_season,2023-24,,180974,,,NOT_APPLICABLE,,NOT_APPLICABLE,,NOT_APPLICABLE,,VERIFIED,UNRESOLVED,,180974,UNRESOLVED,,no existing verified Player Research closure
player_season/2481,player_season,2023-24,,75115,,,NOT_APPLICABLE,,NOT_APPLICABLE,,NOT_APPLICABLE,,VERIFIED,UNRESOLVED,,75115,UNRESOLVED,,no existing verified Player Research closure
player_season/2482,player_season,2023-24,,232826,,,NOT_APPLICABLE,,NOT_APPLICABLE,,NOT_APPLICABLE,,VERIFIED,UNRESOLVED,,232826,UNRESOLVED,,no existing verified Player Research closure
player_season/2483,player_season,2023-24,,219168,,,NOT_APPLICABLE,,NOT_APPLICABLE,,NOT_APPLICABLE,,VERIFIED,UNRESOLVED,,219168,UNRESOLVED,,no existing verified Player Research closure
player_season/2484,player_season,2023-24,,248859,,,NOT_APPLICABLE,,NOT_APPLICABLE,,NOT_APPLICABLE,,VERIFIED,UNRESOLVED,,248859,UNRESOLVED,,no existing verified Player Research closure
player_season/2485,player_season,2023-24,,490150,,,NOT_APPLICABLE,,NOT_APPLICABLE,,NOT_APPLICABLE,,VERIFIED,UNRESOLVED,,490150,UNRESOLVED,,no existing verified Player Research closure
player_season/2486,player_season,2023-24,,547716,,,NOT_APPLICABLE,,NOT_APPLICABLE,,NOT_APPLICABLE,,VERIFIED,UNRESOLVED,,547716,UNRESOLVED,,no existing verified Player Research closure
player_season/2487,player_season,2023-24,,224068,,,NOT_APPLICABLE,,NOT_APPLICABLE,,NOT_APPLICABLE,,VERIFIED,UNRESOLVED,,224068,UNRESOLVED,,no existing verified Player Research closure
player_season/2488,player_season,2023-24,,20066,,,NOT_APPLICABLE,,NOT_APPLICABLE,,NOT_APPLICABLE,,VERIFIED,UNRESOLVED,,20066,UNRESOLVED,,no existing verified Player Research closure
player_season/2489,player_season,2023-24,,111452,,,NOT_APPLICABLE,,NOT_APPLICABLE,,NOT_APPLICABLE,,VERIFIED,UNRESOLVED,,111452,UNRESOLVED,,no existing verified Player Research closure
player_season/2490,player_season,2023-24,,85633,,,NOT_APPLICABLE,,NOT_APPLICABLE,,NOT_APPLICABLE,,VERIFIED,UNRESOLVED,,85633,UNRESOLVED,,no existing verified Player Research closure
player_season/2491,player_season,2023-24,,437626,,,NOT_APPLICABLE,,NOT_APPLICABLE,,NOT_APPLICABLE,,VERIFIED,UNRESOLVED,,437626,UNRESOLVED,,no existing verified Player Research closure
player_season/2492,player_season,2023-24,,208912,,,NOT_APPLICABLE,,NOT_APPLICABLE,,NOT_APPLICABLE,,VERIFIED,UNRESOLVED,,208912,UNRESOLVED,,no existing verified Player Research closure
player_season/2493,player_season,2023-24,,575476,,,NOT_APPLICABLE,,NOT_APPLICABLE,,NOT_APPLICABLE,,VERIFIED,UNRESOLVED,,575476,UNRESOLVED,,no existing verified Player Research closure
player_season/2494,player_season,2023-24,,215136,,,NOT_APPLICABLE,,NOT_APPLICABLE,,NOT_APPLICABLE,,VERIFIED,UNRESOLVED,,215136,UNRESOLVED,,no existing verified Player Research closure
player_season/2495,player_season,2023-24,,466404,,,NOT_APPLICABLE,,NOT_APPLICABLE,,NOT_APPLICABLE,,VERIFIED,UNRESOLVED,,466404,UNRESOLVED,,no existing verified Player Research closure
player_season/2496,player_season,2023-24,,114241,,,NOT_APPLICABLE,,NOT_APPLICABLE,,NOT_APPLICABLE,,VERIFIED,UNRESOLVED,,114241,UNRESOLVED,,no existing verified Player Research closure
player_season/2497,player_season,2023-24,,116404,,,NOT_APPLICABLE,,NOT_APPLICABLE,,NOT_APPLICABLE,,VERIFIED,UNRESOLVED,,116404,UNRESOLVED,,no existing verified Player Research closure
player_season/2498,player_season,2023-24,,199170,,,NOT_APPLICABLE,,NOT_APPLICABLE,,NOT_APPLICABLE,,VERIFIED,UNRESOLVED,,199170,UNRESOLVED,,no existing verified Player Research closure
player_season/2499,player_season,2023-24,,168281,,,NOT_APPLICABLE,,NOT_APPLICABLE,,NOT_APPLICABLE,,VERIFIED,UNRESOLVED,,168281,UNRESOLVED,,no existing verified Player Research closure
player_season/2500,player_season,2023-24,,218430,,,NOT_APPLICABLE,,NOT_APPLICABLE,,NOT_APPLICABLE,,VERIFIED,UNRESOLVED,,218430,UNRESOLVED,,no existing verified Player Research closure
player_season/2501,player_season,2023-24,,90585,,,NOT_APPLICABLE,,NOT_APPLICABLE,,NOT_APPLICABLE,,VERIFIED,UNRESOLVED,,90585,UNRESOLVED,,no existing verified Player Research closure
player_season/2502,player_season,2023-24,,159506,,,NOT_APPLICABLE,,NOT_APPLICABLE,,NOT_APPLICABLE,,VERIFIED,UNRESOLVED,,159506,UNRESOLVED,,no existing verified Player Research closure
player_season/2503,player_season,2023-24,,243345,,,NOT_APPLICABLE,,NOT_APPLICABLE,,NOT_APPLICABLE,,VERIFIED,UNRESOLVED,,243345,UNRESOLVED,,no existing verified Player Research closure
player_season/2504,player_season,2023-24,,179519,,,NOT_APPLICABLE,,NOT_APPLICABLE,,NOT_APPLICABLE,,VERIFIED,UNRESOLVED,,179519,UNRESOLVED,,no existing verified Player Research closure
player_season/2505,player_season,2023-24,,210462,,,NOT_APPLICABLE,,NOT_APPLICABLE,,NOT_APPLICABLE,,VERIFIED,UNRESOLVED,,210462,UNRESOLVED,,no existing verified Player Research closure
player_season/2506,player_season,2023-24,,55037,,,NOT_APPLICABLE,,NOT_APPLICABLE,,NOT_APPLICABLE,,VERIFIED,UNRESOLVED,,55037,UNRESOLVED,,no existing verified Player Research closure
player_season/2507,player_season,2023-24,,222531,,,NOT_APPLICABLE,,NOT_APPLICABLE,,NOT_APPLICABLE,,VERIFIED,UNRESOLVED,,222531,UNRESOLVED,,no existing verified Player Research closure
player_season/2508,player_season,2023-24,,250199,,,NOT_APPLICABLE,,NOT_APPLICABLE,,NOT_APPLICABLE,,VERIFIED,UNRESOLVED,,250199,UNRESOLVED,,no existing verified Player Research closure
player_season/2509,player_season,2023-24,,427420,,,NOT_APPLICABLE,,NOT_APPLICABLE,,NOT_APPLICABLE,,VERIFIED,UNRESOLVED,,427420,UNRESOLVED,,no existing verified Player Research closure
player_season/2510,player_season,2023-24,,204968,,,NOT_APPLICABLE,,NOT_APPLICABLE,,NOT_APPLICABLE,,VERIFIED,UNRESOLVED,,204968,UNRESOLVED,,no existing verified Player Research closure
player_season/2511,player_season,2023-24,,513046,,,NOT_APPLICABLE,,NOT_APPLICABLE,,NOT_APPLICABLE,,VERIFIED,UNRESOLVED,,513046,UNRESOLVED,,no existing verified Player Research closure
player_season/2512,player_season,2023-24,,461682,,,NOT_APPLICABLE,,NOT_APPLICABLE,,NOT_APPLICABLE,,VERIFIED,UNRESOLVED,,461682,UNRESOLVED,,no existing verified Player Research closure
player_season/2513,player_season,2023-24,,524070,,,NOT_APPLICABLE,,NOT_APPLICABLE,,NOT_APPLICABLE,,VERIFIED,UNRESOLVED,,524070,UNRESOLVED,,no existing verified Player Research closure
player_season/2514,player_season,2023-24,,210156,,,NOT_APPLICABLE,,NOT_APPLICABLE,,NOT_APPLICABLE,,VERIFIED,UNRESOLVED,,210156,UNRESOLVED,,no existing verified Player Research closure
player_season/2515,player_season,2023-24,,60689,,,NOT_APPLICABLE,,NOT_APPLICABLE,,NOT_APPLICABLE,,VERIFIED,UNRESOLVED,,60689,UNRESOLVED,,no existing verified Player Research closure
player_season/2516,player_season,2023-24,,209046,,,NOT_APPLICABLE,,NOT_APPLICABLE,,NOT_APPLICABLE,,VERIFIED,UNRESOLVED,,209046,UNRESOLVED,,no existing verified Player Research closure
player_season/2517,player_season,2023-24,,449434,,,NOT_APPLICABLE,,NOT_APPLICABLE,,NOT_APPLICABLE,,VERIFIED,UNRESOLVED,,449434,UNRESOLVED,,no existing verified Player Research closure
player_season/2518,player_season,2023-24,,152760,,,NOT_APPLICABLE,,NOT_APPLICABLE,,NOT_APPLICABLE,,VERIFIED,UNRESOLVED,,152760,UNRESOLVED,,no existing verified Player Research closure
player_season/2519,player_season,2023-24,,201440,,,NOT_APPLICABLE,,NOT_APPLICABLE,,NOT_APPLICABLE,,VERIFIED,UNRESOLVED,,201440,UNRESOLVED,,no existing verified Player Research closure
player_season/2520,player_season,2023-24,,551232,,,NOT_APPLICABLE,,NOT_APPLICABLE,,NOT_APPLICABLE,,VERIFIED,UNRESOLVED,,551232,UNRESOLVED,,no existing verified Player Research closure
player_season/2521,player_season,2023-24,,536677,,,NOT_APPLICABLE,,NOT_APPLICABLE,,NOT_APPLICABLE,,VERIFIED,UNRESOLVED,,536677,UNRESOLVED,,no existing verified Player Research closure
player_season/2522,player_season,2023-24,,536681,,,NOT_APPLICABLE,,NOT_APPLICABLE,,NOT_APPLICABLE,,VERIFIED,UNRESOLVED,,536681,UNRESOLVED,,no existing verified Player Research closure
player_season/2523,player_season,2023-24,,173268,,,NOT_APPLICABLE,,NOT_APPLICABLE,,NOT_APPLICABLE,,VERIFIED,UNRESOLVED,,173268,UNRESOLVED,,no existing verified Player Research closure
player_season/2524,player_season,2023-24,,102549,,,NOT_APPLICABLE,,NOT_APPLICABLE,,NOT_APPLICABLE,,VERIFIED,UNRESOLVED,,102549,UNRESOLVED,,no existing verified Player Research closure
player_season/2525,player_season,2023-24,,82143,,,NOT_APPLICABLE,,NOT_APPLICABLE,,NOT_APPLICABLE,,VERIFIED,UNRESOLVED,,82143,UNRESOLVED,,no existing verified Player Research closure
player_season/2526,player_season,2023-24,,538206,,,NOT_APPLICABLE,,NOT_APPLICABLE,,NOT_APPLICABLE,,VERIFIED,UNRESOLVED,,538206,UNRESOLVED,,no existing verified Player Research closure
player_season/2527,player_season,2023-24,,82691,,,NOT_APPLICABLE,,NOT_APPLICABLE,,NOT_APPLICABLE,,VERIFIED,UNRESOLVED,,82691,UNRESOLVED,,no existing verified Player Research closure
player_season/2528,player_season,2023-24,,155197,,,NOT_APPLICABLE,,NOT_APPLICABLE,,NOT_APPLICABLE,,VERIFIED,UNRESOLVED,,155197,UNRESOLVED,,no existing verified Player Research closure
player_season/2529,player_season,2023-24,,201410,,,NOT_APPLICABLE,,NOT_APPLICABLE,,NOT_APPLICABLE,,VERIFIED,UNRESOLVED,,201410,UNRESOLVED,,no existing verified Player Research closure
player_season/2530,player_season,2023-24,,40386,,,NOT_APPLICABLE,,NOT_APPLICABLE,,NOT_APPLICABLE,,VERIFIED,UNRESOLVED,,40386,UNRESOLVED,,no existing verified Player Research closure
player_season/2531,player_season,2023-24,,108416,,,NOT_APPLICABLE,,NOT_APPLICABLE,,NOT_APPLICABLE,,VERIFIED,UNRESOLVED,,108416,UNRESOLVED,,no existing verified Player Research closure
player_season/2532,player_season,2023-24,,233821,,,NOT_APPLICABLE,,NOT_APPLICABLE,,NOT_APPLICABLE,,VERIFIED,UNRESOLVED,,233821,UNRESOLVED,,no existing verified Player Research closure
player_season/2533,player_season,2023-24,,83427,,,NOT_APPLICABLE,,NOT_APPLICABLE,,NOT_APPLICABLE,,VERIFIED,UNRESOLVED,,83427,UNRESOLVED,,no existing verified Player Research closure
player_season/2534,player_season,2023-24,,226182,,,NOT_APPLICABLE,,NOT_APPLICABLE,,NOT_APPLICABLE,,VERIFIED,UNRESOLVED,,226182,UNRESOLVED,,no existing verified Player Research closure
player_season/2535,player_season,2023-24,,432990,,,NOT_APPLICABLE,,NOT_APPLICABLE,,NOT_APPLICABLE,,VERIFIED,UNRESOLVED,,432990,UNRESOLVED,,no existing verified Player Research closure
player_season/2536,player_season,2023-24,,549344,,,NOT_APPLICABLE,,NOT_APPLICABLE,,NOT_APPLICABLE,,VERIFIED,UNRESOLVED,,549344,UNRESOLVED,,no existing verified Player Research closure
player_season/2537,player_season,2023-24,,194164,,,NOT_APPLICABLE,,NOT_APPLICABLE,,NOT_APPLICABLE,,VERIFIED,UNRESOLVED,,194164,UNRESOLVED,,no existing verified Player Research closure
player_season/2538,player_season,2023-24,,443211,,,NOT_APPLICABLE,,NOT_APPLICABLE,,NOT_APPLICABLE,,VERIFIED,UNRESOLVED,,443211,UNRESOLVED,,no existing verified Player Research closure
player_season/2539,player_season,2023-24,,471848,,,NOT_APPLICABLE,,NOT_APPLICABLE,,NOT_APPLICABLE,,VERIFIED,UNRESOLVED,,471848,UNRESOLVED,,no existing verified Player Research closure
player_season/2540,player_season,2023-24,,601496,,,NOT_APPLICABLE,,NOT_APPLICABLE,,NOT_APPLICABLE,,VERIFIED,UNRESOLVED,,601496,UNRESOLVED,,no existing verified Player Research closure
player_season/2541,player_season,2023-24,,616094,,,NOT_APPLICABLE,,NOT_APPLICABLE,,NOT_APPLICABLE,,VERIFIED,UNRESOLVED,,616094,UNRESOLVED,,no existing verified Player Research closure
player_season/2542,player_season,2023-24,,532372,,,NOT_APPLICABLE,,NOT_APPLICABLE,,NOT_APPLICABLE,,VERIFIED,UNRESOLVED,,532372,UNRESOLVED,,no existing verified Player Research closure
player_season/2543,player_season,2023-24,,196100,,,NOT_APPLICABLE,,NOT_APPLICABLE,,NOT_APPLICABLE,,VERIFIED,UNRESOLVED,,196100,UNRESOLVED,,no existing verified Player Research closure
player_season/2544,player_season,2023-24,,79934,,,NOT_APPLICABLE,,NOT_APPLICABLE,,NOT_APPLICABLE,,VERIFIED,UNRESOLVED,,79934,UNRESOLVED,,no existing verified Player Research closure
player_season/2545,player_season,2023-24,,424001,,,NOT_APPLICABLE,,NOT_APPLICABLE,,NOT_APPLICABLE,,VERIFIED,UNRESOLVED,,424001,UNRESOLVED,,no existing verified Player Research closure
player_season/2546,player_season,2023-24,,173807,,,NOT_APPLICABLE,,NOT_APPLICABLE,,NOT_APPLICABLE,,VERIFIED,UNRESOLVED,,173807,UNRESOLVED,,no existing verified Player Research closure
player_season/2547,player_season,2023-24,,167878,,,NOT_APPLICABLE,,NOT_APPLICABLE,,NOT_APPLICABLE,,VERIFIED,UNRESOLVED,,167878,UNRESOLVED,,no existing verified Player Research closure
player_season/2548,player_season,2023-24,,504198,,,NOT_APPLICABLE,,NOT_APPLICABLE,,NOT_APPLICABLE,,VERIFIED,UNRESOLVED,,504198,UNRESOLVED,,no existing verified Player Research closure
player_season/2549,player_season,2023-24,,432714,,,NOT_APPLICABLE,,NOT_APPLICABLE,,NOT_APPLICABLE,,VERIFIED,UNRESOLVED,,432714,UNRESOLVED,,no existing verified Player Research closure
player_season/2550,player_season,2023-24,,476938,,,NOT_APPLICABLE,,NOT_APPLICABLE,,NOT_APPLICABLE,,VERIFIED,UNRESOLVED,,476938,UNRESOLVED,,no existing verified Player Research closure
player_season/2551,player_season,2023-24,,538210,,,NOT_APPLICABLE,,NOT_APPLICABLE,,NOT_APPLICABLE,,VERIFIED,UNRESOLVED,,538210,UNRESOLVED,,no existing verified Player Research closure
player_season/2552,player_season,2023-24,,552425,,,NOT_APPLICABLE,,NOT_APPLICABLE,,NOT_APPLICABLE,,VERIFIED,UNRESOLVED,,552425,UNRESOLVED,,no existing verified Player Research closure
player_season/2553,player_season,2023-24,,591538,,,NOT_APPLICABLE,,NOT_APPLICABLE,,NOT_APPLICABLE,,VERIFIED,UNRESOLVED,,591538,UNRESOLVED,,no existing verified Player Research closure
player_season/2554,player_season,2023-24,,487836,,,NOT_APPLICABLE,,NOT_APPLICABLE,,NOT_APPLICABLE,,VERIFIED,UNRESOLVED,,487836,UNRESOLVED,,no existing verified Player Research closure
player_season/2555,player_season,2023-24,,195473,,,NOT_APPLICABLE,,NOT_APPLICABLE,,NOT_APPLICABLE,,VERIFIED,UNRESOLVED,,195473,UNRESOLVED,,no existing verified Player Research closure
player_season/2556,player_season,2023-24,,169432,,,NOT_APPLICABLE,,NOT_APPLICABLE,,NOT_APPLICABLE,,VERIFIED,UNRESOLVED,,169432,UNRESOLVED,,no existing verified Player Research closure
player_season/2557,player_season,2023-24,,433979,,,NOT_APPLICABLE,,NOT_APPLICABLE,,NOT_APPLICABLE,,VERIFIED,UNRESOLVED,,433979,UNRESOLVED,,no existing verified Player Research closure
player_season/2558,player_season,2023-24,,204814,,,NOT_APPLICABLE,,NOT_APPLICABLE,,NOT_APPLICABLE,,VERIFIED,UNRESOLVED,,204814,UNRESOLVED,,no existing verified Player Research closure
player_season/2559,player_season,2023-24,,523957,,,NOT_APPLICABLE,,NOT_APPLICABLE,,NOT_APPLICABLE,,VERIFIED,UNRESOLVED,,523957,UNRESOLVED,,no existing verified Player Research closure
player_season/2560,player_season,2023-24,,538207,,,NOT_APPLICABLE,,NOT_APPLICABLE,,NOT_APPLICABLE,,VERIFIED,UNRESOLVED,,538207,UNRESOLVED,,no existing verified Player Research closure
player_season/2561,player_season,2023-24,,532377,,,NOT_APPLICABLE,,NOT_APPLICABLE,,NOT_APPLICABLE,,VERIFIED,UNRESOLVED,,532377,UNRESOLVED,,no existing verified Player Research closure
player_season/2562,player_season,2023-24,,523700,,,NOT_APPLICABLE,,NOT_APPLICABLE,,NOT_APPLICABLE,,VERIFIED,UNRESOLVED,,523700,UNRESOLVED,,no existing verified Player Research closure
player_season/2563,player_season,2023-24,,585472,,,NOT_APPLICABLE,,NOT_APPLICABLE,,NOT_APPLICABLE,,VERIFIED,UNRESOLVED,,585472,UNRESOLVED,,no existing verified Player Research closure
player_season/2564,player_season,2023-24,,591539,,,NOT_APPLICABLE,,NOT_APPLICABLE,,NOT_APPLICABLE,,VERIFIED,UNRESOLVED,,591539,UNRESOLVED,,no existing verified Player Research closure
player_season/2565,player_season,2023-24,,184254,,,NOT_APPLICABLE,,NOT_APPLICABLE,,NOT_APPLICABLE,,VERIFIED,UNRESOLVED,,184254,UNRESOLVED,,no existing verified Player Research closure
player_season/2566,player_season,2023-24,,40383,,,NOT_APPLICABLE,,NOT_APPLICABLE,,NOT_APPLICABLE,,VERIFIED,UNRESOLVED,,40383,UNRESOLVED,,no existing verified Player Research closure
player_season/2567,player_season,2023-24,,214572,,,NOT_APPLICABLE,,NOT_APPLICABLE,,NOT_APPLICABLE,,VERIFIED,UNRESOLVED,,214572,UNRESOLVED,,no existing verified Player Research closure
player_season/2568,player_season,2023-24,,175941,,,NOT_APPLICABLE,,NOT_APPLICABLE,,NOT_APPLICABLE,,VERIFIED,UNRESOLVED,,175941,UNRESOLVED,,no existing verified Player Research closure
player_season/2569,player_season,2023-24,,199249,,,NOT_APPLICABLE,,NOT_APPLICABLE,,NOT_APPLICABLE,,VERIFIED,UNRESOLVED,,199249,UNRESOLVED,,no existing verified Player Research closure
player_season/2570,player_season,2023-24,,493125,,,NOT_APPLICABLE,,NOT_APPLICABLE,,NOT_APPLICABLE,,VERIFIED,UNRESOLVED,,493125,UNRESOLVED,,no existing verified Player Research closure
player_season/2571,player_season,2023-24,,241157,,,NOT_APPLICABLE,,NOT_APPLICABLE,,NOT_APPLICABLE,,VERIFIED,UNRESOLVED,,241157,UNRESOLVED,,no existing verified Player Research closure
player_season/2572,player_season,2023-24,,487053,,,NOT_APPLICABLE,,NOT_APPLICABLE,,NOT_APPLICABLE,,VERIFIED,UNRESOLVED,,487053,UNRESOLVED,,no existing verified Player Research closure
player_season/2573,player_season,2023-24,,93264,,,NOT_APPLICABLE,,NOT_APPLICABLE,,NOT_APPLICABLE,,VERIFIED,UNRESOLVED,,93264,UNRESOLVED,,no existing verified Player Research closure
player_season/2574,player_season,2023-24,,221632,,,NOT_APPLICABLE,,NOT_APPLICABLE,,NOT_APPLICABLE,,VERIFIED,UNRESOLVED,,221632,UNRESOLVED,,no existing verified Player Research closure
player_season/2575,player_season,2023-24,,441164,,,NOT_APPLICABLE,,NOT_APPLICABLE,,NOT_APPLICABLE,,VERIFIED,UNRESOLVED,,441164,UNRESOLVED,,no existing verified Player Research closure
player_season/2576,player_season,2023-24,,115556,,,NOT_APPLICABLE,,NOT_APPLICABLE,,NOT_APPLICABLE,,VERIFIED,UNRESOLVED,,115556,UNRESOLVED,,no existing verified Player Research closure
player_season/2577,player_season,2023-24,,548308,,,NOT_APPLICABLE,,NOT_APPLICABLE,,NOT_APPLICABLE,,VERIFIED,UNRESOLVED,,548308,UNRESOLVED,,no existing verified Player Research closure
player_season/2578,player_season,2023-24,,491279,,,NOT_APPLICABLE,,NOT_APPLICABLE,,NOT_APPLICABLE,,VERIFIED,UNRESOLVED,,491279,UNRESOLVED,,no existing verified Player Research closure
player_season/2579,player_season,2023-24,,519321,,,NOT_APPLICABLE,,NOT_APPLICABLE,,NOT_APPLICABLE,,VERIFIED,UNRESOLVED,,519321,UNRESOLVED,,no existing verified Player Research closure
player_season/2580,player_season,2023-24,,209042,,,NOT_APPLICABLE,,NOT_APPLICABLE,,NOT_APPLICABLE,,VERIFIED,UNRESOLVED,,209042,UNRESOLVED,,no existing verified Player Research closure
player_season/2581,player_season,2023-24,,132015,,,NOT_APPLICABLE,,NOT_APPLICABLE,,NOT_APPLICABLE,,VERIFIED,UNRESOLVED,,132015,UNRESOLVED,,no existing verified Player Research closure
player_season/2582,player_season,2023-24,,227127,,,NOT_APPLICABLE,,NOT_APPLICABLE,,NOT_APPLICABLE,,VERIFIED,UNRESOLVED,,227127,UNRESOLVED,,no existing verified Player Research closure
player_season/2583,player_season,2023-24,,172780,,,NOT_APPLICABLE,,NOT_APPLICABLE,,NOT_APPLICABLE,,VERIFIED,UNRESOLVED,,172780,UNRESOLVED,,no existing verified Player Research closure
player_season/2584,player_season,2023-24,,45034,,,NOT_APPLICABLE,,NOT_APPLICABLE,,NOT_APPLICABLE,,VERIFIED,UNRESOLVED,,45034,UNRESOLVED,,no existing verified Player Research closure
player_season/2585,player_season,2023-24,,200826,,,NOT_APPLICABLE,,NOT_APPLICABLE,,NOT_APPLICABLE,,VERIFIED,UNRESOLVED,,200826,UNRESOLVED,,no existing verified Player Research closure
player_season/2586,player_season,2023-24,,445044,,,NOT_APPLICABLE,,NOT_APPLICABLE,,NOT_APPLICABLE,,VERIFIED,UNRESOLVED,,445044,UNRESOLVED,,no existing verified Player Research closure
player_season/2587,player_season,2023-24,,482442,,,NOT_APPLICABLE,,NOT_APPLICABLE,,NOT_APPLICABLE,,VERIFIED,UNRESOLVED,,482442,UNRESOLVED,,no existing verified Player Research closure
player_season/2588,player_season,2023-24,,202993,,,NOT_APPLICABLE,,NOT_APPLICABLE,,NOT_APPLICABLE,,VERIFIED,UNRESOLVED,,202993,UNRESOLVED,,no existing verified Player Research closure
player_season/2589,player_season,2023-24,,563934,,,NOT_APPLICABLE,,NOT_APPLICABLE,,NOT_APPLICABLE,,VERIFIED,UNRESOLVED,,563934,UNRESOLVED,,no existing verified Player Research closure
player_season/2590,player_season,2023-24,,85971,,,NOT_APPLICABLE,,NOT_APPLICABLE,,NOT_APPLICABLE,,VERIFIED,UNRESOLVED,,85971,UNRESOLVED,,no existing verified Player Research closure
player_season/2591,player_season,2023-24,,212319,,,NOT_APPLICABLE,,NOT_APPLICABLE,,NOT_APPLICABLE,,VERIFIED,UNRESOLVED,,212319,UNRESOLVED,,no existing verified Player Research closure
player_season/2592,player_season,2023-24,,436234,,,NOT_APPLICABLE,,NOT_APPLICABLE,,NOT_APPLICABLE,,VERIFIED,UNRESOLVED,,436234,UNRESOLVED,,no existing verified Player Research closure
player_season/2593,player_season,2023-24,,165153,,,NOT_APPLICABLE,,NOT_APPLICABLE,,NOT_APPLICABLE,,VERIFIED,UNRESOLVED,,165153,UNRESOLVED,,no existing verified Player Research closure
player_season/2594,player_season,2023-24,,242898,,,NOT_APPLICABLE,,NOT_APPLICABLE,,NOT_APPLICABLE,,VERIFIED,UNRESOLVED,,242898,UNRESOLVED,,no existing verified Player Research closure
player_season/2595,player_season,2023-24,,235674,,,NOT_APPLICABLE,,NOT_APPLICABLE,,NOT_APPLICABLE,,VERIFIED,UNRESOLVED,,235674,UNRESOLVED,,no existing verified Player Research closure
player_season/2596,player_season,2023-24,,536908,,,NOT_APPLICABLE,,NOT_APPLICABLE,,NOT_APPLICABLE,,VERIFIED,UNRESOLVED,,536908,UNRESOLVED,,no existing verified Player Research closure
player_season/2597,player_season,2023-24,,490145,,,NOT_APPLICABLE,,NOT_APPLICABLE,,NOT_APPLICABLE,,VERIFIED,UNRESOLVED,,490145,UNRESOLVED,,no existing verified Player Research closure
player_season/2598,player_season,2023-24,,499721,,,NOT_APPLICABLE,,NOT_APPLICABLE,,NOT_APPLICABLE,,VERIFIED,UNRESOLVED,,499721,UNRESOLVED,,no existing verified Player Research closure
player_season/2599,player_season,2023-24,,492779,,,NOT_APPLICABLE,,NOT_APPLICABLE,,NOT_APPLICABLE,,VERIFIED,UNRESOLVED,,492779,UNRESOLVED,,no existing verified Player Research closure
player_season/2600,player_season,2023-24,,513588,,,NOT_APPLICABLE,,NOT_APPLICABLE,,NOT_APPLICABLE,,VERIFIED,UNRESOLVED,,513588,UNRESOLVED,,no existing verified Player Research closure
player_season/2601,player_season,2023-24,,37096,,,NOT_APPLICABLE,,NOT_APPLICABLE,,NOT_APPLICABLE,,VERIFIED,UNRESOLVED,,37096,UNRESOLVED,,no existing verified Player Research closure
player_season/2602,player_season,2023-24,,84182,,,NOT_APPLICABLE,,NOT_APPLICABLE,,NOT_APPLICABLE,,VERIFIED,UNRESOLVED,,84182,UNRESOLVED,,no existing verified Player Research closure
player_season/2603,player_season,2023-24,,447879,,,NOT_APPLICABLE,,NOT_APPLICABLE,,NOT_APPLICABLE,,VERIFIED,UNRESOLVED,,447879,UNRESOLVED,,no existing verified Player Research closure
player_season/2604,player_season,2023-24,,222018,,,NOT_APPLICABLE,,NOT_APPLICABLE,,NOT_APPLICABLE,,VERIFIED,UNRESOLVED,,222018,UNRESOLVED,,no existing verified Player Research closure
player_season/2605,player_season,2023-24,,55459,,,NOT_APPLICABLE,,NOT_APPLICABLE,,NOT_APPLICABLE,,VERIFIED,UNRESOLVED,,55459,UNRESOLVED,,no existing verified Player Research closure
player_season/2606,player_season,2023-24,,103192,,,NOT_APPLICABLE,,NOT_APPLICABLE,,NOT_APPLICABLE,,VERIFIED,UNRESOLVED,,103192,UNRESOLVED,,no existing verified Player Research closure
player_season/2607,player_season,2023-24,,164555,,,NOT_APPLICABLE,,NOT_APPLICABLE,,NOT_APPLICABLE,,VERIFIED,UNRESOLVED,,164555,UNRESOLVED,,no existing verified Player Research closure
player_season/2608,player_season,2023-24,,233963,,,NOT_APPLICABLE,,NOT_APPLICABLE,,NOT_APPLICABLE,,VERIFIED,UNRESOLVED,,233963,UNRESOLVED,,no existing verified Player Research closure
player_season/2609,player_season,2023-24,,40669,,,NOT_APPLICABLE,,NOT_APPLICABLE,,NOT_APPLICABLE,,VERIFIED,UNRESOLVED,,40669,UNRESOLVED,,no existing verified Player Research closure
player_season/2610,player_season,2023-24,,210494,,,NOT_APPLICABLE,,NOT_APPLICABLE,,NOT_APPLICABLE,,VERIFIED,UNRESOLVED,,210494,UNRESOLVED,,no existing verified Player Research closure
player_season/2611,player_season,2023-24,,109533,,,NOT_APPLICABLE,,NOT_APPLICABLE,,NOT_APPLICABLE,,VERIFIED,UNRESOLVED,,109533,UNRESOLVED,,no existing verified Player Research closure
player_season/2612,player_season,2023-24,,518438,,,NOT_APPLICABLE,,NOT_APPLICABLE,,NOT_APPLICABLE,,VERIFIED,UNRESOLVED,,518438,UNRESOLVED,,no existing verified Player Research closure
player_season/2613,player_season,2023-24,,450554,,,NOT_APPLICABLE,,NOT_APPLICABLE,,NOT_APPLICABLE,,VERIFIED,UNRESOLVED,,450554,UNRESOLVED,,no existing verified Player Research closure
player_season/2614,player_season,2023-24,,536109,,,NOT_APPLICABLE,,NOT_APPLICABLE,,NOT_APPLICABLE,,VERIFIED,UNRESOLVED,,536109,UNRESOLVED,,no existing verified Player Research closure
player_season/2615,player_season,2023-24,,101178,,,NOT_APPLICABLE,,NOT_APPLICABLE,,NOT_APPLICABLE,,VERIFIED,UNRESOLVED,,101178,UNRESOLVED,,no existing verified Player Research closure
player_season/2616,player_season,2023-24,,224024,,,NOT_APPLICABLE,,NOT_APPLICABLE,,NOT_APPLICABLE,,VERIFIED,UNRESOLVED,,224024,UNRESOLVED,,no existing verified Player Research closure
player_season/2617,player_season,2023-24,,155405,,,NOT_APPLICABLE,,NOT_APPLICABLE,,NOT_APPLICABLE,,VERIFIED,UNRESOLVED,,155405,UNRESOLVED,,no existing verified Player Research closure
player_season/2618,player_season,2023-24,,460842,,,NOT_APPLICABLE,,NOT_APPLICABLE,,NOT_APPLICABLE,,VERIFIED,UNRESOLVED,,460842,UNRESOLVED,,no existing verified Player Research closure
player_season/2619,player_season,2023-24,,213999,,,NOT_APPLICABLE,,NOT_APPLICABLE,,NOT_APPLICABLE,,VERIFIED,UNRESOLVED,,213999,UNRESOLVED,,no existing verified Player Research closure
player_season/2620,player_season,2023-24,,215439,,,NOT_APPLICABLE,,NOT_APPLICABLE,,NOT_APPLICABLE,,VERIFIED,UNRESOLVED,,215439,UNRESOLVED,,no existing verified Player Research closure
player_season/2621,player_season,2023-24,,490885,,,NOT_APPLICABLE,,NOT_APPLICABLE,,NOT_APPLICABLE,,VERIFIED,UNRESOLVED,,490885,UNRESOLVED,,no existing verified Player Research closure
player_season/2622,player_season,2023-24,,518442,,,NOT_APPLICABLE,,NOT_APPLICABLE,,NOT_APPLICABLE,,VERIFIED,UNRESOLVED,,518442,UNRESOLVED,,no existing verified Player Research closure
player_season/2623,player_season,2023-24,,57531,,,NOT_APPLICABLE,,NOT_APPLICABLE,,NOT_APPLICABLE,,VERIFIED,UNRESOLVED,,57531,UNRESOLVED,,no existing verified Player Research closure
player_season/2624,player_season,2023-24,,84939,,,NOT_APPLICABLE,,NOT_APPLICABLE,,NOT_APPLICABLE,,VERIFIED,UNRESOLVED,,84939,UNRESOLVED,,no existing verified Player Research closure
player_season/2625,player_season,2023-24,,178186,,,NOT_APPLICABLE,,NOT_APPLICABLE,,NOT_APPLICABLE,,VERIFIED,UNRESOLVED,,178186,UNRESOLVED,,no existing verified Player Research closure
player_season/2626,player_season,2023-24,,149519,,,NOT_APPLICABLE,,NOT_APPLICABLE,,NOT_APPLICABLE,,VERIFIED,UNRESOLVED,,149519,UNRESOLVED,,no existing verified Player Research closure
player_season/2627,player_season,2023-24,,172841,,,NOT_APPLICABLE,,NOT_APPLICABLE,,NOT_APPLICABLE,,VERIFIED,UNRESOLVED,,172841,UNRESOLVED,,no existing verified Player Research closure
player_season/2628,player_season,2023-24,,487837,,,NOT_APPLICABLE,,NOT_APPLICABLE,,NOT_APPLICABLE,,VERIFIED,UNRESOLVED,,487837,UNRESOLVED,,no existing verified Player Research closure
player_season/2629,player_season,2023-24,,565431,,,NOT_APPLICABLE,,NOT_APPLICABLE,,NOT_APPLICABLE,,VERIFIED,UNRESOLVED,,565431,UNRESOLVED,,no existing verified Player Research closure
player_season/2630,player_season,2023-24,,149065,,,NOT_APPLICABLE,,NOT_APPLICABLE,,NOT_APPLICABLE,,VERIFIED,UNRESOLVED,,149065,UNRESOLVED,,no existing verified Player Research closure
player_season/2631,player_season,2023-24,,79602,,,NOT_APPLICABLE,,NOT_APPLICABLE,,NOT_APPLICABLE,,VERIFIED,UNRESOLVED,,79602,UNRESOLVED,,no existing verified Player Research closure
player_season/2632,player_season,2023-24,,138001,,,NOT_APPLICABLE,,NOT_APPLICABLE,,NOT_APPLICABLE,,VERIFIED,UNRESOLVED,,138001,UNRESOLVED,,no existing verified Player Research closure
player_season/2633,player_season,2023-24,,87835,,,NOT_APPLICABLE,,NOT_APPLICABLE,,NOT_APPLICABLE,,VERIFIED,UNRESOLVED,,87835,UNRESOLVED,,no existing verified Player Research closure
player_season/2634,player_season,2023-24,,448514,,,NOT_APPLICABLE,,NOT_APPLICABLE,,NOT_APPLICABLE,,VERIFIED,UNRESOLVED,,448514,UNRESOLVED,,no existing verified Player Research closure
player_season/2635,player_season,2023-24,,231480,,,NOT_APPLICABLE,,NOT_APPLICABLE,,NOT_APPLICABLE,,VERIFIED,UNRESOLVED,,231480,UNRESOLVED,,no existing verified Player Research closure
player_season/2636,player_season,2023-24,,501837,,,NOT_APPLICABLE,,NOT_APPLICABLE,,NOT_APPLICABLE,,VERIFIED,UNRESOLVED,,501837,UNRESOLVED,,no existing verified Player Research closure
player_season/2637,player_season,2023-24,,60232,,,NOT_APPLICABLE,,NOT_APPLICABLE,,NOT_APPLICABLE,,VERIFIED,UNRESOLVED,,60232,UNRESOLVED,,no existing verified Player Research closure
player_season/2638,player_season,2023-24,,490721,,,NOT_APPLICABLE,,NOT_APPLICABLE,,NOT_APPLICABLE,,VERIFIED,UNRESOLVED,,490721,UNRESOLVED,,no existing verified Player Research closure
player_season/2639,player_season,2023-24,,200402,,,NOT_APPLICABLE,,NOT_APPLICABLE,,NOT_APPLICABLE,,VERIFIED,UNRESOLVED,,200402,UNRESOLVED,,no existing verified Player Research closure
player_season/2640,player_season,2023-24,,214048,,,NOT_APPLICABLE,,NOT_APPLICABLE,,NOT_APPLICABLE,,VERIFIED,UNRESOLVED,,214048,UNRESOLVED,,no existing verified Player Research closure
player_season/2641,player_season,2023-24,,510362,,,NOT_APPLICABLE,,NOT_APPLICABLE,,NOT_APPLICABLE,,VERIFIED,UNRESOLVED,,510362,UNRESOLVED,,no existing verified Player Research closure
player_season/2642,player_season,2023-24,,613467,,,NOT_APPLICABLE,,NOT_APPLICABLE,,NOT_APPLICABLE,,VERIFIED,UNRESOLVED,,613467,UNRESOLVED,,no existing verified Player Research closure
player_season/2643,player_season,2023-24,,504750,,,NOT_APPLICABLE,,NOT_APPLICABLE,,NOT_APPLICABLE,,VERIFIED,UNRESOLVED,,504750,UNRESOLVED,,no existing verified Player Research closure
player_season/2644,player_season,2023-24,,151086,,,NOT_APPLICABLE,,NOT_APPLICABLE,,NOT_APPLICABLE,,VERIFIED,UNRESOLVED,,151086,UNRESOLVED,,no existing verified Player Research closure
player_season/2645,player_season,2023-24,,476502,,,NOT_APPLICABLE,,NOT_APPLICABLE,,NOT_APPLICABLE,,VERIFIED,UNRESOLVED,,476502,UNRESOLVED,,no existing verified Player Research closure
player_season/2646,player_season,2023-24,,448089,,,NOT_APPLICABLE,,NOT_APPLICABLE,,NOT_APPLICABLE,,VERIFIED,UNRESOLVED,,448089,UNRESOLVED,,no existing verified Player Research closure
player_season/2647,player_season,2023-24,,220394,,,NOT_APPLICABLE,,NOT_APPLICABLE,,NOT_APPLICABLE,,VERIFIED,UNRESOLVED,,220394,UNRESOLVED,,no existing verified Player Research closure
player_season/2648,player_season,2023-24,,88484,,,NOT_APPLICABLE,,NOT_APPLICABLE,,NOT_APPLICABLE,,VERIFIED,UNRESOLVED,,88484,UNRESOLVED,,no existing verified Player Research closure
player_season/2649,player_season,2023-24,,231057,,,NOT_APPLICABLE,,NOT_APPLICABLE,,NOT_APPLICABLE,,VERIFIED,UNRESOLVED,,231057,UNRESOLVED,,no existing verified Player Research closure
player_season/2650,player_season,2023-24,,497606,,,NOT_APPLICABLE,,NOT_APPLICABLE,,NOT_APPLICABLE,,VERIFIED,UNRESOLVED,,497606,UNRESOLVED,,no existing verified Player Research closure
player_season/2651,player_season,2023-24,,240299,,,NOT_APPLICABLE,,NOT_APPLICABLE,,NOT_APPLICABLE,,VERIFIED,UNRESOLVED,,240299,UNRESOLVED,,no existing verified Player Research closure
player_season/2652,player_season,2023-24,,449133,,,NOT_APPLICABLE,,NOT_APPLICABLE,,NOT_APPLICABLE,,VERIFIED,UNRESOLVED,,449133,UNRESOLVED,,no existing verified Player Research closure
player_season/2653,player_season,2023-24,,514362,,,NOT_APPLICABLE,,NOT_APPLICABLE,,NOT_APPLICABLE,,VERIFIED,UNRESOLVED,,514362,UNRESOLVED,,no existing verified Player Research closure
player_season/2654,player_season,2023-24,,483398,,,NOT_APPLICABLE,,NOT_APPLICABLE,,NOT_APPLICABLE,,VERIFIED,UNRESOLVED,,483398,UNRESOLVED,,no existing verified Player Research closure
player_season/2655,player_season,2023-24,,449988,,,NOT_APPLICABLE,,NOT_APPLICABLE,,NOT_APPLICABLE,,VERIFIED,UNRESOLVED,,449988,UNRESOLVED,,no existing verified Player Research closure
player_season/2656,player_season,2023-24,,602934,,,NOT_APPLICABLE,,NOT_APPLICABLE,,NOT_APPLICABLE,,VERIFIED,UNRESOLVED,,602934,UNRESOLVED,,no existing verified Player Research closure
player_season/2657,player_season,2023-24,,247632,,,NOT_APPLICABLE,,NOT_APPLICABLE,,NOT_APPLICABLE,,VERIFIED,UNRESOLVED,,247632,UNRESOLVED,,no existing verified Player Research closure
player_season/2658,player_season,2023-24,,430871,,,NOT_APPLICABLE,,NOT_APPLICABLE,,NOT_APPLICABLE,,VERIFIED,UNRESOLVED,,430871,UNRESOLVED,,no existing verified Player Research closure
player_season/2659,player_season,2023-24,,184754,,,NOT_APPLICABLE,,NOT_APPLICABLE,,NOT_APPLICABLE,,VERIFIED,UNRESOLVED,,184754,UNRESOLVED,,no existing verified Player Research closure
player_season/2660,player_season,2023-24,,550833,,,NOT_APPLICABLE,,NOT_APPLICABLE,,NOT_APPLICABLE,,VERIFIED,UNRESOLVED,,550833,UNRESOLVED,,no existing verified Player Research closure
player_season/2661,player_season,2023-24,,429414,,,NOT_APPLICABLE,,NOT_APPLICABLE,,NOT_APPLICABLE,,VERIFIED,UNRESOLVED,,429414,UNRESOLVED,,no existing verified Player Research closure
player_season/2662,player_season,2023-24,,593001,,,NOT_APPLICABLE,,NOT_APPLICABLE,,NOT_APPLICABLE,,VERIFIED,UNRESOLVED,,593001,UNRESOLVED,,no existing verified Player Research closure
player_season/2663,player_season,2023-24,,490095,,,NOT_APPLICABLE,,NOT_APPLICABLE,,NOT_APPLICABLE,,VERIFIED,UNRESOLVED,,490095,UNRESOLVED,,no existing verified Player Research closure
player_season/2664,player_season,2023-24,,531363,,,NOT_APPLICABLE,,NOT_APPLICABLE,,NOT_APPLICABLE,,VERIFIED,UNRESOLVED,,531363,UNRESOLVED,,no existing verified Player Research closure
player_season/2665,player_season,2023-24,,589507,,,NOT_APPLICABLE,,NOT_APPLICABLE,,NOT_APPLICABLE,,VERIFIED,UNRESOLVED,,589507,UNRESOLVED,,no existing verified Player Research closure
player_season/2666,player_season,2024-25,,98980,,,NOT_APPLICABLE,,NOT_APPLICABLE,,NOT_APPLICABLE,,VERIFIED,UNRESOLVED,,98980,UNRESOLVED,,no existing verified Player Research closure
player_season/2667,player_season,2024-25,,111782,,,NOT_APPLICABLE,,NOT_APPLICABLE,,NOT_APPLICABLE,,VERIFIED,UNRESOLVED,,111782,UNRESOLVED,,no existing verified Player Research closure
player_season/2668,player_season,2024-25,,516159,,,NOT_APPLICABLE,,NOT_APPLICABLE,,NOT_APPLICABLE,,VERIFIED,UNRESOLVED,,516159,UNRESOLVED,,no existing verified Player Research closure
player_season/2669,player_season,2024-25,,199796,,,NOT_APPLICABLE,,NOT_APPLICABLE,,NOT_APPLICABLE,,VERIFIED,UNRESOLVED,,199796,UNRESOLVED,,no existing verified Player Research closure
player_season/2670,player_season,2024-25,,220362,,,NOT_APPLICABLE,,NOT_APPLICABLE,,NOT_APPLICABLE,,VERIFIED,UNRESOLVED,,220362,UNRESOLVED,,no existing verified Player Research closure
player_season/2671,player_season,2024-25,,199798,,,NOT_APPLICABLE,,NOT_APPLICABLE,,NOT_APPLICABLE,,VERIFIED,UNRESOLVED,,199798,UNRESOLVED,,no existing verified Player Research closure
player_season/2672,player_season,2024-25,,149484,,,NOT_APPLICABLE,,NOT_APPLICABLE,,NOT_APPLICABLE,,VERIFIED,UNRESOLVED,,149484,UNRESOLVED,,no existing verified Player Research closure
player_season/2673,player_season,2024-25,,101188,,,NOT_APPLICABLE,,NOT_APPLICABLE,,NOT_APPLICABLE,,VERIFIED,UNRESOLVED,,101188,UNRESOLVED,,no existing verified Player Research closure
player_season/2674,player_season,2024-25,,244954,,,NOT_APPLICABLE,,NOT_APPLICABLE,,NOT_APPLICABLE,,VERIFIED,UNRESOLVED,,244954,UNRESOLVED,,no existing verified Player Research closure
player_season/2675,player_season,2024-25,,606798,,,NOT_APPLICABLE,,NOT_APPLICABLE,,NOT_APPLICABLE,,VERIFIED,UNRESOLVED,,606798,UNRESOLVED,,no existing verified Player Research closure
player_season/2676,player_season,2024-25,,441302,,,NOT_APPLICABLE,,NOT_APPLICABLE,,NOT_APPLICABLE,,VERIFIED,UNRESOLVED,,441302,UNRESOLVED,,no existing verified Player Research closure
player_season/2677,player_season,2024-25,,515597,,,NOT_APPLICABLE,,NOT_APPLICABLE,,NOT_APPLICABLE,,VERIFIED,UNRESOLVED,,515597,UNRESOLVED,,no existing verified Player Research closure
player_season/2678,player_season,2024-25,,514287,,,NOT_APPLICABLE,,NOT_APPLICABLE,,NOT_APPLICABLE,,VERIFIED,UNRESOLVED,,514287,UNRESOLVED,,no existing verified Player Research closure
player_season/2679,player_season,2024-25,,88894,,,NOT_APPLICABLE,,NOT_APPLICABLE,,NOT_APPLICABLE,,VERIFIED,UNRESOLVED,,88894,UNRESOLVED,,no existing verified Player Research closure
player_season/2680,player_season,2024-25,,122806,,,NOT_APPLICABLE,,NOT_APPLICABLE,,NOT_APPLICABLE,,VERIFIED,UNRESOLVED,,122806,UNRESOLVED,,no existing verified Player Research closure
player_season/2681,player_season,2024-25,,166989,,,NOT_APPLICABLE,,NOT_APPLICABLE,,NOT_APPLICABLE,,VERIFIED,UNRESOLVED,,166989,UNRESOLVED,,no existing verified Player Research closure
player_season/2682,player_season,2024-25,,449871,,,NOT_APPLICABLE,,NOT_APPLICABLE,,NOT_APPLICABLE,,VERIFIED,UNRESOLVED,,449871,UNRESOLVED,,no existing verified Player Research closure
player_season/2683,player_season,2024-25,,215711,,,NOT_APPLICABLE,,NOT_APPLICABLE,,NOT_APPLICABLE,,VERIFIED,UNRESOLVED,,215711,UNRESOLVED,,no existing verified Player Research closure
player_season/2684,player_season,2024-25,,232653,,,NOT_APPLICABLE,,NOT_APPLICABLE,,NOT_APPLICABLE,,VERIFIED,UNRESOLVED,,232653,UNRESOLVED,,no existing verified Player Research closure
player_season/2685,player_season,2024-25,,226944,,,NOT_APPLICABLE,,NOT_APPLICABLE,,NOT_APPLICABLE,,VERIFIED,UNRESOLVED,,226944,UNRESOLVED,,no existing verified Player Research closure
player_season/2686,player_season,2024-25,,559962,,,NOT_APPLICABLE,,NOT_APPLICABLE,,NOT_APPLICABLE,,VERIFIED,UNRESOLVED,,559962,UNRESOLVED,,no existing verified Player Research closure
player_season/2687,player_season,2024-25,,577731,,,NOT_APPLICABLE,,NOT_APPLICABLE,,NOT_APPLICABLE,,VERIFIED,UNRESOLVED,,577731,UNRESOLVED,,no existing verified Player Research closure
player_season/2688,player_season,2024-25,,176297,,,NOT_APPLICABLE,,NOT_APPLICABLE,,NOT_APPLICABLE,,VERIFIED,UNRESOLVED,,176297,UNRESOLVED,,no existing verified Player Research closure
player_season/2689,player_season,2024-25,,178301,,,NOT_APPLICABLE,,NOT_APPLICABLE,,NOT_APPLICABLE,,VERIFIED,UNRESOLVED,,178301,UNRESOLVED,,no existing verified Player Research closure
player_season/2690,player_season,2024-25,,204646,,,NOT_APPLICABLE,,NOT_APPLICABLE,,NOT_APPLICABLE,,VERIFIED,UNRESOLVED,,204646,UNRESOLVED,,no existing verified Player Research closure
player_season/2691,player_season,2024-25,,174292,,,NOT_APPLICABLE,,NOT_APPLICABLE,,NOT_APPLICABLE,,VERIFIED,UNRESOLVED,,174292,UNRESOLVED,,no existing verified Player Research closure
player_season/2692,player_season,2024-25,,244850,,,NOT_APPLICABLE,,NOT_APPLICABLE,,NOT_APPLICABLE,,VERIFIED,UNRESOLVED,,244850,UNRESOLVED,,no existing verified Player Research closure
player_season/2693,player_season,2024-25,,154561,,,NOT_APPLICABLE,,NOT_APPLICABLE,,NOT_APPLICABLE,,VERIFIED,UNRESOLVED,,154561,UNRESOLVED,,no existing verified Player Research closure
player_season/2694,player_season,2024-25,,69752,,,NOT_APPLICABLE,,NOT_APPLICABLE,,NOT_APPLICABLE,,VERIFIED,UNRESOLVED,,69752,UNRESOLVED,,no existing verified Player Research closure
player_season/2695,player_season,2024-25,,551221,,,NOT_APPLICABLE,,NOT_APPLICABLE,,NOT_APPLICABLE,,VERIFIED,UNRESOLVED,,551221,UNRESOLVED,,no existing verified Player Research closure
player_season/2696,player_season,2024-25,,553747,,,NOT_APPLICABLE,,NOT_APPLICABLE,,NOT_APPLICABLE,,VERIFIED,UNRESOLVED,,553747,UNRESOLVED,,no existing verified Player Research closure
player_season/2697,player_season,2024-25,,616059,,,NOT_APPLICABLE,,NOT_APPLICABLE,,NOT_APPLICABLE,,VERIFIED,UNRESOLVED,,616059,UNRESOLVED,,no existing verified Player Research closure
player_season/2698,player_season,2024-25,,462424,,,NOT_APPLICABLE,,NOT_APPLICABLE,,NOT_APPLICABLE,,VERIFIED,UNRESOLVED,,462424,UNRESOLVED,,no existing verified Player Research closure
player_season/2699,player_season,2024-25,,192895,,,NOT_APPLICABLE,,NOT_APPLICABLE,,NOT_APPLICABLE,,VERIFIED,UNRESOLVED,,192895,UNRESOLVED,,no existing verified Player Research closure
player_season/2700,player_season,2024-25,,198869,,,NOT_APPLICABLE,,NOT_APPLICABLE,,NOT_APPLICABLE,,VERIFIED,UNRESOLVED,,198869,UNRESOLVED,,no existing verified Player Research closure
player_season/2701,player_season,2024-25,,226597,,,NOT_APPLICABLE,,NOT_APPLICABLE,,NOT_APPLICABLE,,VERIFIED,UNRESOLVED,,226597,UNRESOLVED,,no existing verified Player Research closure
player_season/2702,player_season,2024-25,,445122,,,NOT_APPLICABLE,,NOT_APPLICABLE,,NOT_APPLICABLE,,VERIFIED,UNRESOLVED,,445122,UNRESOLVED,,no existing verified Player Research closure
player_season/2703,player_season,2024-25,,440854,,,NOT_APPLICABLE,,NOT_APPLICABLE,,NOT_APPLICABLE,,VERIFIED,UNRESOLVED,,440854,UNRESOLVED,,no existing verified Player Research closure
player_season/2704,player_season,2024-25,,206325,,,NOT_APPLICABLE,,NOT_APPLICABLE,,NOT_APPLICABLE,,VERIFIED,UNRESOLVED,,206325,UNRESOLVED,,no existing verified Player Research closure
player_season/2705,player_season,2024-25,,223723,,,NOT_APPLICABLE,,NOT_APPLICABLE,,NOT_APPLICABLE,,VERIFIED,UNRESOLVED,,223723,UNRESOLVED,,no existing verified Player Research closure
player_season/2706,player_season,2024-25,,466075,,,NOT_APPLICABLE,,NOT_APPLICABLE,,NOT_APPLICABLE,,VERIFIED,UNRESOLVED,,466075,UNRESOLVED,,no existing verified Player Research closure
player_season/2707,player_season,2024-25,,499167,,,NOT_APPLICABLE,,NOT_APPLICABLE,,NOT_APPLICABLE,,VERIFIED,UNRESOLVED,,499167,UNRESOLVED,,no existing verified Player Research closure
player_season/2708,player_season,2024-25,,563324,,,NOT_APPLICABLE,,NOT_APPLICABLE,,NOT_APPLICABLE,,VERIFIED,UNRESOLVED,,563324,UNRESOLVED,,no existing verified Player Research closure
player_season/2709,player_season,2024-25,,167199,,,NOT_APPLICABLE,,NOT_APPLICABLE,,NOT_APPLICABLE,,VERIFIED,UNRESOLVED,,167199,UNRESOLVED,,no existing verified Player Research closure
player_season/2710,player_season,2024-25,,184029,,,NOT_APPLICABLE,,NOT_APPLICABLE,,NOT_APPLICABLE,,VERIFIED,UNRESOLVED,,184029,UNRESOLVED,,no existing verified Player Research closure
player_season/2711,player_season,2024-25,,85955,,,NOT_APPLICABLE,,NOT_APPLICABLE,,NOT_APPLICABLE,,VERIFIED,UNRESOLVED,,85955,UNRESOLVED,,no existing verified Player Research closure
player_season/2712,player_season,2024-25,,195384,,,NOT_APPLICABLE,,NOT_APPLICABLE,,NOT_APPLICABLE,,VERIFIED,UNRESOLVED,,195384,UNRESOLVED,,no existing verified Player Research closure
player_season/2713,player_season,2024-25,,204480,,,NOT_APPLICABLE,,NOT_APPLICABLE,,NOT_APPLICABLE,,VERIFIED,UNRESOLVED,,204480,UNRESOLVED,,no existing verified Player Research closure
player_season/2714,player_season,2024-25,,538182,,,NOT_APPLICABLE,,NOT_APPLICABLE,,NOT_APPLICABLE,,VERIFIED,UNRESOLVED,,538182,UNRESOLVED,,no existing verified Player Research closure
player_season/2715,player_season,2024-25,,514307,,,NOT_APPLICABLE,,NOT_APPLICABLE,,NOT_APPLICABLE,,VERIFIED,UNRESOLVED,,514307,UNRESOLVED,,no existing verified Player Research closure
player_season/2716,player_season,2024-25,,499169,,,NOT_APPLICABLE,,NOT_APPLICABLE,,NOT_APPLICABLE,,VERIFIED,UNRESOLVED,,499169,UNRESOLVED,,no existing verified Player Research closure
player_season/2717,player_season,2024-25,,499175,,,NOT_APPLICABLE,,NOT_APPLICABLE,,NOT_APPLICABLE,,VERIFIED,UNRESOLVED,,499175,UNRESOLVED,,no existing verified Player Research closure
player_season/2718,player_season,2024-25,,498046,,,NOT_APPLICABLE,,NOT_APPLICABLE,,NOT_APPLICABLE,,VERIFIED,UNRESOLVED,,498046,UNRESOLVED,,no existing verified Player Research closure
player_season/2719,player_season,2024-25,,223340,,,NOT_APPLICABLE,,NOT_APPLICABLE,,NOT_APPLICABLE,,VERIFIED,UNRESOLVED,,223340,UNRESOLVED,,no existing verified Player Research closure
player_season/2720,player_season,2024-25,,205651,,,NOT_APPLICABLE,,NOT_APPLICABLE,,NOT_APPLICABLE,,VERIFIED,UNRESOLVED,,205651,UNRESOLVED,,no existing verified Player Research closure
player_season/2721,player_season,2024-25,,444145,,,NOT_APPLICABLE,,NOT_APPLICABLE,,NOT_APPLICABLE,,VERIFIED,UNRESOLVED,,444145,UNRESOLVED,,no existing verified Player Research closure
player_season/2722,player_season,2024-25,,116216,,,NOT_APPLICABLE,,NOT_APPLICABLE,,NOT_APPLICABLE,,VERIFIED,UNRESOLVED,,116216,UNRESOLVED,,no existing verified Player Research closure
player_season/2723,player_season,2024-25,,219847,,,NOT_APPLICABLE,,NOT_APPLICABLE,,NOT_APPLICABLE,,VERIFIED,UNRESOLVED,,219847,UNRESOLVED,,no existing verified Player Research closure
player_season/2724,player_season,2024-25,,103955,,,NOT_APPLICABLE,,NOT_APPLICABLE,,NOT_APPLICABLE,,VERIFIED,UNRESOLVED,,103955,UNRESOLVED,,no existing verified Player Research closure
player_season/2725,player_season,2024-25,,461025,,,NOT_APPLICABLE,,NOT_APPLICABLE,,NOT_APPLICABLE,,VERIFIED,UNRESOLVED,,461025,UNRESOLVED,,no existing verified Player Research closure
player_season/2726,player_season,2024-25,,588796,,,NOT_APPLICABLE,,NOT_APPLICABLE,,NOT_APPLICABLE,,VERIFIED,UNRESOLVED,,588796,UNRESOLVED,,no existing verified Player Research closure
player_season/2727,player_season,2024-25,,109745,,,NOT_APPLICABLE,,NOT_APPLICABLE,,NOT_APPLICABLE,,VERIFIED,UNRESOLVED,,109745,UNRESOLVED,,no existing verified Player Research closure
player_season/2728,player_season,2024-25,,444172,,,NOT_APPLICABLE,,NOT_APPLICABLE,,NOT_APPLICABLE,,VERIFIED,UNRESOLVED,,444172,UNRESOLVED,,no existing verified Player Research closure
player_season/2729,player_season,2024-25,,568791,,,NOT_APPLICABLE,,NOT_APPLICABLE,,NOT_APPLICABLE,,VERIFIED,UNRESOLVED,,568791,UNRESOLVED,,no existing verified Player Research closure
player_season/2730,player_season,2024-25,,554605,,,NOT_APPLICABLE,,NOT_APPLICABLE,,NOT_APPLICABLE,,VERIFIED,UNRESOLVED,,554605,UNRESOLVED,,no existing verified Player Research closure
player_season/2731,player_season,2024-25,,544877,,,NOT_APPLICABLE,,NOT_APPLICABLE,,NOT_APPLICABLE,,VERIFIED,UNRESOLVED,,544877,UNRESOLVED,,no existing verified Player Research closure
player_season/2732,player_season,2024-25,,221466,,,NOT_APPLICABLE,,NOT_APPLICABLE,,NOT_APPLICABLE,,VERIFIED,UNRESOLVED,,221466,UNRESOLVED,,no existing verified Player Research closure
player_season/2733,player_season,2024-25,,54469,,,NOT_APPLICABLE,,NOT_APPLICABLE,,NOT_APPLICABLE,,VERIFIED,UNRESOLVED,,54469,UNRESOLVED,,no existing verified Player Research closure
player_season/2734,player_season,2024-25,,575901,,,NOT_APPLICABLE,,NOT_APPLICABLE,,NOT_APPLICABLE,,VERIFIED,UNRESOLVED,,575901,UNRESOLVED,,no existing verified Player Research closure
player_season/2735,player_season,2024-25,,436893,,,NOT_APPLICABLE,,NOT_APPLICABLE,,NOT_APPLICABLE,,VERIFIED,UNRESOLVED,,436893,UNRESOLVED,,no existing verified Player Research closure
player_season/2736,player_season,2024-25,,463981,,,NOT_APPLICABLE,,NOT_APPLICABLE,,NOT_APPLICABLE,,VERIFIED,UNRESOLVED,,463981,UNRESOLVED,,no existing verified Player Research closure
player_season/2737,player_season,2024-25,,477580,,,NOT_APPLICABLE,,NOT_APPLICABLE,,NOT_APPLICABLE,,VERIFIED,UNRESOLVED,,477580,UNRESOLVED,,no existing verified Player Research closure
player_season/2738,player_season,2024-25,,541462,,,NOT_APPLICABLE,,NOT_APPLICABLE,,NOT_APPLICABLE,,VERIFIED,UNRESOLVED,,541462,UNRESOLVED,,no existing verified Player Research closure
player_season/2739,player_season,2024-25,,496683,,,NOT_APPLICABLE,,NOT_APPLICABLE,,NOT_APPLICABLE,,VERIFIED,UNRESOLVED,,496683,UNRESOLVED,,no existing verified Player Research closure
player_season/2740,player_season,2024-25,,632822,,,NOT_APPLICABLE,,NOT_APPLICABLE,,NOT_APPLICABLE,,VERIFIED,UNRESOLVED,,632822,UNRESOLVED,,no existing verified Player Research closure
player_season/2741,player_season,2024-25,,155408,,,NOT_APPLICABLE,,NOT_APPLICABLE,,NOT_APPLICABLE,,VERIFIED,UNRESOLVED,,155408,UNRESOLVED,,no existing verified Player Research closure
player_season/2742,player_season,2024-25,,111317,,,NOT_APPLICABLE,,NOT_APPLICABLE,,NOT_APPLICABLE,,VERIFIED,UNRESOLVED,,111317,UNRESOLVED,,no existing verified Player Research closure
player_season/2743,player_season,2024-25,,503139,,,NOT_APPLICABLE,,NOT_APPLICABLE,,NOT_APPLICABLE,,VERIFIED,UNRESOLVED,,503139,UNRESOLVED,,no existing verified Player Research closure
player_season/2744,player_season,2024-25,,158499,,,NOT_APPLICABLE,,NOT_APPLICABLE,,NOT_APPLICABLE,,VERIFIED,UNRESOLVED,,158499,UNRESOLVED,,no existing verified Player Research closure
player_season/2745,player_season,2024-25,,200785,,,NOT_APPLICABLE,,NOT_APPLICABLE,,NOT_APPLICABLE,,VERIFIED,UNRESOLVED,,200785,UNRESOLVED,,no existing verified Player Research closure
player_season/2746,player_season,2024-25,,201658,,,NOT_APPLICABLE,,NOT_APPLICABLE,,NOT_APPLICABLE,,VERIFIED,UNRESOLVED,,201658,UNRESOLVED,,no existing verified Player Research closure
player_season/2747,player_season,2024-25,,606775,,,NOT_APPLICABLE,,NOT_APPLICABLE,,NOT_APPLICABLE,,VERIFIED,UNRESOLVED,,606775,UNRESOLVED,,no existing verified Player Research closure
player_season/2748,player_season,2024-25,,444102,,,NOT_APPLICABLE,,NOT_APPLICABLE,,NOT_APPLICABLE,,VERIFIED,UNRESOLVED,,444102,UNRESOLVED,,no existing verified Player Research closure
player_season/2749,player_season,2024-25,,533463,,,NOT_APPLICABLE,,NOT_APPLICABLE,,NOT_APPLICABLE,,VERIFIED,UNRESOLVED,,533463,UNRESOLVED,,no existing verified Player Research closure
player_season/2750,player_season,2024-25,,224995,,,NOT_APPLICABLE,,NOT_APPLICABLE,,NOT_APPLICABLE,,VERIFIED,UNRESOLVED,,224995,UNRESOLVED,,no existing verified Player Research closure
player_season/2751,player_season,2024-25,,222683,,,NOT_APPLICABLE,,NOT_APPLICABLE,,NOT_APPLICABLE,,VERIFIED,UNRESOLVED,,222683,UNRESOLVED,,no existing verified Player Research closure
player_season/2752,player_season,2024-25,,523700,,,NOT_APPLICABLE,,NOT_APPLICABLE,,NOT_APPLICABLE,,VERIFIED,UNRESOLVED,,523700,UNRESOLVED,,no existing verified Player Research closure
player_season/2753,player_season,2024-25,,437730,,,NOT_APPLICABLE,,NOT_APPLICABLE,,NOT_APPLICABLE,,VERIFIED,UNRESOLVED,,437730,UNRESOLVED,,no existing verified Player Research closure
player_season/2754,player_season,2024-25,,168636,,,NOT_APPLICABLE,,NOT_APPLICABLE,,NOT_APPLICABLE,,VERIFIED,UNRESOLVED,,168636,UNRESOLVED,,no existing verified Player Research closure
player_season/2755,player_season,2024-25,,444180,,,NOT_APPLICABLE,,NOT_APPLICABLE,,NOT_APPLICABLE,,VERIFIED,UNRESOLVED,,444180,UNRESOLVED,,no existing verified Player Research closure
player_season/2756,player_season,2024-25,,530121,,,NOT_APPLICABLE,,NOT_APPLICABLE,,NOT_APPLICABLE,,VERIFIED,UNRESOLVED,,530121,UNRESOLVED,,no existing verified Player Research closure
player_season/2757,player_season,2024-25,,590760,,,NOT_APPLICABLE,,NOT_APPLICABLE,,NOT_APPLICABLE,,VERIFIED,UNRESOLVED,,590760,UNRESOLVED,,no existing verified Player Research closure
player_season/2758,player_season,2024-25,,550596,,,NOT_APPLICABLE,,NOT_APPLICABLE,,NOT_APPLICABLE,,VERIFIED,UNRESOLVED,,550596,UNRESOLVED,,no existing verified Player Research closure
player_season/2759,player_season,2024-25,,606774,,,NOT_APPLICABLE,,NOT_APPLICABLE,,NOT_APPLICABLE,,VERIFIED,UNRESOLVED,,606774,UNRESOLVED,,no existing verified Player Research closure
player_season/2760,player_season,2024-25,,118342,,,NOT_APPLICABLE,,NOT_APPLICABLE,,NOT_APPLICABLE,,VERIFIED,UNRESOLVED,,118342,UNRESOLVED,,no existing verified Player Research closure
player_season/2761,player_season,2024-25,,507433,,,NOT_APPLICABLE,,NOT_APPLICABLE,,NOT_APPLICABLE,,VERIFIED,UNRESOLVED,,507433,UNRESOLVED,,no existing verified Player Research closure
player_season/2762,player_season,2024-25,,535017,,,NOT_APPLICABLE,,NOT_APPLICABLE,,NOT_APPLICABLE,,VERIFIED,UNRESOLVED,,535017,UNRESOLVED,,no existing verified Player Research closure
player_season/2763,player_season,2024-25,,472713,,,NOT_APPLICABLE,,NOT_APPLICABLE,,NOT_APPLICABLE,,VERIFIED,UNRESOLVED,,472713,UNRESOLVED,,no existing verified Player Research closure
player_season/2764,player_season,2024-25,,194010,,,NOT_APPLICABLE,,NOT_APPLICABLE,,NOT_APPLICABLE,,VERIFIED,UNRESOLVED,,194010,UNRESOLVED,,no existing verified Player Research closure
player_season/2765,player_season,2024-25,,444765,,,NOT_APPLICABLE,,NOT_APPLICABLE,,NOT_APPLICABLE,,VERIFIED,UNRESOLVED,,444765,UNRESOLVED,,no existing verified Player Research closure
player_season/2766,player_season,2024-25,,231065,,,NOT_APPLICABLE,,NOT_APPLICABLE,,NOT_APPLICABLE,,VERIFIED,UNRESOLVED,,231065,UNRESOLVED,,no existing verified Player Research closure
player_season/2767,player_season,2024-25,,51927,,,NOT_APPLICABLE,,NOT_APPLICABLE,,NOT_APPLICABLE,,VERIFIED,UNRESOLVED,,51927,UNRESOLVED,,no existing verified Player Research closure
player_season/2768,player_season,2024-25,,191866,,,NOT_APPLICABLE,,NOT_APPLICABLE,,NOT_APPLICABLE,,VERIFIED,UNRESOLVED,,191866,UNRESOLVED,,no existing verified Player Research closure
player_season/2769,player_season,2024-25,,432830,,,NOT_APPLICABLE,,NOT_APPLICABLE,,NOT_APPLICABLE,,VERIFIED,UNRESOLVED,,432830,UNRESOLVED,,no existing verified Player Research closure
player_season/2770,player_season,2024-25,,607464,,,NOT_APPLICABLE,,NOT_APPLICABLE,,NOT_APPLICABLE,,VERIFIED,UNRESOLVED,,607464,UNRESOLVED,,no existing verified Player Research closure
player_season/2771,player_season,2024-25,,570241,,,NOT_APPLICABLE,,NOT_APPLICABLE,,NOT_APPLICABLE,,VERIFIED,UNRESOLVED,,570241,UNRESOLVED,,no existing verified Player Research closure
player_season/2772,player_season,2024-25,,622536,,,NOT_APPLICABLE,,NOT_APPLICABLE,,NOT_APPLICABLE,,VERIFIED,UNRESOLVED,,622536,UNRESOLVED,,no existing verified Player Research closure
player_season/2773,player_season,2024-25,,612534,,,NOT_APPLICABLE,,NOT_APPLICABLE,,NOT_APPLICABLE,,VERIFIED,UNRESOLVED,,612534,UNRESOLVED,,no existing verified Player Research closure
player_season/2774,player_season,2024-25,,128295,,,NOT_APPLICABLE,,NOT_APPLICABLE,,NOT_APPLICABLE,,VERIFIED,UNRESOLVED,,128295,UNRESOLVED,,no existing verified Player Research closure
player_season/2775,player_season,2024-25,,513418,,,NOT_APPLICABLE,,NOT_APPLICABLE,,NOT_APPLICABLE,,VERIFIED,UNRESOLVED,,513418,UNRESOLVED,,no existing verified Player Research closure
player_season/2776,player_season,2024-25,,207283,,,NOT_APPLICABLE,,NOT_APPLICABLE,,NOT_APPLICABLE,,VERIFIED,UNRESOLVED,,207283,UNRESOLVED,,no existing verified Player Research closure
player_season/2777,player_season,2024-25,,216646,,,NOT_APPLICABLE,,NOT_APPLICABLE,,NOT_APPLICABLE,,VERIFIED,UNRESOLVED,,216646,UNRESOLVED,,no existing verified Player Research closure
player_season/2778,player_season,2024-25,,244858,,,NOT_APPLICABLE,,NOT_APPLICABLE,,NOT_APPLICABLE,,VERIFIED,UNRESOLVED,,244858,UNRESOLVED,,no existing verified Player Research closure
player_season/2779,player_season,2024-25,,508395,,,NOT_APPLICABLE,,NOT_APPLICABLE,,NOT_APPLICABLE,,VERIFIED,UNRESOLVED,,508395,UNRESOLVED,,no existing verified Player Research closure
player_season/2780,player_season,2024-25,,446008,,,NOT_APPLICABLE,,NOT_APPLICABLE,,NOT_APPLICABLE,,VERIFIED,UNRESOLVED,,446008,UNRESOLVED,,no existing verified Player Research closure
player_season/2781,player_season,2024-25,,440089,,,NOT_APPLICABLE,,NOT_APPLICABLE,,NOT_APPLICABLE,,VERIFIED,UNRESOLVED,,440089,UNRESOLVED,,no existing verified Player Research closure
player_season/2782,player_season,2024-25,,628204,,,NOT_APPLICABLE,,NOT_APPLICABLE,,NOT_APPLICABLE,,VERIFIED,UNRESOLVED,,628204,UNRESOLVED,,no existing verified Player Research closure
player_season/2783,player_season,2024-25,,204580,,,NOT_APPLICABLE,,NOT_APPLICABLE,,NOT_APPLICABLE,,VERIFIED,UNRESOLVED,,204580,UNRESOLVED,,no existing verified Player Research closure
player_season/2784,player_season,2024-25,,220695,,,NOT_APPLICABLE,,NOT_APPLICABLE,,NOT_APPLICABLE,,VERIFIED,UNRESOLVED,,220695,UNRESOLVED,,no existing verified Player Research closure
player_season/2785,player_season,2024-25,,502500,,,NOT_APPLICABLE,,NOT_APPLICABLE,,NOT_APPLICABLE,,VERIFIED,UNRESOLVED,,502500,UNRESOLVED,,no existing verified Player Research closure
player_season/2786,player_season,2024-25,,249231,,,NOT_APPLICABLE,,NOT_APPLICABLE,,NOT_APPLICABLE,,VERIFIED,UNRESOLVED,,249231,UNRESOLVED,,no existing verified Player Research closure
player_season/2787,player_season,2024-25,,626464,,,NOT_APPLICABLE,,NOT_APPLICABLE,,NOT_APPLICABLE,,VERIFIED,UNRESOLVED,,626464,UNRESOLVED,,no existing verified Player Research closure
player_season/2788,player_season,2024-25,,533710,,,NOT_APPLICABLE,,NOT_APPLICABLE,,NOT_APPLICABLE,,VERIFIED,UNRESOLVED,,533710,UNRESOLVED,,no existing verified Player Research closure
player_season/2789,player_season,2024-25,,489639,,,NOT_APPLICABLE,,NOT_APPLICABLE,,NOT_APPLICABLE,,VERIFIED,UNRESOLVED,,489639,UNRESOLVED,,no existing verified Player Research closure
player_season/2790,player_season,2024-25,,49262,,,NOT_APPLICABLE,,NOT_APPLICABLE,,NOT_APPLICABLE,,VERIFIED,UNRESOLVED,,49262,UNRESOLVED,,no existing verified Player Research closure
player_season/2791,player_season,2024-25,,209288,,,NOT_APPLICABLE,,NOT_APPLICABLE,,NOT_APPLICABLE,,VERIFIED,UNRESOLVED,,209288,UNRESOLVED,,no existing verified Player Research closure
player_season/2792,player_season,2024-25,,565858,,,NOT_APPLICABLE,,NOT_APPLICABLE,,NOT_APPLICABLE,,VERIFIED,UNRESOLVED,,565858,UNRESOLVED,,no existing verified Player Research closure
player_season/2793,player_season,2024-25,,472739,,,NOT_APPLICABLE,,NOT_APPLICABLE,,NOT_APPLICABLE,,VERIFIED,UNRESOLVED,,472739,UNRESOLVED,,no existing verified Player Research closure
player_season/2794,player_season,2024-25,,232792,,,NOT_APPLICABLE,,NOT_APPLICABLE,,NOT_APPLICABLE,,VERIFIED,UNRESOLVED,,232792,UNRESOLVED,,no existing verified Player Research closure
player_season/2795,player_season,2024-25,,223434,,,NOT_APPLICABLE,,NOT_APPLICABLE,,NOT_APPLICABLE,,VERIFIED,UNRESOLVED,,223434,UNRESOLVED,,no existing verified Player Research closure
player_season/2796,player_season,2024-25,,110735,,,NOT_APPLICABLE,,NOT_APPLICABLE,,NOT_APPLICABLE,,VERIFIED,UNRESOLVED,,110735,UNRESOLVED,,no existing verified Player Research closure
player_season/2797,player_season,2024-25,,83299,,,NOT_APPLICABLE,,NOT_APPLICABLE,,NOT_APPLICABLE,,VERIFIED,UNRESOLVED,,83299,UNRESOLVED,,no existing verified Player Research closure
player_season/2798,player_season,2024-25,,439135,,,NOT_APPLICABLE,,NOT_APPLICABLE,,NOT_APPLICABLE,,VERIFIED,UNRESOLVED,,439135,UNRESOLVED,,no existing verified Player Research closure
player_season/2799,player_season,2024-25,,469142,,,NOT_APPLICABLE,,NOT_APPLICABLE,,NOT_APPLICABLE,,VERIFIED,UNRESOLVED,,469142,UNRESOLVED,,no existing verified Player Research closure
player_season/2800,player_season,2024-25,,204214,,,NOT_APPLICABLE,,NOT_APPLICABLE,,NOT_APPLICABLE,,VERIFIED,UNRESOLVED,,204214,UNRESOLVED,,no existing verified Player Research closure
player_season/2801,player_season,2024-25,,111478,,,NOT_APPLICABLE,,NOT_APPLICABLE,,NOT_APPLICABLE,,VERIFIED,UNRESOLVED,,111478,UNRESOLVED,,no existing verified Player Research closure
player_season/2802,player_season,2024-25,,589100,,,NOT_APPLICABLE,,NOT_APPLICABLE,,NOT_APPLICABLE,,VERIFIED,UNRESOLVED,,589100,UNRESOLVED,,no existing verified Player Research closure
player_season/2803,player_season,2024-25,,547720,,,NOT_APPLICABLE,,NOT_APPLICABLE,,NOT_APPLICABLE,,VERIFIED,UNRESOLVED,,547720,UNRESOLVED,,no existing verified Player Research closure
player_season/2804,player_season,2024-25,,604988,,,NOT_APPLICABLE,,NOT_APPLICABLE,,NOT_APPLICABLE,,VERIFIED,UNRESOLVED,,604988,UNRESOLVED,,no existing verified Player Research closure
player_season/2805,player_season,2024-25,,441192,,,NOT_APPLICABLE,,NOT_APPLICABLE,,NOT_APPLICABLE,,VERIFIED,UNRESOLVED,,441192,UNRESOLVED,,no existing verified Player Research closure
player_season/2806,player_season,2024-25,,15157,,,NOT_APPLICABLE,,NOT_APPLICABLE,,NOT_APPLICABLE,,VERIFIED,UNRESOLVED,,15157,UNRESOLVED,,no existing verified Player Research closure
player_season/2807,player_season,2024-25,,109345,,,NOT_APPLICABLE,,NOT_APPLICABLE,,NOT_APPLICABLE,,VERIFIED,UNRESOLVED,,109345,UNRESOLVED,,no existing verified Player Research closure
player_season/2808,player_season,2024-25,,513433,,,NOT_APPLICABLE,,NOT_APPLICABLE,,NOT_APPLICABLE,,VERIFIED,UNRESOLVED,,513433,UNRESOLVED,,no existing verified Player Research closure
player_season/2809,player_season,2024-25,,535301,,,NOT_APPLICABLE,,NOT_APPLICABLE,,NOT_APPLICABLE,,VERIFIED,UNRESOLVED,,535301,UNRESOLVED,,no existing verified Player Research closure
player_season/2810,player_season,2024-25,,451340,,,NOT_APPLICABLE,,NOT_APPLICABLE,,NOT_APPLICABLE,,VERIFIED,UNRESOLVED,,451340,UNRESOLVED,,no existing verified Player Research closure
player_season/2811,player_season,2024-25,,231416,,,NOT_APPLICABLE,,NOT_APPLICABLE,,NOT_APPLICABLE,,VERIFIED,UNRESOLVED,,231416,UNRESOLVED,,no existing verified Player Research closure
player_season/2812,player_season,2024-25,,514254,,,NOT_APPLICABLE,,NOT_APPLICABLE,,NOT_APPLICABLE,,VERIFIED,UNRESOLVED,,514254,UNRESOLVED,,no existing verified Player Research closure
player_season/2813,player_season,2024-25,,509416,,,NOT_APPLICABLE,,NOT_APPLICABLE,,NOT_APPLICABLE,,VERIFIED,UNRESOLVED,,509416,UNRESOLVED,,no existing verified Player Research closure
player_season/2814,player_season,2024-25,,467779,,,NOT_APPLICABLE,,NOT_APPLICABLE,,NOT_APPLICABLE,,VERIFIED,UNRESOLVED,,467779,UNRESOLVED,,no existing verified Player Research closure
player_season/2815,player_season,2024-25,,219249,,,NOT_APPLICABLE,,NOT_APPLICABLE,,NOT_APPLICABLE,,VERIFIED,UNRESOLVED,,219249,UNRESOLVED,,no existing verified Player Research closure
player_season/2816,player_season,2024-25,,532529,,,NOT_APPLICABLE,,NOT_APPLICABLE,,NOT_APPLICABLE,,VERIFIED,UNRESOLVED,,532529,UNRESOLVED,,no existing verified Player Research closure
player_season/2817,player_season,2024-25,,567121,,,NOT_APPLICABLE,,NOT_APPLICABLE,,NOT_APPLICABLE,,VERIFIED,UNRESOLVED,,567121,UNRESOLVED,,no existing verified Player Research closure
player_season/2818,player_season,2024-25,,475168,,,NOT_APPLICABLE,,NOT_APPLICABLE,,NOT_APPLICABLE,,VERIFIED,UNRESOLVED,,475168,UNRESOLVED,,no existing verified Player Research closure
player_season/2819,player_season,2024-25,,535818,,,NOT_APPLICABLE,,NOT_APPLICABLE,,NOT_APPLICABLE,,VERIFIED,UNRESOLVED,,535818,UNRESOLVED,,no existing verified Player Research closure
player_season/2820,player_season,2024-25,,463067,,,NOT_APPLICABLE,,NOT_APPLICABLE,,NOT_APPLICABLE,,VERIFIED,UNRESOLVED,,463067,UNRESOLVED,,no existing verified Player Research closure
player_season/2821,player_season,2024-25,,592031,,,NOT_APPLICABLE,,NOT_APPLICABLE,,NOT_APPLICABLE,,VERIFIED,UNRESOLVED,,592031,UNRESOLVED,,no existing verified Player Research closure
player_season/2822,player_season,2024-25,,50175,,,NOT_APPLICABLE,,NOT_APPLICABLE,,NOT_APPLICABLE,,VERIFIED,UNRESOLVED,,50175,UNRESOLVED,,no existing verified Player Research closure
player_season/2823,player_season,2024-25,,597320,,,NOT_APPLICABLE,,NOT_APPLICABLE,,NOT_APPLICABLE,,VERIFIED,UNRESOLVED,,597320,UNRESOLVED,,no existing verified Player Research closure
player_season/2824,player_season,2024-25,,172649,,,NOT_APPLICABLE,,NOT_APPLICABLE,,NOT_APPLICABLE,,VERIFIED,UNRESOLVED,,172649,UNRESOLVED,,no existing verified Player Research closure
player_season/2825,player_season,2024-25,,224068,,,NOT_APPLICABLE,,NOT_APPLICABLE,,NOT_APPLICABLE,,VERIFIED,UNRESOLVED,,224068,UNRESOLVED,,no existing verified Player Research closure
player_season/2826,player_season,2024-25,,169593,,,NOT_APPLICABLE,,NOT_APPLICABLE,,NOT_APPLICABLE,,VERIFIED,UNRESOLVED,,169593,UNRESOLVED,,no existing verified Player Research closure
player_season/2827,player_season,2024-25,,55494,,,NOT_APPLICABLE,,NOT_APPLICABLE,,NOT_APPLICABLE,,VERIFIED,UNRESOLVED,,55494,UNRESOLVED,,no existing verified Player Research closure
player_season/2828,player_season,2024-25,,244723,,,NOT_APPLICABLE,,NOT_APPLICABLE,,NOT_APPLICABLE,,VERIFIED,UNRESOLVED,,244723,UNRESOLVED,,no existing verified Player Research closure
player_season/2829,player_season,2024-25,,437499,,,NOT_APPLICABLE,,NOT_APPLICABLE,,NOT_APPLICABLE,,VERIFIED,UNRESOLVED,,437499,UNRESOLVED,,no existing verified Player Research closure
player_season/2830,player_season,2024-25,,209036,,,NOT_APPLICABLE,,NOT_APPLICABLE,,NOT_APPLICABLE,,VERIFIED,UNRESOLVED,,209036,UNRESOLVED,,no existing verified Player Research closure
player_season/2831,player_season,2024-25,,247348,,,NOT_APPLICABLE,,NOT_APPLICABLE,,NOT_APPLICABLE,,VERIFIED,UNRESOLVED,,247348,UNRESOLVED,,no existing verified Player Research closure
player_season/2832,player_season,2024-25,,57328,,,NOT_APPLICABLE,,NOT_APPLICABLE,,NOT_APPLICABLE,,VERIFIED,UNRESOLVED,,57328,UNRESOLVED,,no existing verified Player Research closure
player_season/2833,player_season,2024-25,,172850,,,NOT_APPLICABLE,,NOT_APPLICABLE,,NOT_APPLICABLE,,VERIFIED,UNRESOLVED,,172850,UNRESOLVED,,no existing verified Player Research closure
player_season/2834,player_season,2024-25,,427623,,,NOT_APPLICABLE,,NOT_APPLICABLE,,NOT_APPLICABLE,,VERIFIED,UNRESOLVED,,427623,UNRESOLVED,,no existing verified Player Research closure
player_season/2835,player_season,2024-25,,515621,,,NOT_APPLICABLE,,NOT_APPLICABLE,,NOT_APPLICABLE,,VERIFIED,UNRESOLVED,,515621,UNRESOLVED,,no existing verified Player Research closure
player_season/2836,player_season,2024-25,,590012,,,NOT_APPLICABLE,,NOT_APPLICABLE,,NOT_APPLICABLE,,VERIFIED,UNRESOLVED,,590012,UNRESOLVED,,no existing verified Player Research closure
player_season/2837,player_season,2024-25,,152551,,,NOT_APPLICABLE,,NOT_APPLICABLE,,NOT_APPLICABLE,,VERIFIED,UNRESOLVED,,152551,UNRESOLVED,,no existing verified Player Research closure
player_season/2838,player_season,2024-25,,232413,,,NOT_APPLICABLE,,NOT_APPLICABLE,,NOT_APPLICABLE,,VERIFIED,UNRESOLVED,,232413,UNRESOLVED,,no existing verified Player Research closure
player_season/2839,player_season,2024-25,,86417,,,NOT_APPLICABLE,,NOT_APPLICABLE,,NOT_APPLICABLE,,VERIFIED,UNRESOLVED,,86417,UNRESOLVED,,no existing verified Player Research closure
player_season/2840,player_season,2024-25,,209400,,,NOT_APPLICABLE,,NOT_APPLICABLE,,NOT_APPLICABLE,,VERIFIED,UNRESOLVED,,209400,UNRESOLVED,,no existing verified Player Research closure
player_season/2841,player_season,2024-25,,108413,,,NOT_APPLICABLE,,NOT_APPLICABLE,,NOT_APPLICABLE,,VERIFIED,UNRESOLVED,,108413,UNRESOLVED,,no existing verified Player Research closure
player_season/2842,player_season,2024-25,,496221,,,NOT_APPLICABLE,,NOT_APPLICABLE,,NOT_APPLICABLE,,VERIFIED,UNRESOLVED,,496221,UNRESOLVED,,no existing verified Player Research closure
player_season/2843,player_season,2024-25,,606921,,,NOT_APPLICABLE,,NOT_APPLICABLE,,NOT_APPLICABLE,,VERIFIED,UNRESOLVED,,606921,UNRESOLVED,,no existing verified Player Research closure
player_season/2844,player_season,2024-25,,438464,,,NOT_APPLICABLE,,NOT_APPLICABLE,,NOT_APPLICABLE,,VERIFIED,UNRESOLVED,,438464,UNRESOLVED,,no existing verified Player Research closure
player_season/2845,player_season,2024-25,,530318,,,NOT_APPLICABLE,,NOT_APPLICABLE,,NOT_APPLICABLE,,VERIFIED,UNRESOLVED,,530318,UNRESOLVED,,no existing verified Player Research closure
player_season/2846,player_season,2024-25,,489706,,,NOT_APPLICABLE,,NOT_APPLICABLE,,NOT_APPLICABLE,,VERIFIED,UNRESOLVED,,489706,UNRESOLVED,,no existing verified Player Research closure
player_season/2847,player_season,2024-25,,232185,,,NOT_APPLICABLE,,NOT_APPLICABLE,,NOT_APPLICABLE,,VERIFIED,UNRESOLVED,,232185,UNRESOLVED,,no existing verified Player Research closure
player_season/2848,player_season,2024-25,,205533,,,NOT_APPLICABLE,,NOT_APPLICABLE,,NOT_APPLICABLE,,VERIFIED,UNRESOLVED,,205533,UNRESOLVED,,no existing verified Player Research closure
player_season/2849,player_season,2024-25,,536694,,,NOT_APPLICABLE,,NOT_APPLICABLE,,NOT_APPLICABLE,,VERIFIED,UNRESOLVED,,536694,UNRESOLVED,,no existing verified Player Research closure
player_season/2850,player_season,2024-25,,231747,,,NOT_APPLICABLE,,NOT_APPLICABLE,,NOT_APPLICABLE,,VERIFIED,UNRESOLVED,,231747,UNRESOLVED,,no existing verified Player Research closure
player_season/2851,player_season,2024-25,,574398,,,NOT_APPLICABLE,,NOT_APPLICABLE,,NOT_APPLICABLE,,VERIFIED,UNRESOLVED,,574398,UNRESOLVED,,no existing verified Player Research closure
player_season/2852,player_season,2024-25,,576980,,,NOT_APPLICABLE,,NOT_APPLICABLE,,NOT_APPLICABLE,,VERIFIED,UNRESOLVED,,576980,UNRESOLVED,,no existing verified Player Research closure
player_season/2853,player_season,2024-25,,215059,,,NOT_APPLICABLE,,NOT_APPLICABLE,,NOT_APPLICABLE,,VERIFIED,UNRESOLVED,,215059,UNRESOLVED,,no existing verified Player Research closure
player_season/2854,player_season,2024-25,,508479,,,NOT_APPLICABLE,,NOT_APPLICABLE,,NOT_APPLICABLE,,VERIFIED,UNRESOLVED,,508479,UNRESOLVED,,no existing verified Player Research closure
player_season/2855,player_season,2024-25,,122074,,,NOT_APPLICABLE,,NOT_APPLICABLE,,NOT_APPLICABLE,,VERIFIED,UNRESOLVED,,122074,UNRESOLVED,,no existing verified Player Research closure
player_season/2856,player_season,2024-25,,471798,,,NOT_APPLICABLE,,NOT_APPLICABLE,,NOT_APPLICABLE,,VERIFIED,UNRESOLVED,,471798,UNRESOLVED,,no existing verified Player Research closure
player_season/2857,player_season,2024-25,,179268,,,NOT_APPLICABLE,,NOT_APPLICABLE,,NOT_APPLICABLE,,VERIFIED,UNRESOLVED,,179268,UNRESOLVED,,no existing verified Player Research closure
player_season/2858,player_season,2024-25,,109646,,,NOT_APPLICABLE,,NOT_APPLICABLE,,NOT_APPLICABLE,,VERIFIED,UNRESOLVED,,109646,UNRESOLVED,,no existing verified Player Research closure
player_season/2859,player_season,2024-25,,242880,,,NOT_APPLICABLE,,NOT_APPLICABLE,,NOT_APPLICABLE,,VERIFIED,UNRESOLVED,,242880,UNRESOLVED,,no existing verified Player Research closure
player_season/2860,player_season,2024-25,,460028,,,NOT_APPLICABLE,,NOT_APPLICABLE,,NOT_APPLICABLE,,VERIFIED,UNRESOLVED,,460028,UNRESOLVED,,no existing verified Player Research closure
player_season/2861,player_season,2024-25,,180736,,,NOT_APPLICABLE,,NOT_APPLICABLE,,NOT_APPLICABLE,,VERIFIED,UNRESOLVED,,180736,UNRESOLVED,,no existing verified Player Research closure
player_season/2862,player_season,2024-25,,225796,,,NOT_APPLICABLE,,NOT_APPLICABLE,,NOT_APPLICABLE,,VERIFIED,UNRESOLVED,,225796,UNRESOLVED,,no existing verified Player Research closure
player_season/2863,player_season,2024-25,,482609,,,NOT_APPLICABLE,,NOT_APPLICABLE,,NOT_APPLICABLE,,VERIFIED,UNRESOLVED,,482609,UNRESOLVED,,no existing verified Player Research closure
player_season/2864,player_season,2024-25,,444463,,,NOT_APPLICABLE,,NOT_APPLICABLE,,NOT_APPLICABLE,,VERIFIED,UNRESOLVED,,444463,UNRESOLVED,,no existing verified Player Research closure
player_season/2865,player_season,2024-25,,622758,,,NOT_APPLICABLE,,NOT_APPLICABLE,,NOT_APPLICABLE,,VERIFIED,UNRESOLVED,,622758,UNRESOLVED,,no existing verified Player Research closure
player_season/2866,player_season,2024-25,,577016,,,NOT_APPLICABLE,,NOT_APPLICABLE,,NOT_APPLICABLE,,VERIFIED,UNRESOLVED,,577016,UNRESOLVED,,no existing verified Player Research closure
player_season/2867,player_season,2024-25,,536238,,,NOT_APPLICABLE,,NOT_APPLICABLE,,NOT_APPLICABLE,,VERIFIED,UNRESOLVED,,536238,UNRESOLVED,,no existing verified Player Research closure
player_season/2868,player_season,2024-25,,591382,,,NOT_APPLICABLE,,NOT_APPLICABLE,,NOT_APPLICABLE,,VERIFIED,UNRESOLVED,,591382,UNRESOLVED,,no existing verified Player Research closure
player_season/2869,player_season,2024-25,,465920,,,NOT_APPLICABLE,,NOT_APPLICABLE,,NOT_APPLICABLE,,VERIFIED,UNRESOLVED,,465920,UNRESOLVED,,no existing verified Player Research closure
player_season/2870,player_season,2024-25,,609640,,,NOT_APPLICABLE,,NOT_APPLICABLE,,NOT_APPLICABLE,,VERIFIED,UNRESOLVED,,609640,UNRESOLVED,,no existing verified Player Research closure
player_season/2871,player_season,2024-25,,448047,,,NOT_APPLICABLE,,NOT_APPLICABLE,,NOT_APPLICABLE,,VERIFIED,UNRESOLVED,,448047,UNRESOLVED,,no existing verified Player Research closure
player_season/2872,player_season,2024-25,,244851,,,NOT_APPLICABLE,,NOT_APPLICABLE,,NOT_APPLICABLE,,VERIFIED,UNRESOLVED,,244851,UNRESOLVED,,no existing verified Player Research closure
player_season/2873,player_season,2024-25,,532605,,,NOT_APPLICABLE,,NOT_APPLICABLE,,NOT_APPLICABLE,,VERIFIED,UNRESOLVED,,532605,UNRESOLVED,,no existing verified Player Research closure
player_season/2874,player_season,2024-25,,215413,,,NOT_APPLICABLE,,NOT_APPLICABLE,,NOT_APPLICABLE,,VERIFIED,UNRESOLVED,,215413,UNRESOLVED,,no existing verified Player Research closure
player_season/2875,player_season,2024-25,,486672,,,NOT_APPLICABLE,,NOT_APPLICABLE,,NOT_APPLICABLE,,VERIFIED,UNRESOLVED,,486672,UNRESOLVED,,no existing verified Player Research closure
player_season/2876,player_season,2024-25,,514356,,,NOT_APPLICABLE,,NOT_APPLICABLE,,NOT_APPLICABLE,,VERIFIED,UNRESOLVED,,514356,UNRESOLVED,,no existing verified Player Research closure
player_season/2877,player_season,2024-25,,547692,,,NOT_APPLICABLE,,NOT_APPLICABLE,,NOT_APPLICABLE,,VERIFIED,UNRESOLVED,,547692,UNRESOLVED,,no existing verified Player Research closure
player_season/2878,player_season,2024-25,,611912,,,NOT_APPLICABLE,,NOT_APPLICABLE,,NOT_APPLICABLE,,VERIFIED,UNRESOLVED,,611912,UNRESOLVED,,no existing verified Player Research closure
player_season/2879,player_season,2024-25,,611921,,,NOT_APPLICABLE,,NOT_APPLICABLE,,NOT_APPLICABLE,,VERIFIED,UNRESOLVED,,611921,UNRESOLVED,,no existing verified Player Research closure
player_season/2880,player_season,2024-25,,247632,,,NOT_APPLICABLE,,NOT_APPLICABLE,,NOT_APPLICABLE,,VERIFIED,UNRESOLVED,,247632,UNRESOLVED,,no existing verified Player Research closure
player_season/2881,player_season,2024-25,,248857,,,NOT_APPLICABLE,,NOT_APPLICABLE,,NOT_APPLICABLE,,VERIFIED,UNRESOLVED,,248857,UNRESOLVED,,no existing verified Player Research closure
player_season/2882,player_season,2024-25,,517052,,,NOT_APPLICABLE,,NOT_APPLICABLE,,NOT_APPLICABLE,,VERIFIED,UNRESOLVED,,517052,UNRESOLVED,,no existing verified Player Research closure
player_season/2883,player_season,2024-25,,213198,,,NOT_APPLICABLE,,NOT_APPLICABLE,,NOT_APPLICABLE,,VERIFIED,UNRESOLVED,,213198,UNRESOLVED,,no existing verified Player Research closure
player_season/2884,player_season,2024-25,,209243,,,NOT_APPLICABLE,,NOT_APPLICABLE,,NOT_APPLICABLE,,VERIFIED,UNRESOLVED,,209243,UNRESOLVED,,no existing verified Player Research closure
player_season/2885,player_season,2024-25,,550615,,,NOT_APPLICABLE,,NOT_APPLICABLE,,NOT_APPLICABLE,,VERIFIED,UNRESOLVED,,550615,UNRESOLVED,,no existing verified Player Research closure
player_season/2886,player_season,2024-25,,499309,,,NOT_APPLICABLE,,NOT_APPLICABLE,,NOT_APPLICABLE,,VERIFIED,UNRESOLVED,,499309,UNRESOLVED,,no existing verified Player Research closure
player_season/2887,player_season,2024-25,,567119,,,NOT_APPLICABLE,,NOT_APPLICABLE,,NOT_APPLICABLE,,VERIFIED,UNRESOLVED,,567119,UNRESOLVED,,no existing verified Player Research closure
player_season/2888,player_season,2024-25,,111234,,,NOT_APPLICABLE,,NOT_APPLICABLE,,NOT_APPLICABLE,,VERIFIED,UNRESOLVED,,111234,UNRESOLVED,,no existing verified Player Research closure
player_season/2889,player_season,2024-25,,222627,,,NOT_APPLICABLE,,NOT_APPLICABLE,,NOT_APPLICABLE,,VERIFIED,UNRESOLVED,,222627,UNRESOLVED,,no existing verified Player Research closure
player_season/2890,player_season,2024-25,,40349,,,NOT_APPLICABLE,,NOT_APPLICABLE,,NOT_APPLICABLE,,VERIFIED,UNRESOLVED,,40349,UNRESOLVED,,no existing verified Player Research closure
player_season/2891,player_season,2024-25,,243571,,,NOT_APPLICABLE,,NOT_APPLICABLE,,NOT_APPLICABLE,,VERIFIED,UNRESOLVED,,243571,UNRESOLVED,,no existing verified Player Research closure
player_season/2892,player_season,2024-25,,194164,,,NOT_APPLICABLE,,NOT_APPLICABLE,,NOT_APPLICABLE,,VERIFIED,UNRESOLVED,,194164,UNRESOLVED,,no existing verified Player Research closure
player_season/2893,player_season,2024-25,,106611,,,NOT_APPLICABLE,,NOT_APPLICABLE,,NOT_APPLICABLE,,VERIFIED,UNRESOLVED,,106611,UNRESOLVED,,no existing verified Player Research closure
player_season/2894,player_season,2024-25,,17761,,,NOT_APPLICABLE,,NOT_APPLICABLE,,NOT_APPLICABLE,,VERIFIED,UNRESOLVED,,17761,UNRESOLVED,,no existing verified Player Research closure
player_season/2895,player_season,2024-25,,512462,,,NOT_APPLICABLE,,NOT_APPLICABLE,,NOT_APPLICABLE,,VERIFIED,UNRESOLVED,,512462,UNRESOLVED,,no existing verified Player Research closure
player_season/2896,player_season,2024-25,,18892,,,NOT_APPLICABLE,,NOT_APPLICABLE,,NOT_APPLICABLE,,VERIFIED,UNRESOLVED,,18892,UNRESOLVED,,no existing verified Player Research closure
player_season/2897,player_season,2024-25,,224967,,,NOT_APPLICABLE,,NOT_APPLICABLE,,NOT_APPLICABLE,,VERIFIED,UNRESOLVED,,224967,UNRESOLVED,,no existing verified Player Research closure
player_season/2898,player_season,2024-25,,59949,,,NOT_APPLICABLE,,NOT_APPLICABLE,,NOT_APPLICABLE,,VERIFIED,UNRESOLVED,,59949,UNRESOLVED,,no existing verified Player Research closure
player_season/2899,player_season,2024-25,,480455,,,NOT_APPLICABLE,,NOT_APPLICABLE,,NOT_APPLICABLE,,VERIFIED,UNRESOLVED,,480455,UNRESOLVED,,no existing verified Player Research closure
player_season/2900,player_season,2024-25,,474907,,,NOT_APPLICABLE,,NOT_APPLICABLE,,NOT_APPLICABLE,,VERIFIED,UNRESOLVED,,474907,UNRESOLVED,,no existing verified Player Research closure
player_season/2901,player_season,2024-25,,496178,,,NOT_APPLICABLE,,NOT_APPLICABLE,,NOT_APPLICABLE,,VERIFIED,UNRESOLVED,,496178,UNRESOLVED,,no existing verified Player Research closure
player_season/2902,player_season,2024-25,,179519,,,NOT_APPLICABLE,,NOT_APPLICABLE,,NOT_APPLICABLE,,VERIFIED,UNRESOLVED,,179519,UNRESOLVED,,no existing verified Player Research closure
player_season/2903,player_season,2024-25,,121599,,,NOT_APPLICABLE,,NOT_APPLICABLE,,NOT_APPLICABLE,,VERIFIED,UNRESOLVED,,121599,UNRESOLVED,,no existing verified Player Research closure
player_season/2904,player_season,2024-25,,502697,,,NOT_APPLICABLE,,NOT_APPLICABLE,,NOT_APPLICABLE,,VERIFIED,UNRESOLVED,,502697,UNRESOLVED,,no existing verified Player Research closure
player_season/2905,player_season,2024-25,,80801,,,NOT_APPLICABLE,,NOT_APPLICABLE,,NOT_APPLICABLE,,VERIFIED,UNRESOLVED,,80801,UNRESOLVED,,no existing verified Player Research closure
player_season/2906,player_season,2024-25,,463903,,,NOT_APPLICABLE,,NOT_APPLICABLE,,NOT_APPLICABLE,,VERIFIED,UNRESOLVED,,463903,UNRESOLVED,,no existing verified Player Research closure
player_season/2907,player_season,2024-25,,232928,,,NOT_APPLICABLE,,NOT_APPLICABLE,,NOT_APPLICABLE,,VERIFIED,UNRESOLVED,,232928,UNRESOLVED,,no existing verified Player Research closure
player_season/2908,player_season,2024-25,,490094,,,NOT_APPLICABLE,,NOT_APPLICABLE,,NOT_APPLICABLE,,VERIFIED,UNRESOLVED,,490094,UNRESOLVED,,no existing verified Player Research closure
player_season/2909,player_season,2024-25,,547801,,,NOT_APPLICABLE,,NOT_APPLICABLE,,NOT_APPLICABLE,,VERIFIED,UNRESOLVED,,547801,UNRESOLVED,,no existing verified Player Research closure
player_season/2910,player_season,2024-25,,433154,,,NOT_APPLICABLE,,NOT_APPLICABLE,,NOT_APPLICABLE,,VERIFIED,UNRESOLVED,,433154,UNRESOLVED,,no existing verified Player Research closure
player_season/2911,player_season,2024-25,,177815,,,NOT_APPLICABLE,,NOT_APPLICABLE,,NOT_APPLICABLE,,VERIFIED,UNRESOLVED,,177815,UNRESOLVED,,no existing verified Player Research closure
player_season/2912,player_season,2024-25,,440993,,,NOT_APPLICABLE,,NOT_APPLICABLE,,NOT_APPLICABLE,,VERIFIED,UNRESOLVED,,440993,UNRESOLVED,,no existing verified Player Research closure
player_season/2913,player_season,2024-25,,221399,,,NOT_APPLICABLE,,NOT_APPLICABLE,,NOT_APPLICABLE,,VERIFIED,UNRESOLVED,,221399,UNRESOLVED,,no existing verified Player Research closure
player_season/2914,player_season,2024-25,,486385,,,NOT_APPLICABLE,,NOT_APPLICABLE,,NOT_APPLICABLE,,VERIFIED,UNRESOLVED,,486385,UNRESOLVED,,no existing verified Player Research closure
player_season/2915,player_season,2024-25,,491012,,,NOT_APPLICABLE,,NOT_APPLICABLE,,NOT_APPLICABLE,,VERIFIED,UNRESOLVED,,491012,UNRESOLVED,,no existing verified Player Research closure
player_season/2916,player_season,2024-25,,115382,,,NOT_APPLICABLE,,NOT_APPLICABLE,,NOT_APPLICABLE,,VERIFIED,UNRESOLVED,,115382,UNRESOLVED,,no existing verified Player Research closure
player_season/2917,player_season,2024-25,,440323,,,NOT_APPLICABLE,,NOT_APPLICABLE,,NOT_APPLICABLE,,VERIFIED,UNRESOLVED,,440323,UNRESOLVED,,no existing verified Player Research closure
player_season/2918,player_season,2024-25,,536241,,,NOT_APPLICABLE,,NOT_APPLICABLE,,NOT_APPLICABLE,,VERIFIED,UNRESOLVED,,536241,UNRESOLVED,,no existing verified Player Research closure
player_season/2919,player_season,2024-25,,496279,,,NOT_APPLICABLE,,NOT_APPLICABLE,,NOT_APPLICABLE,,VERIFIED,UNRESOLVED,,496279,UNRESOLVED,,no existing verified Player Research closure
player_season/2920,player_season,2024-25,,504296,,,NOT_APPLICABLE,,NOT_APPLICABLE,,NOT_APPLICABLE,,VERIFIED,UNRESOLVED,,504296,UNRESOLVED,,no existing verified Player Research closure
player_season/2921,player_season,2024-25,,80201,,,NOT_APPLICABLE,,NOT_APPLICABLE,,NOT_APPLICABLE,,VERIFIED,UNRESOLVED,,80201,UNRESOLVED,,no existing verified Player Research closure
player_season/2922,player_season,2024-25,,428971,,,NOT_APPLICABLE,,NOT_APPLICABLE,,NOT_APPLICABLE,,VERIFIED,UNRESOLVED,,428971,UNRESOLVED,,no existing verified Player Research closure
player_season/2923,player_season,2024-25,,167074,,,NOT_APPLICABLE,,NOT_APPLICABLE,,NOT_APPLICABLE,,VERIFIED,UNRESOLVED,,167074,UNRESOLVED,,no existing verified Player Research closure
player_season/2924,player_season,2024-25,,232892,,,NOT_APPLICABLE,,NOT_APPLICABLE,,NOT_APPLICABLE,,VERIFIED,UNRESOLVED,,232892,UNRESOLVED,,no existing verified Player Research closure
player_season/2925,player_season,2024-25,,174874,,,NOT_APPLICABLE,,NOT_APPLICABLE,,NOT_APPLICABLE,,VERIFIED,UNRESOLVED,,174874,UNRESOLVED,,no existing verified Player Research closure
player_season/2926,player_season,2024-25,,246301,,,NOT_APPLICABLE,,NOT_APPLICABLE,,NOT_APPLICABLE,,VERIFIED,UNRESOLVED,,246301,UNRESOLVED,,no existing verified Player Research closure
player_season/2927,player_season,2024-25,,166477,,,NOT_APPLICABLE,,NOT_APPLICABLE,,NOT_APPLICABLE,,VERIFIED,UNRESOLVED,,166477,UNRESOLVED,,no existing verified Player Research closure
player_season/2928,player_season,2024-25,,219924,,,NOT_APPLICABLE,,NOT_APPLICABLE,,NOT_APPLICABLE,,VERIFIED,UNRESOLVED,,219924,UNRESOLVED,,no existing verified Player Research closure
player_season/2929,player_season,2024-25,,169528,,,NOT_APPLICABLE,,NOT_APPLICABLE,,NOT_APPLICABLE,,VERIFIED,UNRESOLVED,,169528,UNRESOLVED,,no existing verified Player Research closure
player_season/2930,player_season,2024-25,,591385,,,NOT_APPLICABLE,,NOT_APPLICABLE,,NOT_APPLICABLE,,VERIFIED,UNRESOLVED,,591385,UNRESOLVED,,no existing verified Player Research closure
player_season/2931,player_season,2024-25,,153366,,,NOT_APPLICABLE,,NOT_APPLICABLE,,NOT_APPLICABLE,,VERIFIED,UNRESOLVED,,153366,UNRESOLVED,,no existing verified Player Research closure
player_season/2932,player_season,2024-25,,153682,,,NOT_APPLICABLE,,NOT_APPLICABLE,,NOT_APPLICABLE,,VERIFIED,UNRESOLVED,,153682,UNRESOLVED,,no existing verified Player Research closure
player_season/2933,player_season,2024-25,,76357,,,NOT_APPLICABLE,,NOT_APPLICABLE,,NOT_APPLICABLE,,VERIFIED,UNRESOLVED,,76357,UNRESOLVED,,no existing verified Player Research closure
player_season/2934,player_season,2024-25,,207189,,,NOT_APPLICABLE,,NOT_APPLICABLE,,NOT_APPLICABLE,,VERIFIED,UNRESOLVED,,207189,UNRESOLVED,,no existing verified Player Research closure
player_season/2935,player_season,2024-25,,156689,,,NOT_APPLICABLE,,NOT_APPLICABLE,,NOT_APPLICABLE,,VERIFIED,UNRESOLVED,,156689,UNRESOLVED,,no existing verified Player Research closure
player_season/2936,player_season,2024-25,,212314,,,NOT_APPLICABLE,,NOT_APPLICABLE,,NOT_APPLICABLE,,VERIFIED,UNRESOLVED,,212314,UNRESOLVED,,no existing verified Player Research closure
player_season/2937,player_season,2024-25,,577725,,,NOT_APPLICABLE,,NOT_APPLICABLE,,NOT_APPLICABLE,,VERIFIED,UNRESOLVED,,577725,UNRESOLVED,,no existing verified Player Research closure
player_season/2938,player_season,2024-25,,184349,,,NOT_APPLICABLE,,NOT_APPLICABLE,,NOT_APPLICABLE,,VERIFIED,UNRESOLVED,,184349,UNRESOLVED,,no existing verified Player Research closure
player_season/2939,player_season,2024-25,,209289,,,NOT_APPLICABLE,,NOT_APPLICABLE,,NOT_APPLICABLE,,VERIFIED,UNRESOLVED,,209289,UNRESOLVED,,no existing verified Player Research closure
player_season/2940,player_season,2024-25,,102057,,,NOT_APPLICABLE,,NOT_APPLICABLE,,NOT_APPLICABLE,,VERIFIED,UNRESOLVED,,102057,UNRESOLVED,,no existing verified Player Research closure
player_season/2941,player_season,2024-25,,244042,,,NOT_APPLICABLE,,NOT_APPLICABLE,,NOT_APPLICABLE,,VERIFIED,UNRESOLVED,,244042,UNRESOLVED,,no existing verified Player Research closure
player_season/2942,player_season,2024-25,,159533,,,NOT_APPLICABLE,,NOT_APPLICABLE,,NOT_APPLICABLE,,VERIFIED,UNRESOLVED,,159533,UNRESOLVED,,no existing verified Player Research closure
player_season/2943,player_season,2024-25,,245824,,,NOT_APPLICABLE,,NOT_APPLICABLE,,NOT_APPLICABLE,,VERIFIED,UNRESOLVED,,245824,UNRESOLVED,,no existing verified Player Research closure
player_season/2944,player_season,2024-25,,153133,,,NOT_APPLICABLE,,NOT_APPLICABLE,,NOT_APPLICABLE,,VERIFIED,UNRESOLVED,,153133,UNRESOLVED,,no existing verified Player Research closure
player_season/2945,player_season,2024-25,,200641,,,NOT_APPLICABLE,,NOT_APPLICABLE,,NOT_APPLICABLE,,VERIFIED,UNRESOLVED,,200641,UNRESOLVED,,no existing verified Player Research closure
player_season/2946,player_season,2024-25,,47431,,,NOT_APPLICABLE,,NOT_APPLICABLE,,NOT_APPLICABLE,,VERIFIED,UNRESOLVED,,47431,UNRESOLVED,,no existing verified Player Research closure
player_season/2947,player_season,2024-25,,573062,,,NOT_APPLICABLE,,NOT_APPLICABLE,,NOT_APPLICABLE,,VERIFIED,UNRESOLVED,,573062,UNRESOLVED,,no existing verified Player Research closure
player_season/2948,player_season,2024-25,,232917,,,NOT_APPLICABLE,,NOT_APPLICABLE,,NOT_APPLICABLE,,VERIFIED,UNRESOLVED,,232917,UNRESOLVED,,no existing verified Player Research closure
player_season/2949,player_season,2024-25,,434044,,,NOT_APPLICABLE,,NOT_APPLICABLE,,NOT_APPLICABLE,,VERIFIED,UNRESOLVED,,434044,UNRESOLVED,,no existing verified Player Research closure
player_season/2950,player_season,2024-25,,108813,,,NOT_APPLICABLE,,NOT_APPLICABLE,,NOT_APPLICABLE,,VERIFIED,UNRESOLVED,,108813,UNRESOLVED,,no existing verified Player Research closure
player_season/2951,player_season,2024-25,,112520,,,NOT_APPLICABLE,,NOT_APPLICABLE,,NOT_APPLICABLE,,VERIFIED,UNRESOLVED,,112520,UNRESOLVED,,no existing verified Player Research closure
player_season/2952,player_season,2024-25,,455084,,,NOT_APPLICABLE,,NOT_APPLICABLE,,NOT_APPLICABLE,,VERIFIED,UNRESOLVED,,455084,UNRESOLVED,,no existing verified Player Research closure
player_season/2953,player_season,2024-25,,220583,,,NOT_APPLICABLE,,NOT_APPLICABLE,,NOT_APPLICABLE,,VERIFIED,UNRESOLVED,,220583,UNRESOLVED,,no existing verified Player Research closure
player_season/2954,player_season,2024-25,,122411,,,NOT_APPLICABLE,,NOT_APPLICABLE,,NOT_APPLICABLE,,VERIFIED,UNRESOLVED,,122411,UNRESOLVED,,no existing verified Player Research closure
player_season/2955,player_season,2024-25,,222018,,,NOT_APPLICABLE,,NOT_APPLICABLE,,NOT_APPLICABLE,,VERIFIED,UNRESOLVED,,222018,UNRESOLVED,,no existing verified Player Research closure
player_season/2956,player_season,2024-25,,108053,,,NOT_APPLICABLE,,NOT_APPLICABLE,,NOT_APPLICABLE,,VERIFIED,UNRESOLVED,,108053,UNRESOLVED,,no existing verified Player Research closure
player_season/2957,player_season,2024-25,,449429,,,NOT_APPLICABLE,,NOT_APPLICABLE,,NOT_APPLICABLE,,VERIFIED,UNRESOLVED,,449429,UNRESOLVED,,no existing verified Player Research closure
player_season/2958,player_season,2024-25,,517178,,,NOT_APPLICABLE,,NOT_APPLICABLE,,NOT_APPLICABLE,,VERIFIED,UNRESOLVED,,517178,UNRESOLVED,,no existing verified Player Research closure
player_season/2959,player_season,2024-25,,216616,,,NOT_APPLICABLE,,NOT_APPLICABLE,,NOT_APPLICABLE,,VERIFIED,UNRESOLVED,,216616,UNRESOLVED,,no existing verified Player Research closure
player_season/2960,player_season,2024-25,,180804,,,NOT_APPLICABLE,,NOT_APPLICABLE,,NOT_APPLICABLE,,VERIFIED,UNRESOLVED,,180804,UNRESOLVED,,no existing verified Player Research closure
player_season/2961,player_season,2024-25,,198826,,,NOT_APPLICABLE,,NOT_APPLICABLE,,NOT_APPLICABLE,,VERIFIED,UNRESOLVED,,198826,UNRESOLVED,,no existing verified Player Research closure
player_season/2962,player_season,2024-25,,547693,,,NOT_APPLICABLE,,NOT_APPLICABLE,,NOT_APPLICABLE,,VERIFIED,UNRESOLVED,,547693,UNRESOLVED,,no existing verified Player Research closure
player_season/2963,player_season,2024-25,,613041,,,NOT_APPLICABLE,,NOT_APPLICABLE,,NOT_APPLICABLE,,VERIFIED,UNRESOLVED,,613041,UNRESOLVED,,no existing verified Player Research closure
player_season/2964,player_season,2024-25,,74944,,,NOT_APPLICABLE,,NOT_APPLICABLE,,NOT_APPLICABLE,,VERIFIED,UNRESOLVED,,74944,UNRESOLVED,,no existing verified Player Research closure
player_season/2965,player_season,2024-25,,155405,,,NOT_APPLICABLE,,NOT_APPLICABLE,,NOT_APPLICABLE,,VERIFIED,UNRESOLVED,,155405,UNRESOLVED,,no existing verified Player Research closure
player_season/2966,player_season,2024-25,,474120,,,NOT_APPLICABLE,,NOT_APPLICABLE,,NOT_APPLICABLE,,VERIFIED,UNRESOLVED,,474120,UNRESOLVED,,no existing verified Player Research closure
player_season/2967,player_season,2024-25,,167191,,,NOT_APPLICABLE,,NOT_APPLICABLE,,NOT_APPLICABLE,,VERIFIED,UNRESOLVED,,167191,UNRESOLVED,,no existing verified Player Research closure
player_season/2968,player_season,2024-25,,454667,,,NOT_APPLICABLE,,NOT_APPLICABLE,,NOT_APPLICABLE,,VERIFIED,UNRESOLVED,,454667,UNRESOLVED,,no existing verified Player Research closure
player_season/2969,player_season,2024-25,,231899,,,NOT_APPLICABLE,,NOT_APPLICABLE,,NOT_APPLICABLE,,VERIFIED,UNRESOLVED,,231899,UNRESOLVED,,no existing verified Player Research closure
player_season/2970,player_season,2024-25,,172453,,,NOT_APPLICABLE,,NOT_APPLICABLE,,NOT_APPLICABLE,,VERIFIED,UNRESOLVED,,172453,UNRESOLVED,,no existing verified Player Research closure
player_season/2971,player_season,2024-25,,106606,,,NOT_APPLICABLE,,NOT_APPLICABLE,,NOT_APPLICABLE,,VERIFIED,UNRESOLVED,,106606,UNRESOLVED,,no existing verified Player Research closure
player_season/2972,player_season,2024-25,,592712,,,NOT_APPLICABLE,,NOT_APPLICABLE,,NOT_APPLICABLE,,VERIFIED,UNRESOLVED,,592712,UNRESOLVED,,no existing verified Player Research closure
player_season/2973,player_season,2024-25,,149929,,,NOT_APPLICABLE,,NOT_APPLICABLE,,NOT_APPLICABLE,,VERIFIED,UNRESOLVED,,149929,UNRESOLVED,,no existing verified Player Research closure
player_season/2974,player_season,2024-25,,196411,,,NOT_APPLICABLE,,NOT_APPLICABLE,,NOT_APPLICABLE,,VERIFIED,UNRESOLVED,,196411,UNRESOLVED,,no existing verified Player Research closure
player_season/2975,player_season,2024-25,,463034,,,NOT_APPLICABLE,,NOT_APPLICABLE,,NOT_APPLICABLE,,VERIFIED,UNRESOLVED,,463034,UNRESOLVED,,no existing verified Player Research closure
player_season/2976,player_season,2024-25,,503301,,,NOT_APPLICABLE,,NOT_APPLICABLE,,NOT_APPLICABLE,,VERIFIED,UNRESOLVED,,503301,UNRESOLVED,,no existing verified Player Research closure
player_season/2977,player_season,2024-25,,229164,,,NOT_APPLICABLE,,NOT_APPLICABLE,,NOT_APPLICABLE,,VERIFIED,UNRESOLVED,,229164,UNRESOLVED,,no existing verified Player Research closure
player_season/2978,player_season,2024-25,,222625,,,NOT_APPLICABLE,,NOT_APPLICABLE,,NOT_APPLICABLE,,VERIFIED,UNRESOLVED,,222625,UNRESOLVED,,no existing verified Player Research closure
player_season/2979,player_season,2024-25,,481624,,,NOT_APPLICABLE,,NOT_APPLICABLE,,NOT_APPLICABLE,,VERIFIED,UNRESOLVED,,481624,UNRESOLVED,,no existing verified Player Research closure
player_season/2980,player_season,2024-25,,173818,,,NOT_APPLICABLE,,NOT_APPLICABLE,,NOT_APPLICABLE,,VERIFIED,UNRESOLVED,,173818,UNRESOLVED,,no existing verified Player Research closure
player_season/2981,player_season,2024-25,,443261,,,NOT_APPLICABLE,,NOT_APPLICABLE,,NOT_APPLICABLE,,VERIFIED,UNRESOLVED,,443261,UNRESOLVED,,no existing verified Player Research closure
player_season/2982,player_season,2024-25,,95463,,,NOT_APPLICABLE,,NOT_APPLICABLE,,NOT_APPLICABLE,,VERIFIED,UNRESOLVED,,95463,UNRESOLVED,,no existing verified Player Research closure
player_season/2983,player_season,2024-25,,467189,,,NOT_APPLICABLE,,NOT_APPLICABLE,,NOT_APPLICABLE,,VERIFIED,UNRESOLVED,,467189,UNRESOLVED,,no existing verified Player Research closure
player_season/2984,player_season,2024-25,,207270,,,NOT_APPLICABLE,,NOT_APPLICABLE,,NOT_APPLICABLE,,VERIFIED,UNRESOLVED,,207270,UNRESOLVED,,no existing verified Player Research closure
player_season/2985,player_season,2024-25,,436680,,,NOT_APPLICABLE,,NOT_APPLICABLE,,NOT_APPLICABLE,,VERIFIED,UNRESOLVED,,436680,UNRESOLVED,,no existing verified Player Research closure
player_season/2986,player_season,2024-25,,194190,,,NOT_APPLICABLE,,NOT_APPLICABLE,,NOT_APPLICABLE,,VERIFIED,UNRESOLVED,,194190,UNRESOLVED,,no existing verified Player Research closure
player_season/2987,player_season,2024-25,,220627,,,NOT_APPLICABLE,,NOT_APPLICABLE,,NOT_APPLICABLE,,VERIFIED,UNRESOLVED,,220627,UNRESOLVED,,no existing verified Player Research closure
player_season/2988,player_season,2024-25,,218218,,,NOT_APPLICABLE,,NOT_APPLICABLE,,NOT_APPLICABLE,,VERIFIED,UNRESOLVED,,218218,UNRESOLVED,,no existing verified Player Research closure
player_season/2989,player_season,2024-25,,94147,,,NOT_APPLICABLE,,NOT_APPLICABLE,,NOT_APPLICABLE,,VERIFIED,UNRESOLVED,,94147,UNRESOLVED,,no existing verified Player Research closure
player_season/2990,player_season,2024-25,,473341,,,NOT_APPLICABLE,,NOT_APPLICABLE,,NOT_APPLICABLE,,VERIFIED,UNRESOLVED,,473341,UNRESOLVED,,no existing verified Player Research closure
player_season/2991,player_season,2024-25,,481510,,,NOT_APPLICABLE,,NOT_APPLICABLE,,NOT_APPLICABLE,,VERIFIED,UNRESOLVED,,481510,UNRESOLVED,,no existing verified Player Research closure
player_season/2992,player_season,2024-25,,111931,,,NOT_APPLICABLE,,NOT_APPLICABLE,,NOT_APPLICABLE,,VERIFIED,UNRESOLVED,,111931,UNRESOLVED,,no existing verified Player Research closure
player_season/2993,player_season,2024-25,,93100,,,NOT_APPLICABLE,,NOT_APPLICABLE,,NOT_APPLICABLE,,VERIFIED,UNRESOLVED,,93100,UNRESOLVED,,no existing verified Player Research closure
player_season/2994,player_season,2024-25,,488439,,,NOT_APPLICABLE,,NOT_APPLICABLE,,NOT_APPLICABLE,,VERIFIED,UNRESOLVED,,488439,UNRESOLVED,,no existing verified Player Research closure
player_season/2995,player_season,2024-25,,501770,,,NOT_APPLICABLE,,NOT_APPLICABLE,,NOT_APPLICABLE,,VERIFIED,UNRESOLVED,,501770,UNRESOLVED,,no existing verified Player Research closure
player_season/2996,player_season,2024-25,,244619,,,NOT_APPLICABLE,,NOT_APPLICABLE,,NOT_APPLICABLE,,VERIFIED,UNRESOLVED,,244619,UNRESOLVED,,no existing verified Player Research closure
player_season/2997,player_season,2024-25,,619146,,,NOT_APPLICABLE,,NOT_APPLICABLE,,NOT_APPLICABLE,,VERIFIED,UNRESOLVED,,619146,UNRESOLVED,,no existing verified Player Research closure
player_season/2998,player_season,2024-25,,203341,,,NOT_APPLICABLE,,NOT_APPLICABLE,,NOT_APPLICABLE,,VERIFIED,UNRESOLVED,,203341,UNRESOLVED,,no existing verified Player Research closure
player_season/2999,player_season,2024-25,,157668,,,NOT_APPLICABLE,,NOT_APPLICABLE,,NOT_APPLICABLE,,VERIFIED,UNRESOLVED,,157668,UNRESOLVED,,no existing verified Player Research closure
player_season/3000,player_season,2024-25,,513527,,,NOT_APPLICABLE,,NOT_APPLICABLE,,NOT_APPLICABLE,,VERIFIED,UNRESOLVED,,513527,UNRESOLVED,,no existing verified Player Research closure
player_season/3001,player_season,2024-25,,209042,,,NOT_APPLICABLE,,NOT_APPLICABLE,,NOT_APPLICABLE,,VERIFIED,UNRESOLVED,,209042,UNRESOLVED,,no existing verified Player Research closure
player_season/3002,player_season,2024-25,,225902,,,NOT_APPLICABLE,,NOT_APPLICABLE,,NOT_APPLICABLE,,VERIFIED,UNRESOLVED,,225902,UNRESOLVED,,no existing verified Player Research closure
player_season/3003,player_season,2024-25,,549640,,,NOT_APPLICABLE,,NOT_APPLICABLE,,NOT_APPLICABLE,,VERIFIED,UNRESOLVED,,549640,UNRESOLVED,,no existing verified Player Research closure
player_season/3004,player_season,2024-25,,461587,,,NOT_APPLICABLE,,NOT_APPLICABLE,,NOT_APPLICABLE,,VERIFIED,UNRESOLVED,,461587,UNRESOLVED,,no existing verified Player Research closure
player_season/3005,player_season,2024-25,,536916,,,NOT_APPLICABLE,,NOT_APPLICABLE,,NOT_APPLICABLE,,VERIFIED,UNRESOLVED,,536916,UNRESOLVED,,no existing verified Player Research closure
player_season/3006,player_season,2024-25,,519223,,,NOT_APPLICABLE,,NOT_APPLICABLE,,NOT_APPLICABLE,,VERIFIED,UNRESOLVED,,519223,UNRESOLVED,,no existing verified Player Research closure
player_season/3007,player_season,2024-25,,531997,,,NOT_APPLICABLE,,NOT_APPLICABLE,,NOT_APPLICABLE,,VERIFIED,UNRESOLVED,,531997,UNRESOLVED,,no existing verified Player Research closure
player_season/3008,player_season,2024-25,,649208,,,NOT_APPLICABLE,,NOT_APPLICABLE,,NOT_APPLICABLE,,VERIFIED,UNRESOLVED,,649208,UNRESOLVED,,no existing verified Player Research closure
player_season/3009,player_season,2024-25,,531442,,,NOT_APPLICABLE,,NOT_APPLICABLE,,NOT_APPLICABLE,,VERIFIED,UNRESOLVED,,531442,UNRESOLVED,,no existing verified Player Research closure
player_season/3010,player_season,2024-25,,101668,,,NOT_APPLICABLE,,NOT_APPLICABLE,,NOT_APPLICABLE,,VERIFIED,UNRESOLVED,,101668,UNRESOLVED,,no existing verified Player Research closure
player_season/3011,player_season,2024-25,,154048,,,NOT_APPLICABLE,,NOT_APPLICABLE,,NOT_APPLICABLE,,VERIFIED,UNRESOLVED,,154048,UNRESOLVED,,no existing verified Player Research closure
player_season/3012,player_season,2024-25,,96994,,,NOT_APPLICABLE,,NOT_APPLICABLE,,NOT_APPLICABLE,,VERIFIED,UNRESOLVED,,96994,UNRESOLVED,,no existing verified Player Research closure
player_season/3013,player_season,2024-25,,80146,,,NOT_APPLICABLE,,NOT_APPLICABLE,,NOT_APPLICABLE,,VERIFIED,UNRESOLVED,,80146,UNRESOLVED,,no existing verified Player Research closure
player_season/3014,player_season,2024-25,,245419,,,NOT_APPLICABLE,,NOT_APPLICABLE,,NOT_APPLICABLE,,VERIFIED,UNRESOLVED,,245419,UNRESOLVED,,no existing verified Player Research closure
player_season/3015,player_season,2024-25,,199670,,,NOT_APPLICABLE,,NOT_APPLICABLE,,NOT_APPLICABLE,,VERIFIED,UNRESOLVED,,199670,UNRESOLVED,,no existing verified Player Research closure
player_season/3016,player_season,2024-25,,630664,,,NOT_APPLICABLE,,NOT_APPLICABLE,,NOT_APPLICABLE,,VERIFIED,UNRESOLVED,,630664,UNRESOLVED,,no existing verified Player Research closure
player_season/3017,player_season,2024-25,,116535,,,NOT_APPLICABLE,,NOT_APPLICABLE,,NOT_APPLICABLE,,VERIFIED,UNRESOLVED,,116535,UNRESOLVED,,no existing verified Player Research closure
player_season/3018,player_season,2024-25,,432987,,,NOT_APPLICABLE,,NOT_APPLICABLE,,NOT_APPLICABLE,,VERIFIED,UNRESOLVED,,432987,UNRESOLVED,,no existing verified Player Research closure
player_season/3019,player_season,2024-25,,200720,,,NOT_APPLICABLE,,NOT_APPLICABLE,,NOT_APPLICABLE,,VERIFIED,UNRESOLVED,,200720,UNRESOLVED,,no existing verified Player Research closure
player_season/3020,player_season,2024-25,,464353,,,NOT_APPLICABLE,,NOT_APPLICABLE,,NOT_APPLICABLE,,VERIFIED,UNRESOLVED,,464353,UNRESOLVED,,no existing verified Player Research closure
player_season/3021,player_season,2024-25,,171287,,,NOT_APPLICABLE,,NOT_APPLICABLE,,NOT_APPLICABLE,,VERIFIED,UNRESOLVED,,171287,UNRESOLVED,,no existing verified Player Research closure
player_season/3022,player_season,2024-25,,97032,,,NOT_APPLICABLE,,NOT_APPLICABLE,,NOT_APPLICABLE,,VERIFIED,UNRESOLVED,,97032,UNRESOLVED,,no existing verified Player Research closure
player_season/3023,player_season,2024-25,,204716,,,NOT_APPLICABLE,,NOT_APPLICABLE,,NOT_APPLICABLE,,VERIFIED,UNRESOLVED,,204716,UNRESOLVED,,no existing verified Player Research closure
player_season/3024,player_season,2024-25,,214285,,,NOT_APPLICABLE,,NOT_APPLICABLE,,NOT_APPLICABLE,,VERIFIED,UNRESOLVED,,214285,UNRESOLVED,,no existing verified Player Research closure
player_season/3025,player_season,2024-25,,122798,,,NOT_APPLICABLE,,NOT_APPLICABLE,,NOT_APPLICABLE,,VERIFIED,UNRESOLVED,,122798,UNRESOLVED,,no existing verified Player Research closure
player_season/3026,player_season,2024-25,,611926,,,NOT_APPLICABLE,,NOT_APPLICABLE,,NOT_APPLICABLE,,VERIFIED,UNRESOLVED,,611926,UNRESOLVED,,no existing verified Player Research closure
player_season/3027,player_season,2024-25,,169187,,,NOT_APPLICABLE,,NOT_APPLICABLE,,NOT_APPLICABLE,,VERIFIED,UNRESOLVED,,169187,UNRESOLVED,,no existing verified Player Research closure
player_season/3028,player_season,2024-25,,441428,,,NOT_APPLICABLE,,NOT_APPLICABLE,,NOT_APPLICABLE,,VERIFIED,UNRESOLVED,,441428,UNRESOLVED,,no existing verified Player Research closure
player_season/3029,player_season,2024-25,,492777,,,NOT_APPLICABLE,,NOT_APPLICABLE,,NOT_APPLICABLE,,VERIFIED,UNRESOLVED,,492777,UNRESOLVED,,no existing verified Player Research closure
player_season/3030,player_season,2024-25,,158983,,,NOT_APPLICABLE,,NOT_APPLICABLE,,NOT_APPLICABLE,,VERIFIED,UNRESOLVED,,158983,UNRESOLVED,,no existing verified Player Research closure
player_season/3031,player_season,2024-25,,424876,,,NOT_APPLICABLE,,NOT_APPLICABLE,,NOT_APPLICABLE,,VERIFIED,UNRESOLVED,,424876,UNRESOLVED,,no existing verified Player Research closure
player_season/3032,player_season,2024-25,,243016,,,NOT_APPLICABLE,,NOT_APPLICABLE,,NOT_APPLICABLE,,VERIFIED,UNRESOLVED,,243016,UNRESOLVED,,no existing verified Player Research closure
player_season/3033,player_season,2024-25,,206915,,,NOT_APPLICABLE,,NOT_APPLICABLE,,NOT_APPLICABLE,,VERIFIED,UNRESOLVED,,206915,UNRESOLVED,,no existing verified Player Research closure
player_season/3034,player_season,2024-25,,444884,,,NOT_APPLICABLE,,NOT_APPLICABLE,,NOT_APPLICABLE,,VERIFIED,UNRESOLVED,,444884,UNRESOLVED,,no existing verified Player Research closure
player_season/3035,player_season,2024-25,,441266,,,NOT_APPLICABLE,,NOT_APPLICABLE,,NOT_APPLICABLE,,VERIFIED,UNRESOLVED,,441266,UNRESOLVED,,no existing verified Player Research closure
player_season/3036,player_season,2024-25,,491501,,,NOT_APPLICABLE,,NOT_APPLICABLE,,NOT_APPLICABLE,,VERIFIED,UNRESOLVED,,491501,UNRESOLVED,,no existing verified Player Research closure
player_season/3037,player_season,2024-25,,596042,,,NOT_APPLICABLE,,NOT_APPLICABLE,,NOT_APPLICABLE,,VERIFIED,UNRESOLVED,,596042,UNRESOLVED,,no existing verified Player Research closure
player_season/3038,player_season,2024-25,,440148,,,NOT_APPLICABLE,,NOT_APPLICABLE,,NOT_APPLICABLE,,VERIFIED,UNRESOLVED,,440148,UNRESOLVED,,no existing verified Player Research closure
player_season/3039,player_season,2024-25,,591386,,,NOT_APPLICABLE,,NOT_APPLICABLE,,NOT_APPLICABLE,,VERIFIED,UNRESOLVED,,591386,UNRESOLVED,,no existing verified Player Research closure
player_season/3040,player_season,2024-25,,244731,,,NOT_APPLICABLE,,NOT_APPLICABLE,,NOT_APPLICABLE,,VERIFIED,UNRESOLVED,,244731,UNRESOLVED,,no existing verified Player Research closure
player_season/3041,player_season,2024-25,,447203,,,NOT_APPLICABLE,,NOT_APPLICABLE,,NOT_APPLICABLE,,VERIFIED,UNRESOLVED,,447203,UNRESOLVED,,no existing verified Player Research closure
player_season/3042,player_season,2024-25,,118748,,,NOT_APPLICABLE,,NOT_APPLICABLE,,NOT_APPLICABLE,,VERIFIED,UNRESOLVED,,118748,UNRESOLVED,,no existing verified Player Research closure
player_season/3043,player_season,2024-25,,223541,,,NOT_APPLICABLE,,NOT_APPLICABLE,,NOT_APPLICABLE,,VERIFIED,UNRESOLVED,,223541,UNRESOLVED,,no existing verified Player Research closure
player_season/3044,player_season,2024-25,,243298,,,NOT_APPLICABLE,,NOT_APPLICABLE,,NOT_APPLICABLE,,VERIFIED,UNRESOLVED,,243298,UNRESOLVED,,no existing verified Player Research closure
player_season/3045,player_season,2024-25,,194634,,,NOT_APPLICABLE,,NOT_APPLICABLE,,NOT_APPLICABLE,,VERIFIED,UNRESOLVED,,194634,UNRESOLVED,,no existing verified Player Research closure
player_season/3046,player_season,2024-25,,581317,,,NOT_APPLICABLE,,NOT_APPLICABLE,,NOT_APPLICABLE,,VERIFIED,UNRESOLVED,,581317,UNRESOLVED,,no existing verified Player Research closure
player_season/3047,player_season,2024-25,,611922,,,NOT_APPLICABLE,,NOT_APPLICABLE,,NOT_APPLICABLE,,VERIFIED,UNRESOLVED,,611922,UNRESOLVED,,no existing verified Player Research closure
player_season/3048,player_season,2024-25,,88248,,,NOT_APPLICABLE,,NOT_APPLICABLE,,NOT_APPLICABLE,,VERIFIED,UNRESOLVED,,88248,UNRESOLVED,,no existing verified Player Research closure
player_season/3049,player_season,2024-25,,121160,,,NOT_APPLICABLE,,NOT_APPLICABLE,,NOT_APPLICABLE,,VERIFIED,UNRESOLVED,,121160,UNRESOLVED,,no existing verified Player Research closure
player_season/3050,player_season,2024-25,,17601,,,NOT_APPLICABLE,,NOT_APPLICABLE,,NOT_APPLICABLE,,VERIFIED,UNRESOLVED,,17601,UNRESOLVED,,no existing verified Player Research closure
player_season/3051,player_season,2024-25,,613120,,,NOT_APPLICABLE,,NOT_APPLICABLE,,NOT_APPLICABLE,,VERIFIED,UNRESOLVED,,613120,UNRESOLVED,,no existing verified Player Research closure
player_season/3052,player_season,2024-25,,171314,,,NOT_APPLICABLE,,NOT_APPLICABLE,,NOT_APPLICABLE,,VERIFIED,UNRESOLVED,,171314,UNRESOLVED,,no existing verified Player Research closure
player_season/3053,player_season,2024-25,,97299,,,NOT_APPLICABLE,,NOT_APPLICABLE,,NOT_APPLICABLE,,VERIFIED,UNRESOLVED,,97299,UNRESOLVED,,no existing verified Player Research closure
player_season/3054,player_season,2024-25,,126184,,,NOT_APPLICABLE,,NOT_APPLICABLE,,NOT_APPLICABLE,,VERIFIED,UNRESOLVED,,126184,UNRESOLVED,,no existing verified Player Research closure
player_season/3055,player_season,2024-25,,616222,,,NOT_APPLICABLE,,NOT_APPLICABLE,,NOT_APPLICABLE,,VERIFIED,UNRESOLVED,,616222,UNRESOLVED,,no existing verified Player Research closure
player_season/3056,player_season,2024-25,,477424,,,NOT_APPLICABLE,,NOT_APPLICABLE,,NOT_APPLICABLE,,VERIFIED,UNRESOLVED,,477424,UNRESOLVED,,no existing verified Player Research closure
player_season/3057,player_season,2024-25,,211975,,,NOT_APPLICABLE,,NOT_APPLICABLE,,NOT_APPLICABLE,,VERIFIED,UNRESOLVED,,211975,UNRESOLVED,,no existing verified Player Research closure
player_season/3058,player_season,2024-25,,578153,,,NOT_APPLICABLE,,NOT_APPLICABLE,,NOT_APPLICABLE,,VERIFIED,UNRESOLVED,,578153,UNRESOLVED,,no existing verified Player Research closure
player_season/3059,player_season,2024-25,,554194,,,NOT_APPLICABLE,,NOT_APPLICABLE,,NOT_APPLICABLE,,VERIFIED,UNRESOLVED,,554194,UNRESOLVED,,no existing verified Player Research closure
player_season/3060,player_season,2024-25,,494307,,,NOT_APPLICABLE,,NOT_APPLICABLE,,NOT_APPLICABLE,,VERIFIED,UNRESOLVED,,494307,UNRESOLVED,,no existing verified Player Research closure
player_season/3061,player_season,2024-25,,477064,,,NOT_APPLICABLE,,NOT_APPLICABLE,,NOT_APPLICABLE,,VERIFIED,UNRESOLVED,,477064,UNRESOLVED,,no existing verified Player Research closure
player_season/3062,player_season,2024-25,,91651,,,NOT_APPLICABLE,,NOT_APPLICABLE,,NOT_APPLICABLE,,VERIFIED,UNRESOLVED,,91651,UNRESOLVED,,no existing verified Player Research closure
player_season/3063,player_season,2024-25,,114283,,,NOT_APPLICABLE,,NOT_APPLICABLE,,NOT_APPLICABLE,,VERIFIED,UNRESOLVED,,114283,UNRESOLVED,,no existing verified Player Research closure
player_season/3064,player_season,2024-25,,465694,,,NOT_APPLICABLE,,NOT_APPLICABLE,,NOT_APPLICABLE,,VERIFIED,UNRESOLVED,,465694,UNRESOLVED,,no existing verified Player Research closure
player_season/3065,player_season,2024-25,,220566,,,NOT_APPLICABLE,,NOT_APPLICABLE,,NOT_APPLICABLE,,VERIFIED,UNRESOLVED,,220566,UNRESOLVED,,no existing verified Player Research closure
player_season/3066,player_season,2024-25,,61366,,,NOT_APPLICABLE,,NOT_APPLICABLE,,NOT_APPLICABLE,,VERIFIED,UNRESOLVED,,61366,UNRESOLVED,,no existing verified Player Research closure
player_season/3067,player_season,2024-25,,59859,,,NOT_APPLICABLE,,NOT_APPLICABLE,,NOT_APPLICABLE,,VERIFIED,UNRESOLVED,,59859,UNRESOLVED,,no existing verified Player Research closure
player_season/3068,player_season,2024-25,,165809,,,NOT_APPLICABLE,,NOT_APPLICABLE,,NOT_APPLICABLE,,VERIFIED,UNRESOLVED,,165809,UNRESOLVED,,no existing verified Player Research closure
player_season/3069,player_season,2024-25,,465351,,,NOT_APPLICABLE,,NOT_APPLICABLE,,NOT_APPLICABLE,,VERIFIED,UNRESOLVED,,465351,UNRESOLVED,,no existing verified Player Research closure
player_season/3070,player_season,2024-25,,575204,,,NOT_APPLICABLE,,NOT_APPLICABLE,,NOT_APPLICABLE,,VERIFIED,UNRESOLVED,,575204,UNRESOLVED,,no existing verified Player Research closure
player_season/3071,player_season,2024-25,,209244,,,NOT_APPLICABLE,,NOT_APPLICABLE,,NOT_APPLICABLE,,VERIFIED,UNRESOLVED,,209244,UNRESOLVED,,no existing verified Player Research closure
player_season/3072,player_season,2024-25,,477555,,,NOT_APPLICABLE,,NOT_APPLICABLE,,NOT_APPLICABLE,,VERIFIED,UNRESOLVED,,477555,UNRESOLVED,,no existing verified Player Research closure
player_season/3073,player_season,2024-25,,516250,,,NOT_APPLICABLE,,NOT_APPLICABLE,,NOT_APPLICABLE,,VERIFIED,UNRESOLVED,,516250,UNRESOLVED,,no existing verified Player Research closure
player_season/3074,player_season,2024-25,,472769,,,NOT_APPLICABLE,,NOT_APPLICABLE,,NOT_APPLICABLE,,VERIFIED,UNRESOLVED,,472769,UNRESOLVED,,no existing verified Player Research closure
player_season/3075,player_season,2024-25,,432714,,,NOT_APPLICABLE,,NOT_APPLICABLE,,NOT_APPLICABLE,,VERIFIED,UNRESOLVED,,432714,UNRESOLVED,,no existing verified Player Research closure
player_season/3076,player_season,2024-25,,438234,,,NOT_APPLICABLE,,NOT_APPLICABLE,,NOT_APPLICABLE,,VERIFIED,UNRESOLVED,,438234,UNRESOLVED,,no existing verified Player Research closure
player_season/3077,player_season,2024-25,,223094,,,NOT_APPLICABLE,,NOT_APPLICABLE,,NOT_APPLICABLE,,VERIFIED,UNRESOLVED,,223094,UNRESOLVED,,no existing verified Player Research closure
player_season/3078,player_season,2024-25,,248875,,,NOT_APPLICABLE,,NOT_APPLICABLE,,NOT_APPLICABLE,,VERIFIED,UNRESOLVED,,248875,UNRESOLVED,,no existing verified Player Research closure
player_season/3079,player_season,2024-25,,510281,,,NOT_APPLICABLE,,NOT_APPLICABLE,,NOT_APPLICABLE,,VERIFIED,UNRESOLVED,,510281,UNRESOLVED,,no existing verified Player Research closure
player_season/3080,player_season,2024-25,,487837,,,NOT_APPLICABLE,,NOT_APPLICABLE,,NOT_APPLICABLE,,VERIFIED,UNRESOLVED,,487837,UNRESOLVED,,no existing verified Player Research closure
player_season/3081,player_season,2024-25,,451302,,,NOT_APPLICABLE,,NOT_APPLICABLE,,NOT_APPLICABLE,,VERIFIED,UNRESOLVED,,451302,UNRESOLVED,,no existing verified Player Research closure
player_season/3082,player_season,2024-25,,21205,,,NOT_APPLICABLE,,NOT_APPLICABLE,,NOT_APPLICABLE,,VERIFIED,UNRESOLVED,,21205,UNRESOLVED,,no existing verified Player Research closure
player_season/3083,player_season,2024-25,,202641,,,NOT_APPLICABLE,,NOT_APPLICABLE,,NOT_APPLICABLE,,VERIFIED,UNRESOLVED,,202641,UNRESOLVED,,no existing verified Player Research closure
player_season/3084,player_season,2024-25,,461537,,,NOT_APPLICABLE,,NOT_APPLICABLE,,NOT_APPLICABLE,,VERIFIED,UNRESOLVED,,461537,UNRESOLVED,,no existing verified Player Research closure
player_season/3085,player_season,2024-25,,439483,,,NOT_APPLICABLE,,NOT_APPLICABLE,,NOT_APPLICABLE,,VERIFIED,UNRESOLVED,,439483,UNRESOLVED,,no existing verified Player Research closure
player_season/3086,player_season,2024-25,,588555,,,NOT_APPLICABLE,,NOT_APPLICABLE,,NOT_APPLICABLE,,VERIFIED,UNRESOLVED,,588555,UNRESOLVED,,no existing verified Player Research closure
player_season/3087,player_season,2024-25,,184667,,,NOT_APPLICABLE,,NOT_APPLICABLE,,NOT_APPLICABLE,,VERIFIED,UNRESOLVED,,184667,UNRESOLVED,,no existing verified Player Research closure
player_season/3088,player_season,2024-25,,230001,,,NOT_APPLICABLE,,NOT_APPLICABLE,,NOT_APPLICABLE,,VERIFIED,UNRESOLVED,,230001,UNRESOLVED,,no existing verified Player Research closure
player_season/3089,player_season,2024-25,,209365,,,NOT_APPLICABLE,,NOT_APPLICABLE,,NOT_APPLICABLE,,VERIFIED,UNRESOLVED,,209365,UNRESOLVED,,no existing verified Player Research closure
player_season/3090,player_season,2024-25,,95658,,,NOT_APPLICABLE,,NOT_APPLICABLE,,NOT_APPLICABLE,,VERIFIED,UNRESOLVED,,95658,UNRESOLVED,,no existing verified Player Research closure
player_season/3091,player_season,2024-25,,221820,,,NOT_APPLICABLE,,NOT_APPLICABLE,,NOT_APPLICABLE,,VERIFIED,UNRESOLVED,,221820,UNRESOLVED,,no existing verified Player Research closure
player_season/3092,player_season,2024-25,,596777,,,NOT_APPLICABLE,,NOT_APPLICABLE,,NOT_APPLICABLE,,VERIFIED,UNRESOLVED,,596777,UNRESOLVED,,no existing verified Player Research closure
player_season/3093,player_season,2024-25,,550864,,,NOT_APPLICABLE,,NOT_APPLICABLE,,NOT_APPLICABLE,,VERIFIED,UNRESOLVED,,550864,UNRESOLVED,,no existing verified Player Research closure
player_season/3094,player_season,2024-25,,216051,,,NOT_APPLICABLE,,NOT_APPLICABLE,,NOT_APPLICABLE,,VERIFIED,UNRESOLVED,,216051,UNRESOLVED,,no existing verified Player Research closure
player_season/3095,player_season,2024-25,,106760,,,NOT_APPLICABLE,,NOT_APPLICABLE,,NOT_APPLICABLE,,VERIFIED,UNRESOLVED,,106760,UNRESOLVED,,no existing verified Player Research closure
player_season/3096,player_season,2024-25,,606745,,,NOT_APPLICABLE,,NOT_APPLICABLE,,NOT_APPLICABLE,,VERIFIED,UNRESOLVED,,606745,UNRESOLVED,,no existing verified Player Research closure
player_season/3097,player_season,2024-25,,37642,,,NOT_APPLICABLE,,NOT_APPLICABLE,,NOT_APPLICABLE,,VERIFIED,UNRESOLVED,,37642,UNRESOLVED,,no existing verified Player Research closure
player_season/3098,player_season,2024-25,,577974,,,NOT_APPLICABLE,,NOT_APPLICABLE,,NOT_APPLICABLE,,VERIFIED,UNRESOLVED,,577974,UNRESOLVED,,no existing verified Player Research closure
player_season/3099,player_season,2024-25,,547676,,,NOT_APPLICABLE,,NOT_APPLICABLE,,NOT_APPLICABLE,,VERIFIED,UNRESOLVED,,547676,UNRESOLVED,,no existing verified Player Research closure
player_season/3100,player_season,2024-25,,576637,,,NOT_APPLICABLE,,NOT_APPLICABLE,,NOT_APPLICABLE,,VERIFIED,UNRESOLVED,,576637,UNRESOLVED,,no existing verified Player Research closure
player_season/3101,player_season,2024-25,,184341,,,NOT_APPLICABLE,,NOT_APPLICABLE,,NOT_APPLICABLE,,VERIFIED,UNRESOLVED,,184341,UNRESOLVED,,no existing verified Player Research closure
player_season/3102,player_season,2024-25,,141746,,,NOT_APPLICABLE,,NOT_APPLICABLE,,NOT_APPLICABLE,,VERIFIED,UNRESOLVED,,141746,UNRESOLVED,,no existing verified Player Research closure
player_season/3103,player_season,2024-25,,80607,,,NOT_APPLICABLE,,NOT_APPLICABLE,,NOT_APPLICABLE,,VERIFIED,UNRESOLVED,,80607,UNRESOLVED,,no existing verified Player Research closure
player_season/3104,player_season,2024-25,,61256,,,NOT_APPLICABLE,,NOT_APPLICABLE,,NOT_APPLICABLE,,VERIFIED,UNRESOLVED,,61256,UNRESOLVED,,no existing verified Player Research closure
player_season/3105,player_season,2024-25,,232112,,,NOT_APPLICABLE,,NOT_APPLICABLE,,NOT_APPLICABLE,,VERIFIED,UNRESOLVED,,232112,UNRESOLVED,,no existing verified Player Research closure
player_season/3106,player_season,2024-25,,516895,,,NOT_APPLICABLE,,NOT_APPLICABLE,,NOT_APPLICABLE,,VERIFIED,UNRESOLVED,,516895,UNRESOLVED,,no existing verified Player Research closure
player_season/3107,player_season,2024-25,,618873,,,NOT_APPLICABLE,,NOT_APPLICABLE,,NOT_APPLICABLE,,VERIFIED,UNRESOLVED,,618873,UNRESOLVED,,no existing verified Player Research closure
player_season/3108,player_season,2024-25,,490881,,,NOT_APPLICABLE,,NOT_APPLICABLE,,NOT_APPLICABLE,,VERIFIED,UNRESOLVED,,490881,UNRESOLVED,,no existing verified Player Research closure
player_season/3109,player_season,2024-25,,547037,,,NOT_APPLICABLE,,NOT_APPLICABLE,,NOT_APPLICABLE,,VERIFIED,UNRESOLVED,,547037,UNRESOLVED,,no existing verified Player Research closure
player_season/3110,player_season,2024-25,,559684,,,NOT_APPLICABLE,,NOT_APPLICABLE,,NOT_APPLICABLE,,VERIFIED,UNRESOLVED,,559684,UNRESOLVED,,no existing verified Player Research closure
player_season/3111,player_season,2024-25,,556639,,,NOT_APPLICABLE,,NOT_APPLICABLE,,NOT_APPLICABLE,,VERIFIED,UNRESOLVED,,556639,UNRESOLVED,,no existing verified Player Research closure
player_season/3112,player_season,2024-25,,576620,,,NOT_APPLICABLE,,NOT_APPLICABLE,,NOT_APPLICABLE,,VERIFIED,UNRESOLVED,,576620,UNRESOLVED,,no existing verified Player Research closure
player_season/3113,player_season,2024-25,,209243,,,NOT_APPLICABLE,,NOT_APPLICABLE,,NOT_APPLICABLE,,VERIFIED,UNRESOLVED,,209243,UNRESOLVED,,no existing verified Player Research closure
player_season/3114,player_season,2024-25,,497894,,,NOT_APPLICABLE,,NOT_APPLICABLE,,NOT_APPLICABLE,,VERIFIED,UNRESOLVED,,497894,UNRESOLVED,,no existing verified Player Research closure
player_season/3115,player_season,2024-25,,458249,,,NOT_APPLICABLE,,NOT_APPLICABLE,,NOT_APPLICABLE,,VERIFIED,UNRESOLVED,,458249,UNRESOLVED,,no existing verified Player Research closure
player_season/3116,player_season,2024-25,,493250,,,NOT_APPLICABLE,,NOT_APPLICABLE,,NOT_APPLICABLE,,VERIFIED,UNRESOLVED,,493250,UNRESOLVED,,no existing verified Player Research closure
player_season/3117,player_season,2024-25,,493105,,,NOT_APPLICABLE,,NOT_APPLICABLE,,NOT_APPLICABLE,,VERIFIED,UNRESOLVED,,493105,UNRESOLVED,,no existing verified Player Research closure
player_season/3118,player_season,2024-25,,596047,,,NOT_APPLICABLE,,NOT_APPLICABLE,,NOT_APPLICABLE,,VERIFIED,UNRESOLVED,,596047,UNRESOLVED,,no existing verified Player Research closure
player_season/3119,player_season,2024-25,,67089,,,NOT_APPLICABLE,,NOT_APPLICABLE,,NOT_APPLICABLE,,VERIFIED,UNRESOLVED,,67089,UNRESOLVED,,no existing verified Player Research closure
player_season/3120,player_season,2024-25,,111452,,,NOT_APPLICABLE,,NOT_APPLICABLE,,NOT_APPLICABLE,,VERIFIED,UNRESOLVED,,111452,UNRESOLVED,,no existing verified Player Research closure
player_season/3121,player_season,2024-25,,98747,,,NOT_APPLICABLE,,NOT_APPLICABLE,,NOT_APPLICABLE,,VERIFIED,UNRESOLVED,,98747,UNRESOLVED,,no existing verified Player Research closure
player_season/3122,player_season,2024-25,,19236,,,NOT_APPLICABLE,,NOT_APPLICABLE,,NOT_APPLICABLE,,VERIFIED,UNRESOLVED,,19236,UNRESOLVED,,no existing verified Player Research closure
player_season/3123,player_season,2024-25,,77794,,,NOT_APPLICABLE,,NOT_APPLICABLE,,NOT_APPLICABLE,,VERIFIED,UNRESOLVED,,77794,UNRESOLVED,,no existing verified Player Research closure
player_season/3124,player_season,2024-25,,220237,,,NOT_APPLICABLE,,NOT_APPLICABLE,,NOT_APPLICABLE,,VERIFIED,UNRESOLVED,,220237,UNRESOLVED,,no existing verified Player Research closure
player_season/3125,player_season,2024-25,,119471,,,NOT_APPLICABLE,,NOT_APPLICABLE,,NOT_APPLICABLE,,VERIFIED,UNRESOLVED,,119471,UNRESOLVED,,no existing verified Player Research closure
player_season/3126,player_season,2024-25,,101148,,,NOT_APPLICABLE,,NOT_APPLICABLE,,NOT_APPLICABLE,,VERIFIED,UNRESOLVED,,101148,UNRESOLVED,,no existing verified Player Research closure
player_season/3127,player_season,2024-25,,169359,,,NOT_APPLICABLE,,NOT_APPLICABLE,,NOT_APPLICABLE,,VERIFIED,UNRESOLVED,,169359,UNRESOLVED,,no existing verified Player Research closure
player_season/3128,player_season,2024-25,,111773,,,NOT_APPLICABLE,,NOT_APPLICABLE,,NOT_APPLICABLE,,VERIFIED,UNRESOLVED,,111773,UNRESOLVED,,no existing verified Player Research closure
player_season/3129,player_season,2024-25,,487838,,,NOT_APPLICABLE,,NOT_APPLICABLE,,NOT_APPLICABLE,,VERIFIED,UNRESOLVED,,487838,UNRESOLVED,,no existing verified Player Research closure
player_season/3130,player_season,2024-25,,441191,,,NOT_APPLICABLE,,NOT_APPLICABLE,,NOT_APPLICABLE,,VERIFIED,UNRESOLVED,,441191,UNRESOLVED,,no existing verified Player Research closure
player_season/3131,player_season,2024-25,,235530,,,NOT_APPLICABLE,,NOT_APPLICABLE,,NOT_APPLICABLE,,VERIFIED,UNRESOLVED,,235530,UNRESOLVED,,no existing verified Player Research closure
player_season/3132,player_season,2024-25,,78916,,,NOT_APPLICABLE,,NOT_APPLICABLE,,NOT_APPLICABLE,,VERIFIED,UNRESOLVED,,78916,UNRESOLVED,,no existing verified Player Research closure
player_season/3133,player_season,2024-25,,553746,,,NOT_APPLICABLE,,NOT_APPLICABLE,,NOT_APPLICABLE,,VERIFIED,UNRESOLVED,,553746,UNRESOLVED,,no existing verified Player Research closure
player_season/3134,player_season,2024-25,,180974,,,NOT_APPLICABLE,,NOT_APPLICABLE,,NOT_APPLICABLE,,VERIFIED,UNRESOLVED,,180974,UNRESOLVED,,no existing verified Player Research closure
player_season/3135,player_season,2024-25,,432422,,,NOT_APPLICABLE,,NOT_APPLICABLE,,NOT_APPLICABLE,,VERIFIED,UNRESOLVED,,432422,UNRESOLVED,,no existing verified Player Research closure
player_season/3136,player_season,2024-25,,201666,,,NOT_APPLICABLE,,NOT_APPLICABLE,,NOT_APPLICABLE,,VERIFIED,UNRESOLVED,,201666,UNRESOLVED,,no existing verified Player Research closure
player_season/3137,player_season,2024-25,,114243,,,NOT_APPLICABLE,,NOT_APPLICABLE,,NOT_APPLICABLE,,VERIFIED,UNRESOLVED,,114243,UNRESOLVED,,no existing verified Player Research closure
player_season/3138,player_season,2024-25,,200089,,,NOT_APPLICABLE,,NOT_APPLICABLE,,NOT_APPLICABLE,,VERIFIED,UNRESOLVED,,200089,UNRESOLVED,,no existing verified Player Research closure
player_season/3139,player_season,2024-25,,180135,,,NOT_APPLICABLE,,NOT_APPLICABLE,,NOT_APPLICABLE,,VERIFIED,UNRESOLVED,,180135,UNRESOLVED,,no existing verified Player Research closure
player_season/3140,player_season,2024-25,,208706,,,NOT_APPLICABLE,,NOT_APPLICABLE,,NOT_APPLICABLE,,VERIFIED,UNRESOLVED,,208706,UNRESOLVED,,no existing verified Player Research closure
player_season/3141,player_season,2024-25,,547719,,,NOT_APPLICABLE,,NOT_APPLICABLE,,NOT_APPLICABLE,,VERIFIED,UNRESOLVED,,547719,UNRESOLVED,,no existing verified Player Research closure
player_season/3142,player_season,2024-25,,75115,,,NOT_APPLICABLE,,NOT_APPLICABLE,,NOT_APPLICABLE,,VERIFIED,UNRESOLVED,,75115,UNRESOLVED,,no existing verified Player Research closure
player_season/3143,player_season,2024-25,,232826,,,NOT_APPLICABLE,,NOT_APPLICABLE,,NOT_APPLICABLE,,VERIFIED,UNRESOLVED,,232826,UNRESOLVED,,no existing verified Player Research closure
player_season/3144,player_season,2024-25,,219168,,,NOT_APPLICABLE,,NOT_APPLICABLE,,NOT_APPLICABLE,,VERIFIED,UNRESOLVED,,219168,UNRESOLVED,,no existing verified Player Research closure
player_season/3145,player_season,2024-25,,538207,,,NOT_APPLICABLE,,NOT_APPLICABLE,,NOT_APPLICABLE,,VERIFIED,UNRESOLVED,,538207,UNRESOLVED,,no existing verified Player Research closure
player_season/3146,player_season,2024-25,,599303,,,NOT_APPLICABLE,,NOT_APPLICABLE,,NOT_APPLICABLE,,VERIFIED,UNRESOLVED,,599303,UNRESOLVED,,no existing verified Player Research closure
player_season/3147,player_season,2024-25,,20066,,,NOT_APPLICABLE,,NOT_APPLICABLE,,NOT_APPLICABLE,,VERIFIED,UNRESOLVED,,20066,UNRESOLVED,,no existing verified Player Research closure
player_season/3148,player_season,2024-25,,85633,,,NOT_APPLICABLE,,NOT_APPLICABLE,,NOT_APPLICABLE,,VERIFIED,UNRESOLVED,,85633,UNRESOLVED,,no existing verified Player Research closure
player_season/3149,player_season,2024-25,,475123,,,NOT_APPLICABLE,,NOT_APPLICABLE,,NOT_APPLICABLE,,VERIFIED,UNRESOLVED,,475123,UNRESOLVED,,no existing verified Player Research closure
player_season/3150,player_season,2024-25,,485047,,,NOT_APPLICABLE,,NOT_APPLICABLE,,NOT_APPLICABLE,,VERIFIED,UNRESOLVED,,485047,UNRESOLVED,,no existing verified Player Research closure
player_season/3151,player_season,2024-25,,575476,,,NOT_APPLICABLE,,NOT_APPLICABLE,,NOT_APPLICABLE,,VERIFIED,UNRESOLVED,,575476,UNRESOLVED,,no existing verified Player Research closure
player_season/3152,player_season,2024-25,,215136,,,NOT_APPLICABLE,,NOT_APPLICABLE,,NOT_APPLICABLE,,VERIFIED,UNRESOLVED,,215136,UNRESOLVED,,no existing verified Player Research closure
player_season/3153,player_season,2024-25,,114241,,,NOT_APPLICABLE,,NOT_APPLICABLE,,NOT_APPLICABLE,,VERIFIED,UNRESOLVED,,114241,UNRESOLVED,,no existing verified Player Research closure
player_season/3154,player_season,2024-25,,106468,,,NOT_APPLICABLE,,NOT_APPLICABLE,,NOT_APPLICABLE,,VERIFIED,UNRESOLVED,,106468,UNRESOLVED,,no existing verified Player Research closure
player_season/3155,player_season,2024-25,,90585,,,NOT_APPLICABLE,,NOT_APPLICABLE,,NOT_APPLICABLE,,VERIFIED,UNRESOLVED,,90585,UNRESOLVED,,no existing verified Player Research closure
player_season/3156,player_season,2024-25,,227444,,,NOT_APPLICABLE,,NOT_APPLICABLE,,NOT_APPLICABLE,,VERIFIED,UNRESOLVED,,227444,UNRESOLVED,,no existing verified Player Research closure
player_season/3157,player_season,2024-25,,159506,,,NOT_APPLICABLE,,NOT_APPLICABLE,,NOT_APPLICABLE,,VERIFIED,UNRESOLVED,,159506,UNRESOLVED,,no existing verified Player Research closure
player_season/3158,player_season,2024-25,,549067,,,NOT_APPLICABLE,,NOT_APPLICABLE,,NOT_APPLICABLE,,VERIFIED,UNRESOLVED,,549067,UNRESOLVED,,no existing verified Player Research closure
player_season/3159,player_season,2024-25,,210462,,,NOT_APPLICABLE,,NOT_APPLICABLE,,NOT_APPLICABLE,,VERIFIED,UNRESOLVED,,210462,UNRESOLVED,,no existing verified Player Research closure
player_season/3160,player_season,2024-25,,215379,,,NOT_APPLICABLE,,NOT_APPLICABLE,,NOT_APPLICABLE,,VERIFIED,UNRESOLVED,,215379,UNRESOLVED,,no existing verified Player Research closure
player_season/3161,player_season,2024-25,,222531,,,NOT_APPLICABLE,,NOT_APPLICABLE,,NOT_APPLICABLE,,VERIFIED,UNRESOLVED,,222531,UNRESOLVED,,no existing verified Player Research closure
player_season/3162,player_season,2024-25,,250199,,,NOT_APPLICABLE,,NOT_APPLICABLE,,NOT_APPLICABLE,,VERIFIED,UNRESOLVED,,250199,UNRESOLVED,,no existing verified Player Research closure
player_season/3163,player_season,2024-25,,204968,,,NOT_APPLICABLE,,NOT_APPLICABLE,,NOT_APPLICABLE,,VERIFIED,UNRESOLVED,,204968,UNRESOLVED,,no existing verified Player Research closure
player_season/3164,player_season,2024-25,,513046,,,NOT_APPLICABLE,,NOT_APPLICABLE,,NOT_APPLICABLE,,VERIFIED,UNRESOLVED,,513046,UNRESOLVED,,no existing verified Player Research closure
player_season/3165,player_season,2024-25,,210156,,,NOT_APPLICABLE,,NOT_APPLICABLE,,NOT_APPLICABLE,,VERIFIED,UNRESOLVED,,210156,UNRESOLVED,,no existing verified Player Research closure
player_season/3166,player_season,2024-25,,60689,,,NOT_APPLICABLE,,NOT_APPLICABLE,,NOT_APPLICABLE,,VERIFIED,UNRESOLVED,,60689,UNRESOLVED,,no existing verified Player Research closure
player_season/3167,player_season,2024-25,,209046,,,NOT_APPLICABLE,,NOT_APPLICABLE,,NOT_APPLICABLE,,VERIFIED,UNRESOLVED,,209046,UNRESOLVED,,no existing verified Player Research closure
player_season/3168,player_season,2024-25,,569014,,,NOT_APPLICABLE,,NOT_APPLICABLE,,NOT_APPLICABLE,,VERIFIED,UNRESOLVED,,569014,UNRESOLVED,,no existing verified Player Research closure
player_season/3169,player_season,2024-25,,510500,,,NOT_APPLICABLE,,NOT_APPLICABLE,,NOT_APPLICABLE,,VERIFIED,UNRESOLVED,,510500,UNRESOLVED,,no existing verified Player Research closure
player_season/3170,player_season,2024-25,,449434,,,NOT_APPLICABLE,,NOT_APPLICABLE,,NOT_APPLICABLE,,VERIFIED,UNRESOLVED,,449434,UNRESOLVED,,no existing verified Player Research closure
player_season/3171,player_season,2024-25,,502222,,,NOT_APPLICABLE,,NOT_APPLICABLE,,NOT_APPLICABLE,,VERIFIED,UNRESOLVED,,502222,UNRESOLVED,,no existing verified Player Research closure
player_season/3172,player_season,2024-25,,58376,,,NOT_APPLICABLE,,NOT_APPLICABLE,,NOT_APPLICABLE,,VERIFIED,UNRESOLVED,,58376,UNRESOLVED,,no existing verified Player Research closure
player_season/3173,player_season,2024-25,,167888,,,NOT_APPLICABLE,,NOT_APPLICABLE,,NOT_APPLICABLE,,VERIFIED,UNRESOLVED,,167888,UNRESOLVED,,no existing verified Player Research closure
player_season/3174,player_season,2024-25,,225321,,,NOT_APPLICABLE,,NOT_APPLICABLE,,NOT_APPLICABLE,,VERIFIED,UNRESOLVED,,225321,UNRESOLVED,,no existing verified Player Research closure
player_season/3175,player_season,2024-25,,158534,,,NOT_APPLICABLE,,NOT_APPLICABLE,,NOT_APPLICABLE,,VERIFIED,UNRESOLVED,,158534,UNRESOLVED,,no existing verified Player Research closure
player_season/3176,player_season,2024-25,,204863,,,NOT_APPLICABLE,,NOT_APPLICABLE,,NOT_APPLICABLE,,VERIFIED,UNRESOLVED,,204863,UNRESOLVED,,no existing verified Player Research closure
player_season/3177,player_season,2024-25,,88900,,,NOT_APPLICABLE,,NOT_APPLICABLE,,NOT_APPLICABLE,,VERIFIED,UNRESOLVED,,88900,UNRESOLVED,,no existing verified Player Research closure
player_season/3178,player_season,2024-25,,245719,,,NOT_APPLICABLE,,NOT_APPLICABLE,,NOT_APPLICABLE,,VERIFIED,UNRESOLVED,,245719,UNRESOLVED,,no existing verified Player Research closure
player_season/3179,player_season,2024-25,,184386,,,NOT_APPLICABLE,,NOT_APPLICABLE,,NOT_APPLICABLE,,VERIFIED,UNRESOLVED,,184386,UNRESOLVED,,no existing verified Player Research closure
player_season/3180,player_season,2024-25,,244845,,,NOT_APPLICABLE,,NOT_APPLICABLE,,NOT_APPLICABLE,,VERIFIED,UNRESOLVED,,244845,UNRESOLVED,,no existing verified Player Research closure
player_season/3181,player_season,2024-25,,219279,,,NOT_APPLICABLE,,NOT_APPLICABLE,,NOT_APPLICABLE,,VERIFIED,UNRESOLVED,,219279,UNRESOLVED,,no existing verified Player Research closure
player_season/3182,player_season,2024-25,,103914,,,NOT_APPLICABLE,,NOT_APPLICABLE,,NOT_APPLICABLE,,VERIFIED,UNRESOLVED,,103914,UNRESOLVED,,no existing verified Player Research closure
player_season/3183,player_season,2024-25,,500016,,,NOT_APPLICABLE,,NOT_APPLICABLE,,NOT_APPLICABLE,,VERIFIED,UNRESOLVED,,500016,UNRESOLVED,,no existing verified Player Research closure
player_season/3184,player_season,2024-25,,171771,,,NOT_APPLICABLE,,NOT_APPLICABLE,,NOT_APPLICABLE,,VERIFIED,UNRESOLVED,,171771,UNRESOLVED,,no existing verified Player Research closure
player_season/3185,player_season,2024-25,,477386,,,NOT_APPLICABLE,,NOT_APPLICABLE,,NOT_APPLICABLE,,VERIFIED,UNRESOLVED,,477386,UNRESOLVED,,no existing verified Player Research closure
player_season/3186,player_season,2024-25,,620408,,,NOT_APPLICABLE,,NOT_APPLICABLE,,NOT_APPLICABLE,,VERIFIED,UNRESOLVED,,620408,UNRESOLVED,,no existing verified Player Research closure
player_season/3187,player_season,2024-25,,494551,,,NOT_APPLICABLE,,NOT_APPLICABLE,,NOT_APPLICABLE,,VERIFIED,UNRESOLVED,,494551,UNRESOLVED,,no existing verified Player Research closure
player_season/3188,player_season,2024-25,,220585,,,NOT_APPLICABLE,,NOT_APPLICABLE,,NOT_APPLICABLE,,VERIFIED,UNRESOLVED,,220585,UNRESOLVED,,no existing verified Player Research closure
player_season/3189,player_season,2024-25,,193204,,,NOT_APPLICABLE,,NOT_APPLICABLE,,NOT_APPLICABLE,,VERIFIED,UNRESOLVED,,193204,UNRESOLVED,,no existing verified Player Research closure
player_season/3190,player_season,2024-25,,214466,,,NOT_APPLICABLE,,NOT_APPLICABLE,,NOT_APPLICABLE,,VERIFIED,UNRESOLVED,,214466,UNRESOLVED,,no existing verified Player Research closure
player_season/3191,player_season,2024-25,,39155,,,NOT_APPLICABLE,,NOT_APPLICABLE,,NOT_APPLICABLE,,VERIFIED,UNRESOLVED,,39155,UNRESOLVED,,no existing verified Player Research closure
player_season/3192,player_season,2024-25,,551226,,,NOT_APPLICABLE,,NOT_APPLICABLE,,NOT_APPLICABLE,,VERIFIED,UNRESOLVED,,551226,UNRESOLVED,,no existing verified Player Research closure
player_season/3193,player_season,2024-25,,504783,,,NOT_APPLICABLE,,NOT_APPLICABLE,,NOT_APPLICABLE,,VERIFIED,UNRESOLVED,,504783,UNRESOLVED,,no existing verified Player Research closure
player_season/3194,player_season,2024-25,,90105,,,NOT_APPLICABLE,,NOT_APPLICABLE,,NOT_APPLICABLE,,VERIFIED,UNRESOLVED,,90105,UNRESOLVED,,no existing verified Player Research closure
player_season/3195,player_season,2024-25,,503714,,,NOT_APPLICABLE,,NOT_APPLICABLE,,NOT_APPLICABLE,,VERIFIED,UNRESOLVED,,503714,UNRESOLVED,,no existing verified Player Research closure
player_season/3196,player_season,2024-25,,499724,,,NOT_APPLICABLE,,NOT_APPLICABLE,,NOT_APPLICABLE,,VERIFIED,UNRESOLVED,,499724,UNRESOLVED,,no existing verified Player Research closure
player_season/3197,player_season,2024-25,,494779,,,NOT_APPLICABLE,,NOT_APPLICABLE,,NOT_APPLICABLE,,VERIFIED,UNRESOLVED,,494779,UNRESOLVED,,no existing verified Player Research closure
player_season/3198,player_season,2024-25,,496661,,,NOT_APPLICABLE,,NOT_APPLICABLE,,NOT_APPLICABLE,,VERIFIED,UNRESOLVED,,496661,UNRESOLVED,,no existing verified Player Research closure
player_season/3199,player_season,2024-25,,155511,,,NOT_APPLICABLE,,NOT_APPLICABLE,,NOT_APPLICABLE,,VERIFIED,UNRESOLVED,,155511,UNRESOLVED,,no existing verified Player Research closure
player_season/3200,player_season,2024-25,,230348,,,NOT_APPLICABLE,,NOT_APPLICABLE,,NOT_APPLICABLE,,VERIFIED,UNRESOLVED,,230348,UNRESOLVED,,no existing verified Player Research closure
player_season/3201,player_season,2024-25,,433979,,,NOT_APPLICABLE,,NOT_APPLICABLE,,NOT_APPLICABLE,,VERIFIED,UNRESOLVED,,433979,UNRESOLVED,,no existing verified Player Research closure
player_season/3202,player_season,2024-25,,147611,,,NOT_APPLICABLE,,NOT_APPLICABLE,,NOT_APPLICABLE,,VERIFIED,UNRESOLVED,,147611,UNRESOLVED,,no existing verified Player Research closure
player_season/3203,player_season,2024-25,,495024,,,NOT_APPLICABLE,,NOT_APPLICABLE,,NOT_APPLICABLE,,VERIFIED,UNRESOLVED,,495024,UNRESOLVED,,no existing verified Player Research closure
player_season/3204,player_season,2024-25,,184254,,,NOT_APPLICABLE,,NOT_APPLICABLE,,NOT_APPLICABLE,,VERIFIED,UNRESOLVED,,184254,UNRESOLVED,,no existing verified Player Research closure
player_season/3205,player_season,2024-25,,40383,,,NOT_APPLICABLE,,NOT_APPLICABLE,,NOT_APPLICABLE,,VERIFIED,UNRESOLVED,,40383,UNRESOLVED,,no existing verified Player Research closure
player_season/3206,player_season,2024-25,,485055,,,NOT_APPLICABLE,,NOT_APPLICABLE,,NOT_APPLICABLE,,VERIFIED,UNRESOLVED,,485055,UNRESOLVED,,no existing verified Player Research closure
player_season/3207,player_season,2024-25,,214572,,,NOT_APPLICABLE,,NOT_APPLICABLE,,NOT_APPLICABLE,,VERIFIED,UNRESOLVED,,214572,UNRESOLVED,,no existing verified Player Research closure
player_season/3208,player_season,2024-25,,175941,,,NOT_APPLICABLE,,NOT_APPLICABLE,,NOT_APPLICABLE,,VERIFIED,UNRESOLVED,,175941,UNRESOLVED,,no existing verified Player Research closure
player_season/3209,player_season,2024-25,,199249,,,NOT_APPLICABLE,,NOT_APPLICABLE,,NOT_APPLICABLE,,VERIFIED,UNRESOLVED,,199249,UNRESOLVED,,no existing verified Player Research closure
player_season/3210,player_season,2024-25,,135720,,,NOT_APPLICABLE,,NOT_APPLICABLE,,NOT_APPLICABLE,,VERIFIED,UNRESOLVED,,135720,UNRESOLVED,,no existing verified Player Research closure
player_season/3211,player_season,2024-25,,493125,,,NOT_APPLICABLE,,NOT_APPLICABLE,,NOT_APPLICABLE,,VERIFIED,UNRESOLVED,,493125,UNRESOLVED,,no existing verified Player Research closure
player_season/3212,player_season,2024-25,,487053,,,NOT_APPLICABLE,,NOT_APPLICABLE,,NOT_APPLICABLE,,VERIFIED,UNRESOLVED,,487053,UNRESOLVED,,no existing verified Player Research closure
player_season/3213,player_season,2024-25,,221632,,,NOT_APPLICABLE,,NOT_APPLICABLE,,NOT_APPLICABLE,,VERIFIED,UNRESOLVED,,221632,UNRESOLVED,,no existing verified Player Research closure
player_season/3214,player_season,2024-25,,441164,,,NOT_APPLICABLE,,NOT_APPLICABLE,,NOT_APPLICABLE,,VERIFIED,UNRESOLVED,,441164,UNRESOLVED,,no existing verified Player Research closure
player_season/3215,player_season,2024-25,,232859,,,NOT_APPLICABLE,,NOT_APPLICABLE,,NOT_APPLICABLE,,VERIFIED,UNRESOLVED,,232859,UNRESOLVED,,no existing verified Player Research closure
player_season/3216,player_season,2024-25,,115556,,,NOT_APPLICABLE,,NOT_APPLICABLE,,NOT_APPLICABLE,,VERIFIED,UNRESOLVED,,115556,UNRESOLVED,,no existing verified Player Research closure
player_season/3217,player_season,2024-25,,491279,,,NOT_APPLICABLE,,NOT_APPLICABLE,,NOT_APPLICABLE,,VERIFIED,UNRESOLVED,,491279,UNRESOLVED,,no existing verified Player Research closure
player_season/3218,player_season,2024-25,,501620,,,NOT_APPLICABLE,,NOT_APPLICABLE,,NOT_APPLICABLE,,VERIFIED,UNRESOLVED,,501620,UNRESOLVED,,no existing verified Player Research closure
player_season/3219,player_season,2024-25,,611920,,,NOT_APPLICABLE,,NOT_APPLICABLE,,NOT_APPLICABLE,,VERIFIED,UNRESOLVED,,611920,UNRESOLVED,,no existing verified Player Research closure
player_season/3220,player_season,2024-25,,227127,,,NOT_APPLICABLE,,NOT_APPLICABLE,,NOT_APPLICABLE,,VERIFIED,UNRESOLVED,,227127,UNRESOLVED,,no existing verified Player Research closure
player_season/3221,player_season,2024-25,,172780,,,NOT_APPLICABLE,,NOT_APPLICABLE,,NOT_APPLICABLE,,VERIFIED,UNRESOLVED,,172780,UNRESOLVED,,no existing verified Player Research closure
player_season/3222,player_season,2024-25,,547701,,,NOT_APPLICABLE,,NOT_APPLICABLE,,NOT_APPLICABLE,,VERIFIED,UNRESOLVED,,547701,UNRESOLVED,,no existing verified Player Research closure
player_season/3223,player_season,2024-25,,570526,,,NOT_APPLICABLE,,NOT_APPLICABLE,,NOT_APPLICABLE,,VERIFIED,UNRESOLVED,,570526,UNRESOLVED,,no existing verified Player Research closure
player_season/3224,player_season,2024-25,,445044,,,NOT_APPLICABLE,,NOT_APPLICABLE,,NOT_APPLICABLE,,VERIFIED,UNRESOLVED,,445044,UNRESOLVED,,no existing verified Player Research closure
player_season/3225,player_season,2024-25,,482442,,,NOT_APPLICABLE,,NOT_APPLICABLE,,NOT_APPLICABLE,,VERIFIED,UNRESOLVED,,482442,UNRESOLVED,,no existing verified Player Research closure
player_season/3226,player_season,2024-25,,202993,,,NOT_APPLICABLE,,NOT_APPLICABLE,,NOT_APPLICABLE,,VERIFIED,UNRESOLVED,,202993,UNRESOLVED,,no existing verified Player Research closure
player_season/3227,player_season,2024-25,,499726,,,NOT_APPLICABLE,,NOT_APPLICABLE,,NOT_APPLICABLE,,VERIFIED,UNRESOLVED,,499726,UNRESOLVED,,no existing verified Player Research closure
player_season/3228,player_season,2024-25,,85971,,,NOT_APPLICABLE,,NOT_APPLICABLE,,NOT_APPLICABLE,,VERIFIED,UNRESOLVED,,85971,UNRESOLVED,,no existing verified Player Research closure
player_season/3229,player_season,2024-25,,212319,,,NOT_APPLICABLE,,NOT_APPLICABLE,,NOT_APPLICABLE,,VERIFIED,UNRESOLVED,,212319,UNRESOLVED,,no existing verified Player Research closure
player_season/3230,player_season,2024-25,,511499,,,NOT_APPLICABLE,,NOT_APPLICABLE,,NOT_APPLICABLE,,VERIFIED,UNRESOLVED,,511499,UNRESOLVED,,no existing verified Player Research closure
player_season/3231,player_season,2024-25,,165153,,,NOT_APPLICABLE,,NOT_APPLICABLE,,NOT_APPLICABLE,,VERIFIED,UNRESOLVED,,165153,UNRESOLVED,,no existing verified Player Research closure
player_season/3232,player_season,2024-25,,154566,,,NOT_APPLICABLE,,NOT_APPLICABLE,,NOT_APPLICABLE,,VERIFIED,UNRESOLVED,,154566,UNRESOLVED,,no existing verified Player Research closure
player_season/3233,player_season,2024-25,,242898,,,NOT_APPLICABLE,,NOT_APPLICABLE,,NOT_APPLICABLE,,VERIFIED,UNRESOLVED,,242898,UNRESOLVED,,no existing verified Player Research closure
player_season/3234,player_season,2024-25,,550839,,,NOT_APPLICABLE,,NOT_APPLICABLE,,NOT_APPLICABLE,,VERIFIED,UNRESOLVED,,550839,UNRESOLVED,,no existing verified Player Research closure
player_season/3235,player_season,2024-25,,490145,,,NOT_APPLICABLE,,NOT_APPLICABLE,,NOT_APPLICABLE,,VERIFIED,UNRESOLVED,,490145,UNRESOLVED,,no existing verified Player Research closure
player_season/3236,player_season,2024-25,,499721,,,NOT_APPLICABLE,,NOT_APPLICABLE,,NOT_APPLICABLE,,VERIFIED,UNRESOLVED,,499721,UNRESOLVED,,no existing verified Player Research closure
player_season/3237,player_season,2024-25,,574799,,,NOT_APPLICABLE,,NOT_APPLICABLE,,NOT_APPLICABLE,,VERIFIED,UNRESOLVED,,574799,UNRESOLVED,,no existing verified Player Research closure
player_season/3238,player_season,2024-25,,37096,,,NOT_APPLICABLE,,NOT_APPLICABLE,,NOT_APPLICABLE,,VERIFIED,UNRESOLVED,,37096,UNRESOLVED,,no existing verified Player Research closure
player_season/3239,player_season,2024-25,,82143,,,NOT_APPLICABLE,,NOT_APPLICABLE,,NOT_APPLICABLE,,VERIFIED,UNRESOLVED,,82143,UNRESOLVED,,no existing verified Player Research closure
player_season/3240,player_season,2024-25,,84182,,,NOT_APPLICABLE,,NOT_APPLICABLE,,NOT_APPLICABLE,,VERIFIED,UNRESOLVED,,84182,UNRESOLVED,,no existing verified Player Research closure
player_season/3241,player_season,2024-25,,55459,,,NOT_APPLICABLE,,NOT_APPLICABLE,,NOT_APPLICABLE,,VERIFIED,UNRESOLVED,,55459,UNRESOLVED,,no existing verified Player Research closure
player_season/3242,player_season,2024-25,,164555,,,NOT_APPLICABLE,,NOT_APPLICABLE,,NOT_APPLICABLE,,VERIFIED,UNRESOLVED,,164555,UNRESOLVED,,no existing verified Player Research closure
player_season/3243,player_season,2024-25,,233963,,,NOT_APPLICABLE,,NOT_APPLICABLE,,NOT_APPLICABLE,,VERIFIED,UNRESOLVED,,233963,UNRESOLVED,,no existing verified Player Research closure
player_season/3244,player_season,2024-25,,462116,,,NOT_APPLICABLE,,NOT_APPLICABLE,,NOT_APPLICABLE,,VERIFIED,UNRESOLVED,,462116,UNRESOLVED,,no existing verified Player Research closure
player_season/3245,player_season,2024-25,,214048,,,NOT_APPLICABLE,,NOT_APPLICABLE,,NOT_APPLICABLE,,VERIFIED,UNRESOLVED,,214048,UNRESOLVED,,no existing verified Player Research closure
player_season/3246,player_season,2024-25,,214590,,,NOT_APPLICABLE,,NOT_APPLICABLE,,NOT_APPLICABLE,,VERIFIED,UNRESOLVED,,214590,UNRESOLVED,,no existing verified Player Research closure
player_season/3247,player_season,2024-25,,109533,,,NOT_APPLICABLE,,NOT_APPLICABLE,,NOT_APPLICABLE,,VERIFIED,UNRESOLVED,,109533,UNRESOLVED,,no existing verified Player Research closure
player_season/3248,player_season,2024-25,,518438,,,NOT_APPLICABLE,,NOT_APPLICABLE,,NOT_APPLICABLE,,VERIFIED,UNRESOLVED,,518438,UNRESOLVED,,no existing verified Player Research closure
player_season/3249,player_season,2024-25,,536109,,,NOT_APPLICABLE,,NOT_APPLICABLE,,NOT_APPLICABLE,,VERIFIED,UNRESOLVED,,536109,UNRESOLVED,,no existing verified Player Research closure
player_season/3250,player_season,2024-25,,602903,,,NOT_APPLICABLE,,NOT_APPLICABLE,,NOT_APPLICABLE,,VERIFIED,UNRESOLVED,,602903,UNRESOLVED,,no existing verified Player Research closure
player_season/3251,player_season,2024-25,,224860,,,NOT_APPLICABLE,,NOT_APPLICABLE,,NOT_APPLICABLE,,VERIFIED,UNRESOLVED,,224860,UNRESOLVED,,no existing verified Player Research closure
player_season/3252,player_season,2024-25,,101178,,,NOT_APPLICABLE,,NOT_APPLICABLE,,NOT_APPLICABLE,,VERIFIED,UNRESOLVED,,101178,UNRESOLVED,,no existing verified Player Research closure
player_season/3253,player_season,2024-25,,224024,,,NOT_APPLICABLE,,NOT_APPLICABLE,,NOT_APPLICABLE,,VERIFIED,UNRESOLVED,,224024,UNRESOLVED,,no existing verified Player Research closure
player_season/3254,player_season,2024-25,,460842,,,NOT_APPLICABLE,,NOT_APPLICABLE,,NOT_APPLICABLE,,VERIFIED,UNRESOLVED,,460842,UNRESOLVED,,no existing verified Player Research closure
player_season/3255,player_season,2024-25,,213999,,,NOT_APPLICABLE,,NOT_APPLICABLE,,NOT_APPLICABLE,,VERIFIED,UNRESOLVED,,213999,UNRESOLVED,,no existing verified Player Research closure
player_season/3256,player_season,2024-25,,197024,,,NOT_APPLICABLE,,NOT_APPLICABLE,,NOT_APPLICABLE,,VERIFIED,UNRESOLVED,,197024,UNRESOLVED,,no existing verified Player Research closure
player_season/3257,player_season,2024-25,,215439,,,NOT_APPLICABLE,,NOT_APPLICABLE,,NOT_APPLICABLE,,VERIFIED,UNRESOLVED,,215439,UNRESOLVED,,no existing verified Player Research closure
player_season/3258,player_season,2024-25,,229384,,,NOT_APPLICABLE,,NOT_APPLICABLE,,NOT_APPLICABLE,,VERIFIED,UNRESOLVED,,229384,UNRESOLVED,,no existing verified Player Research closure
player_season/3259,player_season,2024-25,,518442,,,NOT_APPLICABLE,,NOT_APPLICABLE,,NOT_APPLICABLE,,VERIFIED,UNRESOLVED,,518442,UNRESOLVED,,no existing verified Player Research closure
player_season/3260,player_season,2024-25,,450070,,,NOT_APPLICABLE,,NOT_APPLICABLE,,NOT_APPLICABLE,,VERIFIED,UNRESOLVED,,450070,UNRESOLVED,,no existing verified Player Research closure
player_season/3261,player_season,2024-25,,57531,,,NOT_APPLICABLE,,NOT_APPLICABLE,,NOT_APPLICABLE,,VERIFIED,UNRESOLVED,,57531,UNRESOLVED,,no existing verified Player Research closure
player_season/3262,player_season,2024-25,,91889,,,NOT_APPLICABLE,,NOT_APPLICABLE,,NOT_APPLICABLE,,VERIFIED,UNRESOLVED,,91889,UNRESOLVED,,no existing verified Player Research closure
player_season/3263,player_season,2024-25,,577114,,,NOT_APPLICABLE,,NOT_APPLICABLE,,NOT_APPLICABLE,,VERIFIED,UNRESOLVED,,577114,UNRESOLVED,,no existing verified Player Research closure
player_season/3264,player_season,2024-25,,84939,,,NOT_APPLICABLE,,NOT_APPLICABLE,,NOT_APPLICABLE,,VERIFIED,UNRESOLVED,,84939,UNRESOLVED,,no existing verified Player Research closure
player_season/3265,player_season,2024-25,,178186,,,NOT_APPLICABLE,,NOT_APPLICABLE,,NOT_APPLICABLE,,VERIFIED,UNRESOLVED,,178186,UNRESOLVED,,no existing verified Player Research closure
player_season/3266,player_season,2024-25,,487117,,,NOT_APPLICABLE,,NOT_APPLICABLE,,NOT_APPLICABLE,,VERIFIED,UNRESOLVED,,487117,UNRESOLVED,,no existing verified Player Research closure
player_season/3267,player_season,2024-25,,149065,,,NOT_APPLICABLE,,NOT_APPLICABLE,,NOT_APPLICABLE,,VERIFIED,UNRESOLVED,,149065,UNRESOLVED,,no existing verified Player Research closure
player_season/3268,player_season,2024-25,,79602,,,NOT_APPLICABLE,,NOT_APPLICABLE,,NOT_APPLICABLE,,VERIFIED,UNRESOLVED,,79602,UNRESOLVED,,no existing verified Player Research closure
player_season/3269,player_season,2024-25,,101982,,,NOT_APPLICABLE,,NOT_APPLICABLE,,NOT_APPLICABLE,,VERIFIED,UNRESOLVED,,101982,UNRESOLVED,,no existing verified Player Research closure
player_season/3270,player_season,2024-25,,138001,,,NOT_APPLICABLE,,NOT_APPLICABLE,,NOT_APPLICABLE,,VERIFIED,UNRESOLVED,,138001,UNRESOLVED,,no existing verified Player Research closure
player_season/3271,player_season,2024-25,,87835,,,NOT_APPLICABLE,,NOT_APPLICABLE,,NOT_APPLICABLE,,VERIFIED,UNRESOLVED,,87835,UNRESOLVED,,no existing verified Player Research closure
player_season/3272,player_season,2024-25,,448514,,,NOT_APPLICABLE,,NOT_APPLICABLE,,NOT_APPLICABLE,,VERIFIED,UNRESOLVED,,448514,UNRESOLVED,,no existing verified Player Research closure
player_season/3273,player_season,2024-25,,231480,,,NOT_APPLICABLE,,NOT_APPLICABLE,,NOT_APPLICABLE,,VERIFIED,UNRESOLVED,,231480,UNRESOLVED,,no existing verified Player Research closure
player_season/3274,player_season,2024-25,,516939,,,NOT_APPLICABLE,,NOT_APPLICABLE,,NOT_APPLICABLE,,VERIFIED,UNRESOLVED,,516939,UNRESOLVED,,no existing verified Player Research closure
player_season/3275,player_season,2024-25,,501837,,,NOT_APPLICABLE,,NOT_APPLICABLE,,NOT_APPLICABLE,,VERIFIED,UNRESOLVED,,501837,UNRESOLVED,,no existing verified Player Research closure
player_season/3276,player_season,2024-25,,60232,,,NOT_APPLICABLE,,NOT_APPLICABLE,,NOT_APPLICABLE,,VERIFIED,UNRESOLVED,,60232,UNRESOLVED,,no existing verified Player Research closure
player_season/3277,player_season,2024-25,,200402,,,NOT_APPLICABLE,,NOT_APPLICABLE,,NOT_APPLICABLE,,VERIFIED,UNRESOLVED,,200402,UNRESOLVED,,no existing verified Player Research closure
player_season/3278,player_season,2024-25,,510362,,,NOT_APPLICABLE,,NOT_APPLICABLE,,NOT_APPLICABLE,,VERIFIED,UNRESOLVED,,510362,UNRESOLVED,,no existing verified Player Research closure
player_season/3279,player_season,2024-25,,560248,,,NOT_APPLICABLE,,NOT_APPLICABLE,,NOT_APPLICABLE,,VERIFIED,UNRESOLVED,,560248,UNRESOLVED,,no existing verified Player Research closure
player_season/3280,player_season,2024-25,,531170,,,NOT_APPLICABLE,,NOT_APPLICABLE,,NOT_APPLICABLE,,VERIFIED,UNRESOLVED,,531170,UNRESOLVED,,no existing verified Player Research closure
player_season/3281,player_season,2024-25,,641221,,,NOT_APPLICABLE,,NOT_APPLICABLE,,NOT_APPLICABLE,,VERIFIED,UNRESOLVED,,641221,UNRESOLVED,,no existing verified Player Research closure
player_season/3282,player_season,2024-25,,517179,,,NOT_APPLICABLE,,NOT_APPLICABLE,,NOT_APPLICABLE,,VERIFIED,UNRESOLVED,,517179,UNRESOLVED,,no existing verified Player Research closure
player_season/3283,player_season,2024-25,,613467,,,NOT_APPLICABLE,,NOT_APPLICABLE,,NOT_APPLICABLE,,VERIFIED,UNRESOLVED,,613467,UNRESOLVED,,no existing verified Player Research closure
player_season/3284,player_season,2024-25,,433312,,,NOT_APPLICABLE,,NOT_APPLICABLE,,NOT_APPLICABLE,,VERIFIED,UNRESOLVED,,433312,UNRESOLVED,,no existing verified Player Research closure
player_season/3285,player_season,2024-25,,476502,,,NOT_APPLICABLE,,NOT_APPLICABLE,,NOT_APPLICABLE,,VERIFIED,UNRESOLVED,,476502,UNRESOLVED,,no existing verified Player Research closure
player_season/3286,player_season,2024-25,,509291,,,NOT_APPLICABLE,,NOT_APPLICABLE,,NOT_APPLICABLE,,VERIFIED,UNRESOLVED,,509291,UNRESOLVED,,no existing verified Player Research closure
player_season/3287,player_season,2024-25,,448089,,,NOT_APPLICABLE,,NOT_APPLICABLE,,NOT_APPLICABLE,,VERIFIED,UNRESOLVED,,448089,UNRESOLVED,,no existing verified Player Research closure
player_season/3288,player_season,2024-25,,220394,,,NOT_APPLICABLE,,NOT_APPLICABLE,,NOT_APPLICABLE,,VERIFIED,UNRESOLVED,,220394,UNRESOLVED,,no existing verified Player Research closure
player_season/3289,player_season,2024-25,,88484,,,NOT_APPLICABLE,,NOT_APPLICABLE,,NOT_APPLICABLE,,VERIFIED,UNRESOLVED,,88484,UNRESOLVED,,no existing verified Player Research closure
player_season/3290,player_season,2024-25,,231057,,,NOT_APPLICABLE,,NOT_APPLICABLE,,NOT_APPLICABLE,,VERIFIED,UNRESOLVED,,231057,UNRESOLVED,,no existing verified Player Research closure
player_season/3291,player_season,2024-25,,247412,,,NOT_APPLICABLE,,NOT_APPLICABLE,,NOT_APPLICABLE,,VERIFIED,UNRESOLVED,,247412,UNRESOLVED,,no existing verified Player Research closure
player_season/3292,player_season,2024-25,,430871,,,NOT_APPLICABLE,,NOT_APPLICABLE,,NOT_APPLICABLE,,VERIFIED,UNRESOLVED,,430871,UNRESOLVED,,no existing verified Player Research closure
player_season/3293,player_season,2024-25,,184754,,,NOT_APPLICABLE,,NOT_APPLICABLE,,NOT_APPLICABLE,,VERIFIED,UNRESOLVED,,184754,UNRESOLVED,,no existing verified Player Research closure
player_season/3294,player_season,2024-25,,483081,,,NOT_APPLICABLE,,NOT_APPLICABLE,,NOT_APPLICABLE,,VERIFIED,UNRESOLVED,,483081,UNRESOLVED,,no existing verified Player Research closure
player_season/3295,player_season,2024-25,,463212,,,NOT_APPLICABLE,,NOT_APPLICABLE,,NOT_APPLICABLE,,VERIFIED,UNRESOLVED,,463212,UNRESOLVED,,no existing verified Player Research closure
player_season/3296,player_season,2024-25,,181284,,,NOT_APPLICABLE,,NOT_APPLICABLE,,NOT_APPLICABLE,,VERIFIED,UNRESOLVED,,181284,UNRESOLVED,,no existing verified Player Research closure
player_season/3297,player_season,2024-25,,647671,,,NOT_APPLICABLE,,NOT_APPLICABLE,,NOT_APPLICABLE,,VERIFIED,UNRESOLVED,,647671,UNRESOLVED,,no existing verified Player Research closure
player_season/3298,player_season,2024-25,,596054,,,NOT_APPLICABLE,,NOT_APPLICABLE,,NOT_APPLICABLE,,VERIFIED,UNRESOLVED,,596054,UNRESOLVED,,no existing verified Player Research closure
player_season/3299,player_season,2025-26,,98980,,,NOT_APPLICABLE,,NOT_APPLICABLE,,NOT_APPLICABLE,,VERIFIED,UNRESOLVED,,98980,UNRESOLVED,,no existing verified Player Research closure
player_season/3300,player_season,2025-26,,72147,,,NOT_APPLICABLE,,NOT_APPLICABLE,,NOT_APPLICABLE,,VERIFIED,UNRESOLVED,,72147,UNRESOLVED,,no existing verified Player Research closure
player_season/3301,player_season,2025-26,,564505,,,NOT_APPLICABLE,,NOT_APPLICABLE,,NOT_APPLICABLE,,VERIFIED,UNRESOLVED,,564505,UNRESOLVED,,no existing verified Player Research closure
player_season/3302,player_season,2025-26,,516875,,,NOT_APPLICABLE,,NOT_APPLICABLE,,NOT_APPLICABLE,,VERIFIED,UNRESOLVED,,516875,UNRESOLVED,,no existing verified Player Research closure
player_season/3303,player_season,2025-26,,481283,,,NOT_APPLICABLE,,NOT_APPLICABLE,,NOT_APPLICABLE,,VERIFIED,UNRESOLVED,,481283,UNRESOLVED,,no existing verified Player Research closure
player_season/3304,player_season,2025-26,,643000,,,NOT_APPLICABLE,,NOT_APPLICABLE,,NOT_APPLICABLE,,VERIFIED,UNRESOLVED,,643000,UNRESOLVED,,no existing verified Player Research closure
player_season/3305,player_season,2025-26,,199796,,,NOT_APPLICABLE,,NOT_APPLICABLE,,NOT_APPLICABLE,,VERIFIED,UNRESOLVED,,199796,UNRESOLVED,,no existing verified Player Research closure
player_season/3306,player_season,2025-26,,184667,,,NOT_APPLICABLE,,NOT_APPLICABLE,,NOT_APPLICABLE,,VERIFIED,UNRESOLVED,,184667,UNRESOLVED,,no existing verified Player Research closure
player_season/3307,player_season,2025-26,,199798,,,NOT_APPLICABLE,,NOT_APPLICABLE,,NOT_APPLICABLE,,VERIFIED,UNRESOLVED,,199798,UNRESOLVED,,no existing verified Player Research closure
player_season/3308,player_season,2025-26,,149484,,,NOT_APPLICABLE,,NOT_APPLICABLE,,NOT_APPLICABLE,,VERIFIED,UNRESOLVED,,149484,UNRESOLVED,,no existing verified Player Research closure
player_season/3309,player_season,2025-26,,101188,,,NOT_APPLICABLE,,NOT_APPLICABLE,,NOT_APPLICABLE,,VERIFIED,UNRESOLVED,,101188,UNRESOLVED,,no existing verified Player Research closure
player_season/3310,player_season,2025-26,,244954,,,NOT_APPLICABLE,,NOT_APPLICABLE,,NOT_APPLICABLE,,VERIFIED,UNRESOLVED,,244954,UNRESOLVED,,no existing verified Player Research closure
player_season/3311,player_season,2025-26,,606798,,,NOT_APPLICABLE,,NOT_APPLICABLE,,NOT_APPLICABLE,,VERIFIED,UNRESOLVED,,606798,UNRESOLVED,,no existing verified Player Research closure
player_season/3312,player_season,2025-26,,441302,,,NOT_APPLICABLE,,NOT_APPLICABLE,,NOT_APPLICABLE,,VERIFIED,UNRESOLVED,,441302,UNRESOLVED,,no existing verified Player Research closure
player_season/3313,player_season,2025-26,,664015,,,NOT_APPLICABLE,,NOT_APPLICABLE,,NOT_APPLICABLE,,VERIFIED,UNRESOLVED,,664015,UNRESOLVED,,no existing verified Player Research closure
player_season/3314,player_season,2025-26,,618027,,,NOT_APPLICABLE,,NOT_APPLICABLE,,NOT_APPLICABLE,,VERIFIED,UNRESOLVED,,618027,UNRESOLVED,,no existing verified Player Research closure
player_season/3315,player_season,2025-26,,88894,,,NOT_APPLICABLE,,NOT_APPLICABLE,,NOT_APPLICABLE,,VERIFIED,UNRESOLVED,,88894,UNRESOLVED,,no existing verified Player Research closure
player_season/3316,player_season,2025-26,,122806,,,NOT_APPLICABLE,,NOT_APPLICABLE,,NOT_APPLICABLE,,VERIFIED,UNRESOLVED,,122806,UNRESOLVED,,no existing verified Player Research closure
player_season/3317,player_season,2025-26,,166989,,,NOT_APPLICABLE,,NOT_APPLICABLE,,NOT_APPLICABLE,,VERIFIED,UNRESOLVED,,166989,UNRESOLVED,,no existing verified Player Research closure
player_season/3318,player_season,2025-26,,444884,,,NOT_APPLICABLE,,NOT_APPLICABLE,,NOT_APPLICABLE,,VERIFIED,UNRESOLVED,,444884,UNRESOLVED,,no existing verified Player Research closure
player_season/3319,player_season,2025-26,,195546,,,NOT_APPLICABLE,,NOT_APPLICABLE,,NOT_APPLICABLE,,VERIFIED,UNRESOLVED,,195546,UNRESOLVED,,no existing verified Player Research closure
player_season/3320,player_season,2025-26,,230046,,,NOT_APPLICABLE,,NOT_APPLICABLE,,NOT_APPLICABLE,,VERIFIED,UNRESOLVED,,230046,UNRESOLVED,,no existing verified Player Research closure
player_season/3321,player_season,2025-26,,449871,,,NOT_APPLICABLE,,NOT_APPLICABLE,,NOT_APPLICABLE,,VERIFIED,UNRESOLVED,,449871,UNRESOLVED,,no existing verified Player Research closure
player_season/3322,player_season,2025-26,,515597,,,NOT_APPLICABLE,,NOT_APPLICABLE,,NOT_APPLICABLE,,VERIFIED,UNRESOLVED,,515597,UNRESOLVED,,no existing verified Player Research closure
player_season/3323,player_season,2025-26,,226944,,,NOT_APPLICABLE,,NOT_APPLICABLE,,NOT_APPLICABLE,,VERIFIED,UNRESOLVED,,226944,UNRESOLVED,,no existing verified Player Research closure
player_season/3324,player_season,2025-26,,577285,,,NOT_APPLICABLE,,NOT_APPLICABLE,,NOT_APPLICABLE,,VERIFIED,UNRESOLVED,,577285,UNRESOLVED,,no existing verified Player Research closure
player_season/3325,player_season,2025-26,,659290,,,NOT_APPLICABLE,,NOT_APPLICABLE,,NOT_APPLICABLE,,VERIFIED,UNRESOLVED,,659290,UNRESOLVED,,no existing verified Player Research closure
player_season/3326,player_season,2025-26,,645618,,,NOT_APPLICABLE,,NOT_APPLICABLE,,NOT_APPLICABLE,,VERIFIED,UNRESOLVED,,645618,UNRESOLVED,,no existing verified Player Research closure
player_season/3327,player_season,2025-26,,178301,,,NOT_APPLICABLE,,NOT_APPLICABLE,,NOT_APPLICABLE,,VERIFIED,UNRESOLVED,,178301,UNRESOLVED,,no existing verified Player Research closure
player_season/3328,player_season,2025-26,,204646,,,NOT_APPLICABLE,,NOT_APPLICABLE,,NOT_APPLICABLE,,VERIFIED,UNRESOLVED,,204646,UNRESOLVED,,no existing verified Player Research closure
player_season/3329,player_season,2025-26,,173879,,,NOT_APPLICABLE,,NOT_APPLICABLE,,NOT_APPLICABLE,,VERIFIED,UNRESOLVED,,173879,UNRESOLVED,,no existing verified Player Research closure
player_season/3330,player_season,2025-26,,209243,,,NOT_APPLICABLE,,NOT_APPLICABLE,,NOT_APPLICABLE,,VERIFIED,UNRESOLVED,,209243,UNRESOLVED,,no existing verified Player Research closure
player_season/3331,player_season,2025-26,,244850,,,NOT_APPLICABLE,,NOT_APPLICABLE,,NOT_APPLICABLE,,VERIFIED,UNRESOLVED,,244850,UNRESOLVED,,no existing verified Player Research closure
player_season/3332,player_season,2025-26,,690838,,,NOT_APPLICABLE,,NOT_APPLICABLE,,NOT_APPLICABLE,,VERIFIED,UNRESOLVED,,690838,UNRESOLVED,,no existing verified Player Research closure
player_season/3333,player_season,2025-26,,215711,,,NOT_APPLICABLE,,NOT_APPLICABLE,,NOT_APPLICABLE,,VERIFIED,UNRESOLVED,,215711,UNRESOLVED,,no existing verified Player Research closure
player_season/3334,player_season,2025-26,,653481,,,NOT_APPLICABLE,,NOT_APPLICABLE,,NOT_APPLICABLE,,VERIFIED,UNRESOLVED,,653481,UNRESOLVED,,no existing verified Player Research closure
player_season/3335,player_season,2025-26,,154561,,,NOT_APPLICABLE,,NOT_APPLICABLE,,NOT_APPLICABLE,,VERIFIED,UNRESOLVED,,154561,UNRESOLVED,,no existing verified Player Research closure
player_season/3336,player_season,2025-26,,109745,,,NOT_APPLICABLE,,NOT_APPLICABLE,,NOT_APPLICABLE,,VERIFIED,UNRESOLVED,,109745,UNRESOLVED,,no existing verified Player Research closure
player_season/3337,player_season,2025-26,,551221,,,NOT_APPLICABLE,,NOT_APPLICABLE,,NOT_APPLICABLE,,VERIFIED,UNRESOLVED,,551221,UNRESOLVED,,no existing verified Player Research closure
player_season/3338,player_season,2025-26,,553747,,,NOT_APPLICABLE,,NOT_APPLICABLE,,NOT_APPLICABLE,,VERIFIED,UNRESOLVED,,553747,UNRESOLVED,,no existing verified Player Research closure
player_season/3339,player_season,2025-26,,616059,,,NOT_APPLICABLE,,NOT_APPLICABLE,,NOT_APPLICABLE,,VERIFIED,UNRESOLVED,,616059,UNRESOLVED,,no existing verified Player Research closure
player_season/3340,player_season,2025-26,,608028,,,NOT_APPLICABLE,,NOT_APPLICABLE,,NOT_APPLICABLE,,VERIFIED,UNRESOLVED,,608028,UNRESOLVED,,no existing verified Player Research closure
player_season/3341,player_season,2025-26,,462424,,,NOT_APPLICABLE,,NOT_APPLICABLE,,NOT_APPLICABLE,,VERIFIED,UNRESOLVED,,462424,UNRESOLVED,,no existing verified Player Research closure
player_season/3342,player_season,2025-26,,500040,,,NOT_APPLICABLE,,NOT_APPLICABLE,,NOT_APPLICABLE,,VERIFIED,UNRESOLVED,,500040,UNRESOLVED,,no existing verified Player Research closure
player_season/3343,player_season,2025-26,,198869,,,NOT_APPLICABLE,,NOT_APPLICABLE,,NOT_APPLICABLE,,VERIFIED,UNRESOLVED,,198869,UNRESOLVED,,no existing verified Player Research closure
player_season/3344,player_season,2025-26,,448104,,,NOT_APPLICABLE,,NOT_APPLICABLE,,NOT_APPLICABLE,,VERIFIED,UNRESOLVED,,448104,UNRESOLVED,,no existing verified Player Research closure
player_season/3345,player_season,2025-26,,226597,,,NOT_APPLICABLE,,NOT_APPLICABLE,,NOT_APPLICABLE,,VERIFIED,UNRESOLVED,,226597,UNRESOLVED,,no existing verified Player Research closure
player_season/3346,player_season,2025-26,,445122,,,NOT_APPLICABLE,,NOT_APPLICABLE,,NOT_APPLICABLE,,VERIFIED,UNRESOLVED,,445122,UNRESOLVED,,no existing verified Player Research closure
player_season/3347,player_season,2025-26,,466075,,,NOT_APPLICABLE,,NOT_APPLICABLE,,NOT_APPLICABLE,,VERIFIED,UNRESOLVED,,466075,UNRESOLVED,,no existing verified Player Research closure
player_season/3348,player_season,2025-26,,499167,,,NOT_APPLICABLE,,NOT_APPLICABLE,,NOT_APPLICABLE,,VERIFIED,UNRESOLVED,,499167,UNRESOLVED,,no existing verified Player Research closure
player_season/3349,player_season,2025-26,,499169,,,NOT_APPLICABLE,,NOT_APPLICABLE,,NOT_APPLICABLE,,VERIFIED,UNRESOLVED,,499169,UNRESOLVED,,no existing verified Player Research closure
player_season/3350,player_season,2025-26,,499731,,,NOT_APPLICABLE,,NOT_APPLICABLE,,NOT_APPLICABLE,,VERIFIED,UNRESOLVED,,499731,UNRESOLVED,,no existing verified Player Research closure
player_season/3351,player_season,2025-26,,616065,,,NOT_APPLICABLE,,NOT_APPLICABLE,,NOT_APPLICABLE,,VERIFIED,UNRESOLVED,,616065,UNRESOLVED,,no existing verified Player Research closure
player_season/3352,player_season,2025-26,,184029,,,NOT_APPLICABLE,,NOT_APPLICABLE,,NOT_APPLICABLE,,VERIFIED,UNRESOLVED,,184029,UNRESOLVED,,no existing verified Player Research closure
player_season/3353,player_season,2025-26,,232413,,,NOT_APPLICABLE,,NOT_APPLICABLE,,NOT_APPLICABLE,,VERIFIED,UNRESOLVED,,232413,UNRESOLVED,,no existing verified Player Research closure
player_season/3354,player_season,2025-26,,128295,,,NOT_APPLICABLE,,NOT_APPLICABLE,,NOT_APPLICABLE,,VERIFIED,UNRESOLVED,,128295,UNRESOLVED,,no existing verified Player Research closure
player_season/3355,player_season,2025-26,,195384,,,NOT_APPLICABLE,,NOT_APPLICABLE,,NOT_APPLICABLE,,VERIFIED,UNRESOLVED,,195384,UNRESOLVED,,no existing verified Player Research closure
player_season/3356,player_season,2025-26,,481655,,,NOT_APPLICABLE,,NOT_APPLICABLE,,NOT_APPLICABLE,,VERIFIED,UNRESOLVED,,481655,UNRESOLVED,,no existing verified Player Research closure
player_season/3357,player_season,2025-26,,499173,,,NOT_APPLICABLE,,NOT_APPLICABLE,,NOT_APPLICABLE,,VERIFIED,UNRESOLVED,,499173,UNRESOLVED,,no existing verified Player Research closure
player_season/3358,player_season,2025-26,,204480,,,NOT_APPLICABLE,,NOT_APPLICABLE,,NOT_APPLICABLE,,VERIFIED,UNRESOLVED,,204480,UNRESOLVED,,no existing verified Player Research closure
player_season/3359,player_season,2025-26,,616077,,,NOT_APPLICABLE,,NOT_APPLICABLE,,NOT_APPLICABLE,,VERIFIED,UNRESOLVED,,616077,UNRESOLVED,,no existing verified Player Research closure
player_season/3360,player_season,2025-26,,616068,,,NOT_APPLICABLE,,NOT_APPLICABLE,,NOT_APPLICABLE,,VERIFIED,UNRESOLVED,,616068,UNRESOLVED,,no existing verified Player Research closure
player_season/3361,player_season,2025-26,,223340,,,NOT_APPLICABLE,,NOT_APPLICABLE,,NOT_APPLICABLE,,VERIFIED,UNRESOLVED,,223340,UNRESOLVED,,no existing verified Player Research closure
player_season/3362,player_season,2025-26,,205651,,,NOT_APPLICABLE,,NOT_APPLICABLE,,NOT_APPLICABLE,,VERIFIED,UNRESOLVED,,205651,UNRESOLVED,,no existing verified Player Research closure
player_season/3363,player_season,2025-26,,444145,,,NOT_APPLICABLE,,NOT_APPLICABLE,,NOT_APPLICABLE,,VERIFIED,UNRESOLVED,,444145,UNRESOLVED,,no existing verified Player Research closure
player_season/3364,player_season,2025-26,,224117,,,NOT_APPLICABLE,,NOT_APPLICABLE,,NOT_APPLICABLE,,VERIFIED,UNRESOLVED,,224117,UNRESOLVED,,no existing verified Player Research closure
player_season/3365,player_season,2025-26,,116216,,,NOT_APPLICABLE,,NOT_APPLICABLE,,NOT_APPLICABLE,,VERIFIED,UNRESOLVED,,116216,UNRESOLVED,,no existing verified Player Research closure
player_season/3366,player_season,2025-26,,248857,,,NOT_APPLICABLE,,NOT_APPLICABLE,,NOT_APPLICABLE,,VERIFIED,UNRESOLVED,,248857,UNRESOLVED,,no existing verified Player Research closure
player_season/3367,player_season,2025-26,,219847,,,NOT_APPLICABLE,,NOT_APPLICABLE,,NOT_APPLICABLE,,VERIFIED,UNRESOLVED,,219847,UNRESOLVED,,no existing verified Player Research closure
player_season/3368,player_season,2025-26,,646243,,,NOT_APPLICABLE,,NOT_APPLICABLE,,NOT_APPLICABLE,,VERIFIED,UNRESOLVED,,646243,UNRESOLVED,,no existing verified Player Research closure
player_season/3369,player_season,2025-26,,645551,,,NOT_APPLICABLE,,NOT_APPLICABLE,,NOT_APPLICABLE,,VERIFIED,UNRESOLVED,,645551,UNRESOLVED,,no existing verified Player Research closure
player_season/3370,player_season,2025-26,,616074,,,NOT_APPLICABLE,,NOT_APPLICABLE,,NOT_APPLICABLE,,VERIFIED,UNRESOLVED,,616074,UNRESOLVED,,no existing verified Player Research closure
player_season/3371,player_season,2025-26,,457569,,,NOT_APPLICABLE,,NOT_APPLICABLE,,NOT_APPLICABLE,,VERIFIED,UNRESOLVED,,457569,UNRESOLVED,,no existing verified Player Research closure
player_season/3372,player_season,2025-26,,40383,,,NOT_APPLICABLE,,NOT_APPLICABLE,,NOT_APPLICABLE,,VERIFIED,UNRESOLVED,,40383,UNRESOLVED,,no existing verified Player Research closure
player_season/3373,player_season,2025-26,,436416,,,NOT_APPLICABLE,,NOT_APPLICABLE,,NOT_APPLICABLE,,VERIFIED,UNRESOLVED,,436416,UNRESOLVED,,no existing verified Player Research closure
player_season/3374,player_season,2025-26,,494521,,,NOT_APPLICABLE,,NOT_APPLICABLE,,NOT_APPLICABLE,,VERIFIED,UNRESOLVED,,494521,UNRESOLVED,,no existing verified Player Research closure
player_season/3375,player_season,2025-26,,221466,,,NOT_APPLICABLE,,NOT_APPLICABLE,,NOT_APPLICABLE,,VERIFIED,UNRESOLVED,,221466,UNRESOLVED,,no existing verified Player Research closure
player_season/3376,player_season,2025-26,,575901,,,NOT_APPLICABLE,,NOT_APPLICABLE,,NOT_APPLICABLE,,VERIFIED,UNRESOLVED,,575901,UNRESOLVED,,no existing verified Player Research closure
player_season/3377,player_season,2025-26,,54469,,,NOT_APPLICABLE,,NOT_APPLICABLE,,NOT_APPLICABLE,,VERIFIED,UNRESOLVED,,54469,UNRESOLVED,,no existing verified Player Research closure
player_season/3378,player_season,2025-26,,242882,,,NOT_APPLICABLE,,NOT_APPLICABLE,,NOT_APPLICABLE,,VERIFIED,UNRESOLVED,,242882,UNRESOLVED,,no existing verified Player Research closure
player_season/3379,player_season,2025-26,,551483,,,NOT_APPLICABLE,,NOT_APPLICABLE,,NOT_APPLICABLE,,VERIFIED,UNRESOLVED,,551483,UNRESOLVED,,no existing verified Player Research closure
player_season/3380,player_season,2025-26,,463981,,,NOT_APPLICABLE,,NOT_APPLICABLE,,NOT_APPLICABLE,,VERIFIED,UNRESOLVED,,463981,UNRESOLVED,,no existing verified Player Research closure
player_season/3381,player_season,2025-26,,518906,,,NOT_APPLICABLE,,NOT_APPLICABLE,,NOT_APPLICABLE,,VERIFIED,UNRESOLVED,,518906,UNRESOLVED,,no existing verified Player Research closure
player_season/3382,player_season,2025-26,,620487,,,NOT_APPLICABLE,,NOT_APPLICABLE,,NOT_APPLICABLE,,VERIFIED,UNRESOLVED,,620487,UNRESOLVED,,no existing verified Player Research closure
player_season/3383,player_season,2025-26,,541462,,,NOT_APPLICABLE,,NOT_APPLICABLE,,NOT_APPLICABLE,,VERIFIED,UNRESOLVED,,541462,UNRESOLVED,,no existing verified Player Research closure
player_season/3384,player_season,2025-26,,155408,,,NOT_APPLICABLE,,NOT_APPLICABLE,,NOT_APPLICABLE,,VERIFIED,UNRESOLVED,,155408,UNRESOLVED,,no existing verified Player Research closure
player_season/3385,player_season,2025-26,,111317,,,NOT_APPLICABLE,,NOT_APPLICABLE,,NOT_APPLICABLE,,VERIFIED,UNRESOLVED,,111317,UNRESOLVED,,no existing verified Player Research closure
player_season/3386,player_season,2025-26,,503139,,,NOT_APPLICABLE,,NOT_APPLICABLE,,NOT_APPLICABLE,,VERIFIED,UNRESOLVED,,503139,UNRESOLVED,,no existing verified Player Research closure
player_season/3387,player_season,2025-26,,158499,,,NOT_APPLICABLE,,NOT_APPLICABLE,,NOT_APPLICABLE,,VERIFIED,UNRESOLVED,,158499,UNRESOLVED,,no existing verified Player Research closure
player_season/3388,player_season,2025-26,,200785,,,NOT_APPLICABLE,,NOT_APPLICABLE,,NOT_APPLICABLE,,VERIFIED,UNRESOLVED,,200785,UNRESOLVED,,no existing verified Player Research closure
player_season/3389,player_season,2025-26,,201658,,,NOT_APPLICABLE,,NOT_APPLICABLE,,NOT_APPLICABLE,,VERIFIED,UNRESOLVED,,201658,UNRESOLVED,,no existing verified Player Research closure
player_season/3390,player_season,2025-26,,424044,,,NOT_APPLICABLE,,NOT_APPLICABLE,,NOT_APPLICABLE,,VERIFIED,UNRESOLVED,,424044,UNRESOLVED,,no existing verified Player Research closure
player_season/3391,player_season,2025-26,,614574,,,NOT_APPLICABLE,,NOT_APPLICABLE,,NOT_APPLICABLE,,VERIFIED,UNRESOLVED,,614574,UNRESOLVED,,no existing verified Player Research closure
player_season/3392,player_season,2025-26,,678552,,,NOT_APPLICABLE,,NOT_APPLICABLE,,NOT_APPLICABLE,,VERIFIED,UNRESOLVED,,678552,UNRESOLVED,,no existing verified Player Research closure
player_season/3393,player_season,2025-26,,658013,,,NOT_APPLICABLE,,NOT_APPLICABLE,,NOT_APPLICABLE,,VERIFIED,UNRESOLVED,,658013,UNRESOLVED,,no existing verified Player Research closure
player_season/3394,player_season,2025-26,,444102,,,NOT_APPLICABLE,,NOT_APPLICABLE,,NOT_APPLICABLE,,VERIFIED,UNRESOLVED,,444102,UNRESOLVED,,no existing verified Player Research closure
player_season/3395,player_season,2025-26,,496208,,,NOT_APPLICABLE,,NOT_APPLICABLE,,NOT_APPLICABLE,,VERIFIED,UNRESOLVED,,496208,UNRESOLVED,,no existing verified Player Research closure
player_season/3396,player_season,2025-26,,222683,,,NOT_APPLICABLE,,NOT_APPLICABLE,,NOT_APPLICABLE,,VERIFIED,UNRESOLVED,,222683,UNRESOLVED,,no existing verified Player Research closure
player_season/3397,player_season,2025-26,,489888,,,NOT_APPLICABLE,,NOT_APPLICABLE,,NOT_APPLICABLE,,VERIFIED,UNRESOLVED,,489888,UNRESOLVED,,no existing verified Player Research closure
player_season/3398,player_season,2025-26,,560262,,,NOT_APPLICABLE,,NOT_APPLICABLE,,NOT_APPLICABLE,,VERIFIED,UNRESOLVED,,560262,UNRESOLVED,,no existing verified Player Research closure
player_season/3399,player_season,2025-26,,168636,,,NOT_APPLICABLE,,NOT_APPLICABLE,,NOT_APPLICABLE,,VERIFIED,UNRESOLVED,,168636,UNRESOLVED,,no existing verified Player Research closure
player_season/3400,player_season,2025-26,,499604,,,NOT_APPLICABLE,,NOT_APPLICABLE,,NOT_APPLICABLE,,VERIFIED,UNRESOLVED,,499604,UNRESOLVED,,no existing verified Player Research closure
player_season/3401,player_season,2025-26,,606774,,,NOT_APPLICABLE,,NOT_APPLICABLE,,NOT_APPLICABLE,,VERIFIED,UNRESOLVED,,606774,UNRESOLVED,,no existing verified Player Research closure
player_season/3402,player_season,2025-26,,200720,,,NOT_APPLICABLE,,NOT_APPLICABLE,,NOT_APPLICABLE,,VERIFIED,UNRESOLVED,,200720,UNRESOLVED,,no existing verified Player Research closure
player_season/3403,player_season,2025-26,,507433,,,NOT_APPLICABLE,,NOT_APPLICABLE,,NOT_APPLICABLE,,VERIFIED,UNRESOLVED,,507433,UNRESOLVED,,no existing verified Player Research closure
player_season/3404,player_season,2025-26,,235448,,,NOT_APPLICABLE,,NOT_APPLICABLE,,NOT_APPLICABLE,,VERIFIED,UNRESOLVED,,235448,UNRESOLVED,,no existing verified Player Research closure
player_season/3405,player_season,2025-26,,535017,,,NOT_APPLICABLE,,NOT_APPLICABLE,,NOT_APPLICABLE,,VERIFIED,UNRESOLVED,,535017,UNRESOLVED,,no existing verified Player Research closure
player_season/3406,player_season,2025-26,,472713,,,NOT_APPLICABLE,,NOT_APPLICABLE,,NOT_APPLICABLE,,VERIFIED,UNRESOLVED,,472713,UNRESOLVED,,no existing verified Player Research closure
player_season/3407,player_season,2025-26,,194010,,,NOT_APPLICABLE,,NOT_APPLICABLE,,NOT_APPLICABLE,,VERIFIED,UNRESOLVED,,194010,UNRESOLVED,,no existing verified Player Research closure
player_season/3408,player_season,2025-26,,444765,,,NOT_APPLICABLE,,NOT_APPLICABLE,,NOT_APPLICABLE,,VERIFIED,UNRESOLVED,,444765,UNRESOLVED,,no existing verified Player Research closure
player_season/3409,player_season,2025-26,,231065,,,NOT_APPLICABLE,,NOT_APPLICABLE,,NOT_APPLICABLE,,VERIFIED,UNRESOLVED,,231065,UNRESOLVED,,no existing verified Player Research closure
player_season/3410,player_season,2025-26,,191866,,,NOT_APPLICABLE,,NOT_APPLICABLE,,NOT_APPLICABLE,,VERIFIED,UNRESOLVED,,191866,UNRESOLVED,,no existing verified Player Research closure
player_season/3411,player_season,2025-26,,432830,,,NOT_APPLICABLE,,NOT_APPLICABLE,,NOT_APPLICABLE,,VERIFIED,UNRESOLVED,,432830,UNRESOLVED,,no existing verified Player Research closure
player_season/3412,player_season,2025-26,,607464,,,NOT_APPLICABLE,,NOT_APPLICABLE,,NOT_APPLICABLE,,VERIFIED,UNRESOLVED,,607464,UNRESOLVED,,no existing verified Player Research closure
player_season/3413,player_season,2025-26,,494556,,,NOT_APPLICABLE,,NOT_APPLICABLE,,NOT_APPLICABLE,,VERIFIED,UNRESOLVED,,494556,UNRESOLVED,,no existing verified Player Research closure
player_season/3414,player_season,2025-26,,649240,,,NOT_APPLICABLE,,NOT_APPLICABLE,,NOT_APPLICABLE,,VERIFIED,UNRESOLVED,,649240,UNRESOLVED,,no existing verified Player Research closure
player_season/3415,player_season,2025-26,,587433,,,NOT_APPLICABLE,,NOT_APPLICABLE,,NOT_APPLICABLE,,VERIFIED,UNRESOLVED,,587433,UNRESOLVED,,no existing verified Player Research closure
player_season/3416,player_season,2025-26,,56979,,,NOT_APPLICABLE,,NOT_APPLICABLE,,NOT_APPLICABLE,,VERIFIED,UNRESOLVED,,56979,UNRESOLVED,,no existing verified Player Research closure
player_season/3417,player_season,2025-26,,513418,,,NOT_APPLICABLE,,NOT_APPLICABLE,,NOT_APPLICABLE,,VERIFIED,UNRESOLVED,,513418,UNRESOLVED,,no existing verified Player Research closure
player_season/3418,player_season,2025-26,,207283,,,NOT_APPLICABLE,,NOT_APPLICABLE,,NOT_APPLICABLE,,VERIFIED,UNRESOLVED,,207283,UNRESOLVED,,no existing verified Player Research closure
player_season/3419,player_season,2025-26,,183656,,,NOT_APPLICABLE,,NOT_APPLICABLE,,NOT_APPLICABLE,,VERIFIED,UNRESOLVED,,183656,UNRESOLVED,,no existing verified Player Research closure
player_season/3420,player_season,2025-26,,244858,,,NOT_APPLICABLE,,NOT_APPLICABLE,,NOT_APPLICABLE,,VERIFIED,UNRESOLVED,,244858,UNRESOLVED,,no existing verified Player Research closure
player_season/3421,player_season,2025-26,,543295,,,NOT_APPLICABLE,,NOT_APPLICABLE,,NOT_APPLICABLE,,VERIFIED,UNRESOLVED,,543295,UNRESOLVED,,no existing verified Player Research closure
player_season/3422,player_season,2025-26,,508395,,,NOT_APPLICABLE,,NOT_APPLICABLE,,NOT_APPLICABLE,,VERIFIED,UNRESOLVED,,508395,UNRESOLVED,,no existing verified Player Research closure
player_season/3423,player_season,2025-26,,440089,,,NOT_APPLICABLE,,NOT_APPLICABLE,,NOT_APPLICABLE,,VERIFIED,UNRESOLVED,,440089,UNRESOLVED,,no existing verified Player Research closure
player_season/3424,player_season,2025-26,,204580,,,NOT_APPLICABLE,,NOT_APPLICABLE,,NOT_APPLICABLE,,VERIFIED,UNRESOLVED,,204580,UNRESOLVED,,no existing verified Player Research closure
player_season/3425,player_season,2025-26,,606689,,,NOT_APPLICABLE,,NOT_APPLICABLE,,NOT_APPLICABLE,,VERIFIED,UNRESOLVED,,606689,UNRESOLVED,,no existing verified Player Research closure
player_season/3426,player_season,2025-26,,559610,,,NOT_APPLICABLE,,NOT_APPLICABLE,,NOT_APPLICABLE,,VERIFIED,UNRESOLVED,,559610,UNRESOLVED,,no existing verified Player Research closure
player_season/3427,player_season,2025-26,,547671,,,NOT_APPLICABLE,,NOT_APPLICABLE,,NOT_APPLICABLE,,VERIFIED,UNRESOLVED,,547671,UNRESOLVED,,no existing verified Player Research closure
player_season/3428,player_season,2025-26,,502500,,,NOT_APPLICABLE,,NOT_APPLICABLE,,NOT_APPLICABLE,,VERIFIED,UNRESOLVED,,502500,UNRESOLVED,,no existing verified Player Research closure
player_season/3429,player_season,2025-26,,200641,,,NOT_APPLICABLE,,NOT_APPLICABLE,,NOT_APPLICABLE,,VERIFIED,UNRESOLVED,,200641,UNRESOLVED,,no existing verified Player Research closure
player_season/3430,player_season,2025-26,,533463,,,NOT_APPLICABLE,,NOT_APPLICABLE,,NOT_APPLICABLE,,VERIFIED,UNRESOLVED,,533463,UNRESOLVED,,no existing verified Player Research closure
player_season/3431,player_season,2025-26,,249231,,,NOT_APPLICABLE,,NOT_APPLICABLE,,NOT_APPLICABLE,,VERIFIED,UNRESOLVED,,249231,UNRESOLVED,,no existing verified Player Research closure
player_season/3432,player_season,2025-26,,593174,,,NOT_APPLICABLE,,NOT_APPLICABLE,,NOT_APPLICABLE,,VERIFIED,UNRESOLVED,,593174,UNRESOLVED,,no existing verified Player Research closure
player_season/3433,player_season,2025-26,,489639,,,NOT_APPLICABLE,,NOT_APPLICABLE,,NOT_APPLICABLE,,VERIFIED,UNRESOLVED,,489639,UNRESOLVED,,no existing verified Player Research closure
player_season/3434,player_season,2025-26,,49262,,,NOT_APPLICABLE,,NOT_APPLICABLE,,NOT_APPLICABLE,,VERIFIED,UNRESOLVED,,49262,UNRESOLVED,,no existing verified Player Research closure
player_season/3435,player_season,2025-26,,209288,,,NOT_APPLICABLE,,NOT_APPLICABLE,,NOT_APPLICABLE,,VERIFIED,UNRESOLVED,,209288,UNRESOLVED,,no existing verified Player Research closure
player_season/3436,player_season,2025-26,,627550,,,NOT_APPLICABLE,,NOT_APPLICABLE,,NOT_APPLICABLE,,VERIFIED,UNRESOLVED,,627550,UNRESOLVED,,no existing verified Player Research closure
player_season/3437,player_season,2025-26,,223434,,,NOT_APPLICABLE,,NOT_APPLICABLE,,NOT_APPLICABLE,,VERIFIED,UNRESOLVED,,223434,UNRESOLVED,,no existing verified Player Research closure
player_season/3438,player_season,2025-26,,110735,,,NOT_APPLICABLE,,NOT_APPLICABLE,,NOT_APPLICABLE,,VERIFIED,UNRESOLVED,,110735,UNRESOLVED,,no existing verified Player Research closure
player_season/3439,player_season,2025-26,,83299,,,NOT_APPLICABLE,,NOT_APPLICABLE,,NOT_APPLICABLE,,VERIFIED,UNRESOLVED,,83299,UNRESOLVED,,no existing verified Player Research closure
player_season/3440,player_season,2025-26,,469142,,,NOT_APPLICABLE,,NOT_APPLICABLE,,NOT_APPLICABLE,,VERIFIED,UNRESOLVED,,469142,UNRESOLVED,,no existing verified Player Research closure
player_season/3441,player_season,2025-26,,204120,,,NOT_APPLICABLE,,NOT_APPLICABLE,,NOT_APPLICABLE,,VERIFIED,UNRESOLVED,,204120,UNRESOLVED,,no existing verified Player Research closure
player_season/3442,player_season,2025-26,,231416,,,NOT_APPLICABLE,,NOT_APPLICABLE,,NOT_APPLICABLE,,VERIFIED,UNRESOLVED,,231416,UNRESOLVED,,no existing verified Player Research closure
player_season/3443,player_season,2025-26,,465730,,,NOT_APPLICABLE,,NOT_APPLICABLE,,NOT_APPLICABLE,,VERIFIED,UNRESOLVED,,465730,UNRESOLVED,,no existing verified Player Research closure
player_season/3444,player_season,2025-26,,111478,,,NOT_APPLICABLE,,NOT_APPLICABLE,,NOT_APPLICABLE,,VERIFIED,UNRESOLVED,,111478,UNRESOLVED,,no existing verified Player Research closure
player_season/3445,player_season,2025-26,,547720,,,NOT_APPLICABLE,,NOT_APPLICABLE,,NOT_APPLICABLE,,VERIFIED,UNRESOLVED,,547720,UNRESOLVED,,no existing verified Player Research closure
player_season/3446,player_season,2025-26,,604988,,,NOT_APPLICABLE,,NOT_APPLICABLE,,NOT_APPLICABLE,,VERIFIED,UNRESOLVED,,604988,UNRESOLVED,,no existing verified Player Research closure
player_season/3447,player_season,2025-26,,109345,,,NOT_APPLICABLE,,NOT_APPLICABLE,,NOT_APPLICABLE,,VERIFIED,UNRESOLVED,,109345,UNRESOLVED,,no existing verified Player Research closure
player_season/3448,player_season,2025-26,,532529,,,NOT_APPLICABLE,,NOT_APPLICABLE,,NOT_APPLICABLE,,VERIFIED,UNRESOLVED,,532529,UNRESOLVED,,no existing verified Player Research closure
player_season/3449,player_season,2025-26,,535301,,,NOT_APPLICABLE,,NOT_APPLICABLE,,NOT_APPLICABLE,,VERIFIED,UNRESOLVED,,535301,UNRESOLVED,,no existing verified Player Research closure
player_season/3450,player_season,2025-26,,15157,,,NOT_APPLICABLE,,NOT_APPLICABLE,,NOT_APPLICABLE,,VERIFIED,UNRESOLVED,,15157,UNRESOLVED,,no existing verified Player Research closure
player_season/3451,player_season,2025-26,,451340,,,NOT_APPLICABLE,,NOT_APPLICABLE,,NOT_APPLICABLE,,VERIFIED,UNRESOLVED,,451340,UNRESOLVED,,no existing verified Player Research closure
player_season/3452,player_season,2025-26,,514254,,,NOT_APPLICABLE,,NOT_APPLICABLE,,NOT_APPLICABLE,,VERIFIED,UNRESOLVED,,514254,UNRESOLVED,,no existing verified Player Research closure
player_season/3453,player_season,2025-26,,509416,,,NOT_APPLICABLE,,NOT_APPLICABLE,,NOT_APPLICABLE,,VERIFIED,UNRESOLVED,,509416,UNRESOLVED,,no existing verified Player Research closure
player_season/3454,player_season,2025-26,,467779,,,NOT_APPLICABLE,,NOT_APPLICABLE,,NOT_APPLICABLE,,VERIFIED,UNRESOLVED,,467779,UNRESOLVED,,no existing verified Player Research closure
player_season/3455,player_season,2025-26,,60307,,,NOT_APPLICABLE,,NOT_APPLICABLE,,NOT_APPLICABLE,,VERIFIED,UNRESOLVED,,60307,UNRESOLVED,,no existing verified Player Research closure
player_season/3456,player_season,2025-26,,219249,,,NOT_APPLICABLE,,NOT_APPLICABLE,,NOT_APPLICABLE,,VERIFIED,UNRESOLVED,,219249,UNRESOLVED,,no existing verified Player Research closure
player_season/3457,player_season,2025-26,,597320,,,NOT_APPLICABLE,,NOT_APPLICABLE,,NOT_APPLICABLE,,VERIFIED,UNRESOLVED,,597320,UNRESOLVED,,no existing verified Player Research closure
player_season/3458,player_season,2025-26,,608181,,,NOT_APPLICABLE,,NOT_APPLICABLE,,NOT_APPLICABLE,,VERIFIED,UNRESOLVED,,608181,UNRESOLVED,,no existing verified Player Research closure
player_season/3459,player_season,2025-26,,463067,,,NOT_APPLICABLE,,NOT_APPLICABLE,,NOT_APPLICABLE,,VERIFIED,UNRESOLVED,,463067,UNRESOLVED,,no existing verified Player Research closure
player_season/3460,player_season,2025-26,,592031,,,NOT_APPLICABLE,,NOT_APPLICABLE,,NOT_APPLICABLE,,VERIFIED,UNRESOLVED,,592031,UNRESOLVED,,no existing verified Player Research closure
player_season/3461,player_season,2025-26,,50175,,,NOT_APPLICABLE,,NOT_APPLICABLE,,NOT_APPLICABLE,,VERIFIED,UNRESOLVED,,50175,UNRESOLVED,,no existing verified Player Research closure
player_season/3462,player_season,2025-26,,647850,,,NOT_APPLICABLE,,NOT_APPLICABLE,,NOT_APPLICABLE,,VERIFIED,UNRESOLVED,,647850,UNRESOLVED,,no existing verified Player Research closure
player_season/3463,player_season,2025-26,,556637,,,NOT_APPLICABLE,,NOT_APPLICABLE,,NOT_APPLICABLE,,VERIFIED,UNRESOLVED,,556637,UNRESOLVED,,no existing verified Player Research closure
player_season/3464,player_season,2025-26,,67089,,,NOT_APPLICABLE,,NOT_APPLICABLE,,NOT_APPLICABLE,,VERIFIED,UNRESOLVED,,67089,UNRESOLVED,,no existing verified Player Research closure
player_season/3465,player_season,2025-26,,518030,,,NOT_APPLICABLE,,NOT_APPLICABLE,,NOT_APPLICABLE,,VERIFIED,UNRESOLVED,,518030,UNRESOLVED,,no existing verified Player Research closure
player_season/3466,player_season,2025-26,,51943,,,NOT_APPLICABLE,,NOT_APPLICABLE,,NOT_APPLICABLE,,VERIFIED,UNRESOLVED,,51943,UNRESOLVED,,no existing verified Player Research closure
player_season/3467,player_season,2025-26,,58621,,,NOT_APPLICABLE,,NOT_APPLICABLE,,NOT_APPLICABLE,,VERIFIED,UNRESOLVED,,58621,UNRESOLVED,,no existing verified Player Research closure
player_season/3468,player_season,2025-26,,494960,,,NOT_APPLICABLE,,NOT_APPLICABLE,,NOT_APPLICABLE,,VERIFIED,UNRESOLVED,,494960,UNRESOLVED,,no existing verified Player Research closure
player_season/3469,player_season,2025-26,,208912,,,NOT_APPLICABLE,,NOT_APPLICABLE,,NOT_APPLICABLE,,VERIFIED,UNRESOLVED,,208912,UNRESOLVED,,no existing verified Player Research closure
player_season/3470,player_season,2025-26,,477717,,,NOT_APPLICABLE,,NOT_APPLICABLE,,NOT_APPLICABLE,,VERIFIED,UNRESOLVED,,477717,UNRESOLVED,,no existing verified Player Research closure
player_season/3471,player_season,2025-26,,180804,,,NOT_APPLICABLE,,NOT_APPLICABLE,,NOT_APPLICABLE,,VERIFIED,UNRESOLVED,,180804,UNRESOLVED,,no existing verified Player Research closure
player_season/3472,player_season,2025-26,,461188,,,NOT_APPLICABLE,,NOT_APPLICABLE,,NOT_APPLICABLE,,VERIFIED,UNRESOLVED,,461188,UNRESOLVED,,no existing verified Player Research closure
player_season/3473,player_season,2025-26,,192290,,,NOT_APPLICABLE,,NOT_APPLICABLE,,NOT_APPLICABLE,,VERIFIED,UNRESOLVED,,192290,UNRESOLVED,,no existing verified Player Research closure
player_season/3474,player_season,2025-26,,478969,,,NOT_APPLICABLE,,NOT_APPLICABLE,,NOT_APPLICABLE,,VERIFIED,UNRESOLVED,,478969,UNRESOLVED,,no existing verified Player Research closure
player_season/3475,player_season,2025-26,,549329,,,NOT_APPLICABLE,,NOT_APPLICABLE,,NOT_APPLICABLE,,VERIFIED,UNRESOLVED,,549329,UNRESOLVED,,no existing verified Player Research closure
player_season/3476,player_season,2025-26,,241231,,,NOT_APPLICABLE,,NOT_APPLICABLE,,NOT_APPLICABLE,,VERIFIED,UNRESOLVED,,241231,UNRESOLVED,,no existing verified Player Research closure
player_season/3477,player_season,2025-26,,589117,,,NOT_APPLICABLE,,NOT_APPLICABLE,,NOT_APPLICABLE,,VERIFIED,UNRESOLVED,,589117,UNRESOLVED,,no existing verified Player Research closure
player_season/3478,player_season,2025-26,,503714,,,NOT_APPLICABLE,,NOT_APPLICABLE,,NOT_APPLICABLE,,VERIFIED,UNRESOLVED,,503714,UNRESOLVED,,no existing verified Player Research closure
player_season/3479,player_season,2025-26,,216055,,,NOT_APPLICABLE,,NOT_APPLICABLE,,NOT_APPLICABLE,,VERIFIED,UNRESOLVED,,216055,UNRESOLVED,,no existing verified Player Research closure
player_season/3480,player_season,2025-26,,101178,,,NOT_APPLICABLE,,NOT_APPLICABLE,,NOT_APPLICABLE,,VERIFIED,UNRESOLVED,,101178,UNRESOLVED,,no existing verified Player Research closure
player_season/3481,player_season,2025-26,,172567,,,NOT_APPLICABLE,,NOT_APPLICABLE,,NOT_APPLICABLE,,VERIFIED,UNRESOLVED,,172567,UNRESOLVED,,no existing verified Player Research closure
player_season/3482,player_season,2025-26,,465527,,,NOT_APPLICABLE,,NOT_APPLICABLE,,NOT_APPLICABLE,,VERIFIED,UNRESOLVED,,465527,UNRESOLVED,,no existing verified Player Research closure
player_season/3483,player_season,2025-26,,167887,,,NOT_APPLICABLE,,NOT_APPLICABLE,,NOT_APPLICABLE,,VERIFIED,UNRESOLVED,,167887,UNRESOLVED,,no existing verified Player Research closure
player_season/3484,player_season,2025-26,,704232,,,NOT_APPLICABLE,,NOT_APPLICABLE,,NOT_APPLICABLE,,VERIFIED,UNRESOLVED,,704232,UNRESOLVED,,no existing verified Player Research closure
player_season/3485,player_season,2025-26,,704962,,,NOT_APPLICABLE,,NOT_APPLICABLE,,NOT_APPLICABLE,,VERIFIED,UNRESOLVED,,704962,UNRESOLVED,,no existing verified Player Research closure
player_season/3486,player_season,2025-26,,647960,,,NOT_APPLICABLE,,NOT_APPLICABLE,,NOT_APPLICABLE,,VERIFIED,UNRESOLVED,,647960,UNRESOLVED,,no existing verified Player Research closure
player_season/3487,player_season,2025-26,,179458,,,NOT_APPLICABLE,,NOT_APPLICABLE,,NOT_APPLICABLE,,VERIFIED,UNRESOLVED,,179458,UNRESOLVED,,no existing verified Player Research closure
player_season/3488,player_season,2025-26,,435973,,,NOT_APPLICABLE,,NOT_APPLICABLE,,NOT_APPLICABLE,,VERIFIED,UNRESOLVED,,435973,UNRESOLVED,,no existing verified Player Research closure
player_season/3489,player_season,2025-26,,174592,,,NOT_APPLICABLE,,NOT_APPLICABLE,,NOT_APPLICABLE,,VERIFIED,UNRESOLVED,,174592,UNRESOLVED,,no existing verified Player Research closure
player_season/3490,player_season,2025-26,,444180,,,NOT_APPLICABLE,,NOT_APPLICABLE,,NOT_APPLICABLE,,VERIFIED,UNRESOLVED,,444180,UNRESOLVED,,no existing verified Player Research closure
player_season/3491,player_season,2025-26,,469272,,,NOT_APPLICABLE,,NOT_APPLICABLE,,NOT_APPLICABLE,,VERIFIED,UNRESOLVED,,469272,UNRESOLVED,,no existing verified Player Research closure
player_season/3492,player_season,2025-26,,431639,,,NOT_APPLICABLE,,NOT_APPLICABLE,,NOT_APPLICABLE,,VERIFIED,UNRESOLVED,,431639,UNRESOLVED,,no existing verified Player Research closure
player_season/3493,player_season,2025-26,,492831,,,NOT_APPLICABLE,,NOT_APPLICABLE,,NOT_APPLICABLE,,VERIFIED,UNRESOLVED,,492831,UNRESOLVED,,no existing verified Player Research closure
player_season/3494,player_season,2025-26,,440323,,,NOT_APPLICABLE,,NOT_APPLICABLE,,NOT_APPLICABLE,,VERIFIED,UNRESOLVED,,440323,UNRESOLVED,,no existing verified Player Research closure
player_season/3495,player_season,2025-26,,437748,,,NOT_APPLICABLE,,NOT_APPLICABLE,,NOT_APPLICABLE,,VERIFIED,UNRESOLVED,,437748,UNRESOLVED,,no existing verified Player Research closure
player_season/3496,player_season,2025-26,,44699,,,NOT_APPLICABLE,,NOT_APPLICABLE,,NOT_APPLICABLE,,VERIFIED,UNRESOLVED,,44699,UNRESOLVED,,no existing verified Player Research closure
player_season/3497,player_season,2025-26,,566214,,,NOT_APPLICABLE,,NOT_APPLICABLE,,NOT_APPLICABLE,,VERIFIED,UNRESOLVED,,566214,UNRESOLVED,,no existing verified Player Research closure
player_season/3498,player_season,2025-26,,578614,,,NOT_APPLICABLE,,NOT_APPLICABLE,,NOT_APPLICABLE,,VERIFIED,UNRESOLVED,,578614,UNRESOLVED,,no existing verified Player Research closure
player_season/3499,player_season,2025-26,,644593,,,NOT_APPLICABLE,,NOT_APPLICABLE,,NOT_APPLICABLE,,VERIFIED,UNRESOLVED,,644593,UNRESOLVED,,no existing verified Player Research closure
player_season/3500,player_season,2025-26,,172649,,,NOT_APPLICABLE,,NOT_APPLICABLE,,NOT_APPLICABLE,,VERIFIED,UNRESOLVED,,172649,UNRESOLVED,,no existing verified Player Research closure
player_season/3501,player_season,2025-26,,169593,,,NOT_APPLICABLE,,NOT_APPLICABLE,,NOT_APPLICABLE,,VERIFIED,UNRESOLVED,,169593,UNRESOLVED,,no existing verified Player Research closure
player_season/3502,player_season,2025-26,,121709,,,NOT_APPLICABLE,,NOT_APPLICABLE,,NOT_APPLICABLE,,VERIFIED,UNRESOLVED,,121709,UNRESOLVED,,no existing verified Player Research closure
player_season/3503,player_season,2025-26,,546865,,,NOT_APPLICABLE,,NOT_APPLICABLE,,NOT_APPLICABLE,,VERIFIED,UNRESOLVED,,546865,UNRESOLVED,,no existing verified Player Research closure
player_season/3504,player_season,2025-26,,247348,,,NOT_APPLICABLE,,NOT_APPLICABLE,,NOT_APPLICABLE,,VERIFIED,UNRESOLVED,,247348,UNRESOLVED,,no existing verified Player Research closure
player_season/3505,player_season,2025-26,,244723,,,NOT_APPLICABLE,,NOT_APPLICABLE,,NOT_APPLICABLE,,VERIFIED,UNRESOLVED,,244723,UNRESOLVED,,no existing verified Player Research closure
player_season/3506,player_season,2025-26,,437499,,,NOT_APPLICABLE,,NOT_APPLICABLE,,NOT_APPLICABLE,,VERIFIED,UNRESOLVED,,437499,UNRESOLVED,,no existing verified Player Research closure
player_season/3507,player_season,2025-26,,57328,,,NOT_APPLICABLE,,NOT_APPLICABLE,,NOT_APPLICABLE,,VERIFIED,UNRESOLVED,,57328,UNRESOLVED,,no existing verified Player Research closure
player_season/3508,player_season,2025-26,,651426,,,NOT_APPLICABLE,,NOT_APPLICABLE,,NOT_APPLICABLE,,VERIFIED,UNRESOLVED,,651426,UNRESOLVED,,no existing verified Player Research closure
player_season/3509,player_season,2025-26,,218364,,,NOT_APPLICABLE,,NOT_APPLICABLE,,NOT_APPLICABLE,,VERIFIED,UNRESOLVED,,218364,UNRESOLVED,,no existing verified Player Research closure
player_season/3510,player_season,2025-26,,427623,,,NOT_APPLICABLE,,NOT_APPLICABLE,,NOT_APPLICABLE,,VERIFIED,UNRESOLVED,,427623,UNRESOLVED,,no existing verified Player Research closure
player_season/3511,player_season,2025-26,,515621,,,NOT_APPLICABLE,,NOT_APPLICABLE,,NOT_APPLICABLE,,VERIFIED,UNRESOLVED,,515621,UNRESOLVED,,no existing verified Player Research closure
player_season/3512,player_season,2025-26,,590012,,,NOT_APPLICABLE,,NOT_APPLICABLE,,NOT_APPLICABLE,,VERIFIED,UNRESOLVED,,590012,UNRESOLVED,,no existing verified Player Research closure
player_season/3513,player_season,2025-26,,591384,,,NOT_APPLICABLE,,NOT_APPLICABLE,,NOT_APPLICABLE,,VERIFIED,UNRESOLVED,,591384,UNRESOLVED,,no existing verified Player Research closure
player_season/3514,player_season,2025-26,,643426,,,NOT_APPLICABLE,,NOT_APPLICABLE,,NOT_APPLICABLE,,VERIFIED,UNRESOLVED,,643426,UNRESOLVED,,no existing verified Player Research closure
player_season/3515,player_season,2025-26,,152551,,,NOT_APPLICABLE,,NOT_APPLICABLE,,NOT_APPLICABLE,,VERIFIED,UNRESOLVED,,152551,UNRESOLVED,,no existing verified Player Research closure
player_season/3516,player_season,2025-26,,488024,,,NOT_APPLICABLE,,NOT_APPLICABLE,,NOT_APPLICABLE,,VERIFIED,UNRESOLVED,,488024,UNRESOLVED,,no existing verified Player Research closure
player_season/3517,player_season,2025-26,,660392,,,NOT_APPLICABLE,,NOT_APPLICABLE,,NOT_APPLICABLE,,VERIFIED,UNRESOLVED,,660392,UNRESOLVED,,no existing verified Player Research closure
player_season/3518,player_season,2025-26,,209400,,,NOT_APPLICABLE,,NOT_APPLICABLE,,NOT_APPLICABLE,,VERIFIED,UNRESOLVED,,209400,UNRESOLVED,,no existing verified Player Research closure
player_season/3519,player_season,2025-26,,108413,,,NOT_APPLICABLE,,NOT_APPLICABLE,,NOT_APPLICABLE,,VERIFIED,UNRESOLVED,,108413,UNRESOLVED,,no existing verified Player Research closure
player_season/3520,player_season,2025-26,,496221,,,NOT_APPLICABLE,,NOT_APPLICABLE,,NOT_APPLICABLE,,VERIFIED,UNRESOLVED,,496221,UNRESOLVED,,no existing verified Player Research closure
player_season/3521,player_season,2025-26,,438464,,,NOT_APPLICABLE,,NOT_APPLICABLE,,NOT_APPLICABLE,,VERIFIED,UNRESOLVED,,438464,UNRESOLVED,,no existing verified Player Research closure
player_season/3522,player_season,2025-26,,530318,,,NOT_APPLICABLE,,NOT_APPLICABLE,,NOT_APPLICABLE,,VERIFIED,UNRESOLVED,,530318,UNRESOLVED,,no existing verified Player Research closure
player_season/3523,player_season,2025-26,,489706,,,NOT_APPLICABLE,,NOT_APPLICABLE,,NOT_APPLICABLE,,VERIFIED,UNRESOLVED,,489706,UNRESOLVED,,no existing verified Player Research closure
player_season/3524,player_season,2025-26,,590014,,,NOT_APPLICABLE,,NOT_APPLICABLE,,NOT_APPLICABLE,,VERIFIED,UNRESOLVED,,590014,UNRESOLVED,,no existing verified Player Research closure
player_season/3525,player_season,2025-26,,232185,,,NOT_APPLICABLE,,NOT_APPLICABLE,,NOT_APPLICABLE,,VERIFIED,UNRESOLVED,,232185,UNRESOLVED,,no existing verified Player Research closure
player_season/3526,player_season,2025-26,,205533,,,NOT_APPLICABLE,,NOT_APPLICABLE,,NOT_APPLICABLE,,VERIFIED,UNRESOLVED,,205533,UNRESOLVED,,no existing verified Player Research closure
player_season/3527,player_season,2025-26,,242898,,,NOT_APPLICABLE,,NOT_APPLICABLE,,NOT_APPLICABLE,,VERIFIED,UNRESOLVED,,242898,UNRESOLVED,,no existing verified Player Research closure
player_season/3528,player_season,2025-26,,231747,,,NOT_APPLICABLE,,NOT_APPLICABLE,,NOT_APPLICABLE,,VERIFIED,UNRESOLVED,,231747,UNRESOLVED,,no existing verified Player Research closure
player_season/3529,player_season,2025-26,,247412,,,NOT_APPLICABLE,,NOT_APPLICABLE,,NOT_APPLICABLE,,VERIFIED,UNRESOLVED,,247412,UNRESOLVED,,no existing verified Player Research closure
player_season/3530,player_season,2025-26,,485337,,,NOT_APPLICABLE,,NOT_APPLICABLE,,NOT_APPLICABLE,,VERIFIED,UNRESOLVED,,485337,UNRESOLVED,,no existing verified Player Research closure
player_season/3531,player_season,2025-26,,576980,,,NOT_APPLICABLE,,NOT_APPLICABLE,,NOT_APPLICABLE,,VERIFIED,UNRESOLVED,,576980,UNRESOLVED,,no existing verified Player Research closure
player_season/3532,player_season,2025-26,,631106,,,NOT_APPLICABLE,,NOT_APPLICABLE,,NOT_APPLICABLE,,VERIFIED,UNRESOLVED,,631106,UNRESOLVED,,no existing verified Player Research closure
player_season/3533,player_season,2025-26,,672492,,,NOT_APPLICABLE,,NOT_APPLICABLE,,NOT_APPLICABLE,,VERIFIED,UNRESOLVED,,672492,UNRESOLVED,,no existing verified Player Research closure
player_season/3534,player_season,2025-26,,215059,,,NOT_APPLICABLE,,NOT_APPLICABLE,,NOT_APPLICABLE,,VERIFIED,UNRESOLVED,,215059,UNRESOLVED,,no existing verified Player Research closure
player_season/3535,player_season,2025-26,,508479,,,NOT_APPLICABLE,,NOT_APPLICABLE,,NOT_APPLICABLE,,VERIFIED,UNRESOLVED,,508479,UNRESOLVED,,no existing verified Player Research closure
player_season/3536,player_season,2025-26,,499857,,,NOT_APPLICABLE,,NOT_APPLICABLE,,NOT_APPLICABLE,,VERIFIED,UNRESOLVED,,499857,UNRESOLVED,,no existing verified Player Research closure
player_season/3537,player_season,2025-26,,471798,,,NOT_APPLICABLE,,NOT_APPLICABLE,,NOT_APPLICABLE,,VERIFIED,UNRESOLVED,,471798,UNRESOLVED,,no existing verified Player Research closure
player_season/3538,player_season,2025-26,,518335,,,NOT_APPLICABLE,,NOT_APPLICABLE,,NOT_APPLICABLE,,VERIFIED,UNRESOLVED,,518335,UNRESOLVED,,no existing verified Player Research closure
player_season/3539,player_season,2025-26,,179268,,,NOT_APPLICABLE,,NOT_APPLICABLE,,NOT_APPLICABLE,,VERIFIED,UNRESOLVED,,179268,UNRESOLVED,,no existing verified Player Research closure
player_season/3540,player_season,2025-26,,109646,,,NOT_APPLICABLE,,NOT_APPLICABLE,,NOT_APPLICABLE,,VERIFIED,UNRESOLVED,,109646,UNRESOLVED,,no existing verified Player Research closure
player_season/3541,player_season,2025-26,,242880,,,NOT_APPLICABLE,,NOT_APPLICABLE,,NOT_APPLICABLE,,VERIFIED,UNRESOLVED,,242880,UNRESOLVED,,no existing verified Player Research closure
player_season/3542,player_season,2025-26,,460028,,,NOT_APPLICABLE,,NOT_APPLICABLE,,NOT_APPLICABLE,,VERIFIED,UNRESOLVED,,460028,UNRESOLVED,,no existing verified Player Research closure
player_season/3543,player_season,2025-26,,574458,,,NOT_APPLICABLE,,NOT_APPLICABLE,,NOT_APPLICABLE,,VERIFIED,UNRESOLVED,,574458,UNRESOLVED,,no existing verified Player Research closure
player_season/3544,player_season,2025-26,,551210,,,NOT_APPLICABLE,,NOT_APPLICABLE,,NOT_APPLICABLE,,VERIFIED,UNRESOLVED,,551210,UNRESOLVED,,no existing verified Player Research closure
player_season/3545,player_season,2025-26,,180736,,,NOT_APPLICABLE,,NOT_APPLICABLE,,NOT_APPLICABLE,,VERIFIED,UNRESOLVED,,180736,UNRESOLVED,,no existing verified Player Research closure
player_season/3546,player_season,2025-26,,225796,,,NOT_APPLICABLE,,NOT_APPLICABLE,,NOT_APPLICABLE,,VERIFIED,UNRESOLVED,,225796,UNRESOLVED,,no existing verified Player Research closure
player_season/3547,player_season,2025-26,,482609,,,NOT_APPLICABLE,,NOT_APPLICABLE,,NOT_APPLICABLE,,VERIFIED,UNRESOLVED,,482609,UNRESOLVED,,no existing verified Player Research closure
player_season/3548,player_season,2025-26,,444463,,,NOT_APPLICABLE,,NOT_APPLICABLE,,NOT_APPLICABLE,,VERIFIED,UNRESOLVED,,444463,UNRESOLVED,,no existing verified Player Research closure
player_season/3549,player_season,2025-26,,577016,,,NOT_APPLICABLE,,NOT_APPLICABLE,,NOT_APPLICABLE,,VERIFIED,UNRESOLVED,,577016,UNRESOLVED,,no existing verified Player Research closure
player_season/3550,player_season,2025-26,,465920,,,NOT_APPLICABLE,,NOT_APPLICABLE,,NOT_APPLICABLE,,VERIFIED,UNRESOLVED,,465920,UNRESOLVED,,no existing verified Player Research closure
player_season/3551,player_season,2025-26,,448047,,,NOT_APPLICABLE,,NOT_APPLICABLE,,NOT_APPLICABLE,,VERIFIED,UNRESOLVED,,448047,UNRESOLVED,,no existing verified Player Research closure
player_season/3552,player_season,2025-26,,244851,,,NOT_APPLICABLE,,NOT_APPLICABLE,,NOT_APPLICABLE,,VERIFIED,UNRESOLVED,,244851,UNRESOLVED,,no existing verified Player Research closure
player_season/3553,player_season,2025-26,,491007,,,NOT_APPLICABLE,,NOT_APPLICABLE,,NOT_APPLICABLE,,VERIFIED,UNRESOLVED,,491007,UNRESOLVED,,no existing verified Player Research closure
player_season/3554,player_season,2025-26,,532605,,,NOT_APPLICABLE,,NOT_APPLICABLE,,NOT_APPLICABLE,,VERIFIED,UNRESOLVED,,532605,UNRESOLVED,,no existing verified Player Research closure
player_season/3555,player_season,2025-26,,486672,,,NOT_APPLICABLE,,NOT_APPLICABLE,,NOT_APPLICABLE,,VERIFIED,UNRESOLVED,,486672,UNRESOLVED,,no existing verified Player Research closure
player_season/3556,player_season,2025-26,,514356,,,NOT_APPLICABLE,,NOT_APPLICABLE,,NOT_APPLICABLE,,VERIFIED,UNRESOLVED,,514356,UNRESOLVED,,no existing verified Player Research closure
player_season/3557,player_season,2025-26,,611921,,,NOT_APPLICABLE,,NOT_APPLICABLE,,NOT_APPLICABLE,,VERIFIED,UNRESOLVED,,611921,UNRESOLVED,,no existing verified Player Research closure
player_season/3558,player_season,2025-26,,611912,,,NOT_APPLICABLE,,NOT_APPLICABLE,,NOT_APPLICABLE,,VERIFIED,UNRESOLVED,,611912,UNRESOLVED,,no existing verified Player Research closure
player_season/3559,player_season,2025-26,,597983,,,NOT_APPLICABLE,,NOT_APPLICABLE,,NOT_APPLICABLE,,VERIFIED,UNRESOLVED,,597983,UNRESOLVED,,no existing verified Player Research closure
player_season/3560,player_season,2025-26,,671606,,,NOT_APPLICABLE,,NOT_APPLICABLE,,NOT_APPLICABLE,,VERIFIED,UNRESOLVED,,671606,UNRESOLVED,,no existing verified Player Research closure
player_season/3561,player_season,2025-26,,616252,,,NOT_APPLICABLE,,NOT_APPLICABLE,,NOT_APPLICABLE,,VERIFIED,UNRESOLVED,,616252,UNRESOLVED,,no existing verified Player Research closure
player_season/3562,player_season,2025-26,,247632,,,NOT_APPLICABLE,,NOT_APPLICABLE,,NOT_APPLICABLE,,VERIFIED,UNRESOLVED,,247632,UNRESOLVED,,no existing verified Player Research closure
player_season/3563,player_season,2025-26,,463034,,,NOT_APPLICABLE,,NOT_APPLICABLE,,NOT_APPLICABLE,,VERIFIED,UNRESOLVED,,463034,UNRESOLVED,,no existing verified Player Research closure
player_season/3564,player_season,2025-26,,463936,,,NOT_APPLICABLE,,NOT_APPLICABLE,,NOT_APPLICABLE,,VERIFIED,UNRESOLVED,,463936,UNRESOLVED,,no existing verified Player Research closure
player_season/3565,player_season,2025-26,,475168,,,NOT_APPLICABLE,,NOT_APPLICABLE,,NOT_APPLICABLE,,VERIFIED,UNRESOLVED,,475168,UNRESOLVED,,no existing verified Player Research closure
player_season/3566,player_season,2025-26,,499309,,,NOT_APPLICABLE,,NOT_APPLICABLE,,NOT_APPLICABLE,,VERIFIED,UNRESOLVED,,499309,UNRESOLVED,,no existing verified Player Research closure
player_season/3567,player_season,2025-26,,624773,,,NOT_APPLICABLE,,NOT_APPLICABLE,,NOT_APPLICABLE,,VERIFIED,UNRESOLVED,,624773,UNRESOLVED,,no existing verified Player Research closure
player_season/3568,player_season,2025-26,,493105,,,NOT_APPLICABLE,,NOT_APPLICABLE,,NOT_APPLICABLE,,VERIFIED,UNRESOLVED,,493105,UNRESOLVED,,no existing verified Player Research closure
player_season/3569,player_season,2025-26,,619734,,,NOT_APPLICABLE,,NOT_APPLICABLE,,NOT_APPLICABLE,,VERIFIED,UNRESOLVED,,619734,UNRESOLVED,,no existing verified Player Research closure
player_season/3570,player_season,2025-26,,567119,,,NOT_APPLICABLE,,NOT_APPLICABLE,,NOT_APPLICABLE,,VERIFIED,UNRESOLVED,,567119,UNRESOLVED,,no existing verified Player Research closure
player_season/3571,player_season,2025-26,,616286,,,NOT_APPLICABLE,,NOT_APPLICABLE,,NOT_APPLICABLE,,VERIFIED,UNRESOLVED,,616286,UNRESOLVED,,no existing verified Player Research closure
player_season/3572,player_season,2025-26,,111234,,,NOT_APPLICABLE,,NOT_APPLICABLE,,NOT_APPLICABLE,,VERIFIED,UNRESOLVED,,111234,UNRESOLVED,,no existing verified Player Research closure
player_season/3573,player_season,2025-26,,229600,,,NOT_APPLICABLE,,NOT_APPLICABLE,,NOT_APPLICABLE,,VERIFIED,UNRESOLVED,,229600,UNRESOLVED,,no existing verified Player Research closure
player_season/3574,player_season,2025-26,,138001,,,NOT_APPLICABLE,,NOT_APPLICABLE,,NOT_APPLICABLE,,VERIFIED,UNRESOLVED,,138001,UNRESOLVED,,no existing verified Player Research closure
player_season/3575,player_season,2025-26,,243571,,,NOT_APPLICABLE,,NOT_APPLICABLE,,NOT_APPLICABLE,,VERIFIED,UNRESOLVED,,243571,UNRESOLVED,,no existing verified Player Research closure
player_season/3576,player_season,2025-26,,106611,,,NOT_APPLICABLE,,NOT_APPLICABLE,,NOT_APPLICABLE,,VERIFIED,UNRESOLVED,,106611,UNRESOLVED,,no existing verified Player Research closure
player_season/3577,player_season,2025-26,,17761,,,NOT_APPLICABLE,,NOT_APPLICABLE,,NOT_APPLICABLE,,VERIFIED,UNRESOLVED,,17761,UNRESOLVED,,no existing verified Player Research closure
player_season/3578,player_season,2025-26,,512462,,,NOT_APPLICABLE,,NOT_APPLICABLE,,NOT_APPLICABLE,,VERIFIED,UNRESOLVED,,512462,UNRESOLVED,,no existing verified Player Research closure
player_season/3579,player_season,2025-26,,224967,,,NOT_APPLICABLE,,NOT_APPLICABLE,,NOT_APPLICABLE,,VERIFIED,UNRESOLVED,,224967,UNRESOLVED,,no existing verified Player Research closure
player_season/3580,player_season,2025-26,,59949,,,NOT_APPLICABLE,,NOT_APPLICABLE,,NOT_APPLICABLE,,VERIFIED,UNRESOLVED,,59949,UNRESOLVED,,no existing verified Player Research closure
player_season/3581,player_season,2025-26,,480455,,,NOT_APPLICABLE,,NOT_APPLICABLE,,NOT_APPLICABLE,,VERIFIED,UNRESOLVED,,480455,UNRESOLVED,,no existing verified Player Research closure
player_season/3582,player_season,2025-26,,499300,,,NOT_APPLICABLE,,NOT_APPLICABLE,,NOT_APPLICABLE,,VERIFIED,UNRESOLVED,,499300,UNRESOLVED,,no existing verified Player Research closure
player_season/3583,player_season,2025-26,,474907,,,NOT_APPLICABLE,,NOT_APPLICABLE,,NOT_APPLICABLE,,VERIFIED,UNRESOLVED,,474907,UNRESOLVED,,no existing verified Player Research closure
player_season/3584,player_season,2025-26,,114283,,,NOT_APPLICABLE,,NOT_APPLICABLE,,NOT_APPLICABLE,,VERIFIED,UNRESOLVED,,114283,UNRESOLVED,,no existing verified Player Research closure
player_season/3585,player_season,2025-26,,496661,,,NOT_APPLICABLE,,NOT_APPLICABLE,,NOT_APPLICABLE,,VERIFIED,UNRESOLVED,,496661,UNRESOLVED,,no existing verified Player Research closure
player_season/3586,player_season,2025-26,,215413,,,NOT_APPLICABLE,,NOT_APPLICABLE,,NOT_APPLICABLE,,VERIFIED,UNRESOLVED,,215413,UNRESOLVED,,no existing verified Player Research closure
player_season/3587,player_season,2025-26,,502697,,,NOT_APPLICABLE,,NOT_APPLICABLE,,NOT_APPLICABLE,,VERIFIED,UNRESOLVED,,502697,UNRESOLVED,,no existing verified Player Research closure
player_season/3588,player_season,2025-26,,80801,,,NOT_APPLICABLE,,NOT_APPLICABLE,,NOT_APPLICABLE,,VERIFIED,UNRESOLVED,,80801,UNRESOLVED,,no existing verified Player Research closure
player_season/3589,player_season,2025-26,,513466,,,NOT_APPLICABLE,,NOT_APPLICABLE,,NOT_APPLICABLE,,VERIFIED,UNRESOLVED,,513466,UNRESOLVED,,no existing verified Player Research closure
player_season/3590,player_season,2025-26,,232928,,,NOT_APPLICABLE,,NOT_APPLICABLE,,NOT_APPLICABLE,,VERIFIED,UNRESOLVED,,232928,UNRESOLVED,,no existing verified Player Research closure
player_season/3591,player_season,2025-26,,490094,,,NOT_APPLICABLE,,NOT_APPLICABLE,,NOT_APPLICABLE,,VERIFIED,UNRESOLVED,,490094,UNRESOLVED,,no existing verified Player Research closure
player_season/3592,player_season,2025-26,,609873,,,NOT_APPLICABLE,,NOT_APPLICABLE,,NOT_APPLICABLE,,VERIFIED,UNRESOLVED,,609873,UNRESOLVED,,no existing verified Player Research closure
player_season/3593,player_season,2025-26,,630668,,,NOT_APPLICABLE,,NOT_APPLICABLE,,NOT_APPLICABLE,,VERIFIED,UNRESOLVED,,630668,UNRESOLVED,,no existing verified Player Research closure
player_season/3594,player_season,2025-26,,547801,,,NOT_APPLICABLE,,NOT_APPLICABLE,,NOT_APPLICABLE,,VERIFIED,UNRESOLVED,,547801,UNRESOLVED,,no existing verified Player Research closure
player_season/3595,player_season,2025-26,,433154,,,NOT_APPLICABLE,,NOT_APPLICABLE,,NOT_APPLICABLE,,VERIFIED,UNRESOLVED,,433154,UNRESOLVED,,no existing verified Player Research closure
player_season/3596,player_season,2025-26,,486385,,,NOT_APPLICABLE,,NOT_APPLICABLE,,NOT_APPLICABLE,,VERIFIED,UNRESOLVED,,486385,UNRESOLVED,,no existing verified Player Research closure
player_season/3597,player_season,2025-26,,440993,,,NOT_APPLICABLE,,NOT_APPLICABLE,,NOT_APPLICABLE,,VERIFIED,UNRESOLVED,,440993,UNRESOLVED,,no existing verified Player Research closure
player_season/3598,player_season,2025-26,,586309,,,NOT_APPLICABLE,,NOT_APPLICABLE,,NOT_APPLICABLE,,VERIFIED,UNRESOLVED,,586309,UNRESOLVED,,no existing verified Player Research closure
player_season/3599,player_season,2025-26,,550615,,,NOT_APPLICABLE,,NOT_APPLICABLE,,NOT_APPLICABLE,,VERIFIED,UNRESOLVED,,550615,UNRESOLVED,,no existing verified Player Research closure
player_season/3600,player_season,2025-26,,629068,,,NOT_APPLICABLE,,NOT_APPLICABLE,,NOT_APPLICABLE,,VERIFIED,UNRESOLVED,,629068,UNRESOLVED,,no existing verified Player Research closure
player_season/3601,player_season,2025-26,,80201,,,NOT_APPLICABLE,,NOT_APPLICABLE,,NOT_APPLICABLE,,VERIFIED,UNRESOLVED,,80201,UNRESOLVED,,no existing verified Player Research closure
player_season/3602,player_season,2025-26,,86873,,,NOT_APPLICABLE,,NOT_APPLICABLE,,NOT_APPLICABLE,,VERIFIED,UNRESOLVED,,86873,UNRESOLVED,,no existing verified Player Research closure
player_season/3603,player_season,2025-26,,505079,,,NOT_APPLICABLE,,NOT_APPLICABLE,,NOT_APPLICABLE,,VERIFIED,UNRESOLVED,,505079,UNRESOLVED,,no existing verified Player Research closure
player_season/3604,player_season,2025-26,,167074,,,NOT_APPLICABLE,,NOT_APPLICABLE,,NOT_APPLICABLE,,VERIFIED,UNRESOLVED,,167074,UNRESOLVED,,no existing verified Player Research closure
player_season/3605,player_season,2025-26,,232892,,,NOT_APPLICABLE,,NOT_APPLICABLE,,NOT_APPLICABLE,,VERIFIED,UNRESOLVED,,232892,UNRESOLVED,,no existing verified Player Research closure
player_season/3606,player_season,2025-26,,174874,,,NOT_APPLICABLE,,NOT_APPLICABLE,,NOT_APPLICABLE,,VERIFIED,UNRESOLVED,,174874,UNRESOLVED,,no existing verified Player Research closure
player_season/3607,player_season,2025-26,,246301,,,NOT_APPLICABLE,,NOT_APPLICABLE,,NOT_APPLICABLE,,VERIFIED,UNRESOLVED,,246301,UNRESOLVED,,no existing verified Player Research closure
player_season/3608,player_season,2025-26,,166477,,,NOT_APPLICABLE,,NOT_APPLICABLE,,NOT_APPLICABLE,,VERIFIED,UNRESOLVED,,166477,UNRESOLVED,,no existing verified Player Research closure
player_season/3609,player_season,2025-26,,219924,,,NOT_APPLICABLE,,NOT_APPLICABLE,,NOT_APPLICABLE,,VERIFIED,UNRESOLVED,,219924,UNRESOLVED,,no existing verified Player Research closure
player_season/3610,player_season,2025-26,,169528,,,NOT_APPLICABLE,,NOT_APPLICABLE,,NOT_APPLICABLE,,VERIFIED,UNRESOLVED,,169528,UNRESOLVED,,no existing verified Player Research closure
player_season/3611,player_season,2025-26,,591385,,,NOT_APPLICABLE,,NOT_APPLICABLE,,NOT_APPLICABLE,,VERIFIED,UNRESOLVED,,591385,UNRESOLVED,,no existing verified Player Research closure
player_season/3612,player_season,2025-26,,153366,,,NOT_APPLICABLE,,NOT_APPLICABLE,,NOT_APPLICABLE,,VERIFIED,UNRESOLVED,,153366,UNRESOLVED,,no existing verified Player Research closure
player_season/3613,player_season,2025-26,,76357,,,NOT_APPLICABLE,,NOT_APPLICABLE,,NOT_APPLICABLE,,VERIFIED,UNRESOLVED,,76357,UNRESOLVED,,no existing verified Player Research closure
player_season/3614,player_season,2025-26,,477555,,,NOT_APPLICABLE,,NOT_APPLICABLE,,NOT_APPLICABLE,,VERIFIED,UNRESOLVED,,477555,UNRESOLVED,,no existing verified Player Research closure
player_season/3615,player_season,2025-26,,207189,,,NOT_APPLICABLE,,NOT_APPLICABLE,,NOT_APPLICABLE,,VERIFIED,UNRESOLVED,,207189,UNRESOLVED,,no existing verified Player Research closure
player_season/3616,player_season,2025-26,,212314,,,NOT_APPLICABLE,,NOT_APPLICABLE,,NOT_APPLICABLE,,VERIFIED,UNRESOLVED,,212314,UNRESOLVED,,no existing verified Player Research closure
player_season/3617,player_season,2025-26,,577725,,,NOT_APPLICABLE,,NOT_APPLICABLE,,NOT_APPLICABLE,,VERIFIED,UNRESOLVED,,577725,UNRESOLVED,,no existing verified Player Research closure
player_season/3618,player_season,2025-26,,184349,,,NOT_APPLICABLE,,NOT_APPLICABLE,,NOT_APPLICABLE,,VERIFIED,UNRESOLVED,,184349,UNRESOLVED,,no existing verified Player Research closure
player_season/3619,player_season,2025-26,,209289,,,NOT_APPLICABLE,,NOT_APPLICABLE,,NOT_APPLICABLE,,VERIFIED,UNRESOLVED,,209289,UNRESOLVED,,no existing verified Player Research closure
player_season/3620,player_season,2025-26,,619536,,,NOT_APPLICABLE,,NOT_APPLICABLE,,NOT_APPLICABLE,,VERIFIED,UNRESOLVED,,619536,UNRESOLVED,,no existing verified Player Research closure
player_season/3621,player_season,2025-26,,102057,,,NOT_APPLICABLE,,NOT_APPLICABLE,,NOT_APPLICABLE,,VERIFIED,UNRESOLVED,,102057,UNRESOLVED,,no existing verified Player Research closure
player_season/3622,player_season,2025-26,,153682,,,NOT_APPLICABLE,,NOT_APPLICABLE,,NOT_APPLICABLE,,VERIFIED,UNRESOLVED,,153682,UNRESOLVED,,no existing verified Player Research closure
player_season/3623,player_season,2025-26,,244042,,,NOT_APPLICABLE,,NOT_APPLICABLE,,NOT_APPLICABLE,,VERIFIED,UNRESOLVED,,244042,UNRESOLVED,,no existing verified Player Research closure
player_season/3624,player_season,2025-26,,153133,,,NOT_APPLICABLE,,NOT_APPLICABLE,,NOT_APPLICABLE,,VERIFIED,UNRESOLVED,,153133,UNRESOLVED,,no existing verified Player Research closure
player_season/3625,player_season,2025-26,,631786,,,NOT_APPLICABLE,,NOT_APPLICABLE,,NOT_APPLICABLE,,VERIFIED,UNRESOLVED,,631786,UNRESOLVED,,no existing verified Player Research closure
player_season/3626,player_season,2025-26,,218328,,,NOT_APPLICABLE,,NOT_APPLICABLE,,NOT_APPLICABLE,,VERIFIED,UNRESOLVED,,218328,UNRESOLVED,,no existing verified Player Research closure
player_season/3627,player_season,2025-26,,560552,,,NOT_APPLICABLE,,NOT_APPLICABLE,,NOT_APPLICABLE,,VERIFIED,UNRESOLVED,,560552,UNRESOLVED,,no existing verified Player Research closure
player_season/3628,player_season,2025-26,,201595,,,NOT_APPLICABLE,,NOT_APPLICABLE,,NOT_APPLICABLE,,VERIFIED,UNRESOLVED,,201595,UNRESOLVED,,no existing verified Player Research closure
player_season/3629,player_season,2025-26,,437495,,,NOT_APPLICABLE,,NOT_APPLICABLE,,NOT_APPLICABLE,,VERIFIED,UNRESOLVED,,437495,UNRESOLVED,,no existing verified Player Research closure
player_season/3630,player_season,2025-26,,97846,,,NOT_APPLICABLE,,NOT_APPLICABLE,,NOT_APPLICABLE,,VERIFIED,UNRESOLVED,,97846,UNRESOLVED,,no existing verified Player Research closure
player_season/3631,player_season,2025-26,,59735,,,NOT_APPLICABLE,,NOT_APPLICABLE,,NOT_APPLICABLE,,VERIFIED,UNRESOLVED,,59735,UNRESOLVED,,no existing verified Player Research closure
player_season/3632,player_season,2025-26,,226182,,,NOT_APPLICABLE,,NOT_APPLICABLE,,NOT_APPLICABLE,,VERIFIED,UNRESOLVED,,226182,UNRESOLVED,,no existing verified Player Research closure
player_season/3633,player_season,2025-26,,243526,,,NOT_APPLICABLE,,NOT_APPLICABLE,,NOT_APPLICABLE,,VERIFIED,UNRESOLVED,,243526,UNRESOLVED,,no existing verified Player Research closure
player_season/3634,player_season,2025-26,,199598,,,NOT_APPLICABLE,,NOT_APPLICABLE,,NOT_APPLICABLE,,VERIFIED,UNRESOLVED,,199598,UNRESOLVED,,no existing verified Player Research closure
player_season/3635,player_season,2025-26,,222694,,,NOT_APPLICABLE,,NOT_APPLICABLE,,NOT_APPLICABLE,,VERIFIED,UNRESOLVED,,222694,UNRESOLVED,,no existing verified Player Research closure
player_season/3636,player_season,2025-26,,214225,,,NOT_APPLICABLE,,NOT_APPLICABLE,,NOT_APPLICABLE,,VERIFIED,UNRESOLVED,,214225,UNRESOLVED,,no existing verified Player Research closure
player_season/3637,player_season,2025-26,,434752,,,NOT_APPLICABLE,,NOT_APPLICABLE,,NOT_APPLICABLE,,VERIFIED,UNRESOLVED,,434752,UNRESOLVED,,no existing verified Player Research closure
player_season/3638,player_season,2025-26,,437738,,,NOT_APPLICABLE,,NOT_APPLICABLE,,NOT_APPLICABLE,,VERIFIED,UNRESOLVED,,437738,UNRESOLVED,,no existing verified Player Research closure
player_season/3639,player_season,2025-26,,220627,,,NOT_APPLICABLE,,NOT_APPLICABLE,,NOT_APPLICABLE,,VERIFIED,UNRESOLVED,,220627,UNRESOLVED,,no existing verified Player Research closure
player_season/3640,player_season,2025-26,,113564,,,NOT_APPLICABLE,,NOT_APPLICABLE,,NOT_APPLICABLE,,VERIFIED,UNRESOLVED,,113564,UNRESOLVED,,no existing verified Player Research closure
player_season/3641,player_season,2025-26,,643970,,,NOT_APPLICABLE,,NOT_APPLICABLE,,NOT_APPLICABLE,,VERIFIED,UNRESOLVED,,643970,UNRESOLVED,,no existing verified Player Research closure
player_season/3642,player_season,2025-26,,200617,,,NOT_APPLICABLE,,NOT_APPLICABLE,,NOT_APPLICABLE,,VERIFIED,UNRESOLVED,,200617,UNRESOLVED,,no existing verified Player Research closure
player_season/3643,player_season,2025-26,,180135,,,NOT_APPLICABLE,,NOT_APPLICABLE,,NOT_APPLICABLE,,VERIFIED,UNRESOLVED,,180135,UNRESOLVED,,no existing verified Player Research closure
player_season/3644,player_season,2025-26,,427637,,,NOT_APPLICABLE,,NOT_APPLICABLE,,NOT_APPLICABLE,,VERIFIED,UNRESOLVED,,427637,UNRESOLVED,,no existing verified Player Research closure
player_season/3645,player_season,2025-26,,466525,,,NOT_APPLICABLE,,NOT_APPLICABLE,,NOT_APPLICABLE,,VERIFIED,UNRESOLVED,,466525,UNRESOLVED,,no existing verified Player Research closure
player_season/3646,player_season,2025-26,,248056,,,NOT_APPLICABLE,,NOT_APPLICABLE,,NOT_APPLICABLE,,VERIFIED,UNRESOLVED,,248056,UNRESOLVED,,no existing verified Player Research closure
player_season/3647,player_season,2025-26,,536916,,,NOT_APPLICABLE,,NOT_APPLICABLE,,NOT_APPLICABLE,,VERIFIED,UNRESOLVED,,536916,UNRESOLVED,,no existing verified Player Research closure
player_season/3648,player_season,2025-26,,565863,,,NOT_APPLICABLE,,NOT_APPLICABLE,,NOT_APPLICABLE,,VERIFIED,UNRESOLVED,,565863,UNRESOLVED,,no existing verified Player Research closure
player_season/3649,player_season,2025-26,,486520,,,NOT_APPLICABLE,,NOT_APPLICABLE,,NOT_APPLICABLE,,VERIFIED,UNRESOLVED,,486520,UNRESOLVED,,no existing verified Player Research closure
player_season/3650,player_season,2025-26,,577978,,,NOT_APPLICABLE,,NOT_APPLICABLE,,NOT_APPLICABLE,,VERIFIED,UNRESOLVED,,577978,UNRESOLVED,,no existing verified Player Research closure
player_season/3651,player_season,2025-26,,536119,,,NOT_APPLICABLE,,NOT_APPLICABLE,,NOT_APPLICABLE,,VERIFIED,UNRESOLVED,,536119,UNRESOLVED,,no existing verified Player Research closure
player_season/3652,player_season,2025-26,,592740,,,NOT_APPLICABLE,,NOT_APPLICABLE,,NOT_APPLICABLE,,VERIFIED,UNRESOLVED,,592740,UNRESOLVED,,no existing verified Player Research closure
player_season/3653,player_season,2025-26,,177815,,,NOT_APPLICABLE,,NOT_APPLICABLE,,NOT_APPLICABLE,,VERIFIED,UNRESOLVED,,177815,UNRESOLVED,,no existing verified Player Research closure
player_season/3654,player_season,2025-26,,235826,,,NOT_APPLICABLE,,NOT_APPLICABLE,,NOT_APPLICABLE,,VERIFIED,UNRESOLVED,,235826,UNRESOLVED,,no existing verified Player Research closure
player_season/3655,player_season,2025-26,,174594,,,NOT_APPLICABLE,,NOT_APPLICABLE,,NOT_APPLICABLE,,VERIFIED,UNRESOLVED,,174594,UNRESOLVED,,no existing verified Player Research closure
player_season/3656,player_season,2025-26,,435997,,,NOT_APPLICABLE,,NOT_APPLICABLE,,NOT_APPLICABLE,,VERIFIED,UNRESOLVED,,435997,UNRESOLVED,,no existing verified Player Research closure
player_season/3657,player_season,2025-26,,492859,,,NOT_APPLICABLE,,NOT_APPLICABLE,,NOT_APPLICABLE,,VERIFIED,UNRESOLVED,,492859,UNRESOLVED,,no existing verified Player Research closure
player_season/3658,player_season,2025-26,,116535,,,NOT_APPLICABLE,,NOT_APPLICABLE,,NOT_APPLICABLE,,VERIFIED,UNRESOLVED,,116535,UNRESOLVED,,no existing verified Player Research closure
player_season/3659,player_season,2025-26,,449027,,,NOT_APPLICABLE,,NOT_APPLICABLE,,NOT_APPLICABLE,,VERIFIED,UNRESOLVED,,449027,UNRESOLVED,,no existing verified Player Research closure
player_season/3660,player_season,2025-26,,155503,,,NOT_APPLICABLE,,NOT_APPLICABLE,,NOT_APPLICABLE,,VERIFIED,UNRESOLVED,,155503,UNRESOLVED,,no existing verified Player Research closure
player_season/3661,player_season,2025-26,,586268,,,NOT_APPLICABLE,,NOT_APPLICABLE,,NOT_APPLICABLE,,VERIFIED,UNRESOLVED,,586268,UNRESOLVED,,no existing verified Player Research closure
player_season/3662,player_season,2025-26,,617719,,,NOT_APPLICABLE,,NOT_APPLICABLE,,NOT_APPLICABLE,,VERIFIED,UNRESOLVED,,617719,UNRESOLVED,,no existing verified Player Research closure
player_season/3663,player_season,2025-26,,464353,,,NOT_APPLICABLE,,NOT_APPLICABLE,,NOT_APPLICABLE,,VERIFIED,UNRESOLVED,,464353,UNRESOLVED,,no existing verified Player Research closure
player_season/3664,player_season,2025-26,,171287,,,NOT_APPLICABLE,,NOT_APPLICABLE,,NOT_APPLICABLE,,VERIFIED,UNRESOLVED,,171287,UNRESOLVED,,no existing verified Player Research closure
player_season/3665,player_season,2025-26,,97032,,,NOT_APPLICABLE,,NOT_APPLICABLE,,NOT_APPLICABLE,,VERIFIED,UNRESOLVED,,97032,UNRESOLVED,,no existing verified Player Research closure
player_season/3666,player_season,2025-26,,204716,,,NOT_APPLICABLE,,NOT_APPLICABLE,,NOT_APPLICABLE,,VERIFIED,UNRESOLVED,,204716,UNRESOLVED,,no existing verified Player Research closure
player_season/3667,player_season,2025-26,,544877,,,NOT_APPLICABLE,,NOT_APPLICABLE,,NOT_APPLICABLE,,VERIFIED,UNRESOLVED,,544877,UNRESOLVED,,no existing verified Player Research closure
player_season/3668,player_season,2025-26,,492777,,,NOT_APPLICABLE,,NOT_APPLICABLE,,NOT_APPLICABLE,,VERIFIED,UNRESOLVED,,492777,UNRESOLVED,,no existing verified Player Research closure
player_season/3669,player_season,2025-26,,647681,,,NOT_APPLICABLE,,NOT_APPLICABLE,,NOT_APPLICABLE,,VERIFIED,UNRESOLVED,,647681,UNRESOLVED,,no existing verified Player Research closure
player_season/3670,player_season,2025-26,,122798,,,NOT_APPLICABLE,,NOT_APPLICABLE,,NOT_APPLICABLE,,VERIFIED,UNRESOLVED,,122798,UNRESOLVED,,no existing verified Player Research closure
player_season/3671,player_season,2025-26,,216094,,,NOT_APPLICABLE,,NOT_APPLICABLE,,NOT_APPLICABLE,,VERIFIED,UNRESOLVED,,216094,UNRESOLVED,,no existing verified Player Research closure
player_season/3672,player_season,2025-26,,219937,,,NOT_APPLICABLE,,NOT_APPLICABLE,,NOT_APPLICABLE,,VERIFIED,UNRESOLVED,,219937,UNRESOLVED,,no existing verified Player Research closure
player_season/3673,player_season,2025-26,,489580,,,NOT_APPLICABLE,,NOT_APPLICABLE,,NOT_APPLICABLE,,VERIFIED,UNRESOLVED,,489580,UNRESOLVED,,no existing verified Player Research closure
player_season/3674,player_season,2025-26,,577722,,,NOT_APPLICABLE,,NOT_APPLICABLE,,NOT_APPLICABLE,,VERIFIED,UNRESOLVED,,577722,UNRESOLVED,,no existing verified Player Research closure
player_season/3675,player_season,2025-26,,611926,,,NOT_APPLICABLE,,NOT_APPLICABLE,,NOT_APPLICABLE,,VERIFIED,UNRESOLVED,,611926,UNRESOLVED,,no existing verified Player Research closure
player_season/3676,player_season,2025-26,,718875,,,NOT_APPLICABLE,,NOT_APPLICABLE,,NOT_APPLICABLE,,VERIFIED,UNRESOLVED,,718875,UNRESOLVED,,no existing verified Player Research closure
player_season/3677,player_season,2025-26,,519440,,,NOT_APPLICABLE,,NOT_APPLICABLE,,NOT_APPLICABLE,,VERIFIED,UNRESOLVED,,519440,UNRESOLVED,,no existing verified Player Research closure
player_season/3678,player_season,2025-26,,158983,,,NOT_APPLICABLE,,NOT_APPLICABLE,,NOT_APPLICABLE,,VERIFIED,UNRESOLVED,,158983,UNRESOLVED,,no existing verified Player Research closure
player_season/3679,player_season,2025-26,,494595,,,NOT_APPLICABLE,,NOT_APPLICABLE,,NOT_APPLICABLE,,VERIFIED,UNRESOLVED,,494595,UNRESOLVED,,no existing verified Player Research closure
player_season/3680,player_season,2025-26,,424876,,,NOT_APPLICABLE,,NOT_APPLICABLE,,NOT_APPLICABLE,,VERIFIED,UNRESOLVED,,424876,UNRESOLVED,,no existing verified Player Research closure
player_season/3681,player_season,2025-26,,243016,,,NOT_APPLICABLE,,NOT_APPLICABLE,,NOT_APPLICABLE,,VERIFIED,UNRESOLVED,,243016,UNRESOLVED,,no existing verified Player Research closure
player_season/3682,player_season,2025-26,,206915,,,NOT_APPLICABLE,,NOT_APPLICABLE,,NOT_APPLICABLE,,VERIFIED,UNRESOLVED,,206915,UNRESOLVED,,no existing verified Player Research closure
player_season/3683,player_season,2025-26,,441266,,,NOT_APPLICABLE,,NOT_APPLICABLE,,NOT_APPLICABLE,,VERIFIED,UNRESOLVED,,441266,UNRESOLVED,,no existing verified Player Research closure
player_season/3684,player_season,2025-26,,591386,,,NOT_APPLICABLE,,NOT_APPLICABLE,,NOT_APPLICABLE,,VERIFIED,UNRESOLVED,,591386,UNRESOLVED,,no existing verified Player Research closure
player_season/3685,player_season,2025-26,,535928,,,NOT_APPLICABLE,,NOT_APPLICABLE,,NOT_APPLICABLE,,VERIFIED,UNRESOLVED,,535928,UNRESOLVED,,no existing verified Player Research closure
player_season/3686,player_season,2025-26,,491501,,,NOT_APPLICABLE,,NOT_APPLICABLE,,NOT_APPLICABLE,,VERIFIED,UNRESOLVED,,491501,UNRESOLVED,,no existing verified Player Research closure
player_season/3687,player_season,2025-26,,596042,,,NOT_APPLICABLE,,NOT_APPLICABLE,,NOT_APPLICABLE,,VERIFIED,UNRESOLVED,,596042,UNRESOLVED,,no existing verified Player Research closure
player_season/3688,player_season,2025-26,,530331,,,NOT_APPLICABLE,,NOT_APPLICABLE,,NOT_APPLICABLE,,VERIFIED,UNRESOLVED,,530331,UNRESOLVED,,no existing verified Player Research closure
player_season/3689,player_season,2025-26,,514515,,,NOT_APPLICABLE,,NOT_APPLICABLE,,NOT_APPLICABLE,,VERIFIED,UNRESOLVED,,514515,UNRESOLVED,,no existing verified Player Research closure
player_season/3690,player_season,2025-26,,219168,,,NOT_APPLICABLE,,NOT_APPLICABLE,,NOT_APPLICABLE,,VERIFIED,UNRESOLVED,,219168,UNRESOLVED,,no existing verified Player Research closure
player_season/3691,player_season,2025-26,,118748,,,NOT_APPLICABLE,,NOT_APPLICABLE,,NOT_APPLICABLE,,VERIFIED,UNRESOLVED,,118748,UNRESOLVED,,no existing verified Player Research closure
player_season/3692,player_season,2025-26,,223541,,,NOT_APPLICABLE,,NOT_APPLICABLE,,NOT_APPLICABLE,,VERIFIED,UNRESOLVED,,223541,UNRESOLVED,,no existing verified Player Research closure
player_season/3693,player_season,2025-26,,243298,,,NOT_APPLICABLE,,NOT_APPLICABLE,,NOT_APPLICABLE,,VERIFIED,UNRESOLVED,,243298,UNRESOLVED,,no existing verified Player Research closure
player_season/3694,player_season,2025-26,,510663,,,NOT_APPLICABLE,,NOT_APPLICABLE,,NOT_APPLICABLE,,VERIFIED,UNRESOLVED,,510663,UNRESOLVED,,no existing verified Player Research closure
player_season/3695,player_season,2025-26,,496185,,,NOT_APPLICABLE,,NOT_APPLICABLE,,NOT_APPLICABLE,,VERIFIED,UNRESOLVED,,496185,UNRESOLVED,,no existing verified Player Research closure
player_season/3696,player_season,2025-26,,520280,,,NOT_APPLICABLE,,NOT_APPLICABLE,,NOT_APPLICABLE,,VERIFIED,UNRESOLVED,,520280,UNRESOLVED,,no existing verified Player Research closure
player_season/3697,player_season,2025-26,,611922,,,NOT_APPLICABLE,,NOT_APPLICABLE,,NOT_APPLICABLE,,VERIFIED,UNRESOLVED,,611922,UNRESOLVED,,no existing verified Player Research closure
player_season/3698,player_season,2025-26,,500058,,,NOT_APPLICABLE,,NOT_APPLICABLE,,NOT_APPLICABLE,,VERIFIED,UNRESOLVED,,500058,UNRESOLVED,,no existing verified Player Research closure
player_season/3699,player_season,2025-26,,677945,,,NOT_APPLICABLE,,NOT_APPLICABLE,,NOT_APPLICABLE,,VERIFIED,UNRESOLVED,,677945,UNRESOLVED,,no existing verified Player Research closure
player_season/3700,player_season,2025-26,,432720,,,NOT_APPLICABLE,,NOT_APPLICABLE,,NOT_APPLICABLE,,VERIFIED,UNRESOLVED,,432720,UNRESOLVED,,no existing verified Player Research closure
player_season/3701,player_season,2025-26,,122074,,,NOT_APPLICABLE,,NOT_APPLICABLE,,NOT_APPLICABLE,,VERIFIED,UNRESOLVED,,122074,UNRESOLVED,,no existing verified Player Research closure
player_season/3702,player_season,2025-26,,204936,,,NOT_APPLICABLE,,NOT_APPLICABLE,,NOT_APPLICABLE,,VERIFIED,UNRESOLVED,,204936,UNRESOLVED,,no existing verified Player Research closure
player_season/3703,player_season,2025-26,,171314,,,NOT_APPLICABLE,,NOT_APPLICABLE,,NOT_APPLICABLE,,VERIFIED,UNRESOLVED,,171314,UNRESOLVED,,no existing verified Player Research closure
player_season/3704,player_season,2025-26,,97299,,,NOT_APPLICABLE,,NOT_APPLICABLE,,NOT_APPLICABLE,,VERIFIED,UNRESOLVED,,97299,UNRESOLVED,,no existing verified Player Research closure
player_season/3705,player_season,2025-26,,126184,,,NOT_APPLICABLE,,NOT_APPLICABLE,,NOT_APPLICABLE,,VERIFIED,UNRESOLVED,,126184,UNRESOLVED,,no existing verified Player Research closure
player_season/3706,player_season,2025-26,,209036,,,NOT_APPLICABLE,,NOT_APPLICABLE,,NOT_APPLICABLE,,VERIFIED,UNRESOLVED,,209036,UNRESOLVED,,no existing verified Player Research closure
player_season/3707,player_season,2025-26,,448514,,,NOT_APPLICABLE,,NOT_APPLICABLE,,NOT_APPLICABLE,,VERIFIED,UNRESOLVED,,448514,UNRESOLVED,,no existing verified Player Research closure
player_season/3708,player_season,2025-26,,477424,,,NOT_APPLICABLE,,NOT_APPLICABLE,,NOT_APPLICABLE,,VERIFIED,UNRESOLVED,,477424,UNRESOLVED,,no existing verified Player Research closure
player_season/3709,player_season,2025-26,,578153,,,NOT_APPLICABLE,,NOT_APPLICABLE,,NOT_APPLICABLE,,VERIFIED,UNRESOLVED,,578153,UNRESOLVED,,no existing verified Player Research closure
player_season/3710,player_season,2025-26,,554054,,,NOT_APPLICABLE,,NOT_APPLICABLE,,NOT_APPLICABLE,,VERIFIED,UNRESOLVED,,554054,UNRESOLVED,,no existing verified Player Research closure
player_season/3711,player_season,2025-26,,494307,,,NOT_APPLICABLE,,NOT_APPLICABLE,,NOT_APPLICABLE,,VERIFIED,UNRESOLVED,,494307,UNRESOLVED,,no existing verified Player Research closure
player_season/3712,player_season,2025-26,,477064,,,NOT_APPLICABLE,,NOT_APPLICABLE,,NOT_APPLICABLE,,VERIFIED,UNRESOLVED,,477064,UNRESOLVED,,no existing verified Player Research closure
player_season/3713,player_season,2025-26,,519909,,,NOT_APPLICABLE,,NOT_APPLICABLE,,NOT_APPLICABLE,,VERIFIED,UNRESOLVED,,519909,UNRESOLVED,,no existing verified Player Research closure
player_season/3714,player_season,2025-26,,433036,,,NOT_APPLICABLE,,NOT_APPLICABLE,,NOT_APPLICABLE,,VERIFIED,UNRESOLVED,,433036,UNRESOLVED,,no existing verified Player Research closure
player_season/3715,player_season,2025-26,,91651,,,NOT_APPLICABLE,,NOT_APPLICABLE,,NOT_APPLICABLE,,VERIFIED,UNRESOLVED,,91651,UNRESOLVED,,no existing verified Player Research closure
player_season/3716,player_season,2025-26,,466052,,,NOT_APPLICABLE,,NOT_APPLICABLE,,NOT_APPLICABLE,,VERIFIED,UNRESOLVED,,466052,UNRESOLVED,,no existing verified Player Research closure
player_season/3717,player_season,2025-26,,465694,,,NOT_APPLICABLE,,NOT_APPLICABLE,,NOT_APPLICABLE,,VERIFIED,UNRESOLVED,,465694,UNRESOLVED,,no existing verified Player Research closure
player_season/3718,player_season,2025-26,,220566,,,NOT_APPLICABLE,,NOT_APPLICABLE,,NOT_APPLICABLE,,VERIFIED,UNRESOLVED,,220566,UNRESOLVED,,no existing verified Player Research closure
player_season/3719,player_season,2025-26,,165809,,,NOT_APPLICABLE,,NOT_APPLICABLE,,NOT_APPLICABLE,,VERIFIED,UNRESOLVED,,165809,UNRESOLVED,,no existing verified Player Research closure
player_season/3720,player_season,2025-26,,465351,,,NOT_APPLICABLE,,NOT_APPLICABLE,,NOT_APPLICABLE,,VERIFIED,UNRESOLVED,,465351,UNRESOLVED,,no existing verified Player Research closure
player_season/3721,player_season,2025-26,,472769,,,NOT_APPLICABLE,,NOT_APPLICABLE,,NOT_APPLICABLE,,VERIFIED,UNRESOLVED,,472769,UNRESOLVED,,no existing verified Player Research closure
player_season/3722,player_season,2025-26,,566164,,,NOT_APPLICABLE,,NOT_APPLICABLE,,NOT_APPLICABLE,,VERIFIED,UNRESOLVED,,566164,UNRESOLVED,,no existing verified Player Research closure
player_season/3723,player_season,2025-26,,209244,,,NOT_APPLICABLE,,NOT_APPLICABLE,,NOT_APPLICABLE,,VERIFIED,UNRESOLVED,,209244,UNRESOLVED,,no existing verified Player Research closure
player_season/3724,player_season,2025-26,,516234,,,NOT_APPLICABLE,,NOT_APPLICABLE,,NOT_APPLICABLE,,VERIFIED,UNRESOLVED,,516234,UNRESOLVED,,no existing verified Player Research closure
player_season/3725,player_season,2025-26,,595480,,,NOT_APPLICABLE,,NOT_APPLICABLE,,NOT_APPLICABLE,,VERIFIED,UNRESOLVED,,595480,UNRESOLVED,,no existing verified Player Research closure
player_season/3726,player_season,2025-26,,438234,,,NOT_APPLICABLE,,NOT_APPLICABLE,,NOT_APPLICABLE,,VERIFIED,UNRESOLVED,,438234,UNRESOLVED,,no existing verified Player Research closure
player_season/3727,player_season,2025-26,,223094,,,NOT_APPLICABLE,,NOT_APPLICABLE,,NOT_APPLICABLE,,VERIFIED,UNRESOLVED,,223094,UNRESOLVED,,no existing verified Player Research closure
player_season/3728,player_season,2025-26,,248875,,,NOT_APPLICABLE,,NOT_APPLICABLE,,NOT_APPLICABLE,,VERIFIED,UNRESOLVED,,248875,UNRESOLVED,,no existing verified Player Research closure
player_season/3729,player_season,2025-26,,510281,,,NOT_APPLICABLE,,NOT_APPLICABLE,,NOT_APPLICABLE,,VERIFIED,UNRESOLVED,,510281,UNRESOLVED,,no existing verified Player Research closure
player_season/3730,player_season,2025-26,,437730,,,NOT_APPLICABLE,,NOT_APPLICABLE,,NOT_APPLICABLE,,VERIFIED,UNRESOLVED,,437730,UNRESOLVED,,no existing verified Player Research closure
player_season/3731,player_season,2025-26,,616288,,,NOT_APPLICABLE,,NOT_APPLICABLE,,NOT_APPLICABLE,,VERIFIED,UNRESOLVED,,616288,UNRESOLVED,,no existing verified Player Research closure
player_season/3732,player_season,2025-26,,580921,,,NOT_APPLICABLE,,NOT_APPLICABLE,,NOT_APPLICABLE,,VERIFIED,UNRESOLVED,,580921,UNRESOLVED,,no existing verified Player Research closure
player_season/3733,player_season,2025-26,,580919,,,NOT_APPLICABLE,,NOT_APPLICABLE,,NOT_APPLICABLE,,VERIFIED,UNRESOLVED,,580919,UNRESOLVED,,no existing verified Player Research closure
player_season/3734,player_season,2025-26,,451302,,,NOT_APPLICABLE,,NOT_APPLICABLE,,NOT_APPLICABLE,,VERIFIED,UNRESOLVED,,451302,UNRESOLVED,,no existing verified Player Research closure
player_season/3735,player_season,2025-26,,21205,,,NOT_APPLICABLE,,NOT_APPLICABLE,,NOT_APPLICABLE,,VERIFIED,UNRESOLVED,,21205,UNRESOLVED,,no existing verified Player Research closure
player_season/3736,player_season,2025-26,,465247,,,NOT_APPLICABLE,,NOT_APPLICABLE,,NOT_APPLICABLE,,VERIFIED,UNRESOLVED,,465247,UNRESOLVED,,no existing verified Player Research closure
player_season/3737,player_season,2025-26,,216051,,,NOT_APPLICABLE,,NOT_APPLICABLE,,NOT_APPLICABLE,,VERIFIED,UNRESOLVED,,216051,UNRESOLVED,,no existing verified Player Research closure
player_season/3738,player_season,2025-26,,230001,,,NOT_APPLICABLE,,NOT_APPLICABLE,,NOT_APPLICABLE,,VERIFIED,UNRESOLVED,,230001,UNRESOLVED,,no existing verified Player Research closure
player_season/3739,player_season,2025-26,,209365,,,NOT_APPLICABLE,,NOT_APPLICABLE,,NOT_APPLICABLE,,VERIFIED,UNRESOLVED,,209365,UNRESOLVED,,no existing verified Player Research closure
player_season/3740,player_season,2025-26,,95658,,,NOT_APPLICABLE,,NOT_APPLICABLE,,NOT_APPLICABLE,,VERIFIED,UNRESOLVED,,95658,UNRESOLVED,,no existing verified Player Research closure
player_season/3741,player_season,2025-26,,221820,,,NOT_APPLICABLE,,NOT_APPLICABLE,,NOT_APPLICABLE,,VERIFIED,UNRESOLVED,,221820,UNRESOLVED,,no existing verified Player Research closure
player_season/3742,player_season,2025-26,,222690,,,NOT_APPLICABLE,,NOT_APPLICABLE,,NOT_APPLICABLE,,VERIFIED,UNRESOLVED,,222690,UNRESOLVED,,no existing verified Player Research closure
player_season/3743,player_season,2025-26,,596777,,,NOT_APPLICABLE,,NOT_APPLICABLE,,NOT_APPLICABLE,,VERIFIED,UNRESOLVED,,596777,UNRESOLVED,,no existing verified Player Research closure
player_season/3744,player_season,2025-26,,550864,,,NOT_APPLICABLE,,NOT_APPLICABLE,,NOT_APPLICABLE,,VERIFIED,UNRESOLVED,,550864,UNRESOLVED,,no existing verified Player Research closure
player_season/3745,player_season,2025-26,,106760,,,NOT_APPLICABLE,,NOT_APPLICABLE,,NOT_APPLICABLE,,VERIFIED,UNRESOLVED,,106760,UNRESOLVED,,no existing verified Player Research closure
player_season/3746,player_season,2025-26,,606745,,,NOT_APPLICABLE,,NOT_APPLICABLE,,NOT_APPLICABLE,,VERIFIED,UNRESOLVED,,606745,UNRESOLVED,,no existing verified Player Research closure
player_season/3747,player_season,2025-26,,547676,,,NOT_APPLICABLE,,NOT_APPLICABLE,,NOT_APPLICABLE,,VERIFIED,UNRESOLVED,,547676,UNRESOLVED,,no existing verified Player Research closure
player_season/3748,player_season,2025-26,,661712,,,NOT_APPLICABLE,,NOT_APPLICABLE,,NOT_APPLICABLE,,VERIFIED,UNRESOLVED,,661712,UNRESOLVED,,no existing verified Player Research closure
player_season/3749,player_season,2025-26,,576637,,,NOT_APPLICABLE,,NOT_APPLICABLE,,NOT_APPLICABLE,,VERIFIED,UNRESOLVED,,576637,UNRESOLVED,,no existing verified Player Research closure
player_season/3750,player_season,2025-26,,184341,,,NOT_APPLICABLE,,NOT_APPLICABLE,,NOT_APPLICABLE,,VERIFIED,UNRESOLVED,,184341,UNRESOLVED,,no existing verified Player Research closure
player_season/3751,player_season,2025-26,,141746,,,NOT_APPLICABLE,,NOT_APPLICABLE,,NOT_APPLICABLE,,VERIFIED,UNRESOLVED,,141746,UNRESOLVED,,no existing verified Player Research closure
player_season/3752,player_season,2025-26,,61256,,,NOT_APPLICABLE,,NOT_APPLICABLE,,NOT_APPLICABLE,,VERIFIED,UNRESOLVED,,61256,UNRESOLVED,,no existing verified Player Research closure
player_season/3753,player_season,2025-26,,232112,,,NOT_APPLICABLE,,NOT_APPLICABLE,,NOT_APPLICABLE,,VERIFIED,UNRESOLVED,,232112,UNRESOLVED,,no existing verified Player Research closure
player_season/3754,player_season,2025-26,,516895,,,NOT_APPLICABLE,,NOT_APPLICABLE,,NOT_APPLICABLE,,VERIFIED,UNRESOLVED,,516895,UNRESOLVED,,no existing verified Player Research closure
player_season/3755,player_season,2025-26,,547037,,,NOT_APPLICABLE,,NOT_APPLICABLE,,NOT_APPLICABLE,,VERIFIED,UNRESOLVED,,547037,UNRESOLVED,,no existing verified Player Research closure
player_season/3756,player_season,2025-26,,519913,,,NOT_APPLICABLE,,NOT_APPLICABLE,,NOT_APPLICABLE,,VERIFIED,UNRESOLVED,,519913,UNRESOLVED,,no existing verified Player Research closure
player_season/3757,player_season,2025-26,,559684,,,NOT_APPLICABLE,,NOT_APPLICABLE,,NOT_APPLICABLE,,VERIFIED,UNRESOLVED,,559684,UNRESOLVED,,no existing verified Player Research closure
player_season/3758,player_season,2025-26,,576634,,,NOT_APPLICABLE,,NOT_APPLICABLE,,NOT_APPLICABLE,,VERIFIED,UNRESOLVED,,576634,UNRESOLVED,,no existing verified Player Research closure
player_season/3759,player_season,2025-26,,430871,,,NOT_APPLICABLE,,NOT_APPLICABLE,,NOT_APPLICABLE,,VERIFIED,UNRESOLVED,,430871,UNRESOLVED,,no existing verified Player Research closure
player_season/3760,player_season,2025-26,,458249,,,NOT_APPLICABLE,,NOT_APPLICABLE,,NOT_APPLICABLE,,VERIFIED,UNRESOLVED,,458249,UNRESOLVED,,no existing verified Player Research closure
player_season/3761,player_season,2025-26,,493250,,,NOT_APPLICABLE,,NOT_APPLICABLE,,NOT_APPLICABLE,,VERIFIED,UNRESOLVED,,493250,UNRESOLVED,,no existing verified Player Research closure
player_season/3762,player_season,2025-26,,446008,,,NOT_APPLICABLE,,NOT_APPLICABLE,,NOT_APPLICABLE,,VERIFIED,UNRESOLVED,,446008,UNRESOLVED,,no existing verified Player Research closure
player_season/3763,player_season,2025-26,,485711,,,NOT_APPLICABLE,,NOT_APPLICABLE,,NOT_APPLICABLE,,VERIFIED,UNRESOLVED,,485711,UNRESOLVED,,no existing verified Player Research closure
player_season/3764,player_season,2025-26,,596047,,,NOT_APPLICABLE,,NOT_APPLICABLE,,NOT_APPLICABLE,,VERIFIED,UNRESOLVED,,596047,UNRESOLVED,,no existing verified Player Research closure
player_season/3765,player_season,2025-26,,576628,,,NOT_APPLICABLE,,NOT_APPLICABLE,,NOT_APPLICABLE,,VERIFIED,UNRESOLVED,,576628,UNRESOLVED,,no existing verified Player Research closure
player_season/3766,player_season,2025-26,,576620,,,NOT_APPLICABLE,,NOT_APPLICABLE,,NOT_APPLICABLE,,VERIFIED,UNRESOLVED,,576620,UNRESOLVED,,no existing verified Player Research closure
player_season/3767,player_season,2025-26,,98747,,,NOT_APPLICABLE,,NOT_APPLICABLE,,NOT_APPLICABLE,,VERIFIED,UNRESOLVED,,98747,UNRESOLVED,,no existing verified Player Research closure
player_season/3768,player_season,2025-26,,19236,,,NOT_APPLICABLE,,NOT_APPLICABLE,,NOT_APPLICABLE,,VERIFIED,UNRESOLVED,,19236,UNRESOLVED,,no existing verified Player Research closure
player_season/3769,player_season,2025-26,,81441,,,NOT_APPLICABLE,,NOT_APPLICABLE,,NOT_APPLICABLE,,VERIFIED,UNRESOLVED,,81441,UNRESOLVED,,no existing verified Player Research closure
player_season/3770,player_season,2025-26,,225321,,,NOT_APPLICABLE,,NOT_APPLICABLE,,NOT_APPLICABLE,,VERIFIED,UNRESOLVED,,225321,UNRESOLVED,,no existing verified Player Research closure
player_season/3771,player_season,2025-26,,577980,,,NOT_APPLICABLE,,NOT_APPLICABLE,,NOT_APPLICABLE,,VERIFIED,UNRESOLVED,,577980,UNRESOLVED,,no existing verified Player Research closure
player_season/3772,player_season,2025-26,,606796,,,NOT_APPLICABLE,,NOT_APPLICABLE,,NOT_APPLICABLE,,VERIFIED,UNRESOLVED,,606796,UNRESOLVED,,no existing verified Player Research closure
player_season/3773,player_season,2025-26,,77794,,,NOT_APPLICABLE,,NOT_APPLICABLE,,NOT_APPLICABLE,,VERIFIED,UNRESOLVED,,77794,UNRESOLVED,,no existing verified Player Research closure
player_season/3774,player_season,2025-26,,487838,,,NOT_APPLICABLE,,NOT_APPLICABLE,,NOT_APPLICABLE,,VERIFIED,UNRESOLVED,,487838,UNRESOLVED,,no existing verified Player Research closure
player_season/3775,player_season,2025-26,,220237,,,NOT_APPLICABLE,,NOT_APPLICABLE,,NOT_APPLICABLE,,VERIFIED,UNRESOLVED,,220237,UNRESOLVED,,no existing verified Player Research closure
player_season/3776,player_season,2025-26,,119471,,,NOT_APPLICABLE,,NOT_APPLICABLE,,NOT_APPLICABLE,,VERIFIED,UNRESOLVED,,119471,UNRESOLVED,,no existing verified Player Research closure
player_season/3777,player_season,2025-26,,465642,,,NOT_APPLICABLE,,NOT_APPLICABLE,,NOT_APPLICABLE,,VERIFIED,UNRESOLVED,,465642,UNRESOLVED,,no existing verified Player Research closure
player_season/3778,player_season,2025-26,,111773,,,NOT_APPLICABLE,,NOT_APPLICABLE,,NOT_APPLICABLE,,VERIFIED,UNRESOLVED,,111773,UNRESOLVED,,no existing verified Player Research closure
player_season/3779,player_season,2025-26,,441191,,,NOT_APPLICABLE,,NOT_APPLICABLE,,NOT_APPLICABLE,,VERIFIED,UNRESOLVED,,441191,UNRESOLVED,,no existing verified Player Research closure
player_season/3780,player_season,2025-26,,78916,,,NOT_APPLICABLE,,NOT_APPLICABLE,,NOT_APPLICABLE,,VERIFIED,UNRESOLVED,,78916,UNRESOLVED,,no existing verified Player Research closure
player_season/3781,player_season,2025-26,,545477,,,NOT_APPLICABLE,,NOT_APPLICABLE,,NOT_APPLICABLE,,VERIFIED,UNRESOLVED,,545477,UNRESOLVED,,no existing verified Player Research closure
player_season/3782,player_season,2025-26,,553746,,,NOT_APPLICABLE,,NOT_APPLICABLE,,NOT_APPLICABLE,,VERIFIED,UNRESOLVED,,553746,UNRESOLVED,,no existing verified Player Research closure
player_season/3783,player_season,2025-26,,180974,,,NOT_APPLICABLE,,NOT_APPLICABLE,,NOT_APPLICABLE,,VERIFIED,UNRESOLVED,,180974,UNRESOLVED,,no existing verified Player Research closure
player_season/3784,player_season,2025-26,,432422,,,NOT_APPLICABLE,,NOT_APPLICABLE,,NOT_APPLICABLE,,VERIFIED,UNRESOLVED,,432422,UNRESOLVED,,no existing verified Player Research closure
player_season/3785,player_season,2025-26,,201666,,,NOT_APPLICABLE,,NOT_APPLICABLE,,NOT_APPLICABLE,,VERIFIED,UNRESOLVED,,201666,UNRESOLVED,,no existing verified Player Research closure
player_season/3786,player_season,2025-26,,114243,,,NOT_APPLICABLE,,NOT_APPLICABLE,,NOT_APPLICABLE,,VERIFIED,UNRESOLVED,,114243,UNRESOLVED,,no existing verified Player Research closure
player_season/3787,player_season,2025-26,,200089,,,NOT_APPLICABLE,,NOT_APPLICABLE,,NOT_APPLICABLE,,VERIFIED,UNRESOLVED,,200089,UNRESOLVED,,no existing verified Player Research closure
player_season/3788,player_season,2025-26,,208706,,,NOT_APPLICABLE,,NOT_APPLICABLE,,NOT_APPLICABLE,,VERIFIED,UNRESOLVED,,208706,UNRESOLVED,,no existing verified Player Research closure
player_season/3789,player_season,2025-26,,232653,,,NOT_APPLICABLE,,NOT_APPLICABLE,,NOT_APPLICABLE,,VERIFIED,UNRESOLVED,,232653,UNRESOLVED,,no existing verified Player Research closure
player_season/3790,player_season,2025-26,,547719,,,NOT_APPLICABLE,,NOT_APPLICABLE,,NOT_APPLICABLE,,VERIFIED,UNRESOLVED,,547719,UNRESOLVED,,no existing verified Player Research closure
player_season/3791,player_season,2025-26,,666607,,,NOT_APPLICABLE,,NOT_APPLICABLE,,NOT_APPLICABLE,,VERIFIED,UNRESOLVED,,666607,UNRESOLVED,,no existing verified Player Research closure
player_season/3792,player_season,2025-26,,216646,,,NOT_APPLICABLE,,NOT_APPLICABLE,,NOT_APPLICABLE,,VERIFIED,UNRESOLVED,,216646,UNRESOLVED,,no existing verified Player Research closure
player_season/3793,player_season,2025-26,,232826,,,NOT_APPLICABLE,,NOT_APPLICABLE,,NOT_APPLICABLE,,VERIFIED,UNRESOLVED,,232826,UNRESOLVED,,no existing verified Player Research closure
player_season/3794,player_season,2025-26,,538207,,,NOT_APPLICABLE,,NOT_APPLICABLE,,NOT_APPLICABLE,,VERIFIED,UNRESOLVED,,538207,UNRESOLVED,,no existing verified Player Research closure
player_season/3795,player_season,2025-26,,449434,,,NOT_APPLICABLE,,NOT_APPLICABLE,,NOT_APPLICABLE,,VERIFIED,UNRESOLVED,,449434,UNRESOLVED,,no existing verified Player Research closure
player_season/3796,player_season,2025-26,,470313,,,NOT_APPLICABLE,,NOT_APPLICABLE,,NOT_APPLICABLE,,VERIFIED,UNRESOLVED,,470313,UNRESOLVED,,no existing verified Player Research closure
player_season/3797,player_season,2025-26,,599303,,,NOT_APPLICABLE,,NOT_APPLICABLE,,NOT_APPLICABLE,,VERIFIED,UNRESOLVED,,599303,UNRESOLVED,,no existing verified Player Research closure
player_season/3798,player_season,2025-26,,623110,,,NOT_APPLICABLE,,NOT_APPLICABLE,,NOT_APPLICABLE,,VERIFIED,UNRESOLVED,,623110,UNRESOLVED,,no existing verified Player Research closure
player_season/3799,player_season,2025-26,,221389,,,NOT_APPLICABLE,,NOT_APPLICABLE,,NOT_APPLICABLE,,VERIFIED,UNRESOLVED,,221389,UNRESOLVED,,no existing verified Player Research closure
player_season/3800,player_season,2025-26,,107265,,,NOT_APPLICABLE,,NOT_APPLICABLE,,NOT_APPLICABLE,,VERIFIED,UNRESOLVED,,107265,UNRESOLVED,,no existing verified Player Research closure
player_season/3801,player_season,2025-26,,85633,,,NOT_APPLICABLE,,NOT_APPLICABLE,,NOT_APPLICABLE,,VERIFIED,UNRESOLVED,,85633,UNRESOLVED,,no existing verified Player Research closure
player_season/3802,player_season,2025-26,,88248,,,NOT_APPLICABLE,,NOT_APPLICABLE,,NOT_APPLICABLE,,VERIFIED,UNRESOLVED,,88248,UNRESOLVED,,no existing verified Player Research closure
player_season/3803,player_season,2025-26,,536682,,,NOT_APPLICABLE,,NOT_APPLICABLE,,NOT_APPLICABLE,,VERIFIED,UNRESOLVED,,536682,UNRESOLVED,,no existing verified Player Research closure
player_season/3804,player_season,2025-26,,571449,,,NOT_APPLICABLE,,NOT_APPLICABLE,,NOT_APPLICABLE,,VERIFIED,UNRESOLVED,,571449,UNRESOLVED,,no existing verified Player Research closure
player_season/3805,player_season,2025-26,,215136,,,NOT_APPLICABLE,,NOT_APPLICABLE,,NOT_APPLICABLE,,VERIFIED,UNRESOLVED,,215136,UNRESOLVED,,no existing verified Player Research closure
player_season/3806,player_season,2025-26,,485047,,,NOT_APPLICABLE,,NOT_APPLICABLE,,NOT_APPLICABLE,,VERIFIED,UNRESOLVED,,485047,UNRESOLVED,,no existing verified Player Research closure
player_season/3807,player_season,2025-26,,575476,,,NOT_APPLICABLE,,NOT_APPLICABLE,,NOT_APPLICABLE,,VERIFIED,UNRESOLVED,,575476,UNRESOLVED,,no existing verified Player Research closure
player_season/3808,player_season,2025-26,,575458,,,NOT_APPLICABLE,,NOT_APPLICABLE,,NOT_APPLICABLE,,VERIFIED,UNRESOLVED,,575458,UNRESOLVED,,no existing verified Player Research closure
player_season/3809,player_season,2025-26,,470315,,,NOT_APPLICABLE,,NOT_APPLICABLE,,NOT_APPLICABLE,,VERIFIED,UNRESOLVED,,470315,UNRESOLVED,,no existing verified Player Research closure
player_season/3810,player_season,2025-26,,90585,,,NOT_APPLICABLE,,NOT_APPLICABLE,,NOT_APPLICABLE,,VERIFIED,UNRESOLVED,,90585,UNRESOLVED,,no existing verified Player Research closure
player_season/3811,player_season,2025-26,,227444,,,NOT_APPLICABLE,,NOT_APPLICABLE,,NOT_APPLICABLE,,VERIFIED,UNRESOLVED,,227444,UNRESOLVED,,no existing verified Player Research closure
player_season/3812,player_season,2025-26,,159506,,,NOT_APPLICABLE,,NOT_APPLICABLE,,NOT_APPLICABLE,,VERIFIED,UNRESOLVED,,159506,UNRESOLVED,,no existing verified Player Research closure
player_season/3813,player_season,2025-26,,500151,,,NOT_APPLICABLE,,NOT_APPLICABLE,,NOT_APPLICABLE,,VERIFIED,UNRESOLVED,,500151,UNRESOLVED,,no existing verified Player Research closure
player_season/3814,player_season,2025-26,,549067,,,NOT_APPLICABLE,,NOT_APPLICABLE,,NOT_APPLICABLE,,VERIFIED,UNRESOLVED,,549067,UNRESOLVED,,no existing verified Player Research closure
player_season/3815,player_season,2025-26,,687076,,,NOT_APPLICABLE,,NOT_APPLICABLE,,NOT_APPLICABLE,,VERIFIED,UNRESOLVED,,687076,UNRESOLVED,,no existing verified Player Research closure
player_season/3816,player_season,2025-26,,536687,,,NOT_APPLICABLE,,NOT_APPLICABLE,,NOT_APPLICABLE,,VERIFIED,UNRESOLVED,,536687,UNRESOLVED,,no existing verified Player Research closure
player_season/3817,player_season,2025-26,,210462,,,NOT_APPLICABLE,,NOT_APPLICABLE,,NOT_APPLICABLE,,VERIFIED,UNRESOLVED,,210462,UNRESOLVED,,no existing verified Player Research closure
player_season/3818,player_season,2025-26,,215379,,,NOT_APPLICABLE,,NOT_APPLICABLE,,NOT_APPLICABLE,,VERIFIED,UNRESOLVED,,215379,UNRESOLVED,,no existing verified Player Research closure
player_season/3819,player_season,2025-26,,222531,,,NOT_APPLICABLE,,NOT_APPLICABLE,,NOT_APPLICABLE,,VERIFIED,UNRESOLVED,,222531,UNRESOLVED,,no existing verified Player Research closure
player_season/3820,player_season,2025-26,,250199,,,NOT_APPLICABLE,,NOT_APPLICABLE,,NOT_APPLICABLE,,VERIFIED,UNRESOLVED,,250199,UNRESOLVED,,no existing verified Player Research closure
player_season/3821,player_season,2025-26,,204968,,,NOT_APPLICABLE,,NOT_APPLICABLE,,NOT_APPLICABLE,,VERIFIED,UNRESOLVED,,204968,UNRESOLVED,,no existing verified Player Research closure
player_season/3822,player_season,2025-26,,432714,,,NOT_APPLICABLE,,NOT_APPLICABLE,,NOT_APPLICABLE,,VERIFIED,UNRESOLVED,,432714,UNRESOLVED,,no existing verified Player Research closure
player_season/3823,player_season,2025-26,,568159,,,NOT_APPLICABLE,,NOT_APPLICABLE,,NOT_APPLICABLE,,VERIFIED,UNRESOLVED,,568159,UNRESOLVED,,no existing verified Player Research closure
player_season/3824,player_season,2025-26,,590040,,,NOT_APPLICABLE,,NOT_APPLICABLE,,NOT_APPLICABLE,,VERIFIED,UNRESOLVED,,590040,UNRESOLVED,,no existing verified Player Research closure
player_season/3825,player_season,2025-26,,209046,,,NOT_APPLICABLE,,NOT_APPLICABLE,,NOT_APPLICABLE,,VERIFIED,UNRESOLVED,,209046,UNRESOLVED,,no existing verified Player Research closure
player_season/3826,player_season,2025-26,,210156,,,NOT_APPLICABLE,,NOT_APPLICABLE,,NOT_APPLICABLE,,VERIFIED,UNRESOLVED,,210156,UNRESOLVED,,no existing verified Player Research closure
player_season/3827,player_season,2025-26,,60689,,,NOT_APPLICABLE,,NOT_APPLICABLE,,NOT_APPLICABLE,,VERIFIED,UNRESOLVED,,60689,UNRESOLVED,,no existing verified Player Research closure
player_season/3828,player_season,2025-26,,456512,,,NOT_APPLICABLE,,NOT_APPLICABLE,,NOT_APPLICABLE,,VERIFIED,UNRESOLVED,,456512,UNRESOLVED,,no existing verified Player Research closure
player_season/3829,player_season,2025-26,,569014,,,NOT_APPLICABLE,,NOT_APPLICABLE,,NOT_APPLICABLE,,VERIFIED,UNRESOLVED,,569014,UNRESOLVED,,no existing verified Player Research closure
player_season/3830,player_season,2025-26,,482973,,,NOT_APPLICABLE,,NOT_APPLICABLE,,NOT_APPLICABLE,,VERIFIED,UNRESOLVED,,482973,UNRESOLVED,,no existing verified Player Research closure
player_season/3831,player_season,2025-26,,469130,,,NOT_APPLICABLE,,NOT_APPLICABLE,,NOT_APPLICABLE,,VERIFIED,UNRESOLVED,,469130,UNRESOLVED,,no existing verified Player Research closure
player_season/3832,player_season,2025-26,,503301,,,NOT_APPLICABLE,,NOT_APPLICABLE,,NOT_APPLICABLE,,VERIFIED,UNRESOLVED,,503301,UNRESOLVED,,no existing verified Player Research closure
player_season/3833,player_season,2025-26,,476887,,,NOT_APPLICABLE,,NOT_APPLICABLE,,NOT_APPLICABLE,,VERIFIED,UNRESOLVED,,476887,UNRESOLVED,,no existing verified Player Research closure
player_season/3834,player_season,2025-26,,591894,,,NOT_APPLICABLE,,NOT_APPLICABLE,,NOT_APPLICABLE,,VERIFIED,UNRESOLVED,,591894,UNRESOLVED,,no existing verified Player Research closure
player_season/3835,player_season,2025-26,,184254,,,NOT_APPLICABLE,,NOT_APPLICABLE,,NOT_APPLICABLE,,VERIFIED,UNRESOLVED,,184254,UNRESOLVED,,no existing verified Player Research closure
player_season/3836,player_season,2025-26,,485055,,,NOT_APPLICABLE,,NOT_APPLICABLE,,NOT_APPLICABLE,,VERIFIED,UNRESOLVED,,485055,UNRESOLVED,,no existing verified Player Research closure
player_season/3837,player_season,2025-26,,214572,,,NOT_APPLICABLE,,NOT_APPLICABLE,,NOT_APPLICABLE,,VERIFIED,UNRESOLVED,,214572,UNRESOLVED,,no existing verified Player Research closure
player_season/3838,player_season,2025-26,,536108,,,NOT_APPLICABLE,,NOT_APPLICABLE,,NOT_APPLICABLE,,VERIFIED,UNRESOLVED,,536108,UNRESOLVED,,no existing verified Player Research closure
player_season/3839,player_season,2025-26,,493125,,,NOT_APPLICABLE,,NOT_APPLICABLE,,NOT_APPLICABLE,,VERIFIED,UNRESOLVED,,493125,UNRESOLVED,,no existing verified Player Research closure
player_season/3840,player_season,2025-26,,135720,,,NOT_APPLICABLE,,NOT_APPLICABLE,,NOT_APPLICABLE,,VERIFIED,UNRESOLVED,,135720,UNRESOLVED,,no existing verified Player Research closure
player_season/3841,player_season,2025-26,,487053,,,NOT_APPLICABLE,,NOT_APPLICABLE,,NOT_APPLICABLE,,VERIFIED,UNRESOLVED,,487053,UNRESOLVED,,no existing verified Player Research closure
player_season/3842,player_season,2025-26,,221632,,,NOT_APPLICABLE,,NOT_APPLICABLE,,NOT_APPLICABLE,,VERIFIED,UNRESOLVED,,221632,UNRESOLVED,,no existing verified Player Research closure
player_season/3843,player_season,2025-26,,441164,,,NOT_APPLICABLE,,NOT_APPLICABLE,,NOT_APPLICABLE,,VERIFIED,UNRESOLVED,,441164,UNRESOLVED,,no existing verified Player Research closure
player_season/3844,player_season,2025-26,,232859,,,NOT_APPLICABLE,,NOT_APPLICABLE,,NOT_APPLICABLE,,VERIFIED,UNRESOLVED,,232859,UNRESOLVED,,no existing verified Player Research closure
player_season/3845,player_season,2025-26,,115556,,,NOT_APPLICABLE,,NOT_APPLICABLE,,NOT_APPLICABLE,,VERIFIED,UNRESOLVED,,115556,UNRESOLVED,,no existing verified Player Research closure
player_season/3846,player_season,2025-26,,491279,,,NOT_APPLICABLE,,NOT_APPLICABLE,,NOT_APPLICABLE,,VERIFIED,UNRESOLVED,,491279,UNRESOLVED,,no existing verified Player Research closure
player_season/3847,player_season,2025-26,,616221,,,NOT_APPLICABLE,,NOT_APPLICABLE,,NOT_APPLICABLE,,VERIFIED,UNRESOLVED,,616221,UNRESOLVED,,no existing verified Player Research closure
player_season/3848,player_season,2025-26,,611920,,,NOT_APPLICABLE,,NOT_APPLICABLE,,NOT_APPLICABLE,,VERIFIED,UNRESOLVED,,611920,UNRESOLVED,,no existing verified Player Research closure
player_season/3849,player_season,2025-26,,640419,,,NOT_APPLICABLE,,NOT_APPLICABLE,,NOT_APPLICABLE,,VERIFIED,UNRESOLVED,,640419,UNRESOLVED,,no existing verified Player Research closure
player_season/3850,player_season,2025-26,,499716,,,NOT_APPLICABLE,,NOT_APPLICABLE,,NOT_APPLICABLE,,VERIFIED,UNRESOLVED,,499716,UNRESOLVED,,no existing verified Player Research closure
player_season/3851,player_season,2025-26,,154296,,,NOT_APPLICABLE,,NOT_APPLICABLE,,NOT_APPLICABLE,,VERIFIED,UNRESOLVED,,154296,UNRESOLVED,,no existing verified Player Research closure
player_season/3852,player_season,2025-26,,493362,,,NOT_APPLICABLE,,NOT_APPLICABLE,,NOT_APPLICABLE,,VERIFIED,UNRESOLVED,,493362,UNRESOLVED,,no existing verified Player Research closure
player_season/3853,player_season,2025-26,,227127,,,NOT_APPLICABLE,,NOT_APPLICABLE,,NOT_APPLICABLE,,VERIFIED,UNRESOLVED,,227127,UNRESOLVED,,no existing verified Player Research closure
player_season/3854,player_season,2025-26,,172780,,,NOT_APPLICABLE,,NOT_APPLICABLE,,NOT_APPLICABLE,,VERIFIED,UNRESOLVED,,172780,UNRESOLVED,,no existing verified Player Research closure
player_season/3855,player_season,2025-26,,547701,,,NOT_APPLICABLE,,NOT_APPLICABLE,,NOT_APPLICABLE,,VERIFIED,UNRESOLVED,,547701,UNRESOLVED,,no existing verified Player Research closure
player_season/3856,player_season,2025-26,,570526,,,NOT_APPLICABLE,,NOT_APPLICABLE,,NOT_APPLICABLE,,VERIFIED,UNRESOLVED,,570526,UNRESOLVED,,no existing verified Player Research closure
player_season/3857,player_season,2025-26,,460842,,,NOT_APPLICABLE,,NOT_APPLICABLE,,NOT_APPLICABLE,,VERIFIED,UNRESOLVED,,460842,UNRESOLVED,,no existing verified Player Research closure
player_season/3858,player_season,2025-26,,445044,,,NOT_APPLICABLE,,NOT_APPLICABLE,,NOT_APPLICABLE,,VERIFIED,UNRESOLVED,,445044,UNRESOLVED,,no existing verified Player Research closure
player_season/3859,player_season,2025-26,,232787,,,NOT_APPLICABLE,,NOT_APPLICABLE,,NOT_APPLICABLE,,VERIFIED,UNRESOLVED,,232787,UNRESOLVED,,no existing verified Player Research closure
player_season/3860,player_season,2025-26,,482442,,,NOT_APPLICABLE,,NOT_APPLICABLE,,NOT_APPLICABLE,,VERIFIED,UNRESOLVED,,482442,UNRESOLVED,,no existing verified Player Research closure
player_season/3861,player_season,2025-26,,202993,,,NOT_APPLICABLE,,NOT_APPLICABLE,,NOT_APPLICABLE,,VERIFIED,UNRESOLVED,,202993,UNRESOLVED,,no existing verified Player Research closure
player_season/3862,player_season,2025-26,,499726,,,NOT_APPLICABLE,,NOT_APPLICABLE,,NOT_APPLICABLE,,VERIFIED,UNRESOLVED,,499726,UNRESOLVED,,no existing verified Player Research closure
player_season/3863,player_season,2025-26,,536134,,,NOT_APPLICABLE,,NOT_APPLICABLE,,NOT_APPLICABLE,,VERIFIED,UNRESOLVED,,536134,UNRESOLVED,,no existing verified Player Research closure
player_season/3864,player_season,2025-26,,611917,,,NOT_APPLICABLE,,NOT_APPLICABLE,,NOT_APPLICABLE,,VERIFIED,UNRESOLVED,,611917,UNRESOLVED,,no existing verified Player Research closure
player_season/3865,player_season,2025-26,,680832,,,NOT_APPLICABLE,,NOT_APPLICABLE,,NOT_APPLICABLE,,VERIFIED,UNRESOLVED,,680832,UNRESOLVED,,no existing verified Player Research closure
player_season/3866,player_season,2025-26,,212319,,,NOT_APPLICABLE,,NOT_APPLICABLE,,NOT_APPLICABLE,,VERIFIED,UNRESOLVED,,212319,UNRESOLVED,,no existing verified Player Research closure
player_season/3867,player_season,2025-26,,511499,,,NOT_APPLICABLE,,NOT_APPLICABLE,,NOT_APPLICABLE,,VERIFIED,UNRESOLVED,,511499,UNRESOLVED,,no existing verified Player Research closure
player_season/3868,player_season,2025-26,,154566,,,NOT_APPLICABLE,,NOT_APPLICABLE,,NOT_APPLICABLE,,VERIFIED,UNRESOLVED,,154566,UNRESOLVED,,no existing verified Player Research closure
player_season/3869,player_season,2025-26,,550839,,,NOT_APPLICABLE,,NOT_APPLICABLE,,NOT_APPLICABLE,,VERIFIED,UNRESOLVED,,550839,UNRESOLVED,,no existing verified Player Research closure
player_season/3870,player_season,2025-26,,247693,,,NOT_APPLICABLE,,NOT_APPLICABLE,,NOT_APPLICABLE,,VERIFIED,UNRESOLVED,,247693,UNRESOLVED,,no existing verified Player Research closure
player_season/3871,player_season,2025-26,,647429,,,NOT_APPLICABLE,,NOT_APPLICABLE,,NOT_APPLICABLE,,VERIFIED,UNRESOLVED,,647429,UNRESOLVED,,no existing verified Player Research closure
player_season/3872,player_season,2025-26,,613232,,,NOT_APPLICABLE,,NOT_APPLICABLE,,NOT_APPLICABLE,,VERIFIED,UNRESOLVED,,613232,UNRESOLVED,,no existing verified Player Research closure
player_season/3873,player_season,2025-26,,74854,,,NOT_APPLICABLE,,NOT_APPLICABLE,,NOT_APPLICABLE,,VERIFIED,UNRESOLVED,,74854,UNRESOLVED,,no existing verified Player Research closure
player_season/3874,player_season,2025-26,,498016,,,NOT_APPLICABLE,,NOT_APPLICABLE,,NOT_APPLICABLE,,VERIFIED,UNRESOLVED,,498016,UNRESOLVED,,no existing verified Player Research closure
player_season/3875,player_season,2025-26,,515046,,,NOT_APPLICABLE,,NOT_APPLICABLE,,NOT_APPLICABLE,,VERIFIED,UNRESOLVED,,515046,UNRESOLVED,,no existing verified Player Research closure
player_season/3876,player_season,2025-26,,461195,,,NOT_APPLICABLE,,NOT_APPLICABLE,,NOT_APPLICABLE,,VERIFIED,UNRESOLVED,,461195,UNRESOLVED,,no existing verified Player Research closure
player_season/3877,player_season,2025-26,,223827,,,NOT_APPLICABLE,,NOT_APPLICABLE,,NOT_APPLICABLE,,VERIFIED,UNRESOLVED,,223827,UNRESOLVED,,no existing verified Player Research closure
player_season/3878,player_season,2025-26,,247955,,,NOT_APPLICABLE,,NOT_APPLICABLE,,NOT_APPLICABLE,,VERIFIED,UNRESOLVED,,247955,UNRESOLVED,,no existing verified Player Research closure
player_season/3879,player_season,2025-26,,201895,,,NOT_APPLICABLE,,NOT_APPLICABLE,,NOT_APPLICABLE,,VERIFIED,UNRESOLVED,,201895,UNRESOLVED,,no existing verified Player Research closure
player_season/3880,player_season,2025-26,,434399,,,NOT_APPLICABLE,,NOT_APPLICABLE,,NOT_APPLICABLE,,VERIFIED,UNRESOLVED,,434399,UNRESOLVED,,no existing verified Player Research closure
player_season/3881,player_season,2025-26,,200834,,,NOT_APPLICABLE,,NOT_APPLICABLE,,NOT_APPLICABLE,,VERIFIED,UNRESOLVED,,200834,UNRESOLVED,,no existing verified Player Research closure
player_season/3882,player_season,2025-26,,487676,,,NOT_APPLICABLE,,NOT_APPLICABLE,,NOT_APPLICABLE,,VERIFIED,UNRESOLVED,,487676,UNRESOLVED,,no existing verified Player Research closure
player_season/3883,player_season,2025-26,,514613,,,NOT_APPLICABLE,,NOT_APPLICABLE,,NOT_APPLICABLE,,VERIFIED,UNRESOLVED,,514613,UNRESOLVED,,no existing verified Player Research closure
player_season/3884,player_season,2025-26,,232356,,,NOT_APPLICABLE,,NOT_APPLICABLE,,NOT_APPLICABLE,,VERIFIED,UNRESOLVED,,232356,UNRESOLVED,,no existing verified Player Research closure
player_season/3885,player_season,2025-26,,223336,,,NOT_APPLICABLE,,NOT_APPLICABLE,,NOT_APPLICABLE,,VERIFIED,UNRESOLVED,,223336,UNRESOLVED,,no existing verified Player Research closure
player_season/3886,player_season,2025-26,,554197,,,NOT_APPLICABLE,,NOT_APPLICABLE,,NOT_APPLICABLE,,VERIFIED,UNRESOLVED,,554197,UNRESOLVED,,no existing verified Player Research closure
player_season/3887,player_season,2025-26,,167512,,,NOT_APPLICABLE,,NOT_APPLICABLE,,NOT_APPLICABLE,,VERIFIED,UNRESOLVED,,167512,UNRESOLVED,,no existing verified Player Research closure
player_season/3888,player_season,2025-26,,547027,,,NOT_APPLICABLE,,NOT_APPLICABLE,,NOT_APPLICABLE,,VERIFIED,UNRESOLVED,,547027,UNRESOLVED,,no existing verified Player Research closure
player_season/3889,player_season,2025-26,,577669,,,NOT_APPLICABLE,,NOT_APPLICABLE,,NOT_APPLICABLE,,VERIFIED,UNRESOLVED,,577669,UNRESOLVED,,no existing verified Player Research closure
player_season/3890,player_season,2025-26,,484420,,,NOT_APPLICABLE,,NOT_APPLICABLE,,NOT_APPLICABLE,,VERIFIED,UNRESOLVED,,484420,UNRESOLVED,,no existing verified Player Research closure
player_season/3891,player_season,2025-26,,626844,,,NOT_APPLICABLE,,NOT_APPLICABLE,,NOT_APPLICABLE,,VERIFIED,UNRESOLVED,,626844,UNRESOLVED,,no existing verified Player Research closure
player_season/3892,player_season,2025-26,,84450,,,NOT_APPLICABLE,,NOT_APPLICABLE,,NOT_APPLICABLE,,VERIFIED,UNRESOLVED,,84450,UNRESOLVED,,no existing verified Player Research closure
player_season/3893,player_season,2025-26,,477851,,,NOT_APPLICABLE,,NOT_APPLICABLE,,NOT_APPLICABLE,,VERIFIED,UNRESOLVED,,477851,UNRESOLVED,,no existing verified Player Research closure
player_season/3894,player_season,2025-26,,547410,,,NOT_APPLICABLE,,NOT_APPLICABLE,,NOT_APPLICABLE,,VERIFIED,VERIFIED,research:martin ødegaard,547410,UNRESOLVED,,verified registry closure via existing Player Research identity
player_season/3895,player_season,2025-26,,571087,,,NOT_APPLICABLE,,NOT_APPLICABLE,,NOT_APPLICABLE,,VERIFIED,UNRESOLVED,,571087,UNRESOLVED,,no existing verified Player Research closure
player_season/3896,player_season,2025-26,,570929,,,NOT_APPLICABLE,,NOT_APPLICABLE,,NOT_APPLICABLE,,VERIFIED,UNRESOLVED,,570929,UNRESOLVED,,no existing verified Player Research closure
player_season/3897,player_season,2025-26,,549912,,,NOT_APPLICABLE,,NOT_APPLICABLE,,NOT_APPLICABLE,,VERIFIED,UNRESOLVED,,549912,UNRESOLVED,,no existing verified Player Research closure
player_season/3898,player_season,2025-26,,441264,,,NOT_APPLICABLE,,NOT_APPLICABLE,,NOT_APPLICABLE,,VERIFIED,UNRESOLVED,,441264,UNRESOLVED,,no existing verified Player Research closure
player_season/3899,player_season,2025-26,,536661,,,NOT_APPLICABLE,,NOT_APPLICABLE,,NOT_APPLICABLE,,VERIFIED,UNRESOLVED,,536661,UNRESOLVED,,no existing verified Player Research closure
player_season/3900,player_season,2025-26,,564406,,,NOT_APPLICABLE,,NOT_APPLICABLE,,NOT_APPLICABLE,,VERIFIED,UNRESOLVED,,564406,UNRESOLVED,,no existing verified Player Research closure
player_season/3901,player_season,2025-26,,461199,,,NOT_APPLICABLE,,NOT_APPLICABLE,,NOT_APPLICABLE,,VERIFIED,UNRESOLVED,,461199,UNRESOLVED,,no existing verified Player Research closure
player_season/3902,player_season,2025-26,,437505,,,NOT_APPLICABLE,,NOT_APPLICABLE,,NOT_APPLICABLE,,VERIFIED,UNRESOLVED,,437505,UNRESOLVED,,no existing verified Player Research closure
player_season/3903,player_season,2025-26,,110504,,,NOT_APPLICABLE,,NOT_APPLICABLE,,NOT_APPLICABLE,,VERIFIED,UNRESOLVED,,110504,UNRESOLVED,,no existing verified Player Research closure
player_season/3904,player_season,2025-26,,611975,,,NOT_APPLICABLE,,NOT_APPLICABLE,,NOT_APPLICABLE,,VERIFIED,UNRESOLVED,,611975,UNRESOLVED,,no existing verified Player Research closure
player_season/3905,player_season,2025-26,,699989,,,NOT_APPLICABLE,,NOT_APPLICABLE,,NOT_APPLICABLE,,VERIFIED,UNRESOLVED,,699989,UNRESOLVED,,no existing verified Player Research closure
player_season/3906,player_season,2025-26,,610818,,,NOT_APPLICABLE,,NOT_APPLICABLE,,NOT_APPLICABLE,,VERIFIED,UNRESOLVED,,610818,UNRESOLVED,,no existing verified Player Research closure
player_season/3907,player_season,2025-26,,467189,,,NOT_APPLICABLE,,NOT_APPLICABLE,,NOT_APPLICABLE,,VERIFIED,UNRESOLVED,,467189,UNRESOLVED,,no existing verified Player Research closure
player_season/3908,player_season,2025-26,,37096,,,NOT_APPLICABLE,,NOT_APPLICABLE,,NOT_APPLICABLE,,VERIFIED,UNRESOLVED,,37096,UNRESOLVED,,no existing verified Player Research closure
player_season/3909,player_season,2025-26,,84182,,,NOT_APPLICABLE,,NOT_APPLICABLE,,NOT_APPLICABLE,,VERIFIED,UNRESOLVED,,84182,UNRESOLVED,,no existing verified Player Research closure
player_season/3910,player_season,2025-26,,553742,,,NOT_APPLICABLE,,NOT_APPLICABLE,,NOT_APPLICABLE,,VERIFIED,UNRESOLVED,,553742,UNRESOLVED,,no existing verified Player Research closure
player_season/3911,player_season,2025-26,,158534,,,NOT_APPLICABLE,,NOT_APPLICABLE,,NOT_APPLICABLE,,VERIFIED,UNRESOLVED,,158534,UNRESOLVED,,no existing verified Player Research closure
player_season/3912,player_season,2025-26,,214048,,,NOT_APPLICABLE,,NOT_APPLICABLE,,NOT_APPLICABLE,,VERIFIED,UNRESOLVED,,214048,UNRESOLVED,,no existing verified Player Research closure
player_season/3913,player_season,2025-26,,220362,,,NOT_APPLICABLE,,NOT_APPLICABLE,,NOT_APPLICABLE,,VERIFIED,UNRESOLVED,,220362,UNRESOLVED,,no existing verified Player Research closure
player_season/3914,player_season,2025-26,,613804,,,NOT_APPLICABLE,,NOT_APPLICABLE,,NOT_APPLICABLE,,VERIFIED,UNRESOLVED,,613804,UNRESOLVED,,no existing verified Player Research closure
player_season/3915,player_season,2025-26,,233963,,,NOT_APPLICABLE,,NOT_APPLICABLE,,NOT_APPLICABLE,,VERIFIED,UNRESOLVED,,233963,UNRESOLVED,,no existing verified Player Research closure
player_season/3916,player_season,2025-26,,462116,,,NOT_APPLICABLE,,NOT_APPLICABLE,,NOT_APPLICABLE,,VERIFIED,UNRESOLVED,,462116,UNRESOLVED,,no existing verified Player Research closure
player_season/3917,player_season,2025-26,,214590,,,NOT_APPLICABLE,,NOT_APPLICABLE,,NOT_APPLICABLE,,VERIFIED,UNRESOLVED,,214590,UNRESOLVED,,no existing verified Player Research closure
player_season/3918,player_season,2025-26,,536109,,,NOT_APPLICABLE,,NOT_APPLICABLE,,NOT_APPLICABLE,,VERIFIED,UNRESOLVED,,536109,UNRESOLVED,,no existing verified Player Research closure
player_season/3919,player_season,2025-26,,643473,,,NOT_APPLICABLE,,NOT_APPLICABLE,,NOT_APPLICABLE,,VERIFIED,UNRESOLVED,,643473,UNRESOLVED,,no existing verified Player Research closure
player_season/3920,player_season,2025-26,,602903,,,NOT_APPLICABLE,,NOT_APPLICABLE,,NOT_APPLICABLE,,VERIFIED,UNRESOLVED,,602903,UNRESOLVED,,no existing verified Player Research closure
player_season/3921,player_season,2025-26,,551226,,,NOT_APPLICABLE,,NOT_APPLICABLE,,NOT_APPLICABLE,,VERIFIED,UNRESOLVED,,551226,UNRESOLVED,,no existing verified Player Research closure
player_season/3922,player_season,2025-26,,572702,,,NOT_APPLICABLE,,NOT_APPLICABLE,,NOT_APPLICABLE,,VERIFIED,UNRESOLVED,,572702,UNRESOLVED,,no existing verified Player Research closure
player_season/3923,player_season,2025-26,,564940,,,NOT_APPLICABLE,,NOT_APPLICABLE,,NOT_APPLICABLE,,VERIFIED,UNRESOLVED,,564940,UNRESOLVED,,no existing verified Player Research closure
player_season/3924,player_season,2025-26,,215439,,,NOT_APPLICABLE,,NOT_APPLICABLE,,NOT_APPLICABLE,,VERIFIED,UNRESOLVED,,215439,UNRESOLVED,,no existing verified Player Research closure
player_season/3925,player_season,2025-26,,490142,,,NOT_APPLICABLE,,NOT_APPLICABLE,,NOT_APPLICABLE,,VERIFIED,UNRESOLVED,,490142,UNRESOLVED,,no existing verified Player Research closure
player_season/3926,player_season,2025-26,,630699,,,NOT_APPLICABLE,,NOT_APPLICABLE,,NOT_APPLICABLE,,VERIFIED,UNRESOLVED,,630699,UNRESOLVED,,no existing verified Player Research closure
player_season/3927,player_season,2025-26,,518442,,,NOT_APPLICABLE,,NOT_APPLICABLE,,NOT_APPLICABLE,,VERIFIED,UNRESOLVED,,518442,UNRESOLVED,,no existing verified Player Research closure
player_season/3928,player_season,2025-26,,450070,,,NOT_APPLICABLE,,NOT_APPLICABLE,,NOT_APPLICABLE,,VERIFIED,UNRESOLVED,,450070,UNRESOLVED,,no existing verified Player Research closure
player_season/3929,player_season,2025-26,,75115,,,NOT_APPLICABLE,,NOT_APPLICABLE,,NOT_APPLICABLE,,VERIFIED,UNRESOLVED,,75115,UNRESOLVED,,no existing verified Player Research closure
player_season/3930,player_season,2025-26,,247670,,,NOT_APPLICABLE,,NOT_APPLICABLE,,NOT_APPLICABLE,,VERIFIED,UNRESOLVED,,247670,UNRESOLVED,,no existing verified Player Research closure
player_season/3931,player_season,2025-26,,159533,,,NOT_APPLICABLE,,NOT_APPLICABLE,,NOT_APPLICABLE,,VERIFIED,UNRESOLVED,,159533,UNRESOLVED,,no existing verified Player Research closure
player_season/3932,player_season,2025-26,,530335,,,NOT_APPLICABLE,,NOT_APPLICABLE,,NOT_APPLICABLE,,VERIFIED,UNRESOLVED,,530335,UNRESOLVED,,no existing verified Player Research closure
player_season/3933,player_season,2025-26,,178186,,,NOT_APPLICABLE,,NOT_APPLICABLE,,NOT_APPLICABLE,,VERIFIED,UNRESOLVED,,178186,UNRESOLVED,,no existing verified Player Research closure
player_season/3934,player_season,2025-26,,616957,,,NOT_APPLICABLE,,NOT_APPLICABLE,,NOT_APPLICABLE,,VERIFIED,UNRESOLVED,,616957,UNRESOLVED,,no existing verified Player Research closure
player_season/3935,player_season,2025-26,,149065,,,NOT_APPLICABLE,,NOT_APPLICABLE,,NOT_APPLICABLE,,VERIFIED,UNRESOLVED,,149065,UNRESOLVED,,no existing verified Player Research closure
player_season/3936,player_season,2025-26,,79602,,,NOT_APPLICABLE,,NOT_APPLICABLE,,NOT_APPLICABLE,,VERIFIED,UNRESOLVED,,79602,UNRESOLVED,,no existing verified Player Research closure
player_season/3937,player_season,2025-26,,101982,,,NOT_APPLICABLE,,NOT_APPLICABLE,,NOT_APPLICABLE,,VERIFIED,UNRESOLVED,,101982,UNRESOLVED,,no existing verified Player Research closure
player_season/3938,player_season,2025-26,,491460,,,NOT_APPLICABLE,,NOT_APPLICABLE,,NOT_APPLICABLE,,VERIFIED,UNRESOLVED,,491460,UNRESOLVED,,no existing verified Player Research closure
player_season/3939,player_season,2025-26,,627888,,,NOT_APPLICABLE,,NOT_APPLICABLE,,NOT_APPLICABLE,,VERIFIED,UNRESOLVED,,627888,UNRESOLVED,,no existing verified Player Research closure
player_season/3940,player_season,2025-26,,87835,,,NOT_APPLICABLE,,NOT_APPLICABLE,,NOT_APPLICABLE,,VERIFIED,UNRESOLVED,,87835,UNRESOLVED,,no existing verified Player Research closure
player_season/3941,player_season,2025-26,,490721,,,NOT_APPLICABLE,,NOT_APPLICABLE,,NOT_APPLICABLE,,VERIFIED,UNRESOLVED,,490721,UNRESOLVED,,no existing verified Player Research closure
player_season/3942,player_season,2025-26,,231480,,,NOT_APPLICABLE,,NOT_APPLICABLE,,NOT_APPLICABLE,,VERIFIED,UNRESOLVED,,231480,UNRESOLVED,,no existing verified Player Research closure
player_season/3943,player_season,2025-26,,497949,,,NOT_APPLICABLE,,NOT_APPLICABLE,,NOT_APPLICABLE,,VERIFIED,UNRESOLVED,,497949,UNRESOLVED,,no existing verified Player Research closure
player_season/3944,player_season,2025-26,,501837,,,NOT_APPLICABLE,,NOT_APPLICABLE,,NOT_APPLICABLE,,VERIFIED,UNRESOLVED,,501837,UNRESOLVED,,no existing verified Player Research closure
player_season/3945,player_season,2025-26,,641221,,,NOT_APPLICABLE,,NOT_APPLICABLE,,NOT_APPLICABLE,,VERIFIED,UNRESOLVED,,641221,UNRESOLVED,,no existing verified Player Research closure
player_season/3946,player_season,2025-26,,483081,,,NOT_APPLICABLE,,NOT_APPLICABLE,,NOT_APPLICABLE,,VERIFIED,UNRESOLVED,,483081,UNRESOLVED,,no existing verified Player Research closure
player_season/3947,player_season,2025-26,,510362,,,NOT_APPLICABLE,,NOT_APPLICABLE,,NOT_APPLICABLE,,VERIFIED,UNRESOLVED,,510362,UNRESOLVED,,no existing verified Player Research closure
player_season/3948,player_season,2025-26,,431248,,,NOT_APPLICABLE,,NOT_APPLICABLE,,NOT_APPLICABLE,,VERIFIED,UNRESOLVED,,431248,UNRESOLVED,,no existing verified Player Research closure
player_season/3949,player_season,2025-26,,523705,,,NOT_APPLICABLE,,NOT_APPLICABLE,,NOT_APPLICABLE,,VERIFIED,UNRESOLVED,,523705,UNRESOLVED,,no existing verified Player Research closure
player_season/3950,player_season,2025-26,,601956,,,NOT_APPLICABLE,,NOT_APPLICABLE,,NOT_APPLICABLE,,VERIFIED,UNRESOLVED,,601956,UNRESOLVED,,no existing verified Player Research closure
player_season/3951,player_season,2025-26,,509291,,,NOT_APPLICABLE,,NOT_APPLICABLE,,NOT_APPLICABLE,,VERIFIED,UNRESOLVED,,509291,UNRESOLVED,,no existing verified Player Research closure
player_season/3952,player_season,2025-26,,448089,,,NOT_APPLICABLE,,NOT_APPLICABLE,,NOT_APPLICABLE,,VERIFIED,UNRESOLVED,,448089,UNRESOLVED,,no existing verified Player Research closure
player_season/3953,player_season,2025-26,,231057,,,NOT_APPLICABLE,,NOT_APPLICABLE,,NOT_APPLICABLE,,VERIFIED,UNRESOLVED,,231057,UNRESOLVED,,no existing verified Player Research closure
player_season/3954,player_season,2025-26,,209041,,,NOT_APPLICABLE,,NOT_APPLICABLE,,NOT_APPLICABLE,,VERIFIED,UNRESOLVED,,209041,UNRESOLVED,,no existing verified Player Research closure
player_season/3955,player_season,2025-26,,685628,,,NOT_APPLICABLE,,NOT_APPLICABLE,,NOT_APPLICABLE,,VERIFIED,UNRESOLVED,,685628,UNRESOLVED,,no existing verified Player Research closure
player_season/3956,player_season,2025-26,,589121,,,NOT_APPLICABLE,,NOT_APPLICABLE,,NOT_APPLICABLE,,VERIFIED,UNRESOLVED,,589121,UNRESOLVED,,no existing verified Player Research closure
player_season/3957,player_season,2025-26,,605319,,,NOT_APPLICABLE,,NOT_APPLICABLE,,NOT_APPLICABLE,,VERIFIED,UNRESOLVED,,605319,UNRESOLVED,,no existing verified Player Research closure
player_season/3958,player_season,2025-26,,155511,,,NOT_APPLICABLE,,NOT_APPLICABLE,,NOT_APPLICABLE,,VERIFIED,UNRESOLVED,,155511,UNRESOLVED,,no existing verified Player Research closure
player_season/3959,player_season,2025-26,,184754,,,NOT_APPLICABLE,,NOT_APPLICABLE,,NOT_APPLICABLE,,VERIFIED,UNRESOLVED,,184754,UNRESOLVED,,no existing verified Player Research closure
player_season/3960,player_season,2025-26,,488213,,,NOT_APPLICABLE,,NOT_APPLICABLE,,NOT_APPLICABLE,,VERIFIED,UNRESOLVED,,488213,UNRESOLVED,,no existing verified Player Research closure
player_season/3961,player_season,2025-26,,593001,,,NOT_APPLICABLE,,NOT_APPLICABLE,,NOT_APPLICABLE,,VERIFIED,UNRESOLVED,,593001,UNRESOLVED,,no existing verified Player Research closure
player_season/3962,player_season,2025-26,,647671,,,NOT_APPLICABLE,,NOT_APPLICABLE,,NOT_APPLICABLE,,VERIFIED,UNRESOLVED,,647671,UNRESOLVED,,no existing verified Player Research closure
player_season/3963,player_season,2025-26,,596054,,,NOT_APPLICABLE,,NOT_APPLICABLE,,NOT_APPLICABLE,,VERIFIED,UNRESOLVED,,596054,UNRESOLVED,,no existing verified Player Research closure
