frl_season,frl_fixture_id,frl_fpl_fixture_key,frl_fpl_player_key,frl_fpl_gameweek,frl_player_identity_key,frl_player_identity_status,frl_player_identity_route,frl_team_id,frl_opponent_team_id,frl_was_home,frl_fixture_relationship_status,frl_team_relationship_status,frl_observation_status,frl_participation_status,source_release_sha,source_repository,source_path,source_sha256,source_retrieved_at,source_element,source_position,source_player_code,source_first_name,source_second_name,source_fixture_code,source_total_points,source_modified,source_minutes,source_goals_scored,source_assists,source_clean_sheets,source_goals_conceded,source_own_goals,source_penalties_saved,source_penalties_missed,source_yellow_cards,source_red_cards,source_saves,source_bonus,source_bps,source_influence,source_creativity,source_threat,source_ict_index,source_clearances_blocks_interceptions,source_recoveries,source_tackles,source_defensive_contribution,source_starts,source_expected_goals,source_expected_assists,source_expected_goal_involvements,source_expected_goals_conceded,source_value,source_transfers_balance,source_selected,source_transfers_in,source_transfers_out,source_team_code
2026-27,1,1,1,1,player_match:581310,SOURCE_NATIVE_VERIFIED,FPL_PLAYER_CODE_TO_PLAYER_MATCH_PL_CODE_TO_SOURCE_NATIVE_PLAYER,3,9,true,VERIFIED,VERIFIED,OBSERVED,STARTED,1ec7f0dc79055902251cd938650f622b0e79f3cc,https://github.com/imadeddine-belkat/Premier-League-Stats.git,_merged/players/2026-27_all_players_gw.csv,a1c7a4a79f9505c517dfb17db8dd7d6aed653bde289d3d6587b17c0bc5c25de8,2026-08-31T13:26:12Z,1,GKP,154561,David,Raya Martín,2645195,6,False,90,0,0,1,0,0,0,0,0,0,1,0,24,11.8,0.0,0.0,1.2,1,8,0,0,1,0.00,0.00,0.00,0.20,60,0,3347153,0,0,3
2026-27,1,1,2,1,player_match:232422,VERIFIED,FPL_PLAYER_CODE_TO_PLAYER_MATCH_PL_CODE_TO_REGISTERED_SOURCE_PLAYER_ID,3,9,true,VERIFIED,VERIFIED,OBSERVED,REGISTERED_ZERO_MINUTES,1ec7f0dc79055902251cd938650f622b0e79f3cc,https://github.com/imadeddine-belkat/Premier-League-Stats.git,_merged/players/2026-27_all_players_gw.csv,a1c7a4a79f9505c517dfb17db8dd7d6aed653bde289d3d6587b17c0bc5c25de8,2026-08-31T13:26:12Z,2,GKP,109745,Kepa,Arrizabalaga Revuelta,2645195,0,False,0,0,0,0,0,0,0,0,0,0,0,0,0,0.0,0.0,0.0,0.0,0,0,0,0,0,0.00,0.00,0.00,0.00,50,0,7415,0,0,3
2026-27,1,1,3,1,player_match:906076,VERIFIED,FPL_PLAYER_CODE_TO_PLAYER_MATCH_PL_CODE_TO_REGISTERED_SOURCE_PLAYER_ID,3,9,true,VERIFIED,VERIFIED,OBSERVED,REGISTERED_ZERO_MINUTES,1ec7f0dc79055902251cd938650f622b0e79f3cc,https://github.com/imadeddine-belkat/Premier-League-Stats.git,_merged/players/2026-27_all_players_gw.csv,a1c7a4a79f9505c517dfb17db8dd7d6aed653bde289d3d6587b17c0bc5c25de8,2026-08-31T13:26:12Z,3,GKP,437495,Illan,Meslier,2645195,0,False,0,0,0,0,0,0,0,0,0,0,0,0,0,0.0,0.0,0.0,0.0,0,0,0,0,0,0.00,0.00,0.00,0.00,50,0,2971,0,0,3
2026-27,1,1,4,1,player_match:869792,VERIFIED,FPL_PLAYER_CODE_TO_PLAYER_MATCH_PL_CODE_TO_REGISTERED_SOURCE_PLAYER_ID,3,9,true,VERIFIED,VERIFIED,OBSERVED,STARTED,1ec7f0dc79055902251cd938650f622b0e79f3cc,https://github.com/imadeddine-belkat/Premier-League-Stats.git,_merged/players/2026-27_all_players_gw.csv,a1c7a4a79f9505c517dfb17db8dd7d6aed653bde289d3d6587b17c0bc5c25de8,2026-08-31T13:26:12Z,4,DEF,226597,Gabriel,dos Santos Magalhães,2645195,5,False,90,0,0,1,0,0,0,0,1,0,0,0,21,6.6,1.8,1.0,0.9,4,2,0,4,1,0.05,0.01,0.06,0.20,80,0,2647984,0,0,3
2026-27,1,1,5,1,player_match:958959,VERIFIED,FPL_PLAYER_CODE_TO_PLAYER_MATCH_PL_CODE_TO_REGISTERED_SOURCE_PLAYER_ID,3,9,true,VERIFIED,VERIFIED,OBSERVED,REGISTERED_ZERO_MINUTES,1ec7f0dc79055902251cd938650f622b0e79f3cc,https://github.com/imadeddine-belkat/Premier-League-Stats.git,_merged/players/2026-27_all_players_gw.csv,a1c7a4a79f9505c517dfb17db8dd7d6aed653bde289d3d6587b17c0bc5c25de8,2026-08-31T13:26:12Z,5,DEF,445122,Jurriën,Timber,2645195,0,False,0,0,0,0,0,0,0,0,0,0,0,0,0,0.0,0.0,0.0,0.0,0,0,0,0,0,0.00,0.00,0.00,0.00,65,0,11200,0,0,3
2026-27,1,1,6,1,player_match:941168,VERIFIED,FPL_PLAYER_CODE_TO_PLAYER_MATCH_PL_CODE_TO_REGISTERED_SOURCE_PLAYER_ID,3,9,true,VERIFIED,VERIFIED,OBSERVED,REGISTERED_ZERO_MINUTES,1ec7f0dc79055902251cd938650f622b0e79f3cc,https://github.com/imadeddine-belkat/Premier-League-Stats.git,_merged/players/2026-27_all_players_gw.csv,a1c7a4a79f9505c517dfb17db8dd7d6aed653bde289d3d6587b17c0bc5c25de8,2026-08-31T13:26:12Z,6,DEF,462424,William,Saliba,2645195,0,False,0,0,0,0,0,0,0,0,0,0,0,0,0,0.0,0.0,0.0,0.0,0,0,0,0,0,0.00,0.00,0.00,0.00,60,0,26559,0,0,3
2026-27,1,1,7,1,player_match:1423711,VERIFIED,FPL_PLAYER_CODE_TO_PLAYER_MATCH_PL_CODE_TO_REGISTERED_SOURCE_PLAYER_ID,3,9,true,VERIFIED,VERIFIED,OBSERVED,STARTED,1ec7f0dc79055902251cd938650f622b0e79f3cc,https://github.com/imadeddine-belkat/Premier-League-Stats.git,_merged/players/2026-27_all_players_gw.csv,a1c7a4a79f9505c517dfb17db8dd7d6aed653bde289d3d6587b17c0bc5c25de8,2026-08-31T13:26:12Z,7,MID,499169,Myles,Lewis-Skelly,2645195,3,False,90,0,0,1,0,0,0,0,0,0,0,0,15,11.0,22.9,7.0,4.1,1,5,1,7,1,0.06,0.11,0.17,0.20,55,0,55656,0,0,3
2026-27,1,1,8,1,player_match:957602,VERIFIED,FPL_PLAYER_CODE_TO_PLAYER_MATCH_PL_CODE_TO_REGISTERED_SOURCE_PLAYER_ID,3,9,true,VERIFIED,VERIFIED,OBSERVED,STARTED,1ec7f0dc79055902251cd938650f622b0e79f3cc,https://github.com/imadeddine-belkat/Premier-League-Stats.git,_merged/players/2026-27_all_players_gw.csv,a1c7a4a79f9505c517dfb17db8dd7d6aed653bde289d3d6587b17c0bc5c25de8,2026-08-31T13:26:12Z,8,DEF,466075,Riccardo,Calafiori,2645195,9,False,80,0,1,1,0,0,0,0,0,0,0,0,31,26.0,12.2,4.0,4.2,4,1,1,5,1,0.04,0.09,0.13,0.06,55,0,3542684,0,0,3
2026-27,1,1,9,1,player_match:1002837,VERIFIED,FPL_PLAYER_CODE_TO_PLAYER_MATCH_PL_CODE_TO_REGISTERED_SOURCE_PLAYER_ID,3,9,true,VERIFIED,VERIFIED,OBSERVED,SUBSTITUTE_APPEARANCE,1ec7f0dc79055902251cd938650f622b0e79f3cc,https://github.com/imadeddine-belkat/Premier-League-Stats.git,_merged/players/2026-27_all_players_gw.csv,a1c7a4a79f9505c517dfb17db8dd7d6aed653bde289d3d6587b17c0bc5c25de8,2026-08-31T13:26:12Z,9,DEF,448104,Piero,Hincapié,2645195,1,False,9,0,0,0,0,0,0,0,0,0,0,0,3,0.4,0.5,0.0,0.1,0,0,0,0,0,0.00,0.00,0.00,0.15,55,0,165924,0,0,3
2026-27,1,1,10,1,player_match:846036,SOURCE_NATIVE_VERIFIED,FPL_PLAYER_CODE_TO_PLAYER_MATCH_PL_CODE_TO_SOURCE_NATIVE_PLAYER,3,9,true,VERIFIED,VERIFIED,OBSERVED,STARTED,1ec7f0dc79055902251cd938650f622b0e79f3cc,https://github.com/imadeddine-belkat/Premier-League-Stats.git,_merged/players/2026-27_all_players_gw.csv,a1c7a4a79f9505c517dfb17db8dd7d6aed653bde289d3d6587b17c0bc5c25de8,2026-08-31T13:26:12Z,10,DEF,198869,Benjamin,White,2645195,11,False,90,0,1,1,0,0,0,0,0,0,0,2,37,33.2,26.8,13.0,7.3,4,3,1,5,1,0.18,0.21,0.39,0.20,55,0,401419,0,0,3
2026-27,1,1,11,1,player_match:1144630,VERIFIED,FPL_PLAYER_CODE_TO_PLAYER_MATCH_PL_CODE_TO_REGISTERED_SOURCE_PLAYER_ID,3,9,true,VERIFIED,VERIFIED,OBSERVED,STARTED,1ec7f0dc79055902251cd938650f622b0e79f3cc,https://github.com/imadeddine-belkat/Premier-League-Stats.git,_merged/players/2026-27_all_players_gw.csv,a1c7a4a79f9505c517dfb17db8dd7d6aed653bde289d3d6587b17c0bc5c25de8,2026-08-31T13:26:12Z,11,DEF,500040,Cristhian,Mosquera,2645195,6,False,90,0,0,1,0,0,0,0,0,0,0,0,27,14.4,0.6,0.0,1.5,6,3,0,6,1,0.00,0.00,0.00,0.20,55,0,571606,0,0,3
2026-27,1,1,12,1,player_match:934235,VERIFIED,FPL_PLAYER_CODE_TO_PLAYER_MATCH_PL_CODE_TO_REGISTERED_SOURCE_PLAYER_ID,3,9,true,VERIFIED,VERIFIED,OBSERVED,STARTED,1ec7f0dc79055902251cd938650f622b0e79f3cc,https://github.com/imadeddine-belkat/Premier-League-Stats.git,_merged/players/2026-27_all_players_gw.csv,a1c7a4a79f9505c517dfb17db8dd7d6aed653bde289d3d6587b17c0bc5c25de8,2026-08-31T13:26:12Z,12,MID,223340,Bukayo,Saka,2645195,9,False,67,1,0,1,0,0,0,0,0,0,0,1,36,42.8,26.1,33.0,10.2,2,4,1,7,1,0.64,0.08,0.72,0.06,95,0,819914,0,0,3
2026-27,1,1,13,1,player_match:856714,VERIFIED,FPL_PLAYER_CODE_TO_PLAYER_MATCH_PL_CODE_TO_REGISTERED_SOURCE_PLAYER_ID,3,9,true,VERIFIED,VERIFIED,OBSERVED,STARTED,1ec7f0dc79055902251cd938650f622b0e79f3cc,https://github.com/imadeddine-belkat/Premier-League-Stats.git,_merged/players/2026-27_all_players_gw.csv,a1c7a4a79f9505c517dfb17db8dd7d6aed653bde289d3d6587b17c0bc5c25de8,2026-08-31T13:26:12Z,13,MID,204480,Declan,Rice,2645195,3,False,67,0,0,1,0,0,0,0,0,0,0,0,10,6.8,6.4,2.0,1.5,3,3,0,6,1,0.07,0.08,0.15,0.06,75,0,1604406,0,0,3
2026-27,1,1,14,1,player_match:864921,VERIFIED,FPL_PLAYER_CODE_TO_PLAYER_MATCH_PL_CODE_TO_REGISTERED_SOURCE_PLAYER_ID,3,9,true,VERIFIED,VERIFIED,OBSERVED,SUBSTITUTE_APPEARANCE,1ec7f0dc79055902251cd938650f622b0e79f3cc,https://github.com/imadeddine-belkat/Premier-League-Stats.git,_merged/players/2026-27_all_players_gw.csv,a1c7a4a79f9505c517dfb17db8dd7d6aed653bde289d3d6587b17c0bc5c25de8,2026-08-31T13:26:12Z,14,MID,232413,Eberechi,Eze,2645195,1,False,14,0,0,0,0,0,0,0,0,0,0,0,4,0.0,1.8,1.0,0.1,0,2,0,2,0,0.04,0.00,0.04,0.15,65,0,188164,0,0,3
2026-27,1,1,15,1,player_match:547410,VERIFIED,FPL_PLAYER_CODE_TO_PLAYER_MATCH_PL_CODE_TO_REGISTERED_SOURCE_PLAYER_ID,3,9,true,VERIFIED,VERIFIED,OBSERVED,STARTED,1ec7f0dc79055902251cd938650f622b0e79f3cc,https://github.com/imadeddine-belkat/Premier-League-Stats.git,_merged/players/2026-27_all_players_gw.csv,a1c7a4a79f9505c517dfb17db8dd7d6aed653bde289d3d6587b17c0bc5c25de8,2026-08-31T13:26:12Z,15,MID,184029,Martin,Ødegaard,2645195,11,False,75,1,0,1,0,0,0,0,0,0,0,3,41,50.6,41.5,31.0,12.3,1,4,3,8,1,0.21,0.10,0.31,0.06,65,0,717252,0,0,3
2026-27,1,1,16,1,player_match:966547,VERIFIED,FPL_PLAYER_CODE_TO_PLAYER_MATCH_PL_CODE_TO_REGISTERED_SOURCE_PLAYER_ID,3,9,true,VERIFIED,VERIFIED,OBSERVED,SUBSTITUTE_APPEARANCE,1ec7f0dc79055902251cd938650f622b0e79f3cc,https://github.com/imadeddine-belkat/Premier-League-Stats.git,_merged/players/2026-27_all_players_gw.csv,a1c7a4a79f9505c517dfb17db8dd7d6aed653bde289d3d6587b17c0bc5c25de8,2026-08-31T13:26:12Z,16,MID,248857,Noni,Madueke,2645195,1,False,22,0,0,0,0,0,0,0,0,0,0,0,8,9.4,43.1,0.0,5.3,0,2,0,2,0,0.00,0.04,0.04,0.15,65,0,30442,0,0,3
2026-27,1,1,17,1,player_match:592010,VERIFIED,FPL_PLAYER_CODE_TO_PLAYER_MATCH_PL_CODE_TO_REGISTERED_SOURCE_PLAYER_ID,3,9,true,VERIFIED,VERIFIED,OBSERVED,SUBSTITUTE_APPEARANCE,1ec7f0dc79055902251cd938650f622b0e79f3cc,https://github.com/imadeddine-belkat/Premier-League-Stats.git,_merged/players/2026-27_all_players_gw.csv,a1c7a4a79f9505c517dfb17db8dd7d6aed653bde289d3d6587b17c0bc5c25de8,2026-08-31T13:26:12Z,17,MID,195384,Mikel,Merino Zazón,2645195,1,False,14,0,0,0,0,0,0,0,0,0,0,0,5,3.6,1.2,14.0,1.9,0,2,0,2,0,0.14,0.02,0.16,0.15,60,0,62671,0,0,3
2026-27,1,1,18,1,player_match:922573,SOURCE_NATIVE_VERIFIED,FPL_PLAYER_CODE_TO_PLAYER_MATCH_PL_CODE_TO_SOURCE_NATIVE_PLAYER,3,9,true,VERIFIED,VERIFIED,OBSERVED,REGISTERED_ZERO_MINUTES,1ec7f0dc79055902251cd938650f622b0e79f3cc,https://github.com/imadeddine-belkat/Premier-League-Stats.git,_merged/players/2026-27_all_players_gw.csv,a1c7a4a79f9505c517dfb17db8dd7d6aed653bde289d3d6587b17c0bc5c25de8,2026-08-31T13:26:12Z,18,MID,444145,Gabriel,Martinelli Silva,2645195,0,False,0,0,0,0,0,0,0,0,0,0,0,0,0,0.0,0.0,0.0,0.0,0,0,0,0,0,0.00,0.00,0.00,0.00,65,0,21290,0,0,3
2026-27,1,1,19,1,player_match:966837,SOURCE_NATIVE_VERIFIED,FPL_PLAYER_CODE_TO_PLAYER_MATCH_PL_CODE_TO_SOURCE_NATIVE_PLAYER,3,9,true,VERIFIED,VERIFIED,OBSERVED,SUBSTITUTE_APPEARANCE,1ec7f0dc79055902251cd938650f622b0e79f3cc,https://github.com/imadeddine-belkat/Premier-League-Stats.git,_merged/players/2026-27_all_players_gw.csv,a1c7a4a79f9505c517dfb17db8dd7d6aed653bde289d3d6587b17c0bc5c25de8,2026-08-31T13:26:12Z,19,MID,481655,Martín,Zubimendi Ibáñez,2645195,1,False,22,0,0,0,0,0,0,0,0,0,0,0,3,3.8,2.3,0.0,0.6,0,2,1,3,0,0.00,0.02,0.02,0.15,55,0,107568,0,0,3
2026-27,1,1,20,1,player_match:1917626,VERIFIED,FPL_PLAYER_CODE_TO_PLAYER_MATCH_PL_CODE_TO_REGISTERED_SOURCE_PLAYER_ID,3,9,true,VERIFIED,VERIFIED,OBSERVED,REGISTERED_ZERO_MINUTES,1ec7f0dc79055902251cd938650f622b0e79f3cc,https://github.com/imadeddine-belkat/Premier-League-Stats.git,_merged/players/2026-27_all_players_gw.csv,a1c7a4a79f9505c517dfb17db8dd7d6aed653bde289d3d6587b17c0bc5c25de8,2026-08-31T13:26:12Z,20,MID,616077,Max,Dowman,2645195,0,False,0,0,0,0,0,0,0,0,0,0,0,0,0,0.0,0.0,0.0,0.0,0,0,0,0,0,0.00,0.00,0.00,0.00,55,0,8920,0,0,3
2026-27,1,1,22,1,player_match:1401702,VERIFIED,FPL_PLAYER_CODE_TO_PLAYER_MATCH_PL_CODE_TO_REGISTERED_SOURCE_PLAYER_ID,3,9,true,VERIFIED,VERIFIED,OBSERVED,REGISTERED_ZERO_MINUTES,1ec7f0dc79055902251cd938650f622b0e79f3cc,https://github.com/imadeddine-belkat/Premier-League-Stats.git,_merged/players/2026-27_all_players_gw.csv,a1c7a4a79f9505c517dfb17db8dd7d6aed653bde289d3d6587b17c0bc5c25de8,2026-08-31T13:26:12Z,22,MID,499175,Ethan,Nwaneri,2645195,0,False,0,0,0,0,0,0,0,0,0,0,0,0,0,0.0,0.0,0.0,0.0,0,0,0,0,0,0.00,0.00,0.00,0.00,55,0,1260,0,0,3
2026-27,1,1,23,1,player_match:904835,SOURCE_NATIVE_VERIFIED,FPL_PLAYER_CODE_TO_PLAYER_MATCH_PL_CODE_TO_SOURCE_NATIVE_PLAYER,3,9,true,VERIFIED,VERIFIED,OBSERVED,REGISTERED_ZERO_MINUTES,1ec7f0dc79055902251cd938650f622b0e79f3cc,https://github.com/imadeddine-belkat/Premier-League-Stats.git,_merged/players/2026-27_all_players_gw.csv,a1c7a4a79f9505c517dfb17db8dd7d6aed653bde289d3d6587b17c0bc5c25de8,2026-08-31T13:26:12Z,23,MID,438098,Fábio,Ferreira Vieira,2645195,0,False,0,0,0,0,0,0,0,0,0,0,0,0,0,0.0,0.0,0.0,0.0,0,0,0,0,0,0.00,0.00,0.00,0.00,55,0,892,0,0,3
2026-27,1,1,24,1,player_match:826139,VERIFIED,FPL_PLAYER_CODE_TO_PLAYER_MATCH_PL_CODE_TO_REGISTERED_SOURCE_PLAYER_ID,3,9,true,VERIFIED,VERIFIED,OBSERVED,REGISTERED_ZERO_MINUTES,1ec7f0dc79055902251cd938650f622b0e79f3cc,https://github.com/imadeddine-belkat/Premier-League-Stats.git,_merged/players/2026-27_all_players_gw.csv,a1c7a4a79f9505c517dfb17db8dd7d6aed653bde289d3d6587b17c0bc5c25de8,2026-08-31T13:26:12Z,24,MID,200641,Reiss,Nelson,2645195,0,False,0,0,0,0,0,0,0,0,0,0,0,0,0,0.0,0.0,0.0,0.0,0,0,0,0,0,0.00,0.00,0.00,0.00,55,0,853,0,0,3
2026-27,1,1,25,1,player_match:804508,VERIFIED,FPL_PLAYER_CODE_TO_PLAYER_MATCH_PL_CODE_TO_REGISTERED_SOURCE_PLAYER_ID,3,9,true,VERIFIED,VERIFIED,OBSERVED,REGISTERED_ZERO_MINUTES,1ec7f0dc79055902251cd938650f622b0e79f3cc,https://github.com/imadeddine-belkat/Premier-League-Stats.git,_merged/players/2026-27_all_players_gw.csv,a1c7a4a79f9505c517dfb17db8dd7d6aed653bde289d3d6587b17c0bc5c25de8,2026-08-31T13:26:12Z,25,FWD,224117,Viktor,Gyökeres,2645195,0,False,0,0,0,0,0,0,0,0,0,0,0,0,0,0.0,0.0,0.0,0.0,0,0,0,0,0,0.00,0.00,0.00,0.00,75,0,816962,0,0,3
2026-27,1,1,26,1,player_match:836705,VERIFIED,FPL_PLAYER_CODE_TO_PLAYER_MATCH_PL_CODE_TO_REGISTERED_SOURCE_PLAYER_ID,3,9,true,VERIFIED,VERIFIED,OBSERVED,STARTED,1ec7f0dc79055902251cd938650f622b0e79f3cc,https://github.com/imadeddine-belkat/Premier-League-Stats.git,_merged/players/2026-27_all_players_gw.csv,a1c7a4a79f9505c517dfb17db8dd7d6aed653bde289d3d6587b17c0bc5c25de8,2026-08-31T13:26:12Z,26,FWD,219847,Kai,Havertz,2645195,6,False,90,1,0,1,0,0,0,0,0,0,0,0,34,37.2,13.2,25.0,7.5,2,0,0,2,1,0.26,0.03,0.29,0.20,75,0,468616,0,0,3
2026-27,1,1,27,1,player_match:794839,SOURCE_NATIVE_VERIFIED,FPL_PLAYER_CODE_TO_PLAYER_MATCH_PL_CODE_TO_SOURCE_NATIVE_PLAYER,3,9,true,VERIFIED,VERIFIED,OBSERVED,REGISTERED_ZERO_MINUTES,1ec7f0dc79055902251cd938650f622b0e79f3cc,https://github.com/imadeddine-belkat/Premier-League-Stats.git,_merged/players/2026-27_all_players_gw.csv,a1c7a4a79f9505c517dfb17db8dd7d6aed653bde289d3d6587b17c0bc5c25de8,2026-08-31T13:26:12Z,27,FWD,205651,Gabriel,Fernando de Jesus,2645195,0,False,0,0,0,0,0,0,0,0,0,0,0,0,0,0.0,0.0,0.0,0.0,0,0,0,0,0,0.00,0.00,0.00,0.00,60,0,31403,0,0,3
2026-27,1,1,31,1,player_match:827679,SOURCE_NATIVE_VERIFIED,FPL_PLAYER_CODE_TO_PLAYER_MATCH_PL_CODE_TO_SOURCE_NATIVE_PLAYER,3,9,true,VERIFIED,VERIFIED,OBSERVED,REGISTERED_ZERO_MINUTES,1ec7f0dc79055902251cd938650f622b0e79f3cc,https://github.com/imadeddine-belkat/Premier-League-Stats.git,_merged/players/2026-27_all_players_gw.csv,a1c7a4a79f9505c517dfb17db8dd7d6aed653bde289d3d6587b17c0bc5c25de8,2026-08-31T13:26:12Z,31,DEF,199798,Ezri,Konsa Ngoyo,2645195,0,False,0,0,0,0,0,0,0,0,0,0,0,0,0,0.0,0.0,0.0,0.0,0,0,0,0,0,0.00,0.00,0.00,0.00,45,0,1206127,0,0,3
2026-27,1,1,104,1,player_match:885864,VERIFIED,FPL_PLAYER_CODE_TO_PLAYER_MATCH_PL_CODE_TO_REGISTERED_SOURCE_PLAYER_ID,9,3,false,VERIFIED,VERIFIED,OBSERVED,STARTED,1ec7f0dc79055902251cd938650f622b0e79f3cc,https://github.com/imadeddine-belkat/Premier-League-Stats.git,_merged/players/2026-27_all_players_gw.csv,a1c7a4a79f9505c517dfb17db8dd7d6aed653bde289d3d6587b17c0bc5c25de8,2026-08-31T13:26:12Z,104,MID,428580,Frank,Onyeka,2645195,2,False,90,0,0,0,3,0,0,0,0,0,0,0,8,3.6,1.6,0.0,0.5,3,5,1,9,1,0.00,0.01,0.01,1.88,50,0,13188,0,0,9
2026-27,1,1,110,1,player_match:1005800,SOURCE_NATIVE_VERIFIED,FPL_PLAYER_CODE_TO_PLAYER_MATCH_PL_CODE_TO_SOURCE_NATIVE_PLAYER,9,3,false,VERIFIED,VERIFIED,OBSERVED,STARTED,1ec7f0dc79055902251cd938650f622b0e79f3cc,https://github.com/imadeddine-belkat/Premier-League-Stats.git,_merged/players/2026-27_all_players_gw.csv,a1c7a4a79f9505c517dfb17db8dd7d6aed653bde289d3d6587b17c0bc5c25de8,2026-08-31T13:26:12Z,110,GKP,472739,Carl,Rushworth,2645195,1,False,90,0,0,0,3,0,0,0,0,0,2,0,0,14.2,0.0,0.0,1.4,1,7,0,0,1,0.00,0.01,0.01,1.88,45,0,100521,0,0,9
2026-27,1,1,171,1,fpl_player:484389,SOURCE_NATIVE_VERIFIED,SOURCE_NATIVE_FPL_PLAYER_CODE,9,3,false,VERIFIED,VERIFIED,OBSERVED,REGISTERED_ZERO_MINUTES,1ec7f0dc79055902251cd938650f622b0e79f3cc,https://github.com/imadeddine-belkat/Premier-League-Stats.git,_merged/players/2026-27_all_players_gw.csv,a1c7a4a79f9505c517dfb17db8dd7d6aed653bde289d3d6587b17c0bc5c25de8,2026-08-31T13:26:12Z,171,GKP,484389,Oliver,Dovin,2645195,0,False,0,0,0,0,0,0,0,0,0,0,0,0,0,0.0,0.0,0.0,0.0,0,0,0,0,0,0.00,0.00,0.00,0.00,40,0,142267,0,0,9
2026-27,1,1,172,1,fpl_player:110690,SOURCE_NATIVE_VERIFIED,SOURCE_NATIVE_FPL_PLAYER_CODE,9,3,false,VERIFIED,VERIFIED,OBSERVED,REGISTERED_ZERO_MINUTES,1ec7f0dc79055902251cd938650f622b0e79f3cc,https://github.com/imadeddine-belkat/Premier-League-Stats.git,_merged/players/2026-27_all_players_gw.csv,a1c7a4a79f9505c517dfb17db8dd7d6aed653bde289d3d6587b17c0bc5c25de8,2026-08-31T13:26:12Z,172,GKP,110690,Ben,Wilson,2645195,0,False,0,0,0,0,0,0,0,0,0,0,0,0,0,0.0,0.0,0.0,0.0,0,0,0,0,0,0.00,0.00,0.00,0.00,45,0,42690,0,0,9
2026-27,1,1,173,1,player_match:1033352,VERIFIED,FPL_PLAYER_CODE_TO_PLAYER_MATCH_PL_CODE_TO_REGISTERED_SOURCE_PLAYER_ID,9,3,false,VERIFIED,VERIFIED,OBSERVED,STARTED,1ec7f0dc79055902251cd938650f622b0e79f3cc,https://github.com/imadeddine-belkat/Premier-League-Stats.git,_merged/players/2026-27_all_players_gw.csv,a1c7a4a79f9505c517dfb17db8dd7d6aed653bde289d3d6587b17c0bc5c25de8,2026-08-31T13:26:12Z,173,DEF,461102,Bobby,Thomas,2645195,3,False,90,0,0,0,3,0,0,0,0,0,0,0,11,23.2,11.2,1.0,3.5,9,2,1,10,1,0.02,0.01,0.03,1.88,40,0,721945,0,0,9
2026-27,1,1,174,1,fpl_player:436761,SOURCE_NATIVE_VERIFIED,SOURCE_NATIVE_FPL_PLAYER_CODE,9,3,false,VERIFIED,VERIFIED,OBSERVED,REGISTERED_ZERO_MINUTES,1ec7f0dc79055902251cd938650f622b0e79f3cc,https://github.com/imadeddine-belkat/Premier-League-Stats.git,_merged/players/2026-27_all_players_gw.csv,a1c7a4a79f9505c517dfb17db8dd7d6aed653bde289d3d6587b17c0bc5c25de8,2026-08-31T13:26:12Z,174,DEF,436761,Liam,Kitching,2645195,0,False,0,0,0,0,0,0,0,0,0,0,0,0,0,0.0,0.0,0.0,0.0,0,0,0,0,0,0.00,0.00,0.00,0.00,40,0,60272,0,0,9
2026-27,1,1,175,1,fpl_player:451284,SOURCE_NATIVE_VERIFIED,SOURCE_NATIVE_FPL_PLAYER_CODE,9,3,false,VERIFIED,VERIFIED,OBSERVED,STARTED,1ec7f0dc79055902251cd938650f622b0e79f3cc,https://github.com/imadeddine-belkat/Premier-League-Stats.git,_merged/players/2026-27_all_players_gw.csv,a1c7a4a79f9505c517dfb17db8dd7d6aed653bde289d3d6587b17c0bc5c25de8,2026-08-31T13:26:12Z,175,DEF,451284,Milan,van Ewijk,2645195,1,False,90,0,0,0,3,0,0,0,0,0,0,0,-8,10.6,2.0,2.0,1.5,6,3,1,7,1,0.00,0.01,0.01,1.88,40,0,1257228,0,0,9
2026-27,1,1,176,1,fpl_player:173878,SOURCE_NATIVE_VERIFIED,SOURCE_NATIVE_FPL_PLAYER_CODE,9,3,false,VERIFIED,VERIFIED,OBSERVED,STARTED,1ec7f0dc79055902251cd938650f622b0e79f3cc,https://github.com/imadeddine-belkat/Premier-League-Stats.git,_merged/players/2026-27_all_players_gw.csv,a1c7a4a79f9505c517dfb17db8dd7d6aed653bde289d3d6587b17c0bc5c25de8,2026-08-31T13:26:12Z,176,DEF,173878,Jay,Dasilva,2645195,1,False,90,0,0,0,3,0,0,0,0,0,0,0,-4,13.8,3.8,0.0,1.8,6,1,0,6,1,0.00,0.02,0.02,1.88,40,0,73424,0,0,9
2026-27,1,1,177,1,player_match:1099074,VERIFIED,FPL_PLAYER_CODE_TO_PLAYER_MATCH_PL_CODE_TO_REGISTERED_SOURCE_PLAYER_ID,9,3,false,VERIFIED,VERIFIED,OBSERVED,REGISTERED_ZERO_MINUTES,1ec7f0dc79055902251cd938650f622b0e79f3cc,https://github.com/imadeddine-belkat/Premier-League-Stats.git,_merged/players/2026-27_all_players_gw.csv,a1c7a4a79f9505c517dfb17db8dd7d6aed653bde289d3d6587b17c0bc5c25de8,2026-08-31T13:26:12Z,177,DEF,465390,Kaine,Kesler-Hayden,2645195,0,False,0,0,0,0,0,0,0,0,0,0,0,0,0,0.0,0.0,0.0,0.0,0,0,0,0,0,0.00,0.00,0.00,0.00,40,0,6032,0,0,9
2026-27,1,1,178,1,fpl_player:80178,SOURCE_NATIVE_VERIFIED,SOURCE_NATIVE_FPL_PLAYER_CODE,9,3,false,VERIFIED,VERIFIED,OBSERVED,REGISTERED_ZERO_MINUTES,1ec7f0dc79055902251cd938650f622b0e79f3cc,https://github.com/imadeddine-belkat/Premier-League-Stats.git,_merged/players/2026-27_all_players_gw.csv,a1c7a4a79f9505c517dfb17db8dd7d6aed653bde289d3d6587b17c0bc5c25de8,2026-08-31T13:26:12Z,178,DEF,80178,Jake,Bidwell,2645195,0,False,0,0,0,0,0,0,0,0,0,0,0,0,0,0.0,0.0,0.0,0.0,0,0,0,0,0,0.00,0.00,0.00,0.00,40,0,7091,0,0,9
2026-27,1,1,179,1,fpl_player:204813,SOURCE_NATIVE_VERIFIED,SOURCE_NATIVE_FPL_PLAYER_CODE,9,3,false,VERIFIED,VERIFIED,OBSERVED,REGISTERED_ZERO_MINUTES,1ec7f0dc79055902251cd938650f622b0e79f3cc,https://github.com/imadeddine-belkat/Premier-League-Stats.git,_merged/players/2026-27_all_players_gw.csv,a1c7a4a79f9505c517dfb17db8dd7d6aed653bde289d3d6587b17c0bc5c25de8,2026-08-31T13:26:12Z,179,DEF,204813,Joel,Latibeaudiere,2645195,0,False,0,0,0,0,0,0,0,0,0,0,0,0,0,0.0,0.0,0.0,0.0,0,0,0,0,0,0.00,0.00,0.00,0.00,40,0,3977,0,0,9
2026-27,1,1,180,1,player_match:893478,SOURCE_NATIVE_VERIFIED,FPL_PLAYER_CODE_TO_PLAYER_MATCH_PL_CODE_TO_SOURCE_NATIVE_PLAYER,9,3,false,VERIFIED,VERIFIED,OBSERVED,REGISTERED_ZERO_MINUTES,1ec7f0dc79055902251cd938650f622b0e79f3cc,https://github.com/imadeddine-belkat/Premier-League-Stats.git,_merged/players/2026-27_all_players_gw.csv,a1c7a4a79f9505c517dfb17db8dd7d6aed653bde289d3d6587b17c0bc5c25de8,2026-08-31T13:26:12Z,180,DEF,220583,Luke,Woolfenden,2645195,0,False,0,0,0,0,0,0,0,0,0,0,0,0,0,0.0,0.0,0.0,0.0,0,0,0,0,0,0.00,0.00,0.00,0.00,40,0,16501,0,0,9
2026-27,1,1,181,1,fpl_player:577411,SOURCE_NATIVE_VERIFIED,SOURCE_NATIVE_FPL_PLAYER_CODE,9,3,false,VERIFIED,VERIFIED,OBSERVED,REGISTERED_ZERO_MINUTES,1ec7f0dc79055902251cd938650f622b0e79f3cc,https://github.com/imadeddine-belkat/Premier-League-Stats.git,_merged/players/2026-27_all_players_gw.csv,a1c7a4a79f9505c517dfb17db8dd7d6aed653bde289d3d6587b17c0bc5c25de8,2026-08-31T13:26:12Z,181,DEF,577411,Miguel,Brau,2645195,0,False,0,0,0,0,0,0,0,0,0,0,0,0,0,0.0,0.0,0.0,0.0,0,0,0,0,0,0.00,0.00,0.00,0.00,40,0,3736,0,0,9
2026-27,1,1,182,1,fpl_player:539142,SOURCE_NATIVE_VERIFIED,SOURCE_NATIVE_FPL_PLAYER_CODE,9,3,false,VERIFIED,VERIFIED,OBSERVED,STARTED,1ec7f0dc79055902251cd938650f622b0e79f3cc,https://github.com/imadeddine-belkat/Premier-League-Stats.git,_merged/players/2026-27_all_players_gw.csv,a1c7a4a79f9505c517dfb17db8dd7d6aed653bde289d3d6587b17c0bc5c25de8,2026-08-31T13:26:12Z,182,DEF,539142,Aurèle,Amenda,2645195,1,False,90,0,0,0,3,0,0,0,0,0,0,0,1,28.8,0.8,0.0,3.0,9,4,0,9,1,0.00,0.01,0.01,1.88,40,0,75420,0,0,9
2026-27,1,1,183,1,fpl_player:480457,SOURCE_NATIVE_VERIFIED,SOURCE_NATIVE_FPL_PLAYER_CODE,9,3,false,VERIFIED,VERIFIED,OBSERVED,SUBSTITUTE_APPEARANCE,1ec7f0dc79055902251cd938650f622b0e79f3cc,https://github.com/imadeddine-belkat/Premier-League-Stats.git,_merged/players/2026-27_all_players_gw.csv,a1c7a4a79f9505c517dfb17db8dd7d6aed653bde289d3d6587b17c0bc5c25de8,2026-08-31T13:26:12Z,183,MID,480457,Jack,Rudoni,2645195,1,False,20,0,0,0,0,0,0,0,0,0,0,0,3,5.6,3.8,17.0,2.6,0,4,1,5,0,0.15,0.00,0.15,0.29,50,0,13002,0,0,9
2026-27,1,1,184,1,player_match:340713,SOURCE_NATIVE_VERIFIED,FPL_PLAYER_CODE_TO_PLAYER_MATCH_PL_CODE_TO_SOURCE_NATIVE_PLAYER,9,3,false,VERIFIED,VERIFIED,OBSERVED,STARTED,1ec7f0dc79055902251cd938650f622b0e79f3cc,https://github.com/imadeddine-belkat/Premier-League-Stats.git,_merged/players/2026-27_all_players_gw.csv,a1c7a4a79f9505c517dfb17db8dd7d6aed653bde289d3d6587b17c0bc5c25de8,2026-08-31T13:26:12Z,184,MID,168144,Matt,Grimes,2645195,2,False,90,0,0,0,3,0,0,0,0,0,0,0,14,13.4,3.7,0.0,1.7,4,3,0,7,1,0.00,0.01,0.01,1.88,50,0,17412,0,0,9
2026-27,1,1,185,1,fpl_player:501459,SOURCE_NATIVE_VERIFIED,SOURCE_NATIVE_FPL_PLAYER_CODE,9,3,false,VERIFIED,VERIFIED,OBSERVED,REGISTERED_ZERO_MINUTES,1ec7f0dc79055902251cd938650f622b0e79f3cc,https://github.com/imadeddine-belkat/Premier-League-Stats.git,_merged/players/2026-27_all_players_gw.csv,a1c7a4a79f9505c517dfb17db8dd7d6aed653bde289d3d6587b17c0bc5c25de8,2026-08-31T13:26:12Z,185,MID,501459,Tatsuhiro,Sakamoto,2645195,0,False,0,0,0,0,0,0,0,0,0,0,0,0,0,0.0,0.0,0.0,0.0,0,0,0,0,0,0.00,0.00,0.00,0.00,50,0,10294,0,0,9
2026-27,1,1,186,1,fpl_player:241293,SOURCE_NATIVE_VERIFIED,SOURCE_NATIVE_FPL_PLAYER_CODE,9,3,false,VERIFIED,VERIFIED,OBSERVED,REGISTERED_ZERO_MINUTES,1ec7f0dc79055902251cd938650f622b0e79f3cc,https://github.com/imadeddine-belkat/Premier-League-Stats.git,_merged/players/2026-27_all_players_gw.csv,a1c7a4a79f9505c517dfb17db8dd7d6aed653bde289d3d6587b17c0bc5c25de8,2026-08-31T13:26:12Z,186,MID,241293,Ephron,Mason-Clark,2645195,0,False,0,0,0,0,0,0,0,0,0,0,0,0,0,0.0,0.0,0.0,0.0,0,0,0,0,0,0.00,0.00,0.00,0.00,55,0,11314,0,0,9
2026-27,1,1,187,1,fpl_player:439668,SOURCE_NATIVE_VERIFIED,SOURCE_NATIVE_FPL_PLAYER_CODE,9,3,false,VERIFIED,VERIFIED,OBSERVED,REGISTERED_ZERO_MINUTES,1ec7f0dc79055902251cd938650f622b0e79f3cc,https://github.com/imadeddine-belkat/Premier-League-Stats.git,_merged/players/2026-27_all_players_gw.csv,a1c7a4a79f9505c517dfb17db8dd7d6aed653bde289d3d6587b17c0bc5c25de8,2026-08-31T13:26:12Z,187,MID,439668,Josh,Eccles,2645195,0,False,0,0,0,0,0,0,0,0,0,0,0,0,0,0.0,0.0,0.0,0.0,0,0,0,0,0,0.00,0.00,0.00,0.00,50,0,1503,0,0,9
2026-27,1,1,188,1,fpl_player:226965,SOURCE_NATIVE_VERIFIED,SOURCE_NATIVE_FPL_PLAYER_CODE,9,3,false,VERIFIED,VERIFIED,OBSERVED,SUBSTITUTE_APPEARANCE,1ec7f0dc79055902251cd938650f622b0e79f3cc,https://github.com/imadeddine-belkat/Premier-League-Stats.git,_merged/players/2026-27_all_players_gw.csv,a1c7a4a79f9505c517dfb17db8dd7d6aed653bde289d3d6587b17c0bc5c25de8,2026-08-31T13:26:12Z,188,MID,226965,Victor,Torp,2645195,1,False,28,0,0,0,0,0,0,0,0,0,0,0,8,6.8,16.4,0.0,2.3,1,0,0,1,0,0.00,0.11,0.11,0.32,55,0,15509,0,0,9
2026-27,1,1,189,1,fpl_player:684268,SOURCE_NATIVE_VERIFIED,SOURCE_NATIVE_FPL_PLAYER_CODE,9,3,false,VERIFIED,VERIFIED,OBSERVED,REGISTERED_ZERO_MINUTES,1ec7f0dc79055902251cd938650f622b0e79f3cc,https://github.com/imadeddine-belkat/Premier-League-Stats.git,_merged/players/2026-27_all_players_gw.csv,a1c7a4a79f9505c517dfb17db8dd7d6aed653bde289d3d6587b17c0bc5c25de8,2026-08-31T13:26:12Z,189,MID,684268,George,Shepherd,2645195,0,False,0,0,0,0,0,0,0,0,0,0,0,0,0,0.0,0.0,0.0,0.0,0,0,0,0,0,0.00,0.00,0.00,0.00,45,0,28435,0,0,9
2026-27,1,1,190,1,player_match:1004505,VERIFIED,FPL_PLAYER_CODE_TO_PLAYER_MATCH_PL_CODE_TO_REGISTERED_SOURCE_PLAYER_ID,9,3,false,VERIFIED,VERIFIED,OBSERVED,STARTED,1ec7f0dc79055902251cd938650f622b0e79f3cc,https://github.com/imadeddine-belkat/Premier-League-Stats.git,_merged/players/2026-27_all_players_gw.csv,a1c7a4a79f9505c517dfb17db8dd7d6aed653bde289d3d6587b17c0bc5c25de8,2026-08-31T13:26:12Z,190,MID,469272,Loum,Tchaouna,2645195,2,False,81,0,0,0,3,0,0,0,0,0,0,0,11,1.8,6.0,3.0,1.1,3,5,0,8,1,0.04,0.02,0.06,1.76,55,0,12321,0,0,9
2026-27,1,1,191,1,fpl_player:492498,SOURCE_NATIVE_VERIFIED,SOURCE_NATIVE_FPL_PLAYER_CODE,9,3,false,VERIFIED,VERIFIED,OBSERVED,REGISTERED_ZERO_MINUTES,1ec7f0dc79055902251cd938650f622b0e79f3cc,https://github.com/imadeddine-belkat/Premier-League-Stats.git,_merged/players/2026-27_all_players_gw.csv,a1c7a4a79f9505c517dfb17db8dd7d6aed653bde289d3d6587b17c0bc5c25de8,2026-08-31T13:26:12Z,191,MID,492498,Raphael,Borges Rodrigues,2645195,0,False,0,0,0,0,0,0,0,0,0,0,0,0,0,0.0,0.0,0.0,0.0,0,0,0,0,0,0.00,0.00,0.00,0.00,45,0,16813,0,0,9
2026-27,1,1,192,1,fpl_player:629397,SOURCE_NATIVE_VERIFIED,SOURCE_NATIVE_FPL_PLAYER_CODE,9,3,false,VERIFIED,VERIFIED,OBSERVED,REGISTERED_ZERO_MINUTES,1ec7f0dc79055902251cd938650f622b0e79f3cc,https://github.com/imadeddine-belkat/Premier-League-Stats.git,_merged/players/2026-27_all_players_gw.csv,a1c7a4a79f9505c517dfb17db8dd7d6aed653bde289d3d6587b17c0bc5c25de8,2026-08-31T13:26:12Z,192,MID,629397,Kaine,Andrews,2645195,0,False,0,0,0,0,0,0,0,0,0,0,0,0,0,0.0,0.0,0.0,0.0,0,0,0,0,0,0.00,0.00,0.00,0.00,45,0,62690,0,0,9
2026-27,1,1,193,1,fpl_player:176412,SOURCE_NATIVE_VERIFIED,SOURCE_NATIVE_FPL_PLAYER_CODE,9,3,false,VERIFIED,VERIFIED,OBSERVED,REGISTERED_ZERO_MINUTES,1ec7f0dc79055902251cd938650f622b0e79f3cc,https://github.com/imadeddine-belkat/Premier-League-Stats.git,_merged/players/2026-27_all_players_gw.csv,a1c7a4a79f9505c517dfb17db8dd7d6aed653bde289d3d6587b17c0bc5c25de8,2026-08-31T13:26:12Z,193,FWD,176412,Haji,Wright,2645195,0,False,0,0,0,0,0,0,0,0,0,0,0,0,0,0.0,0.0,0.0,0.0,0,0,0,0,0,0.00,0.00,0.00,0.00,55,0,18871,0,0,9
2026-27,1,1,194,1,fpl_player:230730,SOURCE_NATIVE_VERIFIED,SOURCE_NATIVE_FPL_PLAYER_CODE,9,3,false,VERIFIED,VERIFIED,OBSERVED,STARTED,1ec7f0dc79055902251cd938650f622b0e79f3cc,https://github.com/imadeddine-belkat/Premier-League-Stats.git,_merged/players/2026-27_all_players_gw.csv,a1c7a4a79f9505c517dfb17db8dd7d6aed653bde289d3d6587b17c0bc5c25de8,2026-08-31T13:26:12Z,194,FWD,230730,Brandon,Thomas-Asante,2645195,2,False,69,0,0,0,3,0,0,0,0,0,0,0,9,4.6,1.1,0.0,0.6,5,1,0,6,1,0.00,0.02,0.02,1.60,50,0,66198,0,0,9
2026-27,1,1,195,1,player_match:991614,VERIFIED,FPL_PLAYER_CODE_TO_PLAYER_MATCH_PL_CODE_TO_REGISTERED_SOURCE_PLAYER_ID,9,3,false,VERIFIED,VERIFIED,OBSERVED,STARTED,1ec7f0dc79055902251cd938650f622b0e79f3cc,https://github.com/imadeddine-belkat/Premier-League-Stats.git,_merged/players/2026-27_all_players_gw.csv,a1c7a4a79f9505c517dfb17db8dd7d6aed653bde289d3d6587b17c0bc5c25de8,2026-08-31T13:26:12Z,195,FWD,218997,Ellis,Simms,2645195,2,False,69,0,0,0,3,0,0,0,0,0,0,0,7,2.6,12.3,2.0,1.7,1,2,0,3,1,0.00,0.01,0.01,1.60,50,0,78607,0,0,9
2026-27,1,1,196,1,fpl_player:551262,SOURCE_NATIVE_VERIFIED,SOURCE_NATIVE_FPL_PLAYER_CODE,9,3,false,VERIFIED,VERIFIED,OBSERVED,REGISTERED_ZERO_MINUTES,1ec7f0dc79055902251cd938650f622b0e79f3cc,https://github.com/imadeddine-belkat/Premier-League-Stats.git,_merged/players/2026-27_all_players_gw.csv,a1c7a4a79f9505c517dfb17db8dd7d6aed653bde289d3d6587b17c0bc5c25de8,2026-08-31T13:26:12Z,196,FWD,551262,Jahnoah,Markelo,2645195,0,False,0,0,0,0,0,0,0,0,0,0,0,0,0,0.0,0.0,0.0,0.0,0,0,0,0,0,0.00,0.00,0.00,0.00,50,0,1827,0,0,9
2026-27,1,1,197,1,fpl_player:549653,SOURCE_NATIVE_VERIFIED,SOURCE_NATIVE_FPL_PLAYER_CODE,9,3,false,VERIFIED,VERIFIED,OBSERVED,REGISTERED_ZERO_MINUTES,1ec7f0dc79055902251cd938650f622b0e79f3cc,https://github.com/imadeddine-belkat/Premier-League-Stats.git,_merged/players/2026-27_all_players_gw.csv,a1c7a4a79f9505c517dfb17db8dd7d6aed653bde289d3d6587b17c0bc5c25de8,2026-08-31T13:26:12Z,197,FWD,549653,Norman,Bassette,2645195,0,False,0,0,0,0,0,0,0,0,0,0,0,0,0,0.0,0.0,0.0,0.0,0,0,0,0,0,0.00,0.00,0.00,0.00,45,0,4620,0,0,9
2026-27,1,1,452,1,player_match:866469,SOURCE_NATIVE_VERIFIED,FPL_PLAYER_CODE_TO_PLAYER_MATCH_PL_CODE_TO_SOURCE_NATIVE_PLAYER,3,9,true,VERIFIED,VERIFIED,OBSERVED,REGISTERED_ZERO_MINUTES,1ec7f0dc79055902251cd938650f622b0e79f3cc,https://github.com/imadeddine-belkat/Premier-League-Stats.git,_merged/players/2026-27_all_players_gw.csv,a1c7a4a79f9505c517dfb17db8dd7d6aed653bde289d3d6587b17c0bc5c25de8,2026-08-31T13:26:12Z,452,MID,208706,Bruno,Guimarães Rodriguez Moura,2645195,0,False,0,0,0,0,0,0,0,0,0,0,0,0,0,0.0,0.0,0.0,0.0,0,0,0,0,0,0.00,0.00,0.00,0.00,70,0,391151,0,0,3
2026-27,1,1,492,1,player_match:359664,VERIFIED,FPL_PLAYER_CODE_TO_PLAYER_MATCH_PL_CODE_TO_REGISTERED_SOURCE_PLAYER_ID,9,3,false,VERIFIED,VERIFIED,OBSERVED,SUBSTITUTE_APPEARANCE,1ec7f0dc79055902251cd938650f622b0e79f3cc,https://github.com/imadeddine-belkat/Premier-League-Stats.git,_merged/players/2026-27_all_players_gw.csv,a1c7a4a79f9505c517dfb17db8dd7d6aed653bde289d3d6587b17c0bc5c25de8,2026-08-31T13:26:12Z,492,FWD,210156,Taiwo,Awoniyi,2645195,1,False,20,0,0,0,0,0,0,0,0,0,0,0,4,0.0,1.4,0.0,0.1,0,1,0,1,0,0.00,0.00,0.00,0.29,55,0,76129,0,0,9
2026-27,1,1,557,1,player_match:1031259,SOURCE_NATIVE_VERIFIED,FPL_PLAYER_CODE_TO_PLAYER_MATCH_PL_CODE_TO_SOURCE_NATIVE_PLAYER,3,9,true,VERIFIED,VERIFIED,OBSERVED,STARTED,1ec7f0dc79055902251cd938650f622b0e79f3cc,https://github.com/imadeddine-belkat/Premier-League-Stats.git,_merged/players/2026-27_all_players_gw.csv,a1c7a4a79f9505c517dfb17db8dd7d6aed653bde289d3d6587b17c0bc5c25de8,2026-08-31T13:26:12Z,557,MID,439509,Christos,Tzolis,2645195,6,False,75,0,1,1,0,0,0,0,0,0,0,0,30,17.0,39.8,30.0,8.7,2,3,1,6,1,0.19,0.14,0.33,0.06,65,0,2247384,0,0,3
2026-27,1,1,575,1,fpl_player:661888,SOURCE_NATIVE_VERIFIED,SOURCE_NATIVE_FPL_PLAYER_CODE,9,3,false,VERIFIED,VERIFIED,OBSERVED,STARTED,1ec7f0dc79055902251cd938650f622b0e79f3cc,https://github.com/imadeddine-belkat/Premier-League-Stats.git,_merged/players/2026-27_all_players_gw.csv,a1c7a4a79f9505c517dfb17db8dd7d6aed653bde289d3d6587b17c0bc5c25de8,2026-08-31T13:26:12Z,575,MID,661888,Caleb,Yirenkyi,2645195,1,False,61,0,0,0,3,0,0,0,1,0,0,0,2,0.0,3.1,0.0,0.0,0,3,0,3,1,0.00,0.00,0.00,1.56,50,0,23536,0,0,9
2026-27,1,1,584,1,player_match:837495,SOURCE_NATIVE_VERIFIED,FPL_PLAYER_CODE_TO_PLAYER_MATCH_PL_CODE_TO_SOURCE_NATIVE_PLAYER,9,3,false,VERIFIED,VERIFIED,OBSERVED,SUBSTITUTE_APPEARANCE,1ec7f0dc79055902251cd938650f622b0e79f3cc,https://github.com/imadeddine-belkat/Premier-League-Stats.git,_merged/players/2026-27_all_players_gw.csv,a1c7a4a79f9505c517dfb17db8dd7d6aed653bde289d3d6587b17c0bc5c25de8,2026-08-31T13:26:12Z,584,MID,196100,Gustavo,Hamer,2645195,1,False,8,0,0,0,0,0,0,0,0,0,0,0,3,0.4,0.3,0.0,0.1,0,1,0,1,0,0.00,0.00,0.00,0.13,55,0,12932,0,0,9
2026-27,1,1,599,1,fpl_player:627221,SOURCE_NATIVE_VERIFIED,SOURCE_NATIVE_FPL_PLAYER_CODE,9,3,false,VERIFIED,VERIFIED,OBSERVED,REGISTERED_ZERO_MINUTES,1ec7f0dc79055902251cd938650f622b0e79f3cc,https://github.com/imadeddine-belkat/Premier-League-Stats.git,_merged/players/2026-27_all_players_gw.csv,a1c7a4a79f9505c517dfb17db8dd7d6aed653bde289d3d6587b17c0bc5c25de8,2026-08-31T13:26:12Z,599,FWD,627221,Sidiki,Cherif,2645195,0,False,0,0,0,0,0,0,0,0,0,0,0,0,0,0.0,0.0,0.0,0.0,0,0,0,0,0,0.00,0.00,0.00,0.00,50,0,7348,0,0,9
2026-27,2,2,82,1,player_match:827362,VERIFIED,FPL_PLAYER_CODE_TO_PLAYER_MATCH_PL_CODE_TO_REGISTERED_SOURCE_PLAYER_ID,94,6,true,VERIFIED,VERIFIED,OBSERVED,STARTED,1ec7f0dc79055902251cd938650f622b0e79f3cc,https://github.com/imadeddine-belkat/Premier-League-Stats.git,_merged/players/2026-27_all_players_gw.csv,a1c7a4a79f9505c517dfb17db8dd7d6aed653bde289d3d6587b17c0bc5c25de8,2026-08-31T13:26:12Z,82,GKP,200720,Caoimhín,Kelleher,2645196,7,False,90,0,0,1,0,0,0,0,0,0,4,0,34,31.4,0.0,0.0,3.1,0,5,0,0,1,0.00,0.01,0.01,0.57,50,0,513912,0,0,94
2026-27,2,2,83,1,player_match:1005959,VERIFIED,FPL_PLAYER_CODE_TO_PLAYER_MATCH_PL_CODE_TO_REGISTERED_SOURCE_PLAYER_ID,94,6,true,VERIFIED,VERIFIED,OBSERVED,REGISTERED_ZERO_MINUTES,1ec7f0dc79055902251cd938650f622b0e79f3cc,https://github.com/imadeddine-belkat/Premier-League-Stats.git,_merged/players/2026-27_all_players_gw.csv,a1c7a4a79f9505c517dfb17db8dd7d6aed653bde289d3d6587b17c0bc5c25de8,2026-08-31T13:26:12Z,83,GKP,507433,Hákon Rafn,Valdimarsson,2645196,0,False,0,0,0,0,0,0,0,0,0,0,0,0,0,0.0,0.0,0.0,0.0,0,0,0,0,0,0.00,0.00,0.00,0.00,45,0,9667,0,0,94
2026-27,2,2,84,1,player_match:958916,VERIFIED,FPL_PLAYER_CODE_TO_PLAYER_MATCH_PL_CODE_TO_REGISTERED_SOURCE_PLAYER_ID,94,6,true,VERIFIED,VERIFIED,OBSERVED,STARTED,1ec7f0dc79055902251cd938650f622b0e79f3cc,https://github.com/imadeddine-belkat/Premier-League-Stats.git,_merged/players/2026-27_all_players_gw.csv,a1c7a4a79f9505c517dfb17db8dd7d6aed653bde289d3d6587b17c0bc5c25de8,2026-08-31T13:26:12Z,84,DEF,432830,Nathan,Collins,2645196,6,False,90,0,0,1,0,0,0,0,0,0,0,0,21,11.6,21.5,17.0,5.0,3,3,0,3,1,0.34,0.04,0.38,0.57,55,0,156847,0,0,94
2026-27,2,2,85,1,player_match:924378,VERIFIED,FPL_PLAYER_CODE_TO_PLAYER_MATCH_PL_CODE_TO_REGISTERED_SOURCE_PLAYER_ID,94,6,true,VERIFIED,VERIFIED,OBSERVED,REGISTERED_ZERO_MINUTES,1ec7f0dc79055902251cd938650f622b0e79f3cc,https://github.com/imadeddine-belkat/Premier-League-Stats.git,_merged/players/2026-27_all_players_gw.csv,a1c7a4a79f9505c517dfb17db8dd7d6aed653bde289d3d6587b17c0bc5c25de8,2026-08-31T13:26:12Z,85,DEF,444765,Sepp,van den Berg,2645196,0,False,0,0,0,0,0,0,0,0,0,0,0,0,0,0.0,0.0,0.0,0.0,0,0,0,0,0,0.00,0.00,0.00,0.00,50,0,14391,0,0,94
2026-27,2,2,86,1,player_match:972421,VERIFIED,FPL_PLAYER_CODE_TO_PLAYER_MATCH_PL_CODE_TO_REGISTERED_SOURCE_PLAYER_ID,94,6,true,VERIFIED,VERIFIED,OBSERVED,STARTED,1ec7f0dc79055902251cd938650f622b0e79f3cc,https://github.com/imadeddine-belkat/Premier-League-Stats.git,_merged/players/2026-27_all_players_gw.csv,a1c7a4a79f9505c517dfb17db8dd7d6aed653bde289d3d6587b17c0bc5c25de8,2026-08-31T13:26:12Z,86,MID,249231,Keane,Lewis-Potter,2645196,10,False,90,1,0,1,0,0,0,0,0,0,0,2,37,47.2,15.9,19.0,8.2,4,5,1,10,1,0.77,0.12,0.89,0.57,55,0,38558,0,0,94
2026-27,2,2,87,1,player_match:576384,VERIFIED,FPL_PLAYER_CODE_TO_PLAYER_MATCH_PL_CODE_TO_REGISTERED_SOURCE_PLAYER_ID,94,6,true,VERIFIED,VERIFIED,OBSERVED,STARTED,1ec7f0dc79055902251cd938650f622b0e79f3cc,https://github.com/imadeddine-belkat/Premier-League-Stats.git,_merged/players/2026-27_all_players_gw.csv,a1c7a4a79f9505c517dfb17db8dd7d6aed653bde289d3d6587b17c0bc5c25de8,2026-08-31T13:26:12Z,87,DEF,191866,Kristoffer,Ajer,2645196,8,False,90,0,0,1,0,0,0,0,0,0,0,0,29,20.0,0.9,35.0,5.6,8,3,2,10,1,0.11,0.02,0.13,0.57,45,0,318142,0,0,94
2026-27,2,2,88,1,player_match:1137431,VERIFIED,FPL_PLAYER_CODE_TO_PLAYER_MATCH_PL_CODE_TO_REGISTERED_SOURCE_PLAYER_ID,94,6,true,VERIFIED,VERIFIED,OBSERVED,STARTED,1ec7f0dc79055902251cd938650f622b0e79f3cc,https://github.com/imadeddine-belkat/Premier-League-Stats.git,_merged/players/2026-27_all_players_gw.csv,a1c7a4a79f9505c517dfb17db8dd7d6aed653bde289d3d6587b17c0bc5c25de8,2026-08-31T13:26:12Z,88,DEF,607464,Michael,Kayode,2645196,13,False,75,1,0,1,0,0,0,0,0,0,0,1,36,33.8,1.5,46.0,8.1,4,5,0,4,1,0.50,0.00,0.50,0.47,45,0,282611,0,0,94
2026-27,2,2,89,1,player_match:599128,VERIFIED,FPL_PLAYER_CODE_TO_PLAYER_MATCH_PL_CODE_TO_REGISTERED_SOURCE_PLAYER_ID,94,6,true,VERIFIED,VERIFIED,OBSERVED,REGISTERED_ZERO_MINUTES,1ec7f0dc79055902251cd938650f622b0e79f3cc,https://github.com/imadeddine-belkat/Premier-League-Stats.git,_merged/players/2026-27_all_players_gw.csv,a1c7a4a79f9505c517dfb17db8dd7d6aed653bde289d3d6587b17c0bc5c25de8,2026-08-31T13:26:12Z,89,DEF,194010,Rico,Henry,2645196,0,False,0,0,0,0,0,0,0,0,0,0,0,0,0,0.0,0.0,0.0,0.0,0,0,0,0,0,0.00,0.00,0.00,0.00,45,0,22322,0,0,94
2026-27,2,2,90,1,player_match:966869,VERIFIED,FPL_PLAYER_CODE_TO_PLAYER_MATCH_PL_CODE_TO_REGISTERED_SOURCE_PLAYER_ID,94,6,true,VERIFIED,VERIFIED,OBSERVED,SUBSTITUTE_APPEARANCE,1ec7f0dc79055902251cd938650f622b0e79f3cc,https://github.com/imadeddine-belkat/Premier-League-Stats.git,_merged/players/2026-27_all_players_gw.csv,a1c7a4a79f9505c517dfb17db8dd7d6aed653bde289d3d6587b17c0bc5c25de8,2026-08-31T13:26:12Z,90,DEF,472713,Aaron,Hickey,2645196,1,False,14,0,0,0,0,0,0,0,0,0,0,0,2,0.0,0.3,0.0,0.0,0,2,0,0,0,0.00,0.00,0.00,0.10,45,0,5416,0,0,94
2026-27,2,2,91,1,player_match:855864,VERIFIED,FPL_PLAYER_CODE_TO_PLAYER_MATCH_PL_CODE_TO_REGISTERED_SOURCE_PLAYER_ID,94,6,true,VERIFIED,VERIFIED,OBSERVED,REGISTERED_ZERO_MINUTES,1ec7f0dc79055902251cd938650f622b0e79f3cc,https://github.com/imadeddine-belkat/Premier-League-Stats.git,_merged/players/2026-27_all_players_gw.csv,a1c7a4a79f9505c517dfb17db8dd7d6aed653bde289d3d6587b17c0bc5c25de8,2026-08-31T13:26:12Z,91,DEF,231065,Ethan,Pinnock,2645196,0,False,0,0,0,0,0,0,0,0,0,0,0,0,0,0.0,0.0,0.0,0.0,0,0,0,0,0,0.00,0.00,0.00,0.00,45,0,7000,0,0,94
2026-27,2,2,92,1,player_match:1185061,VERIFIED,FPL_PLAYER_CODE_TO_PLAYER_MATCH_PL_CODE_TO_REGISTERED_SOURCE_PLAYER_ID,94,6,true,VERIFIED,VERIFIED,OBSERVED,REGISTERED_ZERO_MINUTES,1ec7f0dc79055902251cd938650f622b0e79f3cc,https://github.com/imadeddine-belkat/Premier-League-Stats.git,_merged/players/2026-27_all_players_gw.csv,a1c7a4a79f9505c517dfb17db8dd7d6aed653bde289d3d6587b17c0bc5c25de8,2026-08-31T13:26:12Z,92,DEF,570241,Kim,Ji-soo,2645196,0,False,0,0,0,0,0,0,0,0,0,0,0,0,0,0.0,0.0,0.0,0.0,0,0,0,0,0,0.00,0.00,0.00,0.00,45,0,1635,0,0,94
2026-27,2,2,93,1,fpl_player:513086,SOURCE_NATIVE_VERIFIED,SOURCE_NATIVE_FPL_PLAYER_CODE,94,6,true,VERIFIED,VERIFIED,OBSERVED,REGISTERED_ZERO_MINUTES,1ec7f0dc79055902251cd938650f622b0e79f3cc,https://github.com/imadeddine-belkat/Premier-League-Stats.git,_merged/players/2026-27_all_players_gw.csv,a1c7a4a79f9505c517dfb17db8dd7d6aed653bde289d3d6587b17c0bc5c25de8,2026-08-31T13:26:12Z,93,DEF,513086,Jannik,Schuster,2645196,0,False,0,0,0,0,0,0,0,0,0,0,0,0,0,0.0,0.0,0.0,0.0,0,0,0,0,0,0.00,0.00,0.00,0.00,45,0,15125,0,0,94
2026-27,2,2,94,1,player_match:1006387,VERIFIED,FPL_PLAYER_CODE_TO_PLAYER_MATCH_PL_CODE_TO_REGISTERED_SOURCE_PLAYER_ID,94,6,true,VERIFIED,VERIFIED,OBSERVED,STARTED,1ec7f0dc79055902251cd938650f622b0e79f3cc,https://github.com/imadeddine-belkat/Premier-League-Stats.git,_merged/players/2026-27_all_players_gw.csv,a1c7a4a79f9505c517dfb17db8dd7d6aed653bde289d3d6587b17c0bc5c25de8,2026-08-31T13:26:12Z,94,MID,513418,Kevin,Schade,2645196,3,False,90,0,0,1,0,0,0,0,0,0,0,0,17,14.4,11.8,59.0,8.5,1,5,3,9,1,0.52,0.01,0.53,0.57,60,0,330810,0,0,94
2026-27,2,2,95,1,player_match:1106451,VERIFIED,FPL_PLAYER_CODE_TO_PLAYER_MATCH_PL_CODE_TO_REGISTERED_SOURCE_PLAYER_ID,94,6,true,VERIFIED,VERIFIED,OBSERVED,STARTED,1ec7f0dc79055902251cd938650f622b0e79f3cc,https://github.com/imadeddine-belkat/Premier-League-Stats.git,_merged/players/2026-27_all_players_gw.csv,a1c7a4a79f9505c517dfb17db8dd7d6aed653bde289d3d6587b17c0bc5c25de8,2026-08-31T13:26:12Z,95,MID,533463,Dango,Ouattara,2645196,3,False,66,0,0,1,0,0,0,0,0,0,0,0,6,1.0,30.8,15.0,4.7,2,4,0,6,1,0.05,0.29,0.34,0.47,65,0,105835,0,0,94
2026-27,2,2,96,1,player_match:907072,VERIFIED,FPL_PLAYER_CODE_TO_PLAYER_MATCH_PL_CODE_TO_REGISTERED_SOURCE_PLAYER_ID,94,6,true,VERIFIED,VERIFIED,OBSERVED,SUBSTITUTE_APPEARANCE,1ec7f0dc79055902251cd938650f622b0e79f3cc,https://github.com/imadeddine-belkat/Premier-League-Stats.git,_merged/players/2026-27_all_players_gw.csv,a1c7a4a79f9505c517dfb17db8dd7d6aed653bde289d3d6587b17c0bc5c25de8,2026-08-31T13:26:12Z,96,MID,440089,Mikkel,Damsgaard,2645196,1,False,14,0,0,0,0,0,0,0,0,0,0,0,6,7.6,26.3,0.0,3.4,0,3,1,4,0,0.00,0.11,0.11,0.10,55,0,52929,0,0,94
2026-27,2,2,97,1,player_match:799251,VERIFIED,FPL_PLAYER_CODE_TO_PLAYER_MATCH_PL_CODE_TO_REGISTERED_SOURCE_PLAYER_ID,94,6,true,VERIFIED,VERIFIED,OBSERVED,STARTED,1ec7f0dc79055902251cd938650f622b0e79f3cc,https://github.com/imadeddine-belkat/Premier-League-Stats.git,_merged/players/2026-27_all_players_gw.csv,a1c7a4a79f9505c517dfb17db8dd7d6aed653bde289d3d6587b17c0bc5c25de8,2026-08-31T13:26:12Z,97,MID,207283,Mathias,Jensen,2645196,6,False,66,0,1,1,0,0,0,0,0,0,0,0,22,12.6,46.2,13.0,7.2,0,3,2,5,1,0.08,0.34,0.42,0.47,55,0,16245,0,0,94
2026-27,2,2,98,1,player_match:814873,VERIFIED,FPL_PLAYER_CODE_TO_PLAYER_MATCH_PL_CODE_TO_REGISTERED_SOURCE_PLAYER_ID,94,6,true,VERIFIED,VERIFIED,OBSERVED,STARTED,1ec7f0dc79055902251cd938650f622b0e79f3cc,https://github.com/imadeddine-belkat/Premier-League-Stats.git,_merged/players/2026-27_all_players_gw.csv,a1c7a4a79f9505c517dfb17db8dd7d6aed653bde289d3d6587b17c0bc5c25de8,2026-08-31T13:26:12Z,98,MID,204580,Vitaly,Janelt,2645196,9,False,90,1,0,1,0,0,0,0,1,0,0,0,35,53.2,38.8,24.0,11.6,6,3,4,13,1,0.39,0.17,0.56,0.57,50,0,9018,0,0,94
2026-27,2,2,99,1,player_match:1126692,VERIFIED,FPL_PLAYER_CODE_TO_PLAYER_MATCH_PL_CODE_TO_REGISTERED_SOURCE_PLAYER_ID,94,6,true,VERIFIED,VERIFIED,OBSERVED,REGISTERED_ZERO_MINUTES,1ec7f0dc79055902251cd938650f622b0e79f3cc,https://github.com/imadeddine-belkat/Premier-League-Stats.git,_merged/players/2026-27_all_players_gw.csv,a1c7a4a79f9505c517dfb17db8dd7d6aed653bde289d3d6587b17c0bc5c25de8,2026-08-31T13:26:12Z,99,MID,543295,Antoni,Milambo,2645196,0,False,0,0,0,0,0,0,0,0,0,0,0,0,0,0.0,0.0,0.0,0.0,0,0,0,0,0,0.00,0.00,0.00,0.00,50,0,187,0,0,94
2026-27,2,2,100,1,player_match:991604,SOURCE_NATIVE_VERIFIED,FPL_PLAYER_CODE_TO_PLAYER_MATCH_PL_CODE_TO_SOURCE_NATIVE_PLAYER,94,6,true,VERIFIED,VERIFIED,OBSERVED,REGISTERED_ZERO_MINUTES,1ec7f0dc79055902251cd938650f622b0e79f3cc,https://github.com/imadeddine-belkat/Premier-League-Stats.git,_merged/players/2026-27_all_players_gw.csv,a1c7a4a79f9505c517dfb17db8dd7d6aed653bde289d3d6587b17c0bc5c25de8,2026-08-31T13:26:12Z,100,MID,244858,Fábio,Freitas Gouveia Carvalho,2645196,0,False,0,0,0,0,0,0,0,0,0,0,0,0,0,0.0,0.0,0.0,0.0,0,0,0,0,0,0.00,0.00,0.00,0.00,50,0,1459,0,0,94
2026-27,2,2,102,1,player_match:1031258,VERIFIED,FPL_PLAYER_CODE_TO_PLAYER_MATCH_PL_CODE_TO_REGISTERED_SOURCE_PLAYER_ID,94,6,true,VERIFIED,VERIFIED,OBSERVED,SUBSTITUTE_APPEARANCE,1ec7f0dc79055902251cd938650f622b0e79f3cc,https://github.com/imadeddine-belkat/Premier-League-Stats.git,_merged/players/2026-27_all_players_gw.csv,a1c7a4a79f9505c517dfb17db8dd7d6aed653bde289d3d6587b17c0bc5c25de8,2026-08-31T13:26:12Z,102,MID,508395,Yehor,Yarmoliuk,2645196,1,False,23,0,0,0,0,0,0,0,0,0,0,0,7,2.2,0.8,3.0,0.6,1,3,2,6,0,0.04,0.00,0.04,0.10,50,0,123741,0,0,94
2026-27,2,2,103,1,player_match:856260,VERIFIED,FPL_PLAYER_CODE_TO_PLAYER_MATCH_PL_CODE_TO_REGISTERED_SOURCE_PLAYER_ID,94,6,true,VERIFIED,VERIFIED,OBSERVED,REGISTERED_ZERO_MINUTES,1ec7f0dc79055902251cd938650f622b0e79f3cc,https://github.com/imadeddine-belkat/Premier-League-Stats.git,_merged/players/2026-27_all_players_gw.csv,a1c7a4a79f9505c517dfb17db8dd7d6aed653bde289d3d6587b17c0bc5c25de8,2026-08-31T13:26:12Z,103,MID,183656,Josh,Dasilva,2645196,0,False,0,0,0,0,0,0,0,0,0,0,0,0,0,0.0,0.0,0.0,0.0,0,0,0,0,0,0.00,0.00,0.00,0.00,50,0,2396,0,0,94
2026-27,2,2,105,1,player_match:1020680,VERIFIED,FPL_PLAYER_CODE_TO_PLAYER_MATCH_PL_CODE_TO_REGISTERED_SOURCE_PLAYER_ID,94,6,true,VERIFIED,VERIFIED,OBSERVED,SUBSTITUTE_APPEARANCE,1ec7f0dc79055902251cd938650f622b0e79f3cc,https://github.com/imadeddine-belkat/Premier-League-Stats.git,_merged/players/2026-27_all_players_gw.csv,a1c7a4a79f9505c517dfb17db8dd7d6aed653bde289d3d6587b17c0bc5c25de8,2026-08-31T13:26:12Z,105,MID,444180,Jaidon,Anthony,2645196,1,False,23,0,0,0,0,0,0,0,0,0,0,0,9,10.6,34.9,1.0,4.7,0,6,2,8,0,0.03,0.35,0.38,0.10,60,0,14244,0,0,94
2026-27,2,2,106,1,player_match:1016907,SOURCE_NATIVE_VERIFIED,FPL_PLAYER_CODE_TO_PLAYER_MATCH_PL_CODE_TO_SOURCE_NATIVE_PLAYER,94,6,true,VERIFIED,VERIFIED,OBSERVED,STARTED,1ec7f0dc79055902251cd938650f622b0e79f3cc,https://github.com/imadeddine-belkat/Premier-League-Stats.git,_merged/players/2026-27_all_players_gw.csv,a1c7a4a79f9505c517dfb17db8dd7d6aed653bde289d3d6587b17c0bc5c25de8,2026-08-31T13:26:12Z,106,FWD,502500,Igor Thiago,Nascimento Rodrigues,2645196,0,False,82,0,0,1,0,0,0,1,0,0,0,0,-3,2.2,4.0,8.0,1.4,1,4,0,5,1,1.00,0.08,1.08,0.50,80,0,1509299,0,0,94
2026-27,2,2,107,1,player_match:1403098,VERIFIED,FPL_PLAYER_CODE_TO_PLAYER_MATCH_PL_CODE_TO_REGISTERED_SOURCE_PLAYER_ID,94,6,true,VERIFIED,VERIFIED,OBSERVED,REGISTERED_ZERO_MINUTES,1ec7f0dc79055902251cd938650f622b0e79f3cc,https://github.com/imadeddine-belkat/Premier-League-Stats.git,_merged/players/2026-27_all_players_gw.csv,a1c7a4a79f9505c517dfb17db8dd7d6aed653bde289d3d6587b17c0bc5c25de8,2026-08-31T13:26:12Z,107,FWD,593174,Kaye,Furo,2645196,0,False,0,0,0,0,0,0,0,0,0,0,0,0,0,0.0,0.0,0.0,0.0,0,0,0,0,0,0.00,0.00,0.00,0.00,45,0,78000,0,0,94
2026-27,2,2,108,1,player_match:113956,VERIFIED,FPL_PLAYER_CODE_TO_PLAYER_MATCH_PL_CODE_TO_REGISTERED_SOURCE_PLAYER_ID,94,6,true,VERIFIED,VERIFIED,OBSERVED,SUBSTITUTE_APPEARANCE,1ec7f0dc79055902251cd938650f622b0e79f3cc,https://github.com/imadeddine-belkat/Premier-League-Stats.git,_merged/players/2026-27_all_players_gw.csv,a1c7a4a79f9505c517dfb17db8dd7d6aed653bde289d3d6587b17c0bc5c25de8,2026-08-31T13:26:12Z,108,FWD,75115,Callum,Wilson,2645196,1,False,7,0,0,0,0,0,0,0,0,0,0,0,4,2.2,10.3,5.0,1.8,0,0,0,0,0,0.03,0.04,0.07,0.07,55,0,30450,0,0,94
2026-27,2,2,112,1,player_match:962012,VERIFIED,FPL_PLAYER_CODE_TO_PLAYER_MATCH_PL_CODE_TO_REGISTERED_SOURCE_PLAYER_ID,6,94,false,VERIFIED,VERIFIED,OBSERVED,STARTED,1ec7f0dc79055902251cd938650f622b0e79f3cc,https://github.com/imadeddine-belkat/Premier-League-Stats.git,_merged/players/2026-27_all_players_gw.csv,a1c7a4a79f9505c517dfb17db8dd7d6aed653bde289d3d6587b17c0bc5c25de8,2026-08-31T13:26:12Z,112,DEF,469142,Jan Paul,van Hecke,2645196,1,False,90,0,0,0,3,0,0,0,0,0,0,0,3,28.2,2.8,2.0,3.3,7,3,2,9,1,0.00,0.03,0.03,3.87,50,0,955905,0,0,6
2026-27,2,2,455,1,player_match:892673,VERIFIED,FPL_PLAYER_CODE_TO_PLAYER_MATCH_PL_CODE_TO_REGISTERED_SOURCE_PLAYER_ID,6,94,false,VERIFIED,VERIFIED,OBSERVED,STARTED,1ec7f0dc79055902251cd938650f622b0e79f3cc,https://github.com/imadeddine-belkat/Premier-League-Stats.git,_merged/players/2026-27_all_players_gw.csv,a1c7a4a79f9505c517dfb17db8dd7d6aed653bde289d3d6587b17c0bc5c25de8,2026-08-31T13:26:12Z,455,MID,432422,Sandro,Tonali,2645196,2,False,90,0,0,0,3,0,0,0,0,0,0,0,14,6.2,6.4,8.0,2.1,0,3,1,4,1,0.04,0.06,0.10,3.87,55,0,376914,0,0,6
2026-27,2,2,494,1,player_match:553606,VERIFIED,FPL_PLAYER_CODE_TO_PLAYER_MATCH_PL_CODE_TO_REGISTERED_SOURCE_PLAYER_ID,6,94,false,VERIFIED,VERIFIED,OBSERVED,REGISTERED_ZERO_MINUTES,1ec7f0dc79055902251cd938650f622b0e79f3cc,https://github.com/imadeddine-belkat/Premier-League-Stats.git,_merged/players/2026-27_all_players_gw.csv,a1c7a4a79f9505c517dfb17db8dd7d6aed653bde289d3d6587b17c0bc5c25de8,2026-08-31T13:26:12Z,494,GKP,184254,Guglielmo,Vicario,2645196,0,False,0,0,0,0,0,0,0,0,0,0,0,0,0,0.0,0.0,0.0,0.0,0,0,0,0,0,0.00,0.00,0.00,0.00,45,0,35657,0,0,6
2026-27,2,2,495,1,player_match:859896,VERIFIED,FPL_PLAYER_CODE_TO_PLAYER_MATCH_PL_CODE_TO_REGISTERED_SOURCE_PLAYER_ID,6,94,false,VERIFIED,VERIFIED,OBSERVED,REGISTERED_ZERO_MINUTES,1ec7f0dc79055902251cd938650f622b0e79f3cc,https://github.com/imadeddine-belkat/Premier-League-Stats.git,_merged/players/2026-27_all_players_gw.csv,a1c7a4a79f9505c517dfb17db8dd7d6aed653bde289d3d6587b17c0bc5c25de8,2026-08-31T13:26:12Z,495,GKP,214572,Brandon,Austin,2645196,0,False,0,0,0,0,0,0,0,0,0,0,0,0,0,0.0,0.0,0.0,0.0,0,0,0,0,0,0.00,0.00,0.00,0.00,40,0,78400,0,0,6
2026-27,2,2,496,1,player_match:1031251,VERIFIED,FPL_PLAYER_CODE_TO_PLAYER_MATCH_PL_CODE_TO_REGISTERED_SOURCE_PLAYER_ID,6,94,false,VERIFIED,VERIFIED,OBSERVED,STARTED,1ec7f0dc79055902251cd938650f622b0e79f3cc,https://github.com/imadeddine-belkat/Premier-League-Stats.git,_merged/players/2026-27_all_players_gw.csv,a1c7a4a79f9505c517dfb17db8dd7d6aed653bde289d3d6587b17c0bc5c25de8,2026-08-31T13:26:12Z,496,GKP,485055,Antonín,Kinský,2645196,2,False,90,0,0,0,3,0,0,0,0,0,5,0,15,43.6,0.0,0.0,4.4,4,12,0,0,1,0.00,0.00,0.00,3.87,45,0,2208330,0,0,6
2026-27,2,2,497,1,player_match:42209,VERIFIED,FPL_PLAYER_CODE_TO_PLAYER_MATCH_PL_CODE_TO_REGISTERED_SOURCE_PLAYER_ID,6,94,false,VERIFIED,VERIFIED,OBSERVED,REGISTERED_ZERO_MINUTES,1ec7f0dc79055902251cd938650f622b0e79f3cc,https://github.com/imadeddine-belkat/Premier-League-Stats.git,_merged/players/2026-27_all_players_gw.csv,a1c7a4a79f9505c517dfb17db8dd7d6aed653bde289d3d6587b17c0bc5c25de8,2026-08-31T13:26:12Z,497,GKP,67089,Martin,Dubravka,2645196,0,False,0,0,0,0,0,0,0,0,0,0,0,0,0,0.0,0.0,0.0,0.0,0,0,0,0,0,0.00,0.00,0.00,0.00,40,0,1778139,0,0,6
2026-27,2,2,498,1,player_match:830659,VERIFIED,FPL_PLAYER_CODE_TO_PLAYER_MATCH_PL_CODE_TO_REGISTERED_SOURCE_PLAYER_ID,6,94,false,VERIFIED,VERIFIED,OBSERVED,STARTED,1ec7f0dc79055902251cd938650f622b0e79f3cc,https://github.com/imadeddine-belkat/Premier-League-Stats.git,_merged/players/2026-27_all_players_gw.csv,a1c7a4a79f9505c517dfb17db8dd7d6aed653bde289d3d6587b17c0bc5c25de8,2026-08-31T13:26:12Z,498,DEF,221466,Marcos,Senesi Barón,2645196,3,False,90,0,0,0,3,0,0,0,0,0,0,0,10,36.6,2.2,0.0,3.9,11,2,5,16,1,0.00,0.02,0.02,3.87,60,0,724252,0,0,6
2026-27,2,2,499,1,player_match:913654,SOURCE_NATIVE_VERIFIED,FPL_PLAYER_CODE_TO_PLAYER_MATCH_PL_CODE_TO_SOURCE_NATIVE_PLAYER,6,94,false,VERIFIED,VERIFIED,OBSERVED,REGISTERED_ZERO_MINUTES,1ec7f0dc79055902251cd938650f622b0e79f3cc,https://github.com/imadeddine-belkat/Premier-League-Stats.git,_merged/players/2026-27_all_players_gw.csv,a1c7a4a79f9505c517dfb17db8dd7d6aed653bde289d3d6587b17c0bc5c25de8,2026-08-31T13:26:12Z,499,DEF,441164,Pedro,Porro Sauceda,2645196,0,False,0,0,0,0,0,0,0,0,0,0,0,0,0,0.0,0.0,0.0,0.0,0,0,0,0,0,0.00,0.00,0.00,0.00,55,0,1595087,0,0,6
2026-27,2,2,500,1,player_match:829932,VERIFIED,FPL_PLAYER_CODE_TO_PLAYER_MATCH_PL_CODE_TO_REGISTERED_SOURCE_PLAYER_ID,6,94,false,VERIFIED,VERIFIED,OBSERVED,REGISTERED_ZERO_MINUTES,1ec7f0dc79055902251cd938650f622b0e79f3cc,https://github.com/imadeddine-belkat/Premier-League-Stats.git,_merged/players/2026-27_all_players_gw.csv,a1c7a4a79f9505c517dfb17db8dd7d6aed653bde289d3d6587b17c0bc5c25de8,2026-08-31T13:26:12Z,500,DEF,221632,Cristian,Romero,2645196,0,False,0,0,0,0,0,0,0,0,0,0,0,0,0,0.0,0.0,0.0,0.0,0,0,0,0,0,0.00,0.00,0.00,0.00,50,0,25814,0,0,6
2026-27,2,2,501,1,player_match:794953,VERIFIED,FPL_PLAYER_CODE_TO_PLAYER_MATCH_PL_CODE_TO_REGISTERED_SOURCE_PLAYER_ID,6,94,false,VERIFIED,VERIFIED,OBSERVED,REGISTERED_ZERO_MINUTES,1ec7f0dc79055902251cd938650f622b0e79f3cc,https://github.com/imadeddine-belkat/Premier-League-Stats.git,_merged/players/2026-27_all_players_gw.csv,a1c7a4a79f9505c517dfb17db8dd7d6aed653bde289d3d6587b17c0bc5c25de8,2026-08-31T13:26:12Z,501,DEF,135720,Kevin,Danso,2645196,0,False,0,0,0,0,0,0,0,0,0,0,0,0,0,0.0,0.0,0.0,0.0,0,0,0,0,0,0.00,0.00,0.00,0.00,50,0,15516,0,0,6
2026-27,2,2,502,1,player_match:262911,SOURCE_NATIVE_VERIFIED,FPL_PLAYER_CODE_TO_PLAYER_MATCH_PL_CODE_TO_SOURCE_NATIVE_PLAYER,6,94,false,VERIFIED,VERIFIED,OBSERVED,STARTED,1ec7f0dc79055902251cd938650f622b0e79f3cc,https://github.com/imadeddine-belkat/Premier-League-Stats.git,_merged/players/2026-27_all_players_gw.csv,a1c7a4a79f9505c517dfb17db8dd7d6aed653bde289d3d6587b17c0bc5c25de8,2026-08-31T13:26:12Z,502,DEF,122798,Andrew,Robertson,2645196,3,False,90,0,0,0,3,0,0,0,0,0,0,0,13,31.8,19.2,2.0,5.3,9,3,2,11,1,0.00,0.06,0.06,3.87,45,0,350993,0,0,6
2026-27,2,2,503,1,player_match:998247,VERIFIED,FPL_PLAYER_CODE_TO_PLAYER_MATCH_PL_CODE_TO_REGISTERED_SOURCE_PLAYER_ID,6,94,false,VERIFIED,VERIFIED,OBSERVED,REGISTERED_ZERO_MINUTES,1ec7f0dc79055902251cd938650f622b0e79f3cc,https://github.com/imadeddine-belkat/Premier-League-Stats.git,_merged/players/2026-27_all_players_gw.csv,a1c7a4a79f9505c517dfb17db8dd7d6aed653bde289d3d6587b17c0bc5c25de8,2026-08-31T13:26:12Z,503,DEF,491279,Micky,van de Ven,2645196,0,False,0,0,0,0,0,0,0,0,0,0,0,0,0,0.0,0.0,0.0,0.0,0,0,0,0,0,0.00,0.00,0.00,0.00,50,0,522301,0,0,6
2026-27,2,2,505,1,player_match:945798,VERIFIED,FPL_PLAYER_CODE_TO_PLAYER_MATCH_PL_CODE_TO_REGISTERED_SOURCE_PLAYER_ID,6,94,false,VERIFIED,VERIFIED,OBSERVED,REGISTERED_ZERO_MINUTES,1ec7f0dc79055902251cd938650f622b0e79f3cc,https://github.com/imadeddine-belkat/Premier-League-Stats.git,_merged/players/2026-27_all_players_gw.csv,a1c7a4a79f9505c517dfb17db8dd7d6aed653bde289d3d6587b17c0bc5c25de8,2026-08-31T13:26:12Z,505,DEF,232859,Djed,Spence,2645196,0,False,0,0,0,0,0,0,0,0,0,0,0,0,0,0.0,0.0,0.0,0.0,0,0,0,0,0,0.00,0.00,0.00,0.00,45,0,93085,0,0,6
2026-27,2,2,506,1,player_match:983572,VERIFIED,FPL_PLAYER_CODE_TO_PLAYER_MATCH_PL_CODE_TO_REGISTERED_SOURCE_PLAYER_ID,6,94,false,VERIFIED,VERIFIED,OBSERVED,SUBSTITUTE_APPEARANCE,1ec7f0dc79055902251cd938650f622b0e79f3cc,https://github.com/imadeddine-belkat/Premier-League-Stats.git,_merged/players/2026-27_all_players_gw.csv,a1c7a4a79f9505c517dfb17db8dd7d6aed653bde289d3d6587b17c0bc5c25de8,2026-08-31T13:26:12Z,506,DEF,487053,Destiny,Udogie,2645196,1,False,4,0,0,0,0,0,0,0,0,0,0,0,3,0.0,0.7,0.0,0.0,0,2,0,0,0,0.00,0.02,0.02,0.44,45,0,43741,0,0,6
2026-27,2,2,507,1,player_match:1134744,SOURCE_NATIVE_VERIFIED,FPL_PLAYER_CODE_TO_PLAYER_MATCH_PL_CODE_TO_SOURCE_NATIVE_PLAYER,6,94,false,VERIFIED,VERIFIED,OBSERVED,REGISTERED_ZERO_MINUTES,1ec7f0dc79055902251cd938650f622b0e79f3cc,https://github.com/imadeddine-belkat/Premier-League-Stats.git,_merged/players/2026-27_all_players_gw.csv,a1c7a4a79f9505c517dfb17db8dd7d6aed653bde289d3d6587b17c0bc5c25de8,2026-08-31T13:26:12Z,507,DEF,548308,Ashley,Phillips,2645196,0,False,0,0,0,0,0,0,0,0,0,0,0,0,0,0.0,0.0,0.0,0.0,0,0,0,0,0,0.00,0.00,0.00,0.00,45,0,2583,0,0,6
2026-27,2,2,508,1,player_match:94758,VERIFIED,FPL_PLAYER_CODE_TO_PLAYER_MATCH_PL_CODE_TO_REGISTERED_SOURCE_PLAYER_ID,6,94,false,VERIFIED,VERIFIED,OBSERVED,REGISTERED_ZERO_MINUTES,1ec7f0dc79055902251cd938650f622b0e79f3cc,https://github.com/imadeddine-belkat/Premier-League-Stats.git,_merged/players/2026-27_all_players_gw.csv,a1c7a4a79f9505c517dfb17db8dd7d6aed653bde289d3d6587b17c0bc5c25de8,2026-08-31T13:26:12Z,508,DEF,115556,Ben,Davies,2645196,0,False,0,0,0,0,0,0,0,0,0,0,0,0,0,0.0,0.0,0.0,0.0,0,0,0,0,0,0.00,0.00,0.00,0.00,40,0,99420,0,0,6
2026-27,2,2,509,1,player_match:1913038,VERIFIED,FPL_PLAYER_CODE_TO_PLAYER_MATCH_PL_CODE_TO_REGISTERED_SOURCE_PLAYER_ID,6,94,false,VERIFIED,VERIFIED,OBSERVED,REGISTERED_ZERO_MINUTES,1ec7f0dc79055902251cd938650f622b0e79f3cc,https://github.com/imadeddine-belkat/Premier-League-Stats.git,_merged/players/2026-27_all_players_gw.csv,a1c7a4a79f9505c517dfb17db8dd7d6aed653bde289d3d6587b17c0bc5c25de8,2026-08-31T13:26:12Z,509,DEF,640419,Jun'ai,Byfield,2645196,0,False,0,0,0,0,0,0,0,0,0,0,0,0,0,0.0,0.0,0.0,0.0,0,0,0,0,0,0.00,0.00,0.00,0.00,40,0,4794,0,0,6
2026-27,2,2,510,1,player_match:1403130,VERIFIED,FPL_PLAYER_CODE_TO_PLAYER_MATCH_PL_CODE_TO_REGISTERED_SOURCE_PLAYER_ID,6,94,false,VERIFIED,VERIFIED,OBSERVED,REGISTERED_ZERO_MINUTES,1ec7f0dc79055902251cd938650f622b0e79f3cc,https://github.com/imadeddine-belkat/Premier-League-Stats.git,_merged/players/2026-27_all_players_gw.csv,a1c7a4a79f9505c517dfb17db8dd7d6aed653bde289d3d6587b17c0bc5c25de8,2026-08-31T13:26:12Z,510,DEF,499716,James,Rowswell,2645196,0,False,0,0,0,0,0,0,0,0,0,0,0,0,0,0.0,0.0,0.0,0.0,0,0,0,0,0,0.00,0.00,0.00,0.00,40,0,7021,0,0,6
2026-27,2,2,511,1,player_match:1482340,SOURCE_NATIVE_VERIFIED,FPL_PLAYER_CODE_TO_PLAYER_MATCH_PL_CODE_TO_SOURCE_NATIVE_PLAYER,6,94,false,VERIFIED,VERIFIED,OBSERVED,REGISTERED_ZERO_MINUTES,1ec7f0dc79055902251cd938650f622b0e79f3cc,https://github.com/imadeddine-belkat/Premier-League-Stats.git,_merged/players/2026-27_all_players_gw.csv,a1c7a4a79f9505c517dfb17db8dd7d6aed653bde289d3d6587b17c0bc5c25de8,2026-08-31T13:26:12Z,511,DEF,616221,João Victor,de Souza Menezes,2645196,0,False,0,0,0,0,0,0,0,0,0,0,0,0,0,0.0,0.0,0.0,0.0,0,0,0,0,0,0.00,0.00,0.00,0.00,40,0,27254,0,0,6
2026-27,2,2,512,1,player_match:905163,VERIFIED,FPL_PLAYER_CODE_TO_PLAYER_MATCH_PL_CODE_TO_REGISTERED_SOURCE_PLAYER_ID,6,94,false,VERIFIED,VERIFIED,OBSERVED,REGISTERED_ZERO_MINUTES,1ec7f0dc79055902251cd938650f622b0e79f3cc,https://github.com/imadeddine-belkat/Premier-League-Stats.git,_merged/players/2026-27_all_players_gw.csv,a1c7a4a79f9505c517dfb17db8dd7d6aed653bde289d3d6587b17c0bc5c25de8,2026-08-31T13:26:12Z,512,MID,460842,Mohammed,Kudus,2645196,0,False,0,0,0,0,0,0,0,0,0,0,0,0,0,0.0,0.0,0.0,0.0,0,0,0,0,0,0.00,0.00,0.00,0.00,65,0,8272,0,0,6
2026-27,2,2,513,1,player_match:997183,VERIFIED,FPL_PLAYER_CODE_TO_PLAYER_MATCH_PL_CODE_TO_REGISTERED_SOURCE_PLAYER_ID,6,94,false,VERIFIED,VERIFIED,OBSERVED,REGISTERED_ZERO_MINUTES,1ec7f0dc79055902251cd938650f622b0e79f3cc,https://github.com/imadeddine-belkat/Premier-League-Stats.git,_merged/players/2026-27_all_players_gw.csv,a1c7a4a79f9505c517dfb17db8dd7d6aed653bde289d3d6587b17c0bc5c25de8,2026-08-31T13:26:12Z,513,MID,493362,Xavi,Simons,2645196,0,False,0,0,0,0,0,0,0,0,0,0,0,0,0,0.0,0.0,0.0,0.0,0,0,0,0,0,0.00,0.00,0.00,0.00,60,0,1345,0,0,6
2026-27,2,2,514,1,player_match:1048888,VERIFIED,FPL_PLAYER_CODE_TO_PLAYER_MATCH_PL_CODE_TO_REGISTERED_SOURCE_PLAYER_ID,6,94,false,VERIFIED,VERIFIED,OBSERVED,STARTED,1ec7f0dc79055902251cd938650f622b0e79f3cc,https://github.com/imadeddine-belkat/Premier-League-Stats.git,_merged/players/2026-27_all_players_gw.csv,a1c7a4a79f9505c517dfb17db8dd7d6aed653bde289d3d6587b17c0bc5c25de8,2026-08-31T13:26:12Z,514,MID,511499,Mathys,Tel,2645196,2,False,90,0,0,0,3,0,0,0,0,0,0,0,17,10.4,26.0,9.0,4.5,1,7,0,8,1,0.06,0.06,0.12,3.87,60,0,50995,0,0,6
2026-27,2,2,515,1,player_match:356398,VERIFIED,FPL_PLAYER_CODE_TO_PLAYER_MATCH_PL_CODE_TO_REGISTERED_SOURCE_PLAYER_ID,6,94,false,VERIFIED,VERIFIED,OBSERVED,SUBSTITUTE_APPEARANCE,1ec7f0dc79055902251cd938650f622b0e79f3cc,https://github.com/imadeddine-belkat/Premier-League-Stats.git,_merged/players/2026-27_all_players_gw.csv,a1c7a4a79f9505c517dfb17db8dd7d6aed653bde289d3d6587b17c0bc5c25de8,2026-08-31T13:26:12Z,515,MID,172780,James,Maddison,2645196,1,False,22,0,0,0,0,0,0,0,0,0,0,0,6,4.4,8.3,8.0,2.1,1,1,0,2,0,0.00,0.01,0.01,0.85,65,0,119410,0,0,6
2026-27,2,2,516,1,player_match:791190,VERIFIED,FPL_PLAYER_CODE_TO_PLAYER_MATCH_PL_CODE_TO_REGISTERED_SOURCE_PLAYER_ID,6,94,false,VERIFIED,VERIFIED,OBSERVED,SUBSTITUTE_APPEARANCE,1ec7f0dc79055902251cd938650f622b0e79f3cc,https://github.com/imadeddine-belkat/Premier-League-Stats.git,_merged/players/2026-27_all_players_gw.csv,a1c7a4a79f9505c517dfb17db8dd7d6aed653bde289d3d6587b17c0bc5c25de8,2026-08-31T13:26:12Z,516,MID,202993,Rodrigo,Bentancur,2645196,1,False,45,0,0,0,1,0,0,0,0,0,0,0,8,2.0,14.7,0.0,1.7,0,2,3,5,0,0.00,0.01,0.01,2.18,55,0,17403,0,0,6
2026-27,2,2,517,1,player_match:1142679,VERIFIED,FPL_PLAYER_CODE_TO_PLAYER_MATCH_PL_CODE_TO_REGISTERED_SOURCE_PLAYER_ID,6,94,false,VERIFIED,VERIFIED,OBSERVED,REGISTERED_ZERO_MINUTES,1ec7f0dc79055902251cd938650f622b0e79f3cc,https://github.com/imadeddine-belkat/Premier-League-Stats.git,_merged/players/2026-27_all_players_gw.csv,a1c7a4a79f9505c517dfb17db8dd7d6aed653bde289d3d6587b17c0bc5c25de8,2026-08-31T13:26:12Z,517,MID,550839,Wilson,Odobert,2645196,0,False,0,0,0,0,0,0,0,0,0,0,0,0,0,0.0,0.0,0.0,0.0,0,0,0,0,0,0.00,0.00,0.00,0.00,55,0,100,0,0,6
2026-27,2,2,518,1,player_match:1002711,VERIFIED,FPL_PLAYER_CODE_TO_PLAYER_MATCH_PL_CODE_TO_REGISTERED_SOURCE_PLAYER_ID,6,94,false,VERIFIED,VERIFIED,OBSERVED,REGISTERED_ZERO_MINUTES,1ec7f0dc79055902251cd938650f622b0e79f3cc,https://github.com/imadeddine-belkat/Premier-League-Stats.git,_merged/players/2026-27_all_players_gw.csv,a1c7a4a79f9505c517dfb17db8dd7d6aed653bde289d3d6587b17c0bc5c25de8,2026-08-31T13:26:12Z,518,MID,482442,Pape Matar,Sarr,2645196,0,False,0,0,0,0,0,0,0,0,0,0,0,0,0,0.0,0.0,0.0,0.0,0,0,0,0,0,0.00,0.00,0.00,0.00,50,0,25576,0,0,6
2026-27,2,2,519,1,player_match:904970,VERIFIED,FPL_PLAYER_CODE_TO_PLAYER_MATCH_PL_CODE_TO_REGISTERED_SOURCE_PLAYER_ID,6,94,false,VERIFIED,VERIFIED,OBSERVED,STARTED,1ec7f0dc79055902251cd938650f622b0e79f3cc,https://github.com/imadeddine-belkat/Premier-League-Stats.git,_merged/players/2026-27_all_players_gw.csv,a1c7a4a79f9505c517dfb17db8dd7d6aed653bde289d3d6587b17c0bc5c25de8,2026-08-31T13:26:12Z,519,MID,232787,Conor,Gallagher,2645196,0,False,45,0,0,0,2,0,0,0,1,0,0,0,1,0.0,5.5,1.0,0.5,0,2,1,3,1,0.02,0.06,0.08,1.70,55,0,26860,0,0,6
2026-27,2,2,520,1,player_match:1391251,VERIFIED,FPL_PLAYER_CODE_TO_PLAYER_MATCH_PL_CODE_TO_REGISTERED_SOURCE_PLAYER_ID,6,94,false,VERIFIED,VERIFIED,OBSERVED,STARTED,1ec7f0dc79055902251cd938650f622b0e79f3cc,https://github.com/imadeddine-belkat/Premier-League-Stats.git,_merged/players/2026-27_all_players_gw.csv,a1c7a4a79f9505c517dfb17db8dd7d6aed653bde289d3d6587b17c0bc5c25de8,2026-08-31T13:26:12Z,520,MID,570526,Lucas,Bergvall,2645196,1,False,45,0,0,0,2,0,0,0,0,0,0,0,2,0.0,2.0,2.0,0.0,0,7,1,8,1,0.00,0.01,0.01,1.70,55,0,18443,0,0,6
2026-27,2,2,521,1,player_match:928124,SOURCE_NATIVE_VERIFIED,FPL_PLAYER_CODE_TO_PLAYER_MATCH_PL_CODE_TO_SOURCE_NATIVE_PLAYER,6,94,false,VERIFIED,VERIFIED,OBSERVED,REGISTERED_ZERO_MINUTES,1ec7f0dc79055902251cd938650f622b0e79f3cc,https://github.com/imadeddine-belkat/Premier-League-Stats.git,_merged/players/2026-27_all_players_gw.csv,a1c7a4a79f9505c517dfb17db8dd7d6aed653bde289d3d6587b17c0bc5c25de8,2026-08-31T13:26:12Z,521,MID,445044,Dejan,Kulusevski,2645196,0,False,0,0,0,0,0,0,0,0,0,0,0,0,0,0.0,0.0,0.0,0.0,0,0,0,0,0,0.00,0.00,0.00,0.00,65,0,949,0,0,6
2026-27,2,2,522,1,player_match:1142335,VERIFIED,FPL_PLAYER_CODE_TO_PLAYER_MATCH_PL_CODE_TO_REGISTERED_SOURCE_PLAYER_ID,6,94,false,VERIFIED,VERIFIED,OBSERVED,STARTED,1ec7f0dc79055902251cd938650f622b0e79f3cc,https://github.com/imadeddine-belkat/Premier-League-Stats.git,_merged/players/2026-27_all_players_gw.csv,a1c7a4a79f9505c517dfb17db8dd7d6aed653bde289d3d6587b17c0bc5c25de8,2026-08-31T13:26:12Z,522,MID,547701,Archie,Gray,2645196,2,False,85,0,0,0,3,0,0,0,0,0,0,0,15,6.2,3.3,0.0,1.0,2,2,1,5,1,0.00,0.01,0.01,3.43,50,0,19767,0,0,6
2026-27,2,2,523,1,player_match:1403192,SOURCE_NATIVE_VERIFIED,FPL_PLAYER_CODE_TO_PLAYER_MATCH_PL_CODE_TO_SOURCE_NATIVE_PLAYER,6,94,false,VERIFIED,VERIFIED,OBSERVED,STARTED,1ec7f0dc79055902251cd938650f622b0e79f3cc,https://github.com/imadeddine-belkat/Premier-League-Stats.git,_merged/players/2026-27_all_players_gw.csv,a1c7a4a79f9505c517dfb17db8dd7d6aed653bde289d3d6587b17c0bc5c25de8,2026-08-31T13:26:12Z,523,MID,499721,Mikey,Moore,2645196,2,False,67,0,0,0,3,0,0,0,0,0,0,0,10,14.2,5.9,55.0,7.5,0,1,1,2,1,0.38,0.02,0.40,3.02,50,0,17505,0,0,6
2026-27,2,2,524,1,player_match:1403190,VERIFIED,FPL_PLAYER_CODE_TO_PLAYER_MATCH_PL_CODE_TO_REGISTERED_SOURCE_PLAYER_ID,6,94,false,VERIFIED,VERIFIED,OBSERVED,REGISTERED_ZERO_MINUTES,1ec7f0dc79055902251cd938650f622b0e79f3cc,https://github.com/imadeddine-belkat/Premier-League-Stats.git,_merged/players/2026-27_all_players_gw.csv,a1c7a4a79f9505c517dfb17db8dd7d6aed653bde289d3d6587b17c0bc5c25de8,2026-08-31T13:26:12Z,524,MID,499726,Callum,Olusesi,2645196,0,False,0,0,0,0,0,0,0,0,0,0,0,0,0,0.0,0.0,0.0,0.0,0,0,0,0,0,0.00,0.00,0.00,0.00,45,0,79913,0,0,6
2026-27,2,2,525,1,player_match:1142562,SOURCE_NATIVE_VERIFIED,FPL_PLAYER_CODE_TO_PLAYER_MATCH_PL_CODE_TO_SOURCE_NATIVE_PLAYER,6,94,false,VERIFIED,VERIFIED,OBSERVED,SUBSTITUTE_APPEARANCE,1ec7f0dc79055902251cd938650f622b0e79f3cc,https://github.com/imadeddine-belkat/Premier-League-Stats.git,_merged/players/2026-27_all_players_gw.csv,a1c7a4a79f9505c517dfb17db8dd7d6aed653bde289d3d6587b17c0bc5c25de8,2026-08-31T13:26:12Z,525,MID,551226,Mateus,Fernandes,2645196,1,False,45,0,0,0,1,0,0,0,0,0,0,0,16,7.2,27.2,2.0,3.6,0,1,1,2,0,0.00,0.06,0.06,2.18,60,0,178624,0,0,6
2026-27,2,2,526,1,player_match:361420,VERIFIED,FPL_PLAYER_CODE_TO_PLAYER_MATCH_PL_CODE_TO_REGISTERED_SOURCE_PLAYER_ID,6,94,false,VERIFIED,VERIFIED,OBSERVED,SUBSTITUTE_APPEARANCE,1ec7f0dc79055902251cd938650f622b0e79f3cc,https://github.com/imadeddine-belkat/Premier-League-Stats.git,_merged/players/2026-27_all_players_gw.csv,a1c7a4a79f9505c517dfb17db8dd7d6aed653bde289d3d6587b17c0bc5c25de8,2026-08-31T13:26:12Z,526,FWD,154566,Dominic,Solanke-Mitchell,2645196,1,False,22,0,0,0,0,0,0,0,0,0,0,0,3,0.0,0.0,5.0,0.5,0,0,0,0,0,0.07,0.00,0.07,0.85,60,0,126667,0,0,6
2026-27,2,2,527,1,player_match:840217,SOURCE_NATIVE_VERIFIED,FPL_PLAYER_CODE_TO_PLAYER_MATCH_PL_CODE_TO_SOURCE_NATIVE_PLAYER,6,94,false,VERIFIED,VERIFIED,OBSERVED,STARTED,1ec7f0dc79055902251cd938650f622b0e79f3cc,https://github.com/imadeddine-belkat/Premier-League-Stats.git,_merged/players/2026-27_all_players_gw.csv,a1c7a4a79f9505c517dfb17db8dd7d6aed653bde289d3d6587b17c0bc5c25de8,2026-08-31T13:26:12Z,527,FWD,212319,Richarlison,de Andrade,2645196,2,False,67,0,0,0,3,0,0,0,0,0,0,0,6,0.0,2.2,0.0,0.2,1,0,0,1,1,0.00,0.00,0.00,3.02,60,0,283639,0,0,6
2026-27,2,2,528,1,player_match:998772,VERIFIED,FPL_PLAYER_CODE_TO_PLAYER_MATCH_PL_CODE_TO_REGISTERED_SOURCE_PLAYER_ID,6,94,false,VERIFIED,VERIFIED,OBSERVED,REGISTERED_ZERO_MINUTES,1ec7f0dc79055902251cd938650f622b0e79f3cc,https://github.com/imadeddine-belkat/Premier-League-Stats.git,_merged/players/2026-27_all_players_gw.csv,a1c7a4a79f9505c517dfb17db8dd7d6aed653bde289d3d6587b17c0bc5c25de8,2026-08-31T13:26:12Z,528,FWD,490145,Dane,Scarlett,2645196,0,False,0,0,0,0,0,0,0,0,0,0,0,0,0,0.0,0.0,0.0,0.0,0,0,0,0,0,0.00,0.00,0.00,0.00,45,0,149807,0,0,6
2026-27,2,2,565,1,fpl_player:513545,SOURCE_NATIVE_VERIFIED,SOURCE_NATIVE_FPL_PLAYER_CODE,94,6,true,VERIFIED,VERIFIED,OBSERVED,STARTED,1ec7f0dc79055902251cd938650f622b0e79f3cc,https://github.com/imadeddine-belkat/Premier-League-Stats.git,_merged/players/2026-27_all_players_gw.csv,a1c7a4a79f9505c517dfb17db8dd7d6aed653bde289d3d6587b17c0bc5c25de8,2026-08-31T13:26:12Z,565,MID,513545,Mamadou,Sangaré,2645196,14,False,75,0,2,1,0,0,0,0,0,0,0,3,41,31.6,21.8,21.0,7.4,4,7,2,13,1,0.05,0.33,0.38,0.47,55,0,294770,0,0,94
2026-27,2,2,601,1,player_match:1471591,VERIFIED,FPL_PLAYER_CODE_TO_PLAYER_MATCH_PL_CODE_TO_REGISTERED_SOURCE_PLAYER_ID,6,94,false,VERIFIED,VERIFIED,OBSERVED,REGISTERED_ZERO_MINUTES,1ec7f0dc79055902251cd938650f622b0e79f3cc,https://github.com/imadeddine-belkat/Premier-League-Stats.git,_merged/players/2026-27_all_players_gw.csv,a1c7a4a79f9505c517dfb17db8dd7d6aed653bde289d3d6587b17c0bc5c25de8,2026-08-31T13:26:12Z,601,MID,611917,Luca,Williams-Barnett,2645196,0,False,0,0,0,0,0,0,0,0,0,0,0,0,0,0.0,0.0,0.0,0.0,0,0,0,0,0,0.00,0.00,0.00,0.00,45,0,0,0,0,6
2026-27,3,3,21,1,player_match:135256,VERIFIED,FPL_PLAYER_CODE_TO_PLAYER_MATCH_PL_CODE_TO_REGISTERED_SOURCE_PLAYER_ID,11,31,true,VERIFIED,VERIFIED,OBSERVED,REGISTERED_ZERO_MINUTES,1ec7f0dc79055902251cd938650f622b0e79f3cc,https://github.com/imadeddine-belkat/Premier-League-Stats.git,_merged/players/2026-27_all_players_gw.csv,a1c7a4a79f9505c517dfb17db8dd7d6aed653bde289d3d6587b17c0bc5c25de8,2026-08-31T13:26:12Z,21,MID,128295,Christian,Nørgaard,2645197,0,False,0,0,0,0,0,0,0,0,0,0,0,0,0,0.0,0.0,0.0,0.0,0,0,0,0,0,0.00,0.00,0.00,0.00,50,0,10920,0,0,11
2026-27,3,3,42,1,player_match:930245,VERIFIED,FPL_PLAYER_CODE_TO_PLAYER_MATCH_PL_CODE_TO_REGISTERED_SOURCE_PLAYER_ID,31,11,false,VERIFIED,VERIFIED,OBSERVED,SUBSTITUTE_APPEARANCE,1ec7f0dc79055902251cd938650f622b0e79f3cc,https://github.com/imadeddine-belkat/Premier-League-Stats.git,_merged/players/2026-27_all_players_gw.csv,a1c7a4a79f9505c517dfb17db8dd7d6aed653bde289d3d6587b17c0bc5c25de8,2026-08-31T13:26:12Z,42,MID,485337,Evann,Guessand,2645197,1,False,27,0,0,0,0,0,0,0,0,0,0,0,3,3.2,1.8,7.0,1.2,0,0,1,1,0,0.03,0.02,0.05,0.14,55,0,3238,0,0,31
2026-27,3,3,198,1,player_match:788134,VERIFIED,FPL_PLAYER_CODE_TO_PLAYER_MATCH_PL_CODE_TO_REGISTERED_SOURCE_PLAYER_ID,31,11,false,VERIFIED,VERIFIED,OBSERVED,STARTED,1ec7f0dc79055902251cd938650f622b0e79f3cc,https://github.com/imadeddine-belkat/Premier-League-Stats.git,_merged/players/2026-27_all_players_gw.csv,a1c7a4a79f9505c517dfb17db8dd7d6aed653bde289d3d6587b17c0bc5c25de8,2026-08-31T13:26:12Z,198,GKP,172649,Dean,Henderson,2645197,2,False,90,0,0,0,2,0,0,0,0,0,3,0,14,28.2,0.0,0.0,2.8,3,13,0,0,1,0.00,0.00,0.00,1.12,50,0,171144,0,0,31
2026-27,3,3,199,1,player_match:249859,VERIFIED,FPL_PLAYER_CODE_TO_PLAYER_MATCH_PL_CODE_TO_REGISTERED_SOURCE_PLAYER_ID,31,11,false,VERIFIED,VERIFIED,OBSERVED,REGISTERED_ZERO_MINUTES,1ec7f0dc79055902251cd938650f622b0e79f3cc,https://github.com/imadeddine-belkat/Premier-League-Stats.git,_merged/players/2026-27_all_players_gw.csv,a1c7a4a79f9505c517dfb17db8dd7d6aed653bde289d3d6587b17c0bc5c25de8,2026-08-31T13:26:12Z,199,GKP,121709,Walter,Benítez,2645197,0,False,0,0,0,0,0,0,0,0,0,0,0,0,0,0.0,0.0,0.0,0.0,0,0,0,0,0,0.00,0.00,0.00,0.00,45,0,10987,0,0,31
2026-27,3,3,201,1,player_match:870360,VERIFIED,FPL_PLAYER_CODE_TO_PLAYER_MATCH_PL_CODE_TO_REGISTERED_SOURCE_PLAYER_ID,31,11,false,VERIFIED,VERIFIED,OBSERVED,STARTED,1ec7f0dc79055902251cd938650f622b0e79f3cc,https://github.com/imadeddine-belkat/Premier-League-Stats.git,_merged/players/2026-27_all_players_gw.csv,a1c7a4a79f9505c517dfb17db8dd7d6aed653bde289d3d6587b17c0bc5c25de8,2026-08-31T13:26:12Z,201,DEF,247348,Daniel,Muñoz Mejía,2645197,0,False,54,0,0,0,2,0,0,0,0,0,0,0,-4,1.2,1.8,21.0,2.4,3,1,1,4,1,0.23,0.01,0.24,0.84,55,0,873015,0,0,31
2026-27,3,3,202,1,player_match:931844,VERIFIED,FPL_PLAYER_CODE_TO_PLAYER_MATCH_PL_CODE_TO_REGISTERED_SOURCE_PLAYER_ID,31,11,false,VERIFIED,VERIFIED,OBSERVED,STARTED,1ec7f0dc79055902251cd938650f622b0e79f3cc,https://github.com/imadeddine-belkat/Premier-League-Stats.git,_merged/players/2026-27_all_players_gw.csv,a1c7a4a79f9505c517dfb17db8dd7d6aed653bde289d3d6587b17c0bc5c25de8,2026-08-31T13:26:12Z,202,DEF,427623,Chris,Richards,2645197,3,False,90,0,0,0,2,0,0,0,0,0,0,0,13,42.6,0.7,0.0,4.3,14,1,2,16,1,0.00,0.00,0.00,1.12,50,0,66477,0,0,31
2026-27,3,3,203,1,player_match:1471671,VERIFIED,FPL_PLAYER_CODE_TO_PLAYER_MATCH_PL_CODE_TO_REGISTERED_SOURCE_PLAYER_ID,31,11,false,VERIFIED,VERIFIED,OBSERVED,STARTED,1ec7f0dc79055902251cd938650f622b0e79f3cc,https://github.com/imadeddine-belkat/Premier-League-Stats.git,_merged/players/2026-27_all_players_gw.csv,a1c7a4a79f9505c517dfb17db8dd7d6aed653bde289d3d6587b17c0bc5c25de8,2026-08-31T13:26:12Z,203,DEF,651426,Jaydee,Canvot,2645197,1,False,90,0,0,0,2,0,0,0,0,0,0,0,9,27.4,5.7,5.0,3.8,4,3,4,8,1,0.05,0.01,0.06,1.12,50,0,30748,0,0,31
2026-27,3,3,204,1,player_match:988275,VERIFIED,FPL_PLAYER_CODE_TO_PLAYER_MATCH_PL_CODE_TO_REGISTERED_SOURCE_PLAYER_ID,31,11,false,VERIFIED,VERIFIED,OBSERVED,STARTED,1ec7f0dc79055902251cd938650f622b0e79f3cc,https://github.com/imadeddine-belkat/Premier-League-Stats.git,_merged/players/2026-27_all_players_gw.csv,a1c7a4a79f9505c517dfb17db8dd7d6aed653bde289d3d6587b17c0bc5c25de8,2026-08-31T13:26:12Z,204,DEF,244723,Tyrick,Mitchell,2645197,1,False,90,0,0,0,2,0,0,0,0,0,0,0,9,11.6,13.8,2.0,2.7,3,4,2,5,1,0.00,0.01,0.01,1.12,45,0,580791,0,0,31
2026-27,3,3,205,1,player_match:357584,VERIFIED,FPL_PLAYER_CODE_TO_PLAYER_MATCH_PL_CODE_TO_REGISTERED_SOURCE_PLAYER_ID,31,11,false,VERIFIED,VERIFIED,OBSERVED,REGISTERED_ZERO_MINUTES,1ec7f0dc79055902251cd938650f622b0e79f3cc,https://github.com/imadeddine-belkat/Premier-League-Stats.git,_merged/players/2026-27_all_players_gw.csv,a1c7a4a79f9505c517dfb17db8dd7d6aed653bde289d3d6587b17c0bc5c25de8,2026-08-31T13:26:12Z,205,DEF,218364,Borna,Sosa,2645197,0,False,0,0,0,0,0,0,0,0,0,0,0,0,0,0.0,0.0,0.0,0.0,0,0,0,0,0,0.00,0.00,0.00,0.00,45,0,2785,0,0,31
2026-27,3,3,206,1,player_match:1064218,SOURCE_NATIVE_VERIFIED,FPL_PLAYER_CODE_TO_PLAYER_MATCH_PL_CODE_TO_SOURCE_NATIVE_PLAYER,31,11,false,VERIFIED,VERIFIED,OBSERVED,STARTED,1ec7f0dc79055902251cd938650f622b0e79f3cc,https://github.com/imadeddine-belkat/Premier-League-Stats.git,_merged/players/2026-27_all_players_gw.csv,a1c7a4a79f9505c517dfb17db8dd7d6aed653bde289d3d6587b17c0bc5c25de8,2026-08-31T13:26:12Z,206,DEF,515621,Chadi,Riad Dnanou,2645197,1,False,72,0,0,0,2,0,0,0,0,0,0,0,7,12.6,1.3,0.0,1.4,6,3,1,7,1,0.00,0.01,0.01,0.98,45,0,6521,0,0,31
2026-27,3,3,207,1,fpl_player:242313,SOURCE_NATIVE_VERIFIED,SOURCE_NATIVE_FPL_PLAYER_CODE,31,11,false,VERIFIED,VERIFIED,OBSERVED,REGISTERED_ZERO_MINUTES,1ec7f0dc79055902251cd938650f622b0e79f3cc,https://github.com/imadeddine-belkat/Premier-League-Stats.git,_merged/players/2026-27_all_players_gw.csv,a1c7a4a79f9505c517dfb17db8dd7d6aed653bde289d3d6587b17c0bc5c25de8,2026-08-31T13:26:12Z,207,DEF,242313,Oscar,Mingueza,2645197,0,False,0,0,0,0,0,0,0,0,0,0,0,0,0,0.0,0.0,0.0,0.0,0,0,0,0,0,0.00,0.00,0.00,0.00,45,0,7928,0,0,31
2026-27,3,3,208,1,player_match:845286,VERIFIED,FPL_PLAYER_CODE_TO_PLAYER_MATCH_PL_CODE_TO_REGISTERED_SOURCE_PLAYER_ID,31,11,false,VERIFIED,VERIFIED,OBSERVED,REGISTERED_ZERO_MINUTES,1ec7f0dc79055902251cd938650f622b0e79f3cc,https://github.com/imadeddine-belkat/Premier-League-Stats.git,_merged/players/2026-27_all_players_gw.csv,a1c7a4a79f9505c517dfb17db8dd7d6aed653bde289d3d6587b17c0bc5c25de8,2026-08-31T13:26:12Z,208,MID,232185,Ismaïla,Sarr,2645197,0,False,0,0,0,0,0,0,0,0,0,0,0,0,0,0.0,0.0,0.0,0.0,0,0,0,0,0,0.00,0.00,0.00,0.00,65,0,424225,0,0,31
2026-27,3,3,209,1,player_match:1085180,VERIFIED,FPL_PLAYER_CODE_TO_PLAYER_MATCH_PL_CODE_TO_REGISTERED_SOURCE_PLAYER_ID,11,31,true,VERIFIED,VERIFIED,OBSERVED,SUBSTITUTE_APPEARANCE,1ec7f0dc79055902251cd938650f622b0e79f3cc,https://github.com/imadeddine-belkat/Premier-League-Stats.git,_merged/players/2026-27_all_players_gw.csv,a1c7a4a79f9505c517dfb17db8dd7d6aed653bde289d3d6587b17c0bc5c25de8,2026-08-31T13:26:12Z,209,MID,242898,Brennan,Johnson,2645197,1,False,6,0,0,0,0,0,0,0,0,0,0,0,3,4.0,0.3,0.0,0.4,2,0,0,2,0,0.00,0.00,0.00,0.29,60,0,15299,0,0,11
2026-27,3,3,210,1,player_match:1109771,VERIFIED,FPL_PLAYER_CODE_TO_PLAYER_MATCH_PL_CODE_TO_REGISTERED_SOURCE_PLAYER_ID,31,11,false,VERIFIED,VERIFIED,OBSERVED,STARTED,1ec7f0dc79055902251cd938650f622b0e79f3cc,https://github.com/imadeddine-belkat/Premier-League-Stats.git,_merged/players/2026-27_all_players_gw.csv,a1c7a4a79f9505c517dfb17db8dd7d6aed653bde289d3d6587b17c0bc5c25de8,2026-08-31T13:26:12Z,210,MID,496221,Adam,Wharton,2645197,4,False,90,0,0,0,2,0,0,0,0,0,0,0,20,16.8,30.9,0.0,4.8,4,8,2,14,1,0.00,0.24,0.24,1.12,55,0,75177,0,0,31
2026-27,3,3,211,1,player_match:984624,SOURCE_NATIVE_VERIFIED,FPL_PLAYER_CODE_TO_PLAYER_MATCH_PL_CODE_TO_SOURCE_NATIVE_PLAYER,31,11,false,VERIFIED,VERIFIED,OBSERVED,SUBSTITUTE_APPEARANCE,1ec7f0dc79055902251cd938650f622b0e79f3cc,https://github.com/imadeddine-belkat/Premier-League-Stats.git,_merged/players/2026-27_all_players_gw.csv,a1c7a4a79f9505c517dfb17db8dd7d6aed653bde289d3d6587b17c0bc5c25de8,2026-08-31T13:26:12Z,211,MID,488024,Yéremy,Pino Santos,2645197,1,False,35,0,0,0,0,0,0,0,0,0,0,0,4,2.0,6.3,6.0,1.4,0,3,2,5,0,0.06,0.02,0.08,0.27,55,0,18106,0,0,31
2026-27,3,3,212,1,player_match:193554,VERIFIED,FPL_PLAYER_CODE_TO_PLAYER_MATCH_PL_CODE_TO_REGISTERED_SOURCE_PLAYER_ID,31,11,false,VERIFIED,VERIFIED,OBSERVED,REGISTERED_ZERO_MINUTES,1ec7f0dc79055902251cd938650f622b0e79f3cc,https://github.com/imadeddine-belkat/Premier-League-Stats.git,_merged/players/2026-27_all_players_gw.csv,a1c7a4a79f9505c517dfb17db8dd7d6aed653bde289d3d6587b17c0bc5c25de8,2026-08-31T13:26:12Z,212,MID,108413,Will,Hughes,2645197,0,False,0,0,0,0,0,0,0,0,0,0,0,0,0,0.0,0.0,0.0,0.0,0,0,0,0,0,0.00,0.00,0.00,0.00,45,0,1093674,0,0,31
2026-27,3,3,213,1,player_match:355796,SOURCE_NATIVE_VERIFIED,FPL_PLAYER_CODE_TO_PLAYER_MATCH_PL_CODE_TO_SOURCE_NATIVE_PLAYER,31,11,false,VERIFIED,VERIFIED,OBSERVED,REGISTERED_ZERO_MINUTES,1ec7f0dc79055902251cd938650f622b0e79f3cc,https://github.com/imadeddine-belkat/Premier-League-Stats.git,_merged/players/2026-27_all_players_gw.csv,a1c7a4a79f9505c517dfb17db8dd7d6aed653bde289d3d6587b17c0bc5c25de8,2026-08-31T13:26:12Z,213,MID,152551,Jefferson,Lerma Solís,2645197,0,False,0,0,0,0,0,0,0,0,0,0,0,0,0,0.0,0.0,0.0,0.0,0,0,0,0,0,0.00,0.00,0.00,0.00,50,0,10665,0,0,31
2026-27,3,3,214,1,player_match:794338,VERIFIED,FPL_PLAYER_CODE_TO_PLAYER_MATCH_PL_CODE_TO_REGISTERED_SOURCE_PLAYER_ID,31,11,false,VERIFIED,VERIFIED,OBSERVED,STARTED,1ec7f0dc79055902251cd938650f622b0e79f3cc,https://github.com/imadeddine-belkat/Premier-League-Stats.git,_merged/players/2026-27_all_players_gw.csv,a1c7a4a79f9505c517dfb17db8dd7d6aed653bde289d3d6587b17c0bc5c25de8,2026-08-31T13:26:12Z,214,MID,209400,Daichi,Kamada,2645197,3,False,90,0,0,0,2,0,0,0,1,0,0,0,25,20.4,29.3,0.0,5.0,3,8,3,14,1,0.00,0.27,0.27,1.12,50,0,24728,0,0,31
2026-27,3,3,215,1,player_match:1084311,VERIFIED,FPL_PLAYER_CODE_TO_PLAYER_MATCH_PL_CODE_TO_REGISTERED_SOURCE_PLAYER_ID,31,11,false,VERIFIED,VERIFIED,OBSERVED,REGISTERED_ZERO_MINUTES,1ec7f0dc79055902251cd938650f622b0e79f3cc,https://github.com/imadeddine-belkat/Premier-League-Stats.git,_merged/players/2026-27_all_players_gw.csv,a1c7a4a79f9505c517dfb17db8dd7d6aed653bde289d3d6587b17c0bc5c25de8,2026-08-31T13:26:12Z,215,MID,489706,Justin,Devenny,2645197,0,False,0,0,0,0,0,0,0,0,0,0,0,0,0,0.0,0.0,0.0,0.0,0,0,0,0,0,0.00,0.00,0.00,0.00,50,0,1134,0,0,31
2026-27,3,3,216,1,player_match:1438837,VERIFIED,FPL_PLAYER_CODE_TO_PLAYER_MATCH_PL_CODE_TO_REGISTERED_SOURCE_PLAYER_ID,31,11,false,VERIFIED,VERIFIED,OBSERVED,REGISTERED_ZERO_MINUTES,1ec7f0dc79055902251cd938650f622b0e79f3cc,https://github.com/imadeddine-belkat/Premier-League-Stats.git,_merged/players/2026-27_all_players_gw.csv,a1c7a4a79f9505c517dfb17db8dd7d6aed653bde289d3d6587b17c0bc5c25de8,2026-08-31T13:26:12Z,216,MID,606921,Romain,Esse,2645197,0,False,0,0,0,0,0,0,0,0,0,0,0,0,0,0.0,0.0,0.0,0.0,0,0,0,0,0,0.00,0.00,0.00,0.00,50,0,3728,0,0,31
2026-27,3,3,217,1,player_match:1116593,SOURCE_NATIVE_VERIFIED,FPL_PLAYER_CODE_TO_PLAYER_MATCH_PL_CODE_TO_SOURCE_NATIVE_PLAYER,31,11,false,VERIFIED,VERIFIED,OBSERVED,REGISTERED_ZERO_MINUTES,1ec7f0dc79055902251cd938650f622b0e79f3cc,https://github.com/imadeddine-belkat/Premier-League-Stats.git,_merged/players/2026-27_all_players_gw.csv,a1c7a4a79f9505c517dfb17db8dd7d6aed653bde289d3d6587b17c0bc5c25de8,2026-08-31T13:26:12Z,217,MID,536694,Matheus,França de Oliveira,2645197,0,False,0,0,0,0,0,0,0,0,0,0,0,0,0,0.0,0.0,0.0,0.0,0,0,0,0,0,0.00,0.00,0.00,0.00,50,0,3157,0,0,31
2026-27,3,3,218,1,player_match:906047,VERIFIED,FPL_PLAYER_CODE_TO_PLAYER_MATCH_PL_CODE_TO_REGISTERED_SOURCE_PLAYER_ID,31,11,false,VERIFIED,VERIFIED,OBSERVED,REGISTERED_ZERO_MINUTES,1ec7f0dc79055902251cd938650f622b0e79f3cc,https://github.com/imadeddine-belkat/Premier-League-Stats.git,_merged/players/2026-27_all_players_gw.csv,a1c7a4a79f9505c517dfb17db8dd7d6aed653bde289d3d6587b17c0bc5c25de8,2026-08-31T13:26:12Z,218,MID,438464,Cheick,Doucouré,2645197,0,False,0,0,0,0,0,0,0,0,0,0,0,0,0,0.0,0.0,0.0,0.0,0,0,0,0,0,0.00,0.00,0.00,0.00,50,0,6199,0,0,31
2026-27,3,3,219,1,player_match:1101362,VERIFIED,FPL_PLAYER_CODE_TO_PLAYER_MATCH_PL_CODE_TO_REGISTERED_SOURCE_PLAYER_ID,31,11,false,VERIFIED,VERIFIED,OBSERVED,REGISTERED_ZERO_MINUTES,1ec7f0dc79055902251cd938650f622b0e79f3cc,https://github.com/imadeddine-belkat/Premier-League-Stats.git,_merged/players/2026-27_all_players_gw.csv,a1c7a4a79f9505c517dfb17db8dd7d6aed653bde289d3d6587b17c0bc5c25de8,2026-08-31T13:26:12Z,219,MID,450542,Jesurun,Rak-Sakyi,2645197,0,False,0,0,0,0,0,0,0,0,0,0,0,0,0,0.0,0.0,0.0,0.0,0,0,0,0,0,0.00,0.00,0.00,0.00,50,0,550,0,0,31
2026-27,3,3,220,1,player_match:1469007,VERIFIED,FPL_PLAYER_CODE_TO_PLAYER_MATCH_PL_CODE_TO_REGISTERED_SOURCE_PLAYER_ID,31,11,false,VERIFIED,VERIFIED,OBSERVED,REGISTERED_ZERO_MINUTES,1ec7f0dc79055902251cd938650f622b0e79f3cc,https://github.com/imadeddine-belkat/Premier-League-Stats.git,_merged/players/2026-27_all_players_gw.csv,a1c7a4a79f9505c517dfb17db8dd7d6aed653bde289d3d6587b17c0bc5c25de8,2026-08-31T13:26:12Z,220,DEF,590014,Rio,Cardines,2645197,0,False,0,0,0,0,0,0,0,0,0,0,0,0,0,0.0,0.0,0.0,0.0,0,0,0,0,0,0.00,0.00,0.00,0.00,45,0,255,0,0,31
2026-27,3,3,221,1,player_match:2007717,VERIFIED,FPL_PLAYER_CODE_TO_PLAYER_MATCH_PL_CODE_TO_REGISTERED_SOURCE_PLAYER_ID,31,11,false,VERIFIED,VERIFIED,OBSERVED,REGISTERED_ZERO_MINUTES,1ec7f0dc79055902251cd938650f622b0e79f3cc,https://github.com/imadeddine-belkat/Premier-League-Stats.git,_merged/players/2026-27_all_players_gw.csv,a1c7a4a79f9505c517dfb17db8dd7d6aed653bde289d3d6587b17c0bc5c25de8,2026-08-31T13:26:12Z,221,MID,672492,Joél,Drakes-Thomas,2645197,0,False,0,0,0,0,0,0,0,0,0,0,0,0,0,0.0,0.0,0.0,0.0,0,0,0,0,0,0.00,0.00,0.00,0.00,45,0,8076,0,0,31
2026-27,3,3,222,1,player_match:876599,VERIFIED,FPL_PLAYER_CODE_TO_PLAYER_MATCH_PL_CODE_TO_REGISTERED_SOURCE_PLAYER_ID,31,11,false,VERIFIED,VERIFIED,OBSERVED,SUBSTITUTE_APPEARANCE,1ec7f0dc79055902251cd938650f622b0e79f3cc,https://github.com/imadeddine-belkat/Premier-League-Stats.git,_merged/players/2026-27_all_players_gw.csv,a1c7a4a79f9505c517dfb17db8dd7d6aed653bde289d3d6587b17c0bc5c25de8,2026-08-31T13:26:12Z,222,FWD,247412,Jørgen,Strand Larsen,2645197,1,False,27,0,0,0,0,0,0,0,0,0,0,0,3,1.0,3.5,17.0,2.2,0,0,0,0,0,0.25,0.01,0.26,0.14,60,0,50940,0,0,31
2026-27,3,3,223,1,player_match:848276,VERIFIED,FPL_PLAYER_CODE_TO_PLAYER_MATCH_PL_CODE_TO_REGISTERED_SOURCE_PLAYER_ID,31,11,false,VERIFIED,VERIFIED,OBSERVED,STARTED,1ec7f0dc79055902251cd938650f622b0e79f3cc,https://github.com/imadeddine-belkat/Premier-League-Stats.git,_merged/players/2026-27_all_players_gw.csv,a1c7a4a79f9505c517dfb17db8dd7d6aed653bde289d3d6587b17c0bc5c25de8,2026-08-31T13:26:12Z,223,FWD,231747,Jean-Philippe,Mateta,2645197,2,False,62,0,0,0,2,0,0,0,0,0,0,0,-3,1.4,12.3,11.0,2.5,1,2,2,5,1,0.70,0.02,0.72,0.98,65,0,504100,0,0,31
2026-27,3,3,224,1,player_match:858194,VERIFIED,FPL_PLAYER_CODE_TO_PLAYER_MATCH_PL_CODE_TO_REGISTERED_SOURCE_PLAYER_ID,31,11,false,VERIFIED,VERIFIED,OBSERVED,STARTED,1ec7f0dc79055902251cd938650f622b0e79f3cc,https://github.com/imadeddine-belkat/Premier-League-Stats.git,_merged/players/2026-27_all_players_gw.csv,a1c7a4a79f9505c517dfb17db8dd7d6aed653bde289d3d6587b17c0bc5c25de8,2026-08-31T13:26:12Z,224,FWD,205533,Eddie,Nketiah,2645197,1,False,55,0,0,0,2,0,0,0,0,0,0,0,12,10.4,24.5,23.0,5.8,1,1,1,3,1,0.60,0.58,1.18,0.84,55,0,43148,0,0,31
2026-27,3,3,225,1,player_match:1884145,VERIFIED,FPL_PLAYER_CODE_TO_PLAYER_MATCH_PL_CODE_TO_REGISTERED_SOURCE_PLAYER_ID,31,11,false,VERIFIED,VERIFIED,OBSERVED,REGISTERED_ZERO_MINUTES,1ec7f0dc79055902251cd938650f622b0e79f3cc,https://github.com/imadeddine-belkat/Premier-League-Stats.git,_merged/players/2026-27_all_players_gw.csv,a1c7a4a79f9505c517dfb17db8dd7d6aed653bde289d3d6587b17c0bc5c25de8,2026-08-31T13:26:12Z,225,FWD,660392,Christantus,Uche,2645197,0,False,0,0,0,0,0,0,0,0,0,0,0,0,0,0.0,0.0,0.0,0.0,0,0,0,0,0,0.00,0.00,0.00,0.00,50,0,0,0,0,31
2026-27,3,3,226,1,player_match:138530,VERIFIED,FPL_PLAYER_CODE_TO_PLAYER_MATCH_PL_CODE_TO_REGISTERED_SOURCE_PLAYER_ID,11,31,true,VERIFIED,VERIFIED,OBSERVED,STARTED,1ec7f0dc79055902251cd938650f622b0e79f3cc,https://github.com/imadeddine-belkat/Premier-League-Stats.git,_merged/players/2026-27_all_players_gw.csv,a1c7a4a79f9505c517dfb17db8dd7d6aed653bde289d3d6587b17c0bc5c25de8,2026-08-31T13:26:12Z,226,GKP,111234,Jordan,Pickford,2645197,7,False,90,0,0,1,0,0,0,0,0,0,4,0,34,31.8,0.0,0.0,3.2,0,12,0,0,1,0.00,0.02,0.02,1.96,55,0,698199,0,0,11
2026-27,3,3,227,1,player_match:856720,VERIFIED,FPL_PLAYER_CODE_TO_PLAYER_MATCH_PL_CODE_TO_REGISTERED_SOURCE_PLAYER_ID,11,31,true,VERIFIED,VERIFIED,OBSERVED,REGISTERED_ZERO_MINUTES,1ec7f0dc79055902251cd938650f622b0e79f3cc,https://github.com/imadeddine-belkat/Premier-League-Stats.git,_merged/players/2026-27_all_players_gw.csv,a1c7a4a79f9505c517dfb17db8dd7d6aed653bde289d3d6587b17c0bc5c25de8,2026-08-31T13:26:12Z,227,GKP,229600,Mark,Travers,2645197,0,False,0,0,0,0,0,0,0,0,0,0,0,0,0,0.0,0.0,0.0,0.0,0,0,0,0,0,0.00,0.00,0.00,0.00,50,0,3019,0,0,11
2026-27,3,3,228,1,player_match:603922,VERIFIED,FPL_PLAYER_CODE_TO_PLAYER_MATCH_PL_CODE_TO_REGISTERED_SOURCE_PLAYER_ID,11,31,true,VERIFIED,VERIFIED,OBSERVED,REGISTERED_ZERO_MINUTES,1ec7f0dc79055902251cd938650f622b0e79f3cc,https://github.com/imadeddine-belkat/Premier-League-Stats.git,_merged/players/2026-27_all_players_gw.csv,a1c7a4a79f9505c517dfb17db8dd7d6aed653bde289d3d6587b17c0bc5c25de8,2026-08-31T13:26:12Z,228,GKP,138001,Tom,King,2645197,0,False,0,0,0,0,0,0,0,0,0,0,0,0,0,0.0,0.0,0.0,0.0,0,0,0,0,0,0.00,0.00,0.00,0.00,45,0,3498,0,0,11
2026-27,3,3,229,1,player_match:145188,VERIFIED,FPL_PLAYER_CODE_TO_PLAYER_MATCH_PL_CODE_TO_REGISTERED_SOURCE_PLAYER_ID,11,31,true,VERIFIED,VERIFIED,OBSERVED,STARTED,1ec7f0dc79055902251cd938650f622b0e79f3cc,https://github.com/imadeddine-belkat/Premier-League-Stats.git,_merged/players/2026-27_all_players_gw.csv,a1c7a4a79f9505c517dfb17db8dd7d6aed653bde289d3d6587b17c0bc5c25de8,2026-08-31T13:26:12Z,229,DEF,17761,James,Tarkowski,2645197,6,False,90,0,0,1,0,0,0,0,0,0,0,0,25,15.2,0.8,4.0,2.0,8,4,1,9,1,0.05,0.00,0.05,1.96,60,0,765229,0,0,11
2026-27,3,3,230,1,player_match:979563,VERIFIED,FPL_PLAYER_CODE_TO_PLAYER_MATCH_PL_CODE_TO_REGISTERED_SOURCE_PLAYER_ID,11,31,true,VERIFIED,VERIFIED,OBSERVED,STARTED,1ec7f0dc79055902251cd938650f622b0e79f3cc,https://github.com/imadeddine-belkat/Premier-League-Stats.git,_merged/players/2026-27_all_players_gw.csv,a1c7a4a79f9505c517dfb17db8dd7d6aed653bde289d3d6587b17c0bc5c25de8,2026-08-31T13:26:12Z,230,DEF,480455,Jarrad,Branthwaite,2645197,6,False,90,0,0,1,0,0,0,0,0,0,0,0,27,18.6,0.8,6.0,2.5,6,2,2,8,1,0.00,0.01,0.01,1.96,55,0,141420,0,0,11
2026-27,3,3,231,1,player_match:110846,VERIFIED,FPL_PLAYER_CODE_TO_PLAYER_MATCH_PL_CODE_TO_REGISTERED_SOURCE_PLAYER_ID,11,31,true,VERIFIED,VERIFIED,OBSERVED,REGISTERED_ZERO_MINUTES,1ec7f0dc79055902251cd938650f622b0e79f3cc,https://github.com/imadeddine-belkat/Premier-League-Stats.git,_merged/players/2026-27_all_players_gw.csv,a1c7a4a79f9505c517dfb17db8dd7d6aed653bde289d3d6587b17c0bc5c25de8,2026-08-31T13:26:12Z,231,DEF,106611,Michael,Keane,2645197,0,False,0,0,0,0,0,0,0,0,0,0,0,0,0,0.0,0.0,0.0,0.0,0,0,0,0,0,0.00,0.00,0.00,0.00,50,0,151116,0,0,11
2026-27,3,3,232,1,player_match:998253,VERIFIED,FPL_PLAYER_CODE_TO_PLAYER_MATCH_PL_CODE_TO_REGISTERED_SOURCE_PLAYER_ID,11,31,true,VERIFIED,VERIFIED,OBSERVED,REGISTERED_ZERO_MINUTES,1ec7f0dc79055902251cd938650f622b0e79f3cc,https://github.com/imadeddine-belkat/Premier-League-Stats.git,_merged/players/2026-27_all_players_gw.csv,a1c7a4a79f9505c517dfb17db8dd7d6aed653bde289d3d6587b17c0bc5c25de8,2026-08-31T13:26:12Z,232,DEF,512462,Jake,O'Brien,2645197,0,False,0,0,0,0,0,0,0,0,0,0,0,0,0,0.0,0.0,0.0,0.0,0,0,0,0,0,0.00,0.00,0.00,0.00,50,0,44689,0,0,11
2026-27,3,3,233,1,player_match:876643,SOURCE_NATIVE_VERIFIED,FPL_PLAYER_CODE_TO_PLAYER_MATCH_PL_CODE_TO_SOURCE_NATIVE_PLAYER,11,31,true,VERIFIED,VERIFIED,OBSERVED,STARTED,1ec7f0dc79055902251cd938650f622b0e79f3cc,https://github.com/imadeddine-belkat/Premier-League-Stats.git,_merged/players/2026-27_all_players_gw.csv,a1c7a4a79f9505c517dfb17db8dd7d6aed653bde289d3d6587b17c0bc5c25de8,2026-08-31T13:26:12Z,233,DEF,224967,Vitalii,Mykolenko,2645197,6,False,90,0,0,1,0,0,0,0,0,0,0,0,27,12.8,13.8,2.0,2.9,4,4,0,4,1,0.00,0.05,0.05,1.96,45,0,134687,0,0,11
2026-27,3,3,234,1,player_match:1020141,VERIFIED,FPL_PLAYER_CODE_TO_PLAYER_MATCH_PL_CODE_TO_REGISTERED_SOURCE_PLAYER_ID,11,31,true,VERIFIED,VERIFIED,OBSERVED,REGISTERED_ZERO_MINUTES,1ec7f0dc79055902251cd938650f622b0e79f3cc,https://github.com/imadeddine-belkat/Premier-League-Stats.git,_merged/players/2026-27_all_players_gw.csv,a1c7a4a79f9505c517dfb17db8dd7d6aed653bde289d3d6587b17c0bc5c25de8,2026-08-31T13:26:12Z,234,DEF,243571,Nathan,Patterson,2645197,0,False,0,0,0,0,0,0,0,0,0,0,0,0,0,0.0,0.0,0.0,0.0,0,0,0,0,0,0.00,0.00,0.00,0.00,45,0,2948,0,0,11
2026-27,3,3,235,1,player_match:1466124,VERIFIED,FPL_PLAYER_CODE_TO_PLAYER_MATCH_PL_CODE_TO_REGISTERED_SOURCE_PLAYER_ID,11,31,true,VERIFIED,VERIFIED,OBSERVED,REGISTERED_ZERO_MINUTES,1ec7f0dc79055902251cd938650f622b0e79f3cc,https://github.com/imadeddine-belkat/Premier-League-Stats.git,_merged/players/2026-27_all_players_gw.csv,a1c7a4a79f9505c517dfb17db8dd7d6aed653bde289d3d6587b17c0bc5c25de8,2026-08-31T13:26:12Z,235,DEF,499300,Adam,Aznou,2645197,0,False,0,0,0,0,0,0,0,0,0,0,0,0,0,0.0,0.0,0.0,0.0,0,0,0,0,0,0.00,0.00,0.00,0.00,40,0,16732,0,0,11
2026-27,3,3,236,1,player_match:861970,VERIFIED,FPL_PLAYER_CODE_TO_PLAYER_MATCH_PL_CODE_TO_REGISTERED_SOURCE_PLAYER_ID,11,31,true,VERIFIED,VERIFIED,OBSERVED,STARTED,1ec7f0dc79055902251cd938650f622b0e79f3cc,https://github.com/imadeddine-belkat/Premier-League-Stats.git,_merged/players/2026-27_all_players_gw.csv,a1c7a4a79f9505c517dfb17db8dd7d6aed653bde289d3d6587b17c0bc5c25de8,2026-08-31T13:26:12Z,236,MID,215413,Kiernan,Dewsbury-Hall,2645197,11,False,90,1,0,1,0,0,0,0,0,0,0,3,40,42.8,28.3,27.0,9.8,1,5,2,8,1,0.12,0.17,0.29,1.92,65,0,288693,0,0,11
2026-27,3,3,237,1,player_match:914309,VERIFIED,FPL_PLAYER_CODE_TO_PLAYER_MATCH_PL_CODE_TO_REGISTERED_SOURCE_PLAYER_ID,11,31,true,VERIFIED,VERIFIED,OBSERVED,STARTED,1ec7f0dc79055902251cd938650f622b0e79f3cc,https://github.com/imadeddine-belkat/Premier-League-Stats.git,_merged/players/2026-27_all_players_gw.csv,a1c7a4a79f9505c517dfb17db8dd7d6aed653bde289d3d6587b17c0bc5c25de8,2026-08-31T13:26:12Z,237,MID,440993,Iliman,Ndiaye,2645197,9,False,90,0,1,1,0,0,0,0,0,0,0,1,36,40.8,39.8,48.0,12.9,0,8,4,12,1,0.24,0.32,0.56,1.96,60,0,1434152,0,0,11
2026-27,3,3,239,1,player_match:927361,VERIFIED,FPL_PLAYER_CODE_TO_PLAYER_MATCH_PL_CODE_TO_REGISTERED_SOURCE_PLAYER_ID,11,31,true,VERIFIED,VERIFIED,OBSERVED,SUBSTITUTE_APPEARANCE,1ec7f0dc79055902251cd938650f622b0e79f3cc,https://github.com/imadeddine-belkat/Premier-League-Stats.git,_merged/players/2026-27_all_players_gw.csv,a1c7a4a79f9505c517dfb17db8dd7d6aed653bde289d3d6587b17c0bc5c25de8,2026-08-31T13:26:12Z,239,MID,232928,James,Garner,2645197,1,False,11,0,0,0,0,0,0,0,0,0,0,0,6,4.8,11.8,2.0,1.9,0,0,1,1,0,0.00,0.03,0.03,0.34,60,0,11659,0,0,11
2026-27,3,3,240,1,player_match:1085950,VERIFIED,FPL_PLAYER_CODE_TO_PLAYER_MATCH_PL_CODE_TO_REGISTERED_SOURCE_PLAYER_ID,11,31,true,VERIFIED,VERIFIED,OBSERVED,REGISTERED_ZERO_MINUTES,1ec7f0dc79055902251cd938650f622b0e79f3cc,https://github.com/imadeddine-belkat/Premier-League-Stats.git,_merged/players/2026-27_all_players_gw.csv,a1c7a4a79f9505c517dfb17db8dd7d6aed653bde289d3d6587b17c0bc5c25de8,2026-08-31T13:26:12Z,240,MID,490094,Tim,Iroegbunam,2645197,0,False,0,0,0,0,0,0,0,0,0,0,0,0,0,0.0,0.0,0.0,0.0,0,0,0,0,0,0.00,0.00,0.00,0.00,50,0,1417,0,0,11
2026-27,3,3,241,1,player_match:935543,VERIFIED,FPL_PLAYER_CODE_TO_PLAYER_MATCH_PL_CODE_TO_REGISTERED_SOURCE_PLAYER_ID,31,11,false,VERIFIED,VERIFIED,OBSERVED,STARTED,1ec7f0dc79055902251cd938650f622b0e79f3cc,https://github.com/imadeddine-belkat/Premier-League-Stats.git,_merged/players/2026-27_all_players_gw.csv,a1c7a4a79f9505c517dfb17db8dd7d6aed653bde289d3d6587b17c0bc5c25de8,2026-08-31T13:26:12Z,241,MID,433154,Dwight,McNeil,2645197,2,False,62,0,0,0,2,0,0,0,0,0,0,0,11,9.6,4.7,2.0,1.6,3,2,0,5,1,0.05,0.02,0.07,0.98,55,0,15735,0,0,31
2026-27,3,3,242,1,player_match:1403061,VERIFIED,FPL_PLAYER_CODE_TO_PLAYER_MATCH_PL_CODE_TO_REGISTERED_SOURCE_PLAYER_ID,11,31,true,VERIFIED,VERIFIED,OBSERVED,STARTED,1ec7f0dc79055902251cd938650f622b0e79f3cc,https://github.com/imadeddine-belkat/Premier-League-Stats.git,_merged/players/2026-27_all_players_gw.csv,a1c7a4a79f9505c517dfb17db8dd7d6aed653bde289d3d6587b17c0bc5c25de8,2026-08-31T13:26:12Z,242,MID,550615,Tyrique,George,2645197,3,False,83,0,0,1,0,0,0,0,0,0,0,0,13,7.0,23.4,25.0,5.5,3,4,0,7,1,0.18,0.08,0.26,1.67,55,0,24527,0,0,11
2026-27,3,3,243,1,player_match:1017392,VERIFIED,FPL_PLAYER_CODE_TO_PLAYER_MATCH_PL_CODE_TO_REGISTERED_SOURCE_PLAYER_ID,11,31,true,VERIFIED,VERIFIED,OBSERVED,SUBSTITUTE_APPEARANCE,1ec7f0dc79055902251cd938650f622b0e79f3cc,https://github.com/imadeddine-belkat/Premier-League-Stats.git,_merged/players/2026-27_all_players_gw.csv,a1c7a4a79f9505c517dfb17db8dd7d6aed653bde289d3d6587b17c0bc5c25de8,2026-08-31T13:26:12Z,243,MID,502697,Carlos,Alcaraz Durán,2645197,1,False,1,0,0,0,0,0,0,0,0,0,0,0,7,5.0,0.3,17.0,2.2,0,2,1,3,0,0.02,0.00,0.02,0.04,50,0,8329,0,0,11
2026-27,3,3,244,1,player_match:1627560,VERIFIED,FPL_PLAYER_CODE_TO_PLAYER_MATCH_PL_CODE_TO_REGISTERED_SOURCE_PLAYER_ID,11,31,true,VERIFIED,VERIFIED,OBSERVED,STARTED,1ec7f0dc79055902251cd938650f622b0e79f3cc,https://github.com/imadeddine-belkat/Premier-League-Stats.git,_merged/players/2026-27_all_players_gw.csv,a1c7a4a79f9505c517dfb17db8dd7d6aed653bde289d3d6587b17c0bc5c25de8,2026-08-31T13:26:12Z,244,MID,609873,Harrison,Armstrong,2645197,8,False,90,0,1,1,0,0,0,0,0,0,0,0,25,28.8,14.7,4.0,4.8,3,11,2,16,1,0.00,0.04,0.04,1.96,50,0,6793,0,0,11
2026-27,3,3,245,1,player_match:1174472,VERIFIED,FPL_PLAYER_CODE_TO_PLAYER_MATCH_PL_CODE_TO_REGISTERED_SOURCE_PLAYER_ID,11,31,true,VERIFIED,VERIFIED,OBSERVED,REGISTERED_ZERO_MINUTES,1ec7f0dc79055902251cd938650f622b0e79f3cc,https://github.com/imadeddine-belkat/Premier-League-Stats.git,_merged/players/2026-27_all_players_gw.csv,a1c7a4a79f9505c517dfb17db8dd7d6aed653bde289d3d6587b17c0bc5c25de8,2026-08-31T13:26:12Z,245,MID,496661,Tyler,Dibling,2645197,0,False,0,0,0,0,0,0,0,0,0,0,0,0,0,0.0,0.0,0.0,0.0,0,0,0,0,0,0.00,0.00,0.00,0.00,55,0,3592,0,0,11
2026-27,3,3,246,1,player_match:1064082,VERIFIED,FPL_PLAYER_CODE_TO_PLAYER_MATCH_PL_CODE_TO_REGISTERED_SOURCE_PLAYER_ID,11,31,true,VERIFIED,VERIFIED,OBSERVED,STARTED,1ec7f0dc79055902251cd938650f622b0e79f3cc,https://github.com/imadeddine-belkat/Premier-League-Stats.git,_merged/players/2026-27_all_players_gw.csv,a1c7a4a79f9505c517dfb17db8dd7d6aed653bde289d3d6587b17c0bc5c25de8,2026-08-31T13:26:12Z,246,MID,513466,Merlin,Röhl,2645197,3,False,90,0,0,1,0,0,0,0,0,0,0,0,12,13.8,13.0,2.0,2.9,2,5,2,9,1,0.00,0.06,0.06,1.96,50,0,5179,0,0,11
2026-27,3,3,247,1,fpl_player:244860,SOURCE_NATIVE_VERIFIED,SOURCE_NATIVE_FPL_PLAYER_CODE,11,31,true,VERIFIED,VERIFIED,OBSERVED,STARTED,1ec7f0dc79055902251cd938650f622b0e79f3cc,https://github.com/imadeddine-belkat/Premier-League-Stats.git,_merged/players/2026-27_all_players_gw.csv,a1c7a4a79f9505c517dfb17db8dd7d6aed653bde289d3d6587b17c0bc5c25de8,2026-08-31T13:26:12Z,247,MID,244860,Hayden,Hackney,2645197,3,False,78,0,0,1,0,0,0,0,0,0,0,0,16,8.6,12.2,5.0,2.6,1,4,2,7,1,0.01,0.01,0.02,1.62,55,0,24410,0,0,11
2026-27,3,3,248,1,player_match:987489,SOURCE_NATIVE_VERIFIED,FPL_PLAYER_CODE_TO_PLAYER_MATCH_PL_CODE_TO_SOURCE_NATIVE_PLAYER,11,31,true,VERIFIED,VERIFIED,OBSERVED,SUBSTITUTE_APPEARANCE,1ec7f0dc79055902251cd938650f622b0e79f3cc,https://github.com/imadeddine-belkat/Premier-League-Stats.git,_merged/players/2026-27_all_players_gw.csv,a1c7a4a79f9505c517dfb17db8dd7d6aed653bde289d3d6587b17c0bc5c25de8,2026-08-31T13:26:12Z,248,FWD,486385,Norberto Bercique,Gomes Betuncal,2645197,1,False,11,0,0,0,0,0,0,0,0,0,0,0,3,0.0,0.0,2.0,0.2,0,0,0,0,0,0.05,0.00,0.05,0.34,55,0,249740,0,0,11
2026-27,3,3,249,1,player_match:1395746,VERIFIED,FPL_PLAYER_CODE_TO_PLAYER_MATCH_PL_CODE_TO_REGISTERED_SOURCE_PLAYER_ID,11,31,true,VERIFIED,VERIFIED,OBSERVED,STARTED,1ec7f0dc79055902251cd938650f622b0e79f3cc,https://github.com/imadeddine-belkat/Premier-League-Stats.git,_merged/players/2026-27_all_players_gw.csv,a1c7a4a79f9505c517dfb17db8dd7d6aed653bde289d3d6587b17c0bc5c25de8,2026-08-31T13:26:12Z,249,FWD,586309,Thierno,Barry,2645197,8,False,78,1,0,1,0,0,0,0,0,0,0,2,37,38.0,19.0,41.0,9.8,0,2,1,3,1,0.45,0.09,0.54,1.62,55,0,117327,0,0,11
2026-27,3,3,555,1,player_match:581610,VERIFIED,FPL_PLAYER_CODE_TO_PLAYER_MATCH_PL_CODE_TO_REGISTERED_SOURCE_PLAYER_ID,31,11,false,VERIFIED,VERIFIED,OBSERVED,REGISTERED_ZERO_MINUTES,1ec7f0dc79055902251cd938650f622b0e79f3cc,https://github.com/imadeddine-belkat/Premier-League-Stats.git,_merged/players/2026-27_all_players_gw.csv,a1c7a4a79f9505c517dfb17db8dd7d6aed653bde289d3d6587b17c0bc5c25de8,2026-08-31T13:26:12Z,555,GKP,169593,Remi,Matthews,2645197,0,False,0,0,0,0,0,0,0,0,0,0,0,0,0,0.0,0.0,0.0,0.0,0,0,0,0,0,0.00,0.00,0.00,0.00,40,0,156141,0,0,31
2026-27,3,3,577,1,player_match:804434,VERIFIED,FPL_PLAYER_CODE_TO_PLAYER_MATCH_PL_CODE_TO_REGISTERED_SOURCE_PLAYER_ID,31,11,false,VERIFIED,VERIFIED,OBSERVED,SUBSTITUTE_APPEARANCE,1ec7f0dc79055902251cd938650f622b0e79f3cc,https://github.com/imadeddine-belkat/Premier-League-Stats.git,_merged/players/2026-27_all_players_gw.csv,a1c7a4a79f9505c517dfb17db8dd7d6aed653bde289d3d6587b17c0bc5c25de8,2026-08-31T13:26:12Z,577,DEF,223723,Takehiro,Tomiyasu,2645197,1,False,18,0,0,0,0,0,0,0,0,0,0,0,3,2.4,2.4,0.0,0.5,1,1,0,1,0,0.00,0.01,0.01,0.14,45,0,31543,0,0,31
2026-27,3,3,588,1,fpl_player:570794,SOURCE_NATIVE_VERIFIED,SOURCE_NATIVE_FPL_PLAYER_CODE,31,11,false,VERIFIED,VERIFIED,OBSERVED,SUBSTITUTE_APPEARANCE,1ec7f0dc79055902251cd938650f622b0e79f3cc,https://github.com/imadeddine-belkat/Premier-League-Stats.git,_merged/players/2026-27_all_players_gw.csv,a1c7a4a79f9505c517dfb17db8dd7d6aed653bde289d3d6587b17c0bc5c25de8,2026-08-31T13:26:12Z,588,DEF,570794,Anan,Khalaili,2645197,1,False,35,0,0,0,0,0,0,0,0,0,0,0,12,24.0,26.5,4.0,5.5,5,3,4,9,0,0.00,0.16,0.16,0.27,50,0,8418,0,0,31
2026-27,3,3,595,1,fpl_player:559152,SOURCE_NATIVE_VERIFIED,SOURCE_NATIVE_FPL_PLAYER_CODE,31,11,false,VERIFIED,VERIFIED,OBSERVED,REGISTERED_ZERO_MINUTES,1ec7f0dc79055902251cd938650f622b0e79f3cc,https://github.com/imadeddine-belkat/Premier-League-Stats.git,_merged/players/2026-27_all_players_gw.csv,a1c7a4a79f9505c517dfb17db8dd7d6aed653bde289d3d6587b17c0bc5c25de8,2026-08-31T13:26:12Z,595,MID,559152,Zavier,Gozo,2645197,0,False,0,0,0,0,0,0,0,0,0,0,0,0,0,0.0,0.0,0.0,0.0,0,0,0,0,0,0.00,0.00,0.00,0.00,50,0,1214,0,0,31
2026-27,4,4,43,1,player_match:331737,VERIFIED,FPL_PLAYER_CODE_TO_PLAYER_MATCH_PL_CODE_TO_REGISTERED_SOURCE_PLAYER_ID,1,88,false,VERIFIED,VERIFIED,OBSERVED,STARTED,1ec7f0dc79055902251cd938650f622b0e79f3cc,https://github.com/imadeddine-belkat/Premier-League-Stats.git,_merged/players/2026-27_all_players_gw.csv,a1c7a4a79f9505c517dfb17db8dd7d6aed653bde289d3d6587b17c0bc5c25de8,2026-08-31T13:26:12Z,43,MID,166989,Youri,Tielemans,2645198,2,False,66,0,0,0,2,0,0,0,0,0,0,0,13,5.0,11.3,4.0,2.0,0,5,0,5,1,0.04,0.11,0.15,0.94,60,0,224637,0,0,1
2026-27,4,4,162,1,player_match:1105779,SOURCE_NATIVE_VERIFIED,FPL_PLAYER_CODE_TO_PLAYER_MATCH_PL_CODE_TO_SOURCE_NATIVE_PLAYER,1,88,false,VERIFIED,VERIFIED,OBSERVED,STARTED,1ec7f0dc79055902251cd938650f622b0e79f3cc,https://github.com/imadeddine-belkat/Premier-League-Stats.git,_merged/players/2026-27_all_players_gw.csv,a1c7a4a79f9505c517dfb17db8dd7d6aed653bde289d3d6587b17c0bc5c25de8,2026-08-31T13:26:12Z,162,MID,532605,Andrey,Nascimento dos Santos,2645198,2,False,66,0,0,0,2,0,0,0,0,0,0,0,17,11.4,4.2,2.0,1.8,3,5,1,9,1,0.00,0.23,0.23,0.94,50,0,93940,0,0,1
2026-27,4,4,273,1,fpl_player:167825,SOURCE_NATIVE_VERIFIED,SOURCE_NATIVE_FPL_PLAYER_CODE,88,1,true,VERIFIED,VERIFIED,OBSERVED,REGISTERED_ZERO_MINUTES,1ec7f0dc79055902251cd938650f622b0e79f3cc,https://github.com/imadeddine-belkat/Premier-League-Stats.git,_merged/players/2026-27_all_players_gw.csv,a1c7a4a79f9505c517dfb17db8dd7d6aed653bde289d3d6587b17c0bc5c25de8,2026-08-31T13:26:12Z,273,GKP,167825,Dillon,Phillips,2645198,0,False,0,0,0,0,0,0,0,0,0,0,0,0,0,0.0,0.0,0.0,0.0,0,0,0,0,0,0.00,0.00,0.00,0.00,40,0,138196,0,0,88
2026-27,4,4,274,1,player_match:98448,VERIFIED,FPL_PLAYER_CODE_TO_PLAYER_MATCH_PL_CODE_TO_REGISTERED_SOURCE_PLAYER_ID,88,1,true,VERIFIED,VERIFIED,OBSERVED,REGISTERED_ZERO_MINUTES,1ec7f0dc79055902251cd938650f622b0e79f3cc,https://github.com/imadeddine-belkat/Premier-League-Stats.git,_merged/players/2026-27_all_players_gw.csv,a1c7a4a79f9505c517dfb17db8dd7d6aed653bde289d3d6587b17c0bc5c25de8,2026-08-31T13:26:12Z,274,GKP,105666,Jack,Butland,2645198,0,False,0,0,0,0,0,0,0,0,0,0,0,0,0,0.0,0.0,0.0,0.0,0,0,0,0,0,0.00,0.00,0.00,0.00,45,0,11096,0,0,88
2026-27,4,4,275,1,fpl_player:494950,SOURCE_NATIVE_VERIFIED,SOURCE_NATIVE_FPL_PLAYER_CODE,88,1,true,VERIFIED,VERIFIED,OBSERVED,REGISTERED_ZERO_MINUTES,1ec7f0dc79055902251cd938650f622b0e79f3cc,https://github.com/imadeddine-belkat/Premier-League-Stats.git,_merged/players/2026-27_all_players_gw.csv,a1c7a4a79f9505c517dfb17db8dd7d6aed653bde289d3d6587b17c0bc5c25de8,2026-08-31T13:26:12Z,275,GKP,494950,Harvey,Cartwright,2645198,0,False,0,0,0,0,0,0,0,0,0,0,0,0,0,0.0,0.0,0.0,0.0,0,0,0,0,0,0.00,0.00,0.00,0.00,40,0,1022,0,0,88
2026-27,4,4,276,1,fpl_player:444307,SOURCE_NATIVE_VERIFIED,SOURCE_NATIVE_FPL_PLAYER_CODE,88,1,true,VERIFIED,VERIFIED,OBSERVED,REGISTERED_ZERO_MINUTES,1ec7f0dc79055902251cd938650f622b0e79f3cc,https://github.com/imadeddine-belkat/Premier-League-Stats.git,_merged/players/2026-27_all_players_gw.csv,a1c7a4a79f9505c517dfb17db8dd7d6aed653bde289d3d6587b17c0bc5c25de8,2026-08-31T13:26:12Z,276,GKP,444307,Thimothée,Lo-Tutala,2645198,0,False,0,0,0,0,0,0,0,0,0,0,0,0,0,0.0,0.0,0.0,0.0,0,0,0,0,0,0.00,0.00,0.00,0.00,40,0,3519,0,0,88
2026-27,4,4,277,1,player_match:100578,SOURCE_NATIVE_VERIFIED,FPL_PLAYER_CODE_TO_PLAYER_MATCH_PL_CODE_TO_SOURCE_NATIVE_PLAYER,88,1,true,VERIFIED,VERIFIED,OBSERVED,STARTED,1ec7f0dc79055902251cd938650f622b0e79f3cc,https://github.com/imadeddine-belkat/Premier-League-Stats.git,_merged/players/2026-27_all_players_gw.csv,a1c7a4a79f9505c517dfb17db8dd7d6aed653bde289d3d6587b17c0bc5c25de8,2026-08-31T13:26:12Z,277,DEF,108416,John,Egan,2645198,8,False,90,0,0,1,0,0,0,0,0,0,0,0,27,43.4,0.1,2.0,4.6,20,3,1,21,1,0.00,0.00,0.00,1.83,40,0,134746,0,0,88
2026-27,4,4,278,1,fpl_player:501902,SOURCE_NATIVE_VERIFIED,SOURCE_NATIVE_FPL_PLAYER_CODE,88,1,true,VERIFIED,VERIFIED,OBSERVED,REGISTERED_ZERO_MINUTES,1ec7f0dc79055902251cd938650f622b0e79f3cc,https://github.com/imadeddine-belkat/Premier-League-Stats.git,_merged/players/2026-27_all_players_gw.csv,a1c7a4a79f9505c517dfb17db8dd7d6aed653bde289d3d6587b17c0bc5c25de8,2026-08-31T13:26:12Z,278,DEF,501902,Charlie,Hughes,2645198,0,False,0,0,0,0,0,0,0,0,0,0,0,0,0,0.0,0.0,0.0,0.0,0,0,0,0,0,0.00,0.00,0.00,0.00,40,0,12660,0,0,88
2026-27,4,4,279,1,player_match:307274,SOURCE_NATIVE_VERIFIED,FPL_PLAYER_CODE_TO_PLAYER_MATCH_PL_CODE_TO_SOURCE_NATIVE_PLAYER,88,1,true,VERIFIED,VERIFIED,OBSERVED,STARTED,1ec7f0dc79055902251cd938650f622b0e79f3cc,https://github.com/imadeddine-belkat/Premier-League-Stats.git,_merged/players/2026-27_all_players_gw.csv,a1c7a4a79f9505c517dfb17db8dd7d6aed653bde289d3d6587b17c0bc5c25de8,2026-08-31T13:26:12Z,279,DEF,146426,Semi,Ajayi,2645198,14,False,63,1,0,1,0,0,0,0,0,0,0,2,39,44.2,0.2,35.0,7.9,7,3,0,7,1,0.52,0.00,0.52,0.86,40,0,83256,0,0,88
2026-27,4,4,280,1,fpl_player:193278,SOURCE_NATIVE_VERIFIED,SOURCE_NATIVE_FPL_PLAYER_CODE,88,1,true,VERIFIED,VERIFIED,OBSERVED,STARTED,1ec7f0dc79055902251cd938650f622b0e79f3cc,https://github.com/imadeddine-belkat/Premier-League-Stats.git,_merged/players/2026-27_all_players_gw.csv,a1c7a4a79f9505c517dfb17db8dd7d6aed653bde289d3d6587b17c0bc5c25de8,2026-08-31T13:26:12Z,280,DEF,193278,Lewie,Coyle,2645198,6,False,69,0,0,1,0,0,0,0,0,0,0,0,23,5.8,11.3,0.0,1.7,1,3,1,2,1,0.00,0.01,0.01,1.16,40,0,59278,0,0,88
2026-27,4,4,281,1,player_match:991577,SOURCE_NATIVE_VERIFIED,FPL_PLAYER_CODE_TO_PLAYER_MATCH_PL_CODE_TO_SOURCE_NATIVE_PLAYER,88,1,true,VERIFIED,VERIFIED,OBSERVED,SUBSTITUTE_APPEARANCE,1ec7f0dc79055902251cd938650f622b0e79f3cc,https://github.com/imadeddine-belkat/Premier-League-Stats.git,_merged/players/2026-27_all_players_gw.csv,a1c7a4a79f9505c517dfb17db8dd7d6aed653bde289d3d6587b17c0bc5c25de8,2026-08-31T13:26:12Z,281,DEF,433590,Cody,Drameh,2645198,1,False,20,0,0,0,0,0,0,0,0,0,0,0,4,2.2,0.0,1.0,0.3,2,2,1,3,0,0.05,0.00,0.05,0.67,40,0,1668,0,0,88
2026-27,4,4,282,1,player_match:931304,SOURCE_NATIVE_VERIFIED,FPL_PLAYER_CODE_TO_PLAYER_MATCH_PL_CODE_TO_SOURCE_NATIVE_PLAYER,88,1,true,VERIFIED,VERIFIED,OBSERVED,STARTED,1ec7f0dc79055902251cd938650f622b0e79f3cc,https://github.com/imadeddine-belkat/Premier-League-Stats.git,_merged/players/2026-27_all_players_gw.csv,a1c7a4a79f9505c517dfb17db8dd7d6aed653bde289d3d6587b17c0bc5c25de8,2026-08-31T13:26:12Z,282,DEF,232351,Ryan,Giles,2645198,6,False,84,0,0,1,0,0,0,0,0,0,0,0,24,13.8,18.8,4.0,3.7,5,1,1,6,1,0.02,0.07,0.09,1.76,40,0,67208,0,0,88
2026-27,4,4,283,1,fpl_player:449428,SOURCE_NATIVE_VERIFIED,SOURCE_NATIVE_FPL_PLAYER_CODE,88,1,true,VERIFIED,VERIFIED,OBSERVED,REGISTERED_ZERO_MINUTES,1ec7f0dc79055902251cd938650f622b0e79f3cc,https://github.com/imadeddine-belkat/Premier-League-Stats.git,_merged/players/2026-27_all_players_gw.csv,a1c7a4a79f9505c517dfb17db8dd7d6aed653bde289d3d6587b17c0bc5c25de8,2026-08-31T13:26:12Z,283,DEF,449428,Matty,Jacob,2645198,0,False,0,0,0,0,0,0,0,0,0,0,0,0,0,0.0,0.0,0.0,0.0,0,0,0,0,0,0.00,0.00,0.00,0.00,40,0,1251,0,0,88
2026-27,4,4,284,1,fpl_player:661800,SOURCE_NATIVE_VERIFIED,SOURCE_NATIVE_FPL_PLAYER_CODE,88,1,true,VERIFIED,VERIFIED,OBSERVED,REGISTERED_ZERO_MINUTES,1ec7f0dc79055902251cd938650f622b0e79f3cc,https://github.com/imadeddine-belkat/Premier-League-Stats.git,_merged/players/2026-27_all_players_gw.csv,a1c7a4a79f9505c517dfb17db8dd7d6aed653bde289d3d6587b17c0bc5c25de8,2026-08-31T13:26:12Z,284,DEF,661800,Cathal,McCarthy,2645198,0,False,0,0,0,0,0,0,0,0,0,0,0,0,0,0.0,0.0,0.0,0.0,0,0,0,0,0,0.00,0.00,0.00,0.00,40,0,7616,0,0,88
2026-27,4,4,285,1,player_match:592876,SOURCE_NATIVE_VERIFIED,FPL_PLAYER_CODE_TO_PLAYER_MATCH_PL_CODE_TO_SOURCE_NATIVE_PLAYER,88,1,true,VERIFIED,VERIFIED,OBSERVED,SUBSTITUTE_APPEARANCE,1ec7f0dc79055902251cd938650f622b0e79f3cc,https://github.com/imadeddine-belkat/Premier-League-Stats.git,_merged/players/2026-27_all_players_gw.csv,a1c7a4a79f9505c517dfb17db8dd7d6aed653bde289d3d6587b17c0bc5c25de8,2026-08-31T13:26:12Z,285,DEF,160817,Paddy,McNair,2645198,1,False,26,0,0,0,0,0,0,0,0,0,0,0,3,4.2,0.0,0.0,0.4,2,1,0,2,0,0.00,0.00,0.00,0.96,40,0,8697,0,0,88
2026-27,4,4,286,1,fpl_player:540324,SOURCE_NATIVE_VERIFIED,SOURCE_NATIVE_FPL_PLAYER_CODE,88,1,true,VERIFIED,VERIFIED,OBSERVED,STARTED,1ec7f0dc79055902251cd938650f622b0e79f3cc,https://github.com/imadeddine-belkat/Premier-League-Stats.git,_merged/players/2026-27_all_players_gw.csv,a1c7a4a79f9505c517dfb17db8dd7d6aed653bde289d3d6587b17c0bc5c25de8,2026-08-31T13:26:12Z,286,MID,540324,Mohamed,Belloumi,2645198,3,False,90,0,0,1,0,0,0,0,0,0,0,0,8,10.6,2.2,7.0,2.0,3,3,4,10,1,0.05,0.03,0.08,1.83,50,0,40446,0,0,88
2026-27,4,4,287,1,fpl_player:232905,SOURCE_NATIVE_VERIFIED,SOURCE_NATIVE_FPL_PLAYER_CODE,88,1,true,VERIFIED,VERIFIED,OBSERVED,SUBSTITUTE_APPEARANCE,1ec7f0dc79055902251cd938650f622b0e79f3cc,https://github.com/imadeddine-belkat/Premier-League-Stats.git,_merged/players/2026-27_all_players_gw.csv,a1c7a4a79f9505c517dfb17db8dd7d6aed653bde289d3d6587b17c0bc5c25de8,2026-08-31T13:26:12Z,287,MID,232905,Liam,Millar,2645198,0,False,19,0,0,0,0,0,0,0,1,0,0,0,2,2.0,0.3,2.0,0.4,1,1,1,3,0,0.00,0.00,0.00,0.67,50,0,6086,0,0,88
2026-27,4,4,288,1,player_match:784503,SOURCE_NATIVE_VERIFIED,FPL_PLAYER_CODE_TO_PLAYER_MATCH_PL_CODE_TO_SOURCE_NATIVE_PLAYER,88,1,true,VERIFIED,VERIFIED,OBSERVED,REGISTERED_ZERO_MINUTES,1ec7f0dc79055902251cd938650f622b0e79f3cc,https://github.com/imadeddine-belkat/Premier-League-Stats.git,_merged/players/2026-27_all_players_gw.csv,a1c7a4a79f9505c517dfb17db8dd7d6aed653bde289d3d6587b17c0bc5c25de8,2026-08-31T13:26:12Z,288,MID,171270,Kieran,Dowell,2645198,0,False,0,0,0,0,0,0,0,0,0,0,0,0,0,0.0,0.0,0.0,0.0,0,0,0,0,0,0.00,0.00,0.00,0.00,45,0,35457,0,0,88
2026-27,4,4,289,1,fpl_player:101282,SOURCE_NATIVE_VERIFIED,SOURCE_NATIVE_FPL_PLAYER_CODE,88,1,true,VERIFIED,VERIFIED,OBSERVED,STARTED,1ec7f0dc79055902251cd938650f622b0e79f3cc,https://github.com/imadeddine-belkat/Premier-League-Stats.git,_merged/players/2026-27_all_players_gw.csv,a1c7a4a79f9505c517dfb17db8dd7d6aed653bde289d3d6587b17c0bc5c25de8,2026-08-31T13:26:12Z,289,MID,101282,Matt,Crooks,2645198,2,False,90,0,0,1,0,0,0,0,1,0,0,0,9,19.0,2.4,0.0,2.1,4,1,4,9,1,0.00,0.00,0.00,1.83,45,0,57929,0,0,88
2026-27,4,4,290,1,fpl_player:243413,SOURCE_NATIVE_VERIFIED,SOURCE_NATIVE_FPL_PLAYER_CODE,88,1,true,VERIFIED,VERIFIED,OBSERVED,STARTED,1ec7f0dc79055902251cd938650f622b0e79f3cc,https://github.com/imadeddine-belkat/Premier-League-Stats.git,_merged/players/2026-27_all_players_gw.csv,a1c7a4a79f9505c517dfb17db8dd7d6aed653bde289d3d6587b17c0bc5c25de8,2026-08-31T13:26:12Z,290,MID,243413,Regan,Slater,2645198,6,False,90,0,1,1,0,0,0,0,0,0,0,0,20,18.4,19.3,0.0,3.8,0,2,1,3,1,0.00,0.44,0.44,1.83,45,0,272889,0,0,88
2026-27,4,4,291,1,fpl_player:465525,SOURCE_NATIVE_VERIFIED,SOURCE_NATIVE_FPL_PLAYER_CODE,88,1,true,VERIFIED,VERIFIED,OBSERVED,REGISTERED_ZERO_MINUTES,1ec7f0dc79055902251cd938650f622b0e79f3cc,https://github.com/imadeddine-belkat/Premier-League-Stats.git,_merged/players/2026-27_all_players_gw.csv,a1c7a4a79f9505c517dfb17db8dd7d6aed653bde289d3d6587b17c0bc5c25de8,2026-08-31T13:26:12Z,291,MID,465525,Eliot,Matazo,2645198,0,False,0,0,0,0,0,0,0,0,0,0,0,0,0,0.0,0.0,0.0,0.0,0,0,0,0,0,0.00,0.00,0.00,0.00,45,0,600,0,0,88
2026-27,4,4,292,1,fpl_player:208481,SOURCE_NATIVE_VERIFIED,SOURCE_NATIVE_FPL_PLAYER_CODE,88,1,true,VERIFIED,VERIFIED,OBSERVED,REGISTERED_ZERO_MINUTES,1ec7f0dc79055902251cd938650f622b0e79f3cc,https://github.com/imadeddine-belkat/Premier-League-Stats.git,_merged/players/2026-27_all_players_gw.csv,a1c7a4a79f9505c517dfb17db8dd7d6aed653bde289d3d6587b17c0bc5c25de8,2026-08-31T13:26:12Z,292,MID,208481,Abdülkadir,Ömür,2645198,0,False,0,0,0,0,0,0,0,0,0,0,0,0,0,0.0,0.0,0.0,0.0,0,0,0,0,0,0.00,0.00,0.00,0.00,50,0,1546,0,0,88
2026-27,4,4,293,1,player_match:1087476,SOURCE_NATIVE_VERIFIED,FPL_PLAYER_CODE_TO_PLAYER_MATCH_PL_CODE_TO_SOURCE_NATIVE_PLAYER,88,1,true,VERIFIED,VERIFIED,OBSERVED,REGISTERED_ZERO_MINUTES,1ec7f0dc79055902251cd938650f622b0e79f3cc,https://github.com/imadeddine-belkat/Premier-League-Stats.git,_merged/players/2026-27_all_players_gw.csv,a1c7a4a79f9505c517dfb17db8dd7d6aed653bde289d3d6587b17c0bc5c25de8,2026-08-31T13:26:12Z,293,MID,490161,Abu,Kamara,2645198,0,False,0,0,0,0,0,0,0,0,0,0,0,0,0,0.0,0.0,0.0,0.0,0,0,0,0,0,0.00,0.00,0.00,0.00,50,0,555,0,0,88
2026-27,4,4,294,1,fpl_player:553783,SOURCE_NATIVE_VERIFIED,SOURCE_NATIVE_FPL_PLAYER_CODE,88,1,true,VERIFIED,VERIFIED,OBSERVED,REGISTERED_ZERO_MINUTES,1ec7f0dc79055902251cd938650f622b0e79f3cc,https://github.com/imadeddine-belkat/Premier-League-Stats.git,_merged/players/2026-27_all_players_gw.csv,a1c7a4a79f9505c517dfb17db8dd7d6aed653bde289d3d6587b17c0bc5c25de8,2026-08-31T13:26:12Z,294,MID,553783,Óscar,Zambrano,2645198,0,False,0,0,0,0,0,0,0,0,0,0,0,0,0,0.0,0.0,0.0,0.0,0,0,0,0,0,0.00,0.00,0.00,0.00,45,0,10995,0,0,88
2026-27,4,4,295,1,player_match:367228,SOURCE_NATIVE_VERIFIED,FPL_PLAYER_CODE_TO_PLAYER_MATCH_PL_CODE_TO_SOURCE_NATIVE_PLAYER,88,1,true,VERIFIED,VERIFIED,OBSERVED,STARTED,1ec7f0dc79055902251cd938650f622b0e79f3cc,https://github.com/imadeddine-belkat/Premier-League-Stats.git,_merged/players/2026-27_all_players_gw.csv,a1c7a4a79f9505c517dfb17db8dd7d6aed653bde289d3d6587b17c0bc5c25de8,2026-08-31T13:26:12Z,295,FWD,169432,Oli,McBurnie,2645198,5,False,90,0,1,1,0,0,0,0,0,0,0,0,21,17.2,21.1,52.0,9.0,3,2,0,5,1,0.16,0.01,0.17,1.83,55,0,113765,0,0,88
2026-27,4,4,296,1,fpl_player:213292,SOURCE_NATIVE_VERIFIED,SOURCE_NATIVE_FPL_PLAYER_CODE,88,1,true,VERIFIED,VERIFIED,OBSERVED,REGISTERED_ZERO_MINUTES,1ec7f0dc79055902251cd938650f622b0e79f3cc,https://github.com/imadeddine-belkat/Premier-League-Stats.git,_merged/players/2026-27_all_players_gw.csv,a1c7a4a79f9505c517dfb17db8dd7d6aed653bde289d3d6587b17c0bc5c25de8,2026-08-31T13:26:12Z,296,MID,213292,David,Akintola,2645198,0,False,0,0,0,0,0,0,0,0,0,0,0,0,0,0.0,0.0,0.0,0.0,0,0,0,0,0,0.00,0.00,0.00,0.00,50,0,3400,0,0,88
2026-27,4,4,297,1,player_match:1067117,SOURCE_NATIVE_VERIFIED,FPL_PLAYER_CODE_TO_PLAYER_MATCH_PL_CODE_TO_SOURCE_NATIVE_PLAYER,88,1,true,VERIFIED,VERIFIED,OBSERVED,REGISTERED_ZERO_MINUTES,1ec7f0dc79055902251cd938650f622b0e79f3cc,https://github.com/imadeddine-belkat/Premier-League-Stats.git,_merged/players/2026-27_all_players_gw.csv,a1c7a4a79f9505c517dfb17db8dd7d6aed653bde289d3d6587b17c0bc5c25de8,2026-08-31T13:26:12Z,297,MID,470294,Darko,Gyabi,2645198,0,False,0,0,0,0,0,0,0,0,0,0,0,0,0,0.0,0.0,0.0,0.0,0,0,0,0,0,0.00,0.00,0.00,0.00,45,0,2774,0,0,88
2026-27,4,4,298,1,fpl_player:500957,SOURCE_NATIVE_VERIFIED,SOURCE_NATIVE_FPL_PLAYER_CODE,88,1,true,VERIFIED,VERIFIED,OBSERVED,REGISTERED_ZERO_MINUTES,1ec7f0dc79055902251cd938650f622b0e79f3cc,https://github.com/imadeddine-belkat/Premier-League-Stats.git,_merged/players/2026-27_all_players_gw.csv,a1c7a4a79f9505c517dfb17db8dd7d6aed653bde289d3d6587b17c0bc5c25de8,2026-08-31T13:26:12Z,298,FWD,500957,Enis,Destan,2645198,0,False,0,0,0,0,0,0,0,0,0,0,0,0,0,0.0,0.0,0.0,0.0,0,0,0,0,0,0.00,0.00,0.00,0.00,45,0,40958,0,0,88
2026-27,4,4,299,1,player_match:1138421,VERIFIED,FPL_PLAYER_CODE_TO_PLAYER_MATCH_PL_CODE_TO_REGISTERED_SOURCE_PLAYER_ID,88,1,true,VERIFIED,VERIFIED,OBSERVED,REGISTERED_ZERO_MINUTES,1ec7f0dc79055902251cd938650f622b0e79f3cc,https://github.com/imadeddine-belkat/Premier-League-Stats.git,_merged/players/2026-27_all_players_gw.csv,a1c7a4a79f9505c517dfb17db8dd7d6aed653bde289d3d6587b17c0bc5c25de8,2026-08-31T13:26:12Z,299,FWD,534392,Mason,Burstow,2645198,0,False,0,0,0,0,0,0,0,0,0,0,0,0,0,0.0,0.0,0.0,0.0,0,0,0,0,0,0.00,0.00,0.00,0.00,45,0,6401,0,0,88
2026-27,4,4,325,1,player_match:123689,VERIFIED,FPL_PLAYER_CODE_TO_PLAYER_MATCH_PL_CODE_TO_REGISTERED_SOURCE_PLAYER_ID,1,88,false,VERIFIED,VERIFIED,OBSERVED,REGISTERED_ZERO_MINUTES,1ec7f0dc79055902251cd938650f622b0e79f3cc,https://github.com/imadeddine-belkat/Premier-League-Stats.git,_merged/players/2026-27_all_players_gw.csv,a1c7a4a79f9505c517dfb17db8dd7d6aed653bde289d3d6587b17c0bc5c25de8,2026-08-31T13:26:12Z,325,GKP,59735,Karl,Darlow,2645198,0,False,0,0,0,0,0,0,0,0,0,0,0,0,0,0.0,0.0,0.0,0.0,0,0,0,0,0,0.00,0.00,0.00,0.00,45,0,3043,0,0,1
2026-27,4,4,340,1,player_match:945806,SOURCE_NATIVE_VERIFIED,FPL_PLAYER_CODE_TO_PLAYER_MATCH_PL_CODE_TO_SOURCE_NATIVE_PLAYER,88,1,true,VERIFIED,VERIFIED,OBSERVED,REGISTERED_ZERO_MINUTES,1ec7f0dc79055902251cd938650f622b0e79f3cc,https://github.com/imadeddine-belkat/Premier-League-Stats.git,_merged/players/2026-27_all_players_gw.csv,a1c7a4a79f9505c517dfb17db8dd7d6aed653bde289d3d6587b17c0bc5c25de8,2026-08-31T13:26:12Z,340,MID,462635,Joe,Gelhardt,2645198,0,False,0,0,0,0,0,0,0,0,0,0,0,0,0,0.0,0.0,0.0,0.0,0,0,0,0,0,0.00,0.00,0.00,0.00,50,0,1365,0,0,88
2026-27,4,4,412,1,player_match:964753,VERIFIED,FPL_PLAYER_CODE_TO_PLAYER_MATCH_PL_CODE_TO_REGISTERED_SOURCE_PLAYER_ID,1,88,false,VERIFIED,VERIFIED,OBSERVED,STARTED,1ec7f0dc79055902251cd938650f622b0e79f3cc,https://github.com/imadeddine-belkat/Premier-League-Stats.git,_merged/players/2026-27_all_players_gw.csv,a1c7a4a79f9505c517dfb17db8dd7d6aed653bde289d3d6587b17c0bc5c25de8,2026-08-31T13:26:12Z,412,GKP,465247,Senne,Lammens,2645198,1,False,90,0,0,0,2,0,0,0,0,0,2,0,7,20.2,0.0,0.0,2.0,2,8,0,0,1,0.00,0.00,0.00,1.01,50,0,1497029,0,0,1
2026-27,4,4,413,1,player_match:815890,VERIFIED,FPL_PLAYER_CODE_TO_PLAYER_MATCH_PL_CODE_TO_REGISTERED_SOURCE_PLAYER_ID,1,88,false,VERIFIED,VERIFIED,OBSERVED,REGISTERED_ZERO_MINUTES,1ec7f0dc79055902251cd938650f622b0e79f3cc,https://github.com/imadeddine-belkat/Premier-League-Stats.git,_merged/players/2026-27_all_players_gw.csv,a1c7a4a79f9505c517dfb17db8dd7d6aed653bde289d3d6587b17c0bc5c25de8,2026-08-31T13:26:12Z,413,GKP,451302,Altay,Bayındır,2645198,0,False,0,0,0,0,0,0,0,0,0,0,0,0,0,0.0,0.0,0.0,0.0,0,0,0,0,0,0.00,0.00,0.00,0.00,45,0,2353,0,0,1
2026-27,4,4,414,1,player_match:18122,VERIFIED,FPL_PLAYER_CODE_TO_PLAYER_MATCH_PL_CODE_TO_REGISTERED_SOURCE_PLAYER_ID,1,88,false,VERIFIED,VERIFIED,OBSERVED,REGISTERED_ZERO_MINUTES,1ec7f0dc79055902251cd938650f622b0e79f3cc,https://github.com/imadeddine-belkat/Premier-League-Stats.git,_merged/players/2026-27_all_players_gw.csv,a1c7a4a79f9505c517dfb17db8dd7d6aed653bde289d3d6587b17c0bc5c25de8,2026-08-31T13:26:12Z,414,GKP,21205,Tom,Heaton,2645198,0,False,0,0,0,0,0,0,0,0,0,0,0,0,0,0.0,0.0,0.0,0.0,0,0,0,0,0,0.00,0.00,0.00,0.00,40,0,9078,0,0,1
2026-27,4,4,415,1,player_match:1397168,VERIFIED,FPL_PLAYER_CODE_TO_PLAYER_MATCH_PL_CODE_TO_REGISTERED_SOURCE_PLAYER_ID,1,88,false,VERIFIED,VERIFIED,OBSERVED,STARTED,1ec7f0dc79055902251cd938650f622b0e79f3cc,https://github.com/imadeddine-belkat/Premier-League-Stats.git,_merged/players/2026-27_all_players_gw.csv,a1c7a4a79f9505c517dfb17db8dd7d6aed653bde289d3d6587b17c0bc5c25de8,2026-08-31T13:26:12Z,415,MID,596777,Patrick,Dorgu,2645198,0,False,45,0,0,0,2,0,0,0,1,0,0,0,-11,0.0,1.2,16.0,0.7,1,0,0,1,1,0.47,0.03,0.50,0.92,60,0,121744,0,0,1
2026-27,4,4,416,1,player_match:803031,VERIFIED,FPL_PLAYER_CODE_TO_PLAYER_MATCH_PL_CODE_TO_REGISTERED_SOURCE_PLAYER_ID,1,88,false,VERIFIED,VERIFIED,OBSERVED,REGISTERED_ZERO_MINUTES,1ec7f0dc79055902251cd938650f622b0e79f3cc,https://github.com/imadeddine-belkat/Premier-League-Stats.git,_merged/players/2026-27_all_players_gw.csv,a1c7a4a79f9505c517dfb17db8dd7d6aed653bde289d3d6587b17c0bc5c25de8,2026-08-31T13:26:12Z,416,DEF,209365,Matthijs,de Ligt,2645198,0,False,0,0,0,0,0,0,0,0,0,0,0,0,0,0.0,0.0,0.0,0.0,0,0,0,0,0,0.00,0.00,0.00,0.00,50,0,2274,0,0,1
2026-27,4,4,417,1,player_match:843200,SOURCE_NATIVE_VERIFIED,FPL_PLAYER_CODE_TO_PLAYER_MATCH_PL_CODE_TO_SOURCE_NATIVE_PLAYER,1,88,false,VERIFIED,VERIFIED,OBSERVED,SUBSTITUTE_APPEARANCE,1ec7f0dc79055902251cd938650f622b0e79f3cc,https://github.com/imadeddine-belkat/Premier-League-Stats.git,_merged/players/2026-27_all_players_gw.csv,a1c7a4a79f9505c517dfb17db8dd7d6aed653bde289d3d6587b17c0bc5c25de8,2026-08-31T13:26:12Z,417,DEF,216051,Diogo,Dalot Teixeira,2645198,1,False,10,0,0,0,0,0,0,0,0,0,0,0,6,7.6,11.3,0.0,1.9,1,1,2,3,0,0.00,0.00,0.00,0.00,50,0,246316,0,0,1
2026-27,4,4,418,1,player_match:149380,VERIFIED,FPL_PLAYER_CODE_TO_PLAYER_MATCH_PL_CODE_TO_REGISTERED_SOURCE_PLAYER_ID,1,88,false,VERIFIED,VERIFIED,OBSERVED,STARTED,1ec7f0dc79055902251cd938650f622b0e79f3cc,https://github.com/imadeddine-belkat/Premier-League-Stats.git,_merged/players/2026-27_all_players_gw.csv,a1c7a4a79f9505c517dfb17db8dd7d6aed653bde289d3d6587b17c0bc5c25de8,2026-08-31T13:26:12Z,418,DEF,95658,Harry,Maguire,2645198,1,False,90,0,0,0,2,0,0,0,0,0,0,0,15,25.4,28.6,19.0,7.3,4,5,0,4,1,0.04,0.40,0.44,1.01,50,0,1650905,0,0,1
2026-27,4,4,419,1,player_match:859999,VERIFIED,FPL_PLAYER_CODE_TO_PLAYER_MATCH_PL_CODE_TO_REGISTERED_SOURCE_PLAYER_ID,1,88,false,VERIFIED,VERIFIED,OBSERVED,REGISTERED_ZERO_MINUTES,1ec7f0dc79055902251cd938650f622b0e79f3cc,https://github.com/imadeddine-belkat/Premier-League-Stats.git,_merged/players/2026-27_all_players_gw.csv,a1c7a4a79f9505c517dfb17db8dd7d6aed653bde289d3d6587b17c0bc5c25de8,2026-08-31T13:26:12Z,419,DEF,221820,Lisandro,Martínez,2645198,0,False,0,0,0,0,0,0,0,0,0,0,0,0,0,0.0,0.0,0.0,0.0,0,0,0,0,0,0.00,0.00,0.00,0.00,50,0,115360,0,0,1
2026-27,4,4,420,1,player_match:1153315,VERIFIED,FPL_PLAYER_CODE_TO_PLAYER_MATCH_PL_CODE_TO_REGISTERED_SOURCE_PLAYER_ID,1,88,false,VERIFIED,VERIFIED,OBSERVED,REGISTERED_ZERO_MINUTES,1ec7f0dc79055902251cd938650f622b0e79f3cc,https://github.com/imadeddine-belkat/Premier-League-Stats.git,_merged/players/2026-27_all_players_gw.csv,a1c7a4a79f9505c517dfb17db8dd7d6aed653bde289d3d6587b17c0bc5c25de8,2026-08-31T13:26:12Z,420,DEF,550864,Leny,Yoro,2645198,0,False,0,0,0,0,0,0,0,0,0,0,0,0,0,0.0,0.0,0.0,0.0,0,0,0,0,0,0.00,0.00,0.00,0.00,50,0,62047,0,0,1
2026-27,4,4,421,1,player_match:1445799,VERIFIED,FPL_PLAYER_CODE_TO_PLAYER_MATCH_PL_CODE_TO_REGISTERED_SOURCE_PLAYER_ID,1,88,false,VERIFIED,VERIFIED,OBSERVED,STARTED,1ec7f0dc79055902251cd938650f622b0e79f3cc,https://github.com/imadeddine-belkat/Premier-League-Stats.git,_merged/players/2026-27_all_players_gw.csv,a1c7a4a79f9505c517dfb17db8dd7d6aed653bde289d3d6587b17c0bc5c25de8,2026-08-31T13:26:12Z,421,DEF,606745,Ayden,Heaven,2645198,1,False,90,0,0,0,2,0,0,0,0,0,0,0,5,6.8,2.6,11.0,2.0,1,4,1,2,1,0.12,0.04,0.16,1.01,45,0,33647,0,0,1
2026-27,4,4,422,1,player_match:847030,VERIFIED,FPL_PLAYER_CODE_TO_PLAYER_MATCH_PL_CODE_TO_REGISTERED_SOURCE_PLAYER_ID,1,88,false,VERIFIED,VERIFIED,OBSERVED,STARTED,1ec7f0dc79055902251cd938650f622b0e79f3cc,https://github.com/imadeddine-belkat/Premier-League-Stats.git,_merged/players/2026-27_all_players_gw.csv,a1c7a4a79f9505c517dfb17db8dd7d6aed653bde289d3d6587b17c0bc5c25de8,2026-08-31T13:26:12Z,422,DEF,230001,Noussair,Mazraoui,2645198,1,False,79,0,0,0,2,0,0,0,0,0,0,0,8,17.4,29.4,9.0,5.6,4,3,1,5,1,0.22,0.05,0.27,1.01,45,0,56217,0,0,1
2026-27,4,4,423,1,player_match:190839,VERIFIED,FPL_PLAYER_CODE_TO_PLAYER_MATCH_PL_CODE_TO_REGISTERED_SOURCE_PLAYER_ID,1,88,false,VERIFIED,VERIFIED,OBSERVED,STARTED,1ec7f0dc79055902251cd938650f622b0e79f3cc,https://github.com/imadeddine-belkat/Premier-League-Stats.git,_merged/players/2026-27_all_players_gw.csv,a1c7a4a79f9505c517dfb17db8dd7d6aed653bde289d3d6587b17c0bc5c25de8,2026-08-31T13:26:12Z,423,DEF,106760,Luke,Shaw,2645198,1,False,90,0,0,0,2,0,0,0,0,0,0,0,13,25.2,59.2,6.0,9.0,3,3,1,4,1,0.00,0.26,0.26,1.01,45,0,1947696,0,0,1
2026-27,4,4,424,1,player_match:1461595,SOURCE_NATIVE_VERIFIED,FPL_PLAYER_CODE_TO_PLAYER_MATCH_PL_CODE_TO_SOURCE_NATIVE_PLAYER,1,88,false,VERIFIED,VERIFIED,OBSERVED,REGISTERED_ZERO_MINUTES,1ec7f0dc79055902251cd938650f622b0e79f3cc,https://github.com/imadeddine-belkat/Premier-League-Stats.git,_merged/players/2026-27_all_players_gw.csv,a1c7a4a79f9505c517dfb17db8dd7d6aed653bde289d3d6587b17c0bc5c25de8,2026-08-31T13:26:12Z,424,DEF,577974,Harry,Amass,2645198,0,False,0,0,0,0,0,0,0,0,0,0,0,0,0,0.0,0.0,0.0,0.0,0,0,0,0,0,0.00,0.00,0.00,0.00,40,0,18310,0,0,1
2026-27,4,4,425,1,player_match:1142182,VERIFIED,FPL_PLAYER_CODE_TO_PLAYER_MATCH_PL_CODE_TO_REGISTERED_SOURCE_PLAYER_ID,1,88,false,VERIFIED,VERIFIED,OBSERVED,REGISTERED_ZERO_MINUTES,1ec7f0dc79055902251cd938650f622b0e79f3cc,https://github.com/imadeddine-belkat/Premier-League-Stats.git,_merged/players/2026-27_all_players_gw.csv,a1c7a4a79f9505c517dfb17db8dd7d6aed653bde289d3d6587b17c0bc5c25de8,2026-08-31T13:26:12Z,425,DEF,547676,Tyler,Fredricson,2645198,0,False,0,0,0,0,0,0,0,0,0,0,0,0,0,0.0,0.0,0.0,0.0,0,0,0,0,0,0.00,0.00,0.00,0.00,40,0,2582,0,0,1
2026-27,4,4,426,1,player_match:288205,SOURCE_NATIVE_VERIFIED,FPL_PLAYER_CODE_TO_PLAYER_MATCH_PL_CODE_TO_SOURCE_NATIVE_PLAYER,1,88,false,VERIFIED,VERIFIED,OBSERVED,STARTED,1ec7f0dc79055902251cd938650f622b0e79f3cc,https://github.com/imadeddine-belkat/Premier-League-Stats.git,_merged/players/2026-27_all_players_gw.csv,a1c7a4a79f9505c517dfb17db8dd7d6aed653bde289d3d6587b17c0bc5c25de8,2026-08-31T13:26:12Z,426,MID,141746,Bruno,Borges Fernandes,2645198,2,False,90,0,0,0,2,0,0,0,0,0,0,0,18,20.2,55.4,17.0,9.3,1,5,0,6,1,0.08,0.26,0.34,1.01,120,0,4653303,0,0,1
2026-27,4,4,427,1,player_match:927083,VERIFIED,FPL_PLAYER_CODE_TO_PLAYER_MATCH_PL_CODE_TO_REGISTERED_SOURCE_PLAYER_ID,1,88,false,VERIFIED,VERIFIED,OBSERVED,STARTED,1ec7f0dc79055902251cd938650f622b0e79f3cc,https://github.com/imadeddine-belkat/Premier-League-Stats.git,_merged/players/2026-27_all_players_gw.csv,a1c7a4a79f9505c517dfb17db8dd7d6aed653bde289d3d6587b17c0bc5c25de8,2026-08-31T13:26:12Z,427,MID,446008,Bryan,Mbeumo,2645198,2,False,90,0,0,0,2,0,0,0,0,0,0,0,12,9.6,28.1,49.0,8.7,0,4,0,4,1,0.50,0.23,0.73,1.01,80,0,3492739,0,0,1
2026-27,4,4,428,1,player_match:886363,SOURCE_NATIVE_VERIFIED,FPL_PLAYER_CODE_TO_PLAYER_MATCH_PL_CODE_TO_SOURCE_NATIVE_PLAYER,1,88,false,VERIFIED,VERIFIED,OBSERVED,STARTED,1ec7f0dc79055902251cd938650f622b0e79f3cc,https://github.com/imadeddine-belkat/Premier-League-Stats.git,_merged/players/2026-27_all_players_gw.csv,a1c7a4a79f9505c517dfb17db8dd7d6aed653bde289d3d6587b17c0bc5c25de8,2026-08-31T13:26:12Z,428,MID,430871,Matheus,Santos Carneiro da Cunha,2645198,2,False,79,0,0,0,2,0,0,0,0,0,0,0,14,5.4,28.2,35.0,6.9,0,3,0,3,1,0.24,0.21,0.45,1.01,80,0,901042,0,0,1
2026-27,4,4,429,1,player_match:814590,VERIFIED,FPL_PLAYER_CODE_TO_PLAYER_MATCH_PL_CODE_TO_REGISTERED_SOURCE_PLAYER_ID,1,88,false,VERIFIED,VERIFIED,OBSERVED,SUBSTITUTE_APPEARANCE,1ec7f0dc79055902251cd938650f622b0e79f3cc,https://github.com/imadeddine-belkat/Premier-League-Stats.git,_merged/players/2026-27_all_players_gw.csv,a1c7a4a79f9505c517dfb17db8dd7d6aed653bde289d3d6587b17c0bc5c25de8,2026-08-31T13:26:12Z,429,MID,176297,Marcus,Rashford,2645198,1,False,45,0,0,0,0,0,0,0,0,0,0,0,9,11.6,48.6,4.0,6.4,0,1,0,1,0,0.00,0.10,0.10,0.09,70,0,134653,0,0,1
2026-27,4,4,430,1,player_match:836694,VERIFIED,FPL_PLAYER_CODE_TO_PLAYER_MATCH_PL_CODE_TO_REGISTERED_SOURCE_PLAYER_ID,1,88,false,VERIFIED,VERIFIED,OBSERVED,REGISTERED_ZERO_MINUTES,1ec7f0dc79055902251cd938650f622b0e79f3cc,https://github.com/imadeddine-belkat/Premier-League-Stats.git,_merged/players/2026-27_all_players_gw.csv,a1c7a4a79f9505c517dfb17db8dd7d6aed653bde289d3d6587b17c0bc5c25de8,2026-08-31T13:26:12Z,430,MID,184341,Mason,Mount,2645198,0,False,0,0,0,0,0,0,0,0,0,0,0,0,0,0.0,0.0,0.0,0.0,0,0,0,0,0,0.00,0.00,0.00,0.00,55,0,3202,0,0,1
2026-27,4,4,431,1,player_match:971037,VERIFIED,FPL_PLAYER_CODE_TO_PLAYER_MATCH_PL_CODE_TO_REGISTERED_SOURCE_PLAYER_ID,1,88,false,VERIFIED,VERIFIED,OBSERVED,REGISTERED_ZERO_MINUTES,1ec7f0dc79055902251cd938650f622b0e79f3cc,https://github.com/imadeddine-belkat/Premier-League-Stats.git,_merged/players/2026-27_all_players_gw.csv,a1c7a4a79f9505c517dfb17db8dd7d6aed653bde289d3d6587b17c0bc5c25de8,2026-08-31T13:26:12Z,431,MID,493250,Amad,Diallo,2645198,0,False,0,0,0,0,0,0,0,0,0,0,0,0,0,0.0,0.0,0.0,0.0,0,0,0,0,0,0.00,0.00,0.00,0.00,60,0,145627,0,0,1
2026-27,4,4,432,1,player_match:1142175,VERIFIED,FPL_PLAYER_CODE_TO_PLAYER_MATCH_PL_CODE_TO_REGISTERED_SOURCE_PLAYER_ID,1,88,false,VERIFIED,VERIFIED,OBSERVED,SUBSTITUTE_APPEARANCE,1ec7f0dc79055902251cd938650f622b0e79f3cc,https://github.com/imadeddine-belkat/Premier-League-Stats.git,_merged/players/2026-27_all_players_gw.csv,a1c7a4a79f9505c517dfb17db8dd7d6aed653bde289d3d6587b17c0bc5c25de8,2026-08-31T13:26:12Z,432,MID,516895,Kobbie,Mainoo,2645198,1,False,23,0,0,0,0,0,0,0,0,0,0,0,7,2.8,2.5,2.0,0.7,0,1,0,1,0,0.07,0.01,0.08,0.07,55,0,89014,0,0,1
2026-27,4,4,433,1,player_match:846425,SOURCE_NATIVE_VERIFIED,FPL_PLAYER_CODE_TO_PLAYER_MATCH_PL_CODE_TO_SOURCE_NATIVE_PLAYER,1,88,false,VERIFIED,VERIFIED,OBSERVED,REGISTERED_ZERO_MINUTES,1ec7f0dc79055902251cd938650f622b0e79f3cc,https://github.com/imadeddine-belkat/Premier-League-Stats.git,_merged/players/2026-27_all_players_gw.csv,a1c7a4a79f9505c517dfb17db8dd7d6aed653bde289d3d6587b17c0bc5c25de8,2026-08-31T13:26:12Z,433,MID,232112,Manuel,Ugarte Ribeiro,2645198,0,False,0,0,0,0,0,0,0,0,0,0,0,0,0,0.0,0.0,0.0,0.0,0,0,0,0,0,0.00,0.00,0.00,0.00,50,0,333,0,0,1
2026-27,4,4,434,1,player_match:1402726,VERIFIED,FPL_PLAYER_CODE_TO_PLAYER_MATCH_PL_CODE_TO_REGISTERED_SOURCE_PLAYER_ID,1,88,false,VERIFIED,VERIFIED,OBSERVED,REGISTERED_ZERO_MINUTES,1ec7f0dc79055902251cd938650f622b0e79f3cc,https://github.com/imadeddine-belkat/Premier-League-Stats.git,_merged/players/2026-27_all_players_gw.csv,a1c7a4a79f9505c517dfb17db8dd7d6aed653bde289d3d6587b17c0bc5c25de8,2026-08-31T13:26:12Z,434,MID,547037,Jack,Fletcher,2645198,0,False,0,0,0,0,0,0,0,0,0,0,0,0,0,0.0,0.0,0.0,0.0,0,0,0,0,0,0.00,0.00,0.00,0.00,50,0,1008,0,0,1
2026-27,4,4,435,1,player_match:1465865,VERIFIED,FPL_PLAYER_CODE_TO_PLAYER_MATCH_PL_CODE_TO_REGISTERED_SOURCE_PLAYER_ID,1,88,false,VERIFIED,VERIFIED,OBSERVED,SUBSTITUTE_APPEARANCE,1ec7f0dc79055902251cd938650f622b0e79f3cc,https://github.com/imadeddine-belkat/Premier-League-Stats.git,_merged/players/2026-27_all_players_gw.csv,a1c7a4a79f9505c517dfb17db8dd7d6aed653bde289d3d6587b17c0bc5c25de8,2026-08-31T13:26:12Z,435,MID,576628,Shea,Lacey,2645198,1,False,10,0,0,0,0,0,0,0,0,0,0,0,3,0.2,0.6,0.0,0.1,0,1,0,1,0,0.00,0.00,0.00,0.00,50,0,4147,0,0,1
2026-27,4,4,436,1,player_match:1084356,SOURCE_NATIVE_VERIFIED,FPL_PLAYER_CODE_TO_PLAYER_MATCH_PL_CODE_TO_SOURCE_NATIVE_PLAYER,1,88,false,VERIFIED,VERIFIED,OBSERVED,REGISTERED_ZERO_MINUTES,1ec7f0dc79055902251cd938650f622b0e79f3cc,https://github.com/imadeddine-belkat/Premier-League-Stats.git,_merged/players/2026-27_all_players_gw.csv,a1c7a4a79f9505c517dfb17db8dd7d6aed653bde289d3d6587b17c0bc5c25de8,2026-08-31T13:26:12Z,436,MID,490881,Toby,Collyer,2645198,0,False,0,0,0,0,0,0,0,0,0,0,0,0,0,0.0,0.0,0.0,0.0,0,0,0,0,0,0.00,0.00,0.00,0.00,50,0,1568,0,0,1
2026-27,4,4,437,1,player_match:1545190,VERIFIED,FPL_PLAYER_CODE_TO_PLAYER_MATCH_PL_CODE_TO_REGISTERED_SOURCE_PLAYER_ID,1,88,false,VERIFIED,VERIFIED,OBSERVED,REGISTERED_ZERO_MINUTES,1ec7f0dc79055902251cd938650f622b0e79f3cc,https://github.com/imadeddine-belkat/Premier-League-Stats.git,_merged/players/2026-27_all_players_gw.csv,a1c7a4a79f9505c517dfb17db8dd7d6aed653bde289d3d6587b17c0bc5c25de8,2026-08-31T13:26:12Z,437,MID,576620,Bendito,Mantato,2645198,0,False,0,0,0,0,0,0,0,0,0,0,0,0,0,0.0,0.0,0.0,0.0,0,0,0,0,0,0.00,0.00,0.00,0.00,45,0,16079,0,0,1
2026-27,4,4,438,1,player_match:1402850,VERIFIED,FPL_PLAYER_CODE_TO_PLAYER_MATCH_PL_CODE_TO_REGISTERED_SOURCE_PLAYER_ID,1,88,false,VERIFIED,VERIFIED,OBSERVED,REGISTERED_ZERO_MINUTES,1ec7f0dc79055902251cd938650f622b0e79f3cc,https://github.com/imadeddine-belkat/Premier-League-Stats.git,_merged/players/2026-27_all_players_gw.csv,a1c7a4a79f9505c517dfb17db8dd7d6aed653bde289d3d6587b17c0bc5c25de8,2026-08-31T13:26:12Z,438,MID,519913,Tyler,Fletcher,2645198,0,False,0,0,0,0,0,0,0,0,0,0,0,0,0,0.0,0.0,0.0,0.0,0,0,0,0,0,0.00,0.00,0.00,0.00,45,0,31336,0,0,1
2026-27,4,4,439,1,player_match:986397,VERIFIED,FPL_PLAYER_CODE_TO_PLAYER_MATCH_PL_CODE_TO_REGISTERED_SOURCE_PLAYER_ID,1,88,false,VERIFIED,VERIFIED,OBSERVED,SUBSTITUTE_APPEARANCE,1ec7f0dc79055902251cd938650f622b0e79f3cc,https://github.com/imadeddine-belkat/Premier-League-Stats.git,_merged/players/2026-27_all_players_gw.csv,a1c7a4a79f9505c517dfb17db8dd7d6aed653bde289d3d6587b17c0bc5c25de8,2026-08-31T13:26:12Z,439,FWD,485711,Benjamin,Sesko,2645198,1,False,23,0,0,0,0,0,0,0,0,0,0,0,2,0.0,0.5,9.0,0.9,0,0,0,0,0,0.04,0.00,0.04,0.07,70,0,114788,0,0,1
2026-27,4,4,440,1,player_match:917007,VERIFIED,FPL_PLAYER_CODE_TO_PLAYER_MATCH_PL_CODE_TO_REGISTERED_SOURCE_PLAYER_ID,1,88,false,VERIFIED,VERIFIED,OBSERVED,REGISTERED_ZERO_MINUTES,1ec7f0dc79055902251cd938650f622b0e79f3cc,https://github.com/imadeddine-belkat/Premier-League-Stats.git,_merged/players/2026-27_all_players_gw.csv,a1c7a4a79f9505c517dfb17db8dd7d6aed653bde289d3d6587b17c0bc5c25de8,2026-08-31T13:26:12Z,440,FWD,458249,Joshua,Zirkzee,2645198,0,False,0,0,0,0,0,0,0,0,0,0,0,0,0,0.0,0.0,0.0,0.0,0,0,0,0,0,0.00,0.00,0.00,0.00,55,0,56060,0,0,1
2026-27,4,4,441,1,player_match:1566204,SOURCE_NATIVE_VERIFIED,FPL_PLAYER_CODE_TO_PLAYER_MATCH_PL_CODE_TO_SOURCE_NATIVE_PLAYER,1,88,false,VERIFIED,VERIFIED,OBSERVED,REGISTERED_ZERO_MINUTES,1ec7f0dc79055902251cd938650f622b0e79f3cc,https://github.com/imadeddine-belkat/Premier-League-Stats.git,_merged/players/2026-27_all_players_gw.csv,a1c7a4a79f9505c517dfb17db8dd7d6aed653bde289d3d6587b17c0bc5c25de8,2026-08-31T13:26:12Z,441,FWD,596047,Chido,Obi,2645198,0,False,0,0,0,0,0,0,0,0,0,0,0,0,0,0.0,0.0,0.0,0.0,0,0,0,0,0,0.00,0.00,0.00,0.00,45,0,100521,0,0,1
2026-27,4,4,556,1,player_match:368134,VERIFIED,FPL_PLAYER_CODE_TO_PLAYER_MATCH_PL_CODE_TO_REGISTERED_SOURCE_PLAYER_ID,88,1,true,VERIFIED,VERIFIED,OBSERVED,SUBSTITUTE_APPEARANCE,1ec7f0dc79055902251cd938650f622b0e79f3cc,https://github.com/imadeddine-belkat/Premier-League-Stats.git,_merged/players/2026-27_all_players_gw.csv,a1c7a4a79f9505c517dfb17db8dd7d6aed653bde289d3d6587b17c0bc5c25de8,2026-08-31T13:26:12Z,556,DEF,169359,Matt,Targett,2645198,1,False,5,0,0,0,0,0,0,0,0,0,0,0,3,0.4,0.0,0.0,0.0,0,1,0,0,0,0.00,0.00,0.00,0.07,40,0,218902,0,0,88
2026-27,4,4,563,1,fpl_player:445028,SOURCE_NATIVE_VERIFIED,SOURCE_NATIVE_FPL_PLAYER_CODE,88,1,true,VERIFIED,VERIFIED,OBSERVED,REGISTERED_ZERO_MINUTES,1ec7f0dc79055902251cd938650f622b0e79f3cc,https://github.com/imadeddine-belkat/Premier-League-Stats.git,_merged/players/2026-27_all_players_gw.csv,a1c7a4a79f9505c517dfb17db8dd7d6aed653bde289d3d6587b17c0bc5c25de8,2026-08-31T13:26:12Z,563,MID,445028,Hidemasa,Morita,2645198,0,False,0,0,0,0,0,0,0,0,0,0,0,0,0,0.0,0.0,0.0,0.0,0,0,0,0,0,0.00,0.00,0.00,0.00,50,0,2175,0,0,88
2026-27,4,4,572,1,fpl_player:473284,SOURCE_NATIVE_VERIFIED,SOURCE_NATIVE_FPL_PLAYER_CODE,88,1,true,VERIFIED,VERIFIED,OBSERVED,STARTED,1ec7f0dc79055902251cd938650f622b0e79f3cc,https://github.com/imadeddine-belkat/Premier-League-Stats.git,_merged/players/2026-27_all_players_gw.csv,a1c7a4a79f9505c517dfb17db8dd7d6aed653bde289d3d6587b17c0bc5c25de8,2026-08-31T13:26:12Z,572,GKP,473284,Konstantinos,Tzolakis,2645198,10,False,90,0,0,1,0,0,0,0,0,0,5,3,41,34.6,0.0,0.0,3.5,0,22,0,0,1,0.00,0.00,0.00,1.83,45,0,48305,0,0,88
2026-27,4,4,574,1,fpl_player:552946,SOURCE_NATIVE_VERIFIED,SOURCE_NATIVE_FPL_PLAYER_CODE,88,1,true,VERIFIED,VERIFIED,OBSERVED,REGISTERED_ZERO_MINUTES,1ec7f0dc79055902251cd938650f622b0e79f3cc,https://github.com/imadeddine-belkat/Premier-League-Stats.git,_merged/players/2026-27_all_players_gw.csv,a1c7a4a79f9505c517dfb17db8dd7d6aed653bde289d3d6587b17c0bc5c25de8,2026-08-31T13:26:12Z,574,MID,552946,Jens,Hjertø-Dahl,2645198,0,False,0,0,0,0,0,0,0,0,0,0,0,0,0,0.0,0.0,0.0,0.0,0,0,0,0,0,0.00,0.00,0.00,0.00,50,0,7500,0,0,88
2026-27,4,4,576,1,fpl_player:608227,SOURCE_NATIVE_VERIFIED,SOURCE_NATIVE_FPL_PLAYER_CODE,88,1,true,VERIFIED,VERIFIED,OBSERVED,STARTED,1ec7f0dc79055902251cd938650f622b0e79f3cc,https://github.com/imadeddine-belkat/Premier-League-Stats.git,_merged/players/2026-27_all_players_gw.csv,a1c7a4a79f9505c517dfb17db8dd7d6aed653bde289d3d6587b17c0bc5c25de8,2026-08-31T13:26:12Z,576,MID,608227,Elliot,Stroud,2645198,3,False,70,0,0,1,0,0,0,0,0,0,0,0,11,8.4,4.8,0.0,1.3,1,2,3,6,1,0.00,0.03,0.03,1.16,50,0,6733,0,0,88
2026-27,4,4,585,1,fpl_player:597462,SOURCE_NATIVE_VERIFIED,SOURCE_NATIVE_FPL_PLAYER_CODE,88,1,true,VERIFIED,VERIFIED,OBSERVED,SUBSTITUTE_APPEARANCE,1ec7f0dc79055902251cd938650f622b0e79f3cc,https://github.com/imadeddine-belkat/Premier-League-Stats.git,_merged/players/2026-27_all_players_gw.csv,a1c7a4a79f9505c517dfb17db8dd7d6aed653bde289d3d6587b17c0bc5c25de8,2026-08-31T13:26:12Z,585,DEF,597462,Lucas,Herrington,2645198,1,False,26,0,0,0,0,0,0,0,0,0,0,0,4,8.0,0.0,0.0,0.8,4,0,0,4,0,0.00,0.00,0.00,0.96,40,0,53978,0,0,88
2026-27,4,4,586,1,fpl_player:606930,SOURCE_NATIVE_VERIFIED,SOURCE_NATIVE_FPL_PLAYER_CODE,88,1,true,VERIFIED,VERIFIED,OBSERVED,STARTED,1ec7f0dc79055902251cd938650f622b0e79f3cc,https://github.com/imadeddine-belkat/Premier-League-Stats.git,_merged/players/2026-27_all_players_gw.csv,a1c7a4a79f9505c517dfb17db8dd7d6aed653bde289d3d6587b17c0bc5c25de8,2026-08-31T13:26:12Z,586,DEF,606930,Nobel,Mendy,2645198,15,False,63,1,0,1,0,0,0,0,0,0,0,1,35,51.8,0.6,33.0,8.5,13,2,0,13,1,0.28,0.00,0.28,0.86,40,0,92688,0,0,88
2026-27,4,4,589,1,fpl_player:469266,SOURCE_NATIVE_VERIFIED,SOURCE_NATIVE_FPL_PLAYER_CODE,88,1,true,VERIFIED,VERIFIED,OBSERVED,REGISTERED_ZERO_MINUTES,1ec7f0dc79055902251cd938650f622b0e79f3cc,https://github.com/imadeddine-belkat/Premier-League-Stats.git,_merged/players/2026-27_all_players_gw.csv,a1c7a4a79f9505c517dfb17db8dd7d6aed653bde289d3d6587b17c0bc5c25de8,2026-08-31T13:26:12Z,589,MID,469266,Lucas,Gourna-Douath,2645198,0,False,0,0,0,0,0,0,0,0,0,0,0,0,0,0.0,0.0,0.0,0.0,0,0,0,0,0,0.00,0.00,0.00,0.00,50,0,2352,0,0,88
2026-27,5,5,259,1,player_match:825719,VERIFIED,FPL_PLAYER_CODE_TO_PLAYER_MATCH_PL_CODE_TO_REGISTERED_SOURCE_PLAYER_ID,40,56,true,VERIFIED,VERIFIED,OBSERVED,STARTED,1ec7f0dc79055902251cd938650f622b0e79f3cc,https://github.com/imadeddine-belkat/Premier-League-Stats.git,_merged/players/2026-27_all_players_gw.csv,a1c7a4a79f9505c517dfb17db8dd7d6aed653bde289d3d6587b17c0bc5c25de8,2026-08-31T13:26:12Z,259,DEF,219924,Issa,Diop,2645199,2,False,90,0,0,0,1,0,0,0,0,0,0,0,7,7.2,0.8,2.0,1.0,4,6,1,5,1,0.00,0.01,0.01,0.66,40,0,1668644,0,0,40
2026-27,5,5,267,1,player_match:371222,VERIFIED,FPL_PLAYER_CODE_TO_PLAYER_MATCH_PL_CODE_TO_REGISTERED_SOURCE_PLAYER_ID,40,56,true,VERIFIED,VERIFIED,OBSERVED,STARTED,1ec7f0dc79055902251cd938650f622b0e79f3cc,https://github.com/imadeddine-belkat/Premier-League-Stats.git,_merged/players/2026-27_all_players_gw.csv,a1c7a4a79f9505c517dfb17db8dd7d6aed653bde289d3d6587b17c0bc5c25de8,2026-08-31T13:26:12Z,267,MID,212314,Saša,Lukić,2645199,5,False,90,0,1,0,1,0,0,0,0,0,0,0,22,23.4,14.8,2.0,4.0,2,3,1,6,1,0.00,0.02,0.02,0.66,50,0,10816,0,0,40
2026-27,5,5,300,1,player_match:198038,SOURCE_NATIVE_VERIFIED,FPL_PLAYER_CODE_TO_PLAYER_MATCH_PL_CODE_TO_SOURCE_NATIVE_PLAYER,40,56,true,VERIFIED,VERIFIED,OBSERVED,REGISTERED_ZERO_MINUTES,1ec7f0dc79055902251cd938650f622b0e79f3cc,https://github.com/imadeddine-belkat/Premier-League-Stats.git,_merged/players/2026-27_all_players_gw.csv,a1c7a4a79f9505c517dfb17db8dd7d6aed653bde289d3d6587b17c0bc5c25de8,2026-08-31T13:26:12Z,300,GKP,108813,Christian,Walton,2645199,0,False,0,0,0,0,0,0,0,0,0,0,0,0,0,0.0,0.0,0.0,0.0,0,0,0,0,0,0.00,0.00,0.00,0.00,45,0,47085,0,0,40
2026-27,5,5,301,1,player_match:796143,SOURCE_NATIVE_VERIFIED,FPL_PLAYER_CODE_TO_PLAYER_MATCH_PL_CODE_TO_SOURCE_NATIVE_PLAYER,40,56,true,VERIFIED,VERIFIED,OBSERVED,REGISTERED_ZERO_MINUTES,1ec7f0dc79055902251cd938650f622b0e79f3cc,https://github.com/imadeddine-belkat/Premier-League-Stats.git,_merged/players/2026-27_all_players_gw.csv,a1c7a4a79f9505c517dfb17db8dd7d6aed653bde289d3d6587b17c0bc5c25de8,2026-08-31T13:26:12Z,301,GKP,112520,Alex,Palmer,2645199,0,False,0,0,0,0,0,0,0,0,0,0,0,0,0,0.0,0.0,0.0,0.0,0,0,0,0,0,0.00,0.00,0.00,0.00,40,0,426453,0,0,40
2026-27,5,5,302,1,player_match:32673,SOURCE_NATIVE_VERIFIED,FPL_PLAYER_CODE_TO_PLAYER_MATCH_PL_CODE_TO_SOURCE_NATIVE_PLAYER,40,56,true,VERIFIED,VERIFIED,OBSERVED,REGISTERED_ZERO_MINUTES,1ec7f0dc79055902251cd938650f622b0e79f3cc,https://github.com/imadeddine-belkat/Premier-League-Stats.git,_merged/players/2026-27_all_players_gw.csv,a1c7a4a79f9505c517dfb17db8dd7d6aed653bde289d3d6587b17c0bc5c25de8,2026-08-31T13:26:12Z,302,GKP,50093,David,Button,2645199,0,False,0,0,0,0,0,0,0,0,0,0,0,0,0,0.0,0.0,0.0,0.0,0,0,0,0,0,0.00,0.00,0.00,0.00,40,0,40566,0,0,40
2026-27,5,5,303,1,fpl_player:183015,SOURCE_NATIVE_VERIFIED,SOURCE_NATIVE_FPL_PLAYER_CODE,40,56,true,VERIFIED,VERIFIED,OBSERVED,REGISTERED_ZERO_MINUTES,1ec7f0dc79055902251cd938650f622b0e79f3cc,https://github.com/imadeddine-belkat/Premier-League-Stats.git,_merged/players/2026-27_all_players_gw.csv,a1c7a4a79f9505c517dfb17db8dd7d6aed653bde289d3d6587b17c0bc5c25de8,2026-08-31T13:26:12Z,303,DEF,183015,Cédric,Kipré,2645199,0,False,0,0,0,0,0,0,0,0,0,0,0,0,0,0.0,0.0,0.0,0.0,0,0,0,0,0,0.00,0.00,0.00,0.00,40,0,57775,0,0,40
2026-27,5,5,304,1,player_match:856719,VERIFIED,FPL_PLAYER_CODE_TO_PLAYER_MATCH_PL_CODE_TO_REGISTERED_SOURCE_PLAYER_ID,40,56,true,VERIFIED,VERIFIED,OBSERVED,STARTED,1ec7f0dc79055902251cd938650f622b0e79f3cc,https://github.com/imadeddine-belkat/Premier-League-Stats.git,_merged/players/2026-27_all_players_gw.csv,a1c7a4a79f9505c517dfb17db8dd7d6aed653bde289d3d6587b17c0bc5c25de8,2026-08-31T13:26:12Z,304,DEF,216616,Dara,O'Shea,2645199,4,False,90,0,0,0,1,0,0,0,0,0,0,0,16,48.0,24.5,2.0,7.5,16,6,2,18,1,0.00,0.16,0.16,0.66,40,0,313565,0,0,40
2026-27,5,5,305,1,player_match:963493,SOURCE_NATIVE_VERIFIED,FPL_PLAYER_CODE_TO_PLAYER_MATCH_PL_CODE_TO_SOURCE_NATIVE_PLAYER,40,56,true,VERIFIED,VERIFIED,OBSERVED,STARTED,1ec7f0dc79055902251cd938650f622b0e79f3cc,https://github.com/imadeddine-belkat/Premier-League-Stats.git,_merged/players/2026-27_all_players_gw.csv,a1c7a4a79f9505c517dfb17db8dd7d6aed653bde289d3d6587b17c0bc5c25de8,2026-08-31T13:26:12Z,305,DEF,455084,Leif,Davis,2645199,2,False,90,0,0,0,1,0,0,0,0,0,0,0,10,15.2,2.3,0.0,1.8,7,4,0,7,1,0.00,0.01,0.01,0.66,40,0,479363,0,0,40
2026-27,5,5,306,1,player_match:990821,SOURCE_NATIVE_VERIFIED,FPL_PLAYER_CODE_TO_PLAYER_MATCH_PL_CODE_TO_SOURCE_NATIVE_PLAYER,40,56,true,VERIFIED,VERIFIED,OBSERVED,STARTED,1ec7f0dc79055902251cd938650f622b0e79f3cc,https://github.com/imadeddine-belkat/Premier-League-Stats.git,_merged/players/2026-27_all_players_gw.csv,a1c7a4a79f9505c517dfb17db8dd7d6aed653bde289d3d6587b17c0bc5c25de8,2026-08-31T13:26:12Z,306,DEF,449429,Jacob,Greaves,2645199,2,False,90,0,0,0,1,0,0,0,0,0,0,0,12,16.4,1.3,0.0,1.8,4,1,3,7,1,0.00,0.00,0.00,0.66,40,0,134129,0,0,40
2026-27,5,5,307,1,player_match:914412,SOURCE_NATIVE_VERIFIED,FPL_PLAYER_CODE_TO_PLAYER_MATCH_PL_CODE_TO_SOURCE_NATIVE_PLAYER,40,56,true,VERIFIED,VERIFIED,OBSERVED,REGISTERED_ZERO_MINUTES,1ec7f0dc79055902251cd938650f622b0e79f3cc,https://github.com/imadeddine-belkat/Premier-League-Stats.git,_merged/players/2026-27_all_players_gw.csv,a1c7a4a79f9505c517dfb17db8dd7d6aed653bde289d3d6587b17c0bc5c25de8,2026-08-31T13:26:12Z,307,DEF,222018,Ben,Johnson,2645199,0,False,0,0,0,0,0,0,0,0,0,0,0,0,0,0.0,0.0,0.0,0.0,0,0,0,0,0,0.00,0.00,0.00,0.00,40,0,10016,0,0,40
2026-27,5,5,308,1,player_match:786022,SOURCE_NATIVE_VERIFIED,FPL_PLAYER_CODE_TO_PLAYER_MATCH_PL_CODE_TO_SOURCE_NATIVE_PLAYER,40,56,true,VERIFIED,VERIFIED,OBSERVED,REGISTERED_ZERO_MINUTES,1ec7f0dc79055902251cd938650f622b0e79f3cc,https://github.com/imadeddine-belkat/Premier-League-Stats.git,_merged/players/2026-27_all_players_gw.csv,a1c7a4a79f9505c517dfb17db8dd7d6aed653bde289d3d6587b17c0bc5c25de8,2026-08-31T13:26:12Z,308,DEF,176420,Darnell,Furlong,2645199,0,False,0,0,0,0,0,0,0,0,0,0,0,0,0,0.0,0.0,0.0,0.0,0,0,0,0,0,0.00,0.00,0.00,0.00,40,0,56130,0,0,40
2026-27,5,5,309,1,fpl_player:501390,SOURCE_NATIVE_VERIFIED,SOURCE_NATIVE_FPL_PLAYER_CODE,40,56,true,VERIFIED,VERIFIED,OBSERVED,STARTED,1ec7f0dc79055902251cd938650f622b0e79f3cc,https://github.com/imadeddine-belkat/Premier-League-Stats.git,_merged/players/2026-27_all_players_gw.csv,a1c7a4a79f9505c517dfb17db8dd7d6aed653bde289d3d6587b17c0bc5c25de8,2026-08-31T13:26:12Z,309,MID,501390,Marcelino,Núñez,2645199,4,False,79,0,0,0,1,0,0,0,0,0,0,0,26,13.0,7.3,4.0,2.4,4,6,2,12,1,0.03,0.03,0.06,0.63,50,0,11544,0,0,40
2026-27,5,5,310,1,fpl_player:241117,SOURCE_NATIVE_VERIFIED,SOURCE_NATIVE_FPL_PLAYER_CODE,40,56,true,VERIFIED,VERIFIED,OBSERVED,REGISTERED_ZERO_MINUTES,1ec7f0dc79055902251cd938650f622b0e79f3cc,https://github.com/imadeddine-belkat/Premier-League-Stats.git,_merged/players/2026-27_all_players_gw.csv,a1c7a4a79f9505c517dfb17db8dd7d6aed653bde289d3d6587b17c0bc5c25de8,2026-08-31T13:26:12Z,310,MID,241117,Azor,Matusiwa,2645199,0,False,0,0,0,0,0,0,0,0,0,0,0,0,0,0.0,0.0,0.0,0.0,0,0,0,0,0,0.00,0.00,0.00,0.00,50,0,430,0,0,40
2026-27,5,5,311,1,player_match:305302,SOURCE_NATIVE_VERIFIED,FPL_PLAYER_CODE_TO_PLAYER_MATCH_PL_CODE_TO_SOURCE_NATIVE_PLAYER,40,56,true,VERIFIED,VERIFIED,OBSERVED,REGISTERED_ZERO_MINUTES,1ec7f0dc79055902251cd938650f622b0e79f3cc,https://github.com/imadeddine-belkat/Premier-League-Stats.git,_merged/players/2026-27_all_players_gw.csv,a1c7a4a79f9505c517dfb17db8dd7d6aed653bde289d3d6587b17c0bc5c25de8,2026-08-31T13:26:12Z,311,MID,149929,Wes,Burns,2645199,0,False,0,0,0,0,0,0,0,0,0,0,0,0,0,0.0,0.0,0.0,0.0,0,0,0,0,0,0.00,0.00,0.00,0.00,50,0,562,0,0,40
2026-27,5,5,312,1,player_match:856669,SOURCE_NATIVE_VERIFIED,FPL_PLAYER_CODE_TO_PLAYER_MATCH_PL_CODE_TO_SOURCE_NATIVE_PLAYER,40,56,true,VERIFIED,VERIFIED,OBSERVED,REGISTERED_ZERO_MINUTES,1ec7f0dc79055902251cd938650f622b0e79f3cc,https://github.com/imadeddine-belkat/Premier-League-Stats.git,_merged/players/2026-27_all_players_gw.csv,a1c7a4a79f9505c517dfb17db8dd7d6aed653bde289d3d6587b17c0bc5c25de8,2026-08-31T13:26:12Z,312,MID,231899,Jack,Taylor,2645199,0,False,0,0,0,0,0,0,0,0,0,0,0,0,0,0.0,0.0,0.0,0.0,0,0,0,0,0,0.00,0.00,0.00,0.00,45,0,4505,0,0,40
2026-27,5,5,313,1,player_match:921005,SOURCE_NATIVE_VERIFIED,FPL_PLAYER_CODE_TO_PLAYER_MATCH_PL_CODE_TO_SOURCE_NATIVE_PLAYER,40,56,true,VERIFIED,VERIFIED,OBSERVED,SUBSTITUTE_APPEARANCE,1ec7f0dc79055902251cd938650f622b0e79f3cc,https://github.com/imadeddine-belkat/Premier-League-Stats.git,_merged/players/2026-27_all_players_gw.csv,a1c7a4a79f9505c517dfb17db8dd7d6aed653bde289d3d6587b17c0bc5c25de8,2026-08-31T13:26:12Z,313,MID,443261,Jack,Clarke,2645199,7,False,19,1,0,0,0,0,0,0,0,0,0,1,27,33.6,0.6,18.0,5.2,0,1,1,2,0,0.10,0.00,0.10,0.03,55,0,24135,0,0,40
2026-27,5,5,314,1,player_match:849309,SOURCE_NATIVE_VERIFIED,FPL_PLAYER_CODE_TO_PLAYER_MATCH_PL_CODE_TO_SOURCE_NATIVE_PLAYER,40,56,true,VERIFIED,VERIFIED,OBSERVED,REGISTERED_ZERO_MINUTES,1ec7f0dc79055902251cd938650f622b0e79f3cc,https://github.com/imadeddine-belkat/Premier-League-Stats.git,_merged/players/2026-27_all_players_gw.csv,a1c7a4a79f9505c517dfb17db8dd7d6aed653bde289d3d6587b17c0bc5c25de8,2026-08-31T13:26:12Z,314,MID,229164,Chiedozie,Ogbene,2645199,0,False,0,0,0,0,0,0,0,0,0,0,0,0,0,0.0,0.0,0.0,0.0,0,0,0,0,0,0.00,0.00,0.00,0.00,50,0,1539,0,0,40
2026-27,5,5,315,1,player_match:1103589,SOURCE_NATIVE_VERIFIED,FPL_PLAYER_CODE_TO_PLAYER_MATCH_PL_CODE_TO_SOURCE_NATIVE_PLAYER,40,56,true,VERIFIED,VERIFIED,OBSERVED,STARTED,1ec7f0dc79055902251cd938650f622b0e79f3cc,https://github.com/imadeddine-belkat/Premier-League-Stats.git,_merged/players/2026-27_all_players_gw.csv,a1c7a4a79f9505c517dfb17db8dd7d6aed653bde289d3d6587b17c0bc5c25de8,2026-08-31T13:26:12Z,315,MID,531442,Abdul,Fatawu,2645199,2,False,65,0,0,0,1,0,0,0,0,0,0,0,22,18.6,28.4,8.0,5.5,1,2,4,7,1,0.00,0.41,0.41,0.63,55,0,21235,0,0,40
2026-27,5,5,316,1,fpl_player:543968,SOURCE_NATIVE_VERIFIED,SOURCE_NATIVE_FPL_PLAYER_CODE,40,56,true,VERIFIED,VERIFIED,OBSERVED,STARTED,1ec7f0dc79055902251cd938650f622b0e79f3cc,https://github.com/imadeddine-belkat/Premier-League-Stats.git,_merged/players/2026-27_all_players_gw.csv,a1c7a4a79f9505c517dfb17db8dd7d6aed653bde289d3d6587b17c0bc5c25de8,2026-08-31T13:26:12Z,316,FWD,543968,Emersonn,Correia da Silva,2645199,9,False,65,1,0,0,1,0,0,0,0,0,0,3,41,45.6,26.3,40.0,11.2,1,1,1,3,1,0.82,0.06,0.88,0.63,55,0,33590,0,0,40
2026-27,5,5,317,1,player_match:839712,SOURCE_NATIVE_VERIFIED,FPL_PLAYER_CODE_TO_PLAYER_MATCH_PL_CODE_TO_SOURCE_NATIVE_PLAYER,40,56,true,VERIFIED,VERIFIED,OBSERVED,REGISTERED_ZERO_MINUTES,1ec7f0dc79055902251cd938650f622b0e79f3cc,https://github.com/imadeddine-belkat/Premier-League-Stats.git,_merged/players/2026-27_all_players_gw.csv,a1c7a4a79f9505c517dfb17db8dd7d6aed653bde289d3d6587b17c0bc5c25de8,2026-08-31T13:26:12Z,317,FWD,222625,George,Hirst,2645199,0,False,0,0,0,0,0,0,0,0,0,0,0,0,0,0.0,0.0,0.0,0.0,0,0,0,0,0,0.00,0.00,0.00,0.00,50,0,25160,0,0,40
2026-27,5,5,318,1,player_match:1014461,VERIFIED,FPL_PLAYER_CODE_TO_PLAYER_MATCH_PL_CODE_TO_REGISTERED_SOURCE_PLAYER_ID,40,56,true,VERIFIED,VERIFIED,OBSERVED,REGISTERED_ZERO_MINUTES,1ec7f0dc79055902251cd938650f622b0e79f3cc,https://github.com/imadeddine-belkat/Premier-League-Stats.git,_merged/players/2026-27_all_players_gw.csv,a1c7a4a79f9505c517dfb17db8dd7d6aed653bde289d3d6587b17c0bc5c25de8,2026-08-31T13:26:12Z,318,MID,481624,Jaden,Philogene,2645199,0,False,0,0,0,0,0,0,0,0,0,0,0,0,0,0.0,0.0,0.0,0.0,0,0,0,0,0,0.00,0.00,0.00,0.00,55,0,14821,0,0,40
2026-27,5,5,319,1,player_match:354782,SOURCE_NATIVE_VERIFIED,FPL_PLAYER_CODE_TO_PLAYER_MATCH_PL_CODE_TO_SOURCE_NATIVE_PLAYER,40,56,true,VERIFIED,VERIFIED,OBSERVED,REGISTERED_ZERO_MINUTES,1ec7f0dc79055902251cd938650f622b0e79f3cc,https://github.com/imadeddine-belkat/Premier-League-Stats.git,_merged/players/2026-27_all_players_gw.csv,a1c7a4a79f9505c517dfb17db8dd7d6aed653bde289d3d6587b17c0bc5c25de8,2026-08-31T13:26:12Z,319,MID,172453,Sam,Szmodics,2645199,0,False,0,0,0,0,0,0,0,0,0,0,0,0,0,0.0,0.0,0.0,0.0,0,0,0,0,0,0.00,0.00,0.00,0.00,50,0,1030,0,0,40
2026-27,5,5,320,1,player_match:190867,SOURCE_NATIVE_VERIFIED,FPL_PLAYER_CODE_TO_PLAYER_MATCH_PL_CODE_TO_SOURCE_NATIVE_PLAYER,40,56,true,VERIFIED,VERIFIED,OBSERVED,SUBSTITUTE_APPEARANCE,1ec7f0dc79055902251cd938650f622b0e79f3cc,https://github.com/imadeddine-belkat/Premier-League-Stats.git,_merged/players/2026-27_all_players_gw.csv,a1c7a4a79f9505c517dfb17db8dd7d6aed653bde289d3d6587b17c0bc5c25de8,2026-08-31T13:26:12Z,320,FWD,147675,Chuba,Akpom,2645199,1,False,24,0,0,0,0,0,0,0,0,0,0,0,3,1.4,0.0,2.0,0.3,0,2,1,3,0,0.00,0.00,0.00,0.03,50,0,47871,0,0,40
2026-27,5,5,321,1,fpl_player:557012,SOURCE_NATIVE_VERIFIED,SOURCE_NATIVE_FPL_PLAYER_CODE,40,56,true,VERIFIED,VERIFIED,OBSERVED,SUBSTITUTE_APPEARANCE,1ec7f0dc79055902251cd938650f622b0e79f3cc,https://github.com/imadeddine-belkat/Premier-League-Stats.git,_merged/players/2026-27_all_players_gw.csv,a1c7a4a79f9505c517dfb17db8dd7d6aed653bde289d3d6587b17c0bc5c25de8,2026-08-31T13:26:12Z,321,FWD,557012,Sindre,Walle Egeli,2645199,1,False,10,0,0,0,0,0,0,0,0,0,0,0,3,0.0,0.1,0.0,0.0,0,0,0,0,0,0.00,0.00,0.00,0.03,45,0,199675,0,0,40
2026-27,5,5,322,1,fpl_player:462387,SOURCE_NATIVE_VERIFIED,SOURCE_NATIVE_FPL_PLAYER_CODE,40,56,true,VERIFIED,VERIFIED,OBSERVED,REGISTERED_ZERO_MINUTES,1ec7f0dc79055902251cd938650f622b0e79f3cc,https://github.com/imadeddine-belkat/Premier-League-Stats.git,_merged/players/2026-27_all_players_gw.csv,a1c7a4a79f9505c517dfb17db8dd7d6aed653bde289d3d6587b17c0bc5c25de8,2026-08-31T13:26:12Z,322,FWD,462387,Ali,Al-Hamadi,2645199,0,False,0,0,0,0,0,0,0,0,0,0,0,0,0,0.0,0.0,0.0,0.0,0,0,0,0,0,0.00,0.00,0.00,0.00,50,0,13332,0,0,40
2026-27,5,5,323,1,player_match:1065134,SOURCE_NATIVE_VERIFIED,FPL_PLAYER_CODE_TO_PLAYER_MATCH_PL_CODE_TO_SOURCE_NATIVE_PLAYER,40,56,true,VERIFIED,VERIFIED,OBSERVED,SUBSTITUTE_APPEARANCE,1ec7f0dc79055902251cd938650f622b0e79f3cc,https://github.com/imadeddine-belkat/Premier-League-Stats.git,_merged/players/2026-27_all_players_gw.csv,a1c7a4a79f9505c517dfb17db8dd7d6aed653bde289d3d6587b17c0bc5c25de8,2026-08-31T13:26:12Z,323,MID,461587,Kasey,McAteer,2645199,1,False,24,0,0,0,0,0,0,0,0,0,0,0,4,1.2,1.3,0.0,0.3,0,2,1,3,0,0.00,0.00,0.00,0.03,45,0,130440,0,0,40
2026-27,5,5,324,1,fpl_player:232457,SOURCE_NATIVE_VERIFIED,SOURCE_NATIVE_FPL_PLAYER_CODE,40,56,true,VERIFIED,VERIFIED,OBSERVED,REGISTERED_ZERO_MINUTES,1ec7f0dc79055902251cd938650f622b0e79f3cc,https://github.com/imadeddine-belkat/Premier-League-Stats.git,_merged/players/2026-27_all_players_gw.csv,a1c7a4a79f9505c517dfb17db8dd7d6aed653bde289d3d6587b17c0bc5c25de8,2026-08-31T13:26:12Z,324,MID,232457,Anis,Mehmeti,2645199,0,False,0,0,0,0,0,0,0,0,0,0,0,0,0,0.0,0.0,0.0,0.0,0,0,0,0,0,0.00,0.00,0.00,0.00,50,0,4850,0,0,40
2026-27,5,5,529,1,player_match:1012928,VERIFIED,FPL_PLAYER_CODE_TO_PLAYER_MATCH_PL_CODE_TO_REGISTERED_SOURCE_PLAYER_ID,56,40,false,VERIFIED,VERIFIED,OBSERVED,STARTED,1ec7f0dc79055902251cd938650f622b0e79f3cc,https://github.com/imadeddine-belkat/Premier-League-Stats.git,_merged/players/2026-27_all_players_gw.csv,a1c7a4a79f9505c517dfb17db8dd7d6aed653bde289d3d6587b17c0bc5c25de8,2026-08-31T13:26:12Z,529,GKP,498016,Robin,Roefs,2645199,1,False,90,0,0,0,2,0,0,0,0,0,1,0,7,15.2,0.0,0.0,1.5,1,8,0,0,1,0.00,0.00,0.00,1.80,50,0,397315,0,0,56
2026-27,5,5,530,1,fpl_player:232571,SOURCE_NATIVE_VERIFIED,SOURCE_NATIVE_FPL_PLAYER_CODE,56,40,false,VERIFIED,VERIFIED,OBSERVED,REGISTERED_ZERO_MINUTES,1ec7f0dc79055902251cd938650f622b0e79f3cc,https://github.com/imadeddine-belkat/Premier-League-Stats.git,_merged/players/2026-27_all_players_gw.csv,a1c7a4a79f9505c517dfb17db8dd7d6aed653bde289d3d6587b17c0bc5c25de8,2026-08-31T13:26:12Z,530,GKP,232571,Anthony,Patterson,2645199,0,False,0,0,0,0,0,0,0,0,0,0,0,0,0,0.0,0.0,0.0,0.0,0,0,0,0,0,0.00,0.00,0.00,0.00,40,0,18557,0,0,56
2026-27,5,5,531,1,player_match:1099795,VERIFIED,FPL_PLAYER_CODE_TO_PLAYER_MATCH_PL_CODE_TO_REGISTERED_SOURCE_PLAYER_ID,56,40,false,VERIFIED,VERIFIED,OBSERVED,REGISTERED_ZERO_MINUTES,1ec7f0dc79055902251cd938650f622b0e79f3cc,https://github.com/imadeddine-belkat/Premier-League-Stats.git,_merged/players/2026-27_all_players_gw.csv,a1c7a4a79f9505c517dfb17db8dd7d6aed653bde289d3d6587b17c0bc5c25de8,2026-08-31T13:26:12Z,531,GKP,515046,Melker,Ellborg,2645199,0,False,0,0,0,0,0,0,0,0,0,0,0,0,0,0.0,0.0,0.0,0.0,0,0,0,0,0,0.00,0.00,0.00,0.00,45,0,8630,0,0,56
2026-27,5,5,532,1,player_match:958878,VERIFIED,FPL_PLAYER_CODE_TO_PLAYER_MATCH_PL_CODE_TO_REGISTERED_SOURCE_PLAYER_ID,56,40,false,VERIFIED,VERIFIED,OBSERVED,STARTED,1ec7f0dc79055902251cd938650f622b0e79f3cc,https://github.com/imadeddine-belkat/Premier-League-Stats.git,_merged/players/2026-27_all_players_gw.csv,a1c7a4a79f9505c517dfb17db8dd7d6aed653bde289d3d6587b17c0bc5c25de8,2026-08-31T13:26:12Z,532,DEF,223827,Daniel,Ballard,2645199,0,False,90,0,0,0,2,0,0,0,1,0,0,0,4,18.2,1.2,0.0,1.9,7,0,2,9,1,0.00,0.01,0.01,1.80,50,0,518741,0,0,56
2026-27,5,5,533,1,player_match:780014,VERIFIED,FPL_PLAYER_CODE_TO_PLAYER_MATCH_PL_CODE_TO_REGISTERED_SOURCE_PLAYER_ID,56,40,false,VERIFIED,VERIFIED,OBSERVED,REGISTERED_ZERO_MINUTES,1ec7f0dc79055902251cd938650f622b0e79f3cc,https://github.com/imadeddine-belkat/Premier-League-Stats.git,_merged/players/2026-27_all_players_gw.csv,a1c7a4a79f9505c517dfb17db8dd7d6aed653bde289d3d6587b17c0bc5c25de8,2026-08-31T13:26:12Z,533,DEF,200834,Nordi,Mukiele,2645199,0,False,0,0,0,0,0,0,0,0,0,0,0,0,0,0.0,0.0,0.0,0.0,0,0,0,0,0,0.00,0.00,0.00,0.00,55,0,257772,0,0,56
2026-27,5,5,534,1,player_match:989034,VERIFIED,FPL_PLAYER_CODE_TO_PLAYER_MATCH_PL_CODE_TO_REGISTERED_SOURCE_PLAYER_ID,56,40,false,VERIFIED,VERIFIED,OBSERVED,STARTED,1ec7f0dc79055902251cd938650f622b0e79f3cc,https://github.com/imadeddine-belkat/Premier-League-Stats.git,_merged/players/2026-27_all_players_gw.csv,a1c7a4a79f9505c517dfb17db8dd7d6aed653bde289d3d6587b17c0bc5c25de8,2026-08-31T13:26:12Z,534,DEF,487676,Trai,Hume,2645199,2,False,79,0,0,0,1,0,0,0,0,0,0,0,14,9.4,39.4,13.0,6.2,1,6,3,4,1,0.04,0.27,0.31,1.69,45,0,641436,0,0,56
2026-27,5,5,535,1,player_match:805137,VERIFIED,FPL_PLAYER_CODE_TO_PLAYER_MATCH_PL_CODE_TO_REGISTERED_SOURCE_PLAYER_ID,56,40,false,VERIFIED,VERIFIED,OBSERVED,SUBSTITUTE_APPEARANCE,1ec7f0dc79055902251cd938650f622b0e79f3cc,https://github.com/imadeddine-belkat/Premier-League-Stats.git,_merged/players/2026-27_all_players_gw.csv,a1c7a4a79f9505c517dfb17db8dd7d6aed653bde289d3d6587b17c0bc5c25de8,2026-08-31T13:26:12Z,535,DEF,201895,Omar,Alderete,2645199,1,False,23,0,0,0,1,0,0,0,0,0,0,0,2,0.0,0.6,0.0,0.0,0,2,0,0,0,0.00,0.01,0.01,0.10,50,0,41929,0,0,56
2026-27,5,5,536,1,player_match:831424,VERIFIED,FPL_PLAYER_CODE_TO_PLAYER_MATCH_PL_CODE_TO_REGISTERED_SOURCE_PLAYER_ID,56,40,false,VERIFIED,VERIFIED,OBSERVED,STARTED,1ec7f0dc79055902251cd938650f622b0e79f3cc,https://github.com/imadeddine-belkat/Premier-League-Stats.git,_merged/players/2026-27_all_players_gw.csv,a1c7a4a79f9505c517dfb17db8dd7d6aed653bde289d3d6587b17c0bc5c25de8,2026-08-31T13:26:12Z,536,DEF,434399,Reinildo,Mandava,2645199,1,False,90,0,0,0,2,0,0,0,0,0,0,0,9,23.0,27.5,4.0,5.5,5,5,3,8,1,0.00,0.29,0.29,1.80,45,0,43515,0,0,56
2026-27,5,5,537,1,fpl_player:519634,SOURCE_NATIVE_VERIFIED,SOURCE_NATIVE_FPL_PLAYER_CODE,56,40,false,VERIFIED,VERIFIED,OBSERVED,REGISTERED_ZERO_MINUTES,1ec7f0dc79055902251cd938650f622b0e79f3cc,https://github.com/imadeddine-belkat/Premier-League-Stats.git,_merged/players/2026-27_all_players_gw.csv,a1c7a4a79f9505c517dfb17db8dd7d6aed653bde289d3d6587b17c0bc5c25de8,2026-08-31T13:26:12Z,537,DEF,519634,Jenson,Seelt,2645199,0,False,0,0,0,0,0,0,0,0,0,0,0,0,0,0.0,0.0,0.0,0.0,0,0,0,0,0,0.00,0.00,0.00,0.00,45,0,941,0,0,56
2026-27,5,5,538,1,player_match:1097848,VERIFIED,FPL_PLAYER_CODE_TO_PLAYER_MATCH_PL_CODE_TO_REGISTERED_SOURCE_PLAYER_ID,56,40,false,VERIFIED,VERIFIED,OBSERVED,REGISTERED_ZERO_MINUTES,1ec7f0dc79055902251cd938650f622b0e79f3cc,https://github.com/imadeddine-belkat/Premier-League-Stats.git,_merged/players/2026-27_all_players_gw.csv,a1c7a4a79f9505c517dfb17db8dd7d6aed653bde289d3d6587b17c0bc5c25de8,2026-08-31T13:26:12Z,538,DEF,477547,Leo Fuhr,Hjelde,2645199,0,False,0,0,0,0,0,0,0,0,0,0,0,0,0,0.0,0.0,0.0,0.0,0,0,0,0,0,0.00,0.00,0.00,0.00,40,0,6220,0,0,56
2026-27,5,5,539,1,player_match:365812,VERIFIED,FPL_PLAYER_CODE_TO_PLAYER_MATCH_PL_CODE_TO_REGISTERED_SOURCE_PLAYER_ID,56,40,false,VERIFIED,VERIFIED,OBSERVED,STARTED,1ec7f0dc79055902251cd938650f622b0e79f3cc,https://github.com/imadeddine-belkat/Premier-League-Stats.git,_merged/players/2026-27_all_players_gw.csv,a1c7a4a79f9505c517dfb17db8dd7d6aed653bde289d3d6587b17c0bc5c25de8,2026-08-31T13:26:12Z,539,DEF,167512,Luke,O'Nien,2645199,1,False,66,0,0,0,1,0,0,0,1,0,0,0,1,11.4,1.4,4.0,1.7,4,4,1,5,1,0.01,0.01,0.02,1.69,40,0,332959,0,0,56
2026-27,5,5,540,1,player_match:174975,VERIFIED,FPL_PLAYER_CODE_TO_PLAYER_MATCH_PL_CODE_TO_REGISTERED_SOURCE_PLAYER_ID,56,40,false,VERIFIED,VERIFIED,OBSERVED,REGISTERED_ZERO_MINUTES,1ec7f0dc79055902251cd938650f622b0e79f3cc,https://github.com/imadeddine-belkat/Premier-League-Stats.git,_merged/players/2026-27_all_players_gw.csv,a1c7a4a79f9505c517dfb17db8dd7d6aed653bde289d3d6587b17c0bc5c25de8,2026-08-31T13:26:12Z,540,DEF,105717,Arthur,Masuaku,2645199,0,False,0,0,0,0,0,0,0,0,0,0,0,0,0,0.0,0.0,0.0,0.0,0,0,0,0,0,0.00,0.00,0.00,0.00,40,0,25578,0,0,56
2026-27,5,5,541,1,fpl_player:93605,SOURCE_NATIVE_VERIFIED,SOURCE_NATIVE_FPL_PLAYER_CODE,56,40,false,VERIFIED,VERIFIED,OBSERVED,STARTED,1ec7f0dc79055902251cd938650f622b0e79f3cc,https://github.com/imadeddine-belkat/Premier-League-Stats.git,_merged/players/2026-27_all_players_gw.csv,a1c7a4a79f9505c517dfb17db8dd7d6aed653bde289d3d6587b17c0bc5c25de8,2026-08-31T13:26:12Z,541,DEF,93605,Thomas,Meunier,2645199,1,False,90,0,0,0,2,0,0,0,0,0,0,0,5,13.8,5.3,11.0,3.0,2,3,2,4,1,0.08,0.08,0.16,1.80,45,0,26928,0,0,56
2026-27,5,5,542,1,player_match:984014,VERIFIED,FPL_PLAYER_CODE_TO_PLAYER_MATCH_PL_CODE_TO_REGISTERED_SOURCE_PLAYER_ID,56,40,false,VERIFIED,VERIFIED,OBSERVED,STARTED,1ec7f0dc79055902251cd938650f622b0e79f3cc,https://github.com/imadeddine-belkat/Premier-League-Stats.git,_merged/players/2026-27_all_players_gw.csv,a1c7a4a79f9505c517dfb17db8dd7d6aed653bde289d3d6587b17c0bc5c25de8,2026-08-31T13:26:12Z,542,MID,484420,Enzo,Le Fée,2645199,2,False,79,0,0,0,1,0,0,0,0,0,0,0,13,4.6,9.9,0.0,1.5,0,1,1,2,1,0.00,0.03,0.03,1.69,60,0,942702,0,0,56
2026-27,5,5,543,1,player_match:1128532,VERIFIED,FPL_PLAYER_CODE_TO_PLAYER_MATCH_PL_CODE_TO_REGISTERED_SOURCE_PLAYER_ID,56,40,false,VERIFIED,VERIFIED,OBSERVED,SUBSTITUTE_APPEARANCE,1ec7f0dc79055902251cd938650f622b0e79f3cc,https://github.com/imadeddine-belkat/Premier-League-Stats.git,_merged/players/2026-27_all_players_gw.csv,a1c7a4a79f9505c517dfb17db8dd7d6aed653bde289d3d6587b17c0bc5c25de8,2026-08-31T13:26:12Z,543,MID,547027,Habib,Diarra,2645199,1,False,10,0,0,0,1,0,0,0,0,0,0,0,3,0.4,0.6,2.0,0.3,0,0,0,0,0,0.03,0.00,0.03,0.10,55,0,6286,0,0,56
2026-27,5,5,544,1,player_match:117777,VERIFIED,FPL_PLAYER_CODE_TO_PLAYER_MATCH_PL_CODE_TO_REGISTERED_SOURCE_PLAYER_ID,56,40,false,VERIFIED,VERIFIED,OBSERVED,STARTED,1ec7f0dc79055902251cd938650f622b0e79f3cc,https://github.com/imadeddine-belkat/Premier-League-Stats.git,_merged/players/2026-27_all_players_gw.csv,a1c7a4a79f9505c517dfb17db8dd7d6aed653bde289d3d6587b17c0bc5c25de8,2026-08-31T13:26:12Z,544,MID,84450,Granit,Xhaka,2645199,9,False,90,0,1,0,2,0,0,0,0,0,0,2,31,18.8,31.4,0.0,5.0,2,8,3,13,1,0.00,0.09,0.09,1.80,55,0,392611,0,0,56
2026-27,5,5,545,1,player_match:1171539,VERIFIED,FPL_PLAYER_CODE_TO_PLAYER_MATCH_PL_CODE_TO_REGISTERED_SOURCE_PLAYER_ID,56,40,false,VERIFIED,VERIFIED,OBSERVED,STARTED,1ec7f0dc79055902251cd938650f622b0e79f3cc,https://github.com/imadeddine-belkat/Premier-League-Stats.git,_merged/players/2026-27_all_players_gw.csv,a1c7a4a79f9505c517dfb17db8dd7d6aed653bde289d3d6587b17c0bc5c25de8,2026-08-31T13:26:12Z,545,MID,577669,Noah,Sadiki,2645199,2,False,90,0,0,0,2,0,0,0,0,0,0,0,18,14.6,32.1,25.0,7.2,0,2,0,2,1,0.06,0.03,0.09,1.80,50,0,32634,0,0,56
2026-27,5,5,546,1,player_match:1110842,VERIFIED,FPL_PLAYER_CODE_TO_PLAYER_MATCH_PL_CODE_TO_REGISTERED_SOURCE_PLAYER_ID,56,40,false,VERIFIED,VERIFIED,OBSERVED,REGISTERED_ZERO_MINUTES,1ec7f0dc79055902251cd938650f622b0e79f3cc,https://github.com/imadeddine-belkat/Premier-League-Stats.git,_merged/players/2026-27_all_players_gw.csv,a1c7a4a79f9505c517dfb17db8dd7d6aed653bde289d3d6587b17c0bc5c25de8,2026-08-31T13:26:12Z,546,MID,535818,Simon,Adingra,2645199,0,False,0,0,0,0,0,0,0,0,0,0,0,0,0,0.0,0.0,0.0,0.0,0,0,0,0,0,0.00,0.00,0.00,0.00,50,0,9551,0,0,56
2026-27,5,5,547,1,player_match:1094440,VERIFIED,FPL_PLAYER_CODE_TO_PLAYER_MATCH_PL_CODE_TO_REGISTERED_SOURCE_PLAYER_ID,56,40,false,VERIFIED,VERIFIED,OBSERVED,REGISTERED_ZERO_MINUTES,1ec7f0dc79055902251cd938650f622b0e79f3cc,https://github.com/imadeddine-belkat/Premier-League-Stats.git,_merged/players/2026-27_all_players_gw.csv,a1c7a4a79f9505c517dfb17db8dd7d6aed653bde289d3d6587b17c0bc5c25de8,2026-08-31T13:26:12Z,547,MID,461199,Romaine,Mundle,2645199,0,False,0,0,0,0,0,0,0,0,0,0,0,0,0,0.0,0.0,0.0,0.0,0,0,0,0,0,0.00,0.00,0.00,0.00,50,0,801,0,0,56
2026-27,5,5,548,1,player_match:1394089,VERIFIED,FPL_PLAYER_CODE_TO_PLAYER_MATCH_PL_CODE_TO_REGISTERED_SOURCE_PLAYER_ID,56,40,false,VERIFIED,VERIFIED,OBSERVED,SUBSTITUTE_APPEARANCE,1ec7f0dc79055902251cd938650f622b0e79f3cc,https://github.com/imadeddine-belkat/Premier-League-Stats.git,_merged/players/2026-27_all_players_gw.csv,a1c7a4a79f9505c517dfb17db8dd7d6aed653bde289d3d6587b17c0bc5c25de8,2026-08-31T13:26:12Z,548,MID,554197,Chris,Rigg,2645199,1,False,10,0,0,0,1,0,0,0,0,0,0,0,3,0.0,0.3,0.0,0.0,0,1,0,1,0,0.00,0.00,0.00,0.10,50,0,6214,0,0,56
2026-27,5,5,549,1,player_match:1142675,VERIFIED,FPL_PLAYER_CODE_TO_PLAYER_MATCH_PL_CODE_TO_REGISTERED_SOURCE_PLAYER_ID,56,40,false,VERIFIED,VERIFIED,OBSERVED,SUBSTITUTE_APPEARANCE,1ec7f0dc79055902251cd938650f622b0e79f3cc,https://github.com/imadeddine-belkat/Premier-League-Stats.git,_merged/players/2026-27_all_players_gw.csv,a1c7a4a79f9505c517dfb17db8dd7d6aed653bde289d3d6587b17c0bc5c25de8,2026-08-31T13:26:12Z,549,MID,549912,Chemsdine,Talbi,2645199,1,False,31,0,0,0,1,0,0,0,0,0,0,0,1,0.0,0.9,0.0,0.0,0,2,0,2,0,0.00,0.00,0.00,0.14,55,0,20822,0,0,56
2026-27,5,5,550,1,player_match:2138729,SOURCE_NATIVE_VERIFIED,FPL_PLAYER_CODE_TO_PLAYER_MATCH_PL_CODE_TO_SOURCE_NATIVE_PLAYER,56,40,false,VERIFIED,VERIFIED,OBSERVED,REGISTERED_ZERO_MINUTES,1ec7f0dc79055902251cd938650f622b0e79f3cc,https://github.com/imadeddine-belkat/Premier-League-Stats.git,_merged/players/2026-27_all_players_gw.csv,a1c7a4a79f9505c517dfb17db8dd7d6aed653bde289d3d6587b17c0bc5c25de8,2026-08-31T13:26:12Z,550,MID,699989,Djiamgone Jocelin Ta,Bi,2645199,0,False,0,0,0,0,0,0,0,0,0,0,0,0,0,0.0,0.0,0.0,0.0,0,0,0,0,0,0.00,0.00,0.00,0.00,50,0,501,0,0,56
2026-27,5,5,551,1,player_match:1116571,VERIFIED,FPL_PLAYER_CODE_TO_PLAYER_MATCH_PL_CODE_TO_REGISTERED_SOURCE_PLAYER_ID,56,40,false,VERIFIED,VERIFIED,OBSERVED,STARTED,1ec7f0dc79055902251cd938650f622b0e79f3cc,https://github.com/imadeddine-belkat/Premier-League-Stats.git,_merged/players/2026-27_all_players_gw.csv,a1c7a4a79f9505c517dfb17db8dd7d6aed653bde289d3d6587b17c0bc5c25de8,2026-08-31T13:26:12Z,551,MID,536661,Nilson,Angulo,2645199,5,False,58,1,0,0,1,0,0,0,1,0,0,0,23,32.8,3.3,16.0,5.2,1,5,1,7,1,0.15,0.01,0.16,1.66,50,0,5260,0,0,56
2026-27,5,5,552,1,player_match:910048,VERIFIED,FPL_PLAYER_CODE_TO_PLAYER_MATCH_PL_CODE_TO_REGISTERED_SOURCE_PLAYER_ID,56,40,false,VERIFIED,VERIFIED,OBSERVED,STARTED,1ec7f0dc79055902251cd938650f622b0e79f3cc,https://github.com/imadeddine-belkat/Premier-League-Stats.git,_merged/players/2026-27_all_players_gw.csv,a1c7a4a79f9505c517dfb17db8dd7d6aed653bde289d3d6587b17c0bc5c25de8,2026-08-31T13:26:12Z,552,FWD,441264,Brian,Brobbey,2645199,2,False,66,0,0,0,1,0,0,0,0,0,0,0,1,0.0,1.5,9.0,1.1,0,0,0,0,1,0.30,0.00,0.30,1.69,60,0,1279847,0,0,56
2026-27,5,5,553,1,player_match:877980,VERIFIED,FPL_PLAYER_CODE_TO_PLAYER_MATCH_PL_CODE_TO_REGISTERED_SOURCE_PLAYER_ID,56,40,false,VERIFIED,VERIFIED,OBSERVED,SUBSTITUTE_APPEARANCE,1ec7f0dc79055902251cd938650f622b0e79f3cc,https://github.com/imadeddine-belkat/Premier-League-Stats.git,_merged/players/2026-27_all_players_gw.csv,a1c7a4a79f9505c517dfb17db8dd7d6aed653bde289d3d6587b17c0bc5c25de8,2026-08-31T13:26:12Z,553,FWD,437505,Wilson,Isidor,2645199,1,False,23,0,0,0,1,0,0,0,0,0,0,0,3,0.0,0.2,0.0,0.0,0,0,0,0,0,0.00,0.00,0.00,0.10,55,0,90196,0,0,56
2026-27,5,5,554,1,fpl_player:546600,SOURCE_NATIVE_VERIFIED,SOURCE_NATIVE_FPL_PLAYER_CODE,40,56,true,VERIFIED,VERIFIED,OBSERVED,REGISTERED_ZERO_MINUTES,1ec7f0dc79055902251cd938650f622b0e79f3cc,https://github.com/imadeddine-belkat/Premier-League-Stats.git,_merged/players/2026-27_all_players_gw.csv,a1c7a4a79f9505c517dfb17db8dd7d6aed653bde289d3d6587b17c0bc5c25de8,2026-08-31T13:26:12Z,554,GKP,546600,Kayne,van Oevelen,2645199,0,False,0,0,0,0,0,0,0,0,0,0,0,0,0,0.0,0.0,0.0,0.0,0,0,0,0,0,0.00,0.00,0.00,0.00,45,0,3509,0,0,40
2026-27,5,5,562,1,fpl_player:442967,SOURCE_NATIVE_VERIFIED,SOURCE_NATIVE_FPL_PLAYER_CODE,40,56,true,VERIFIED,VERIFIED,OBSERVED,STARTED,1ec7f0dc79055902251cd938650f622b0e79f3cc,https://github.com/imadeddine-belkat/Premier-League-Stats.git,_merged/players/2026-27_all_players_gw.csv,a1c7a4a79f9505c517dfb17db8dd7d6aed653bde289d3d6587b17c0bc5c25de8,2026-08-31T13:26:12Z,562,MID,442967,Daizen,Maeda,2645199,2,False,79,0,0,0,1,0,0,0,0,0,0,0,7,12.6,1.4,7.0,2.1,3,2,4,9,1,0.61,0.00,0.61,0.63,55,0,37656,0,0,40
2026-27,5,5,564,1,player_match:852394,SOURCE_NATIVE_VERIFIED,FPL_PLAYER_CODE_TO_PLAYER_MATCH_PL_CODE_TO_SOURCE_NATIVE_PLAYER,40,56,true,VERIFIED,VERIFIED,OBSERVED,STARTED,1ec7f0dc79055902251cd938650f622b0e79f3cc,https://github.com/imadeddine-belkat/Premier-League-Stats.git,_merged/players/2026-27_all_players_gw.csv,a1c7a4a79f9505c517dfb17db8dd7d6aed653bde289d3d6587b17c0bc5c25de8,2026-08-31T13:26:12Z,564,GKP,240514,Kjell,Scherpen,2645199,2,False,90,0,0,0,1,0,0,0,0,0,2,0,12,14.4,0.0,0.0,1.4,1,10,0,0,1,0.00,0.00,0.00,0.66,45,0,57252,0,0,40
2026-27,5,5,571,1,player_match:855845,SOURCE_NATIVE_VERIFIED,FPL_PLAYER_CODE_TO_PLAYER_MATCH_PL_CODE_TO_SOURCE_NATIVE_PLAYER,40,56,true,VERIFIED,VERIFIED,OBSERVED,REGISTERED_ZERO_MINUTES,1ec7f0dc79055902251cd938650f622b0e79f3cc,https://github.com/imadeddine-belkat/Premier-League-Stats.git,_merged/players/2026-27_all_players_gw.csv,a1c7a4a79f9505c517dfb17db8dd7d6aed653bde289d3d6587b17c0bc5c25de8,2026-08-31T13:26:12Z,571,MID,216055,Florentino Ibrain,Morris Luís,2645199,0,False,0,0,0,0,0,0,0,0,0,0,0,0,0,0.0,0.0,0.0,0.0,0,0,0,0,0,0.00,0.00,0.00,0.00,50,0,12850,0,0,40
2026-27,5,5,591,1,player_match:973556,SOURCE_NATIVE_VERIFIED,FPL_PLAYER_CODE_TO_PLAYER_MATCH_PL_CODE_TO_SOURCE_NATIVE_PLAYER,40,56,true,VERIFIED,VERIFIED,OBSERVED,STARTED,1ec7f0dc79055902251cd938650f622b0e79f3cc,https://github.com/imadeddine-belkat/Premier-League-Stats.git,_merged/players/2026-27_all_players_gw.csv,a1c7a4a79f9505c517dfb17db8dd7d6aed653bde289d3d6587b17c0bc5c25de8,2026-08-31T13:26:12Z,591,MID,474120,Julio,Enciso,2645199,5,False,70,0,1,0,1,0,0,0,0,0,0,0,24,21.6,14.0,18.0,5.4,2,5,1,8,1,0.23,0.31,0.54,0.63,55,0,24595,0,0,40
2026-27,5,5,592,1,fpl_player:572584,SOURCE_NATIVE_VERIFIED,SOURCE_NATIVE_FPL_PLAYER_CODE,40,56,true,VERIFIED,VERIFIED,OBSERVED,SUBSTITUTE_APPEARANCE,1ec7f0dc79055902251cd938650f622b0e79f3cc,https://github.com/imadeddine-belkat/Premier-League-Stats.git,_merged/players/2026-27_all_players_gw.csv,a1c7a4a79f9505c517dfb17db8dd7d6aed653bde289d3d6587b17c0bc5c25de8,2026-08-31T13:26:12Z,592,DEF,572584,Abdoul,Ouattara,2645199,1,False,10,0,0,0,0,0,0,0,0,0,0,0,4,5.2,10.0,0.0,1.5,2,0,0,2,0,0.00,0.00,0.00,0.03,40,0,86218,0,0,40
2026-27,5,5,602,1,fpl_player:524180,SOURCE_NATIVE_VERIFIED,SOURCE_NATIVE_FPL_PLAYER_CODE,40,56,true,VERIFIED,VERIFIED,OBSERVED,REGISTERED_ZERO_MINUTES,1ec7f0dc79055902251cd938650f622b0e79f3cc,https://github.com/imadeddine-belkat/Premier-League-Stats.git,_merged/players/2026-27_all_players_gw.csv,a1c7a4a79f9505c517dfb17db8dd7d6aed653bde289d3d6587b17c0bc5c25de8,2026-08-31T13:26:12Z,602,MID,524180,Cameron,Humphreys,2645199,0,False,0,0,0,0,0,0,0,0,0,0,0,0,0,0.0,0.0,0.0,0.0,0,0,0,0,0,0.00,0.00,0.00,0.00,45,0,0,0,0,40
2026-27,6,6,260,1,player_match:355528,VERIFIED,FPL_PLAYER_CODE_TO_PLAYER_MATCH_PL_CODE_TO_REGISTERED_SOURCE_PLAYER_ID,2,17,false,VERIFIED,VERIFIED,OBSERVED,STARTED,1ec7f0dc79055902251cd938650f622b0e79f3cc,https://github.com/imadeddine-belkat/Premier-League-Stats.git,_merged/players/2026-27_all_players_gw.csv,a1c7a4a79f9505c517dfb17db8dd7d6aed653bde289d3d6587b17c0bc5c25de8,2026-08-31T13:26:12Z,260,MID,153682,Harry,Wilson,2645200,3,False,65,0,0,1,0,0,0,0,0,0,0,0,8,6.2,15.3,4.0,2.6,0,0,2,2,1,0.00,0.02,0.02,0.53,65,0,577649,0,0,2
2026-27,6,6,326,1,player_match:871290,SOURCE_NATIVE_VERIFIED,FPL_PLAYER_CODE_TO_PLAYER_MATCH_PL_CODE_TO_SOURCE_NATIVE_PLAYER,2,17,false,VERIFIED,VERIFIED,OBSERVED,REGISTERED_ZERO_MINUTES,1ec7f0dc79055902251cd938650f622b0e79f3cc,https://github.com/imadeddine-belkat/Premier-League-Stats.git,_merged/players/2026-27_all_players_gw.csv,a1c7a4a79f9505c517dfb17db8dd7d6aed653bde289d3d6587b17c0bc5c25de8,2026-08-31T13:26:12Z,326,GKP,201595,Lucas Estella,Perri,2645200,0,False,0,0,0,0,0,0,0,0,0,0,0,0,0,0.0,0.0,0.0,0.0,0,0,0,0,0,0.00,0.00,0.00,0.00,45,0,52897,0,0,2
2026-27,6,6,327,1,player_match:886930,VERIFIED,FPL_PLAYER_CODE_TO_PLAYER_MATCH_PL_CODE_TO_REGISTERED_SOURCE_PLAYER_ID,2,17,false,VERIFIED,VERIFIED,OBSERVED,STARTED,1ec7f0dc79055902251cd938650f622b0e79f3cc,https://github.com/imadeddine-belkat/Premier-League-Stats.git,_merged/players/2026-27_all_players_gw.csv,a1c7a4a79f9505c517dfb17db8dd7d6aed653bde289d3d6587b17c0bc5c25de8,2026-08-31T13:26:12Z,327,DEF,434752,Jaka,Bijol,2645200,10,False,90,0,0,1,0,0,0,0,0,0,0,2,28,23.6,0.4,15.0,3.9,11,5,1,12,1,0.11,0.00,0.11,0.66,50,0,27043,0,0,2
2026-27,6,6,329,1,player_match:828640,VERIFIED,FPL_PLAYER_CODE_TO_PLAYER_MATCH_PL_CODE_TO_REGISTERED_SOURCE_PLAYER_ID,2,17,false,VERIFIED,VERIFIED,OBSERVED,STARTED,1ec7f0dc79055902251cd938650f622b0e79f3cc,https://github.com/imadeddine-belkat/Premier-League-Stats.git,_merged/players/2026-27_all_players_gw.csv,a1c7a4a79f9505c517dfb17db8dd7d6aed653bde289d3d6587b17c0bc5c25de8,2026-08-31T13:26:12Z,329,DEF,214225,Joe,Rodon,2645200,6,False,90,0,0,1,0,0,0,0,0,0,0,0,21,14.4,14.4,5.0,3.4,6,1,1,7,1,0.03,0.06,0.09,0.66,45,0,330772,0,0,2
2026-27,6,6,330,1,player_match:929132,VERIFIED,FPL_PLAYER_CODE_TO_PLAYER_MATCH_PL_CODE_TO_REGISTERED_SOURCE_PLAYER_ID,2,17,false,VERIFIED,VERIFIED,OBSERVED,STARTED,1ec7f0dc79055902251cd938650f622b0e79f3cc,https://github.com/imadeddine-belkat/Premier-League-Stats.git,_merged/players/2026-27_all_players_gw.csv,a1c7a4a79f9505c517dfb17db8dd7d6aed653bde289d3d6587b17c0bc5c25de8,2026-08-31T13:26:12Z,330,DEF,226182,Jayden,Bogle,2645200,6,False,90,0,0,1,0,0,0,0,0,0,0,0,24,7.0,1.1,0.0,0.8,2,3,1,3,1,0.00,0.00,0.00,0.66,45,0,45674,0,0,2
2026-27,6,6,331,1,player_match:834308,VERIFIED,FPL_PLAYER_CODE_TO_PLAYER_MATCH_PL_CODE_TO_REGISTERED_SOURCE_PLAYER_ID,2,17,false,VERIFIED,VERIFIED,OBSERVED,REGISTERED_ZERO_MINUTES,1ec7f0dc79055902251cd938650f622b0e79f3cc,https://github.com/imadeddine-belkat/Premier-League-Stats.git,_merged/players/2026-27_all_players_gw.csv,a1c7a4a79f9505c517dfb17db8dd7d6aed653bde289d3d6587b17c0bc5c25de8,2026-08-31T13:26:12Z,331,DEF,243526,Gabriel,Gudmundsson,2645200,0,False,0,0,0,0,0,0,0,0,0,0,0,0,0,0.0,0.0,0.0,0.0,0,0,0,0,0,0.00,0.00,0.00,0.00,45,0,5099,0,0,2
2026-27,6,6,332,1,player_match:827681,VERIFIED,FPL_PLAYER_CODE_TO_PLAYER_MATCH_PL_CODE_TO_REGISTERED_SOURCE_PLAYER_ID,2,17,false,VERIFIED,VERIFIED,OBSERVED,STARTED,1ec7f0dc79055902251cd938650f622b0e79f3cc,https://github.com/imadeddine-belkat/Premier-League-Stats.git,_merged/players/2026-27_all_players_gw.csv,a1c7a4a79f9505c517dfb17db8dd7d6aed653bde289d3d6587b17c0bc5c25de8,2026-08-31T13:26:12Z,332,DEF,220627,James,Justin,2645200,10,False,90,0,0,1,0,0,0,0,0,0,0,2,28,24.6,2.3,2.0,2.9,6,4,6,12,1,0.00,0.01,0.01,0.66,45,0,52732,0,0,2
2026-27,6,6,333,1,player_match:826167,VERIFIED,FPL_PLAYER_CODE_TO_PLAYER_MATCH_PL_CODE_TO_REGISTERED_SOURCE_PLAYER_ID,2,17,false,VERIFIED,VERIFIED,OBSERVED,REGISTERED_ZERO_MINUTES,1ec7f0dc79055902251cd938650f622b0e79f3cc,https://github.com/imadeddine-belkat/Premier-League-Stats.git,_merged/players/2026-27_all_players_gw.csv,a1c7a4a79f9505c517dfb17db8dd7d6aed653bde289d3d6587b17c0bc5c25de8,2026-08-31T13:26:12Z,333,DEF,437738,Sebastiaan,Bornauw,2645200,0,False,0,0,0,0,0,0,0,0,0,0,0,0,0,0.0,0.0,0.0,0.0,0,0,0,0,0,0.00,0.00,0.00,0.00,45,0,512,0,0,2
2026-27,6,6,334,1,fpl_player:522047,SOURCE_NATIVE_VERIFIED,SOURCE_NATIVE_FPL_PLAYER_CODE,2,17,false,VERIFIED,VERIFIED,OBSERVED,STARTED,1ec7f0dc79055902251cd938650f622b0e79f3cc,https://github.com/imadeddine-belkat/Premier-League-Stats.git,_merged/players/2026-27_all_players_gw.csv,a1c7a4a79f9505c517dfb17db8dd7d6aed653bde289d3d6587b17c0bc5c25de8,2026-08-31T13:26:12Z,334,DEF,522047,Tarik,Muharemović,2645200,6,False,90,0,0,1,0,0,0,0,0,0,0,0,25,15.6,0.6,17.0,3.3,7,1,0,7,1,0.09,0.00,0.09,0.66,50,0,306283,0,0,2
2026-27,6,6,335,1,player_match:889861,VERIFIED,FPL_PLAYER_CODE_TO_PLAYER_MATCH_PL_CODE_TO_REGISTERED_SOURCE_PLAYER_ID,2,17,false,VERIFIED,VERIFIED,OBSERVED,STARTED,1ec7f0dc79055902251cd938650f622b0e79f3cc,https://github.com/imadeddine-belkat/Premier-League-Stats.git,_merged/players/2026-27_all_players_gw.csv,a1c7a4a79f9505c517dfb17db8dd7d6aed653bde289d3d6587b17c0bc5c25de8,2026-08-31T13:26:12Z,335,MID,466525,Anton,Stach,2645200,13,False,90,1,0,1,0,0,0,0,0,0,0,3,37,47.8,2.3,16.0,6.6,8,5,3,16,1,0.10,0.05,0.15,0.66,60,0,80326,0,0,2
2026-27,6,6,336,1,player_match:865523,VERIFIED,FPL_PLAYER_CODE_TO_PLAYER_MATCH_PL_CODE_TO_REGISTERED_SOURCE_PLAYER_ID,2,17,false,VERIFIED,VERIFIED,OBSERVED,SUBSTITUTE_APPEARANCE,1ec7f0dc79055902251cd938650f622b0e79f3cc,https://github.com/imadeddine-belkat/Premier-League-Stats.git,_merged/players/2026-27_all_players_gw.csv,a1c7a4a79f9505c517dfb17db8dd7d6aed653bde289d3d6587b17c0bc5c25de8,2026-08-31T13:26:12Z,336,MID,435997,Noah,Okafor,2645200,1,False,24,0,0,0,0,0,0,0,0,0,0,0,10,10.0,14.0,4.0,2.8,1,2,2,5,0,0.00,0.16,0.16,0.13,60,0,45369,0,0,2
2026-27,6,6,337,1,player_match:973431,VERIFIED,FPL_PLAYER_CODE_TO_PLAYER_MATCH_PL_CODE_TO_REGISTERED_SOURCE_PLAYER_ID,2,17,false,VERIFIED,VERIFIED,OBSERVED,STARTED,1ec7f0dc79055902251cd938650f622b0e79f3cc,https://github.com/imadeddine-belkat/Premier-League-Stats.git,_merged/players/2026-27_all_players_gw.csv,a1c7a4a79f9505c517dfb17db8dd7d6aed653bde289d3d6587b17c0bc5c25de8,2026-08-31T13:26:12Z,337,MID,427637,Brenden,Aaronson,2645200,3,False,81,0,0,1,0,0,0,0,0,0,0,0,16,8.0,1.1,7.0,1.6,0,6,1,7,1,0.01,0.01,0.02,0.58,55,0,87156,0,0,2
2026-27,6,6,338,1,player_match:847097,VERIFIED,FPL_PLAYER_CODE_TO_PLAYER_MATCH_PL_CODE_TO_REGISTERED_SOURCE_PLAYER_ID,2,17,false,VERIFIED,VERIFIED,OBSERVED,STARTED,1ec7f0dc79055902251cd938650f622b0e79f3cc,https://github.com/imadeddine-belkat/Premier-League-Stats.git,_merged/players/2026-27_all_players_gw.csv,a1c7a4a79f9505c517dfb17db8dd7d6aed653bde289d3d6587b17c0bc5c25de8,2026-08-31T13:26:12Z,338,MID,199598,Ethan,Ampadu,2645200,5,False,90,0,0,1,0,0,0,0,0,0,0,0,18,18.6,23.3,0.0,4.2,6,5,2,13,1,0.00,0.04,0.04,0.66,55,0,132659,0,0,2
2026-27,6,6,339,1,player_match:866191,VERIFIED,FPL_PLAYER_CODE_TO_PLAYER_MATCH_PL_CODE_TO_REGISTERED_SOURCE_PLAYER_ID,2,17,false,VERIFIED,VERIFIED,OBSERVED,SUBSTITUTE_APPEARANCE,1ec7f0dc79055902251cd938650f622b0e79f3cc,https://github.com/imadeddine-belkat/Premier-League-Stats.git,_merged/players/2026-27_all_players_gw.csv,a1c7a4a79f9505c517dfb17db8dd7d6aed653bde289d3d6587b17c0bc5c25de8,2026-08-31T13:26:12Z,339,MID,180135,Sean,Longstaff,2645200,1,False,8,0,0,0,0,0,0,0,0,0,0,0,3,0.0,0.2,0.0,0.0,0,0,0,0,0,0.00,0.00,0.00,0.07,50,0,12582,0,0,2
2026-27,6,6,341,1,player_match:998951,VERIFIED,FPL_PLAYER_CODE_TO_PLAYER_MATCH_PL_CODE_TO_REGISTERED_SOURCE_PLAYER_ID,2,17,false,VERIFIED,VERIFIED,OBSERVED,REGISTERED_ZERO_MINUTES,1ec7f0dc79055902251cd938650f622b0e79f3cc,https://github.com/imadeddine-belkat/Premier-League-Stats.git,_merged/players/2026-27_all_players_gw.csv,a1c7a4a79f9505c517dfb17db8dd7d6aed653bde289d3d6587b17c0bc5c25de8,2026-08-31T13:26:12Z,341,MID,492859,Wilfried,Gnonto,2645200,0,False,0,0,0,0,0,0,0,0,0,0,0,0,0,0.0,0.0,0.0,0.0,0,0,0,0,0,0.00,0.00,0.00,0.00,50,0,2172,0,0,2
2026-27,6,6,342,1,player_match:829570,VERIFIED,FPL_PLAYER_CODE_TO_PLAYER_MATCH_PL_CODE_TO_REGISTERED_SOURCE_PLAYER_ID,2,17,false,VERIFIED,VERIFIED,OBSERVED,REGISTERED_ZERO_MINUTES,1ec7f0dc79055902251cd938650f622b0e79f3cc,https://github.com/imadeddine-belkat/Premier-League-Stats.git,_merged/players/2026-27_all_players_gw.csv,a1c7a4a79f9505c517dfb17db8dd7d6aed653bde289d3d6587b17c0bc5c25de8,2026-08-31T13:26:12Z,342,MID,221399,Jack,Harrison,2645200,0,False,0,0,0,0,0,0,0,0,0,0,0,0,0,0.0,0.0,0.0,0.0,0,0,0,0,0,0.00,0.00,0.00,0.00,50,0,135,0,0,2
2026-27,6,6,343,1,player_match:828639,VERIFIED,FPL_PLAYER_CODE_TO_PLAYER_MATCH_PL_CODE_TO_REGISTERED_SOURCE_PLAYER_ID,2,17,false,VERIFIED,VERIFIED,OBSERVED,REGISTERED_ZERO_MINUTES,1ec7f0dc79055902251cd938650f622b0e79f3cc,https://github.com/imadeddine-belkat/Premier-League-Stats.git,_merged/players/2026-27_all_players_gw.csv,a1c7a4a79f9505c517dfb17db8dd7d6aed653bde289d3d6587b17c0bc5c25de8,2026-08-31T13:26:12Z,343,MID,200617,Daniel,James,2645200,0,False,0,0,0,0,0,0,0,0,0,0,0,0,0,0.0,0.0,0.0,0.0,0,0,0,0,0,0.00,0.00,0.00,0.00,50,0,11272,0,0,2
2026-27,6,6,344,1,player_match:911679,VERIFIED,FPL_PLAYER_CODE_TO_PLAYER_MATCH_PL_CODE_TO_REGISTERED_SOURCE_PLAYER_ID,2,17,false,VERIFIED,VERIFIED,OBSERVED,REGISTERED_ZERO_MINUTES,1ec7f0dc79055902251cd938650f622b0e79f3cc,https://github.com/imadeddine-belkat/Premier-League-Stats.git,_merged/players/2026-27_all_players_gw.csv,a1c7a4a79f9505c517dfb17db8dd7d6aed653bde289d3d6587b17c0bc5c25de8,2026-08-31T13:26:12Z,344,MID,486520,Ilia,Gruev,2645200,0,False,0,0,0,0,0,0,0,0,0,0,0,0,0,0.0,0.0,0.0,0.0,0,0,0,0,0,0.00,0.00,0.00,0.00,50,0,461,0,0,2
2026-27,6,6,345,1,player_match:871886,SOURCE_NATIVE_VERIFIED,FPL_PLAYER_CODE_TO_PLAYER_MATCH_PL_CODE_TO_SOURCE_NATIVE_PLAYER,2,17,false,VERIFIED,VERIFIED,OBSERVED,REGISTERED_ZERO_MINUTES,1ec7f0dc79055902251cd938650f622b0e79f3cc,https://github.com/imadeddine-belkat/Premier-League-Stats.git,_merged/players/2026-27_all_players_gw.csv,a1c7a4a79f9505c517dfb17db8dd7d6aed653bde289d3d6587b17c0bc5c25de8,2026-08-31T13:26:12Z,345,MID,248056,Tanaka,Ao,2645200,0,False,0,0,0,0,0,0,0,0,0,0,0,0,0,0.0,0.0,0.0,0.0,0,0,0,0,0,0.00,0.00,0.00,0.00,50,0,23052,0,0,2
2026-27,6,6,346,1,player_match:372344,VERIFIED,FPL_PLAYER_CODE_TO_PLAYER_MATCH_PL_CODE_TO_REGISTERED_SOURCE_PLAYER_ID,2,17,false,VERIFIED,VERIFIED,OBSERVED,STARTED,1ec7f0dc79055902251cd938650f622b0e79f3cc,https://github.com/imadeddine-belkat/Premier-League-Stats.git,_merged/players/2026-27_all_players_gw.csv,a1c7a4a79f9505c517dfb17db8dd7d6aed653bde289d3d6587b17c0bc5c25de8,2026-08-31T13:26:12Z,346,FWD,177815,Dominic,Calvert-Lewin,2645200,1,False,90,0,0,1,0,0,0,0,1,0,0,0,-2,0.0,0.8,11.0,0.7,0,2,0,2,1,0.13,0.00,0.13,0.66,60,0,2823371,0,0,2
2026-27,6,6,347,1,player_match:803185,VERIFIED,FPL_PLAYER_CODE_TO_PLAYER_MATCH_PL_CODE_TO_REGISTERED_SOURCE_PLAYER_ID,2,17,false,VERIFIED,VERIFIED,OBSERVED,REGISTERED_ZERO_MINUTES,1ec7f0dc79055902251cd938650f622b0e79f3cc,https://github.com/imadeddine-belkat/Premier-League-Stats.git,_merged/players/2026-27_all_players_gw.csv,a1c7a4a79f9505c517dfb17db8dd7d6aed653bde289d3d6587b17c0bc5c25de8,2026-08-31T13:26:12Z,347,FWD,174594,Lukas,Nmecha,2645200,0,False,0,0,0,0,0,0,0,0,0,0,0,0,0,0.0,0.0,0.0,0.0,0,0,0,0,0,0.00,0.00,0.00,0.00,55,0,53564,0,0,2
2026-27,6,6,348,1,player_match:850823,VERIFIED,FPL_PLAYER_CODE_TO_PLAYER_MATCH_PL_CODE_TO_REGISTERED_SOURCE_PLAYER_ID,2,17,false,VERIFIED,VERIFIED,OBSERVED,REGISTERED_ZERO_MINUTES,1ec7f0dc79055902251cd938650f622b0e79f3cc,https://github.com/imadeddine-belkat/Premier-League-Stats.git,_merged/players/2026-27_all_players_gw.csv,a1c7a4a79f9505c517dfb17db8dd7d6aed653bde289d3d6587b17c0bc5c25de8,2026-08-31T13:26:12Z,348,FWD,235826,Joël,Piroe,2645200,0,False,0,0,0,0,0,0,0,0,0,0,0,0,0,0.0,0.0,0.0,0.0,0,0,0,0,0,0.00,0.00,0.00,0.00,50,0,17239,0,0,2
2026-27,6,6,349,1,player_match:1170693,SOURCE_NATIVE_VERIFIED,FPL_PLAYER_CODE_TO_PLAYER_MATCH_PL_CODE_TO_SOURCE_NATIVE_PLAYER,2,17,false,VERIFIED,VERIFIED,OBSERVED,REGISTERED_ZERO_MINUTES,1ec7f0dc79055902251cd938650f622b0e79f3cc,https://github.com/imadeddine-belkat/Premier-League-Stats.git,_merged/players/2026-27_all_players_gw.csv,a1c7a4a79f9505c517dfb17db8dd7d6aed653bde289d3d6587b17c0bc5c25de8,2026-08-31T13:26:12Z,349,FWD,565297,Mateo,Joseph Fernández-Regatillo,2645200,0,False,0,0,0,0,0,0,0,0,0,0,0,0,0,0.0,0.0,0.0,0.0,0,0,0,0,0,0.00,0.00,0.00,0.00,45,0,5936,0,0,2
2026-27,6,6,385,1,player_match:980643,VERIFIED,FPL_PLAYER_CODE_TO_PLAYER_MATCH_PL_CODE_TO_REGISTERED_SOURCE_PLAYER_ID,2,17,false,VERIFIED,VERIFIED,OBSERVED,STARTED,1ec7f0dc79055902251cd938650f622b0e79f3cc,https://github.com/imadeddine-belkat/Premier-League-Stats.git,_merged/players/2026-27_all_players_gw.csv,a1c7a4a79f9505c517dfb17db8dd7d6aed653bde289d3d6587b17c0bc5c25de8,2026-08-31T13:26:12Z,385,GKP,432720,James,Trafford,2645200,9,False,90,0,0,1,0,0,0,0,0,0,3,2,28,19.4,0.0,0.0,1.9,0,9,0,0,1,0.00,0.00,0.00,0.66,50,0,265439,0,0,2
2026-27,6,6,467,1,player_match:78152,VERIFIED,FPL_PLAYER_CODE_TO_PLAYER_MATCH_PL_CODE_TO_REGISTERED_SOURCE_PLAYER_ID,17,2,true,VERIFIED,VERIFIED,OBSERVED,STARTED,1ec7f0dc79055902251cd938650f622b0e79f3cc,https://github.com/imadeddine-belkat/Premier-League-Stats.git,_merged/players/2026-27_all_players_gw.csv,a1c7a4a79f9505c517dfb17db8dd7d6aed653bde289d3d6587b17c0bc5c25de8,2026-08-31T13:26:12Z,467,GKP,85633,Matz,Sels,2645200,2,False,90,0,0,0,1,0,0,0,0,0,2,0,11,14.2,0.0,0.0,1.4,0,9,0,0,1,0.00,0.00,0.00,0.47,50,0,140711,0,0,17
2026-27,6,6,468,1,player_match:840103,SOURCE_NATIVE_VERIFIED,FPL_PLAYER_CODE_TO_PLAYER_MATCH_PL_CODE_TO_SOURCE_NATIVE_PLAYER,17,2,true,VERIFIED,VERIFIED,OBSERVED,REGISTERED_ZERO_MINUTES,1ec7f0dc79055902251cd938650f622b0e79f3cc,https://github.com/imadeddine-belkat/Premier-League-Stats.git,_merged/players/2026-27_all_players_gw.csv,a1c7a4a79f9505c517dfb17db8dd7d6aed653bde289d3d6587b17c0bc5c25de8,2026-08-31T13:26:12Z,468,GKP,221389,John Victor,Maciel Furtado,2645200,0,False,0,0,0,0,0,0,0,0,0,0,0,0,0,0.0,0.0,0.0,0.0,0,0,0,0,0,0.00,0.00,0.00,0.00,45,0,5970,0,0,17
2026-27,6,6,469,1,player_match:927356,VERIFIED,FPL_PLAYER_CODE_TO_PLAYER_MATCH_PL_CODE_TO_REGISTERED_SOURCE_PLAYER_ID,17,2,true,VERIFIED,VERIFIED,OBSERVED,STARTED,1ec7f0dc79055902251cd938650f622b0e79f3cc,https://github.com/imadeddine-belkat/Premier-League-Stats.git,_merged/players/2026-27_all_players_gw.csv,a1c7a4a79f9505c517dfb17db8dd7d6aed653bde289d3d6587b17c0bc5c25de8,2026-08-31T13:26:12Z,469,DEF,215136,Neco,Williams,2645200,2,False,90,0,0,0,1,0,0,0,0,0,0,0,13,15.2,5.8,6.0,2.7,3,10,3,6,1,0.00,0.02,0.02,0.47,50,0,924685,0,0,17
2026-27,6,6,470,1,player_match:985086,SOURCE_NATIVE_VERIFIED,FPL_PLAYER_CODE_TO_PLAYER_MATCH_PL_CODE_TO_SOURCE_NATIVE_PLAYER,17,2,true,VERIFIED,VERIFIED,OBSERVED,REGISTERED_ZERO_MINUTES,1ec7f0dc79055902251cd938650f622b0e79f3cc,https://github.com/imadeddine-belkat/Premier-League-Stats.git,_merged/players/2026-27_all_players_gw.csv,a1c7a4a79f9505c517dfb17db8dd7d6aed653bde289d3d6587b17c0bc5c25de8,2026-08-31T13:26:12Z,470,DEF,485047,Felipe,Rodrigues da Silva,2645200,0,False,0,0,0,0,0,0,0,0,0,0,0,0,0,0.0,0.0,0.0,0.0,0,0,0,0,0,0.00,0.00,0.00,0.00,50,0,4345,0,0,17
2026-27,6,6,471,1,player_match:836168,VERIFIED,FPL_PLAYER_CODE_TO_PLAYER_MATCH_PL_CODE_TO_REGISTERED_SOURCE_PLAYER_ID,17,2,true,VERIFIED,VERIFIED,OBSERVED,STARTED,1ec7f0dc79055902251cd938650f622b0e79f3cc,https://github.com/imadeddine-belkat/Premier-League-Stats.git,_merged/players/2026-27_all_players_gw.csv,a1c7a4a79f9505c517dfb17db8dd7d6aed653bde289d3d6587b17c0bc5c25de8,2026-08-31T13:26:12Z,471,DEF,227444,Nikola,Milenković,2645200,2,False,90,0,0,0,1,0,0,0,0,0,0,0,4,7.6,0.6,14.0,2.2,7,6,0,7,1,0.11,0.02,0.13,0.47,55,0,173511,0,0,17
2026-27,6,6,472,1,player_match:1199282,SOURCE_NATIVE_VERIFIED,FPL_PLAYER_CODE_TO_PLAYER_MATCH_PL_CODE_TO_SOURCE_NATIVE_PLAYER,17,2,true,VERIFIED,VERIFIED,OBSERVED,STARTED,1ec7f0dc79055902251cd938650f622b0e79f3cc,https://github.com/imadeddine-belkat/Premier-League-Stats.git,_merged/players/2026-27_all_players_gw.csv,a1c7a4a79f9505c517dfb17db8dd7d6aed653bde289d3d6587b17c0bc5c25de8,2026-08-31T13:26:12Z,472,DEF,575476,Murillo,Costa dos Santos,2645200,4,False,90,0,0,0,1,0,0,0,0,0,0,0,15,32.2,25.9,0.0,5.8,12,3,2,14,1,0.00,0.28,0.28,0.47,55,0,134909,0,0,17
2026-27,6,6,473,1,player_match:800417,VERIFIED,FPL_PLAYER_CODE_TO_PLAYER_MATCH_PL_CODE_TO_REGISTERED_SOURCE_PLAYER_ID,17,2,true,VERIFIED,VERIFIED,OBSERVED,STARTED,1ec7f0dc79055902251cd938650f622b0e79f3cc,https://github.com/imadeddine-belkat/Premier-League-Stats.git,_merged/players/2026-27_all_players_gw.csv,a1c7a4a79f9505c517dfb17db8dd7d6aed653bde289d3d6587b17c0bc5c25de8,2026-08-31T13:26:12Z,473,DEF,159506,Ola,Aina,2645200,5,False,73,0,0,1,0,0,0,0,1,0,0,0,24,16.0,35.6,11.0,6.3,2,4,0,2,1,0.04,0.17,0.21,0.34,45,0,328883,0,0,17
2026-27,6,6,474,1,player_match:1170722,SOURCE_NATIVE_VERIFIED,FPL_PLAYER_CODE_TO_PLAYER_MATCH_PL_CODE_TO_SOURCE_NATIVE_PLAYER,17,2,true,VERIFIED,VERIFIED,OBSERVED,STARTED,1ec7f0dc79055902251cd938650f622b0e79f3cc,https://github.com/imadeddine-belkat/Premier-League-Stats.git,_merged/players/2026-27_all_players_gw.csv,a1c7a4a79f9505c517dfb17db8dd7d6aed653bde289d3d6587b17c0bc5c25de8,2026-08-31T13:26:12Z,474,DEF,575458,Jair,Paula da Cunha Filho,2645200,1,False,90,0,0,0,1,0,0,0,1,0,0,0,5,20.8,1.3,0.0,2.2,7,0,1,8,1,0.00,0.00,0.00,0.47,45,0,19663,0,0,17
2026-27,6,6,475,1,player_match:1010220,VERIFIED,FPL_PLAYER_CODE_TO_PLAYER_MATCH_PL_CODE_TO_REGISTERED_SOURCE_PLAYER_ID,17,2,true,VERIFIED,VERIFIED,OBSERVED,REGISTERED_ZERO_MINUTES,1ec7f0dc79055902251cd938650f622b0e79f3cc,https://github.com/imadeddine-belkat/Premier-League-Stats.git,_merged/players/2026-27_all_players_gw.csv,a1c7a4a79f9505c517dfb17db8dd7d6aed653bde289d3d6587b17c0bc5c25de8,2026-08-31T13:26:12Z,475,DEF,500151,Nicolò,Savona,2645200,0,False,0,0,0,0,0,0,0,0,0,0,0,0,0,0.0,0.0,0.0,0.0,0,0,0,0,0,0.00,0.00,0.00,0.00,45,0,209,0,0,17
2026-27,6,6,476,1,fpl_player:204822,SOURCE_NATIVE_VERIFIED,SOURCE_NATIVE_FPL_PLAYER_CODE,17,2,true,VERIFIED,VERIFIED,OBSERVED,REGISTERED_ZERO_MINUTES,1ec7f0dc79055902251cd938650f622b0e79f3cc,https://github.com/imadeddine-belkat/Premier-League-Stats.git,_merged/players/2026-27_all_players_gw.csv,a1c7a4a79f9505c517dfb17db8dd7d6aed653bde289d3d6587b17c0bc5c25de8,2026-08-31T13:26:12Z,476,DEF,204822,Omar,Richards,2645200,0,False,0,0,0,0,0,0,0,0,0,0,0,0,0,0.0,0.0,0.0,0.0,0,0,0,0,0,0.00,0.00,0.00,0.00,40,0,23191,0,0,17
2026-27,6,6,477,1,player_match:1390490,VERIFIED,FPL_PLAYER_CODE_TO_PLAYER_MATCH_PL_CODE_TO_REGISTERED_SOURCE_PLAYER_ID,17,2,true,VERIFIED,VERIFIED,OBSERVED,REGISTERED_ZERO_MINUTES,1ec7f0dc79055902251cd938650f622b0e79f3cc,https://github.com/imadeddine-belkat/Premier-League-Stats.git,_merged/players/2026-27_all_players_gw.csv,a1c7a4a79f9505c517dfb17db8dd7d6aed653bde289d3d6587b17c0bc5c25de8,2026-08-31T13:26:12Z,477,DEF,549067,Zach,Abbott,2645200,0,False,0,0,0,0,0,0,0,0,0,0,0,0,0,0.0,0.0,0.0,0.0,0,0,0,0,0,0.00,0.00,0.00,0.00,40,0,23851,0,0,17
2026-27,6,6,478,1,player_match:979144,VERIFIED,FPL_PLAYER_CODE_TO_PLAYER_MATCH_PL_CODE_TO_REGISTERED_SOURCE_PLAYER_ID,17,2,true,VERIFIED,VERIFIED,OBSERVED,SUBSTITUTE_APPEARANCE,1ec7f0dc79055902251cd938650f622b0e79f3cc,https://github.com/imadeddine-belkat/Premier-League-Stats.git,_merged/players/2026-27_all_players_gw.csv,a1c7a4a79f9505c517dfb17db8dd7d6aed653bde289d3d6587b17c0bc5c25de8,2026-08-31T13:26:12Z,478,DEF,470315,Luca,Netz,2645200,1,False,16,0,0,0,1,0,0,0,0,0,0,0,-2,0.0,0.9,0.0,0.1,0,1,0,0,0,0.00,0.00,0.00,0.13,45,0,2322,0,0,17
2026-27,6,6,479,1,fpl_player:538638,SOURCE_NATIVE_VERIFIED,SOURCE_NATIVE_FPL_PLAYER_CODE,17,2,true,VERIFIED,VERIFIED,OBSERVED,REGISTERED_ZERO_MINUTES,1ec7f0dc79055902251cd938650f622b0e79f3cc,https://github.com/imadeddine-belkat/Premier-League-Stats.git,_merged/players/2026-27_all_players_gw.csv,a1c7a4a79f9505c517dfb17db8dd7d6aed653bde289d3d6587b17c0bc5c25de8,2026-08-31T13:26:12Z,479,DEF,538638,Tyler,Bindon,2645200,0,False,0,0,0,0,0,0,0,0,0,0,0,0,0,0.0,0.0,0.0,0.0,0,0,0,0,0,0.00,0.00,0.00,0.00,40,0,18342,0,0,17
2026-27,6,6,480,1,player_match:865912,VERIFIED,FPL_PLAYER_CODE_TO_PLAYER_MATCH_PL_CODE_TO_REGISTERED_SOURCE_PLAYER_ID,17,2,true,VERIFIED,VERIFIED,OBSERVED,STARTED,1ec7f0dc79055902251cd938650f622b0e79f3cc,https://github.com/imadeddine-belkat/Premier-League-Stats.git,_merged/players/2026-27_all_players_gw.csv,a1c7a4a79f9505c517dfb17db8dd7d6aed653bde289d3d6587b17c0bc5c25de8,2026-08-31T13:26:12Z,480,MID,222531,Morgan,Gibbs-White,2645200,2,False,90,0,0,0,1,0,0,0,0,0,0,0,10,0.0,9.3,16.0,2.4,1,2,0,3,1,0.13,0.06,0.19,0.47,80,0,1039647,0,0,17
2026-27,6,6,482,1,player_match:867442,VERIFIED,FPL_PLAYER_CODE_TO_PLAYER_MATCH_PL_CODE_TO_REGISTERED_SOURCE_PLAYER_ID,17,2,true,VERIFIED,VERIFIED,OBSERVED,REGISTERED_ZERO_MINUTES,1ec7f0dc79055902251cd938650f622b0e79f3cc,https://github.com/imadeddine-belkat/Premier-League-Stats.git,_merged/players/2026-27_all_players_gw.csv,a1c7a4a79f9505c517dfb17db8dd7d6aed653bde289d3d6587b17c0bc5c25de8,2026-08-31T13:26:12Z,482,MID,209046,Callum,Hudson-Odoi,2645200,0,False,0,0,0,0,0,0,0,0,0,0,0,0,0,0.0,0.0,0.0,0.0,0,0,0,0,0,0.00,0.00,0.00,0.00,60,0,23579,0,0,17
2026-27,6,6,483,1,player_match:944327,VERIFIED,FPL_PLAYER_CODE_TO_PLAYER_MATCH_PL_CODE_TO_REGISTERED_SOURCE_PLAYER_ID,17,2,true,VERIFIED,VERIFIED,OBSERVED,STARTED,1ec7f0dc79055902251cd938650f622b0e79f3cc,https://github.com/imadeddine-belkat/Premier-League-Stats.git,_merged/players/2026-27_all_players_gw.csv,a1c7a4a79f9505c517dfb17db8dd7d6aed653bde289d3d6587b17c0bc5c25de8,2026-08-31T13:26:12Z,483,MID,456512,Dan,Ndoye,2645200,3,False,61,0,0,1,0,0,0,0,0,0,0,0,5,1.4,2.5,0.0,0.4,1,1,1,3,1,0.00,0.00,0.00,0.25,55,0,39539,0,0,17
2026-27,6,6,484,1,player_match:1090963,VERIFIED,FPL_PLAYER_CODE_TO_PLAYER_MATCH_PL_CODE_TO_REGISTERED_SOURCE_PLAYER_ID,17,2,true,VERIFIED,VERIFIED,OBSERVED,REGISTERED_ZERO_MINUTES,1ec7f0dc79055902251cd938650f622b0e79f3cc,https://github.com/imadeddine-belkat/Premier-League-Stats.git,_merged/players/2026-27_all_players_gw.csv,a1c7a4a79f9505c517dfb17db8dd7d6aed653bde289d3d6587b17c0bc5c25de8,2026-08-31T13:26:12Z,484,MID,503301,Omari,Hutchinson,2645200,0,False,0,0,0,0,0,0,0,0,0,0,0,0,0,0.0,0.0,0.0,0.0,0,0,0,0,0,0.00,0.00,0.00,0.00,55,0,15797,0,0,17
2026-27,6,6,485,1,player_match:963298,VERIFIED,FPL_PLAYER_CODE_TO_PLAYER_MATCH_PL_CODE_TO_REGISTERED_SOURCE_PLAYER_ID,17,2,true,VERIFIED,VERIFIED,OBSERVED,REGISTERED_ZERO_MINUTES,1ec7f0dc79055902251cd938650f622b0e79f3cc,https://github.com/imadeddine-belkat/Premier-League-Stats.git,_merged/players/2026-27_all_players_gw.csv,a1c7a4a79f9505c517dfb17db8dd7d6aed653bde289d3d6587b17c0bc5c25de8,2026-08-31T13:26:12Z,485,MID,476887,Dilane,Bakwa,2645200,0,False,0,0,0,0,0,0,0,0,0,0,0,0,0,0.0,0.0,0.0,0.0,0,0,0,0,0,0.00,0.00,0.00,0.00,55,0,1373,0,0,17
2026-27,6,6,486,1,player_match:1003334,VERIFIED,FPL_PLAYER_CODE_TO_PLAYER_MATCH_PL_CODE_TO_REGISTERED_SOURCE_PLAYER_ID,17,2,true,VERIFIED,VERIFIED,OBSERVED,STARTED,1ec7f0dc79055902251cd938650f622b0e79f3cc,https://github.com/imadeddine-belkat/Premier-League-Stats.git,_merged/players/2026-27_all_players_gw.csv,a1c7a4a79f9505c517dfb17db8dd7d6aed653bde289d3d6587b17c0bc5c25de8,2026-08-31T13:26:12Z,486,MID,432714,James,McAtee,2645200,3,False,73,0,0,1,0,0,0,0,0,0,0,0,18,11.6,42.5,0.0,5.4,2,5,1,8,1,0.00,0.16,0.16,0.34,55,0,3147,0,0,17
2026-27,6,6,487,1,player_match:871765,VERIFIED,FPL_PLAYER_CODE_TO_PLAYER_MATCH_PL_CODE_TO_REGISTERED_SOURCE_PLAYER_ID,17,2,true,VERIFIED,VERIFIED,OBSERVED,REGISTERED_ZERO_MINUTES,1ec7f0dc79055902251cd938650f622b0e79f3cc,https://github.com/imadeddine-belkat/Premier-League-Stats.git,_merged/players/2026-27_all_players_gw.csv,a1c7a4a79f9505c517dfb17db8dd7d6aed653bde289d3d6587b17c0bc5c25de8,2026-08-31T13:26:12Z,487,MID,250199,Nicolás,Domínguez,2645200,0,False,0,0,0,0,0,0,0,0,0,0,0,0,0,0.0,0.0,0.0,0.0,0,0,0,0,0,0.00,0.00,0.00,0.00,50,0,7576,0,0,17
2026-27,6,6,488,1,player_match:843754,VERIFIED,FPL_PLAYER_CODE_TO_PLAYER_MATCH_PL_CODE_TO_REGISTERED_SOURCE_PLAYER_ID,17,2,true,VERIFIED,VERIFIED,OBSERVED,STARTED,1ec7f0dc79055902251cd938650f622b0e79f3cc,https://github.com/imadeddine-belkat/Premier-League-Stats.git,_merged/players/2026-27_all_players_gw.csv,a1c7a4a79f9505c517dfb17db8dd7d6aed653bde289d3d6587b17c0bc5c25de8,2026-08-31T13:26:12Z,488,MID,210462,Ibrahim,Sangaré,2645200,2,False,90,0,0,0,1,0,0,0,0,0,0,0,10,17.8,13.0,3.0,3.4,3,3,0,6,1,0.03,0.01,0.04,0.47,50,0,100536,0,0,17
2026-27,6,6,489,1,player_match:846252,VERIFIED,FPL_PLAYER_CODE_TO_PLAYER_MATCH_PL_CODE_TO_REGISTERED_SOURCE_PLAYER_ID,17,2,true,VERIFIED,VERIFIED,OBSERVED,REGISTERED_ZERO_MINUTES,1ec7f0dc79055902251cd938650f622b0e79f3cc,https://github.com/imadeddine-belkat/Premier-League-Stats.git,_merged/players/2026-27_all_players_gw.csv,a1c7a4a79f9505c517dfb17db8dd7d6aed653bde289d3d6587b17c0bc5c25de8,2026-08-31T13:26:12Z,489,MID,204968,Ryan,Yates,2645200,0,False,0,0,0,0,0,0,0,0,0,0,0,0,0,0.0,0.0,0.0,0.0,0,0,0,0,0,0.00,0.00,0.00,0.00,45,0,177323,0,0,17
2026-27,6,6,490,1,player_match:50480,VERIFIED,FPL_PLAYER_CODE_TO_PLAYER_MATCH_PL_CODE_TO_REGISTERED_SOURCE_PLAYER_ID,17,2,true,VERIFIED,VERIFIED,OBSERVED,SUBSTITUTE_APPEARANCE,1ec7f0dc79055902251cd938650f622b0e79f3cc,https://github.com/imadeddine-belkat/Premier-League-Stats.git,_merged/players/2026-27_all_players_gw.csv,a1c7a4a79f9505c517dfb17db8dd7d6aed653bde289d3d6587b17c0bc5c25de8,2026-08-31T13:26:12Z,490,FWD,60689,Chris,Wood,2645200,1,False,28,0,0,0,1,0,0,0,0,0,0,0,3,0.0,2.4,3.0,0.4,0,1,0,1,0,0.12,0.01,0.13,0.22,60,0,159951,0,0,17
2026-27,6,6,491,1,player_match:981619,SOURCE_NATIVE_VERIFIED,FPL_PLAYER_CODE_TO_PLAYER_MATCH_PL_CODE_TO_SOURCE_NATIVE_PLAYER,17,2,true,VERIFIED,VERIFIED,OBSERVED,STARTED,1ec7f0dc79055902251cd938650f622b0e79f3cc,https://github.com/imadeddine-belkat/Premier-League-Stats.git,_merged/players/2026-27_all_players_gw.csv,a1c7a4a79f9505c517dfb17db8dd7d6aed653bde289d3d6587b17c0bc5c25de8,2026-08-31T13:26:12Z,491,FWD,482973,Igor Jesus,Maciel da Cruz,2645200,2,False,90,0,0,0,1,0,0,0,0,0,0,0,8,5.2,6.8,31.0,4.3,2,1,0,3,1,0.22,0.02,0.24,0.47,60,0,389784,0,0,17
2026-27,6,6,493,1,fpl_player:465680,SOURCE_NATIVE_VERIFIED,SOURCE_NATIVE_FPL_PLAYER_CODE,17,2,true,VERIFIED,VERIFIED,OBSERVED,SUBSTITUTE_APPEARANCE,1ec7f0dc79055902251cd938650f622b0e79f3cc,https://github.com/imadeddine-belkat/Premier-League-Stats.git,_merged/players/2026-27_all_players_gw.csv,a1c7a4a79f9505c517dfb17db8dd7d6aed653bde289d3d6587b17c0bc5c25de8,2026-08-31T13:26:12Z,493,FWD,465680,Arnaud,Kalimuendo,2645200,1,False,1,0,0,0,0,0,0,0,0,0,0,0,3,0.0,0.0,0.0,0.0,0,0,0,0,0,0.00,0.00,0.00,0.00,55,0,4138,0,0,17
2026-27,6,6,558,1,fpl_player:204561,SOURCE_NATIVE_VERIFIED,SOURCE_NATIVE_FPL_PLAYER_CODE,17,2,true,VERIFIED,VERIFIED,OBSERVED,SUBSTITUTE_APPEARANCE,1ec7f0dc79055902251cd938650f622b0e79f3cc,https://github.com/imadeddine-belkat/Premier-League-Stats.git,_merged/players/2026-27_all_players_gw.csv,a1c7a4a79f9505c517dfb17db8dd7d6aed653bde289d3d6587b17c0bc5c25de8,2026-08-31T13:26:12Z,558,MID,204561,Xaver,Schlager,2645200,1,False,16,0,0,0,1,0,0,0,0,0,0,0,3,0.6,1.0,2.0,0.4,0,1,0,1,0,0.00,0.00,0.00,0.13,50,0,10065,0,0,17
2026-27,6,6,581,1,fpl_player:568420,SOURCE_NATIVE_VERIFIED,SOURCE_NATIVE_FPL_PLAYER_CODE,17,2,true,VERIFIED,VERIFIED,OBSERVED,REGISTERED_ZERO_MINUTES,1ec7f0dc79055902251cd938650f622b0e79f3cc,https://github.com/imadeddine-belkat/Premier-League-Stats.git,_merged/players/2026-27_all_players_gw.csv,a1c7a4a79f9505c517dfb17db8dd7d6aed653bde289d3d6587b17c0bc5c25de8,2026-08-31T13:26:12Z,581,DEF,568420,Ousmane,Diomande,2645200,0,False,0,0,0,0,0,0,0,0,0,0,0,0,0,0.0,0.0,0.0,0.0,0,0,0,0,0,0.00,0.00,0.00,0.00,55,0,67092,0,0,17
2026-27,6,6,590,1,player_match:860764,VERIFIED,FPL_PLAYER_CODE_TO_PLAYER_MATCH_PL_CODE_TO_REGISTERED_SOURCE_PLAYER_ID,17,2,true,VERIFIED,VERIFIED,OBSERVED,REGISTERED_ZERO_MINUTES,1ec7f0dc79055902251cd938650f622b0e79f3cc,https://github.com/imadeddine-belkat/Premier-League-Stats.git,_merged/players/2026-27_all_players_gw.csv,a1c7a4a79f9505c517dfb17db8dd7d6aed653bde289d3d6587b17c0bc5c25de8,2026-08-31T13:26:12Z,590,GKP,428971,Steven,Benda,2645200,0,False,0,0,0,0,0,0,0,0,0,0,0,0,0,0.0,0.0,0.0,0.0,0,0,0,0,0,0.00,0.00,0.00,0.00,45,0,5245,0,0,17
2026-27,6,6,598,1,fpl_player:173774,SOURCE_NATIVE_VERIFIED,SOURCE_NATIVE_FPL_PLAYER_CODE,2,17,false,VERIFIED,VERIFIED,OBSERVED,REGISTERED_ZERO_MINUTES,1ec7f0dc79055902251cd938650f622b0e79f3cc,https://github.com/imadeddine-belkat/Premier-League-Stats.git,_merged/players/2026-27_all_players_gw.csv,a1c7a4a79f9505c517dfb17db8dd7d6aed653bde289d3d6587b17c0bc5c25de8,2026-08-31T13:26:12Z,598,DEF,173774,Nico,Elvedi,2645200,0,False,0,0,0,0,0,0,0,0,0,0,0,0,0,0.0,0.0,0.0,0.0,0,0,0,0,0,0.00,0.00,0.00,0.00,45,0,1842,0,0,2
2026-27,6,6,603,1,player_match:1899485,VERIFIED,FPL_PLAYER_CODE_TO_PLAYER_MATCH_PL_CODE_TO_REGISTERED_SOURCE_PLAYER_ID,2,17,false,VERIFIED,VERIFIED,OBSERVED,REGISTERED_ZERO_MINUTES,1ec7f0dc79055902251cd938650f622b0e79f3cc,https://github.com/imadeddine-belkat/Premier-League-Stats.git,_merged/players/2026-27_all_players_gw.csv,a1c7a4a79f9505c517dfb17db8dd7d6aed653bde289d3d6587b17c0bc5c25de8,2026-08-31T13:26:12Z,603,DEF,643970,Jayden,Lienou,2645200,0,False,0,0,0,0,0,0,0,0,0,0,0,0,0,0.0,0.0,0.0,0.0,0,0,0,0,0,0.00,0.00,0.00,0.00,40,0,0,0,0,2
2026-27,6,6,604,1,player_match:1809530,VERIFIED,FPL_PLAYER_CODE_TO_PLAYER_MATCH_PL_CODE_TO_REGISTERED_SOURCE_PLAYER_ID,2,17,false,VERIFIED,VERIFIED,OBSERVED,REGISTERED_ZERO_MINUTES,1ec7f0dc79055902251cd938650f622b0e79f3cc,https://github.com/imadeddine-belkat/Premier-League-Stats.git,_merged/players/2026-27_all_players_gw.csv,a1c7a4a79f9505c517dfb17db8dd7d6aed653bde289d3d6587b17c0bc5c25de8,2026-08-31T13:26:12Z,604,MID,592740,Alfie,Cresswell,2645200,0,False,0,0,0,0,0,0,0,0,0,0,0,0,0,0.0,0.0,0.0,0.0,0,0,0,0,0,0.00,0.00,0.00,0.00,45,0,0,0,0,2
2026-27,7,7,28,1,player_match:158263,VERIFIED,FPL_PLAYER_CODE_TO_PLAYER_MATCH_PL_CODE_TO_REGISTERED_SOURCE_PLAYER_ID,7,36,false,VERIFIED,VERIFIED,OBSERVED,REGISTERED_ZERO_MINUTES,1ec7f0dc79055902251cd938650f622b0e79f3cc,https://github.com/imadeddine-belkat/Premier-League-Stats.git,_merged/players/2026-27_all_players_gw.csv,a1c7a4a79f9505c517dfb17db8dd7d6aed653bde289d3d6587b17c0bc5c25de8,2026-08-31T13:26:12Z,28,GKP,98980,Emiliano,Martínez Romero,2645201,0,False,0,0,0,0,0,0,0,0,0,0,0,0,0,0.0,0.0,0.0,0.0,0,0,0,0,0,0.00,0.00,0.00,0.00,50,0,388040,0,0,7
2026-27,7,7,29,1,player_match:100390,VERIFIED,FPL_PLAYER_CODE_TO_PLAYER_MATCH_PL_CODE_TO_REGISTERED_SOURCE_PLAYER_ID,7,36,false,VERIFIED,VERIFIED,OBSERVED,STARTED,1ec7f0dc79055902251cd938650f622b0e79f3cc,https://github.com/imadeddine-belkat/Premier-League-Stats.git,_merged/players/2026-27_all_players_gw.csv,a1c7a4a79f9505c517dfb17db8dd7d6aed653bde289d3d6587b17c0bc5c25de8,2026-08-31T13:26:12Z,29,GKP,72147,Marco,Bizot,2645201,1,False,90,0,0,0,4,0,0,0,0,0,3,0,1,28.2,0.0,0.0,2.8,2,6,0,0,1,0.00,0.00,0.00,3.77,45,0,10183,0,0,7
2026-27,7,7,30,1,player_match:96538,VERIFIED,FPL_PLAYER_CODE_TO_PLAYER_MATCH_PL_CODE_TO_REGISTERED_SOURCE_PLAYER_ID,7,36,false,VERIFIED,VERIFIED,OBSERVED,REGISTERED_ZERO_MINUTES,1ec7f0dc79055902251cd938650f622b0e79f3cc,https://github.com/imadeddine-belkat/Premier-League-Stats.git,_merged/players/2026-27_all_players_gw.csv,a1c7a4a79f9505c517dfb17db8dd7d6aed653bde289d3d6587b17c0bc5c25de8,2026-08-31T13:26:12Z,30,DEF,101188,Lucas,Digne,2645201,0,False,0,0,0,0,0,0,0,0,0,0,0,0,0,0.0,0.0,0.0,0.0,0,0,0,0,0,0.00,0.00,0.00,0.00,45,0,13780,0,0,7
2026-27,7,7,32,1,player_match:833956,VERIFIED,FPL_PLAYER_CODE_TO_PLAYER_MATCH_PL_CODE_TO_REGISTERED_SOURCE_PLAYER_ID,7,36,false,VERIFIED,VERIFIED,OBSERVED,STARTED,1ec7f0dc79055902251cd938650f622b0e79f3cc,https://github.com/imadeddine-belkat/Premier-League-Stats.git,_merged/players/2026-27_all_players_gw.csv,a1c7a4a79f9505c517dfb17db8dd7d6aed653bde289d3d6587b17c0bc5c25de8,2026-08-31T13:26:12Z,32,DEF,199796,Matty,Cash,2645201,-1,False,90,0,0,0,4,0,0,0,1,0,0,0,-8,12.0,1.1,0.0,1.3,5,0,2,7,1,0.00,0.00,0.00,3.77,45,0,789072,0,0,7
2026-27,7,7,33,1,player_match:303638,VERIFIED,FPL_PLAYER_CODE_TO_PLAYER_MATCH_PL_CODE_TO_REGISTERED_SOURCE_PLAYER_ID,7,36,false,VERIFIED,VERIFIED,OBSERVED,SUBSTITUTE_APPEARANCE,1ec7f0dc79055902251cd938650f622b0e79f3cc,https://github.com/imadeddine-belkat/Premier-League-Stats.git,_merged/players/2026-27_all_players_gw.csv,a1c7a4a79f9505c517dfb17db8dd7d6aed653bde289d3d6587b17c0bc5c25de8,2026-08-31T13:26:12Z,33,DEF,149484,Tyrone,Mings,2645201,1,False,16,0,0,0,0,0,0,0,0,0,0,0,5,2.0,0.0,0.0,0.2,0,0,1,1,0,0.00,0.00,0.00,0.22,45,0,29034,0,0,7
2026-27,7,7,34,1,player_match:864169,VERIFIED,FPL_PLAYER_CODE_TO_PLAYER_MATCH_PL_CODE_TO_REGISTERED_SOURCE_PLAYER_ID,7,36,false,VERIFIED,VERIFIED,OBSERVED,STARTED,1ec7f0dc79055902251cd938650f622b0e79f3cc,https://github.com/imadeddine-belkat/Premier-League-Stats.git,_merged/players/2026-27_all_players_gw.csv,a1c7a4a79f9505c517dfb17db8dd7d6aed653bde289d3d6587b17c0bc5c25de8,2026-08-31T13:26:12Z,34,DEF,244954,Pau,Torres,2645201,0,False,73,0,0,0,4,0,0,0,0,0,0,0,-14,0.0,0.7,0.0,0.0,5,1,0,5,1,0.00,0.00,0.00,3.55,45,0,38472,0,0,7
2026-27,7,7,35,1,player_match:1089388,VERIFIED,FPL_PLAYER_CODE_TO_PLAYER_MATCH_PL_CODE_TO_REGISTERED_SOURCE_PLAYER_ID,7,36,false,VERIFIED,VERIFIED,OBSERVED,SUBSTITUTE_APPEARANCE,1ec7f0dc79055902251cd938650f622b0e79f3cc,https://github.com/imadeddine-belkat/Premier-League-Stats.git,_merged/players/2026-27_all_players_gw.csv,a1c7a4a79f9505c517dfb17db8dd7d6aed653bde289d3d6587b17c0bc5c25de8,2026-08-31T13:26:12Z,35,MID,515597,Lamare,Bogarde,2645201,1,False,16,0,0,0,0,0,0,0,0,0,0,0,3,2.2,0.5,0.0,0.3,1,0,0,1,0,0.00,0.00,0.00,0.22,50,0,5822,0,0,7
2026-27,7,7,36,1,player_match:976263,VERIFIED,FPL_PLAYER_CODE_TO_PLAYER_MATCH_PL_CODE_TO_REGISTERED_SOURCE_PLAYER_ID,7,36,false,VERIFIED,VERIFIED,OBSERVED,STARTED,1ec7f0dc79055902251cd938650f622b0e79f3cc,https://github.com/imadeddine-belkat/Premier-League-Stats.git,_merged/players/2026-27_all_players_gw.csv,a1c7a4a79f9505c517dfb17db8dd7d6aed653bde289d3d6587b17c0bc5c25de8,2026-08-31T13:26:12Z,36,DEF,441302,Ian,Maatsen,2645201,0,False,81,0,0,0,4,0,0,0,0,0,0,0,-9,9.2,0.8,3.0,1.3,7,2,2,9,1,0.03,0.00,0.03,3.62,45,0,71952,0,0,7
2026-27,7,7,37,1,player_match:143334,VERIFIED,FPL_PLAYER_CODE_TO_PLAYER_MATCH_PL_CODE_TO_REGISTERED_SOURCE_PLAYER_ID,7,36,false,VERIFIED,VERIFIED,OBSERVED,STARTED,1ec7f0dc79055902251cd938650f622b0e79f3cc,https://github.com/imadeddine-belkat/Premier-League-Stats.git,_merged/players/2026-27_all_players_gw.csv,a1c7a4a79f9505c517dfb17db8dd7d6aed653bde289d3d6587b17c0bc5c25de8,2026-08-31T13:26:12Z,37,DEF,184667,Victor,Lindelöf,2645201,-2,False,90,0,0,0,4,1,0,0,0,0,0,0,-13,1.8,0.1,0.0,0.2,3,1,0,3,1,0.00,0.00,0.00,3.77,45,0,24630,0,0,7
2026-27,7,7,38,1,player_match:1457536,VERIFIED,FPL_PLAYER_CODE_TO_PLAYER_MATCH_PL_CODE_TO_REGISTERED_SOURCE_PLAYER_ID,7,36,false,VERIFIED,VERIFIED,OBSERVED,REGISTERED_ZERO_MINUTES,1ec7f0dc79055902251cd938650f622b0e79f3cc,https://github.com/imadeddine-belkat/Premier-League-Stats.git,_merged/players/2026-27_all_players_gw.csv,a1c7a4a79f9505c517dfb17db8dd7d6aed653bde289d3d6587b17c0bc5c25de8,2026-08-31T13:26:12Z,38,DEF,606798,Andrés,García,2645201,0,False,0,0,0,0,0,0,0,0,0,0,0,0,0,0.0,0.0,0.0,0.0,0,0,0,0,0,0.00,0.00,0.00,0.00,40,0,157304,0,0,7
2026-27,7,7,39,1,fpl_player:578545,SOURCE_NATIVE_VERIFIED,SOURCE_NATIVE_FPL_PLAYER_CODE,7,36,false,VERIFIED,VERIFIED,OBSERVED,REGISTERED_ZERO_MINUTES,1ec7f0dc79055902251cd938650f622b0e79f3cc,https://github.com/imadeddine-belkat/Premier-League-Stats.git,_merged/players/2026-27_all_players_gw.csv,a1c7a4a79f9505c517dfb17db8dd7d6aed653bde289d3d6587b17c0bc5c25de8,2026-08-31T13:26:12Z,39,DEF,578545,Kosta,Nedeljkovic,2645201,0,False,0,0,0,0,0,0,0,0,0,0,0,0,0,0.0,0.0,0.0,0.0,0,0,0,0,0,0.00,0.00,0.00,0.00,40,0,29043,0,0,7
2026-27,7,7,41,1,player_match:783126,SOURCE_NATIVE_VERIFIED,FPL_PLAYER_CODE_TO_PLAYER_MATCH_PL_CODE_TO_SOURCE_NATIVE_PLAYER,7,36,false,VERIFIED,VERIFIED,OBSERVED,STARTED,1ec7f0dc79055902251cd938650f622b0e79f3cc,https://github.com/imadeddine-belkat/Premier-League-Stats.git,_merged/players/2026-27_all_players_gw.csv,a1c7a4a79f9505c517dfb17db8dd7d6aed653bde289d3d6587b17c0bc5c25de8,2026-08-31T13:26:12Z,41,MID,195546,Emiliano,Buendía Stati,2645201,2,False,85,0,0,0,4,0,0,0,0,0,0,0,4,0.0,16.3,8.0,2.2,3,3,1,7,1,0.13,0.09,0.22,3.62,60,0,120830,0,0,7
2026-27,7,7,44,1,player_match:808590,VERIFIED,FPL_PLAYER_CODE_TO_PLAYER_MATCH_PL_CODE_TO_REGISTERED_SOURCE_PLAYER_ID,7,36,false,VERIFIED,VERIFIED,OBSERVED,REGISTERED_ZERO_MINUTES,1ec7f0dc79055902251cd938650f622b0e79f3cc,https://github.com/imadeddine-belkat/Premier-League-Stats.git,_merged/players/2026-27_all_players_gw.csv,a1c7a4a79f9505c517dfb17db8dd7d6aed653bde289d3d6587b17c0bc5c25de8,2026-08-31T13:26:12Z,44,MID,215711,Leon,Bailey,2645201,0,False,0,0,0,0,0,0,0,0,0,0,0,0,0,0.0,0.0,0.0,0.0,0,0,0,0,0,0.00,0.00,0.00,0.00,55,0,12940,0,0,7
2026-27,7,7,45,1,player_match:250223,VERIFIED,FPL_PLAYER_CODE_TO_PLAYER_MATCH_PL_CODE_TO_REGISTERED_SOURCE_PLAYER_ID,7,36,false,VERIFIED,VERIFIED,OBSERVED,STARTED,1ec7f0dc79055902251cd938650f622b0e79f3cc,https://github.com/imadeddine-belkat/Premier-League-Stats.git,_merged/players/2026-27_all_players_gw.csv,a1c7a4a79f9505c517dfb17db8dd7d6aed653bde289d3d6587b17c0bc5c25de8,2026-08-31T13:26:12Z,45,MID,122806,John,McGinn,2645201,1,False,81,0,0,0,4,0,0,0,1,0,0,0,8,1.6,2.4,1.0,0.5,2,3,1,6,1,0.04,0.01,0.05,3.62,55,0,290994,0,0,7
2026-27,7,7,46,1,player_match:98435,VERIFIED,FPL_PLAYER_CODE_TO_PLAYER_MATCH_PL_CODE_TO_REGISTERED_SOURCE_PLAYER_ID,7,36,false,VERIFIED,VERIFIED,OBSERVED,STARTED,1ec7f0dc79055902251cd938650f622b0e79f3cc,https://github.com/imadeddine-belkat/Premier-League-Stats.git,_merged/players/2026-27_all_players_gw.csv,a1c7a4a79f9505c517dfb17db8dd7d6aed653bde289d3d6587b17c0bc5c25de8,2026-08-31T13:26:12Z,46,MID,88894,Ross,Barkley,2645201,2,False,73,0,0,0,4,0,0,0,0,0,0,0,11,9.4,21.4,7.0,3.8,1,0,0,1,1,0.10,0.02,0.12,3.55,50,0,20508,0,0,7
2026-27,7,7,47,1,player_match:826204,VERIFIED,FPL_PLAYER_CODE_TO_PLAYER_MATCH_PL_CODE_TO_REGISTERED_SOURCE_PLAYER_ID,7,36,false,VERIFIED,VERIFIED,OBSERVED,STARTED,1ec7f0dc79055902251cd938650f622b0e79f3cc,https://github.com/imadeddine-belkat/Premier-League-Stats.git,_merged/players/2026-27_all_players_gw.csv,a1c7a4a79f9505c517dfb17db8dd7d6aed653bde289d3d6587b17c0bc5c25de8,2026-08-31T13:26:12Z,47,MID,226944,Boubacar,Kamara,2645201,2,False,90,0,0,0,4,0,0,0,0,0,0,0,9,11.2,2.8,0.0,1.4,3,2,2,7,1,0.00,0.00,0.00,3.77,50,0,31172,0,0,7
2026-27,7,7,48,1,player_match:923973,VERIFIED,FPL_PLAYER_CODE_TO_PLAYER_MATCH_PL_CODE_TO_REGISTERED_SOURCE_PLAYER_ID,7,36,false,VERIFIED,VERIFIED,OBSERVED,REGISTERED_ZERO_MINUTES,1ec7f0dc79055902251cd938650f622b0e79f3cc,https://github.com/imadeddine-belkat/Premier-League-Stats.git,_merged/players/2026-27_all_players_gw.csv,a1c7a4a79f9505c517dfb17db8dd7d6aed653bde289d3d6587b17c0bc5c25de8,2026-08-31T13:26:12Z,48,MID,449871,Amadou,Onana,2645201,0,False,0,0,0,0,0,0,0,0,0,0,0,0,0,0.0,0.0,0.0,0.0,0,0,0,0,0,0.00,0.00,0.00,0.00,50,0,2081,0,0,7
2026-27,7,7,49,1,fpl_player:469247,SOURCE_NATIVE_VERIFIED,SOURCE_NATIVE_FPL_PLAYER_CODE,7,36,false,VERIFIED,VERIFIED,OBSERVED,REGISTERED_ZERO_MINUTES,1ec7f0dc79055902251cd938650f622b0e79f3cc,https://github.com/imadeddine-belkat/Premier-League-Stats.git,_merged/players/2026-27_all_players_gw.csv,a1c7a4a79f9505c517dfb17db8dd7d6aed653bde289d3d6587b17c0bc5c25de8,2026-08-31T13:26:12Z,49,MID,469247,Samuel,Iling-Junior,2645201,0,False,0,0,0,0,0,0,0,0,0,0,0,0,0,0.0,0.0,0.0,0.0,0,0,0,0,0,0.00,0.00,0.00,0.00,50,0,394,0,0,7
2026-27,7,7,50,1,player_match:1899712,VERIFIED,FPL_PLAYER_CODE_TO_PLAYER_MATCH_PL_CODE_TO_REGISTERED_SOURCE_PLAYER_ID,7,36,false,VERIFIED,VERIFIED,OBSERVED,REGISTERED_ZERO_MINUTES,1ec7f0dc79055902251cd938650f622b0e79f3cc,https://github.com/imadeddine-belkat/Premier-League-Stats.git,_merged/players/2026-27_all_players_gw.csv,a1c7a4a79f9505c517dfb17db8dd7d6aed653bde289d3d6587b17c0bc5c25de8,2026-08-31T13:26:12Z,50,MID,645618,Bradley,Burrowes,2645201,0,False,0,0,0,0,0,0,0,0,0,0,0,0,0,0.0,0.0,0.0,0.0,0,0,0,0,0,0.00,0.00,0.00,0.00,45,0,60228,0,0,7
2026-27,7,7,51,1,player_match:1398204,VERIFIED,FPL_PLAYER_CODE_TO_PLAYER_MATCH_PL_CODE_TO_REGISTERED_SOURCE_PLAYER_ID,7,36,false,VERIFIED,VERIFIED,OBSERVED,STARTED,1ec7f0dc79055902251cd938650f622b0e79f3cc,https://github.com/imadeddine-belkat/Premier-League-Stats.git,_merged/players/2026-27_all_players_gw.csv,a1c7a4a79f9505c517dfb17db8dd7d6aed653bde289d3d6587b17c0bc5c25de8,2026-08-31T13:26:12Z,51,MID,577285,George,Hemmings,2645201,2,False,90,0,0,0,4,0,0,0,0,0,0,0,12,10.6,11.6,2.0,2.4,0,2,3,5,1,0.00,0.00,0.00,3.77,45,0,60759,0,0,7
2026-27,7,7,52,1,player_match:1631879,SOURCE_NATIVE_VERIFIED,FPL_PLAYER_CODE_TO_PLAYER_MATCH_PL_CODE_TO_SOURCE_NATIVE_PLAYER,7,36,false,VERIFIED,VERIFIED,OBSERVED,SUBSTITUTE_APPEARANCE,1ec7f0dc79055902251cd938650f622b0e79f3cc,https://github.com/imadeddine-belkat/Premier-League-Stats.git,_merged/players/2026-27_all_players_gw.csv,a1c7a4a79f9505c517dfb17db8dd7d6aed653bde289d3d6587b17c0bc5c25de8,2026-08-31T13:26:12Z,52,MID,653481,Alysson Edward Franco,da Rocha dos Santos,2645201,1,False,8,0,0,0,0,0,0,0,0,0,0,0,5,4.0,0.0,0.0,0.4,1,1,1,3,0,0.00,0.00,0.00,0.14,50,0,3792,0,0,7
2026-27,7,7,53,1,fpl_player:614071,SOURCE_NATIVE_VERIFIED,SOURCE_NATIVE_FPL_PLAYER_CODE,7,36,false,VERIFIED,VERIFIED,OBSERVED,REGISTERED_ZERO_MINUTES,1ec7f0dc79055902251cd938650f622b0e79f3cc,https://github.com/imadeddine-belkat/Premier-League-Stats.git,_merged/players/2026-27_all_players_gw.csv,a1c7a4a79f9505c517dfb17db8dd7d6aed653bde289d3d6587b17c0bc5c25de8,2026-08-31T13:26:12Z,53,MID,614071,Johan,Manzambi,2645201,0,False,0,0,0,0,0,0,0,0,0,0,0,0,0,0.0,0.0,0.0,0.0,0,0,0,0,0,0.00,0.00,0.00,0.00,60,0,26624,0,0,7
2026-27,7,7,54,1,player_match:1015267,SOURCE_NATIVE_VERIFIED,FPL_PLAYER_CODE_TO_PLAYER_MATCH_PL_CODE_TO_SOURCE_NATIVE_PLAYER,7,36,false,VERIFIED,VERIFIED,OBSERVED,STARTED,1ec7f0dc79055902251cd938650f622b0e79f3cc,https://github.com/imadeddine-belkat/Premier-League-Stats.git,_merged/players/2026-27_all_players_gw.csv,a1c7a4a79f9505c517dfb17db8dd7d6aed653bde289d3d6587b17c0bc5c25de8,2026-08-31T13:26:12Z,54,MID,448089,Joao,Gomes,2645201,-2,False,39,0,0,0,4,0,0,0,0,1,0,0,-2,1.0,11.0,0.0,1.2,1,2,4,7,1,0.00,0.01,0.01,2.58,55,0,6573,0,0,7
2026-27,7,7,55,1,player_match:555386,VERIFIED,FPL_PLAYER_CODE_TO_PLAYER_MATCH_PL_CODE_TO_REGISTERED_SOURCE_PLAYER_ID,7,36,false,VERIFIED,VERIFIED,OBSERVED,REGISTERED_ZERO_MINUTES,1ec7f0dc79055902251cd938650f622b0e79f3cc,https://github.com/imadeddine-belkat/Premier-League-Stats.git,_merged/players/2026-27_all_players_gw.csv,a1c7a4a79f9505c517dfb17db8dd7d6aed653bde289d3d6587b17c0bc5c25de8,2026-08-31T13:26:12Z,55,FWD,178301,Ollie,Watkins,2645201,0,False,0,0,0,0,0,0,0,0,0,0,0,0,0,0.0,0.0,0.0,0.0,0,0,0,0,0,0.00,0.00,0.00,0.00,80,0,898121,0,0,7
2026-27,7,7,56,1,player_match:610766,VERIFIED,FPL_PLAYER_CODE_TO_PLAYER_MATCH_PL_CODE_TO_REGISTERED_SOURCE_PLAYER_ID,7,36,false,VERIFIED,VERIFIED,OBSERVED,REGISTERED_ZERO_MINUTES,1ec7f0dc79055902251cd938650f622b0e79f3cc,https://github.com/imadeddine-belkat/Premier-League-Stats.git,_merged/players/2026-27_all_players_gw.csv,a1c7a4a79f9505c517dfb17db8dd7d6aed653bde289d3d6587b17c0bc5c25de8,2026-08-31T13:26:12Z,56,FWD,173879,Tammy,Abraham,2645201,0,False,0,0,0,0,0,0,0,0,0,0,0,0,0,0.0,0.0,0.0,0.0,0,0,0,0,0,0.00,0.00,0.00,0.00,55,0,11764,0,0,7
2026-27,7,7,109,1,player_match:994363,VERIFIED,FPL_PLAYER_CODE_TO_PLAYER_MATCH_PL_CODE_TO_REGISTERED_SOURCE_PLAYER_ID,36,7,true,VERIFIED,VERIFIED,OBSERVED,STARTED,1ec7f0dc79055902251cd938650f622b0e79f3cc,https://github.com/imadeddine-belkat/Premier-League-Stats.git,_merged/players/2026-27_all_players_gw.csv,a1c7a4a79f9505c517dfb17db8dd7d6aed653bde289d3d6587b17c0bc5c25de8,2026-08-31T13:26:12Z,109,GKP,489639,Bart,Verbruggen,2645201,6,False,90,0,0,1,0,0,0,0,0,0,0,0,25,6.6,0.0,0.0,0.7,0,4,0,0,1,0.00,0.00,0.00,0.29,45,0,1987586,0,0,36
2026-27,7,7,111,1,player_match:31867,VERIFIED,FPL_PLAYER_CODE_TO_PLAYER_MATCH_PL_CODE_TO_REGISTERED_SOURCE_PLAYER_ID,36,7,true,VERIFIED,VERIFIED,OBSERVED,REGISTERED_ZERO_MINUTES,1ec7f0dc79055902251cd938650f622b0e79f3cc,https://github.com/imadeddine-belkat/Premier-League-Stats.git,_merged/players/2026-27_all_players_gw.csv,a1c7a4a79f9505c517dfb17db8dd7d6aed653bde289d3d6587b17c0bc5c25de8,2026-08-31T13:26:12Z,111,GKP,49262,Jason,Steele,2645201,0,False,0,0,0,0,0,0,0,0,0,0,0,0,0,0.0,0.0,0.0,0.0,0,0,0,0,0,0.00,0.00,0.00,0.00,40,0,369830,0,0,36
2026-27,7,7,113,1,player_match:825844,VERIFIED,FPL_PLAYER_CODE_TO_PLAYER_MATCH_PL_CODE_TO_REGISTERED_SOURCE_PLAYER_ID,36,7,true,VERIFIED,VERIFIED,OBSERVED,REGISTERED_ZERO_MINUTES,1ec7f0dc79055902251cd938650f622b0e79f3cc,https://github.com/imadeddine-belkat/Premier-League-Stats.git,_merged/players/2026-27_all_players_gw.csv,a1c7a4a79f9505c517dfb17db8dd7d6aed653bde289d3d6587b17c0bc5c25de8,2026-08-31T13:26:12Z,113,DEF,231416,Ferdi,Kadıoğlu,2645201,0,False,0,0,0,0,0,0,0,0,0,0,0,0,0,0.0,0.0,0.0,0.0,0,0,0,0,0,0.00,0.00,0.00,0.00,45,0,265528,0,0,36
2026-27,7,7,114,1,player_match:788784,VERIFIED,FPL_PLAYER_CODE_TO_PLAYER_MATCH_PL_CODE_TO_REGISTERED_SOURCE_PLAYER_ID,36,7,true,VERIFIED,VERIFIED,OBSERVED,STARTED,1ec7f0dc79055902251cd938650f622b0e79f3cc,https://github.com/imadeddine-belkat/Premier-League-Stats.git,_merged/players/2026-27_all_players_gw.csv,a1c7a4a79f9505c517dfb17db8dd7d6aed653bde289d3d6587b17c0bc5c25de8,2026-08-31T13:26:12Z,114,DEF,204120,Olivier,Boscagli,2645201,6,False,90,0,0,1,0,0,0,0,0,0,0,0,29,15.2,7.3,6.0,2.9,5,4,1,6,1,0.00,0.04,0.04,0.29,45,0,19109,0,0,36
2026-27,7,7,115,1,player_match:997152,VERIFIED,FPL_PLAYER_CODE_TO_PLAYER_MATCH_PL_CODE_TO_REGISTERED_SOURCE_PLAYER_ID,36,7,true,VERIFIED,VERIFIED,OBSERVED,STARTED,1ec7f0dc79055902251cd938650f622b0e79f3cc,https://github.com/imadeddine-belkat/Premier-League-Stats.git,_merged/players/2026-27_all_players_gw.csv,a1c7a4a79f9505c517dfb17db8dd7d6aed653bde289d3d6587b17c0bc5c25de8,2026-08-31T13:26:12Z,115,DEF,465730,Maxim,De Cuyper,2645201,17,False,77,1,1,1,0,0,0,0,0,0,0,2,46,40.6,45.3,43.0,12.9,1,3,3,4,1,1.47,0.21,1.68,0.29,45,0,151636,0,0,36
2026-27,7,7,116,1,player_match:115365,VERIFIED,FPL_PLAYER_CODE_TO_PLAYER_MATCH_PL_CODE_TO_REGISTERED_SOURCE_PLAYER_ID,36,7,true,VERIFIED,VERIFIED,OBSERVED,STARTED,1ec7f0dc79055902251cd938650f622b0e79f3cc,https://github.com/imadeddine-belkat/Premier-League-Stats.git,_merged/players/2026-27_all_players_gw.csv,a1c7a4a79f9505c517dfb17db8dd7d6aed653bde289d3d6587b17c0bc5c25de8,2026-08-31T13:26:12Z,116,DEF,83299,Lewis,Dunk,2645201,6,False,90,0,0,1,0,0,0,0,0,0,0,0,24,13.4,6.4,0.0,2.0,1,2,1,2,1,0.00,0.04,0.04,0.29,45,0,88762,0,0,36
2026-27,7,7,117,1,fpl_player:550090,SOURCE_NATIVE_VERIFIED,SOURCE_NATIVE_FPL_PLAYER_CODE,36,7,true,VERIFIED,VERIFIED,OBSERVED,REGISTERED_ZERO_MINUTES,1ec7f0dc79055902251cd938650f622b0e79f3cc,https://github.com/imadeddine-belkat/Premier-League-Stats.git,_merged/players/2026-27_all_players_gw.csv,a1c7a4a79f9505c517dfb17db8dd7d6aed653bde289d3d6587b17c0bc5c25de8,2026-08-31T13:26:12Z,117,DEF,550090,Diego,Coppola,2645201,0,False,0,0,0,0,0,0,0,0,0,0,0,0,0,0.0,0.0,0.0,0.0,0,0,0,0,0,0.00,0.00,0.00,0.00,45,0,1583,0,0,36
2026-27,7,7,118,1,player_match:842513,SOURCE_NATIVE_VERIFIED,FPL_PLAYER_CODE_TO_PLAYER_MATCH_PL_CODE_TO_SOURCE_NATIVE_PLAYER,36,7,true,VERIFIED,VERIFIED,OBSERVED,REGISTERED_ZERO_MINUTES,1ec7f0dc79055902251cd938650f622b0e79f3cc,https://github.com/imadeddine-belkat/Premier-League-Stats.git,_merged/players/2026-27_all_players_gw.csv,a1c7a4a79f9505c517dfb17db8dd7d6aed653bde289d3d6587b17c0bc5c25de8,2026-08-31T13:26:12Z,118,DEF,223434,Igor Julio,dos Santos de Paulo,2645201,0,False,0,0,0,0,0,0,0,0,0,0,0,0,0,0.0,0.0,0.0,0.0,0,0,0,0,0,0.00,0.00,0.00,0.00,45,0,7195,0,0,36
2026-27,7,7,119,1,fpl_player:451490,SOURCE_NATIVE_VERIFIED,SOURCE_NATIVE_FPL_PLAYER_CODE,36,7,true,VERIFIED,VERIFIED,OBSERVED,SUBSTITUTE_APPEARANCE,1ec7f0dc79055902251cd938650f622b0e79f3cc,https://github.com/imadeddine-belkat/Premier-League-Stats.git,_merged/players/2026-27_all_players_gw.csv,a1c7a4a79f9505c517dfb17db8dd7d6aed653bde289d3d6587b17c0bc5c25de8,2026-08-31T13:26:12Z,119,DEF,451490,João Pedro,Loureiro da Costa,2645201,1,False,26,0,0,0,0,0,0,0,0,0,0,0,7,8.2,1.9,18.0,2.8,3,0,1,4,0,0.12,0.00,0.12,0.10,45,0,2148,0,0,36
2026-27,7,7,120,1,fpl_player:454490,SOURCE_NATIVE_VERIFIED,SOURCE_NATIVE_FPL_PLAYER_CODE,36,7,true,VERIFIED,VERIFIED,OBSERVED,REGISTERED_ZERO_MINUTES,1ec7f0dc79055902251cd938650f622b0e79f3cc,https://github.com/imadeddine-belkat/Premier-League-Stats.git,_merged/players/2026-27_all_players_gw.csv,a1c7a4a79f9505c517dfb17db8dd7d6aed653bde289d3d6587b17c0bc5c25de8,2026-08-31T13:26:12Z,120,DEF,454490,Michael,Svoboda,2645201,0,False,0,0,0,0,0,0,0,0,0,0,0,0,0,0.0,0.0,0.0,0.0,0,0,0,0,0,0.00,0.00,0.00,0.00,50,0,3997,0,0,36
2026-27,7,7,121,1,player_match:936849,SOURCE_NATIVE_VERIFIED,FPL_PLAYER_CODE_TO_PLAYER_MATCH_PL_CODE_TO_SOURCE_NATIVE_PLAYER,36,7,true,VERIFIED,VERIFIED,OBSERVED,REGISTERED_ZERO_MINUTES,1ec7f0dc79055902251cd938650f622b0e79f3cc,https://github.com/imadeddine-belkat/Premier-League-Stats.git,_merged/players/2026-27_all_players_gw.csv,a1c7a4a79f9505c517dfb17db8dd7d6aed653bde289d3d6587b17c0bc5c25de8,2026-08-31T13:26:12Z,121,MID,451340,Mitoma,Kaoru,2645201,0,False,0,0,0,0,0,0,0,0,0,0,0,0,0,0.0,0.0,0.0,0.0,0,0,0,0,0,0.00,0.00,0.00,0.00,60,0,4360,0,0,36
2026-27,7,7,122,1,player_match:1400106,VERIFIED,FPL_PLAYER_CODE_TO_PLAYER_MATCH_PL_CODE_TO_REGISTERED_SOURCE_PLAYER_ID,36,7,true,VERIFIED,VERIFIED,OBSERVED,REGISTERED_ZERO_MINUTES,1ec7f0dc79055902251cd938650f622b0e79f3cc,https://github.com/imadeddine-belkat/Premier-League-Stats.git,_merged/players/2026-27_all_players_gw.csv,a1c7a4a79f9505c517dfb17db8dd7d6aed653bde289d3d6587b17c0bc5c25de8,2026-08-31T13:26:12Z,122,MID,592031,Yankuba,Minteh,2645201,0,False,0,0,0,0,0,0,0,0,0,0,0,0,0,0.0,0.0,0.0,0.0,0,0,0,0,0,0.00,0.00,0.00,0.00,60,0,9337,0,0,36
2026-27,7,7,123,1,player_match:1142315,VERIFIED,FPL_PLAYER_CODE_TO_PLAYER_MATCH_PL_CODE_TO_REGISTERED_SOURCE_PLAYER_ID,36,7,true,VERIFIED,VERIFIED,OBSERVED,STARTED,1ec7f0dc79055902251cd938650f622b0e79f3cc,https://github.com/imadeddine-belkat/Premier-League-Stats.git,_merged/players/2026-27_all_players_gw.csv,a1c7a4a79f9505c517dfb17db8dd7d6aed653bde289d3d6587b17c0bc5c25de8,2026-08-31T13:26:12Z,123,MID,532529,Jack,Hinshelwood,2645201,16,False,63,2,0,1,0,0,0,0,0,0,0,3,54,72.8,13.4,59.0,14.5,0,1,2,3,1,1.41,0.02,1.43,0.19,60,0,39219,0,0,36
2026-27,7,7,124,1,player_match:48480,VERIFIED,FPL_PLAYER_CODE_TO_PLAYER_MATCH_PL_CODE_TO_REGISTERED_SOURCE_PLAYER_ID,36,7,true,VERIFIED,VERIFIED,OBSERVED,STARTED,1ec7f0dc79055902251cd938650f622b0e79f3cc,https://github.com/imadeddine-belkat/Premier-League-Stats.git,_merged/players/2026-27_all_players_gw.csv,a1c7a4a79f9505c517dfb17db8dd7d6aed653bde289d3d6587b17c0bc5c25de8,2026-08-31T13:26:12Z,124,MID,60307,Pascal,Groß,2645201,2,False,90,0,0,1,0,0,0,0,1,0,0,0,18,21.0,56.9,8.0,8.6,0,2,3,5,1,0.00,0.27,0.27,0.29,55,0,1308033,0,0,36
2026-27,7,7,125,1,player_match:946695,VERIFIED,FPL_PLAYER_CODE_TO_PLAYER_MATCH_PL_CODE_TO_REGISTERED_SOURCE_PLAYER_ID,36,7,true,VERIFIED,VERIFIED,OBSERVED,STARTED,1ec7f0dc79055902251cd938650f622b0e79f3cc,https://github.com/imadeddine-belkat/Premier-League-Stats.git,_merged/players/2026-27_all_players_gw.csv,a1c7a4a79f9505c517dfb17db8dd7d6aed653bde289d3d6587b17c0bc5c25de8,2026-08-31T13:26:12Z,125,FWD,463067,Georginio,Rutter,2645201,5,False,90,0,1,1,0,0,0,0,0,0,0,0,22,19.8,11.4,15.0,4.6,1,4,2,7,1,0.08,0.44,0.52,0.29,55,0,78765,0,0,36
2026-27,7,7,126,1,player_match:891829,VERIFIED,FPL_PLAYER_CODE_TO_PLAYER_MATCH_PL_CODE_TO_REGISTERED_SOURCE_PLAYER_ID,36,7,true,VERIFIED,VERIFIED,OBSERVED,REGISTERED_ZERO_MINUTES,1ec7f0dc79055902251cd938650f622b0e79f3cc,https://github.com/imadeddine-belkat/Premier-League-Stats.git,_merged/players/2026-27_all_players_gw.csv,a1c7a4a79f9505c517dfb17db8dd7d6aed653bde289d3d6587b17c0bc5c25de8,2026-08-31T13:26:12Z,126,MID,219249,Matt,O'Riley,2645201,0,False,0,0,0,0,0,0,0,0,0,0,0,0,0,0.0,0.0,0.0,0.0,0,0,0,0,0,0.00,0.00,0.00,0.00,55,0,8249,0,0,36
2026-27,7,7,127,1,player_match:1065588,SOURCE_NATIVE_VERIFIED,FPL_PLAYER_CODE_TO_PLAYER_MATCH_PL_CODE_TO_SOURCE_NATIVE_PLAYER,36,7,true,VERIFIED,VERIFIED,OBSERVED,STARTED,1ec7f0dc79055902251cd938650f622b0e79f3cc,https://github.com/imadeddine-belkat/Premier-League-Stats.git,_merged/players/2026-27_all_players_gw.csv,a1c7a4a79f9505c517dfb17db8dd7d6aed653bde289d3d6587b17c0bc5c25de8,2026-08-31T13:26:12Z,127,MID,514254,Diego,Gómez Amarilla,2645201,6,False,85,0,1,1,0,0,0,0,0,0,0,0,27,33.0,25.1,41.0,9.9,2,1,3,6,1,0.18,0.48,0.66,0.29,50,0,355972,0,0,36
2026-27,7,7,128,1,player_match:1117025,VERIFIED,FPL_PLAYER_CODE_TO_PLAYER_MATCH_PL_CODE_TO_REGISTERED_SOURCE_PLAYER_ID,36,7,true,VERIFIED,VERIFIED,OBSERVED,REGISTERED_ZERO_MINUTES,1ec7f0dc79055902251cd938650f622b0e79f3cc,https://github.com/imadeddine-belkat/Premier-League-Stats.git,_merged/players/2026-27_all_players_gw.csv,a1c7a4a79f9505c517dfb17db8dd7d6aed653bde289d3d6587b17c0bc5c25de8,2026-08-31T13:26:12Z,128,MID,536916,Facundo,Buonanotte,2645201,0,False,0,0,0,0,0,0,0,0,0,0,0,0,0,0.0,0.0,0.0,0.0,0,0,0,0,0,0.00,0.00,0.00,0.00,50,0,528,0,0,36
2026-27,7,7,129,1,player_match:1036269,VERIFIED,FPL_PLAYER_CODE_TO_PLAYER_MATCH_PL_CODE_TO_REGISTERED_SOURCE_PLAYER_ID,36,7,true,VERIFIED,VERIFIED,OBSERVED,STARTED,1ec7f0dc79055902251cd938650f622b0e79f3cc,https://github.com/imadeddine-belkat/Premier-League-Stats.git,_merged/players/2026-27_all_players_gw.csv,a1c7a4a79f9505c517dfb17db8dd7d6aed653bde289d3d6587b17c0bc5c25de8,2026-08-31T13:26:12Z,129,MID,509416,Yasin,Ayari,2645201,2,False,63,0,0,1,0,0,0,0,1,0,0,0,8,0.0,15.0,6.0,1.7,1,3,0,4,1,0.11,0.03,0.14,0.19,55,0,61091,0,0,36
2026-27,7,7,130,1,player_match:959628,VERIFIED,FPL_PLAYER_CODE_TO_PLAYER_MATCH_PL_CODE_TO_REGISTERED_SOURCE_PLAYER_ID,36,7,true,VERIFIED,VERIFIED,OBSERVED,STARTED,1ec7f0dc79055902251cd938650f622b0e79f3cc,https://github.com/imadeddine-belkat/Premier-League-Stats.git,_merged/players/2026-27_all_players_gw.csv,a1c7a4a79f9505c517dfb17db8dd7d6aed653bde289d3d6587b17c0bc5c25de8,2026-08-31T13:26:12Z,130,DEF,467779,Mats,Wieffer,2645201,7,False,77,0,0,1,0,0,0,0,0,0,0,1,32,16.6,26.3,6.0,4.9,4,5,4,8,1,0.09,0.05,0.14,0.29,50,0,22925,0,0,36
2026-27,7,7,131,1,player_match:1199043,VERIFIED,FPL_PLAYER_CODE_TO_PLAYER_MATCH_PL_CODE_TO_REGISTERED_SOURCE_PLAYER_ID,36,7,true,VERIFIED,VERIFIED,OBSERVED,REGISTERED_ZERO_MINUTES,1ec7f0dc79055902251cd938650f622b0e79f3cc,https://github.com/imadeddine-belkat/Premier-League-Stats.git,_merged/players/2026-27_all_players_gw.csv,a1c7a4a79f9505c517dfb17db8dd7d6aed653bde289d3d6587b17c0bc5c25de8,2026-08-31T13:26:12Z,131,MID,535301,Carlos,Baleba,2645201,0,False,0,0,0,0,0,0,0,0,0,0,0,0,0,0.0,0.0,0.0,0.0,0,0,0,0,0,0.00,0.00,0.00,0.00,50,0,17798,0,0,36
2026-27,7,7,132,1,player_match:1627806,VERIFIED,FPL_PLAYER_CODE_TO_PLAYER_MATCH_PL_CODE_TO_REGISTERED_SOURCE_PLAYER_ID,36,7,true,VERIFIED,VERIFIED,OBSERVED,REGISTERED_ZERO_MINUTES,1ec7f0dc79055902251cd938650f622b0e79f3cc,https://github.com/imadeddine-belkat/Premier-League-Stats.git,_merged/players/2026-27_all_players_gw.csv,a1c7a4a79f9505c517dfb17db8dd7d6aed653bde289d3d6587b17c0bc5c25de8,2026-08-31T13:26:12Z,132,MID,597320,Harry,Howell,2645201,0,False,0,0,0,0,0,0,0,0,0,0,0,0,0,0.0,0.0,0.0,0.0,0,0,0,0,0,0.00,0.00,0.00,0.00,45,0,6770,0,0,36
2026-27,7,7,133,1,fpl_player:549074,SOURCE_NATIVE_VERIFIED,SOURCE_NATIVE_FPL_PLAYER_CODE,36,7,true,VERIFIED,VERIFIED,OBSERVED,REGISTERED_ZERO_MINUTES,1ec7f0dc79055902251cd938650f622b0e79f3cc,https://github.com/imadeddine-belkat/Premier-League-Stats.git,_merged/players/2026-27_all_players_gw.csv,a1c7a4a79f9505c517dfb17db8dd7d6aed653bde289d3d6587b17c0bc5c25de8,2026-08-31T13:26:12Z,133,MID,549074,Tom,Watson,2645201,0,False,0,0,0,0,0,0,0,0,0,0,0,0,0,0.0,0.0,0.0,0.0,0,0,0,0,0,0.00,0.00,0.00,0.00,50,0,241,0,0,36
2026-27,7,7,134,1,player_match:1899611,VERIFIED,FPL_PLAYER_CODE_TO_PLAYER_MATCH_PL_CODE_TO_REGISTERED_SOURCE_PLAYER_ID,36,7,true,VERIFIED,VERIFIED,OBSERVED,REGISTERED_ZERO_MINUTES,1ec7f0dc79055902251cd938650f622b0e79f3cc,https://github.com/imadeddine-belkat/Premier-League-Stats.git,_merged/players/2026-27_all_players_gw.csv,a1c7a4a79f9505c517dfb17db8dd7d6aed653bde289d3d6587b17c0bc5c25de8,2026-08-31T13:26:12Z,134,MID,556637,Nehemiah,Oriola,2645201,0,False,0,0,0,0,0,0,0,0,0,0,0,0,0,0.0,0.0,0.0,0.0,0,0,0,0,0,0.00,0.00,0.00,0.00,45,0,24725,0,0,36
2026-27,7,7,135,1,fpl_player:700308,SOURCE_NATIVE_VERIFIED,SOURCE_NATIVE_FPL_PLAYER_CODE,36,7,true,VERIFIED,VERIFIED,OBSERVED,SUBSTITUTE_APPEARANCE,1ec7f0dc79055902251cd938650f622b0e79f3cc,https://github.com/imadeddine-belkat/Premier-League-Stats.git,_merged/players/2026-27_all_players_gw.csv,a1c7a4a79f9505c517dfb17db8dd7d6aed653bde289d3d6587b17c0bc5c25de8,2026-08-31T13:26:12Z,135,MID,700308,Zadok,Yohanna,2645201,1,False,12,0,0,0,0,0,0,0,0,0,0,0,3,0.2,1.3,0.0,0.2,0,0,0,0,0,0.00,0.03,0.03,0.00,50,0,6623,0,0,36
2026-27,7,7,137,1,player_match:1155321,VERIFIED,FPL_PLAYER_CODE_TO_PLAYER_MATCH_PL_CODE_TO_REGISTERED_SOURCE_PLAYER_ID,36,7,true,VERIFIED,VERIFIED,OBSERVED,REGISTERED_ZERO_MINUTES,1ec7f0dc79055902251cd938650f622b0e79f3cc,https://github.com/imadeddine-belkat/Premier-League-Stats.git,_merged/players/2026-27_all_players_gw.csv,a1c7a4a79f9505c517dfb17db8dd7d6aed653bde289d3d6587b17c0bc5c25de8,2026-08-31T13:26:12Z,137,FWD,608181,Stefanos,Tzimas,2645201,0,False,0,0,0,0,0,0,0,0,0,0,0,0,0,0.0,0.0,0.0,0.0,0,0,0,0,0,0.00,0.00,0.00,0.00,55,0,879,0,0,36
2026-27,7,7,138,1,player_match:1416535,VERIFIED,FPL_PLAYER_CODE_TO_PLAYER_MATCH_PL_CODE_TO_REGISTERED_SOURCE_PLAYER_ID,36,7,true,VERIFIED,VERIFIED,OBSERVED,SUBSTITUTE_APPEARANCE,1ec7f0dc79055902251cd938650f622b0e79f3cc,https://github.com/imadeddine-belkat/Premier-League-Stats.git,_merged/players/2026-27_all_players_gw.csv,a1c7a4a79f9505c517dfb17db8dd7d6aed653bde289d3d6587b17c0bc5c25de8,2026-08-31T13:26:12Z,138,FWD,647850,Charalampos,Kostoulas,2645201,1,False,26,0,0,0,0,0,0,0,0,0,0,0,-1,0.0,0.4,10.0,0.9,0,1,1,2,0,0.18,0.00,0.18,0.10,55,0,19339,0,0,36
2026-27,7,7,139,1,player_match:999231,SOURCE_NATIVE_VERIFIED,FPL_PLAYER_CODE_TO_PLAYER_MATCH_PL_CODE_TO_SOURCE_NATIVE_PLAYER,36,7,true,VERIFIED,VERIFIED,OBSERVED,REGISTERED_ZERO_MINUTES,1ec7f0dc79055902251cd938650f622b0e79f3cc,https://github.com/imadeddine-belkat/Premier-League-Stats.git,_merged/players/2026-27_all_players_gw.csv,a1c7a4a79f9505c517dfb17db8dd7d6aed653bde289d3d6587b17c0bc5c25de8,2026-08-31T13:26:12Z,139,FWD,487117,Evan,Ferguson,2645201,0,False,0,0,0,0,0,0,0,0,0,0,0,0,0,0.0,0.0,0.0,0.0,0,0,0,0,0,0.00,0.00,0.00,0.00,50,0,2877,0,0,36
2026-27,7,7,160,1,player_match:1135873,SOURCE_NATIVE_VERIFIED,FPL_PLAYER_CODE_TO_PLAYER_MATCH_PL_CODE_TO_SOURCE_NATIVE_PLAYER,7,36,false,VERIFIED,VERIFIED,OBSERVED,SUBSTITUTE_APPEARANCE,1ec7f0dc79055902251cd938650f622b0e79f3cc,https://github.com/imadeddine-belkat/Premier-League-Stats.git,_merged/players/2026-27_all_players_gw.csv,a1c7a4a79f9505c517dfb17db8dd7d6aed653bde289d3d6587b17c0bc5c25de8,2026-08-31T13:26:12Z,160,MID,493105,Alejandro,Garnacho Ferreyra,2645201,1,False,4,0,0,0,0,0,0,0,0,0,0,0,2,0.0,0.0,0.0,0.0,0,0,0,0,0,0.00,0.00,0.00,0.14,60,0,54802,0,0,7
2026-27,7,7,328,1,player_match:836675,VERIFIED,FPL_PLAYER_CODE_TO_PLAYER_MATCH_PL_CODE_TO_REGISTERED_SOURCE_PLAYER_ID,36,7,true,VERIFIED,VERIFIED,OBSERVED,REGISTERED_ZERO_MINUTES,1ec7f0dc79055902251cd938650f622b0e79f3cc,https://github.com/imadeddine-belkat/Premier-League-Stats.git,_merged/players/2026-27_all_players_gw.csv,a1c7a4a79f9505c517dfb17db8dd7d6aed653bde289d3d6587b17c0bc5c25de8,2026-08-31T13:26:12Z,328,DEF,222694,Pascal,Struijk,2645201,0,False,0,0,0,0,0,0,0,0,0,0,0,0,0,0.0,0.0,0.0,0.0,0,0,0,0,0,0.00,0.00,0.00,0.00,50,0,19933,0,0,36
2026-27,7,7,504,1,fpl_player:610799,SOURCE_NATIVE_VERIFIED,SOURCE_NATIVE_FPL_PLAYER_CODE,36,7,true,VERIFIED,VERIFIED,OBSERVED,STARTED,1ec7f0dc79055902251cd938650f622b0e79f3cc,https://github.com/imadeddine-belkat/Premier-League-Stats.git,_merged/players/2026-27_all_players_gw.csv,a1c7a4a79f9505c517dfb17db8dd7d6aed653bde289d3d6587b17c0bc5c25de8,2026-08-31T13:26:12Z,504,DEF,610799,Luka,Vušković,2645201,6,False,90,0,0,1,0,0,0,0,0,0,0,0,19,12.4,4.5,12.0,2.9,4,2,0,4,1,0.13,0.03,0.16,0.29,50,0,221596,0,0,36
2026-27,7,7,582,1,fpl_player:690838,SOURCE_NATIVE_VERIFIED,SOURCE_NATIVE_FPL_PLAYER_CODE,7,36,false,VERIFIED,VERIFIED,OBSERVED,REGISTERED_ZERO_MINUTES,1ec7f0dc79055902251cd938650f622b0e79f3cc,https://github.com/imadeddine-belkat/Premier-League-Stats.git,_merged/players/2026-27_all_players_gw.csv,a1c7a4a79f9505c517dfb17db8dd7d6aed653bde289d3d6587b17c0bc5c25de8,2026-08-31T13:26:12Z,582,FWD,690838,Brian,Madjo,2645201,0,False,0,0,0,0,0,0,0,0,0,0,0,0,0,0.0,0.0,0.0,0.0,0,0,0,0,0,0.00,0.00,0.00,0.00,55,0,46241,0,0,7
2026-27,7,7,594,1,fpl_player:538007,SOURCE_NATIVE_VERIFIED,SOURCE_NATIVE_FPL_PLAYER_CODE,36,7,true,VERIFIED,VERIFIED,OBSERVED,REGISTERED_ZERO_MINUTES,1ec7f0dc79055902251cd938650f622b0e79f3cc,https://github.com/imadeddine-belkat/Premier-League-Stats.git,_merged/players/2026-27_all_players_gw.csv,a1c7a4a79f9505c517dfb17db8dd7d6aed653bde289d3d6587b17c0bc5c25de8,2026-08-31T13:26:12Z,594,FWD,538007,Promise,David,2645201,0,False,0,0,0,0,0,0,0,0,0,0,0,0,0,0.0,0.0,0.0,0.0,0,0,0,0,0,0.00,0.00,0.00,0.00,60,0,20944,0,0,36
2026-27,7,7,596,1,fpl_player:487992,SOURCE_NATIVE_VERIFIED,SOURCE_NATIVE_FPL_PLAYER_CODE,7,36,false,VERIFIED,VERIFIED,OBSERVED,SUBSTITUTE_APPEARANCE,1ec7f0dc79055902251cd938650f622b0e79f3cc,https://github.com/imadeddine-belkat/Premier-League-Stats.git,_merged/players/2026-27_all_players_gw.csv,a1c7a4a79f9505c517dfb17db8dd7d6aed653bde289d3d6587b17c0bc5c25de8,2026-08-31T13:26:12Z,596,DEF,487992,Matteo,Ruggeri,2645201,1,False,8,0,0,0,0,0,0,0,0,0,0,0,3,4.0,0.0,0.0,0.4,0,0,2,2,0,0.00,0.00,0.00,0.14,45,0,7884,0,0,7
2026-27,7,7,597,1,fpl_player:433969,SOURCE_NATIVE_VERIFIED,SOURCE_NATIVE_FPL_PLAYER_CODE,7,36,false,VERIFIED,VERIFIED,OBSERVED,REGISTERED_ZERO_MINUTES,1ec7f0dc79055902251cd938650f622b0e79f3cc,https://github.com/imadeddine-belkat/Premier-League-Stats.git,_merged/players/2026-27_all_players_gw.csv,a1c7a4a79f9505c517dfb17db8dd7d6aed653bde289d3d6587b17c0bc5c25de8,2026-08-31T13:26:12Z,597,GKP,433969,Zion,Suzuki,2645201,0,False,0,0,0,0,0,0,0,0,0,0,0,0,0,0.0,0.0,0.0,0.0,0,0,0,0,0,0.00,0.00,0.00,0.00,50,0,61739,0,0,7
2026-27,7,7,600,1,fpl_player:612855,SOURCE_NATIVE_VERIFIED,SOURCE_NATIVE_FPL_PLAYER_CODE,36,7,true,VERIFIED,VERIFIED,OBSERVED,SUBSTITUTE_APPEARANCE,1ec7f0dc79055902251cd938650f622b0e79f3cc,https://github.com/imadeddine-belkat/Premier-League-Stats.git,_merged/players/2026-27_all_players_gw.csv,a1c7a4a79f9505c517dfb17db8dd7d6aed653bde289d3d6587b17c0bc5c25de8,2026-08-31T13:26:12Z,600,MID,612855,Ibrahim,Osman,2645201,1,False,12,0,0,0,0,0,0,0,0,0,0,0,7,4.2,15.4,4.0,2.4,0,2,0,2,0,0.00,0.05,0.05,0.00,50,0,633,0,0,36
2026-27,7,7,605,1,fpl_player:611695,SOURCE_NATIVE_VERIFIED,SOURCE_NATIVE_FPL_PLAYER_CODE,36,7,true,VERIFIED,VERIFIED,OBSERVED,SUBSTITUTE_APPEARANCE,1ec7f0dc79055902251cd938650f622b0e79f3cc,https://github.com/imadeddine-belkat/Premier-League-Stats.git,_merged/players/2026-27_all_players_gw.csv,a1c7a4a79f9505c517dfb17db8dd7d6aed653bde289d3d6587b17c0bc5c25de8,2026-08-31T13:26:12Z,605,MID,611695,Malick,Yalcouyé,2645201,1,False,4,0,0,0,0,0,0,0,0,0,0,0,3,0.6,2.7,0.0,0.3,0,0,0,0,0,0.00,0.01,0.01,0.00,45,0,0,0,0,36
2026-27,7,7,606,1,fpl_player:569577,SOURCE_NATIVE_VERIFIED,SOURCE_NATIVE_FPL_PLAYER_CODE,7,36,false,VERIFIED,VERIFIED,OBSERVED,REGISTERED_ZERO_MINUTES,1ec7f0dc79055902251cd938650f622b0e79f3cc,https://github.com/imadeddine-belkat/Premier-League-Stats.git,_merged/players/2026-27_all_players_gw.csv,a1c7a4a79f9505c517dfb17db8dd7d6aed653bde289d3d6587b17c0bc5c25de8,2026-08-31T13:26:12Z,606,DEF,569577,Triston,Rowe,2645201,0,False,0,0,0,0,0,0,0,0,0,0,0,0,0,0.0,0.0,0.0,0.0,0,0,0,0,0,0.00,0.00,0.00,0.00,40,0,0,0,0,7
2026-27,7,7,607,1,fpl_player:571380,SOURCE_NATIVE_VERIFIED,SOURCE_NATIVE_FPL_PLAYER_CODE,7,36,false,VERIFIED,VERIFIED,OBSERVED,REGISTERED_ZERO_MINUTES,1ec7f0dc79055902251cd938650f622b0e79f3cc,https://github.com/imadeddine-belkat/Premier-League-Stats.git,_merged/players/2026-27_all_players_gw.csv,a1c7a4a79f9505c517dfb17db8dd7d6aed653bde289d3d6587b17c0bc5c25de8,2026-08-31T13:26:12Z,607,MID,571380,Luka,Lynch,2645201,0,False,0,0,0,0,0,0,0,0,0,0,0,0,0,0.0,0.0,0.0,0.0,0,0,0,0,0,0.00,0.00,0.00,0.00,45,0,0,0,0,7
2026-27,8,8,57,1,player_match:882604,VERIFIED,FPL_PLAYER_CODE_TO_PLAYER_MATCH_PL_CODE_TO_REGISTERED_SOURCE_PLAYER_ID,91,43,false,VERIFIED,VERIFIED,OBSERVED,STARTED,1ec7f0dc79055902251cd938650f622b0e79f3cc,https://github.com/imadeddine-belkat/Premier-League-Stats.git,_merged/players/2026-27_all_players_gw.csv,a1c7a4a79f9505c517dfb17db8dd7d6aed653bde289d3d6587b17c0bc5c25de8,2026-08-31T13:26:12Z,57,GKP,457569,Đorđe,Petrović,2645202,2,False,90,0,0,0,2,0,0,0,0,0,4,0,13,36.8,0.0,0.0,3.7,2,5,0,0,1,0.00,0.00,0.00,2.25,45,0,288326,0,0,91
2026-27,8,8,58,1,player_match:19314,VERIFIED,FPL_PLAYER_CODE_TO_PLAYER_MATCH_PL_CODE_TO_REGISTERED_SOURCE_PLAYER_ID,91,43,false,VERIFIED,VERIFIED,OBSERVED,REGISTERED_ZERO_MINUTES,1ec7f0dc79055902251cd938650f622b0e79f3cc,https://github.com/imadeddine-belkat/Premier-League-Stats.git,_merged/players/2026-27_all_players_gw.csv,a1c7a4a79f9505c517dfb17db8dd7d6aed653bde289d3d6587b17c0bc5c25de8,2026-08-31T13:26:12Z,58,GKP,40383,Fraser,Forster,2645202,0,False,0,0,0,0,0,0,0,0,0,0,0,0,0,0.0,0.0,0.0,0.0,0,0,0,0,0,0.00,0.00,0.00,0.00,40,0,283903,0,0,91
2026-27,8,8,59,1,player_match:991001,VERIFIED,FPL_PLAYER_CODE_TO_PLAYER_MATCH_PL_CODE_TO_REGISTERED_SOURCE_PLAYER_ID,91,43,false,VERIFIED,VERIFIED,OBSERVED,REGISTERED_ZERO_MINUTES,1ec7f0dc79055902251cd938650f622b0e79f3cc,https://github.com/imadeddine-belkat/Premier-League-Stats.git,_merged/players/2026-27_all_players_gw.csv,a1c7a4a79f9505c517dfb17db8dd7d6aed653bde289d3d6587b17c0bc5c25de8,2026-08-31T13:26:12Z,59,GKP,444172,Will,Dennis,2645202,0,False,0,0,0,0,0,0,0,0,0,0,0,0,0,0.0,0.0,0.0,0.0,0,0,0,0,0,0.00,0.00,0.00,0.00,40,0,16822,0,0,91
2026-27,8,8,60,1,player_match:1156586,VERIFIED,FPL_PLAYER_CODE_TO_PLAYER_MATCH_PL_CODE_TO_REGISTERED_SOURCE_PLAYER_ID,91,43,false,VERIFIED,VERIFIED,OBSERVED,STARTED,1ec7f0dc79055902251cd938650f622b0e79f3cc,https://github.com/imadeddine-belkat/Premier-League-Stats.git,_merged/players/2026-27_all_players_gw.csv,a1c7a4a79f9505c517dfb17db8dd7d6aed653bde289d3d6587b17c0bc5c25de8,2026-08-31T13:26:12Z,60,DEF,463981,James,Hill,2645202,1,False,90,0,0,0,2,0,0,0,0,0,0,0,0,11.6,0.3,0.0,1.2,5,1,1,6,1,0.00,0.00,0.00,2.25,55,0,72436,0,0,91
2026-27,8,8,61,1,player_match:999028,VERIFIED,FPL_PLAYER_CODE_TO_PLAYER_MATCH_PL_CODE_TO_REGISTERED_SOURCE_PLAYER_ID,91,43,false,VERIFIED,VERIFIED,OBSERVED,STARTED,1ec7f0dc79055902251cd938650f622b0e79f3cc,https://github.com/imadeddine-belkat/Premier-League-Stats.git,_merged/players/2026-27_all_players_gw.csv,a1c7a4a79f9505c517dfb17db8dd7d6aed653bde289d3d6587b17c0bc5c25de8,2026-08-31T13:26:12Z,61,DEF,494521,Adrien,Truffert,2645202,1,False,90,0,0,0,2,0,0,0,0,0,0,0,0,15.4,1.3,0.0,1.7,5,7,2,7,1,0.00,0.00,0.00,2.25,55,0,392050,0,0,91
2026-27,8,8,62,1,player_match:962408,VERIFIED,FPL_PLAYER_CODE_TO_PLAYER_MATCH_PL_CODE_TO_REGISTERED_SOURCE_PLAYER_ID,91,43,false,VERIFIED,VERIFIED,OBSERVED,REGISTERED_ZERO_MINUTES,1ec7f0dc79055902251cd938650f622b0e79f3cc,https://github.com/imadeddine-belkat/Premier-League-Stats.git,_merged/players/2026-27_all_players_gw.csv,a1c7a4a79f9505c517dfb17db8dd7d6aed653bde289d3d6587b17c0bc5c25de8,2026-08-31T13:26:12Z,62,DEF,242882,Bafodé,Diakité,2645202,0,False,0,0,0,0,0,0,0,0,0,0,0,0,0,0.0,0.0,0.0,0.0,0,0,0,0,0,0.00,0.00,0.00,0.00,50,0,15573,0,0,91
2026-27,8,8,63,1,player_match:1406130,VERIFIED,FPL_PLAYER_CODE_TO_PLAYER_MATCH_PL_CODE_TO_REGISTERED_SOURCE_PLAYER_ID,91,43,false,VERIFIED,VERIFIED,OBSERVED,REGISTERED_ZERO_MINUTES,1ec7f0dc79055902251cd938650f622b0e79f3cc,https://github.com/imadeddine-belkat/Premier-League-Stats.git,_merged/players/2026-27_all_players_gw.csv,a1c7a4a79f9505c517dfb17db8dd7d6aed653bde289d3d6587b17c0bc5c25de8,2026-08-31T13:26:12Z,63,DEF,620487,Veljko,Milosavljevic,2645202,0,False,0,0,0,0,0,0,0,0,0,0,0,0,0,0.0,0.0,0.0,0.0,0,0,0,0,0,0.00,0.00,0.00,0.00,50,0,1122,0,0,91
2026-27,8,8,64,1,player_match:44566,VERIFIED,FPL_PLAYER_CODE_TO_PLAYER_MATCH_PL_CODE_TO_REGISTERED_SOURCE_PLAYER_ID,91,43,false,VERIFIED,VERIFIED,OBSERVED,STARTED,1ec7f0dc79055902251cd938650f622b0e79f3cc,https://github.com/imadeddine-belkat/Premier-League-Stats.git,_merged/players/2026-27_all_players_gw.csv,a1c7a4a79f9505c517dfb17db8dd7d6aed653bde289d3d6587b17c0bc5c25de8,2026-08-31T13:26:12Z,64,DEF,54469,Adam,Smith,2645202,1,False,90,0,0,0,2,0,0,0,0,0,0,0,4,7.0,0.6,0.0,0.8,4,3,1,5,1,0.00,0.00,0.00,2.25,45,0,8561,0,0,91
2026-27,8,8,65,1,player_match:978150,SOURCE_NATIVE_VERIFIED,FPL_PLAYER_CODE_TO_PLAYER_MATCH_PL_CODE_TO_SOURCE_NATIVE_PLAYER,91,43,false,VERIFIED,VERIFIED,OBSERVED,REGISTERED_ZERO_MINUTES,1ec7f0dc79055902251cd938650f622b0e79f3cc,https://github.com/imadeddine-belkat/Premier-League-Stats.git,_merged/players/2026-27_all_players_gw.csv,a1c7a4a79f9505c517dfb17db8dd7d6aed653bde289d3d6587b17c0bc5c25de8,2026-08-31T13:26:12Z,65,DEF,436893,Julián,Araujo Zúñiga,2645202,0,False,0,0,0,0,0,0,0,0,0,0,0,0,0,0.0,0.0,0.0,0.0,0,0,0,0,0,0.00,0.00,0.00,0.00,45,0,1775,0,0,91
2026-27,8,8,66,1,player_match:1201520,VERIFIED,FPL_PLAYER_CODE_TO_PLAYER_MATCH_PL_CODE_TO_REGISTERED_SOURCE_PLAYER_ID,91,43,false,VERIFIED,VERIFIED,OBSERVED,REGISTERED_ZERO_MINUTES,1ec7f0dc79055902251cd938650f622b0e79f3cc,https://github.com/imadeddine-belkat/Premier-League-Stats.git,_merged/players/2026-27_all_players_gw.csv,a1c7a4a79f9505c517dfb17db8dd7d6aed653bde289d3d6587b17c0bc5c25de8,2026-08-31T13:26:12Z,66,DEF,575901,Julio,Soler Barreto,2645202,0,False,0,0,0,0,0,0,0,0,0,0,0,0,0,0.0,0.0,0.0,0.0,0,0,0,0,0,0.00,0.00,0.00,0.00,40,0,19739,0,0,91
2026-27,8,8,67,1,player_match:1464966,SOURCE_NATIVE_VERIFIED,FPL_PLAYER_CODE_TO_PLAYER_MATCH_PL_CODE_TO_SOURCE_NATIVE_PLAYER,91,43,false,VERIFIED,VERIFIED,OBSERVED,STARTED,1ec7f0dc79055902251cd938650f622b0e79f3cc,https://github.com/imadeddine-belkat/Premier-League-Stats.git,_merged/players/2026-27_all_players_gw.csv,a1c7a4a79f9505c517dfb17db8dd7d6aed653bde289d3d6587b17c0bc5c25de8,2026-08-31T13:26:12Z,67,MID,499604,Rayan Vitor,Simplício Rocha,2645202,2,False,88,0,0,0,1,0,0,0,0,0,0,0,9,6.2,11.3,17.0,3.5,1,0,0,1,1,0.04,0.03,0.07,2.06,65,0,242374,0,0,91
2026-27,8,8,68,1,player_match:895576,VERIFIED,FPL_PLAYER_CODE_TO_PLAYER_MATCH_PL_CODE_TO_REGISTERED_SOURCE_PLAYER_ID,91,43,false,VERIFIED,VERIFIED,OBSERVED,STARTED,1ec7f0dc79055902251cd938650f622b0e79f3cc,https://github.com/imadeddine-belkat/Premier-League-Stats.git,_merged/players/2026-27_all_players_gw.csv,a1c7a4a79f9505c517dfb17db8dd7d6aed653bde289d3d6587b17c0bc5c25de8,2026-08-31T13:26:12Z,68,MID,201658,Marcus,Tavernier,2645202,10,False,90,1,0,0,2,0,0,0,0,0,0,3,32,40.0,17.2,18.0,7.5,2,4,2,8,1,0.40,0.08,0.48,2.25,60,0,139421,0,0,91
2026-27,8,8,69,1,player_match:1104986,VERIFIED,FPL_PLAYER_CODE_TO_PLAYER_MATCH_PL_CODE_TO_REGISTERED_SOURCE_PLAYER_ID,91,43,false,VERIFIED,VERIFIED,OBSERVED,STARTED,1ec7f0dc79055902251cd938650f622b0e79f3cc,https://github.com/imadeddine-belkat/Premier-League-Stats.git,_merged/players/2026-27_all_players_gw.csv,a1c7a4a79f9505c517dfb17db8dd7d6aed653bde289d3d6587b17c0bc5c25de8,2026-08-31T13:26:12Z,69,MID,503139,Alex,Scott,2645202,2,False,90,0,0,0,2,0,0,0,0,0,0,0,17,11.4,4.8,0.0,1.6,1,6,4,11,1,0.00,0.01,0.01,2.25,60,0,134668,0,0,91
2026-27,8,8,70,1,player_match:851596,VERIFIED,FPL_PLAYER_CODE_TO_PLAYER_MATCH_PL_CODE_TO_REGISTERED_SOURCE_PLAYER_ID,91,43,false,VERIFIED,VERIFIED,OBSERVED,STARTED,1ec7f0dc79055902251cd938650f622b0e79f3cc,https://github.com/imadeddine-belkat/Premier-League-Stats.git,_merged/players/2026-27_all_players_gw.csv,a1c7a4a79f9505c517dfb17db8dd7d6aed653bde289d3d6587b17c0bc5c25de8,2026-08-31T13:26:12Z,70,MID,222683,Justin,Kluivert,2645202,3,False,74,0,0,1,0,0,0,0,0,0,0,0,15,11.0,14.3,17.0,4.2,1,5,3,9,1,0.11,0.00,0.11,1.94,60,0,96045,0,0,91
2026-27,8,8,71,1,player_match:548188,VERIFIED,FPL_PLAYER_CODE_TO_PLAYER_MATCH_PL_CODE_TO_REGISTERED_SOURCE_PLAYER_ID,91,43,false,VERIFIED,VERIFIED,OBSERVED,STARTED,1ec7f0dc79055902251cd938650f622b0e79f3cc,https://github.com/imadeddine-belkat/Premier-League-Stats.git,_merged/players/2026-27_all_players_gw.csv,a1c7a4a79f9505c517dfb17db8dd7d6aed653bde289d3d6587b17c0bc5c25de8,2026-08-31T13:26:12Z,71,MID,155408,Lewis,Cook,2645202,3,False,75,0,0,1,0,0,0,0,0,0,0,0,8,4.6,2.1,0.0,0.7,3,3,1,7,1,0.00,0.00,0.00,1.94,50,0,13065,0,0,91
2026-27,8,8,72,1,player_match:1154861,VERIFIED,FPL_PLAYER_CODE_TO_PLAYER_MATCH_PL_CODE_TO_REGISTERED_SOURCE_PLAYER_ID,91,43,false,VERIFIED,VERIFIED,OBSERVED,SUBSTITUTE_APPEARANCE,1ec7f0dc79055902251cd938650f622b0e79f3cc,https://github.com/imadeddine-belkat/Premier-League-Stats.git,_merged/players/2026-27_all_players_gw.csv,a1c7a4a79f9505c517dfb17db8dd7d6aed653bde289d3d6587b17c0bc5c25de8,2026-08-31T13:26:12Z,72,MID,496208,Ben,Gannon-Doak,2645202,1,False,1,0,0,0,1,0,0,0,0,0,0,0,3,0.2,0.1,2.0,0.2,0,1,0,1,0,0.00,0.00,0.00,0.19,50,0,7889,0,0,91
2026-27,8,8,73,1,player_match:800419,VERIFIED,FPL_PLAYER_CODE_TO_PLAYER_MATCH_PL_CODE_TO_REGISTERED_SOURCE_PLAYER_ID,91,43,false,VERIFIED,VERIFIED,OBSERVED,SUBSTITUTE_APPEARANCE,1ec7f0dc79055902251cd938650f622b0e79f3cc,https://github.com/imadeddine-belkat/Premier-League-Stats.git,_merged/players/2026-27_all_players_gw.csv,a1c7a4a79f9505c517dfb17db8dd7d6aed653bde289d3d6587b17c0bc5c25de8,2026-08-31T13:26:12Z,73,MID,200785,Tyler,Adams,2645202,1,False,15,0,0,0,2,0,0,0,0,0,0,0,4,3.6,0.6,0.0,0.4,3,0,0,3,0,0.00,0.00,0.00,0.31,50,0,19512,0,0,91
2026-27,8,8,74,1,player_match:855731,VERIFIED,FPL_PLAYER_CODE_TO_PLAYER_MATCH_PL_CODE_TO_REGISTERED_SOURCE_PLAYER_ID,91,43,false,VERIFIED,VERIFIED,OBSERVED,REGISTERED_ZERO_MINUTES,1ec7f0dc79055902251cd938650f622b0e79f3cc,https://github.com/imadeddine-belkat/Premier-League-Stats.git,_merged/players/2026-27_all_players_gw.csv,a1c7a4a79f9505c517dfb17db8dd7d6aed653bde289d3d6587b17c0bc5c25de8,2026-08-31T13:26:12Z,74,MID,111317,David,Brooks,2645202,0,False,0,0,0,0,0,0,0,0,0,0,0,0,0,0.0,0.0,0.0,0.0,0,0,0,0,0,0.00,0.00,0.00,0.00,50,0,4610,0,0,91
2026-27,8,8,75,1,player_match:322391,VERIFIED,FPL_PLAYER_CODE_TO_PLAYER_MATCH_PL_CODE_TO_REGISTERED_SOURCE_PLAYER_ID,91,43,false,VERIFIED,VERIFIED,OBSERVED,REGISTERED_ZERO_MINUTES,1ec7f0dc79055902251cd938650f622b0e79f3cc,https://github.com/imadeddine-belkat/Premier-League-Stats.git,_merged/players/2026-27_all_players_gw.csv,a1c7a4a79f9505c517dfb17db8dd7d6aed653bde289d3d6587b17c0bc5c25de8,2026-08-31T13:26:12Z,75,MID,158499,Ryan,Christie,2645202,0,False,0,0,0,0,0,0,0,0,0,0,0,0,0,0.0,0.0,0.0,0.0,0,0,0,0,0,0.00,0.00,0.00,0.00,50,0,1007,0,0,91
2026-27,8,8,76,1,player_match:1476524,VERIFIED,FPL_PLAYER_CODE_TO_PLAYER_MATCH_PL_CODE_TO_REGISTERED_SOURCE_PLAYER_ID,91,43,false,VERIFIED,VERIFIED,OBSERVED,SUBSTITUTE_APPEARANCE,1ec7f0dc79055902251cd938650f622b0e79f3cc,https://github.com/imadeddine-belkat/Premier-League-Stats.git,_merged/players/2026-27_all_players_gw.csv,a1c7a4a79f9505c517dfb17db8dd7d6aed653bde289d3d6587b17c0bc5c25de8,2026-08-31T13:26:12Z,76,MID,614574,Alex,Tóth,2645202,1,False,15,0,0,0,2,0,0,0,0,0,0,0,5,2.8,0.6,0.0,0.3,0,1,1,2,0,0.00,0.00,0.00,0.31,50,0,1238,0,0,91
2026-27,8,8,77,1,player_match:991478,VERIFIED,FPL_PLAYER_CODE_TO_PLAYER_MATCH_PL_CODE_TO_REGISTERED_SOURCE_PLAYER_ID,91,43,false,VERIFIED,VERIFIED,OBSERVED,REGISTERED_ZERO_MINUTES,1ec7f0dc79055902251cd938650f622b0e79f3cc,https://github.com/imadeddine-belkat/Premier-League-Stats.git,_merged/players/2026-27_all_players_gw.csv,a1c7a4a79f9505c517dfb17db8dd7d6aed653bde289d3d6587b17c0bc5c25de8,2026-08-31T13:26:12Z,77,MID,489888,Amine,Adli,2645202,0,False,0,0,0,0,0,0,0,0,0,0,0,0,0,0.0,0.0,0.0,0.0,0,0,0,0,0,0.00,0.00,0.00,0.00,50,0,3087,0,0,91
2026-27,8,8,78,1,player_match:1426228,SOURCE_NATIVE_VERIFIED,FPL_PLAYER_CODE_TO_PLAYER_MATCH_PL_CODE_TO_SOURCE_NATIVE_PLAYER,91,43,false,VERIFIED,VERIFIED,OBSERVED,REGISTERED_ZERO_MINUTES,1ec7f0dc79055902251cd938650f622b0e79f3cc,https://github.com/imadeddine-belkat/Premier-League-Stats.git,_merged/players/2026-27_all_players_gw.csv,a1c7a4a79f9505c517dfb17db8dd7d6aed653bde289d3d6587b17c0bc5c25de8,2026-08-31T13:26:12Z,78,MID,560262,Junior,Kroupi,2645202,0,False,0,0,0,0,0,0,0,0,0,0,0,0,0,0.0,0.0,0.0,0.0,0,0,0,0,0,0.00,0.00,0.00,0.00,75,0,42378,0,0,91
2026-27,8,8,79,1,player_match:998490,SOURCE_NATIVE_VERIFIED,FPL_PLAYER_CODE_TO_PLAYER_MATCH_PL_CODE_TO_SOURCE_NATIVE_PLAYER,91,43,false,VERIFIED,VERIFIED,OBSERVED,STARTED,1ec7f0dc79055902251cd938650f622b0e79f3cc,https://github.com/imadeddine-belkat/Premier-League-Stats.git,_merged/players/2026-27_all_players_gw.csv,a1c7a4a79f9505c517dfb17db8dd7d6aed653bde289d3d6587b17c0bc5c25de8,2026-08-31T13:26:12Z,79,FWD,444102,Francisco Evanilson,de Lima Barbosa,2645202,4,False,74,0,1,1,0,0,0,0,1,0,0,0,17,19.4,11.9,2.0,3.3,4,3,1,8,1,0.00,0.21,0.21,1.94,60,0,200122,0,0,91
2026-27,8,8,80,1,player_match:336655,VERIFIED,FPL_PLAYER_CODE_TO_PLAYER_MATCH_PL_CODE_TO_REGISTERED_SOURCE_PLAYER_ID,91,43,false,VERIFIED,VERIFIED,OBSERVED,REGISTERED_ZERO_MINUTES,1ec7f0dc79055902251cd938650f622b0e79f3cc,https://github.com/imadeddine-belkat/Premier-League-Stats.git,_merged/players/2026-27_all_players_gw.csv,a1c7a4a79f9505c517dfb17db8dd7d6aed653bde289d3d6587b17c0bc5c25de8,2026-08-31T13:26:12Z,80,FWD,168636,Enes,Ünal,2645202,0,False,0,0,0,0,0,0,0,0,0,0,0,0,0,0.0,0.0,0.0,0.0,0,0,0,0,0,0.00,0.00,0.00,0.00,55,0,3581,0,0,91
2026-27,8,8,81,1,fpl_player:561245,SOURCE_NATIVE_VERIFIED,SOURCE_NATIVE_FPL_PLAYER_CODE,91,43,false,VERIFIED,VERIFIED,OBSERVED,REGISTERED_ZERO_MINUTES,1ec7f0dc79055902251cd938650f622b0e79f3cc,https://github.com/imadeddine-belkat/Premier-League-Stats.git,_merged/players/2026-27_all_players_gw.csv,a1c7a4a79f9505c517dfb17db8dd7d6aed653bde289d3d6587b17c0bc5c25de8,2026-08-31T13:26:12Z,81,FWD,561245,Álvaro,Rodríguez,2645202,0,False,0,0,0,0,0,0,0,0,0,0,0,0,0,0.0,0.0,0.0,0.0,0,0,0,0,0,0.00,0.00,0.00,0.00,60,0,9051,0,0,91
2026-27,8,8,238,1,player_match:189061,VERIFIED,FPL_PLAYER_CODE_TO_PLAYER_MATCH_PL_CODE_TO_REGISTERED_SOURCE_PLAYER_ID,43,91,true,VERIFIED,VERIFIED,OBSERVED,SUBSTITUTE_APPEARANCE,1ec7f0dc79055902251cd938650f622b0e79f3cc,https://github.com/imadeddine-belkat/Premier-League-Stats.git,_merged/players/2026-27_all_players_gw.csv,a1c7a4a79f9505c517dfb17db8dd7d6aed653bde289d3d6587b17c0bc5c25de8,2026-08-31T13:26:12Z,238,MID,114283,Jack,Grealish,2645202,1,False,8,0,0,0,0,0,0,0,0,0,0,0,2,1.0,0.6,0.0,0.2,0,0,1,1,0,0.00,0.00,0.00,0.00,65,0,16005,0,0,43
2026-27,8,8,384,1,player_match:824509,VERIFIED,FPL_PLAYER_CODE_TO_PLAYER_MATCH_PL_CODE_TO_REGISTERED_SOURCE_PLAYER_ID,43,91,true,VERIFIED,VERIFIED,OBSERVED,STARTED,1ec7f0dc79055902251cd938650f622b0e79f3cc,https://github.com/imadeddine-belkat/Premier-League-Stats.git,_merged/players/2026-27_all_players_gw.csv,a1c7a4a79f9505c517dfb17db8dd7d6aed653bde289d3d6587b17c0bc5c25de8,2026-08-31T13:26:12Z,384,GKP,204936,Gianluigi,Donnarumma,2645202,3,False,90,0,0,0,1,0,0,0,0,0,3,0,12,26.8,0.0,0.0,2.7,1,4,0,0,1,0.00,0.00,0.00,0.65,55,0,722204,0,0,43
2026-27,8,8,386,1,player_match:257993,VERIFIED,FPL_PLAYER_CODE_TO_PLAYER_MATCH_PL_CODE_TO_REGISTERED_SOURCE_PLAYER_ID,43,91,true,VERIFIED,VERIFIED,OBSERVED,REGISTERED_ZERO_MINUTES,1ec7f0dc79055902251cd938650f622b0e79f3cc,https://github.com/imadeddine-belkat/Premier-League-Stats.git,_merged/players/2026-27_all_players_gw.csv,a1c7a4a79f9505c517dfb17db8dd7d6aed653bde289d3d6587b17c0bc5c25de8,2026-08-31T13:26:12Z,386,GKP,122074,Marcus,Bettinelli,2645202,0,False,0,0,0,0,0,0,0,0,0,0,0,0,0,0.0,0.0,0.0,0.0,0,0,0,0,0,0.00,0.00,0.00,0.00,45,0,2479,0,0,43
2026-27,8,8,387,1,player_match:1142703,VERIFIED,FPL_PLAYER_CODE_TO_PLAYER_MATCH_PL_CODE_TO_REGISTERED_SOURCE_PLAYER_ID,43,91,true,VERIFIED,VERIFIED,OBSERVED,STARTED,1ec7f0dc79055902251cd938650f622b0e79f3cc,https://github.com/imadeddine-belkat/Premier-League-Stats.git,_merged/players/2026-27_all_players_gw.csv,a1c7a4a79f9505c517dfb17db8dd7d6aed653bde289d3d6587b17c0bc5c25de8,2026-08-31T13:26:12Z,387,DEF,472769,Nico,O'Reilly,2645202,2,False,62,0,0,0,1,0,0,0,0,0,0,0,5,8.8,30.4,11.0,5.0,1,5,1,2,1,0.07,0.41,0.48,0.55,65,0,1877660,0,0,43
2026-27,8,8,388,1,player_match:877994,VERIFIED,FPL_PLAYER_CODE_TO_PLAYER_MATCH_PL_CODE_TO_REGISTERED_SOURCE_PLAYER_ID,43,91,true,VERIFIED,VERIFIED,OBSERVED,STARTED,1ec7f0dc79055902251cd938650f622b0e79f3cc,https://github.com/imadeddine-belkat/Premier-League-Stats.git,_merged/players/2026-27_all_players_gw.csv,a1c7a4a79f9505c517dfb17db8dd7d6aed653bde289d3d6587b17c0bc5c25de8,2026-08-31T13:26:12Z,388,DEF,209036,Marc,Guéhi,2645202,10,False,90,1,0,0,1,0,0,0,0,0,0,2,31,43.6,17.5,28.0,8.9,1,4,3,4,1,0.89,0.32,1.21,0.65,60,0,1521853,0,0,43
2026-27,8,8,389,1,player_match:945122,VERIFIED,FPL_PLAYER_CODE_TO_PLAYER_MATCH_PL_CODE_TO_REGISTERED_SOURCE_PLAYER_ID,43,91,true,VERIFIED,VERIFIED,OBSERVED,SUBSTITUTE_APPEARANCE,1ec7f0dc79055902251cd938650f622b0e79f3cc,https://github.com/imadeddine-belkat/Premier-League-Stats.git,_merged/players/2026-27_all_players_gw.csv,a1c7a4a79f9505c517dfb17db8dd7d6aed653bde289d3d6587b17c0bc5c25de8,2026-08-31T13:26:12Z,389,DEF,465351,Matheus,Nunes,2645202,1,False,33,0,0,0,0,0,0,0,0,0,0,0,4,3.8,1.5,4.0,0.9,1,2,0,1,0,0.00,0.04,0.04,0.10,60,0,123928,0,0,43
2026-27,8,8,390,1,player_match:318941,SOURCE_NATIVE_VERIFIED,FPL_PLAYER_CODE_TO_PLAYER_MATCH_PL_CODE_TO_SOURCE_NATIVE_PLAYER,43,91,true,VERIFIED,VERIFIED,OBSERVED,STARTED,1ec7f0dc79055902251cd938650f622b0e79f3cc,https://github.com/imadeddine-belkat/Premier-League-Stats.git,_merged/players/2026-27_all_players_gw.csv,a1c7a4a79f9505c517dfb17db8dd7d6aed653bde289d3d6587b17c0bc5c25de8,2026-08-31T13:26:12Z,390,DEF,171314,Rúben,dos Santos Gato Alves Dias,2645202,2,False,90,0,0,0,1,0,0,0,0,0,0,0,11,24.4,17.9,2.0,4.4,6,8,0,6,1,0.00,0.14,0.14,0.65,55,0,148709,0,0,43
2026-27,8,8,391,1,player_match:964994,VERIFIED,FPL_PLAYER_CODE_TO_PLAYER_MATCH_PL_CODE_TO_REGISTERED_SOURCE_PLAYER_ID,43,91,true,VERIFIED,VERIFIED,OBSERVED,STARTED,1ec7f0dc79055902251cd938650f622b0e79f3cc,https://github.com/imadeddine-belkat/Premier-League-Stats.git,_merged/players/2026-27_all_players_gw.csv,a1c7a4a79f9505c517dfb17db8dd7d6aed653bde289d3d6587b17c0bc5c25de8,2026-08-31T13:26:12Z,391,DEF,477424,Joško,Gvardiol,2645202,9,False,90,1,0,0,1,0,0,0,0,0,0,1,28,47.6,13.3,17.0,7.8,5,5,2,7,1,0.19,0.05,0.24,0.65,55,0,980214,0,0,43
2026-27,8,8,392,1,player_match:931278,VERIFIED,FPL_PLAYER_CODE_TO_PLAYER_MATCH_PL_CODE_TO_REGISTERED_SOURCE_PLAYER_ID,43,91,true,VERIFIED,VERIFIED,OBSERVED,REGISTERED_ZERO_MINUTES,1ec7f0dc79055902251cd938650f622b0e79f3cc,https://github.com/imadeddine-belkat/Premier-League-Stats.git,_merged/players/2026-27_all_players_gw.csv,a1c7a4a79f9505c517dfb17db8dd7d6aed653bde289d3d6587b17c0bc5c25de8,2026-08-31T13:26:12Z,392,DEF,448514,Rayan,Aït-Nouri,2645202,0,False,0,0,0,0,0,0,0,0,0,0,0,0,0,0.0,0.0,0.0,0.0,0,0,0,0,0,0.00,0.00,0.00,0.00,55,0,79425,0,0,43
2026-27,8,8,393,1,player_match:1194333,VERIFIED,FPL_PLAYER_CODE_TO_PLAYER_MATCH_PL_CODE_TO_REGISTERED_SOURCE_PLAYER_ID,43,91,true,VERIFIED,VERIFIED,OBSERVED,STARTED,1ec7f0dc79055902251cd938650f622b0e79f3cc,https://github.com/imadeddine-belkat/Premier-League-Stats.git,_merged/players/2026-27_all_players_gw.csv,a1c7a4a79f9505c517dfb17db8dd7d6aed653bde289d3d6587b17c0bc5c25de8,2026-08-31T13:26:12Z,393,DEF,578153,Abdukodir,Khusanov,2645202,2,False,90,0,0,0,1,0,0,0,0,0,0,0,14,17.0,3.4,0.0,2.0,2,6,2,4,1,0.00,0.02,0.02,0.65,55,0,147622,0,0,43
2026-27,8,8,394,1,player_match:1168513,VERIFIED,FPL_PLAYER_CODE_TO_PLAYER_MATCH_PL_CODE_TO_REGISTERED_SOURCE_PLAYER_ID,43,91,true,VERIFIED,VERIFIED,OBSERVED,REGISTERED_ZERO_MINUTES,1ec7f0dc79055902251cd938650f622b0e79f3cc,https://github.com/imadeddine-belkat/Premier-League-Stats.git,_merged/players/2026-27_all_players_gw.csv,a1c7a4a79f9505c517dfb17db8dd7d6aed653bde289d3d6587b17c0bc5c25de8,2026-08-31T13:26:12Z,394,DEF,494307,Max,Alleyne,2645202,0,False,0,0,0,0,0,0,0,0,0,0,0,0,0,0.0,0.0,0.0,0.0,0,0,0,0,0,0.00,0.00,0.00,0.00,50,0,1089,0,0,43
2026-27,8,8,395,1,player_match:1136731,VERIFIED,FPL_PLAYER_CODE_TO_PLAYER_MATCH_PL_CODE_TO_REGISTERED_SOURCE_PLAYER_ID,43,91,true,VERIFIED,VERIFIED,OBSERVED,STARTED,1ec7f0dc79055902251cd938650f622b0e79f3cc,https://github.com/imadeddine-belkat/Premier-League-Stats.git,_merged/players/2026-27_all_players_gw.csv,a1c7a4a79f9505c517dfb17db8dd7d6aed653bde289d3d6587b17c0bc5c25de8,2026-08-31T13:26:12Z,395,DEF,477064,Rico,Lewis,2645202,1,False,56,0,0,0,1,0,0,0,0,0,0,0,-1,3.8,3.8,39.0,4.7,2,0,0,2,1,0.17,0.02,0.19,0.55,45,0,18491,0,0,43
2026-27,8,8,396,1,player_match:1485300,SOURCE_NATIVE_VERIFIED,FPL_PLAYER_CODE_TO_PLAYER_MATCH_PL_CODE_TO_SOURCE_NATIVE_PLAYER,43,91,true,VERIFIED,VERIFIED,OBSERVED,REGISTERED_ZERO_MINUTES,1ec7f0dc79055902251cd938650f622b0e79f3cc,https://github.com/imadeddine-belkat/Premier-League-Stats.git,_merged/players/2026-27_all_players_gw.csv,a1c7a4a79f9505c517dfb17db8dd7d6aed653bde289d3d6587b17c0bc5c25de8,2026-08-31T13:26:12Z,396,DEF,616222,Vitor,de Oliveira Nunes dos Reis,2645202,0,False,0,0,0,0,0,0,0,0,0,0,0,0,0,0.0,0.0,0.0,0.0,0,0,0,0,0,0.00,0.00,0.00,0.00,45,0,1856,0,0,43
2026-27,8,8,397,1,player_match:934354,VERIFIED,FPL_PLAYER_CODE_TO_PLAYER_MATCH_PL_CODE_TO_REGISTERED_SOURCE_PLAYER_ID,43,91,true,VERIFIED,VERIFIED,OBSERVED,STARTED,1ec7f0dc79055902251cd938650f622b0e79f3cc,https://github.com/imadeddine-belkat/Premier-League-Stats.git,_merged/players/2026-27_all_players_gw.csv,a1c7a4a79f9505c517dfb17db8dd7d6aed653bde289d3d6587b17c0bc5c25de8,2026-08-31T13:26:12Z,397,MID,437730,Antoine,Semenyo,2645202,2,False,90,0,0,0,1,0,0,0,0,0,0,0,16,5.8,8.9,31.0,4.6,0,4,1,5,1,0.06,0.02,0.08,0.65,85,0,2354040,0,0,43
2026-27,8,8,398,1,player_match:859765,VERIFIED,FPL_PLAYER_CODE_TO_PLAYER_MATCH_PL_CODE_TO_REGISTERED_SOURCE_PLAYER_ID,43,91,true,VERIFIED,VERIFIED,OBSERVED,STARTED,1ec7f0dc79055902251cd938650f622b0e79f3cc,https://github.com/imadeddine-belkat/Premier-League-Stats.git,_merged/players/2026-27_all_players_gw.csv,a1c7a4a79f9505c517dfb17db8dd7d6aed653bde289d3d6587b17c0bc5c25de8,2026-08-31T13:26:12Z,398,MID,209244,Phil,Foden,2645202,1,False,81,0,0,0,1,0,0,0,1,0,0,0,15,10.4,49.6,15.0,7.5,0,3,3,6,1,0.12,0.40,0.52,0.65,70,0,387178,0,0,43
2026-27,8,8,399,1,player_match:979128,VERIFIED,FPL_PLAYER_CODE_TO_PLAYER_MATCH_PL_CODE_TO_REGISTERED_SOURCE_PLAYER_ID,43,91,true,VERIFIED,VERIFIED,OBSERVED,SUBSTITUTE_APPEARANCE,1ec7f0dc79055902251cd938650f622b0e79f3cc,https://github.com/imadeddine-belkat/Premier-League-Stats.git,_merged/players/2026-27_all_players_gw.csv,a1c7a4a79f9505c517dfb17db8dd7d6aed653bde289d3d6587b17c0bc5c25de8,2026-08-31T13:26:12Z,399,MID,466052,Rayan,Cherki,2645202,8,False,27,0,2,0,0,0,0,0,0,0,0,1,28,39.2,48.8,4.0,9.2,0,0,0,0,0,0.00,0.50,0.50,0.10,75,0,679336,0,0,43
2026-27,8,8,400,1,player_match:934386,VERIFIED,FPL_PLAYER_CODE_TO_PLAYER_MATCH_PL_CODE_TO_REGISTERED_SOURCE_PLAYER_ID,43,91,true,VERIFIED,VERIFIED,OBSERVED,REGISTERED_ZERO_MINUTES,1ec7f0dc79055902251cd938650f622b0e79f3cc,https://github.com/imadeddine-belkat/Premier-League-Stats.git,_merged/players/2026-27_all_players_gw.csv,a1c7a4a79f9505c517dfb17db8dd7d6aed653bde289d3d6587b17c0bc5c25de8,2026-08-31T13:26:12Z,400,MID,248875,Jérémy,Doku,2645202,0,False,0,0,0,0,0,0,0,0,0,0,0,0,0,0.0,0.0,0.0,0.0,0,0,0,0,0,0.00,0.00,0.00,0.00,75,0,191182,0,0,43
2026-27,8,8,401,1,player_match:873554,VERIFIED,FPL_PLAYER_CODE_TO_PLAYER_MATCH_PL_CODE_TO_REGISTERED_SOURCE_PLAYER_ID,43,91,true,VERIFIED,VERIFIED,OBSERVED,REGISTERED_ZERO_MINUTES,1ec7f0dc79055902251cd938650f622b0e79f3cc,https://github.com/imadeddine-belkat/Premier-League-Stats.git,_merged/players/2026-27_all_players_gw.csv,a1c7a4a79f9505c517dfb17db8dd7d6aed653bde289d3d6587b17c0bc5c25de8,2026-08-31T13:26:12Z,401,FWD,438234,Omar,Marmoush,2645202,0,False,0,0,0,0,0,0,0,0,0,0,0,0,0,0.0,0.0,0.0,0.0,0,0,0,0,0,0.00,0.00,0.00,0.00,70,0,80421,0,0,43
2026-27,8,8,402,1,player_match:827606,SOURCE_NATIVE_VERIFIED,FPL_PLAYER_CODE_TO_PLAYER_MATCH_PL_CODE_TO_SOURCE_NATIVE_PLAYER,43,91,true,VERIFIED,VERIFIED,OBSERVED,REGISTERED_ZERO_MINUTES,1ec7f0dc79055902251cd938650f622b0e79f3cc,https://github.com/imadeddine-belkat/Premier-League-Stats.git,_merged/players/2026-27_all_players_gw.csv,a1c7a4a79f9505c517dfb17db8dd7d6aed653bde289d3d6587b17c0bc5c25de8,2026-08-31T13:26:12Z,402,MID,220566,Rodrigo 'Rodri',Hernandez Cascante,2645202,0,False,0,0,0,0,0,0,0,0,0,0,0,0,0,0.0,0.0,0.0,0.0,0,0,0,0,0,0.00,0.00,0.00,0.00,65,0,2341,0,0,43
2026-27,8,8,403,1,player_match:1046795,SOURCE_NATIVE_VERIFIED,FPL_PLAYER_CODE_TO_PLAYER_MATCH_PL_CODE_TO_SOURCE_NATIVE_PLAYER,43,91,true,VERIFIED,VERIFIED,OBSERVED,REGISTERED_ZERO_MINUTES,1ec7f0dc79055902251cd938650f622b0e79f3cc,https://github.com/imadeddine-belkat/Premier-League-Stats.git,_merged/players/2026-27_all_players_gw.csv,a1c7a4a79f9505c517dfb17db8dd7d6aed653bde289d3d6587b17c0bc5c25de8,2026-08-31T13:26:12Z,403,MID,510281,Sávio,Moreira de Oliveira,2645202,0,False,0,0,0,0,0,0,0,0,0,0,0,0,0,0.0,0.0,0.0,0.0,0,0,0,0,0,0.00,0.00,0.00,0.00,65,0,23783,0,0,43
2026-27,8,8,404,1,player_match:893549,VERIFIED,FPL_PLAYER_CODE_TO_PLAYER_MATCH_PL_CODE_TO_REGISTERED_SOURCE_PLAYER_ID,43,91,true,VERIFIED,VERIFIED,OBSERVED,REGISTERED_ZERO_MINUTES,1ec7f0dc79055902251cd938650f622b0e79f3cc,https://github.com/imadeddine-belkat/Premier-League-Stats.git,_merged/players/2026-27_all_players_gw.csv,a1c7a4a79f9505c517dfb17db8dd7d6aed653bde289d3d6587b17c0bc5c25de8,2026-08-31T13:26:12Z,404,MID,433036,Tijjani,Reijnders,2645202,0,False,0,0,0,0,0,0,0,0,0,0,0,0,0,0.0,0.0,0.0,0.0,0,0,0,0,0,0.00,0.00,0.00,0.00,60,0,11692,0,0,43
2026-27,8,8,405,1,player_match:954056,SOURCE_NATIVE_VERIFIED,FPL_PLAYER_CODE_TO_PLAYER_MATCH_PL_CODE_TO_SOURCE_NATIVE_PLAYER,43,91,true,VERIFIED,VERIFIED,OBSERVED,REGISTERED_ZERO_MINUTES,1ec7f0dc79055902251cd938650f622b0e79f3cc,https://github.com/imadeddine-belkat/Premier-League-Stats.git,_merged/players/2026-27_all_players_gw.csv,a1c7a4a79f9505c517dfb17db8dd7d6aed653bde289d3d6587b17c0bc5c25de8,2026-08-31T13:26:12Z,405,MID,465694,Nico,González Iglesias,2645202,0,False,0,0,0,0,0,0,0,0,0,0,0,0,0,0.0,0.0,0.0,0.0,0,0,0,0,0,0.00,0.00,0.00,0.00,55,0,11878,0,0,43
2026-27,8,8,406,1,player_match:136710,VERIFIED,FPL_PLAYER_CODE_TO_PLAYER_MATCH_PL_CODE_TO_REGISTERED_SOURCE_PLAYER_ID,43,91,true,VERIFIED,VERIFIED,OBSERVED,SUBSTITUTE_APPEARANCE,1ec7f0dc79055902251cd938650f622b0e79f3cc,https://github.com/imadeddine-belkat/Premier-League-Stats.git,_merged/players/2026-27_all_players_gw.csv,a1c7a4a79f9505c517dfb17db8dd7d6aed653bde289d3d6587b17c0bc5c25de8,2026-08-31T13:26:12Z,406,MID,91651,Mateo,Kovačić,2645202,1,False,27,0,0,0,0,0,0,0,0,0,0,0,3,2.2,2.1,0.0,0.4,0,2,0,2,0,0.00,0.01,0.01,0.10,55,0,6303,0,0,43
2026-27,8,8,407,1,player_match:1482424,SOURCE_NATIVE_VERIFIED,FPL_PLAYER_CODE_TO_PLAYER_MATCH_PL_CODE_TO_SOURCE_NATIVE_PLAYER,43,91,true,VERIFIED,VERIFIED,OBSERVED,REGISTERED_ZERO_MINUTES,1ec7f0dc79055902251cd938650f622b0e79f3cc,https://github.com/imadeddine-belkat/Premier-League-Stats.git,_merged/players/2026-27_all_players_gw.csv,a1c7a4a79f9505c517dfb17db8dd7d6aed653bde289d3d6587b17c0bc5c25de8,2026-08-31T13:26:12Z,407,MID,575204,Claudio,Echeverri,2645202,0,False,0,0,0,0,0,0,0,0,0,0,0,0,0,0.0,0.0,0.0,0.0,0,0,0,0,0,0.00,0.00,0.00,0.00,50,0,1572,0,0,43
2026-27,8,8,408,1,player_match:786028,SOURCE_NATIVE_VERIFIED,FPL_PLAYER_CODE_TO_PLAYER_MATCH_PL_CODE_TO_SOURCE_NATIVE_PLAYER,43,91,true,VERIFIED,VERIFIED,OBSERVED,REGISTERED_ZERO_MINUTES,1ec7f0dc79055902251cd938650f622b0e79f3cc,https://github.com/imadeddine-belkat/Premier-League-Stats.git,_merged/players/2026-27_all_players_gw.csv,a1c7a4a79f9505c517dfb17db8dd7d6aed653bde289d3d6587b17c0bc5c25de8,2026-08-31T13:26:12Z,408,MID,155405,Kalvin,Phillips,2645202,0,False,0,0,0,0,0,0,0,0,0,0,0,0,0,0.0,0.0,0.0,0.0,0,0,0,0,0,0.00,0.00,0.00,0.00,50,0,1073,0,0,43
2026-27,8,8,409,1,fpl_player:590039,SOURCE_NATIVE_VERIFIED,SOURCE_NATIVE_FPL_PLAYER_CODE,43,91,true,VERIFIED,VERIFIED,OBSERVED,REGISTERED_ZERO_MINUTES,1ec7f0dc79055902251cd938650f622b0e79f3cc,https://github.com/imadeddine-belkat/Premier-League-Stats.git,_merged/players/2026-27_all_players_gw.csv,a1c7a4a79f9505c517dfb17db8dd7d6aed653bde289d3d6587b17c0bc5c25de8,2026-08-31T13:26:12Z,409,MID,590039,Divine,Mukasa,2645202,0,False,0,0,0,0,0,0,0,0,0,0,0,0,0,0.0,0.0,0.0,0.0,0,0,0,0,0,0.00,0.00,0.00,0.00,45,0,16621,0,0,43
2026-27,8,8,410,1,player_match:1861707,SOURCE_NATIVE_VERIFIED,FPL_PLAYER_CODE_TO_PLAYER_MATCH_PL_CODE_TO_SOURCE_NATIVE_PLAYER,43,91,true,VERIFIED,VERIFIED,OBSERVED,REGISTERED_ZERO_MINUTES,1ec7f0dc79055902251cd938650f622b0e79f3cc,https://github.com/imadeddine-belkat/Premier-League-Stats.git,_merged/players/2026-27_all_players_gw.csv,a1c7a4a79f9505c517dfb17db8dd7d6aed653bde289d3d6587b17c0bc5c25de8,2026-08-31T13:26:12Z,410,MID,649208,Jeremy,Monga,2645202,0,False,0,0,0,0,0,0,0,0,0,0,0,0,0,0.0,0.0,0.0,0.0,0,0,0,0,0,0.00,0.00,0.00,0.00,50,0,1505,0,0,43
2026-27,8,8,411,1,player_match:839956,VERIFIED,FPL_PLAYER_CODE_TO_PLAYER_MATCH_PL_CODE_TO_REGISTERED_SOURCE_PLAYER_ID,43,91,true,VERIFIED,VERIFIED,OBSERVED,STARTED,1ec7f0dc79055902251cd938650f622b0e79f3cc,https://github.com/imadeddine-belkat/Premier-League-Stats.git,_merged/players/2026-27_all_players_gw.csv,a1c7a4a79f9505c517dfb17db8dd7d6aed653bde289d3d6587b17c0bc5c25de8,2026-08-31T13:26:12Z,411,FWD,223094,Erling,Haaland,2645202,2,False,90,0,0,0,1,0,0,0,0,0,0,0,6,3.8,5.2,50.0,5.9,0,3,0,3,1,0.74,0.02,0.76,0.65,155,0,6209794,0,0,43
2026-27,8,8,481,1,player_match:994546,VERIFIED,FPL_PLAYER_CODE_TO_PLAYER_MATCH_PL_CODE_TO_REGISTERED_SOURCE_PLAYER_ID,43,91,true,VERIFIED,VERIFIED,OBSERVED,STARTED,1ec7f0dc79055902251cd938650f622b0e79f3cc,https://github.com/imadeddine-belkat/Premier-League-Stats.git,_merged/players/2026-27_all_players_gw.csv,a1c7a4a79f9505c517dfb17db8dd7d6aed653bde289d3d6587b17c0bc5c25de8,2026-08-31T13:26:12Z,481,MID,215379,Elliot,Anderson,2645202,2,False,62,0,0,0,1,0,0,0,0,0,0,0,14,7.2,20.8,0.0,2.8,1,3,2,6,1,0.00,0.25,0.25,0.55,65,0,707651,0,0,43
2026-27,8,8,566,1,fpl_player:483067,SOURCE_NATIVE_VERIFIED,SOURCE_NATIVE_FPL_PLAYER_CODE,91,43,false,VERIFIED,VERIFIED,OBSERVED,STARTED,1ec7f0dc79055902251cd938650f622b0e79f3cc,https://github.com/imadeddine-belkat/Premier-League-Stats.git,_merged/players/2026-27_all_players_gw.csv,a1c7a4a79f9505c517dfb17db8dd7d6aed653bde289d3d6587b17c0bc5c25de8,2026-08-31T13:26:12Z,566,DEF,483067,António João,Pereira de Albuquerque Tavares da Silva,2645202,2,False,90,0,0,0,2,0,0,0,1,0,0,0,5,31.4,0.3,0.0,3.2,13,1,0,13,1,0.00,0.00,0.00,2.25,50,0,23702,0,0,91
2026-27,8,8,573,1,fpl_player:494928,SOURCE_NATIVE_VERIFIED,SOURCE_NATIVE_FPL_PLAYER_CODE,91,43,false,VERIFIED,VERIFIED,OBSERVED,REGISTERED_ZERO_MINUTES,1ec7f0dc79055902251cd938650f622b0e79f3cc,https://github.com/imadeddine-belkat/Premier-League-Stats.git,_merged/players/2026-27_all_players_gw.csv,a1c7a4a79f9505c517dfb17db8dd7d6aed653bde289d3d6587b17c0bc5c25de8,2026-08-31T13:26:12Z,573,DEF,494928,Juanlu,Sánchez,2645202,0,False,0,0,0,0,0,0,0,0,0,0,0,0,0,0.0,0.0,0.0,0.0,0,0,0,0,0,0.00,0.00,0.00,0.00,45,0,18342,0,0,91
2026-27,8,8,587,1,fpl_player:106921,SOURCE_NATIVE_VERIFIED,SOURCE_NATIVE_FPL_PLAYER_CODE,43,91,true,VERIFIED,VERIFIED,OBSERVED,REGISTERED_ZERO_MINUTES,1ec7f0dc79055902251cd938650f622b0e79f3cc,https://github.com/imadeddine-belkat/Premier-League-Stats.git,_merged/players/2026-27_all_players_gw.csv,a1c7a4a79f9505c517dfb17db8dd7d6aed653bde289d3d6587b17c0bc5c25de8,2026-08-31T13:26:12Z,587,GKP,106921,Gerónimo,Rulli,2645202,0,False,0,0,0,0,0,0,0,0,0,0,0,0,0,0.0,0.0,0.0,0.0,0,0,0,0,0,0.00,0.00,0.00,0.00,50,0,1589,0,0,43
2026-27,8,8,608,1,player_match:1096136,VERIFIED,FPL_PLAYER_CODE_TO_PLAYER_MATCH_PL_CODE_TO_REGISTERED_SOURCE_PLAYER_ID,91,43,false,VERIFIED,VERIFIED,OBSERVED,SUBSTITUTE_APPEARANCE,1ec7f0dc79055902251cd938650f622b0e79f3cc,https://github.com/imadeddine-belkat/Premier-League-Stats.git,_merged/players/2026-27_all_players_gw.csv,a1c7a4a79f9505c517dfb17db8dd7d6aed653bde289d3d6587b17c0bc5c25de8,2026-08-31T13:26:12Z,608,FWD,523700,Daniel,Jebbison,2645202,1,False,15,0,0,0,2,0,0,0,0,0,0,0,6,3.4,0.8,17.0,2.1,0,1,0,1,0,0.10,0.00,0.10,0.31,50,0,0,0,0,91
2026-27,9,9,350,1,player_match:243609,SOURCE_NATIVE_VERIFIED,FPL_PLAYER_CODE_TO_PLAYER_MATCH_PL_CODE_TO_SOURCE_NATIVE_PLAYER,14,4,false,VERIFIED,VERIFIED,OBSERVED,STARTED,1ec7f0dc79055902251cd938650f622b0e79f3cc,https://github.com/imadeddine-belkat/Premier-League-Stats.git,_merged/players/2026-27_all_players_gw.csv,a1c7a4a79f9505c517dfb17db8dd7d6aed653bde289d3d6587b17c0bc5c25de8,2026-08-31T13:26:12Z,350,GKP,116535,Alisson,Becker,2645203,2,False,90,0,0,0,2,0,0,0,0,0,3,0,7,17.8,0.0,0.0,1.8,2,6,0,0,1,0.00,0.00,0.00,1.58,55,0,302846,0,0,14
2026-27,9,9,351,1,player_match:930997,VERIFIED,FPL_PLAYER_CODE_TO_PLAYER_MATCH_PL_CODE_TO_REGISTERED_SOURCE_PLAYER_ID,14,4,false,VERIFIED,VERIFIED,OBSERVED,REGISTERED_ZERO_MINUTES,1ec7f0dc79055902251cd938650f622b0e79f3cc,https://github.com/imadeddine-belkat/Premier-League-Stats.git,_merged/players/2026-27_all_players_gw.csv,a1c7a4a79f9505c517dfb17db8dd7d6aed653bde289d3d6587b17c0bc5c25de8,2026-08-31T13:26:12Z,351,GKP,449027,Giorgi,Mamardashvili,2645203,0,False,0,0,0,0,0,0,0,0,0,0,0,0,0,0.0,0.0,0.0,0.0,0,0,0,0,0,0.00,0.00,0.00,0.00,50,0,13503,0,0,14
2026-27,9,9,352,1,player_match:284417,VERIFIED,FPL_PLAYER_CODE_TO_PLAYER_MATCH_PL_CODE_TO_REGISTERED_SOURCE_PLAYER_ID,14,4,false,VERIFIED,VERIFIED,OBSERVED,REGISTERED_ZERO_MINUTES,1ec7f0dc79055902251cd938650f622b0e79f3cc,https://github.com/imadeddine-belkat/Premier-League-Stats.git,_merged/players/2026-27_all_players_gw.csv,a1c7a4a79f9505c517dfb17db8dd7d6aed653bde289d3d6587b17c0bc5c25de8,2026-08-31T13:26:12Z,352,GKP,155503,Freddie,Woodman,2645203,0,False,0,0,0,0,0,0,0,0,0,0,0,0,0,0.0,0.0,0.0,0.0,0,0,0,0,0,0.00,0.00,0.00,0.00,40,0,97477,0,0,14
2026-27,9,9,353,1,player_match:1134236,VERIFIED,FPL_PLAYER_CODE_TO_PLAYER_MATCH_PL_CODE_TO_REGISTERED_SOURCE_PLAYER_ID,14,4,false,VERIFIED,VERIFIED,OBSERVED,REGISTERED_ZERO_MINUTES,1ec7f0dc79055902251cd938650f622b0e79f3cc,https://github.com/imadeddine-belkat/Premier-League-Stats.git,_merged/players/2026-27_all_players_gw.csv,a1c7a4a79f9505c517dfb17db8dd7d6aed653bde289d3d6587b17c0bc5c25de8,2026-08-31T13:26:12Z,353,GKP,586268,Armin,Pecsi,2645203,0,False,0,0,0,0,0,0,0,0,0,0,0,0,0,0.0,0.0,0.0,0.0,0,0,0,0,0,0.00,0.00,0.00,0.00,40,0,2936,0,0,14
2026-27,9,9,354,1,player_match:927359,VERIFIED,FPL_PLAYER_CODE_TO_PLAYER_MATCH_PL_CODE_TO_REGISTERED_SOURCE_PLAYER_ID,14,4,false,VERIFIED,VERIFIED,OBSERVED,REGISTERED_ZERO_MINUTES,1ec7f0dc79055902251cd938650f622b0e79f3cc,https://github.com/imadeddine-belkat/Premier-League-Stats.git,_merged/players/2026-27_all_players_gw.csv,a1c7a4a79f9505c517dfb17db8dd7d6aed653bde289d3d6587b17c0bc5c25de8,2026-08-31T13:26:12Z,354,GKP,432987,Vitezslav,Jaros,2645203,0,False,0,0,0,0,0,0,0,0,0,0,0,0,0,0.0,0.0,0.0,0.0,0,0,0,0,0,0.00,0.00,0.00,0.00,40,0,1351,0,0,14
2026-27,9,9,355,1,player_match:1008403,VERIFIED,FPL_PLAYER_CODE_TO_PLAYER_MATCH_PL_CODE_TO_REGISTERED_SOURCE_PLAYER_ID,14,4,false,VERIFIED,VERIFIED,OBSERVED,REGISTERED_ZERO_MINUTES,1ec7f0dc79055902251cd938650f622b0e79f3cc,https://github.com/imadeddine-belkat/Premier-League-Stats.git,_merged/players/2026-27_all_players_gw.csv,a1c7a4a79f9505c517dfb17db8dd7d6aed653bde289d3d6587b17c0bc5c25de8,2026-08-31T13:26:12Z,355,GKP,464353,Harvey,Davies,2645203,0,False,0,0,0,0,0,0,0,0,0,0,0,0,0,0.0,0.0,0.0,0.0,0,0,0,0,0,0.00,0.00,0.00,0.00,40,0,11845,0,0,14
2026-27,9,9,356,1,player_match:151545,VERIFIED,FPL_PLAYER_CODE_TO_PLAYER_MATCH_PL_CODE_TO_REGISTERED_SOURCE_PLAYER_ID,14,4,false,VERIFIED,VERIFIED,OBSERVED,STARTED,1ec7f0dc79055902251cd938650f622b0e79f3cc,https://github.com/imadeddine-belkat/Premier-League-Stats.git,_merged/players/2026-27_all_players_gw.csv,a1c7a4a79f9505c517dfb17db8dd7d6aed653bde289d3d6587b17c0bc5c25de8,2026-08-31T13:26:12Z,356,DEF,97032,Virgil,van Dijk,2645203,2,False,90,0,0,0,2,0,0,0,1,0,0,0,8,25.6,1.6,24.0,5.1,9,6,2,11,1,0.25,0.01,0.26,1.58,65,0,1670280,0,0,14
2026-27,9,9,357,1,player_match:970361,VERIFIED,FPL_PLAYER_CODE_TO_PLAYER_MATCH_PL_CODE_TO_REGISTERED_SOURCE_PLAYER_ID,14,4,false,VERIFIED,VERIFIED,OBSERVED,STARTED,1ec7f0dc79055902251cd938650f622b0e79f3cc,https://github.com/imadeddine-belkat/Premier-League-Stats.git,_merged/players/2026-27_all_players_gw.csv,a1c7a4a79f9505c517dfb17db8dd7d6aed653bde289d3d6587b17c0bc5c25de8,2026-08-31T13:26:12Z,357,DEF,216094,Jeremie,Frimpong,2645203,0,False,90,0,0,0,2,0,0,0,1,0,0,0,3,13.6,37.8,10.0,6.1,1,3,1,2,1,0.01,0.09,0.10,1.58,55,0,302241,0,0,14
2026-27,9,9,358,1,player_match:1097425,VERIFIED,FPL_PLAYER_CODE_TO_PLAYER_MATCH_PL_CODE_TO_REGISTERED_SOURCE_PLAYER_ID,14,4,false,VERIFIED,VERIFIED,OBSERVED,STARTED,1ec7f0dc79055902251cd938650f622b0e79f3cc,https://github.com/imadeddine-belkat/Premier-League-Stats.git,_merged/players/2026-27_all_players_gw.csv,a1c7a4a79f9505c517dfb17db8dd7d6aed653bde289d3d6587b17c0bc5c25de8,2026-08-31T13:26:12Z,358,DEF,544877,Milos,Kerkez,2645203,0,False,90,0,0,0,2,0,0,0,1,0,0,0,3,18.0,13.8,12.0,4.4,4,3,3,7,1,0.02,0.02,0.04,1.58,55,0,332539,0,0,14
2026-27,9,9,359,1,player_match:318927,VERIFIED,FPL_PLAYER_CODE_TO_PLAYER_MATCH_PL_CODE_TO_REGISTERED_SOURCE_PLAYER_ID,14,4,false,VERIFIED,VERIFIED,OBSERVED,REGISTERED_ZERO_MINUTES,1ec7f0dc79055902251cd938650f622b0e79f3cc,https://github.com/imadeddine-belkat/Premier-League-Stats.git,_merged/players/2026-27_all_players_gw.csv,a1c7a4a79f9505c517dfb17db8dd7d6aed653bde289d3d6587b17c0bc5c25de8,2026-08-31T13:26:12Z,359,DEF,171287,Joe,Gomez,2645203,0,False,0,0,0,0,0,0,0,0,0,0,0,0,0,0.0,0.0,0.0,0.0,0,0,0,0,0,0.00,0.00,0.00,0.00,50,0,1714,0,0,14
2026-27,9,9,360,1,player_match:1008402,VERIFIED,FPL_PLAYER_CODE_TO_PLAYER_MATCH_PL_CODE_TO_REGISTERED_SOURCE_PLAYER_ID,14,4,false,VERIFIED,VERIFIED,OBSERVED,REGISTERED_ZERO_MINUTES,1ec7f0dc79055902251cd938650f622b0e79f3cc,https://github.com/imadeddine-belkat/Premier-League-Stats.git,_merged/players/2026-27_all_players_gw.csv,a1c7a4a79f9505c517dfb17db8dd7d6aed653bde289d3d6587b17c0bc5c25de8,2026-08-31T13:26:12Z,360,DEF,492777,Conor,Bradley,2645203,0,False,0,0,0,0,0,0,0,0,0,0,0,0,0,0.0,0.0,0.0,0.0,0,0,0,0,0,0.00,0.00,0.00,0.00,50,0,957,0,0,14
2026-27,9,9,361,1,player_match:1403123,VERIFIED,FPL_PLAYER_CODE_TO_PLAYER_MATCH_PL_CODE_TO_REGISTERED_SOURCE_PLAYER_ID,14,4,false,VERIFIED,VERIFIED,OBSERVED,REGISTERED_ZERO_MINUTES,1ec7f0dc79055902251cd938650f622b0e79f3cc,https://github.com/imadeddine-belkat/Premier-League-Stats.git,_merged/players/2026-27_all_players_gw.csv,a1c7a4a79f9505c517dfb17db8dd7d6aed653bde289d3d6587b17c0bc5c25de8,2026-08-31T13:26:12Z,361,DEF,519440,Wellity,Lucky,2645203,0,False,0,0,0,0,0,0,0,0,0,0,0,0,0,0.0,0.0,0.0,0.0,0,0,0,0,0,0.00,0.00,0.00,0.00,40,0,10838,0,0,14
2026-27,9,9,362,1,fpl_player:606702,SOURCE_NATIVE_VERIFIED,SOURCE_NATIVE_FPL_PLAYER_CODE,14,4,false,VERIFIED,VERIFIED,OBSERVED,STARTED,1ec7f0dc79055902251cd938650f622b0e79f3cc,https://github.com/imadeddine-belkat/Premier-League-Stats.git,_merged/players/2026-27_all_players_gw.csv,a1c7a4a79f9505c517dfb17db8dd7d6aed653bde289d3d6587b17c0bc5c25de8,2026-08-31T13:26:12Z,362,DEF,606702,Jeremy,Jacquet,2645203,1,False,69,0,0,0,2,0,0,0,0,0,0,0,9,12.4,11.9,0.0,2.4,2,3,1,3,1,0.00,0.02,0.02,1.04,50,0,205604,0,0,14
2026-27,9,9,363,1,player_match:1473137,VERIFIED,FPL_PLAYER_CODE_TO_PLAYER_MATCH_PL_CODE_TO_REGISTERED_SOURCE_PLAYER_ID,14,4,false,VERIFIED,VERIFIED,OBSERVED,REGISTERED_ZERO_MINUTES,1ec7f0dc79055902251cd938650f622b0e79f3cc,https://github.com/imadeddine-belkat/Premier-League-Stats.git,_merged/players/2026-27_all_players_gw.csv,a1c7a4a79f9505c517dfb17db8dd7d6aed653bde289d3d6587b17c0bc5c25de8,2026-08-31T13:26:12Z,363,DEF,647681,Giovanni,Leoni,2645203,0,False,0,0,0,0,0,0,0,0,0,0,0,0,0,0.0,0.0,0.0,0.0,0,0,0,0,0,0.00,0.00,0.00,0.00,40,0,4082,0,0,14
2026-27,9,9,364,1,player_match:786259,SOURCE_NATIVE_VERIFIED,FPL_PLAYER_CODE_TO_PLAYER_MATCH_PL_CODE_TO_SOURCE_NATIVE_PLAYER,14,4,false,VERIFIED,VERIFIED,OBSERVED,REGISTERED_ZERO_MINUTES,1ec7f0dc79055902251cd938650f622b0e79f3cc,https://github.com/imadeddine-belkat/Premier-League-Stats.git,_merged/players/2026-27_all_players_gw.csv,a1c7a4a79f9505c517dfb17db8dd7d6aed653bde289d3d6587b17c0bc5c25de8,2026-08-31T13:26:12Z,364,DEF,214285,Kostas,Tsimikas,2645203,0,False,0,0,0,0,0,0,0,0,0,0,0,0,0,0.0,0.0,0.0,0.0,0,0,0,0,0,0.00,0.00,0.00,0.00,50,0,6683,0,0,14
2026-27,9,9,365,1,player_match:991227,VERIFIED,FPL_PLAYER_CODE_TO_PLAYER_MATCH_PL_CODE_TO_REGISTERED_SOURCE_PLAYER_ID,14,4,false,VERIFIED,VERIFIED,OBSERVED,REGISTERED_ZERO_MINUTES,1ec7f0dc79055902251cd938650f622b0e79f3cc,https://github.com/imadeddine-belkat/Premier-League-Stats.git,_merged/players/2026-27_all_players_gw.csv,a1c7a4a79f9505c517dfb17db8dd7d6aed653bde289d3d6587b17c0bc5c25de8,2026-08-31T13:26:12Z,365,DEF,489580,Calvin,Ramsay,2645203,0,False,0,0,0,0,0,0,0,0,0,0,0,0,0,0.0,0.0,0.0,0.0,0,0,0,0,0,0.00,0.00,0.00,0.00,40,0,19328,0,0,14
2026-27,9,9,366,1,player_match:1019322,VERIFIED,FPL_PLAYER_CODE_TO_PLAYER_MATCH_PL_CODE_TO_REGISTERED_SOURCE_PLAYER_ID,14,4,false,VERIFIED,VERIFIED,OBSERVED,STARTED,1ec7f0dc79055902251cd938650f622b0e79f3cc,https://github.com/imadeddine-belkat/Premier-League-Stats.git,_merged/players/2026-27_all_players_gw.csv,a1c7a4a79f9505c517dfb17db8dd7d6aed653bde289d3d6587b17c0bc5c25de8,2026-08-31T13:26:12Z,366,MID,494595,Florian,Wirtz,2645203,2,False,62,0,0,0,2,0,0,0,0,0,0,0,16,9.8,17.9,29.0,5.7,0,4,1,5,1,0.26,0.04,0.30,0.51,75,0,1122658,0,0,14
2026-27,9,9,367,1,player_match:862967,VERIFIED,FPL_PLAYER_CODE_TO_PLAYER_MATCH_PL_CODE_TO_REGISTERED_SOURCE_PLAYER_ID,14,4,false,VERIFIED,VERIFIED,OBSERVED,STARTED,1ec7f0dc79055902251cd938650f622b0e79f3cc,https://github.com/imadeddine-belkat/Premier-League-Stats.git,_merged/players/2026-27_all_players_gw.csv,a1c7a4a79f9505c517dfb17db8dd7d6aed653bde289d3d6587b17c0bc5c25de8,2026-08-31T13:26:12Z,367,MID,243298,Cody,Gakpo,2645203,12,False,90,1,0,0,2,0,0,0,0,0,0,3,33,44.0,34.0,37.0,11.5,4,5,3,12,1,0.30,0.15,0.45,1.58,70,0,310403,0,0,14
2026-27,9,9,368,1,player_match:869856,VERIFIED,FPL_PLAYER_CODE_TO_PLAYER_MATCH_PL_CODE_TO_REGISTERED_SOURCE_PLAYER_ID,14,4,false,VERIFIED,VERIFIED,OBSERVED,STARTED,1ec7f0dc79055902251cd938650f622b0e79f3cc,https://github.com/imadeddine-belkat/Premier-League-Stats.git,_merged/players/2026-27_all_players_gw.csv,a1c7a4a79f9505c517dfb17db8dd7d6aed653bde289d3d6587b17c0bc5c25de8,2026-08-31T13:26:12Z,368,MID,424876,Dominik,Szoboszlai,2645203,8,False,90,1,0,0,2,0,0,0,0,0,0,1,29,50.4,47.1,21.0,11.9,2,4,1,7,1,0.85,0.27,1.12,1.58,70,0,3733259,0,0,14
2026-27,9,9,369,1,player_match:1881902,VERIFIED,FPL_PLAYER_CODE_TO_PLAYER_MATCH_PL_CODE_TO_REGISTERED_SOURCE_PLAYER_ID,14,4,false,VERIFIED,VERIFIED,OBSERVED,STARTED,1ec7f0dc79055902251cd938650f622b0e79f3cc,https://github.com/imadeddine-belkat/Premier-League-Stats.git,_merged/players/2026-27_all_players_gw.csv,a1c7a4a79f9505c517dfb17db8dd7d6aed653bde289d3d6587b17c0bc5c25de8,2026-08-31T13:26:12Z,369,MID,611922,Rio,Ngumoha,2645203,2,False,62,0,0,0,2,0,0,0,0,0,0,0,9,2.4,6.0,5.0,1.3,0,2,1,3,1,0.04,0.02,0.06,0.51,60,0,104767,0,0,14
2026-27,9,9,370,1,player_match:845386,VERIFIED,FPL_PLAYER_CODE_TO_PLAYER_MATCH_PL_CODE_TO_REGISTERED_SOURCE_PLAYER_ID,14,4,false,VERIFIED,VERIFIED,OBSERVED,REGISTERED_ZERO_MINUTES,1ec7f0dc79055902251cd938650f622b0e79f3cc,https://github.com/imadeddine-belkat/Premier-League-Stats.git,_merged/players/2026-27_all_players_gw.csv,a1c7a4a79f9505c517dfb17db8dd7d6aed653bde289d3d6587b17c0bc5c25de8,2026-08-31T13:26:12Z,370,MID,223541,Federico,Chiesa,2645203,0,False,0,0,0,0,0,0,0,0,0,0,0,0,0,0.0,0.0,0.0,0.0,0,0,0,0,0,0.00,0.00,0.00,0.00,55,0,11756,0,0,14
2026-27,9,9,371,1,player_match:904897,VERIFIED,FPL_PLAYER_CODE_TO_PLAYER_MATCH_PL_CODE_TO_REGISTERED_SOURCE_PLAYER_ID,14,4,false,VERIFIED,VERIFIED,OBSERVED,STARTED,1ec7f0dc79055902251cd938650f622b0e79f3cc,https://github.com/imadeddine-belkat/Premier-League-Stats.git,_merged/players/2026-27_all_players_gw.csv,a1c7a4a79f9505c517dfb17db8dd7d6aed653bde289d3d6587b17c0bc5c25de8,2026-08-31T13:26:12Z,371,MID,441266,Ryan,Gravenberch,2645203,5,False,77,0,1,0,2,0,0,0,0,0,0,0,26,24.4,16.0,4.0,4.4,2,8,1,11,1,0.06,0.05,0.11,1.10,60,0,172067,0,0,14
2026-27,9,9,372,1,player_match:895324,VERIFIED,FPL_PLAYER_CODE_TO_PLAYER_MATCH_PL_CODE_TO_REGISTERED_SOURCE_PLAYER_ID,14,4,false,VERIFIED,VERIFIED,OBSERVED,SUBSTITUTE_APPEARANCE,1ec7f0dc79055902251cd938650f622b0e79f3cc,https://github.com/imadeddine-belkat/Premier-League-Stats.git,_merged/players/2026-27_all_players_gw.csv,a1c7a4a79f9505c517dfb17db8dd7d6aed653bde289d3d6587b17c0bc5c25de8,2026-08-31T13:26:12Z,372,MID,243016,Alexis,Mac Allister,2645203,1,False,27,0,0,0,0,0,0,0,0,0,0,0,9,5.8,1.4,0.0,0.7,0,1,2,3,0,0.00,0.01,0.01,1.07,55,0,151941,0,0,14
2026-27,9,9,373,1,player_match:927353,VERIFIED,FPL_PLAYER_CODE_TO_PLAYER_MATCH_PL_CODE_TO_REGISTERED_SOURCE_PLAYER_ID,14,4,false,VERIFIED,VERIFIED,OBSERVED,REGISTERED_ZERO_MINUTES,1ec7f0dc79055902251cd938650f622b0e79f3cc,https://github.com/imadeddine-belkat/Premier-League-Stats.git,_merged/players/2026-27_all_players_gw.csv,a1c7a4a79f9505c517dfb17db8dd7d6aed653bde289d3d6587b17c0bc5c25de8,2026-08-31T13:26:12Z,373,MID,206915,Curtis,Jones,2645203,0,False,0,0,0,0,0,0,0,0,0,0,0,0,0,0.0,0.0,0.0,0.0,0,0,0,0,0,0.00,0.00,0.00,0.00,55,0,4822,0,0,14
2026-27,9,9,374,1,player_match:143040,VERIFIED,FPL_PLAYER_CODE_TO_PLAYER_MATCH_PL_CODE_TO_REGISTERED_SOURCE_PLAYER_ID,14,4,false,VERIFIED,VERIFIED,OBSERVED,REGISTERED_ZERO_MINUTES,1ec7f0dc79055902251cd938650f622b0e79f3cc,https://github.com/imadeddine-belkat/Premier-League-Stats.git,_merged/players/2026-27_all_players_gw.csv,a1c7a4a79f9505c517dfb17db8dd7d6aed653bde289d3d6587b17c0bc5c25de8,2026-08-31T13:26:12Z,374,MID,158983,Endo,Wataru,2645203,0,False,0,0,0,0,0,0,0,0,0,0,0,0,0,0.0,0.0,0.0,0.0,0,0,0,0,0,0.00,0.00,0.00,0.00,50,0,5090,0,0,14
2026-27,9,9,375,1,player_match:1445945,VERIFIED,FPL_PLAYER_CODE_TO_PLAYER_MATCH_PL_CODE_TO_REGISTERED_SOURCE_PLAYER_ID,14,4,false,VERIFIED,VERIFIED,OBSERVED,REGISTERED_ZERO_MINUTES,1ec7f0dc79055902251cd938650f622b0e79f3cc,https://github.com/imadeddine-belkat/Premier-League-Stats.git,_merged/players/2026-27_all_players_gw.csv,a1c7a4a79f9505c517dfb17db8dd7d6aed653bde289d3d6587b17c0bc5c25de8,2026-08-31T13:26:12Z,375,MID,591386,Trey,Nyoni,2645203,0,False,0,0,0,0,0,0,0,0,0,0,0,0,0,0.0,0.0,0.0,0.0,0,0,0,0,0,0.00,0.00,0.00,0.00,50,0,3729,0,0,14
2026-27,9,9,376,1,player_match:1142636,VERIFIED,FPL_PLAYER_CODE_TO_PLAYER_MATCH_PL_CODE_TO_REGISTERED_SOURCE_PLAYER_ID,14,4,false,VERIFIED,VERIFIED,OBSERVED,REGISTERED_ZERO_MINUTES,1ec7f0dc79055902251cd938650f622b0e79f3cc,https://github.com/imadeddine-belkat/Premier-League-Stats.git,_merged/players/2026-27_all_players_gw.csv,a1c7a4a79f9505c517dfb17db8dd7d6aed653bde289d3d6587b17c0bc5c25de8,2026-08-31T13:26:12Z,376,MID,535928,Stefan,Bajčetić Maquieira,2645203,0,False,0,0,0,0,0,0,0,0,0,0,0,0,0,0.0,0.0,0.0,0.0,0,0,0,0,0,0.00,0.00,0.00,0.00,50,0,157,0,0,14
2026-27,9,9,377,1,fpl_player:551499,SOURCE_NATIVE_VERIFIED,SOURCE_NATIVE_FPL_PLAYER_CODE,14,4,false,VERIFIED,VERIFIED,OBSERVED,SUBSTITUTE_APPEARANCE,1ec7f0dc79055902251cd938650f622b0e79f3cc,https://github.com/imadeddine-belkat/Premier-League-Stats.git,_merged/players/2026-27_all_players_gw.csv,a1c7a4a79f9505c517dfb17db8dd7d6aed653bde289d3d6587b17c0bc5c25de8,2026-08-31T13:26:12Z,377,MID,551499,Victor,Munoz,2645203,4,False,27,0,1,0,0,0,0,0,0,0,0,0,15,4.0,8.9,14.0,2.7,0,0,0,0,0,0.10,0.04,0.14,1.07,65,0,48042,0,0,14
2026-27,9,9,378,1,player_match:1138428,VERIFIED,FPL_PLAYER_CODE_TO_PLAYER_MATCH_PL_CODE_TO_REGISTERED_SOURCE_PLAYER_ID,14,4,false,VERIFIED,VERIFIED,OBSERVED,REGISTERED_ZERO_MINUTES,1ec7f0dc79055902251cd938650f622b0e79f3cc,https://github.com/imadeddine-belkat/Premier-League-Stats.git,_merged/players/2026-27_all_players_gw.csv,a1c7a4a79f9505c517dfb17db8dd7d6aed653bde289d3d6587b17c0bc5c25de8,2026-08-31T13:26:12Z,378,MID,491501,James,McConnell,2645203,0,False,0,0,0,0,0,0,0,0,0,0,0,0,0,0.0,0.0,0.0,0.0,0,0,0,0,0,0.00,0.00,0.00,0.00,45,0,24189,0,0,14
2026-27,9,9,379,1,player_match:823941,VERIFIED,FPL_PLAYER_CODE_TO_PLAYER_MATCH_PL_CODE_TO_REGISTERED_SOURCE_PLAYER_ID,14,4,false,VERIFIED,VERIFIED,OBSERVED,STARTED,1ec7f0dc79055902251cd938650f622b0e79f3cc,https://github.com/imadeddine-belkat/Premier-League-Stats.git,_merged/players/2026-27_all_players_gw.csv,a1c7a4a79f9505c517dfb17db8dd7d6aed653bde289d3d6587b17c0bc5c25de8,2026-08-31T13:26:12Z,379,FWD,219168,Alexander,Isak,2645203,2,False,90,0,0,0,2,0,0,0,0,0,0,0,6,11.4,14.6,66.0,9.2,1,0,0,1,1,1.09,0.01,1.10,1.58,90,0,1493302,0,0,14
2026-27,9,9,380,1,player_match:1048422,VERIFIED,FPL_PLAYER_CODE_TO_PLAYER_MATCH_PL_CODE_TO_REGISTERED_SOURCE_PLAYER_ID,14,4,false,VERIFIED,VERIFIED,OBSERVED,REGISTERED_ZERO_MINUTES,1ec7f0dc79055902251cd938650f622b0e79f3cc,https://github.com/imadeddine-belkat/Premier-League-Stats.git,_merged/players/2026-27_all_players_gw.csv,a1c7a4a79f9505c517dfb17db8dd7d6aed653bde289d3d6587b17c0bc5c25de8,2026-08-31T13:26:12Z,380,FWD,510663,Hugo,Ekitiké,2645203,0,False,0,0,0,0,0,0,0,0,0,0,0,0,0,0.0,0.0,0.0,0.0,0,0,0,0,0,0.00,0.00,0.00,0.00,75,0,14410,0,0,14
2026-27,9,9,381,1,player_match:1403111,VERIFIED,FPL_PLAYER_CODE_TO_PLAYER_MATCH_PL_CODE_TO_REGISTERED_SOURCE_PLAYER_ID,14,4,false,VERIFIED,VERIFIED,OBSERVED,SUBSTITUTE_APPEARANCE,1ec7f0dc79055902251cd938650f622b0e79f3cc,https://github.com/imadeddine-belkat/Premier-League-Stats.git,_merged/players/2026-27_all_players_gw.csv,a1c7a4a79f9505c517dfb17db8dd7d6aed653bde289d3d6587b17c0bc5c25de8,2026-08-31T13:26:12Z,381,MID,514514,Lewis,Koumas,2645203,1,False,12,0,0,0,0,0,0,0,0,0,0,0,4,1.2,0.5,7.0,0.9,0,1,0,1,0,0.03,0.00,0.03,0.48,50,0,1626,0,0,14
2026-27,9,9,382,1,player_match:1403108,VERIFIED,FPL_PLAYER_CODE_TO_PLAYER_MATCH_PL_CODE_TO_REGISTERED_SOURCE_PLAYER_ID,14,4,false,VERIFIED,VERIFIED,OBSERVED,REGISTERED_ZERO_MINUTES,1ec7f0dc79055902251cd938650f622b0e79f3cc,https://github.com/imadeddine-belkat/Premier-League-Stats.git,_merged/players/2026-27_all_players_gw.csv,a1c7a4a79f9505c517dfb17db8dd7d6aed653bde289d3d6587b17c0bc5c25de8,2026-08-31T13:26:12Z,382,FWD,500058,Jayden,Danns,2645203,0,False,0,0,0,0,0,0,0,0,0,0,0,0,0,0.0,0.0,0.0,0.0,0,0,0,0,0,0.00,0.00,0.00,0.00,45,0,3221,0,0,14
2026-27,9,9,383,1,player_match:955245,VERIFIED,FPL_PLAYER_CODE_TO_PLAYER_MATCH_PL_CODE_TO_REGISTERED_SOURCE_PLAYER_ID,14,4,false,VERIFIED,VERIFIED,OBSERVED,REGISTERED_ZERO_MINUTES,1ec7f0dc79055902251cd938650f622b0e79f3cc,https://github.com/imadeddine-belkat/Premier-League-Stats.git,_merged/players/2026-27_all_players_gw.csv,a1c7a4a79f9505c517dfb17db8dd7d6aed653bde289d3d6587b17c0bc5c25de8,2026-08-31T13:26:12Z,383,MID,444884,Harvey,Elliott,2645203,0,False,0,0,0,0,0,0,0,0,0,0,0,0,0,0.0,0.0,0.0,0.0,0,0,0,0,0,0.00,0.00,0.00,0.00,55,0,6399,0,0,14
2026-27,9,9,442,1,player_match:162653,VERIFIED,FPL_PLAYER_CODE_TO_PLAYER_MATCH_PL_CODE_TO_REGISTERED_SOURCE_PLAYER_ID,4,14,true,VERIFIED,VERIFIED,OBSERVED,REGISTERED_ZERO_MINUTES,1ec7f0dc79055902251cd938650f622b0e79f3cc,https://github.com/imadeddine-belkat/Premier-League-Stats.git,_merged/players/2026-27_all_players_gw.csv,a1c7a4a79f9505c517dfb17db8dd7d6aed653bde289d3d6587b17c0bc5c25de8,2026-08-31T13:26:12Z,442,GKP,98747,Nick,Pope,2645203,0,False,0,0,0,0,0,0,0,0,0,0,0,0,0,0.0,0.0,0.0,0.0,0,0,0,0,0,0.00,0.00,0.00,0.00,50,0,113822,0,0,4
2026-27,9,9,443,1,player_match:108508,SOURCE_NATIVE_VERIFIED,FPL_PLAYER_CODE_TO_PLAYER_MATCH_PL_CODE_TO_SOURCE_NATIVE_PLAYER,4,14,true,VERIFIED,VERIFIED,OBSERVED,REGISTERED_ZERO_MINUTES,1ec7f0dc79055902251cd938650f622b0e79f3cc,https://github.com/imadeddine-belkat/Premier-League-Stats.git,_merged/players/2026-27_all_players_gw.csv,a1c7a4a79f9505c517dfb17db8dd7d6aed653bde289d3d6587b17c0bc5c25de8,2026-08-31T13:26:12Z,443,GKP,81441,Mark,Gillespie,2645203,0,False,0,0,0,0,0,0,0,0,0,0,0,0,0,0.0,0.0,0.0,0.0,0,0,0,0,0,0.00,0.00,0.00,0.00,45,0,2989,0,0,4
2026-27,9,9,444,1,fpl_player:554578,SOURCE_NATIVE_VERIFIED,SOURCE_NATIVE_FPL_PLAYER_CODE,4,14,true,VERIFIED,VERIFIED,OBSERVED,REGISTERED_ZERO_MINUTES,1ec7f0dc79055902251cd938650f622b0e79f3cc,https://github.com/imadeddine-belkat/Premier-League-Stats.git,_merged/players/2026-27_all_players_gw.csv,a1c7a4a79f9505c517dfb17db8dd7d6aed653bde289d3d6587b17c0bc5c25de8,2026-08-31T13:26:12Z,444,GKP,554578,Ewen,Jaouen,2645203,0,False,0,0,0,0,0,0,0,0,0,0,0,0,0,0.0,0.0,0.0,0.0,0,0,0,0,0,0.00,0.00,0.00,0.00,45,0,2666,0,0,4
2026-27,9,9,445,1,player_match:1014286,VERIFIED,FPL_PLAYER_CODE_TO_PLAYER_MATCH_PL_CODE_TO_REGISTERED_SOURCE_PLAYER_ID,4,14,true,VERIFIED,VERIFIED,OBSERVED,STARTED,1ec7f0dc79055902251cd938650f622b0e79f3cc,https://github.com/imadeddine-belkat/Premier-League-Stats.git,_merged/players/2026-27_all_players_gw.csv,a1c7a4a79f9505c517dfb17db8dd7d6aed653bde289d3d6587b17c0bc5c25de8,2026-08-31T13:26:12Z,445,DEF,465642,Malick,Thiaw,2645203,3,False,90,0,0,0,2,0,0,0,0,0,0,0,0,37.8,0.2,0.0,3.8,15,2,0,15,1,0.00,0.00,0.00,2.98,50,0,146838,0,0,4
2026-27,9,9,446,1,player_match:101882,VERIFIED,FPL_PLAYER_CODE_TO_PLAYER_MATCH_PL_CODE_TO_REGISTERED_SOURCE_PLAYER_ID,4,14,true,VERIFIED,VERIFIED,OBSERVED,SUBSTITUTE_APPEARANCE,1ec7f0dc79055902251cd938650f622b0e79f3cc,https://github.com/imadeddine-belkat/Premier-League-Stats.git,_merged/players/2026-27_all_players_gw.csv,a1c7a4a79f9505c517dfb17db8dd7d6aed653bde289d3d6587b17c0bc5c25de8,2026-08-31T13:26:12Z,446,DEF,119471,Fabian,Schär,2645203,1,False,1,0,0,0,1,0,0,0,0,0,0,0,-1,0.0,0.0,0.0,0.0,0,0,0,0,0,0.00,0.00,0.00,0.79,50,0,20496,0,0,4
2026-27,9,9,447,1,player_match:910046,VERIFIED,FPL_PLAYER_CODE_TO_PLAYER_MATCH_PL_CODE_TO_REGISTERED_SOURCE_PLAYER_ID,4,14,true,VERIFIED,VERIFIED,OBSERVED,STARTED,1ec7f0dc79055902251cd938650f622b0e79f3cc,https://github.com/imadeddine-belkat/Premier-League-Stats.git,_merged/players/2026-27_all_players_gw.csv,a1c7a4a79f9505c517dfb17db8dd7d6aed653bde289d3d6587b17c0bc5c25de8,2026-08-31T13:26:12Z,447,DEF,220237,Sven,Botman,2645203,3,False,90,0,0,0,2,0,0,0,0,0,0,0,4,32.4,0.3,0.0,3.3,10,2,0,10,1,0.00,0.01,0.01,2.98,50,0,34765,0,0,4
2026-27,9,9,448,1,player_match:99090,VERIFIED,FPL_PLAYER_CODE_TO_PLAYER_MATCH_PL_CODE_TO_REGISTERED_SOURCE_PLAYER_ID,4,14,true,VERIFIED,VERIFIED,OBSERVED,REGISTERED_ZERO_MINUTES,1ec7f0dc79055902251cd938650f622b0e79f3cc,https://github.com/imadeddine-belkat/Premier-League-Stats.git,_merged/players/2026-27_all_players_gw.csv,a1c7a4a79f9505c517dfb17db8dd7d6aed653bde289d3d6587b17c0bc5c25de8,2026-08-31T13:26:12Z,448,DEF,78916,Dan,Burn,2645203,0,False,0,0,0,0,0,0,0,0,0,0,0,0,0,0.0,0.0,0.0,0.0,0,0,0,0,0,0.00,0.00,0.00,0.00,50,0,213973,0,0,4
2026-27,9,9,449,1,player_match:1136730,VERIFIED,FPL_PLAYER_CODE_TO_PLAYER_MATCH_PL_CODE_TO_REGISTERED_SOURCE_PLAYER_ID,4,14,true,VERIFIED,VERIFIED,OBSERVED,STARTED,1ec7f0dc79055902251cd938650f622b0e79f3cc,https://github.com/imadeddine-belkat/Premier-League-Stats.git,_merged/players/2026-27_all_players_gw.csv,a1c7a4a79f9505c517dfb17db8dd7d6aed653bde289d3d6587b17c0bc5c25de8,2026-08-31T13:26:12Z,449,DEF,487838,Lewis,Hall,2645203,3,False,90,0,0,0,2,0,0,0,0,0,0,0,8,22.0,15.2,0.0,3.7,6,8,5,11,1,0.00,0.35,0.35,2.98,50,0,310247,0,0,4
2026-27,9,9,450,1,player_match:980634,VERIFIED,FPL_PLAYER_CODE_TO_PLAYER_MATCH_PL_CODE_TO_REGISTERED_SOURCE_PLAYER_ID,4,14,true,VERIFIED,VERIFIED,OBSERVED,REGISTERED_ZERO_MINUTES,1ec7f0dc79055902251cd938650f622b0e79f3cc,https://github.com/imadeddine-belkat/Premier-League-Stats.git,_merged/players/2026-27_all_players_gw.csv,a1c7a4a79f9505c517dfb17db8dd7d6aed653bde289d3d6587b17c0bc5c25de8,2026-08-31T13:26:12Z,450,DEF,441191,Tino,Livramento,2645203,0,False,0,0,0,0,0,0,0,0,0,0,0,0,0,0.0,0.0,0.0,0.0,0,0,0,0,0,0.00,0.00,0.00,0.00,50,0,4326,0,0,4
2026-27,9,9,451,1,player_match:1125214,VERIFIED,FPL_PLAYER_CODE_TO_PLAYER_MATCH_PL_CODE_TO_REGISTERED_SOURCE_PLAYER_ID,4,14,true,VERIFIED,VERIFIED,OBSERVED,REGISTERED_ZERO_MINUTES,1ec7f0dc79055902251cd938650f622b0e79f3cc,https://github.com/imadeddine-belkat/Premier-League-Stats.git,_merged/players/2026-27_all_players_gw.csv,a1c7a4a79f9505c517dfb17db8dd7d6aed653bde289d3d6587b17c0bc5c25de8,2026-08-31T13:26:12Z,451,DEF,545477,Alex,Murphy,2645203,0,False,0,0,0,0,0,0,0,0,0,0,0,0,0,0.0,0.0,0.0,0.0,0,0,0,0,0,0.00,0.00,0.00,0.00,40,0,12873,0,0,4
2026-27,9,9,453,1,player_match:855647,VERIFIED,FPL_PLAYER_CODE_TO_PLAYER_MATCH_PL_CODE_TO_REGISTERED_SOURCE_PLAYER_ID,4,14,true,VERIFIED,VERIFIED,OBSERVED,STARTED,1ec7f0dc79055902251cd938650f622b0e79f3cc,https://github.com/imadeddine-belkat/Premier-League-Stats.git,_merged/players/2026-27_all_players_gw.csv,a1c7a4a79f9505c517dfb17db8dd7d6aed653bde289d3d6587b17c0bc5c25de8,2026-08-31T13:26:12Z,453,MID,201666,Harvey,Barnes,2645203,2,False,90,0,0,0,2,0,0,0,0,0,0,0,12,5.2,2.4,9.0,1.7,3,4,1,8,1,0.07,0.02,0.09,2.98,60,0,95531,0,0,4
2026-27,9,9,454,1,player_match:979232,VERIFIED,FPL_PLAYER_CODE_TO_PLAYER_MATCH_PL_CODE_TO_REGISTERED_SOURCE_PLAYER_ID,4,14,true,VERIFIED,VERIFIED,OBSERVED,STARTED,1ec7f0dc79055902251cd938650f622b0e79f3cc,https://github.com/imadeddine-belkat/Premier-League-Stats.git,_merged/players/2026-27_all_players_gw.csv,a1c7a4a79f9505c517dfb17db8dd7d6aed653bde289d3d6587b17c0bc5c25de8,2026-08-31T13:26:12Z,454,MID,449434,Anthony,Elanga,2645203,9,False,75,1,0,0,1,0,0,0,0,0,0,2,31,37.4,3.5,28.0,6.9,1,1,0,2,1,0.22,0.01,0.23,1.94,60,0,64591,0,0,4
2026-27,9,9,456,1,player_match:975937,VERIFIED,FPL_PLAYER_CODE_TO_PLAYER_MATCH_PL_CODE_TO_REGISTERED_SOURCE_PLAYER_ID,4,14,true,VERIFIED,VERIFIED,OBSERVED,SUBSTITUTE_APPEARANCE,1ec7f0dc79055902251cd938650f622b0e79f3cc,https://github.com/imadeddine-belkat/Premier-League-Stats.git,_merged/players/2026-27_all_players_gw.csv,a1c7a4a79f9505c517dfb17db8dd7d6aed653bde289d3d6587b17c0bc5c25de8,2026-08-31T13:26:12Z,456,MID,232653,Jacob,Ramsey,2645203,0,False,34,0,0,0,1,0,0,0,1,0,0,0,1,7.8,1.3,4.0,1.3,3,1,2,6,0,0.06,0.01,0.07,1.50,50,0,34032,0,0,4
2026-27,9,9,457,1,player_match:372336,VERIFIED,FPL_PLAYER_CODE_TO_PLAYER_MATCH_PL_CODE_TO_REGISTERED_SOURCE_PLAYER_ID,4,14,true,VERIFIED,VERIFIED,OBSERVED,SUBSTITUTE_APPEARANCE,1ec7f0dc79055902251cd938650f622b0e79f3cc,https://github.com/imadeddine-belkat/Premier-League-Stats.git,_merged/players/2026-27_all_players_gw.csv,a1c7a4a79f9505c517dfb17db8dd7d6aed653bde289d3d6587b17c0bc5c25de8,2026-08-31T13:26:12Z,457,MID,114243,Jacob,Murphy,2645203,0,False,14,0,0,0,1,0,0,0,1,0,0,0,-1,0.0,0.1,2.0,0.1,1,1,0,2,0,0.00,0.00,0.00,1.04,60,0,14816,0,0,4
2026-27,9,9,458,1,player_match:560128,SOURCE_NATIVE_VERIFIED,FPL_PLAYER_CODE_TO_PLAYER_MATCH_PL_CODE_TO_SOURCE_NATIVE_PLAYER,4,14,true,VERIFIED,VERIFIED,OBSERVED,REGISTERED_ZERO_MINUTES,1ec7f0dc79055902251cd938650f622b0e79f3cc,https://github.com/imadeddine-belkat/Premier-League-Stats.git,_merged/players/2026-27_all_players_gw.csv,a1c7a4a79f9505c517dfb17db8dd7d6aed653bde289d3d6587b17c0bc5c25de8,2026-08-31T13:26:12Z,458,MID,180974,Joelinton Cássio,Apolinário de Lira,2645203,0,False,0,0,0,0,0,0,0,0,0,0,0,0,0,0.0,0.0,0.0,0.0,0,0,0,0,0,0.00,0.00,0.00,0.00,55,0,3620,0,0,4
2026-27,9,9,459,1,player_match:1400650,VERIFIED,FPL_PLAYER_CODE_TO_PLAYER_MATCH_PL_CODE_TO_REGISTERED_SOURCE_PLAYER_ID,4,14,true,VERIFIED,VERIFIED,OBSERVED,STARTED,1ec7f0dc79055902251cd938650f622b0e79f3cc,https://github.com/imadeddine-belkat/Premier-League-Stats.git,_merged/players/2026-27_all_players_gw.csv,a1c7a4a79f9505c517dfb17db8dd7d6aed653bde289d3d6587b17c0bc5c25de8,2026-08-31T13:26:12Z,459,MID,547719,Lewis,Miley,2645203,3,False,75,0,0,0,1,0,0,0,1,0,0,0,13,15.6,21.4,3.0,4.0,6,6,1,13,1,0.05,0.01,0.06,1.94,55,0,4093,0,0,4
2026-27,9,9,460,1,player_match:888550,VERIFIED,FPL_PLAYER_CODE_TO_PLAYER_MATCH_PL_CODE_TO_REGISTERED_SOURCE_PLAYER_ID,4,14,true,VERIFIED,VERIFIED,OBSERVED,SUBSTITUTE_APPEARANCE,1ec7f0dc79055902251cd938650f622b0e79f3cc,https://github.com/imadeddine-belkat/Premier-League-Stats.git,_merged/players/2026-27_all_players_gw.csv,a1c7a4a79f9505c517dfb17db8dd7d6aed653bde289d3d6587b17c0bc5c25de8,2026-08-31T13:26:12Z,460,MID,200089,Joe,Willock,2645203,6,False,34,1,0,0,1,0,0,0,0,0,0,0,28,38.4,13.9,9.0,6.1,0,1,2,3,0,0.09,0.17,0.26,1.50,50,0,10181,0,0,4
2026-27,9,9,461,1,fpl_player:611665,SOURCE_NATIVE_VERIFIED,SOURCE_NATIVE_FPL_PLAYER_CODE,4,14,true,VERIFIED,VERIFIED,OBSERVED,REGISTERED_ZERO_MINUTES,1ec7f0dc79055902251cd938650f622b0e79f3cc,https://github.com/imadeddine-belkat/Premier-League-Stats.git,_merged/players/2026-27_all_players_gw.csv,a1c7a4a79f9505c517dfb17db8dd7d6aed653bde289d3d6587b17c0bc5c25de8,2026-08-31T13:26:12Z,461,MID,611665,Bazoumana,Touré,2645203,0,False,0,0,0,0,0,0,0,0,0,0,0,0,0,0.0,0.0,0.0,0.0,0,0,0,0,0,0.00,0.00,0.00,0.00,60,0,22780,0,0,4
2026-27,9,9,462,1,fpl_player:636852,SOURCE_NATIVE_VERIFIED,SOURCE_NATIVE_FPL_PLAYER_CODE,4,14,true,VERIFIED,VERIFIED,OBSERVED,STARTED,1ec7f0dc79055902251cd938650f622b0e79f3cc,https://github.com/imadeddine-belkat/Premier-League-Stats.git,_merged/players/2026-27_all_players_gw.csv,a1c7a4a79f9505c517dfb17db8dd7d6aed653bde289d3d6587b17c0bc5c25de8,2026-08-31T13:26:12Z,462,MID,636852,Sean,Steur,2645203,1,False,55,0,0,0,1,0,0,0,0,0,0,0,3,0.4,1.2,0.0,0.2,0,2,0,2,1,0.00,0.00,0.00,1.48,50,0,9830,0,0,4
2026-27,9,9,463,1,player_match:980623,VERIFIED,FPL_PLAYER_CODE_TO_PLAYER_MATCH_PL_CODE_TO_REGISTERED_SOURCE_PLAYER_ID,4,14,true,VERIFIED,VERIFIED,OBSERVED,REGISTERED_ZERO_MINUTES,1ec7f0dc79055902251cd938650f622b0e79f3cc,https://github.com/imadeddine-belkat/Premier-League-Stats.git,_merged/players/2026-27_all_players_gw.csv,a1c7a4a79f9505c517dfb17db8dd7d6aed653bde289d3d6587b17c0bc5c25de8,2026-08-31T13:26:12Z,463,FWD,470313,Nick,Woltemade,2645203,0,False,0,0,0,0,0,0,0,0,0,0,0,0,0,0.0,0.0,0.0,0.0,0,0,0,0,0,0.00,0.00,0.00,0.00,60,0,151424,0,0,4
2026-27,9,9,464,1,player_match:805123,VERIFIED,FPL_PLAYER_CODE_TO_PLAYER_MATCH_PL_CODE_TO_REGISTERED_SOURCE_PLAYER_ID,4,14,true,VERIFIED,VERIFIED,OBSERVED,STARTED,1ec7f0dc79055902251cd938650f622b0e79f3cc,https://github.com/imadeddine-belkat/Premier-League-Stats.git,_merged/players/2026-27_all_players_gw.csv,a1c7a4a79f9505c517dfb17db8dd7d6aed653bde289d3d6587b17c0bc5c25de8,2026-08-31T13:26:12Z,464,FWD,216646,Yoane,Wissa,2645203,4,False,90,0,1,0,1,0,0,0,1,0,0,0,7,20.0,16.3,28.0,6.4,1,3,4,8,1,1.00,0.02,1.02,2.19,60,0,142989,0,0,4
2026-27,9,9,465,1,player_match:1122603,VERIFIED,FPL_PLAYER_CODE_TO_PLAYER_MATCH_PL_CODE_TO_REGISTERED_SOURCE_PLAYER_ID,4,14,true,VERIFIED,VERIFIED,OBSERVED,STARTED,1ec7f0dc79055902251cd938650f622b0e79f3cc,https://github.com/imadeddine-belkat/Premier-League-Stats.git,_merged/players/2026-27_all_players_gw.csv,a1c7a4a79f9505c517dfb17db8dd7d6aed653bde289d3d6587b17c0bc5c25de8,2026-08-31T13:26:12Z,465,FWD,538207,William,Osula,2645203,4,False,55,0,1,0,1,0,0,0,0,0,0,0,18,28.2,13.7,8.0,5.0,2,2,1,5,1,0.06,0.14,0.20,1.48,60,0,83021,0,0,4
2026-27,9,9,466,1,player_match:1511675,VERIFIED,FPL_PLAYER_CODE_TO_PLAYER_MATCH_PL_CODE_TO_REGISTERED_SOURCE_PLAYER_ID,4,14,true,VERIFIED,VERIFIED,OBSERVED,REGISTERED_ZERO_MINUTES,1ec7f0dc79055902251cd938650f622b0e79f3cc,https://github.com/imadeddine-belkat/Premier-League-Stats.git,_merged/players/2026-27_all_players_gw.csv,a1c7a4a79f9505c517dfb17db8dd7d6aed653bde289d3d6587b17c0bc5c25de8,2026-08-31T13:26:12Z,466,FWD,599303,Sean,Neave,2645203,0,False,0,0,0,0,0,0,0,0,0,0,0,0,0,0.0,0.0,0.0,0.0,0,0,0,0,0,0.00,0.00,0.00,0.00,45,0,66588,0,0,4
2026-27,9,9,559,1,fpl_player:632794,SOURCE_NATIVE_VERIFIED,SOURCE_NATIVE_FPL_PLAYER_CODE,4,14,true,VERIFIED,VERIFIED,OBSERVED,SUBSTITUTE_APPEARANCE,1ec7f0dc79055902251cd938650f622b0e79f3cc,https://github.com/imadeddine-belkat/Premier-League-Stats.git,_merged/players/2026-27_all_players_gw.csv,a1c7a4a79f9505c517dfb17db8dd7d6aed653bde289d3d6587b17c0bc5c25de8,2026-08-31T13:26:12Z,559,MID,632794,Aladji,Bamba,2645203,1,False,14,0,0,0,1,0,0,0,0,0,0,0,5,4.0,0.0,0.0,0.4,1,0,1,2,0,0.00,0.00,0.00,1.04,50,0,12608,0,0,4
2026-27,9,9,567,1,fpl_player:470551,SOURCE_NATIVE_VERIFIED,SOURCE_NATIVE_FPL_PLAYER_CODE,4,14,true,VERIFIED,VERIFIED,OBSERVED,STARTED,1ec7f0dc79055902251cd938650f622b0e79f3cc,https://github.com/imadeddine-belkat/Premier-League-Stats.git,_merged/players/2026-27_all_players_gw.csv,a1c7a4a79f9505c517dfb17db8dd7d6aed653bde289d3d6587b17c0bc5c25de8,2026-08-31T13:26:12Z,567,GKP,470551,Lukás,Hornícek,2645203,1,False,90,0,0,0,2,0,0,0,1,0,5,0,12,41.2,0.0,0.0,4.1,3,5,0,0,1,0.00,0.00,0.00,2.98,50,0,55382,0,0,4
2026-27,9,9,579,1,fpl_player:445087,SOURCE_NATIVE_VERIFIED,SOURCE_NATIVE_FPL_PLAYER_CODE,14,4,false,VERIFIED,VERIFIED,OBSERVED,SUBSTITUTE_APPEARANCE,1ec7f0dc79055902251cd938650f622b0e79f3cc,https://github.com/imadeddine-belkat/Premier-League-Stats.git,_merged/players/2026-27_all_players_gw.csv,a1c7a4a79f9505c517dfb17db8dd7d6aed653bde289d3d6587b17c0bc5c25de8,2026-08-31T13:26:12Z,579,DEF,445087,Ronald,Araujo,2645203,1,False,20,0,0,0,0,0,0,0,0,0,0,0,3,13.2,1.2,0.0,1.4,3,1,1,4,0,0.00,0.03,0.03,0.54,55,0,211388,0,0,14
2026-27,9,9,593,1,fpl_player:463726,SOURCE_NATIVE_VERIFIED,SOURCE_NATIVE_FPL_PLAYER_CODE,4,14,true,VERIFIED,VERIFIED,OBSERVED,STARTED,1ec7f0dc79055902251cd938650f622b0e79f3cc,https://github.com/imadeddine-belkat/Premier-League-Stats.git,_merged/players/2026-27_all_players_gw.csv,a1c7a4a79f9505c517dfb17db8dd7d6aed653bde289d3d6587b17c0bc5c25de8,2026-08-31T13:26:12Z,593,DEF,463726,Amar,Dedic,2645203,1,False,90,0,0,0,2,0,0,0,0,0,0,0,-1,16.4,1.2,5.0,2.3,7,2,2,9,1,0.03,0.00,0.03,2.98,45,0,20712,0,0,4
2026-27,9,9,609,1,player_match:1479682,VERIFIED,FPL_PLAYER_CODE_TO_PLAYER_MATCH_PL_CODE_TO_REGISTERED_SOURCE_PLAYER_ID,4,14,true,VERIFIED,VERIFIED,OBSERVED,REGISTERED_ZERO_MINUTES,1ec7f0dc79055902251cd938650f622b0e79f3cc,https://github.com/imadeddine-belkat/Premier-League-Stats.git,_merged/players/2026-27_all_players_gw.csv,a1c7a4a79f9505c517dfb17db8dd7d6aed653bde289d3d6587b17c0bc5c25de8,2026-08-31T13:26:12Z,609,DEF,553746,Leo,Shahar,2645203,0,False,0,0,0,0,0,0,0,0,0,0,0,0,0,0.0,0.0,0.0,0.0,0,0,0,0,0,0.00,0.00,0.00,0.00,40,0,0,0,0,4
2026-27,10,10,40,1,player_match:948261,VERIFIED,FPL_PLAYER_CODE_TO_PLAYER_MATCH_PL_CODE_TO_REGISTERED_SOURCE_PLAYER_ID,8,54,false,VERIFIED,VERIFIED,OBSERVED,STARTED,1ec7f0dc79055902251cd938650f622b0e79f3cc,https://github.com/imadeddine-belkat/Premier-League-Stats.git,_merged/players/2026-27_all_players_gw.csv,a1c7a4a79f9505c517dfb17db8dd7d6aed653bde289d3d6587b17c0bc5c25de8,2026-08-31T13:26:12Z,40,MID,244850,Morgan,Rogers,2645204,8,False,81,1,0,0,2,0,0,0,0,0,0,1,37,48.8,53.5,29.0,13.1,0,5,2,7,1,0.96,0.10,1.06,1.24,75,0,2178086,0,0,8
2026-27,10,10,101,1,player_match:42694,VERIFIED,FPL_PLAYER_CODE_TO_PLAYER_MATCH_PL_CODE_TO_REGISTERED_SOURCE_PLAYER_ID,8,54,false,VERIFIED,VERIFIED,OBSERVED,REGISTERED_ZERO_MINUTES,1ec7f0dc79055902251cd938650f622b0e79f3cc,https://github.com/imadeddine-belkat/Premier-League-Stats.git,_merged/players/2026-27_all_players_gw.csv,a1c7a4a79f9505c517dfb17db8dd7d6aed653bde289d3d6587b17c0bc5c25de8,2026-08-31T13:26:12Z,101,MID,56979,Jordan,Henderson,2645204,0,False,0,0,0,0,0,0,0,0,0,0,0,0,0,0.0,0.0,0.0,0.0,0,0,0,0,0,0.00,0.00,0.00,0.00,50,0,3629,0,0,8
2026-27,10,10,136,1,player_match:33902,VERIFIED,FPL_PLAYER_CODE_TO_PLAYER_MATCH_PL_CODE_TO_REGISTERED_SOURCE_PLAYER_ID,8,54,false,VERIFIED,VERIFIED,OBSERVED,REGISTERED_ZERO_MINUTES,1ec7f0dc79055902251cd938650f622b0e79f3cc,https://github.com/imadeddine-belkat/Premier-League-Stats.git,_merged/players/2026-27_all_players_gw.csv,a1c7a4a79f9505c517dfb17db8dd7d6aed653bde289d3d6587b17c0bc5c25de8,2026-08-31T13:26:12Z,136,FWD,50175,Danny,Welbeck,2645204,0,False,0,0,0,0,0,0,0,0,0,0,0,0,0,0.0,0.0,0.0,0.0,0,0,0,0,0,0.00,0.00,0.00,0.00,60,0,112037,0,0,8
2026-27,10,10,140,1,player_match:920546,VERIFIED,FPL_PLAYER_CODE_TO_PLAYER_MATCH_PL_CODE_TO_REGISTERED_SOURCE_PLAYER_ID,8,54,false,VERIFIED,VERIFIED,OBSERVED,STARTED,1ec7f0dc79055902251cd938650f622b0e79f3cc,https://github.com/imadeddine-belkat/Premier-League-Stats.git,_merged/players/2026-27_all_players_gw.csv,a1c7a4a79f9505c517dfb17db8dd7d6aed653bde289d3d6587b17c0bc5c25de8,2026-08-31T13:26:12Z,140,GKP,215059,Robert,Lynch Sánchez,2645204,2,False,90,0,0,0,2,0,0,0,0,0,4,0,6,21.4,0.0,0.0,2.1,1,5,0,0,1,0.00,0.01,0.01,1.33,50,0,207899,0,0,8
2026-27,10,10,141,1,player_match:962053,VERIFIED,FPL_PLAYER_CODE_TO_PLAYER_MATCH_PL_CODE_TO_REGISTERED_SOURCE_PLAYER_ID,8,54,false,VERIFIED,VERIFIED,OBSERVED,REGISTERED_ZERO_MINUTES,1ec7f0dc79055902251cd938650f622b0e79f3cc,https://github.com/imadeddine-belkat/Premier-League-Stats.git,_merged/players/2026-27_all_players_gw.csv,a1c7a4a79f9505c517dfb17db8dd7d6aed653bde289d3d6587b17c0bc5c25de8,2026-08-31T13:26:12Z,141,GKP,508479,Filip,Jörgensen,2645204,0,False,0,0,0,0,0,0,0,0,0,0,0,0,0,0.0,0.0,0.0,0.0,0,0,0,0,0,0.00,0.00,0.00,0.00,50,0,1796,0,0,8
2026-27,10,10,142,1,player_match:885908,VERIFIED,FPL_PLAYER_CODE_TO_PLAYER_MATCH_PL_CODE_TO_REGISTERED_SOURCE_PLAYER_ID,8,54,false,VERIFIED,VERIFIED,OBSERVED,STARTED,1ec7f0dc79055902251cd938650f622b0e79f3cc,https://github.com/imadeddine-belkat/Premier-League-Stats.git,_merged/players/2026-27_all_players_gw.csv,a1c7a4a79f9505c517dfb17db8dd7d6aed653bde289d3d6587b17c0bc5c25de8,2026-08-31T13:26:12Z,142,DEF,225796,Reece,James,2645204,0,False,90,0,0,0,2,0,0,0,1,0,0,0,5,23.4,16.8,19.0,5.9,6,4,0,6,1,0.10,0.07,0.17,1.33,55,0,879361,0,0,8
2026-27,10,10,143,1,player_match:826134,VERIFIED,FPL_PLAYER_CODE_TO_PLAYER_MATCH_PL_CODE_TO_REGISTERED_SOURCE_PLAYER_ID,8,54,false,VERIFIED,VERIFIED,OBSERVED,REGISTERED_ZERO_MINUTES,1ec7f0dc79055902251cd938650f622b0e79f3cc,https://github.com/imadeddine-belkat/Premier-League-Stats.git,_merged/players/2026-27_all_players_gw.csv,a1c7a4a79f9505c517dfb17db8dd7d6aed653bde289d3d6587b17c0bc5c25de8,2026-08-31T13:26:12Z,143,DEF,180736,Trevoh,Chalobah,2645204,0,False,0,0,0,0,0,0,0,0,0,0,0,0,0,0.0,0.0,0.0,0.0,0,0,0,0,0,0.00,0.00,0.00,0.00,55,0,21121,0,0,8
2026-27,10,10,144,1,player_match:996958,VERIFIED,FPL_PLAYER_CODE_TO_PLAYER_MATCH_PL_CODE_TO_REGISTERED_SOURCE_PLAYER_ID,8,54,false,VERIFIED,VERIFIED,OBSERVED,STARTED,1ec7f0dc79055902251cd938650f622b0e79f3cc,https://github.com/imadeddine-belkat/Premier-League-Stats.git,_merged/players/2026-27_all_players_gw.csv,a1c7a4a79f9505c517dfb17db8dd7d6aed653bde289d3d6587b17c0bc5c25de8,2026-08-31T13:26:12Z,144,DEF,482609,Malo,Gusto,2645204,1,False,75,0,0,0,2,0,0,0,0,0,0,0,2,7.2,9.8,6.0,2.3,2,4,1,3,1,0.00,0.03,0.03,1.11,50,0,98423,0,0,8
2026-27,10,10,145,1,player_match:923894,VERIFIED,FPL_PLAYER_CODE_TO_PLAYER_MATCH_PL_CODE_TO_REGISTERED_SOURCE_PLAYER_ID,8,54,false,VERIFIED,VERIFIED,OBSERVED,REGISTERED_ZERO_MINUTES,1ec7f0dc79055902251cd938650f622b0e79f3cc,https://github.com/imadeddine-belkat/Premier-League-Stats.git,_merged/players/2026-27_all_players_gw.csv,a1c7a4a79f9505c517dfb17db8dd7d6aed653bde289d3d6587b17c0bc5c25de8,2026-08-31T13:26:12Z,145,DEF,444463,Wesley,Fofana,2645204,0,False,0,0,0,0,0,0,0,0,0,0,0,0,0,0.0,0.0,0.0,0.0,0,0,0,0,0,0.00,0.00,0.00,0.00,50,0,1057,0,0,8
2026-27,10,10,146,1,player_match:904827,VERIFIED,FPL_PLAYER_CODE_TO_PLAYER_MATCH_PL_CODE_TO_REGISTERED_SOURCE_PLAYER_ID,8,54,false,VERIFIED,VERIFIED,OBSERVED,REGISTERED_ZERO_MINUTES,1ec7f0dc79055902251cd938650f622b0e79f3cc,https://github.com/imadeddine-belkat/Premier-League-Stats.git,_merged/players/2026-27_all_players_gw.csv,a1c7a4a79f9505c517dfb17db8dd7d6aed653bde289d3d6587b17c0bc5c25de8,2026-08-31T13:26:12Z,146,DEF,242880,Benoît,Badiashile Mukinayi,2645204,0,False,0,0,0,0,0,0,0,0,0,0,0,0,0,0.0,0.0,0.0,0.0,0,0,0,0,0,0.00,0.00,0.00,0.00,45,0,2313,0,0,8
2026-27,10,10,147,1,player_match:352668,VERIFIED,FPL_PLAYER_CODE_TO_PLAYER_MATCH_PL_CODE_TO_REGISTERED_SOURCE_PLAYER_ID,8,54,false,VERIFIED,VERIFIED,OBSERVED,REGISTERED_ZERO_MINUTES,1ec7f0dc79055902251cd938650f622b0e79f3cc,https://github.com/imadeddine-belkat/Premier-League-Stats.git,_merged/players/2026-27_all_players_gw.csv,a1c7a4a79f9505c517dfb17db8dd7d6aed653bde289d3d6587b17c0bc5c25de8,2026-08-31T13:26:12Z,147,DEF,109646,Tosin,Adarabioyo,2645204,0,False,0,0,0,0,0,0,0,0,0,0,0,0,0,0.0,0.0,0.0,0.0,0,0,0,0,0,0.00,0.00,0.00,0.00,45,0,18070,0,0,8
2026-27,10,10,148,1,player_match:1153079,VERIFIED,FPL_PLAYER_CODE_TO_PLAYER_MATCH_PL_CODE_TO_REGISTERED_SOURCE_PLAYER_ID,8,54,false,VERIFIED,VERIFIED,OBSERVED,STARTED,1ec7f0dc79055902251cd938650f622b0e79f3cc,https://github.com/imadeddine-belkat/Premier-League-Stats.git,_merged/players/2026-27_all_players_gw.csv,a1c7a4a79f9505c517dfb17db8dd7d6aed653bde289d3d6587b17c0bc5c25de8,2026-08-31T13:26:12Z,148,DEF,551210,Jorrel,Hato,2645204,1,False,64,0,0,0,2,0,0,0,0,0,0,0,5,8.4,12.3,11.0,3.2,1,2,2,3,1,0.01,0.03,0.04,1.05,45,0,40724,0,0,8
2026-27,10,10,149,1,player_match:996911,VERIFIED,FPL_PLAYER_CODE_TO_PLAYER_MATCH_PL_CODE_TO_REGISTERED_SOURCE_PLAYER_ID,8,54,false,VERIFIED,VERIFIED,OBSERVED,STARTED,1ec7f0dc79055902251cd938650f622b0e79f3cc,https://github.com/imadeddine-belkat/Premier-League-Stats.git,_merged/players/2026-27_all_players_gw.csv,a1c7a4a79f9505c517dfb17db8dd7d6aed653bde289d3d6587b17c0bc5c25de8,2026-08-31T13:26:12Z,149,DEF,460028,Levi,Samuels Colwill,2645204,0,False,90,0,0,0,2,0,0,0,1,0,0,0,6,6.0,1.6,7.0,1.5,2,3,2,4,1,0.01,0.03,0.04,1.33,50,0,142918,0,0,8
2026-27,10,10,150,1,player_match:1154657,VERIFIED,FPL_PLAYER_CODE_TO_PLAYER_MATCH_PL_CODE_TO_REGISTERED_SOURCE_PLAYER_ID,8,54,false,VERIFIED,VERIFIED,OBSERVED,REGISTERED_ZERO_MINUTES,1ec7f0dc79055902251cd938650f622b0e79f3cc,https://github.com/imadeddine-belkat/Premier-League-Stats.git,_merged/players/2026-27_all_players_gw.csv,a1c7a4a79f9505c517dfb17db8dd7d6aed653bde289d3d6587b17c0bc5c25de8,2026-08-31T13:26:12Z,150,DEF,574458,Mamadou,Sarr,2645204,0,False,0,0,0,0,0,0,0,0,0,0,0,0,0,0.0,0.0,0.0,0.0,0,0,0,0,0,0.00,0.00,0.00,0.00,45,0,6689,0,0,8
2026-27,10,10,151,1,player_match:1403050,VERIFIED,FPL_PLAYER_CODE_TO_PLAYER_MATCH_PL_CODE_TO_REGISTERED_SOURCE_PLAYER_ID,8,54,false,VERIFIED,VERIFIED,OBSERVED,STARTED,1ec7f0dc79055902251cd938650f622b0e79f3cc,https://github.com/imadeddine-belkat/Premier-League-Stats.git,_merged/players/2026-27_all_players_gw.csv,a1c7a4a79f9505c517dfb17db8dd7d6aed653bde289d3d6587b17c0bc5c25de8,2026-08-31T13:26:12Z,151,DEF,577016,Josh,Acheampong,2645204,3,False,90,0,0,0,2,0,0,0,0,0,0,0,13,33.2,2.2,2.0,3.7,10,6,5,15,1,0.00,0.01,0.01,1.33,45,0,24066,0,0,8
2026-27,10,10,152,1,fpl_player:620109,SOURCE_NATIVE_VERIFIED,SOURCE_NATIVE_FPL_PLAYER_CODE,8,54,false,VERIFIED,VERIFIED,OBSERVED,REGISTERED_ZERO_MINUTES,1ec7f0dc79055902251cd938650f622b0e79f3cc,https://github.com/imadeddine-belkat/Premier-League-Stats.git,_merged/players/2026-27_all_players_gw.csv,a1c7a4a79f9505c517dfb17db8dd7d6aed653bde289d3d6587b17c0bc5c25de8,2026-08-31T13:26:12Z,152,DEF,620109,Marco,Palestra,2645204,0,False,0,0,0,0,0,0,0,0,0,0,0,0,0,0.0,0.0,0.0,0.0,0,0,0,0,0,0.00,0.00,0.00,0.00,55,0,263643,0,0,8
2026-27,10,10,153,1,player_match:827243,VERIFIED,FPL_PLAYER_CODE_TO_PLAYER_MATCH_PL_CODE_TO_REGISTERED_SOURCE_PLAYER_ID,8,54,false,VERIFIED,VERIFIED,OBSERVED,REGISTERED_ZERO_MINUTES,1ec7f0dc79055902251cd938650f622b0e79f3cc,https://github.com/imadeddine-belkat/Premier-League-Stats.git,_merged/players/2026-27_all_players_gw.csv,a1c7a4a79f9505c517dfb17db8dd7d6aed653bde289d3d6587b17c0bc5c25de8,2026-08-31T13:26:12Z,153,DEF,220362,Axel,Disasi,2645204,0,False,0,0,0,0,0,0,0,0,0,0,0,0,0,0.0,0.0,0.0,0.0,0,0,0,0,0,0.00,0.00,0.00,0.00,45,0,5243,0,0,8
2026-27,10,10,154,1,player_match:982780,VERIFIED,FPL_PLAYER_CODE_TO_PLAYER_MATCH_PL_CODE_TO_REGISTERED_SOURCE_PLAYER_ID,8,54,false,VERIFIED,VERIFIED,OBSERVED,STARTED,1ec7f0dc79055902251cd938650f622b0e79f3cc,https://github.com/imadeddine-belkat/Premier-League-Stats.git,_merged/players/2026-27_all_players_gw.csv,a1c7a4a79f9505c517dfb17db8dd7d6aed653bde289d3d6587b17c0bc5c25de8,2026-08-31T13:26:12Z,154,MID,244851,Cole,Palmer,2645204,13,False,82,1,1,0,2,0,0,0,0,0,0,3,60,65.2,41.3,54.0,16.1,0,7,2,9,1,0.28,0.19,0.47,1.24,95,0,919516,0,0,8
2026-27,10,10,155,1,player_match:974505,VERIFIED,FPL_PLAYER_CODE_TO_PLAYER_MATCH_PL_CODE_TO_REGISTERED_SOURCE_PLAYER_ID,8,54,false,VERIFIED,VERIFIED,OBSERVED,SUBSTITUTE_APPEARANCE,1ec7f0dc79055902251cd938650f622b0e79f3cc,https://github.com/imadeddine-belkat/Premier-League-Stats.git,_merged/players/2026-27_all_players_gw.csv,a1c7a4a79f9505c517dfb17db8dd7d6aed653bde289d3d6587b17c0bc5c25de8,2026-08-31T13:26:12Z,155,MID,448047,Enzo,Fernández,2645204,1,False,25,0,0,0,0,0,0,0,0,0,0,0,6,3.4,12.0,0.0,1.5,0,3,0,3,0,0.00,0.02,0.02,0.28,70,0,442051,0,0,8
2026-27,10,10,156,1,player_match:879349,SOURCE_NATIVE_VERIFIED,FPL_PLAYER_CODE_TO_PLAYER_MATCH_PL_CODE_TO_SOURCE_NATIVE_PLAYER,8,54,false,VERIFIED,VERIFIED,OBSERVED,SUBSTITUTE_APPEARANCE,1ec7f0dc79055902251cd938650f622b0e79f3cc,https://github.com/imadeddine-belkat/Premier-League-Stats.git,_merged/players/2026-27_all_players_gw.csv,a1c7a4a79f9505c517dfb17db8dd7d6aed653bde289d3d6587b17c0bc5c25de8,2026-08-31T13:26:12Z,156,MID,247632,Pedro,Lomba Neto,2645204,1,False,14,0,0,0,0,0,0,0,0,0,0,0,9,5.2,4.1,4.0,1.3,0,3,1,4,0,0.03,0.07,0.10,0.22,65,0,116795,0,0,8
2026-27,10,10,157,1,player_match:1597265,SOURCE_NATIVE_VERIFIED,FPL_PLAYER_CODE_TO_PLAYER_MATCH_PL_CODE_TO_SOURCE_NATIVE_PLAYER,8,54,false,VERIFIED,VERIFIED,OBSERVED,SUBSTITUTE_APPEARANCE,1ec7f0dc79055902251cd938650f622b0e79f3cc,https://github.com/imadeddine-belkat/Premier-League-Stats.git,_merged/players/2026-27_all_players_gw.csv,a1c7a4a79f9505c517dfb17db8dd7d6aed653bde289d3d6587b17c0bc5c25de8,2026-08-31T13:26:12Z,157,MID,624773,Estêvão,Almeida de Oliveira Gonçalves,2645204,1,False,7,0,0,0,0,0,0,0,0,0,0,0,3,0.2,0.4,0.0,0.1,0,1,0,1,0,0.00,0.00,0.00,0.09,65,0,109575,0,0,8
2026-27,10,10,158,1,player_match:1140599,SOURCE_NATIVE_VERIFIED,FPL_PLAYER_CODE_TO_PLAYER_MATCH_PL_CODE_TO_SOURCE_NATIVE_PLAYER,8,54,false,VERIFIED,VERIFIED,OBSERVED,REGISTERED_ZERO_MINUTES,1ec7f0dc79055902251cd938650f622b0e79f3cc,https://github.com/imadeddine-belkat/Premier-League-Stats.git,_merged/players/2026-27_all_players_gw.csv,a1c7a4a79f9505c517dfb17db8dd7d6aed653bde289d3d6587b17c0bc5c25de8,2026-08-31T13:26:12Z,158,MID,463936,Jamie,Bynoe-Gittens,2645204,0,False,0,0,0,0,0,0,0,0,0,0,0,0,0,0.0,0.0,0.0,0.0,0,0,0,0,0,0.00,0.00,0.00,0.00,60,0,3231,0,0,8
2026-27,10,10,159,1,player_match:987650,SOURCE_NATIVE_VERIFIED,FPL_PLAYER_CODE_TO_PLAYER_MATCH_PL_CODE_TO_SOURCE_NATIVE_PLAYER,8,54,false,VERIFIED,VERIFIED,OBSERVED,REGISTERED_ZERO_MINUTES,1ec7f0dc79055902251cd938650f622b0e79f3cc,https://github.com/imadeddine-belkat/Premier-League-Stats.git,_merged/players/2026-27_all_players_gw.csv,a1c7a4a79f9505c517dfb17db8dd7d6aed653bde289d3d6587b17c0bc5c25de8,2026-08-31T13:26:12Z,159,MID,486672,Moisés,Caicedo Corozo,2645204,0,False,0,0,0,0,0,0,0,0,0,0,0,0,0,0.0,0.0,0.0,0.0,0,0,0,0,0,0.00,0.00,0.00,0.00,55,0,347122,0,0,8
2026-27,10,10,161,1,player_match:1069488,VERIFIED,FPL_PLAYER_CODE_TO_PLAYER_MATCH_PL_CODE_TO_REGISTERED_SOURCE_PLAYER_ID,8,54,false,VERIFIED,VERIFIED,OBSERVED,STARTED,1ec7f0dc79055902251cd938650f622b0e79f3cc,https://github.com/imadeddine-belkat/Premier-League-Stats.git,_merged/players/2026-27_all_players_gw.csv,a1c7a4a79f9505c517dfb17db8dd7d6aed653bde289d3d6587b17c0bc5c25de8,2026-08-31T13:26:12Z,161,MID,514356,Roméo,Lavia,2645204,1,False,64,0,0,0,2,0,0,0,1,0,0,0,8,13.6,21.9,33.0,6.9,2,4,3,9,1,0.21,0.03,0.24,1.05,50,0,4654,0,0,8
2026-27,10,10,163,1,player_match:1110006,SOURCE_NATIVE_VERIFIED,FPL_PLAYER_CODE_TO_PLAYER_MATCH_PL_CODE_TO_SOURCE_NATIVE_PLAYER,8,54,false,VERIFIED,VERIFIED,OBSERVED,REGISTERED_ZERO_MINUTES,1ec7f0dc79055902251cd938650f622b0e79f3cc,https://github.com/imadeddine-belkat/Premier-League-Stats.git,_merged/players/2026-27_all_players_gw.csv,a1c7a4a79f9505c517dfb17db8dd7d6aed653bde289d3d6587b17c0bc5c25de8,2026-08-31T13:26:12Z,163,MID,491007,Dário,Luís Essugo,2645204,0,False,0,0,0,0,0,0,0,0,0,0,0,0,0,0.0,0.0,0.0,0.0,0,0,0,0,0,0.00,0.00,0.00,0.00,45,0,18298,0,0,8
2026-27,10,10,164,1,fpl_player:593117,SOURCE_NATIVE_VERIFIED,SOURCE_NATIVE_FPL_PLAYER_CODE,8,54,false,VERIFIED,VERIFIED,OBSERVED,SUBSTITUTE_APPEARANCE,1ec7f0dc79055902251cd938650f622b0e79f3cc,https://github.com/imadeddine-belkat/Premier-League-Stats.git,_merged/players/2026-27_all_players_gw.csv,a1c7a4a79f9505c517dfb17db8dd7d6aed653bde289d3d6587b17c0bc5c25de8,2026-08-31T13:26:12Z,164,MID,593117,Geovany,Quenda,2645204,1,False,8,0,0,0,0,0,0,0,0,0,0,0,2,1.2,0.3,2.0,0.4,1,0,0,1,0,0.00,0.00,0.00,0.09,55,0,3758,0,0,8
2026-27,10,10,165,1,player_match:975079,SOURCE_NATIVE_VERIFIED,FPL_PLAYER_CODE_TO_PLAYER_MATCH_PL_CODE_TO_SOURCE_NATIVE_PLAYER,8,54,false,VERIFIED,VERIFIED,OBSERVED,STARTED,1ec7f0dc79055902251cd938650f622b0e79f3cc,https://github.com/imadeddine-belkat/Premier-League-Stats.git,_merged/players/2026-27_all_players_gw.csv,a1c7a4a79f9505c517dfb17db8dd7d6aed653bde289d3d6587b17c0bc5c25de8,2026-08-31T13:26:12Z,165,FWD,475168,João Pedro,Junqueira de Jesus,2645204,11,False,90,1,1,0,2,0,0,0,0,0,0,2,45,51.2,23.0,37.0,11.1,1,2,0,3,1,0.63,0.06,0.69,1.33,75,0,5764207,0,0,8
2026-27,10,10,166,1,player_match:1085381,VERIFIED,FPL_PLAYER_CODE_TO_PLAYER_MATCH_PL_CODE_TO_REGISTERED_SOURCE_PLAYER_ID,8,54,false,VERIFIED,VERIFIED,OBSERVED,REGISTERED_ZERO_MINUTES,1ec7f0dc79055902251cd938650f622b0e79f3cc,https://github.com/imadeddine-belkat/Premier-League-Stats.git,_merged/players/2026-27_all_players_gw.csv,a1c7a4a79f9505c517dfb17db8dd7d6aed653bde289d3d6587b17c0bc5c25de8,2026-08-31T13:26:12Z,166,FWD,517052,Nicolas,Jackson,2645204,0,False,0,0,0,0,0,0,0,0,0,0,0,0,0,0.0,0.0,0.0,0.0,0,0,0,0,0,0.00,0.00,0.00,0.00,65,0,29435,0,0,8
2026-27,10,10,167,1,player_match:997087,VERIFIED,FPL_PLAYER_CODE_TO_PLAYER_MATCH_PL_CODE_TO_REGISTERED_SOURCE_PLAYER_ID,8,54,false,VERIFIED,VERIFIED,OBSERVED,REGISTERED_ZERO_MINUTES,1ec7f0dc79055902251cd938650f622b0e79f3cc,https://github.com/imadeddine-belkat/Premier-League-Stats.git,_merged/players/2026-27_all_players_gw.csv,a1c7a4a79f9505c517dfb17db8dd7d6aed653bde289d3d6587b17c0bc5c25de8,2026-08-31T13:26:12Z,167,FWD,463034,Liam,Delap,2645204,0,False,0,0,0,0,0,0,0,0,0,0,0,0,0,0.0,0.0,0.0,0.0,0,0,0,0,0,0.00,0.00,0.00,0.00,55,0,40156,0,0,8
2026-27,10,10,168,1,player_match:1414933,SOURCE_NATIVE_VERIFIED,FPL_PLAYER_CODE_TO_PLAYER_MATCH_PL_CODE_TO_SOURCE_NATIVE_PLAYER,8,54,false,VERIFIED,VERIFIED,OBSERVED,REGISTERED_ZERO_MINUTES,1ec7f0dc79055902251cd938650f622b0e79f3cc,https://github.com/imadeddine-belkat/Premier-League-Stats.git,_merged/players/2026-27_all_players_gw.csv,a1c7a4a79f9505c517dfb17db8dd7d6aed653bde289d3d6587b17c0bc5c25de8,2026-08-31T13:26:12Z,168,FWD,499309,Marc,Guiu Paz,2645204,0,False,0,0,0,0,0,0,0,0,0,0,0,0,0,0.0,0.0,0.0,0.0,0,0,0,0,0,0.00,0.00,0.00,0.00,50,0,42801,0,0,8
2026-27,10,10,169,1,player_match:1402787,VERIFIED,FPL_PLAYER_CODE_TO_PLAYER_MATCH_PL_CODE_TO_REGISTERED_SOURCE_PLAYER_ID,8,54,false,VERIFIED,VERIFIED,OBSERVED,REGISTERED_ZERO_MINUTES,1ec7f0dc79055902251cd938650f622b0e79f3cc,https://github.com/imadeddine-belkat/Premier-League-Stats.git,_merged/players/2026-27_all_players_gw.csv,a1c7a4a79f9505c517dfb17db8dd7d6aed653bde289d3d6587b17c0bc5c25de8,2026-08-31T13:26:12Z,169,FWD,567119,Shumaira,Mheuka,2645204,0,False,0,0,0,0,0,0,0,0,0,0,0,0,0,0.0,0.0,0.0,0.0,0,0,0,0,0,0.00,0.00,0.00,0.00,45,0,30422,0,0,8
2026-27,10,10,170,1,fpl_player:503037,SOURCE_NATIVE_VERIFIED,SOURCE_NATIVE_FPL_PLAYER_CODE,8,54,false,VERIFIED,VERIFIED,OBSERVED,REGISTERED_ZERO_MINUTES,1ec7f0dc79055902251cd938650f622b0e79f3cc,https://github.com/imadeddine-belkat/Premier-League-Stats.git,_merged/players/2026-27_all_players_gw.csv,a1c7a4a79f9505c517dfb17db8dd7d6aed653bde289d3d6587b17c0bc5c25de8,2026-08-31T13:26:12Z,170,FWD,503037,Emmanuel,Emegha,2645204,0,False,0,0,0,0,0,0,0,0,0,0,0,0,0,0.0,0.0,0.0,0.0,0,0,0,0,0,0.00,0.00,0.00,0.00,50,0,11724,0,0,8
2026-27,10,10,200,1,player_match:879674,VERIFIED,FPL_PLAYER_CODE_TO_PLAYER_MATCH_PL_CODE_TO_REGISTERED_SOURCE_PLAYER_ID,8,54,false,VERIFIED,VERIFIED,OBSERVED,STARTED,1ec7f0dc79055902251cd938650f622b0e79f3cc,https://github.com/imadeddine-belkat/Premier-League-Stats.git,_merged/players/2026-27_all_players_gw.csv,a1c7a4a79f9505c517dfb17db8dd7d6aed653bde289d3d6587b17c0bc5c25de8,2026-08-31T13:26:12Z,200,DEF,437499,Maxence,Lacroix,2645204,6,False,90,0,1,0,2,0,0,0,0,0,0,0,25,44.2,11.2,2.0,5.7,7,2,5,12,1,0.00,0.20,0.20,1.33,60,0,792478,0,0,8
2026-27,10,10,250,1,player_match:103335,VERIFIED,FPL_PLAYER_CODE_TO_PLAYER_MATCH_PL_CODE_TO_REGISTERED_SOURCE_PLAYER_ID,54,8,true,VERIFIED,VERIFIED,OBSERVED,STARTED,1ec7f0dc79055902251cd938650f622b0e79f3cc,https://github.com/imadeddine-belkat/Premier-League-Stats.git,_merged/players/2026-27_all_players_gw.csv,a1c7a4a79f9505c517dfb17db8dd7d6aed653bde289d3d6587b17c0bc5c25de8,2026-08-31T13:26:12Z,250,GKP,80201,Bernd,Leno,2645204,2,False,90,0,0,0,3,0,0,0,0,0,3,0,11,29.6,0.0,0.0,3.0,1,9,0,0,1,0.00,0.00,0.00,2.24,45,0,272035,0,0,54
2026-27,10,10,251,1,player_match:123207,VERIFIED,FPL_PLAYER_CODE_TO_PLAYER_MATCH_PL_CODE_TO_REGISTERED_SOURCE_PLAYER_ID,54,8,true,VERIFIED,VERIFIED,OBSERVED,REGISTERED_ZERO_MINUTES,1ec7f0dc79055902251cd938650f622b0e79f3cc,https://github.com/imadeddine-belkat/Premier-League-Stats.git,_merged/players/2026-27_all_players_gw.csv,a1c7a4a79f9505c517dfb17db8dd7d6aed653bde289d3d6587b17c0bc5c25de8,2026-08-31T13:26:12Z,251,GKP,86873,Benjamin,Lecomte,2645204,0,False,0,0,0,0,0,0,0,0,0,0,0,0,0,0.0,0.0,0.0,0.0,0,0,0,0,0,0.00,0.00,0.00,0.00,40,0,107540,0,0,54
2026-27,10,10,252,1,player_match:1141116,VERIFIED,FPL_PLAYER_CODE_TO_PLAYER_MATCH_PL_CODE_TO_REGISTERED_SOURCE_PLAYER_ID,54,8,true,VERIFIED,VERIFIED,OBSERVED,REGISTERED_ZERO_MINUTES,1ec7f0dc79055902251cd938650f622b0e79f3cc,https://github.com/imadeddine-belkat/Premier-League-Stats.git,_merged/players/2026-27_all_players_gw.csv,a1c7a4a79f9505c517dfb17db8dd7d6aed653bde289d3d6587b17c0bc5c25de8,2026-08-31T13:26:12Z,252,GKP,505079,Alfie,McNally,2645204,0,False,0,0,0,0,0,0,0,0,0,0,0,0,0,0.0,0.0,0.0,0.0,0,0,0,0,0,0.00,0.00,0.00,0.00,40,0,13569,0,0,54
2026-27,10,10,253,1,player_match:362682,VERIFIED,FPL_PLAYER_CODE_TO_PLAYER_MATCH_PL_CODE_TO_REGISTERED_SOURCE_PLAYER_ID,54,8,true,VERIFIED,VERIFIED,OBSERVED,REGISTERED_ZERO_MINUTES,1ec7f0dc79055902251cd938650f622b0e79f3cc,https://github.com/imadeddine-belkat/Premier-League-Stats.git,_merged/players/2026-27_all_players_gw.csv,a1c7a4a79f9505c517dfb17db8dd7d6aed653bde289d3d6587b17c0bc5c25de8,2026-08-31T13:26:12Z,253,DEF,174874,Joachim,Andersen,2645204,0,False,0,0,0,0,0,0,0,0,0,0,0,0,0,0.0,0.0,0.0,0.0,0,0,0,0,0,0.00,0.00,0.00,0.00,50,0,3342,0,0,54
2026-27,10,10,254,1,player_match:803174,VERIFIED,FPL_PLAYER_CODE_TO_PLAYER_MATCH_PL_CODE_TO_REGISTERED_SOURCE_PLAYER_ID,54,8,true,VERIFIED,VERIFIED,OBSERVED,STARTED,1ec7f0dc79055902251cd938650f622b0e79f3cc,https://github.com/imadeddine-belkat/Premier-League-Stats.git,_merged/players/2026-27_all_players_gw.csv,a1c7a4a79f9505c517dfb17db8dd7d6aed653bde289d3d6587b17c0bc5c25de8,2026-08-31T13:26:12Z,254,DEF,169528,Antonee,Robinson,2645204,1,False,81,0,0,0,3,0,0,0,0,0,0,0,4,21.6,25.2,3.0,5.0,4,5,3,7,1,0.13,0.04,0.17,2.21,45,0,148513,0,0,54
2026-27,10,10,255,1,player_match:868715,SOURCE_NATIVE_VERIFIED,FPL_PLAYER_CODE_TO_PLAYER_MATCH_PL_CODE_TO_SOURCE_NATIVE_PLAYER,54,8,true,VERIFIED,VERIFIED,OBSERVED,STARTED,1ec7f0dc79055902251cd938650f622b0e79f3cc,https://github.com/imadeddine-belkat/Premier-League-Stats.git,_merged/players/2026-27_all_players_gw.csv,a1c7a4a79f9505c517dfb17db8dd7d6aed653bde289d3d6587b17c0bc5c25de8,2026-08-31T13:26:12Z,255,DEF,246301,Jorge,Cuenca Barreno,2645204,3,False,90,0,0,0,3,0,0,0,0,0,0,0,7,32.8,21.3,0.0,5.4,9,3,1,10,1,0.00,0.03,0.03,2.24,45,0,1787,0,0,54
2026-27,10,10,256,1,player_match:190877,VERIFIED,FPL_PLAYER_CODE_TO_PLAYER_MATCH_PL_CODE_TO_REGISTERED_SOURCE_PLAYER_ID,54,8,true,VERIFIED,VERIFIED,OBSERVED,REGISTERED_ZERO_MINUTES,1ec7f0dc79055902251cd938650f622b0e79f3cc,https://github.com/imadeddine-belkat/Premier-League-Stats.git,_merged/players/2026-27_all_players_gw.csv,a1c7a4a79f9505c517dfb17db8dd7d6aed653bde289d3d6587b17c0bc5c25de8,2026-08-31T13:26:12Z,256,DEF,167074,Kenny,Tete,2645204,0,False,0,0,0,0,0,0,0,0,0,0,0,0,0,0.0,0.0,0.0,0.0,0,0,0,0,0,0.00,0.00,0.00,0.00,45,0,24681,0,0,54
2026-27,10,10,257,1,player_match:861972,VERIFIED,FPL_PLAYER_CODE_TO_PLAYER_MATCH_PL_CODE_TO_REGISTERED_SOURCE_PLAYER_ID,54,8,true,VERIFIED,VERIFIED,OBSERVED,STARTED,1ec7f0dc79055902251cd938650f622b0e79f3cc,https://github.com/imadeddine-belkat/Premier-League-Stats.git,_merged/players/2026-27_all_players_gw.csv,a1c7a4a79f9505c517dfb17db8dd7d6aed653bde289d3d6587b17c0bc5c25de8,2026-08-31T13:26:12Z,257,DEF,232892,Calvin,Bassey,2645204,0,False,90,0,0,0,3,0,0,0,1,0,0,0,1,13.8,3.8,2.0,2.0,3,4,1,4,1,0.02,0.02,0.04,2.24,45,0,64737,0,0,54
2026-27,10,10,258,1,player_match:329417,VERIFIED,FPL_PLAYER_CODE_TO_PLAYER_MATCH_PL_CODE_TO_REGISTERED_SOURCE_PLAYER_ID,54,8,true,VERIFIED,VERIFIED,OBSERVED,STARTED,1ec7f0dc79055902251cd938650f622b0e79f3cc,https://github.com/imadeddine-belkat/Premier-League-Stats.git,_merged/players/2026-27_all_players_gw.csv,a1c7a4a79f9505c517dfb17db8dd7d6aed653bde289d3d6587b17c0bc5c25de8,2026-08-31T13:26:12Z,258,DEF,166477,Timothy,Castagne,2645204,6,False,90,0,2,0,3,0,0,0,1,0,0,0,21,38.0,27.8,23.0,8.9,5,4,1,6,1,0.09,0.18,0.27,2.24,45,0,26346,0,0,54
2026-27,10,10,261,1,player_match:352770,VERIFIED,FPL_PLAYER_CODE_TO_PLAYER_MATCH_PL_CODE_TO_REGISTERED_SOURCE_PLAYER_ID,54,8,true,VERIFIED,VERIFIED,OBSERVED,STARTED,1ec7f0dc79055902251cd938650f622b0e79f3cc,https://github.com/imadeddine-belkat/Premier-League-Stats.git,_merged/players/2026-27_all_players_gw.csv,a1c7a4a79f9505c517dfb17db8dd7d6aed653bde289d3d6587b17c0bc5c25de8,2026-08-31T13:26:12Z,261,MID,153133,Alex,Iwobi,2645204,2,False,90,0,0,0,3,0,0,0,0,0,0,0,17,12.4,11.3,0.0,2.4,3,6,1,10,1,0.00,0.04,0.04,2.24,55,0,88413,0,0,54
2026-27,10,10,262,1,player_match:867445,VERIFIED,FPL_PLAYER_CODE_TO_PLAYER_MATCH_PL_CODE_TO_REGISTERED_SOURCE_PLAYER_ID,54,8,true,VERIFIED,VERIFIED,OBSERVED,REGISTERED_ZERO_MINUTES,1ec7f0dc79055902251cd938650f622b0e79f3cc,https://github.com/imadeddine-belkat/Premier-League-Stats.git,_merged/players/2026-27_all_players_gw.csv,a1c7a4a79f9505c517dfb17db8dd7d6aed653bde289d3d6587b17c0bc5c25de8,2026-08-31T13:26:12Z,262,MID,209289,Emile,Smith Rowe,2645204,0,False,0,0,0,0,0,0,0,0,0,0,0,0,0,0.0,0.0,0.0,0.0,0,0,0,0,0,0.00,0.00,0.00,0.00,55,0,35036,0,0,54
2026-27,10,10,263,1,player_match:1112879,SOURCE_NATIVE_VERIFIED,FPL_PLAYER_CODE_TO_PLAYER_MATCH_PL_CODE_TO_SOURCE_NATIVE_PLAYER,54,8,true,VERIFIED,VERIFIED,OBSERVED,SUBSTITUTE_APPEARANCE,1ec7f0dc79055902251cd938650f622b0e79f3cc,https://github.com/imadeddine-belkat/Premier-League-Stats.git,_merged/players/2026-27_all_players_gw.csv,a1c7a4a79f9505c517dfb17db8dd7d6aed653bde289d3d6587b17c0bc5c25de8,2026-08-31T13:26:12Z,263,MID,560552,Kevin,Santos Lopes de Macedo,2645204,1,False,17,0,0,0,0,0,0,0,0,0,0,0,2,5.2,1.9,0.0,0.7,0,1,2,3,0,0.00,0.01,0.01,0.03,55,0,5144,0,0,54
2026-27,10,10,264,1,player_match:1065216,VERIFIED,FPL_PLAYER_CODE_TO_PLAYER_MATCH_PL_CODE_TO_REGISTERED_SOURCE_PLAYER_ID,54,8,true,VERIFIED,VERIFIED,OBSERVED,STARTED,1ec7f0dc79055902251cd938650f622b0e79f3cc,https://github.com/imadeddine-belkat/Premier-League-Stats.git,_merged/players/2026-27_all_players_gw.csv,a1c7a4a79f9505c517dfb17db8dd7d6aed653bde289d3d6587b17c0bc5c25de8,2026-08-31T13:26:12Z,264,MID,477555,Oscar,Bobb,2645204,2,False,66,0,0,0,3,0,0,0,0,0,0,0,10,9.8,13.8,6.0,3.0,1,2,3,6,1,0.00,0.26,0.26,2.21,55,0,26829,0,0,54
2026-27,10,10,265,1,player_match:793167,VERIFIED,FPL_PLAYER_CODE_TO_PLAYER_MATCH_PL_CODE_TO_REGISTERED_SOURCE_PLAYER_ID,54,8,true,VERIFIED,VERIFIED,OBSERVED,STARTED,1ec7f0dc79055902251cd938650f622b0e79f3cc,https://github.com/imadeddine-belkat/Premier-League-Stats.git,_merged/players/2026-27_all_players_gw.csv,a1c7a4a79f9505c517dfb17db8dd7d6aed653bde289d3d6587b17c0bc5c25de8,2026-08-31T13:26:12Z,265,MID,207189,Sander,Berge,2645204,2,False,72,0,0,0,3,0,0,0,0,0,0,0,14,13.6,23.1,7.0,4.4,1,2,1,4,1,0.03,0.03,0.06,2.21,50,0,38470,0,0,54
2026-27,10,10,266,1,player_match:82566,VERIFIED,FPL_PLAYER_CODE_TO_PLAYER_MATCH_PL_CODE_TO_REGISTERED_SOURCE_PLAYER_ID,54,8,true,VERIFIED,VERIFIED,OBSERVED,REGISTERED_ZERO_MINUTES,1ec7f0dc79055902251cd938650f622b0e79f3cc,https://github.com/imadeddine-belkat/Premier-League-Stats.git,_merged/players/2026-27_all_players_gw.csv,a1c7a4a79f9505c517dfb17db8dd7d6aed653bde289d3d6587b17c0bc5c25de8,2026-08-31T13:26:12Z,266,MID,76357,Tom,Cairney,2645204,0,False,0,0,0,0,0,0,0,0,0,0,0,0,0,0.0,0.0,0.0,0.0,0,0,0,0,0,0.00,0.00,0.00,0.00,50,0,464,0,0,54
2026-27,10,10,268,1,player_match:1546231,VERIFIED,FPL_PLAYER_CODE_TO_PLAYER_MATCH_PL_CODE_TO_REGISTERED_SOURCE_PLAYER_ID,54,8,true,VERIFIED,VERIFIED,OBSERVED,STARTED,1ec7f0dc79055902251cd938650f622b0e79f3cc,https://github.com/imadeddine-belkat/Premier-League-Stats.git,_merged/players/2026-27_all_players_gw.csv,a1c7a4a79f9505c517dfb17db8dd7d6aed653bde289d3d6587b17c0bc5c25de8,2026-08-31T13:26:12Z,268,MID,577725,Josh,King,2645204,7,False,90,1,0,0,3,0,0,0,0,0,0,0,34,41.6,15.6,41.0,9.8,2,4,2,8,1,0.17,0.04,0.21,2.24,55,0,14215,0,0,54
2026-27,10,10,269,1,player_match:836698,VERIFIED,FPL_PLAYER_CODE_TO_PLAYER_MATCH_PL_CODE_TO_REGISTERED_SOURCE_PLAYER_ID,54,8,true,VERIFIED,VERIFIED,OBSERVED,SUBSTITUTE_APPEARANCE,1ec7f0dc79055902251cd938650f622b0e79f3cc,https://github.com/imadeddine-belkat/Premier-League-Stats.git,_merged/players/2026-27_all_players_gw.csv,a1c7a4a79f9505c517dfb17db8dd7d6aed653bde289d3d6587b17c0bc5c25de8,2026-08-31T13:26:12Z,269,DEF,184349,Ryan,Sessegnon,2645204,1,False,17,0,0,0,0,0,0,0,0,0,0,0,7,6.6,0.5,19.0,2.6,1,1,0,1,0,0.03,0.00,0.03,0.03,45,0,39784,0,0,54
2026-27,10,10,270,1,player_match:365802,VERIFIED,FPL_PLAYER_CODE_TO_PLAYER_MATCH_PL_CODE_TO_REGISTERED_SOURCE_PLAYER_ID,54,8,true,VERIFIED,VERIFIED,OBSERVED,REGISTERED_ZERO_MINUTES,1ec7f0dc79055902251cd938650f622b0e79f3cc,https://github.com/imadeddine-belkat/Premier-League-Stats.git,_merged/players/2026-27_all_players_gw.csv,a1c7a4a79f9505c517dfb17db8dd7d6aed653bde289d3d6587b17c0bc5c25de8,2026-08-31T13:26:12Z,270,MID,153366,Harrison,Reed,2645204,0,False,0,0,0,0,0,0,0,0,0,0,0,0,0,0.0,0.0,0.0,0.0,0,0,0,0,0,0.00,0.00,0.00,0.00,45,0,139875,0,0,54
2026-27,10,10,271,1,player_match:1015256,SOURCE_NATIVE_VERIFIED,FPL_PLAYER_CODE_TO_PLAYER_MATCH_PL_CODE_TO_SOURCE_NATIVE_PLAYER,54,8,true,VERIFIED,VERIFIED,OBSERVED,SUBSTITUTE_APPEARANCE,1ec7f0dc79055902251cd938650f622b0e79f3cc,https://github.com/imadeddine-belkat/Premier-League-Stats.git,_merged/players/2026-27_all_players_gw.csv,a1c7a4a79f9505c517dfb17db8dd7d6aed653bde289d3d6587b17c0bc5c25de8,2026-08-31T13:26:12Z,271,FWD,244042,Rodrigo,Muniz Carvalho,2645204,1,False,8,0,0,0,0,0,0,0,0,0,0,0,6,6.0,11.5,7.0,2.5,1,0,0,1,0,0.02,0.00,0.02,0.03,55,0,52452,0,0,54
2026-27,10,10,272,1,player_match:1503757,VERIFIED,FPL_PLAYER_CODE_TO_PLAYER_MATCH_PL_CODE_TO_REGISTERED_SOURCE_PLAYER_ID,54,8,true,VERIFIED,VERIFIED,OBSERVED,REGISTERED_ZERO_MINUTES,1ec7f0dc79055902251cd938650f622b0e79f3cc,https://github.com/imadeddine-belkat/Premier-League-Stats.git,_merged/players/2026-27_all_players_gw.csv,a1c7a4a79f9505c517dfb17db8dd7d6aed653bde289d3d6587b17c0bc5c25de8,2026-08-31T13:26:12Z,272,FWD,631786,Jonah,Kusi-Asare,2645204,0,False,0,0,0,0,0,0,0,0,0,0,0,0,0,0.0,0.0,0.0,0.0,0,0,0,0,0,0.00,0.00,0.00,0.00,45,0,669004,0,0,54
2026-27,10,10,560,1,fpl_player:549939,SOURCE_NATIVE_VERIFIED,SOURCE_NATIVE_FPL_PLAYER_CODE,8,54,false,VERIFIED,VERIFIED,OBSERVED,REGISTERED_ZERO_MINUTES,1ec7f0dc79055902251cd938650f622b0e79f3cc,https://github.com/imadeddine-belkat/Premier-League-Stats.git,_merged/players/2026-27_all_players_gw.csv,a1c7a4a79f9505c517dfb17db8dd7d6aed653bde289d3d6587b17c0bc5c25de8,2026-08-31T13:26:12Z,560,GKP,549939,Mike,Penders,2645204,0,False,0,0,0,0,0,0,0,0,0,0,0,0,0,0.0,0.0,0.0,0.0,0,0,0,0,0,0.00,0.00,0.00,0.00,45,0,6087,0,0,8
2026-27,10,10,561,1,player_match:1500263,VERIFIED,FPL_PLAYER_CODE_TO_PLAYER_MATCH_PL_CODE_TO_REGISTERED_SOURCE_PLAYER_ID,8,54,false,VERIFIED,VERIFIED,OBSERVED,REGISTERED_ZERO_MINUTES,1ec7f0dc79055902251cd938650f622b0e79f3cc,https://github.com/imadeddine-belkat/Premier-League-Stats.git,_merged/players/2026-27_all_players_gw.csv,a1c7a4a79f9505c517dfb17db8dd7d6aed653bde289d3d6587b17c0bc5c25de8,2026-08-31T13:26:12Z,561,DEF,622758,Aaron,Anselmino,2645204,0,False,0,0,0,0,0,0,0,0,0,0,0,0,0,0.0,0.0,0.0,0.0,0,0,0,0,0,0.00,0.00,0.00,0.00,45,0,1770,0,0,8
2026-27,10,10,568,1,player_match:1127057,SOURCE_NATIVE_VERIFIED,FPL_PLAYER_CODE_TO_PLAYER_MATCH_PL_CODE_TO_SOURCE_NATIVE_PLAYER,8,54,false,VERIFIED,VERIFIED,OBSERVED,REGISTERED_ZERO_MINUTES,1ec7f0dc79055902251cd938650f622b0e79f3cc,https://github.com/imadeddine-belkat/Premier-League-Stats.git,_merged/players/2026-27_all_players_gw.csv,a1c7a4a79f9505c517dfb17db8dd7d6aed653bde289d3d6587b17c0bc5c25de8,2026-08-31T13:26:12Z,568,MID,543158,Valentín,Barco,2645204,0,False,0,0,0,0,0,0,0,0,0,0,0,0,0,0.0,0.0,0.0,0.0,0,0,0,0,0,0.00,0.00,0.00,0.00,55,0,12041,0,0,8
2026-27,10,10,569,1,fpl_player:551466,SOURCE_NATIVE_VERIFIED,SOURCE_NATIVE_FPL_PLAYER_CODE,54,8,true,VERIFIED,VERIFIED,OBSERVED,STARTED,1ec7f0dc79055902251cd938650f622b0e79f3cc,https://github.com/imadeddine-belkat/Premier-League-Stats.git,_merged/players/2026-27_all_players_gw.csv,a1c7a4a79f9505c517dfb17db8dd7d6aed653bde289d3d6587b17c0bc5c25de8,2026-08-31T13:26:12Z,569,FWD,551466,Gonzalo,García,2645204,6,False,90,1,0,0,3,0,0,0,0,0,0,0,33,37.2,4.3,40.0,8.2,0,1,1,2,1,0.73,0.01,0.74,2.24,60,0,180799,0,0,54
2026-27,10,10,570,1,fpl_player:571779,SOURCE_NATIVE_VERIFIED,SOURCE_NATIVE_FPL_PLAYER_CODE,54,8,true,VERIFIED,VERIFIED,OBSERVED,STARTED,1ec7f0dc79055902251cd938650f622b0e79f3cc,https://github.com/imadeddine-belkat/Premier-League-Stats.git,_merged/players/2026-27_all_players_gw.csv,a1c7a4a79f9505c517dfb17db8dd7d6aed653bde289d3d6587b17c0bc5c25de8,2026-08-31T13:26:12Z,570,MID,571779,César,Palacios,2645204,2,False,72,0,0,0,3,0,0,0,0,0,0,0,10,2.8,7.3,8.0,1.8,0,2,2,4,1,0.16,0.01,0.17,2.21,55,0,18267,0,0,54
2026-27,10,10,578,1,player_match:958966,VERIFIED,FPL_PLAYER_CODE_TO_PLAYER_MATCH_PL_CODE_TO_REGISTERED_SOURCE_PLAYER_ID,8,54,false,VERIFIED,VERIFIED,OBSERVED,REGISTERED_ZERO_MINUTES,1ec7f0dc79055902251cd938650f622b0e79f3cc,https://github.com/imadeddine-belkat/Premier-League-Stats.git,_merged/players/2026-27_all_players_gw.csv,a1c7a4a79f9505c517dfb17db8dd7d6aed653bde289d3d6587b17c0bc5c25de8,2026-08-31T13:26:12Z,578,MID,465920,Mykhailo,Mudryk,2645204,0,False,0,0,0,0,0,0,0,0,0,0,0,0,0,0.0,0.0,0.0,0.0,0,0,0,0,0,0.00,0.00,0.00,0.00,55,0,3847,0,0,8
2026-27,10,10,580,1,player_match:1131449,SOURCE_NATIVE_VERIFIED,FPL_PLAYER_CODE_TO_PLAYER_MATCH_PL_CODE_TO_SOURCE_NATIVE_PLAYER,54,8,true,VERIFIED,VERIFIED,OBSERVED,SUBSTITUTE_APPEARANCE,1ec7f0dc79055902251cd938650f622b0e79f3cc,https://github.com/imadeddine-belkat/Premier-League-Stats.git,_merged/players/2026-27_all_players_gw.csv,a1c7a4a79f9505c517dfb17db8dd7d6aed653bde289d3d6587b17c0bc5c25de8,2026-08-31T13:26:12Z,580,MID,463210,Shea,Charles,2645204,1,False,23,0,0,0,0,0,0,0,0,0,0,0,5,3.4,1.3,0.0,0.5,0,2,1,3,0,0.00,0.00,0.00,0.03,50,0,8110,0,0,54
2026-27,10,10,583,1,fpl_player:498444,SOURCE_NATIVE_VERIFIED,SOURCE_NATIVE_FPL_PLAYER_CODE,8,54,false,VERIFIED,VERIFIED,OBSERVED,SUBSTITUTE_APPEARANCE,1ec7f0dc79055902251cd938650f622b0e79f3cc,https://github.com/imadeddine-belkat/Premier-League-Stats.git,_merged/players/2026-27_all_players_gw.csv,a1c7a4a79f9505c517dfb17db8dd7d6aed653bde289d3d6587b17c0bc5c25de8,2026-08-31T13:26:12Z,583,DEF,498444,Pep,Chavarría,2645204,1,False,25,0,0,0,0,0,0,0,0,0,0,0,3,2.4,0.2,2.0,0.5,1,1,0,1,0,0.00,0.00,0.00,0.28,50,0,17073,0,0,8
2026-27,10,10,610,1,player_match:1413129,VERIFIED,FPL_PLAYER_CODE_TO_PLAYER_MATCH_PL_CODE_TO_REGISTERED_SOURCE_PLAYER_ID,54,8,true,VERIFIED,VERIFIED,OBSERVED,REGISTERED_ZERO_MINUTES,1ec7f0dc79055902251cd938650f622b0e79f3cc,https://github.com/imadeddine-belkat/Premier-League-Stats.git,_merged/players/2026-27_all_players_gw.csv,a1c7a4a79f9505c517dfb17db8dd7d6aed653bde289d3d6587b17c0bc5c25de8,2026-08-31T13:26:12Z,610,DEF,547686,Luc,De Fougerolles,2645204,0,False,0,0,0,0,0,0,0,0,0,0,0,0,0,0.0,0.0,0.0,0.0,0,0,0,0,0,0.00,0.00,0.00,0.00,40,0,0,0,0,54
