"source_surface","resource","grain","field_name","canonical_attachment","relationship_kind","identity_contract","source_identity_required","relationship_note","player_route","player_contract","fixture_route","fixture_contract","team_route","team_contract","route_status","attachment_verified"
"FRL_LOCAL_CSV","player_match","player_match","accurateCross","player_fixture","OBSERVATION","player_identity_to_player_match_observations","True","Player-match observations require verified player and fixture identity.","PLAYER_IDENTITY_TO_PLAYER_MATCH","player_identity_to_player_match_observations","CANONICAL_FIXTURE_TO_SOURCE_MATCH","canonical_fixture_to_source_match","","","EXPLICIT_SOURCE_GRAIN_ROUTE","NOT_YET_PROVEN"
"FRL_LOCAL_CSV","player_match","player_match","accurateKeeperSweeper","player_fixture","OBSERVATION","player_identity_to_player_match_observations","True","Player-match observations require verified player and fixture identity.","PLAYER_IDENTITY_TO_PLAYER_MATCH","player_identity_to_player_match_observations","CANONICAL_FIXTURE_TO_SOURCE_MATCH","canonical_fixture_to_source_match","","","EXPLICIT_SOURCE_GRAIN_ROUTE","NOT_YET_PROVEN"
"FRL_LOCAL_CSV","player_match","player_match","accurateLongBalls","player_fixture","OBSERVATION","player_identity_to_player_match_observations","True","Player-match observations require verified player and fixture identity.","PLAYER_IDENTITY_TO_PLAYER_MATCH","player_identity_to_player_match_observations","CANONICAL_FIXTURE_TO_SOURCE_MATCH","canonical_fixture_to_source_match","","","EXPLICIT_SOURCE_GRAIN_ROUTE","NOT_YET_PROVEN"
"FRL_LOCAL_CSV","player_match","player_match","accurateOppositionHalfPasses","player_fixture","OBSERVATION","player_identity_to_player_match_observations","True","Player-match observations require verified player and fixture identity.","PLAYER_IDENTITY_TO_PLAYER_MATCH","player_identity_to_player_match_observations","CANONICAL_FIXTURE_TO_SOURCE_MATCH","canonical_fixture_to_source_match","","","EXPLICIT_SOURCE_GRAIN_ROUTE","NOT_YET_PROVEN"
"FRL_LOCAL_CSV","player_match","player_match","accurateOwnHalfPasses","player_fixture","OBSERVATION","player_identity_to_player_match_observations","True","Player-match observations require verified player and fixture identity.","PLAYER_IDENTITY_TO_PLAYER_MATCH","player_identity_to_player_match_observations","CANONICAL_FIXTURE_TO_SOURCE_MATCH","canonical_fixture_to_source_match","","","EXPLICIT_SOURCE_GRAIN_ROUTE","NOT_YET_PROVEN"
"FRL_LOCAL_CSV","player_match","player_match","accuratePass","player_fixture","OBSERVATION","player_identity_to_player_match_observations","True","Player-match observations require verified player and fixture identity.","PLAYER_IDENTITY_TO_PLAYER_MATCH","player_identity_to_player_match_observations","CANONICAL_FIXTURE_TO_SOURCE_MATCH","canonical_fixture_to_source_match","","","EXPLICIT_SOURCE_GRAIN_ROUTE","NOT_YET_PROVEN"
"FRL_LOCAL_CSV","player_match","player_match","aerialLost","player_fixture","OBSERVATION","player_identity_to_player_match_observations","True","Player-match observations require verified player and fixture identity.","PLAYER_IDENTITY_TO_PLAYER_MATCH","player_identity_to_player_match_observations","CANONICAL_FIXTURE_TO_SOURCE_MATCH","canonical_fixture_to_source_match","","","EXPLICIT_SOURCE_GRAIN_ROUTE","NOT_YET_PROVEN"
"FRL_LOCAL_CSV","player_match","player_match","aerialWon","player_fixture","OBSERVATION","player_identity_to_player_match_observations","True","Player-match observations require verified player and fixture identity.","PLAYER_IDENTITY_TO_PLAYER_MATCH","player_identity_to_player_match_observations","CANONICAL_FIXTURE_TO_SOURCE_MATCH","canonical_fixture_to_source_match","","","EXPLICIT_SOURCE_GRAIN_ROUTE","NOT_YET_PROVEN"
"FRL_LOCAL_CSV","player_match","player_match","ballCarriesCount","player_fixture","OBSERVATION","player_identity_to_player_match_observations","True","Player-match observations require verified player and fixture identity.","PLAYER_IDENTITY_TO_PLAYER_MATCH","player_identity_to_player_match_observations","CANONICAL_FIXTURE_TO_SOURCE_MATCH","canonical_fixture_to_source_match","","","EXPLICIT_SOURCE_GRAIN_ROUTE","NOT_YET_PROVEN"
"FRL_LOCAL_CSV","player_match","player_match","ballRecovery","player_fixture","OBSERVATION","player_identity_to_player_match_observations","True","Player-match observations require verified player and fixture identity.","PLAYER_IDENTITY_TO_PLAYER_MATCH","player_identity_to_player_match_observations","CANONICAL_FIXTURE_TO_SOURCE_MATCH","canonical_fixture_to_source_match","","","EXPLICIT_SOURCE_GRAIN_ROUTE","NOT_YET_PROVEN"
"FRL_LOCAL_CSV","player_match","player_match","bigChanceCreated","player_fixture","OBSERVATION","player_identity_to_player_match_observations","True","Player-match observations require verified player and fixture identity.","PLAYER_IDENTITY_TO_PLAYER_MATCH","player_identity_to_player_match_observations","CANONICAL_FIXTURE_TO_SOURCE_MATCH","canonical_fixture_to_source_match","","","EXPLICIT_SOURCE_GRAIN_ROUTE","NOT_YET_PROVEN"
"FRL_LOCAL_CSV","player_match","player_match","bigChanceMissed","player_fixture","OBSERVATION","player_identity_to_player_match_observations","True","Player-match observations require verified player and fixture identity.","PLAYER_IDENTITY_TO_PLAYER_MATCH","player_identity_to_player_match_observations","CANONICAL_FIXTURE_TO_SOURCE_MATCH","canonical_fixture_to_source_match","","","EXPLICIT_SOURCE_GRAIN_ROUTE","NOT_YET_PROVEN"
"FRL_LOCAL_CSV","player_match","player_match","blockedScoringAttempt","player_fixture","OBSERVATION","player_identity_to_player_match_observations","True","Player-match observations require verified player and fixture identity.","PLAYER_IDENTITY_TO_PLAYER_MATCH","player_identity_to_player_match_observations","CANONICAL_FIXTURE_TO_SOURCE_MATCH","canonical_fixture_to_source_match","","","EXPLICIT_SOURCE_GRAIN_ROUTE","NOT_YET_PROVEN"
"FRL_LOCAL_CSV","player_match","player_match","challengeLost","player_fixture","OBSERVATION","player_identity_to_player_match_observations","True","Player-match observations require verified player and fixture identity.","PLAYER_IDENTITY_TO_PLAYER_MATCH","player_identity_to_player_match_observations","CANONICAL_FIXTURE_TO_SOURCE_MATCH","canonical_fixture_to_source_match","","","EXPLICIT_SOURCE_GRAIN_ROUTE","NOT_YET_PROVEN"
"FRL_LOCAL_CSV","player_match","player_match","clearanceOffLine","player_fixture","OBSERVATION","player_identity_to_player_match_observations","True","Player-match observations require verified player and fixture identity.","PLAYER_IDENTITY_TO_PLAYER_MATCH","player_identity_to_player_match_observations","CANONICAL_FIXTURE_TO_SOURCE_MATCH","canonical_fixture_to_source_match","","","EXPLICIT_SOURCE_GRAIN_ROUTE","NOT_YET_PROVEN"
"FRL_LOCAL_CSV","player_match","player_match","crossNotClaimed","player_fixture","OBSERVATION","player_identity_to_player_match_observations","True","Player-match observations require verified player and fixture identity.","PLAYER_IDENTITY_TO_PLAYER_MATCH","player_identity_to_player_match_observations","CANONICAL_FIXTURE_TO_SOURCE_MATCH","canonical_fixture_to_source_match","","","EXPLICIT_SOURCE_GRAIN_ROUTE","NOT_YET_PROVEN"
"FRL_LOCAL_CSV","player_match","player_match","dispossessed","player_fixture","OBSERVATION","player_identity_to_player_match_observations","True","Player-match observations require verified player and fixture identity.","PLAYER_IDENTITY_TO_PLAYER_MATCH","player_identity_to_player_match_observations","CANONICAL_FIXTURE_TO_SOURCE_MATCH","canonical_fixture_to_source_match","","","EXPLICIT_SOURCE_GRAIN_ROUTE","NOT_YET_PROVEN"
"FRL_LOCAL_CSV","player_match","player_match","duelLost","player_fixture","OBSERVATION","player_identity_to_player_match_observations","True","Player-match observations require verified player and fixture identity.","PLAYER_IDENTITY_TO_PLAYER_MATCH","player_identity_to_player_match_observations","CANONICAL_FIXTURE_TO_SOURCE_MATCH","canonical_fixture_to_source_match","","","EXPLICIT_SOURCE_GRAIN_ROUTE","NOT_YET_PROVEN"
"FRL_LOCAL_CSV","player_match","player_match","duelWon","player_fixture","OBSERVATION","player_identity_to_player_match_observations","True","Player-match observations require verified player and fixture identity.","PLAYER_IDENTITY_TO_PLAYER_MATCH","player_identity_to_player_match_observations","CANONICAL_FIXTURE_TO_SOURCE_MATCH","canonical_fixture_to_source_match","","","EXPLICIT_SOURCE_GRAIN_ROUTE","NOT_YET_PROVEN"
"FRL_LOCAL_CSV","player_match","player_match","errorLeadToAGoal","player_fixture","OBSERVATION","player_identity_to_player_match_observations","True","Player-match observations require verified player and fixture identity.","PLAYER_IDENTITY_TO_PLAYER_MATCH","player_identity_to_player_match_observations","CANONICAL_FIXTURE_TO_SOURCE_MATCH","canonical_fixture_to_source_match","","","EXPLICIT_SOURCE_GRAIN_ROUTE","NOT_YET_PROVEN"
"FRL_LOCAL_CSV","player_match","player_match","errorLeadToAShot","player_fixture","OBSERVATION","player_identity_to_player_match_observations","True","Player-match observations require verified player and fixture identity.","PLAYER_IDENTITY_TO_PLAYER_MATCH","player_identity_to_player_match_observations","CANONICAL_FIXTURE_TO_SOURCE_MATCH","canonical_fixture_to_source_match","","","EXPLICIT_SOURCE_GRAIN_ROUTE","NOT_YET_PROVEN"
"FRL_LOCAL_CSV","player_match","player_match","expectedAssists","player_fixture","OBSERVATION","player_identity_to_player_match_observations","True","Player-match observations require verified player and fixture identity.","PLAYER_IDENTITY_TO_PLAYER_MATCH","player_identity_to_player_match_observations","CANONICAL_FIXTURE_TO_SOURCE_MATCH","canonical_fixture_to_source_match","","","EXPLICIT_SOURCE_GRAIN_ROUTE","NOT_YET_PROVEN"
"FRL_LOCAL_CSV","player_match","player_match","expectedGoals","player_fixture","OBSERVATION","player_identity_to_player_match_observations","True","Player-match observations require verified player and fixture identity.","PLAYER_IDENTITY_TO_PLAYER_MATCH","player_identity_to_player_match_observations","CANONICAL_FIXTURE_TO_SOURCE_MATCH","canonical_fixture_to_source_match","","","EXPLICIT_SOURCE_GRAIN_ROUTE","NOT_YET_PROVEN"
"FRL_LOCAL_CSV","player_match","player_match","expectedGoalsOnTarget","player_fixture","OBSERVATION","player_identity_to_player_match_observations","True","Player-match observations require verified player and fixture identity.","PLAYER_IDENTITY_TO_PLAYER_MATCH","player_identity_to_player_match_observations","CANONICAL_FIXTURE_TO_SOURCE_MATCH","canonical_fixture_to_source_match","","","EXPLICIT_SOURCE_GRAIN_ROUTE","NOT_YET_PROVEN"
"FRL_LOCAL_CSV","player_match","player_match","fouls","player_fixture","OBSERVATION","player_identity_to_player_match_observations","True","Player-match observations require verified player and fixture identity.","PLAYER_IDENTITY_TO_PLAYER_MATCH","player_identity_to_player_match_observations","CANONICAL_FIXTURE_TO_SOURCE_MATCH","canonical_fixture_to_source_match","","","EXPLICIT_SOURCE_GRAIN_ROUTE","NOT_YET_PROVEN"
"FRL_LOCAL_CSV","player_match","player_match","gameweek","player_fixture","OBSERVATION","player_identity_to_player_match_observations","True","Player-match observations require verified player and fixture identity.","PLAYER_IDENTITY_TO_PLAYER_MATCH","player_identity_to_player_match_observations","CANONICAL_FIXTURE_TO_SOURCE_MATCH","canonical_fixture_to_source_match","","","EXPLICIT_SOURCE_GRAIN_ROUTE","NOT_YET_PROVEN"
"FRL_LOCAL_CSV","player_match","player_match","goalAssist","player_fixture","OBSERVATION","player_identity_to_player_match_observations","True","Player-match observations require verified player and fixture identity.","PLAYER_IDENTITY_TO_PLAYER_MATCH","player_identity_to_player_match_observations","CANONICAL_FIXTURE_TO_SOURCE_MATCH","canonical_fixture_to_source_match","","","EXPLICIT_SOURCE_GRAIN_ROUTE","NOT_YET_PROVEN"
"FRL_LOCAL_CSV","player_match","player_match","goals","player_fixture","OBSERVATION","player_identity_to_player_match_observations","True","Player-match observations require verified player and fixture identity.","PLAYER_IDENTITY_TO_PLAYER_MATCH","player_identity_to_player_match_observations","CANONICAL_FIXTURE_TO_SOURCE_MATCH","canonical_fixture_to_source_match","","","EXPLICIT_SOURCE_GRAIN_ROUTE","NOT_YET_PROVEN"
"FRL_LOCAL_CSV","player_match","player_match","goalsPrevented","player_fixture","OBSERVATION","player_identity_to_player_match_observations","True","Player-match observations require verified player and fixture identity.","PLAYER_IDENTITY_TO_PLAYER_MATCH","player_identity_to_player_match_observations","CANONICAL_FIXTURE_TO_SOURCE_MATCH","canonical_fixture_to_source_match","","","EXPLICIT_SOURCE_GRAIN_ROUTE","NOT_YET_PROVEN"
"FRL_LOCAL_CSV","player_match","player_match","goodHighClaim","player_fixture","OBSERVATION","player_identity_to_player_match_observations","True","Player-match observations require verified player and fixture identity.","PLAYER_IDENTITY_TO_PLAYER_MATCH","player_identity_to_player_match_observations","CANONICAL_FIXTURE_TO_SOURCE_MATCH","canonical_fixture_to_source_match","","","EXPLICIT_SOURCE_GRAIN_ROUTE","NOT_YET_PROVEN"
"FRL_LOCAL_CSV","player_match","player_match","hitWoodwork","player_fixture","OBSERVATION","player_identity_to_player_match_observations","True","Player-match observations require verified player and fixture identity.","PLAYER_IDENTITY_TO_PLAYER_MATCH","player_identity_to_player_match_observations","CANONICAL_FIXTURE_TO_SOURCE_MATCH","canonical_fixture_to_source_match","","","EXPLICIT_SOURCE_GRAIN_ROUTE","NOT_YET_PROVEN"
"FRL_LOCAL_CSV","player_match","player_match","interceptionWon","player_fixture","OBSERVATION","player_identity_to_player_match_observations","True","Player-match observations require verified player and fixture identity.","PLAYER_IDENTITY_TO_PLAYER_MATCH","player_identity_to_player_match_observations","CANONICAL_FIXTURE_TO_SOURCE_MATCH","canonical_fixture_to_source_match","","","EXPLICIT_SOURCE_GRAIN_ROUTE","NOT_YET_PROVEN"
"FRL_LOCAL_CSV","player_match","player_match","keyPass","player_fixture","OBSERVATION","player_identity_to_player_match_observations","True","Player-match observations require verified player and fixture identity.","PLAYER_IDENTITY_TO_PLAYER_MATCH","player_identity_to_player_match_observations","CANONICAL_FIXTURE_TO_SOURCE_MATCH","canonical_fixture_to_source_match","","","EXPLICIT_SOURCE_GRAIN_ROUTE","NOT_YET_PROVEN"
"FRL_LOCAL_CSV","player_match","player_match","lastManTackle","player_fixture","OBSERVATION","player_identity_to_player_match_observations","True","Player-match observations require verified player and fixture identity.","PLAYER_IDENTITY_TO_PLAYER_MATCH","player_identity_to_player_match_observations","CANONICAL_FIXTURE_TO_SOURCE_MATCH","canonical_fixture_to_source_match","","","EXPLICIT_SOURCE_GRAIN_ROUTE","NOT_YET_PROVEN"
"FRL_LOCAL_CSV","player_match","player_match","matchId","player_fixture","OBSERVATION","player_identity_to_player_match_observations","True","Player-match observations require verified player and fixture identity.","PLAYER_IDENTITY_TO_PLAYER_MATCH","player_identity_to_player_match_observations","CANONICAL_FIXTURE_TO_SOURCE_MATCH","canonical_fixture_to_source_match","","","EXPLICIT_SOURCE_GRAIN_ROUTE","NOT_YET_PROVEN"
"FRL_LOCAL_CSV","player_match","player_match","metersCoveredHighSpeedRunningKm","player_fixture","OBSERVATION","player_identity_to_player_match_observations","True","Player-match observations require verified player and fixture identity.","PLAYER_IDENTITY_TO_PLAYER_MATCH","player_identity_to_player_match_observations","CANONICAL_FIXTURE_TO_SOURCE_MATCH","canonical_fixture_to_source_match","","","EXPLICIT_SOURCE_GRAIN_ROUTE","NOT_YET_PROVEN"
"FRL_LOCAL_CSV","player_match","player_match","metersCoveredJoggingKm","player_fixture","OBSERVATION","player_identity_to_player_match_observations","True","Player-match observations require verified player and fixture identity.","PLAYER_IDENTITY_TO_PLAYER_MATCH","player_identity_to_player_match_observations","CANONICAL_FIXTURE_TO_SOURCE_MATCH","canonical_fixture_to_source_match","","","EXPLICIT_SOURCE_GRAIN_ROUTE","NOT_YET_PROVEN"
"FRL_LOCAL_CSV","player_match","player_match","metersCoveredRunningKm","player_fixture","OBSERVATION","player_identity_to_player_match_observations","True","Player-match observations require verified player and fixture identity.","PLAYER_IDENTITY_TO_PLAYER_MATCH","player_identity_to_player_match_observations","CANONICAL_FIXTURE_TO_SOURCE_MATCH","canonical_fixture_to_source_match","","","EXPLICIT_SOURCE_GRAIN_ROUTE","NOT_YET_PROVEN"
"FRL_LOCAL_CSV","player_match","player_match","metersCoveredSprintingKm","player_fixture","OBSERVATION","player_identity_to_player_match_observations","True","Player-match observations require verified player and fixture identity.","PLAYER_IDENTITY_TO_PLAYER_MATCH","player_identity_to_player_match_observations","CANONICAL_FIXTURE_TO_SOURCE_MATCH","canonical_fixture_to_source_match","","","EXPLICIT_SOURCE_GRAIN_ROUTE","NOT_YET_PROVEN"
"FRL_LOCAL_CSV","player_match","player_match","metersCoveredWalkingKm","player_fixture","OBSERVATION","player_identity_to_player_match_observations","True","Player-match observations require verified player and fixture identity.","PLAYER_IDENTITY_TO_PLAYER_MATCH","player_identity_to_player_match_observations","CANONICAL_FIXTURE_TO_SOURCE_MATCH","canonical_fixture_to_source_match","","","EXPLICIT_SOURCE_GRAIN_ROUTE","NOT_YET_PROVEN"
"FRL_LOCAL_CSV","player_match","player_match","minutesPlayed","player_fixture","OBSERVATION","player_identity_to_player_match_observations","True","Player-match observations require verified player and fixture identity.","PLAYER_IDENTITY_TO_PLAYER_MATCH","player_identity_to_player_match_observations","CANONICAL_FIXTURE_TO_SOURCE_MATCH","canonical_fixture_to_source_match","","","EXPLICIT_SOURCE_GRAIN_ROUTE","NOT_YET_PROVEN"
"FRL_LOCAL_CSV","player_match","player_match","onTargetScoringAttempt","player_fixture","OBSERVATION","player_identity_to_player_match_observations","True","Player-match observations require verified player and fixture identity.","PLAYER_IDENTITY_TO_PLAYER_MATCH","player_identity_to_player_match_observations","CANONICAL_FIXTURE_TO_SOURCE_MATCH","canonical_fixture_to_source_match","","","EXPLICIT_SOURCE_GRAIN_ROUTE","NOT_YET_PROVEN"
"FRL_LOCAL_CSV","player_match","player_match","outfielderBlock","player_fixture","OBSERVATION","player_identity_to_player_match_observations","True","Player-match observations require verified player and fixture identity.","PLAYER_IDENTITY_TO_PLAYER_MATCH","player_identity_to_player_match_observations","CANONICAL_FIXTURE_TO_SOURCE_MATCH","canonical_fixture_to_source_match","","","EXPLICIT_SOURCE_GRAIN_ROUTE","NOT_YET_PROVEN"
"FRL_LOCAL_CSV","player_match","player_match","ownGoals","player_fixture","OBSERVATION","player_identity_to_player_match_observations","True","Player-match observations require verified player and fixture identity.","PLAYER_IDENTITY_TO_PLAYER_MATCH","player_identity_to_player_match_observations","CANONICAL_FIXTURE_TO_SOURCE_MATCH","canonical_fixture_to_source_match","","","EXPLICIT_SOURCE_GRAIN_ROUTE","NOT_YET_PROVEN"
"FRL_LOCAL_CSV","player_match","player_match","penaltyConceded","player_fixture","OBSERVATION","player_identity_to_player_match_observations","True","Player-match observations require verified player and fixture identity.","PLAYER_IDENTITY_TO_PLAYER_MATCH","player_identity_to_player_match_observations","CANONICAL_FIXTURE_TO_SOURCE_MATCH","canonical_fixture_to_source_match","","","EXPLICIT_SOURCE_GRAIN_ROUTE","NOT_YET_PROVEN"
"FRL_LOCAL_CSV","player_match","player_match","penaltyFaced","player_fixture","OBSERVATION","player_identity_to_player_match_observations","True","Player-match observations require verified player and fixture identity.","PLAYER_IDENTITY_TO_PLAYER_MATCH","player_identity_to_player_match_observations","CANONICAL_FIXTURE_TO_SOURCE_MATCH","canonical_fixture_to_source_match","","","EXPLICIT_SOURCE_GRAIN_ROUTE","NOT_YET_PROVEN"
"FRL_LOCAL_CSV","player_match","player_match","penaltyMiss","player_fixture","OBSERVATION","player_identity_to_player_match_observations","True","Player-match observations require verified player and fixture identity.","PLAYER_IDENTITY_TO_PLAYER_MATCH","player_identity_to_player_match_observations","CANONICAL_FIXTURE_TO_SOURCE_MATCH","canonical_fixture_to_source_match","","","EXPLICIT_SOURCE_GRAIN_ROUTE","NOT_YET_PROVEN"
"FRL_LOCAL_CSV","player_match","player_match","penaltySave","player_fixture","OBSERVATION","player_identity_to_player_match_observations","True","Player-match observations require verified player and fixture identity.","PLAYER_IDENTITY_TO_PLAYER_MATCH","player_identity_to_player_match_observations","CANONICAL_FIXTURE_TO_SOURCE_MATCH","canonical_fixture_to_source_match","","","EXPLICIT_SOURCE_GRAIN_ROUTE","NOT_YET_PROVEN"
"FRL_LOCAL_CSV","player_match","player_match","penaltyWon","player_fixture","OBSERVATION","player_identity_to_player_match_observations","True","Player-match observations require verified player and fixture identity.","PLAYER_IDENTITY_TO_PLAYER_MATCH","player_identity_to_player_match_observations","CANONICAL_FIXTURE_TO_SOURCE_MATCH","canonical_fixture_to_source_match","","","EXPLICIT_SOURCE_GRAIN_ROUTE","NOT_YET_PROVEN"
"FRL_LOCAL_CSV","player_match","player_match","pl_code","player_fixture","OBSERVATION","player_identity_to_player_match_observations","True","Player-match observations require verified player and fixture identity.","PLAYER_IDENTITY_TO_PLAYER_MATCH","player_identity_to_player_match_observations","CANONICAL_FIXTURE_TO_SOURCE_MATCH","canonical_fixture_to_source_match","","","EXPLICIT_SOURCE_GRAIN_ROUTE","NOT_YET_PROVEN"
"FRL_LOCAL_CSV","player_match","player_match","playerId","player_fixture","OBSERVATION","player_identity_to_player_match_observations","True","Player-match observations require verified player and fixture identity.","PLAYER_IDENTITY_TO_PLAYER_MATCH","player_identity_to_player_match_observations","CANONICAL_FIXTURE_TO_SOURCE_MATCH","canonical_fixture_to_source_match","","","EXPLICIT_SOURCE_GRAIN_ROUTE","NOT_YET_PROVEN"
"FRL_LOCAL_CSV","player_match","player_match","playerName","player_fixture","OBSERVATION","player_identity_to_player_match_observations","True","Player-match observations require verified player and fixture identity.","PLAYER_IDENTITY_TO_PLAYER_MATCH","player_identity_to_player_match_observations","CANONICAL_FIXTURE_TO_SOURCE_MATCH","canonical_fixture_to_source_match","","","EXPLICIT_SOURCE_GRAIN_ROUTE","NOT_YET_PROVEN"
"FRL_LOCAL_CSV","player_match","player_match","position","player_fixture","OBSERVATION","player_identity_to_player_match_observations","True","Player-match observations require verified player and fixture identity.","PLAYER_IDENTITY_TO_PLAYER_MATCH","player_identity_to_player_match_observations","CANONICAL_FIXTURE_TO_SOURCE_MATCH","canonical_fixture_to_source_match","","","EXPLICIT_SOURCE_GRAIN_ROUTE","NOT_YET_PROVEN"
"FRL_LOCAL_CSV","player_match","player_match","possessionLostCtrl","player_fixture","OBSERVATION","player_identity_to_player_match_observations","True","Player-match observations require verified player and fixture identity.","PLAYER_IDENTITY_TO_PLAYER_MATCH","player_identity_to_player_match_observations","CANONICAL_FIXTURE_TO_SOURCE_MATCH","canonical_fixture_to_source_match","","","EXPLICIT_SOURCE_GRAIN_ROUTE","NOT_YET_PROVEN"
"FRL_LOCAL_CSV","player_match","player_match","progressiveBallCarriesCount","player_fixture","OBSERVATION","player_identity_to_player_match_observations","True","Player-match observations require verified player and fixture identity.","PLAYER_IDENTITY_TO_PLAYER_MATCH","player_identity_to_player_match_observations","CANONICAL_FIXTURE_TO_SOURCE_MATCH","canonical_fixture_to_source_match","","","EXPLICIT_SOURCE_GRAIN_ROUTE","NOT_YET_PROVEN"
"FRL_LOCAL_CSV","player_match","player_match","punches","player_fixture","OBSERVATION","player_identity_to_player_match_observations","True","Player-match observations require verified player and fixture identity.","PLAYER_IDENTITY_TO_PLAYER_MATCH","player_identity_to_player_match_observations","CANONICAL_FIXTURE_TO_SOURCE_MATCH","canonical_fixture_to_source_match","","","EXPLICIT_SOURCE_GRAIN_ROUTE","NOT_YET_PROVEN"
"FRL_LOCAL_CSV","player_match","player_match","rating","player_fixture","OBSERVATION","player_identity_to_player_match_observations","True","Player-match observations require verified player and fixture identity.","PLAYER_IDENTITY_TO_PLAYER_MATCH","player_identity_to_player_match_observations","CANONICAL_FIXTURE_TO_SOURCE_MATCH","canonical_fixture_to_source_match","","","EXPLICIT_SOURCE_GRAIN_ROUTE","NOT_YET_PROVEN"
"FRL_LOCAL_CSV","player_match","player_match","savedShotsFromInsideTheBox","player_fixture","OBSERVATION","player_identity_to_player_match_observations","True","Player-match observations require verified player and fixture identity.","PLAYER_IDENTITY_TO_PLAYER_MATCH","player_identity_to_player_match_observations","CANONICAL_FIXTURE_TO_SOURCE_MATCH","canonical_fixture_to_source_match","","","EXPLICIT_SOURCE_GRAIN_ROUTE","NOT_YET_PROVEN"
"FRL_LOCAL_CSV","player_match","player_match","saves","player_fixture","OBSERVATION","player_identity_to_player_match_observations","True","Player-match observations require verified player and fixture identity.","PLAYER_IDENTITY_TO_PLAYER_MATCH","player_identity_to_player_match_observations","CANONICAL_FIXTURE_TO_SOURCE_MATCH","canonical_fixture_to_source_match","","","EXPLICIT_SOURCE_GRAIN_ROUTE","NOT_YET_PROVEN"
"FRL_LOCAL_CSV","player_match","player_match","season","player_fixture","OBSERVATION","player_identity_to_player_match_observations","True","Player-match observations require verified player and fixture identity.","PLAYER_IDENTITY_TO_PLAYER_MATCH","player_identity_to_player_match_observations","CANONICAL_FIXTURE_TO_SOURCE_MATCH","canonical_fixture_to_source_match","","","EXPLICIT_SOURCE_GRAIN_ROUTE","NOT_YET_PROVEN"
"FRL_LOCAL_CSV","player_match","player_match","shotOffTarget","player_fixture","OBSERVATION","player_identity_to_player_match_observations","True","Player-match observations require verified player and fixture identity.","PLAYER_IDENTITY_TO_PLAYER_MATCH","player_identity_to_player_match_observations","CANONICAL_FIXTURE_TO_SOURCE_MATCH","canonical_fixture_to_source_match","","","EXPLICIT_SOURCE_GRAIN_ROUTE","NOT_YET_PROVEN"
"FRL_LOCAL_CSV","player_match","player_match","slug","player_fixture","OBSERVATION","player_identity_to_player_match_observations","True","Player-match observations require verified player and fixture identity.","PLAYER_IDENTITY_TO_PLAYER_MATCH","player_identity_to_player_match_observations","CANONICAL_FIXTURE_TO_SOURCE_MATCH","canonical_fixture_to_source_match","","","EXPLICIT_SOURCE_GRAIN_ROUTE","NOT_YET_PROVEN"
"FRL_LOCAL_CSV","player_match","player_match","substitute","player_fixture","OBSERVATION","player_identity_to_player_match_observations","True","Player-match observations require verified player and fixture identity.","PLAYER_IDENTITY_TO_PLAYER_MATCH","player_identity_to_player_match_observations","CANONICAL_FIXTURE_TO_SOURCE_MATCH","canonical_fixture_to_source_match","","","EXPLICIT_SOURCE_GRAIN_ROUTE","NOT_YET_PROVEN"
"FRL_LOCAL_CSV","player_match","player_match","substitute.1","player_fixture","OBSERVATION","player_identity_to_player_match_observations","True","Player-match observations require verified player and fixture identity.","PLAYER_IDENTITY_TO_PLAYER_MATCH","player_identity_to_player_match_observations","CANONICAL_FIXTURE_TO_SOURCE_MATCH","canonical_fixture_to_source_match","","","EXPLICIT_SOURCE_GRAIN_ROUTE","NOT_YET_PROVEN"
"FRL_LOCAL_CSV","player_match","player_match","team","player_fixture","OBSERVATION","player_identity_to_player_match_observations","True","Player-match observations require verified player and fixture identity.","PLAYER_IDENTITY_TO_PLAYER_MATCH","player_identity_to_player_match_observations","CANONICAL_FIXTURE_TO_SOURCE_MATCH","canonical_fixture_to_source_match","","","EXPLICIT_SOURCE_GRAIN_ROUTE","NOT_YET_PROVEN"
"FRL_LOCAL_CSV","player_match","player_match","team_id","player_fixture","OBSERVATION","player_identity_to_player_match_observations","True","Player-match observations require verified player and fixture identity.","PLAYER_IDENTITY_TO_PLAYER_MATCH","player_identity_to_player_match_observations","CANONICAL_FIXTURE_TO_SOURCE_MATCH","canonical_fixture_to_source_match","","","EXPLICIT_SOURCE_GRAIN_ROUTE","NOT_YET_PROVEN"
"FRL_LOCAL_CSV","player_match","player_match","totalBallCarriesDistance","player_fixture","OBSERVATION","player_identity_to_player_match_observations","True","Player-match observations require verified player and fixture identity.","PLAYER_IDENTITY_TO_PLAYER_MATCH","player_identity_to_player_match_observations","CANONICAL_FIXTURE_TO_SOURCE_MATCH","canonical_fixture_to_source_match","","","EXPLICIT_SOURCE_GRAIN_ROUTE","NOT_YET_PROVEN"
"FRL_LOCAL_CSV","player_match","player_match","totalClearance","player_fixture","OBSERVATION","player_identity_to_player_match_observations","True","Player-match observations require verified player and fixture identity.","PLAYER_IDENTITY_TO_PLAYER_MATCH","player_identity_to_player_match_observations","CANONICAL_FIXTURE_TO_SOURCE_MATCH","canonical_fixture_to_source_match","","","EXPLICIT_SOURCE_GRAIN_ROUTE","NOT_YET_PROVEN"
"FRL_LOCAL_CSV","player_match","player_match","totalContest","player_fixture","OBSERVATION","player_identity_to_player_match_observations","True","Player-match observations require verified player and fixture identity.","PLAYER_IDENTITY_TO_PLAYER_MATCH","player_identity_to_player_match_observations","CANONICAL_FIXTURE_TO_SOURCE_MATCH","canonical_fixture_to_source_match","","","EXPLICIT_SOURCE_GRAIN_ROUTE","NOT_YET_PROVEN"
"FRL_LOCAL_CSV","player_match","player_match","totalCross","player_fixture","OBSERVATION","player_identity_to_player_match_observations","True","Player-match observations require verified player and fixture identity.","PLAYER_IDENTITY_TO_PLAYER_MATCH","player_identity_to_player_match_observations","CANONICAL_FIXTURE_TO_SOURCE_MATCH","canonical_fixture_to_source_match","","","EXPLICIT_SOURCE_GRAIN_ROUTE","NOT_YET_PROVEN"
"FRL_LOCAL_CSV","player_match","player_match","totalKeeperSweeper","player_fixture","OBSERVATION","player_identity_to_player_match_observations","True","Player-match observations require verified player and fixture identity.","PLAYER_IDENTITY_TO_PLAYER_MATCH","player_identity_to_player_match_observations","CANONICAL_FIXTURE_TO_SOURCE_MATCH","canonical_fixture_to_source_match","","","EXPLICIT_SOURCE_GRAIN_ROUTE","NOT_YET_PROVEN"
"FRL_LOCAL_CSV","player_match","player_match","totalLongBalls","player_fixture","OBSERVATION","player_identity_to_player_match_observations","True","Player-match observations require verified player and fixture identity.","PLAYER_IDENTITY_TO_PLAYER_MATCH","player_identity_to_player_match_observations","CANONICAL_FIXTURE_TO_SOURCE_MATCH","canonical_fixture_to_source_match","","","EXPLICIT_SOURCE_GRAIN_ROUTE","NOT_YET_PROVEN"
"FRL_LOCAL_CSV","player_match","player_match","totalOffside","player_fixture","OBSERVATION","player_identity_to_player_match_observations","True","Player-match observations require verified player and fixture identity.","PLAYER_IDENTITY_TO_PLAYER_MATCH","player_identity_to_player_match_observations","CANONICAL_FIXTURE_TO_SOURCE_MATCH","canonical_fixture_to_source_match","","","EXPLICIT_SOURCE_GRAIN_ROUTE","NOT_YET_PROVEN"
"FRL_LOCAL_CSV","player_match","player_match","totalOppositionHalfPasses","player_fixture","OBSERVATION","player_identity_to_player_match_observations","True","Player-match observations require verified player and fixture identity.","PLAYER_IDENTITY_TO_PLAYER_MATCH","player_identity_to_player_match_observations","CANONICAL_FIXTURE_TO_SOURCE_MATCH","canonical_fixture_to_source_match","","","EXPLICIT_SOURCE_GRAIN_ROUTE","NOT_YET_PROVEN"
"FRL_LOCAL_CSV","player_match","player_match","totalOwnHalfPasses","player_fixture","OBSERVATION","player_identity_to_player_match_observations","True","Player-match observations require verified player and fixture identity.","PLAYER_IDENTITY_TO_PLAYER_MATCH","player_identity_to_player_match_observations","CANONICAL_FIXTURE_TO_SOURCE_MATCH","canonical_fixture_to_source_match","","","EXPLICIT_SOURCE_GRAIN_ROUTE","NOT_YET_PROVEN"
"FRL_LOCAL_CSV","player_match","player_match","totalPass","player_fixture","OBSERVATION","player_identity_to_player_match_observations","True","Player-match observations require verified player and fixture identity.","PLAYER_IDENTITY_TO_PLAYER_MATCH","player_identity_to_player_match_observations","CANONICAL_FIXTURE_TO_SOURCE_MATCH","canonical_fixture_to_source_match","","","EXPLICIT_SOURCE_GRAIN_ROUTE","NOT_YET_PROVEN"
"FRL_LOCAL_CSV","player_match","player_match","totalProgression","player_fixture","OBSERVATION","player_identity_to_player_match_observations","True","Player-match observations require verified player and fixture identity.","PLAYER_IDENTITY_TO_PLAYER_MATCH","player_identity_to_player_match_observations","CANONICAL_FIXTURE_TO_SOURCE_MATCH","canonical_fixture_to_source_match","","","EXPLICIT_SOURCE_GRAIN_ROUTE","NOT_YET_PROVEN"
"FRL_LOCAL_CSV","player_match","player_match","totalProgressiveBallCarriesDistance","player_fixture","OBSERVATION","player_identity_to_player_match_observations","True","Player-match observations require verified player and fixture identity.","PLAYER_IDENTITY_TO_PLAYER_MATCH","player_identity_to_player_match_observations","CANONICAL_FIXTURE_TO_SOURCE_MATCH","canonical_fixture_to_source_match","","","EXPLICIT_SOURCE_GRAIN_ROUTE","NOT_YET_PROVEN"
"FRL_LOCAL_CSV","player_match","player_match","totalShots","player_fixture","OBSERVATION","player_identity_to_player_match_observations","True","Player-match observations require verified player and fixture identity.","PLAYER_IDENTITY_TO_PLAYER_MATCH","player_identity_to_player_match_observations","CANONICAL_FIXTURE_TO_SOURCE_MATCH","canonical_fixture_to_source_match","","","EXPLICIT_SOURCE_GRAIN_ROUTE","NOT_YET_PROVEN"
"FRL_LOCAL_CSV","player_match","player_match","totalTackle","player_fixture","OBSERVATION","player_identity_to_player_match_observations","True","Player-match observations require verified player and fixture identity.","PLAYER_IDENTITY_TO_PLAYER_MATCH","player_identity_to_player_match_observations","CANONICAL_FIXTURE_TO_SOURCE_MATCH","canonical_fixture_to_source_match","","","EXPLICIT_SOURCE_GRAIN_ROUTE","NOT_YET_PROVEN"
"FRL_LOCAL_CSV","player_match","player_match","touches","player_fixture","OBSERVATION","player_identity_to_player_match_observations","True","Player-match observations require verified player and fixture identity.","PLAYER_IDENTITY_TO_PLAYER_MATCH","player_identity_to_player_match_observations","CANONICAL_FIXTURE_TO_SOURCE_MATCH","canonical_fixture_to_source_match","","","EXPLICIT_SOURCE_GRAIN_ROUTE","NOT_YET_PROVEN"
"FRL_LOCAL_CSV","player_match","player_match","unsuccessfulTouch","player_fixture","OBSERVATION","player_identity_to_player_match_observations","True","Player-match observations require verified player and fixture identity.","PLAYER_IDENTITY_TO_PLAYER_MATCH","player_identity_to_player_match_observations","CANONICAL_FIXTURE_TO_SOURCE_MATCH","canonical_fixture_to_source_match","","","EXPLICIT_SOURCE_GRAIN_ROUTE","NOT_YET_PROVEN"
"FRL_LOCAL_CSV","player_match","player_match","venue","player_fixture","OBSERVATION","player_identity_to_player_match_observations","True","Player-match observations require verified player and fixture identity.","PLAYER_IDENTITY_TO_PLAYER_MATCH","player_identity_to_player_match_observations","CANONICAL_FIXTURE_TO_SOURCE_MATCH","canonical_fixture_to_source_match","","","EXPLICIT_SOURCE_GRAIN_ROUTE","NOT_YET_PROVEN"
"FRL_LOCAL_CSV","player_match","player_match","wasFouled","player_fixture","OBSERVATION","player_identity_to_player_match_observations","True","Player-match observations require verified player and fixture identity.","PLAYER_IDENTITY_TO_PLAYER_MATCH","player_identity_to_player_match_observations","CANONICAL_FIXTURE_TO_SOURCE_MATCH","canonical_fixture_to_source_match","","","EXPLICIT_SOURCE_GRAIN_ROUTE","NOT_YET_PROVEN"
"FRL_LOCAL_CSV","player_match","player_match","wonContest","player_fixture","OBSERVATION","player_identity_to_player_match_observations","True","Player-match observations require verified player and fixture identity.","PLAYER_IDENTITY_TO_PLAYER_MATCH","player_identity_to_player_match_observations","CANONICAL_FIXTURE_TO_SOURCE_MATCH","canonical_fixture_to_source_match","","","EXPLICIT_SOURCE_GRAIN_ROUTE","NOT_YET_PROVEN"
"FRL_LOCAL_CSV","player_match","player_match","wonTackle","player_fixture","OBSERVATION","player_identity_to_player_match_observations","True","Player-match observations require verified player and fixture identity.","PLAYER_IDENTITY_TO_PLAYER_MATCH","player_identity_to_player_match_observations","CANONICAL_FIXTURE_TO_SOURCE_MATCH","canonical_fixture_to_source_match","","","EXPLICIT_SOURCE_GRAIN_ROUTE","NOT_YET_PROVEN"
"FRL_LOCAL_CSV","player_season","player_season","aerialDuels","player_season","ENTITY","source_player_identity_to_player_season","True","Player-season rows require season-aware source-player identity.","SOURCE_PLAYER_TO_PLAYER_SEASON","source_player_identity_to_player_season","","","","","EXPLICIT_SOURCE_GRAIN_ROUTE","NOT_YET_PROVEN"
"FRL_LOCAL_CSV","player_season","player_season","aerialDuelsLost","player_season","ENTITY","source_player_identity_to_player_season","True","Player-season rows require season-aware source-player identity.","SOURCE_PLAYER_TO_PLAYER_SEASON","source_player_identity_to_player_season","","","","","EXPLICIT_SOURCE_GRAIN_ROUTE","NOT_YET_PROVEN"
"FRL_LOCAL_CSV","player_season","player_season","aerialDuelsWon","player_season","ENTITY","source_player_identity_to_player_season","True","Player-season rows require season-aware source-player identity.","SOURCE_PLAYER_TO_PLAYER_SEASON","source_player_identity_to_player_season","","","","","EXPLICIT_SOURCE_GRAIN_ROUTE","NOT_YET_PROVEN"
"FRL_LOCAL_CSV","player_season","player_season","appearances","player_season","ENTITY","source_player_identity_to_player_season","True","Player-season rows require season-aware source-player identity.","SOURCE_PLAYER_TO_PLAYER_SEASON","source_player_identity_to_player_season","","","","","EXPLICIT_SOURCE_GRAIN_ROUTE","NOT_YET_PROVEN"
"FRL_LOCAL_CSV","player_season","player_season","attemptsFromSetPieces","player_season","ENTITY","source_player_identity_to_player_season","True","Player-season rows require season-aware source-player identity.","SOURCE_PLAYER_TO_PLAYER_SEASON","source_player_identity_to_player_season","","","","","EXPLICIT_SOURCE_GRAIN_ROUTE","NOT_YET_PROVEN"
"FRL_LOCAL_CSV","player_season","player_season","awayGoals","player_season","ENTITY","source_player_identity_to_player_season","True","Player-season rows require season-aware source-player identity.","SOURCE_PLAYER_TO_PLAYER_SEASON","source_player_identity_to_player_season","","","","","EXPLICIT_SOURCE_GRAIN_ROUTE","NOT_YET_PROVEN"
"FRL_LOCAL_CSV","player_season","player_season","backwardPasses","player_season","ENTITY","source_player_identity_to_player_season","True","Player-season rows require season-aware source-player identity.","SOURCE_PLAYER_TO_PLAYER_SEASON","source_player_identity_to_player_season","","","","","EXPLICIT_SOURCE_GRAIN_ROUTE","NOT_YET_PROVEN"
"FRL_LOCAL_CSV","player_season","player_season","blockedShots","player_season","ENTITY","source_player_identity_to_player_season","True","Player-season rows require season-aware source-player identity.","SOURCE_PLAYER_TO_PLAYER_SEASON","source_player_identity_to_player_season","","","","","EXPLICIT_SOURCE_GRAIN_ROUTE","NOT_YET_PROVEN"
"FRL_LOCAL_CSV","player_season","player_season","blocks","player_season","ENTITY","source_player_identity_to_player_season","True","Player-season rows require season-aware source-player identity.","SOURCE_PLAYER_TO_PLAYER_SEASON","source_player_identity_to_player_season","","","","","EXPLICIT_SOURCE_GRAIN_ROUTE","NOT_YET_PROVEN"
"FRL_LOCAL_CSV","player_season","player_season","catches","player_season","ENTITY","source_player_identity_to_player_season","True","Player-season rows require season-aware source-player identity.","SOURCE_PLAYER_TO_PLAYER_SEASON","source_player_identity_to_player_season","","","","","EXPLICIT_SOURCE_GRAIN_ROUTE","NOT_YET_PROVEN"
"FRL_LOCAL_CSV","player_season","player_season","cleanSheets","player_season","ENTITY","source_player_identity_to_player_season","True","Player-season rows require season-aware source-player identity.","SOURCE_PLAYER_TO_PLAYER_SEASON","source_player_identity_to_player_season","","","","","EXPLICIT_SOURCE_GRAIN_ROUTE","NOT_YET_PROVEN"
"FRL_LOCAL_CSV","player_season","player_season","clearancesOffTheLine","player_season","ENTITY","source_player_identity_to_player_season","True","Player-season rows require season-aware source-player identity.","SOURCE_PLAYER_TO_PLAYER_SEASON","source_player_identity_to_player_season","","","","","EXPLICIT_SOURCE_GRAIN_ROUTE","NOT_YET_PROVEN"
"FRL_LOCAL_CSV","player_season","player_season","cornersTakenInclShortCorners","player_season","ENTITY","source_player_identity_to_player_season","True","Player-season rows require season-aware source-player identity.","SOURCE_PLAYER_TO_PLAYER_SEASON","source_player_identity_to_player_season","","","","","EXPLICIT_SOURCE_GRAIN_ROUTE","NOT_YET_PROVEN"
"FRL_LOCAL_CSV","player_season","player_season","cornersWon","player_season","ENTITY","source_player_identity_to_player_season","True","Player-season rows require season-aware source-player identity.","SOURCE_PLAYER_TO_PLAYER_SEASON","source_player_identity_to_player_season","","","","","EXPLICIT_SOURCE_GRAIN_ROUTE","NOT_YET_PROVEN"
"FRL_LOCAL_CSV","player_season","player_season","crossesNotClaimed","player_season","ENTITY","source_player_identity_to_player_season","True","Player-season rows require season-aware source-player identity.","SOURCE_PLAYER_TO_PLAYER_SEASON","source_player_identity_to_player_season","","","","","EXPLICIT_SOURCE_GRAIN_ROUTE","NOT_YET_PROVEN"
"FRL_LOCAL_CSV","player_season","player_season","drops","player_season","ENTITY","source_player_identity_to_player_season","True","Player-season rows require season-aware source-player identity.","SOURCE_PLAYER_TO_PLAYER_SEASON","source_player_identity_to_player_season","","","","","EXPLICIT_SOURCE_GRAIN_ROUTE","NOT_YET_PROVEN"
"FRL_LOCAL_CSV","player_season","player_season","duels","player_season","ENTITY","source_player_identity_to_player_season","True","Player-season rows require season-aware source-player identity.","SOURCE_PLAYER_TO_PLAYER_SEASON","source_player_identity_to_player_season","","","","","EXPLICIT_SOURCE_GRAIN_ROUTE","NOT_YET_PROVEN"
"FRL_LOCAL_CSV","player_season","player_season","duelsLost","player_season","ENTITY","source_player_identity_to_player_season","True","Player-season rows require season-aware source-player identity.","SOURCE_PLAYER_TO_PLAYER_SEASON","source_player_identity_to_player_season","","","","","EXPLICIT_SOURCE_GRAIN_ROUTE","NOT_YET_PROVEN"
"FRL_LOCAL_CSV","player_season","player_season","duelsWon","player_season","ENTITY","source_player_identity_to_player_season","True","Player-season rows require season-aware source-player identity.","SOURCE_PLAYER_TO_PLAYER_SEASON","source_player_identity_to_player_season","","","","","EXPLICIT_SOURCE_GRAIN_ROUTE","NOT_YET_PROVEN"
"FRL_LOCAL_CSV","player_season","player_season","expectedAssists","player_season","ENTITY","source_player_identity_to_player_season","True","Player-season rows require season-aware source-player identity.","SOURCE_PLAYER_TO_PLAYER_SEASON","source_player_identity_to_player_season","","","","","EXPLICIT_SOURCE_GRAIN_ROUTE","NOT_YET_PROVEN"
"FRL_LOCAL_CSV","player_season","player_season","expectedGoals","player_season","ENTITY","source_player_identity_to_player_season","True","Player-season rows require season-aware source-player identity.","SOURCE_PLAYER_TO_PLAYER_SEASON","source_player_identity_to_player_season","","","","","EXPLICIT_SOURCE_GRAIN_ROUTE","NOT_YET_PROVEN"
"FRL_LOCAL_CSV","player_season","player_season","expectedGoalsFreekick","player_season","ENTITY","source_player_identity_to_player_season","True","Player-season rows require season-aware source-player identity.","SOURCE_PLAYER_TO_PLAYER_SEASON","source_player_identity_to_player_season","","","","","EXPLICIT_SOURCE_GRAIN_ROUTE","NOT_YET_PROVEN"
"FRL_LOCAL_CSV","player_season","player_season","expectedGoalsOnTarget","player_season","ENTITY","source_player_identity_to_player_season","True","Player-season rows require season-aware source-player identity.","SOURCE_PLAYER_TO_PLAYER_SEASON","source_player_identity_to_player_season","","","","","EXPLICIT_SOURCE_GRAIN_ROUTE","NOT_YET_PROVEN"
"FRL_LOCAL_CSV","player_season","player_season","expectedGoalsOnTargetConceded","player_season","ENTITY","source_player_identity_to_player_season","True","Player-season rows require season-aware source-player identity.","SOURCE_PLAYER_TO_PLAYER_SEASON","source_player_identity_to_player_season","","","","","EXPLICIT_SOURCE_GRAIN_ROUTE","NOT_YET_PROVEN"
"FRL_LOCAL_CSV","player_season","player_season","fiftyFifty","player_season","ENTITY","source_player_identity_to_player_season","True","Player-season rows require season-aware source-player identity.","SOURCE_PLAYER_TO_PLAYER_SEASON","source_player_identity_to_player_season","","","","","EXPLICIT_SOURCE_GRAIN_ROUTE","NOT_YET_PROVEN"
"FRL_LOCAL_CSV","player_season","player_season","forwardPasses","player_season","ENTITY","source_player_identity_to_player_season","True","Player-season rows require season-aware source-player identity.","SOURCE_PLAYER_TO_PLAYER_SEASON","source_player_identity_to_player_season","","","","","EXPLICIT_SOURCE_GRAIN_ROUTE","NOT_YET_PROVEN"
"FRL_LOCAL_CSV","player_season","player_season","foulAttemptedTackle","player_season","ENTITY","source_player_identity_to_player_season","True","Player-season rows require season-aware source-player identity.","SOURCE_PLAYER_TO_PLAYER_SEASON","source_player_identity_to_player_season","","","","","EXPLICIT_SOURCE_GRAIN_ROUTE","NOT_YET_PROVEN"
"FRL_LOCAL_CSV","player_season","player_season","foulWonPenalty","player_season","ENTITY","source_player_identity_to_player_season","True","Player-season rows require season-aware source-player identity.","SOURCE_PLAYER_TO_PLAYER_SEASON","source_player_identity_to_player_season","","","","","EXPLICIT_SOURCE_GRAIN_ROUTE","NOT_YET_PROVEN"
"FRL_LOCAL_CSV","player_season","player_season","freekickTotal","player_season","ENTITY","source_player_identity_to_player_season","True","Player-season rows require season-aware source-player identity.","SOURCE_PLAYER_TO_PLAYER_SEASON","source_player_identity_to_player_season","","","","","EXPLICIT_SOURCE_GRAIN_ROUTE","NOT_YET_PROVEN"
"FRL_LOCAL_CSV","player_season","player_season","gamesPlayed","player_season","ENTITY","source_player_identity_to_player_season","True","Player-season rows require season-aware source-player identity.","SOURCE_PLAYER_TO_PLAYER_SEASON","source_player_identity_to_player_season","","","","","EXPLICIT_SOURCE_GRAIN_ROUTE","NOT_YET_PROVEN"
"FRL_LOCAL_CSV","player_season","player_season","gkSuccessfulDistribution","player_season","ENTITY","source_player_identity_to_player_season","True","Player-season rows require season-aware source-player identity.","SOURCE_PLAYER_TO_PLAYER_SEASON","source_player_identity_to_player_season","","","","","EXPLICIT_SOURCE_GRAIN_ROUTE","NOT_YET_PROVEN"
"FRL_LOCAL_CSV","player_season","player_season","gkUnsuccessfulDistribution","player_season","ENTITY","source_player_identity_to_player_season","True","Player-season rows require season-aware source-player identity.","SOURCE_PLAYER_TO_PLAYER_SEASON","source_player_identity_to_player_season","","","","","EXPLICIT_SOURCE_GRAIN_ROUTE","NOT_YET_PROVEN"
"FRL_LOCAL_CSV","player_season","player_season","goalAssists","player_season","ENTITY","source_player_identity_to_player_season","True","Player-season rows require season-aware source-player identity.","SOURCE_PLAYER_TO_PLAYER_SEASON","source_player_identity_to_player_season","","","","","EXPLICIT_SOURCE_GRAIN_ROUTE","NOT_YET_PROVEN"
"FRL_LOCAL_CSV","player_season","player_season","goalKicks","player_season","ENTITY","source_player_identity_to_player_season","True","Player-season rows require season-aware source-player identity.","SOURCE_PLAYER_TO_PLAYER_SEASON","source_player_identity_to_player_season","","","","","EXPLICIT_SOURCE_GRAIN_ROUTE","NOT_YET_PROVEN"
"FRL_LOCAL_CSV","player_season","player_season","goalkeeperSmother","player_season","ENTITY","source_player_identity_to_player_season","True","Player-season rows require season-aware source-player identity.","SOURCE_PLAYER_TO_PLAYER_SEASON","source_player_identity_to_player_season","","","","","EXPLICIT_SOURCE_GRAIN_ROUTE","NOT_YET_PROVEN"
"FRL_LOCAL_CSV","player_season","player_season","goals","player_season","ENTITY","source_player_identity_to_player_season","True","Player-season rows require season-aware source-player identity.","SOURCE_PLAYER_TO_PLAYER_SEASON","source_player_identity_to_player_season","","","","","EXPLICIT_SOURCE_GRAIN_ROUTE","NOT_YET_PROVEN"
"FRL_LOCAL_CSV","player_season","player_season","goalsConceded","player_season","ENTITY","source_player_identity_to_player_season","True","Player-season rows require season-aware source-player identity.","SOURCE_PLAYER_TO_PLAYER_SEASON","source_player_identity_to_player_season","","","","","EXPLICIT_SOURCE_GRAIN_ROUTE","NOT_YET_PROVEN"
"FRL_LOCAL_CSV","player_season","player_season","goalsConcededInsideBox","player_season","ENTITY","source_player_identity_to_player_season","True","Player-season rows require season-aware source-player identity.","SOURCE_PLAYER_TO_PLAYER_SEASON","source_player_identity_to_player_season","","","","","EXPLICIT_SOURCE_GRAIN_ROUTE","NOT_YET_PROVEN"
"FRL_LOCAL_CSV","player_season","player_season","goalsConcededOutsideBox","player_season","ENTITY","source_player_identity_to_player_season","True","Player-season rows require season-aware source-player identity.","SOURCE_PLAYER_TO_PLAYER_SEASON","source_player_identity_to_player_season","","","","","EXPLICIT_SOURCE_GRAIN_ROUTE","NOT_YET_PROVEN"
"FRL_LOCAL_CSV","player_season","player_season","groundDuels","player_season","ENTITY","source_player_identity_to_player_season","True","Player-season rows require season-aware source-player identity.","SOURCE_PLAYER_TO_PLAYER_SEASON","source_player_identity_to_player_season","","","","","EXPLICIT_SOURCE_GRAIN_ROUTE","NOT_YET_PROVEN"
"FRL_LOCAL_CSV","player_season","player_season","groundDuelsLost","player_season","ENTITY","source_player_identity_to_player_season","True","Player-season rows require season-aware source-player identity.","SOURCE_PLAYER_TO_PLAYER_SEASON","source_player_identity_to_player_season","","","","","EXPLICIT_SOURCE_GRAIN_ROUTE","NOT_YET_PROVEN"
"FRL_LOCAL_CSV","player_season","player_season","groundDuelsWon","player_season","ENTITY","source_player_identity_to_player_season","True","Player-season rows require season-aware source-player identity.","SOURCE_PLAYER_TO_PLAYER_SEASON","source_player_identity_to_player_season","","","","","EXPLICIT_SOURCE_GRAIN_ROUTE","NOT_YET_PROVEN"
"FRL_LOCAL_CSV","player_season","player_season","handballsConceded","player_season","ENTITY","source_player_identity_to_player_season","True","Player-season rows require season-aware source-player identity.","SOURCE_PLAYER_TO_PLAYER_SEASON","source_player_identity_to_player_season","","","","","EXPLICIT_SOURCE_GRAIN_ROUTE","NOT_YET_PROVEN"
"FRL_LOCAL_CSV","player_season","player_season","headedGoals","player_season","ENTITY","source_player_identity_to_player_season","True","Player-season rows require season-aware source-player identity.","SOURCE_PLAYER_TO_PLAYER_SEASON","source_player_identity_to_player_season","","","","","EXPLICIT_SOURCE_GRAIN_ROUTE","NOT_YET_PROVEN"
"FRL_LOCAL_CSV","player_season","player_season","hitWoodwork","player_season","ENTITY","source_player_identity_to_player_season","True","Player-season rows require season-aware source-player identity.","SOURCE_PLAYER_TO_PLAYER_SEASON","source_player_identity_to_player_season","","","","","EXPLICIT_SOURCE_GRAIN_ROUTE","NOT_YET_PROVEN"
"FRL_LOCAL_CSV","player_season","player_season","homeGoals","player_season","ENTITY","source_player_identity_to_player_season","True","Player-season rows require season-aware source-player identity.","SOURCE_PLAYER_TO_PLAYER_SEASON","source_player_identity_to_player_season","","","","","EXPLICIT_SOURCE_GRAIN_ROUTE","NOT_YET_PROVEN"
"FRL_LOCAL_CSV","player_season","player_season","iboxBlocked","player_season","ENTITY","source_player_identity_to_player_season","True","Player-season rows require season-aware source-player identity.","SOURCE_PLAYER_TO_PLAYER_SEASON","source_player_identity_to_player_season","","","","","EXPLICIT_SOURCE_GRAIN_ROUTE","NOT_YET_PROVEN"
"FRL_LOCAL_CSV","player_season","player_season","iboxTarget","player_season","ENTITY","source_player_identity_to_player_season","True","Player-season rows require season-aware source-player identity.","SOURCE_PLAYER_TO_PLAYER_SEASON","source_player_identity_to_player_season","","","","","EXPLICIT_SOURCE_GRAIN_ROUTE","NOT_YET_PROVEN"
"FRL_LOCAL_CSV","player_season","player_season","interceptions","player_season","ENTITY","source_player_identity_to_player_season","True","Player-season rows require season-aware source-player identity.","SOURCE_PLAYER_TO_PLAYER_SEASON","source_player_identity_to_player_season","","","","","EXPLICIT_SOURCE_GRAIN_ROUTE","NOT_YET_PROVEN"
"FRL_LOCAL_CSV","player_season","player_season","keyPassesAttemptAssists","player_season","ENTITY","source_player_identity_to_player_season","True","Player-season rows require season-aware source-player identity.","SOURCE_PLAYER_TO_PLAYER_SEASON","source_player_identity_to_player_season","","","","","EXPLICIT_SOURCE_GRAIN_ROUTE","NOT_YET_PROVEN"
"FRL_LOCAL_CSV","player_season","player_season","lastPlayerTackle","player_season","ENTITY","source_player_identity_to_player_season","True","Player-season rows require season-aware source-player identity.","SOURCE_PLAYER_TO_PLAYER_SEASON","source_player_identity_to_player_season","","","","","EXPLICIT_SOURCE_GRAIN_ROUTE","NOT_YET_PROVEN"
"FRL_LOCAL_CSV","player_season","player_season","leftFootGoals","player_season","ENTITY","source_player_identity_to_player_season","True","Player-season rows require season-aware source-player identity.","SOURCE_PLAYER_TO_PLAYER_SEASON","source_player_identity_to_player_season","","","","","EXPLICIT_SOURCE_GRAIN_ROUTE","NOT_YET_PROVEN"
"FRL_LOCAL_CSV","player_season","player_season","leftsidePasses","player_season","ENTITY","source_player_identity_to_player_season","True","Player-season rows require season-aware source-player identity.","SOURCE_PLAYER_TO_PLAYER_SEASON","source_player_identity_to_player_season","","","","","EXPLICIT_SOURCE_GRAIN_ROUTE","NOT_YET_PROVEN"
"FRL_LOCAL_CSV","player_season","player_season","nationality","player_season","ENTITY","source_player_identity_to_player_season","True","Player-season rows require season-aware source-player identity.","SOURCE_PLAYER_TO_PLAYER_SEASON","source_player_identity_to_player_season","","","","","EXPLICIT_SOURCE_GRAIN_ROUTE","NOT_YET_PROVEN"
"FRL_LOCAL_CSV","player_season","player_season","oboxBlocked","player_season","ENTITY","source_player_identity_to_player_season","True","Player-season rows require season-aware source-player identity.","SOURCE_PLAYER_TO_PLAYER_SEASON","source_player_identity_to_player_season","","","","","EXPLICIT_SOURCE_GRAIN_ROUTE","NOT_YET_PROVEN"
"FRL_LOCAL_CSV","player_season","player_season","oboxTarget","player_season","ENTITY","source_player_identity_to_player_season","True","Player-season rows require season-aware source-player identity.","SOURCE_PLAYER_TO_PLAYER_SEASON","source_player_identity_to_player_season","","","","","EXPLICIT_SOURCE_GRAIN_ROUTE","NOT_YET_PROVEN"
"FRL_LOCAL_CSV","player_season","player_season","offsides","player_season","ENTITY","source_player_identity_to_player_season","True","Player-season rows require season-aware source-player identity.","SOURCE_PLAYER_TO_PLAYER_SEASON","source_player_identity_to_player_season","","","","","EXPLICIT_SOURCE_GRAIN_ROUTE","NOT_YET_PROVEN"
"FRL_LOCAL_CSV","player_season","player_season","openPlayPasses","player_season","ENTITY","source_player_identity_to_player_season","True","Player-season rows require season-aware source-player identity.","SOURCE_PLAYER_TO_PLAYER_SEASON","source_player_identity_to_player_season","","","","","EXPLICIT_SOURCE_GRAIN_ROUTE","NOT_YET_PROVEN"
"FRL_LOCAL_CSV","player_season","player_season","otherGoals","player_season","ENTITY","source_player_identity_to_player_season","True","Player-season rows require season-aware source-player identity.","SOURCE_PLAYER_TO_PLAYER_SEASON","source_player_identity_to_player_season","","","","","EXPLICIT_SOURCE_GRAIN_ROUTE","NOT_YET_PROVEN"
"FRL_LOCAL_CSV","player_season","player_season","overruns","player_season","ENTITY","source_player_identity_to_player_season","True","Player-season rows require season-aware source-player identity.","SOURCE_PLAYER_TO_PLAYER_SEASON","source_player_identity_to_player_season","","","","","EXPLICIT_SOURCE_GRAIN_ROUTE","NOT_YET_PROVEN"
"FRL_LOCAL_CSV","player_season","player_season","ownGoalScored","player_season","ENTITY","source_player_identity_to_player_season","True","Player-season rows require season-aware source-player identity.","SOURCE_PLAYER_TO_PLAYER_SEASON","source_player_identity_to_player_season","","","","","EXPLICIT_SOURCE_GRAIN_ROUTE","NOT_YET_PROVEN"
"FRL_LOCAL_CSV","player_season","player_season","penaltiesConceded","player_season","ENTITY","source_player_identity_to_player_season","True","Player-season rows require season-aware source-player identity.","SOURCE_PLAYER_TO_PLAYER_SEASON","source_player_identity_to_player_season","","","","","EXPLICIT_SOURCE_GRAIN_ROUTE","NOT_YET_PROVEN"
"FRL_LOCAL_CSV","player_season","player_season","penaltiesFaced","player_season","ENTITY","source_player_identity_to_player_season","True","Player-season rows require season-aware source-player identity.","SOURCE_PLAYER_TO_PLAYER_SEASON","source_player_identity_to_player_season","","","","","EXPLICIT_SOURCE_GRAIN_ROUTE","NOT_YET_PROVEN"
"FRL_LOCAL_CSV","player_season","player_season","penaltiesSaved","player_season","ENTITY","source_player_identity_to_player_season","True","Player-season rows require season-aware source-player identity.","SOURCE_PLAYER_TO_PLAYER_SEASON","source_player_identity_to_player_season","","","","","EXPLICIT_SOURCE_GRAIN_ROUTE","NOT_YET_PROVEN"
"FRL_LOCAL_CSV","player_season","player_season","penaltiesTaken","player_season","ENTITY","source_player_identity_to_player_season","True","Player-season rows require season-aware source-player identity.","SOURCE_PLAYER_TO_PLAYER_SEASON","source_player_identity_to_player_season","","","","","EXPLICIT_SOURCE_GRAIN_ROUTE","NOT_YET_PROVEN"
"FRL_LOCAL_CSV","player_season","player_season","penaltyGoals","player_season","ENTITY","source_player_identity_to_player_season","True","Player-season rows require season-aware source-player identity.","SOURCE_PLAYER_TO_PLAYER_SEASON","source_player_identity_to_player_season","","","","","EXPLICIT_SOURCE_GRAIN_ROUTE","NOT_YET_PROVEN"
"FRL_LOCAL_CSV","player_season","player_season","penaltyGoalsConceded","player_season","ENTITY","source_player_identity_to_player_season","True","Player-season rows require season-aware source-player identity.","SOURCE_PLAYER_TO_PLAYER_SEASON","source_player_identity_to_player_season","","","","","EXPLICIT_SOURCE_GRAIN_ROUTE","NOT_YET_PROVEN"
"FRL_LOCAL_CSV","player_season","player_season","playerId","player_season","ENTITY","source_player_identity_to_player_season","True","Player-season rows require season-aware source-player identity.","SOURCE_PLAYER_TO_PLAYER_SEASON","source_player_identity_to_player_season","","","","","EXPLICIT_SOURCE_GRAIN_ROUTE","NOT_YET_PROVEN"
"FRL_LOCAL_CSV","player_season","player_season","playerName","player_season","ENTITY","source_player_identity_to_player_season","True","Player-season rows require season-aware source-player identity.","SOURCE_PLAYER_TO_PLAYER_SEASON","source_player_identity_to_player_season","","","","","EXPLICIT_SOURCE_GRAIN_ROUTE","NOT_YET_PROVEN"
"FRL_LOCAL_CSV","player_season","player_season","position","player_season","ENTITY","source_player_identity_to_player_season","True","Player-season rows require season-aware source-player identity.","SOURCE_PLAYER_TO_PLAYER_SEASON","source_player_identity_to_player_season","","","","","EXPLICIT_SOURCE_GRAIN_ROUTE","NOT_YET_PROVEN"
"FRL_LOCAL_CSV","player_season","player_season","punches","player_season","ENTITY","source_player_identity_to_player_season","True","Player-season rows require season-aware source-player identity.","SOURCE_PLAYER_TO_PLAYER_SEASON","source_player_identity_to_player_season","","","","","EXPLICIT_SOURCE_GRAIN_ROUTE","NOT_YET_PROVEN"
"FRL_LOCAL_CSV","player_season","player_season","putthroughBlockedDistribution","player_season","ENTITY","source_player_identity_to_player_season","True","Player-season rows require season-aware source-player identity.","SOURCE_PLAYER_TO_PLAYER_SEASON","source_player_identity_to_player_season","","","","","EXPLICIT_SOURCE_GRAIN_ROUTE","NOT_YET_PROVEN"
"FRL_LOCAL_CSV","player_season","player_season","putthroughBlockedDistributionWon","player_season","ENTITY","source_player_identity_to_player_season","True","Player-season rows require season-aware source-player identity.","SOURCE_PLAYER_TO_PLAYER_SEASON","source_player_identity_to_player_season","","","","","EXPLICIT_SOURCE_GRAIN_ROUTE","NOT_YET_PROVEN"
"FRL_LOCAL_CSV","player_season","player_season","recoveries","player_season","ENTITY","source_player_identity_to_player_season","True","Player-season rows require season-aware source-player identity.","SOURCE_PLAYER_TO_PLAYER_SEASON","source_player_identity_to_player_season","","","","","EXPLICIT_SOURCE_GRAIN_ROUTE","NOT_YET_PROVEN"
"FRL_LOCAL_CSV","player_season","player_season","redCards2ndYellow","player_season","ENTITY","source_player_identity_to_player_season","True","Player-season rows require season-aware source-player identity.","SOURCE_PLAYER_TO_PLAYER_SEASON","source_player_identity_to_player_season","","","","","EXPLICIT_SOURCE_GRAIN_ROUTE","NOT_YET_PROVEN"
"FRL_LOCAL_CSV","player_season","player_season","rightFootGoals","player_season","ENTITY","source_player_identity_to_player_season","True","Player-season rows require season-aware source-player identity.","SOURCE_PLAYER_TO_PLAYER_SEASON","source_player_identity_to_player_season","","","","","EXPLICIT_SOURCE_GRAIN_ROUTE","NOT_YET_PROVEN"
"FRL_LOCAL_CSV","player_season","player_season","rightsidePasses","player_season","ENTITY","source_player_identity_to_player_season","True","Player-season rows require season-aware source-player identity.","SOURCE_PLAYER_TO_PLAYER_SEASON","source_player_identity_to_player_season","","","","","EXPLICIT_SOURCE_GRAIN_ROUTE","NOT_YET_PROVEN"
"FRL_LOCAL_CSV","player_season","player_season","savesFromPenalty","player_season","ENTITY","source_player_identity_to_player_season","True","Player-season rows require season-aware source-player identity.","SOURCE_PLAYER_TO_PLAYER_SEASON","source_player_identity_to_player_season","","","","","EXPLICIT_SOURCE_GRAIN_ROUTE","NOT_YET_PROVEN"
"FRL_LOCAL_CSV","player_season","player_season","savesMade","player_season","ENTITY","source_player_identity_to_player_season","True","Player-season rows require season-aware source-player identity.","SOURCE_PLAYER_TO_PLAYER_SEASON","source_player_identity_to_player_season","","","","","EXPLICIT_SOURCE_GRAIN_ROUTE","NOT_YET_PROVEN"
"FRL_LOCAL_CSV","player_season","player_season","savesMadeCaught","player_season","ENTITY","source_player_identity_to_player_season","True","Player-season rows require season-aware source-player identity.","SOURCE_PLAYER_TO_PLAYER_SEASON","source_player_identity_to_player_season","","","","","EXPLICIT_SOURCE_GRAIN_ROUTE","NOT_YET_PROVEN"
"FRL_LOCAL_CSV","player_season","player_season","savesMadeFromInsideBox","player_season","ENTITY","source_player_identity_to_player_season","True","Player-season rows require season-aware source-player identity.","SOURCE_PLAYER_TO_PLAYER_SEASON","source_player_identity_to_player_season","","","","","EXPLICIT_SOURCE_GRAIN_ROUTE","NOT_YET_PROVEN"
"FRL_LOCAL_CSV","player_season","player_season","savesMadeFromOutsideBox","player_season","ENTITY","source_player_identity_to_player_season","True","Player-season rows require season-aware source-player identity.","SOURCE_PLAYER_TO_PLAYER_SEASON","source_player_identity_to_player_season","","","","","EXPLICIT_SOURCE_GRAIN_ROUTE","NOT_YET_PROVEN"
"FRL_LOCAL_CSV","player_season","player_season","savesMadeParried","player_season","ENTITY","source_player_identity_to_player_season","True","Player-season rows require season-aware source-player identity.","SOURCE_PLAYER_TO_PLAYER_SEASON","source_player_identity_to_player_season","","","","","EXPLICIT_SOURCE_GRAIN_ROUTE","NOT_YET_PROVEN"
"FRL_LOCAL_CSV","player_season","player_season","season","player_season","ENTITY","source_player_identity_to_player_season","True","Player-season rows require season-aware source-player identity.","SOURCE_PLAYER_TO_PLAYER_SEASON","source_player_identity_to_player_season","","","","","EXPLICIT_SOURCE_GRAIN_ROUTE","NOT_YET_PROVEN"
"FRL_LOCAL_CSV","player_season","player_season","secondGoalAssists","player_season","ENTITY","source_player_identity_to_player_season","True","Player-season rows require season-aware source-player identity.","SOURCE_PLAYER_TO_PLAYER_SEASON","source_player_identity_to_player_season","","","","","EXPLICIT_SOURCE_GRAIN_ROUTE","NOT_YET_PROVEN"
"FRL_LOCAL_CSV","player_season","player_season","setPiecesGoals","player_season","ENTITY","source_player_identity_to_player_season","True","Player-season rows require season-aware source-player identity.","SOURCE_PLAYER_TO_PLAYER_SEASON","source_player_identity_to_player_season","","","","","EXPLICIT_SOURCE_GRAIN_ROUTE","NOT_YET_PROVEN"
"FRL_LOCAL_CSV","player_season","player_season","shotsBlockedInBox","player_season","ENTITY","source_player_identity_to_player_season","True","Player-season rows require season-aware source-player identity.","SOURCE_PLAYER_TO_PLAYER_SEASON","source_player_identity_to_player_season","","","","","EXPLICIT_SOURCE_GRAIN_ROUTE","NOT_YET_PROVEN"
"FRL_LOCAL_CSV","player_season","player_season","shotsBlockedOutsideBox","player_season","ENTITY","source_player_identity_to_player_season","True","Player-season rows require season-aware source-player identity.","SOURCE_PLAYER_TO_PLAYER_SEASON","source_player_identity_to_player_season","","","","","EXPLICIT_SOURCE_GRAIN_ROUTE","NOT_YET_PROVEN"
"FRL_LOCAL_CSV","player_season","player_season","shotsOffTargetIncWoodwork","player_season","ENTITY","source_player_identity_to_player_season","True","Player-season rows require season-aware source-player identity.","SOURCE_PLAYER_TO_PLAYER_SEASON","source_player_identity_to_player_season","","","","","EXPLICIT_SOURCE_GRAIN_ROUTE","NOT_YET_PROVEN"
"FRL_LOCAL_CSV","player_season","player_season","shotsOnTargetInBox","player_season","ENTITY","source_player_identity_to_player_season","True","Player-season rows require season-aware source-player identity.","SOURCE_PLAYER_TO_PLAYER_SEASON","source_player_identity_to_player_season","","","","","EXPLICIT_SOURCE_GRAIN_ROUTE","NOT_YET_PROVEN"
"FRL_LOCAL_CSV","player_season","player_season","shotsOnTargetIncGoals","player_season","ENTITY","source_player_identity_to_player_season","True","Player-season rows require season-aware source-player identity.","SOURCE_PLAYER_TO_PLAYER_SEASON","source_player_identity_to_player_season","","","","","EXPLICIT_SOURCE_GRAIN_ROUTE","NOT_YET_PROVEN"
"FRL_LOCAL_CSV","player_season","player_season","shotsOnTargetOutsideBox","player_season","ENTITY","source_player_identity_to_player_season","True","Player-season rows require season-aware source-player identity.","SOURCE_PLAYER_TO_PLAYER_SEASON","source_player_identity_to_player_season","","","","","EXPLICIT_SOURCE_GRAIN_ROUTE","NOT_YET_PROVEN"
"FRL_LOCAL_CSV","player_season","player_season","starts","player_season","ENTITY","source_player_identity_to_player_season","True","Player-season rows require season-aware source-player identity.","SOURCE_PLAYER_TO_PLAYER_SEASON","source_player_identity_to_player_season","","","","","EXPLICIT_SOURCE_GRAIN_ROUTE","NOT_YET_PROVEN"
"FRL_LOCAL_CSV","player_season","player_season","straightRedCards","player_season","ENTITY","source_player_identity_to_player_season","True","Player-season rows require season-aware source-player identity.","SOURCE_PLAYER_TO_PLAYER_SEASON","source_player_identity_to_player_season","","","","","EXPLICIT_SOURCE_GRAIN_ROUTE","NOT_YET_PROVEN"
"FRL_LOCAL_CSV","player_season","player_season","substituteOff","player_season","ENTITY","source_player_identity_to_player_season","True","Player-season rows require season-aware source-player identity.","SOURCE_PLAYER_TO_PLAYER_SEASON","source_player_identity_to_player_season","","","","","EXPLICIT_SOURCE_GRAIN_ROUTE","NOT_YET_PROVEN"
"FRL_LOCAL_CSV","player_season","player_season","substituteOn","player_season","ENTITY","source_player_identity_to_player_season","True","Player-season rows require season-aware source-player identity.","SOURCE_PLAYER_TO_PLAYER_SEASON","source_player_identity_to_player_season","","","","","EXPLICIT_SOURCE_GRAIN_ROUTE","NOT_YET_PROVEN"
"FRL_LOCAL_CSV","player_season","player_season","successfulCornersIntoBox","player_season","ENTITY","source_player_identity_to_player_season","True","Player-season rows require season-aware source-player identity.","SOURCE_PLAYER_TO_PLAYER_SEASON","source_player_identity_to_player_season","","","","","EXPLICIT_SOURCE_GRAIN_ROUTE","NOT_YET_PROVEN"
"FRL_LOCAL_CSV","player_season","player_season","successfulCrossesAndCorners","player_season","ENTITY","source_player_identity_to_player_season","True","Player-season rows require season-aware source-player identity.","SOURCE_PLAYER_TO_PLAYER_SEASON","source_player_identity_to_player_season","","","","","EXPLICIT_SOURCE_GRAIN_ROUTE","NOT_YET_PROVEN"
"FRL_LOCAL_CSV","player_season","player_season","successfulCrossesOpenPlay","player_season","ENTITY","source_player_identity_to_player_season","True","Player-season rows require season-aware source-player identity.","SOURCE_PLAYER_TO_PLAYER_SEASON","source_player_identity_to_player_season","","","","","EXPLICIT_SOURCE_GRAIN_ROUTE","NOT_YET_PROVEN"
"FRL_LOCAL_CSV","player_season","player_season","successfulDribbles","player_season","ENTITY","source_player_identity_to_player_season","True","Player-season rows require season-aware source-player identity.","SOURCE_PLAYER_TO_PLAYER_SEASON","source_player_identity_to_player_season","","","","","EXPLICIT_SOURCE_GRAIN_ROUTE","NOT_YET_PROVEN"
"FRL_LOCAL_CSV","player_season","player_season","successfulFiftyFifty","player_season","ENTITY","source_player_identity_to_player_season","True","Player-season rows require season-aware source-player identity.","SOURCE_PLAYER_TO_PLAYER_SEASON","source_player_identity_to_player_season","","","","","EXPLICIT_SOURCE_GRAIN_ROUTE","NOT_YET_PROVEN"
"FRL_LOCAL_CSV","player_season","player_season","successfulLaunches","player_season","ENTITY","source_player_identity_to_player_season","True","Player-season rows require season-aware source-player identity.","SOURCE_PLAYER_TO_PLAYER_SEASON","source_player_identity_to_player_season","","","","","EXPLICIT_SOURCE_GRAIN_ROUTE","NOT_YET_PROVEN"
"FRL_LOCAL_CSV","player_season","player_season","successfulLayoffs","player_season","ENTITY","source_player_identity_to_player_season","True","Player-season rows require season-aware source-player identity.","SOURCE_PLAYER_TO_PLAYER_SEASON","source_player_identity_to_player_season","","","","","EXPLICIT_SOURCE_GRAIN_ROUTE","NOT_YET_PROVEN"
"FRL_LOCAL_CSV","player_season","player_season","successfulLongPasses","player_season","ENTITY","source_player_identity_to_player_season","True","Player-season rows require season-aware source-player identity.","SOURCE_PLAYER_TO_PLAYER_SEASON","source_player_identity_to_player_season","","","","","EXPLICIT_SOURCE_GRAIN_ROUTE","NOT_YET_PROVEN"
"FRL_LOCAL_CSV","player_season","player_season","successfulPassesOppositionHalf","player_season","ENTITY","source_player_identity_to_player_season","True","Player-season rows require season-aware source-player identity.","SOURCE_PLAYER_TO_PLAYER_SEASON","source_player_identity_to_player_season","","","","","EXPLICIT_SOURCE_GRAIN_ROUTE","NOT_YET_PROVEN"
"FRL_LOCAL_CSV","player_season","player_season","successfulPassesOwnHalf","player_season","ENTITY","source_player_identity_to_player_season","True","Player-season rows require season-aware source-player identity.","SOURCE_PLAYER_TO_PLAYER_SEASON","source_player_identity_to_player_season","","","","","EXPLICIT_SOURCE_GRAIN_ROUTE","NOT_YET_PROVEN"
"FRL_LOCAL_CSV","player_season","player_season","successfulShortPasses","player_season","ENTITY","source_player_identity_to_player_season","True","Player-season rows require season-aware source-player identity.","SOURCE_PLAYER_TO_PLAYER_SEASON","source_player_identity_to_player_season","","","","","EXPLICIT_SOURCE_GRAIN_ROUTE","NOT_YET_PROVEN"
"FRL_LOCAL_CSV","player_season","player_season","tacklesLost","player_season","ENTITY","source_player_identity_to_player_season","True","Player-season rows require season-aware source-player identity.","SOURCE_PLAYER_TO_PLAYER_SEASON","source_player_identity_to_player_season","","","","","EXPLICIT_SOURCE_GRAIN_ROUTE","NOT_YET_PROVEN"
"FRL_LOCAL_CSV","player_season","player_season","tacklesWon","player_season","ENTITY","source_player_identity_to_player_season","True","Player-season rows require season-aware source-player identity.","SOURCE_PLAYER_TO_PLAYER_SEASON","source_player_identity_to_player_season","","","","","EXPLICIT_SOURCE_GRAIN_ROUTE","NOT_YET_PROVEN"
"FRL_LOCAL_CSV","player_season","player_season","team_id","player_season","ENTITY","source_player_identity_to_player_season","True","Player-season rows require season-aware source-player identity.","SOURCE_PLAYER_TO_PLAYER_SEASON","source_player_identity_to_player_season","","","","","EXPLICIT_SOURCE_GRAIN_ROUTE","NOT_YET_PROVEN"
"FRL_LOCAL_CSV","player_season","player_season","team_name","player_season","ENTITY","source_player_identity_to_player_season","True","Player-season rows require season-aware source-player identity.","SOURCE_PLAYER_TO_PLAYER_SEASON","source_player_identity_to_player_season","","","","","EXPLICIT_SOURCE_GRAIN_ROUTE","NOT_YET_PROVEN"
"FRL_LOCAL_CSV","player_season","player_season","throughBalls","player_season","ENTITY","source_player_identity_to_player_season","True","Player-season rows require season-aware source-player identity.","SOURCE_PLAYER_TO_PLAYER_SEASON","source_player_identity_to_player_season","","","","","EXPLICIT_SOURCE_GRAIN_ROUTE","NOT_YET_PROVEN"
"FRL_LOCAL_CSV","player_season","player_season","throwInsToOppositionPlayer","player_season","ENTITY","source_player_identity_to_player_season","True","Player-season rows require season-aware source-player identity.","SOURCE_PLAYER_TO_PLAYER_SEASON","source_player_identity_to_player_season","","","","","EXPLICIT_SOURCE_GRAIN_ROUTE","NOT_YET_PROVEN"
"FRL_LOCAL_CSV","player_season","player_season","throwInsToOwnPlayer","player_season","ENTITY","source_player_identity_to_player_season","True","Player-season rows require season-aware source-player identity.","SOURCE_PLAYER_TO_PLAYER_SEASON","source_player_identity_to_player_season","","","","","EXPLICIT_SOURCE_GRAIN_ROUTE","NOT_YET_PROVEN"
"FRL_LOCAL_CSV","player_season","player_season","timePlayed","player_season","ENTITY","source_player_identity_to_player_season","True","Player-season rows require season-aware source-player identity.","SOURCE_PLAYER_TO_PLAYER_SEASON","source_player_identity_to_player_season","","","","","EXPLICIT_SOURCE_GRAIN_ROUTE","NOT_YET_PROVEN"
"FRL_LOCAL_CSV","player_season","player_season","timesTackled","player_season","ENTITY","source_player_identity_to_player_season","True","Player-season rows require season-aware source-player identity.","SOURCE_PLAYER_TO_PLAYER_SEASON","source_player_identity_to_player_season","","","","","EXPLICIT_SOURCE_GRAIN_ROUTE","NOT_YET_PROVEN"
"FRL_LOCAL_CSV","player_season","player_season","totalClearances","player_season","ENTITY","source_player_identity_to_player_season","True","Player-season rows require season-aware source-player identity.","SOURCE_PLAYER_TO_PLAYER_SEASON","source_player_identity_to_player_season","","","","","EXPLICIT_SOURCE_GRAIN_ROUTE","NOT_YET_PROVEN"
"FRL_LOCAL_CSV","player_season","player_season","totalFoulsConceded","player_season","ENTITY","source_player_identity_to_player_season","True","Player-season rows require season-aware source-player identity.","SOURCE_PLAYER_TO_PLAYER_SEASON","source_player_identity_to_player_season","","","","","EXPLICIT_SOURCE_GRAIN_ROUTE","NOT_YET_PROVEN"
"FRL_LOCAL_CSV","player_season","player_season","totalFoulsWon","player_season","ENTITY","source_player_identity_to_player_season","True","Player-season rows require season-aware source-player identity.","SOURCE_PLAYER_TO_PLAYER_SEASON","source_player_identity_to_player_season","","","","","EXPLICIT_SOURCE_GRAIN_ROUTE","NOT_YET_PROVEN"
"FRL_LOCAL_CSV","player_season","player_season","totalLossesOfPossession","player_season","ENTITY","source_player_identity_to_player_season","True","Player-season rows require season-aware source-player identity.","SOURCE_PLAYER_TO_PLAYER_SEASON","source_player_identity_to_player_season","","","","","EXPLICIT_SOURCE_GRAIN_ROUTE","NOT_YET_PROVEN"
"FRL_LOCAL_CSV","player_season","player_season","totalPasses","player_season","ENTITY","source_player_identity_to_player_season","True","Player-season rows require season-aware source-player identity.","SOURCE_PLAYER_TO_PLAYER_SEASON","source_player_identity_to_player_season","","","","","EXPLICIT_SOURCE_GRAIN_ROUTE","NOT_YET_PROVEN"
"FRL_LOCAL_CSV","player_season","player_season","totalRedCards","player_season","ENTITY","source_player_identity_to_player_season","True","Player-season rows require season-aware source-player identity.","SOURCE_PLAYER_TO_PLAYER_SEASON","source_player_identity_to_player_season","","","","","EXPLICIT_SOURCE_GRAIN_ROUTE","NOT_YET_PROVEN"
"FRL_LOCAL_CSV","player_season","player_season","totalShots","player_season","ENTITY","source_player_identity_to_player_season","True","Player-season rows require season-aware source-player identity.","SOURCE_PLAYER_TO_PLAYER_SEASON","source_player_identity_to_player_season","","","","","EXPLICIT_SOURCE_GRAIN_ROUTE","NOT_YET_PROVEN"
"FRL_LOCAL_CSV","player_season","player_season","totalTackles","player_season","ENTITY","source_player_identity_to_player_season","True","Player-season rows require season-aware source-player identity.","SOURCE_PLAYER_TO_PLAYER_SEASON","source_player_identity_to_player_season","","","","","EXPLICIT_SOURCE_GRAIN_ROUTE","NOT_YET_PROVEN"
"FRL_LOCAL_CSV","player_season","player_season","totalTouchesInOppositionBox","player_season","ENTITY","source_player_identity_to_player_season","True","Player-season rows require season-aware source-player identity.","SOURCE_PLAYER_TO_PLAYER_SEASON","source_player_identity_to_player_season","","","","","EXPLICIT_SOURCE_GRAIN_ROUTE","NOT_YET_PROVEN"
"FRL_LOCAL_CSV","player_season","player_season","totalUnsuccessfulPassesExclCrossesAndCorners","player_season","ENTITY","source_player_identity_to_player_season","True","Player-season rows require season-aware source-player identity.","SOURCE_PLAYER_TO_PLAYER_SEASON","source_player_identity_to_player_season","","","","","EXPLICIT_SOURCE_GRAIN_ROUTE","NOT_YET_PROVEN"
"FRL_LOCAL_CSV","player_season","player_season","touches","player_season","ENTITY","source_player_identity_to_player_season","True","Player-season rows require season-aware source-player identity.","SOURCE_PLAYER_TO_PLAYER_SEASON","source_player_identity_to_player_season","","","","","EXPLICIT_SOURCE_GRAIN_ROUTE","NOT_YET_PROVEN"
"FRL_LOCAL_CSV","player_season","player_season","unsuccessfulCornersIntoBox","player_season","ENTITY","source_player_identity_to_player_season","True","Player-season rows require season-aware source-player identity.","SOURCE_PLAYER_TO_PLAYER_SEASON","source_player_identity_to_player_season","","","","","EXPLICIT_SOURCE_GRAIN_ROUTE","NOT_YET_PROVEN"
"FRL_LOCAL_CSV","player_season","player_season","unsuccessfulCrossesAndCorners","player_season","ENTITY","source_player_identity_to_player_season","True","Player-season rows require season-aware source-player identity.","SOURCE_PLAYER_TO_PLAYER_SEASON","source_player_identity_to_player_season","","","","","EXPLICIT_SOURCE_GRAIN_ROUTE","NOT_YET_PROVEN"
"FRL_LOCAL_CSV","player_season","player_season","unsuccessfulCrossesOpenPlay","player_season","ENTITY","source_player_identity_to_player_season","True","Player-season rows require season-aware source-player identity.","SOURCE_PLAYER_TO_PLAYER_SEASON","source_player_identity_to_player_season","","","","","EXPLICIT_SOURCE_GRAIN_ROUTE","NOT_YET_PROVEN"
"FRL_LOCAL_CSV","player_season","player_season","unsuccessfulDribbles","player_season","ENTITY","source_player_identity_to_player_season","True","Player-season rows require season-aware source-player identity.","SOURCE_PLAYER_TO_PLAYER_SEASON","source_player_identity_to_player_season","","","","","EXPLICIT_SOURCE_GRAIN_ROUTE","NOT_YET_PROVEN"
"FRL_LOCAL_CSV","player_season","player_season","unsuccessfulLaunches","player_season","ENTITY","source_player_identity_to_player_season","True","Player-season rows require season-aware source-player identity.","SOURCE_PLAYER_TO_PLAYER_SEASON","source_player_identity_to_player_season","","","","","EXPLICIT_SOURCE_GRAIN_ROUTE","NOT_YET_PROVEN"
"FRL_LOCAL_CSV","player_season","player_season","unsuccessfulLayoffs","player_season","ENTITY","source_player_identity_to_player_season","True","Player-season rows require season-aware source-player identity.","SOURCE_PLAYER_TO_PLAYER_SEASON","source_player_identity_to_player_season","","","","","EXPLICIT_SOURCE_GRAIN_ROUTE","NOT_YET_PROVEN"
"FRL_LOCAL_CSV","player_season","player_season","unsuccessfulLongPasses","player_season","ENTITY","source_player_identity_to_player_season","True","Player-season rows require season-aware source-player identity.","SOURCE_PLAYER_TO_PLAYER_SEASON","source_player_identity_to_player_season","","","","","EXPLICIT_SOURCE_GRAIN_ROUTE","NOT_YET_PROVEN"
"FRL_LOCAL_CSV","player_season","player_season","unsuccessfulPassesOwnHalf","player_season","ENTITY","source_player_identity_to_player_season","True","Player-season rows require season-aware source-player identity.","SOURCE_PLAYER_TO_PLAYER_SEASON","source_player_identity_to_player_season","","","","","EXPLICIT_SOURCE_GRAIN_ROUTE","NOT_YET_PROVEN"
"FRL_LOCAL_CSV","player_season","player_season","unsuccessfulShortPasses","player_season","ENTITY","source_player_identity_to_player_season","True","Player-season rows require season-aware source-player identity.","SOURCE_PLAYER_TO_PLAYER_SEASON","source_player_identity_to_player_season","","","","","EXPLICIT_SOURCE_GRAIN_ROUTE","NOT_YET_PROVEN"
"FRL_LOCAL_CSV","player_season","player_season","winningGoal","player_season","ENTITY","source_player_identity_to_player_season","True","Player-season rows require season-aware source-player identity.","SOURCE_PLAYER_TO_PLAYER_SEASON","source_player_identity_to_player_season","","","","","EXPLICIT_SOURCE_GRAIN_ROUTE","NOT_YET_PROVEN"
"FRL_LOCAL_CSV","player_season","player_season","yellowCards","player_season","ENTITY","source_player_identity_to_player_season","True","Player-season rows require season-aware source-player identity.","SOURCE_PLAYER_TO_PLAYER_SEASON","source_player_identity_to_player_season","","","","","EXPLICIT_SOURCE_GRAIN_ROUTE","NOT_YET_PROVEN"
"FRL_LOCAL_CSV","squad","squad","age","UNMAPPED_REVIEW","UNKNOWN","","False","No deterministic relationship contract mapping; manual review required.","","","","","CANONICAL_TEAM_SEASON_TO_SOURCE_TEAM","canonical_team_season_to_source_team","EXPLICIT_SOURCE_GRAIN_ROUTE","NOT_YET_PROVEN"
"FRL_LOCAL_CSV","squad","squad","birthCountry","UNMAPPED_REVIEW","UNKNOWN","","False","No deterministic relationship contract mapping; manual review required.","","","","","CANONICAL_TEAM_SEASON_TO_SOURCE_TEAM","canonical_team_season_to_source_team","EXPLICIT_SOURCE_GRAIN_ROUTE","NOT_YET_PROVEN"
"FRL_LOCAL_CSV","squad","squad","birthDate","UNMAPPED_REVIEW","UNKNOWN","","False","No deterministic relationship contract mapping; manual review required.","","","","","CANONICAL_TEAM_SEASON_TO_SOURCE_TEAM","canonical_team_season_to_source_team","EXPLICIT_SOURCE_GRAIN_ROUTE","NOT_YET_PROVEN"
"FRL_LOCAL_CSV","squad","squad","displayName","UNMAPPED_REVIEW","UNKNOWN","","False","No deterministic relationship contract mapping; manual review required.","","","","","CANONICAL_TEAM_SEASON_TO_SOURCE_TEAM","canonical_team_season_to_source_team","EXPLICIT_SOURCE_GRAIN_ROUTE","NOT_YET_PROVEN"
"FRL_LOCAL_CSV","squad","squad","firstName","UNMAPPED_REVIEW","UNKNOWN","","False","No deterministic relationship contract mapping; manual review required.","","","","","CANONICAL_TEAM_SEASON_TO_SOURCE_TEAM","canonical_team_season_to_source_team","EXPLICIT_SOURCE_GRAIN_ROUTE","NOT_YET_PROVEN"
"FRL_LOCAL_CSV","squad","squad","height_cm","UNMAPPED_REVIEW","UNKNOWN","","False","No deterministic relationship contract mapping; manual review required.","","","","","CANONICAL_TEAM_SEASON_TO_SOURCE_TEAM","canonical_team_season_to_source_team","EXPLICIT_SOURCE_GRAIN_ROUTE","NOT_YET_PROVEN"
"FRL_LOCAL_CSV","squad","squad","isoCode","UNMAPPED_REVIEW","UNKNOWN","","False","No deterministic relationship contract mapping; manual review required.","","","","","CANONICAL_TEAM_SEASON_TO_SOURCE_TEAM","canonical_team_season_to_source_team","EXPLICIT_SOURCE_GRAIN_ROUTE","NOT_YET_PROVEN"
"FRL_LOCAL_CSV","squad","squad","joinDate","UNMAPPED_REVIEW","UNKNOWN","","False","No deterministic relationship contract mapping; manual review required.","","","","","CANONICAL_TEAM_SEASON_TO_SOURCE_TEAM","canonical_team_season_to_source_team","EXPLICIT_SOURCE_GRAIN_ROUTE","NOT_YET_PROVEN"
"FRL_LOCAL_CSV","squad","squad","lastName","UNMAPPED_REVIEW","UNKNOWN","","False","No deterministic relationship contract mapping; manual review required.","","","","","CANONICAL_TEAM_SEASON_TO_SOURCE_TEAM","canonical_team_season_to_source_team","EXPLICIT_SOURCE_GRAIN_ROUTE","NOT_YET_PROVEN"
"FRL_LOCAL_CSV","squad","squad","nationality","UNMAPPED_REVIEW","UNKNOWN","","False","No deterministic relationship contract mapping; manual review required.","","","","","CANONICAL_TEAM_SEASON_TO_SOURCE_TEAM","canonical_team_season_to_source_team","EXPLICIT_SOURCE_GRAIN_ROUTE","NOT_YET_PROVEN"
"FRL_LOCAL_CSV","squad","squad","onLoan","UNMAPPED_REVIEW","UNKNOWN","","False","No deterministic relationship contract mapping; manual review required.","","","","","CANONICAL_TEAM_SEASON_TO_SOURCE_TEAM","canonical_team_season_to_source_team","EXPLICIT_SOURCE_GRAIN_ROUTE","NOT_YET_PROVEN"
"FRL_LOCAL_CSV","squad","squad","playerId","UNMAPPED_REVIEW","UNKNOWN","","False","No deterministic relationship contract mapping; manual review required.","","","","","CANONICAL_TEAM_SEASON_TO_SOURCE_TEAM","canonical_team_season_to_source_team","EXPLICIT_SOURCE_GRAIN_ROUTE","NOT_YET_PROVEN"
"FRL_LOCAL_CSV","squad","squad","position","UNMAPPED_REVIEW","UNKNOWN","","False","No deterministic relationship contract mapping; manual review required.","","","","","CANONICAL_TEAM_SEASON_TO_SOURCE_TEAM","canonical_team_season_to_source_team","EXPLICIT_SOURCE_GRAIN_ROUTE","NOT_YET_PROVEN"
"FRL_LOCAL_CSV","squad","squad","preferredFoot","UNMAPPED_REVIEW","UNKNOWN","","False","No deterministic relationship contract mapping; manual review required.","","","","","CANONICAL_TEAM_SEASON_TO_SOURCE_TEAM","canonical_team_season_to_source_team","EXPLICIT_SOURCE_GRAIN_ROUTE","NOT_YET_PROVEN"
"FRL_LOCAL_CSV","squad","squad","shirtNumber","UNMAPPED_REVIEW","UNKNOWN","","False","No deterministic relationship contract mapping; manual review required.","","","","","CANONICAL_TEAM_SEASON_TO_SOURCE_TEAM","canonical_team_season_to_source_team","EXPLICIT_SOURCE_GRAIN_ROUTE","NOT_YET_PROVEN"
"FRL_LOCAL_CSV","squad","squad","weight_kg","UNMAPPED_REVIEW","UNKNOWN","","False","No deterministic relationship contract mapping; manual review required.","","","","","CANONICAL_TEAM_SEASON_TO_SOURCE_TEAM","canonical_team_season_to_source_team","EXPLICIT_SOURCE_GRAIN_ROUTE","NOT_YET_PROVEN"
"FRL_LOCAL_CSV","team_match","team_match","accurateBackZonePass","team_fixture","OBSERVATION","canonical_team_season_to_source_team","True","Team-match source statistics attach through the verified team-fixture relationship.","","","CANONICAL_FIXTURE_TO_SOURCE_MATCH","canonical_fixture_to_source_match","CANONICAL_TEAM_SEASON_TO_SOURCE_TEAM","canonical_team_season_to_source_team","EXPLICIT_SOURCE_GRAIN_ROUTE","NOT_YET_PROVEN"
"FRL_LOCAL_CSV","team_match","team_match","accurateChippedPass","team_fixture","OBSERVATION","canonical_team_season_to_source_team","True","Team-match source statistics attach through the verified team-fixture relationship.","","","CANONICAL_FIXTURE_TO_SOURCE_MATCH","canonical_fixture_to_source_match","CANONICAL_TEAM_SEASON_TO_SOURCE_TEAM","canonical_team_season_to_source_team","EXPLICIT_SOURCE_GRAIN_ROUTE","NOT_YET_PROVEN"
"FRL_LOCAL_CSV","team_match","team_match","accurateCornersIntobox","team_fixture","OBSERVATION","canonical_team_season_to_source_team","True","Team-match source statistics attach through the verified team-fixture relationship.","","","CANONICAL_FIXTURE_TO_SOURCE_MATCH","canonical_fixture_to_source_match","CANONICAL_TEAM_SEASON_TO_SOURCE_TEAM","canonical_team_season_to_source_team","EXPLICIT_SOURCE_GRAIN_ROUTE","NOT_YET_PROVEN"
"FRL_LOCAL_CSV","team_match","team_match","accurateCross","team_fixture","OBSERVATION","canonical_team_season_to_source_team","True","Team-match source statistics attach through the verified team-fixture relationship.","","","CANONICAL_FIXTURE_TO_SOURCE_MATCH","canonical_fixture_to_source_match","CANONICAL_TEAM_SEASON_TO_SOURCE_TEAM","canonical_team_season_to_source_team","EXPLICIT_SOURCE_GRAIN_ROUTE","NOT_YET_PROVEN"
"FRL_LOCAL_CSV","team_match","team_match","accurateCrossNocorner","team_fixture","OBSERVATION","canonical_team_season_to_source_team","True","Team-match source statistics attach through the verified team-fixture relationship.","","","CANONICAL_FIXTURE_TO_SOURCE_MATCH","canonical_fixture_to_source_match","CANONICAL_TEAM_SEASON_TO_SOURCE_TEAM","canonical_team_season_to_source_team","EXPLICIT_SOURCE_GRAIN_ROUTE","NOT_YET_PROVEN"
"FRL_LOCAL_CSV","team_match","team_match","accurateFlickOn","team_fixture","OBSERVATION","canonical_team_season_to_source_team","True","Team-match source statistics attach through the verified team-fixture relationship.","","","CANONICAL_FIXTURE_TO_SOURCE_MATCH","canonical_fixture_to_source_match","CANONICAL_TEAM_SEASON_TO_SOURCE_TEAM","canonical_team_season_to_source_team","EXPLICIT_SOURCE_GRAIN_ROUTE","NOT_YET_PROVEN"
"FRL_LOCAL_CSV","team_match","team_match","accurateFreekickCross","team_fixture","OBSERVATION","canonical_team_season_to_source_team","True","Team-match source statistics attach through the verified team-fixture relationship.","","","CANONICAL_FIXTURE_TO_SOURCE_MATCH","canonical_fixture_to_source_match","CANONICAL_TEAM_SEASON_TO_SOURCE_TEAM","canonical_team_season_to_source_team","EXPLICIT_SOURCE_GRAIN_ROUTE","NOT_YET_PROVEN"
"FRL_LOCAL_CSV","team_match","team_match","accurateFwdZonePass","team_fixture","OBSERVATION","canonical_team_season_to_source_team","True","Team-match source statistics attach through the verified team-fixture relationship.","","","CANONICAL_FIXTURE_TO_SOURCE_MATCH","canonical_fixture_to_source_match","CANONICAL_TEAM_SEASON_TO_SOURCE_TEAM","canonical_team_season_to_source_team","EXPLICIT_SOURCE_GRAIN_ROUTE","NOT_YET_PROVEN"
"FRL_LOCAL_CSV","team_match","team_match","accurateGoalKicks","team_fixture","OBSERVATION","canonical_team_season_to_source_team","True","Team-match source statistics attach through the verified team-fixture relationship.","","","CANONICAL_FIXTURE_TO_SOURCE_MATCH","canonical_fixture_to_source_match","CANONICAL_TEAM_SEASON_TO_SOURCE_TEAM","canonical_team_season_to_source_team","EXPLICIT_SOURCE_GRAIN_ROUTE","NOT_YET_PROVEN"
"FRL_LOCAL_CSV","team_match","team_match","accurateKeeperSweeper","team_fixture","OBSERVATION","canonical_team_season_to_source_team","True","Team-match source statistics attach through the verified team-fixture relationship.","","","CANONICAL_FIXTURE_TO_SOURCE_MATCH","canonical_fixture_to_source_match","CANONICAL_TEAM_SEASON_TO_SOURCE_TEAM","canonical_team_season_to_source_team","EXPLICIT_SOURCE_GRAIN_ROUTE","NOT_YET_PROVEN"
"FRL_LOCAL_CSV","team_match","team_match","accurateKeeperThrows","team_fixture","OBSERVATION","canonical_team_season_to_source_team","True","Team-match source statistics attach through the verified team-fixture relationship.","","","CANONICAL_FIXTURE_TO_SOURCE_MATCH","canonical_fixture_to_source_match","CANONICAL_TEAM_SEASON_TO_SOURCE_TEAM","canonical_team_season_to_source_team","EXPLICIT_SOURCE_GRAIN_ROUTE","NOT_YET_PROVEN"
"FRL_LOCAL_CSV","team_match","team_match","accurateLaunches","team_fixture","OBSERVATION","canonical_team_season_to_source_team","True","Team-match source statistics attach through the verified team-fixture relationship.","","","CANONICAL_FIXTURE_TO_SOURCE_MATCH","canonical_fixture_to_source_match","CANONICAL_TEAM_SEASON_TO_SOURCE_TEAM","canonical_team_season_to_source_team","EXPLICIT_SOURCE_GRAIN_ROUTE","NOT_YET_PROVEN"
"FRL_LOCAL_CSV","team_match","team_match","accurateLayoffs","team_fixture","OBSERVATION","canonical_team_season_to_source_team","True","Team-match source statistics attach through the verified team-fixture relationship.","","","CANONICAL_FIXTURE_TO_SOURCE_MATCH","canonical_fixture_to_source_match","CANONICAL_TEAM_SEASON_TO_SOURCE_TEAM","canonical_team_season_to_source_team","EXPLICIT_SOURCE_GRAIN_ROUTE","NOT_YET_PROVEN"
"FRL_LOCAL_CSV","team_match","team_match","accurateLongBalls","team_fixture","OBSERVATION","canonical_team_season_to_source_team","True","Team-match source statistics attach through the verified team-fixture relationship.","","","CANONICAL_FIXTURE_TO_SOURCE_MATCH","canonical_fixture_to_source_match","CANONICAL_TEAM_SEASON_TO_SOURCE_TEAM","canonical_team_season_to_source_team","EXPLICIT_SOURCE_GRAIN_ROUTE","NOT_YET_PROVEN"
"FRL_LOCAL_CSV","team_match","team_match","accuratePass","team_fixture","OBSERVATION","canonical_team_season_to_source_team","True","Team-match source statistics attach through the verified team-fixture relationship.","","","CANONICAL_FIXTURE_TO_SOURCE_MATCH","canonical_fixture_to_source_match","CANONICAL_TEAM_SEASON_TO_SOURCE_TEAM","canonical_team_season_to_source_team","EXPLICIT_SOURCE_GRAIN_ROUTE","NOT_YET_PROVEN"
"FRL_LOCAL_CSV","team_match","team_match","accuratePullBack","team_fixture","OBSERVATION","canonical_team_season_to_source_team","True","Team-match source statistics attach through the verified team-fixture relationship.","","","CANONICAL_FIXTURE_TO_SOURCE_MATCH","canonical_fixture_to_source_match","CANONICAL_TEAM_SEASON_TO_SOURCE_TEAM","canonical_team_season_to_source_team","EXPLICIT_SOURCE_GRAIN_ROUTE","NOT_YET_PROVEN"
"FRL_LOCAL_CSV","team_match","team_match","accurateThroughBall","team_fixture","OBSERVATION","canonical_team_season_to_source_team","True","Team-match source statistics attach through the verified team-fixture relationship.","","","CANONICAL_FIXTURE_TO_SOURCE_MATCH","canonical_fixture_to_source_match","CANONICAL_TEAM_SEASON_TO_SOURCE_TEAM","canonical_team_season_to_source_team","EXPLICIT_SOURCE_GRAIN_ROUTE","NOT_YET_PROVEN"
"FRL_LOCAL_CSV","team_match","team_match","accurateThrows","team_fixture","OBSERVATION","canonical_team_season_to_source_team","True","Team-match source statistics attach through the verified team-fixture relationship.","","","CANONICAL_FIXTURE_TO_SOURCE_MATCH","canonical_fixture_to_source_match","CANONICAL_TEAM_SEASON_TO_SOURCE_TEAM","canonical_team_season_to_source_team","EXPLICIT_SOURCE_GRAIN_ROUTE","NOT_YET_PROVEN"
"FRL_LOCAL_CSV","team_match","team_match","aerialLost","team_fixture","OBSERVATION","canonical_team_season_to_source_team","True","Team-match source statistics attach through the verified team-fixture relationship.","","","CANONICAL_FIXTURE_TO_SOURCE_MATCH","canonical_fixture_to_source_match","CANONICAL_TEAM_SEASON_TO_SOURCE_TEAM","canonical_team_season_to_source_team","EXPLICIT_SOURCE_GRAIN_ROUTE","NOT_YET_PROVEN"
"FRL_LOCAL_CSV","team_match","team_match","aerialWon","team_fixture","OBSERVATION","canonical_team_season_to_source_team","True","Team-match source statistics attach through the verified team-fixture relationship.","","","CANONICAL_FIXTURE_TO_SOURCE_MATCH","canonical_fixture_to_source_match","CANONICAL_TEAM_SEASON_TO_SOURCE_TEAM","canonical_team_season_to_source_team","EXPLICIT_SOURCE_GRAIN_ROUTE","NOT_YET_PROVEN"
"FRL_LOCAL_CSV","team_match","team_match","attAssistOpenplay","team_fixture","OBSERVATION","canonical_team_season_to_source_team","True","Team-match source statistics attach through the verified team-fixture relationship.","","","CANONICAL_FIXTURE_TO_SOURCE_MATCH","canonical_fixture_to_source_match","CANONICAL_TEAM_SEASON_TO_SOURCE_TEAM","canonical_team_season_to_source_team","EXPLICIT_SOURCE_GRAIN_ROUTE","NOT_YET_PROVEN"
"FRL_LOCAL_CSV","team_match","team_match","attAssistSetplay","team_fixture","OBSERVATION","canonical_team_season_to_source_team","True","Team-match source statistics attach through the verified team-fixture relationship.","","","CANONICAL_FIXTURE_TO_SOURCE_MATCH","canonical_fixture_to_source_match","CANONICAL_TEAM_SEASON_TO_SOURCE_TEAM","canonical_team_season_to_source_team","EXPLICIT_SOURCE_GRAIN_ROUTE","NOT_YET_PROVEN"
"FRL_LOCAL_CSV","team_match","team_match","attCorner","team_fixture","OBSERVATION","canonical_team_season_to_source_team","True","Team-match source statistics attach through the verified team-fixture relationship.","","","CANONICAL_FIXTURE_TO_SOURCE_MATCH","canonical_fixture_to_source_match","CANONICAL_TEAM_SEASON_TO_SOURCE_TEAM","canonical_team_season_to_source_team","EXPLICIT_SOURCE_GRAIN_ROUTE","NOT_YET_PROVEN"
"FRL_LOCAL_CSV","team_match","team_match","attFastbreak","team_fixture","OBSERVATION","canonical_team_season_to_source_team","True","Team-match source statistics attach through the verified team-fixture relationship.","","","CANONICAL_FIXTURE_TO_SOURCE_MATCH","canonical_fixture_to_source_match","CANONICAL_TEAM_SEASON_TO_SOURCE_TEAM","canonical_team_season_to_source_team","EXPLICIT_SOURCE_GRAIN_ROUTE","NOT_YET_PROVEN"
"FRL_LOCAL_CSV","team_match","team_match","attFreekickGoal","team_fixture","OBSERVATION","canonical_team_season_to_source_team","True","Team-match source statistics attach through the verified team-fixture relationship.","","","CANONICAL_FIXTURE_TO_SOURCE_MATCH","canonical_fixture_to_source_match","CANONICAL_TEAM_SEASON_TO_SOURCE_TEAM","canonical_team_season_to_source_team","EXPLICIT_SOURCE_GRAIN_ROUTE","NOT_YET_PROVEN"
"FRL_LOCAL_CSV","team_match","team_match","attFreekickMiss","team_fixture","OBSERVATION","canonical_team_season_to_source_team","True","Team-match source statistics attach through the verified team-fixture relationship.","","","CANONICAL_FIXTURE_TO_SOURCE_MATCH","canonical_fixture_to_source_match","CANONICAL_TEAM_SEASON_TO_SOURCE_TEAM","canonical_team_season_to_source_team","EXPLICIT_SOURCE_GRAIN_ROUTE","NOT_YET_PROVEN"
"FRL_LOCAL_CSV","team_match","team_match","attFreekickPost","team_fixture","OBSERVATION","canonical_team_season_to_source_team","True","Team-match source statistics attach through the verified team-fixture relationship.","","","CANONICAL_FIXTURE_TO_SOURCE_MATCH","canonical_fixture_to_source_match","CANONICAL_TEAM_SEASON_TO_SOURCE_TEAM","canonical_team_season_to_source_team","EXPLICIT_SOURCE_GRAIN_ROUTE","NOT_YET_PROVEN"
"FRL_LOCAL_CSV","team_match","team_match","attFreekickTarget","team_fixture","OBSERVATION","canonical_team_season_to_source_team","True","Team-match source statistics attach through the verified team-fixture relationship.","","","CANONICAL_FIXTURE_TO_SOURCE_MATCH","canonical_fixture_to_source_match","CANONICAL_TEAM_SEASON_TO_SOURCE_TEAM","canonical_team_season_to_source_team","EXPLICIT_SOURCE_GRAIN_ROUTE","NOT_YET_PROVEN"
"FRL_LOCAL_CSV","team_match","team_match","attFreekickTotal","team_fixture","OBSERVATION","canonical_team_season_to_source_team","True","Team-match source statistics attach through the verified team-fixture relationship.","","","CANONICAL_FIXTURE_TO_SOURCE_MATCH","canonical_fixture_to_source_match","CANONICAL_TEAM_SEASON_TO_SOURCE_TEAM","canonical_team_season_to_source_team","EXPLICIT_SOURCE_GRAIN_ROUTE","NOT_YET_PROVEN"
"FRL_LOCAL_CSV","team_match","team_match","attIboxOwnGoal","team_fixture","OBSERVATION","canonical_team_season_to_source_team","True","Team-match source statistics attach through the verified team-fixture relationship.","","","CANONICAL_FIXTURE_TO_SOURCE_MATCH","canonical_fixture_to_source_match","CANONICAL_TEAM_SEASON_TO_SOURCE_TEAM","canonical_team_season_to_source_team","EXPLICIT_SOURCE_GRAIN_ROUTE","NOT_YET_PROVEN"
"FRL_LOCAL_CSV","team_match","team_match","attLgCentre","team_fixture","OBSERVATION","canonical_team_season_to_source_team","True","Team-match source statistics attach through the verified team-fixture relationship.","","","CANONICAL_FIXTURE_TO_SOURCE_MATCH","canonical_fixture_to_source_match","CANONICAL_TEAM_SEASON_TO_SOURCE_TEAM","canonical_team_season_to_source_team","EXPLICIT_SOURCE_GRAIN_ROUTE","NOT_YET_PROVEN"
"FRL_LOCAL_CSV","team_match","team_match","attLgLeft","team_fixture","OBSERVATION","canonical_team_season_to_source_team","True","Team-match source statistics attach through the verified team-fixture relationship.","","","CANONICAL_FIXTURE_TO_SOURCE_MATCH","canonical_fixture_to_source_match","CANONICAL_TEAM_SEASON_TO_SOURCE_TEAM","canonical_team_season_to_source_team","EXPLICIT_SOURCE_GRAIN_ROUTE","NOT_YET_PROVEN"
"FRL_LOCAL_CSV","team_match","team_match","attLgRight","team_fixture","OBSERVATION","canonical_team_season_to_source_team","True","Team-match source statistics attach through the verified team-fixture relationship.","","","CANONICAL_FIXTURE_TO_SOURCE_MATCH","canonical_fixture_to_source_match","CANONICAL_TEAM_SEASON_TO_SOURCE_TEAM","canonical_team_season_to_source_team","EXPLICIT_SOURCE_GRAIN_ROUTE","NOT_YET_PROVEN"
"FRL_LOCAL_CSV","team_match","team_match","attOboxOwnGoal","team_fixture","OBSERVATION","canonical_team_season_to_source_team","True","Team-match source statistics attach through the verified team-fixture relationship.","","","CANONICAL_FIXTURE_TO_SOURCE_MATCH","canonical_fixture_to_source_match","CANONICAL_TEAM_SEASON_TO_SOURCE_TEAM","canonical_team_season_to_source_team","EXPLICIT_SOURCE_GRAIN_ROUTE","NOT_YET_PROVEN"
"FRL_LOCAL_CSV","team_match","team_match","attObxdLeft","team_fixture","OBSERVATION","canonical_team_season_to_source_team","True","Team-match source statistics attach through the verified team-fixture relationship.","","","CANONICAL_FIXTURE_TO_SOURCE_MATCH","canonical_fixture_to_source_match","CANONICAL_TEAM_SEASON_TO_SOURCE_TEAM","canonical_team_season_to_source_team","EXPLICIT_SOURCE_GRAIN_ROUTE","NOT_YET_PROVEN"
"FRL_LOCAL_CSV","team_match","team_match","attObxdRight","team_fixture","OBSERVATION","canonical_team_season_to_source_team","True","Team-match source statistics attach through the verified team-fixture relationship.","","","CANONICAL_FIXTURE_TO_SOURCE_MATCH","canonical_fixture_to_source_match","CANONICAL_TEAM_SEASON_TO_SOURCE_TEAM","canonical_team_season_to_source_team","EXPLICIT_SOURCE_GRAIN_ROUTE","NOT_YET_PROVEN"
"FRL_LOCAL_CSV","team_match","team_match","attOneOnOne","team_fixture","OBSERVATION","canonical_team_season_to_source_team","True","Team-match source statistics attach through the verified team-fixture relationship.","","","CANONICAL_FIXTURE_TO_SOURCE_MATCH","canonical_fixture_to_source_match","CANONICAL_TEAM_SEASON_TO_SOURCE_TEAM","canonical_team_season_to_source_team","EXPLICIT_SOURCE_GRAIN_ROUTE","NOT_YET_PROVEN"
"FRL_LOCAL_CSV","team_match","team_match","attOpenplay","team_fixture","OBSERVATION","canonical_team_season_to_source_team","True","Team-match source statistics attach through the verified team-fixture relationship.","","","CANONICAL_FIXTURE_TO_SOURCE_MATCH","canonical_fixture_to_source_match","CANONICAL_TEAM_SEASON_TO_SOURCE_TEAM","canonical_team_season_to_source_team","EXPLICIT_SOURCE_GRAIN_ROUTE","NOT_YET_PROVEN"
"FRL_LOCAL_CSV","team_match","team_match","attPenGoal","team_fixture","OBSERVATION","canonical_team_season_to_source_team","True","Team-match source statistics attach through the verified team-fixture relationship.","","","CANONICAL_FIXTURE_TO_SOURCE_MATCH","canonical_fixture_to_source_match","CANONICAL_TEAM_SEASON_TO_SOURCE_TEAM","canonical_team_season_to_source_team","EXPLICIT_SOURCE_GRAIN_ROUTE","NOT_YET_PROVEN"
"FRL_LOCAL_CSV","team_match","team_match","attPenMiss","team_fixture","OBSERVATION","canonical_team_season_to_source_team","True","Team-match source statistics attach through the verified team-fixture relationship.","","","CANONICAL_FIXTURE_TO_SOURCE_MATCH","canonical_fixture_to_source_match","CANONICAL_TEAM_SEASON_TO_SOURCE_TEAM","canonical_team_season_to_source_team","EXPLICIT_SOURCE_GRAIN_ROUTE","NOT_YET_PROVEN"
"FRL_LOCAL_CSV","team_match","team_match","attPenPost","team_fixture","OBSERVATION","canonical_team_season_to_source_team","True","Team-match source statistics attach through the verified team-fixture relationship.","","","CANONICAL_FIXTURE_TO_SOURCE_MATCH","canonical_fixture_to_source_match","CANONICAL_TEAM_SEASON_TO_SOURCE_TEAM","canonical_team_season_to_source_team","EXPLICIT_SOURCE_GRAIN_ROUTE","NOT_YET_PROVEN"
"FRL_LOCAL_CSV","team_match","team_match","attPenTarget","team_fixture","OBSERVATION","canonical_team_season_to_source_team","True","Team-match source statistics attach through the verified team-fixture relationship.","","","CANONICAL_FIXTURE_TO_SOURCE_MATCH","canonical_fixture_to_source_match","CANONICAL_TEAM_SEASON_TO_SOURCE_TEAM","canonical_team_season_to_source_team","EXPLICIT_SOURCE_GRAIN_ROUTE","NOT_YET_PROVEN"
"FRL_LOCAL_CSV","team_match","team_match","attPostHigh","team_fixture","OBSERVATION","canonical_team_season_to_source_team","True","Team-match source statistics attach through the verified team-fixture relationship.","","","CANONICAL_FIXTURE_TO_SOURCE_MATCH","canonical_fixture_to_source_match","CANONICAL_TEAM_SEASON_TO_SOURCE_TEAM","canonical_team_season_to_source_team","EXPLICIT_SOURCE_GRAIN_ROUTE","NOT_YET_PROVEN"
"FRL_LOCAL_CSV","team_match","team_match","attPostLeft","team_fixture","OBSERVATION","canonical_team_season_to_source_team","True","Team-match source statistics attach through the verified team-fixture relationship.","","","CANONICAL_FIXTURE_TO_SOURCE_MATCH","canonical_fixture_to_source_match","CANONICAL_TEAM_SEASON_TO_SOURCE_TEAM","canonical_team_season_to_source_team","EXPLICIT_SOURCE_GRAIN_ROUTE","NOT_YET_PROVEN"
"FRL_LOCAL_CSV","team_match","team_match","attPostRight","team_fixture","OBSERVATION","canonical_team_season_to_source_team","True","Team-match source statistics attach through the verified team-fixture relationship.","","","CANONICAL_FIXTURE_TO_SOURCE_MATCH","canonical_fixture_to_source_match","CANONICAL_TEAM_SEASON_TO_SOURCE_TEAM","canonical_team_season_to_source_team","EXPLICIT_SOURCE_GRAIN_ROUTE","NOT_YET_PROVEN"
"FRL_LOCAL_CSV","team_match","team_match","attSetpiece","team_fixture","OBSERVATION","canonical_team_season_to_source_team","True","Team-match source statistics attach through the verified team-fixture relationship.","","","CANONICAL_FIXTURE_TO_SOURCE_MATCH","canonical_fixture_to_source_match","CANONICAL_TEAM_SEASON_TO_SOURCE_TEAM","canonical_team_season_to_source_team","EXPLICIT_SOURCE_GRAIN_ROUTE","NOT_YET_PROVEN"
"FRL_LOCAL_CSV","team_match","team_match","attemptedTackleFoul","team_fixture","OBSERVATION","canonical_team_season_to_source_team","True","Team-match source statistics attach through the verified team-fixture relationship.","","","CANONICAL_FIXTURE_TO_SOURCE_MATCH","canonical_fixture_to_source_match","CANONICAL_TEAM_SEASON_TO_SOURCE_TEAM","canonical_team_season_to_source_team","EXPLICIT_SOURCE_GRAIN_ROUTE","NOT_YET_PROVEN"
"FRL_LOCAL_CSV","team_match","team_match","attemptsConcededIbox","team_fixture","OBSERVATION","canonical_team_season_to_source_team","True","Team-match source statistics attach through the verified team-fixture relationship.","","","CANONICAL_FIXTURE_TO_SOURCE_MATCH","canonical_fixture_to_source_match","CANONICAL_TEAM_SEASON_TO_SOURCE_TEAM","canonical_team_season_to_source_team","EXPLICIT_SOURCE_GRAIN_ROUTE","NOT_YET_PROVEN"
"FRL_LOCAL_CSV","team_match","team_match","attemptsConcededObox","team_fixture","OBSERVATION","canonical_team_season_to_source_team","True","Team-match source statistics attach through the verified team-fixture relationship.","","","CANONICAL_FIXTURE_TO_SOURCE_MATCH","canonical_fixture_to_source_match","CANONICAL_TEAM_SEASON_TO_SOURCE_TEAM","canonical_team_season_to_source_team","EXPLICIT_SOURCE_GRAIN_ROUTE","NOT_YET_PROVEN"
"FRL_LOCAL_CSV","team_match","team_match","attemptsIbox","team_fixture","OBSERVATION","canonical_team_season_to_source_team","True","Team-match source statistics attach through the verified team-fixture relationship.","","","CANONICAL_FIXTURE_TO_SOURCE_MATCH","canonical_fixture_to_source_match","CANONICAL_TEAM_SEASON_TO_SOURCE_TEAM","canonical_team_season_to_source_team","EXPLICIT_SOURCE_GRAIN_ROUTE","NOT_YET_PROVEN"
"FRL_LOCAL_CSV","team_match","team_match","attemptsObox","team_fixture","OBSERVATION","canonical_team_season_to_source_team","True","Team-match source statistics attach through the verified team-fixture relationship.","","","CANONICAL_FIXTURE_TO_SOURCE_MATCH","canonical_fixture_to_source_match","CANONICAL_TEAM_SEASON_TO_SOURCE_TEAM","canonical_team_season_to_source_team","EXPLICIT_SOURCE_GRAIN_ROUTE","NOT_YET_PROVEN"
"FRL_LOCAL_CSV","team_match","team_match","attendance","team_fixture","OBSERVATION","canonical_team_season_to_source_team","True","Team-match source statistics attach through the verified team-fixture relationship.","","","CANONICAL_FIXTURE_TO_SOURCE_MATCH","canonical_fixture_to_source_match","CANONICAL_TEAM_SEASON_TO_SOURCE_TEAM","canonical_team_season_to_source_team","EXPLICIT_SOURCE_GRAIN_ROUTE","NOT_YET_PROVEN"
"FRL_LOCAL_CSV","team_match","team_match","backwardPass","team_fixture","OBSERVATION","canonical_team_season_to_source_team","True","Team-match source statistics attach through the verified team-fixture relationship.","","","CANONICAL_FIXTURE_TO_SOURCE_MATCH","canonical_fixture_to_source_match","CANONICAL_TEAM_SEASON_TO_SOURCE_TEAM","canonical_team_season_to_source_team","EXPLICIT_SOURCE_GRAIN_ROUTE","NOT_YET_PROVEN"
"FRL_LOCAL_CSV","team_match","team_match","ballRecovery","team_fixture","OBSERVATION","canonical_team_season_to_source_team","True","Team-match source statistics attach through the verified team-fixture relationship.","","","CANONICAL_FIXTURE_TO_SOURCE_MATCH","canonical_fixture_to_source_match","CANONICAL_TEAM_SEASON_TO_SOURCE_TEAM","canonical_team_season_to_source_team","EXPLICIT_SOURCE_GRAIN_ROUTE","NOT_YET_PROVEN"
"FRL_LOCAL_CSV","team_match","team_match","bigChanceCreated","team_fixture","OBSERVATION","canonical_team_season_to_source_team","True","Team-match source statistics attach through the verified team-fixture relationship.","","","CANONICAL_FIXTURE_TO_SOURCE_MATCH","canonical_fixture_to_source_match","CANONICAL_TEAM_SEASON_TO_SOURCE_TEAM","canonical_team_season_to_source_team","EXPLICIT_SOURCE_GRAIN_ROUTE","NOT_YET_PROVEN"
"FRL_LOCAL_CSV","team_match","team_match","bigChanceMissed","team_fixture","OBSERVATION","canonical_team_season_to_source_team","True","Team-match source statistics attach through the verified team-fixture relationship.","","","CANONICAL_FIXTURE_TO_SOURCE_MATCH","canonical_fixture_to_source_match","CANONICAL_TEAM_SEASON_TO_SOURCE_TEAM","canonical_team_season_to_source_team","EXPLICIT_SOURCE_GRAIN_ROUTE","NOT_YET_PROVEN"
"FRL_LOCAL_CSV","team_match","team_match","bigChanceScored","team_fixture","OBSERVATION","canonical_team_season_to_source_team","True","Team-match source statistics attach through the verified team-fixture relationship.","","","CANONICAL_FIXTURE_TO_SOURCE_MATCH","canonical_fixture_to_source_match","CANONICAL_TEAM_SEASON_TO_SOURCE_TEAM","canonical_team_season_to_source_team","EXPLICIT_SOURCE_GRAIN_ROUTE","NOT_YET_PROVEN"
"FRL_LOCAL_CSV","team_match","team_match","blockedCross","team_fixture","OBSERVATION","canonical_team_season_to_source_team","True","Team-match source statistics attach through the verified team-fixture relationship.","","","CANONICAL_FIXTURE_TO_SOURCE_MATCH","canonical_fixture_to_source_match","CANONICAL_TEAM_SEASON_TO_SOURCE_TEAM","canonical_team_season_to_source_team","EXPLICIT_SOURCE_GRAIN_ROUTE","NOT_YET_PROVEN"
"FRL_LOCAL_CSV","team_match","team_match","blockedPass","team_fixture","OBSERVATION","canonical_team_season_to_source_team","True","Team-match source statistics attach through the verified team-fixture relationship.","","","CANONICAL_FIXTURE_TO_SOURCE_MATCH","canonical_fixture_to_source_match","CANONICAL_TEAM_SEASON_TO_SOURCE_TEAM","canonical_team_season_to_source_team","EXPLICIT_SOURCE_GRAIN_ROUTE","NOT_YET_PROVEN"
"FRL_LOCAL_CSV","team_match","team_match","blockedScoringAtt","team_fixture","OBSERVATION","canonical_team_season_to_source_team","True","Team-match source statistics attach through the verified team-fixture relationship.","","","CANONICAL_FIXTURE_TO_SOURCE_MATCH","canonical_fixture_to_source_match","CANONICAL_TEAM_SEASON_TO_SOURCE_TEAM","canonical_team_season_to_source_team","EXPLICIT_SOURCE_GRAIN_ROUTE","NOT_YET_PROVEN"
"FRL_LOCAL_CSV","team_match","team_match","challengeLost","team_fixture","OBSERVATION","canonical_team_season_to_source_team","True","Team-match source statistics attach through the verified team-fixture relationship.","","","CANONICAL_FIXTURE_TO_SOURCE_MATCH","canonical_fixture_to_source_match","CANONICAL_TEAM_SEASON_TO_SOURCE_TEAM","canonical_team_season_to_source_team","EXPLICIT_SOURCE_GRAIN_ROUTE","NOT_YET_PROVEN"
"FRL_LOCAL_CSV","team_match","team_match","clearanceOffLine","team_fixture","OBSERVATION","canonical_team_season_to_source_team","True","Team-match source statistics attach through the verified team-fixture relationship.","","","CANONICAL_FIXTURE_TO_SOURCE_MATCH","canonical_fixture_to_source_match","CANONICAL_TEAM_SEASON_TO_SOURCE_TEAM","canonical_team_season_to_source_team","EXPLICIT_SOURCE_GRAIN_ROUTE","NOT_YET_PROVEN"
"FRL_LOCAL_CSV","team_match","team_match","contentiousDecision","team_fixture","OBSERVATION","canonical_team_season_to_source_team","True","Team-match source statistics attach through the verified team-fixture relationship.","","","CANONICAL_FIXTURE_TO_SOURCE_MATCH","canonical_fixture_to_source_match","CANONICAL_TEAM_SEASON_TO_SOURCE_TEAM","canonical_team_season_to_source_team","EXPLICIT_SOURCE_GRAIN_ROUTE","NOT_YET_PROVEN"
"FRL_LOCAL_CSV","team_match","team_match","cornerTaken","team_fixture","OBSERVATION","canonical_team_season_to_source_team","True","Team-match source statistics attach through the verified team-fixture relationship.","","","CANONICAL_FIXTURE_TO_SOURCE_MATCH","canonical_fixture_to_source_match","CANONICAL_TEAM_SEASON_TO_SOURCE_TEAM","canonical_team_season_to_source_team","EXPLICIT_SOURCE_GRAIN_ROUTE","NOT_YET_PROVEN"
"FRL_LOCAL_CSV","team_match","team_match","crosses18yard","team_fixture","OBSERVATION","canonical_team_season_to_source_team","True","Team-match source statistics attach through the verified team-fixture relationship.","","","CANONICAL_FIXTURE_TO_SOURCE_MATCH","canonical_fixture_to_source_match","CANONICAL_TEAM_SEASON_TO_SOURCE_TEAM","canonical_team_season_to_source_team","EXPLICIT_SOURCE_GRAIN_ROUTE","NOT_YET_PROVEN"
"FRL_LOCAL_CSV","team_match","team_match","crosses18yardplus","team_fixture","OBSERVATION","canonical_team_season_to_source_team","True","Team-match source statistics attach through the verified team-fixture relationship.","","","CANONICAL_FIXTURE_TO_SOURCE_MATCH","canonical_fixture_to_source_match","CANONICAL_TEAM_SEASON_TO_SOURCE_TEAM","canonical_team_season_to_source_team","EXPLICIT_SOURCE_GRAIN_ROUTE","NOT_YET_PROVEN"
"FRL_LOCAL_CSV","team_match","team_match","defenderGoals","team_fixture","OBSERVATION","canonical_team_season_to_source_team","True","Team-match source statistics attach through the verified team-fixture relationship.","","","CANONICAL_FIXTURE_TO_SOURCE_MATCH","canonical_fixture_to_source_match","CANONICAL_TEAM_SEASON_TO_SOURCE_TEAM","canonical_team_season_to_source_team","EXPLICIT_SOURCE_GRAIN_ROUTE","NOT_YET_PROVEN"
"FRL_LOCAL_CSV","team_match","team_match","dispossessed","team_fixture","OBSERVATION","canonical_team_season_to_source_team","True","Team-match source statistics attach through the verified team-fixture relationship.","","","CANONICAL_FIXTURE_TO_SOURCE_MATCH","canonical_fixture_to_source_match","CANONICAL_TEAM_SEASON_TO_SOURCE_TEAM","canonical_team_season_to_source_team","EXPLICIT_SOURCE_GRAIN_ROUTE","NOT_YET_PROVEN"
"FRL_LOCAL_CSV","team_match","team_match","divingSave","team_fixture","OBSERVATION","canonical_team_season_to_source_team","True","Team-match source statistics attach through the verified team-fixture relationship.","","","CANONICAL_FIXTURE_TO_SOURCE_MATCH","canonical_fixture_to_source_match","CANONICAL_TEAM_SEASON_TO_SOURCE_TEAM","canonical_team_season_to_source_team","EXPLICIT_SOURCE_GRAIN_ROUTE","NOT_YET_PROVEN"
"FRL_LOCAL_CSV","team_match","team_match","duelLost","team_fixture","OBSERVATION","canonical_team_season_to_source_team","True","Team-match source statistics attach through the verified team-fixture relationship.","","","CANONICAL_FIXTURE_TO_SOURCE_MATCH","canonical_fixture_to_source_match","CANONICAL_TEAM_SEASON_TO_SOURCE_TEAM","canonical_team_season_to_source_team","EXPLICIT_SOURCE_GRAIN_ROUTE","NOT_YET_PROVEN"
"FRL_LOCAL_CSV","team_match","team_match","duelWon","team_fixture","OBSERVATION","canonical_team_season_to_source_team","True","Team-match source statistics attach through the verified team-fixture relationship.","","","CANONICAL_FIXTURE_TO_SOURCE_MATCH","canonical_fixture_to_source_match","CANONICAL_TEAM_SEASON_TO_SOURCE_TEAM","canonical_team_season_to_source_team","EXPLICIT_SOURCE_GRAIN_ROUTE","NOT_YET_PROVEN"
"FRL_LOCAL_CSV","team_match","team_match","effectiveBlockedCross","team_fixture","OBSERVATION","canonical_team_season_to_source_team","True","Team-match source statistics attach through the verified team-fixture relationship.","","","CANONICAL_FIXTURE_TO_SOURCE_MATCH","canonical_fixture_to_source_match","CANONICAL_TEAM_SEASON_TO_SOURCE_TEAM","canonical_team_season_to_source_team","EXPLICIT_SOURCE_GRAIN_ROUTE","NOT_YET_PROVEN"
"FRL_LOCAL_CSV","team_match","team_match","effectiveClearance","team_fixture","OBSERVATION","canonical_team_season_to_source_team","True","Team-match source statistics attach through the verified team-fixture relationship.","","","CANONICAL_FIXTURE_TO_SOURCE_MATCH","canonical_fixture_to_source_match","CANONICAL_TEAM_SEASON_TO_SOURCE_TEAM","canonical_team_season_to_source_team","EXPLICIT_SOURCE_GRAIN_ROUTE","NOT_YET_PROVEN"
"FRL_LOCAL_CSV","team_match","team_match","effectiveHeadClearance","team_fixture","OBSERVATION","canonical_team_season_to_source_team","True","Team-match source statistics attach through the verified team-fixture relationship.","","","CANONICAL_FIXTURE_TO_SOURCE_MATCH","canonical_fixture_to_source_match","CANONICAL_TEAM_SEASON_TO_SOURCE_TEAM","canonical_team_season_to_source_team","EXPLICIT_SOURCE_GRAIN_ROUTE","NOT_YET_PROVEN"
"FRL_LOCAL_CSV","team_match","team_match","errorLeadToGoal","team_fixture","OBSERVATION","canonical_team_season_to_source_team","True","Team-match source statistics attach through the verified team-fixture relationship.","","","CANONICAL_FIXTURE_TO_SOURCE_MATCH","canonical_fixture_to_source_match","CANONICAL_TEAM_SEASON_TO_SOURCE_TEAM","canonical_team_season_to_source_team","EXPLICIT_SOURCE_GRAIN_ROUTE","NOT_YET_PROVEN"
"FRL_LOCAL_CSV","team_match","team_match","errorLeadToShot","team_fixture","OBSERVATION","canonical_team_season_to_source_team","True","Team-match source statistics attach through the verified team-fixture relationship.","","","CANONICAL_FIXTURE_TO_SOURCE_MATCH","canonical_fixture_to_source_match","CANONICAL_TEAM_SEASON_TO_SOURCE_TEAM","canonical_team_season_to_source_team","EXPLICIT_SOURCE_GRAIN_ROUTE","NOT_YET_PROVEN"
"FRL_LOCAL_CSV","team_match","team_match","expectedAssists","team_fixture","OBSERVATION","canonical_team_season_to_source_team","True","Team-match source statistics attach through the verified team-fixture relationship.","","","CANONICAL_FIXTURE_TO_SOURCE_MATCH","canonical_fixture_to_source_match","CANONICAL_TEAM_SEASON_TO_SOURCE_TEAM","canonical_team_season_to_source_team","EXPLICIT_SOURCE_GRAIN_ROUTE","NOT_YET_PROVEN"
"FRL_LOCAL_CSV","team_match","team_match","expectedGoals","team_fixture","OBSERVATION","canonical_team_season_to_source_team","True","Team-match source statistics attach through the verified team-fixture relationship.","","","CANONICAL_FIXTURE_TO_SOURCE_MATCH","canonical_fixture_to_source_match","CANONICAL_TEAM_SEASON_TO_SOURCE_TEAM","canonical_team_season_to_source_team","EXPLICIT_SOURCE_GRAIN_ROUTE","NOT_YET_PROVEN"
"FRL_LOCAL_CSV","team_match","team_match","expectedGoalsFreekick","team_fixture","OBSERVATION","canonical_team_season_to_source_team","True","Team-match source statistics attach through the verified team-fixture relationship.","","","CANONICAL_FIXTURE_TO_SOURCE_MATCH","canonical_fixture_to_source_match","CANONICAL_TEAM_SEASON_TO_SOURCE_TEAM","canonical_team_season_to_source_team","EXPLICIT_SOURCE_GRAIN_ROUTE","NOT_YET_PROVEN"
"FRL_LOCAL_CSV","team_match","team_match","expectedGoalsOnTarget","team_fixture","OBSERVATION","canonical_team_season_to_source_team","True","Team-match source statistics attach through the verified team-fixture relationship.","","","CANONICAL_FIXTURE_TO_SOURCE_MATCH","canonical_fixture_to_source_match","CANONICAL_TEAM_SEASON_TO_SOURCE_TEAM","canonical_team_season_to_source_team","EXPLICIT_SOURCE_GRAIN_ROUTE","NOT_YET_PROVEN"
"FRL_LOCAL_CSV","team_match","team_match","expectedGoalsOnTargetConceded","team_fixture","OBSERVATION","canonical_team_season_to_source_team","True","Team-match source statistics attach through the verified team-fixture relationship.","","","CANONICAL_FIXTURE_TO_SOURCE_MATCH","canonical_fixture_to_source_match","CANONICAL_TEAM_SEASON_TO_SOURCE_TEAM","canonical_team_season_to_source_team","EXPLICIT_SOURCE_GRAIN_ROUTE","NOT_YET_PROVEN"
"FRL_LOCAL_CSV","team_match","team_match","fiftyFifty","team_fixture","OBSERVATION","canonical_team_season_to_source_team","True","Team-match source statistics attach through the verified team-fixture relationship.","","","CANONICAL_FIXTURE_TO_SOURCE_MATCH","canonical_fixture_to_source_match","CANONICAL_TEAM_SEASON_TO_SOURCE_TEAM","canonical_team_season_to_source_team","EXPLICIT_SOURCE_GRAIN_ROUTE","NOT_YET_PROVEN"
"FRL_LOCAL_CSV","team_match","team_match","finalThirdEntries","team_fixture","OBSERVATION","canonical_team_season_to_source_team","True","Team-match source statistics attach through the verified team-fixture relationship.","","","CANONICAL_FIXTURE_TO_SOURCE_MATCH","canonical_fixture_to_source_match","CANONICAL_TEAM_SEASON_TO_SOURCE_TEAM","canonical_team_season_to_source_team","EXPLICIT_SOURCE_GRAIN_ROUTE","NOT_YET_PROVEN"
"FRL_LOCAL_CSV","team_match","team_match","fkFoulLost","team_fixture","OBSERVATION","canonical_team_season_to_source_team","True","Team-match source statistics attach through the verified team-fixture relationship.","","","CANONICAL_FIXTURE_TO_SOURCE_MATCH","canonical_fixture_to_source_match","CANONICAL_TEAM_SEASON_TO_SOURCE_TEAM","canonical_team_season_to_source_team","EXPLICIT_SOURCE_GRAIN_ROUTE","NOT_YET_PROVEN"
"FRL_LOCAL_CSV","team_match","team_match","fkFoulWon","team_fixture","OBSERVATION","canonical_team_season_to_source_team","True","Team-match source statistics attach through the verified team-fixture relationship.","","","CANONICAL_FIXTURE_TO_SOURCE_MATCH","canonical_fixture_to_source_match","CANONICAL_TEAM_SEASON_TO_SOURCE_TEAM","canonical_team_season_to_source_team","EXPLICIT_SOURCE_GRAIN_ROUTE","NOT_YET_PROVEN"
"FRL_LOCAL_CSV","team_match","team_match","forwardGoals","team_fixture","OBSERVATION","canonical_team_season_to_source_team","True","Team-match source statistics attach through the verified team-fixture relationship.","","","CANONICAL_FIXTURE_TO_SOURCE_MATCH","canonical_fixture_to_source_match","CANONICAL_TEAM_SEASON_TO_SOURCE_TEAM","canonical_team_season_to_source_team","EXPLICIT_SOURCE_GRAIN_ROUTE","NOT_YET_PROVEN"
"FRL_LOCAL_CSV","team_match","team_match","foulThrowIn","team_fixture","OBSERVATION","canonical_team_season_to_source_team","True","Team-match source statistics attach through the verified team-fixture relationship.","","","CANONICAL_FIXTURE_TO_SOURCE_MATCH","canonical_fixture_to_source_match","CANONICAL_TEAM_SEASON_TO_SOURCE_TEAM","canonical_team_season_to_source_team","EXPLICIT_SOURCE_GRAIN_ROUTE","NOT_YET_PROVEN"
"FRL_LOCAL_CSV","team_match","team_match","fouledFinalThird","team_fixture","OBSERVATION","canonical_team_season_to_source_team","True","Team-match source statistics attach through the verified team-fixture relationship.","","","CANONICAL_FIXTURE_TO_SOURCE_MATCH","canonical_fixture_to_source_match","CANONICAL_TEAM_SEASON_TO_SOURCE_TEAM","canonical_team_season_to_source_team","EXPLICIT_SOURCE_GRAIN_ROUTE","NOT_YET_PROVEN"
"FRL_LOCAL_CSV","team_match","team_match","freekickCross","team_fixture","OBSERVATION","canonical_team_season_to_source_team","True","Team-match source statistics attach through the verified team-fixture relationship.","","","CANONICAL_FIXTURE_TO_SOURCE_MATCH","canonical_fixture_to_source_match","CANONICAL_TEAM_SEASON_TO_SOURCE_TEAM","canonical_team_season_to_source_team","EXPLICIT_SOURCE_GRAIN_ROUTE","NOT_YET_PROVEN"
"FRL_LOCAL_CSV","team_match","team_match","freekickTotal","team_fixture","OBSERVATION","canonical_team_season_to_source_team","True","Team-match source statistics attach through the verified team-fixture relationship.","","","CANONICAL_FIXTURE_TO_SOURCE_MATCH","canonical_fixture_to_source_match","CANONICAL_TEAM_SEASON_TO_SOURCE_TEAM","canonical_team_season_to_source_team","EXPLICIT_SOURCE_GRAIN_ROUTE","NOT_YET_PROVEN"
"FRL_LOCAL_CSV","team_match","team_match","fwdPass","team_fixture","OBSERVATION","canonical_team_season_to_source_team","True","Team-match source statistics attach through the verified team-fixture relationship.","","","CANONICAL_FIXTURE_TO_SOURCE_MATCH","canonical_fixture_to_source_match","CANONICAL_TEAM_SEASON_TO_SOURCE_TEAM","canonical_team_season_to_source_team","EXPLICIT_SOURCE_GRAIN_ROUTE","NOT_YET_PROVEN"
"FRL_LOCAL_CSV","team_match","team_match","gameweek","team_fixture","OBSERVATION","canonical_team_season_to_source_team","True","Team-match source statistics attach through the verified team-fixture relationship.","","","CANONICAL_FIXTURE_TO_SOURCE_MATCH","canonical_fixture_to_source_match","CANONICAL_TEAM_SEASON_TO_SOURCE_TEAM","canonical_team_season_to_source_team","EXPLICIT_SOURCE_GRAIN_ROUTE","NOT_YET_PROVEN"
"FRL_LOCAL_CSV","team_match","team_match","goalAssist","team_fixture","OBSERVATION","canonical_team_season_to_source_team","True","Team-match source statistics attach through the verified team-fixture relationship.","","","CANONICAL_FIXTURE_TO_SOURCE_MATCH","canonical_fixture_to_source_match","CANONICAL_TEAM_SEASON_TO_SOURCE_TEAM","canonical_team_season_to_source_team","EXPLICIT_SOURCE_GRAIN_ROUTE","NOT_YET_PROVEN"
"FRL_LOCAL_CSV","team_match","team_match","goalAssistDeadball","team_fixture","OBSERVATION","canonical_team_season_to_source_team","True","Team-match source statistics attach through the verified team-fixture relationship.","","","CANONICAL_FIXTURE_TO_SOURCE_MATCH","canonical_fixture_to_source_match","CANONICAL_TEAM_SEASON_TO_SOURCE_TEAM","canonical_team_season_to_source_team","EXPLICIT_SOURCE_GRAIN_ROUTE","NOT_YET_PROVEN"
"FRL_LOCAL_CSV","team_match","team_match","goalAssistIntentional","team_fixture","OBSERVATION","canonical_team_season_to_source_team","True","Team-match source statistics attach through the verified team-fixture relationship.","","","CANONICAL_FIXTURE_TO_SOURCE_MATCH","canonical_fixture_to_source_match","CANONICAL_TEAM_SEASON_TO_SOURCE_TEAM","canonical_team_season_to_source_team","EXPLICIT_SOURCE_GRAIN_ROUTE","NOT_YET_PROVEN"
"FRL_LOCAL_CSV","team_match","team_match","goalAssistOpenplay","team_fixture","OBSERVATION","canonical_team_season_to_source_team","True","Team-match source statistics attach through the verified team-fixture relationship.","","","CANONICAL_FIXTURE_TO_SOURCE_MATCH","canonical_fixture_to_source_match","CANONICAL_TEAM_SEASON_TO_SOURCE_TEAM","canonical_team_season_to_source_team","EXPLICIT_SOURCE_GRAIN_ROUTE","NOT_YET_PROVEN"
"FRL_LOCAL_CSV","team_match","team_match","goalAssistSetplay","team_fixture","OBSERVATION","canonical_team_season_to_source_team","True","Team-match source statistics attach through the verified team-fixture relationship.","","","CANONICAL_FIXTURE_TO_SOURCE_MATCH","canonical_fixture_to_source_match","CANONICAL_TEAM_SEASON_TO_SOURCE_TEAM","canonical_team_season_to_source_team","EXPLICIT_SOURCE_GRAIN_ROUTE","NOT_YET_PROVEN"
"FRL_LOCAL_CSV","team_match","team_match","goalFastbreak","team_fixture","OBSERVATION","canonical_team_season_to_source_team","True","Team-match source statistics attach through the verified team-fixture relationship.","","","CANONICAL_FIXTURE_TO_SOURCE_MATCH","canonical_fixture_to_source_match","CANONICAL_TEAM_SEASON_TO_SOURCE_TEAM","canonical_team_season_to_source_team","EXPLICIT_SOURCE_GRAIN_ROUTE","NOT_YET_PROVEN"
"FRL_LOCAL_CSV","team_match","team_match","goalKicks","team_fixture","OBSERVATION","canonical_team_season_to_source_team","True","Team-match source statistics attach through the verified team-fixture relationship.","","","CANONICAL_FIXTURE_TO_SOURCE_MATCH","canonical_fixture_to_source_match","CANONICAL_TEAM_SEASON_TO_SOURCE_TEAM","canonical_team_season_to_source_team","EXPLICIT_SOURCE_GRAIN_ROUTE","NOT_YET_PROVEN"
"FRL_LOCAL_CSV","team_match","team_match","goalsAgainst","team_fixture","OBSERVATION","canonical_team_season_to_source_team","True","Team-match source statistics attach through the verified team-fixture relationship.","","","CANONICAL_FIXTURE_TO_SOURCE_MATCH","canonical_fixture_to_source_match","CANONICAL_TEAM_SEASON_TO_SOURCE_TEAM","canonical_team_season_to_source_team","EXPLICIT_SOURCE_GRAIN_ROUTE","NOT_YET_PROVEN"
"FRL_LOCAL_CSV","team_match","team_match","goalsFor","team_fixture","OBSERVATION","canonical_team_season_to_source_team","True","Team-match source statistics attach through the verified team-fixture relationship.","","","CANONICAL_FIXTURE_TO_SOURCE_MATCH","canonical_fixture_to_source_match","CANONICAL_TEAM_SEASON_TO_SOURCE_TEAM","canonical_team_season_to_source_team","EXPLICIT_SOURCE_GRAIN_ROUTE","NOT_YET_PROVEN"
"FRL_LOCAL_CSV","team_match","team_match","goalsOpenplay","team_fixture","OBSERVATION","canonical_team_season_to_source_team","True","Team-match source statistics attach through the verified team-fixture relationship.","","","CANONICAL_FIXTURE_TO_SOURCE_MATCH","canonical_fixture_to_source_match","CANONICAL_TEAM_SEASON_TO_SOURCE_TEAM","canonical_team_season_to_source_team","EXPLICIT_SOURCE_GRAIN_ROUTE","NOT_YET_PROVEN"
"FRL_LOCAL_CSV","team_match","team_match","goodHighClaim","team_fixture","OBSERVATION","canonical_team_season_to_source_team","True","Team-match source statistics attach through the verified team-fixture relationship.","","","CANONICAL_FIXTURE_TO_SOURCE_MATCH","canonical_fixture_to_source_match","CANONICAL_TEAM_SEASON_TO_SOURCE_TEAM","canonical_team_season_to_source_team","EXPLICIT_SOURCE_GRAIN_ROUTE","NOT_YET_PROVEN"
"FRL_LOCAL_CSV","team_match","team_match","ground","team_fixture","OBSERVATION","canonical_team_season_to_source_team","True","Team-match source statistics attach through the verified team-fixture relationship.","","","CANONICAL_FIXTURE_TO_SOURCE_MATCH","canonical_fixture_to_source_match","CANONICAL_TEAM_SEASON_TO_SOURCE_TEAM","canonical_team_season_to_source_team","EXPLICIT_SOURCE_GRAIN_ROUTE","NOT_YET_PROVEN"
"FRL_LOCAL_CSV","team_match","team_match","halfTimeAgainst","team_fixture","OBSERVATION","canonical_team_season_to_source_team","True","Team-match source statistics attach through the verified team-fixture relationship.","","","CANONICAL_FIXTURE_TO_SOURCE_MATCH","canonical_fixture_to_source_match","CANONICAL_TEAM_SEASON_TO_SOURCE_TEAM","canonical_team_season_to_source_team","EXPLICIT_SOURCE_GRAIN_ROUTE","NOT_YET_PROVEN"
"FRL_LOCAL_CSV","team_match","team_match","halfTimeFor","team_fixture","OBSERVATION","canonical_team_season_to_source_team","True","Team-match source statistics attach through the verified team-fixture relationship.","","","CANONICAL_FIXTURE_TO_SOURCE_MATCH","canonical_fixture_to_source_match","CANONICAL_TEAM_SEASON_TO_SOURCE_TEAM","canonical_team_season_to_source_team","EXPLICIT_SOURCE_GRAIN_ROUTE","NOT_YET_PROVEN"
"FRL_LOCAL_CSV","team_match","team_match","handBall","team_fixture","OBSERVATION","canonical_team_season_to_source_team","True","Team-match source statistics attach through the verified team-fixture relationship.","","","CANONICAL_FIXTURE_TO_SOURCE_MATCH","canonical_fixture_to_source_match","CANONICAL_TEAM_SEASON_TO_SOURCE_TEAM","canonical_team_season_to_source_team","EXPLICIT_SOURCE_GRAIN_ROUTE","NOT_YET_PROVEN"
"FRL_LOCAL_CSV","team_match","team_match","headClearance","team_fixture","OBSERVATION","canonical_team_season_to_source_team","True","Team-match source statistics attach through the verified team-fixture relationship.","","","CANONICAL_FIXTURE_TO_SOURCE_MATCH","canonical_fixture_to_source_match","CANONICAL_TEAM_SEASON_TO_SOURCE_TEAM","canonical_team_season_to_source_team","EXPLICIT_SOURCE_GRAIN_ROUTE","NOT_YET_PROVEN"
"FRL_LOCAL_CSV","team_match","team_match","hitWoodwork","team_fixture","OBSERVATION","canonical_team_season_to_source_team","True","Team-match source statistics attach through the verified team-fixture relationship.","","","CANONICAL_FIXTURE_TO_SOURCE_MATCH","canonical_fixture_to_source_match","CANONICAL_TEAM_SEASON_TO_SOURCE_TEAM","canonical_team_season_to_source_team","EXPLICIT_SOURCE_GRAIN_ROUTE","NOT_YET_PROVEN"
"FRL_LOCAL_CSV","team_match","team_match","interception","team_fixture","OBSERVATION","canonical_team_season_to_source_team","True","Team-match source statistics attach through the verified team-fixture relationship.","","","CANONICAL_FIXTURE_TO_SOURCE_MATCH","canonical_fixture_to_source_match","CANONICAL_TEAM_SEASON_TO_SOURCE_TEAM","canonical_team_season_to_source_team","EXPLICIT_SOURCE_GRAIN_ROUTE","NOT_YET_PROVEN"
"FRL_LOCAL_CSV","team_match","team_match","interceptionWon","team_fixture","OBSERVATION","canonical_team_season_to_source_team","True","Team-match source statistics attach through the verified team-fixture relationship.","","","CANONICAL_FIXTURE_TO_SOURCE_MATCH","canonical_fixture_to_source_match","CANONICAL_TEAM_SEASON_TO_SOURCE_TEAM","canonical_team_season_to_source_team","EXPLICIT_SOURCE_GRAIN_ROUTE","NOT_YET_PROVEN"
"FRL_LOCAL_CSV","team_match","team_match","interceptionsInBox","team_fixture","OBSERVATION","canonical_team_season_to_source_team","True","Team-match source statistics attach through the verified team-fixture relationship.","","","CANONICAL_FIXTURE_TO_SOURCE_MATCH","canonical_fixture_to_source_match","CANONICAL_TEAM_SEASON_TO_SOURCE_TEAM","canonical_team_season_to_source_team","EXPLICIT_SOURCE_GRAIN_ROUTE","NOT_YET_PROVEN"
"FRL_LOCAL_CSV","team_match","team_match","keeperGoals","team_fixture","OBSERVATION","canonical_team_season_to_source_team","True","Team-match source statistics attach through the verified team-fixture relationship.","","","CANONICAL_FIXTURE_TO_SOURCE_MATCH","canonical_fixture_to_source_match","CANONICAL_TEAM_SEASON_TO_SOURCE_TEAM","canonical_team_season_to_source_team","EXPLICIT_SOURCE_GRAIN_ROUTE","NOT_YET_PROVEN"
"FRL_LOCAL_CSV","team_match","team_match","keeperThrows","team_fixture","OBSERVATION","canonical_team_season_to_source_team","True","Team-match source statistics attach through the verified team-fixture relationship.","","","CANONICAL_FIXTURE_TO_SOURCE_MATCH","canonical_fixture_to_source_match","CANONICAL_TEAM_SEASON_TO_SOURCE_TEAM","canonical_team_season_to_source_team","EXPLICIT_SOURCE_GRAIN_ROUTE","NOT_YET_PROVEN"
"FRL_LOCAL_CSV","team_match","team_match","kickoff","team_fixture","OBSERVATION","canonical_team_season_to_source_team","True","Team-match source statistics attach through the verified team-fixture relationship.","","","CANONICAL_FIXTURE_TO_SOURCE_MATCH","canonical_fixture_to_source_match","CANONICAL_TEAM_SEASON_TO_SOURCE_TEAM","canonical_team_season_to_source_team","EXPLICIT_SOURCE_GRAIN_ROUTE","NOT_YET_PROVEN"
"FRL_LOCAL_CSV","team_match","team_match","leftsidePass","team_fixture","OBSERVATION","canonical_team_season_to_source_team","True","Team-match source statistics attach through the verified team-fixture relationship.","","","CANONICAL_FIXTURE_TO_SOURCE_MATCH","canonical_fixture_to_source_match","CANONICAL_TEAM_SEASON_TO_SOURCE_TEAM","canonical_team_season_to_source_team","EXPLICIT_SOURCE_GRAIN_ROUTE","NOT_YET_PROVEN"
"FRL_LOCAL_CSV","team_match","team_match","longPassOwnToOpp","team_fixture","OBSERVATION","canonical_team_season_to_source_team","True","Team-match source statistics attach through the verified team-fixture relationship.","","","CANONICAL_FIXTURE_TO_SOURCE_MATCH","canonical_fixture_to_source_match","CANONICAL_TEAM_SEASON_TO_SOURCE_TEAM","canonical_team_season_to_source_team","EXPLICIT_SOURCE_GRAIN_ROUTE","NOT_YET_PROVEN"
"FRL_LOCAL_CSV","team_match","team_match","longPassOwnToOppSuccess","team_fixture","OBSERVATION","canonical_team_season_to_source_team","True","Team-match source statistics attach through the verified team-fixture relationship.","","","CANONICAL_FIXTURE_TO_SOURCE_MATCH","canonical_fixture_to_source_match","CANONICAL_TEAM_SEASON_TO_SOURCE_TEAM","canonical_team_season_to_source_team","EXPLICIT_SOURCE_GRAIN_ROUTE","NOT_YET_PROVEN"
"FRL_LOCAL_CSV","team_match","team_match","lostCorners","team_fixture","OBSERVATION","canonical_team_season_to_source_team","True","Team-match source statistics attach through the verified team-fixture relationship.","","","CANONICAL_FIXTURE_TO_SOURCE_MATCH","canonical_fixture_to_source_match","CANONICAL_TEAM_SEASON_TO_SOURCE_TEAM","canonical_team_season_to_source_team","EXPLICIT_SOURCE_GRAIN_ROUTE","NOT_YET_PROVEN"
"FRL_LOCAL_CSV","team_match","team_match","matchId","team_fixture","OBSERVATION","canonical_team_season_to_source_team","True","Team-match source statistics attach through the verified team-fixture relationship.","","","CANONICAL_FIXTURE_TO_SOURCE_MATCH","canonical_fixture_to_source_match","CANONICAL_TEAM_SEASON_TO_SOURCE_TEAM","canonical_team_season_to_source_team","EXPLICIT_SOURCE_GRAIN_ROUTE","NOT_YET_PROVEN"
"FRL_LOCAL_CSV","team_match","team_match","midfielderGoals","team_fixture","OBSERVATION","canonical_team_season_to_source_team","True","Team-match source statistics attach through the verified team-fixture relationship.","","","CANONICAL_FIXTURE_TO_SOURCE_MATCH","canonical_fixture_to_source_match","CANONICAL_TEAM_SEASON_TO_SOURCE_TEAM","canonical_team_season_to_source_team","EXPLICIT_SOURCE_GRAIN_ROUTE","NOT_YET_PROVEN"
"FRL_LOCAL_CSV","team_match","team_match","offtargetAttAssist","team_fixture","OBSERVATION","canonical_team_season_to_source_team","True","Team-match source statistics attach through the verified team-fixture relationship.","","","CANONICAL_FIXTURE_TO_SOURCE_MATCH","canonical_fixture_to_source_match","CANONICAL_TEAM_SEASON_TO_SOURCE_TEAM","canonical_team_season_to_source_team","EXPLICIT_SOURCE_GRAIN_ROUTE","NOT_YET_PROVEN"
"FRL_LOCAL_CSV","team_match","team_match","ontargetAttAssist","team_fixture","OBSERVATION","canonical_team_season_to_source_team","True","Team-match source statistics attach through the verified team-fixture relationship.","","","CANONICAL_FIXTURE_TO_SOURCE_MATCH","canonical_fixture_to_source_match","CANONICAL_TEAM_SEASON_TO_SOURCE_TEAM","canonical_team_season_to_source_team","EXPLICIT_SOURCE_GRAIN_ROUTE","NOT_YET_PROVEN"
"FRL_LOCAL_CSV","team_match","team_match","ontargetScoringAtt","team_fixture","OBSERVATION","canonical_team_season_to_source_team","True","Team-match source statistics attach through the verified team-fixture relationship.","","","CANONICAL_FIXTURE_TO_SOURCE_MATCH","canonical_fixture_to_source_match","CANONICAL_TEAM_SEASON_TO_SOURCE_TEAM","canonical_team_season_to_source_team","EXPLICIT_SOURCE_GRAIN_ROUTE","NOT_YET_PROVEN"
"FRL_LOCAL_CSV","team_match","team_match","openPlayPass","team_fixture","OBSERVATION","canonical_team_season_to_source_team","True","Team-match source statistics attach through the verified team-fixture relationship.","","","CANONICAL_FIXTURE_TO_SOURCE_MATCH","canonical_fixture_to_source_match","CANONICAL_TEAM_SEASON_TO_SOURCE_TEAM","canonical_team_season_to_source_team","EXPLICIT_SOURCE_GRAIN_ROUTE","NOT_YET_PROVEN"
"FRL_LOCAL_CSV","team_match","team_match","opponent","team_fixture","OBSERVATION","canonical_team_season_to_source_team","True","Team-match source statistics attach through the verified team-fixture relationship.","","","CANONICAL_FIXTURE_TO_SOURCE_MATCH","canonical_fixture_to_source_match","CANONICAL_TEAM_SEASON_TO_SOURCE_TEAM","canonical_team_season_to_source_team","EXPLICIT_SOURCE_GRAIN_ROUTE","NOT_YET_PROVEN"
"FRL_LOCAL_CSV","team_match","team_match","opponent_id","team_fixture","OBSERVATION","canonical_team_season_to_source_team","True","Team-match source statistics attach through the verified team-fixture relationship.","","","CANONICAL_FIXTURE_TO_SOURCE_MATCH","canonical_fixture_to_source_match","CANONICAL_TEAM_SEASON_TO_SOURCE_TEAM","canonical_team_season_to_source_team","EXPLICIT_SOURCE_GRAIN_ROUTE","NOT_YET_PROVEN"
"FRL_LOCAL_CSV","team_match","team_match","outfielderBlock","team_fixture","OBSERVATION","canonical_team_season_to_source_team","True","Team-match source statistics attach through the verified team-fixture relationship.","","","CANONICAL_FIXTURE_TO_SOURCE_MATCH","canonical_fixture_to_source_match","CANONICAL_TEAM_SEASON_TO_SOURCE_TEAM","canonical_team_season_to_source_team","EXPLICIT_SOURCE_GRAIN_ROUTE","NOT_YET_PROVEN"
"FRL_LOCAL_CSV","team_match","team_match","overrun","team_fixture","OBSERVATION","canonical_team_season_to_source_team","True","Team-match source statistics attach through the verified team-fixture relationship.","","","CANONICAL_FIXTURE_TO_SOURCE_MATCH","canonical_fixture_to_source_match","CANONICAL_TEAM_SEASON_TO_SOURCE_TEAM","canonical_team_season_to_source_team","EXPLICIT_SOURCE_GRAIN_ROUTE","NOT_YET_PROVEN"
"FRL_LOCAL_CSV","team_match","team_match","ownGoals","team_fixture","OBSERVATION","canonical_team_season_to_source_team","True","Team-match source statistics attach through the verified team-fixture relationship.","","","CANONICAL_FIXTURE_TO_SOURCE_MATCH","canonical_fixture_to_source_match","CANONICAL_TEAM_SEASON_TO_SOURCE_TEAM","canonical_team_season_to_source_team","EXPLICIT_SOURCE_GRAIN_ROUTE","NOT_YET_PROVEN"
"FRL_LOCAL_CSV","team_match","team_match","passesLeft","team_fixture","OBSERVATION","canonical_team_season_to_source_team","True","Team-match source statistics attach through the verified team-fixture relationship.","","","CANONICAL_FIXTURE_TO_SOURCE_MATCH","canonical_fixture_to_source_match","CANONICAL_TEAM_SEASON_TO_SOURCE_TEAM","canonical_team_season_to_source_team","EXPLICIT_SOURCE_GRAIN_ROUTE","NOT_YET_PROVEN"
"FRL_LOCAL_CSV","team_match","team_match","passesRight","team_fixture","OBSERVATION","canonical_team_season_to_source_team","True","Team-match source statistics attach through the verified team-fixture relationship.","","","CANONICAL_FIXTURE_TO_SOURCE_MATCH","canonical_fixture_to_source_match","CANONICAL_TEAM_SEASON_TO_SOURCE_TEAM","canonical_team_season_to_source_team","EXPLICIT_SOURCE_GRAIN_ROUTE","NOT_YET_PROVEN"
"FRL_LOCAL_CSV","team_match","team_match","penAreaEntries","team_fixture","OBSERVATION","canonical_team_season_to_source_team","True","Team-match source statistics attach through the verified team-fixture relationship.","","","CANONICAL_FIXTURE_TO_SOURCE_MATCH","canonical_fixture_to_source_match","CANONICAL_TEAM_SEASON_TO_SOURCE_TEAM","canonical_team_season_to_source_team","EXPLICIT_SOURCE_GRAIN_ROUTE","NOT_YET_PROVEN"
"FRL_LOCAL_CSV","team_match","team_match","penGoalsConceded","team_fixture","OBSERVATION","canonical_team_season_to_source_team","True","Team-match source statistics attach through the verified team-fixture relationship.","","","CANONICAL_FIXTURE_TO_SOURCE_MATCH","canonical_fixture_to_source_match","CANONICAL_TEAM_SEASON_TO_SOURCE_TEAM","canonical_team_season_to_source_team","EXPLICIT_SOURCE_GRAIN_ROUTE","NOT_YET_PROVEN"
"FRL_LOCAL_CSV","team_match","team_match","penaltyConceded","team_fixture","OBSERVATION","canonical_team_season_to_source_team","True","Team-match source statistics attach through the verified team-fixture relationship.","","","CANONICAL_FIXTURE_TO_SOURCE_MATCH","canonical_fixture_to_source_match","CANONICAL_TEAM_SEASON_TO_SOURCE_TEAM","canonical_team_season_to_source_team","EXPLICIT_SOURCE_GRAIN_ROUTE","NOT_YET_PROVEN"
"FRL_LOCAL_CSV","team_match","team_match","penaltyFaced","team_fixture","OBSERVATION","canonical_team_season_to_source_team","True","Team-match source statistics attach through the verified team-fixture relationship.","","","CANONICAL_FIXTURE_TO_SOURCE_MATCH","canonical_fixture_to_source_match","CANONICAL_TEAM_SEASON_TO_SOURCE_TEAM","canonical_team_season_to_source_team","EXPLICIT_SOURCE_GRAIN_ROUTE","NOT_YET_PROVEN"
"FRL_LOCAL_CSV","team_match","team_match","penaltySave","team_fixture","OBSERVATION","canonical_team_season_to_source_team","True","Team-match source statistics attach through the verified team-fixture relationship.","","","CANONICAL_FIXTURE_TO_SOURCE_MATCH","canonical_fixture_to_source_match","CANONICAL_TEAM_SEASON_TO_SOURCE_TEAM","canonical_team_season_to_source_team","EXPLICIT_SOURCE_GRAIN_ROUTE","NOT_YET_PROVEN"
"FRL_LOCAL_CSV","team_match","team_match","penaltyWon","team_fixture","OBSERVATION","canonical_team_season_to_source_team","True","Team-match source statistics attach through the verified team-fixture relationship.","","","CANONICAL_FIXTURE_TO_SOURCE_MATCH","canonical_fixture_to_source_match","CANONICAL_TEAM_SEASON_TO_SOURCE_TEAM","canonical_team_season_to_source_team","EXPLICIT_SOURCE_GRAIN_ROUTE","NOT_YET_PROVEN"
"FRL_LOCAL_CSV","team_match","team_match","possLostAll","team_fixture","OBSERVATION","canonical_team_season_to_source_team","True","Team-match source statistics attach through the verified team-fixture relationship.","","","CANONICAL_FIXTURE_TO_SOURCE_MATCH","canonical_fixture_to_source_match","CANONICAL_TEAM_SEASON_TO_SOURCE_TEAM","canonical_team_season_to_source_team","EXPLICIT_SOURCE_GRAIN_ROUTE","NOT_YET_PROVEN"
"FRL_LOCAL_CSV","team_match","team_match","possLostCtrl","team_fixture","OBSERVATION","canonical_team_season_to_source_team","True","Team-match source statistics attach through the verified team-fixture relationship.","","","CANONICAL_FIXTURE_TO_SOURCE_MATCH","canonical_fixture_to_source_match","CANONICAL_TEAM_SEASON_TO_SOURCE_TEAM","canonical_team_season_to_source_team","EXPLICIT_SOURCE_GRAIN_ROUTE","NOT_YET_PROVEN"
"FRL_LOCAL_CSV","team_match","team_match","possWonAtt3rd","team_fixture","OBSERVATION","canonical_team_season_to_source_team","True","Team-match source statistics attach through the verified team-fixture relationship.","","","CANONICAL_FIXTURE_TO_SOURCE_MATCH","canonical_fixture_to_source_match","CANONICAL_TEAM_SEASON_TO_SOURCE_TEAM","canonical_team_season_to_source_team","EXPLICIT_SOURCE_GRAIN_ROUTE","NOT_YET_PROVEN"
"FRL_LOCAL_CSV","team_match","team_match","possWonDef3rd","team_fixture","OBSERVATION","canonical_team_season_to_source_team","True","Team-match source statistics attach through the verified team-fixture relationship.","","","CANONICAL_FIXTURE_TO_SOURCE_MATCH","canonical_fixture_to_source_match","CANONICAL_TEAM_SEASON_TO_SOURCE_TEAM","canonical_team_season_to_source_team","EXPLICIT_SOURCE_GRAIN_ROUTE","NOT_YET_PROVEN"
"FRL_LOCAL_CSV","team_match","team_match","possWonMid3rd","team_fixture","OBSERVATION","canonical_team_season_to_source_team","True","Team-match source statistics attach through the verified team-fixture relationship.","","","CANONICAL_FIXTURE_TO_SOURCE_MATCH","canonical_fixture_to_source_match","CANONICAL_TEAM_SEASON_TO_SOURCE_TEAM","canonical_team_season_to_source_team","EXPLICIT_SOURCE_GRAIN_ROUTE","NOT_YET_PROVEN"
"FRL_LOCAL_CSV","team_match","team_match","possessionPercentage","team_fixture","OBSERVATION","canonical_team_season_to_source_team","True","Team-match source statistics attach through the verified team-fixture relationship.","","","CANONICAL_FIXTURE_TO_SOURCE_MATCH","canonical_fixture_to_source_match","CANONICAL_TEAM_SEASON_TO_SOURCE_TEAM","canonical_team_season_to_source_team","EXPLICIT_SOURCE_GRAIN_ROUTE","NOT_YET_PROVEN"
"FRL_LOCAL_CSV","team_match","team_match","postScoringAtt","team_fixture","OBSERVATION","canonical_team_season_to_source_team","True","Team-match source statistics attach through the verified team-fixture relationship.","","","CANONICAL_FIXTURE_TO_SOURCE_MATCH","canonical_fixture_to_source_match","CANONICAL_TEAM_SEASON_TO_SOURCE_TEAM","canonical_team_season_to_source_team","EXPLICIT_SOURCE_GRAIN_ROUTE","NOT_YET_PROVEN"
"FRL_LOCAL_CSV","team_match","team_match","ptsDroppedWinningPos","team_fixture","OBSERVATION","canonical_team_season_to_source_team","True","Team-match source statistics attach through the verified team-fixture relationship.","","","CANONICAL_FIXTURE_TO_SOURCE_MATCH","canonical_fixture_to_source_match","CANONICAL_TEAM_SEASON_TO_SOURCE_TEAM","canonical_team_season_to_source_team","EXPLICIT_SOURCE_GRAIN_ROUTE","NOT_YET_PROVEN"
"FRL_LOCAL_CSV","team_match","team_match","ptsGainedLosingPos","team_fixture","OBSERVATION","canonical_team_season_to_source_team","True","Team-match source statistics attach through the verified team-fixture relationship.","","","CANONICAL_FIXTURE_TO_SOURCE_MATCH","canonical_fixture_to_source_match","CANONICAL_TEAM_SEASON_TO_SOURCE_TEAM","canonical_team_season_to_source_team","EXPLICIT_SOURCE_GRAIN_ROUTE","NOT_YET_PROVEN"
"FRL_LOCAL_CSV","team_match","team_match","punches","team_fixture","OBSERVATION","canonical_team_season_to_source_team","True","Team-match source statistics attach through the verified team-fixture relationship.","","","CANONICAL_FIXTURE_TO_SOURCE_MATCH","canonical_fixture_to_source_match","CANONICAL_TEAM_SEASON_TO_SOURCE_TEAM","canonical_team_season_to_source_team","EXPLICIT_SOURCE_GRAIN_ROUTE","NOT_YET_PROVEN"
"FRL_LOCAL_CSV","team_match","team_match","putThrough","team_fixture","OBSERVATION","canonical_team_season_to_source_team","True","Team-match source statistics attach through the verified team-fixture relationship.","","","CANONICAL_FIXTURE_TO_SOURCE_MATCH","canonical_fixture_to_source_match","CANONICAL_TEAM_SEASON_TO_SOURCE_TEAM","canonical_team_season_to_source_team","EXPLICIT_SOURCE_GRAIN_ROUTE","NOT_YET_PROVEN"
"FRL_LOCAL_CSV","team_match","team_match","redCard","team_fixture","OBSERVATION","canonical_team_season_to_source_team","True","Team-match source statistics attach through the verified team-fixture relationship.","","","CANONICAL_FIXTURE_TO_SOURCE_MATCH","canonical_fixture_to_source_match","CANONICAL_TEAM_SEASON_TO_SOURCE_TEAM","canonical_team_season_to_source_team","EXPLICIT_SOURCE_GRAIN_ROUTE","NOT_YET_PROVEN"
"FRL_LOCAL_CSV","team_match","team_match","redCardsAgainst","team_fixture","OBSERVATION","canonical_team_season_to_source_team","True","Team-match source statistics attach through the verified team-fixture relationship.","","","CANONICAL_FIXTURE_TO_SOURCE_MATCH","canonical_fixture_to_source_match","CANONICAL_TEAM_SEASON_TO_SOURCE_TEAM","canonical_team_season_to_source_team","EXPLICIT_SOURCE_GRAIN_ROUTE","NOT_YET_PROVEN"
"FRL_LOCAL_CSV","team_match","team_match","redCardsFor","team_fixture","OBSERVATION","canonical_team_season_to_source_team","True","Team-match source statistics attach through the verified team-fixture relationship.","","","CANONICAL_FIXTURE_TO_SOURCE_MATCH","canonical_fixture_to_source_match","CANONICAL_TEAM_SEASON_TO_SOURCE_TEAM","canonical_team_season_to_source_team","EXPLICIT_SOURCE_GRAIN_ROUTE","NOT_YET_PROVEN"
"FRL_LOCAL_CSV","team_match","team_match","rescindedRedCard","team_fixture","OBSERVATION","canonical_team_season_to_source_team","True","Team-match source statistics attach through the verified team-fixture relationship.","","","CANONICAL_FIXTURE_TO_SOURCE_MATCH","canonical_fixture_to_source_match","CANONICAL_TEAM_SEASON_TO_SOURCE_TEAM","canonical_team_season_to_source_team","EXPLICIT_SOURCE_GRAIN_ROUTE","NOT_YET_PROVEN"
"FRL_LOCAL_CSV","team_match","team_match","result","team_fixture","OBSERVATION","canonical_team_season_to_source_team","True","Team-match source statistics attach through the verified team-fixture relationship.","","","CANONICAL_FIXTURE_TO_SOURCE_MATCH","canonical_fixture_to_source_match","CANONICAL_TEAM_SEASON_TO_SOURCE_TEAM","canonical_team_season_to_source_team","EXPLICIT_SOURCE_GRAIN_ROUTE","NOT_YET_PROVEN"
"FRL_LOCAL_CSV","team_match","team_match","rightsidePass","team_fixture","OBSERVATION","canonical_team_season_to_source_team","True","Team-match source statistics attach through the verified team-fixture relationship.","","","CANONICAL_FIXTURE_TO_SOURCE_MATCH","canonical_fixture_to_source_match","CANONICAL_TEAM_SEASON_TO_SOURCE_TEAM","canonical_team_season_to_source_team","EXPLICIT_SOURCE_GRAIN_ROUTE","NOT_YET_PROVEN"
"FRL_LOCAL_CSV","team_match","team_match","savedIbox","team_fixture","OBSERVATION","canonical_team_season_to_source_team","True","Team-match source statistics attach through the verified team-fixture relationship.","","","CANONICAL_FIXTURE_TO_SOURCE_MATCH","canonical_fixture_to_source_match","CANONICAL_TEAM_SEASON_TO_SOURCE_TEAM","canonical_team_season_to_source_team","EXPLICIT_SOURCE_GRAIN_ROUTE","NOT_YET_PROVEN"
"FRL_LOCAL_CSV","team_match","team_match","savedObox","team_fixture","OBSERVATION","canonical_team_season_to_source_team","True","Team-match source statistics attach through the verified team-fixture relationship.","","","CANONICAL_FIXTURE_TO_SOURCE_MATCH","canonical_fixture_to_source_match","CANONICAL_TEAM_SEASON_TO_SOURCE_TEAM","canonical_team_season_to_source_team","EXPLICIT_SOURCE_GRAIN_ROUTE","NOT_YET_PROVEN"
"FRL_LOCAL_CSV","team_match","team_match","saves","team_fixture","OBSERVATION","canonical_team_season_to_source_team","True","Team-match source statistics attach through the verified team-fixture relationship.","","","CANONICAL_FIXTURE_TO_SOURCE_MATCH","canonical_fixture_to_source_match","CANONICAL_TEAM_SEASON_TO_SOURCE_TEAM","canonical_team_season_to_source_team","EXPLICIT_SOURCE_GRAIN_ROUTE","NOT_YET_PROVEN"
"FRL_LOCAL_CSV","team_match","team_match","secondYellow","team_fixture","OBSERVATION","canonical_team_season_to_source_team","True","Team-match source statistics attach through the verified team-fixture relationship.","","","CANONICAL_FIXTURE_TO_SOURCE_MATCH","canonical_fixture_to_source_match","CANONICAL_TEAM_SEASON_TO_SOURCE_TEAM","canonical_team_season_to_source_team","EXPLICIT_SOURCE_GRAIN_ROUTE","NOT_YET_PROVEN"
"FRL_LOCAL_CSV","team_match","team_match","shieldBallOop","team_fixture","OBSERVATION","canonical_team_season_to_source_team","True","Team-match source statistics attach through the verified team-fixture relationship.","","","CANONICAL_FIXTURE_TO_SOURCE_MATCH","canonical_fixture_to_source_match","CANONICAL_TEAM_SEASON_TO_SOURCE_TEAM","canonical_team_season_to_source_team","EXPLICIT_SOURCE_GRAIN_ROUTE","NOT_YET_PROVEN"
"FRL_LOCAL_CSV","team_match","team_match","shotFastbreak","team_fixture","OBSERVATION","canonical_team_season_to_source_team","True","Team-match source statistics attach through the verified team-fixture relationship.","","","CANONICAL_FIXTURE_TO_SOURCE_MATCH","canonical_fixture_to_source_match","CANONICAL_TEAM_SEASON_TO_SOURCE_TEAM","canonical_team_season_to_source_team","EXPLICIT_SOURCE_GRAIN_ROUTE","NOT_YET_PROVEN"
"FRL_LOCAL_CSV","team_match","team_match","shotOffTarget","team_fixture","OBSERVATION","canonical_team_season_to_source_team","True","Team-match source statistics attach through the verified team-fixture relationship.","","","CANONICAL_FIXTURE_TO_SOURCE_MATCH","canonical_fixture_to_source_match","CANONICAL_TEAM_SEASON_TO_SOURCE_TEAM","canonical_team_season_to_source_team","EXPLICIT_SOURCE_GRAIN_ROUTE","NOT_YET_PROVEN"
"FRL_LOCAL_CSV","team_match","team_match","sixYardBlock","team_fixture","OBSERVATION","canonical_team_season_to_source_team","True","Team-match source statistics attach through the verified team-fixture relationship.","","","CANONICAL_FIXTURE_TO_SOURCE_MATCH","canonical_fixture_to_source_match","CANONICAL_TEAM_SEASON_TO_SOURCE_TEAM","canonical_team_season_to_source_team","EXPLICIT_SOURCE_GRAIN_ROUTE","NOT_YET_PROVEN"
"FRL_LOCAL_CSV","team_match","team_match","subsGoals","team_fixture","OBSERVATION","canonical_team_season_to_source_team","True","Team-match source statistics attach through the verified team-fixture relationship.","","","CANONICAL_FIXTURE_TO_SOURCE_MATCH","canonical_fixture_to_source_match","CANONICAL_TEAM_SEASON_TO_SOURCE_TEAM","canonical_team_season_to_source_team","EXPLICIT_SOURCE_GRAIN_ROUTE","NOT_YET_PROVEN"
"FRL_LOCAL_CSV","team_match","team_match","subsMade","team_fixture","OBSERVATION","canonical_team_season_to_source_team","True","Team-match source statistics attach through the verified team-fixture relationship.","","","CANONICAL_FIXTURE_TO_SOURCE_MATCH","canonical_fixture_to_source_match","CANONICAL_TEAM_SEASON_TO_SOURCE_TEAM","canonical_team_season_to_source_team","EXPLICIT_SOURCE_GRAIN_ROUTE","NOT_YET_PROVEN"
"FRL_LOCAL_CSV","team_match","team_match","successfulFiftyFifty","team_fixture","OBSERVATION","canonical_team_season_to_source_team","True","Team-match source statistics attach through the verified team-fixture relationship.","","","CANONICAL_FIXTURE_TO_SOURCE_MATCH","canonical_fixture_to_source_match","CANONICAL_TEAM_SEASON_TO_SOURCE_TEAM","canonical_team_season_to_source_team","EXPLICIT_SOURCE_GRAIN_ROUTE","NOT_YET_PROVEN"
"FRL_LOCAL_CSV","team_match","team_match","successfulFinalThirdPasses","team_fixture","OBSERVATION","canonical_team_season_to_source_team","True","Team-match source statistics attach through the verified team-fixture relationship.","","","CANONICAL_FIXTURE_TO_SOURCE_MATCH","canonical_fixture_to_source_match","CANONICAL_TEAM_SEASON_TO_SOURCE_TEAM","canonical_team_season_to_source_team","EXPLICIT_SOURCE_GRAIN_ROUTE","NOT_YET_PROVEN"
"FRL_LOCAL_CSV","team_match","team_match","successfulOpenPlayPass","team_fixture","OBSERVATION","canonical_team_season_to_source_team","True","Team-match source statistics attach through the verified team-fixture relationship.","","","CANONICAL_FIXTURE_TO_SOURCE_MATCH","canonical_fixture_to_source_match","CANONICAL_TEAM_SEASON_TO_SOURCE_TEAM","canonical_team_season_to_source_team","EXPLICIT_SOURCE_GRAIN_ROUTE","NOT_YET_PROVEN"
"FRL_LOCAL_CSV","team_match","team_match","successfulPutThrough","team_fixture","OBSERVATION","canonical_team_season_to_source_team","True","Team-match source statistics attach through the verified team-fixture relationship.","","","CANONICAL_FIXTURE_TO_SOURCE_MATCH","canonical_fixture_to_source_match","CANONICAL_TEAM_SEASON_TO_SOURCE_TEAM","canonical_team_season_to_source_team","EXPLICIT_SOURCE_GRAIN_ROUTE","NOT_YET_PROVEN"
"FRL_LOCAL_CSV","team_match","team_match","team","team_fixture","OBSERVATION","canonical_team_season_to_source_team","True","Team-match source statistics attach through the verified team-fixture relationship.","","","CANONICAL_FIXTURE_TO_SOURCE_MATCH","canonical_fixture_to_source_match","CANONICAL_TEAM_SEASON_TO_SOURCE_TEAM","canonical_team_season_to_source_team","EXPLICIT_SOURCE_GRAIN_ROUTE","NOT_YET_PROVEN"
"FRL_LOCAL_CSV","team_match","team_match","team_id","team_fixture","OBSERVATION","canonical_team_season_to_source_team","True","Team-match source statistics attach through the verified team-fixture relationship.","","","CANONICAL_FIXTURE_TO_SOURCE_MATCH","canonical_fixture_to_source_match","CANONICAL_TEAM_SEASON_TO_SOURCE_TEAM","canonical_team_season_to_source_team","EXPLICIT_SOURCE_GRAIN_ROUTE","NOT_YET_PROVEN"
"FRL_LOCAL_CSV","team_match","team_match","totalAttAssist","team_fixture","OBSERVATION","canonical_team_season_to_source_team","True","Team-match source statistics attach through the verified team-fixture relationship.","","","CANONICAL_FIXTURE_TO_SOURCE_MATCH","canonical_fixture_to_source_match","CANONICAL_TEAM_SEASON_TO_SOURCE_TEAM","canonical_team_season_to_source_team","EXPLICIT_SOURCE_GRAIN_ROUTE","NOT_YET_PROVEN"
"FRL_LOCAL_CSV","team_match","team_match","totalBackZonePass","team_fixture","OBSERVATION","canonical_team_season_to_source_team","True","Team-match source statistics attach through the verified team-fixture relationship.","","","CANONICAL_FIXTURE_TO_SOURCE_MATCH","canonical_fixture_to_source_match","CANONICAL_TEAM_SEASON_TO_SOURCE_TEAM","canonical_team_season_to_source_team","EXPLICIT_SOURCE_GRAIN_ROUTE","NOT_YET_PROVEN"
"FRL_LOCAL_CSV","team_match","team_match","totalChippedPass","team_fixture","OBSERVATION","canonical_team_season_to_source_team","True","Team-match source statistics attach through the verified team-fixture relationship.","","","CANONICAL_FIXTURE_TO_SOURCE_MATCH","canonical_fixture_to_source_match","CANONICAL_TEAM_SEASON_TO_SOURCE_TEAM","canonical_team_season_to_source_team","EXPLICIT_SOURCE_GRAIN_ROUTE","NOT_YET_PROVEN"
"FRL_LOCAL_CSV","team_match","team_match","totalClearance","team_fixture","OBSERVATION","canonical_team_season_to_source_team","True","Team-match source statistics attach through the verified team-fixture relationship.","","","CANONICAL_FIXTURE_TO_SOURCE_MATCH","canonical_fixture_to_source_match","CANONICAL_TEAM_SEASON_TO_SOURCE_TEAM","canonical_team_season_to_source_team","EXPLICIT_SOURCE_GRAIN_ROUTE","NOT_YET_PROVEN"
"FRL_LOCAL_CSV","team_match","team_match","totalContest","team_fixture","OBSERVATION","canonical_team_season_to_source_team","True","Team-match source statistics attach through the verified team-fixture relationship.","","","CANONICAL_FIXTURE_TO_SOURCE_MATCH","canonical_fixture_to_source_match","CANONICAL_TEAM_SEASON_TO_SOURCE_TEAM","canonical_team_season_to_source_team","EXPLICIT_SOURCE_GRAIN_ROUTE","NOT_YET_PROVEN"
"FRL_LOCAL_CSV","team_match","team_match","totalCornersIntobox","team_fixture","OBSERVATION","canonical_team_season_to_source_team","True","Team-match source statistics attach through the verified team-fixture relationship.","","","CANONICAL_FIXTURE_TO_SOURCE_MATCH","canonical_fixture_to_source_match","CANONICAL_TEAM_SEASON_TO_SOURCE_TEAM","canonical_team_season_to_source_team","EXPLICIT_SOURCE_GRAIN_ROUTE","NOT_YET_PROVEN"
"FRL_LOCAL_CSV","team_match","team_match","totalCross","team_fixture","OBSERVATION","canonical_team_season_to_source_team","True","Team-match source statistics attach through the verified team-fixture relationship.","","","CANONICAL_FIXTURE_TO_SOURCE_MATCH","canonical_fixture_to_source_match","CANONICAL_TEAM_SEASON_TO_SOURCE_TEAM","canonical_team_season_to_source_team","EXPLICIT_SOURCE_GRAIN_ROUTE","NOT_YET_PROVEN"
"FRL_LOCAL_CSV","team_match","team_match","totalCrossNocorner","team_fixture","OBSERVATION","canonical_team_season_to_source_team","True","Team-match source statistics attach through the verified team-fixture relationship.","","","CANONICAL_FIXTURE_TO_SOURCE_MATCH","canonical_fixture_to_source_match","CANONICAL_TEAM_SEASON_TO_SOURCE_TEAM","canonical_team_season_to_source_team","EXPLICIT_SOURCE_GRAIN_ROUTE","NOT_YET_PROVEN"
"FRL_LOCAL_CSV","team_match","team_match","totalDistance","team_fixture","OBSERVATION","canonical_team_season_to_source_team","True","Team-match source statistics attach through the verified team-fixture relationship.","","","CANONICAL_FIXTURE_TO_SOURCE_MATCH","canonical_fixture_to_source_match","CANONICAL_TEAM_SEASON_TO_SOURCE_TEAM","canonical_team_season_to_source_team","EXPLICIT_SOURCE_GRAIN_ROUTE","NOT_YET_PROVEN"
"FRL_LOCAL_CSV","team_match","team_match","totalFastbreak","team_fixture","OBSERVATION","canonical_team_season_to_source_team","True","Team-match source statistics attach through the verified team-fixture relationship.","","","CANONICAL_FIXTURE_TO_SOURCE_MATCH","canonical_fixture_to_source_match","CANONICAL_TEAM_SEASON_TO_SOURCE_TEAM","canonical_team_season_to_source_team","EXPLICIT_SOURCE_GRAIN_ROUTE","NOT_YET_PROVEN"
"FRL_LOCAL_CSV","team_match","team_match","totalFinalThirdPasses","team_fixture","OBSERVATION","canonical_team_season_to_source_team","True","Team-match source statistics attach through the verified team-fixture relationship.","","","CANONICAL_FIXTURE_TO_SOURCE_MATCH","canonical_fixture_to_source_match","CANONICAL_TEAM_SEASON_TO_SOURCE_TEAM","canonical_team_season_to_source_team","EXPLICIT_SOURCE_GRAIN_ROUTE","NOT_YET_PROVEN"
"FRL_LOCAL_CSV","team_match","team_match","totalFlickOn","team_fixture","OBSERVATION","canonical_team_season_to_source_team","True","Team-match source statistics attach through the verified team-fixture relationship.","","","CANONICAL_FIXTURE_TO_SOURCE_MATCH","canonical_fixture_to_source_match","CANONICAL_TEAM_SEASON_TO_SOURCE_TEAM","canonical_team_season_to_source_team","EXPLICIT_SOURCE_GRAIN_ROUTE","NOT_YET_PROVEN"
"FRL_LOCAL_CSV","team_match","team_match","totalFwdZonePass","team_fixture","OBSERVATION","canonical_team_season_to_source_team","True","Team-match source statistics attach through the verified team-fixture relationship.","","","CANONICAL_FIXTURE_TO_SOURCE_MATCH","canonical_fixture_to_source_match","CANONICAL_TEAM_SEASON_TO_SOURCE_TEAM","canonical_team_season_to_source_team","EXPLICIT_SOURCE_GRAIN_ROUTE","NOT_YET_PROVEN"
"FRL_LOCAL_CSV","team_match","team_match","totalHighClaim","team_fixture","OBSERVATION","canonical_team_season_to_source_team","True","Team-match source statistics attach through the verified team-fixture relationship.","","","CANONICAL_FIXTURE_TO_SOURCE_MATCH","canonical_fixture_to_source_match","CANONICAL_TEAM_SEASON_TO_SOURCE_TEAM","canonical_team_season_to_source_team","EXPLICIT_SOURCE_GRAIN_ROUTE","NOT_YET_PROVEN"
"FRL_LOCAL_CSV","team_match","team_match","totalKeeperSweeper","team_fixture","OBSERVATION","canonical_team_season_to_source_team","True","Team-match source statistics attach through the verified team-fixture relationship.","","","CANONICAL_FIXTURE_TO_SOURCE_MATCH","canonical_fixture_to_source_match","CANONICAL_TEAM_SEASON_TO_SOURCE_TEAM","canonical_team_season_to_source_team","EXPLICIT_SOURCE_GRAIN_ROUTE","NOT_YET_PROVEN"
"FRL_LOCAL_CSV","team_match","team_match","totalLaunches","team_fixture","OBSERVATION","canonical_team_season_to_source_team","True","Team-match source statistics attach through the verified team-fixture relationship.","","","CANONICAL_FIXTURE_TO_SOURCE_MATCH","canonical_fixture_to_source_match","CANONICAL_TEAM_SEASON_TO_SOURCE_TEAM","canonical_team_season_to_source_team","EXPLICIT_SOURCE_GRAIN_ROUTE","NOT_YET_PROVEN"
"FRL_LOCAL_CSV","team_match","team_match","totalLayoffs","team_fixture","OBSERVATION","canonical_team_season_to_source_team","True","Team-match source statistics attach through the verified team-fixture relationship.","","","CANONICAL_FIXTURE_TO_SOURCE_MATCH","canonical_fixture_to_source_match","CANONICAL_TEAM_SEASON_TO_SOURCE_TEAM","canonical_team_season_to_source_team","EXPLICIT_SOURCE_GRAIN_ROUTE","NOT_YET_PROVEN"
"FRL_LOCAL_CSV","team_match","team_match","totalLongBalls","team_fixture","OBSERVATION","canonical_team_season_to_source_team","True","Team-match source statistics attach through the verified team-fixture relationship.","","","CANONICAL_FIXTURE_TO_SOURCE_MATCH","canonical_fixture_to_source_match","CANONICAL_TEAM_SEASON_TO_SOURCE_TEAM","canonical_team_season_to_source_team","EXPLICIT_SOURCE_GRAIN_ROUTE","NOT_YET_PROVEN"
"FRL_LOCAL_CSV","team_match","team_match","totalOffside","team_fixture","OBSERVATION","canonical_team_season_to_source_team","True","Team-match source statistics attach through the verified team-fixture relationship.","","","CANONICAL_FIXTURE_TO_SOURCE_MATCH","canonical_fixture_to_source_match","CANONICAL_TEAM_SEASON_TO_SOURCE_TEAM","canonical_team_season_to_source_team","EXPLICIT_SOURCE_GRAIN_ROUTE","NOT_YET_PROVEN"
"FRL_LOCAL_CSV","team_match","team_match","totalPass","team_fixture","OBSERVATION","canonical_team_season_to_source_team","True","Team-match source statistics attach through the verified team-fixture relationship.","","","CANONICAL_FIXTURE_TO_SOURCE_MATCH","canonical_fixture_to_source_match","CANONICAL_TEAM_SEASON_TO_SOURCE_TEAM","canonical_team_season_to_source_team","EXPLICIT_SOURCE_GRAIN_ROUTE","NOT_YET_PROVEN"
"FRL_LOCAL_CSV","team_match","team_match","totalPullBack","team_fixture","OBSERVATION","canonical_team_season_to_source_team","True","Team-match source statistics attach through the verified team-fixture relationship.","","","CANONICAL_FIXTURE_TO_SOURCE_MATCH","canonical_fixture_to_source_match","CANONICAL_TEAM_SEASON_TO_SOURCE_TEAM","canonical_team_season_to_source_team","EXPLICIT_SOURCE_GRAIN_ROUTE","NOT_YET_PROVEN"
"FRL_LOCAL_CSV","team_match","team_match","totalRedCard","team_fixture","OBSERVATION","canonical_team_season_to_source_team","True","Team-match source statistics attach through the verified team-fixture relationship.","","","CANONICAL_FIXTURE_TO_SOURCE_MATCH","canonical_fixture_to_source_match","CANONICAL_TEAM_SEASON_TO_SOURCE_TEAM","canonical_team_season_to_source_team","EXPLICIT_SOURCE_GRAIN_ROUTE","NOT_YET_PROVEN"
"FRL_LOCAL_CSV","team_match","team_match","totalScoringAtt","team_fixture","OBSERVATION","canonical_team_season_to_source_team","True","Team-match source statistics attach through the verified team-fixture relationship.","","","CANONICAL_FIXTURE_TO_SOURCE_MATCH","canonical_fixture_to_source_match","CANONICAL_TEAM_SEASON_TO_SOURCE_TEAM","canonical_team_season_to_source_team","EXPLICIT_SOURCE_GRAIN_ROUTE","NOT_YET_PROVEN"
"FRL_LOCAL_CSV","team_match","team_match","totalTackle","team_fixture","OBSERVATION","canonical_team_season_to_source_team","True","Team-match source statistics attach through the verified team-fixture relationship.","","","CANONICAL_FIXTURE_TO_SOURCE_MATCH","canonical_fixture_to_source_match","CANONICAL_TEAM_SEASON_TO_SOURCE_TEAM","canonical_team_season_to_source_team","EXPLICIT_SOURCE_GRAIN_ROUTE","NOT_YET_PROVEN"
"FRL_LOCAL_CSV","team_match","team_match","totalThroughBall","team_fixture","OBSERVATION","canonical_team_season_to_source_team","True","Team-match source statistics attach through the verified team-fixture relationship.","","","CANONICAL_FIXTURE_TO_SOURCE_MATCH","canonical_fixture_to_source_match","CANONICAL_TEAM_SEASON_TO_SOURCE_TEAM","canonical_team_season_to_source_team","EXPLICIT_SOURCE_GRAIN_ROUTE","NOT_YET_PROVEN"
"FRL_LOCAL_CSV","team_match","team_match","totalThrows","team_fixture","OBSERVATION","canonical_team_season_to_source_team","True","Team-match source statistics attach through the verified team-fixture relationship.","","","CANONICAL_FIXTURE_TO_SOURCE_MATCH","canonical_fixture_to_source_match","CANONICAL_TEAM_SEASON_TO_SOURCE_TEAM","canonical_team_season_to_source_team","EXPLICIT_SOURCE_GRAIN_ROUTE","NOT_YET_PROVEN"
"FRL_LOCAL_CSV","team_match","team_match","totalYelCard","team_fixture","OBSERVATION","canonical_team_season_to_source_team","True","Team-match source statistics attach through the verified team-fixture relationship.","","","CANONICAL_FIXTURE_TO_SOURCE_MATCH","canonical_fixture_to_source_match","CANONICAL_TEAM_SEASON_TO_SOURCE_TEAM","canonical_team_season_to_source_team","EXPLICIT_SOURCE_GRAIN_ROUTE","NOT_YET_PROVEN"
"FRL_LOCAL_CSV","team_match","team_match","touches","team_fixture","OBSERVATION","canonical_team_season_to_source_team","True","Team-match source statistics attach through the verified team-fixture relationship.","","","CANONICAL_FIXTURE_TO_SOURCE_MATCH","canonical_fixture_to_source_match","CANONICAL_TEAM_SEASON_TO_SOURCE_TEAM","canonical_team_season_to_source_team","EXPLICIT_SOURCE_GRAIN_ROUTE","NOT_YET_PROVEN"
"FRL_LOCAL_CSV","team_match","team_match","touchesInOppBox","team_fixture","OBSERVATION","canonical_team_season_to_source_team","True","Team-match source statistics attach through the verified team-fixture relationship.","","","CANONICAL_FIXTURE_TO_SOURCE_MATCH","canonical_fixture_to_source_match","CANONICAL_TEAM_SEASON_TO_SOURCE_TEAM","canonical_team_season_to_source_team","EXPLICIT_SOURCE_GRAIN_ROUTE","NOT_YET_PROVEN"
"FRL_LOCAL_CSV","team_match","team_match","unsuccessfulTouch","team_fixture","OBSERVATION","canonical_team_season_to_source_team","True","Team-match source statistics attach through the verified team-fixture relationship.","","","CANONICAL_FIXTURE_TO_SOURCE_MATCH","canonical_fixture_to_source_match","CANONICAL_TEAM_SEASON_TO_SOURCE_TEAM","canonical_team_season_to_source_team","EXPLICIT_SOURCE_GRAIN_ROUTE","NOT_YET_PROVEN"
"FRL_LOCAL_CSV","team_match","team_match","venue","team_fixture","OBSERVATION","canonical_team_season_to_source_team","True","Team-match source statistics attach through the verified team-fixture relationship.","","","CANONICAL_FIXTURE_TO_SOURCE_MATCH","canonical_fixture_to_source_match","CANONICAL_TEAM_SEASON_TO_SOURCE_TEAM","canonical_team_season_to_source_team","EXPLICIT_SOURCE_GRAIN_ROUTE","NOT_YET_PROVEN"
"FRL_LOCAL_CSV","team_match","team_match","winningGoal","team_fixture","OBSERVATION","canonical_team_season_to_source_team","True","Team-match source statistics attach through the verified team-fixture relationship.","","","CANONICAL_FIXTURE_TO_SOURCE_MATCH","canonical_fixture_to_source_match","CANONICAL_TEAM_SEASON_TO_SOURCE_TEAM","canonical_team_season_to_source_team","EXPLICIT_SOURCE_GRAIN_ROUTE","NOT_YET_PROVEN"
"FRL_LOCAL_CSV","team_match","team_match","wonContest","team_fixture","OBSERVATION","canonical_team_season_to_source_team","True","Team-match source statistics attach through the verified team-fixture relationship.","","","CANONICAL_FIXTURE_TO_SOURCE_MATCH","canonical_fixture_to_source_match","CANONICAL_TEAM_SEASON_TO_SOURCE_TEAM","canonical_team_season_to_source_team","EXPLICIT_SOURCE_GRAIN_ROUTE","NOT_YET_PROVEN"
"FRL_LOCAL_CSV","team_match","team_match","wonCorners","team_fixture","OBSERVATION","canonical_team_season_to_source_team","True","Team-match source statistics attach through the verified team-fixture relationship.","","","CANONICAL_FIXTURE_TO_SOURCE_MATCH","canonical_fixture_to_source_match","CANONICAL_TEAM_SEASON_TO_SOURCE_TEAM","canonical_team_season_to_source_team","EXPLICIT_SOURCE_GRAIN_ROUTE","NOT_YET_PROVEN"
"FRL_LOCAL_CSV","team_match","team_match","wonTackle","team_fixture","OBSERVATION","canonical_team_season_to_source_team","True","Team-match source statistics attach through the verified team-fixture relationship.","","","CANONICAL_FIXTURE_TO_SOURCE_MATCH","canonical_fixture_to_source_match","CANONICAL_TEAM_SEASON_TO_SOURCE_TEAM","canonical_team_season_to_source_team","EXPLICIT_SOURCE_GRAIN_ROUTE","NOT_YET_PROVEN"
"FRL_LOCAL_CSV","team_match","team_match","yellowCard","team_fixture","OBSERVATION","canonical_team_season_to_source_team","True","Team-match source statistics attach through the verified team-fixture relationship.","","","CANONICAL_FIXTURE_TO_SOURCE_MATCH","canonical_fixture_to_source_match","CANONICAL_TEAM_SEASON_TO_SOURCE_TEAM","canonical_team_season_to_source_team","EXPLICIT_SOURCE_GRAIN_ROUTE","NOT_YET_PROVEN"
"fpl","event","sample_payload","elements","event","OBSERVATION","canonical_fixture_to_source_match","TRUE","Event observation is reachable through verified source-match/canonical-fixture context with the native event identifier retained.","","","CANONICAL_FIXTURE_TO_SOURCE_MATCH","canonical_fixture_to_source_match","","","EXPLICIT_CANONICAL_ATTACHMENT_ROUTE","NOT_YET_PROVEN"
"fpl","event","sample_payload","elements[].explain","event","OBSERVATION","canonical_fixture_to_source_match","TRUE","Event observation is reachable through verified source-match/canonical-fixture context with the native event identifier retained.","","","CANONICAL_FIXTURE_TO_SOURCE_MATCH","canonical_fixture_to_source_match","","","EXPLICIT_CANONICAL_ATTACHMENT_ROUTE","NOT_YET_PROVEN"
"fpl","event","sample_payload","elements[].explain[].fixture","event","OBSERVATION","canonical_fixture_to_source_match","TRUE","Event observation is reachable through verified source-match/canonical-fixture context with the native event identifier retained.","","","CANONICAL_FIXTURE_TO_SOURCE_MATCH","canonical_fixture_to_source_match","","","EXPLICIT_CANONICAL_ATTACHMENT_ROUTE","NOT_YET_PROVEN"
"fpl","event","sample_payload","elements[].explain[].stats","event","OBSERVATION","canonical_fixture_to_source_match","TRUE","Event observation is reachable through verified source-match/canonical-fixture context with the native event identifier retained.","","","CANONICAL_FIXTURE_TO_SOURCE_MATCH","canonical_fixture_to_source_match","","","EXPLICIT_CANONICAL_ATTACHMENT_ROUTE","NOT_YET_PROVEN"
"fpl","event","sample_payload","elements[].explain[].stats[].identifier","event","OBSERVATION","canonical_fixture_to_source_match","TRUE","Event observation is reachable through verified source-match/canonical-fixture context with the native event identifier retained.","","","CANONICAL_FIXTURE_TO_SOURCE_MATCH","canonical_fixture_to_source_match","","","EXPLICIT_CANONICAL_ATTACHMENT_ROUTE","NOT_YET_PROVEN"
"fpl","event","sample_payload","elements[].explain[].stats[].points","event","OBSERVATION","canonical_fixture_to_source_match","TRUE","Event observation is reachable through verified source-match/canonical-fixture context with the native event identifier retained.","","","CANONICAL_FIXTURE_TO_SOURCE_MATCH","canonical_fixture_to_source_match","","","EXPLICIT_CANONICAL_ATTACHMENT_ROUTE","NOT_YET_PROVEN"
"fpl","event","sample_payload","elements[].explain[].stats[].points_modification","event","OBSERVATION","canonical_fixture_to_source_match","TRUE","Event observation is reachable through verified source-match/canonical-fixture context with the native event identifier retained.","","","CANONICAL_FIXTURE_TO_SOURCE_MATCH","canonical_fixture_to_source_match","","","EXPLICIT_CANONICAL_ATTACHMENT_ROUTE","NOT_YET_PROVEN"
"fpl","event","sample_payload","elements[].explain[].stats[].value","event","OBSERVATION","canonical_fixture_to_source_match","TRUE","Event observation is reachable through verified source-match/canonical-fixture context with the native event identifier retained.","","","CANONICAL_FIXTURE_TO_SOURCE_MATCH","canonical_fixture_to_source_match","","","EXPLICIT_CANONICAL_ATTACHMENT_ROUTE","NOT_YET_PROVEN"
"fpl","event","sample_payload","elements[].id","event","OBSERVATION","canonical_fixture_to_source_match","TRUE","Event observation is reachable through verified source-match/canonical-fixture context with the native event identifier retained.","","","CANONICAL_FIXTURE_TO_SOURCE_MATCH","canonical_fixture_to_source_match","","","EXPLICIT_CANONICAL_ATTACHMENT_ROUTE","NOT_YET_PROVEN"
"fpl","event","sample_payload","elements[].modified","event","OBSERVATION","canonical_fixture_to_source_match","TRUE","Event observation is reachable through verified source-match/canonical-fixture context with the native event identifier retained.","","","CANONICAL_FIXTURE_TO_SOURCE_MATCH","canonical_fixture_to_source_match","","","EXPLICIT_CANONICAL_ATTACHMENT_ROUTE","NOT_YET_PROVEN"
"fpl","event","sample_payload","elements[].stats","event","OBSERVATION","canonical_fixture_to_source_match","TRUE","Event observation is reachable through verified source-match/canonical-fixture context with the native event identifier retained.","","","CANONICAL_FIXTURE_TO_SOURCE_MATCH","canonical_fixture_to_source_match","","","EXPLICIT_CANONICAL_ATTACHMENT_ROUTE","NOT_YET_PROVEN"
"fpl","event","sample_payload","elements[].stats.assists","event","OBSERVATION","canonical_fixture_to_source_match","TRUE","Event observation is reachable through verified source-match/canonical-fixture context with the native event identifier retained.","","","CANONICAL_FIXTURE_TO_SOURCE_MATCH","canonical_fixture_to_source_match","","","EXPLICIT_CANONICAL_ATTACHMENT_ROUTE","NOT_YET_PROVEN"
"fpl","event","sample_payload","elements[].stats.bonus","event","OBSERVATION","canonical_fixture_to_source_match","TRUE","Event observation is reachable through verified source-match/canonical-fixture context with the native event identifier retained.","","","CANONICAL_FIXTURE_TO_SOURCE_MATCH","canonical_fixture_to_source_match","","","EXPLICIT_CANONICAL_ATTACHMENT_ROUTE","NOT_YET_PROVEN"
"fpl","event","sample_payload","elements[].stats.bps","event","OBSERVATION","canonical_fixture_to_source_match","TRUE","Event observation is reachable through verified source-match/canonical-fixture context with the native event identifier retained.","","","CANONICAL_FIXTURE_TO_SOURCE_MATCH","canonical_fixture_to_source_match","","","EXPLICIT_CANONICAL_ATTACHMENT_ROUTE","NOT_YET_PROVEN"
"fpl","event","sample_payload","elements[].stats.clean_sheets","event","OBSERVATION","canonical_fixture_to_source_match","TRUE","Event observation is reachable through verified source-match/canonical-fixture context with the native event identifier retained.","","","CANONICAL_FIXTURE_TO_SOURCE_MATCH","canonical_fixture_to_source_match","","","EXPLICIT_CANONICAL_ATTACHMENT_ROUTE","NOT_YET_PROVEN"
"fpl","event","sample_payload","elements[].stats.clearances_blocks_interceptions","event","OBSERVATION","canonical_fixture_to_source_match","TRUE","Event observation is reachable through verified source-match/canonical-fixture context with the native event identifier retained.","","","CANONICAL_FIXTURE_TO_SOURCE_MATCH","canonical_fixture_to_source_match","","","EXPLICIT_CANONICAL_ATTACHMENT_ROUTE","NOT_YET_PROVEN"
"fpl","event","sample_payload","elements[].stats.creativity","event","OBSERVATION","canonical_fixture_to_source_match","TRUE","Event observation is reachable through verified source-match/canonical-fixture context with the native event identifier retained.","","","CANONICAL_FIXTURE_TO_SOURCE_MATCH","canonical_fixture_to_source_match","","","EXPLICIT_CANONICAL_ATTACHMENT_ROUTE","NOT_YET_PROVEN"
"fpl","event","sample_payload","elements[].stats.defensive_contribution","event","OBSERVATION","canonical_fixture_to_source_match","TRUE","Event observation is reachable through verified source-match/canonical-fixture context with the native event identifier retained.","","","CANONICAL_FIXTURE_TO_SOURCE_MATCH","canonical_fixture_to_source_match","","","EXPLICIT_CANONICAL_ATTACHMENT_ROUTE","NOT_YET_PROVEN"
"fpl","event","sample_payload","elements[].stats.expected_assists","event","OBSERVATION","canonical_fixture_to_source_match","TRUE","Event observation is reachable through verified source-match/canonical-fixture context with the native event identifier retained.","","","CANONICAL_FIXTURE_TO_SOURCE_MATCH","canonical_fixture_to_source_match","","","EXPLICIT_CANONICAL_ATTACHMENT_ROUTE","NOT_YET_PROVEN"
"fpl","event","sample_payload","elements[].stats.expected_goal_involvements","event","OBSERVATION","canonical_fixture_to_source_match","TRUE","Event observation is reachable through verified source-match/canonical-fixture context with the native event identifier retained.","","","CANONICAL_FIXTURE_TO_SOURCE_MATCH","canonical_fixture_to_source_match","","","EXPLICIT_CANONICAL_ATTACHMENT_ROUTE","NOT_YET_PROVEN"
"fpl","event","sample_payload","elements[].stats.expected_goals","event","OBSERVATION","canonical_fixture_to_source_match","TRUE","Event observation is reachable through verified source-match/canonical-fixture context with the native event identifier retained.","","","CANONICAL_FIXTURE_TO_SOURCE_MATCH","canonical_fixture_to_source_match","","","EXPLICIT_CANONICAL_ATTACHMENT_ROUTE","NOT_YET_PROVEN"
"fpl","event","sample_payload","elements[].stats.expected_goals_conceded","event","OBSERVATION","canonical_fixture_to_source_match","TRUE","Event observation is reachable through verified source-match/canonical-fixture context with the native event identifier retained.","","","CANONICAL_FIXTURE_TO_SOURCE_MATCH","canonical_fixture_to_source_match","","","EXPLICIT_CANONICAL_ATTACHMENT_ROUTE","NOT_YET_PROVEN"
"fpl","event","sample_payload","elements[].stats.goals_conceded","event","OBSERVATION","canonical_fixture_to_source_match","TRUE","Event observation is reachable through verified source-match/canonical-fixture context with the native event identifier retained.","","","CANONICAL_FIXTURE_TO_SOURCE_MATCH","canonical_fixture_to_source_match","","","EXPLICIT_CANONICAL_ATTACHMENT_ROUTE","NOT_YET_PROVEN"
"fpl","event","sample_payload","elements[].stats.goals_scored","event","OBSERVATION","canonical_fixture_to_source_match","TRUE","Event observation is reachable through verified source-match/canonical-fixture context with the native event identifier retained.","","","CANONICAL_FIXTURE_TO_SOURCE_MATCH","canonical_fixture_to_source_match","","","EXPLICIT_CANONICAL_ATTACHMENT_ROUTE","NOT_YET_PROVEN"
"fpl","event","sample_payload","elements[].stats.ict_index","event","OBSERVATION","canonical_fixture_to_source_match","TRUE","Event observation is reachable through verified source-match/canonical-fixture context with the native event identifier retained.","","","CANONICAL_FIXTURE_TO_SOURCE_MATCH","canonical_fixture_to_source_match","","","EXPLICIT_CANONICAL_ATTACHMENT_ROUTE","NOT_YET_PROVEN"
"fpl","event","sample_payload","elements[].stats.in_dreamteam","event","OBSERVATION","canonical_fixture_to_source_match","TRUE","Event observation is reachable through verified source-match/canonical-fixture context with the native event identifier retained.","","","CANONICAL_FIXTURE_TO_SOURCE_MATCH","canonical_fixture_to_source_match","","","EXPLICIT_CANONICAL_ATTACHMENT_ROUTE","NOT_YET_PROVEN"
"fpl","event","sample_payload","elements[].stats.influence","event","OBSERVATION","canonical_fixture_to_source_match","TRUE","Event observation is reachable through verified source-match/canonical-fixture context with the native event identifier retained.","","","CANONICAL_FIXTURE_TO_SOURCE_MATCH","canonical_fixture_to_source_match","","","EXPLICIT_CANONICAL_ATTACHMENT_ROUTE","NOT_YET_PROVEN"
"fpl","event","sample_payload","elements[].stats.minutes","event","OBSERVATION","canonical_fixture_to_source_match","TRUE","Event observation is reachable through verified source-match/canonical-fixture context with the native event identifier retained.","","","CANONICAL_FIXTURE_TO_SOURCE_MATCH","canonical_fixture_to_source_match","","","EXPLICIT_CANONICAL_ATTACHMENT_ROUTE","NOT_YET_PROVEN"
"fpl","event","sample_payload","elements[].stats.own_goals","event","OBSERVATION","canonical_fixture_to_source_match","TRUE","Event observation is reachable through verified source-match/canonical-fixture context with the native event identifier retained.","","","CANONICAL_FIXTURE_TO_SOURCE_MATCH","canonical_fixture_to_source_match","","","EXPLICIT_CANONICAL_ATTACHMENT_ROUTE","NOT_YET_PROVEN"
"fpl","event","sample_payload","elements[].stats.penalties_missed","event","OBSERVATION","canonical_fixture_to_source_match","TRUE","Event observation is reachable through verified source-match/canonical-fixture context with the native event identifier retained.","","","CANONICAL_FIXTURE_TO_SOURCE_MATCH","canonical_fixture_to_source_match","","","EXPLICIT_CANONICAL_ATTACHMENT_ROUTE","NOT_YET_PROVEN"
"fpl","event","sample_payload","elements[].stats.penalties_saved","event","OBSERVATION","canonical_fixture_to_source_match","TRUE","Event observation is reachable through verified source-match/canonical-fixture context with the native event identifier retained.","","","CANONICAL_FIXTURE_TO_SOURCE_MATCH","canonical_fixture_to_source_match","","","EXPLICIT_CANONICAL_ATTACHMENT_ROUTE","NOT_YET_PROVEN"
"fpl","event","sample_payload","elements[].stats.played","event","OBSERVATION","canonical_fixture_to_source_match","TRUE","Event observation is reachable through verified source-match/canonical-fixture context with the native event identifier retained.","","","CANONICAL_FIXTURE_TO_SOURCE_MATCH","canonical_fixture_to_source_match","","","EXPLICIT_CANONICAL_ATTACHMENT_ROUTE","NOT_YET_PROVEN"
"fpl","event","sample_payload","elements[].stats.recoveries","event","OBSERVATION","canonical_fixture_to_source_match","TRUE","Event observation is reachable through verified source-match/canonical-fixture context with the native event identifier retained.","","","CANONICAL_FIXTURE_TO_SOURCE_MATCH","canonical_fixture_to_source_match","","","EXPLICIT_CANONICAL_ATTACHMENT_ROUTE","NOT_YET_PROVEN"
"fpl","event","sample_payload","elements[].stats.red_cards","event","OBSERVATION","canonical_fixture_to_source_match","TRUE","Event observation is reachable through verified source-match/canonical-fixture context with the native event identifier retained.","","","CANONICAL_FIXTURE_TO_SOURCE_MATCH","canonical_fixture_to_source_match","","","EXPLICIT_CANONICAL_ATTACHMENT_ROUTE","NOT_YET_PROVEN"
"fpl","event","sample_payload","elements[].stats.saves","event","OBSERVATION","canonical_fixture_to_source_match","TRUE","Event observation is reachable through verified source-match/canonical-fixture context with the native event identifier retained.","","","CANONICAL_FIXTURE_TO_SOURCE_MATCH","canonical_fixture_to_source_match","","","EXPLICIT_CANONICAL_ATTACHMENT_ROUTE","NOT_YET_PROVEN"
"fpl","event","sample_payload","elements[].stats.starts","event","OBSERVATION","canonical_fixture_to_source_match","TRUE","Event observation is reachable through verified source-match/canonical-fixture context with the native event identifier retained.","","","CANONICAL_FIXTURE_TO_SOURCE_MATCH","canonical_fixture_to_source_match","","","EXPLICIT_CANONICAL_ATTACHMENT_ROUTE","NOT_YET_PROVEN"
"fpl","event","sample_payload","elements[].stats.tackles","event","OBSERVATION","canonical_fixture_to_source_match","TRUE","Event observation is reachable through verified source-match/canonical-fixture context with the native event identifier retained.","","","CANONICAL_FIXTURE_TO_SOURCE_MATCH","canonical_fixture_to_source_match","","","EXPLICIT_CANONICAL_ATTACHMENT_ROUTE","NOT_YET_PROVEN"
"fpl","event","sample_payload","elements[].stats.threat","event","OBSERVATION","canonical_fixture_to_source_match","TRUE","Event observation is reachable through verified source-match/canonical-fixture context with the native event identifier retained.","","","CANONICAL_FIXTURE_TO_SOURCE_MATCH","canonical_fixture_to_source_match","","","EXPLICIT_CANONICAL_ATTACHMENT_ROUTE","NOT_YET_PROVEN"
"fpl","event","sample_payload","elements[].stats.total_points","event","OBSERVATION","canonical_fixture_to_source_match","TRUE","Event observation is reachable through verified source-match/canonical-fixture context with the native event identifier retained.","","","CANONICAL_FIXTURE_TO_SOURCE_MATCH","canonical_fixture_to_source_match","","","EXPLICIT_CANONICAL_ATTACHMENT_ROUTE","NOT_YET_PROVEN"
"fpl","event","sample_payload","elements[].stats.yellow_cards","event","OBSERVATION","canonical_fixture_to_source_match","TRUE","Event observation is reachable through verified source-match/canonical-fixture context with the native event identifier retained.","","","CANONICAL_FIXTURE_TO_SOURCE_MATCH","canonical_fixture_to_source_match","","","EXPLICIT_CANONICAL_ATTACHMENT_ROUTE","NOT_YET_PROVEN"
"pulselive","match","sample_payload","resources","fixture","ENTITY","canonical_fixture_to_source_match","TRUE","Canonical fixture resolves to the source match under the documented fixture identity contract.","","","CANONICAL_FIXTURE_TO_SOURCE_MATCH","canonical_fixture_to_source_match","","","EXPLICIT_CANONICAL_ATTACHMENT_ROUTE","NOT_YET_PROVEN"
"pulselive","match","sample_payload","resources.commentary","fixture","ENTITY","canonical_fixture_to_source_match","TRUE","Canonical fixture resolves to the source match under the documented fixture identity contract.","","","CANONICAL_FIXTURE_TO_SOURCE_MATCH","canonical_fixture_to_source_match","","","EXPLICIT_CANONICAL_ATTACHMENT_ROUTE","NOT_YET_PROVEN"
"pulselive","match","sample_payload","resources.commentary.endpoint","fixture","ENTITY","canonical_fixture_to_source_match","TRUE","Canonical fixture resolves to the source match under the documented fixture identity contract.","","","CANONICAL_FIXTURE_TO_SOURCE_MATCH","canonical_fixture_to_source_match","","","EXPLICIT_CANONICAL_ATTACHMENT_ROUTE","NOT_YET_PROVEN"
"pulselive","match","sample_payload","resources.commentary.headers","fixture","ENTITY","canonical_fixture_to_source_match","TRUE","Canonical fixture resolves to the source match under the documented fixture identity contract.","","","CANONICAL_FIXTURE_TO_SOURCE_MATCH","canonical_fixture_to_source_match","","","EXPLICIT_CANONICAL_ATTACHMENT_ROUTE","NOT_YET_PROVEN"
"pulselive","match","sample_payload","resources.commentary.headers.alt-svc","fixture","ENTITY","canonical_fixture_to_source_match","TRUE","Canonical fixture resolves to the source match under the documented fixture identity contract.","","","CANONICAL_FIXTURE_TO_SOURCE_MATCH","canonical_fixture_to_source_match","","","EXPLICIT_CANONICAL_ATTACHMENT_ROUTE","NOT_YET_PROVEN"
"pulselive","match","sample_payload","resources.commentary.headers.cache-control","fixture","ENTITY","canonical_fixture_to_source_match","TRUE","Canonical fixture resolves to the source match under the documented fixture identity contract.","","","CANONICAL_FIXTURE_TO_SOURCE_MATCH","canonical_fixture_to_source_match","","","EXPLICIT_CANONICAL_ATTACHMENT_ROUTE","NOT_YET_PROVEN"
"pulselive","match","sample_payload","resources.commentary.headers.connection","fixture","ENTITY","canonical_fixture_to_source_match","TRUE","Canonical fixture resolves to the source match under the documented fixture identity contract.","","","CANONICAL_FIXTURE_TO_SOURCE_MATCH","canonical_fixture_to_source_match","","","EXPLICIT_CANONICAL_ATTACHMENT_ROUTE","NOT_YET_PROVEN"
"pulselive","match","sample_payload","resources.commentary.headers.content-security-policy","fixture","ENTITY","canonical_fixture_to_source_match","TRUE","Canonical fixture resolves to the source match under the documented fixture identity contract.","","","CANONICAL_FIXTURE_TO_SOURCE_MATCH","canonical_fixture_to_source_match","","","EXPLICIT_CANONICAL_ATTACHMENT_ROUTE","NOT_YET_PROVEN"
"pulselive","match","sample_payload","resources.commentary.headers.content-type","fixture","ENTITY","canonical_fixture_to_source_match","TRUE","Canonical fixture resolves to the source match under the documented fixture identity contract.","","","CANONICAL_FIXTURE_TO_SOURCE_MATCH","canonical_fixture_to_source_match","","","EXPLICIT_CANONICAL_ATTACHMENT_ROUTE","NOT_YET_PROVEN"
"pulselive","match","sample_payload","resources.commentary.headers.date","fixture","ENTITY","canonical_fixture_to_source_match","TRUE","Canonical fixture resolves to the source match under the documented fixture identity contract.","","","CANONICAL_FIXTURE_TO_SOURCE_MATCH","canonical_fixture_to_source_match","","","EXPLICIT_CANONICAL_ATTACHMENT_ROUTE","NOT_YET_PROVEN"
"pulselive","match","sample_payload","resources.commentary.headers.permissions-policy","fixture","ENTITY","canonical_fixture_to_source_match","TRUE","Canonical fixture resolves to the source match under the documented fixture identity contract.","","","CANONICAL_FIXTURE_TO_SOURCE_MATCH","canonical_fixture_to_source_match","","","EXPLICIT_CANONICAL_ATTACHMENT_ROUTE","NOT_YET_PROVEN"
"pulselive","match","sample_payload","resources.commentary.headers.referrer-policy","fixture","ENTITY","canonical_fixture_to_source_match","TRUE","Canonical fixture resolves to the source match under the documented fixture identity contract.","","","CANONICAL_FIXTURE_TO_SOURCE_MATCH","canonical_fixture_to_source_match","","","EXPLICIT_CANONICAL_ATTACHMENT_ROUTE","NOT_YET_PROVEN"
"pulselive","match","sample_payload","resources.commentary.headers.set-cookie","fixture","ENTITY","canonical_fixture_to_source_match","TRUE","Canonical fixture resolves to the source match under the documented fixture identity contract.","","","CANONICAL_FIXTURE_TO_SOURCE_MATCH","canonical_fixture_to_source_match","","","EXPLICIT_CANONICAL_ATTACHMENT_ROUTE","NOT_YET_PROVEN"
"pulselive","match","sample_payload","resources.commentary.headers.strict-transport-security","fixture","ENTITY","canonical_fixture_to_source_match","TRUE","Canonical fixture resolves to the source match under the documented fixture identity contract.","","","CANONICAL_FIXTURE_TO_SOURCE_MATCH","canonical_fixture_to_source_match","","","EXPLICIT_CANONICAL_ATTACHMENT_ROUTE","NOT_YET_PROVEN"
"pulselive","match","sample_payload","resources.commentary.headers.transfer-encoding","fixture","ENTITY","canonical_fixture_to_source_match","TRUE","Canonical fixture resolves to the source match under the documented fixture identity contract.","","","CANONICAL_FIXTURE_TO_SOURCE_MATCH","canonical_fixture_to_source_match","","","EXPLICIT_CANONICAL_ATTACHMENT_ROUTE","NOT_YET_PROVEN"
"pulselive","match","sample_payload","resources.commentary.headers.vary","fixture","ENTITY","canonical_fixture_to_source_match","TRUE","Canonical fixture resolves to the source match under the documented fixture identity contract.","","","CANONICAL_FIXTURE_TO_SOURCE_MATCH","canonical_fixture_to_source_match","","","EXPLICIT_CANONICAL_ATTACHMENT_ROUTE","NOT_YET_PROVEN"
"pulselive","match","sample_payload","resources.commentary.headers.via","fixture","ENTITY","canonical_fixture_to_source_match","TRUE","Canonical fixture resolves to the source match under the documented fixture identity contract.","","","CANONICAL_FIXTURE_TO_SOURCE_MATCH","canonical_fixture_to_source_match","","","EXPLICIT_CANONICAL_ATTACHMENT_ROUTE","NOT_YET_PROVEN"
"pulselive","match","sample_payload","resources.commentary.headers.x-amz-cf-id","fixture","ENTITY","canonical_fixture_to_source_match","TRUE","Canonical fixture resolves to the source match under the documented fixture identity contract.","","","CANONICAL_FIXTURE_TO_SOURCE_MATCH","canonical_fixture_to_source_match","","","EXPLICIT_CANONICAL_ATTACHMENT_ROUTE","NOT_YET_PROVEN"
"pulselive","match","sample_payload","resources.commentary.headers.x-amz-cf-pop","fixture","ENTITY","canonical_fixture_to_source_match","TRUE","Canonical fixture resolves to the source match under the documented fixture identity contract.","","","CANONICAL_FIXTURE_TO_SOURCE_MATCH","canonical_fixture_to_source_match","","","EXPLICIT_CANONICAL_ATTACHMENT_ROUTE","NOT_YET_PROVEN"
"pulselive","match","sample_payload","resources.commentary.headers.x-cache","fixture","ENTITY","canonical_fixture_to_source_match","TRUE","Canonical fixture resolves to the source match under the documented fixture identity contract.","","","CANONICAL_FIXTURE_TO_SOURCE_MATCH","canonical_fixture_to_source_match","","","EXPLICIT_CANONICAL_ATTACHMENT_ROUTE","NOT_YET_PROVEN"
"pulselive","match","sample_payload","resources.commentary.headers.x-cache-server","fixture","ENTITY","canonical_fixture_to_source_match","TRUE","Canonical fixture resolves to the source match under the documented fixture identity contract.","","","CANONICAL_FIXTURE_TO_SOURCE_MATCH","canonical_fixture_to_source_match","","","EXPLICIT_CANONICAL_ATTACHMENT_ROUTE","NOT_YET_PROVEN"
"pulselive","match","sample_payload","resources.commentary.headers.x-cache-status","fixture","ENTITY","canonical_fixture_to_source_match","TRUE","Canonical fixture resolves to the source match under the documented fixture identity contract.","","","CANONICAL_FIXTURE_TO_SOURCE_MATCH","canonical_fixture_to_source_match","","","EXPLICIT_CANONICAL_ATTACHMENT_ROUTE","NOT_YET_PROVEN"
"pulselive","match","sample_payload","resources.commentary.headers.x-content-type-options","fixture","ENTITY","canonical_fixture_to_source_match","TRUE","Canonical fixture resolves to the source match under the documented fixture identity contract.","","","CANONICAL_FIXTURE_TO_SOURCE_MATCH","canonical_fixture_to_source_match","","","EXPLICIT_CANONICAL_ATTACHMENT_ROUTE","NOT_YET_PROVEN"
"pulselive","match","sample_payload","resources.commentary.headers.x-frame-options","fixture","ENTITY","canonical_fixture_to_source_match","TRUE","Canonical fixture resolves to the source match under the documented fixture identity contract.","","","CANONICAL_FIXTURE_TO_SOURCE_MATCH","canonical_fixture_to_source_match","","","EXPLICIT_CANONICAL_ATTACHMENT_ROUTE","NOT_YET_PROVEN"
"pulselive","match","sample_payload","resources.commentary.headers.x-pulse-sdp-endpoint","fixture","ENTITY","canonical_fixture_to_source_match","TRUE","Canonical fixture resolves to the source match under the documented fixture identity contract.","","","CANONICAL_FIXTURE_TO_SOURCE_MATCH","canonical_fixture_to_source_match","","","EXPLICIT_CANONICAL_ATTACHMENT_ROUTE","NOT_YET_PROVEN"
"pulselive","match","sample_payload","resources.commentary.headers.x-ratelimit-limit","fixture","ENTITY","canonical_fixture_to_source_match","TRUE","Canonical fixture resolves to the source match under the documented fixture identity contract.","","","CANONICAL_FIXTURE_TO_SOURCE_MATCH","canonical_fixture_to_source_match","","","EXPLICIT_CANONICAL_ATTACHMENT_ROUTE","NOT_YET_PROVEN"
"pulselive","match","sample_payload","resources.commentary.headers.x-ratelimit-remaining","fixture","ENTITY","canonical_fixture_to_source_match","TRUE","Canonical fixture resolves to the source match under the documented fixture identity contract.","","","CANONICAL_FIXTURE_TO_SOURCE_MATCH","canonical_fixture_to_source_match","","","EXPLICIT_CANONICAL_ATTACHMENT_ROUTE","NOT_YET_PROVEN"
"pulselive","match","sample_payload","resources.commentary.headers.x-ratelimit-reset","fixture","ENTITY","canonical_fixture_to_source_match","TRUE","Canonical fixture resolves to the source match under the documented fixture identity contract.","","","CANONICAL_FIXTURE_TO_SOURCE_MATCH","canonical_fixture_to_source_match","","","EXPLICIT_CANONICAL_ATTACHMENT_ROUTE","NOT_YET_PROVEN"
"pulselive","match","sample_payload","resources.commentary.headers.x-request-id","fixture","ENTITY","canonical_fixture_to_source_match","TRUE","Canonical fixture resolves to the source match under the documented fixture identity contract.","","","CANONICAL_FIXTURE_TO_SOURCE_MATCH","canonical_fixture_to_source_match","","","EXPLICIT_CANONICAL_ATTACHMENT_ROUTE","NOT_YET_PROVEN"
"pulselive","match","sample_payload","resources.commentary.payload","fixture","ENTITY","canonical_fixture_to_source_match","TRUE","Canonical fixture resolves to the source match under the documented fixture identity contract.","","","CANONICAL_FIXTURE_TO_SOURCE_MATCH","canonical_fixture_to_source_match","","","EXPLICIT_CANONICAL_ATTACHMENT_ROUTE","NOT_YET_PROVEN"
"pulselive","match","sample_payload","resources.commentary.payload.data","fixture","ENTITY","canonical_fixture_to_source_match","TRUE","Canonical fixture resolves to the source match under the documented fixture identity contract.","","","CANONICAL_FIXTURE_TO_SOURCE_MATCH","canonical_fixture_to_source_match","","","EXPLICIT_CANONICAL_ATTACHMENT_ROUTE","NOT_YET_PROVEN"
"pulselive","match","sample_payload","resources.commentary.payload.data[].comment","fixture","ENTITY","canonical_fixture_to_source_match","TRUE","Canonical fixture resolves to the source match under the documented fixture identity contract.","","","CANONICAL_FIXTURE_TO_SOURCE_MATCH","canonical_fixture_to_source_match","","","EXPLICIT_CANONICAL_ATTACHMENT_ROUTE","NOT_YET_PROVEN"
"pulselive","match","sample_payload","resources.commentary.payload.data[].time","fixture","ENTITY","canonical_fixture_to_source_match","TRUE","Canonical fixture resolves to the source match under the documented fixture identity contract.","","","CANONICAL_FIXTURE_TO_SOURCE_MATCH","canonical_fixture_to_source_match","","","EXPLICIT_CANONICAL_ATTACHMENT_ROUTE","NOT_YET_PROVEN"
"pulselive","match","sample_payload","resources.commentary.payload.data[].timestamp","fixture","ENTITY","canonical_fixture_to_source_match","TRUE","Canonical fixture resolves to the source match under the documented fixture identity contract.","","","CANONICAL_FIXTURE_TO_SOURCE_MATCH","canonical_fixture_to_source_match","","","EXPLICIT_CANONICAL_ATTACHMENT_ROUTE","NOT_YET_PROVEN"
"pulselive","match","sample_payload","resources.commentary.payload.data[].type","fixture","ENTITY","canonical_fixture_to_source_match","TRUE","Canonical fixture resolves to the source match under the documented fixture identity contract.","","","CANONICAL_FIXTURE_TO_SOURCE_MATCH","canonical_fixture_to_source_match","","","EXPLICIT_CANONICAL_ATTACHMENT_ROUTE","NOT_YET_PROVEN"
"pulselive","match","sample_payload","resources.commentary.payload.pagination","fixture","ENTITY","canonical_fixture_to_source_match","TRUE","Canonical fixture resolves to the source match under the documented fixture identity contract.","","","CANONICAL_FIXTURE_TO_SOURCE_MATCH","canonical_fixture_to_source_match","","","EXPLICIT_CANONICAL_ATTACHMENT_ROUTE","NOT_YET_PROVEN"
"pulselive","match","sample_payload","resources.commentary.payload.pagination._limit","fixture","ENTITY","canonical_fixture_to_source_match","TRUE","Canonical fixture resolves to the source match under the documented fixture identity contract.","","","CANONICAL_FIXTURE_TO_SOURCE_MATCH","canonical_fixture_to_source_match","","","EXPLICIT_CANONICAL_ATTACHMENT_ROUTE","NOT_YET_PROVEN"
"pulselive","match","sample_payload","resources.commentary.payload.pagination._next","fixture","ENTITY","canonical_fixture_to_source_match","TRUE","Canonical fixture resolves to the source match under the documented fixture identity contract.","","","CANONICAL_FIXTURE_TO_SOURCE_MATCH","canonical_fixture_to_source_match","","","EXPLICIT_CANONICAL_ATTACHMENT_ROUTE","NOT_YET_PROVEN"
"pulselive","match","sample_payload","resources.commentary.payload.pagination._prev","fixture","ENTITY","canonical_fixture_to_source_match","TRUE","Canonical fixture resolves to the source match under the documented fixture identity contract.","","","CANONICAL_FIXTURE_TO_SOURCE_MATCH","canonical_fixture_to_source_match","","","EXPLICIT_CANONICAL_ATTACHMENT_ROUTE","NOT_YET_PROVEN"
"pulselive","match","sample_payload","resources.commentary.retrieved_at","fixture","ENTITY","canonical_fixture_to_source_match","TRUE","Canonical fixture resolves to the source match under the documented fixture identity contract.","","","CANONICAL_FIXTURE_TO_SOURCE_MATCH","canonical_fixture_to_source_match","","","EXPLICIT_CANONICAL_ATTACHMENT_ROUTE","NOT_YET_PROVEN"
"pulselive","match","sample_payload","resources.events","fixture","ENTITY","canonical_fixture_to_source_match","TRUE","Canonical fixture resolves to the source match under the documented fixture identity contract.","","","CANONICAL_FIXTURE_TO_SOURCE_MATCH","canonical_fixture_to_source_match","","","EXPLICIT_CANONICAL_ATTACHMENT_ROUTE","NOT_YET_PROVEN"
"pulselive","match","sample_payload","resources.events.endpoint","fixture","ENTITY","canonical_fixture_to_source_match","TRUE","Canonical fixture resolves to the source match under the documented fixture identity contract.","","","CANONICAL_FIXTURE_TO_SOURCE_MATCH","canonical_fixture_to_source_match","","","EXPLICIT_CANONICAL_ATTACHMENT_ROUTE","NOT_YET_PROVEN"
"pulselive","match","sample_payload","resources.events.headers","fixture","ENTITY","canonical_fixture_to_source_match","TRUE","Canonical fixture resolves to the source match under the documented fixture identity contract.","","","CANONICAL_FIXTURE_TO_SOURCE_MATCH","canonical_fixture_to_source_match","","","EXPLICIT_CANONICAL_ATTACHMENT_ROUTE","NOT_YET_PROVEN"
"pulselive","match","sample_payload","resources.events.headers.alt-svc","fixture","ENTITY","canonical_fixture_to_source_match","TRUE","Canonical fixture resolves to the source match under the documented fixture identity contract.","","","CANONICAL_FIXTURE_TO_SOURCE_MATCH","canonical_fixture_to_source_match","","","EXPLICIT_CANONICAL_ATTACHMENT_ROUTE","NOT_YET_PROVEN"
"pulselive","match","sample_payload","resources.events.headers.cache-control","fixture","ENTITY","canonical_fixture_to_source_match","TRUE","Canonical fixture resolves to the source match under the documented fixture identity contract.","","","CANONICAL_FIXTURE_TO_SOURCE_MATCH","canonical_fixture_to_source_match","","","EXPLICIT_CANONICAL_ATTACHMENT_ROUTE","NOT_YET_PROVEN"
"pulselive","match","sample_payload","resources.events.headers.connection","fixture","ENTITY","canonical_fixture_to_source_match","TRUE","Canonical fixture resolves to the source match under the documented fixture identity contract.","","","CANONICAL_FIXTURE_TO_SOURCE_MATCH","canonical_fixture_to_source_match","","","EXPLICIT_CANONICAL_ATTACHMENT_ROUTE","NOT_YET_PROVEN"
"pulselive","match","sample_payload","resources.events.headers.content-security-policy","fixture","ENTITY","canonical_fixture_to_source_match","TRUE","Canonical fixture resolves to the source match under the documented fixture identity contract.","","","CANONICAL_FIXTURE_TO_SOURCE_MATCH","canonical_fixture_to_source_match","","","EXPLICIT_CANONICAL_ATTACHMENT_ROUTE","NOT_YET_PROVEN"
"pulselive","match","sample_payload","resources.events.headers.content-type","fixture","ENTITY","canonical_fixture_to_source_match","TRUE","Canonical fixture resolves to the source match under the documented fixture identity contract.","","","CANONICAL_FIXTURE_TO_SOURCE_MATCH","canonical_fixture_to_source_match","","","EXPLICIT_CANONICAL_ATTACHMENT_ROUTE","NOT_YET_PROVEN"
"pulselive","match","sample_payload","resources.events.headers.date","fixture","ENTITY","canonical_fixture_to_source_match","TRUE","Canonical fixture resolves to the source match under the documented fixture identity contract.","","","CANONICAL_FIXTURE_TO_SOURCE_MATCH","canonical_fixture_to_source_match","","","EXPLICIT_CANONICAL_ATTACHMENT_ROUTE","NOT_YET_PROVEN"
"pulselive","match","sample_payload","resources.events.headers.permissions-policy","fixture","ENTITY","canonical_fixture_to_source_match","TRUE","Canonical fixture resolves to the source match under the documented fixture identity contract.","","","CANONICAL_FIXTURE_TO_SOURCE_MATCH","canonical_fixture_to_source_match","","","EXPLICIT_CANONICAL_ATTACHMENT_ROUTE","NOT_YET_PROVEN"
"pulselive","match","sample_payload","resources.events.headers.referrer-policy","fixture","ENTITY","canonical_fixture_to_source_match","TRUE","Canonical fixture resolves to the source match under the documented fixture identity contract.","","","CANONICAL_FIXTURE_TO_SOURCE_MATCH","canonical_fixture_to_source_match","","","EXPLICIT_CANONICAL_ATTACHMENT_ROUTE","NOT_YET_PROVEN"
"pulselive","match","sample_payload","resources.events.headers.set-cookie","fixture","ENTITY","canonical_fixture_to_source_match","TRUE","Canonical fixture resolves to the source match under the documented fixture identity contract.","","","CANONICAL_FIXTURE_TO_SOURCE_MATCH","canonical_fixture_to_source_match","","","EXPLICIT_CANONICAL_ATTACHMENT_ROUTE","NOT_YET_PROVEN"
"pulselive","match","sample_payload","resources.events.headers.strict-transport-security","fixture","ENTITY","canonical_fixture_to_source_match","TRUE","Canonical fixture resolves to the source match under the documented fixture identity contract.","","","CANONICAL_FIXTURE_TO_SOURCE_MATCH","canonical_fixture_to_source_match","","","EXPLICIT_CANONICAL_ATTACHMENT_ROUTE","NOT_YET_PROVEN"
"pulselive","match","sample_payload","resources.events.headers.transfer-encoding","fixture","ENTITY","canonical_fixture_to_source_match","TRUE","Canonical fixture resolves to the source match under the documented fixture identity contract.","","","CANONICAL_FIXTURE_TO_SOURCE_MATCH","canonical_fixture_to_source_match","","","EXPLICIT_CANONICAL_ATTACHMENT_ROUTE","NOT_YET_PROVEN"
"pulselive","match","sample_payload","resources.events.headers.vary","fixture","ENTITY","canonical_fixture_to_source_match","TRUE","Canonical fixture resolves to the source match under the documented fixture identity contract.","","","CANONICAL_FIXTURE_TO_SOURCE_MATCH","canonical_fixture_to_source_match","","","EXPLICIT_CANONICAL_ATTACHMENT_ROUTE","NOT_YET_PROVEN"
"pulselive","match","sample_payload","resources.events.headers.via","fixture","ENTITY","canonical_fixture_to_source_match","TRUE","Canonical fixture resolves to the source match under the documented fixture identity contract.","","","CANONICAL_FIXTURE_TO_SOURCE_MATCH","canonical_fixture_to_source_match","","","EXPLICIT_CANONICAL_ATTACHMENT_ROUTE","NOT_YET_PROVEN"
"pulselive","match","sample_payload","resources.events.headers.x-amz-cf-id","fixture","ENTITY","canonical_fixture_to_source_match","TRUE","Canonical fixture resolves to the source match under the documented fixture identity contract.","","","CANONICAL_FIXTURE_TO_SOURCE_MATCH","canonical_fixture_to_source_match","","","EXPLICIT_CANONICAL_ATTACHMENT_ROUTE","NOT_YET_PROVEN"
"pulselive","match","sample_payload","resources.events.headers.x-amz-cf-pop","fixture","ENTITY","canonical_fixture_to_source_match","TRUE","Canonical fixture resolves to the source match under the documented fixture identity contract.","","","CANONICAL_FIXTURE_TO_SOURCE_MATCH","canonical_fixture_to_source_match","","","EXPLICIT_CANONICAL_ATTACHMENT_ROUTE","NOT_YET_PROVEN"
"pulselive","match","sample_payload","resources.events.headers.x-cache","fixture","ENTITY","canonical_fixture_to_source_match","TRUE","Canonical fixture resolves to the source match under the documented fixture identity contract.","","","CANONICAL_FIXTURE_TO_SOURCE_MATCH","canonical_fixture_to_source_match","","","EXPLICIT_CANONICAL_ATTACHMENT_ROUTE","NOT_YET_PROVEN"
"pulselive","match","sample_payload","resources.events.headers.x-cache-server","fixture","ENTITY","canonical_fixture_to_source_match","TRUE","Canonical fixture resolves to the source match under the documented fixture identity contract.","","","CANONICAL_FIXTURE_TO_SOURCE_MATCH","canonical_fixture_to_source_match","","","EXPLICIT_CANONICAL_ATTACHMENT_ROUTE","NOT_YET_PROVEN"
"pulselive","match","sample_payload","resources.events.headers.x-cache-status","fixture","ENTITY","canonical_fixture_to_source_match","TRUE","Canonical fixture resolves to the source match under the documented fixture identity contract.","","","CANONICAL_FIXTURE_TO_SOURCE_MATCH","canonical_fixture_to_source_match","","","EXPLICIT_CANONICAL_ATTACHMENT_ROUTE","NOT_YET_PROVEN"
"pulselive","match","sample_payload","resources.events.headers.x-content-type-options","fixture","ENTITY","canonical_fixture_to_source_match","TRUE","Canonical fixture resolves to the source match under the documented fixture identity contract.","","","CANONICAL_FIXTURE_TO_SOURCE_MATCH","canonical_fixture_to_source_match","","","EXPLICIT_CANONICAL_ATTACHMENT_ROUTE","NOT_YET_PROVEN"
"pulselive","match","sample_payload","resources.events.headers.x-frame-options","fixture","ENTITY","canonical_fixture_to_source_match","TRUE","Canonical fixture resolves to the source match under the documented fixture identity contract.","","","CANONICAL_FIXTURE_TO_SOURCE_MATCH","canonical_fixture_to_source_match","","","EXPLICIT_CANONICAL_ATTACHMENT_ROUTE","NOT_YET_PROVEN"
"pulselive","match","sample_payload","resources.events.headers.x-pulse-sdp-endpoint","fixture","ENTITY","canonical_fixture_to_source_match","TRUE","Canonical fixture resolves to the source match under the documented fixture identity contract.","","","CANONICAL_FIXTURE_TO_SOURCE_MATCH","canonical_fixture_to_source_match","","","EXPLICIT_CANONICAL_ATTACHMENT_ROUTE","NOT_YET_PROVEN"
"pulselive","match","sample_payload","resources.events.headers.x-ratelimit-limit","fixture","ENTITY","canonical_fixture_to_source_match","TRUE","Canonical fixture resolves to the source match under the documented fixture identity contract.","","","CANONICAL_FIXTURE_TO_SOURCE_MATCH","canonical_fixture_to_source_match","","","EXPLICIT_CANONICAL_ATTACHMENT_ROUTE","NOT_YET_PROVEN"
"pulselive","match","sample_payload","resources.events.headers.x-ratelimit-remaining","fixture","ENTITY","canonical_fixture_to_source_match","TRUE","Canonical fixture resolves to the source match under the documented fixture identity contract.","","","CANONICAL_FIXTURE_TO_SOURCE_MATCH","canonical_fixture_to_source_match","","","EXPLICIT_CANONICAL_ATTACHMENT_ROUTE","NOT_YET_PROVEN"
"pulselive","match","sample_payload","resources.events.headers.x-ratelimit-reset","fixture","ENTITY","canonical_fixture_to_source_match","TRUE","Canonical fixture resolves to the source match under the documented fixture identity contract.","","","CANONICAL_FIXTURE_TO_SOURCE_MATCH","canonical_fixture_to_source_match","","","EXPLICIT_CANONICAL_ATTACHMENT_ROUTE","NOT_YET_PROVEN"
"pulselive","match","sample_payload","resources.events.headers.x-request-id","fixture","ENTITY","canonical_fixture_to_source_match","TRUE","Canonical fixture resolves to the source match under the documented fixture identity contract.","","","CANONICAL_FIXTURE_TO_SOURCE_MATCH","canonical_fixture_to_source_match","","","EXPLICIT_CANONICAL_ATTACHMENT_ROUTE","NOT_YET_PROVEN"
"pulselive","match","sample_payload","resources.events.payload","fixture","ENTITY","canonical_fixture_to_source_match","TRUE","Canonical fixture resolves to the source match under the documented fixture identity contract.","","","CANONICAL_FIXTURE_TO_SOURCE_MATCH","canonical_fixture_to_source_match","","","EXPLICIT_CANONICAL_ATTACHMENT_ROUTE","NOT_YET_PROVEN"
"pulselive","match","sample_payload","resources.events.payload.awayTeam","fixture","ENTITY","canonical_fixture_to_source_match","TRUE","Canonical fixture resolves to the source match under the documented fixture identity contract.","","","CANONICAL_FIXTURE_TO_SOURCE_MATCH","canonical_fixture_to_source_match","","","EXPLICIT_CANONICAL_ATTACHMENT_ROUTE","NOT_YET_PROVEN"
"pulselive","match","sample_payload","resources.events.payload.awayTeam.cards","fixture","ENTITY","canonical_fixture_to_source_match","TRUE","Canonical fixture resolves to the source match under the documented fixture identity contract.","","","CANONICAL_FIXTURE_TO_SOURCE_MATCH","canonical_fixture_to_source_match","","","EXPLICIT_CANONICAL_ATTACHMENT_ROUTE","NOT_YET_PROVEN"
"pulselive","match","sample_payload","resources.events.payload.awayTeam.cards[].period","fixture","ENTITY","canonical_fixture_to_source_match","TRUE","Canonical fixture resolves to the source match under the documented fixture identity contract.","","","CANONICAL_FIXTURE_TO_SOURCE_MATCH","canonical_fixture_to_source_match","","","EXPLICIT_CANONICAL_ATTACHMENT_ROUTE","NOT_YET_PROVEN"
"pulselive","match","sample_payload","resources.events.payload.awayTeam.cards[].playerId","fixture","ENTITY","canonical_fixture_to_source_match","TRUE","Canonical fixture resolves to the source match under the documented fixture identity contract.","","","CANONICAL_FIXTURE_TO_SOURCE_MATCH","canonical_fixture_to_source_match","","","EXPLICIT_CANONICAL_ATTACHMENT_ROUTE","NOT_YET_PROVEN"
"pulselive","match","sample_payload","resources.events.payload.awayTeam.cards[].time","fixture","ENTITY","canonical_fixture_to_source_match","TRUE","Canonical fixture resolves to the source match under the documented fixture identity contract.","","","CANONICAL_FIXTURE_TO_SOURCE_MATCH","canonical_fixture_to_source_match","","","EXPLICIT_CANONICAL_ATTACHMENT_ROUTE","NOT_YET_PROVEN"
"pulselive","match","sample_payload","resources.events.payload.awayTeam.cards[].timestamp","fixture","ENTITY","canonical_fixture_to_source_match","TRUE","Canonical fixture resolves to the source match under the documented fixture identity contract.","","","CANONICAL_FIXTURE_TO_SOURCE_MATCH","canonical_fixture_to_source_match","","","EXPLICIT_CANONICAL_ATTACHMENT_ROUTE","NOT_YET_PROVEN"
"pulselive","match","sample_payload","resources.events.payload.awayTeam.cards[].type","fixture","ENTITY","canonical_fixture_to_source_match","TRUE","Canonical fixture resolves to the source match under the documented fixture identity contract.","","","CANONICAL_FIXTURE_TO_SOURCE_MATCH","canonical_fixture_to_source_match","","","EXPLICIT_CANONICAL_ATTACHMENT_ROUTE","NOT_YET_PROVEN"
"pulselive","match","sample_payload","resources.events.payload.awayTeam.goals","fixture","ENTITY","canonical_fixture_to_source_match","TRUE","Canonical fixture resolves to the source match under the documented fixture identity contract.","","","CANONICAL_FIXTURE_TO_SOURCE_MATCH","canonical_fixture_to_source_match","","","EXPLICIT_CANONICAL_ATTACHMENT_ROUTE","NOT_YET_PROVEN"
"pulselive","match","sample_payload","resources.events.payload.awayTeam.goals[].assistPlayerId","fixture","ENTITY","canonical_fixture_to_source_match","TRUE","Canonical fixture resolves to the source match under the documented fixture identity contract.","","","CANONICAL_FIXTURE_TO_SOURCE_MATCH","canonical_fixture_to_source_match","","","EXPLICIT_CANONICAL_ATTACHMENT_ROUTE","NOT_YET_PROVEN"
"pulselive","match","sample_payload","resources.events.payload.awayTeam.goals[].goalType","fixture","ENTITY","canonical_fixture_to_source_match","TRUE","Canonical fixture resolves to the source match under the documented fixture identity contract.","","","CANONICAL_FIXTURE_TO_SOURCE_MATCH","canonical_fixture_to_source_match","","","EXPLICIT_CANONICAL_ATTACHMENT_ROUTE","NOT_YET_PROVEN"
"pulselive","match","sample_payload","resources.events.payload.awayTeam.goals[].period","fixture","ENTITY","canonical_fixture_to_source_match","TRUE","Canonical fixture resolves to the source match under the documented fixture identity contract.","","","CANONICAL_FIXTURE_TO_SOURCE_MATCH","canonical_fixture_to_source_match","","","EXPLICIT_CANONICAL_ATTACHMENT_ROUTE","NOT_YET_PROVEN"
"pulselive","match","sample_payload","resources.events.payload.awayTeam.goals[].playerId","fixture","ENTITY","canonical_fixture_to_source_match","TRUE","Canonical fixture resolves to the source match under the documented fixture identity contract.","","","CANONICAL_FIXTURE_TO_SOURCE_MATCH","canonical_fixture_to_source_match","","","EXPLICIT_CANONICAL_ATTACHMENT_ROUTE","NOT_YET_PROVEN"
"pulselive","match","sample_payload","resources.events.payload.awayTeam.goals[].time","fixture","ENTITY","canonical_fixture_to_source_match","TRUE","Canonical fixture resolves to the source match under the documented fixture identity contract.","","","CANONICAL_FIXTURE_TO_SOURCE_MATCH","canonical_fixture_to_source_match","","","EXPLICIT_CANONICAL_ATTACHMENT_ROUTE","NOT_YET_PROVEN"
"pulselive","match","sample_payload","resources.events.payload.awayTeam.goals[].timestamp","fixture","ENTITY","canonical_fixture_to_source_match","TRUE","Canonical fixture resolves to the source match under the documented fixture identity contract.","","","CANONICAL_FIXTURE_TO_SOURCE_MATCH","canonical_fixture_to_source_match","","","EXPLICIT_CANONICAL_ATTACHMENT_ROUTE","NOT_YET_PROVEN"
"pulselive","match","sample_payload","resources.events.payload.awayTeam.id","fixture","ENTITY","canonical_fixture_to_source_match","TRUE","Canonical fixture resolves to the source match under the documented fixture identity contract.","","","CANONICAL_FIXTURE_TO_SOURCE_MATCH","canonical_fixture_to_source_match","","","EXPLICIT_CANONICAL_ATTACHMENT_ROUTE","NOT_YET_PROVEN"
"pulselive","match","sample_payload","resources.events.payload.awayTeam.name","fixture","ENTITY","canonical_fixture_to_source_match","TRUE","Canonical fixture resolves to the source match under the documented fixture identity contract.","","","CANONICAL_FIXTURE_TO_SOURCE_MATCH","canonical_fixture_to_source_match","","","EXPLICIT_CANONICAL_ATTACHMENT_ROUTE","NOT_YET_PROVEN"
"pulselive","match","sample_payload","resources.events.payload.awayTeam.shortName","fixture","ENTITY","canonical_fixture_to_source_match","TRUE","Canonical fixture resolves to the source match under the documented fixture identity contract.","","","CANONICAL_FIXTURE_TO_SOURCE_MATCH","canonical_fixture_to_source_match","","","EXPLICIT_CANONICAL_ATTACHMENT_ROUTE","NOT_YET_PROVEN"
"pulselive","match","sample_payload","resources.events.payload.awayTeam.subs","fixture","ENTITY","canonical_fixture_to_source_match","TRUE","Canonical fixture resolves to the source match under the documented fixture identity contract.","","","CANONICAL_FIXTURE_TO_SOURCE_MATCH","canonical_fixture_to_source_match","","","EXPLICIT_CANONICAL_ATTACHMENT_ROUTE","NOT_YET_PROVEN"
"pulselive","match","sample_payload","resources.events.payload.awayTeam.subs[].period","fixture","ENTITY","canonical_fixture_to_source_match","TRUE","Canonical fixture resolves to the source match under the documented fixture identity contract.","","","CANONICAL_FIXTURE_TO_SOURCE_MATCH","canonical_fixture_to_source_match","","","EXPLICIT_CANONICAL_ATTACHMENT_ROUTE","NOT_YET_PROVEN"
"pulselive","match","sample_payload","resources.events.payload.awayTeam.subs[].playerOffId","fixture","ENTITY","canonical_fixture_to_source_match","TRUE","Canonical fixture resolves to the source match under the documented fixture identity contract.","","","CANONICAL_FIXTURE_TO_SOURCE_MATCH","canonical_fixture_to_source_match","","","EXPLICIT_CANONICAL_ATTACHMENT_ROUTE","NOT_YET_PROVEN"
"pulselive","match","sample_payload","resources.events.payload.awayTeam.subs[].playerOnId","fixture","ENTITY","canonical_fixture_to_source_match","TRUE","Canonical fixture resolves to the source match under the documented fixture identity contract.","","","CANONICAL_FIXTURE_TO_SOURCE_MATCH","canonical_fixture_to_source_match","","","EXPLICIT_CANONICAL_ATTACHMENT_ROUTE","NOT_YET_PROVEN"
"pulselive","match","sample_payload","resources.events.payload.awayTeam.subs[].time","fixture","ENTITY","canonical_fixture_to_source_match","TRUE","Canonical fixture resolves to the source match under the documented fixture identity contract.","","","CANONICAL_FIXTURE_TO_SOURCE_MATCH","canonical_fixture_to_source_match","","","EXPLICIT_CANONICAL_ATTACHMENT_ROUTE","NOT_YET_PROVEN"
"pulselive","match","sample_payload","resources.events.payload.awayTeam.subs[].timestamp","fixture","ENTITY","canonical_fixture_to_source_match","TRUE","Canonical fixture resolves to the source match under the documented fixture identity contract.","","","CANONICAL_FIXTURE_TO_SOURCE_MATCH","canonical_fixture_to_source_match","","","EXPLICIT_CANONICAL_ATTACHMENT_ROUTE","NOT_YET_PROVEN"
"pulselive","match","sample_payload","resources.events.payload.homeTeam","fixture","ENTITY","canonical_fixture_to_source_match","TRUE","Canonical fixture resolves to the source match under the documented fixture identity contract.","","","CANONICAL_FIXTURE_TO_SOURCE_MATCH","canonical_fixture_to_source_match","","","EXPLICIT_CANONICAL_ATTACHMENT_ROUTE","NOT_YET_PROVEN"
"pulselive","match","sample_payload","resources.events.payload.homeTeam.cards","fixture","ENTITY","canonical_fixture_to_source_match","TRUE","Canonical fixture resolves to the source match under the documented fixture identity contract.","","","CANONICAL_FIXTURE_TO_SOURCE_MATCH","canonical_fixture_to_source_match","","","EXPLICIT_CANONICAL_ATTACHMENT_ROUTE","NOT_YET_PROVEN"
"pulselive","match","sample_payload","resources.events.payload.homeTeam.cards[].period","fixture","ENTITY","canonical_fixture_to_source_match","TRUE","Canonical fixture resolves to the source match under the documented fixture identity contract.","","","CANONICAL_FIXTURE_TO_SOURCE_MATCH","canonical_fixture_to_source_match","","","EXPLICIT_CANONICAL_ATTACHMENT_ROUTE","NOT_YET_PROVEN"
"pulselive","match","sample_payload","resources.events.payload.homeTeam.cards[].playerId","fixture","ENTITY","canonical_fixture_to_source_match","TRUE","Canonical fixture resolves to the source match under the documented fixture identity contract.","","","CANONICAL_FIXTURE_TO_SOURCE_MATCH","canonical_fixture_to_source_match","","","EXPLICIT_CANONICAL_ATTACHMENT_ROUTE","NOT_YET_PROVEN"
"pulselive","match","sample_payload","resources.events.payload.homeTeam.cards[].time","fixture","ENTITY","canonical_fixture_to_source_match","TRUE","Canonical fixture resolves to the source match under the documented fixture identity contract.","","","CANONICAL_FIXTURE_TO_SOURCE_MATCH","canonical_fixture_to_source_match","","","EXPLICIT_CANONICAL_ATTACHMENT_ROUTE","NOT_YET_PROVEN"
"pulselive","match","sample_payload","resources.events.payload.homeTeam.cards[].timestamp","fixture","ENTITY","canonical_fixture_to_source_match","TRUE","Canonical fixture resolves to the source match under the documented fixture identity contract.","","","CANONICAL_FIXTURE_TO_SOURCE_MATCH","canonical_fixture_to_source_match","","","EXPLICIT_CANONICAL_ATTACHMENT_ROUTE","NOT_YET_PROVEN"
"pulselive","match","sample_payload","resources.events.payload.homeTeam.cards[].type","fixture","ENTITY","canonical_fixture_to_source_match","TRUE","Canonical fixture resolves to the source match under the documented fixture identity contract.","","","CANONICAL_FIXTURE_TO_SOURCE_MATCH","canonical_fixture_to_source_match","","","EXPLICIT_CANONICAL_ATTACHMENT_ROUTE","NOT_YET_PROVEN"
"pulselive","match","sample_payload","resources.events.payload.homeTeam.goals","fixture","ENTITY","canonical_fixture_to_source_match","TRUE","Canonical fixture resolves to the source match under the documented fixture identity contract.","","","CANONICAL_FIXTURE_TO_SOURCE_MATCH","canonical_fixture_to_source_match","","","EXPLICIT_CANONICAL_ATTACHMENT_ROUTE","NOT_YET_PROVEN"
"pulselive","match","sample_payload","resources.events.payload.homeTeam.goals[].assistPlayerId","fixture","ENTITY","canonical_fixture_to_source_match","TRUE","Canonical fixture resolves to the source match under the documented fixture identity contract.","","","CANONICAL_FIXTURE_TO_SOURCE_MATCH","canonical_fixture_to_source_match","","","EXPLICIT_CANONICAL_ATTACHMENT_ROUTE","NOT_YET_PROVEN"
"pulselive","match","sample_payload","resources.events.payload.homeTeam.goals[].goalType","fixture","ENTITY","canonical_fixture_to_source_match","TRUE","Canonical fixture resolves to the source match under the documented fixture identity contract.","","","CANONICAL_FIXTURE_TO_SOURCE_MATCH","canonical_fixture_to_source_match","","","EXPLICIT_CANONICAL_ATTACHMENT_ROUTE","NOT_YET_PROVEN"
"pulselive","match","sample_payload","resources.events.payload.homeTeam.goals[].period","fixture","ENTITY","canonical_fixture_to_source_match","TRUE","Canonical fixture resolves to the source match under the documented fixture identity contract.","","","CANONICAL_FIXTURE_TO_SOURCE_MATCH","canonical_fixture_to_source_match","","","EXPLICIT_CANONICAL_ATTACHMENT_ROUTE","NOT_YET_PROVEN"
"pulselive","match","sample_payload","resources.events.payload.homeTeam.goals[].playerId","fixture","ENTITY","canonical_fixture_to_source_match","TRUE","Canonical fixture resolves to the source match under the documented fixture identity contract.","","","CANONICAL_FIXTURE_TO_SOURCE_MATCH","canonical_fixture_to_source_match","","","EXPLICIT_CANONICAL_ATTACHMENT_ROUTE","NOT_YET_PROVEN"
"pulselive","match","sample_payload","resources.events.payload.homeTeam.goals[].time","fixture","ENTITY","canonical_fixture_to_source_match","TRUE","Canonical fixture resolves to the source match under the documented fixture identity contract.","","","CANONICAL_FIXTURE_TO_SOURCE_MATCH","canonical_fixture_to_source_match","","","EXPLICIT_CANONICAL_ATTACHMENT_ROUTE","NOT_YET_PROVEN"
"pulselive","match","sample_payload","resources.events.payload.homeTeam.goals[].timestamp","fixture","ENTITY","canonical_fixture_to_source_match","TRUE","Canonical fixture resolves to the source match under the documented fixture identity contract.","","","CANONICAL_FIXTURE_TO_SOURCE_MATCH","canonical_fixture_to_source_match","","","EXPLICIT_CANONICAL_ATTACHMENT_ROUTE","NOT_YET_PROVEN"
"pulselive","match","sample_payload","resources.events.payload.homeTeam.id","fixture","ENTITY","canonical_fixture_to_source_match","TRUE","Canonical fixture resolves to the source match under the documented fixture identity contract.","","","CANONICAL_FIXTURE_TO_SOURCE_MATCH","canonical_fixture_to_source_match","","","EXPLICIT_CANONICAL_ATTACHMENT_ROUTE","NOT_YET_PROVEN"
"pulselive","match","sample_payload","resources.events.payload.homeTeam.name","fixture","ENTITY","canonical_fixture_to_source_match","TRUE","Canonical fixture resolves to the source match under the documented fixture identity contract.","","","CANONICAL_FIXTURE_TO_SOURCE_MATCH","canonical_fixture_to_source_match","","","EXPLICIT_CANONICAL_ATTACHMENT_ROUTE","NOT_YET_PROVEN"
"pulselive","match","sample_payload","resources.events.payload.homeTeam.shortName","fixture","ENTITY","canonical_fixture_to_source_match","TRUE","Canonical fixture resolves to the source match under the documented fixture identity contract.","","","CANONICAL_FIXTURE_TO_SOURCE_MATCH","canonical_fixture_to_source_match","","","EXPLICIT_CANONICAL_ATTACHMENT_ROUTE","NOT_YET_PROVEN"
"pulselive","match","sample_payload","resources.events.payload.homeTeam.subs","fixture","ENTITY","canonical_fixture_to_source_match","TRUE","Canonical fixture resolves to the source match under the documented fixture identity contract.","","","CANONICAL_FIXTURE_TO_SOURCE_MATCH","canonical_fixture_to_source_match","","","EXPLICIT_CANONICAL_ATTACHMENT_ROUTE","NOT_YET_PROVEN"
"pulselive","match","sample_payload","resources.events.payload.homeTeam.subs[].period","fixture","ENTITY","canonical_fixture_to_source_match","TRUE","Canonical fixture resolves to the source match under the documented fixture identity contract.","","","CANONICAL_FIXTURE_TO_SOURCE_MATCH","canonical_fixture_to_source_match","","","EXPLICIT_CANONICAL_ATTACHMENT_ROUTE","NOT_YET_PROVEN"
"pulselive","match","sample_payload","resources.events.payload.homeTeam.subs[].playerOffId","fixture","ENTITY","canonical_fixture_to_source_match","TRUE","Canonical fixture resolves to the source match under the documented fixture identity contract.","","","CANONICAL_FIXTURE_TO_SOURCE_MATCH","canonical_fixture_to_source_match","","","EXPLICIT_CANONICAL_ATTACHMENT_ROUTE","NOT_YET_PROVEN"
"pulselive","match","sample_payload","resources.events.payload.homeTeam.subs[].playerOnId","fixture","ENTITY","canonical_fixture_to_source_match","TRUE","Canonical fixture resolves to the source match under the documented fixture identity contract.","","","CANONICAL_FIXTURE_TO_SOURCE_MATCH","canonical_fixture_to_source_match","","","EXPLICIT_CANONICAL_ATTACHMENT_ROUTE","NOT_YET_PROVEN"
"pulselive","match","sample_payload","resources.events.payload.homeTeam.subs[].time","fixture","ENTITY","canonical_fixture_to_source_match","TRUE","Canonical fixture resolves to the source match under the documented fixture identity contract.","","","CANONICAL_FIXTURE_TO_SOURCE_MATCH","canonical_fixture_to_source_match","","","EXPLICIT_CANONICAL_ATTACHMENT_ROUTE","NOT_YET_PROVEN"
"pulselive","match","sample_payload","resources.events.payload.homeTeam.subs[].timestamp","fixture","ENTITY","canonical_fixture_to_source_match","TRUE","Canonical fixture resolves to the source match under the documented fixture identity contract.","","","CANONICAL_FIXTURE_TO_SOURCE_MATCH","canonical_fixture_to_source_match","","","EXPLICIT_CANONICAL_ATTACHMENT_ROUTE","NOT_YET_PROVEN"
"pulselive","match","sample_payload","resources.events.retrieved_at","fixture","ENTITY","canonical_fixture_to_source_match","TRUE","Canonical fixture resolves to the source match under the documented fixture identity contract.","","","CANONICAL_FIXTURE_TO_SOURCE_MATCH","canonical_fixture_to_source_match","","","EXPLICIT_CANONICAL_ATTACHMENT_ROUTE","NOT_YET_PROVEN"
"pulselive","match","sample_payload","resources.lineups","fixture","ENTITY","canonical_fixture_to_source_match","TRUE","Canonical fixture resolves to the source match under the documented fixture identity contract.","","","CANONICAL_FIXTURE_TO_SOURCE_MATCH","canonical_fixture_to_source_match","","","EXPLICIT_CANONICAL_ATTACHMENT_ROUTE","NOT_YET_PROVEN"
"pulselive","match","sample_payload","resources.lineups.endpoint","fixture","ENTITY","canonical_fixture_to_source_match","TRUE","Canonical fixture resolves to the source match under the documented fixture identity contract.","","","CANONICAL_FIXTURE_TO_SOURCE_MATCH","canonical_fixture_to_source_match","","","EXPLICIT_CANONICAL_ATTACHMENT_ROUTE","NOT_YET_PROVEN"
"pulselive","match","sample_payload","resources.lineups.headers","fixture","ENTITY","canonical_fixture_to_source_match","TRUE","Canonical fixture resolves to the source match under the documented fixture identity contract.","","","CANONICAL_FIXTURE_TO_SOURCE_MATCH","canonical_fixture_to_source_match","","","EXPLICIT_CANONICAL_ATTACHMENT_ROUTE","NOT_YET_PROVEN"
"pulselive","match","sample_payload","resources.lineups.headers.alt-svc","fixture","ENTITY","canonical_fixture_to_source_match","TRUE","Canonical fixture resolves to the source match under the documented fixture identity contract.","","","CANONICAL_FIXTURE_TO_SOURCE_MATCH","canonical_fixture_to_source_match","","","EXPLICIT_CANONICAL_ATTACHMENT_ROUTE","NOT_YET_PROVEN"
"pulselive","match","sample_payload","resources.lineups.headers.cache-control","fixture","ENTITY","canonical_fixture_to_source_match","TRUE","Canonical fixture resolves to the source match under the documented fixture identity contract.","","","CANONICAL_FIXTURE_TO_SOURCE_MATCH","canonical_fixture_to_source_match","","","EXPLICIT_CANONICAL_ATTACHMENT_ROUTE","NOT_YET_PROVEN"
"pulselive","match","sample_payload","resources.lineups.headers.connection","fixture","ENTITY","canonical_fixture_to_source_match","TRUE","Canonical fixture resolves to the source match under the documented fixture identity contract.","","","CANONICAL_FIXTURE_TO_SOURCE_MATCH","canonical_fixture_to_source_match","","","EXPLICIT_CANONICAL_ATTACHMENT_ROUTE","NOT_YET_PROVEN"
"pulselive","match","sample_payload","resources.lineups.headers.content-security-policy","fixture","ENTITY","canonical_fixture_to_source_match","TRUE","Canonical fixture resolves to the source match under the documented fixture identity contract.","","","CANONICAL_FIXTURE_TO_SOURCE_MATCH","canonical_fixture_to_source_match","","","EXPLICIT_CANONICAL_ATTACHMENT_ROUTE","NOT_YET_PROVEN"
"pulselive","match","sample_payload","resources.lineups.headers.content-type","fixture","ENTITY","canonical_fixture_to_source_match","TRUE","Canonical fixture resolves to the source match under the documented fixture identity contract.","","","CANONICAL_FIXTURE_TO_SOURCE_MATCH","canonical_fixture_to_source_match","","","EXPLICIT_CANONICAL_ATTACHMENT_ROUTE","NOT_YET_PROVEN"
"pulselive","match","sample_payload","resources.lineups.headers.date","fixture","ENTITY","canonical_fixture_to_source_match","TRUE","Canonical fixture resolves to the source match under the documented fixture identity contract.","","","CANONICAL_FIXTURE_TO_SOURCE_MATCH","canonical_fixture_to_source_match","","","EXPLICIT_CANONICAL_ATTACHMENT_ROUTE","NOT_YET_PROVEN"
"pulselive","match","sample_payload","resources.lineups.headers.permissions-policy","fixture","ENTITY","canonical_fixture_to_source_match","TRUE","Canonical fixture resolves to the source match under the documented fixture identity contract.","","","CANONICAL_FIXTURE_TO_SOURCE_MATCH","canonical_fixture_to_source_match","","","EXPLICIT_CANONICAL_ATTACHMENT_ROUTE","NOT_YET_PROVEN"
"pulselive","match","sample_payload","resources.lineups.headers.referrer-policy","fixture","ENTITY","canonical_fixture_to_source_match","TRUE","Canonical fixture resolves to the source match under the documented fixture identity contract.","","","CANONICAL_FIXTURE_TO_SOURCE_MATCH","canonical_fixture_to_source_match","","","EXPLICIT_CANONICAL_ATTACHMENT_ROUTE","NOT_YET_PROVEN"
"pulselive","match","sample_payload","resources.lineups.headers.set-cookie","fixture","ENTITY","canonical_fixture_to_source_match","TRUE","Canonical fixture resolves to the source match under the documented fixture identity contract.","","","CANONICAL_FIXTURE_TO_SOURCE_MATCH","canonical_fixture_to_source_match","","","EXPLICIT_CANONICAL_ATTACHMENT_ROUTE","NOT_YET_PROVEN"
"pulselive","match","sample_payload","resources.lineups.headers.strict-transport-security","fixture","ENTITY","canonical_fixture_to_source_match","TRUE","Canonical fixture resolves to the source match under the documented fixture identity contract.","","","CANONICAL_FIXTURE_TO_SOURCE_MATCH","canonical_fixture_to_source_match","","","EXPLICIT_CANONICAL_ATTACHMENT_ROUTE","NOT_YET_PROVEN"
"pulselive","match","sample_payload","resources.lineups.headers.transfer-encoding","fixture","ENTITY","canonical_fixture_to_source_match","TRUE","Canonical fixture resolves to the source match under the documented fixture identity contract.","","","CANONICAL_FIXTURE_TO_SOURCE_MATCH","canonical_fixture_to_source_match","","","EXPLICIT_CANONICAL_ATTACHMENT_ROUTE","NOT_YET_PROVEN"
"pulselive","match","sample_payload","resources.lineups.headers.vary","fixture","ENTITY","canonical_fixture_to_source_match","TRUE","Canonical fixture resolves to the source match under the documented fixture identity contract.","","","CANONICAL_FIXTURE_TO_SOURCE_MATCH","canonical_fixture_to_source_match","","","EXPLICIT_CANONICAL_ATTACHMENT_ROUTE","NOT_YET_PROVEN"
"pulselive","match","sample_payload","resources.lineups.headers.via","fixture","ENTITY","canonical_fixture_to_source_match","TRUE","Canonical fixture resolves to the source match under the documented fixture identity contract.","","","CANONICAL_FIXTURE_TO_SOURCE_MATCH","canonical_fixture_to_source_match","","","EXPLICIT_CANONICAL_ATTACHMENT_ROUTE","NOT_YET_PROVEN"
"pulselive","match","sample_payload","resources.lineups.headers.x-amz-cf-id","fixture","ENTITY","canonical_fixture_to_source_match","TRUE","Canonical fixture resolves to the source match under the documented fixture identity contract.","","","CANONICAL_FIXTURE_TO_SOURCE_MATCH","canonical_fixture_to_source_match","","","EXPLICIT_CANONICAL_ATTACHMENT_ROUTE","NOT_YET_PROVEN"
"pulselive","match","sample_payload","resources.lineups.headers.x-amz-cf-pop","fixture","ENTITY","canonical_fixture_to_source_match","TRUE","Canonical fixture resolves to the source match under the documented fixture identity contract.","","","CANONICAL_FIXTURE_TO_SOURCE_MATCH","canonical_fixture_to_source_match","","","EXPLICIT_CANONICAL_ATTACHMENT_ROUTE","NOT_YET_PROVEN"
"pulselive","match","sample_payload","resources.lineups.headers.x-cache","fixture","ENTITY","canonical_fixture_to_source_match","TRUE","Canonical fixture resolves to the source match under the documented fixture identity contract.","","","CANONICAL_FIXTURE_TO_SOURCE_MATCH","canonical_fixture_to_source_match","","","EXPLICIT_CANONICAL_ATTACHMENT_ROUTE","NOT_YET_PROVEN"
"pulselive","match","sample_payload","resources.lineups.headers.x-cache-server","fixture","ENTITY","canonical_fixture_to_source_match","TRUE","Canonical fixture resolves to the source match under the documented fixture identity contract.","","","CANONICAL_FIXTURE_TO_SOURCE_MATCH","canonical_fixture_to_source_match","","","EXPLICIT_CANONICAL_ATTACHMENT_ROUTE","NOT_YET_PROVEN"
"pulselive","match","sample_payload","resources.lineups.headers.x-cache-status","fixture","ENTITY","canonical_fixture_to_source_match","TRUE","Canonical fixture resolves to the source match under the documented fixture identity contract.","","","CANONICAL_FIXTURE_TO_SOURCE_MATCH","canonical_fixture_to_source_match","","","EXPLICIT_CANONICAL_ATTACHMENT_ROUTE","NOT_YET_PROVEN"
"pulselive","match","sample_payload","resources.lineups.headers.x-content-type-options","fixture","ENTITY","canonical_fixture_to_source_match","TRUE","Canonical fixture resolves to the source match under the documented fixture identity contract.","","","CANONICAL_FIXTURE_TO_SOURCE_MATCH","canonical_fixture_to_source_match","","","EXPLICIT_CANONICAL_ATTACHMENT_ROUTE","NOT_YET_PROVEN"
"pulselive","match","sample_payload","resources.lineups.headers.x-frame-options","fixture","ENTITY","canonical_fixture_to_source_match","TRUE","Canonical fixture resolves to the source match under the documented fixture identity contract.","","","CANONICAL_FIXTURE_TO_SOURCE_MATCH","canonical_fixture_to_source_match","","","EXPLICIT_CANONICAL_ATTACHMENT_ROUTE","NOT_YET_PROVEN"
"pulselive","match","sample_payload","resources.lineups.headers.x-pulse-sdp-endpoint","fixture","ENTITY","canonical_fixture_to_source_match","TRUE","Canonical fixture resolves to the source match under the documented fixture identity contract.","","","CANONICAL_FIXTURE_TO_SOURCE_MATCH","canonical_fixture_to_source_match","","","EXPLICIT_CANONICAL_ATTACHMENT_ROUTE","NOT_YET_PROVEN"
"pulselive","match","sample_payload","resources.lineups.headers.x-ratelimit-limit","fixture","ENTITY","canonical_fixture_to_source_match","TRUE","Canonical fixture resolves to the source match under the documented fixture identity contract.","","","CANONICAL_FIXTURE_TO_SOURCE_MATCH","canonical_fixture_to_source_match","","","EXPLICIT_CANONICAL_ATTACHMENT_ROUTE","NOT_YET_PROVEN"
"pulselive","match","sample_payload","resources.lineups.headers.x-ratelimit-remaining","fixture","ENTITY","canonical_fixture_to_source_match","TRUE","Canonical fixture resolves to the source match under the documented fixture identity contract.","","","CANONICAL_FIXTURE_TO_SOURCE_MATCH","canonical_fixture_to_source_match","","","EXPLICIT_CANONICAL_ATTACHMENT_ROUTE","NOT_YET_PROVEN"
"pulselive","match","sample_payload","resources.lineups.headers.x-ratelimit-reset","fixture","ENTITY","canonical_fixture_to_source_match","TRUE","Canonical fixture resolves to the source match under the documented fixture identity contract.","","","CANONICAL_FIXTURE_TO_SOURCE_MATCH","canonical_fixture_to_source_match","","","EXPLICIT_CANONICAL_ATTACHMENT_ROUTE","NOT_YET_PROVEN"
"pulselive","match","sample_payload","resources.lineups.headers.x-request-id","fixture","ENTITY","canonical_fixture_to_source_match","TRUE","Canonical fixture resolves to the source match under the documented fixture identity contract.","","","CANONICAL_FIXTURE_TO_SOURCE_MATCH","canonical_fixture_to_source_match","","","EXPLICIT_CANONICAL_ATTACHMENT_ROUTE","NOT_YET_PROVEN"
"pulselive","match","sample_payload","resources.lineups.payload","fixture","ENTITY","canonical_fixture_to_source_match","TRUE","Canonical fixture resolves to the source match under the documented fixture identity contract.","","","CANONICAL_FIXTURE_TO_SOURCE_MATCH","canonical_fixture_to_source_match","","","EXPLICIT_CANONICAL_ATTACHMENT_ROUTE","NOT_YET_PROVEN"
"pulselive","match","sample_payload","resources.lineups.payload.away_team","fixture","ENTITY","canonical_fixture_to_source_match","TRUE","Canonical fixture resolves to the source match under the documented fixture identity contract.","","","CANONICAL_FIXTURE_TO_SOURCE_MATCH","canonical_fixture_to_source_match","","","EXPLICIT_CANONICAL_ATTACHMENT_ROUTE","NOT_YET_PROVEN"
"pulselive","match","sample_payload","resources.lineups.payload.away_team.formation","fixture","ENTITY","canonical_fixture_to_source_match","TRUE","Canonical fixture resolves to the source match under the documented fixture identity contract.","","","CANONICAL_FIXTURE_TO_SOURCE_MATCH","canonical_fixture_to_source_match","","","EXPLICIT_CANONICAL_ATTACHMENT_ROUTE","NOT_YET_PROVEN"
"pulselive","match","sample_payload","resources.lineups.payload.away_team.formation.formation","fixture","ENTITY","canonical_fixture_to_source_match","TRUE","Canonical fixture resolves to the source match under the documented fixture identity contract.","","","CANONICAL_FIXTURE_TO_SOURCE_MATCH","canonical_fixture_to_source_match","","","EXPLICIT_CANONICAL_ATTACHMENT_ROUTE","NOT_YET_PROVEN"
"pulselive","match","sample_payload","resources.lineups.payload.away_team.formation.lineup","fixture","ENTITY","canonical_fixture_to_source_match","TRUE","Canonical fixture resolves to the source match under the documented fixture identity contract.","","","CANONICAL_FIXTURE_TO_SOURCE_MATCH","canonical_fixture_to_source_match","","","EXPLICIT_CANONICAL_ATTACHMENT_ROUTE","NOT_YET_PROVEN"
"pulselive","match","sample_payload","resources.lineups.payload.away_team.formation.subs","fixture","ENTITY","canonical_fixture_to_source_match","TRUE","Canonical fixture resolves to the source match under the documented fixture identity contract.","","","CANONICAL_FIXTURE_TO_SOURCE_MATCH","canonical_fixture_to_source_match","","","EXPLICIT_CANONICAL_ATTACHMENT_ROUTE","NOT_YET_PROVEN"
"pulselive","match","sample_payload","resources.lineups.payload.away_team.formation.teamId","fixture","ENTITY","canonical_fixture_to_source_match","TRUE","Canonical fixture resolves to the source match under the documented fixture identity contract.","","","CANONICAL_FIXTURE_TO_SOURCE_MATCH","canonical_fixture_to_source_match","","","EXPLICIT_CANONICAL_ATTACHMENT_ROUTE","NOT_YET_PROVEN"
"pulselive","match","sample_payload","resources.lineups.payload.away_team.managers","fixture","ENTITY","canonical_fixture_to_source_match","TRUE","Canonical fixture resolves to the source match under the documented fixture identity contract.","","","CANONICAL_FIXTURE_TO_SOURCE_MATCH","canonical_fixture_to_source_match","","","EXPLICIT_CANONICAL_ATTACHMENT_ROUTE","NOT_YET_PROVEN"
"pulselive","match","sample_payload","resources.lineups.payload.away_team.managers[].firstName","fixture","ENTITY","canonical_fixture_to_source_match","TRUE","Canonical fixture resolves to the source match under the documented fixture identity contract.","","","CANONICAL_FIXTURE_TO_SOURCE_MATCH","canonical_fixture_to_source_match","","","EXPLICIT_CANONICAL_ATTACHMENT_ROUTE","NOT_YET_PROVEN"
"pulselive","match","sample_payload","resources.lineups.payload.away_team.managers[].id","fixture","ENTITY","canonical_fixture_to_source_match","TRUE","Canonical fixture resolves to the source match under the documented fixture identity contract.","","","CANONICAL_FIXTURE_TO_SOURCE_MATCH","canonical_fixture_to_source_match","","","EXPLICIT_CANONICAL_ATTACHMENT_ROUTE","NOT_YET_PROVEN"
"pulselive","match","sample_payload","resources.lineups.payload.away_team.managers[].lastName","fixture","ENTITY","canonical_fixture_to_source_match","TRUE","Canonical fixture resolves to the source match under the documented fixture identity contract.","","","CANONICAL_FIXTURE_TO_SOURCE_MATCH","canonical_fixture_to_source_match","","","EXPLICIT_CANONICAL_ATTACHMENT_ROUTE","NOT_YET_PROVEN"
"pulselive","match","sample_payload","resources.lineups.payload.away_team.managers[].type","fixture","ENTITY","canonical_fixture_to_source_match","TRUE","Canonical fixture resolves to the source match under the documented fixture identity contract.","","","CANONICAL_FIXTURE_TO_SOURCE_MATCH","canonical_fixture_to_source_match","","","EXPLICIT_CANONICAL_ATTACHMENT_ROUTE","NOT_YET_PROVEN"
"pulselive","match","sample_payload","resources.lineups.payload.away_team.players","fixture","ENTITY","canonical_fixture_to_source_match","TRUE","Canonical fixture resolves to the source match under the documented fixture identity contract.","","","CANONICAL_FIXTURE_TO_SOURCE_MATCH","canonical_fixture_to_source_match","","","EXPLICIT_CANONICAL_ATTACHMENT_ROUTE","NOT_YET_PROVEN"
"pulselive","match","sample_payload","resources.lineups.payload.away_team.players[].firstName","fixture","ENTITY","canonical_fixture_to_source_match","TRUE","Canonical fixture resolves to the source match under the documented fixture identity contract.","","","CANONICAL_FIXTURE_TO_SOURCE_MATCH","canonical_fixture_to_source_match","","","EXPLICIT_CANONICAL_ATTACHMENT_ROUTE","NOT_YET_PROVEN"
"pulselive","match","sample_payload","resources.lineups.payload.away_team.players[].id","fixture","ENTITY","canonical_fixture_to_source_match","TRUE","Canonical fixture resolves to the source match under the documented fixture identity contract.","","","CANONICAL_FIXTURE_TO_SOURCE_MATCH","canonical_fixture_to_source_match","","","EXPLICIT_CANONICAL_ATTACHMENT_ROUTE","NOT_YET_PROVEN"
"pulselive","match","sample_payload","resources.lineups.payload.away_team.players[].isCaptain","fixture","ENTITY","canonical_fixture_to_source_match","TRUE","Canonical fixture resolves to the source match under the documented fixture identity contract.","","","CANONICAL_FIXTURE_TO_SOURCE_MATCH","canonical_fixture_to_source_match","","","EXPLICIT_CANONICAL_ATTACHMENT_ROUTE","NOT_YET_PROVEN"
"pulselive","match","sample_payload","resources.lineups.payload.away_team.players[].lastName","fixture","ENTITY","canonical_fixture_to_source_match","TRUE","Canonical fixture resolves to the source match under the documented fixture identity contract.","","","CANONICAL_FIXTURE_TO_SOURCE_MATCH","canonical_fixture_to_source_match","","","EXPLICIT_CANONICAL_ATTACHMENT_ROUTE","NOT_YET_PROVEN"
"pulselive","match","sample_payload","resources.lineups.payload.away_team.players[].position","fixture","ENTITY","canonical_fixture_to_source_match","TRUE","Canonical fixture resolves to the source match under the documented fixture identity contract.","","","CANONICAL_FIXTURE_TO_SOURCE_MATCH","canonical_fixture_to_source_match","","","EXPLICIT_CANONICAL_ATTACHMENT_ROUTE","NOT_YET_PROVEN"
"pulselive","match","sample_payload","resources.lineups.payload.away_team.players[].shirtNum","fixture","ENTITY","canonical_fixture_to_source_match","TRUE","Canonical fixture resolves to the source match under the documented fixture identity contract.","","","CANONICAL_FIXTURE_TO_SOURCE_MATCH","canonical_fixture_to_source_match","","","EXPLICIT_CANONICAL_ATTACHMENT_ROUTE","NOT_YET_PROVEN"
"pulselive","match","sample_payload","resources.lineups.payload.away_team.teamId","fixture","ENTITY","canonical_fixture_to_source_match","TRUE","Canonical fixture resolves to the source match under the documented fixture identity contract.","","","CANONICAL_FIXTURE_TO_SOURCE_MATCH","canonical_fixture_to_source_match","","","EXPLICIT_CANONICAL_ATTACHMENT_ROUTE","NOT_YET_PROVEN"
"pulselive","match","sample_payload","resources.lineups.payload.home_team","fixture","ENTITY","canonical_fixture_to_source_match","TRUE","Canonical fixture resolves to the source match under the documented fixture identity contract.","","","CANONICAL_FIXTURE_TO_SOURCE_MATCH","canonical_fixture_to_source_match","","","EXPLICIT_CANONICAL_ATTACHMENT_ROUTE","NOT_YET_PROVEN"
"pulselive","match","sample_payload","resources.lineups.payload.home_team.formation","fixture","ENTITY","canonical_fixture_to_source_match","TRUE","Canonical fixture resolves to the source match under the documented fixture identity contract.","","","CANONICAL_FIXTURE_TO_SOURCE_MATCH","canonical_fixture_to_source_match","","","EXPLICIT_CANONICAL_ATTACHMENT_ROUTE","NOT_YET_PROVEN"
"pulselive","match","sample_payload","resources.lineups.payload.home_team.formation.formation","fixture","ENTITY","canonical_fixture_to_source_match","TRUE","Canonical fixture resolves to the source match under the documented fixture identity contract.","","","CANONICAL_FIXTURE_TO_SOURCE_MATCH","canonical_fixture_to_source_match","","","EXPLICIT_CANONICAL_ATTACHMENT_ROUTE","NOT_YET_PROVEN"
"pulselive","match","sample_payload","resources.lineups.payload.home_team.formation.lineup","fixture","ENTITY","canonical_fixture_to_source_match","TRUE","Canonical fixture resolves to the source match under the documented fixture identity contract.","","","CANONICAL_FIXTURE_TO_SOURCE_MATCH","canonical_fixture_to_source_match","","","EXPLICIT_CANONICAL_ATTACHMENT_ROUTE","NOT_YET_PROVEN"
"pulselive","match","sample_payload","resources.lineups.payload.home_team.formation.subs","fixture","ENTITY","canonical_fixture_to_source_match","TRUE","Canonical fixture resolves to the source match under the documented fixture identity contract.","","","CANONICAL_FIXTURE_TO_SOURCE_MATCH","canonical_fixture_to_source_match","","","EXPLICIT_CANONICAL_ATTACHMENT_ROUTE","NOT_YET_PROVEN"
"pulselive","match","sample_payload","resources.lineups.payload.home_team.formation.teamId","fixture","ENTITY","canonical_fixture_to_source_match","TRUE","Canonical fixture resolves to the source match under the documented fixture identity contract.","","","CANONICAL_FIXTURE_TO_SOURCE_MATCH","canonical_fixture_to_source_match","","","EXPLICIT_CANONICAL_ATTACHMENT_ROUTE","NOT_YET_PROVEN"
"pulselive","match","sample_payload","resources.lineups.payload.home_team.managers","fixture","ENTITY","canonical_fixture_to_source_match","TRUE","Canonical fixture resolves to the source match under the documented fixture identity contract.","","","CANONICAL_FIXTURE_TO_SOURCE_MATCH","canonical_fixture_to_source_match","","","EXPLICIT_CANONICAL_ATTACHMENT_ROUTE","NOT_YET_PROVEN"
"pulselive","match","sample_payload","resources.lineups.payload.home_team.managers[].firstName","fixture","ENTITY","canonical_fixture_to_source_match","TRUE","Canonical fixture resolves to the source match under the documented fixture identity contract.","","","CANONICAL_FIXTURE_TO_SOURCE_MATCH","canonical_fixture_to_source_match","","","EXPLICIT_CANONICAL_ATTACHMENT_ROUTE","NOT_YET_PROVEN"
"pulselive","match","sample_payload","resources.lineups.payload.home_team.managers[].id","fixture","ENTITY","canonical_fixture_to_source_match","TRUE","Canonical fixture resolves to the source match under the documented fixture identity contract.","","","CANONICAL_FIXTURE_TO_SOURCE_MATCH","canonical_fixture_to_source_match","","","EXPLICIT_CANONICAL_ATTACHMENT_ROUTE","NOT_YET_PROVEN"
"pulselive","match","sample_payload","resources.lineups.payload.home_team.managers[].lastName","fixture","ENTITY","canonical_fixture_to_source_match","TRUE","Canonical fixture resolves to the source match under the documented fixture identity contract.","","","CANONICAL_FIXTURE_TO_SOURCE_MATCH","canonical_fixture_to_source_match","","","EXPLICIT_CANONICAL_ATTACHMENT_ROUTE","NOT_YET_PROVEN"
"pulselive","match","sample_payload","resources.lineups.payload.home_team.managers[].type","fixture","ENTITY","canonical_fixture_to_source_match","TRUE","Canonical fixture resolves to the source match under the documented fixture identity contract.","","","CANONICAL_FIXTURE_TO_SOURCE_MATCH","canonical_fixture_to_source_match","","","EXPLICIT_CANONICAL_ATTACHMENT_ROUTE","NOT_YET_PROVEN"
"pulselive","match","sample_payload","resources.lineups.payload.home_team.players","fixture","ENTITY","canonical_fixture_to_source_match","TRUE","Canonical fixture resolves to the source match under the documented fixture identity contract.","","","CANONICAL_FIXTURE_TO_SOURCE_MATCH","canonical_fixture_to_source_match","","","EXPLICIT_CANONICAL_ATTACHMENT_ROUTE","NOT_YET_PROVEN"
"pulselive","match","sample_payload","resources.lineups.payload.home_team.players[].firstName","fixture","ENTITY","canonical_fixture_to_source_match","TRUE","Canonical fixture resolves to the source match under the documented fixture identity contract.","","","CANONICAL_FIXTURE_TO_SOURCE_MATCH","canonical_fixture_to_source_match","","","EXPLICIT_CANONICAL_ATTACHMENT_ROUTE","NOT_YET_PROVEN"
"pulselive","match","sample_payload","resources.lineups.payload.home_team.players[].id","fixture","ENTITY","canonical_fixture_to_source_match","TRUE","Canonical fixture resolves to the source match under the documented fixture identity contract.","","","CANONICAL_FIXTURE_TO_SOURCE_MATCH","canonical_fixture_to_source_match","","","EXPLICIT_CANONICAL_ATTACHMENT_ROUTE","NOT_YET_PROVEN"
"pulselive","match","sample_payload","resources.lineups.payload.home_team.players[].isCaptain","fixture","ENTITY","canonical_fixture_to_source_match","TRUE","Canonical fixture resolves to the source match under the documented fixture identity contract.","","","CANONICAL_FIXTURE_TO_SOURCE_MATCH","canonical_fixture_to_source_match","","","EXPLICIT_CANONICAL_ATTACHMENT_ROUTE","NOT_YET_PROVEN"
"pulselive","match","sample_payload","resources.lineups.payload.home_team.players[].lastName","fixture","ENTITY","canonical_fixture_to_source_match","TRUE","Canonical fixture resolves to the source match under the documented fixture identity contract.","","","CANONICAL_FIXTURE_TO_SOURCE_MATCH","canonical_fixture_to_source_match","","","EXPLICIT_CANONICAL_ATTACHMENT_ROUTE","NOT_YET_PROVEN"
"pulselive","match","sample_payload","resources.lineups.payload.home_team.players[].position","fixture","ENTITY","canonical_fixture_to_source_match","TRUE","Canonical fixture resolves to the source match under the documented fixture identity contract.","","","CANONICAL_FIXTURE_TO_SOURCE_MATCH","canonical_fixture_to_source_match","","","EXPLICIT_CANONICAL_ATTACHMENT_ROUTE","NOT_YET_PROVEN"
"pulselive","match","sample_payload","resources.lineups.payload.home_team.players[].shirtNum","fixture","ENTITY","canonical_fixture_to_source_match","TRUE","Canonical fixture resolves to the source match under the documented fixture identity contract.","","","CANONICAL_FIXTURE_TO_SOURCE_MATCH","canonical_fixture_to_source_match","","","EXPLICIT_CANONICAL_ATTACHMENT_ROUTE","NOT_YET_PROVEN"
"pulselive","match","sample_payload","resources.lineups.payload.home_team.teamId","fixture","ENTITY","canonical_fixture_to_source_match","TRUE","Canonical fixture resolves to the source match under the documented fixture identity contract.","","","CANONICAL_FIXTURE_TO_SOURCE_MATCH","canonical_fixture_to_source_match","","","EXPLICIT_CANONICAL_ATTACHMENT_ROUTE","NOT_YET_PROVEN"
"pulselive","match","sample_payload","resources.lineups.retrieved_at","fixture","ENTITY","canonical_fixture_to_source_match","TRUE","Canonical fixture resolves to the source match under the documented fixture identity contract.","","","CANONICAL_FIXTURE_TO_SOURCE_MATCH","canonical_fixture_to_source_match","","","EXPLICIT_CANONICAL_ATTACHMENT_ROUTE","NOT_YET_PROVEN"
"pulselive","match","sample_payload","resources.match","fixture","ENTITY","canonical_fixture_to_source_match","TRUE","Canonical fixture resolves to the source match under the documented fixture identity contract.","","","CANONICAL_FIXTURE_TO_SOURCE_MATCH","canonical_fixture_to_source_match","","","EXPLICIT_CANONICAL_ATTACHMENT_ROUTE","NOT_YET_PROVEN"
"pulselive","match","sample_payload","resources.match.endpoint","fixture","ENTITY","canonical_fixture_to_source_match","TRUE","Canonical fixture resolves to the source match under the documented fixture identity contract.","","","CANONICAL_FIXTURE_TO_SOURCE_MATCH","canonical_fixture_to_source_match","","","EXPLICIT_CANONICAL_ATTACHMENT_ROUTE","NOT_YET_PROVEN"
"pulselive","match","sample_payload","resources.match.headers","fixture","ENTITY","canonical_fixture_to_source_match","TRUE","Canonical fixture resolves to the source match under the documented fixture identity contract.","","","CANONICAL_FIXTURE_TO_SOURCE_MATCH","canonical_fixture_to_source_match","","","EXPLICIT_CANONICAL_ATTACHMENT_ROUTE","NOT_YET_PROVEN"
"pulselive","match","sample_payload","resources.match.headers.alt-svc","fixture","ENTITY","canonical_fixture_to_source_match","TRUE","Canonical fixture resolves to the source match under the documented fixture identity contract.","","","CANONICAL_FIXTURE_TO_SOURCE_MATCH","canonical_fixture_to_source_match","","","EXPLICIT_CANONICAL_ATTACHMENT_ROUTE","NOT_YET_PROVEN"
"pulselive","match","sample_payload","resources.match.headers.cache-control","fixture","ENTITY","canonical_fixture_to_source_match","TRUE","Canonical fixture resolves to the source match under the documented fixture identity contract.","","","CANONICAL_FIXTURE_TO_SOURCE_MATCH","canonical_fixture_to_source_match","","","EXPLICIT_CANONICAL_ATTACHMENT_ROUTE","NOT_YET_PROVEN"
"pulselive","match","sample_payload","resources.match.headers.connection","fixture","ENTITY","canonical_fixture_to_source_match","TRUE","Canonical fixture resolves to the source match under the documented fixture identity contract.","","","CANONICAL_FIXTURE_TO_SOURCE_MATCH","canonical_fixture_to_source_match","","","EXPLICIT_CANONICAL_ATTACHMENT_ROUTE","NOT_YET_PROVEN"
"pulselive","match","sample_payload","resources.match.headers.content-security-policy","fixture","ENTITY","canonical_fixture_to_source_match","TRUE","Canonical fixture resolves to the source match under the documented fixture identity contract.","","","CANONICAL_FIXTURE_TO_SOURCE_MATCH","canonical_fixture_to_source_match","","","EXPLICIT_CANONICAL_ATTACHMENT_ROUTE","NOT_YET_PROVEN"
"pulselive","match","sample_payload","resources.match.headers.content-type","fixture","ENTITY","canonical_fixture_to_source_match","TRUE","Canonical fixture resolves to the source match under the documented fixture identity contract.","","","CANONICAL_FIXTURE_TO_SOURCE_MATCH","canonical_fixture_to_source_match","","","EXPLICIT_CANONICAL_ATTACHMENT_ROUTE","NOT_YET_PROVEN"
"pulselive","match","sample_payload","resources.match.headers.date","fixture","ENTITY","canonical_fixture_to_source_match","TRUE","Canonical fixture resolves to the source match under the documented fixture identity contract.","","","CANONICAL_FIXTURE_TO_SOURCE_MATCH","canonical_fixture_to_source_match","","","EXPLICIT_CANONICAL_ATTACHMENT_ROUTE","NOT_YET_PROVEN"
"pulselive","match","sample_payload","resources.match.headers.permissions-policy","fixture","ENTITY","canonical_fixture_to_source_match","TRUE","Canonical fixture resolves to the source match under the documented fixture identity contract.","","","CANONICAL_FIXTURE_TO_SOURCE_MATCH","canonical_fixture_to_source_match","","","EXPLICIT_CANONICAL_ATTACHMENT_ROUTE","NOT_YET_PROVEN"
"pulselive","match","sample_payload","resources.match.headers.referrer-policy","fixture","ENTITY","canonical_fixture_to_source_match","TRUE","Canonical fixture resolves to the source match under the documented fixture identity contract.","","","CANONICAL_FIXTURE_TO_SOURCE_MATCH","canonical_fixture_to_source_match","","","EXPLICIT_CANONICAL_ATTACHMENT_ROUTE","NOT_YET_PROVEN"
"pulselive","match","sample_payload","resources.match.headers.set-cookie","fixture","ENTITY","canonical_fixture_to_source_match","TRUE","Canonical fixture resolves to the source match under the documented fixture identity contract.","","","CANONICAL_FIXTURE_TO_SOURCE_MATCH","canonical_fixture_to_source_match","","","EXPLICIT_CANONICAL_ATTACHMENT_ROUTE","NOT_YET_PROVEN"
"pulselive","match","sample_payload","resources.match.headers.strict-transport-security","fixture","ENTITY","canonical_fixture_to_source_match","TRUE","Canonical fixture resolves to the source match under the documented fixture identity contract.","","","CANONICAL_FIXTURE_TO_SOURCE_MATCH","canonical_fixture_to_source_match","","","EXPLICIT_CANONICAL_ATTACHMENT_ROUTE","NOT_YET_PROVEN"
"pulselive","match","sample_payload","resources.match.headers.transfer-encoding","fixture","ENTITY","canonical_fixture_to_source_match","TRUE","Canonical fixture resolves to the source match under the documented fixture identity contract.","","","CANONICAL_FIXTURE_TO_SOURCE_MATCH","canonical_fixture_to_source_match","","","EXPLICIT_CANONICAL_ATTACHMENT_ROUTE","NOT_YET_PROVEN"
"pulselive","match","sample_payload","resources.match.headers.vary","fixture","ENTITY","canonical_fixture_to_source_match","TRUE","Canonical fixture resolves to the source match under the documented fixture identity contract.","","","CANONICAL_FIXTURE_TO_SOURCE_MATCH","canonical_fixture_to_source_match","","","EXPLICIT_CANONICAL_ATTACHMENT_ROUTE","NOT_YET_PROVEN"
"pulselive","match","sample_payload","resources.match.headers.via","fixture","ENTITY","canonical_fixture_to_source_match","TRUE","Canonical fixture resolves to the source match under the documented fixture identity contract.","","","CANONICAL_FIXTURE_TO_SOURCE_MATCH","canonical_fixture_to_source_match","","","EXPLICIT_CANONICAL_ATTACHMENT_ROUTE","NOT_YET_PROVEN"
"pulselive","match","sample_payload","resources.match.headers.x-amz-cf-id","fixture","ENTITY","canonical_fixture_to_source_match","TRUE","Canonical fixture resolves to the source match under the documented fixture identity contract.","","","CANONICAL_FIXTURE_TO_SOURCE_MATCH","canonical_fixture_to_source_match","","","EXPLICIT_CANONICAL_ATTACHMENT_ROUTE","NOT_YET_PROVEN"
"pulselive","match","sample_payload","resources.match.headers.x-amz-cf-pop","fixture","ENTITY","canonical_fixture_to_source_match","TRUE","Canonical fixture resolves to the source match under the documented fixture identity contract.","","","CANONICAL_FIXTURE_TO_SOURCE_MATCH","canonical_fixture_to_source_match","","","EXPLICIT_CANONICAL_ATTACHMENT_ROUTE","NOT_YET_PROVEN"
"pulselive","match","sample_payload","resources.match.headers.x-cache","fixture","ENTITY","canonical_fixture_to_source_match","TRUE","Canonical fixture resolves to the source match under the documented fixture identity contract.","","","CANONICAL_FIXTURE_TO_SOURCE_MATCH","canonical_fixture_to_source_match","","","EXPLICIT_CANONICAL_ATTACHMENT_ROUTE","NOT_YET_PROVEN"
"pulselive","match","sample_payload","resources.match.headers.x-cache-server","fixture","ENTITY","canonical_fixture_to_source_match","TRUE","Canonical fixture resolves to the source match under the documented fixture identity contract.","","","CANONICAL_FIXTURE_TO_SOURCE_MATCH","canonical_fixture_to_source_match","","","EXPLICIT_CANONICAL_ATTACHMENT_ROUTE","NOT_YET_PROVEN"
"pulselive","match","sample_payload","resources.match.headers.x-cache-status","fixture","ENTITY","canonical_fixture_to_source_match","TRUE","Canonical fixture resolves to the source match under the documented fixture identity contract.","","","CANONICAL_FIXTURE_TO_SOURCE_MATCH","canonical_fixture_to_source_match","","","EXPLICIT_CANONICAL_ATTACHMENT_ROUTE","NOT_YET_PROVEN"
"pulselive","match","sample_payload","resources.match.headers.x-content-type-options","fixture","ENTITY","canonical_fixture_to_source_match","TRUE","Canonical fixture resolves to the source match under the documented fixture identity contract.","","","CANONICAL_FIXTURE_TO_SOURCE_MATCH","canonical_fixture_to_source_match","","","EXPLICIT_CANONICAL_ATTACHMENT_ROUTE","NOT_YET_PROVEN"
"pulselive","match","sample_payload","resources.match.headers.x-frame-options","fixture","ENTITY","canonical_fixture_to_source_match","TRUE","Canonical fixture resolves to the source match under the documented fixture identity contract.","","","CANONICAL_FIXTURE_TO_SOURCE_MATCH","canonical_fixture_to_source_match","","","EXPLICIT_CANONICAL_ATTACHMENT_ROUTE","NOT_YET_PROVEN"
"pulselive","match","sample_payload","resources.match.headers.x-pulse-sdp-endpoint","fixture","ENTITY","canonical_fixture_to_source_match","TRUE","Canonical fixture resolves to the source match under the documented fixture identity contract.","","","CANONICAL_FIXTURE_TO_SOURCE_MATCH","canonical_fixture_to_source_match","","","EXPLICIT_CANONICAL_ATTACHMENT_ROUTE","NOT_YET_PROVEN"
"pulselive","match","sample_payload","resources.match.headers.x-ratelimit-limit","fixture","ENTITY","canonical_fixture_to_source_match","TRUE","Canonical fixture resolves to the source match under the documented fixture identity contract.","","","CANONICAL_FIXTURE_TO_SOURCE_MATCH","canonical_fixture_to_source_match","","","EXPLICIT_CANONICAL_ATTACHMENT_ROUTE","NOT_YET_PROVEN"
"pulselive","match","sample_payload","resources.match.headers.x-ratelimit-remaining","fixture","ENTITY","canonical_fixture_to_source_match","TRUE","Canonical fixture resolves to the source match under the documented fixture identity contract.","","","CANONICAL_FIXTURE_TO_SOURCE_MATCH","canonical_fixture_to_source_match","","","EXPLICIT_CANONICAL_ATTACHMENT_ROUTE","NOT_YET_PROVEN"
"pulselive","match","sample_payload","resources.match.headers.x-ratelimit-reset","fixture","ENTITY","canonical_fixture_to_source_match","TRUE","Canonical fixture resolves to the source match under the documented fixture identity contract.","","","CANONICAL_FIXTURE_TO_SOURCE_MATCH","canonical_fixture_to_source_match","","","EXPLICIT_CANONICAL_ATTACHMENT_ROUTE","NOT_YET_PROVEN"
"pulselive","match","sample_payload","resources.match.headers.x-request-id","fixture","ENTITY","canonical_fixture_to_source_match","TRUE","Canonical fixture resolves to the source match under the documented fixture identity contract.","","","CANONICAL_FIXTURE_TO_SOURCE_MATCH","canonical_fixture_to_source_match","","","EXPLICIT_CANONICAL_ATTACHMENT_ROUTE","NOT_YET_PROVEN"
"pulselive","match","sample_payload","resources.match.payload","fixture","ENTITY","canonical_fixture_to_source_match","TRUE","Canonical fixture resolves to the source match under the documented fixture identity contract.","","","CANONICAL_FIXTURE_TO_SOURCE_MATCH","canonical_fixture_to_source_match","","","EXPLICIT_CANONICAL_ATTACHMENT_ROUTE","NOT_YET_PROVEN"
"pulselive","match","sample_payload","resources.match.payload.attendance","fixture","ENTITY","canonical_fixture_to_source_match","TRUE","Canonical fixture resolves to the source match under the documented fixture identity contract.","","","CANONICAL_FIXTURE_TO_SOURCE_MATCH","canonical_fixture_to_source_match","","","EXPLICIT_CANONICAL_ATTACHMENT_ROUTE","NOT_YET_PROVEN"
"pulselive","match","sample_payload","resources.match.payload.awayTeam","fixture","ENTITY","canonical_fixture_to_source_match","TRUE","Canonical fixture resolves to the source match under the documented fixture identity contract.","","","CANONICAL_FIXTURE_TO_SOURCE_MATCH","canonical_fixture_to_source_match","","","EXPLICIT_CANONICAL_ATTACHMENT_ROUTE","NOT_YET_PROVEN"
"pulselive","match","sample_payload","resources.match.payload.awayTeam.abbr","fixture","ENTITY","canonical_fixture_to_source_match","TRUE","Canonical fixture resolves to the source match under the documented fixture identity contract.","","","CANONICAL_FIXTURE_TO_SOURCE_MATCH","canonical_fixture_to_source_match","","","EXPLICIT_CANONICAL_ATTACHMENT_ROUTE","NOT_YET_PROVEN"
"pulselive","match","sample_payload","resources.match.payload.awayTeam.halfTimeScore","fixture","ENTITY","canonical_fixture_to_source_match","TRUE","Canonical fixture resolves to the source match under the documented fixture identity contract.","","","CANONICAL_FIXTURE_TO_SOURCE_MATCH","canonical_fixture_to_source_match","","","EXPLICIT_CANONICAL_ATTACHMENT_ROUTE","NOT_YET_PROVEN"
"pulselive","match","sample_payload","resources.match.payload.awayTeam.id","fixture","ENTITY","canonical_fixture_to_source_match","TRUE","Canonical fixture resolves to the source match under the documented fixture identity contract.","","","CANONICAL_FIXTURE_TO_SOURCE_MATCH","canonical_fixture_to_source_match","","","EXPLICIT_CANONICAL_ATTACHMENT_ROUTE","NOT_YET_PROVEN"
"pulselive","match","sample_payload","resources.match.payload.awayTeam.name","fixture","ENTITY","canonical_fixture_to_source_match","TRUE","Canonical fixture resolves to the source match under the documented fixture identity contract.","","","CANONICAL_FIXTURE_TO_SOURCE_MATCH","canonical_fixture_to_source_match","","","EXPLICIT_CANONICAL_ATTACHMENT_ROUTE","NOT_YET_PROVEN"
"pulselive","match","sample_payload","resources.match.payload.awayTeam.redCards","fixture","ENTITY","canonical_fixture_to_source_match","TRUE","Canonical fixture resolves to the source match under the documented fixture identity contract.","","","CANONICAL_FIXTURE_TO_SOURCE_MATCH","canonical_fixture_to_source_match","","","EXPLICIT_CANONICAL_ATTACHMENT_ROUTE","NOT_YET_PROVEN"
"pulselive","match","sample_payload","resources.match.payload.awayTeam.score","fixture","ENTITY","canonical_fixture_to_source_match","TRUE","Canonical fixture resolves to the source match under the documented fixture identity contract.","","","CANONICAL_FIXTURE_TO_SOURCE_MATCH","canonical_fixture_to_source_match","","","EXPLICIT_CANONICAL_ATTACHMENT_ROUTE","NOT_YET_PROVEN"
"pulselive","match","sample_payload","resources.match.payload.awayTeam.shortName","fixture","ENTITY","canonical_fixture_to_source_match","TRUE","Canonical fixture resolves to the source match under the documented fixture identity contract.","","","CANONICAL_FIXTURE_TO_SOURCE_MATCH","canonical_fixture_to_source_match","","","EXPLICIT_CANONICAL_ATTACHMENT_ROUTE","NOT_YET_PROVEN"
"pulselive","match","sample_payload","resources.match.payload.clock","fixture","ENTITY","canonical_fixture_to_source_match","TRUE","Canonical fixture resolves to the source match under the documented fixture identity contract.","","","CANONICAL_FIXTURE_TO_SOURCE_MATCH","canonical_fixture_to_source_match","","","EXPLICIT_CANONICAL_ATTACHMENT_ROUTE","NOT_YET_PROVEN"
"pulselive","match","sample_payload","resources.match.payload.competition","fixture","ENTITY","canonical_fixture_to_source_match","TRUE","Canonical fixture resolves to the source match under the documented fixture identity contract.","","","CANONICAL_FIXTURE_TO_SOURCE_MATCH","canonical_fixture_to_source_match","","","EXPLICIT_CANONICAL_ATTACHMENT_ROUTE","NOT_YET_PROVEN"
"pulselive","match","sample_payload","resources.match.payload.competitionId","fixture","ENTITY","canonical_fixture_to_source_match","TRUE","Canonical fixture resolves to the source match under the documented fixture identity contract.","","","CANONICAL_FIXTURE_TO_SOURCE_MATCH","canonical_fixture_to_source_match","","","EXPLICIT_CANONICAL_ATTACHMENT_ROUTE","NOT_YET_PROVEN"
"pulselive","match","sample_payload","resources.match.payload.ground","fixture","ENTITY","canonical_fixture_to_source_match","TRUE","Canonical fixture resolves to the source match under the documented fixture identity contract.","","","CANONICAL_FIXTURE_TO_SOURCE_MATCH","canonical_fixture_to_source_match","","","EXPLICIT_CANONICAL_ATTACHMENT_ROUTE","NOT_YET_PROVEN"
"pulselive","match","sample_payload","resources.match.payload.homeTeam","fixture","ENTITY","canonical_fixture_to_source_match","TRUE","Canonical fixture resolves to the source match under the documented fixture identity contract.","","","CANONICAL_FIXTURE_TO_SOURCE_MATCH","canonical_fixture_to_source_match","","","EXPLICIT_CANONICAL_ATTACHMENT_ROUTE","NOT_YET_PROVEN"
"pulselive","match","sample_payload","resources.match.payload.homeTeam.abbr","fixture","ENTITY","canonical_fixture_to_source_match","TRUE","Canonical fixture resolves to the source match under the documented fixture identity contract.","","","CANONICAL_FIXTURE_TO_SOURCE_MATCH","canonical_fixture_to_source_match","","","EXPLICIT_CANONICAL_ATTACHMENT_ROUTE","NOT_YET_PROVEN"
"pulselive","match","sample_payload","resources.match.payload.homeTeam.halfTimeScore","fixture","ENTITY","canonical_fixture_to_source_match","TRUE","Canonical fixture resolves to the source match under the documented fixture identity contract.","","","CANONICAL_FIXTURE_TO_SOURCE_MATCH","canonical_fixture_to_source_match","","","EXPLICIT_CANONICAL_ATTACHMENT_ROUTE","NOT_YET_PROVEN"
"pulselive","match","sample_payload","resources.match.payload.homeTeam.id","fixture","ENTITY","canonical_fixture_to_source_match","TRUE","Canonical fixture resolves to the source match under the documented fixture identity contract.","","","CANONICAL_FIXTURE_TO_SOURCE_MATCH","canonical_fixture_to_source_match","","","EXPLICIT_CANONICAL_ATTACHMENT_ROUTE","NOT_YET_PROVEN"
"pulselive","match","sample_payload","resources.match.payload.homeTeam.name","fixture","ENTITY","canonical_fixture_to_source_match","TRUE","Canonical fixture resolves to the source match under the documented fixture identity contract.","","","CANONICAL_FIXTURE_TO_SOURCE_MATCH","canonical_fixture_to_source_match","","","EXPLICIT_CANONICAL_ATTACHMENT_ROUTE","NOT_YET_PROVEN"
"pulselive","match","sample_payload","resources.match.payload.homeTeam.redCards","fixture","ENTITY","canonical_fixture_to_source_match","TRUE","Canonical fixture resolves to the source match under the documented fixture identity contract.","","","CANONICAL_FIXTURE_TO_SOURCE_MATCH","canonical_fixture_to_source_match","","","EXPLICIT_CANONICAL_ATTACHMENT_ROUTE","NOT_YET_PROVEN"
"pulselive","match","sample_payload","resources.match.payload.homeTeam.score","fixture","ENTITY","canonical_fixture_to_source_match","TRUE","Canonical fixture resolves to the source match under the documented fixture identity contract.","","","CANONICAL_FIXTURE_TO_SOURCE_MATCH","canonical_fixture_to_source_match","","","EXPLICIT_CANONICAL_ATTACHMENT_ROUTE","NOT_YET_PROVEN"
"pulselive","match","sample_payload","resources.match.payload.homeTeam.shortName","fixture","ENTITY","canonical_fixture_to_source_match","TRUE","Canonical fixture resolves to the source match under the documented fixture identity contract.","","","CANONICAL_FIXTURE_TO_SOURCE_MATCH","canonical_fixture_to_source_match","","","EXPLICIT_CANONICAL_ATTACHMENT_ROUTE","NOT_YET_PROVEN"
"pulselive","match","sample_payload","resources.match.payload.kickoff","fixture","ENTITY","canonical_fixture_to_source_match","TRUE","Canonical fixture resolves to the source match under the documented fixture identity contract.","","","CANONICAL_FIXTURE_TO_SOURCE_MATCH","canonical_fixture_to_source_match","","","EXPLICIT_CANONICAL_ATTACHMENT_ROUTE","NOT_YET_PROVEN"
"pulselive","match","sample_payload","resources.match.payload.kickoffTimezone","fixture","ENTITY","canonical_fixture_to_source_match","TRUE","Canonical fixture resolves to the source match under the documented fixture identity contract.","","","CANONICAL_FIXTURE_TO_SOURCE_MATCH","canonical_fixture_to_source_match","","","EXPLICIT_CANONICAL_ATTACHMENT_ROUTE","NOT_YET_PROVEN"
"pulselive","match","sample_payload","resources.match.payload.kickoffTimezoneString","fixture","ENTITY","canonical_fixture_to_source_match","TRUE","Canonical fixture resolves to the source match under the documented fixture identity contract.","","","CANONICAL_FIXTURE_TO_SOURCE_MATCH","canonical_fixture_to_source_match","","","EXPLICIT_CANONICAL_ATTACHMENT_ROUTE","NOT_YET_PROVEN"
"pulselive","match","sample_payload","resources.match.payload.matchId","fixture","ENTITY","canonical_fixture_to_source_match","TRUE","Canonical fixture resolves to the source match under the documented fixture identity contract.","","","CANONICAL_FIXTURE_TO_SOURCE_MATCH","canonical_fixture_to_source_match","","","EXPLICIT_CANONICAL_ATTACHMENT_ROUTE","NOT_YET_PROVEN"
"pulselive","match","sample_payload","resources.match.payload.matchWeek","fixture","ENTITY","canonical_fixture_to_source_match","TRUE","Canonical fixture resolves to the source match under the documented fixture identity contract.","","","CANONICAL_FIXTURE_TO_SOURCE_MATCH","canonical_fixture_to_source_match","","","EXPLICIT_CANONICAL_ATTACHMENT_ROUTE","NOT_YET_PROVEN"
"pulselive","match","sample_payload","resources.match.payload.period","fixture","ENTITY","canonical_fixture_to_source_match","TRUE","Canonical fixture resolves to the source match under the documented fixture identity contract.","","","CANONICAL_FIXTURE_TO_SOURCE_MATCH","canonical_fixture_to_source_match","","","EXPLICIT_CANONICAL_ATTACHMENT_ROUTE","NOT_YET_PROVEN"
"pulselive","match","sample_payload","resources.match.payload.phase","fixture","ENTITY","canonical_fixture_to_source_match","TRUE","Canonical fixture resolves to the source match under the documented fixture identity contract.","","","CANONICAL_FIXTURE_TO_SOURCE_MATCH","canonical_fixture_to_source_match","","","EXPLICIT_CANONICAL_ATTACHMENT_ROUTE","NOT_YET_PROVEN"
"pulselive","match","sample_payload","resources.match.payload.resultType","fixture","ENTITY","canonical_fixture_to_source_match","TRUE","Canonical fixture resolves to the source match under the documented fixture identity contract.","","","CANONICAL_FIXTURE_TO_SOURCE_MATCH","canonical_fixture_to_source_match","","","EXPLICIT_CANONICAL_ATTACHMENT_ROUTE","NOT_YET_PROVEN"
"pulselive","match","sample_payload","resources.match.payload.seasonId","fixture","ENTITY","canonical_fixture_to_source_match","TRUE","Canonical fixture resolves to the source match under the documented fixture identity contract.","","","CANONICAL_FIXTURE_TO_SOURCE_MATCH","canonical_fixture_to_source_match","","","EXPLICIT_CANONICAL_ATTACHMENT_ROUTE","NOT_YET_PROVEN"
"pulselive","match","sample_payload","resources.match.payload.seasonInfo","fixture","ENTITY","canonical_fixture_to_source_match","TRUE","Canonical fixture resolves to the source match under the documented fixture identity contract.","","","CANONICAL_FIXTURE_TO_SOURCE_MATCH","canonical_fixture_to_source_match","","","EXPLICIT_CANONICAL_ATTACHMENT_ROUTE","NOT_YET_PROVEN"
"pulselive","match","sample_payload","resources.match.payload.seasonInfo.id","fixture","ENTITY","canonical_fixture_to_source_match","TRUE","Canonical fixture resolves to the source match under the documented fixture identity contract.","","","CANONICAL_FIXTURE_TO_SOURCE_MATCH","canonical_fixture_to_source_match","","","EXPLICIT_CANONICAL_ATTACHMENT_ROUTE","NOT_YET_PROVEN"
"pulselive","match","sample_payload","resources.match.payload.seasonInfo.name","fixture","ENTITY","canonical_fixture_to_source_match","TRUE","Canonical fixture resolves to the source match under the documented fixture identity contract.","","","CANONICAL_FIXTURE_TO_SOURCE_MATCH","canonical_fixture_to_source_match","","","EXPLICIT_CANONICAL_ATTACHMENT_ROUTE","NOT_YET_PROVEN"
"pulselive","match","sample_payload","resources.match.retrieved_at","fixture","ENTITY","canonical_fixture_to_source_match","TRUE","Canonical fixture resolves to the source match under the documented fixture identity contract.","","","CANONICAL_FIXTURE_TO_SOURCE_MATCH","canonical_fixture_to_source_match","","","EXPLICIT_CANONICAL_ATTACHMENT_ROUTE","NOT_YET_PROVEN"
"pulselive","match","sample_payload","resources.stats","fixture","ENTITY","canonical_fixture_to_source_match","TRUE","Canonical fixture resolves to the source match under the documented fixture identity contract.","","","CANONICAL_FIXTURE_TO_SOURCE_MATCH","canonical_fixture_to_source_match","","","EXPLICIT_CANONICAL_ATTACHMENT_ROUTE","NOT_YET_PROVEN"
"pulselive","match","sample_payload","resources.stats.endpoint","fixture","ENTITY","canonical_fixture_to_source_match","TRUE","Canonical fixture resolves to the source match under the documented fixture identity contract.","","","CANONICAL_FIXTURE_TO_SOURCE_MATCH","canonical_fixture_to_source_match","","","EXPLICIT_CANONICAL_ATTACHMENT_ROUTE","NOT_YET_PROVEN"
"pulselive","match","sample_payload","resources.stats.headers","fixture","ENTITY","canonical_fixture_to_source_match","TRUE","Canonical fixture resolves to the source match under the documented fixture identity contract.","","","CANONICAL_FIXTURE_TO_SOURCE_MATCH","canonical_fixture_to_source_match","","","EXPLICIT_CANONICAL_ATTACHMENT_ROUTE","NOT_YET_PROVEN"
"pulselive","match","sample_payload","resources.stats.headers.alt-svc","fixture","ENTITY","canonical_fixture_to_source_match","TRUE","Canonical fixture resolves to the source match under the documented fixture identity contract.","","","CANONICAL_FIXTURE_TO_SOURCE_MATCH","canonical_fixture_to_source_match","","","EXPLICIT_CANONICAL_ATTACHMENT_ROUTE","NOT_YET_PROVEN"
"pulselive","match","sample_payload","resources.stats.headers.cache-control","fixture","ENTITY","canonical_fixture_to_source_match","TRUE","Canonical fixture resolves to the source match under the documented fixture identity contract.","","","CANONICAL_FIXTURE_TO_SOURCE_MATCH","canonical_fixture_to_source_match","","","EXPLICIT_CANONICAL_ATTACHMENT_ROUTE","NOT_YET_PROVEN"
"pulselive","match","sample_payload","resources.stats.headers.connection","fixture","ENTITY","canonical_fixture_to_source_match","TRUE","Canonical fixture resolves to the source match under the documented fixture identity contract.","","","CANONICAL_FIXTURE_TO_SOURCE_MATCH","canonical_fixture_to_source_match","","","EXPLICIT_CANONICAL_ATTACHMENT_ROUTE","NOT_YET_PROVEN"
"pulselive","match","sample_payload","resources.stats.headers.content-security-policy","fixture","ENTITY","canonical_fixture_to_source_match","TRUE","Canonical fixture resolves to the source match under the documented fixture identity contract.","","","CANONICAL_FIXTURE_TO_SOURCE_MATCH","canonical_fixture_to_source_match","","","EXPLICIT_CANONICAL_ATTACHMENT_ROUTE","NOT_YET_PROVEN"
"pulselive","match","sample_payload","resources.stats.headers.content-type","fixture","ENTITY","canonical_fixture_to_source_match","TRUE","Canonical fixture resolves to the source match under the documented fixture identity contract.","","","CANONICAL_FIXTURE_TO_SOURCE_MATCH","canonical_fixture_to_source_match","","","EXPLICIT_CANONICAL_ATTACHMENT_ROUTE","NOT_YET_PROVEN"
"pulselive","match","sample_payload","resources.stats.headers.date","fixture","ENTITY","canonical_fixture_to_source_match","TRUE","Canonical fixture resolves to the source match under the documented fixture identity contract.","","","CANONICAL_FIXTURE_TO_SOURCE_MATCH","canonical_fixture_to_source_match","","","EXPLICIT_CANONICAL_ATTACHMENT_ROUTE","NOT_YET_PROVEN"
"pulselive","match","sample_payload","resources.stats.headers.permissions-policy","fixture","ENTITY","canonical_fixture_to_source_match","TRUE","Canonical fixture resolves to the source match under the documented fixture identity contract.","","","CANONICAL_FIXTURE_TO_SOURCE_MATCH","canonical_fixture_to_source_match","","","EXPLICIT_CANONICAL_ATTACHMENT_ROUTE","NOT_YET_PROVEN"
"pulselive","match","sample_payload","resources.stats.headers.referrer-policy","fixture","ENTITY","canonical_fixture_to_source_match","TRUE","Canonical fixture resolves to the source match under the documented fixture identity contract.","","","CANONICAL_FIXTURE_TO_SOURCE_MATCH","canonical_fixture_to_source_match","","","EXPLICIT_CANONICAL_ATTACHMENT_ROUTE","NOT_YET_PROVEN"
"pulselive","match","sample_payload","resources.stats.headers.set-cookie","fixture","ENTITY","canonical_fixture_to_source_match","TRUE","Canonical fixture resolves to the source match under the documented fixture identity contract.","","","CANONICAL_FIXTURE_TO_SOURCE_MATCH","canonical_fixture_to_source_match","","","EXPLICIT_CANONICAL_ATTACHMENT_ROUTE","NOT_YET_PROVEN"
"pulselive","match","sample_payload","resources.stats.headers.strict-transport-security","fixture","ENTITY","canonical_fixture_to_source_match","TRUE","Canonical fixture resolves to the source match under the documented fixture identity contract.","","","CANONICAL_FIXTURE_TO_SOURCE_MATCH","canonical_fixture_to_source_match","","","EXPLICIT_CANONICAL_ATTACHMENT_ROUTE","NOT_YET_PROVEN"
"pulselive","match","sample_payload","resources.stats.headers.transfer-encoding","fixture","ENTITY","canonical_fixture_to_source_match","TRUE","Canonical fixture resolves to the source match under the documented fixture identity contract.","","","CANONICAL_FIXTURE_TO_SOURCE_MATCH","canonical_fixture_to_source_match","","","EXPLICIT_CANONICAL_ATTACHMENT_ROUTE","NOT_YET_PROVEN"
"pulselive","match","sample_payload","resources.stats.headers.vary","fixture","ENTITY","canonical_fixture_to_source_match","TRUE","Canonical fixture resolves to the source match under the documented fixture identity contract.","","","CANONICAL_FIXTURE_TO_SOURCE_MATCH","canonical_fixture_to_source_match","","","EXPLICIT_CANONICAL_ATTACHMENT_ROUTE","NOT_YET_PROVEN"
"pulselive","match","sample_payload","resources.stats.headers.via","fixture","ENTITY","canonical_fixture_to_source_match","TRUE","Canonical fixture resolves to the source match under the documented fixture identity contract.","","","CANONICAL_FIXTURE_TO_SOURCE_MATCH","canonical_fixture_to_source_match","","","EXPLICIT_CANONICAL_ATTACHMENT_ROUTE","NOT_YET_PROVEN"
"pulselive","match","sample_payload","resources.stats.headers.x-amz-cf-id","fixture","ENTITY","canonical_fixture_to_source_match","TRUE","Canonical fixture resolves to the source match under the documented fixture identity contract.","","","CANONICAL_FIXTURE_TO_SOURCE_MATCH","canonical_fixture_to_source_match","","","EXPLICIT_CANONICAL_ATTACHMENT_ROUTE","NOT_YET_PROVEN"
"pulselive","match","sample_payload","resources.stats.headers.x-amz-cf-pop","fixture","ENTITY","canonical_fixture_to_source_match","TRUE","Canonical fixture resolves to the source match under the documented fixture identity contract.","","","CANONICAL_FIXTURE_TO_SOURCE_MATCH","canonical_fixture_to_source_match","","","EXPLICIT_CANONICAL_ATTACHMENT_ROUTE","NOT_YET_PROVEN"
"pulselive","match","sample_payload","resources.stats.headers.x-cache","fixture","ENTITY","canonical_fixture_to_source_match","TRUE","Canonical fixture resolves to the source match under the documented fixture identity contract.","","","CANONICAL_FIXTURE_TO_SOURCE_MATCH","canonical_fixture_to_source_match","","","EXPLICIT_CANONICAL_ATTACHMENT_ROUTE","NOT_YET_PROVEN"
"pulselive","match","sample_payload","resources.stats.headers.x-cache-server","fixture","ENTITY","canonical_fixture_to_source_match","TRUE","Canonical fixture resolves to the source match under the documented fixture identity contract.","","","CANONICAL_FIXTURE_TO_SOURCE_MATCH","canonical_fixture_to_source_match","","","EXPLICIT_CANONICAL_ATTACHMENT_ROUTE","NOT_YET_PROVEN"
"pulselive","match","sample_payload","resources.stats.headers.x-cache-status","fixture","ENTITY","canonical_fixture_to_source_match","TRUE","Canonical fixture resolves to the source match under the documented fixture identity contract.","","","CANONICAL_FIXTURE_TO_SOURCE_MATCH","canonical_fixture_to_source_match","","","EXPLICIT_CANONICAL_ATTACHMENT_ROUTE","NOT_YET_PROVEN"
"pulselive","match","sample_payload","resources.stats.headers.x-content-type-options","fixture","ENTITY","canonical_fixture_to_source_match","TRUE","Canonical fixture resolves to the source match under the documented fixture identity contract.","","","CANONICAL_FIXTURE_TO_SOURCE_MATCH","canonical_fixture_to_source_match","","","EXPLICIT_CANONICAL_ATTACHMENT_ROUTE","NOT_YET_PROVEN"
"pulselive","match","sample_payload","resources.stats.headers.x-frame-options","fixture","ENTITY","canonical_fixture_to_source_match","TRUE","Canonical fixture resolves to the source match under the documented fixture identity contract.","","","CANONICAL_FIXTURE_TO_SOURCE_MATCH","canonical_fixture_to_source_match","","","EXPLICIT_CANONICAL_ATTACHMENT_ROUTE","NOT_YET_PROVEN"
"pulselive","match","sample_payload","resources.stats.headers.x-pulse-sdp-endpoint","fixture","ENTITY","canonical_fixture_to_source_match","TRUE","Canonical fixture resolves to the source match under the documented fixture identity contract.","","","CANONICAL_FIXTURE_TO_SOURCE_MATCH","canonical_fixture_to_source_match","","","EXPLICIT_CANONICAL_ATTACHMENT_ROUTE","NOT_YET_PROVEN"
"pulselive","match","sample_payload","resources.stats.headers.x-ratelimit-limit","fixture","ENTITY","canonical_fixture_to_source_match","TRUE","Canonical fixture resolves to the source match under the documented fixture identity contract.","","","CANONICAL_FIXTURE_TO_SOURCE_MATCH","canonical_fixture_to_source_match","","","EXPLICIT_CANONICAL_ATTACHMENT_ROUTE","NOT_YET_PROVEN"
"pulselive","match","sample_payload","resources.stats.headers.x-ratelimit-remaining","fixture","ENTITY","canonical_fixture_to_source_match","TRUE","Canonical fixture resolves to the source match under the documented fixture identity contract.","","","CANONICAL_FIXTURE_TO_SOURCE_MATCH","canonical_fixture_to_source_match","","","EXPLICIT_CANONICAL_ATTACHMENT_ROUTE","NOT_YET_PROVEN"
"pulselive","match","sample_payload","resources.stats.headers.x-ratelimit-reset","fixture","ENTITY","canonical_fixture_to_source_match","TRUE","Canonical fixture resolves to the source match under the documented fixture identity contract.","","","CANONICAL_FIXTURE_TO_SOURCE_MATCH","canonical_fixture_to_source_match","","","EXPLICIT_CANONICAL_ATTACHMENT_ROUTE","NOT_YET_PROVEN"
"pulselive","match","sample_payload","resources.stats.headers.x-request-id","fixture","ENTITY","canonical_fixture_to_source_match","TRUE","Canonical fixture resolves to the source match under the documented fixture identity contract.","","","CANONICAL_FIXTURE_TO_SOURCE_MATCH","canonical_fixture_to_source_match","","","EXPLICIT_CANONICAL_ATTACHMENT_ROUTE","NOT_YET_PROVEN"
"pulselive","match","sample_payload","resources.stats.payload","fixture","ENTITY","canonical_fixture_to_source_match","TRUE","Canonical fixture resolves to the source match under the documented fixture identity contract.","","","CANONICAL_FIXTURE_TO_SOURCE_MATCH","canonical_fixture_to_source_match","","","EXPLICIT_CANONICAL_ATTACHMENT_ROUTE","NOT_YET_PROVEN"
"pulselive","match","sample_payload","resources.stats.payload[].side","fixture","ENTITY","canonical_fixture_to_source_match","TRUE","Canonical fixture resolves to the source match under the documented fixture identity contract.","","","CANONICAL_FIXTURE_TO_SOURCE_MATCH","canonical_fixture_to_source_match","","","EXPLICIT_CANONICAL_ATTACHMENT_ROUTE","NOT_YET_PROVEN"
"pulselive","match","sample_payload","resources.stats.payload[].stats","fixture","ENTITY","canonical_fixture_to_source_match","TRUE","Canonical fixture resolves to the source match under the documented fixture identity contract.","","","CANONICAL_FIXTURE_TO_SOURCE_MATCH","canonical_fixture_to_source_match","","","EXPLICIT_CANONICAL_ATTACHMENT_ROUTE","NOT_YET_PROVEN"
"pulselive","match","sample_payload","resources.stats.payload[].stats.accurateBackZonePass","fixture","ENTITY","canonical_fixture_to_source_match","TRUE","Canonical fixture resolves to the source match under the documented fixture identity contract.","","","CANONICAL_FIXTURE_TO_SOURCE_MATCH","canonical_fixture_to_source_match","","","EXPLICIT_CANONICAL_ATTACHMENT_ROUTE","NOT_YET_PROVEN"
"pulselive","match","sample_payload","resources.stats.payload[].stats.accurateChippedPass","fixture","ENTITY","canonical_fixture_to_source_match","TRUE","Canonical fixture resolves to the source match under the documented fixture identity contract.","","","CANONICAL_FIXTURE_TO_SOURCE_MATCH","canonical_fixture_to_source_match","","","EXPLICIT_CANONICAL_ATTACHMENT_ROUTE","NOT_YET_PROVEN"
"pulselive","match","sample_payload","resources.stats.payload[].stats.accurateCornersIntobox","fixture","ENTITY","canonical_fixture_to_source_match","TRUE","Canonical fixture resolves to the source match under the documented fixture identity contract.","","","CANONICAL_FIXTURE_TO_SOURCE_MATCH","canonical_fixture_to_source_match","","","EXPLICIT_CANONICAL_ATTACHMENT_ROUTE","NOT_YET_PROVEN"
"pulselive","match","sample_payload","resources.stats.payload[].stats.accurateCross","fixture","ENTITY","canonical_fixture_to_source_match","TRUE","Canonical fixture resolves to the source match under the documented fixture identity contract.","","","CANONICAL_FIXTURE_TO_SOURCE_MATCH","canonical_fixture_to_source_match","","","EXPLICIT_CANONICAL_ATTACHMENT_ROUTE","NOT_YET_PROVEN"
"pulselive","match","sample_payload","resources.stats.payload[].stats.accurateCrossNocorner","fixture","ENTITY","canonical_fixture_to_source_match","TRUE","Canonical fixture resolves to the source match under the documented fixture identity contract.","","","CANONICAL_FIXTURE_TO_SOURCE_MATCH","canonical_fixture_to_source_match","","","EXPLICIT_CANONICAL_ATTACHMENT_ROUTE","NOT_YET_PROVEN"
"pulselive","match","sample_payload","resources.stats.payload[].stats.accurateFlickOn","fixture","ENTITY","canonical_fixture_to_source_match","TRUE","Canonical fixture resolves to the source match under the documented fixture identity contract.","","","CANONICAL_FIXTURE_TO_SOURCE_MATCH","canonical_fixture_to_source_match","","","EXPLICIT_CANONICAL_ATTACHMENT_ROUTE","NOT_YET_PROVEN"
"pulselive","match","sample_payload","resources.stats.payload[].stats.accurateFreekickCross","fixture","ENTITY","canonical_fixture_to_source_match","TRUE","Canonical fixture resolves to the source match under the documented fixture identity contract.","","","CANONICAL_FIXTURE_TO_SOURCE_MATCH","canonical_fixture_to_source_match","","","EXPLICIT_CANONICAL_ATTACHMENT_ROUTE","NOT_YET_PROVEN"
"pulselive","match","sample_payload","resources.stats.payload[].stats.accurateFwdZonePass","fixture","ENTITY","canonical_fixture_to_source_match","TRUE","Canonical fixture resolves to the source match under the documented fixture identity contract.","","","CANONICAL_FIXTURE_TO_SOURCE_MATCH","canonical_fixture_to_source_match","","","EXPLICIT_CANONICAL_ATTACHMENT_ROUTE","NOT_YET_PROVEN"
"pulselive","match","sample_payload","resources.stats.payload[].stats.accurateGoalKicks","fixture","ENTITY","canonical_fixture_to_source_match","TRUE","Canonical fixture resolves to the source match under the documented fixture identity contract.","","","CANONICAL_FIXTURE_TO_SOURCE_MATCH","canonical_fixture_to_source_match","","","EXPLICIT_CANONICAL_ATTACHMENT_ROUTE","NOT_YET_PROVEN"
"pulselive","match","sample_payload","resources.stats.payload[].stats.accurateKeeperSweeper","fixture","ENTITY","canonical_fixture_to_source_match","TRUE","Canonical fixture resolves to the source match under the documented fixture identity contract.","","","CANONICAL_FIXTURE_TO_SOURCE_MATCH","canonical_fixture_to_source_match","","","EXPLICIT_CANONICAL_ATTACHMENT_ROUTE","NOT_YET_PROVEN"
"pulselive","match","sample_payload","resources.stats.payload[].stats.accurateKeeperThrows","fixture","ENTITY","canonical_fixture_to_source_match","TRUE","Canonical fixture resolves to the source match under the documented fixture identity contract.","","","CANONICAL_FIXTURE_TO_SOURCE_MATCH","canonical_fixture_to_source_match","","","EXPLICIT_CANONICAL_ATTACHMENT_ROUTE","NOT_YET_PROVEN"
"pulselive","match","sample_payload","resources.stats.payload[].stats.accurateLaunches","fixture","ENTITY","canonical_fixture_to_source_match","TRUE","Canonical fixture resolves to the source match under the documented fixture identity contract.","","","CANONICAL_FIXTURE_TO_SOURCE_MATCH","canonical_fixture_to_source_match","","","EXPLICIT_CANONICAL_ATTACHMENT_ROUTE","NOT_YET_PROVEN"
"pulselive","match","sample_payload","resources.stats.payload[].stats.accurateLayoffs","fixture","ENTITY","canonical_fixture_to_source_match","TRUE","Canonical fixture resolves to the source match under the documented fixture identity contract.","","","CANONICAL_FIXTURE_TO_SOURCE_MATCH","canonical_fixture_to_source_match","","","EXPLICIT_CANONICAL_ATTACHMENT_ROUTE","NOT_YET_PROVEN"
"pulselive","match","sample_payload","resources.stats.payload[].stats.accurateLongBalls","fixture","ENTITY","canonical_fixture_to_source_match","TRUE","Canonical fixture resolves to the source match under the documented fixture identity contract.","","","CANONICAL_FIXTURE_TO_SOURCE_MATCH","canonical_fixture_to_source_match","","","EXPLICIT_CANONICAL_ATTACHMENT_ROUTE","NOT_YET_PROVEN"
"pulselive","match","sample_payload","resources.stats.payload[].stats.accuratePass","fixture","ENTITY","canonical_fixture_to_source_match","TRUE","Canonical fixture resolves to the source match under the documented fixture identity contract.","","","CANONICAL_FIXTURE_TO_SOURCE_MATCH","canonical_fixture_to_source_match","","","EXPLICIT_CANONICAL_ATTACHMENT_ROUTE","NOT_YET_PROVEN"
"pulselive","match","sample_payload","resources.stats.payload[].stats.accuratePullBack","fixture","ENTITY","canonical_fixture_to_source_match","TRUE","Canonical fixture resolves to the source match under the documented fixture identity contract.","","","CANONICAL_FIXTURE_TO_SOURCE_MATCH","canonical_fixture_to_source_match","","","EXPLICIT_CANONICAL_ATTACHMENT_ROUTE","NOT_YET_PROVEN"
"pulselive","match","sample_payload","resources.stats.payload[].stats.accurateThroughBall","fixture","ENTITY","canonical_fixture_to_source_match","TRUE","Canonical fixture resolves to the source match under the documented fixture identity contract.","","","CANONICAL_FIXTURE_TO_SOURCE_MATCH","canonical_fixture_to_source_match","","","EXPLICIT_CANONICAL_ATTACHMENT_ROUTE","NOT_YET_PROVEN"
"pulselive","match","sample_payload","resources.stats.payload[].stats.accurateThrows","fixture","ENTITY","canonical_fixture_to_source_match","TRUE","Canonical fixture resolves to the source match under the documented fixture identity contract.","","","CANONICAL_FIXTURE_TO_SOURCE_MATCH","canonical_fixture_to_source_match","","","EXPLICIT_CANONICAL_ATTACHMENT_ROUTE","NOT_YET_PROVEN"
"pulselive","match","sample_payload","resources.stats.payload[].stats.aerialLost","fixture","ENTITY","canonical_fixture_to_source_match","TRUE","Canonical fixture resolves to the source match under the documented fixture identity contract.","","","CANONICAL_FIXTURE_TO_SOURCE_MATCH","canonical_fixture_to_source_match","","","EXPLICIT_CANONICAL_ATTACHMENT_ROUTE","NOT_YET_PROVEN"
"pulselive","match","sample_payload","resources.stats.payload[].stats.aerialWon","fixture","ENTITY","canonical_fixture_to_source_match","TRUE","Canonical fixture resolves to the source match under the documented fixture identity contract.","","","CANONICAL_FIXTURE_TO_SOURCE_MATCH","canonical_fixture_to_source_match","","","EXPLICIT_CANONICAL_ATTACHMENT_ROUTE","NOT_YET_PROVEN"
"pulselive","match","sample_payload","resources.stats.payload[].stats.attAssistOpenplay","fixture","ENTITY","canonical_fixture_to_source_match","TRUE","Canonical fixture resolves to the source match under the documented fixture identity contract.","","","CANONICAL_FIXTURE_TO_SOURCE_MATCH","canonical_fixture_to_source_match","","","EXPLICIT_CANONICAL_ATTACHMENT_ROUTE","NOT_YET_PROVEN"
"pulselive","match","sample_payload","resources.stats.payload[].stats.attAssistSetplay","fixture","ENTITY","canonical_fixture_to_source_match","TRUE","Canonical fixture resolves to the source match under the documented fixture identity contract.","","","CANONICAL_FIXTURE_TO_SOURCE_MATCH","canonical_fixture_to_source_match","","","EXPLICIT_CANONICAL_ATTACHMENT_ROUTE","NOT_YET_PROVEN"
"pulselive","match","sample_payload","resources.stats.payload[].stats.attBxCentre","fixture","ENTITY","canonical_fixture_to_source_match","TRUE","Canonical fixture resolves to the source match under the documented fixture identity contract.","","","CANONICAL_FIXTURE_TO_SOURCE_MATCH","canonical_fixture_to_source_match","","","EXPLICIT_CANONICAL_ATTACHMENT_ROUTE","NOT_YET_PROVEN"
"pulselive","match","sample_payload","resources.stats.payload[].stats.attBxLeft","fixture","ENTITY","canonical_fixture_to_source_match","TRUE","Canonical fixture resolves to the source match under the documented fixture identity contract.","","","CANONICAL_FIXTURE_TO_SOURCE_MATCH","canonical_fixture_to_source_match","","","EXPLICIT_CANONICAL_ATTACHMENT_ROUTE","NOT_YET_PROVEN"
"pulselive","match","sample_payload","resources.stats.payload[].stats.attBxRight","fixture","ENTITY","canonical_fixture_to_source_match","TRUE","Canonical fixture resolves to the source match under the documented fixture identity contract.","","","CANONICAL_FIXTURE_TO_SOURCE_MATCH","canonical_fixture_to_source_match","","","EXPLICIT_CANONICAL_ATTACHMENT_ROUTE","NOT_YET_PROVEN"
"pulselive","match","sample_payload","resources.stats.payload[].stats.attCmissHigh","fixture","ENTITY","canonical_fixture_to_source_match","TRUE","Canonical fixture resolves to the source match under the documented fixture identity contract.","","","CANONICAL_FIXTURE_TO_SOURCE_MATCH","canonical_fixture_to_source_match","","","EXPLICIT_CANONICAL_ATTACHMENT_ROUTE","NOT_YET_PROVEN"
"pulselive","match","sample_payload","resources.stats.payload[].stats.attCmissHighRight","fixture","ENTITY","canonical_fixture_to_source_match","TRUE","Canonical fixture resolves to the source match under the documented fixture identity contract.","","","CANONICAL_FIXTURE_TO_SOURCE_MATCH","canonical_fixture_to_source_match","","","EXPLICIT_CANONICAL_ATTACHMENT_ROUTE","NOT_YET_PROVEN"
"pulselive","match","sample_payload","resources.stats.payload[].stats.attCmissLeft","fixture","ENTITY","canonical_fixture_to_source_match","TRUE","Canonical fixture resolves to the source match under the documented fixture identity contract.","","","CANONICAL_FIXTURE_TO_SOURCE_MATCH","canonical_fixture_to_source_match","","","EXPLICIT_CANONICAL_ATTACHMENT_ROUTE","NOT_YET_PROVEN"
"pulselive","match","sample_payload","resources.stats.payload[].stats.attCmissRight","fixture","ENTITY","canonical_fixture_to_source_match","TRUE","Canonical fixture resolves to the source match under the documented fixture identity contract.","","","CANONICAL_FIXTURE_TO_SOURCE_MATCH","canonical_fixture_to_source_match","","","EXPLICIT_CANONICAL_ATTACHMENT_ROUTE","NOT_YET_PROVEN"
"pulselive","match","sample_payload","resources.stats.payload[].stats.attCorner","fixture","ENTITY","canonical_fixture_to_source_match","TRUE","Canonical fixture resolves to the source match under the documented fixture identity contract.","","","CANONICAL_FIXTURE_TO_SOURCE_MATCH","canonical_fixture_to_source_match","","","EXPLICIT_CANONICAL_ATTACHMENT_ROUTE","NOT_YET_PROVEN"
"pulselive","match","sample_payload","resources.stats.payload[].stats.attFreekickGoal","fixture","ENTITY","canonical_fixture_to_source_match","TRUE","Canonical fixture resolves to the source match under the documented fixture identity contract.","","","CANONICAL_FIXTURE_TO_SOURCE_MATCH","canonical_fixture_to_source_match","","","EXPLICIT_CANONICAL_ATTACHMENT_ROUTE","NOT_YET_PROVEN"
"pulselive","match","sample_payload","resources.stats.payload[].stats.attFreekickMiss","fixture","ENTITY","canonical_fixture_to_source_match","TRUE","Canonical fixture resolves to the source match under the documented fixture identity contract.","","","CANONICAL_FIXTURE_TO_SOURCE_MATCH","canonical_fixture_to_source_match","","","EXPLICIT_CANONICAL_ATTACHMENT_ROUTE","NOT_YET_PROVEN"
"pulselive","match","sample_payload","resources.stats.payload[].stats.attFreekickTarget","fixture","ENTITY","canonical_fixture_to_source_match","TRUE","Canonical fixture resolves to the source match under the documented fixture identity contract.","","","CANONICAL_FIXTURE_TO_SOURCE_MATCH","canonical_fixture_to_source_match","","","EXPLICIT_CANONICAL_ATTACHMENT_ROUTE","NOT_YET_PROVEN"
"pulselive","match","sample_payload","resources.stats.payload[].stats.attFreekickTotal","fixture","ENTITY","canonical_fixture_to_source_match","TRUE","Canonical fixture resolves to the source match under the documented fixture identity contract.","","","CANONICAL_FIXTURE_TO_SOURCE_MATCH","canonical_fixture_to_source_match","","","EXPLICIT_CANONICAL_ATTACHMENT_ROUTE","NOT_YET_PROVEN"
"pulselive","match","sample_payload","resources.stats.payload[].stats.attGoalLowCentre","fixture","ENTITY","canonical_fixture_to_source_match","TRUE","Canonical fixture resolves to the source match under the documented fixture identity contract.","","","CANONICAL_FIXTURE_TO_SOURCE_MATCH","canonical_fixture_to_source_match","","","EXPLICIT_CANONICAL_ATTACHMENT_ROUTE","NOT_YET_PROVEN"
"pulselive","match","sample_payload","resources.stats.payload[].stats.attGoalLowLeft","fixture","ENTITY","canonical_fixture_to_source_match","TRUE","Canonical fixture resolves to the source match under the documented fixture identity contract.","","","CANONICAL_FIXTURE_TO_SOURCE_MATCH","canonical_fixture_to_source_match","","","EXPLICIT_CANONICAL_ATTACHMENT_ROUTE","NOT_YET_PROVEN"
"pulselive","match","sample_payload","resources.stats.payload[].stats.attGoalLowRight","fixture","ENTITY","canonical_fixture_to_source_match","TRUE","Canonical fixture resolves to the source match under the documented fixture identity contract.","","","CANONICAL_FIXTURE_TO_SOURCE_MATCH","canonical_fixture_to_source_match","","","EXPLICIT_CANONICAL_ATTACHMENT_ROUTE","NOT_YET_PROVEN"
"pulselive","match","sample_payload","resources.stats.payload[].stats.attHdMiss","fixture","ENTITY","canonical_fixture_to_source_match","TRUE","Canonical fixture resolves to the source match under the documented fixture identity contract.","","","CANONICAL_FIXTURE_TO_SOURCE_MATCH","canonical_fixture_to_source_match","","","EXPLICIT_CANONICAL_ATTACHMENT_ROUTE","NOT_YET_PROVEN"
"pulselive","match","sample_payload","resources.stats.payload[].stats.attHdTarget","fixture","ENTITY","canonical_fixture_to_source_match","TRUE","Canonical fixture resolves to the source match under the documented fixture identity contract.","","","CANONICAL_FIXTURE_TO_SOURCE_MATCH","canonical_fixture_to_source_match","","","EXPLICIT_CANONICAL_ATTACHMENT_ROUTE","NOT_YET_PROVEN"
"pulselive","match","sample_payload","resources.stats.payload[].stats.attHdTotal","fixture","ENTITY","canonical_fixture_to_source_match","TRUE","Canonical fixture resolves to the source match under the documented fixture identity contract.","","","CANONICAL_FIXTURE_TO_SOURCE_MATCH","canonical_fixture_to_source_match","","","EXPLICIT_CANONICAL_ATTACHMENT_ROUTE","NOT_YET_PROVEN"
"pulselive","match","sample_payload","resources.stats.payload[].stats.attIboxBlocked","fixture","ENTITY","canonical_fixture_to_source_match","TRUE","Canonical fixture resolves to the source match under the documented fixture identity contract.","","","CANONICAL_FIXTURE_TO_SOURCE_MATCH","canonical_fixture_to_source_match","","","EXPLICIT_CANONICAL_ATTACHMENT_ROUTE","NOT_YET_PROVEN"
"pulselive","match","sample_payload","resources.stats.payload[].stats.attIboxGoal","fixture","ENTITY","canonical_fixture_to_source_match","TRUE","Canonical fixture resolves to the source match under the documented fixture identity contract.","","","CANONICAL_FIXTURE_TO_SOURCE_MATCH","canonical_fixture_to_source_match","","","EXPLICIT_CANONICAL_ATTACHMENT_ROUTE","NOT_YET_PROVEN"
"pulselive","match","sample_payload","resources.stats.payload[].stats.attIboxMiss","fixture","ENTITY","canonical_fixture_to_source_match","TRUE","Canonical fixture resolves to the source match under the documented fixture identity contract.","","","CANONICAL_FIXTURE_TO_SOURCE_MATCH","canonical_fixture_to_source_match","","","EXPLICIT_CANONICAL_ATTACHMENT_ROUTE","NOT_YET_PROVEN"
"pulselive","match","sample_payload","resources.stats.payload[].stats.attIboxTarget","fixture","ENTITY","canonical_fixture_to_source_match","TRUE","Canonical fixture resolves to the source match under the documented fixture identity contract.","","","CANONICAL_FIXTURE_TO_SOURCE_MATCH","canonical_fixture_to_source_match","","","EXPLICIT_CANONICAL_ATTACHMENT_ROUTE","NOT_YET_PROVEN"
"pulselive","match","sample_payload","resources.stats.payload[].stats.attLfGoal","fixture","ENTITY","canonical_fixture_to_source_match","TRUE","Canonical fixture resolves to the source match under the documented fixture identity contract.","","","CANONICAL_FIXTURE_TO_SOURCE_MATCH","canonical_fixture_to_source_match","","","EXPLICIT_CANONICAL_ATTACHMENT_ROUTE","NOT_YET_PROVEN"
"pulselive","match","sample_payload","resources.stats.payload[].stats.attLfTarget","fixture","ENTITY","canonical_fixture_to_source_match","TRUE","Canonical fixture resolves to the source match under the documented fixture identity contract.","","","CANONICAL_FIXTURE_TO_SOURCE_MATCH","canonical_fixture_to_source_match","","","EXPLICIT_CANONICAL_ATTACHMENT_ROUTE","NOT_YET_PROVEN"
"pulselive","match","sample_payload","resources.stats.payload[].stats.attLfTotal","fixture","ENTITY","canonical_fixture_to_source_match","TRUE","Canonical fixture resolves to the source match under the documented fixture identity contract.","","","CANONICAL_FIXTURE_TO_SOURCE_MATCH","canonical_fixture_to_source_match","","","EXPLICIT_CANONICAL_ATTACHMENT_ROUTE","NOT_YET_PROVEN"
"pulselive","match","sample_payload","resources.stats.payload[].stats.attMissHigh","fixture","ENTITY","canonical_fixture_to_source_match","TRUE","Canonical fixture resolves to the source match under the documented fixture identity contract.","","","CANONICAL_FIXTURE_TO_SOURCE_MATCH","canonical_fixture_to_source_match","","","EXPLICIT_CANONICAL_ATTACHMENT_ROUTE","NOT_YET_PROVEN"
"pulselive","match","sample_payload","resources.stats.payload[].stats.attMissHighLeft","fixture","ENTITY","canonical_fixture_to_source_match","TRUE","Canonical fixture resolves to the source match under the documented fixture identity contract.","","","CANONICAL_FIXTURE_TO_SOURCE_MATCH","canonical_fixture_to_source_match","","","EXPLICIT_CANONICAL_ATTACHMENT_ROUTE","NOT_YET_PROVEN"
"pulselive","match","sample_payload","resources.stats.payload[].stats.attMissHighRight","fixture","ENTITY","canonical_fixture_to_source_match","TRUE","Canonical fixture resolves to the source match under the documented fixture identity contract.","","","CANONICAL_FIXTURE_TO_SOURCE_MATCH","canonical_fixture_to_source_match","","","EXPLICIT_CANONICAL_ATTACHMENT_ROUTE","NOT_YET_PROVEN"
"pulselive","match","sample_payload","resources.stats.payload[].stats.attMissLeft","fixture","ENTITY","canonical_fixture_to_source_match","TRUE","Canonical fixture resolves to the source match under the documented fixture identity contract.","","","CANONICAL_FIXTURE_TO_SOURCE_MATCH","canonical_fixture_to_source_match","","","EXPLICIT_CANONICAL_ATTACHMENT_ROUTE","NOT_YET_PROVEN"
"pulselive","match","sample_payload","resources.stats.payload[].stats.attMissRight","fixture","ENTITY","canonical_fixture_to_source_match","TRUE","Canonical fixture resolves to the source match under the documented fixture identity contract.","","","CANONICAL_FIXTURE_TO_SOURCE_MATCH","canonical_fixture_to_source_match","","","EXPLICIT_CANONICAL_ATTACHMENT_ROUTE","NOT_YET_PROVEN"
"pulselive","match","sample_payload","resources.stats.payload[].stats.attOboxBlocked","fixture","ENTITY","canonical_fixture_to_source_match","TRUE","Canonical fixture resolves to the source match under the documented fixture identity contract.","","","CANONICAL_FIXTURE_TO_SOURCE_MATCH","canonical_fixture_to_source_match","","","EXPLICIT_CANONICAL_ATTACHMENT_ROUTE","NOT_YET_PROVEN"
"pulselive","match","sample_payload","resources.stats.payload[].stats.attOboxGoal","fixture","ENTITY","canonical_fixture_to_source_match","TRUE","Canonical fixture resolves to the source match under the documented fixture identity contract.","","","CANONICAL_FIXTURE_TO_SOURCE_MATCH","canonical_fixture_to_source_match","","","EXPLICIT_CANONICAL_ATTACHMENT_ROUTE","NOT_YET_PROVEN"
"pulselive","match","sample_payload","resources.stats.payload[].stats.attOboxMiss","fixture","ENTITY","canonical_fixture_to_source_match","TRUE","Canonical fixture resolves to the source match under the documented fixture identity contract.","","","CANONICAL_FIXTURE_TO_SOURCE_MATCH","canonical_fixture_to_source_match","","","EXPLICIT_CANONICAL_ATTACHMENT_ROUTE","NOT_YET_PROVEN"
"pulselive","match","sample_payload","resources.stats.payload[].stats.attOboxTarget","fixture","ENTITY","canonical_fixture_to_source_match","TRUE","Canonical fixture resolves to the source match under the documented fixture identity contract.","","","CANONICAL_FIXTURE_TO_SOURCE_MATCH","canonical_fixture_to_source_match","","","EXPLICIT_CANONICAL_ATTACHMENT_ROUTE","NOT_YET_PROVEN"
"pulselive","match","sample_payload","resources.stats.payload[].stats.attObxCentre","fixture","ENTITY","canonical_fixture_to_source_match","TRUE","Canonical fixture resolves to the source match under the documented fixture identity contract.","","","CANONICAL_FIXTURE_TO_SOURCE_MATCH","canonical_fixture_to_source_match","","","EXPLICIT_CANONICAL_ATTACHMENT_ROUTE","NOT_YET_PROVEN"
"pulselive","match","sample_payload","resources.stats.payload[].stats.attObxLeft","fixture","ENTITY","canonical_fixture_to_source_match","TRUE","Canonical fixture resolves to the source match under the documented fixture identity contract.","","","CANONICAL_FIXTURE_TO_SOURCE_MATCH","canonical_fixture_to_source_match","","","EXPLICIT_CANONICAL_ATTACHMENT_ROUTE","NOT_YET_PROVEN"
"pulselive","match","sample_payload","resources.stats.payload[].stats.attObxdLeft","fixture","ENTITY","canonical_fixture_to_source_match","TRUE","Canonical fixture resolves to the source match under the documented fixture identity contract.","","","CANONICAL_FIXTURE_TO_SOURCE_MATCH","canonical_fixture_to_source_match","","","EXPLICIT_CANONICAL_ATTACHMENT_ROUTE","NOT_YET_PROVEN"
"pulselive","match","sample_payload","resources.stats.payload[].stats.attOneOnOne","fixture","ENTITY","canonical_fixture_to_source_match","TRUE","Canonical fixture resolves to the source match under the documented fixture identity contract.","","","CANONICAL_FIXTURE_TO_SOURCE_MATCH","canonical_fixture_to_source_match","","","EXPLICIT_CANONICAL_ATTACHMENT_ROUTE","NOT_YET_PROVEN"
"pulselive","match","sample_payload","resources.stats.payload[].stats.attOpenplay","fixture","ENTITY","canonical_fixture_to_source_match","TRUE","Canonical fixture resolves to the source match under the documented fixture identity contract.","","","CANONICAL_FIXTURE_TO_SOURCE_MATCH","canonical_fixture_to_source_match","","","EXPLICIT_CANONICAL_ATTACHMENT_ROUTE","NOT_YET_PROVEN"
"pulselive","match","sample_payload","resources.stats.payload[].stats.attPenGoal","fixture","ENTITY","canonical_fixture_to_source_match","TRUE","Canonical fixture resolves to the source match under the documented fixture identity contract.","","","CANONICAL_FIXTURE_TO_SOURCE_MATCH","canonical_fixture_to_source_match","","","EXPLICIT_CANONICAL_ATTACHMENT_ROUTE","NOT_YET_PROVEN"
"pulselive","match","sample_payload","resources.stats.payload[].stats.attRfGoal","fixture","ENTITY","canonical_fixture_to_source_match","TRUE","Canonical fixture resolves to the source match under the documented fixture identity contract.","","","CANONICAL_FIXTURE_TO_SOURCE_MATCH","canonical_fixture_to_source_match","","","EXPLICIT_CANONICAL_ATTACHMENT_ROUTE","NOT_YET_PROVEN"
"pulselive","match","sample_payload","resources.stats.payload[].stats.attRfTarget","fixture","ENTITY","canonical_fixture_to_source_match","TRUE","Canonical fixture resolves to the source match under the documented fixture identity contract.","","","CANONICAL_FIXTURE_TO_SOURCE_MATCH","canonical_fixture_to_source_match","","","EXPLICIT_CANONICAL_ATTACHMENT_ROUTE","NOT_YET_PROVEN"
"pulselive","match","sample_payload","resources.stats.payload[].stats.attRfTotal","fixture","ENTITY","canonical_fixture_to_source_match","TRUE","Canonical fixture resolves to the source match under the documented fixture identity contract.","","","CANONICAL_FIXTURE_TO_SOURCE_MATCH","canonical_fixture_to_source_match","","","EXPLICIT_CANONICAL_ATTACHMENT_ROUTE","NOT_YET_PROVEN"
"pulselive","match","sample_payload","resources.stats.payload[].stats.attSetpiece","fixture","ENTITY","canonical_fixture_to_source_match","TRUE","Canonical fixture resolves to the source match under the documented fixture identity contract.","","","CANONICAL_FIXTURE_TO_SOURCE_MATCH","canonical_fixture_to_source_match","","","EXPLICIT_CANONICAL_ATTACHMENT_ROUTE","NOT_YET_PROVEN"
"pulselive","match","sample_payload","resources.stats.payload[].stats.attSvHighCentre","fixture","ENTITY","canonical_fixture_to_source_match","TRUE","Canonical fixture resolves to the source match under the documented fixture identity contract.","","","CANONICAL_FIXTURE_TO_SOURCE_MATCH","canonical_fixture_to_source_match","","","EXPLICIT_CANONICAL_ATTACHMENT_ROUTE","NOT_YET_PROVEN"
"pulselive","match","sample_payload","resources.stats.payload[].stats.attSvHighLeft","fixture","ENTITY","canonical_fixture_to_source_match","TRUE","Canonical fixture resolves to the source match under the documented fixture identity contract.","","","CANONICAL_FIXTURE_TO_SOURCE_MATCH","canonical_fixture_to_source_match","","","EXPLICIT_CANONICAL_ATTACHMENT_ROUTE","NOT_YET_PROVEN"
"pulselive","match","sample_payload","resources.stats.payload[].stats.attSvHighRight","fixture","ENTITY","canonical_fixture_to_source_match","TRUE","Canonical fixture resolves to the source match under the documented fixture identity contract.","","","CANONICAL_FIXTURE_TO_SOURCE_MATCH","canonical_fixture_to_source_match","","","EXPLICIT_CANONICAL_ATTACHMENT_ROUTE","NOT_YET_PROVEN"
"pulselive","match","sample_payload","resources.stats.payload[].stats.attSvLowCentre","fixture","ENTITY","canonical_fixture_to_source_match","TRUE","Canonical fixture resolves to the source match under the documented fixture identity contract.","","","CANONICAL_FIXTURE_TO_SOURCE_MATCH","canonical_fixture_to_source_match","","","EXPLICIT_CANONICAL_ATTACHMENT_ROUTE","NOT_YET_PROVEN"
"pulselive","match","sample_payload","resources.stats.payload[].stats.attSvLowLeft","fixture","ENTITY","canonical_fixture_to_source_match","TRUE","Canonical fixture resolves to the source match under the documented fixture identity contract.","","","CANONICAL_FIXTURE_TO_SOURCE_MATCH","canonical_fixture_to_source_match","","","EXPLICIT_CANONICAL_ATTACHMENT_ROUTE","NOT_YET_PROVEN"
"pulselive","match","sample_payload","resources.stats.payload[].stats.attSvLowRight","fixture","ENTITY","canonical_fixture_to_source_match","TRUE","Canonical fixture resolves to the source match under the documented fixture identity contract.","","","CANONICAL_FIXTURE_TO_SOURCE_MATCH","canonical_fixture_to_source_match","","","EXPLICIT_CANONICAL_ATTACHMENT_ROUTE","NOT_YET_PROVEN"
"pulselive","match","sample_payload","resources.stats.payload[].stats.attemptedTackleFoul","fixture","ENTITY","canonical_fixture_to_source_match","TRUE","Canonical fixture resolves to the source match under the documented fixture identity contract.","","","CANONICAL_FIXTURE_TO_SOURCE_MATCH","canonical_fixture_to_source_match","","","EXPLICIT_CANONICAL_ATTACHMENT_ROUTE","NOT_YET_PROVEN"
"pulselive","match","sample_payload","resources.stats.payload[].stats.attemptsConcededIbox","fixture","ENTITY","canonical_fixture_to_source_match","TRUE","Canonical fixture resolves to the source match under the documented fixture identity contract.","","","CANONICAL_FIXTURE_TO_SOURCE_MATCH","canonical_fixture_to_source_match","","","EXPLICIT_CANONICAL_ATTACHMENT_ROUTE","NOT_YET_PROVEN"
"pulselive","match","sample_payload","resources.stats.payload[].stats.attemptsConcededObox","fixture","ENTITY","canonical_fixture_to_source_match","TRUE","Canonical fixture resolves to the source match under the documented fixture identity contract.","","","CANONICAL_FIXTURE_TO_SOURCE_MATCH","canonical_fixture_to_source_match","","","EXPLICIT_CANONICAL_ATTACHMENT_ROUTE","NOT_YET_PROVEN"
"pulselive","match","sample_payload","resources.stats.payload[].stats.attemptsIbox","fixture","ENTITY","canonical_fixture_to_source_match","TRUE","Canonical fixture resolves to the source match under the documented fixture identity contract.","","","CANONICAL_FIXTURE_TO_SOURCE_MATCH","canonical_fixture_to_source_match","","","EXPLICIT_CANONICAL_ATTACHMENT_ROUTE","NOT_YET_PROVEN"
"pulselive","match","sample_payload","resources.stats.payload[].stats.attemptsObox","fixture","ENTITY","canonical_fixture_to_source_match","TRUE","Canonical fixture resolves to the source match under the documented fixture identity contract.","","","CANONICAL_FIXTURE_TO_SOURCE_MATCH","canonical_fixture_to_source_match","","","EXPLICIT_CANONICAL_ATTACHMENT_ROUTE","NOT_YET_PROVEN"
"pulselive","match","sample_payload","resources.stats.payload[].stats.backwardPass","fixture","ENTITY","canonical_fixture_to_source_match","TRUE","Canonical fixture resolves to the source match under the documented fixture identity contract.","","","CANONICAL_FIXTURE_TO_SOURCE_MATCH","canonical_fixture_to_source_match","","","EXPLICIT_CANONICAL_ATTACHMENT_ROUTE","NOT_YET_PROVEN"
"pulselive","match","sample_payload","resources.stats.payload[].stats.ballRecovery","fixture","ENTITY","canonical_fixture_to_source_match","TRUE","Canonical fixture resolves to the source match under the documented fixture identity contract.","","","CANONICAL_FIXTURE_TO_SOURCE_MATCH","canonical_fixture_to_source_match","","","EXPLICIT_CANONICAL_ATTACHMENT_ROUTE","NOT_YET_PROVEN"
"pulselive","match","sample_payload","resources.stats.payload[].stats.bigChanceCreated","fixture","ENTITY","canonical_fixture_to_source_match","TRUE","Canonical fixture resolves to the source match under the documented fixture identity contract.","","","CANONICAL_FIXTURE_TO_SOURCE_MATCH","canonical_fixture_to_source_match","","","EXPLICIT_CANONICAL_ATTACHMENT_ROUTE","NOT_YET_PROVEN"
"pulselive","match","sample_payload","resources.stats.payload[].stats.bigChanceMissed","fixture","ENTITY","canonical_fixture_to_source_match","TRUE","Canonical fixture resolves to the source match under the documented fixture identity contract.","","","CANONICAL_FIXTURE_TO_SOURCE_MATCH","canonical_fixture_to_source_match","","","EXPLICIT_CANONICAL_ATTACHMENT_ROUTE","NOT_YET_PROVEN"
"pulselive","match","sample_payload","resources.stats.payload[].stats.bigChanceScored","fixture","ENTITY","canonical_fixture_to_source_match","TRUE","Canonical fixture resolves to the source match under the documented fixture identity contract.","","","CANONICAL_FIXTURE_TO_SOURCE_MATCH","canonical_fixture_to_source_match","","","EXPLICIT_CANONICAL_ATTACHMENT_ROUTE","NOT_YET_PROVEN"
"pulselive","match","sample_payload","resources.stats.payload[].stats.blockedCross","fixture","ENTITY","canonical_fixture_to_source_match","TRUE","Canonical fixture resolves to the source match under the documented fixture identity contract.","","","CANONICAL_FIXTURE_TO_SOURCE_MATCH","canonical_fixture_to_source_match","","","EXPLICIT_CANONICAL_ATTACHMENT_ROUTE","NOT_YET_PROVEN"
"pulselive","match","sample_payload","resources.stats.payload[].stats.blockedPass","fixture","ENTITY","canonical_fixture_to_source_match","TRUE","Canonical fixture resolves to the source match under the documented fixture identity contract.","","","CANONICAL_FIXTURE_TO_SOURCE_MATCH","canonical_fixture_to_source_match","","","EXPLICIT_CANONICAL_ATTACHMENT_ROUTE","NOT_YET_PROVEN"
"pulselive","match","sample_payload","resources.stats.payload[].stats.blockedScoringAtt","fixture","ENTITY","canonical_fixture_to_source_match","TRUE","Canonical fixture resolves to the source match under the documented fixture identity contract.","","","CANONICAL_FIXTURE_TO_SOURCE_MATCH","canonical_fixture_to_source_match","","","EXPLICIT_CANONICAL_ATTACHMENT_ROUTE","NOT_YET_PROVEN"
"pulselive","match","sample_payload","resources.stats.payload[].stats.challengeLost","fixture","ENTITY","canonical_fixture_to_source_match","TRUE","Canonical fixture resolves to the source match under the documented fixture identity contract.","","","CANONICAL_FIXTURE_TO_SOURCE_MATCH","canonical_fixture_to_source_match","","","EXPLICIT_CANONICAL_ATTACHMENT_ROUTE","NOT_YET_PROVEN"
"pulselive","match","sample_payload","resources.stats.payload[].stats.cleanSheet","fixture","ENTITY","canonical_fixture_to_source_match","TRUE","Canonical fixture resolves to the source match under the documented fixture identity contract.","","","CANONICAL_FIXTURE_TO_SOURCE_MATCH","canonical_fixture_to_source_match","","","EXPLICIT_CANONICAL_ATTACHMENT_ROUTE","NOT_YET_PROVEN"
"pulselive","match","sample_payload","resources.stats.payload[].stats.cornerTaken","fixture","ENTITY","canonical_fixture_to_source_match","TRUE","Canonical fixture resolves to the source match under the documented fixture identity contract.","","","CANONICAL_FIXTURE_TO_SOURCE_MATCH","canonical_fixture_to_source_match","","","EXPLICIT_CANONICAL_ATTACHMENT_ROUTE","NOT_YET_PROVEN"
"pulselive","match","sample_payload","resources.stats.payload[].stats.crosses18yard","fixture","ENTITY","canonical_fixture_to_source_match","TRUE","Canonical fixture resolves to the source match under the documented fixture identity contract.","","","CANONICAL_FIXTURE_TO_SOURCE_MATCH","canonical_fixture_to_source_match","","","EXPLICIT_CANONICAL_ATTACHMENT_ROUTE","NOT_YET_PROVEN"
"pulselive","match","sample_payload","resources.stats.payload[].stats.crosses18yardplus","fixture","ENTITY","canonical_fixture_to_source_match","TRUE","Canonical fixture resolves to the source match under the documented fixture identity contract.","","","CANONICAL_FIXTURE_TO_SOURCE_MATCH","canonical_fixture_to_source_match","","","EXPLICIT_CANONICAL_ATTACHMENT_ROUTE","NOT_YET_PROVEN"
"pulselive","match","sample_payload","resources.stats.payload[].stats.dispossessed","fixture","ENTITY","canonical_fixture_to_source_match","TRUE","Canonical fixture resolves to the source match under the documented fixture identity contract.","","","CANONICAL_FIXTURE_TO_SOURCE_MATCH","canonical_fixture_to_source_match","","","EXPLICIT_CANONICAL_ATTACHMENT_ROUTE","NOT_YET_PROVEN"
"pulselive","match","sample_payload","resources.stats.payload[].stats.divingSave","fixture","ENTITY","canonical_fixture_to_source_match","TRUE","Canonical fixture resolves to the source match under the documented fixture identity contract.","","","CANONICAL_FIXTURE_TO_SOURCE_MATCH","canonical_fixture_to_source_match","","","EXPLICIT_CANONICAL_ATTACHMENT_ROUTE","NOT_YET_PROVEN"
"pulselive","match","sample_payload","resources.stats.payload[].stats.duelLost","fixture","ENTITY","canonical_fixture_to_source_match","TRUE","Canonical fixture resolves to the source match under the documented fixture identity contract.","","","CANONICAL_FIXTURE_TO_SOURCE_MATCH","canonical_fixture_to_source_match","","","EXPLICIT_CANONICAL_ATTACHMENT_ROUTE","NOT_YET_PROVEN"
"pulselive","match","sample_payload","resources.stats.payload[].stats.duelWon","fixture","ENTITY","canonical_fixture_to_source_match","TRUE","Canonical fixture resolves to the source match under the documented fixture identity contract.","","","CANONICAL_FIXTURE_TO_SOURCE_MATCH","canonical_fixture_to_source_match","","","EXPLICIT_CANONICAL_ATTACHMENT_ROUTE","NOT_YET_PROVEN"
"pulselive","match","sample_payload","resources.stats.payload[].stats.effectiveBlockedCross","fixture","ENTITY","canonical_fixture_to_source_match","TRUE","Canonical fixture resolves to the source match under the documented fixture identity contract.","","","CANONICAL_FIXTURE_TO_SOURCE_MATCH","canonical_fixture_to_source_match","","","EXPLICIT_CANONICAL_ATTACHMENT_ROUTE","NOT_YET_PROVEN"
"pulselive","match","sample_payload","resources.stats.payload[].stats.effectiveClearance","fixture","ENTITY","canonical_fixture_to_source_match","TRUE","Canonical fixture resolves to the source match under the documented fixture identity contract.","","","CANONICAL_FIXTURE_TO_SOURCE_MATCH","canonical_fixture_to_source_match","","","EXPLICIT_CANONICAL_ATTACHMENT_ROUTE","NOT_YET_PROVEN"
"pulselive","match","sample_payload","resources.stats.payload[].stats.effectiveHeadClearance","fixture","ENTITY","canonical_fixture_to_source_match","TRUE","Canonical fixture resolves to the source match under the documented fixture identity contract.","","","CANONICAL_FIXTURE_TO_SOURCE_MATCH","canonical_fixture_to_source_match","","","EXPLICIT_CANONICAL_ATTACHMENT_ROUTE","NOT_YET_PROVEN"
"pulselive","match","sample_payload","resources.stats.payload[].stats.errorLeadToShot","fixture","ENTITY","canonical_fixture_to_source_match","TRUE","Canonical fixture resolves to the source match under the documented fixture identity contract.","","","CANONICAL_FIXTURE_TO_SOURCE_MATCH","canonical_fixture_to_source_match","","","EXPLICIT_CANONICAL_ATTACHMENT_ROUTE","NOT_YET_PROVEN"
"pulselive","match","sample_payload","resources.stats.payload[].stats.fastestPlayer","fixture","ENTITY","canonical_fixture_to_source_match","TRUE","Canonical fixture resolves to the source match under the documented fixture identity contract.","","","CANONICAL_FIXTURE_TO_SOURCE_MATCH","canonical_fixture_to_source_match","","","EXPLICIT_CANONICAL_ATTACHMENT_ROUTE","NOT_YET_PROVEN"
"pulselive","match","sample_payload","resources.stats.payload[].stats.fastestPlayer.playerId","fixture","ENTITY","canonical_fixture_to_source_match","TRUE","Canonical fixture resolves to the source match under the documented fixture identity contract.","","","CANONICAL_FIXTURE_TO_SOURCE_MATCH","canonical_fixture_to_source_match","","","EXPLICIT_CANONICAL_ATTACHMENT_ROUTE","NOT_YET_PROVEN"
"pulselive","match","sample_payload","resources.stats.payload[].stats.finalThirdEntries","fixture","ENTITY","canonical_fixture_to_source_match","TRUE","Canonical fixture resolves to the source match under the documented fixture identity contract.","","","CANONICAL_FIXTURE_TO_SOURCE_MATCH","canonical_fixture_to_source_match","","","EXPLICIT_CANONICAL_ATTACHMENT_ROUTE","NOT_YET_PROVEN"
"pulselive","match","sample_payload","resources.stats.payload[].stats.fkFoulLost","fixture","ENTITY","canonical_fixture_to_source_match","TRUE","Canonical fixture resolves to the source match under the documented fixture identity contract.","","","CANONICAL_FIXTURE_TO_SOURCE_MATCH","canonical_fixture_to_source_match","","","EXPLICIT_CANONICAL_ATTACHMENT_ROUTE","NOT_YET_PROVEN"
"pulselive","match","sample_payload","resources.stats.payload[].stats.fkFoulWon","fixture","ENTITY","canonical_fixture_to_source_match","TRUE","Canonical fixture resolves to the source match under the documented fixture identity contract.","","","CANONICAL_FIXTURE_TO_SOURCE_MATCH","canonical_fixture_to_source_match","","","EXPLICIT_CANONICAL_ATTACHMENT_ROUTE","NOT_YET_PROVEN"
"pulselive","match","sample_payload","resources.stats.payload[].stats.forwardGoals","fixture","ENTITY","canonical_fixture_to_source_match","TRUE","Canonical fixture resolves to the source match under the documented fixture identity contract.","","","CANONICAL_FIXTURE_TO_SOURCE_MATCH","canonical_fixture_to_source_match","","","EXPLICIT_CANONICAL_ATTACHMENT_ROUTE","NOT_YET_PROVEN"
"pulselive","match","sample_payload","resources.stats.payload[].stats.fouledFinalThird","fixture","ENTITY","canonical_fixture_to_source_match","TRUE","Canonical fixture resolves to the source match under the documented fixture identity contract.","","","CANONICAL_FIXTURE_TO_SOURCE_MATCH","canonical_fixture_to_source_match","","","EXPLICIT_CANONICAL_ATTACHMENT_ROUTE","NOT_YET_PROVEN"
"pulselive","match","sample_payload","resources.stats.payload[].stats.freekickCross","fixture","ENTITY","canonical_fixture_to_source_match","TRUE","Canonical fixture resolves to the source match under the documented fixture identity contract.","","","CANONICAL_FIXTURE_TO_SOURCE_MATCH","canonical_fixture_to_source_match","","","EXPLICIT_CANONICAL_ATTACHMENT_ROUTE","NOT_YET_PROVEN"
"pulselive","match","sample_payload","resources.stats.payload[].stats.freekickTotal","fixture","ENTITY","canonical_fixture_to_source_match","TRUE","Canonical fixture resolves to the source match under the documented fixture identity contract.","","","CANONICAL_FIXTURE_TO_SOURCE_MATCH","canonical_fixture_to_source_match","","","EXPLICIT_CANONICAL_ATTACHMENT_ROUTE","NOT_YET_PROVEN"
"pulselive","match","sample_payload","resources.stats.payload[].stats.fwdPass","fixture","ENTITY","canonical_fixture_to_source_match","TRUE","Canonical fixture resolves to the source match under the documented fixture identity contract.","","","CANONICAL_FIXTURE_TO_SOURCE_MATCH","canonical_fixture_to_source_match","","","EXPLICIT_CANONICAL_ATTACHMENT_ROUTE","NOT_YET_PROVEN"
"pulselive","match","sample_payload","resources.stats.payload[].stats.goalKicks","fixture","ENTITY","canonical_fixture_to_source_match","TRUE","Canonical fixture resolves to the source match under the documented fixture identity contract.","","","CANONICAL_FIXTURE_TO_SOURCE_MATCH","canonical_fixture_to_source_match","","","EXPLICIT_CANONICAL_ATTACHMENT_ROUTE","NOT_YET_PROVEN"
"pulselive","match","sample_payload","resources.stats.payload[].stats.goals","fixture","ENTITY","canonical_fixture_to_source_match","TRUE","Canonical fixture resolves to the source match under the documented fixture identity contract.","","","CANONICAL_FIXTURE_TO_SOURCE_MATCH","canonical_fixture_to_source_match","","","EXPLICIT_CANONICAL_ATTACHMENT_ROUTE","NOT_YET_PROVEN"
"pulselive","match","sample_payload","resources.stats.payload[].stats.goalsConceded","fixture","ENTITY","canonical_fixture_to_source_match","TRUE","Canonical fixture resolves to the source match under the documented fixture identity contract.","","","CANONICAL_FIXTURE_TO_SOURCE_MATCH","canonical_fixture_to_source_match","","","EXPLICIT_CANONICAL_ATTACHMENT_ROUTE","NOT_YET_PROVEN"
"pulselive","match","sample_payload","resources.stats.payload[].stats.goalsConcededIbox","fixture","ENTITY","canonical_fixture_to_source_match","TRUE","Canonical fixture resolves to the source match under the documented fixture identity contract.","","","CANONICAL_FIXTURE_TO_SOURCE_MATCH","canonical_fixture_to_source_match","","","EXPLICIT_CANONICAL_ATTACHMENT_ROUTE","NOT_YET_PROVEN"
"pulselive","match","sample_payload","resources.stats.payload[].stats.goalsOpenplay","fixture","ENTITY","canonical_fixture_to_source_match","TRUE","Canonical fixture resolves to the source match under the documented fixture identity contract.","","","CANONICAL_FIXTURE_TO_SOURCE_MATCH","canonical_fixture_to_source_match","","","EXPLICIT_CANONICAL_ATTACHMENT_ROUTE","NOT_YET_PROVEN"
"pulselive","match","sample_payload","resources.stats.payload[].stats.goodHighClaim","fixture","ENTITY","canonical_fixture_to_source_match","TRUE","Canonical fixture resolves to the source match under the documented fixture identity contract.","","","CANONICAL_FIXTURE_TO_SOURCE_MATCH","canonical_fixture_to_source_match","","","EXPLICIT_CANONICAL_ATTACHMENT_ROUTE","NOT_YET_PROVEN"
"pulselive","match","sample_payload","resources.stats.payload[].stats.headClearance","fixture","ENTITY","canonical_fixture_to_source_match","TRUE","Canonical fixture resolves to the source match under the documented fixture identity contract.","","","CANONICAL_FIXTURE_TO_SOURCE_MATCH","canonical_fixture_to_source_match","","","EXPLICIT_CANONICAL_ATTACHMENT_ROUTE","NOT_YET_PROVEN"
"pulselive","match","sample_payload","resources.stats.payload[].stats.interception","fixture","ENTITY","canonical_fixture_to_source_match","TRUE","Canonical fixture resolves to the source match under the documented fixture identity contract.","","","CANONICAL_FIXTURE_TO_SOURCE_MATCH","canonical_fixture_to_source_match","","","EXPLICIT_CANONICAL_ATTACHMENT_ROUTE","NOT_YET_PROVEN"
"pulselive","match","sample_payload","resources.stats.payload[].stats.interceptionWon","fixture","ENTITY","canonical_fixture_to_source_match","TRUE","Canonical fixture resolves to the source match under the documented fixture identity contract.","","","CANONICAL_FIXTURE_TO_SOURCE_MATCH","canonical_fixture_to_source_match","","","EXPLICIT_CANONICAL_ATTACHMENT_ROUTE","NOT_YET_PROVEN"
"pulselive","match","sample_payload","resources.stats.payload[].stats.interceptionsInBox","fixture","ENTITY","canonical_fixture_to_source_match","TRUE","Canonical fixture resolves to the source match under the documented fixture identity contract.","","","CANONICAL_FIXTURE_TO_SOURCE_MATCH","canonical_fixture_to_source_match","","","EXPLICIT_CANONICAL_ATTACHMENT_ROUTE","NOT_YET_PROVEN"
"pulselive","match","sample_payload","resources.stats.payload[].stats.keeperThrows","fixture","ENTITY","canonical_fixture_to_source_match","TRUE","Canonical fixture resolves to the source match under the documented fixture identity contract.","","","CANONICAL_FIXTURE_TO_SOURCE_MATCH","canonical_fixture_to_source_match","","","EXPLICIT_CANONICAL_ATTACHMENT_ROUTE","NOT_YET_PROVEN"
"pulselive","match","sample_payload","resources.stats.payload[].stats.leftsidePass","fixture","ENTITY","canonical_fixture_to_source_match","TRUE","Canonical fixture resolves to the source match under the documented fixture identity contract.","","","CANONICAL_FIXTURE_TO_SOURCE_MATCH","canonical_fixture_to_source_match","","","EXPLICIT_CANONICAL_ATTACHMENT_ROUTE","NOT_YET_PROVEN"
"pulselive","match","sample_payload","resources.stats.payload[].stats.longPassOwnToOpp","fixture","ENTITY","canonical_fixture_to_source_match","TRUE","Canonical fixture resolves to the source match under the documented fixture identity contract.","","","CANONICAL_FIXTURE_TO_SOURCE_MATCH","canonical_fixture_to_source_match","","","EXPLICIT_CANONICAL_ATTACHMENT_ROUTE","NOT_YET_PROVEN"
"pulselive","match","sample_payload","resources.stats.payload[].stats.longPassOwnToOppSuccess","fixture","ENTITY","canonical_fixture_to_source_match","TRUE","Canonical fixture resolves to the source match under the documented fixture identity contract.","","","CANONICAL_FIXTURE_TO_SOURCE_MATCH","canonical_fixture_to_source_match","","","EXPLICIT_CANONICAL_ATTACHMENT_ROUTE","NOT_YET_PROVEN"
"pulselive","match","sample_payload","resources.stats.payload[].stats.lostCorners","fixture","ENTITY","canonical_fixture_to_source_match","TRUE","Canonical fixture resolves to the source match under the documented fixture identity contract.","","","CANONICAL_FIXTURE_TO_SOURCE_MATCH","canonical_fixture_to_source_match","","","EXPLICIT_CANONICAL_ATTACHMENT_ROUTE","NOT_YET_PROVEN"
"pulselive","match","sample_payload","resources.stats.payload[].stats.midfielderGoals","fixture","ENTITY","canonical_fixture_to_source_match","TRUE","Canonical fixture resolves to the source match under the documented fixture identity contract.","","","CANONICAL_FIXTURE_TO_SOURCE_MATCH","canonical_fixture_to_source_match","","","EXPLICIT_CANONICAL_ATTACHMENT_ROUTE","NOT_YET_PROVEN"
"pulselive","match","sample_payload","resources.stats.payload[].stats.offtargetAttAssist","fixture","ENTITY","canonical_fixture_to_source_match","TRUE","Canonical fixture resolves to the source match under the documented fixture identity contract.","","","CANONICAL_FIXTURE_TO_SOURCE_MATCH","canonical_fixture_to_source_match","","","EXPLICIT_CANONICAL_ATTACHMENT_ROUTE","NOT_YET_PROVEN"
"pulselive","match","sample_payload","resources.stats.payload[].stats.ontargetAttAssist","fixture","ENTITY","canonical_fixture_to_source_match","TRUE","Canonical fixture resolves to the source match under the documented fixture identity contract.","","","CANONICAL_FIXTURE_TO_SOURCE_MATCH","canonical_fixture_to_source_match","","","EXPLICIT_CANONICAL_ATTACHMENT_ROUTE","NOT_YET_PROVEN"
"pulselive","match","sample_payload","resources.stats.payload[].stats.ontargetScoringAtt","fixture","ENTITY","canonical_fixture_to_source_match","TRUE","Canonical fixture resolves to the source match under the documented fixture identity contract.","","","CANONICAL_FIXTURE_TO_SOURCE_MATCH","canonical_fixture_to_source_match","","","EXPLICIT_CANONICAL_ATTACHMENT_ROUTE","NOT_YET_PROVEN"
"pulselive","match","sample_payload","resources.stats.payload[].stats.openPlayPass","fixture","ENTITY","canonical_fixture_to_source_match","TRUE","Canonical fixture resolves to the source match under the documented fixture identity contract.","","","CANONICAL_FIXTURE_TO_SOURCE_MATCH","canonical_fixture_to_source_match","","","EXPLICIT_CANONICAL_ATTACHMENT_ROUTE","NOT_YET_PROVEN"
"pulselive","match","sample_payload","resources.stats.payload[].stats.outfielderBlock","fixture","ENTITY","canonical_fixture_to_source_match","TRUE","Canonical fixture resolves to the source match under the documented fixture identity contract.","","","CANONICAL_FIXTURE_TO_SOURCE_MATCH","canonical_fixture_to_source_match","","","EXPLICIT_CANONICAL_ATTACHMENT_ROUTE","NOT_YET_PROVEN"
"pulselive","match","sample_payload","resources.stats.payload[].stats.overrun","fixture","ENTITY","canonical_fixture_to_source_match","TRUE","Canonical fixture resolves to the source match under the documented fixture identity contract.","","","CANONICAL_FIXTURE_TO_SOURCE_MATCH","canonical_fixture_to_source_match","","","EXPLICIT_CANONICAL_ATTACHMENT_ROUTE","NOT_YET_PROVEN"
"pulselive","match","sample_payload","resources.stats.payload[].stats.passesLeft","fixture","ENTITY","canonical_fixture_to_source_match","TRUE","Canonical fixture resolves to the source match under the documented fixture identity contract.","","","CANONICAL_FIXTURE_TO_SOURCE_MATCH","canonical_fixture_to_source_match","","","EXPLICIT_CANONICAL_ATTACHMENT_ROUTE","NOT_YET_PROVEN"
"pulselive","match","sample_payload","resources.stats.payload[].stats.passesRight","fixture","ENTITY","canonical_fixture_to_source_match","TRUE","Canonical fixture resolves to the source match under the documented fixture identity contract.","","","CANONICAL_FIXTURE_TO_SOURCE_MATCH","canonical_fixture_to_source_match","","","EXPLICIT_CANONICAL_ATTACHMENT_ROUTE","NOT_YET_PROVEN"
"pulselive","match","sample_payload","resources.stats.payload[].stats.penAreaEntries","fixture","ENTITY","canonical_fixture_to_source_match","TRUE","Canonical fixture resolves to the source match under the documented fixture identity contract.","","","CANONICAL_FIXTURE_TO_SOURCE_MATCH","canonical_fixture_to_source_match","","","EXPLICIT_CANONICAL_ATTACHMENT_ROUTE","NOT_YET_PROVEN"
"pulselive","match","sample_payload","resources.stats.payload[].stats.penaltyWon","fixture","ENTITY","canonical_fixture_to_source_match","TRUE","Canonical fixture resolves to the source match under the documented fixture identity contract.","","","CANONICAL_FIXTURE_TO_SOURCE_MATCH","canonical_fixture_to_source_match","","","EXPLICIT_CANONICAL_ATTACHMENT_ROUTE","NOT_YET_PROVEN"
"pulselive","match","sample_payload","resources.stats.payload[].stats.possLostAll","fixture","ENTITY","canonical_fixture_to_source_match","TRUE","Canonical fixture resolves to the source match under the documented fixture identity contract.","","","CANONICAL_FIXTURE_TO_SOURCE_MATCH","canonical_fixture_to_source_match","","","EXPLICIT_CANONICAL_ATTACHMENT_ROUTE","NOT_YET_PROVEN"
"pulselive","match","sample_payload","resources.stats.payload[].stats.possLostCtrl","fixture","ENTITY","canonical_fixture_to_source_match","TRUE","Canonical fixture resolves to the source match under the documented fixture identity contract.","","","CANONICAL_FIXTURE_TO_SOURCE_MATCH","canonical_fixture_to_source_match","","","EXPLICIT_CANONICAL_ATTACHMENT_ROUTE","NOT_YET_PROVEN"
"pulselive","match","sample_payload","resources.stats.payload[].stats.possWonAtt3rd","fixture","ENTITY","canonical_fixture_to_source_match","TRUE","Canonical fixture resolves to the source match under the documented fixture identity contract.","","","CANONICAL_FIXTURE_TO_SOURCE_MATCH","canonical_fixture_to_source_match","","","EXPLICIT_CANONICAL_ATTACHMENT_ROUTE","NOT_YET_PROVEN"
"pulselive","match","sample_payload","resources.stats.payload[].stats.possWonDef3rd","fixture","ENTITY","canonical_fixture_to_source_match","TRUE","Canonical fixture resolves to the source match under the documented fixture identity contract.","","","CANONICAL_FIXTURE_TO_SOURCE_MATCH","canonical_fixture_to_source_match","","","EXPLICIT_CANONICAL_ATTACHMENT_ROUTE","NOT_YET_PROVEN"
"pulselive","match","sample_payload","resources.stats.payload[].stats.possWonMid3rd","fixture","ENTITY","canonical_fixture_to_source_match","TRUE","Canonical fixture resolves to the source match under the documented fixture identity contract.","","","CANONICAL_FIXTURE_TO_SOURCE_MATCH","canonical_fixture_to_source_match","","","EXPLICIT_CANONICAL_ATTACHMENT_ROUTE","NOT_YET_PROVEN"
"pulselive","match","sample_payload","resources.stats.payload[].stats.possessionPercentage","fixture","ENTITY","canonical_fixture_to_source_match","TRUE","Canonical fixture resolves to the source match under the documented fixture identity contract.","","","CANONICAL_FIXTURE_TO_SOURCE_MATCH","canonical_fixture_to_source_match","","","EXPLICIT_CANONICAL_ATTACHMENT_ROUTE","NOT_YET_PROVEN"
"pulselive","match","sample_payload","resources.stats.payload[].stats.ptsDroppedWinningPos","fixture","ENTITY","canonical_fixture_to_source_match","TRUE","Canonical fixture resolves to the source match under the documented fixture identity contract.","","","CANONICAL_FIXTURE_TO_SOURCE_MATCH","canonical_fixture_to_source_match","","","EXPLICIT_CANONICAL_ATTACHMENT_ROUTE","NOT_YET_PROVEN"
"pulselive","match","sample_payload","resources.stats.payload[].stats.punches","fixture","ENTITY","canonical_fixture_to_source_match","TRUE","Canonical fixture resolves to the source match under the documented fixture identity contract.","","","CANONICAL_FIXTURE_TO_SOURCE_MATCH","canonical_fixture_to_source_match","","","EXPLICIT_CANONICAL_ATTACHMENT_ROUTE","NOT_YET_PROVEN"
"pulselive","match","sample_payload","resources.stats.payload[].stats.putThrough","fixture","ENTITY","canonical_fixture_to_source_match","TRUE","Canonical fixture resolves to the source match under the documented fixture identity contract.","","","CANONICAL_FIXTURE_TO_SOURCE_MATCH","canonical_fixture_to_source_match","","","EXPLICIT_CANONICAL_ATTACHMENT_ROUTE","NOT_YET_PROVEN"
"pulselive","match","sample_payload","resources.stats.payload[].stats.redCard","fixture","ENTITY","canonical_fixture_to_source_match","TRUE","Canonical fixture resolves to the source match under the documented fixture identity contract.","","","CANONICAL_FIXTURE_TO_SOURCE_MATCH","canonical_fixture_to_source_match","","","EXPLICIT_CANONICAL_ATTACHMENT_ROUTE","NOT_YET_PROVEN"
"pulselive","match","sample_payload","resources.stats.payload[].stats.rightsidePass","fixture","ENTITY","canonical_fixture_to_source_match","TRUE","Canonical fixture resolves to the source match under the documented fixture identity contract.","","","CANONICAL_FIXTURE_TO_SOURCE_MATCH","canonical_fixture_to_source_match","","","EXPLICIT_CANONICAL_ATTACHMENT_ROUTE","NOT_YET_PROVEN"
"pulselive","match","sample_payload","resources.stats.payload[].stats.savedIbox","fixture","ENTITY","canonical_fixture_to_source_match","TRUE","Canonical fixture resolves to the source match under the documented fixture identity contract.","","","CANONICAL_FIXTURE_TO_SOURCE_MATCH","canonical_fixture_to_source_match","","","EXPLICIT_CANONICAL_ATTACHMENT_ROUTE","NOT_YET_PROVEN"
"pulselive","match","sample_payload","resources.stats.payload[].stats.savedObox","fixture","ENTITY","canonical_fixture_to_source_match","TRUE","Canonical fixture resolves to the source match under the documented fixture identity contract.","","","CANONICAL_FIXTURE_TO_SOURCE_MATCH","canonical_fixture_to_source_match","","","EXPLICIT_CANONICAL_ATTACHMENT_ROUTE","NOT_YET_PROVEN"
"pulselive","match","sample_payload","resources.stats.payload[].stats.saves","fixture","ENTITY","canonical_fixture_to_source_match","TRUE","Canonical fixture resolves to the source match under the documented fixture identity contract.","","","CANONICAL_FIXTURE_TO_SOURCE_MATCH","canonical_fixture_to_source_match","","","EXPLICIT_CANONICAL_ATTACHMENT_ROUTE","NOT_YET_PROVEN"
"pulselive","match","sample_payload","resources.stats.payload[].stats.shieldBallOop","fixture","ENTITY","canonical_fixture_to_source_match","TRUE","Canonical fixture resolves to the source match under the documented fixture identity contract.","","","CANONICAL_FIXTURE_TO_SOURCE_MATCH","canonical_fixture_to_source_match","","","EXPLICIT_CANONICAL_ATTACHMENT_ROUTE","NOT_YET_PROVEN"
"pulselive","match","sample_payload","resources.stats.payload[].stats.shotOffTarget","fixture","ENTITY","canonical_fixture_to_source_match","TRUE","Canonical fixture resolves to the source match under the documented fixture identity contract.","","","CANONICAL_FIXTURE_TO_SOURCE_MATCH","canonical_fixture_to_source_match","","","EXPLICIT_CANONICAL_ATTACHMENT_ROUTE","NOT_YET_PROVEN"
"pulselive","match","sample_payload","resources.stats.payload[].stats.subsMade","fixture","ENTITY","canonical_fixture_to_source_match","TRUE","Canonical fixture resolves to the source match under the documented fixture identity contract.","","","CANONICAL_FIXTURE_TO_SOURCE_MATCH","canonical_fixture_to_source_match","","","EXPLICIT_CANONICAL_ATTACHMENT_ROUTE","NOT_YET_PROVEN"
"pulselive","match","sample_payload","resources.stats.payload[].stats.successfulFinalThirdPasses","fixture","ENTITY","canonical_fixture_to_source_match","TRUE","Canonical fixture resolves to the source match under the documented fixture identity contract.","","","CANONICAL_FIXTURE_TO_SOURCE_MATCH","canonical_fixture_to_source_match","","","EXPLICIT_CANONICAL_ATTACHMENT_ROUTE","NOT_YET_PROVEN"
"pulselive","match","sample_payload","resources.stats.payload[].stats.successfulOpenPlayPass","fixture","ENTITY","canonical_fixture_to_source_match","TRUE","Canonical fixture resolves to the source match under the documented fixture identity contract.","","","CANONICAL_FIXTURE_TO_SOURCE_MATCH","canonical_fixture_to_source_match","","","EXPLICIT_CANONICAL_ATTACHMENT_ROUTE","NOT_YET_PROVEN"
"pulselive","match","sample_payload","resources.stats.payload[].stats.successfulPutThrough","fixture","ENTITY","canonical_fixture_to_source_match","TRUE","Canonical fixture resolves to the source match under the documented fixture identity contract.","","","CANONICAL_FIXTURE_TO_SOURCE_MATCH","canonical_fixture_to_source_match","","","EXPLICIT_CANONICAL_ATTACHMENT_ROUTE","NOT_YET_PROVEN"
"pulselive","match","sample_payload","resources.stats.payload[].stats.totalAttAssist","fixture","ENTITY","canonical_fixture_to_source_match","TRUE","Canonical fixture resolves to the source match under the documented fixture identity contract.","","","CANONICAL_FIXTURE_TO_SOURCE_MATCH","canonical_fixture_to_source_match","","","EXPLICIT_CANONICAL_ATTACHMENT_ROUTE","NOT_YET_PROVEN"
"pulselive","match","sample_payload","resources.stats.payload[].stats.totalBackZonePass","fixture","ENTITY","canonical_fixture_to_source_match","TRUE","Canonical fixture resolves to the source match under the documented fixture identity contract.","","","CANONICAL_FIXTURE_TO_SOURCE_MATCH","canonical_fixture_to_source_match","","","EXPLICIT_CANONICAL_ATTACHMENT_ROUTE","NOT_YET_PROVEN"
"pulselive","match","sample_payload","resources.stats.payload[].stats.totalChippedPass","fixture","ENTITY","canonical_fixture_to_source_match","TRUE","Canonical fixture resolves to the source match under the documented fixture identity contract.","","","CANONICAL_FIXTURE_TO_SOURCE_MATCH","canonical_fixture_to_source_match","","","EXPLICIT_CANONICAL_ATTACHMENT_ROUTE","NOT_YET_PROVEN"
"pulselive","match","sample_payload","resources.stats.payload[].stats.totalClearance","fixture","ENTITY","canonical_fixture_to_source_match","TRUE","Canonical fixture resolves to the source match under the documented fixture identity contract.","","","CANONICAL_FIXTURE_TO_SOURCE_MATCH","canonical_fixture_to_source_match","","","EXPLICIT_CANONICAL_ATTACHMENT_ROUTE","NOT_YET_PROVEN"
"pulselive","match","sample_payload","resources.stats.payload[].stats.totalContest","fixture","ENTITY","canonical_fixture_to_source_match","TRUE","Canonical fixture resolves to the source match under the documented fixture identity contract.","","","CANONICAL_FIXTURE_TO_SOURCE_MATCH","canonical_fixture_to_source_match","","","EXPLICIT_CANONICAL_ATTACHMENT_ROUTE","NOT_YET_PROVEN"
"pulselive","match","sample_payload","resources.stats.payload[].stats.totalCornersIntobox","fixture","ENTITY","canonical_fixture_to_source_match","TRUE","Canonical fixture resolves to the source match under the documented fixture identity contract.","","","CANONICAL_FIXTURE_TO_SOURCE_MATCH","canonical_fixture_to_source_match","","","EXPLICIT_CANONICAL_ATTACHMENT_ROUTE","NOT_YET_PROVEN"
"pulselive","match","sample_payload","resources.stats.payload[].stats.totalCross","fixture","ENTITY","canonical_fixture_to_source_match","TRUE","Canonical fixture resolves to the source match under the documented fixture identity contract.","","","CANONICAL_FIXTURE_TO_SOURCE_MATCH","canonical_fixture_to_source_match","","","EXPLICIT_CANONICAL_ATTACHMENT_ROUTE","NOT_YET_PROVEN"
"pulselive","match","sample_payload","resources.stats.payload[].stats.totalCrossNocorner","fixture","ENTITY","canonical_fixture_to_source_match","TRUE","Canonical fixture resolves to the source match under the documented fixture identity contract.","","","CANONICAL_FIXTURE_TO_SOURCE_MATCH","canonical_fixture_to_source_match","","","EXPLICIT_CANONICAL_ATTACHMENT_ROUTE","NOT_YET_PROVEN"
"pulselive","match","sample_payload","resources.stats.payload[].stats.totalFinalThirdPasses","fixture","ENTITY","canonical_fixture_to_source_match","TRUE","Canonical fixture resolves to the source match under the documented fixture identity contract.","","","CANONICAL_FIXTURE_TO_SOURCE_MATCH","canonical_fixture_to_source_match","","","EXPLICIT_CANONICAL_ATTACHMENT_ROUTE","NOT_YET_PROVEN"
"pulselive","match","sample_payload","resources.stats.payload[].stats.totalFlickOn","fixture","ENTITY","canonical_fixture_to_source_match","TRUE","Canonical fixture resolves to the source match under the documented fixture identity contract.","","","CANONICAL_FIXTURE_TO_SOURCE_MATCH","canonical_fixture_to_source_match","","","EXPLICIT_CANONICAL_ATTACHMENT_ROUTE","NOT_YET_PROVEN"
"pulselive","match","sample_payload","resources.stats.payload[].stats.totalFwdZonePass","fixture","ENTITY","canonical_fixture_to_source_match","TRUE","Canonical fixture resolves to the source match under the documented fixture identity contract.","","","CANONICAL_FIXTURE_TO_SOURCE_MATCH","canonical_fixture_to_source_match","","","EXPLICIT_CANONICAL_ATTACHMENT_ROUTE","NOT_YET_PROVEN"
"pulselive","match","sample_payload","resources.stats.payload[].stats.totalHighClaim","fixture","ENTITY","canonical_fixture_to_source_match","TRUE","Canonical fixture resolves to the source match under the documented fixture identity contract.","","","CANONICAL_FIXTURE_TO_SOURCE_MATCH","canonical_fixture_to_source_match","","","EXPLICIT_CANONICAL_ATTACHMENT_ROUTE","NOT_YET_PROVEN"
"pulselive","match","sample_payload","resources.stats.payload[].stats.totalKeeperSweeper","fixture","ENTITY","canonical_fixture_to_source_match","TRUE","Canonical fixture resolves to the source match under the documented fixture identity contract.","","","CANONICAL_FIXTURE_TO_SOURCE_MATCH","canonical_fixture_to_source_match","","","EXPLICIT_CANONICAL_ATTACHMENT_ROUTE","NOT_YET_PROVEN"
"pulselive","match","sample_payload","resources.stats.payload[].stats.totalLaunches","fixture","ENTITY","canonical_fixture_to_source_match","TRUE","Canonical fixture resolves to the source match under the documented fixture identity contract.","","","CANONICAL_FIXTURE_TO_SOURCE_MATCH","canonical_fixture_to_source_match","","","EXPLICIT_CANONICAL_ATTACHMENT_ROUTE","NOT_YET_PROVEN"
"pulselive","match","sample_payload","resources.stats.payload[].stats.totalLayoffs","fixture","ENTITY","canonical_fixture_to_source_match","TRUE","Canonical fixture resolves to the source match under the documented fixture identity contract.","","","CANONICAL_FIXTURE_TO_SOURCE_MATCH","canonical_fixture_to_source_match","","","EXPLICIT_CANONICAL_ATTACHMENT_ROUTE","NOT_YET_PROVEN"
"pulselive","match","sample_payload","resources.stats.payload[].stats.totalLongBalls","fixture","ENTITY","canonical_fixture_to_source_match","TRUE","Canonical fixture resolves to the source match under the documented fixture identity contract.","","","CANONICAL_FIXTURE_TO_SOURCE_MATCH","canonical_fixture_to_source_match","","","EXPLICIT_CANONICAL_ATTACHMENT_ROUTE","NOT_YET_PROVEN"
"pulselive","match","sample_payload","resources.stats.payload[].stats.totalOffside","fixture","ENTITY","canonical_fixture_to_source_match","TRUE","Canonical fixture resolves to the source match under the documented fixture identity contract.","","","CANONICAL_FIXTURE_TO_SOURCE_MATCH","canonical_fixture_to_source_match","","","EXPLICIT_CANONICAL_ATTACHMENT_ROUTE","NOT_YET_PROVEN"
"pulselive","match","sample_payload","resources.stats.payload[].stats.totalPass","fixture","ENTITY","canonical_fixture_to_source_match","TRUE","Canonical fixture resolves to the source match under the documented fixture identity contract.","","","CANONICAL_FIXTURE_TO_SOURCE_MATCH","canonical_fixture_to_source_match","","","EXPLICIT_CANONICAL_ATTACHMENT_ROUTE","NOT_YET_PROVEN"
"pulselive","match","sample_payload","resources.stats.payload[].stats.totalPullBack","fixture","ENTITY","canonical_fixture_to_source_match","TRUE","Canonical fixture resolves to the source match under the documented fixture identity contract.","","","CANONICAL_FIXTURE_TO_SOURCE_MATCH","canonical_fixture_to_source_match","","","EXPLICIT_CANONICAL_ATTACHMENT_ROUTE","NOT_YET_PROVEN"
"pulselive","match","sample_payload","resources.stats.payload[].stats.totalRedCard","fixture","ENTITY","canonical_fixture_to_source_match","TRUE","Canonical fixture resolves to the source match under the documented fixture identity contract.","","","CANONICAL_FIXTURE_TO_SOURCE_MATCH","canonical_fixture_to_source_match","","","EXPLICIT_CANONICAL_ATTACHMENT_ROUTE","NOT_YET_PROVEN"
"pulselive","match","sample_payload","resources.stats.payload[].stats.totalScoringAtt","fixture","ENTITY","canonical_fixture_to_source_match","TRUE","Canonical fixture resolves to the source match under the documented fixture identity contract.","","","CANONICAL_FIXTURE_TO_SOURCE_MATCH","canonical_fixture_to_source_match","","","EXPLICIT_CANONICAL_ATTACHMENT_ROUTE","NOT_YET_PROVEN"
"pulselive","match","sample_payload","resources.stats.payload[].stats.totalTackle","fixture","ENTITY","canonical_fixture_to_source_match","TRUE","Canonical fixture resolves to the source match under the documented fixture identity contract.","","","CANONICAL_FIXTURE_TO_SOURCE_MATCH","canonical_fixture_to_source_match","","","EXPLICIT_CANONICAL_ATTACHMENT_ROUTE","NOT_YET_PROVEN"
"pulselive","match","sample_payload","resources.stats.payload[].stats.totalThroughBall","fixture","ENTITY","canonical_fixture_to_source_match","TRUE","Canonical fixture resolves to the source match under the documented fixture identity contract.","","","CANONICAL_FIXTURE_TO_SOURCE_MATCH","canonical_fixture_to_source_match","","","EXPLICIT_CANONICAL_ATTACHMENT_ROUTE","NOT_YET_PROVEN"
"pulselive","match","sample_payload","resources.stats.payload[].stats.totalThrows","fixture","ENTITY","canonical_fixture_to_source_match","TRUE","Canonical fixture resolves to the source match under the documented fixture identity contract.","","","CANONICAL_FIXTURE_TO_SOURCE_MATCH","canonical_fixture_to_source_match","","","EXPLICIT_CANONICAL_ATTACHMENT_ROUTE","NOT_YET_PROVEN"
"pulselive","match","sample_payload","resources.stats.payload[].stats.totalYelCard","fixture","ENTITY","canonical_fixture_to_source_match","TRUE","Canonical fixture resolves to the source match under the documented fixture identity contract.","","","CANONICAL_FIXTURE_TO_SOURCE_MATCH","canonical_fixture_to_source_match","","","EXPLICIT_CANONICAL_ATTACHMENT_ROUTE","NOT_YET_PROVEN"
"pulselive","match","sample_payload","resources.stats.payload[].stats.touches","fixture","ENTITY","canonical_fixture_to_source_match","TRUE","Canonical fixture resolves to the source match under the documented fixture identity contract.","","","CANONICAL_FIXTURE_TO_SOURCE_MATCH","canonical_fixture_to_source_match","","","EXPLICIT_CANONICAL_ATTACHMENT_ROUTE","NOT_YET_PROVEN"
"pulselive","match","sample_payload","resources.stats.payload[].stats.touchesInOppBox","fixture","ENTITY","canonical_fixture_to_source_match","TRUE","Canonical fixture resolves to the source match under the documented fixture identity contract.","","","CANONICAL_FIXTURE_TO_SOURCE_MATCH","canonical_fixture_to_source_match","","","EXPLICIT_CANONICAL_ATTACHMENT_ROUTE","NOT_YET_PROVEN"
"pulselive","match","sample_payload","resources.stats.payload[].stats.unsuccessfulTouch","fixture","ENTITY","canonical_fixture_to_source_match","TRUE","Canonical fixture resolves to the source match under the documented fixture identity contract.","","","CANONICAL_FIXTURE_TO_SOURCE_MATCH","canonical_fixture_to_source_match","","","EXPLICIT_CANONICAL_ATTACHMENT_ROUTE","NOT_YET_PROVEN"
"pulselive","match","sample_payload","resources.stats.payload[].stats.wonContest","fixture","ENTITY","canonical_fixture_to_source_match","TRUE","Canonical fixture resolves to the source match under the documented fixture identity contract.","","","CANONICAL_FIXTURE_TO_SOURCE_MATCH","canonical_fixture_to_source_match","","","EXPLICIT_CANONICAL_ATTACHMENT_ROUTE","NOT_YET_PROVEN"
"pulselive","match","sample_payload","resources.stats.payload[].stats.wonCorners","fixture","ENTITY","canonical_fixture_to_source_match","TRUE","Canonical fixture resolves to the source match under the documented fixture identity contract.","","","CANONICAL_FIXTURE_TO_SOURCE_MATCH","canonical_fixture_to_source_match","","","EXPLICIT_CANONICAL_ATTACHMENT_ROUTE","NOT_YET_PROVEN"
"pulselive","match","sample_payload","resources.stats.payload[].stats.wonTackle","fixture","ENTITY","canonical_fixture_to_source_match","TRUE","Canonical fixture resolves to the source match under the documented fixture identity contract.","","","CANONICAL_FIXTURE_TO_SOURCE_MATCH","canonical_fixture_to_source_match","","","EXPLICIT_CANONICAL_ATTACHMENT_ROUTE","NOT_YET_PROVEN"
"pulselive","match","sample_payload","resources.stats.payload[].stats.yellowCard","fixture","ENTITY","canonical_fixture_to_source_match","TRUE","Canonical fixture resolves to the source match under the documented fixture identity contract.","","","CANONICAL_FIXTURE_TO_SOURCE_MATCH","canonical_fixture_to_source_match","","","EXPLICIT_CANONICAL_ATTACHMENT_ROUTE","NOT_YET_PROVEN"
"pulselive","match","sample_payload","resources.stats.payload[].teamId","fixture","ENTITY","canonical_fixture_to_source_match","TRUE","Canonical fixture resolves to the source match under the documented fixture identity contract.","","","CANONICAL_FIXTURE_TO_SOURCE_MATCH","canonical_fixture_to_source_match","","","EXPLICIT_CANONICAL_ATTACHMENT_ROUTE","NOT_YET_PROVEN"
"pulselive","match","sample_payload","resources.stats.retrieved_at","fixture","ENTITY","canonical_fixture_to_source_match","TRUE","Canonical fixture resolves to the source match under the documented fixture identity contract.","","","CANONICAL_FIXTURE_TO_SOURCE_MATCH","canonical_fixture_to_source_match","","","EXPLICIT_CANONICAL_ATTACHMENT_ROUTE","NOT_YET_PROVEN"
"pulselive","match","sample_payload","retrieved_at","fixture","ENTITY","canonical_fixture_to_source_match","TRUE","Canonical fixture resolves to the source match under the documented fixture identity contract.","","","CANONICAL_FIXTURE_TO_SOURCE_MATCH","canonical_fixture_to_source_match","","","EXPLICIT_CANONICAL_ATTACHMENT_ROUTE","NOT_YET_PROVEN"
"pulselive","match","sample_payload","source","fixture","ENTITY","canonical_fixture_to_source_match","TRUE","Canonical fixture resolves to the source match under the documented fixture identity contract.","","","CANONICAL_FIXTURE_TO_SOURCE_MATCH","canonical_fixture_to_source_match","","","EXPLICIT_CANONICAL_ATTACHMENT_ROUTE","NOT_YET_PROVEN"
"pulselive","match","sample_payload","source_match_id","fixture","ENTITY","canonical_fixture_to_source_match","TRUE","Canonical fixture resolves to the source match under the documented fixture identity contract.","","","CANONICAL_FIXTURE_TO_SOURCE_MATCH","canonical_fixture_to_source_match","","","EXPLICIT_CANONICAL_ATTACHMENT_ROUTE","NOT_YET_PROVEN"
