endpoint_name,url,http_status,field_path,field_type,x_pulse_sdp_endpoint,rate_limit_remaining,observation_source,error
competition,https://sdp-prem-prod.premier-league-prod.pulselive.com/api/v1/competitions/8,200,code,str,/v1/competitions/{id},299,LIVE,
competition,https://sdp-prem-prod.premier-league-prod.pulselive.com/api/v1/competitions/8,200,name,str,/v1/competitions/{id},299,LIVE,
competition,https://sdp-prem-prod.premier-league-prod.pulselive.com/api/v1/competitions/8,200,id,str,/v1/competitions/{id},299,LIVE,
competition_teams,https://sdp-prem-prod.premier-league-prod.pulselive.com/api/v1/competitions/8/teams?_limit=5,200,pagination,object,/v1/competitions/{cid}/teams,298,LIVE,
competition_teams,https://sdp-prem-prod.premier-league-prod.pulselive.com/api/v1/competitions/8/teams?_limit=5,200,pagination._limit,int,/v1/competitions/{cid}/teams,298,LIVE,
competition_teams,https://sdp-prem-prod.premier-league-prod.pulselive.com/api/v1/competitions/8/teams?_limit=5,200,pagination._prev,NoneType,/v1/competitions/{cid}/teams,298,LIVE,
competition_teams,https://sdp-prem-prod.premier-league-prod.pulselive.com/api/v1/competitions/8/teams?_limit=5,200,pagination._next,str,/v1/competitions/{cid}/teams,298,LIVE,
competition_teams,https://sdp-prem-prod.premier-league-prod.pulselive.com/api/v1/competitions/8/teams?_limit=5,200,data,object,/v1/competitions/{cid}/teams,298,LIVE,
competition_teams,https://sdp-prem-prod.premier-league-prod.pulselive.com/api/v1/competitions/8/teams?_limit=5,200,data[].seasons,object,/v1/competitions/{cid}/teams,298,LIVE,
competition_teams,https://sdp-prem-prod.premier-league-prod.pulselive.com/api/v1/competitions/8/teams?_limit=5,200,data[].name,str,/v1/competitions/{cid}/teams,298,LIVE,
competition_teams,https://sdp-prem-prod.premier-league-prod.pulselive.com/api/v1/competitions/8/teams?_limit=5,200,data[].stadium,object,/v1/competitions/{cid}/teams,298,LIVE,
competition_teams,https://sdp-prem-prod.premier-league-prod.pulselive.com/api/v1/competitions/8/teams?_limit=5,200,data[].stadium.city,str,/v1/competitions/{cid}/teams,298,LIVE,
competition_teams,https://sdp-prem-prod.premier-league-prod.pulselive.com/api/v1/competitions/8/teams?_limit=5,200,data[].stadium.name,str,/v1/competitions/{cid}/teams,298,LIVE,
competition_teams,https://sdp-prem-prod.premier-league-prod.pulselive.com/api/v1/competitions/8/teams?_limit=5,200,data[].id,str,/v1/competitions/{cid}/teams,298,LIVE,
competition_teams,https://sdp-prem-prod.premier-league-prod.pulselive.com/api/v1/competitions/8/teams?_limit=5,200,data[].shortName,str,/v1/competitions/{cid}/teams,298,LIVE,
competition_teams,https://sdp-prem-prod.premier-league-prod.pulselive.com/api/v1/competitions/8/teams?_limit=5,200,data[].abbr,str,/v1/competitions/{cid}/teams,298,LIVE,
season_teams,https://sdp-prem-prod.premier-league-prod.pulselive.com/api/v1/competitions/8/seasons/2025/teams?_limit=5,200,pagination,object,/v1/competitions/{cid}/seasons/{sid}/teams,297,LIVE,
season_teams,https://sdp-prem-prod.premier-league-prod.pulselive.com/api/v1/competitions/8/seasons/2025/teams?_limit=5,200,pagination._limit,int,/v1/competitions/{cid}/seasons/{sid}/teams,297,LIVE,
season_teams,https://sdp-prem-prod.premier-league-prod.pulselive.com/api/v1/competitions/8/seasons/2025/teams?_limit=5,200,pagination._prev,NoneType,/v1/competitions/{cid}/seasons/{sid}/teams,297,LIVE,
season_teams,https://sdp-prem-prod.premier-league-prod.pulselive.com/api/v1/competitions/8/seasons/2025/teams?_limit=5,200,pagination._next,str,/v1/competitions/{cid}/seasons/{sid}/teams,297,LIVE,
season_teams,https://sdp-prem-prod.premier-league-prod.pulselive.com/api/v1/competitions/8/seasons/2025/teams?_limit=5,200,data,object,/v1/competitions/{cid}/seasons/{sid}/teams,297,LIVE,
season_teams,https://sdp-prem-prod.premier-league-prod.pulselive.com/api/v1/competitions/8/seasons/2025/teams?_limit=5,200,data[].name,str,/v1/competitions/{cid}/seasons/{sid}/teams,297,LIVE,
season_teams,https://sdp-prem-prod.premier-league-prod.pulselive.com/api/v1/competitions/8/seasons/2025/teams?_limit=5,200,data[].stadium,object,/v1/competitions/{cid}/seasons/{sid}/teams,297,LIVE,
season_teams,https://sdp-prem-prod.premier-league-prod.pulselive.com/api/v1/competitions/8/seasons/2025/teams?_limit=5,200,data[].stadium.country,str,/v1/competitions/{cid}/seasons/{sid}/teams,297,LIVE,
season_teams,https://sdp-prem-prod.premier-league-prod.pulselive.com/api/v1/competitions/8/seasons/2025/teams?_limit=5,200,data[].stadium.city,str,/v1/competitions/{cid}/seasons/{sid}/teams,297,LIVE,
season_teams,https://sdp-prem-prod.premier-league-prod.pulselive.com/api/v1/competitions/8/seasons/2025/teams?_limit=5,200,data[].stadium.name,str,/v1/competitions/{cid}/seasons/{sid}/teams,297,LIVE,
season_teams,https://sdp-prem-prod.premier-league-prod.pulselive.com/api/v1/competitions/8/seasons/2025/teams?_limit=5,200,data[].stadium.capacity,int,/v1/competitions/{cid}/seasons/{sid}/teams,297,LIVE,
season_teams,https://sdp-prem-prod.premier-league-prod.pulselive.com/api/v1/competitions/8/seasons/2025/teams?_limit=5,200,data[].id,str,/v1/competitions/{cid}/seasons/{sid}/teams,297,LIVE,
season_teams,https://sdp-prem-prod.premier-league-prod.pulselive.com/api/v1/competitions/8/seasons/2025/teams?_limit=5,200,data[].shortName,str,/v1/competitions/{cid}/seasons/{sid}/teams,297,LIVE,
season_teams,https://sdp-prem-prod.premier-league-prod.pulselive.com/api/v1/competitions/8/seasons/2025/teams?_limit=5,200,data[].abbr,str,/v1/competitions/{cid}/seasons/{sid}/teams,297,LIVE,
standings,https://sdp-prem-prod.premier-league-prod.pulselive.com/api/v5/competitions/8/seasons/2025/standings?live=false,200,matchweek,int,/v5/competitions/{cid}/seasons/{sid}/standings,296,LIVE,
standings,https://sdp-prem-prod.premier-league-prod.pulselive.com/api/v5/competitions/8/seasons/2025/standings?live=false,200,tables,object,/v5/competitions/{cid}/seasons/{sid}/standings,296,LIVE,
standings,https://sdp-prem-prod.premier-league-prod.pulselive.com/api/v5/competitions/8/seasons/2025/standings?live=false,200,tables[].entries,object,/v5/competitions/{cid}/seasons/{sid}/standings,296,LIVE,
standings,https://sdp-prem-prod.premier-league-prod.pulselive.com/api/v5/competitions/8/seasons/2025/standings?live=false,200,tables[].entries[].away,object,/v5/competitions/{cid}/seasons/{sid}/standings,296,LIVE,
standings,https://sdp-prem-prod.premier-league-prod.pulselive.com/api/v5/competitions/8/seasons/2025/standings?live=false,200,tables[].entries[].away.goalsFor,int,/v5/competitions/{cid}/seasons/{sid}/standings,296,LIVE,
standings,https://sdp-prem-prod.premier-league-prod.pulselive.com/api/v5/competitions/8/seasons/2025/standings?live=false,200,tables[].entries[].away.lost,int,/v5/competitions/{cid}/seasons/{sid}/standings,296,LIVE,
standings,https://sdp-prem-prod.premier-league-prod.pulselive.com/api/v5/competitions/8/seasons/2025/standings?live=false,200,tables[].entries[].away.won,int,/v5/competitions/{cid}/seasons/{sid}/standings,296,LIVE,
standings,https://sdp-prem-prod.premier-league-prod.pulselive.com/api/v5/competitions/8/seasons/2025/standings?live=false,200,tables[].entries[].away.position,int,/v5/competitions/{cid}/seasons/{sid}/standings,296,LIVE,
standings,https://sdp-prem-prod.premier-league-prod.pulselive.com/api/v5/competitions/8/seasons/2025/standings?live=false,200,tables[].entries[].away.drawn,int,/v5/competitions/{cid}/seasons/{sid}/standings,296,LIVE,
standings,https://sdp-prem-prod.premier-league-prod.pulselive.com/api/v5/competitions/8/seasons/2025/standings?live=false,200,tables[].entries[].away.goalsAgainst,int,/v5/competitions/{cid}/seasons/{sid}/standings,296,LIVE,
standings,https://sdp-prem-prod.premier-league-prod.pulselive.com/api/v5/competitions/8/seasons/2025/standings?live=false,200,tables[].entries[].away.played,int,/v5/competitions/{cid}/seasons/{sid}/standings,296,LIVE,
standings,https://sdp-prem-prod.premier-league-prod.pulselive.com/api/v5/competitions/8/seasons/2025/standings?live=false,200,tables[].entries[].away.points,int,/v5/competitions/{cid}/seasons/{sid}/standings,296,LIVE,
standings,https://sdp-prem-prod.premier-league-prod.pulselive.com/api/v5/competitions/8/seasons/2025/standings?live=false,200,tables[].entries[].overall,object,/v5/competitions/{cid}/seasons/{sid}/standings,296,LIVE,
standings,https://sdp-prem-prod.premier-league-prod.pulselive.com/api/v5/competitions/8/seasons/2025/standings?live=false,200,tables[].entries[].overall.goalsFor,int,/v5/competitions/{cid}/seasons/{sid}/standings,296,LIVE,
standings,https://sdp-prem-prod.premier-league-prod.pulselive.com/api/v5/competitions/8/seasons/2025/standings?live=false,200,tables[].entries[].overall.lost,int,/v5/competitions/{cid}/seasons/{sid}/standings,296,LIVE,
standings,https://sdp-prem-prod.premier-league-prod.pulselive.com/api/v5/competitions/8/seasons/2025/standings?live=false,200,tables[].entries[].overall.won,int,/v5/competitions/{cid}/seasons/{sid}/standings,296,LIVE,
standings,https://sdp-prem-prod.premier-league-prod.pulselive.com/api/v5/competitions/8/seasons/2025/standings?live=false,200,tables[].entries[].overall.position,int,/v5/competitions/{cid}/seasons/{sid}/standings,296,LIVE,
standings,https://sdp-prem-prod.premier-league-prod.pulselive.com/api/v5/competitions/8/seasons/2025/standings?live=false,200,tables[].entries[].overall.drawn,int,/v5/competitions/{cid}/seasons/{sid}/standings,296,LIVE,
standings,https://sdp-prem-prod.premier-league-prod.pulselive.com/api/v5/competitions/8/seasons/2025/standings?live=false,200,tables[].entries[].overall.goalsAgainst,int,/v5/competitions/{cid}/seasons/{sid}/standings,296,LIVE,
standings,https://sdp-prem-prod.premier-league-prod.pulselive.com/api/v5/competitions/8/seasons/2025/standings?live=false,200,tables[].entries[].overall.startingPosition,int,/v5/competitions/{cid}/seasons/{sid}/standings,296,LIVE,
standings,https://sdp-prem-prod.premier-league-prod.pulselive.com/api/v5/competitions/8/seasons/2025/standings?live=false,200,tables[].entries[].overall.played,int,/v5/competitions/{cid}/seasons/{sid}/standings,296,LIVE,
standings,https://sdp-prem-prod.premier-league-prod.pulselive.com/api/v5/competitions/8/seasons/2025/standings?live=false,200,tables[].entries[].overall.points,int,/v5/competitions/{cid}/seasons/{sid}/standings,296,LIVE,
standings,https://sdp-prem-prod.premier-league-prod.pulselive.com/api/v5/competitions/8/seasons/2025/standings?live=false,200,tables[].entries[].team,object,/v5/competitions/{cid}/seasons/{sid}/standings,296,LIVE,
standings,https://sdp-prem-prod.premier-league-prod.pulselive.com/api/v5/competitions/8/seasons/2025/standings?live=false,200,tables[].entries[].team.name,str,/v5/competitions/{cid}/seasons/{sid}/standings,296,LIVE,
standings,https://sdp-prem-prod.premier-league-prod.pulselive.com/api/v5/competitions/8/seasons/2025/standings?live=false,200,tables[].entries[].team.id,str,/v5/competitions/{cid}/seasons/{sid}/standings,296,LIVE,
standings,https://sdp-prem-prod.premier-league-prod.pulselive.com/api/v5/competitions/8/seasons/2025/standings?live=false,200,tables[].entries[].team.shortName,str,/v5/competitions/{cid}/seasons/{sid}/standings,296,LIVE,
standings,https://sdp-prem-prod.premier-league-prod.pulselive.com/api/v5/competitions/8/seasons/2025/standings?live=false,200,tables[].entries[].team.abbr,str,/v5/competitions/{cid}/seasons/{sid}/standings,296,LIVE,
standings,https://sdp-prem-prod.premier-league-prod.pulselive.com/api/v5/competitions/8/seasons/2025/standings?live=false,200,tables[].entries[].home,object,/v5/competitions/{cid}/seasons/{sid}/standings,296,LIVE,
standings,https://sdp-prem-prod.premier-league-prod.pulselive.com/api/v5/competitions/8/seasons/2025/standings?live=false,200,tables[].entries[].home.goalsFor,int,/v5/competitions/{cid}/seasons/{sid}/standings,296,LIVE,
standings,https://sdp-prem-prod.premier-league-prod.pulselive.com/api/v5/competitions/8/seasons/2025/standings?live=false,200,tables[].entries[].home.lost,int,/v5/competitions/{cid}/seasons/{sid}/standings,296,LIVE,
standings,https://sdp-prem-prod.premier-league-prod.pulselive.com/api/v5/competitions/8/seasons/2025/standings?live=false,200,tables[].entries[].home.won,int,/v5/competitions/{cid}/seasons/{sid}/standings,296,LIVE,
standings,https://sdp-prem-prod.premier-league-prod.pulselive.com/api/v5/competitions/8/seasons/2025/standings?live=false,200,tables[].entries[].home.position,int,/v5/competitions/{cid}/seasons/{sid}/standings,296,LIVE,
standings,https://sdp-prem-prod.premier-league-prod.pulselive.com/api/v5/competitions/8/seasons/2025/standings?live=false,200,tables[].entries[].home.drawn,int,/v5/competitions/{cid}/seasons/{sid}/standings,296,LIVE,
standings,https://sdp-prem-prod.premier-league-prod.pulselive.com/api/v5/competitions/8/seasons/2025/standings?live=false,200,tables[].entries[].home.goalsAgainst,int,/v5/competitions/{cid}/seasons/{sid}/standings,296,LIVE,
standings,https://sdp-prem-prod.premier-league-prod.pulselive.com/api/v5/competitions/8/seasons/2025/standings?live=false,200,tables[].entries[].home.played,int,/v5/competitions/{cid}/seasons/{sid}/standings,296,LIVE,
standings,https://sdp-prem-prod.premier-league-prod.pulselive.com/api/v5/competitions/8/seasons/2025/standings?live=false,200,tables[].entries[].home.points,int,/v5/competitions/{cid}/seasons/{sid}/standings,296,LIVE,
standings,https://sdp-prem-prod.premier-league-prod.pulselive.com/api/v5/competitions/8/seasons/2025/standings?live=false,200,season,object,/v5/competitions/{cid}/seasons/{sid}/standings,296,LIVE,
standings,https://sdp-prem-prod.premier-league-prod.pulselive.com/api/v5/competitions/8/seasons/2025/standings?live=false,200,season.name,str,/v5/competitions/{cid}/seasons/{sid}/standings,296,LIVE,
standings,https://sdp-prem-prod.premier-league-prod.pulselive.com/api/v5/competitions/8/seasons/2025/standings?live=false,200,season.id,str,/v5/competitions/{cid}/seasons/{sid}/standings,296,LIVE,
standings,https://sdp-prem-prod.premier-league-prod.pulselive.com/api/v5/competitions/8/seasons/2025/standings?live=false,200,competition,object,/v5/competitions/{cid}/seasons/{sid}/standings,296,LIVE,
standings,https://sdp-prem-prod.premier-league-prod.pulselive.com/api/v5/competitions/8/seasons/2025/standings?live=false,200,competition.code,str,/v5/competitions/{cid}/seasons/{sid}/standings,296,LIVE,
standings,https://sdp-prem-prod.premier-league-prod.pulselive.com/api/v5/competitions/8/seasons/2025/standings?live=false,200,competition.name,str,/v5/competitions/{cid}/seasons/{sid}/standings,296,LIVE,
standings,https://sdp-prem-prod.premier-league-prod.pulselive.com/api/v5/competitions/8/seasons/2025/standings?live=false,200,competition.id,str,/v5/competitions/{cid}/seasons/{sid}/standings,296,LIVE,
standings,https://sdp-prem-prod.premier-league-prod.pulselive.com/api/v5/competitions/8/seasons/2025/standings?live=false,200,deductions,object,/v5/competitions/{cid}/seasons/{sid}/standings,296,LIVE,
standings,https://sdp-prem-prod.premier-league-prod.pulselive.com/api/v5/competitions/8/seasons/2025/standings?live=false,200,live,bool,/v5/competitions/{cid}/seasons/{sid}/standings,296,LIVE,
matches,https://sdp-prem-prod.premier-league-prod.pulselive.com/api/v2/matches?competition=8&season=2025&_limit=1,200,pagination,object,/v2/matches,295,LIVE,
matches,https://sdp-prem-prod.premier-league-prod.pulselive.com/api/v2/matches?competition=8&season=2025&_limit=1,200,pagination._limit,int,/v2/matches,295,LIVE,
matches,https://sdp-prem-prod.premier-league-prod.pulselive.com/api/v2/matches?competition=8&season=2025&_limit=1,200,pagination._prev,NoneType,/v2/matches,295,LIVE,
matches,https://sdp-prem-prod.premier-league-prod.pulselive.com/api/v2/matches?competition=8&season=2025&_limit=1,200,pagination._next,str,/v2/matches,295,LIVE,
matches,https://sdp-prem-prod.premier-league-prod.pulselive.com/api/v2/matches?competition=8&season=2025&_limit=1,200,data,object,/v2/matches,295,LIVE,
matches,https://sdp-prem-prod.premier-league-prod.pulselive.com/api/v2/matches?competition=8&season=2025&_limit=1,200,data[].phase,str,/v2/matches,295,LIVE,
matches,https://sdp-prem-prod.premier-league-prod.pulselive.com/api/v2/matches?competition=8&season=2025&_limit=1,200,data[].kickoffTimezone,str,/v2/matches,295,LIVE,
matches,https://sdp-prem-prod.premier-league-prod.pulselive.com/api/v2/matches?competition=8&season=2025&_limit=1,200,data[].competitionId,str,/v2/matches,295,LIVE,
matches,https://sdp-prem-prod.premier-league-prod.pulselive.com/api/v2/matches?competition=8&season=2025&_limit=1,200,data[].period,str,/v2/matches,295,LIVE,
matches,https://sdp-prem-prod.premier-league-prod.pulselive.com/api/v2/matches?competition=8&season=2025&_limit=1,200,data[].matchWeek,int,/v2/matches,295,LIVE,
matches,https://sdp-prem-prod.premier-league-prod.pulselive.com/api/v2/matches?competition=8&season=2025&_limit=1,200,data[].kickoff,str,/v2/matches,295,LIVE,
matches,https://sdp-prem-prod.premier-league-prod.pulselive.com/api/v2/matches?competition=8&season=2025&_limit=1,200,data[].awayTeam,object,/v2/matches,295,LIVE,
matches,https://sdp-prem-prod.premier-league-prod.pulselive.com/api/v2/matches?competition=8&season=2025&_limit=1,200,data[].awayTeam.score,int,/v2/matches,295,LIVE,
matches,https://sdp-prem-prod.premier-league-prod.pulselive.com/api/v2/matches?competition=8&season=2025&_limit=1,200,data[].awayTeam.name,str,/v2/matches,295,LIVE,
matches,https://sdp-prem-prod.premier-league-prod.pulselive.com/api/v2/matches?competition=8&season=2025&_limit=1,200,data[].awayTeam.id,str,/v2/matches,295,LIVE,
matches,https://sdp-prem-prod.premier-league-prod.pulselive.com/api/v2/matches?competition=8&season=2025&_limit=1,200,data[].awayTeam.halfTimeScore,int,/v2/matches,295,LIVE,
matches,https://sdp-prem-prod.premier-league-prod.pulselive.com/api/v2/matches?competition=8&season=2025&_limit=1,200,data[].awayTeam.shortName,str,/v2/matches,295,LIVE,
matches,https://sdp-prem-prod.premier-league-prod.pulselive.com/api/v2/matches?competition=8&season=2025&_limit=1,200,data[].awayTeam.abbr,str,/v2/matches,295,LIVE,
matches,https://sdp-prem-prod.premier-league-prod.pulselive.com/api/v2/matches?competition=8&season=2025&_limit=1,200,data[].awayTeam.redCards,int,/v2/matches,295,LIVE,
matches,https://sdp-prem-prod.premier-league-prod.pulselive.com/api/v2/matches?competition=8&season=2025&_limit=1,200,data[].competition,str,/v2/matches,295,LIVE,
matches,https://sdp-prem-prod.premier-league-prod.pulselive.com/api/v2/matches?competition=8&season=2025&_limit=1,200,data[].clock,str,/v2/matches,295,LIVE,
matches,https://sdp-prem-prod.premier-league-prod.pulselive.com/api/v2/matches?competition=8&season=2025&_limit=1,200,data[].kickoffTimezoneString,str,/v2/matches,295,LIVE,
matches,https://sdp-prem-prod.premier-league-prod.pulselive.com/api/v2/matches?competition=8&season=2025&_limit=1,200,data[].homeTeam,object,/v2/matches,295,LIVE,
matches,https://sdp-prem-prod.premier-league-prod.pulselive.com/api/v2/matches?competition=8&season=2025&_limit=1,200,data[].homeTeam.score,int,/v2/matches,295,LIVE,
matches,https://sdp-prem-prod.premier-league-prod.pulselive.com/api/v2/matches?competition=8&season=2025&_limit=1,200,data[].homeTeam.name,str,/v2/matches,295,LIVE,
matches,https://sdp-prem-prod.premier-league-prod.pulselive.com/api/v2/matches?competition=8&season=2025&_limit=1,200,data[].homeTeam.id,str,/v2/matches,295,LIVE,
matches,https://sdp-prem-prod.premier-league-prod.pulselive.com/api/v2/matches?competition=8&season=2025&_limit=1,200,data[].homeTeam.halfTimeScore,int,/v2/matches,295,LIVE,
matches,https://sdp-prem-prod.premier-league-prod.pulselive.com/api/v2/matches?competition=8&season=2025&_limit=1,200,data[].homeTeam.shortName,str,/v2/matches,295,LIVE,
matches,https://sdp-prem-prod.premier-league-prod.pulselive.com/api/v2/matches?competition=8&season=2025&_limit=1,200,data[].homeTeam.abbr,str,/v2/matches,295,LIVE,
matches,https://sdp-prem-prod.premier-league-prod.pulselive.com/api/v2/matches?competition=8&season=2025&_limit=1,200,data[].homeTeam.redCards,int,/v2/matches,295,LIVE,
matches,https://sdp-prem-prod.premier-league-prod.pulselive.com/api/v2/matches?competition=8&season=2025&_limit=1,200,data[].season,str,/v2/matches,295,LIVE,
matches,https://sdp-prem-prod.premier-league-prod.pulselive.com/api/v2/matches?competition=8&season=2025&_limit=1,200,data[].ground,str,/v2/matches,295,LIVE,
matches,https://sdp-prem-prod.premier-league-prod.pulselive.com/api/v2/matches?competition=8&season=2025&_limit=1,200,data[].resultType,str,/v2/matches,295,LIVE,
matches,https://sdp-prem-prod.premier-league-prod.pulselive.com/api/v2/matches?competition=8&season=2025&_limit=1,200,data[].matchId,str,/v2/matches,295,LIVE,
matches,https://sdp-prem-prod.premier-league-prod.pulselive.com/api/v2/matches?competition=8&season=2025&_limit=1,200,data[].attendance,int,/v2/matches,295,LIVE,
match_detail,https://sdp-prem-prod.premier-league-prod.pulselive.com/api/v2/matches/2561895,200,phase,str,/v2/matches/{id},294,LIVE,
match_detail,https://sdp-prem-prod.premier-league-prod.pulselive.com/api/v2/matches/2561895,200,kickoffTimezone,str,/v2/matches/{id},294,LIVE,
match_detail,https://sdp-prem-prod.premier-league-prod.pulselive.com/api/v2/matches/2561895,200,competitionId,str,/v2/matches/{id},294,LIVE,
match_detail,https://sdp-prem-prod.premier-league-prod.pulselive.com/api/v2/matches/2561895,200,period,str,/v2/matches/{id},294,LIVE,
match_detail,https://sdp-prem-prod.premier-league-prod.pulselive.com/api/v2/matches/2561895,200,matchWeek,int,/v2/matches/{id},294,LIVE,
match_detail,https://sdp-prem-prod.premier-league-prod.pulselive.com/api/v2/matches/2561895,200,kickoff,str,/v2/matches/{id},294,LIVE,
match_detail,https://sdp-prem-prod.premier-league-prod.pulselive.com/api/v2/matches/2561895,200,awayTeam,object,/v2/matches/{id},294,LIVE,
match_detail,https://sdp-prem-prod.premier-league-prod.pulselive.com/api/v2/matches/2561895,200,awayTeam.score,int,/v2/matches/{id},294,LIVE,
match_detail,https://sdp-prem-prod.premier-league-prod.pulselive.com/api/v2/matches/2561895,200,awayTeam.name,str,/v2/matches/{id},294,LIVE,
match_detail,https://sdp-prem-prod.premier-league-prod.pulselive.com/api/v2/matches/2561895,200,awayTeam.id,str,/v2/matches/{id},294,LIVE,
match_detail,https://sdp-prem-prod.premier-league-prod.pulselive.com/api/v2/matches/2561895,200,awayTeam.halfTimeScore,int,/v2/matches/{id},294,LIVE,
match_detail,https://sdp-prem-prod.premier-league-prod.pulselive.com/api/v2/matches/2561895,200,awayTeam.shortName,str,/v2/matches/{id},294,LIVE,
match_detail,https://sdp-prem-prod.premier-league-prod.pulselive.com/api/v2/matches/2561895,200,awayTeam.abbr,str,/v2/matches/{id},294,LIVE,
match_detail,https://sdp-prem-prod.premier-league-prod.pulselive.com/api/v2/matches/2561895,200,awayTeam.redCards,int,/v2/matches/{id},294,LIVE,
match_detail,https://sdp-prem-prod.premier-league-prod.pulselive.com/api/v2/matches/2561895,200,seasonInfo,object,/v2/matches/{id},294,LIVE,
match_detail,https://sdp-prem-prod.premier-league-prod.pulselive.com/api/v2/matches/2561895,200,seasonInfo.name,str,/v2/matches/{id},294,LIVE,
match_detail,https://sdp-prem-prod.premier-league-prod.pulselive.com/api/v2/matches/2561895,200,seasonInfo.id,str,/v2/matches/{id},294,LIVE,
match_detail,https://sdp-prem-prod.premier-league-prod.pulselive.com/api/v2/matches/2561895,200,competition,str,/v2/matches/{id},294,LIVE,
match_detail,https://sdp-prem-prod.premier-league-prod.pulselive.com/api/v2/matches/2561895,200,clock,str,/v2/matches/{id},294,LIVE,
match_detail,https://sdp-prem-prod.premier-league-prod.pulselive.com/api/v2/matches/2561895,200,kickoffTimezoneString,str,/v2/matches/{id},294,LIVE,
match_detail,https://sdp-prem-prod.premier-league-prod.pulselive.com/api/v2/matches/2561895,200,seasonId,str,/v2/matches/{id},294,LIVE,
match_detail,https://sdp-prem-prod.premier-league-prod.pulselive.com/api/v2/matches/2561895,200,homeTeam,object,/v2/matches/{id},294,LIVE,
match_detail,https://sdp-prem-prod.premier-league-prod.pulselive.com/api/v2/matches/2561895,200,homeTeam.score,int,/v2/matches/{id},294,LIVE,
match_detail,https://sdp-prem-prod.premier-league-prod.pulselive.com/api/v2/matches/2561895,200,homeTeam.name,str,/v2/matches/{id},294,LIVE,
match_detail,https://sdp-prem-prod.premier-league-prod.pulselive.com/api/v2/matches/2561895,200,homeTeam.id,str,/v2/matches/{id},294,LIVE,
match_detail,https://sdp-prem-prod.premier-league-prod.pulselive.com/api/v2/matches/2561895,200,homeTeam.halfTimeScore,int,/v2/matches/{id},294,LIVE,
match_detail,https://sdp-prem-prod.premier-league-prod.pulselive.com/api/v2/matches/2561895,200,homeTeam.shortName,str,/v2/matches/{id},294,LIVE,
match_detail,https://sdp-prem-prod.premier-league-prod.pulselive.com/api/v2/matches/2561895,200,homeTeam.abbr,str,/v2/matches/{id},294,LIVE,
match_detail,https://sdp-prem-prod.premier-league-prod.pulselive.com/api/v2/matches/2561895,200,homeTeam.redCards,int,/v2/matches/{id},294,LIVE,
match_detail,https://sdp-prem-prod.premier-league-prod.pulselive.com/api/v2/matches/2561895,200,ground,str,/v2/matches/{id},294,LIVE,
match_detail,https://sdp-prem-prod.premier-league-prod.pulselive.com/api/v2/matches/2561895,200,resultType,str,/v2/matches/{id},294,LIVE,
match_detail,https://sdp-prem-prod.premier-league-prod.pulselive.com/api/v2/matches/2561895,200,matchId,str,/v2/matches/{id},294,LIVE,
match_detail,https://sdp-prem-prod.premier-league-prod.pulselive.com/api/v2/matches/2561895,200,attendance,int,/v2/matches/{id},294,LIVE,
match_events,https://sdp-prem-prod.premier-league-prod.pulselive.com/api/v1/matches/2561895/events,200,awayTeam,object,/v1/matches/{id}/events,293,LIVE,
match_events,https://sdp-prem-prod.premier-league-prod.pulselive.com/api/v1/matches/2561895/events,200,awayTeam.cards,object,/v1/matches/{id}/events,293,LIVE,
match_events,https://sdp-prem-prod.premier-league-prod.pulselive.com/api/v1/matches/2561895/events,200,awayTeam.cards[].period,str,/v1/matches/{id}/events,293,LIVE,
match_events,https://sdp-prem-prod.premier-league-prod.pulselive.com/api/v1/matches/2561895/events,200,awayTeam.cards[].time,str,/v1/matches/{id}/events,293,LIVE,
match_events,https://sdp-prem-prod.premier-league-prod.pulselive.com/api/v1/matches/2561895/events,200,awayTeam.cards[].type,str,/v1/matches/{id}/events,293,LIVE,
match_events,https://sdp-prem-prod.premier-league-prod.pulselive.com/api/v1/matches/2561895/events,200,awayTeam.cards[].playerId,str,/v1/matches/{id}/events,293,LIVE,
match_events,https://sdp-prem-prod.premier-league-prod.pulselive.com/api/v1/matches/2561895/events,200,awayTeam.cards[].timestamp,str,/v1/matches/{id}/events,293,LIVE,
match_events,https://sdp-prem-prod.premier-league-prod.pulselive.com/api/v1/matches/2561895/events,200,awayTeam.subs,object,/v1/matches/{id}/events,293,LIVE,
match_events,https://sdp-prem-prod.premier-league-prod.pulselive.com/api/v1/matches/2561895/events,200,awayTeam.subs[].period,str,/v1/matches/{id}/events,293,LIVE,
match_events,https://sdp-prem-prod.premier-league-prod.pulselive.com/api/v1/matches/2561895/events,200,awayTeam.subs[].playerOnId,str,/v1/matches/{id}/events,293,LIVE,
match_events,https://sdp-prem-prod.premier-league-prod.pulselive.com/api/v1/matches/2561895/events,200,awayTeam.subs[].playerOffId,str,/v1/matches/{id}/events,293,LIVE,
match_events,https://sdp-prem-prod.premier-league-prod.pulselive.com/api/v1/matches/2561895/events,200,awayTeam.subs[].time,str,/v1/matches/{id}/events,293,LIVE,
match_events,https://sdp-prem-prod.premier-league-prod.pulselive.com/api/v1/matches/2561895/events,200,awayTeam.subs[].timestamp,str,/v1/matches/{id}/events,293,LIVE,
match_events,https://sdp-prem-prod.premier-league-prod.pulselive.com/api/v1/matches/2561895/events,200,awayTeam.name,str,/v1/matches/{id}/events,293,LIVE,
match_events,https://sdp-prem-prod.premier-league-prod.pulselive.com/api/v1/matches/2561895/events,200,awayTeam.id,str,/v1/matches/{id}/events,293,LIVE,
match_events,https://sdp-prem-prod.premier-league-prod.pulselive.com/api/v1/matches/2561895/events,200,awayTeam.shortName,str,/v1/matches/{id}/events,293,LIVE,
match_events,https://sdp-prem-prod.premier-league-prod.pulselive.com/api/v1/matches/2561895/events,200,awayTeam.goals,object,/v1/matches/{id}/events,293,LIVE,
match_events,https://sdp-prem-prod.premier-league-prod.pulselive.com/api/v1/matches/2561895/events,200,awayTeam.goals[].goalType,str,/v1/matches/{id}/events,293,LIVE,
match_events,https://sdp-prem-prod.premier-league-prod.pulselive.com/api/v1/matches/2561895/events,200,awayTeam.goals[].period,str,/v1/matches/{id}/events,293,LIVE,
match_events,https://sdp-prem-prod.premier-league-prod.pulselive.com/api/v1/matches/2561895/events,200,awayTeam.goals[].assistPlayerId,str,/v1/matches/{id}/events,293,LIVE,
match_events,https://sdp-prem-prod.premier-league-prod.pulselive.com/api/v1/matches/2561895/events,200,awayTeam.goals[].time,str,/v1/matches/{id}/events,293,LIVE,
match_events,https://sdp-prem-prod.premier-league-prod.pulselive.com/api/v1/matches/2561895/events,200,awayTeam.goals[].playerId,str,/v1/matches/{id}/events,293,LIVE,
match_events,https://sdp-prem-prod.premier-league-prod.pulselive.com/api/v1/matches/2561895/events,200,awayTeam.goals[].timestamp,str,/v1/matches/{id}/events,293,LIVE,
match_events,https://sdp-prem-prod.premier-league-prod.pulselive.com/api/v1/matches/2561895/events,200,homeTeam,object,/v1/matches/{id}/events,293,LIVE,
match_events,https://sdp-prem-prod.premier-league-prod.pulselive.com/api/v1/matches/2561895/events,200,homeTeam.cards,object,/v1/matches/{id}/events,293,LIVE,
match_events,https://sdp-prem-prod.premier-league-prod.pulselive.com/api/v1/matches/2561895/events,200,homeTeam.cards[].period,str,/v1/matches/{id}/events,293,LIVE,
match_events,https://sdp-prem-prod.premier-league-prod.pulselive.com/api/v1/matches/2561895/events,200,homeTeam.cards[].time,str,/v1/matches/{id}/events,293,LIVE,
match_events,https://sdp-prem-prod.premier-league-prod.pulselive.com/api/v1/matches/2561895/events,200,homeTeam.cards[].type,str,/v1/matches/{id}/events,293,LIVE,
match_events,https://sdp-prem-prod.premier-league-prod.pulselive.com/api/v1/matches/2561895/events,200,homeTeam.cards[].playerId,str,/v1/matches/{id}/events,293,LIVE,
match_events,https://sdp-prem-prod.premier-league-prod.pulselive.com/api/v1/matches/2561895/events,200,homeTeam.cards[].timestamp,str,/v1/matches/{id}/events,293,LIVE,
match_events,https://sdp-prem-prod.premier-league-prod.pulselive.com/api/v1/matches/2561895/events,200,homeTeam.subs,object,/v1/matches/{id}/events,293,LIVE,
match_events,https://sdp-prem-prod.premier-league-prod.pulselive.com/api/v1/matches/2561895/events,200,homeTeam.subs[].period,str,/v1/matches/{id}/events,293,LIVE,
match_events,https://sdp-prem-prod.premier-league-prod.pulselive.com/api/v1/matches/2561895/events,200,homeTeam.subs[].playerOnId,str,/v1/matches/{id}/events,293,LIVE,
match_events,https://sdp-prem-prod.premier-league-prod.pulselive.com/api/v1/matches/2561895/events,200,homeTeam.subs[].playerOffId,str,/v1/matches/{id}/events,293,LIVE,
match_events,https://sdp-prem-prod.premier-league-prod.pulselive.com/api/v1/matches/2561895/events,200,homeTeam.subs[].time,str,/v1/matches/{id}/events,293,LIVE,
match_events,https://sdp-prem-prod.premier-league-prod.pulselive.com/api/v1/matches/2561895/events,200,homeTeam.subs[].timestamp,str,/v1/matches/{id}/events,293,LIVE,
match_events,https://sdp-prem-prod.premier-league-prod.pulselive.com/api/v1/matches/2561895/events,200,homeTeam.name,str,/v1/matches/{id}/events,293,LIVE,
match_events,https://sdp-prem-prod.premier-league-prod.pulselive.com/api/v1/matches/2561895/events,200,homeTeam.id,str,/v1/matches/{id}/events,293,LIVE,
match_events,https://sdp-prem-prod.premier-league-prod.pulselive.com/api/v1/matches/2561895/events,200,homeTeam.shortName,str,/v1/matches/{id}/events,293,LIVE,
match_events,https://sdp-prem-prod.premier-league-prod.pulselive.com/api/v1/matches/2561895/events,200,homeTeam.goals,object,/v1/matches/{id}/events,293,LIVE,
match_events,https://sdp-prem-prod.premier-league-prod.pulselive.com/api/v1/matches/2561895/events,200,homeTeam.goals[].goalType,str,/v1/matches/{id}/events,293,LIVE,
match_events,https://sdp-prem-prod.premier-league-prod.pulselive.com/api/v1/matches/2561895/events,200,homeTeam.goals[].period,str,/v1/matches/{id}/events,293,LIVE,
match_events,https://sdp-prem-prod.premier-league-prod.pulselive.com/api/v1/matches/2561895/events,200,homeTeam.goals[].assistPlayerId,str,/v1/matches/{id}/events,293,LIVE,
match_events,https://sdp-prem-prod.premier-league-prod.pulselive.com/api/v1/matches/2561895/events,200,homeTeam.goals[].time,str,/v1/matches/{id}/events,293,LIVE,
match_events,https://sdp-prem-prod.premier-league-prod.pulselive.com/api/v1/matches/2561895/events,200,homeTeam.goals[].playerId,str,/v1/matches/{id}/events,293,LIVE,
match_events,https://sdp-prem-prod.premier-league-prod.pulselive.com/api/v1/matches/2561895/events,200,homeTeam.goals[].timestamp,str,/v1/matches/{id}/events,293,LIVE,
match_lineups,https://sdp-prem-prod.premier-league-prod.pulselive.com/api/v3/matches/2561895/lineups,200,home_team,object,/v3/matches/{id}/lineups,292,LIVE,
match_lineups,https://sdp-prem-prod.premier-league-prod.pulselive.com/api/v3/matches/2561895/lineups,200,home_team.players,object,/v3/matches/{id}/lineups,292,LIVE,
match_lineups,https://sdp-prem-prod.premier-league-prod.pulselive.com/api/v3/matches/2561895/lineups,200,home_team.players[].firstName,str,/v3/matches/{id}/lineups,292,LIVE,
match_lineups,https://sdp-prem-prod.premier-league-prod.pulselive.com/api/v3/matches/2561895/lineups,200,home_team.players[].lastName,str,/v3/matches/{id}/lineups,292,LIVE,
match_lineups,https://sdp-prem-prod.premier-league-prod.pulselive.com/api/v3/matches/2561895/lineups,200,home_team.players[].shirtNum,str,/v3/matches/{id}/lineups,292,LIVE,
match_lineups,https://sdp-prem-prod.premier-league-prod.pulselive.com/api/v3/matches/2561895/lineups,200,home_team.players[].isCaptain,bool,/v3/matches/{id}/lineups,292,LIVE,
match_lineups,https://sdp-prem-prod.premier-league-prod.pulselive.com/api/v3/matches/2561895/lineups,200,home_team.players[].id,str,/v3/matches/{id}/lineups,292,LIVE,
match_lineups,https://sdp-prem-prod.premier-league-prod.pulselive.com/api/v3/matches/2561895/lineups,200,home_team.players[].position,str,/v3/matches/{id}/lineups,292,LIVE,
match_lineups,https://sdp-prem-prod.premier-league-prod.pulselive.com/api/v3/matches/2561895/lineups,200,home_team.players[].knownName,str,/v3/matches/{id}/lineups,292,LIVE,
match_lineups,https://sdp-prem-prod.premier-league-prod.pulselive.com/api/v3/matches/2561895/lineups,200,home_team.teamId,str,/v3/matches/{id}/lineups,292,LIVE,
match_lineups,https://sdp-prem-prod.premier-league-prod.pulselive.com/api/v3/matches/2561895/lineups,200,home_team.formation,object,/v3/matches/{id}/lineups,292,LIVE,
match_lineups,https://sdp-prem-prod.premier-league-prod.pulselive.com/api/v3/matches/2561895/lineups,200,home_team.formation.subs,object,/v3/matches/{id}/lineups,292,LIVE,
match_lineups,https://sdp-prem-prod.premier-league-prod.pulselive.com/api/v3/matches/2561895/lineups,200,home_team.formation.teamId,str,/v3/matches/{id}/lineups,292,LIVE,
match_lineups,https://sdp-prem-prod.premier-league-prod.pulselive.com/api/v3/matches/2561895/lineups,200,home_team.formation.lineup,object,/v3/matches/{id}/lineups,292,LIVE,
match_lineups,https://sdp-prem-prod.premier-league-prod.pulselive.com/api/v3/matches/2561895/lineups,200,home_team.formation.formation,str,/v3/matches/{id}/lineups,292,LIVE,
match_lineups,https://sdp-prem-prod.premier-league-prod.pulselive.com/api/v3/matches/2561895/lineups,200,home_team.managers,object,/v3/matches/{id}/lineups,292,LIVE,
match_lineups,https://sdp-prem-prod.premier-league-prod.pulselive.com/api/v3/matches/2561895/lineups,200,home_team.managers[].firstName,str,/v3/matches/{id}/lineups,292,LIVE,
match_lineups,https://sdp-prem-prod.premier-league-prod.pulselive.com/api/v3/matches/2561895/lineups,200,home_team.managers[].lastName,str,/v3/matches/{id}/lineups,292,LIVE,
match_lineups,https://sdp-prem-prod.premier-league-prod.pulselive.com/api/v3/matches/2561895/lineups,200,home_team.managers[].id,str,/v3/matches/{id}/lineups,292,LIVE,
match_lineups,https://sdp-prem-prod.premier-league-prod.pulselive.com/api/v3/matches/2561895/lineups,200,home_team.managers[].type,str,/v3/matches/{id}/lineups,292,LIVE,
match_lineups,https://sdp-prem-prod.premier-league-prod.pulselive.com/api/v3/matches/2561895/lineups,200,away_team,object,/v3/matches/{id}/lineups,292,LIVE,
match_lineups,https://sdp-prem-prod.premier-league-prod.pulselive.com/api/v3/matches/2561895/lineups,200,away_team.players,object,/v3/matches/{id}/lineups,292,LIVE,
match_lineups,https://sdp-prem-prod.premier-league-prod.pulselive.com/api/v3/matches/2561895/lineups,200,away_team.players[].firstName,str,/v3/matches/{id}/lineups,292,LIVE,
match_lineups,https://sdp-prem-prod.premier-league-prod.pulselive.com/api/v3/matches/2561895/lineups,200,away_team.players[].lastName,str,/v3/matches/{id}/lineups,292,LIVE,
match_lineups,https://sdp-prem-prod.premier-league-prod.pulselive.com/api/v3/matches/2561895/lineups,200,away_team.players[].shirtNum,str,/v3/matches/{id}/lineups,292,LIVE,
match_lineups,https://sdp-prem-prod.premier-league-prod.pulselive.com/api/v3/matches/2561895/lineups,200,away_team.players[].isCaptain,bool,/v3/matches/{id}/lineups,292,LIVE,
match_lineups,https://sdp-prem-prod.premier-league-prod.pulselive.com/api/v3/matches/2561895/lineups,200,away_team.players[].id,str,/v3/matches/{id}/lineups,292,LIVE,
match_lineups,https://sdp-prem-prod.premier-league-prod.pulselive.com/api/v3/matches/2561895/lineups,200,away_team.players[].position,str,/v3/matches/{id}/lineups,292,LIVE,
match_lineups,https://sdp-prem-prod.premier-league-prod.pulselive.com/api/v3/matches/2561895/lineups,200,away_team.teamId,str,/v3/matches/{id}/lineups,292,LIVE,
match_lineups,https://sdp-prem-prod.premier-league-prod.pulselive.com/api/v3/matches/2561895/lineups,200,away_team.formation,object,/v3/matches/{id}/lineups,292,LIVE,
match_lineups,https://sdp-prem-prod.premier-league-prod.pulselive.com/api/v3/matches/2561895/lineups,200,away_team.formation.subs,object,/v3/matches/{id}/lineups,292,LIVE,
match_lineups,https://sdp-prem-prod.premier-league-prod.pulselive.com/api/v3/matches/2561895/lineups,200,away_team.formation.teamId,str,/v3/matches/{id}/lineups,292,LIVE,
match_lineups,https://sdp-prem-prod.premier-league-prod.pulselive.com/api/v3/matches/2561895/lineups,200,away_team.formation.lineup,object,/v3/matches/{id}/lineups,292,LIVE,
match_lineups,https://sdp-prem-prod.premier-league-prod.pulselive.com/api/v3/matches/2561895/lineups,200,away_team.formation.formation,str,/v3/matches/{id}/lineups,292,LIVE,
match_lineups,https://sdp-prem-prod.premier-league-prod.pulselive.com/api/v3/matches/2561895/lineups,200,away_team.managers,object,/v3/matches/{id}/lineups,292,LIVE,
match_lineups,https://sdp-prem-prod.premier-league-prod.pulselive.com/api/v3/matches/2561895/lineups,200,away_team.managers[].firstName,str,/v3/matches/{id}/lineups,292,LIVE,
match_lineups,https://sdp-prem-prod.premier-league-prod.pulselive.com/api/v3/matches/2561895/lineups,200,away_team.managers[].lastName,str,/v3/matches/{id}/lineups,292,LIVE,
match_lineups,https://sdp-prem-prod.premier-league-prod.pulselive.com/api/v3/matches/2561895/lineups,200,away_team.managers[].id,str,/v3/matches/{id}/lineups,292,LIVE,
match_lineups,https://sdp-prem-prod.premier-league-prod.pulselive.com/api/v3/matches/2561895/lineups,200,away_team.managers[].type,str,/v3/matches/{id}/lineups,292,LIVE,
match_stats,https://sdp-prem-prod.premier-league-prod.pulselive.com/api/v3/matches/2561895/stats,200,,list,/v3/matches/{mid}/stats,291,LIVE,
match_officials,https://sdp-prem-prod.premier-league-prod.pulselive.com/api/v1/matches/2561895/officials,200,matchId,str,/v1/matches/{id}/officials,290,LIVE,
match_officials,https://sdp-prem-prod.premier-league-prod.pulselive.com/api/v1/matches/2561895/officials,200,matchOfficials,object,/v1/matches/{id}/officials,290,LIVE,
match_officials,https://sdp-prem-prod.premier-league-prod.pulselive.com/api/v1/matches/2561895/officials,200,matchOfficials[].official,object,/v1/matches/{id}/officials,290,LIVE,
match_officials,https://sdp-prem-prod.premier-league-prod.pulselive.com/api/v1/matches/2561895/officials,200,matchOfficials[].official.firstName,str,/v1/matches/{id}/officials,290,LIVE,
match_officials,https://sdp-prem-prod.premier-league-prod.pulselive.com/api/v1/matches/2561895/officials,200,matchOfficials[].official.lastName,str,/v1/matches/{id}/officials,290,LIVE,
match_officials,https://sdp-prem-prod.premier-league-prod.pulselive.com/api/v1/matches/2561895/officials,200,matchOfficials[].official.name,str,/v1/matches/{id}/officials,290,LIVE,
match_officials,https://sdp-prem-prod.premier-league-prod.pulselive.com/api/v1/matches/2561895/officials,200,matchOfficials[].type,str,/v1/matches/{id}/officials,290,LIVE,
match_commentary,https://sdp-prem-prod.premier-league-prod.pulselive.com/api/v1/matches/2561895/commentary?_limit=2&_sort=timestamp:desc,200,pagination,object,/v1/matches/{id}/commentary,289,LIVE,
match_commentary,https://sdp-prem-prod.premier-league-prod.pulselive.com/api/v1/matches/2561895/commentary?_limit=2&_sort=timestamp:desc,200,pagination._limit,int,/v1/matches/{id}/commentary,289,LIVE,
match_commentary,https://sdp-prem-prod.premier-league-prod.pulselive.com/api/v1/matches/2561895/commentary?_limit=2&_sort=timestamp:desc,200,pagination._prev,NoneType,/v1/matches/{id}/commentary,289,LIVE,
match_commentary,https://sdp-prem-prod.premier-league-prod.pulselive.com/api/v1/matches/2561895/commentary?_limit=2&_sort=timestamp:desc,200,pagination._next,str,/v1/matches/{id}/commentary,289,LIVE,
match_commentary,https://sdp-prem-prod.premier-league-prod.pulselive.com/api/v1/matches/2561895/commentary?_limit=2&_sort=timestamp:desc,200,data,object,/v1/matches/{id}/commentary,289,LIVE,
match_commentary,https://sdp-prem-prod.premier-league-prod.pulselive.com/api/v1/matches/2561895/commentary?_limit=2&_sort=timestamp:desc,200,data[].team1,str,/v1/matches/{id}/commentary,289,LIVE,
match_commentary,https://sdp-prem-prod.premier-league-prod.pulselive.com/api/v1/matches/2561895/commentary?_limit=2&_sort=timestamp:desc,200,data[].team2,str,/v1/matches/{id}/commentary,289,LIVE,
match_commentary,https://sdp-prem-prod.premier-league-prod.pulselive.com/api/v1/matches/2561895/commentary?_limit=2&_sort=timestamp:desc,200,data[].comment,str,/v1/matches/{id}/commentary,289,LIVE,
match_commentary,https://sdp-prem-prod.premier-league-prod.pulselive.com/api/v1/matches/2561895/commentary?_limit=2&_sort=timestamp:desc,200,data[].time,str,/v1/matches/{id}/commentary,289,LIVE,
match_commentary,https://sdp-prem-prod.premier-league-prod.pulselive.com/api/v1/matches/2561895/commentary?_limit=2&_sort=timestamp:desc,200,data[].type,str,/v1/matches/{id}/commentary,289,LIVE,
match_commentary,https://sdp-prem-prod.premier-league-prod.pulselive.com/api/v1/matches/2561895/commentary?_limit=2&_sort=timestamp:desc,200,data[].timestamp,str,/v1/matches/{id}/commentary,289,LIVE,
team_squad,https://sdp-prem-prod.premier-league-prod.pulselive.com/api/v2/competitions/8/seasons/2025/teams/14/squad,200,players,object,/v2/competitions/{cid}/seasons/{sid}/teams/{tid}/squad,288,LIVE,
team_squad,https://sdp-prem-prod.premier-league-prod.pulselive.com/api/v2/competitions/8/seasons/2025/teams/14/squad,200,players[].country,object,/v2/competitions/{cid}/seasons/{sid}/teams/{tid}/squad,288,LIVE,
team_squad,https://sdp-prem-prod.premier-league-prod.pulselive.com/api/v2/competitions/8/seasons/2025/teams/14/squad,200,players[].country.isoCode,str,/v2/competitions/{cid}/seasons/{sid}/teams/{tid}/squad,288,LIVE,
team_squad,https://sdp-prem-prod.premier-league-prod.pulselive.com/api/v2/competitions/8/seasons/2025/teams/14/squad,200,players[].country.country,str,/v2/competitions/{cid}/seasons/{sid}/teams/{tid}/squad,288,LIVE,
team_squad,https://sdp-prem-prod.premier-league-prod.pulselive.com/api/v2/competitions/8/seasons/2025/teams/14/squad,200,players[].country.demonym,str,/v2/competitions/{cid}/seasons/{sid}/teams/{tid}/squad,288,LIVE,
team_squad,https://sdp-prem-prod.premier-league-prod.pulselive.com/api/v2/competitions/8/seasons/2025/teams/14/squad,200,players[].loan,int,/v2/competitions/{cid}/seasons/{sid}/teams/{tid}/squad,288,LIVE,
team_squad,https://sdp-prem-prod.premier-league-prod.pulselive.com/api/v2/competitions/8/seasons/2025/teams/14/squad,200,players[].countryOfBirth,str,/v2/competitions/{cid}/seasons/{sid}/teams/{tid}/squad,288,LIVE,
team_squad,https://sdp-prem-prod.premier-league-prod.pulselive.com/api/v2/competitions/8/seasons/2025/teams/14/squad,200,players[].name,object,/v2/competitions/{cid}/seasons/{sid}/teams/{tid}/squad,288,LIVE,
team_squad,https://sdp-prem-prod.premier-league-prod.pulselive.com/api/v2/competitions/8/seasons/2025/teams/14/squad,200,players[].name.last,str,/v2/competitions/{cid}/seasons/{sid}/teams/{tid}/squad,288,LIVE,
team_squad,https://sdp-prem-prod.premier-league-prod.pulselive.com/api/v2/competitions/8/seasons/2025/teams/14/squad,200,players[].name.display,str,/v2/competitions/{cid}/seasons/{sid}/teams/{tid}/squad,288,LIVE,
team_squad,https://sdp-prem-prod.premier-league-prod.pulselive.com/api/v2/competitions/8/seasons/2025/teams/14/squad,200,players[].name.first,str,/v2/competitions/{cid}/seasons/{sid}/teams/{tid}/squad,288,LIVE,
team_squad,https://sdp-prem-prod.premier-league-prod.pulselive.com/api/v2/competitions/8/seasons/2025/teams/14/squad,200,players[].shirtNum,int,/v2/competitions/{cid}/seasons/{sid}/teams/{tid}/squad,288,LIVE,
team_squad,https://sdp-prem-prod.premier-league-prod.pulselive.com/api/v2/competitions/8/seasons/2025/teams/14/squad,200,players[].weight,int,/v2/competitions/{cid}/seasons/{sid}/teams/{tid}/squad,288,LIVE,
team_squad,https://sdp-prem-prod.premier-league-prod.pulselive.com/api/v2/competitions/8/seasons/2025/teams/14/squad,200,players[].dates,object,/v2/competitions/{cid}/seasons/{sid}/teams/{tid}/squad,288,LIVE,
team_squad,https://sdp-prem-prod.premier-league-prod.pulselive.com/api/v2/competitions/8/seasons/2025/teams/14/squad,200,players[].dates.joinedClub,str,/v2/competitions/{cid}/seasons/{sid}/teams/{tid}/squad,288,LIVE,
team_squad,https://sdp-prem-prod.premier-league-prod.pulselive.com/api/v2/competitions/8/seasons/2025/teams/14/squad,200,players[].dates.birth,str,/v2/competitions/{cid}/seasons/{sid}/teams/{tid}/squad,288,LIVE,
team_squad,https://sdp-prem-prod.premier-league-prod.pulselive.com/api/v2/competitions/8/seasons/2025/teams/14/squad,200,players[].id,str,/v2/competitions/{cid}/seasons/{sid}/teams/{tid}/squad,288,LIVE,
team_squad,https://sdp-prem-prod.premier-league-prod.pulselive.com/api/v2/competitions/8/seasons/2025/teams/14/squad,200,players[].position,str,/v2/competitions/{cid}/seasons/{sid}/teams/{tid}/squad,288,LIVE,
team_squad,https://sdp-prem-prod.premier-league-prod.pulselive.com/api/v2/competitions/8/seasons/2025/teams/14/squad,200,players[].preferredFoot,str,/v2/competitions/{cid}/seasons/{sid}/teams/{tid}/squad,288,LIVE,
team_squad,https://sdp-prem-prod.premier-league-prod.pulselive.com/api/v2/competitions/8/seasons/2025/teams/14/squad,200,players[].height,int,/v2/competitions/{cid}/seasons/{sid}/teams/{tid}/squad,288,LIVE,
team_squad,https://sdp-prem-prod.premier-league-prod.pulselive.com/api/v2/competitions/8/seasons/2025/teams/14/squad,200,id,object,/v2/competitions/{cid}/seasons/{sid}/teams/{tid}/squad,288,LIVE,
team_squad,https://sdp-prem-prod.premier-league-prod.pulselive.com/api/v2/competitions/8/seasons/2025/teams/14/squad,200,id.competitionId,str,/v2/competitions/{cid}/seasons/{sid}/teams/{tid}/squad,288,LIVE,
team_squad,https://sdp-prem-prod.premier-league-prod.pulselive.com/api/v2/competitions/8/seasons/2025/teams/14/squad,200,id.seasonId,str,/v2/competitions/{cid}/seasons/{sid}/teams/{tid}/squad,288,LIVE,
team_squad,https://sdp-prem-prod.premier-league-prod.pulselive.com/api/v2/competitions/8/seasons/2025/teams/14/squad,200,team,object,/v2/competitions/{cid}/seasons/{sid}/teams/{tid}/squad,288,LIVE,
team_squad,https://sdp-prem-prod.premier-league-prod.pulselive.com/api/v2/competitions/8/seasons/2025/teams/14/squad,200,team.name,str,/v2/competitions/{cid}/seasons/{sid}/teams/{tid}/squad,288,LIVE,
team_squad,https://sdp-prem-prod.premier-league-prod.pulselive.com/api/v2/competitions/8/seasons/2025/teams/14/squad,200,team.id,str,/v2/competitions/{cid}/seasons/{sid}/teams/{tid}/squad,288,LIVE,
team_squad,https://sdp-prem-prod.premier-league-prod.pulselive.com/api/v2/competitions/8/seasons/2025/teams/14/squad,200,team.shortName,str,/v2/competitions/{cid}/seasons/{sid}/teams/{tid}/squad,288,LIVE,
team_form,https://sdp-prem-prod.premier-league-prod.pulselive.com/api/v1/competitions/8/seasons/2025/teams/14/form?competitions=8&seasons=2025,200,,list,/v1/competitions/{cid}/seasons/{sid}/teams/{tid}/form,287,LIVE,
team_stats,https://sdp-prem-prod.premier-league-prod.pulselive.com/api/v1/competitions/8/teams/14/stats,200,stats,object,/v1/competitions/{cid}/teams/{tid}/stats,286,LIVE,
team_stats,https://sdp-prem-prod.premier-league-prod.pulselive.com/api/v1/competitions/8/teams/14/stats,200,stats.duelsLost,float,/v1/competitions/{cid}/teams/{tid}/stats,286,LIVE,
team_stats,https://sdp-prem-prod.premier-league-prod.pulselive.com/api/v1/competitions/8/teams/14/stats,200,stats.penaltiesSaved,float,/v1/competitions/{cid}/teams/{tid}/stats,286,LIVE,
team_stats,https://sdp-prem-prod.premier-league-prod.pulselive.com/api/v1/competitions/8/teams/14/stats,200,stats.fiftyFifty,float,/v1/competitions/{cid}/teams/{tid}/stats,286,LIVE,
team_stats,https://sdp-prem-prod.premier-league-prod.pulselive.com/api/v1/competitions/8/teams/14/stats,200,stats.blockedShots,float,/v1/competitions/{cid}/teams/{tid}/stats,286,LIVE,
team_stats,https://sdp-prem-prod.premier-league-prod.pulselive.com/api/v1/competitions/8/teams/14/stats,200,stats.shotsOnTargetIncGoals,float,/v1/competitions/{cid}/teams/{tid}/stats,286,LIVE,
team_stats,https://sdp-prem-prod.premier-league-prod.pulselive.com/api/v1/competitions/8/teams/14/stats,200,stats.expectedGoalsOnTarget,float,/v1/competitions/{cid}/teams/{tid}/stats,286,LIVE,
team_stats,https://sdp-prem-prod.premier-league-prod.pulselive.com/api/v1/competitions/8/teams/14/stats,200,stats.gamesPlayed,float,/v1/competitions/{cid}/teams/{tid}/stats,286,LIVE,
team_stats,https://sdp-prem-prod.premier-league-prod.pulselive.com/api/v1/competitions/8/teams/14/stats,200,stats.setPiecesGoals,float,/v1/competitions/{cid}/teams/{tid}/stats,286,LIVE,
team_stats,https://sdp-prem-prod.premier-league-prod.pulselive.com/api/v1/competitions/8/teams/14/stats,200,stats.successfulFiftyFifty,float,/v1/competitions/{cid}/teams/{tid}/stats,286,LIVE,
team_stats,https://sdp-prem-prod.premier-league-prod.pulselive.com/api/v1/competitions/8/teams/14/stats,200,stats.totalPasses,float,/v1/competitions/{cid}/teams/{tid}/stats,286,LIVE,
team_stats,https://sdp-prem-prod.premier-league-prod.pulselive.com/api/v1/competitions/8/teams/14/stats,200,stats.goals,float,/v1/competitions/{cid}/teams/{tid}/stats,286,LIVE,
team_stats,https://sdp-prem-prod.premier-league-prod.pulselive.com/api/v1/competitions/8/teams/14/stats,200,stats.offsides,float,/v1/competitions/{cid}/teams/{tid}/stats,286,LIVE,
team_stats,https://sdp-prem-prod.premier-league-prod.pulselive.com/api/v1/competitions/8/teams/14/stats,200,stats.awayGoals,float,/v1/competitions/{cid}/teams/{tid}/stats,286,LIVE,
team_stats,https://sdp-prem-prod.premier-league-prod.pulselive.com/api/v1/competitions/8/teams/14/stats,200,stats.oboxBlocked,float,/v1/competitions/{cid}/teams/{tid}/stats,286,LIVE,
team_stats,https://sdp-prem-prod.premier-league-prod.pulselive.com/api/v1/competitions/8/teams/14/stats,200,stats.index,float,/v1/competitions/{cid}/teams/{tid}/stats,286,LIVE,
team_stats,https://sdp-prem-prod.premier-league-prod.pulselive.com/api/v1/competitions/8/teams/14/stats,200,stats.iboxTarget,float,/v1/competitions/{cid}/teams/{tid}/stats,286,LIVE,
team_stats,https://sdp-prem-prod.premier-league-prod.pulselive.com/api/v1/competitions/8/teams/14/stats,200,stats.aerialDuelsLost,float,/v1/competitions/{cid}/teams/{tid}/stats,286,LIVE,
team_stats,https://sdp-prem-prod.premier-league-prod.pulselive.com/api/v1/competitions/8/teams/14/stats,200,stats.goalsConcededOutsideBox,float,/v1/competitions/{cid}/teams/{tid}/stats,286,LIVE,
team_stats,https://sdp-prem-prod.premier-league-prod.pulselive.com/api/v1/competitions/8/teams/14/stats,200,stats.ownGoalsAccrued,float,/v1/competitions/{cid}/teams/{tid}/stats,286,LIVE,
team_stats,https://sdp-prem-prod.premier-league-prod.pulselive.com/api/v1/competitions/8/teams/14/stats,200,stats.groundDuelsWon,float,/v1/competitions/{cid}/teams/{tid}/stats,286,LIVE,
team_stats,https://sdp-prem-prod.premier-league-prod.pulselive.com/api/v1/competitions/8/teams/14/stats,200,stats.successfulCornersIntoBox,float,/v1/competitions/{cid}/teams/{tid}/stats,286,LIVE,
team_stats,https://sdp-prem-prod.premier-league-prod.pulselive.com/api/v1/competitions/8/teams/14/stats,200,stats.penaltyGoalsConceded,float,/v1/competitions/{cid}/teams/{tid}/stats,286,LIVE,
team_stats,https://sdp-prem-prod.premier-league-prod.pulselive.com/api/v1/competitions/8/teams/14/stats,200,stats.expectedGoalsOnTargetConceded,float,/v1/competitions/{cid}/teams/{tid}/stats,286,LIVE,
team_stats,https://sdp-prem-prod.premier-league-prod.pulselive.com/api/v1/competitions/8/teams/14/stats,200,stats.keyPassesAttemptAssists,float,/v1/competitions/{cid}/teams/{tid}/stats,286,LIVE,
team_stats,https://sdp-prem-prod.premier-league-prod.pulselive.com/api/v1/competitions/8/teams/14/stats,200,stats.successfulLaunches,float,/v1/competitions/{cid}/teams/{tid}/stats,286,LIVE,
team_stats,https://sdp-prem-prod.premier-league-prod.pulselive.com/api/v1/competitions/8/teams/14/stats,200,stats.totalFoulsWon,float,/v1/competitions/{cid}/teams/{tid}/stats,286,LIVE,
team_stats,https://sdp-prem-prod.premier-league-prod.pulselive.com/api/v1/competitions/8/teams/14/stats,200,stats.recoveries,float,/v1/competitions/{cid}/teams/{tid}/stats,286,LIVE,
team_stats,https://sdp-prem-prod.premier-league-prod.pulselive.com/api/v1/competitions/8/teams/14/stats,200,stats.pointsGainedFromLosingPositions,float,/v1/competitions/{cid}/teams/{tid}/stats,286,LIVE,
team_stats,https://sdp-prem-prod.premier-league-prod.pulselive.com/api/v1/competitions/8/teams/14/stats,200,stats.shotsOnConcededInsideBox,float,/v1/competitions/{cid}/teams/{tid}/stats,286,LIVE,
team_stats,https://sdp-prem-prod.premier-league-prod.pulselive.com/api/v1/competitions/8/teams/14/stats,200,stats.rightFootGoals,float,/v1/competitions/{cid}/teams/{tid}/stats,286,LIVE,
team_stats,https://sdp-prem-prod.premier-league-prod.pulselive.com/api/v1/competitions/8/teams/14/stats,200,stats.leftFootGoals,float,/v1/competitions/{cid}/teams/{tid}/stats,286,LIVE,
team_stats,https://sdp-prem-prod.premier-league-prod.pulselive.com/api/v1/competitions/8/teams/14/stats,200,stats.unsuccessfulDribbles,float,/v1/competitions/{cid}/teams/{tid}/stats,286,LIVE,
team_stats,https://sdp-prem-prod.premier-league-prod.pulselive.com/api/v1/competitions/8/teams/14/stats,200,stats.unsuccessfulCrossesAndCorners,float,/v1/competitions/{cid}/teams/{tid}/stats,286,LIVE,
team_stats,https://sdp-prem-prod.premier-league-prod.pulselive.com/api/v1/competitions/8/teams/14/stats,200,stats.otherGoals,float,/v1/competitions/{cid}/teams/{tid}/stats,286,LIVE,
team_stats,https://sdp-prem-prod.premier-league-prod.pulselive.com/api/v1/competitions/8/teams/14/stats,200,stats.timesTackled,float,/v1/competitions/{cid}/teams/{tid}/stats,286,LIVE,
team_stats,https://sdp-prem-prod.premier-league-prod.pulselive.com/api/v1/competitions/8/teams/14/stats,200,stats.freekickTotal,float,/v1/competitions/{cid}/teams/{tid}/stats,286,LIVE,
team_stats,https://sdp-prem-prod.premier-league-prod.pulselive.com/api/v1/competitions/8/teams/14/stats,200,stats.openPlayPasses,float,/v1/competitions/{cid}/teams/{tid}/stats,286,LIVE,
team_stats,https://sdp-prem-prod.premier-league-prod.pulselive.com/api/v1/competitions/8/teams/14/stats,200,stats.gkSuccessfulDistribution,float,/v1/competitions/{cid}/teams/{tid}/stats,286,LIVE,
team_stats,https://sdp-prem-prod.premier-league-prod.pulselive.com/api/v1/competitions/8/teams/14/stats,200,stats.shotsOffTargetIncWoodwork,float,/v1/competitions/{cid}/teams/{tid}/stats,286,LIVE,
team_stats,https://sdp-prem-prod.premier-league-prod.pulselive.com/api/v1/competitions/8/teams/14/stats,200,stats.totalLossesOfPossession,float,/v1/competitions/{cid}/teams/{tid}/stats,286,LIVE,
team_stats,https://sdp-prem-prod.premier-league-prod.pulselive.com/api/v1/competitions/8/teams/14/stats,200,stats.tacklesWon,float,/v1/competitions/{cid}/teams/{tid}/stats,286,LIVE,
team_stats,https://sdp-prem-prod.premier-league-prod.pulselive.com/api/v1/competitions/8/teams/14/stats,200,stats.attemptsFromSetPieces,float,/v1/competitions/{cid}/teams/{tid}/stats,286,LIVE,
team_stats,https://sdp-prem-prod.premier-league-prod.pulselive.com/api/v1/competitions/8/teams/14/stats,200,stats.totalShotsConceded,float,/v1/competitions/{cid}/teams/{tid}/stats,286,LIVE,
team_stats,https://sdp-prem-prod.premier-league-prod.pulselive.com/api/v1/competitions/8/teams/14/stats,200,stats.totalFoulsConceded,float,/v1/competitions/{cid}/teams/{tid}/stats,286,LIVE,
team_stats,https://sdp-prem-prod.premier-league-prod.pulselive.com/api/v1/competitions/8/teams/14/stats,200,stats.unsuccessfulCornersIntoBox,float,/v1/competitions/{cid}/teams/{tid}/stats,286,LIVE,
team_stats,https://sdp-prem-prod.premier-league-prod.pulselive.com/api/v1/competitions/8/teams/14/stats,200,stats.successfulLongPasses,float,/v1/competitions/{cid}/teams/{tid}/stats,286,LIVE,
team_stats,https://sdp-prem-prod.premier-league-prod.pulselive.com/api/v1/competitions/8/teams/14/stats,200,stats.clearancesOffTheLine,float,/v1/competitions/{cid}/teams/{tid}/stats,286,LIVE,
team_stats,https://sdp-prem-prod.premier-league-prod.pulselive.com/api/v1/competitions/8/teams/14/stats,200,stats.throwInsToOwnPlayer,float,/v1/competitions/{cid}/teams/{tid}/stats,286,LIVE,
team_stats,https://sdp-prem-prod.premier-league-prod.pulselive.com/api/v1/competitions/8/teams/14/stats,200,stats.touchesInOppBox,float,/v1/competitions/{cid}/teams/{tid}/stats,286,LIVE,
team_stats,https://sdp-prem-prod.premier-league-prod.pulselive.com/api/v1/competitions/8/teams/14/stats,200,stats.hitWoodwork,float,/v1/competitions/{cid}/teams/{tid}/stats,286,LIVE,
team_stats,https://sdp-prem-prod.premier-league-prod.pulselive.com/api/v1/competitions/8/teams/14/stats,200,stats.goalsFromInsideBox,int,/v1/competitions/{cid}/teams/{tid}/stats,286,LIVE,
team_stats,https://sdp-prem-prod.premier-league-prod.pulselive.com/api/v1/competitions/8/teams/14/stats,200,stats.successfulPassesOwnHalf,float,/v1/competitions/{cid}/teams/{tid}/stats,286,LIVE,
team_stats,https://sdp-prem-prod.premier-league-prod.pulselive.com/api/v1/competitions/8/teams/14/stats,200,stats.pointsDroppedFromWinningPositions,float,/v1/competitions/{cid}/teams/{tid}/stats,286,LIVE,
team_stats,https://sdp-prem-prod.premier-league-prod.pulselive.com/api/v1/competitions/8/teams/14/stats,200,stats.ownGoalsConceded,float,/v1/competitions/{cid}/teams/{tid}/stats,286,LIVE,
team_stats,https://sdp-prem-prod.premier-league-prod.pulselive.com/api/v1/competitions/8/teams/14/stats,200,stats.handballsConceded,float,/v1/competitions/{cid}/teams/{tid}/stats,286,LIVE,
team_stats,https://sdp-prem-prod.premier-league-prod.pulselive.com/api/v1/competitions/8/teams/14/stats,200,stats.unsuccessfulLongPasses,float,/v1/competitions/{cid}/teams/{tid}/stats,286,LIVE,
team_stats,https://sdp-prem-prod.premier-league-prod.pulselive.com/api/v1/competitions/8/teams/14/stats,200,stats.unsuccessfulPassesOwnHalf,float,/v1/competitions/{cid}/teams/{tid}/stats,286,LIVE,
team_stats,https://sdp-prem-prod.premier-league-prod.pulselive.com/api/v1/competitions/8/teams/14/stats,200,stats.successfulCrossesOpenPlay,float,/v1/competitions/{cid}/teams/{tid}/stats,286,LIVE,
team_stats,https://sdp-prem-prod.premier-league-prod.pulselive.com/api/v1/competitions/8/teams/14/stats,200,stats.expectedAssists,float,/v1/competitions/{cid}/teams/{tid}/stats,286,LIVE,
team_stats,https://sdp-prem-prod.premier-league-prod.pulselive.com/api/v1/competitions/8/teams/14/stats,200,stats.totalRedCards,float,/v1/competitions/{cid}/teams/{tid}/stats,286,LIVE,
team_stats,https://sdp-prem-prod.premier-league-prod.pulselive.com/api/v1/competitions/8/teams/14/stats,200,stats.expectedGoalsFreekick,float,/v1/competitions/{cid}/teams/{tid}/stats,286,LIVE,
team_stats,https://sdp-prem-prod.premier-league-prod.pulselive.com/api/v1/competitions/8/teams/14/stats,200,stats.catches,float,/v1/competitions/{cid}/teams/{tid}/stats,286,LIVE,
team_stats,https://sdp-prem-prod.premier-league-prod.pulselive.com/api/v1/competitions/8/teams/14/stats,200,stats.overruns,float,/v1/competitions/{cid}/teams/{tid}/stats,286,LIVE,
team_stats,https://sdp-prem-prod.premier-league-prod.pulselive.com/api/v1/competitions/8/teams/14/stats,200,stats.unsuccessfulPassesOppositionHalf,float,/v1/competitions/{cid}/teams/{tid}/stats,286,LIVE,
team_stats,https://sdp-prem-prod.premier-league-prod.pulselive.com/api/v1/competitions/8/teams/14/stats,200,stats.totalShots,float,/v1/competitions/{cid}/teams/{tid}/stats,286,LIVE,
team_stats,https://sdp-prem-prod.premier-league-prod.pulselive.com/api/v1/competitions/8/teams/14/stats,200,stats.unsuccessfulShortPasses,float,/v1/competitions/{cid}/teams/{tid}/stats,286,LIVE,
team_stats,https://sdp-prem-prod.premier-league-prod.pulselive.com/api/v1/competitions/8/teams/14/stats,200,stats.goalAssists,float,/v1/competitions/{cid}/teams/{tid}/stats,286,LIVE,
team_stats,https://sdp-prem-prod.premier-league-prod.pulselive.com/api/v1/competitions/8/teams/14/stats,200,stats.foulWonPenalty,float,/v1/competitions/{cid}/teams/{tid}/stats,286,LIVE,
team_stats,https://sdp-prem-prod.premier-league-prod.pulselive.com/api/v1/competitions/8/teams/14/stats,200,stats.totalUnsuccessfulPassesExclCrossesAndCorners,int,/v1/competitions/{cid}/teams/{tid}/stats,286,LIVE,
team_stats,https://sdp-prem-prod.premier-league-prod.pulselive.com/api/v1/competitions/8/teams/14/stats,200,stats.unsuccessfulCrossesOpenPlay,float,/v1/competitions/{cid}/teams/{tid}/stats,286,LIVE,
team_stats,https://sdp-prem-prod.premier-league-prod.pulselive.com/api/v1/competitions/8/teams/14/stats,200,stats.goalKicks,float,/v1/competitions/{cid}/teams/{tid}/stats,286,LIVE,
team_stats,https://sdp-prem-prod.premier-league-prod.pulselive.com/api/v1/competitions/8/teams/14/stats,200,stats.cornersTakenInclShortCorners,float,/v1/competitions/{cid}/teams/{tid}/stats,286,LIVE,
team_stats,https://sdp-prem-prod.premier-league-prod.pulselive.com/api/v1/competitions/8/teams/14/stats,200,stats.aerialDuels,float,/v1/competitions/{cid}/teams/{tid}/stats,286,LIVE,
team_stats,https://sdp-prem-prod.premier-league-prod.pulselive.com/api/v1/competitions/8/teams/14/stats,200,stats.cleanSheets,float,/v1/competitions/{cid}/teams/{tid}/stats,286,LIVE,
team_stats,https://sdp-prem-prod.premier-league-prod.pulselive.com/api/v1/competitions/8/teams/14/stats,200,stats.successfulCrossesAndCorners,float,/v1/competitions/{cid}/teams/{tid}/stats,286,LIVE,
team_stats,https://sdp-prem-prod.premier-league-prod.pulselive.com/api/v1/competitions/8/teams/14/stats,200,stats.duelsWon,float,/v1/competitions/{cid}/teams/{tid}/stats,286,LIVE,
team_stats,https://sdp-prem-prod.premier-league-prod.pulselive.com/api/v1/competitions/8/teams/14/stats,200,stats.penaltiesConceded,float,/v1/competitions/{cid}/teams/{tid}/stats,286,LIVE,
team_stats,https://sdp-prem-prod.premier-league-prod.pulselive.com/api/v1/competitions/8/teams/14/stats,200,stats.putthroughBlockedDistribution,float,/v1/competitions/{cid}/teams/{tid}/stats,286,LIVE,
team_stats,https://sdp-prem-prod.premier-league-prod.pulselive.com/api/v1/competitions/8/teams/14/stats,200,stats.successfulShortPasses,float,/v1/competitions/{cid}/teams/{tid}/stats,286,LIVE,
team_stats,https://sdp-prem-prod.premier-league-prod.pulselive.com/api/v1/competitions/8/teams/14/stats,200,stats.savesFromPenalty,int,/v1/competitions/{cid}/teams/{tid}/stats,286,LIVE,
team_stats,https://sdp-prem-prod.premier-league-prod.pulselive.com/api/v1/competitions/8/teams/14/stats,200,stats.throwInsToOppositionPlayer,float,/v1/competitions/{cid}/teams/{tid}/stats,286,LIVE,
team_stats,https://sdp-prem-prod.premier-league-prod.pulselive.com/api/v1/competitions/8/teams/14/stats,200,stats.successfulOpenPlayPasses,float,/v1/competitions/{cid}/teams/{tid}/stats,286,LIVE,
team_stats,https://sdp-prem-prod.premier-league-prod.pulselive.com/api/v1/competitions/8/teams/14/stats,200,stats.totalSuccessfulPassesExclCrossesAndCorners,int,/v1/competitions/{cid}/teams/{tid}/stats,286,LIVE,
team_stats,https://sdp-prem-prod.premier-league-prod.pulselive.com/api/v1/competitions/8/teams/14/stats,200,stats.totalClearances,float,/v1/competitions/{cid}/teams/{tid}/stats,286,LIVE,
team_stats,https://sdp-prem-prod.premier-league-prod.pulselive.com/api/v1/competitions/8/teams/14/stats,200,stats.goalsConceded,float,/v1/competitions/{cid}/teams/{tid}/stats,286,LIVE,
team_stats,https://sdp-prem-prod.premier-league-prod.pulselive.com/api/v1/competitions/8/teams/14/stats,200,stats.groundDuelsLost,float,/v1/competitions/{cid}/teams/{tid}/stats,286,LIVE,
team_stats,https://sdp-prem-prod.premier-league-prod.pulselive.com/api/v1/competitions/8/teams/14/stats,200,stats.duels,float,/v1/competitions/{cid}/teams/{tid}/stats,286,LIVE,
team_stats,https://sdp-prem-prod.premier-league-prod.pulselive.com/api/v1/competitions/8/teams/14/stats,200,stats.putthroughBlockedDistributionWon,float,/v1/competitions/{cid}/teams/{tid}/stats,286,LIVE,
team_stats,https://sdp-prem-prod.premier-league-prod.pulselive.com/api/v1/competitions/8/teams/14/stats,200,stats.homeGoals,float,/v1/competitions/{cid}/teams/{tid}/stats,286,LIVE,
team_stats,https://sdp-prem-prod.premier-league-prod.pulselive.com/api/v1/competitions/8/teams/14/stats,200,stats.penaltiesTaken,int,/v1/competitions/{cid}/teams/{tid}/stats,286,LIVE,
team_stats,https://sdp-prem-prod.premier-league-prod.pulselive.com/api/v1/competitions/8/teams/14/stats,200,stats.oboxTarget,float,/v1/competitions/{cid}/teams/{tid}/stats,286,LIVE,
team_stats,https://sdp-prem-prod.premier-league-prod.pulselive.com/api/v1/competitions/8/teams/14/stats,200,stats.drops,float,/v1/competitions/{cid}/teams/{tid}/stats,286,LIVE,
team_stats,https://sdp-prem-prod.premier-league-prod.pulselive.com/api/v1/competitions/8/teams/14/stats,200,stats.tacklesLost,float,/v1/competitions/{cid}/teams/{tid}/stats,286,LIVE,
team_stats,https://sdp-prem-prod.premier-league-prod.pulselive.com/api/v1/competitions/8/teams/14/stats,200,stats.lastPlayerTackle,float,/v1/competitions/{cid}/teams/{tid}/stats,286,LIVE,
team_stats,https://sdp-prem-prod.premier-league-prod.pulselive.com/api/v1/competitions/8/teams/14/stats,200,stats.successfulPassesOppositionHalf,float,/v1/competitions/{cid}/teams/{tid}/stats,286,LIVE,
team_stats,https://sdp-prem-prod.premier-league-prod.pulselive.com/api/v1/competitions/8/teams/14/stats,200,stats.goalsConcededInsideBox,float,/v1/competitions/{cid}/teams/{tid}/stats,286,LIVE,
team_stats,https://sdp-prem-prod.premier-league-prod.pulselive.com/api/v1/competitions/8/teams/14/stats,200,stats.headedGoals,float,/v1/competitions/{cid}/teams/{tid}/stats,286,LIVE,
team_stats,https://sdp-prem-prod.premier-league-prod.pulselive.com/api/v1/competitions/8/teams/14/stats,200,stats.iboxBlocked,float,/v1/competitions/{cid}/teams/{tid}/stats,286,LIVE,
team_stats,https://sdp-prem-prod.premier-league-prod.pulselive.com/api/v1/competitions/8/teams/14/stats,200,stats.groundDuels,float,/v1/competitions/{cid}/teams/{tid}/stats,286,LIVE,
team_stats,https://sdp-prem-prod.premier-league-prod.pulselive.com/api/v1/competitions/8/teams/14/stats,200,stats.aerialDuelsWon,float,/v1/competitions/{cid}/teams/{tid}/stats,286,LIVE,
team_stats,https://sdp-prem-prod.premier-league-prod.pulselive.com/api/v1/competitions/8/teams/14/stats,200,stats.straightRedCards,float,/v1/competitions/{cid}/teams/{tid}/stats,286,LIVE,
team_stats,https://sdp-prem-prod.premier-league-prod.pulselive.com/api/v1/competitions/8/teams/14/stats,200,stats.cornersWon,float,/v1/competitions/{cid}/teams/{tid}/stats,286,LIVE,
team_stats,https://sdp-prem-prod.premier-league-prod.pulselive.com/api/v1/competitions/8/teams/14/stats,200,stats.successfulDribbles,float,/v1/competitions/{cid}/teams/{tid}/stats,286,LIVE,
team_stats,https://sdp-prem-prod.premier-league-prod.pulselive.com/api/v1/competitions/8/teams/14/stats,200,stats.blocks,float,/v1/competitions/{cid}/teams/{tid}/stats,286,LIVE,
team_stats,https://sdp-prem-prod.premier-league-prod.pulselive.com/api/v1/competitions/8/teams/14/stats,200,stats.gkUnsuccessfulDistribution,float,/v1/competitions/{cid}/teams/{tid}/stats,286,LIVE,
team_stats,https://sdp-prem-prod.premier-league-prod.pulselive.com/api/v1/competitions/8/teams/14/stats,200,stats.interceptions,float,/v1/competitions/{cid}/teams/{tid}/stats,286,LIVE,
team_stats,https://sdp-prem-prod.premier-league-prod.pulselive.com/api/v1/competitions/8/teams/14/stats,200,stats.penaltyGoals,float,/v1/competitions/{cid}/teams/{tid}/stats,286,LIVE,
team_stats,https://sdp-prem-prod.premier-league-prod.pulselive.com/api/v1/competitions/8/teams/14/stats,200,stats.unsuccessfulLaunches,float,/v1/competitions/{cid}/teams/{tid}/stats,286,LIVE,
team_stats,https://sdp-prem-prod.premier-league-prod.pulselive.com/api/v1/competitions/8/teams/14/stats,200,stats.foulAttemptedTackle,float,/v1/competitions/{cid}/teams/{tid}/stats,286,LIVE,
team_stats,https://sdp-prem-prod.premier-league-prod.pulselive.com/api/v1/competitions/8/teams/14/stats,200,stats.shotsOnConcededOutsideBox,float,/v1/competitions/{cid}/teams/{tid}/stats,286,LIVE,
team_stats,https://sdp-prem-prod.premier-league-prod.pulselive.com/api/v1/competitions/8/teams/14/stats,200,stats.goalConversion,float,/v1/competitions/{cid}/teams/{tid}/stats,286,LIVE,
team_stats,https://sdp-prem-prod.premier-league-prod.pulselive.com/api/v1/competitions/8/teams/14/stats,200,stats.expectedGoals,float,/v1/competitions/{cid}/teams/{tid}/stats,286,LIVE,
team_stats,https://sdp-prem-prod.premier-league-prod.pulselive.com/api/v1/competitions/8/teams/14/stats,200,stats.yellowCards,float,/v1/competitions/{cid}/teams/{tid}/stats,286,LIVE,
team_stats,https://sdp-prem-prod.premier-league-prod.pulselive.com/api/v1/competitions/8/teams/14/stats,200,stats.goalsFromOutsideBox,int,/v1/competitions/{cid}/teams/{tid}/stats,286,LIVE,
team_stats,https://sdp-prem-prod.premier-league-prod.pulselive.com/api/v1/competitions/8/teams/14/stats,200,team,object,/v1/competitions/{cid}/teams/{tid}/stats,286,LIVE,
team_stats,https://sdp-prem-prod.premier-league-prod.pulselive.com/api/v1/competitions/8/teams/14/stats,200,team.name,str,/v1/competitions/{cid}/teams/{tid}/stats,286,LIVE,
team_stats,https://sdp-prem-prod.premier-league-prod.pulselive.com/api/v1/competitions/8/teams/14/stats,200,team.id,str,/v1/competitions/{cid}/teams/{tid}/stats,286,LIVE,
team_stats,https://sdp-prem-prod.premier-league-prod.pulselive.com/api/v1/competitions/8/teams/14/stats,200,team.shortName,str,/v1/competitions/{cid}/teams/{tid}/stats,286,LIVE,
team_stats,https://sdp-prem-prod.premier-league-prod.pulselive.com/api/v1/competitions/8/teams/14/stats,200,team.abbr,str,/v1/competitions/{cid}/teams/{tid}/stats,286,LIVE,
player_directory,https://sdp-prem-prod.premier-league-prod.pulselive.com/api/v1/competitions/8/seasons/2025/players?_limit=1,200,pagination,object,/v1/competitions/{cid}/seasons/{sid}/players,285,LIVE,
player_directory,https://sdp-prem-prod.premier-league-prod.pulselive.com/api/v1/competitions/8/seasons/2025/players?_limit=1,200,pagination._limit,int,/v1/competitions/{cid}/seasons/{sid}/players,285,LIVE,
player_directory,https://sdp-prem-prod.premier-league-prod.pulselive.com/api/v1/competitions/8/seasons/2025/players?_limit=1,200,pagination._prev,NoneType,/v1/competitions/{cid}/seasons/{sid}/players,285,LIVE,
player_directory,https://sdp-prem-prod.premier-league-prod.pulselive.com/api/v1/competitions/8/seasons/2025/players?_limit=1,200,pagination._next,str,/v1/competitions/{cid}/seasons/{sid}/players,285,LIVE,
player_directory,https://sdp-prem-prod.premier-league-prod.pulselive.com/api/v1/competitions/8/seasons/2025/players?_limit=1,200,data,object,/v1/competitions/{cid}/seasons/{sid}/players,285,LIVE,
player_directory,https://sdp-prem-prod.premier-league-prod.pulselive.com/api/v1/competitions/8/seasons/2025/players?_limit=1,200,data[].currentTeam,object,/v1/competitions/{cid}/seasons/{sid}/players,285,LIVE,
player_directory,https://sdp-prem-prod.premier-league-prod.pulselive.com/api/v1/competitions/8/seasons/2025/players?_limit=1,200,data[].currentTeam.loan,int,/v1/competitions/{cid}/seasons/{sid}/players,285,LIVE,
player_directory,https://sdp-prem-prod.premier-league-prod.pulselive.com/api/v1/competitions/8/seasons/2025/players?_limit=1,200,data[].currentTeam.name,str,/v1/competitions/{cid}/seasons/{sid}/players,285,LIVE,
player_directory,https://sdp-prem-prod.premier-league-prod.pulselive.com/api/v1/competitions/8/seasons/2025/players?_limit=1,200,data[].currentTeam.id,str,/v1/competitions/{cid}/seasons/{sid}/players,285,LIVE,
player_directory,https://sdp-prem-prod.premier-league-prod.pulselive.com/api/v1/competitions/8/seasons/2025/players?_limit=1,200,data[].currentTeam.shortName,str,/v1/competitions/{cid}/seasons/{sid}/players,285,LIVE,
player_directory,https://sdp-prem-prod.premier-league-prod.pulselive.com/api/v1/competitions/8/seasons/2025/players?_limit=1,200,data[].country,object,/v1/competitions/{cid}/seasons/{sid}/players,285,LIVE,
player_directory,https://sdp-prem-prod.premier-league-prod.pulselive.com/api/v1/competitions/8/seasons/2025/players?_limit=1,200,data[].country.isoCode,str,/v1/competitions/{cid}/seasons/{sid}/players,285,LIVE,
player_directory,https://sdp-prem-prod.premier-league-prod.pulselive.com/api/v1/competitions/8/seasons/2025/players?_limit=1,200,data[].country.country,str,/v1/competitions/{cid}/seasons/{sid}/players,285,LIVE,
player_directory,https://sdp-prem-prod.premier-league-prod.pulselive.com/api/v1/competitions/8/seasons/2025/players?_limit=1,200,data[].country.demonym,str,/v1/competitions/{cid}/seasons/{sid}/players,285,LIVE,
player_directory,https://sdp-prem-prod.premier-league-prod.pulselive.com/api/v1/competitions/8/seasons/2025/players?_limit=1,200,data[].name,object,/v1/competitions/{cid}/seasons/{sid}/players,285,LIVE,
player_directory,https://sdp-prem-prod.premier-league-prod.pulselive.com/api/v1/competitions/8/seasons/2025/players?_limit=1,200,data[].name.firstName,str,/v1/competitions/{cid}/seasons/{sid}/players,285,LIVE,
player_directory,https://sdp-prem-prod.premier-league-prod.pulselive.com/api/v1/competitions/8/seasons/2025/players?_limit=1,200,data[].name.lastName,str,/v1/competitions/{cid}/seasons/{sid}/players,285,LIVE,
player_directory,https://sdp-prem-prod.premier-league-prod.pulselive.com/api/v1/competitions/8/seasons/2025/players?_limit=1,200,data[].shirtNum,int,/v1/competitions/{cid}/seasons/{sid}/players,285,LIVE,
player_directory,https://sdp-prem-prod.premier-league-prod.pulselive.com/api/v1/competitions/8/seasons/2025/players?_limit=1,200,data[].id,object,/v1/competitions/{cid}/seasons/{sid}/players,285,LIVE,
player_directory,https://sdp-prem-prod.premier-league-prod.pulselive.com/api/v1/competitions/8/seasons/2025/players?_limit=1,200,data[].id.competitionId,str,/v1/competitions/{cid}/seasons/{sid}/players,285,LIVE,
player_directory,https://sdp-prem-prod.premier-league-prod.pulselive.com/api/v1/competitions/8/seasons/2025/players?_limit=1,200,data[].id.seasonId,str,/v1/competitions/{cid}/seasons/{sid}/players,285,LIVE,
player_directory,https://sdp-prem-prod.premier-league-prod.pulselive.com/api/v1/competitions/8/seasons/2025/players?_limit=1,200,data[].id.playerId,str,/v1/competitions/{cid}/seasons/{sid}/players,285,LIVE,
player_directory,https://sdp-prem-prod.premier-league-prod.pulselive.com/api/v1/competitions/8/seasons/2025/players?_limit=1,200,data[].position,str,/v1/competitions/{cid}/seasons/{sid}/players,285,LIVE,
player_directory,https://sdp-prem-prod.premier-league-prod.pulselive.com/api/v1/competitions/8/seasons/2025/players?_limit=1,200,data[].preferredFoot,str,/v1/competitions/{cid}/seasons/{sid}/players,285,LIVE,
player_basic,https://sdp-prem-prod.premier-league-prod.pulselive.com/api/v1/players/223094/basic,200,currentTeam,object,/v1/players/{pid}/basic,284,LIVE,
player_basic,https://sdp-prem-prod.premier-league-prod.pulselive.com/api/v1/players/223094/basic,200,currentTeam.name,str,/v1/players/{pid}/basic,284,LIVE,
player_basic,https://sdp-prem-prod.premier-league-prod.pulselive.com/api/v1/players/223094/basic,200,currentTeam.id,str,/v1/players/{pid}/basic,284,LIVE,
player_basic,https://sdp-prem-prod.premier-league-prod.pulselive.com/api/v1/players/223094/basic,200,currentTeam.shortName,str,/v1/players/{pid}/basic,284,LIVE,
player_basic,https://sdp-prem-prod.premier-league-prod.pulselive.com/api/v1/players/223094/basic,200,firstName,str,/v1/players/{pid}/basic,284,LIVE,
player_basic,https://sdp-prem-prod.premier-league-prod.pulselive.com/api/v1/players/223094/basic,200,lastName,str,/v1/players/{pid}/basic,284,LIVE,
player_basic,https://sdp-prem-prod.premier-league-prod.pulselive.com/api/v1/players/223094/basic,200,country,object,/v1/players/{pid}/basic,284,LIVE,
player_basic,https://sdp-prem-prod.premier-league-prod.pulselive.com/api/v1/players/223094/basic,200,country.isoCode,str,/v1/players/{pid}/basic,284,LIVE,
player_basic,https://sdp-prem-prod.premier-league-prod.pulselive.com/api/v1/players/223094/basic,200,country.country,str,/v1/players/{pid}/basic,284,LIVE,
player_basic,https://sdp-prem-prod.premier-league-prod.pulselive.com/api/v1/players/223094/basic,200,country.demonym,str,/v1/players/{pid}/basic,284,LIVE,
player_basic,https://sdp-prem-prod.premier-league-prod.pulselive.com/api/v1/players/223094/basic,200,name,str,/v1/players/{pid}/basic,284,LIVE,
player_basic,https://sdp-prem-prod.premier-league-prod.pulselive.com/api/v1/players/223094/basic,200,id,str,/v1/players/{pid}/basic,284,LIVE,
player_basic,https://sdp-prem-prod.premier-league-prod.pulselive.com/api/v1/players/223094/basic,200,position,str,/v1/players/{pid}/basic,284,LIVE,
player_career,https://sdp-prem-prod.premier-league-prod.pulselive.com/api/v1/players/223094,200,,list,/v1/players/{pid},283,LIVE,
player_season_stats,https://sdp-prem-prod.premier-league-prod.pulselive.com/api/v1/competitions/8/seasons/2025/players/223094/stats,200,stats,object,/v1/competitions/{cid}/seasons/{sid}/players/{pid}/stats,282,LIVE,
player_season_stats,https://sdp-prem-prod.premier-league-prod.pulselive.com/api/v1/competitions/8/seasons/2025/players/223094/stats,200,stats.duelsLost,float,/v1/competitions/{cid}/seasons/{sid}/players/{pid}/stats,282,LIVE,
player_season_stats,https://sdp-prem-prod.premier-league-prod.pulselive.com/api/v1/competitions/8/seasons/2025/players/223094/stats,200,stats.successfulCrossesOpenPlay,float,/v1/competitions/{cid}/seasons/{sid}/players/{pid}/stats,282,LIVE,
player_season_stats,https://sdp-prem-prod.premier-league-prod.pulselive.com/api/v1/competitions/8/seasons/2025/players/223094/stats,200,stats.totalRedCards,float,/v1/competitions/{cid}/seasons/{sid}/players/{pid}/stats,282,LIVE,
player_season_stats,https://sdp-prem-prod.premier-league-prod.pulselive.com/api/v1/competitions/8/seasons/2025/players/223094/stats,200,stats.blockedShots,float,/v1/competitions/{cid}/seasons/{sid}/players/{pid}/stats,282,LIVE,
player_season_stats,https://sdp-prem-prod.premier-league-prod.pulselive.com/api/v1/competitions/8/seasons/2025/players/223094/stats,200,stats.shotsOnTargetIncGoals,float,/v1/competitions/{cid}/seasons/{sid}/players/{pid}/stats,282,LIVE,
player_season_stats,https://sdp-prem-prod.premier-league-prod.pulselive.com/api/v1/competitions/8/seasons/2025/players/223094/stats,200,stats.overruns,float,/v1/competitions/{cid}/seasons/{sid}/players/{pid}/stats,282,LIVE,
player_season_stats,https://sdp-prem-prod.premier-league-prod.pulselive.com/api/v1/competitions/8/seasons/2025/players/223094/stats,200,stats.totalTackles,float,/v1/competitions/{cid}/seasons/{sid}/players/{pid}/stats,282,LIVE,
player_season_stats,https://sdp-prem-prod.premier-league-prod.pulselive.com/api/v1/competitions/8/seasons/2025/players/223094/stats,200,stats.totalShots,float,/v1/competitions/{cid}/seasons/{sid}/players/{pid}/stats,282,LIVE,
player_season_stats,https://sdp-prem-prod.premier-league-prod.pulselive.com/api/v1/competitions/8/seasons/2025/players/223094/stats,200,stats.throughBalls,float,/v1/competitions/{cid}/seasons/{sid}/players/{pid}/stats,282,LIVE,
player_season_stats,https://sdp-prem-prod.premier-league-prod.pulselive.com/api/v1/competitions/8/seasons/2025/players/223094/stats,200,stats.unsuccessfulShortPasses,float,/v1/competitions/{cid}/seasons/{sid}/players/{pid}/stats,282,LIVE,
player_season_stats,https://sdp-prem-prod.premier-league-prod.pulselive.com/api/v1/competitions/8/seasons/2025/players/223094/stats,200,stats.gamesPlayed,float,/v1/competitions/{cid}/seasons/{sid}/players/{pid}/stats,282,LIVE,
player_season_stats,https://sdp-prem-prod.premier-league-prod.pulselive.com/api/v1/competitions/8/seasons/2025/players/223094/stats,200,stats.goalAssists,float,/v1/competitions/{cid}/seasons/{sid}/players/{pid}/stats,282,LIVE,
player_season_stats,https://sdp-prem-prod.premier-league-prod.pulselive.com/api/v1/competitions/8/seasons/2025/players/223094/stats,200,stats.successfulLayoffs,float,/v1/competitions/{cid}/seasons/{sid}/players/{pid}/stats,282,LIVE,
player_season_stats,https://sdp-prem-prod.premier-league-prod.pulselive.com/api/v1/competitions/8/seasons/2025/players/223094/stats,200,stats.starts,float,/v1/competitions/{cid}/seasons/{sid}/players/{pid}/stats,282,LIVE,
player_season_stats,https://sdp-prem-prod.premier-league-prod.pulselive.com/api/v1/competitions/8/seasons/2025/players/223094/stats,200,stats.totalUnsuccessfulPassesExclCrossesAndCorners,float,/v1/competitions/{cid}/seasons/{sid}/players/{pid}/stats,282,LIVE,
player_season_stats,https://sdp-prem-prod.premier-league-prod.pulselive.com/api/v1/competitions/8/seasons/2025/players/223094/stats,200,stats.unsuccessfulCrossesOpenPlay,float,/v1/competitions/{cid}/seasons/{sid}/players/{pid}/stats,282,LIVE,
player_season_stats,https://sdp-prem-prod.premier-league-prod.pulselive.com/api/v1/competitions/8/seasons/2025/players/223094/stats,200,stats.totalPasses,float,/v1/competitions/{cid}/seasons/{sid}/players/{pid}/stats,282,LIVE,
player_season_stats,https://sdp-prem-prod.premier-league-prod.pulselive.com/api/v1/competitions/8/seasons/2025/players/223094/stats,200,stats.goals,float,/v1/competitions/{cid}/seasons/{sid}/players/{pid}/stats,282,LIVE,
player_season_stats,https://sdp-prem-prod.premier-league-prod.pulselive.com/api/v1/competitions/8/seasons/2025/players/223094/stats,200,stats.offsides,float,/v1/competitions/{cid}/seasons/{sid}/players/{pid}/stats,282,LIVE,
player_season_stats,https://sdp-prem-prod.premier-league-prod.pulselive.com/api/v1/competitions/8/seasons/2025/players/223094/stats,200,stats.awayGoals,float,/v1/competitions/{cid}/seasons/{sid}/players/{pid}/stats,282,LIVE,
player_season_stats,https://sdp-prem-prod.premier-league-prod.pulselive.com/api/v1/competitions/8/seasons/2025/players/223094/stats,200,stats.substituteOn,float,/v1/competitions/{cid}/seasons/{sid}/players/{pid}/stats,282,LIVE,
player_season_stats,https://sdp-prem-prod.premier-league-prod.pulselive.com/api/v1/competitions/8/seasons/2025/players/223094/stats,200,stats.aerialDuels,float,/v1/competitions/{cid}/seasons/{sid}/players/{pid}/stats,282,LIVE,
player_season_stats,https://sdp-prem-prod.premier-league-prod.pulselive.com/api/v1/competitions/8/seasons/2025/players/223094/stats,200,stats.cleanSheets,float,/v1/competitions/{cid}/seasons/{sid}/players/{pid}/stats,282,LIVE,
player_season_stats,https://sdp-prem-prod.premier-league-prod.pulselive.com/api/v1/competitions/8/seasons/2025/players/223094/stats,200,stats.shotsOnTargetOutsideBox,float,/v1/competitions/{cid}/seasons/{sid}/players/{pid}/stats,282,LIVE,
player_season_stats,https://sdp-prem-prod.premier-league-prod.pulselive.com/api/v1/competitions/8/seasons/2025/players/223094/stats,200,stats.successfulCrossesAndCorners,float,/v1/competitions/{cid}/seasons/{sid}/players/{pid}/stats,282,LIVE,
player_season_stats,https://sdp-prem-prod.premier-league-prod.pulselive.com/api/v1/competitions/8/seasons/2025/players/223094/stats,200,stats.timePlayed,float,/v1/competitions/{cid}/seasons/{sid}/players/{pid}/stats,282,LIVE,
player_season_stats,https://sdp-prem-prod.premier-league-prod.pulselive.com/api/v1/competitions/8/seasons/2025/players/223094/stats,200,stats.shotsOnTargetInBox,float,/v1/competitions/{cid}/seasons/{sid}/players/{pid}/stats,282,LIVE,
player_season_stats,https://sdp-prem-prod.premier-league-prod.pulselive.com/api/v1/competitions/8/seasons/2025/players/223094/stats,200,stats.unsuccessfulLayoffs,float,/v1/competitions/{cid}/seasons/{sid}/players/{pid}/stats,282,LIVE,
player_season_stats,https://sdp-prem-prod.premier-league-prod.pulselive.com/api/v1/competitions/8/seasons/2025/players/223094/stats,200,stats.aerialDuelsLost,float,/v1/competitions/{cid}/seasons/{sid}/players/{pid}/stats,282,LIVE,
player_season_stats,https://sdp-prem-prod.premier-league-prod.pulselive.com/api/v1/competitions/8/seasons/2025/players/223094/stats,200,stats.duelsWon,float,/v1/competitions/{cid}/seasons/{sid}/players/{pid}/stats,282,LIVE,
player_season_stats,https://sdp-prem-prod.premier-league-prod.pulselive.com/api/v1/competitions/8/seasons/2025/players/223094/stats,200,stats.goalsConcededOutsideBox,float,/v1/competitions/{cid}/seasons/{sid}/players/{pid}/stats,282,LIVE,
player_season_stats,https://sdp-prem-prod.premier-league-prod.pulselive.com/api/v1/competitions/8/seasons/2025/players/223094/stats,200,stats.putthroughBlockedDistribution,float,/v1/competitions/{cid}/seasons/{sid}/players/{pid}/stats,282,LIVE,
player_season_stats,https://sdp-prem-prod.premier-league-prod.pulselive.com/api/v1/competitions/8/seasons/2025/players/223094/stats,200,stats.groundDuelsWon,float,/v1/competitions/{cid}/seasons/{sid}/players/{pid}/stats,282,LIVE,
player_season_stats,https://sdp-prem-prod.premier-league-prod.pulselive.com/api/v1/competitions/8/seasons/2025/players/223094/stats,200,stats.successfulShortPasses,float,/v1/competitions/{cid}/seasons/{sid}/players/{pid}/stats,282,LIVE,
player_season_stats,https://sdp-prem-prod.premier-league-prod.pulselive.com/api/v1/competitions/8/seasons/2025/players/223094/stats,200,stats.totalTouchesInOppositionBox,float,/v1/competitions/{cid}/seasons/{sid}/players/{pid}/stats,282,LIVE,
player_season_stats,https://sdp-prem-prod.premier-league-prod.pulselive.com/api/v1/competitions/8/seasons/2025/players/223094/stats,200,stats.penaltyGoalsConceded,float,/v1/competitions/{cid}/seasons/{sid}/players/{pid}/stats,282,LIVE,
player_season_stats,https://sdp-prem-prod.premier-league-prod.pulselive.com/api/v1/competitions/8/seasons/2025/players/223094/stats,200,stats.keyPassesAttemptAssists,float,/v1/competitions/{cid}/seasons/{sid}/players/{pid}/stats,282,LIVE,
player_season_stats,https://sdp-prem-prod.premier-league-prod.pulselive.com/api/v1/competitions/8/seasons/2025/players/223094/stats,200,stats.successfulLaunches,float,/v1/competitions/{cid}/seasons/{sid}/players/{pid}/stats,282,LIVE,
player_season_stats,https://sdp-prem-prod.premier-league-prod.pulselive.com/api/v1/competitions/8/seasons/2025/players/223094/stats,200,stats.totalClearances,float,/v1/competitions/{cid}/seasons/{sid}/players/{pid}/stats,282,LIVE,
player_season_stats,https://sdp-prem-prod.premier-league-prod.pulselive.com/api/v1/competitions/8/seasons/2025/players/223094/stats,200,stats.goalsConceded,float,/v1/competitions/{cid}/seasons/{sid}/players/{pid}/stats,282,LIVE,
player_season_stats,https://sdp-prem-prod.premier-league-prod.pulselive.com/api/v1/competitions/8/seasons/2025/players/223094/stats,200,stats.shotsBlockedInBox,float,/v1/competitions/{cid}/seasons/{sid}/players/{pid}/stats,282,LIVE,
player_season_stats,https://sdp-prem-prod.premier-league-prod.pulselive.com/api/v1/competitions/8/seasons/2025/players/223094/stats,200,stats.groundDuelsLost,float,/v1/competitions/{cid}/seasons/{sid}/players/{pid}/stats,282,LIVE,
player_season_stats,https://sdp-prem-prod.premier-league-prod.pulselive.com/api/v1/competitions/8/seasons/2025/players/223094/stats,200,stats.rightsidePasses,float,/v1/competitions/{cid}/seasons/{sid}/players/{pid}/stats,282,LIVE,
player_season_stats,https://sdp-prem-prod.premier-league-prod.pulselive.com/api/v1/competitions/8/seasons/2025/players/223094/stats,200,stats.totalFoulsWon,float,/v1/competitions/{cid}/seasons/{sid}/players/{pid}/stats,282,LIVE,
player_season_stats,https://sdp-prem-prod.premier-league-prod.pulselive.com/api/v1/competitions/8/seasons/2025/players/223094/stats,200,stats.winningGoal,float,/v1/competitions/{cid}/seasons/{sid}/players/{pid}/stats,282,LIVE,
player_season_stats,https://sdp-prem-prod.premier-league-prod.pulselive.com/api/v1/competitions/8/seasons/2025/players/223094/stats,200,stats.duels,float,/v1/competitions/{cid}/seasons/{sid}/players/{pid}/stats,282,LIVE,
player_season_stats,https://sdp-prem-prod.premier-league-prod.pulselive.com/api/v1/competitions/8/seasons/2025/players/223094/stats,200,stats.putthroughBlockedDistributionWon,float,/v1/competitions/{cid}/seasons/{sid}/players/{pid}/stats,282,LIVE,
player_season_stats,https://sdp-prem-prod.premier-league-prod.pulselive.com/api/v1/competitions/8/seasons/2025/players/223094/stats,200,stats.homeGoals,float,/v1/competitions/{cid}/seasons/{sid}/players/{pid}/stats,282,LIVE,
player_season_stats,https://sdp-prem-prod.premier-league-prod.pulselive.com/api/v1/competitions/8/seasons/2025/players/223094/stats,200,stats.forwardPasses,float,/v1/competitions/{cid}/seasons/{sid}/players/{pid}/stats,282,LIVE,
player_season_stats,https://sdp-prem-prod.premier-league-prod.pulselive.com/api/v1/competitions/8/seasons/2025/players/223094/stats,200,stats.recoveries,float,/v1/competitions/{cid}/seasons/{sid}/players/{pid}/stats,282,LIVE,
player_season_stats,https://sdp-prem-prod.premier-league-prod.pulselive.com/api/v1/competitions/8/seasons/2025/players/223094/stats,200,stats.appearances,float,/v1/competitions/{cid}/seasons/{sid}/players/{pid}/stats,282,LIVE,
player_season_stats,https://sdp-prem-prod.premier-league-prod.pulselive.com/api/v1/competitions/8/seasons/2025/players/223094/stats,200,stats.penaltiesTaken,float,/v1/competitions/{cid}/seasons/{sid}/players/{pid}/stats,282,LIVE,
player_season_stats,https://sdp-prem-prod.premier-league-prod.pulselive.com/api/v1/competitions/8/seasons/2025/players/223094/stats,200,stats.rightFootGoals,float,/v1/competitions/{cid}/seasons/{sid}/players/{pid}/stats,282,LIVE,
player_season_stats,https://sdp-prem-prod.premier-league-prod.pulselive.com/api/v1/competitions/8/seasons/2025/players/223094/stats,200,stats.tacklesLost,float,/v1/competitions/{cid}/seasons/{sid}/players/{pid}/stats,282,LIVE,
player_season_stats,https://sdp-prem-prod.premier-league-prod.pulselive.com/api/v1/competitions/8/seasons/2025/players/223094/stats,200,stats.leftFootGoals,float,/v1/competitions/{cid}/seasons/{sid}/players/{pid}/stats,282,LIVE,
player_season_stats,https://sdp-prem-prod.premier-league-prod.pulselive.com/api/v1/competitions/8/seasons/2025/players/223094/stats,200,stats.unsuccessfulDribbles,float,/v1/competitions/{cid}/seasons/{sid}/players/{pid}/stats,282,LIVE,
player_season_stats,https://sdp-prem-prod.premier-league-prod.pulselive.com/api/v1/competitions/8/seasons/2025/players/223094/stats,200,stats.successfulPassesOppositionHalf,float,/v1/competitions/{cid}/seasons/{sid}/players/{pid}/stats,282,LIVE,
player_season_stats,https://sdp-prem-prod.premier-league-prod.pulselive.com/api/v1/competitions/8/seasons/2025/players/223094/stats,200,stats.goalsConcededInsideBox,float,/v1/competitions/{cid}/seasons/{sid}/players/{pid}/stats,282,LIVE,
player_season_stats,https://sdp-prem-prod.premier-league-prod.pulselive.com/api/v1/competitions/8/seasons/2025/players/223094/stats,200,stats.headedGoals,float,/v1/competitions/{cid}/seasons/{sid}/players/{pid}/stats,282,LIVE,
player_season_stats,https://sdp-prem-prod.premier-league-prod.pulselive.com/api/v1/competitions/8/seasons/2025/players/223094/stats,200,stats.unsuccessfulCrossesAndCorners,float,/v1/competitions/{cid}/seasons/{sid}/players/{pid}/stats,282,LIVE,
player_season_stats,https://sdp-prem-prod.premier-league-prod.pulselive.com/api/v1/competitions/8/seasons/2025/players/223094/stats,200,stats.timesTackled,float,/v1/competitions/{cid}/seasons/{sid}/players/{pid}/stats,282,LIVE,
player_season_stats,https://sdp-prem-prod.premier-league-prod.pulselive.com/api/v1/competitions/8/seasons/2025/players/223094/stats,200,stats.groundDuels,float,/v1/competitions/{cid}/seasons/{sid}/players/{pid}/stats,282,LIVE,
player_season_stats,https://sdp-prem-prod.premier-league-prod.pulselive.com/api/v1/competitions/8/seasons/2025/players/223094/stats,200,stats.aerialDuelsWon,float,/v1/competitions/{cid}/seasons/{sid}/players/{pid}/stats,282,LIVE,
player_season_stats,https://sdp-prem-prod.premier-league-prod.pulselive.com/api/v1/competitions/8/seasons/2025/players/223094/stats,200,stats.straightRedCards,float,/v1/competitions/{cid}/seasons/{sid}/players/{pid}/stats,282,LIVE,
player_season_stats,https://sdp-prem-prod.premier-league-prod.pulselive.com/api/v1/competitions/8/seasons/2025/players/223094/stats,200,stats.openPlayPasses,float,/v1/competitions/{cid}/seasons/{sid}/players/{pid}/stats,282,LIVE,
player_season_stats,https://sdp-prem-prod.premier-league-prod.pulselive.com/api/v1/competitions/8/seasons/2025/players/223094/stats,200,stats.shotsOffTargetIncWoodwork,float,/v1/competitions/{cid}/seasons/{sid}/players/{pid}/stats,282,LIVE,
player_season_stats,https://sdp-prem-prod.premier-league-prod.pulselive.com/api/v1/competitions/8/seasons/2025/players/223094/stats,200,stats.cornersWon,float,/v1/competitions/{cid}/seasons/{sid}/players/{pid}/stats,282,LIVE,
player_season_stats,https://sdp-prem-prod.premier-league-prod.pulselive.com/api/v1/competitions/8/seasons/2025/players/223094/stats,200,stats.totalLossesOfPossession,float,/v1/competitions/{cid}/seasons/{sid}/players/{pid}/stats,282,LIVE,
player_season_stats,https://sdp-prem-prod.premier-league-prod.pulselive.com/api/v1/competitions/8/seasons/2025/players/223094/stats,200,stats.tacklesWon,float,/v1/competitions/{cid}/seasons/{sid}/players/{pid}/stats,282,LIVE,
player_season_stats,https://sdp-prem-prod.premier-league-prod.pulselive.com/api/v1/competitions/8/seasons/2025/players/223094/stats,200,stats.successfulDribbles,float,/v1/competitions/{cid}/seasons/{sid}/players/{pid}/stats,282,LIVE,
player_season_stats,https://sdp-prem-prod.premier-league-prod.pulselive.com/api/v1/competitions/8/seasons/2025/players/223094/stats,200,stats.blocks,float,/v1/competitions/{cid}/seasons/{sid}/players/{pid}/stats,282,LIVE,
player_season_stats,https://sdp-prem-prod.premier-league-prod.pulselive.com/api/v1/competitions/8/seasons/2025/players/223094/stats,200,stats.leftsidePasses,float,/v1/competitions/{cid}/seasons/{sid}/players/{pid}/stats,282,LIVE,
player_season_stats,https://sdp-prem-prod.premier-league-prod.pulselive.com/api/v1/competitions/8/seasons/2025/players/223094/stats,200,stats.totalFoulsConceded,float,/v1/competitions/{cid}/seasons/{sid}/players/{pid}/stats,282,LIVE,
player_season_stats,https://sdp-prem-prod.premier-league-prod.pulselive.com/api/v1/competitions/8/seasons/2025/players/223094/stats,200,stats.interceptions,float,/v1/competitions/{cid}/seasons/{sid}/players/{pid}/stats,282,LIVE,
player_season_stats,https://sdp-prem-prod.premier-league-prod.pulselive.com/api/v1/competitions/8/seasons/2025/players/223094/stats,200,stats.penaltyGoals,float,/v1/competitions/{cid}/seasons/{sid}/players/{pid}/stats,282,LIVE,
player_season_stats,https://sdp-prem-prod.premier-league-prod.pulselive.com/api/v1/competitions/8/seasons/2025/players/223094/stats,200,stats.successfulLongPasses,float,/v1/competitions/{cid}/seasons/{sid}/players/{pid}/stats,282,LIVE,
player_season_stats,https://sdp-prem-prod.premier-league-prod.pulselive.com/api/v1/competitions/8/seasons/2025/players/223094/stats,200,stats.backwardPasses,float,/v1/competitions/{cid}/seasons/{sid}/players/{pid}/stats,282,LIVE,
player_season_stats,https://sdp-prem-prod.premier-league-prod.pulselive.com/api/v1/competitions/8/seasons/2025/players/223094/stats,200,stats.touches,float,/v1/competitions/{cid}/seasons/{sid}/players/{pid}/stats,282,LIVE,
player_season_stats,https://sdp-prem-prod.premier-league-prod.pulselive.com/api/v1/competitions/8/seasons/2025/players/223094/stats,200,stats.throwInsToOwnPlayer,float,/v1/competitions/{cid}/seasons/{sid}/players/{pid}/stats,282,LIVE,
player_season_stats,https://sdp-prem-prod.premier-league-prod.pulselive.com/api/v1/competitions/8/seasons/2025/players/223094/stats,200,stats.substituteOff,float,/v1/competitions/{cid}/seasons/{sid}/players/{pid}/stats,282,LIVE,
player_season_stats,https://sdp-prem-prod.premier-league-prod.pulselive.com/api/v1/competitions/8/seasons/2025/players/223094/stats,200,stats.hitWoodwork,float,/v1/competitions/{cid}/seasons/{sid}/players/{pid}/stats,282,LIVE,
player_season_stats,https://sdp-prem-prod.premier-league-prod.pulselive.com/api/v1/competitions/8/seasons/2025/players/223094/stats,200,stats.shotsBlockedOutsideBox,float,/v1/competitions/{cid}/seasons/{sid}/players/{pid}/stats,282,LIVE,
player_season_stats,https://sdp-prem-prod.premier-league-prod.pulselive.com/api/v1/competitions/8/seasons/2025/players/223094/stats,200,stats.unsuccessfulLaunches,float,/v1/competitions/{cid}/seasons/{sid}/players/{pid}/stats,282,LIVE,
player_season_stats,https://sdp-prem-prod.premier-league-prod.pulselive.com/api/v1/competitions/8/seasons/2025/players/223094/stats,200,stats.successfulPassesOwnHalf,float,/v1/competitions/{cid}/seasons/{sid}/players/{pid}/stats,282,LIVE,
player_season_stats,https://sdp-prem-prod.premier-league-prod.pulselive.com/api/v1/competitions/8/seasons/2025/players/223094/stats,200,stats.foulAttemptedTackle,float,/v1/competitions/{cid}/seasons/{sid}/players/{pid}/stats,282,LIVE,
player_season_stats,https://sdp-prem-prod.premier-league-prod.pulselive.com/api/v1/competitions/8/seasons/2025/players/223094/stats,200,stats.yellowCards,float,/v1/competitions/{cid}/seasons/{sid}/players/{pid}/stats,282,LIVE,
player_season_stats,https://sdp-prem-prod.premier-league-prod.pulselive.com/api/v1/competitions/8/seasons/2025/players/223094/stats,200,stats.unsuccessfulLongPasses,float,/v1/competitions/{cid}/seasons/{sid}/players/{pid}/stats,282,LIVE,
player_season_stats,https://sdp-prem-prod.premier-league-prod.pulselive.com/api/v1/competitions/8/seasons/2025/players/223094/stats,200,stats.unsuccessfulPassesOwnHalf,float,/v1/competitions/{cid}/seasons/{sid}/players/{pid}/stats,282,LIVE,
player_season_stats,https://sdp-prem-prod.premier-league-prod.pulselive.com/api/v1/competitions/8/seasons/2025/players/223094/stats,200,player,object,/v1/competitions/{cid}/seasons/{sid}/players/{pid}/stats,282,LIVE,
player_season_stats,https://sdp-prem-prod.premier-league-prod.pulselive.com/api/v1/competitions/8/seasons/2025/players/223094/stats,200,player.currentTeam,object,/v1/competitions/{cid}/seasons/{sid}/players/{pid}/stats,282,LIVE,
player_season_stats,https://sdp-prem-prod.premier-league-prod.pulselive.com/api/v1/competitions/8/seasons/2025/players/223094/stats,200,player.currentTeam.name,str,/v1/competitions/{cid}/seasons/{sid}/players/{pid}/stats,282,LIVE,
player_season_stats,https://sdp-prem-prod.premier-league-prod.pulselive.com/api/v1/competitions/8/seasons/2025/players/223094/stats,200,player.currentTeam.id,str,/v1/competitions/{cid}/seasons/{sid}/players/{pid}/stats,282,LIVE,
player_season_stats,https://sdp-prem-prod.premier-league-prod.pulselive.com/api/v1/competitions/8/seasons/2025/players/223094/stats,200,player.currentTeam.shortName,str,/v1/competitions/{cid}/seasons/{sid}/players/{pid}/stats,282,LIVE,
player_season_stats,https://sdp-prem-prod.premier-league-prod.pulselive.com/api/v1/competitions/8/seasons/2025/players/223094/stats,200,player.firstName,str,/v1/competitions/{cid}/seasons/{sid}/players/{pid}/stats,282,LIVE,
player_season_stats,https://sdp-prem-prod.premier-league-prod.pulselive.com/api/v1/competitions/8/seasons/2025/players/223094/stats,200,player.lastName,str,/v1/competitions/{cid}/seasons/{sid}/players/{pid}/stats,282,LIVE,
player_season_stats,https://sdp-prem-prod.premier-league-prod.pulselive.com/api/v1/competitions/8/seasons/2025/players/223094/stats,200,player.country,object,/v1/competitions/{cid}/seasons/{sid}/players/{pid}/stats,282,LIVE,
player_season_stats,https://sdp-prem-prod.premier-league-prod.pulselive.com/api/v1/competitions/8/seasons/2025/players/223094/stats,200,player.country.isoCode,str,/v1/competitions/{cid}/seasons/{sid}/players/{pid}/stats,282,LIVE,
player_season_stats,https://sdp-prem-prod.premier-league-prod.pulselive.com/api/v1/competitions/8/seasons/2025/players/223094/stats,200,player.country.country,str,/v1/competitions/{cid}/seasons/{sid}/players/{pid}/stats,282,LIVE,
player_season_stats,https://sdp-prem-prod.premier-league-prod.pulselive.com/api/v1/competitions/8/seasons/2025/players/223094/stats,200,player.country.demonym,str,/v1/competitions/{cid}/seasons/{sid}/players/{pid}/stats,282,LIVE,
player_season_stats,https://sdp-prem-prod.premier-league-prod.pulselive.com/api/v1/competitions/8/seasons/2025/players/223094/stats,200,player.name,str,/v1/competitions/{cid}/seasons/{sid}/players/{pid}/stats,282,LIVE,
player_season_stats,https://sdp-prem-prod.premier-league-prod.pulselive.com/api/v1/competitions/8/seasons/2025/players/223094/stats,200,player.id,str,/v1/competitions/{cid}/seasons/{sid}/players/{pid}/stats,282,LIVE,
player_season_stats,https://sdp-prem-prod.premier-league-prod.pulselive.com/api/v1/competitions/8/seasons/2025/players/223094/stats,200,player.position,str,/v1/competitions/{cid}/seasons/{sid}/players/{pid}/stats,282,LIVE,
player_season_info,https://sdp-prem-prod.premier-league-prod.pulselive.com/api/v1/competitions/8/seasons/2025/playerinfo/223094,200,currentTeam,object,/v1/competitions/{cid}/seasons/{sid}/playerinfo/{pid},281,LIVE,
player_season_info,https://sdp-prem-prod.premier-league-prod.pulselive.com/api/v1/competitions/8/seasons/2025/playerinfo/223094,200,currentTeam.loan,int,/v1/competitions/{cid}/seasons/{sid}/playerinfo/{pid},281,LIVE,
player_season_info,https://sdp-prem-prod.premier-league-prod.pulselive.com/api/v1/competitions/8/seasons/2025/playerinfo/223094,200,currentTeam.name,str,/v1/competitions/{cid}/seasons/{sid}/playerinfo/{pid},281,LIVE,
player_season_info,https://sdp-prem-prod.premier-league-prod.pulselive.com/api/v1/competitions/8/seasons/2025/playerinfo/223094,200,currentTeam.id,str,/v1/competitions/{cid}/seasons/{sid}/playerinfo/{pid},281,LIVE,
player_season_info,https://sdp-prem-prod.premier-league-prod.pulselive.com/api/v1/competitions/8/seasons/2025/playerinfo/223094,200,currentTeam.shortName,str,/v1/competitions/{cid}/seasons/{sid}/playerinfo/{pid},281,LIVE,
player_season_info,https://sdp-prem-prod.premier-league-prod.pulselive.com/api/v1/competitions/8/seasons/2025/playerinfo/223094,200,country,object,/v1/competitions/{cid}/seasons/{sid}/playerinfo/{pid},281,LIVE,
player_season_info,https://sdp-prem-prod.premier-league-prod.pulselive.com/api/v1/competitions/8/seasons/2025/playerinfo/223094,200,country.isoCode,str,/v1/competitions/{cid}/seasons/{sid}/playerinfo/{pid},281,LIVE,
player_season_info,https://sdp-prem-prod.premier-league-prod.pulselive.com/api/v1/competitions/8/seasons/2025/playerinfo/223094,200,country.country,str,/v1/competitions/{cid}/seasons/{sid}/playerinfo/{pid},281,LIVE,
player_season_info,https://sdp-prem-prod.premier-league-prod.pulselive.com/api/v1/competitions/8/seasons/2025/playerinfo/223094,200,country.demonym,str,/v1/competitions/{cid}/seasons/{sid}/playerinfo/{pid},281,LIVE,
player_season_info,https://sdp-prem-prod.premier-league-prod.pulselive.com/api/v1/competitions/8/seasons/2025/playerinfo/223094,200,countryOfBirth,str,/v1/competitions/{cid}/seasons/{sid}/playerinfo/{pid},281,LIVE,
player_season_info,https://sdp-prem-prod.premier-league-prod.pulselive.com/api/v1/competitions/8/seasons/2025/playerinfo/223094,200,name,object,/v1/competitions/{cid}/seasons/{sid}/playerinfo/{pid},281,LIVE,
player_season_info,https://sdp-prem-prod.premier-league-prod.pulselive.com/api/v1/competitions/8/seasons/2025/playerinfo/223094,200,name.last,str,/v1/competitions/{cid}/seasons/{sid}/playerinfo/{pid},281,LIVE,
player_season_info,https://sdp-prem-prod.premier-league-prod.pulselive.com/api/v1/competitions/8/seasons/2025/playerinfo/223094,200,name.display,str,/v1/competitions/{cid}/seasons/{sid}/playerinfo/{pid},281,LIVE,
player_season_info,https://sdp-prem-prod.premier-league-prod.pulselive.com/api/v1/competitions/8/seasons/2025/playerinfo/223094,200,name.first,str,/v1/competitions/{cid}/seasons/{sid}/playerinfo/{pid},281,LIVE,
player_season_info,https://sdp-prem-prod.premier-league-prod.pulselive.com/api/v1/competitions/8/seasons/2025/playerinfo/223094,200,shirtNum,int,/v1/competitions/{cid}/seasons/{sid}/playerinfo/{pid},281,LIVE,
player_season_info,https://sdp-prem-prod.premier-league-prod.pulselive.com/api/v1/competitions/8/seasons/2025/playerinfo/223094,200,weight,int,/v1/competitions/{cid}/seasons/{sid}/playerinfo/{pid},281,LIVE,
player_season_info,https://sdp-prem-prod.premier-league-prod.pulselive.com/api/v1/competitions/8/seasons/2025/playerinfo/223094,200,dates,object,/v1/competitions/{cid}/seasons/{sid}/playerinfo/{pid},281,LIVE,
player_season_info,https://sdp-prem-prod.premier-league-prod.pulselive.com/api/v1/competitions/8/seasons/2025/playerinfo/223094,200,dates.joinedClub,str,/v1/competitions/{cid}/seasons/{sid}/playerinfo/{pid},281,LIVE,
player_season_info,https://sdp-prem-prod.premier-league-prod.pulselive.com/api/v1/competitions/8/seasons/2025/playerinfo/223094,200,dates.birth,str,/v1/competitions/{cid}/seasons/{sid}/playerinfo/{pid},281,LIVE,
player_season_info,https://sdp-prem-prod.premier-league-prod.pulselive.com/api/v1/competitions/8/seasons/2025/playerinfo/223094,200,id,object,/v1/competitions/{cid}/seasons/{sid}/playerinfo/{pid},281,LIVE,
player_season_info,https://sdp-prem-prod.premier-league-prod.pulselive.com/api/v1/competitions/8/seasons/2025/playerinfo/223094,200,id.competitionId,str,/v1/competitions/{cid}/seasons/{sid}/playerinfo/{pid},281,LIVE,
player_season_info,https://sdp-prem-prod.premier-league-prod.pulselive.com/api/v1/competitions/8/seasons/2025/playerinfo/223094,200,id.seasonId,str,/v1/competitions/{cid}/seasons/{sid}/playerinfo/{pid},281,LIVE,
player_season_info,https://sdp-prem-prod.premier-league-prod.pulselive.com/api/v1/competitions/8/seasons/2025/playerinfo/223094,200,id.playerId,str,/v1/competitions/{cid}/seasons/{sid}/playerinfo/{pid},281,LIVE,
player_season_info,https://sdp-prem-prod.premier-league-prod.pulselive.com/api/v1/competitions/8/seasons/2025/playerinfo/223094,200,position,str,/v1/competitions/{cid}/seasons/{sid}/playerinfo/{pid},281,LIVE,
player_season_info,https://sdp-prem-prod.premier-league-prod.pulselive.com/api/v1/competitions/8/seasons/2025/playerinfo/223094,200,preferredFoot,str,/v1/competitions/{cid}/seasons/{sid}/playerinfo/{pid},281,LIVE,
player_season_info,https://sdp-prem-prod.premier-league-prod.pulselive.com/api/v1/competitions/8/seasons/2025/playerinfo/223094,200,height,int,/v1/competitions/{cid}/seasons/{sid}/playerinfo/{pid},281,LIVE,
player_leaderboard,https://sdp-prem-prod.premier-league-prod.pulselive.com/api/v3/competitions/8/seasons/2025/players/stats/leaderboard?_sort=goals:desc&_limit=1,200,pagination,object,/v3/competitions/{cid}/seasons/{sid}/players/stats/leaderboard,280,LIVE,
player_leaderboard,https://sdp-prem-prod.premier-league-prod.pulselive.com/api/v3/competitions/8/seasons/2025/players/stats/leaderboard?_sort=goals:desc&_limit=1,200,pagination._limit,int,/v3/competitions/{cid}/seasons/{sid}/players/stats/leaderboard,280,LIVE,
player_leaderboard,https://sdp-prem-prod.premier-league-prod.pulselive.com/api/v3/competitions/8/seasons/2025/players/stats/leaderboard?_sort=goals:desc&_limit=1,200,pagination._prev,NoneType,/v3/competitions/{cid}/seasons/{sid}/players/stats/leaderboard,280,LIVE,
player_leaderboard,https://sdp-prem-prod.premier-league-prod.pulselive.com/api/v3/competitions/8/seasons/2025/players/stats/leaderboard?_sort=goals:desc&_limit=1,200,pagination._next,str,/v3/competitions/{cid}/seasons/{sid}/players/stats/leaderboard,280,LIVE,
player_leaderboard,https://sdp-prem-prod.premier-league-prod.pulselive.com/api/v3/competitions/8/seasons/2025/players/stats/leaderboard?_sort=goals:desc&_limit=1,200,data,object,/v3/competitions/{cid}/seasons/{sid}/players/stats/leaderboard,280,LIVE,
player_leaderboard,https://sdp-prem-prod.premier-league-prod.pulselive.com/api/v3/competitions/8/seasons/2025/players/stats/leaderboard?_sort=goals:desc&_limit=1,200,data[].playerMetadata,object,/v3/competitions/{cid}/seasons/{sid}/players/stats/leaderboard,280,LIVE,
player_leaderboard,https://sdp-prem-prod.premier-league-prod.pulselive.com/api/v3/competitions/8/seasons/2025/players/stats/leaderboard?_sort=goals:desc&_limit=1,200,data[].playerMetadata.currentTeam,object,/v3/competitions/{cid}/seasons/{sid}/players/stats/leaderboard,280,LIVE,
player_leaderboard,https://sdp-prem-prod.premier-league-prod.pulselive.com/api/v3/competitions/8/seasons/2025/players/stats/leaderboard?_sort=goals:desc&_limit=1,200,data[].playerMetadata.currentTeam.name,str,/v3/competitions/{cid}/seasons/{sid}/players/stats/leaderboard,280,LIVE,
player_leaderboard,https://sdp-prem-prod.premier-league-prod.pulselive.com/api/v3/competitions/8/seasons/2025/players/stats/leaderboard?_sort=goals:desc&_limit=1,200,data[].playerMetadata.currentTeam.id,str,/v3/competitions/{cid}/seasons/{sid}/players/stats/leaderboard,280,LIVE,
player_leaderboard,https://sdp-prem-prod.premier-league-prod.pulselive.com/api/v3/competitions/8/seasons/2025/players/stats/leaderboard?_sort=goals:desc&_limit=1,200,data[].playerMetadata.currentTeam.shortName,str,/v3/competitions/{cid}/seasons/{sid}/players/stats/leaderboard,280,LIVE,
player_leaderboard,https://sdp-prem-prod.premier-league-prod.pulselive.com/api/v3/competitions/8/seasons/2025/players/stats/leaderboard?_sort=goals:desc&_limit=1,200,data[].playerMetadata.firstName,str,/v3/competitions/{cid}/seasons/{sid}/players/stats/leaderboard,280,LIVE,
player_leaderboard,https://sdp-prem-prod.premier-league-prod.pulselive.com/api/v3/competitions/8/seasons/2025/players/stats/leaderboard?_sort=goals:desc&_limit=1,200,data[].playerMetadata.lastName,str,/v3/competitions/{cid}/seasons/{sid}/players/stats/leaderboard,280,LIVE,
player_leaderboard,https://sdp-prem-prod.premier-league-prod.pulselive.com/api/v3/competitions/8/seasons/2025/players/stats/leaderboard?_sort=goals:desc&_limit=1,200,data[].playerMetadata.country,object,/v3/competitions/{cid}/seasons/{sid}/players/stats/leaderboard,280,LIVE,
player_leaderboard,https://sdp-prem-prod.premier-league-prod.pulselive.com/api/v3/competitions/8/seasons/2025/players/stats/leaderboard?_sort=goals:desc&_limit=1,200,data[].playerMetadata.country.isoCode,str,/v3/competitions/{cid}/seasons/{sid}/players/stats/leaderboard,280,LIVE,
player_leaderboard,https://sdp-prem-prod.premier-league-prod.pulselive.com/api/v3/competitions/8/seasons/2025/players/stats/leaderboard?_sort=goals:desc&_limit=1,200,data[].playerMetadata.country.country,str,/v3/competitions/{cid}/seasons/{sid}/players/stats/leaderboard,280,LIVE,
player_leaderboard,https://sdp-prem-prod.premier-league-prod.pulselive.com/api/v3/competitions/8/seasons/2025/players/stats/leaderboard?_sort=goals:desc&_limit=1,200,data[].playerMetadata.country.demonym,str,/v3/competitions/{cid}/seasons/{sid}/players/stats/leaderboard,280,LIVE,
player_leaderboard,https://sdp-prem-prod.premier-league-prod.pulselive.com/api/v3/competitions/8/seasons/2025/players/stats/leaderboard?_sort=goals:desc&_limit=1,200,data[].playerMetadata.name,str,/v3/competitions/{cid}/seasons/{sid}/players/stats/leaderboard,280,LIVE,
player_leaderboard,https://sdp-prem-prod.premier-league-prod.pulselive.com/api/v3/competitions/8/seasons/2025/players/stats/leaderboard?_sort=goals:desc&_limit=1,200,data[].playerMetadata.id,str,/v3/competitions/{cid}/seasons/{sid}/players/stats/leaderboard,280,LIVE,
player_leaderboard,https://sdp-prem-prod.premier-league-prod.pulselive.com/api/v3/competitions/8/seasons/2025/players/stats/leaderboard?_sort=goals:desc&_limit=1,200,data[].playerMetadata.position,str,/v3/competitions/{cid}/seasons/{sid}/players/stats/leaderboard,280,LIVE,
player_leaderboard,https://sdp-prem-prod.premier-league-prod.pulselive.com/api/v3/competitions/8/seasons/2025/players/stats/leaderboard?_sort=goals:desc&_limit=1,200,data[].stats,object,/v3/competitions/{cid}/seasons/{sid}/players/stats/leaderboard,280,LIVE,
player_leaderboard,https://sdp-prem-prod.premier-league-prod.pulselive.com/api/v3/competitions/8/seasons/2025/players/stats/leaderboard?_sort=goals:desc&_limit=1,200,data[].stats.duelsLost,float,/v3/competitions/{cid}/seasons/{sid}/players/stats/leaderboard,280,LIVE,
player_leaderboard,https://sdp-prem-prod.premier-league-prod.pulselive.com/api/v3/competitions/8/seasons/2025/players/stats/leaderboard?_sort=goals:desc&_limit=1,200,data[].stats.successfulCrossesOpenPlay,float,/v3/competitions/{cid}/seasons/{sid}/players/stats/leaderboard,280,LIVE,
player_leaderboard,https://sdp-prem-prod.premier-league-prod.pulselive.com/api/v3/competitions/8/seasons/2025/players/stats/leaderboard?_sort=goals:desc&_limit=1,200,data[].stats.totalRedCards,float,/v3/competitions/{cid}/seasons/{sid}/players/stats/leaderboard,280,LIVE,
player_leaderboard,https://sdp-prem-prod.premier-league-prod.pulselive.com/api/v3/competitions/8/seasons/2025/players/stats/leaderboard?_sort=goals:desc&_limit=1,200,data[].stats.blockedShots,float,/v3/competitions/{cid}/seasons/{sid}/players/stats/leaderboard,280,LIVE,
player_leaderboard,https://sdp-prem-prod.premier-league-prod.pulselive.com/api/v3/competitions/8/seasons/2025/players/stats/leaderboard?_sort=goals:desc&_limit=1,200,data[].stats.shotsOnTargetIncGoals,float,/v3/competitions/{cid}/seasons/{sid}/players/stats/leaderboard,280,LIVE,
player_leaderboard,https://sdp-prem-prod.premier-league-prod.pulselive.com/api/v3/competitions/8/seasons/2025/players/stats/leaderboard?_sort=goals:desc&_limit=1,200,data[].stats.overruns,float,/v3/competitions/{cid}/seasons/{sid}/players/stats/leaderboard,280,LIVE,
player_leaderboard,https://sdp-prem-prod.premier-league-prod.pulselive.com/api/v3/competitions/8/seasons/2025/players/stats/leaderboard?_sort=goals:desc&_limit=1,200,data[].stats.totalTackles,float,/v3/competitions/{cid}/seasons/{sid}/players/stats/leaderboard,280,LIVE,
player_leaderboard,https://sdp-prem-prod.premier-league-prod.pulselive.com/api/v3/competitions/8/seasons/2025/players/stats/leaderboard?_sort=goals:desc&_limit=1,200,data[].stats.totalShots,float,/v3/competitions/{cid}/seasons/{sid}/players/stats/leaderboard,280,LIVE,
player_leaderboard,https://sdp-prem-prod.premier-league-prod.pulselive.com/api/v3/competitions/8/seasons/2025/players/stats/leaderboard?_sort=goals:desc&_limit=1,200,data[].stats.throughBalls,float,/v3/competitions/{cid}/seasons/{sid}/players/stats/leaderboard,280,LIVE,
player_leaderboard,https://sdp-prem-prod.premier-league-prod.pulselive.com/api/v3/competitions/8/seasons/2025/players/stats/leaderboard?_sort=goals:desc&_limit=1,200,data[].stats.unsuccessfulShortPasses,float,/v3/competitions/{cid}/seasons/{sid}/players/stats/leaderboard,280,LIVE,
player_leaderboard,https://sdp-prem-prod.premier-league-prod.pulselive.com/api/v3/competitions/8/seasons/2025/players/stats/leaderboard?_sort=goals:desc&_limit=1,200,data[].stats.gamesPlayed,float,/v3/competitions/{cid}/seasons/{sid}/players/stats/leaderboard,280,LIVE,
player_leaderboard,https://sdp-prem-prod.premier-league-prod.pulselive.com/api/v3/competitions/8/seasons/2025/players/stats/leaderboard?_sort=goals:desc&_limit=1,200,data[].stats.goalAssists,float,/v3/competitions/{cid}/seasons/{sid}/players/stats/leaderboard,280,LIVE,
player_leaderboard,https://sdp-prem-prod.premier-league-prod.pulselive.com/api/v3/competitions/8/seasons/2025/players/stats/leaderboard?_sort=goals:desc&_limit=1,200,data[].stats.successfulLayoffs,float,/v3/competitions/{cid}/seasons/{sid}/players/stats/leaderboard,280,LIVE,
player_leaderboard,https://sdp-prem-prod.premier-league-prod.pulselive.com/api/v3/competitions/8/seasons/2025/players/stats/leaderboard?_sort=goals:desc&_limit=1,200,data[].stats.starts,float,/v3/competitions/{cid}/seasons/{sid}/players/stats/leaderboard,280,LIVE,
player_leaderboard,https://sdp-prem-prod.premier-league-prod.pulselive.com/api/v3/competitions/8/seasons/2025/players/stats/leaderboard?_sort=goals:desc&_limit=1,200,data[].stats.totalUnsuccessfulPassesExclCrossesAndCorners,float,/v3/competitions/{cid}/seasons/{sid}/players/stats/leaderboard,280,LIVE,
player_leaderboard,https://sdp-prem-prod.premier-league-prod.pulselive.com/api/v3/competitions/8/seasons/2025/players/stats/leaderboard?_sort=goals:desc&_limit=1,200,data[].stats.unsuccessfulCrossesOpenPlay,float,/v3/competitions/{cid}/seasons/{sid}/players/stats/leaderboard,280,LIVE,
player_leaderboard,https://sdp-prem-prod.premier-league-prod.pulselive.com/api/v3/competitions/8/seasons/2025/players/stats/leaderboard?_sort=goals:desc&_limit=1,200,data[].stats.totalPasses,float,/v3/competitions/{cid}/seasons/{sid}/players/stats/leaderboard,280,LIVE,
player_leaderboard,https://sdp-prem-prod.premier-league-prod.pulselive.com/api/v3/competitions/8/seasons/2025/players/stats/leaderboard?_sort=goals:desc&_limit=1,200,data[].stats.goals,float,/v3/competitions/{cid}/seasons/{sid}/players/stats/leaderboard,280,LIVE,
player_leaderboard,https://sdp-prem-prod.premier-league-prod.pulselive.com/api/v3/competitions/8/seasons/2025/players/stats/leaderboard?_sort=goals:desc&_limit=1,200,data[].stats.offsides,float,/v3/competitions/{cid}/seasons/{sid}/players/stats/leaderboard,280,LIVE,
player_leaderboard,https://sdp-prem-prod.premier-league-prod.pulselive.com/api/v3/competitions/8/seasons/2025/players/stats/leaderboard?_sort=goals:desc&_limit=1,200,data[].stats.awayGoals,float,/v3/competitions/{cid}/seasons/{sid}/players/stats/leaderboard,280,LIVE,
player_leaderboard,https://sdp-prem-prod.premier-league-prod.pulselive.com/api/v3/competitions/8/seasons/2025/players/stats/leaderboard?_sort=goals:desc&_limit=1,200,data[].stats.substituteOn,float,/v3/competitions/{cid}/seasons/{sid}/players/stats/leaderboard,280,LIVE,
player_leaderboard,https://sdp-prem-prod.premier-league-prod.pulselive.com/api/v3/competitions/8/seasons/2025/players/stats/leaderboard?_sort=goals:desc&_limit=1,200,data[].stats.aerialDuels,float,/v3/competitions/{cid}/seasons/{sid}/players/stats/leaderboard,280,LIVE,
player_leaderboard,https://sdp-prem-prod.premier-league-prod.pulselive.com/api/v3/competitions/8/seasons/2025/players/stats/leaderboard?_sort=goals:desc&_limit=1,200,data[].stats.cleanSheets,float,/v3/competitions/{cid}/seasons/{sid}/players/stats/leaderboard,280,LIVE,
player_leaderboard,https://sdp-prem-prod.premier-league-prod.pulselive.com/api/v3/competitions/8/seasons/2025/players/stats/leaderboard?_sort=goals:desc&_limit=1,200,data[].stats.successfulCrossesAndCorners,float,/v3/competitions/{cid}/seasons/{sid}/players/stats/leaderboard,280,LIVE,
player_leaderboard,https://sdp-prem-prod.premier-league-prod.pulselive.com/api/v3/competitions/8/seasons/2025/players/stats/leaderboard?_sort=goals:desc&_limit=1,200,data[].stats.timePlayed,float,/v3/competitions/{cid}/seasons/{sid}/players/stats/leaderboard,280,LIVE,
player_leaderboard,https://sdp-prem-prod.premier-league-prod.pulselive.com/api/v3/competitions/8/seasons/2025/players/stats/leaderboard?_sort=goals:desc&_limit=1,200,data[].stats.unsuccessfulLayoffs,float,/v3/competitions/{cid}/seasons/{sid}/players/stats/leaderboard,280,LIVE,
player_leaderboard,https://sdp-prem-prod.premier-league-prod.pulselive.com/api/v3/competitions/8/seasons/2025/players/stats/leaderboard?_sort=goals:desc&_limit=1,200,data[].stats.aerialDuelsLost,float,/v3/competitions/{cid}/seasons/{sid}/players/stats/leaderboard,280,LIVE,
player_leaderboard,https://sdp-prem-prod.premier-league-prod.pulselive.com/api/v3/competitions/8/seasons/2025/players/stats/leaderboard?_sort=goals:desc&_limit=1,200,data[].stats.duelsWon,float,/v3/competitions/{cid}/seasons/{sid}/players/stats/leaderboard,280,LIVE,
player_leaderboard,https://sdp-prem-prod.premier-league-prod.pulselive.com/api/v3/competitions/8/seasons/2025/players/stats/leaderboard?_sort=goals:desc&_limit=1,200,data[].stats.goalsConcededOutsideBox,float,/v3/competitions/{cid}/seasons/{sid}/players/stats/leaderboard,280,LIVE,
player_leaderboard,https://sdp-prem-prod.premier-league-prod.pulselive.com/api/v3/competitions/8/seasons/2025/players/stats/leaderboard?_sort=goals:desc&_limit=1,200,data[].stats.putthroughBlockedDistribution,float,/v3/competitions/{cid}/seasons/{sid}/players/stats/leaderboard,280,LIVE,
player_leaderboard,https://sdp-prem-prod.premier-league-prod.pulselive.com/api/v3/competitions/8/seasons/2025/players/stats/leaderboard?_sort=goals:desc&_limit=1,200,data[].stats.groundDuelsWon,float,/v3/competitions/{cid}/seasons/{sid}/players/stats/leaderboard,280,LIVE,
player_leaderboard,https://sdp-prem-prod.premier-league-prod.pulselive.com/api/v3/competitions/8/seasons/2025/players/stats/leaderboard?_sort=goals:desc&_limit=1,200,data[].stats.successfulShortPasses,float,/v3/competitions/{cid}/seasons/{sid}/players/stats/leaderboard,280,LIVE,
player_leaderboard,https://sdp-prem-prod.premier-league-prod.pulselive.com/api/v3/competitions/8/seasons/2025/players/stats/leaderboard?_sort=goals:desc&_limit=1,200,data[].stats.totalTouchesInOppositionBox,float,/v3/competitions/{cid}/seasons/{sid}/players/stats/leaderboard,280,LIVE,
player_leaderboard,https://sdp-prem-prod.premier-league-prod.pulselive.com/api/v3/competitions/8/seasons/2025/players/stats/leaderboard?_sort=goals:desc&_limit=1,200,data[].stats.penaltyGoalsConceded,float,/v3/competitions/{cid}/seasons/{sid}/players/stats/leaderboard,280,LIVE,
player_leaderboard,https://sdp-prem-prod.premier-league-prod.pulselive.com/api/v3/competitions/8/seasons/2025/players/stats/leaderboard?_sort=goals:desc&_limit=1,200,data[].stats.keyPassesAttemptAssists,float,/v3/competitions/{cid}/seasons/{sid}/players/stats/leaderboard,280,LIVE,
player_leaderboard,https://sdp-prem-prod.premier-league-prod.pulselive.com/api/v3/competitions/8/seasons/2025/players/stats/leaderboard?_sort=goals:desc&_limit=1,200,data[].stats.successfulLaunches,float,/v3/competitions/{cid}/seasons/{sid}/players/stats/leaderboard,280,LIVE,
player_leaderboard,https://sdp-prem-prod.premier-league-prod.pulselive.com/api/v3/competitions/8/seasons/2025/players/stats/leaderboard?_sort=goals:desc&_limit=1,200,data[].stats.totalClearances,float,/v3/competitions/{cid}/seasons/{sid}/players/stats/leaderboard,280,LIVE,
player_leaderboard,https://sdp-prem-prod.premier-league-prod.pulselive.com/api/v3/competitions/8/seasons/2025/players/stats/leaderboard?_sort=goals:desc&_limit=1,200,data[].stats.goalsConceded,float,/v3/competitions/{cid}/seasons/{sid}/players/stats/leaderboard,280,LIVE,
player_leaderboard,https://sdp-prem-prod.premier-league-prod.pulselive.com/api/v3/competitions/8/seasons/2025/players/stats/leaderboard?_sort=goals:desc&_limit=1,200,data[].stats.groundDuelsLost,float,/v3/competitions/{cid}/seasons/{sid}/players/stats/leaderboard,280,LIVE,
player_leaderboard,https://sdp-prem-prod.premier-league-prod.pulselive.com/api/v3/competitions/8/seasons/2025/players/stats/leaderboard?_sort=goals:desc&_limit=1,200,data[].stats.rightsidePasses,float,/v3/competitions/{cid}/seasons/{sid}/players/stats/leaderboard,280,LIVE,
player_leaderboard,https://sdp-prem-prod.premier-league-prod.pulselive.com/api/v3/competitions/8/seasons/2025/players/stats/leaderboard?_sort=goals:desc&_limit=1,200,data[].stats.totalFoulsWon,float,/v3/competitions/{cid}/seasons/{sid}/players/stats/leaderboard,280,LIVE,
player_leaderboard,https://sdp-prem-prod.premier-league-prod.pulselive.com/api/v3/competitions/8/seasons/2025/players/stats/leaderboard?_sort=goals:desc&_limit=1,200,data[].stats.winningGoal,float,/v3/competitions/{cid}/seasons/{sid}/players/stats/leaderboard,280,LIVE,
player_leaderboard,https://sdp-prem-prod.premier-league-prod.pulselive.com/api/v3/competitions/8/seasons/2025/players/stats/leaderboard?_sort=goals:desc&_limit=1,200,data[].stats.duels,float,/v3/competitions/{cid}/seasons/{sid}/players/stats/leaderboard,280,LIVE,
player_leaderboard,https://sdp-prem-prod.premier-league-prod.pulselive.com/api/v3/competitions/8/seasons/2025/players/stats/leaderboard?_sort=goals:desc&_limit=1,200,data[].stats.putthroughBlockedDistributionWon,float,/v3/competitions/{cid}/seasons/{sid}/players/stats/leaderboard,280,LIVE,
player_leaderboard,https://sdp-prem-prod.premier-league-prod.pulselive.com/api/v3/competitions/8/seasons/2025/players/stats/leaderboard?_sort=goals:desc&_limit=1,200,data[].stats.homeGoals,float,/v3/competitions/{cid}/seasons/{sid}/players/stats/leaderboard,280,LIVE,
player_leaderboard,https://sdp-prem-prod.premier-league-prod.pulselive.com/api/v3/competitions/8/seasons/2025/players/stats/leaderboard?_sort=goals:desc&_limit=1,200,data[].stats.forwardPasses,float,/v3/competitions/{cid}/seasons/{sid}/players/stats/leaderboard,280,LIVE,
player_leaderboard,https://sdp-prem-prod.premier-league-prod.pulselive.com/api/v3/competitions/8/seasons/2025/players/stats/leaderboard?_sort=goals:desc&_limit=1,200,data[].stats.recoveries,float,/v3/competitions/{cid}/seasons/{sid}/players/stats/leaderboard,280,LIVE,
player_leaderboard,https://sdp-prem-prod.premier-league-prod.pulselive.com/api/v3/competitions/8/seasons/2025/players/stats/leaderboard?_sort=goals:desc&_limit=1,200,data[].stats.appearances,float,/v3/competitions/{cid}/seasons/{sid}/players/stats/leaderboard,280,LIVE,
player_leaderboard,https://sdp-prem-prod.premier-league-prod.pulselive.com/api/v3/competitions/8/seasons/2025/players/stats/leaderboard?_sort=goals:desc&_limit=1,200,data[].stats.penaltiesTaken,float,/v3/competitions/{cid}/seasons/{sid}/players/stats/leaderboard,280,LIVE,
player_leaderboard,https://sdp-prem-prod.premier-league-prod.pulselive.com/api/v3/competitions/8/seasons/2025/players/stats/leaderboard?_sort=goals:desc&_limit=1,200,data[].stats.rightFootGoals,float,/v3/competitions/{cid}/seasons/{sid}/players/stats/leaderboard,280,LIVE,
player_leaderboard,https://sdp-prem-prod.premier-league-prod.pulselive.com/api/v3/competitions/8/seasons/2025/players/stats/leaderboard?_sort=goals:desc&_limit=1,200,data[].stats.tacklesLost,float,/v3/competitions/{cid}/seasons/{sid}/players/stats/leaderboard,280,LIVE,
player_leaderboard,https://sdp-prem-prod.premier-league-prod.pulselive.com/api/v3/competitions/8/seasons/2025/players/stats/leaderboard?_sort=goals:desc&_limit=1,200,data[].stats.leftFootGoals,float,/v3/competitions/{cid}/seasons/{sid}/players/stats/leaderboard,280,LIVE,
player_leaderboard,https://sdp-prem-prod.premier-league-prod.pulselive.com/api/v3/competitions/8/seasons/2025/players/stats/leaderboard?_sort=goals:desc&_limit=1,200,data[].stats.unsuccessfulDribbles,float,/v3/competitions/{cid}/seasons/{sid}/players/stats/leaderboard,280,LIVE,
player_leaderboard,https://sdp-prem-prod.premier-league-prod.pulselive.com/api/v3/competitions/8/seasons/2025/players/stats/leaderboard?_sort=goals:desc&_limit=1,200,data[].stats.successfulPassesOppositionHalf,float,/v3/competitions/{cid}/seasons/{sid}/players/stats/leaderboard,280,LIVE,
player_leaderboard,https://sdp-prem-prod.premier-league-prod.pulselive.com/api/v3/competitions/8/seasons/2025/players/stats/leaderboard?_sort=goals:desc&_limit=1,200,data[].stats.goalsConcededInsideBox,float,/v3/competitions/{cid}/seasons/{sid}/players/stats/leaderboard,280,LIVE,
player_leaderboard,https://sdp-prem-prod.premier-league-prod.pulselive.com/api/v3/competitions/8/seasons/2025/players/stats/leaderboard?_sort=goals:desc&_limit=1,200,data[].stats.headedGoals,float,/v3/competitions/{cid}/seasons/{sid}/players/stats/leaderboard,280,LIVE,
player_leaderboard,https://sdp-prem-prod.premier-league-prod.pulselive.com/api/v3/competitions/8/seasons/2025/players/stats/leaderboard?_sort=goals:desc&_limit=1,200,data[].stats.unsuccessfulCrossesAndCorners,float,/v3/competitions/{cid}/seasons/{sid}/players/stats/leaderboard,280,LIVE,
player_leaderboard,https://sdp-prem-prod.premier-league-prod.pulselive.com/api/v3/competitions/8/seasons/2025/players/stats/leaderboard?_sort=goals:desc&_limit=1,200,data[].stats.timesTackled,float,/v3/competitions/{cid}/seasons/{sid}/players/stats/leaderboard,280,LIVE,
player_leaderboard,https://sdp-prem-prod.premier-league-prod.pulselive.com/api/v3/competitions/8/seasons/2025/players/stats/leaderboard?_sort=goals:desc&_limit=1,200,data[].stats.groundDuels,float,/v3/competitions/{cid}/seasons/{sid}/players/stats/leaderboard,280,LIVE,
player_leaderboard,https://sdp-prem-prod.premier-league-prod.pulselive.com/api/v3/competitions/8/seasons/2025/players/stats/leaderboard?_sort=goals:desc&_limit=1,200,data[].stats.aerialDuelsWon,float,/v3/competitions/{cid}/seasons/{sid}/players/stats/leaderboard,280,LIVE,
player_leaderboard,https://sdp-prem-prod.premier-league-prod.pulselive.com/api/v3/competitions/8/seasons/2025/players/stats/leaderboard?_sort=goals:desc&_limit=1,200,data[].stats.straightRedCards,float,/v3/competitions/{cid}/seasons/{sid}/players/stats/leaderboard,280,LIVE,
player_leaderboard,https://sdp-prem-prod.premier-league-prod.pulselive.com/api/v3/competitions/8/seasons/2025/players/stats/leaderboard?_sort=goals:desc&_limit=1,200,data[].stats.openPlayPasses,float,/v3/competitions/{cid}/seasons/{sid}/players/stats/leaderboard,280,LIVE,
player_leaderboard,https://sdp-prem-prod.premier-league-prod.pulselive.com/api/v3/competitions/8/seasons/2025/players/stats/leaderboard?_sort=goals:desc&_limit=1,200,data[].stats.shotsOffTargetIncWoodwork,float,/v3/competitions/{cid}/seasons/{sid}/players/stats/leaderboard,280,LIVE,
player_leaderboard,https://sdp-prem-prod.premier-league-prod.pulselive.com/api/v3/competitions/8/seasons/2025/players/stats/leaderboard?_sort=goals:desc&_limit=1,200,data[].stats.cornersWon,float,/v3/competitions/{cid}/seasons/{sid}/players/stats/leaderboard,280,LIVE,
player_leaderboard,https://sdp-prem-prod.premier-league-prod.pulselive.com/api/v3/competitions/8/seasons/2025/players/stats/leaderboard?_sort=goals:desc&_limit=1,200,data[].stats.totalLossesOfPossession,float,/v3/competitions/{cid}/seasons/{sid}/players/stats/leaderboard,280,LIVE,
player_leaderboard,https://sdp-prem-prod.premier-league-prod.pulselive.com/api/v3/competitions/8/seasons/2025/players/stats/leaderboard?_sort=goals:desc&_limit=1,200,data[].stats.tacklesWon,float,/v3/competitions/{cid}/seasons/{sid}/players/stats/leaderboard,280,LIVE,
player_leaderboard,https://sdp-prem-prod.premier-league-prod.pulselive.com/api/v3/competitions/8/seasons/2025/players/stats/leaderboard?_sort=goals:desc&_limit=1,200,data[].stats.successfulDribbles,float,/v3/competitions/{cid}/seasons/{sid}/players/stats/leaderboard,280,LIVE,
player_leaderboard,https://sdp-prem-prod.premier-league-prod.pulselive.com/api/v3/competitions/8/seasons/2025/players/stats/leaderboard?_sort=goals:desc&_limit=1,200,data[].stats.blocks,float,/v3/competitions/{cid}/seasons/{sid}/players/stats/leaderboard,280,LIVE,
player_leaderboard,https://sdp-prem-prod.premier-league-prod.pulselive.com/api/v3/competitions/8/seasons/2025/players/stats/leaderboard?_sort=goals:desc&_limit=1,200,data[].stats.leftsidePasses,float,/v3/competitions/{cid}/seasons/{sid}/players/stats/leaderboard,280,LIVE,
player_leaderboard,https://sdp-prem-prod.premier-league-prod.pulselive.com/api/v3/competitions/8/seasons/2025/players/stats/leaderboard?_sort=goals:desc&_limit=1,200,data[].stats.totalFoulsConceded,float,/v3/competitions/{cid}/seasons/{sid}/players/stats/leaderboard,280,LIVE,
player_leaderboard,https://sdp-prem-prod.premier-league-prod.pulselive.com/api/v3/competitions/8/seasons/2025/players/stats/leaderboard?_sort=goals:desc&_limit=1,200,data[].stats.interceptions,float,/v3/competitions/{cid}/seasons/{sid}/players/stats/leaderboard,280,LIVE,
player_leaderboard,https://sdp-prem-prod.premier-league-prod.pulselive.com/api/v3/competitions/8/seasons/2025/players/stats/leaderboard?_sort=goals:desc&_limit=1,200,data[].stats.penaltyGoals,float,/v3/competitions/{cid}/seasons/{sid}/players/stats/leaderboard,280,LIVE,
player_leaderboard,https://sdp-prem-prod.premier-league-prod.pulselive.com/api/v3/competitions/8/seasons/2025/players/stats/leaderboard?_sort=goals:desc&_limit=1,200,data[].stats.successfulLongPasses,float,/v3/competitions/{cid}/seasons/{sid}/players/stats/leaderboard,280,LIVE,
player_leaderboard,https://sdp-prem-prod.premier-league-prod.pulselive.com/api/v3/competitions/8/seasons/2025/players/stats/leaderboard?_sort=goals:desc&_limit=1,200,data[].stats.backwardPasses,float,/v3/competitions/{cid}/seasons/{sid}/players/stats/leaderboard,280,LIVE,
player_leaderboard,https://sdp-prem-prod.premier-league-prod.pulselive.com/api/v3/competitions/8/seasons/2025/players/stats/leaderboard?_sort=goals:desc&_limit=1,200,data[].stats.touches,float,/v3/competitions/{cid}/seasons/{sid}/players/stats/leaderboard,280,LIVE,
player_leaderboard,https://sdp-prem-prod.premier-league-prod.pulselive.com/api/v3/competitions/8/seasons/2025/players/stats/leaderboard?_sort=goals:desc&_limit=1,200,data[].stats.throwInsToOwnPlayer,float,/v3/competitions/{cid}/seasons/{sid}/players/stats/leaderboard,280,LIVE,
player_leaderboard,https://sdp-prem-prod.premier-league-prod.pulselive.com/api/v3/competitions/8/seasons/2025/players/stats/leaderboard?_sort=goals:desc&_limit=1,200,data[].stats.substituteOff,float,/v3/competitions/{cid}/seasons/{sid}/players/stats/leaderboard,280,LIVE,
player_leaderboard,https://sdp-prem-prod.premier-league-prod.pulselive.com/api/v3/competitions/8/seasons/2025/players/stats/leaderboard?_sort=goals:desc&_limit=1,200,data[].stats.hitWoodwork,float,/v3/competitions/{cid}/seasons/{sid}/players/stats/leaderboard,280,LIVE,
player_leaderboard,https://sdp-prem-prod.premier-league-prod.pulselive.com/api/v3/competitions/8/seasons/2025/players/stats/leaderboard?_sort=goals:desc&_limit=1,200,data[].stats.unsuccessfulLaunches,float,/v3/competitions/{cid}/seasons/{sid}/players/stats/leaderboard,280,LIVE,
player_leaderboard,https://sdp-prem-prod.premier-league-prod.pulselive.com/api/v3/competitions/8/seasons/2025/players/stats/leaderboard?_sort=goals:desc&_limit=1,200,data[].stats.successfulPassesOwnHalf,float,/v3/competitions/{cid}/seasons/{sid}/players/stats/leaderboard,280,LIVE,
player_leaderboard,https://sdp-prem-prod.premier-league-prod.pulselive.com/api/v3/competitions/8/seasons/2025/players/stats/leaderboard?_sort=goals:desc&_limit=1,200,data[].stats.foulAttemptedTackle,float,/v3/competitions/{cid}/seasons/{sid}/players/stats/leaderboard,280,LIVE,
player_leaderboard,https://sdp-prem-prod.premier-league-prod.pulselive.com/api/v3/competitions/8/seasons/2025/players/stats/leaderboard?_sort=goals:desc&_limit=1,200,data[].stats.yellowCards,float,/v3/competitions/{cid}/seasons/{sid}/players/stats/leaderboard,280,LIVE,
player_leaderboard,https://sdp-prem-prod.premier-league-prod.pulselive.com/api/v3/competitions/8/seasons/2025/players/stats/leaderboard?_sort=goals:desc&_limit=1,200,data[].stats.unsuccessfulLongPasses,float,/v3/competitions/{cid}/seasons/{sid}/players/stats/leaderboard,280,LIVE,
player_leaderboard,https://sdp-prem-prod.premier-league-prod.pulselive.com/api/v3/competitions/8/seasons/2025/players/stats/leaderboard?_sort=goals:desc&_limit=1,200,data[].stats.unsuccessfulPassesOwnHalf,float,/v3/competitions/{cid}/seasons/{sid}/players/stats/leaderboard,280,LIVE,
team_leaderboard,https://sdp-prem-prod.premier-league-prod.pulselive.com/api/v2/competitions/8/teams/stats/leaderboard?_sort=goals:desc&season=2025&_limit=1,200,pagination,object,/v2/competitions/{cid}/teams/stats/leaderboard,279,LIVE,
team_leaderboard,https://sdp-prem-prod.premier-league-prod.pulselive.com/api/v2/competitions/8/teams/stats/leaderboard?_sort=goals:desc&season=2025&_limit=1,200,pagination._limit,int,/v2/competitions/{cid}/teams/stats/leaderboard,279,LIVE,
team_leaderboard,https://sdp-prem-prod.premier-league-prod.pulselive.com/api/v2/competitions/8/teams/stats/leaderboard?_sort=goals:desc&season=2025&_limit=1,200,pagination._prev,NoneType,/v2/competitions/{cid}/teams/stats/leaderboard,279,LIVE,
team_leaderboard,https://sdp-prem-prod.premier-league-prod.pulselive.com/api/v2/competitions/8/teams/stats/leaderboard?_sort=goals:desc&season=2025&_limit=1,200,pagination._next,str,/v2/competitions/{cid}/teams/stats/leaderboard,279,LIVE,
team_leaderboard,https://sdp-prem-prod.premier-league-prod.pulselive.com/api/v2/competitions/8/teams/stats/leaderboard?_sort=goals:desc&season=2025&_limit=1,200,data,object,/v2/competitions/{cid}/teams/stats/leaderboard,279,LIVE,
team_leaderboard,https://sdp-prem-prod.premier-league-prod.pulselive.com/api/v2/competitions/8/teams/stats/leaderboard?_sort=goals:desc&season=2025&_limit=1,200,data[].teamMetadata,object,/v2/competitions/{cid}/teams/stats/leaderboard,279,LIVE,
team_leaderboard,https://sdp-prem-prod.premier-league-prod.pulselive.com/api/v2/competitions/8/teams/stats/leaderboard?_sort=goals:desc&season=2025&_limit=1,200,data[].teamMetadata.name,str,/v2/competitions/{cid}/teams/stats/leaderboard,279,LIVE,
team_leaderboard,https://sdp-prem-prod.premier-league-prod.pulselive.com/api/v2/competitions/8/teams/stats/leaderboard?_sort=goals:desc&season=2025&_limit=1,200,data[].teamMetadata.season,str,/v2/competitions/{cid}/teams/stats/leaderboard,279,LIVE,
team_leaderboard,https://sdp-prem-prod.premier-league-prod.pulselive.com/api/v2/competitions/8/teams/stats/leaderboard?_sort=goals:desc&season=2025&_limit=1,200,data[].teamMetadata.id,str,/v2/competitions/{cid}/teams/stats/leaderboard,279,LIVE,
team_leaderboard,https://sdp-prem-prod.premier-league-prod.pulselive.com/api/v2/competitions/8/teams/stats/leaderboard?_sort=goals:desc&season=2025&_limit=1,200,data[].teamMetadata.shortName,str,/v2/competitions/{cid}/teams/stats/leaderboard,279,LIVE,
team_leaderboard,https://sdp-prem-prod.premier-league-prod.pulselive.com/api/v2/competitions/8/teams/stats/leaderboard?_sort=goals:desc&season=2025&_limit=1,200,data[].teamMetadata.abbr,str,/v2/competitions/{cid}/teams/stats/leaderboard,279,LIVE,
team_leaderboard,https://sdp-prem-prod.premier-league-prod.pulselive.com/api/v2/competitions/8/teams/stats/leaderboard?_sort=goals:desc&season=2025&_limit=1,200,data[].stats,object,/v2/competitions/{cid}/teams/stats/leaderboard,279,LIVE,
team_leaderboard,https://sdp-prem-prod.premier-league-prod.pulselive.com/api/v2/competitions/8/teams/stats/leaderboard?_sort=goals:desc&season=2025&_limit=1,200,data[].stats.duelsLost,float,/v2/competitions/{cid}/teams/stats/leaderboard,279,LIVE,
team_leaderboard,https://sdp-prem-prod.premier-league-prod.pulselive.com/api/v2/competitions/8/teams/stats/leaderboard?_sort=goals:desc&season=2025&_limit=1,200,data[].stats.penaltiesSaved,float,/v2/competitions/{cid}/teams/stats/leaderboard,279,LIVE,
team_leaderboard,https://sdp-prem-prod.premier-league-prod.pulselive.com/api/v2/competitions/8/teams/stats/leaderboard?_sort=goals:desc&season=2025&_limit=1,200,data[].stats.blockedShots,float,/v2/competitions/{cid}/teams/stats/leaderboard,279,LIVE,
team_leaderboard,https://sdp-prem-prod.premier-league-prod.pulselive.com/api/v2/competitions/8/teams/stats/leaderboard?_sort=goals:desc&season=2025&_limit=1,200,data[].stats.shotsOnTargetIncGoals,float,/v2/competitions/{cid}/teams/stats/leaderboard,279,LIVE,
team_leaderboard,https://sdp-prem-prod.premier-league-prod.pulselive.com/api/v2/competitions/8/teams/stats/leaderboard?_sort=goals:desc&season=2025&_limit=1,200,data[].stats.expectedGoalsOnTarget,float,/v2/competitions/{cid}/teams/stats/leaderboard,279,LIVE,
team_leaderboard,https://sdp-prem-prod.premier-league-prod.pulselive.com/api/v2/competitions/8/teams/stats/leaderboard?_sort=goals:desc&season=2025&_limit=1,200,data[].stats.gamesPlayed,float,/v2/competitions/{cid}/teams/stats/leaderboard,279,LIVE,
team_leaderboard,https://sdp-prem-prod.premier-league-prod.pulselive.com/api/v2/competitions/8/teams/stats/leaderboard?_sort=goals:desc&season=2025&_limit=1,200,data[].stats.crossingAccuracy,float,/v2/competitions/{cid}/teams/stats/leaderboard,279,LIVE,
team_leaderboard,https://sdp-prem-prod.premier-league-prod.pulselive.com/api/v2/competitions/8/teams/stats/leaderboard?_sort=goals:desc&season=2025&_limit=1,200,data[].stats.totalPasses,float,/v2/competitions/{cid}/teams/stats/leaderboard,279,LIVE,
team_leaderboard,https://sdp-prem-prod.premier-league-prod.pulselive.com/api/v2/competitions/8/teams/stats/leaderboard?_sort=goals:desc&season=2025&_limit=1,200,data[].stats.goals,float,/v2/competitions/{cid}/teams/stats/leaderboard,279,LIVE,
team_leaderboard,https://sdp-prem-prod.premier-league-prod.pulselive.com/api/v2/competitions/8/teams/stats/leaderboard?_sort=goals:desc&season=2025&_limit=1,200,data[].stats.offsides,float,/v2/competitions/{cid}/teams/stats/leaderboard,279,LIVE,
team_leaderboard,https://sdp-prem-prod.premier-league-prod.pulselive.com/api/v2/competitions/8/teams/stats/leaderboard?_sort=goals:desc&season=2025&_limit=1,200,data[].stats.awayGoals,float,/v2/competitions/{cid}/teams/stats/leaderboard,279,LIVE,
team_leaderboard,https://sdp-prem-prod.premier-league-prod.pulselive.com/api/v2/competitions/8/teams/stats/leaderboard?_sort=goals:desc&season=2025&_limit=1,200,data[].stats.tackleSuccess,float,/v2/competitions/{cid}/teams/stats/leaderboard,279,LIVE,
team_leaderboard,https://sdp-prem-prod.premier-league-prod.pulselive.com/api/v2/competitions/8/teams/stats/leaderboard?_sort=goals:desc&season=2025&_limit=1,200,data[].stats.oboxBlocked,float,/v2/competitions/{cid}/teams/stats/leaderboard,279,LIVE,
team_leaderboard,https://sdp-prem-prod.premier-league-prod.pulselive.com/api/v2/competitions/8/teams/stats/leaderboard?_sort=goals:desc&season=2025&_limit=1,200,data[].stats.passingAccuracy,float,/v2/competitions/{cid}/teams/stats/leaderboard,279,LIVE,
team_leaderboard,https://sdp-prem-prod.premier-league-prod.pulselive.com/api/v2/competitions/8/teams/stats/leaderboard?_sort=goals:desc&season=2025&_limit=1,200,data[].stats.iboxTarget,float,/v2/competitions/{cid}/teams/stats/leaderboard,279,LIVE,
team_leaderboard,https://sdp-prem-prod.premier-league-prod.pulselive.com/api/v2/competitions/8/teams/stats/leaderboard?_sort=goals:desc&season=2025&_limit=1,200,data[].stats.aerialDuelsLost,float,/v2/competitions/{cid}/teams/stats/leaderboard,279,LIVE,
team_leaderboard,https://sdp-prem-prod.premier-league-prod.pulselive.com/api/v2/competitions/8/teams/stats/leaderboard?_sort=goals:desc&season=2025&_limit=1,200,data[].stats.goalsConcededOutsideBox,float,/v2/competitions/{cid}/teams/stats/leaderboard,279,LIVE,
team_leaderboard,https://sdp-prem-prod.premier-league-prod.pulselive.com/api/v2/competitions/8/teams/stats/leaderboard?_sort=goals:desc&season=2025&_limit=1,200,data[].stats.ownGoalsAccrued,float,/v2/competitions/{cid}/teams/stats/leaderboard,279,LIVE,
team_leaderboard,https://sdp-prem-prod.premier-league-prod.pulselive.com/api/v2/competitions/8/teams/stats/leaderboard?_sort=goals:desc&season=2025&_limit=1,200,data[].stats.groundDuelsWon,float,/v2/competitions/{cid}/teams/stats/leaderboard,279,LIVE,
team_leaderboard,https://sdp-prem-prod.premier-league-prod.pulselive.com/api/v2/competitions/8/teams/stats/leaderboard?_sort=goals:desc&season=2025&_limit=1,200,data[].stats.successfulCornersIntoBox,float,/v2/competitions/{cid}/teams/stats/leaderboard,279,LIVE,
team_leaderboard,https://sdp-prem-prod.premier-league-prod.pulselive.com/api/v2/competitions/8/teams/stats/leaderboard?_sort=goals:desc&season=2025&_limit=1,200,data[].stats.penaltyGoalsConceded,float,/v2/competitions/{cid}/teams/stats/leaderboard,279,LIVE,
team_leaderboard,https://sdp-prem-prod.premier-league-prod.pulselive.com/api/v2/competitions/8/teams/stats/leaderboard?_sort=goals:desc&season=2025&_limit=1,200,data[].stats.expectedGoalsOnTargetConceded,float,/v2/competitions/{cid}/teams/stats/leaderboard,279,LIVE,
team_leaderboard,https://sdp-prem-prod.premier-league-prod.pulselive.com/api/v2/competitions/8/teams/stats/leaderboard?_sort=goals:desc&season=2025&_limit=1,200,data[].stats.keyPassesAttemptAssists,float,/v2/competitions/{cid}/teams/stats/leaderboard,279,LIVE,
team_leaderboard,https://sdp-prem-prod.premier-league-prod.pulselive.com/api/v2/competitions/8/teams/stats/leaderboard?_sort=goals:desc&season=2025&_limit=1,200,data[].stats.successfulLaunches,float,/v2/competitions/{cid}/teams/stats/leaderboard,279,LIVE,
team_leaderboard,https://sdp-prem-prod.premier-league-prod.pulselive.com/api/v2/competitions/8/teams/stats/leaderboard?_sort=goals:desc&season=2025&_limit=1,200,data[].stats.totalFoulsWon,float,/v2/competitions/{cid}/teams/stats/leaderboard,279,LIVE,
team_leaderboard,https://sdp-prem-prod.premier-league-prod.pulselive.com/api/v2/competitions/8/teams/stats/leaderboard?_sort=goals:desc&season=2025&_limit=1,200,data[].stats.recoveries,float,/v2/competitions/{cid}/teams/stats/leaderboard,279,LIVE,
team_leaderboard,https://sdp-prem-prod.premier-league-prod.pulselive.com/api/v2/competitions/8/teams/stats/leaderboard?_sort=goals:desc&season=2025&_limit=1,200,data[].stats.pointsGainedFromLosingPositions,float,/v2/competitions/{cid}/teams/stats/leaderboard,279,LIVE,
team_leaderboard,https://sdp-prem-prod.premier-league-prod.pulselive.com/api/v2/competitions/8/teams/stats/leaderboard?_sort=goals:desc&season=2025&_limit=1,200,data[].stats.passingPercentOppHalf,float,/v2/competitions/{cid}/teams/stats/leaderboard,279,LIVE,
team_leaderboard,https://sdp-prem-prod.premier-league-prod.pulselive.com/api/v2/competitions/8/teams/stats/leaderboard?_sort=goals:desc&season=2025&_limit=1,200,data[].stats.shotsOnConcededInsideBox,float,/v2/competitions/{cid}/teams/stats/leaderboard,279,LIVE,
team_leaderboard,https://sdp-prem-prod.premier-league-prod.pulselive.com/api/v2/competitions/8/teams/stats/leaderboard?_sort=goals:desc&season=2025&_limit=1,200,data[].stats.rightFootGoals,float,/v2/competitions/{cid}/teams/stats/leaderboard,279,LIVE,
team_leaderboard,https://sdp-prem-prod.premier-league-prod.pulselive.com/api/v2/competitions/8/teams/stats/leaderboard?_sort=goals:desc&season=2025&_limit=1,200,data[].stats.leftFootGoals,float,/v2/competitions/{cid}/teams/stats/leaderboard,279,LIVE,
team_leaderboard,https://sdp-prem-prod.premier-league-prod.pulselive.com/api/v2/competitions/8/teams/stats/leaderboard?_sort=goals:desc&season=2025&_limit=1,200,data[].stats.unsuccessfulDribbles,float,/v2/competitions/{cid}/teams/stats/leaderboard,279,LIVE,
team_leaderboard,https://sdp-prem-prod.premier-league-prod.pulselive.com/api/v2/competitions/8/teams/stats/leaderboard?_sort=goals:desc&season=2025&_limit=1,200,data[].stats.unsuccessfulCrossesAndCorners,float,/v2/competitions/{cid}/teams/stats/leaderboard,279,LIVE,
team_leaderboard,https://sdp-prem-prod.premier-league-prod.pulselive.com/api/v2/competitions/8/teams/stats/leaderboard?_sort=goals:desc&season=2025&_limit=1,200,data[].stats.timesTackled,float,/v2/competitions/{cid}/teams/stats/leaderboard,279,LIVE,
team_leaderboard,https://sdp-prem-prod.premier-league-prod.pulselive.com/api/v2/competitions/8/teams/stats/leaderboard?_sort=goals:desc&season=2025&_limit=1,200,data[].stats.freekickTotal,float,/v2/competitions/{cid}/teams/stats/leaderboard,279,LIVE,
team_leaderboard,https://sdp-prem-prod.premier-league-prod.pulselive.com/api/v2/competitions/8/teams/stats/leaderboard?_sort=goals:desc&season=2025&_limit=1,200,data[].stats.openPlayPasses,float,/v2/competitions/{cid}/teams/stats/leaderboard,279,LIVE,
team_leaderboard,https://sdp-prem-prod.premier-league-prod.pulselive.com/api/v2/competitions/8/teams/stats/leaderboard?_sort=goals:desc&season=2025&_limit=1,200,data[].stats.gkSuccessfulDistribution,float,/v2/competitions/{cid}/teams/stats/leaderboard,279,LIVE,
team_leaderboard,https://sdp-prem-prod.premier-league-prod.pulselive.com/api/v2/competitions/8/teams/stats/leaderboard?_sort=goals:desc&season=2025&_limit=1,200,data[].stats.shotsOffTargetIncWoodwork,float,/v2/competitions/{cid}/teams/stats/leaderboard,279,LIVE,
team_leaderboard,https://sdp-prem-prod.premier-league-prod.pulselive.com/api/v2/competitions/8/teams/stats/leaderboard?_sort=goals:desc&season=2025&_limit=1,200,data[].stats.totalLossesOfPossession,float,/v2/competitions/{cid}/teams/stats/leaderboard,279,LIVE,
team_leaderboard,https://sdp-prem-prod.premier-league-prod.pulselive.com/api/v2/competitions/8/teams/stats/leaderboard?_sort=goals:desc&season=2025&_limit=1,200,data[].stats.tacklesWon,float,/v2/competitions/{cid}/teams/stats/leaderboard,279,LIVE,
team_leaderboard,https://sdp-prem-prod.premier-league-prod.pulselive.com/api/v2/competitions/8/teams/stats/leaderboard?_sort=goals:desc&season=2025&_limit=1,200,data[].stats.attemptsFromSetPieces,float,/v2/competitions/{cid}/teams/stats/leaderboard,279,LIVE,
team_leaderboard,https://sdp-prem-prod.premier-league-prod.pulselive.com/api/v2/competitions/8/teams/stats/leaderboard?_sort=goals:desc&season=2025&_limit=1,200,data[].stats.totalShotsConceded,float,/v2/competitions/{cid}/teams/stats/leaderboard,279,LIVE,
team_leaderboard,https://sdp-prem-prod.premier-league-prod.pulselive.com/api/v2/competitions/8/teams/stats/leaderboard?_sort=goals:desc&season=2025&_limit=1,200,data[].stats.totalFoulsConceded,float,/v2/competitions/{cid}/teams/stats/leaderboard,279,LIVE,
team_leaderboard,https://sdp-prem-prod.premier-league-prod.pulselive.com/api/v2/competitions/8/teams/stats/leaderboard?_sort=goals:desc&season=2025&_limit=1,200,data[].stats.unsuccessfulCornersIntoBox,float,/v2/competitions/{cid}/teams/stats/leaderboard,279,LIVE,
team_leaderboard,https://sdp-prem-prod.premier-league-prod.pulselive.com/api/v2/competitions/8/teams/stats/leaderboard?_sort=goals:desc&season=2025&_limit=1,200,data[].stats.successfulLongPasses,float,/v2/competitions/{cid}/teams/stats/leaderboard,279,LIVE,
team_leaderboard,https://sdp-prem-prod.premier-league-prod.pulselive.com/api/v2/competitions/8/teams/stats/leaderboard?_sort=goals:desc&season=2025&_limit=1,200,data[].stats.clearancesOffTheLine,float,/v2/competitions/{cid}/teams/stats/leaderboard,279,LIVE,
team_leaderboard,https://sdp-prem-prod.premier-league-prod.pulselive.com/api/v2/competitions/8/teams/stats/leaderboard?_sort=goals:desc&season=2025&_limit=1,200,data[].stats.throwInsToOwnPlayer,float,/v2/competitions/{cid}/teams/stats/leaderboard,279,LIVE,
team_leaderboard,https://sdp-prem-prod.premier-league-prod.pulselive.com/api/v2/competitions/8/teams/stats/leaderboard?_sort=goals:desc&season=2025&_limit=1,200,data[].stats.touchesInOppBox,float,/v2/competitions/{cid}/teams/stats/leaderboard,279,LIVE,
team_leaderboard,https://sdp-prem-prod.premier-league-prod.pulselive.com/api/v2/competitions/8/teams/stats/leaderboard?_sort=goals:desc&season=2025&_limit=1,200,data[].stats.hitWoodwork,float,/v2/competitions/{cid}/teams/stats/leaderboard,279,LIVE,
team_leaderboard,https://sdp-prem-prod.premier-league-prod.pulselive.com/api/v2/competitions/8/teams/stats/leaderboard?_sort=goals:desc&season=2025&_limit=1,200,data[].stats.successfulPassesOwnHalf,float,/v2/competitions/{cid}/teams/stats/leaderboard,279,LIVE,
team_leaderboard,https://sdp-prem-prod.premier-league-prod.pulselive.com/api/v2/competitions/8/teams/stats/leaderboard?_sort=goals:desc&season=2025&_limit=1,200,data[].stats.pointsDroppedFromWinningPositions,float,/v2/competitions/{cid}/teams/stats/leaderboard,279,LIVE,
team_leaderboard,https://sdp-prem-prod.premier-league-prod.pulselive.com/api/v2/competitions/8/teams/stats/leaderboard?_sort=goals:desc&season=2025&_limit=1,200,data[].stats.handballsConceded,float,/v2/competitions/{cid}/teams/stats/leaderboard,279,LIVE,
team_leaderboard,https://sdp-prem-prod.premier-league-prod.pulselive.com/api/v2/competitions/8/teams/stats/leaderboard?_sort=goals:desc&season=2025&_limit=1,200,data[].stats.unsuccessfulLongPasses,float,/v2/competitions/{cid}/teams/stats/leaderboard,279,LIVE,
team_leaderboard,https://sdp-prem-prod.premier-league-prod.pulselive.com/api/v2/competitions/8/teams/stats/leaderboard?_sort=goals:desc&season=2025&_limit=1,200,data[].stats.unsuccessfulPassesOwnHalf,float,/v2/competitions/{cid}/teams/stats/leaderboard,279,LIVE,
team_leaderboard,https://sdp-prem-prod.premier-league-prod.pulselive.com/api/v2/competitions/8/teams/stats/leaderboard?_sort=goals:desc&season=2025&_limit=1,200,data[].stats.successfulCrossesOpenPlay,float,/v2/competitions/{cid}/teams/stats/leaderboard,279,LIVE,
team_leaderboard,https://sdp-prem-prod.premier-league-prod.pulselive.com/api/v2/competitions/8/teams/stats/leaderboard?_sort=goals:desc&season=2025&_limit=1,200,data[].stats.expectedAssists,float,/v2/competitions/{cid}/teams/stats/leaderboard,279,LIVE,
team_leaderboard,https://sdp-prem-prod.premier-league-prod.pulselive.com/api/v2/competitions/8/teams/stats/leaderboard?_sort=goals:desc&season=2025&_limit=1,200,data[].stats.totalRedCards,float,/v2/competitions/{cid}/teams/stats/leaderboard,279,LIVE,
team_leaderboard,https://sdp-prem-prod.premier-league-prod.pulselive.com/api/v2/competitions/8/teams/stats/leaderboard?_sort=goals:desc&season=2025&_limit=1,200,data[].stats.expectedGoalsFreekick,float,/v2/competitions/{cid}/teams/stats/leaderboard,279,LIVE,
team_leaderboard,https://sdp-prem-prod.premier-league-prod.pulselive.com/api/v2/competitions/8/teams/stats/leaderboard?_sort=goals:desc&season=2025&_limit=1,200,data[].stats.catches,float,/v2/competitions/{cid}/teams/stats/leaderboard,279,LIVE,
team_leaderboard,https://sdp-prem-prod.premier-league-prod.pulselive.com/api/v2/competitions/8/teams/stats/leaderboard?_sort=goals:desc&season=2025&_limit=1,200,data[].stats.overruns,float,/v2/competitions/{cid}/teams/stats/leaderboard,279,LIVE,
team_leaderboard,https://sdp-prem-prod.premier-league-prod.pulselive.com/api/v2/competitions/8/teams/stats/leaderboard?_sort=goals:desc&season=2025&_limit=1,200,data[].stats.unsuccessfulPassesOppositionHalf,float,/v2/competitions/{cid}/teams/stats/leaderboard,279,LIVE,
team_leaderboard,https://sdp-prem-prod.premier-league-prod.pulselive.com/api/v2/competitions/8/teams/stats/leaderboard?_sort=goals:desc&season=2025&_limit=1,200,data[].stats.totalShots,float,/v2/competitions/{cid}/teams/stats/leaderboard,279,LIVE,
team_leaderboard,https://sdp-prem-prod.premier-league-prod.pulselive.com/api/v2/competitions/8/teams/stats/leaderboard?_sort=goals:desc&season=2025&_limit=1,200,data[].stats.unsuccessfulShortPasses,float,/v2/competitions/{cid}/teams/stats/leaderboard,279,LIVE,
team_leaderboard,https://sdp-prem-prod.premier-league-prod.pulselive.com/api/v2/competitions/8/teams/stats/leaderboard?_sort=goals:desc&season=2025&_limit=1,200,data[].stats.goalAssists,float,/v2/competitions/{cid}/teams/stats/leaderboard,279,LIVE,
team_leaderboard,https://sdp-prem-prod.premier-league-prod.pulselive.com/api/v2/competitions/8/teams/stats/leaderboard?_sort=goals:desc&season=2025&_limit=1,200,data[].stats.successfulLayoffs,float,/v2/competitions/{cid}/teams/stats/leaderboard,279,LIVE,
team_leaderboard,https://sdp-prem-prod.premier-league-prod.pulselive.com/api/v2/competitions/8/teams/stats/leaderboard?_sort=goals:desc&season=2025&_limit=1,200,data[].stats.foulWonPenalty,float,/v2/competitions/{cid}/teams/stats/leaderboard,279,LIVE,
team_leaderboard,https://sdp-prem-prod.premier-league-prod.pulselive.com/api/v2/competitions/8/teams/stats/leaderboard?_sort=goals:desc&season=2025&_limit=1,200,data[].stats.unsuccessfulCrossesOpenPlay,float,/v2/competitions/{cid}/teams/stats/leaderboard,279,LIVE,
team_leaderboard,https://sdp-prem-prod.premier-league-prod.pulselive.com/api/v2/competitions/8/teams/stats/leaderboard?_sort=goals:desc&season=2025&_limit=1,200,data[].stats.goalKicks,float,/v2/competitions/{cid}/teams/stats/leaderboard,279,LIVE,
team_leaderboard,https://sdp-prem-prod.premier-league-prod.pulselive.com/api/v2/competitions/8/teams/stats/leaderboard?_sort=goals:desc&season=2025&_limit=1,200,data[].stats.cornersTakenInclShortCorners,float,/v2/competitions/{cid}/teams/stats/leaderboard,279,LIVE,
team_leaderboard,https://sdp-prem-prod.premier-league-prod.pulselive.com/api/v2/competitions/8/teams/stats/leaderboard?_sort=goals:desc&season=2025&_limit=1,200,data[].stats.aerialDuels,float,/v2/competitions/{cid}/teams/stats/leaderboard,279,LIVE,
team_leaderboard,https://sdp-prem-prod.premier-league-prod.pulselive.com/api/v2/competitions/8/teams/stats/leaderboard?_sort=goals:desc&season=2025&_limit=1,200,data[].stats.cleanSheets,float,/v2/competitions/{cid}/teams/stats/leaderboard,279,LIVE,
team_leaderboard,https://sdp-prem-prod.premier-league-prod.pulselive.com/api/v2/competitions/8/teams/stats/leaderboard?_sort=goals:desc&season=2025&_limit=1,200,data[].stats.shootingAccuracy,float,/v2/competitions/{cid}/teams/stats/leaderboard,279,LIVE,
team_leaderboard,https://sdp-prem-prod.premier-league-prod.pulselive.com/api/v2/competitions/8/teams/stats/leaderboard?_sort=goals:desc&season=2025&_limit=1,200,data[].stats.successfulCrossesAndCorners,float,/v2/competitions/{cid}/teams/stats/leaderboard,279,LIVE,
team_leaderboard,https://sdp-prem-prod.premier-league-prod.pulselive.com/api/v2/competitions/8/teams/stats/leaderboard?_sort=goals:desc&season=2025&_limit=1,200,data[].stats.unsuccessfulLayoffs,float,/v2/competitions/{cid}/teams/stats/leaderboard,279,LIVE,
team_leaderboard,https://sdp-prem-prod.premier-league-prod.pulselive.com/api/v2/competitions/8/teams/stats/leaderboard?_sort=goals:desc&season=2025&_limit=1,200,data[].stats.duelsWon,float,/v2/competitions/{cid}/teams/stats/leaderboard,279,LIVE,
team_leaderboard,https://sdp-prem-prod.premier-league-prod.pulselive.com/api/v2/competitions/8/teams/stats/leaderboard?_sort=goals:desc&season=2025&_limit=1,200,data[].stats.penaltiesConceded,float,/v2/competitions/{cid}/teams/stats/leaderboard,279,LIVE,
team_leaderboard,https://sdp-prem-prod.premier-league-prod.pulselive.com/api/v2/competitions/8/teams/stats/leaderboard?_sort=goals:desc&season=2025&_limit=1,200,data[].stats.putthroughBlockedDistribution,float,/v2/competitions/{cid}/teams/stats/leaderboard,279,LIVE,
team_leaderboard,https://sdp-prem-prod.premier-league-prod.pulselive.com/api/v2/competitions/8/teams/stats/leaderboard?_sort=goals:desc&season=2025&_limit=1,200,data[].stats.successfulShortPasses,float,/v2/competitions/{cid}/teams/stats/leaderboard,279,LIVE,
team_leaderboard,https://sdp-prem-prod.premier-league-prod.pulselive.com/api/v2/competitions/8/teams/stats/leaderboard?_sort=goals:desc&season=2025&_limit=1,200,data[].stats.throwInsToOppositionPlayer,float,/v2/competitions/{cid}/teams/stats/leaderboard,279,LIVE,
team_leaderboard,https://sdp-prem-prod.premier-league-prod.pulselive.com/api/v2/competitions/8/teams/stats/leaderboard?_sort=goals:desc&season=2025&_limit=1,200,data[].stats.successfulOpenPlayPasses,float,/v2/competitions/{cid}/teams/stats/leaderboard,279,LIVE,
team_leaderboard,https://sdp-prem-prod.premier-league-prod.pulselive.com/api/v2/competitions/8/teams/stats/leaderboard?_sort=goals:desc&season=2025&_limit=1,200,data[].stats.totalClearances,float,/v2/competitions/{cid}/teams/stats/leaderboard,279,LIVE,
team_leaderboard,https://sdp-prem-prod.premier-league-prod.pulselive.com/api/v2/competitions/8/teams/stats/leaderboard?_sort=goals:desc&season=2025&_limit=1,200,data[].stats.goalsConceded,float,/v2/competitions/{cid}/teams/stats/leaderboard,279,LIVE,
team_leaderboard,https://sdp-prem-prod.premier-league-prod.pulselive.com/api/v2/competitions/8/teams/stats/leaderboard?_sort=goals:desc&season=2025&_limit=1,200,data[].stats.groundDuelsLost,float,/v2/competitions/{cid}/teams/stats/leaderboard,279,LIVE,
team_leaderboard,https://sdp-prem-prod.premier-league-prod.pulselive.com/api/v2/competitions/8/teams/stats/leaderboard?_sort=goals:desc&season=2025&_limit=1,200,data[].stats.duels,float,/v2/competitions/{cid}/teams/stats/leaderboard,279,LIVE,
team_leaderboard,https://sdp-prem-prod.premier-league-prod.pulselive.com/api/v2/competitions/8/teams/stats/leaderboard?_sort=goals:desc&season=2025&_limit=1,200,data[].stats.putthroughBlockedDistributionWon,float,/v2/competitions/{cid}/teams/stats/leaderboard,279,LIVE,
team_leaderboard,https://sdp-prem-prod.premier-league-prod.pulselive.com/api/v2/competitions/8/teams/stats/leaderboard?_sort=goals:desc&season=2025&_limit=1,200,data[].stats.homeGoals,float,/v2/competitions/{cid}/teams/stats/leaderboard,279,LIVE,
team_leaderboard,https://sdp-prem-prod.premier-league-prod.pulselive.com/api/v2/competitions/8/teams/stats/leaderboard?_sort=goals:desc&season=2025&_limit=1,200,data[].stats.possessionPercentage,float,/v2/competitions/{cid}/teams/stats/leaderboard,279,LIVE,
team_leaderboard,https://sdp-prem-prod.premier-league-prod.pulselive.com/api/v2/competitions/8/teams/stats/leaderboard?_sort=goals:desc&season=2025&_limit=1,200,data[].stats.oboxTarget,float,/v2/competitions/{cid}/teams/stats/leaderboard,279,LIVE,
team_leaderboard,https://sdp-prem-prod.premier-league-prod.pulselive.com/api/v2/competitions/8/teams/stats/leaderboard?_sort=goals:desc&season=2025&_limit=1,200,data[].stats.drops,float,/v2/competitions/{cid}/teams/stats/leaderboard,279,LIVE,
team_leaderboard,https://sdp-prem-prod.premier-league-prod.pulselive.com/api/v2/competitions/8/teams/stats/leaderboard?_sort=goals:desc&season=2025&_limit=1,200,data[].stats.tacklesLost,float,/v2/competitions/{cid}/teams/stats/leaderboard,279,LIVE,
team_leaderboard,https://sdp-prem-prod.premier-league-prod.pulselive.com/api/v2/competitions/8/teams/stats/leaderboard?_sort=goals:desc&season=2025&_limit=1,200,data[].stats.lastPlayerTackle,float,/v2/competitions/{cid}/teams/stats/leaderboard,279,LIVE,
team_leaderboard,https://sdp-prem-prod.premier-league-prod.pulselive.com/api/v2/competitions/8/teams/stats/leaderboard?_sort=goals:desc&season=2025&_limit=1,200,data[].stats.successfulPassesOppositionHalf,float,/v2/competitions/{cid}/teams/stats/leaderboard,279,LIVE,
team_leaderboard,https://sdp-prem-prod.premier-league-prod.pulselive.com/api/v2/competitions/8/teams/stats/leaderboard?_sort=goals:desc&season=2025&_limit=1,200,data[].stats.goalsConcededInsideBox,float,/v2/competitions/{cid}/teams/stats/leaderboard,279,LIVE,
team_leaderboard,https://sdp-prem-prod.premier-league-prod.pulselive.com/api/v2/competitions/8/teams/stats/leaderboard?_sort=goals:desc&season=2025&_limit=1,200,data[].stats.headedGoals,float,/v2/competitions/{cid}/teams/stats/leaderboard,279,LIVE,
team_leaderboard,https://sdp-prem-prod.premier-league-prod.pulselive.com/api/v2/competitions/8/teams/stats/leaderboard?_sort=goals:desc&season=2025&_limit=1,200,data[].stats.iboxBlocked,float,/v2/competitions/{cid}/teams/stats/leaderboard,279,LIVE,
team_leaderboard,https://sdp-prem-prod.premier-league-prod.pulselive.com/api/v2/competitions/8/teams/stats/leaderboard?_sort=goals:desc&season=2025&_limit=1,200,data[].stats.groundDuels,float,/v2/competitions/{cid}/teams/stats/leaderboard,279,LIVE,
team_leaderboard,https://sdp-prem-prod.premier-league-prod.pulselive.com/api/v2/competitions/8/teams/stats/leaderboard?_sort=goals:desc&season=2025&_limit=1,200,data[].stats.aerialDuelsWon,float,/v2/competitions/{cid}/teams/stats/leaderboard,279,LIVE,
team_leaderboard,https://sdp-prem-prod.premier-league-prod.pulselive.com/api/v2/competitions/8/teams/stats/leaderboard?_sort=goals:desc&season=2025&_limit=1,200,data[].stats.straightRedCards,float,/v2/competitions/{cid}/teams/stats/leaderboard,279,LIVE,
team_leaderboard,https://sdp-prem-prod.premier-league-prod.pulselive.com/api/v2/competitions/8/teams/stats/leaderboard?_sort=goals:desc&season=2025&_limit=1,200,data[].stats.cornersWon,float,/v2/competitions/{cid}/teams/stats/leaderboard,279,LIVE,
team_leaderboard,https://sdp-prem-prod.premier-league-prod.pulselive.com/api/v2/competitions/8/teams/stats/leaderboard?_sort=goals:desc&season=2025&_limit=1,200,data[].stats.successfulDribbles,float,/v2/competitions/{cid}/teams/stats/leaderboard,279,LIVE,
team_leaderboard,https://sdp-prem-prod.premier-league-prod.pulselive.com/api/v2/competitions/8/teams/stats/leaderboard?_sort=goals:desc&season=2025&_limit=1,200,data[].stats.blocks,float,/v2/competitions/{cid}/teams/stats/leaderboard,279,LIVE,
team_leaderboard,https://sdp-prem-prod.premier-league-prod.pulselive.com/api/v2/competitions/8/teams/stats/leaderboard?_sort=goals:desc&season=2025&_limit=1,200,data[].stats.gkUnsuccessfulDistribution,float,/v2/competitions/{cid}/teams/stats/leaderboard,279,LIVE,
team_leaderboard,https://sdp-prem-prod.premier-league-prod.pulselive.com/api/v2/competitions/8/teams/stats/leaderboard?_sort=goals:desc&season=2025&_limit=1,200,data[].stats.interceptions,float,/v2/competitions/{cid}/teams/stats/leaderboard,279,LIVE,
team_leaderboard,https://sdp-prem-prod.premier-league-prod.pulselive.com/api/v2/competitions/8/teams/stats/leaderboard?_sort=goals:desc&season=2025&_limit=1,200,data[].stats.penaltyGoals,float,/v2/competitions/{cid}/teams/stats/leaderboard,279,LIVE,
team_leaderboard,https://sdp-prem-prod.premier-league-prod.pulselive.com/api/v2/competitions/8/teams/stats/leaderboard?_sort=goals:desc&season=2025&_limit=1,200,data[].stats.unsuccessfulLaunches,float,/v2/competitions/{cid}/teams/stats/leaderboard,279,LIVE,
team_leaderboard,https://sdp-prem-prod.premier-league-prod.pulselive.com/api/v2/competitions/8/teams/stats/leaderboard?_sort=goals:desc&season=2025&_limit=1,200,data[].stats.foulAttemptedTackle,float,/v2/competitions/{cid}/teams/stats/leaderboard,279,LIVE,
team_leaderboard,https://sdp-prem-prod.premier-league-prod.pulselive.com/api/v2/competitions/8/teams/stats/leaderboard?_sort=goals:desc&season=2025&_limit=1,200,data[].stats.shotsOnConcededOutsideBox,float,/v2/competitions/{cid}/teams/stats/leaderboard,279,LIVE,
team_leaderboard,https://sdp-prem-prod.premier-league-prod.pulselive.com/api/v2/competitions/8/teams/stats/leaderboard?_sort=goals:desc&season=2025&_limit=1,200,data[].stats.goalConversion,float,/v2/competitions/{cid}/teams/stats/leaderboard,279,LIVE,
team_leaderboard,https://sdp-prem-prod.premier-league-prod.pulselive.com/api/v2/competitions/8/teams/stats/leaderboard?_sort=goals:desc&season=2025&_limit=1,200,data[].stats.expectedGoals,float,/v2/competitions/{cid}/teams/stats/leaderboard,279,LIVE,
team_leaderboard,https://sdp-prem-prod.premier-league-prod.pulselive.com/api/v2/competitions/8/teams/stats/leaderboard?_sort=goals:desc&season=2025&_limit=1,200,data[].stats.yellowCards,float,/v2/competitions/{cid}/teams/stats/leaderboard,279,LIVE,
season_awards,https://sdp-prem-prod.premier-league-prod.pulselive.com/api/v1/competitions/8/seasons/2025/awards,200,manager_awards,object,/v1/competitions/{cid}/seasons/{sid}/awards,278,LIVE,
season_awards,https://sdp-prem-prod.premier-league-prod.pulselive.com/api/v1/competitions/8/seasons/2025/awards,200,manager_awards[].currentTeam,object,/v1/competitions/{cid}/seasons/{sid}/awards,278,LIVE,
season_awards,https://sdp-prem-prod.premier-league-prod.pulselive.com/api/v1/competitions/8/seasons/2025/awards,200,manager_awards[].currentTeam.name,str,/v1/competitions/{cid}/seasons/{sid}/awards,278,LIVE,
season_awards,https://sdp-prem-prod.premier-league-prod.pulselive.com/api/v1/competitions/8/seasons/2025/awards,200,manager_awards[].currentTeam.id,str,/v1/competitions/{cid}/seasons/{sid}/awards,278,LIVE,
season_awards,https://sdp-prem-prod.premier-league-prod.pulselive.com/api/v1/competitions/8/seasons/2025/awards,200,manager_awards[].currentTeam.shortName,str,/v1/competitions/{cid}/seasons/{sid}/awards,278,LIVE,
season_awards,https://sdp-prem-prod.premier-league-prod.pulselive.com/api/v1/competitions/8/seasons/2025/awards,200,manager_awards[].date,str,/v1/competitions/{cid}/seasons/{sid}/awards,278,LIVE,
season_awards,https://sdp-prem-prod.premier-league-prod.pulselive.com/api/v1/competitions/8/seasons/2025/awards,200,manager_awards[].country,object,/v1/competitions/{cid}/seasons/{sid}/awards,278,LIVE,
season_awards,https://sdp-prem-prod.premier-league-prod.pulselive.com/api/v1/competitions/8/seasons/2025/awards,200,manager_awards[].country.isoCode,str,/v1/competitions/{cid}/seasons/{sid}/awards,278,LIVE,
season_awards,https://sdp-prem-prod.premier-league-prod.pulselive.com/api/v1/competitions/8/seasons/2025/awards,200,manager_awards[].country.country,str,/v1/competitions/{cid}/seasons/{sid}/awards,278,LIVE,
season_awards,https://sdp-prem-prod.premier-league-prod.pulselive.com/api/v1/competitions/8/seasons/2025/awards,200,manager_awards[].country.demonym,str,/v1/competitions/{cid}/seasons/{sid}/awards,278,LIVE,
season_awards,https://sdp-prem-prod.premier-league-prod.pulselive.com/api/v1/competitions/8/seasons/2025/awards,200,manager_awards[].career,object,/v1/competitions/{cid}/seasons/{sid}/awards,278,LIVE,
season_awards,https://sdp-prem-prod.premier-league-prod.pulselive.com/api/v1/competitions/8/seasons/2025/awards,200,manager_awards[].career.seasonsInPremierLeague,object,/v1/competitions/{cid}/seasons/{sid}/awards,278,LIVE,
season_awards,https://sdp-prem-prod.premier-league-prod.pulselive.com/api/v1/competitions/8/seasons/2025/awards,200,manager_awards[].career.firstPremierLeagueFixtureId,str,/v1/competitions/{cid}/seasons/{sid}/awards,278,LIVE,
season_awards,https://sdp-prem-prod.premier-league-prod.pulselive.com/api/v1/competitions/8/seasons/2025/awards,200,manager_awards[].career.seasonsAtCurrentTeam,object,/v1/competitions/{cid}/seasons/{sid}/awards,278,LIVE,
season_awards,https://sdp-prem-prod.premier-league-prod.pulselive.com/api/v1/competitions/8/seasons/2025/awards,200,manager_awards[].role,str,/v1/competitions/{cid}/seasons/{sid}/awards,278,LIVE,
season_awards,https://sdp-prem-prod.premier-league-prod.pulselive.com/api/v1/competitions/8/seasons/2025/awards,200,manager_awards[].name,object,/v1/competitions/{cid}/seasons/{sid}/awards,278,LIVE,
season_awards,https://sdp-prem-prod.premier-league-prod.pulselive.com/api/v1/competitions/8/seasons/2025/awards,200,manager_awards[].name.last,str,/v1/competitions/{cid}/seasons/{sid}/awards,278,LIVE,
season_awards,https://sdp-prem-prod.premier-league-prod.pulselive.com/api/v1/competitions/8/seasons/2025/awards,200,manager_awards[].name.first,str,/v1/competitions/{cid}/seasons/{sid}/awards,278,LIVE,
season_awards,https://sdp-prem-prod.premier-league-prod.pulselive.com/api/v1/competitions/8/seasons/2025/awards,200,manager_awards[].dates,object,/v1/competitions/{cid}/seasons/{sid}/awards,278,LIVE,
season_awards,https://sdp-prem-prod.premier-league-prod.pulselive.com/api/v1/competitions/8/seasons/2025/awards,200,manager_awards[].dates.joinedClub,str,/v1/competitions/{cid}/seasons/{sid}/awards,278,LIVE,
season_awards,https://sdp-prem-prod.premier-league-prod.pulselive.com/api/v1/competitions/8/seasons/2025/awards,200,manager_awards[].dates.birth,str,/v1/competitions/{cid}/seasons/{sid}/awards,278,LIVE,
season_awards,https://sdp-prem-prod.premier-league-prod.pulselive.com/api/v1/competitions/8/seasons/2025/awards,200,manager_awards[].id,str,/v1/competitions/{cid}/seasons/{sid}/awards,278,LIVE,
season_awards,https://sdp-prem-prod.premier-league-prod.pulselive.com/api/v1/competitions/8/seasons/2025/awards,200,manager_awards[].type,str,/v1/competitions/{cid}/seasons/{sid}/awards,278,LIVE,
season_awards,https://sdp-prem-prod.premier-league-prod.pulselive.com/api/v1/competitions/8/seasons/2025/awards,200,player_awards,object,/v1/competitions/{cid}/seasons/{sid}/awards,278,LIVE,
season_awards,https://sdp-prem-prod.premier-league-prod.pulselive.com/api/v1/competitions/8/seasons/2025/awards,200,player_awards[].currentTeam,object,/v1/competitions/{cid}/seasons/{sid}/awards,278,LIVE,
season_awards,https://sdp-prem-prod.premier-league-prod.pulselive.com/api/v1/competitions/8/seasons/2025/awards,200,player_awards[].currentTeam.loan,int,/v1/competitions/{cid}/seasons/{sid}/awards,278,LIVE,
season_awards,https://sdp-prem-prod.premier-league-prod.pulselive.com/api/v1/competitions/8/seasons/2025/awards,200,player_awards[].currentTeam.name,str,/v1/competitions/{cid}/seasons/{sid}/awards,278,LIVE,
season_awards,https://sdp-prem-prod.premier-league-prod.pulselive.com/api/v1/competitions/8/seasons/2025/awards,200,player_awards[].currentTeam.id,str,/v1/competitions/{cid}/seasons/{sid}/awards,278,LIVE,
season_awards,https://sdp-prem-prod.premier-league-prod.pulselive.com/api/v1/competitions/8/seasons/2025/awards,200,player_awards[].currentTeam.shortName,str,/v1/competitions/{cid}/seasons/{sid}/awards,278,LIVE,
season_awards,https://sdp-prem-prod.premier-league-prod.pulselive.com/api/v1/competitions/8/seasons/2025/awards,200,player_awards[].date,str,/v1/competitions/{cid}/seasons/{sid}/awards,278,LIVE,
season_awards,https://sdp-prem-prod.premier-league-prod.pulselive.com/api/v1/competitions/8/seasons/2025/awards,200,player_awards[].country,object,/v1/competitions/{cid}/seasons/{sid}/awards,278,LIVE,
season_awards,https://sdp-prem-prod.premier-league-prod.pulselive.com/api/v1/competitions/8/seasons/2025/awards,200,player_awards[].country.isoCode,str,/v1/competitions/{cid}/seasons/{sid}/awards,278,LIVE,
season_awards,https://sdp-prem-prod.premier-league-prod.pulselive.com/api/v1/competitions/8/seasons/2025/awards,200,player_awards[].country.country,str,/v1/competitions/{cid}/seasons/{sid}/awards,278,LIVE,
season_awards,https://sdp-prem-prod.premier-league-prod.pulselive.com/api/v1/competitions/8/seasons/2025/awards,200,player_awards[].country.demonym,str,/v1/competitions/{cid}/seasons/{sid}/awards,278,LIVE,
season_awards,https://sdp-prem-prod.premier-league-prod.pulselive.com/api/v1/competitions/8/seasons/2025/awards,200,player_awards[].shirtNum,int,/v1/competitions/{cid}/seasons/{sid}/awards,278,LIVE,
season_awards,https://sdp-prem-prod.premier-league-prod.pulselive.com/api/v1/competitions/8/seasons/2025/awards,200,player_awards[].weight,int,/v1/competitions/{cid}/seasons/{sid}/awards,278,LIVE,
season_awards,https://sdp-prem-prod.premier-league-prod.pulselive.com/api/v1/competitions/8/seasons/2025/awards,200,player_awards[].dates,object,/v1/competitions/{cid}/seasons/{sid}/awards,278,LIVE,
season_awards,https://sdp-prem-prod.premier-league-prod.pulselive.com/api/v1/competitions/8/seasons/2025/awards,200,player_awards[].dates.joinedClub,str,/v1/competitions/{cid}/seasons/{sid}/awards,278,LIVE,
season_awards,https://sdp-prem-prod.premier-league-prod.pulselive.com/api/v1/competitions/8/seasons/2025/awards,200,player_awards[].dates.birth,str,/v1/competitions/{cid}/seasons/{sid}/awards,278,LIVE,
season_awards,https://sdp-prem-prod.premier-league-prod.pulselive.com/api/v1/competitions/8/seasons/2025/awards,200,player_awards[].type,str,/v1/competitions/{cid}/seasons/{sid}/awards,278,LIVE,
season_awards,https://sdp-prem-prod.premier-league-prod.pulselive.com/api/v1/competitions/8/seasons/2025/awards,200,player_awards[].countryOfBirth,str,/v1/competitions/{cid}/seasons/{sid}/awards,278,LIVE,
season_awards,https://sdp-prem-prod.premier-league-prod.pulselive.com/api/v1/competitions/8/seasons/2025/awards,200,player_awards[].name,object,/v1/competitions/{cid}/seasons/{sid}/awards,278,LIVE,
season_awards,https://sdp-prem-prod.premier-league-prod.pulselive.com/api/v1/competitions/8/seasons/2025/awards,200,player_awards[].name.last,str,/v1/competitions/{cid}/seasons/{sid}/awards,278,LIVE,
season_awards,https://sdp-prem-prod.premier-league-prod.pulselive.com/api/v1/competitions/8/seasons/2025/awards,200,player_awards[].name.display,str,/v1/competitions/{cid}/seasons/{sid}/awards,278,LIVE,
season_awards,https://sdp-prem-prod.premier-league-prod.pulselive.com/api/v1/competitions/8/seasons/2025/awards,200,player_awards[].name.first,str,/v1/competitions/{cid}/seasons/{sid}/awards,278,LIVE,
season_awards,https://sdp-prem-prod.premier-league-prod.pulselive.com/api/v1/competitions/8/seasons/2025/awards,200,player_awards[].id,str,/v1/competitions/{cid}/seasons/{sid}/awards,278,LIVE,
season_awards,https://sdp-prem-prod.premier-league-prod.pulselive.com/api/v1/competitions/8/seasons/2025/awards,200,player_awards[].position,str,/v1/competitions/{cid}/seasons/{sid}/awards,278,LIVE,
season_awards,https://sdp-prem-prod.premier-league-prod.pulselive.com/api/v1/competitions/8/seasons/2025/awards,200,player_awards[].preferredFoot,str,/v1/competitions/{cid}/seasons/{sid}/awards,278,LIVE,
season_awards,https://sdp-prem-prod.premier-league-prod.pulselive.com/api/v1/competitions/8/seasons/2025/awards,200,player_awards[].height,int,/v1/competitions/{cid}/seasons/{sid}/awards,278,LIVE,
season_structure,https://sdp-prem-prod.premier-league-prod.pulselive.com/api/v1/competitions/8/seasons/2025/structure,200,currentPhase,str,/v1/competitions/{cid}/seasons/{sid}/structure,277,LIVE,
season_structure,https://sdp-prem-prod.premier-league-prod.pulselive.com/api/v1/competitions/8/seasons/2025/structure,200,structure,object,/v1/competitions/{cid}/seasons/{sid}/structure,277,LIVE,
season_structure,https://sdp-prem-prod.premier-league-prod.pulselive.com/api/v1/competitions/8/seasons/2025/structure,200,structure[].type,str,/v1/competitions/{cid}/seasons/{sid}/structure,277,LIVE,
season_structure,https://sdp-prem-prod.premier-league-prod.pulselive.com/api/v1/competitions/8/seasons/2025/structure,200,structure[].groups,NoneType,/v1/competitions/{cid}/seasons/{sid}/structure,277,LIVE,
season_structure,https://sdp-prem-prod.premier-league-prod.pulselive.com/api/v1/competitions/8/seasons/2025/structure,200,structure[].name,NoneType,/v1/competitions/{cid}/seasons/{sid}/structure,277,LIVE,
broadcast_match_events,https://api.premierleague.com/broadcasting/match-events?sportDataId=2561895&pageSize=5,200,pageInfo,object,,,LIVE,
broadcast_match_events,https://api.premierleague.com/broadcasting/match-events?sportDataId=2561895&pageSize=5,200,pageInfo.page,int,,,LIVE,
broadcast_match_events,https://api.premierleague.com/broadcasting/match-events?sportDataId=2561895&pageSize=5,200,pageInfo.numPages,int,,,LIVE,
broadcast_match_events,https://api.premierleague.com/broadcasting/match-events?sportDataId=2561895&pageSize=5,200,pageInfo.pageSize,int,,,LIVE,
broadcast_match_events,https://api.premierleague.com/broadcasting/match-events?sportDataId=2561895&pageSize=5,200,pageInfo.numEntries,int,,,LIVE,
broadcast_match_events,https://api.premierleague.com/broadcasting/match-events?sportDataId=2561895&pageSize=5,200,content,object,,,LIVE,
broadcast_match_events,https://api.premierleague.com/broadcasting/match-events?sportDataId=2561895&pageSize=5,200,content[].id,int,,,LIVE,
broadcast_match_events,https://api.premierleague.com/broadcasting/match-events?sportDataId=2561895&pageSize=5,200,content[].name,str,,,LIVE,
broadcast_match_events,https://api.premierleague.com/broadcasting/match-events?sportDataId=2561895&pageSize=5,200,content[].startDateTime,str,,,LIVE,
broadcast_match_events,https://api.premierleague.com/broadcasting/match-events?sportDataId=2561895&pageSize=5,200,content[].broadcasters,object,,,LIVE,
broadcast_match_events,https://api.premierleague.com/broadcasting/match-events?sportDataId=2561895&pageSize=5,200,content[].broadcasters[].id,int,,,LIVE,
broadcast_match_events,https://api.premierleague.com/broadcasting/match-events?sportDataId=2561895&pageSize=5,200,content[].broadcasters[].name,str,,,LIVE,
broadcast_match_events,https://api.premierleague.com/broadcasting/match-events?sportDataId=2561895&pageSize=5,200,content[].broadcasters[].abbreviation,str,,,LIVE,
broadcast_match_events,https://api.premierleague.com/broadcasting/match-events?sportDataId=2561895&pageSize=5,200,content[].broadcasters[].logo,object,,,LIVE,
broadcast_match_events,https://api.premierleague.com/broadcasting/match-events?sportDataId=2561895&pageSize=5,200,content[].broadcasters[].logo.reference,str,,,LIVE,
broadcast_match_events,https://api.premierleague.com/broadcasting/match-events?sportDataId=2561895&pageSize=5,200,content[].broadcasters[].logo.type,str,,,LIVE,
broadcast_match_events,https://api.premierleague.com/broadcasting/match-events?sportDataId=2561895&pageSize=5,200,content[].broadcasters[].logo.info,object,,,LIVE,
broadcast_match_events,https://api.premierleague.com/broadcasting/match-events?sportDataId=2561895&pageSize=5,200,content[].broadcasters[].logo.info.original,object,,,LIVE,
broadcast_match_events,https://api.premierleague.com/broadcasting/match-events?sportDataId=2561895&pageSize=5,200,content[].broadcasters[].logo.info.original.width,int,,,LIVE,
broadcast_match_events,https://api.premierleague.com/broadcasting/match-events?sportDataId=2561895&pageSize=5,200,content[].broadcasters[].logo.info.original.height,int,,,LIVE,
broadcast_match_events,https://api.premierleague.com/broadcasting/match-events?sportDataId=2561895&pageSize=5,200,content[].broadcasters[].logo.info.original.aspectRatio,float,,,LIVE,
broadcast_match_events,https://api.premierleague.com/broadcasting/match-events?sportDataId=2561895&pageSize=5,200,content[].broadcasters[].logo.info.original.url,str,,,LIVE,
broadcast_match_events,https://api.premierleague.com/broadcasting/match-events?sportDataId=2561895&pageSize=5,200,content[].broadcasters[].logo.info.orientation,str,,,LIVE,
broadcast_match_events,https://api.premierleague.com/broadcasting/match-events?sportDataId=2561895&pageSize=5,200,content[].broadcasters[].logo.info.areas,object,,,LIVE,
broadcast_match_events,https://api.premierleague.com/broadcasting/match-events?sportDataId=2561895&pageSize=5,200,content[].broadcasters[].logo.info.areas[].area,str,,,LIVE,
broadcast_match_events,https://api.premierleague.com/broadcasting/match-events?sportDataId=2561895&pageSize=5,200,content[].broadcasters[].logo.info.areas[].positionX,int,,,LIVE,
broadcast_match_events,https://api.premierleague.com/broadcasting/match-events?sportDataId=2561895&pageSize=5,200,content[].broadcasters[].logo.info.areas[].positionY,int,,,LIVE,
broadcast_match_events,https://api.premierleague.com/broadcasting/match-events?sportDataId=2561895&pageSize=5,200,content[].broadcasters[].logo.info.areas[].width,int,,,LIVE,
broadcast_match_events,https://api.premierleague.com/broadcasting/match-events?sportDataId=2561895&pageSize=5,200,content[].broadcasters[].logo.info.areas[].height,int,,,LIVE,
broadcast_match_events,https://api.premierleague.com/broadcasting/match-events?sportDataId=2561895&pageSize=5,200,content[].broadcasters[].logo.info.areas[].uuid,NoneType,,,LIVE,
broadcast_match_events,https://api.premierleague.com/broadcasting/match-events?sportDataId=2561895&pageSize=5,200,content[].broadcasters[].link,str,,,LIVE,
broadcast_match_events,https://api.premierleague.com/broadcasting/match-events?sportDataId=2561895&pageSize=5,200,content[].broadcasters[].restrictedRegions,object,,,LIVE,
broadcast_match_events,https://api.premierleague.com/broadcasting/match-events?sportDataId=2561895&pageSize=5,200,content[].broadcasters[].restrictedRegions[].id,int,,,LIVE,
broadcast_match_events,https://api.premierleague.com/broadcasting/match-events?sportDataId=2561895&pageSize=5,200,content[].broadcasters[].restrictedRegions[].name,str,,,LIVE,
broadcast_match_events,https://api.premierleague.com/broadcasting/match-events?sportDataId=2561895&pageSize=5,200,content[].broadcasters[].restrictedRegions[].timezone,str,,,LIVE,
broadcast_match_events,https://api.premierleague.com/broadcasting/match-events?sportDataId=2561895&pageSize=5,200,content[].broadcasters[].restrictedCountries,object,,,LIVE,
broadcast_match_events,https://api.premierleague.com/broadcasting/match-events?sportDataId=2561895&pageSize=5,200,content[].channels,object,,,LIVE,
broadcast_match_events,https://api.premierleague.com/broadcasting/match-events?sportDataId=2561895&pageSize=5,200,content[].channels[].info,object,,,LIVE,
broadcast_match_events,https://api.premierleague.com/broadcasting/match-events?sportDataId=2561895&pageSize=5,200,content[].channels[].info.id,int,,,LIVE,
broadcast_match_events,https://api.premierleague.com/broadcasting/match-events?sportDataId=2561895&pageSize=5,200,content[].channels[].info.name,str,,,LIVE,
broadcast_match_events,https://api.premierleague.com/broadcasting/match-events?sportDataId=2561895&pageSize=5,200,content[].channels[].info.description,str,,,LIVE,
broadcast_match_events,https://api.premierleague.com/broadcasting/match-events?sportDataId=2561895&pageSize=5,200,content[].channels[].info.abbreviation,str,,,LIVE,
broadcast_match_events,https://api.premierleague.com/broadcasting/match-events?sportDataId=2561895&pageSize=5,200,content[].channels[].info.logo,object,,,LIVE,
broadcast_match_events,https://api.premierleague.com/broadcasting/match-events?sportDataId=2561895&pageSize=5,200,content[].channels[].info.logo.reference,str,,,LIVE,
broadcast_match_events,https://api.premierleague.com/broadcasting/match-events?sportDataId=2561895&pageSize=5,200,content[].channels[].info.logo.type,str,,,LIVE,
broadcast_match_events,https://api.premierleague.com/broadcasting/match-events?sportDataId=2561895&pageSize=5,200,content[].channels[].info.logo.info,object,,,LIVE,
broadcast_match_events,https://api.premierleague.com/broadcasting/match-events?sportDataId=2561895&pageSize=5,200,content[].channels[].info.logo.info.original,object,,,LIVE,
broadcast_match_events,https://api.premierleague.com/broadcasting/match-events?sportDataId=2561895&pageSize=5,200,content[].channels[].info.logo.info.original.width,int,,,LIVE,
broadcast_match_events,https://api.premierleague.com/broadcasting/match-events?sportDataId=2561895&pageSize=5,200,content[].channels[].info.logo.info.original.height,int,,,LIVE,
broadcast_match_events,https://api.premierleague.com/broadcasting/match-events?sportDataId=2561895&pageSize=5,200,content[].channels[].info.logo.info.original.aspectRatio,float,,,LIVE,
broadcast_match_events,https://api.premierleague.com/broadcasting/match-events?sportDataId=2561895&pageSize=5,200,content[].channels[].info.logo.info.original.url,str,,,LIVE,
broadcast_match_events,https://api.premierleague.com/broadcasting/match-events?sportDataId=2561895&pageSize=5,200,content[].channels[].info.logo.info.orientation,str,,,LIVE,
broadcast_match_events,https://api.premierleague.com/broadcasting/match-events?sportDataId=2561895&pageSize=5,200,content[].channels[].info.logo.info.areas,object,,,LIVE,
broadcast_match_events,https://api.premierleague.com/broadcasting/match-events?sportDataId=2561895&pageSize=5,200,content[].channels[].info.logo.info.areas[].area,str,,,LIVE,
broadcast_match_events,https://api.premierleague.com/broadcasting/match-events?sportDataId=2561895&pageSize=5,200,content[].channels[].info.logo.info.areas[].positionX,int,,,LIVE,
broadcast_match_events,https://api.premierleague.com/broadcasting/match-events?sportDataId=2561895&pageSize=5,200,content[].channels[].info.logo.info.areas[].positionY,int,,,LIVE,
broadcast_match_events,https://api.premierleague.com/broadcasting/match-events?sportDataId=2561895&pageSize=5,200,content[].channels[].info.logo.info.areas[].width,int,,,LIVE,
broadcast_match_events,https://api.premierleague.com/broadcasting/match-events?sportDataId=2561895&pageSize=5,200,content[].channels[].info.logo.info.areas[].height,int,,,LIVE,
broadcast_match_events,https://api.premierleague.com/broadcasting/match-events?sportDataId=2561895&pageSize=5,200,content[].channels[].info.logo.info.areas[].uuid,NoneType,,,LIVE,
broadcast_match_events,https://api.premierleague.com/broadcasting/match-events?sportDataId=2561895&pageSize=5,200,content[].channels[].info.link,NoneType,,,LIVE,
broadcast_match_events,https://api.premierleague.com/broadcasting/match-events?sportDataId=2561895&pageSize=5,200,content[].channels[].info.broadcaster,object,,,LIVE,
broadcast_match_events,https://api.premierleague.com/broadcasting/match-events?sportDataId=2561895&pageSize=5,200,content[].channels[].info.broadcaster.id,int,,,LIVE,
broadcast_match_events,https://api.premierleague.com/broadcasting/match-events?sportDataId=2561895&pageSize=5,200,content[].channels[].info.broadcaster.name,str,,,LIVE,
broadcast_match_events,https://api.premierleague.com/broadcasting/match-events?sportDataId=2561895&pageSize=5,200,content[].channels[].info.broadcaster.abbreviation,str,,,LIVE,
broadcast_match_events,https://api.premierleague.com/broadcasting/match-events?sportDataId=2561895&pageSize=5,200,content[].channels[].info.broadcaster.logo,object,,,LIVE,
broadcast_match_events,https://api.premierleague.com/broadcasting/match-events?sportDataId=2561895&pageSize=5,200,content[].channels[].info.broadcaster.logo.reference,str,,,LIVE,
broadcast_match_events,https://api.premierleague.com/broadcasting/match-events?sportDataId=2561895&pageSize=5,200,content[].channels[].info.broadcaster.logo.type,str,,,LIVE,
broadcast_match_events,https://api.premierleague.com/broadcasting/match-events?sportDataId=2561895&pageSize=5,200,content[].channels[].info.broadcaster.logo.info,object,,,LIVE,
broadcast_match_events,https://api.premierleague.com/broadcasting/match-events?sportDataId=2561895&pageSize=5,200,content[].channels[].info.broadcaster.logo.info.original,object,,,LIVE,
broadcast_match_events,https://api.premierleague.com/broadcasting/match-events?sportDataId=2561895&pageSize=5,200,content[].channels[].info.broadcaster.logo.info.original.width,int,,,LIVE,
broadcast_match_events,https://api.premierleague.com/broadcasting/match-events?sportDataId=2561895&pageSize=5,200,content[].channels[].info.broadcaster.logo.info.original.height,int,,,LIVE,
broadcast_match_events,https://api.premierleague.com/broadcasting/match-events?sportDataId=2561895&pageSize=5,200,content[].channels[].info.broadcaster.logo.info.original.aspectRatio,float,,,LIVE,
broadcast_match_events,https://api.premierleague.com/broadcasting/match-events?sportDataId=2561895&pageSize=5,200,content[].channels[].info.broadcaster.logo.info.original.url,str,,,LIVE,
broadcast_match_events,https://api.premierleague.com/broadcasting/match-events?sportDataId=2561895&pageSize=5,200,content[].channels[].info.broadcaster.logo.info.orientation,str,,,LIVE,
broadcast_match_events,https://api.premierleague.com/broadcasting/match-events?sportDataId=2561895&pageSize=5,200,content[].channels[].info.broadcaster.logo.info.areas,object,,,LIVE,
broadcast_match_events,https://api.premierleague.com/broadcasting/match-events?sportDataId=2561895&pageSize=5,200,content[].channels[].info.broadcaster.logo.info.areas[].area,str,,,LIVE,
broadcast_match_events,https://api.premierleague.com/broadcasting/match-events?sportDataId=2561895&pageSize=5,200,content[].channels[].info.broadcaster.logo.info.areas[].positionX,int,,,LIVE,
broadcast_match_events,https://api.premierleague.com/broadcasting/match-events?sportDataId=2561895&pageSize=5,200,content[].channels[].info.broadcaster.logo.info.areas[].positionY,int,,,LIVE,
broadcast_match_events,https://api.premierleague.com/broadcasting/match-events?sportDataId=2561895&pageSize=5,200,content[].channels[].info.broadcaster.logo.info.areas[].width,int,,,LIVE,
broadcast_match_events,https://api.premierleague.com/broadcasting/match-events?sportDataId=2561895&pageSize=5,200,content[].channels[].info.broadcaster.logo.info.areas[].height,int,,,LIVE,
broadcast_match_events,https://api.premierleague.com/broadcasting/match-events?sportDataId=2561895&pageSize=5,200,content[].channels[].info.broadcaster.logo.info.areas[].uuid,NoneType,,,LIVE,
broadcast_match_events,https://api.premierleague.com/broadcasting/match-events?sportDataId=2561895&pageSize=5,200,content[].channels[].info.broadcaster.link,str,,,LIVE,
broadcast_match_events,https://api.premierleague.com/broadcasting/match-events?sportDataId=2561895&pageSize=5,200,content[].channels[].info.broadcaster.restrictedRegions,object,,,LIVE,
broadcast_match_events,https://api.premierleague.com/broadcasting/match-events?sportDataId=2561895&pageSize=5,200,content[].channels[].info.broadcaster.restrictedRegions[].id,int,,,LIVE,
broadcast_match_events,https://api.premierleague.com/broadcasting/match-events?sportDataId=2561895&pageSize=5,200,content[].channels[].info.broadcaster.restrictedRegions[].name,str,,,LIVE,
broadcast_match_events,https://api.premierleague.com/broadcasting/match-events?sportDataId=2561895&pageSize=5,200,content[].channels[].info.broadcaster.restrictedRegions[].timezone,str,,,LIVE,
broadcast_match_events,https://api.premierleague.com/broadcasting/match-events?sportDataId=2561895&pageSize=5,200,content[].channels[].info.broadcaster.restrictedCountries,object,,,LIVE,
broadcast_match_events,https://api.premierleague.com/broadcasting/match-events?sportDataId=2561895&pageSize=5,200,content[].channels[].info.restrictedRegions,object,,,LIVE,
broadcast_match_events,https://api.premierleague.com/broadcasting/match-events?sportDataId=2561895&pageSize=5,200,content[].channels[].info.restrictedRegions[].id,int,,,LIVE,
broadcast_match_events,https://api.premierleague.com/broadcasting/match-events?sportDataId=2561895&pageSize=5,200,content[].channels[].info.restrictedRegions[].name,str,,,LIVE,
broadcast_match_events,https://api.premierleague.com/broadcasting/match-events?sportDataId=2561895&pageSize=5,200,content[].channels[].info.restrictedRegions[].timezone,str,,,LIVE,
broadcast_match_events,https://api.premierleague.com/broadcasting/match-events?sportDataId=2561895&pageSize=5,200,content[].channels[].info.channelTypes,object,,,LIVE,
broadcast_match_events,https://api.premierleague.com/broadcasting/match-events?sportDataId=2561895&pageSize=5,200,content[].channels[].info.channelTypes[].id,int,,,LIVE,
broadcast_match_events,https://api.premierleague.com/broadcasting/match-events?sportDataId=2561895&pageSize=5,200,content[].channels[].info.channelTypes[].name,str,,,LIVE,
broadcast_match_events,https://api.premierleague.com/broadcasting/match-events?sportDataId=2561895&pageSize=5,200,content[].channels[].info.channelTypes[].mediaType,str,,,LIVE,
broadcast_match_events,https://api.premierleague.com/broadcasting/match-events?sportDataId=2561895&pageSize=5,200,content[].channels[].startDateTime,str,,,LIVE,
broadcast_match_events,https://api.premierleague.com/broadcasting/match-events?sportDataId=2561895&pageSize=5,200,content[].channels[].endDateTime,str,,,LIVE,
broadcast_match_events,https://api.premierleague.com/broadcasting/match-events?sportDataId=2561895&pageSize=5,200,content[].channels[].restrictedRegions,object,,,LIVE,
broadcast_match_events,https://api.premierleague.com/broadcasting/match-events?sportDataId=2561895&pageSize=5,200,content[].channels[].restrictedRegions[].id,int,,,LIVE,
broadcast_match_events,https://api.premierleague.com/broadcasting/match-events?sportDataId=2561895&pageSize=5,200,content[].channels[].restrictedRegions[].name,str,,,LIVE,
broadcast_match_events,https://api.premierleague.com/broadcasting/match-events?sportDataId=2561895&pageSize=5,200,content[].channels[].restrictedRegions[].timezone,str,,,LIVE,
broadcast_match_events,https://api.premierleague.com/broadcasting/match-events?sportDataId=2561895&pageSize=5,200,content[].channels[].customAttributes,object,,,LIVE,
broadcast_match_events,https://api.premierleague.com/broadcasting/match-events?sportDataId=2561895&pageSize=5,200,content[].channels[].customAttributes[].name,str,,,LIVE,
broadcast_match_events,https://api.premierleague.com/broadcasting/match-events?sportDataId=2561895&pageSize=5,200,content[].channels[].customAttributes[].value,str,,,LIVE,
broadcast_match_events,https://api.premierleague.com/broadcasting/match-events?sportDataId=2561895&pageSize=5,200,content[].contentReference,object,,,LIVE,
broadcast_match_events,https://api.premierleague.com/broadcasting/match-events?sportDataId=2561895&pageSize=5,200,content[].contentReference.id,int,,,LIVE,
broadcast_match_events,https://api.premierleague.com/broadcasting/match-events?sportDataId=2561895&pageSize=5,200,content[].contentReference.providerId,str,,,LIVE,
broadcast_match_events,https://api.premierleague.com/broadcasting/match-events?sportDataId=2561895&pageSize=5,200,content[].contentReference.type,str,,,LIVE,
player_profile_content,https://api.premierleague.com/content/premierleague/TEXT/en?referenceExpression=SDP_FOOTBALL_PLAYER%3A223094&tagNames=player_profile_bio&detail=DETAILED,200,pageInfo,object,,,LIVE,
player_profile_content,https://api.premierleague.com/content/premierleague/TEXT/en?referenceExpression=SDP_FOOTBALL_PLAYER%3A223094&tagNames=player_profile_bio&detail=DETAILED,200,pageInfo.page,int,,,LIVE,
player_profile_content,https://api.premierleague.com/content/premierleague/TEXT/en?referenceExpression=SDP_FOOTBALL_PLAYER%3A223094&tagNames=player_profile_bio&detail=DETAILED,200,pageInfo.numPages,int,,,LIVE,
player_profile_content,https://api.premierleague.com/content/premierleague/TEXT/en?referenceExpression=SDP_FOOTBALL_PLAYER%3A223094&tagNames=player_profile_bio&detail=DETAILED,200,pageInfo.pageSize,int,,,LIVE,
player_profile_content,https://api.premierleague.com/content/premierleague/TEXT/en?referenceExpression=SDP_FOOTBALL_PLAYER%3A223094&tagNames=player_profile_bio&detail=DETAILED,200,pageInfo.numEntries,int,,,LIVE,
player_profile_content,https://api.premierleague.com/content/premierleague/TEXT/en?referenceExpression=SDP_FOOTBALL_PLAYER%3A223094&tagNames=player_profile_bio&detail=DETAILED,200,content,object,,,LIVE,
current_gameweek_config,https://resources.premierleague.com/premierleague25/config/current-gameweek.json,200,matchweek,int,,,LIVE,
clubs_metadata,https://resources.premierleague.com/premierleague25/config/clubs-metadata.json,200,,list,,,LIVE,
