season,source_player_id,forward_passes
2016-17,1616,
2016-17,1632,522.0
2016-17,1718,102.0
2016-17,1801,99.0
2016-17,1822,111.0
2016-17,2404,448.0
2016-17,3201,
2016-17,3736,280.0
2016-17,3773,141.0
2016-17,5288,
2016-17,6744,748.0
2016-17,7525,101.0
2016-17,7551,17.0
2016-17,7645,479.0
2016-17,7906,455.0
2016-17,7958,91.0
2016-17,8380,268.0
2016-17,9047,340.0
2016-17,9089,1048.0
2016-17,9110,32.0
2016-17,9808,245.0
2016-17,10318,397.0
2016-17,10460,101.0
2016-17,11334,653.0
2016-17,11467,339.0
2016-17,11554,
2016-17,11829,183.0
2016-17,11974,527.0
2016-17,12002,240.0
2016-17,12086,
2016-17,12150,472.0
2016-17,12413,338.0
2016-17,12496,750.0
2016-17,12679,300.0
2016-17,12745,495.0
2016-17,12813,117.0
2016-17,13017,141.0
2016-17,13152,198.0
2016-17,14295,452.0
2016-17,14664,454.0
2016-17,15033,375.0
2016-17,15109,406.0
2016-17,15114,217.0
2016-17,15144,366.0
2016-17,15149,652.0
2016-17,15157,964.0
2016-17,15237,373.0
2016-17,15276,214.0
2016-17,15633,
2016-17,15749,
2016-17,15885,44.0
2016-17,15944,10.0
2016-17,15982,224.0
2016-17,16045,8.0
2016-17,17127,3.0
2016-17,17336,530.0
2016-17,17339,513.0
2016-17,17349,40.0
2016-17,17476,204.0
2016-17,17740,145.0
2016-17,17745,819.0
2016-17,17761,124.0
2016-17,17878,533.0
2016-17,17997,184.0
2016-17,18008,200.0
2016-17,18073,467.0
2016-17,18155,35.0
2016-17,18507,193.0
2016-17,18656,847.0
2016-17,18726,684.0
2016-17,18759,35.0
2016-17,18805,184.0
2016-17,18892,138.0
2016-17,18987,257.0
2016-17,19057,212.0
2016-17,19101,
2016-17,19115,342.0
2016-17,19151,404.0
2016-17,19159,744.0
2016-17,19188,274.0
2016-17,19197,507.0
2016-17,19272,420.0
2016-17,19419,781.0
2016-17,19524,170.0
2016-17,19568,30.0
2016-17,19760,176.0
2016-17,20037,134.0
2016-17,20046,68.0
2016-17,20047,8.0
2016-17,20066,753.0
2016-17,20145,113.0
2016-17,20208,374.0
2016-17,20310,229.0
2016-17,20399,426.0
2016-17,20452,46.0
2016-17,20467,167.0
2016-17,20487,203.0
2016-17,20658,193.0
2016-17,20664,629.0
2016-17,20695,401.0
2016-17,21083,29.0
2016-17,21123,256.0
2016-17,21205,1069.0
2016-17,21246,5.0
2016-17,26719,
2016-17,26901,175.0
2016-17,26921,4.0
2016-17,27334,5.0
2016-17,27341,344.0
2016-17,27707,144.0
2016-17,27789,735.0
2016-17,28244,178.0
2016-17,28448,113.0
2016-17,28468,26.0
2016-17,28541,9.0
2016-17,28554,4.0
2016-17,28593,97.0
2016-17,28654,217.0
2016-17,32259,556.0
2016-17,32318,40.0
2016-17,33148,375.0
2016-17,33871,320.0
2016-17,37096,738.0
2016-17,37265,516.0
2016-17,37339,533.0
2016-17,37388,19.0
2016-17,37402,700.0
2016-17,37572,155.0
2016-17,37605,590.0
2016-17,37642,396.0
2016-17,37742,390.0
2016-17,37748,258.0
2016-17,37869,525.0
2016-17,37915,598.0
2016-17,38038,
2016-17,38290,349.0
2016-17,38411,716.0
2016-17,38419,13.0
2016-17,38439,361.0
2016-17,38454,807.0
2016-17,38580,713.0
2016-17,39104,355.0
2016-17,39155,414.0
2016-17,39158,247.0
2016-17,39167,257.0
2016-17,39187,8.0
2016-17,39194,858.0
2016-17,39215,78.0
2016-17,39472,53.0
2016-17,39487,550.0
2016-17,39847,147.0
2016-17,40002,233.0
2016-17,40142,123.0
2016-17,40145,399.0
2016-17,40146,525.0
2016-17,40202,356.0
2016-17,40276,41.0
2016-17,40349,27.0
2016-17,40383,741.0
2016-17,40387,273.0
2016-17,40399,243.0
2016-17,40555,344.0
2016-17,40616,560.0
2016-17,40669,350.0
2016-17,40725,572.0
2016-17,40755,60.0
2016-17,40784,100.0
2016-17,40833,29.0
2016-17,40868,571.0
2016-17,41184,301.0
2016-17,41251,
2016-17,41270,596.0
2016-17,41320,585.0
2016-17,41321,102.0
2016-17,41328,1036.0
2016-17,41338,145.0
2016-17,41464,218.0
2016-17,41674,52.0
2016-17,41705,271.0
2016-17,41725,259.0
2016-17,41733,436.0
2016-17,41792,219.0
2016-17,41823,43.0
2016-17,41945,472.0
2016-17,42427,119.0
2016-17,42593,635.0
2016-17,42738,129.0
2016-17,42774,257.0
2016-17,42786,406.0
2016-17,42892,199.0
2016-17,42899,44.0
2016-17,42996,237.0
2016-17,43191,352.0
2016-17,43250,266.0
2016-17,43626,160.0
2016-17,43670,175.0
2016-17,43693,15.0
2016-17,44302,125.0
2016-17,44336,111.0
2016-17,44343,17.0
2016-17,44346,70.0
2016-17,44413,208.0
2016-17,44604,204.0
2016-17,44683,60.0
2016-17,44699,187.0
2016-17,45076,392.0
2016-17,45124,116.0
2016-17,45268,108.0
2016-17,47431,192.0
2016-17,48615,561.0
2016-17,48717,387.0
2016-17,48844,32.0
2016-17,49013,334.0
2016-17,49195,29.0
2016-17,49207,70.0
2016-17,49277,340.0
2016-17,49384,197.0
2016-17,49413,333.0
2016-17,49438,18.0
2016-17,49440,39.0
2016-17,49464,107.0
2016-17,49539,682.0
2016-17,49579,198.0
2016-17,49688,161.0
2016-17,49696,9.0
2016-17,49944,573.0
2016-17,49957,79.0
2016-17,50089,338.0
2016-17,50175,34.0
2016-17,50229,165.0
2016-17,50471,227.0
2016-17,50472,90.0
2016-17,51507,632.0
2016-17,51927,548.0
2016-17,51934,241.0
2016-17,51938,399.0
2016-17,51940,714.0
2016-17,52153,551.0
2016-17,52287,76.0
2016-17,52538,86.0
2016-17,52940,264.0
2016-17,53371,160.0
2016-17,54102,278.0
2016-17,54316,65.0
2016-17,54469,433.0
2016-17,54756,509.0
2016-17,54771,335.0
2016-17,54861,272.0
2016-17,54908,189.0
2016-17,55037,374.0
2016-17,55317,209.0
2016-17,55422,323.0
2016-17,55452,104.0
2016-17,55459,323.0
2016-17,55494,667.0
2016-17,55605,586.0
2016-17,55829,279.0
2016-17,55909,119.0
2016-17,56192,95.0
2016-17,56827,30.0
2016-17,56864,341.0
2016-17,56872,187.0
2016-17,56917,647.0
2016-17,56979,584.0
2016-17,57001,52.0
2016-17,57134,155.0
2016-17,57145,575.0
2016-17,57187,
2016-17,57249,177.0
2016-17,57328,630.0
2016-17,57410,753.0
2016-17,57531,177.0
2016-17,57586,18.0
2016-17,57736,79.0
2016-17,58376,
2016-17,58621,522.0
2016-17,58786,318.0
2016-17,58791,96.0
2016-17,58822,571.0
2016-17,58877,461.0
2016-17,58893,398.0
2016-17,59044,422.0
2016-17,59125,28.0
2016-17,59741,16.0
2016-17,59779,345.0
2016-17,59796,8.0
2016-17,59846,602.0
2016-17,59856,54.0
2016-17,59859,126.0
2016-17,59949,337.0
2016-17,60165,84.0
2016-17,60232,575.0
2016-17,60252,225.0
2016-17,60551,97.0
2016-17,60586,79.0
2016-17,60706,350.0
2016-17,60772,496.0
2016-17,60914,631.0
2016-17,61302,22.0
2016-17,61366,588.0
2016-17,61548,23.0
2016-17,61566,96.0
2016-17,61595,123.0
2016-17,61603,637.0
2016-17,61604,
2016-17,61760,8.0
2016-17,61858,136.0
2016-17,62398,583.0
2016-17,62399,330.0
2016-17,62974,68.0
2016-17,63370,92.0
2016-17,66749,256.0
2016-17,66797,572.0
2016-17,66975,171.0
2016-17,67527,349.0
2016-17,68312,183.0
2016-17,68983,550.0
2016-17,69140,708.0
2016-17,69960,46.0
2016-17,73426,61.0
2016-17,73889,6.0
2016-17,74033,433.0
2016-17,74208,686.0
2016-17,74230,391.0
2016-17,75115,33.0
2016-17,75773,49.0
2016-17,75880,155.0
2016-17,76359,235.0
2016-17,76542,152.0
2016-17,77454,122.0
2016-17,77762,235.0
2016-17,77794,115.0
2016-17,78007,138.0
2016-17,78056,678.0
2016-17,78091,181.0
2016-17,78315,471.0
2016-17,78356,66.0
2016-17,78412,105.0
2016-17,78830,161.0
2016-17,79228,43.0
2016-17,80146,39.0
2016-17,80179,289.0
2016-17,80254,13.0
2016-17,80447,457.0
2016-17,80607,595.0
2016-17,80789,248.0
2016-17,80801,583.0
2016-17,80935,355.0
2016-17,81061,
2016-17,81880,209.0
2016-17,82257,
2016-17,82263,416.0
2016-17,82403,180.0
2016-17,82428,419.0
2016-17,82771,53.0
2016-17,83091,27.0
2016-17,83283,248.0
2016-17,83312,671.0
2016-17,83314,291.0
2016-17,84395,
2016-17,84450,656.0
2016-17,84583,415.0
2016-17,85017,
2016-17,85352,420.0
2016-17,85624,117.0
2016-17,85654,172.0
2016-17,85971,150.0
2016-17,86173,84.0
2016-17,86417,175.0
2016-17,86881,36.0
2016-17,86934,404.0
2016-17,87447,
2016-17,88498,52.0
2016-17,88894,439.0
2016-17,88900,283.0
2016-17,89085,33.0
2016-17,90105,156.0
2016-17,90263,12.0
2016-17,90517,94.0
2016-17,90714,58.0
2016-17,91126,11.0
2016-17,91972,30.0
2016-17,91979,64.0
2016-17,92217,360.0
2016-17,92293,70.0
2016-17,93264,730.0
2016-17,93464,311.0
2016-17,94245,13.0
2016-17,94924,37.0
2016-17,94926,
2016-17,95508,
2016-17,95658,558.0
2016-17,96305,109.0
2016-17,96306,203.0
2016-17,96764,90.0
2016-17,97032,404.0
2016-17,97296,
2016-17,97299,443.0
2016-17,97485,102.0
2016-17,97615,156.0
2016-17,98745,370.0
2016-17,98747,
2016-17,98980,25.0
2016-17,99323,90.0
2016-17,100059,66.0
2016-17,101178,268.0
2016-17,101179,
2016-17,101184,484.0
2016-17,101668,103.0
2016-17,102738,105.0
2016-17,103025,322.0
2016-17,103192,43.0
2016-17,103912,77.0
2016-17,103955,218.0
2016-17,104542,166.0
2016-17,105666,116.0
2016-17,105717,173.0
2016-17,106449,7.0
2016-17,106603,27.0
2016-17,106611,552.0
2016-17,106617,22.0
2016-17,106760,150.0
2016-17,107265,
2016-17,108823,349.0
2016-17,109322,146.0
2016-17,109528,179.0
2016-17,109646,
2016-17,110979,297.0
2016-17,111234,855.0
2016-17,111787,72.0
2016-17,111847,64.0
2016-17,112316,
2016-17,112338,471.0
2016-17,112507,
2016-17,112520,
2016-17,113534,
2016-17,113564,212.0
2016-17,113688,51.0
2016-17,114000,29.0
2016-17,114093,30.0
2016-17,115357,
2016-17,115556,412.0
2016-17,115854,62.0
2016-17,116594,593.0
2016-17,120447,34.0
2016-17,121221,313.0
2016-17,121599,183.0
2016-17,122798,460.0
2016-17,123125,27.0
2016-17,126184,181.0
2016-17,126187,4.0
2016-17,128198,157.0
2016-17,130103,
2016-17,132015,284.0
2016-17,133801,4.0
2016-17,134383,
2016-17,138009,2.0
2016-17,144660,246.0
2016-17,147675,
2016-17,148179,68.0
2016-17,148225,139.0
2016-17,149016,31.0
2016-17,149051,
2016-17,149266,531.0
2016-17,149484,124.0
2016-17,149828,90.0
2016-17,152760,60.0
2016-17,153133,219.0
2016-17,153256,149.0
2016-17,153366,11.0
2016-17,153373,143.0
2016-17,153379,17.0
2016-17,153673,5.0
2016-17,153682,
2016-17,154043,1.0
2016-17,154050,
2016-17,154051,1.0
2016-17,154566,
2016-17,154976,117.0
2016-17,155408,76.0
2016-17,155509,
2016-17,155569,237.0
2016-17,155851,23.0
2016-17,156074,212.0
2016-17,156658,
2016-17,156660,
2016-17,156686,
2016-17,156690,4.0
2016-17,157665,2.0
2016-17,157668,95.0
2016-17,158074,336.0
2016-17,158544,
2016-17,159506,4.0
2016-17,159533,107.0
2016-17,160729,224.0
2016-17,160816,103.0
2016-17,160817,38.0
2016-17,163526,109.0
2016-17,165911,
2016-17,165990,36.0
2016-17,167767,8.0
2016-17,167789,1.0
2016-17,168196,21.0
2016-17,168287,43.0
2016-17,168566,5.0
2016-17,168717,
2016-17,168763,
2016-17,168765,4.0
2016-17,169061,
2016-17,169187,28.0
2016-17,169359,80.0
2016-17,169432,8.0
2016-17,169527,
2016-17,169535,
2016-17,170851,
2016-17,171277,16.0
2016-17,171287,
2016-17,172632,100.0
2016-17,172850,139.0
2016-17,173514,29.0
2016-17,173515,39.0
2016-17,173792,
2016-17,173807,215.0
2016-17,173809,3.0
2016-17,176295,
2016-17,176296,15.0
2016-17,176297,95.0
2016-17,177815,23.0
2016-17,178186,20.0
2016-17,178304,14.0
2016-17,178871,14.0
2016-17,179261,
2016-17,179596,
2016-17,179725,
2016-17,180804,42.0
2016-17,182156,103.0
2016-17,182436,5.0
2016-17,182960,
2016-17,183487,
2016-17,185056,
2016-17,191769,1.0
2016-17,192182,
2016-17,192290,
2016-17,194164,254.0
2016-17,195473,
2016-17,195480,
2016-17,195851,12.0
2016-17,195859,
2016-17,195864,24.0
2016-17,197365,320.0
2016-17,198044,
2016-17,200455,
2016-17,200617,
2016-17,201084,11.0
2016-17,202174,
2016-17,203341,258.0
2016-17,204216,
2016-17,204480,2.0
2016-17,204760,
2016-17,204819,
2016-17,205102,70.0
2016-17,205135,
2016-17,205651,43.0
2016-17,207725,1.0
2016-17,208987,
2016-17,209041,4.0
2016-17,209212,
2016-17,210237,6.0
2016-17,213384,
2016-17,214590,
2016-17,215457,
2016-17,215885,
2016-17,216058,
2016-17,217331,
2016-17,219352,19.0
2016-17,219727,
2016-17,220650,
2016-17,221267,52.0
2016-17,221268,
2016-17,221271,
2016-17,221275,
2016-17,221286,
2016-17,221568,
2016-17,224946,6.0
2016-17,225321,
2016-17,231172,14.0
2016-17,232427,
2016-17,234483,12.0
2016-17,240499,
2016-17,243531,8.0
2016-17,243532,2.0
2017-18,1243,
2017-18,1632,340.0
2017-18,2404,45.0
2017-18,2513,10.0
2017-18,3201,
2017-18,3773,205.0
2017-18,5589,14.0
2017-18,6744,66.0
2017-18,7645,381.0
2017-18,7906,27.0
2017-18,7958,24.0
2017-18,8380,200.0
2017-18,9047,103.0
2017-18,9089,999.0
2017-18,10318,
2017-18,11334,537.0
2017-18,11352,428.0
2017-18,11554,263.0
2017-18,11735,
2017-18,11829,47.0
2017-18,11974,40.0
2017-18,12086,17.0
2017-18,12745,288.0
2017-18,12813,3.0
2017-18,13017,281.0
2017-18,13152,172.0
2017-18,14075,51.0
2017-18,14295,357.0
2017-18,14664,121.0
2017-18,15033,390.0
2017-18,15114,23.0
2017-18,15137,38.0
2017-18,15149,778.0
2017-18,15157,492.0
2017-18,15237,386.0
2017-18,15749,485.0
2017-18,15982,
2017-18,17127,71.0
2017-18,17339,288.0
2017-18,17349,152.0
2017-18,17476,443.0
2017-18,17745,825.0
2017-18,17761,548.0
2017-18,17878,838.0
2017-18,17997,216.0
2017-18,18008,19.0
2017-18,18073,441.0
2017-18,18656,515.0
2017-18,18726,
2017-18,18892,533.0
2017-18,19071,1.0
2017-18,19151,373.0
2017-18,19159,274.0
2017-18,19188,240.0
2017-18,19197,68.0
2017-18,19272,79.0
2017-18,19419,470.0
2017-18,19568,14.0
2017-18,19760,15.0
2017-18,19838,423.0
2017-18,20037,142.0
2017-18,20046,34.0
2017-18,20066,622.0
2017-18,20145,448.0
2017-18,20208,111.0
2017-18,20310,63.0
2017-18,20452,80.0
2017-18,20467,92.0
2017-18,20480,
2017-18,20481,18.0
2017-18,20529,238.0
2017-18,20658,529.0
2017-18,20664,654.0
2017-18,20695,486.0
2017-18,21083,105.0
2017-18,21205,85.0
2017-18,27341,514.0
2017-18,27462,19.0
2017-18,27789,872.0
2017-18,28147,234.0
2017-18,28462,4.0
2017-18,28609,
2017-18,28654,494.0
2017-18,33148,29.0
2017-18,33871,361.0
2017-18,37096,891.0
2017-18,37265,440.0
2017-18,37402,410.0
2017-18,37572,113.0
2017-18,37605,519.0
2017-18,37642,417.0
2017-18,37742,37.0
2017-18,37869,380.0
2017-18,37915,554.0
2017-18,38038,58.0
2017-18,38290,162.0
2017-18,38411,638.0
2017-18,38439,264.0
2017-18,38454,627.0
2017-18,38490,75.0
2017-18,38499,62.0
2017-18,39104,435.0
2017-18,39155,67.0
2017-18,39158,115.0
2017-18,39194,978.0
2017-18,39215,10.0
2017-18,39487,429.0
2017-18,39725,
2017-18,39847,350.0
2017-18,40002,67.0
2017-18,40142,76.0
2017-18,40145,520.0
2017-18,40146,594.0
2017-18,40346,
2017-18,40349,725.0
2017-18,40383,389.0
2017-18,40387,438.0
2017-18,40399,106.0
2017-18,40555,438.0
2017-18,40616,436.0
2017-18,40669,413.0
2017-18,40725,389.0
2017-18,40755,42.0
2017-18,40784,334.0
2017-18,40833,43.0
2017-18,40845,579.0
2017-18,40868,514.0
2017-18,41184,106.0
2017-18,41251,
2017-18,41270,157.0
2017-18,41320,647.0
2017-18,41321,12.0
2017-18,41328,1037.0
2017-18,41338,81.0
2017-18,41464,143.0
2017-18,41674,247.0
2017-18,41725,225.0
2017-18,41733,257.0
2017-18,41792,320.0
2017-18,41823,392.0
2017-18,41945,255.0
2017-18,42427,461.0
2017-18,42564,195.0
2017-18,42748,427.0
2017-18,42774,383.0
2017-18,42786,361.0
2017-18,42899,15.0
2017-18,42996,32.0
2017-18,43020,66.0
2017-18,43250,377.0
2017-18,43670,243.0
2017-18,43808,233.0
2017-18,44343,38.0
2017-18,44346,74.0
2017-18,44683,212.0
2017-18,44699,165.0
2017-18,45124,129.0
2017-18,45268,218.0
2017-18,46483,139.0
2017-18,47431,214.0
2017-18,48332,341.0
2017-18,48615,170.0
2017-18,48717,209.0
2017-18,48760,751.0
2017-18,48844,80.0
2017-18,48860,
2017-18,49013,253.0
2017-18,49277,170.0
2017-18,49413,372.0
2017-18,49440,56.0
2017-18,49539,798.0
2017-18,49579,145.0
2017-18,49944,383.0
2017-18,50089,224.0
2017-18,50175,68.0
2017-18,50229,169.0
2017-18,50232,601.0
2017-18,50471,349.0
2017-18,50472,36.0
2017-18,51344,167.0
2017-18,51507,671.0
2017-18,51917,
2017-18,51927,507.0
2017-18,51938,416.0
2017-18,51940,759.0
2017-18,52153,168.0
2017-18,52940,343.0
2017-18,54102,200.0
2017-18,54284,303.0
2017-18,54316,41.0
2017-18,54469,317.0
2017-18,54484,252.0
2017-18,54513,262.0
2017-18,54694,54.0
2017-18,54756,190.0
2017-18,54861,206.0
2017-18,54908,20.0
2017-18,55037,338.0
2017-18,55422,266.0
2017-18,55452,66.0
2017-18,55459,625.0
2017-18,55494,372.0
2017-18,55605,352.0
2017-18,55829,118.0
2017-18,55909,306.0
2017-18,56192,325.0
2017-18,56872,161.0
2017-18,56917,590.0
2017-18,56979,617.0
2017-18,56983,366.0
2017-18,57001,60.0
2017-18,57112,140.0
2017-18,57134,230.0
2017-18,57145,550.0
2017-18,57249,256.0
2017-18,57328,30.0
2017-18,57410,916.0
2017-18,57513,1027.0
2017-18,57531,110.0
2017-18,57586,33.0
2017-18,58376,365.0
2017-18,58621,648.0
2017-18,58786,166.0
2017-18,58822,524.0
2017-18,58845,348.0
2017-18,58877,89.0
2017-18,58893,155.0
2017-18,59735,257.0
2017-18,59779,248.0
2017-18,59846,304.0
2017-18,59859,331.0
2017-18,59940,50.0
2017-18,59949,171.0
2017-18,59966,154.0
2017-18,60232,480.0
2017-18,60252,288.0
2017-18,60307,389.0
2017-18,60551,199.0
2017-18,60586,259.0
2017-18,60598,129.0
2017-18,60689,124.0
2017-18,60706,472.0
2017-18,60772,585.0
2017-18,60914,579.0
2017-18,61316,168.0
2017-18,61366,750.0
2017-18,61548,33.0
2017-18,61566,172.0
2017-18,61603,89.0
2017-18,61604,145.0
2017-18,61760,
2017-18,61858,227.0
2017-18,61933,519.0
2017-18,62398,745.0
2017-18,62399,357.0
2017-18,62974,80.0
2017-18,63370,94.0
2017-18,66242,517.0
2017-18,66247,208.0
2017-18,66749,166.0
2017-18,66797,323.0
2017-18,66838,53.0
2017-18,66975,591.0
2017-18,67089,245.0
2017-18,67527,298.0
2017-18,68312,297.0
2017-18,68983,394.0
2017-18,69140,639.0
2017-18,73426,57.0
2017-18,73494,273.0
2017-18,74033,183.0
2017-18,74208,553.0
2017-18,74230,367.0
2017-18,74375,194.0
2017-18,74471,718.0
2017-18,75115,92.0
2017-18,75773,13.0
2017-18,76359,304.0
2017-18,76542,166.0
2017-18,77359,493.0
2017-18,77777,584.0
2017-18,77794,391.0
2017-18,78007,186.0
2017-18,78056,630.0
2017-18,78315,
2017-18,78356,69.0
2017-18,78412,100.0
2017-18,78830,157.0
2017-18,79228,1.0
2017-18,79619,436.0
2017-18,79733,211.0
2017-18,80146,152.0
2017-18,80183,
2017-18,80226,236.0
2017-18,80447,403.0
2017-18,80607,663.0
2017-18,80755,127.0
2017-18,80801,480.0
2017-18,81880,243.0
2017-18,82263,421.0
2017-18,82403,161.0
2017-18,83283,191.0
2017-18,83299,593.0
2017-18,83314,199.0
2017-18,83543,269.0
2017-18,84112,146.0
2017-18,84450,865.0
2017-18,84939,19.0
2017-18,85128,42.0
2017-18,85352,154.0
2017-18,85368,544.0
2017-18,85624,457.0
2017-18,85971,194.0
2017-18,86176,174.0
2017-18,86417,291.0
2017-18,86934,329.0
2017-18,87428,94.0
2017-18,87856,3.0
2017-18,88170,
2017-18,88482,88.0
2017-18,88498,25.0
2017-18,88894,11.0
2017-18,88900,432.0
2017-18,89085,79.0
2017-18,90105,297.0
2017-18,90517,168.0
2017-18,91972,13.0
2017-18,92170,
2017-18,92217,305.0
2017-18,92383,1.0
2017-18,93001,34.0
2017-18,93127,23.0
2017-18,93264,732.0
2017-18,93464,499.0
2017-18,94924,39.0
2017-18,95463,
2017-18,95658,775.0
2017-18,95715,27.0
2017-18,97032,555.0
2017-18,97299,408.0
2017-18,97485,234.0
2017-18,97615,385.0
2017-18,98745,463.0
2017-18,98747,1040.0
2017-18,98914,35.0
2017-18,100059,270.0
2017-18,100180,289.0
2017-18,100412,183.0
2017-18,101148,558.0
2017-18,101178,213.0
2017-18,101184,218.0
2017-18,101668,105.0
2017-18,102366,116.0
2017-18,102380,581.0
2017-18,102826,49.0
2017-18,102884,14.0
2017-18,103025,374.0
2017-18,103127,70.0
2017-18,103192,498.0
2017-18,103912,222.0
2017-18,103914,161.0
2017-18,103955,200.0
2017-18,104542,352.0
2017-18,104545,357.0
2017-18,104547,100.0
2017-18,104953,123.0
2017-18,105666,1058.0
2017-18,105700,100.0
2017-18,105717,234.0
2017-18,106450,115.0
2017-18,106611,517.0
2017-18,106618,319.0
2017-18,106757,13.0
2017-18,106760,168.0
2017-18,108413,126.0
2017-18,108823,347.0
2017-18,109065,25.0
2017-18,109322,188.0
2017-18,109345,186.0
2017-18,109434,175.0
2017-18,109528,256.0
2017-18,109533,36.0
2017-18,109646,
2017-18,109788,97.0
2017-18,110979,201.0
2017-18,111234,1018.0
2017-18,111457,411.0
2017-18,112316,
2017-18,112338,416.0
2017-18,112520,
2017-18,113534,
2017-18,113564,46.0
2017-18,113688,66.0
2017-18,114243,98.0
2017-18,115556,518.0
2017-18,116594,593.0
2017-18,118748,199.0
2017-18,120447,
2017-18,121160,473.0
2017-18,121221,27.0
2017-18,121599,614.0
2017-18,122342,4.0
2017-18,122798,467.0
2017-18,126184,738.0
2017-18,126187,236.0
2017-18,128198,176.0
2017-18,131897,914.0
2017-18,132015,281.0
2017-18,133801,2.0
2017-18,135363,340.0
2017-18,143877,34.0
2017-18,144660,
2017-18,146941,315.0
2017-18,147303,146.0
2017-18,148225,144.0
2017-18,149266,679.0
2017-18,149484,60.0
2017-18,149736,107.0
2017-18,149828,27.0
2017-18,151086,216.0
2017-18,151119,419.0
2017-18,153127,182.0
2017-18,153133,267.0
2017-18,153256,184.0
2017-18,153373,26.0
2017-18,153379,16.0
2017-18,153477,
2017-18,153673,288.0
2017-18,154043,157.0
2017-18,154506,
2017-18,154566,53.0
2017-18,155408,465.0
2017-18,155569,100.0
2017-18,156074,225.0
2017-18,157668,156.0
2017-18,158534,29.0
2017-18,163463,113.0
2017-18,163526,67.0
2017-18,163776,
2017-18,165809,170.0
2017-18,167075,608.0
2017-18,167473,116.0
2017-18,167522,1.0
2017-18,167767,93.0
2017-18,168196,
2017-18,168566,17.0
2017-18,168580,182.0
2017-18,168977,
2017-18,168991,129.0
2017-18,169102,307.0
2017-18,169141,149.0
2017-18,169187,381.0
2017-18,171287,499.0
2017-18,171319,85.0
2017-18,171771,89.0
2017-18,172246,272.0
2017-18,172567,2.0
2017-18,172632,106.0
2017-18,172850,358.0
2017-18,173515,53.0
2017-18,173804,
2017-18,173807,202.0
2017-18,173809,
2017-18,173879,72.0
2017-18,173904,684.0
2017-18,173954,69.0
2017-18,174248,
2017-18,174594,
2017-18,175941,
2017-18,176297,97.0
2017-18,177815,149.0
2017-18,178304,62.0
2017-18,179725,
2017-18,179829,
2017-18,179830,
2017-18,180151,49.0
2017-18,180736,
2017-18,181911,
2017-18,182156,142.0
2017-18,182436,
2017-18,184667,245.0
2017-18,185431,
2017-18,185478,
2017-18,192290,43.0
2017-18,192301,
2017-18,194164,262.0
2017-18,195384,294.0
2017-18,195851,104.0
2017-18,195855,27.0
2017-18,195859,
2017-18,195864,71.0
2017-18,197365,144.0
2017-18,197469,64.0
2017-18,197937,27.0
2017-18,198501,
2017-18,198504,
2017-18,199404,
2017-18,199583,
2017-18,199598,5.0
2017-18,199806,
2017-18,200089,9.0
2017-18,200370,
2017-18,200641,16.0
2017-18,200884,5.0
2017-18,201084,301.0
2017-18,201666,1.0
2017-18,203341,581.0
2017-18,204480,258.0
2017-18,205102,117.0
2017-18,205533,1.0
2017-18,205651,88.0
2017-18,206325,170.0
2017-18,206915,
2017-18,209043,
2017-18,209046,4.0
2017-18,209212,82.0
2017-18,209244,8.0
2017-18,209413,
2017-18,209420,
2017-18,210207,55.0
2017-18,210237,7.0
2017-18,212319,257.0
2017-18,214590,114.0
2017-18,216058,
2017-18,216183,3.0
2017-18,216554,
2017-18,217989,
2017-18,218112,
2017-18,219002,2.0
2017-18,220598,
2017-18,220693,
2017-18,220738,
2017-18,221245,1.0
2017-18,222018,
2017-18,222434,1.0
2017-18,226029,27.0
2017-18,232398,
2017-18,232423,
2017-18,232427,2.0
2017-18,233963,44.0
2017-18,234483,
2017-18,234908,
2017-18,246878,41.0
2017-18,247286,
2017-18,431774,
2017-18,432705,
2017-18,433154,
2018-19,3773,12.0
2018-19,6744,
2018-19,7645,75.0
2018-19,9089,1054.0
2018-19,10318,
2018-19,10589,
2018-19,11334,126.0
2018-19,11352,236.0
2018-19,11554,31.0
2018-19,12745,66.0
2018-19,15033,329.0
2018-19,15149,307.0
2018-19,15157,483.0
2018-19,15237,240.0
2018-19,15749,526.0
2018-19,17339,20.0
2018-19,17349,63.0
2018-19,17476,358.0
2018-19,17745,734.0
2018-19,17761,556.0
2018-19,17997,260.0
2018-19,18073,444.0
2018-19,18656,
2018-19,18726,211.0
2018-19,18892,583.0
2018-19,18987,292.0
2018-19,19188,140.0
2018-19,19197,79.0
2018-19,19236,15.0
2018-19,19419,13.0
2018-19,19520,104.0
2018-19,19523,289.0
2018-19,19624,559.0
2018-19,19760,43.0
2018-19,20037,
2018-19,20046,3.0
2018-19,20066,390.0
2018-19,20145,376.0
2018-19,20310,27.0
2018-19,20452,69.0
2018-19,20467,169.0
2018-19,20529,216.0
2018-19,20658,376.0
2018-19,20664,505.0
2018-19,20695,82.0
2018-19,21205,491.0
2018-19,27335,184.0
2018-19,27698,
2018-19,27789,583.0
2018-19,28147,218.0
2018-19,28554,31.0
2018-19,33148,
2018-19,37096,880.0
2018-19,37265,88.0
2018-19,37402,45.0
2018-19,37572,133.0
2018-19,37605,303.0
2018-19,37642,376.0
2018-19,37915,539.0
2018-19,38038,167.0
2018-19,38290,381.0
2018-19,38411,428.0
2018-19,38439,538.0
2018-19,38454,296.0
2018-19,38490,117.0
2018-19,38533,600.0
2018-19,38716,189.0
2018-19,39155,87.0
2018-19,39194,527.0
2018-19,39215,20.0
2018-19,39476,473.0
2018-19,39847,78.0
2018-19,40002,71.0
2018-19,40142,41.0
2018-19,40145,391.0
2018-19,40146,331.0
2018-19,40232,44.0
2018-19,40349,379.0
2018-19,40383,19.0
2018-19,40387,352.0
2018-19,40559,34.0
2018-19,40616,53.0
2018-19,40669,309.0
2018-19,40725,42.0
2018-19,40755,52.0
2018-19,40784,636.0
2018-19,40836,438.0
2018-19,40845,405.0
2018-19,40868,434.0
2018-19,41270,1014.0
2018-19,41320,371.0
2018-19,41328,792.0
2018-19,41338,520.0
2018-19,41464,124.0
2018-19,41674,66.0
2018-19,41725,313.0
2018-19,41727,564.0
2018-19,41733,395.0
2018-19,41792,201.0
2018-19,41823,180.0
2018-19,41945,1.0
2018-19,42748,337.0
2018-19,42774,153.0
2018-19,42786,387.0
2018-19,42824,31.0
2018-19,42899,
2018-19,43020,62.0
2018-19,43250,70.0
2018-19,43626,90.0
2018-19,43670,151.0
2018-19,43808,
2018-19,44343,1.0
2018-19,44346,41.0
2018-19,44699,184.0
2018-19,45196,6.0
2018-19,45220,
2018-19,45268,311.0
2018-19,46483,21.0
2018-19,47431,254.0
2018-19,48615,235.0
2018-19,48760,564.0
2018-19,49262,
2018-19,49382,551.0
2018-19,49413,394.0
2018-19,49579,195.0
2018-19,49806,155.0
2018-19,49845,281.0
2018-19,49982,377.0
2018-19,50093,90.0
2018-19,50175,20.0
2018-19,50232,276.0
2018-19,50471,467.0
2018-19,50472,
2018-19,51344,13.0
2018-19,51507,210.0
2018-19,51927,727.0
2018-19,51938,242.0
2018-19,51940,746.0
2018-19,52153,28.0
2018-19,52484,74.0
2018-19,52940,252.0
2018-19,54102,40.0
2018-19,54284,350.0
2018-19,54421,42.0
2018-19,54469,367.0
2018-19,54484,342.0
2018-19,54527,4.0
2018-19,54694,179.0
2018-19,54756,81.0
2018-19,54861,68.0
2018-19,55037,291.0
2018-19,55038,172.0
2018-19,55422,383.0
2018-19,55459,359.0
2018-19,55494,118.0
2018-19,55605,761.0
2018-19,55909,281.0
2018-19,56377,55.0
2018-19,56872,151.0
2018-19,56917,629.0
2018-19,56979,428.0
2018-19,56981,361.0
2018-19,56983,397.0
2018-19,57134,213.0
2018-19,57145,244.0
2018-19,57249,202.0
2018-19,57328,234.0
2018-19,57410,267.0
2018-19,57513,765.0
2018-19,57531,225.0
2018-19,58376,496.0
2018-19,58621,699.0
2018-19,58786,182.0
2018-19,58822,240.0
2018-19,58845,140.0
2018-19,58893,59.0
2018-19,59125,3.0
2018-19,59735,
2018-19,59779,183.0
2018-19,59846,313.0
2018-19,59859,406.0
2018-19,59949,487.0
2018-19,59966,183.0
2018-19,60252,261.0
2018-19,60307,279.0
2018-19,60551,536.0
2018-19,60586,145.0
2018-19,60689,154.0
2018-19,60706,
2018-19,60914,447.0
2018-19,61316,54.0
2018-19,61366,200.0
2018-19,61566,265.0
2018-19,61603,
2018-19,61739,573.0
2018-19,61916,100.0
2018-19,61933,506.0
2018-19,62398,530.0
2018-19,62974,75.0
2018-19,66242,398.0
2018-19,66749,115.0
2018-19,66797,
2018-19,66838,72.0
2018-19,66842,129.0
2018-19,66975,655.0
2018-19,67089,776.0
2018-19,68312,169.0
2018-19,68983,320.0
2018-19,69140,693.0
2018-19,72681,519.0
2018-19,73426,45.0
2018-19,73459,12.0
2018-19,74208,622.0
2018-19,74230,666.0
2018-19,74297,62.0
2018-19,74471,464.0
2018-19,75115,104.0
2018-19,75826,29.0
2018-19,76357,281.0
2018-19,76359,221.0
2018-19,76360,80.0
2018-19,76542,161.0
2018-19,77359,246.0
2018-19,77794,579.0
2018-19,78007,187.0
2018-19,78056,417.0
2018-19,78356,45.0
2018-19,78412,26.0
2018-19,78830,142.0
2018-19,78911,14.0
2018-19,78916,
2018-19,79228,
2018-19,79619,482.0
2018-19,80146,60.0
2018-19,80201,538.0
2018-19,80226,109.0
2018-19,80254,23.0
2018-19,80447,256.0
2018-19,80607,564.0
2018-19,80755,7.0
2018-19,80792,93.0
2018-19,80801,571.0
2018-19,81012,179.0
2018-19,81183,24.0
2018-19,81880,6.0
2018-19,82078,40.0
2018-19,82263,651.0
2018-19,82403,214.0
2018-19,82514,392.0
2018-19,83283,274.0
2018-19,83299,526.0
2018-19,83312,20.0
2018-19,83314,204.0
2018-19,83543,148.0
2018-19,84112,4.0
2018-19,84450,718.0
2018-19,84939,119.0
2018-19,85368,568.0
2018-19,85624,245.0
2018-19,85955,1016.0
2018-19,85971,141.0
2018-19,86153,402.0
2018-19,86417,228.0
2018-19,86881,295.0
2018-19,86934,125.0
2018-19,87107,300.0
2018-19,87428,93.0
2018-19,87835,546.0
2018-19,88734,1112.0
2018-19,88894,165.0
2018-19,88900,378.0
2018-19,89085,42.0
2018-19,89572,4.0
2018-19,90105,358.0
2018-19,90517,89.0
2018-19,90585,828.0
2018-19,91047,176.0
2018-19,91651,304.0
2018-19,92217,318.0
2018-19,92259,5.0
2018-19,93100,378.0
2018-19,93264,338.0
2018-19,93284,30.0
2018-19,94147,557.0
2018-19,94245,34.0
2018-19,94248,689.0
2018-19,94924,129.0
2018-19,95463,
2018-19,95658,685.0
2018-19,95715,167.0
2018-19,96787,64.0
2018-19,96994,74.0
2018-19,97032,830.0
2018-19,97299,458.0
2018-19,98745,225.0
2018-19,98980,
2018-19,99323,3.0
2018-19,100059,26.0
2018-19,100180,213.0
2018-19,100649,233.0
2018-19,101105,441.0
2018-19,101148,453.0
2018-19,101178,230.0
2018-19,101184,547.0
2018-19,101188,655.0
2018-19,101537,483.0
2018-19,101582,212.0
2018-19,101668,73.0
2018-19,102057,234.0
2018-19,102380,852.0
2018-19,102826,177.0
2018-19,102884,54.0
2018-19,103025,131.0
2018-19,103192,535.0
2018-19,103912,73.0
2018-19,103914,549.0
2018-19,103955,183.0
2018-19,104073,348.0
2018-19,104545,208.0
2018-19,104953,85.0
2018-19,105700,21.0
2018-19,105717,376.0
2018-19,106450,268.0
2018-19,106611,702.0
2018-19,106618,424.0
2018-19,106757,66.0
2018-19,106760,623.0
2018-19,107265,265.0
2018-19,107613,311.0
2018-19,108093,90.0
2018-19,108413,350.0
2018-19,108438,
2018-19,108823,247.0
2018-19,109322,147.0
2018-19,109345,221.0
2018-19,109434,595.0
2018-19,109528,148.0
2018-19,109533,112.0
2018-19,109745,446.0
2018-19,109999,14.0
2018-19,110979,267.0
2018-19,111234,801.0
2018-19,111317,306.0
2018-19,111457,362.0
2018-19,111931,602.0
2018-19,113688,53.0
2018-19,114128,349.0
2018-19,114243,16.0
2018-19,114245,99.0
2018-19,115556,406.0
2018-19,115858,84.0
2018-19,116535,479.0
2018-19,116594,466.0
2018-19,116643,449.0
2018-19,118748,240.0
2018-19,118884,344.0
2018-19,119471,497.0
2018-19,120250,345.0
2018-19,121160,484.0
2018-19,121599,547.0
2018-19,122074,159.0
2018-19,122342,7.0
2018-19,122797,300.0
2018-19,122798,778.0
2018-19,123354,
2018-19,126184,682.0
2018-19,126187,115.0
2018-19,128389,212.0
2018-19,131403,1.0
2018-19,131897,803.0
2018-19,132015,543.0
2018-19,135363,143.0
2018-19,141020,192.0
2018-19,141569,10.0
2018-19,143877,16.0
2018-19,146941,1072.0
2018-19,147303,81.0
2018-19,148225,139.0
2018-19,149266,180.0
2018-19,149484,39.0
2018-19,151086,221.0
2018-19,151119,301.0
2018-19,151589,157.0
2018-19,152551,458.0
2018-19,152760,29.0
2018-19,153127,243.0
2018-19,153133,257.0
2018-19,153256,72.0
2018-19,153371,4.0
2018-19,153379,10.0
2018-19,153673,207.0
2018-19,154043,158.0
2018-19,154566,23.0
2018-19,155408,127.0
2018-19,155503,
2018-19,155569,162.0
2018-19,155651,192.0
2018-19,155851,29.0
2018-19,156074,219.0
2018-19,156689,102.0
2018-19,157668,302.0
2018-19,157775,62.0
2018-19,158534,61.0
2018-19,159039,2.0
2018-19,159533,81.0
2018-19,164511,197.0
2018-19,165210,79.0
2018-19,165808,88.0
2018-19,165809,360.0
2018-19,165990,1.0
2018-19,166324,58.0
2018-19,166640,399.0
2018-19,166989,175.0
2018-19,167075,249.0
2018-19,167473,60.0
2018-19,167767,159.0
2018-19,168399,
2018-19,168566,
2018-19,168580,227.0
2018-19,168764,3.0
2018-19,168977,31.0
2018-19,168991,338.0
2018-19,169141,148.0
2018-19,169187,611.0
2018-19,169359,199.0
2018-19,170271,391.0
2018-19,171129,141.0
2018-19,171270,
2018-19,171287,263.0
2018-19,171317,609.0
2018-19,171771,459.0
2018-19,172246,292.0
2018-19,172551,
2018-19,172632,147.0
2018-19,172780,396.0
2018-19,172850,620.0
2018-19,173514,73.0
2018-19,173515,57.0
2018-19,173807,151.0
2018-19,173904,430.0
2018-19,173954,
2018-19,175351,7.0
2018-19,175592,270.0
2018-19,175941,
2018-19,175946,268.0
2018-19,176297,134.0
2018-19,176414,
2018-19,176706,
2018-19,177815,118.0
2018-19,178304,33.0
2018-19,179018,66.0
2018-19,179830,56.0
2018-19,180135,81.0
2018-19,180294,54.0
2018-19,181397,
2018-19,182156,135.0
2018-19,183487,
2018-19,184349,213.0
2018-19,184667,556.0
2018-19,192301,127.0
2018-19,193109,9.0
2018-19,194164,114.0
2018-19,194401,
2018-19,194634,191.0
2018-19,195471,
2018-19,195851,141.0
2018-19,195860,
2018-19,196118,18.0
2018-19,197030,33.0
2018-19,197365,93.0
2018-19,197469,57.0
2018-19,198504,
2018-19,198847,
2018-19,198849,415.0
2018-19,198869,
2018-19,199598,
2018-19,200089,5.0
2018-19,200370,
2018-19,201084,128.0
2018-19,201666,74.0
2018-19,201667,
2018-19,203325,314.0
2018-19,203341,615.0
2018-19,204380,306.0
2018-19,204454,68.0
2018-19,204480,404.0
2018-19,204481,
2018-19,204820,
2018-19,205102,11.0
2018-19,205533,3.0
2018-19,205651,52.0
2018-19,206325,298.0
2018-19,206915,
2018-19,208998,
2018-19,209036,
2018-19,209037,
2018-19,209040,
2018-19,209041,4.0
2018-19,209042,39.0
2018-19,209046,28.0
2018-19,209244,30.0
2018-19,209289,
2018-19,209362,374.0
2018-19,209411,
2018-19,210207,2.0
2018-19,212319,225.0
2018-19,213482,188.0
2018-19,214048,
2018-19,214590,655.0
2018-19,215062,
2018-19,215409,
2018-19,216051,148.0
2018-19,216054,101.0
2018-19,216058,68.0
2018-19,217331,2.0
2018-19,217401,
2018-19,217989,
2018-19,218031,88.0
2018-19,219352,53.0
2018-19,219924,448.0
2018-19,220166,6.0
2018-19,220598,2.0
2018-19,220688,10.0
2018-19,220738,
2018-19,221272,
2018-19,221275,
2018-19,222017,
2018-19,222018,5.0
2018-19,222434,103.0
2018-19,222531,73.0
2018-19,222677,5.0
2018-19,223340,
2018-19,223911,167.0
2018-19,224117,
2018-19,227127,191.0
2018-19,229600,26.0
2018-19,230428,
2018-19,232351,
2018-19,232797,4.0
2018-19,232917,
2018-19,232928,1.0
2018-19,232960,
2018-19,232977,
2018-19,233497,28.0
2018-19,233963,39.0
2018-19,234908,198.0
2018-19,235599,
2018-19,241289,7.0
2018-19,241791,
2018-19,242166,470.0
2018-19,246878,2.0
2018-19,431774,
2018-19,432793,
2018-19,433154,134.0
2018-19,440113,9.0
2018-19,444181,
2018-19,444884,3.0
2018-19,450314,7.0
2019-20,6744,
2019-20,7645,28.0
2019-20,8432,237.0
2019-20,9089,988.0
2019-20,10318,
2019-20,11948,
2019-20,12745,45.0
2019-20,15033,68.0
2019-20,15149,227.0
2019-20,15157,223.0
2019-20,15237,32.0
2019-20,17601,
2019-20,17745,481.0
2019-20,17761,617.0
2019-20,17997,336.0
2019-20,18073,496.0
2019-20,18440,1.0
2019-20,18499,31.0
2019-20,18656,
2019-20,18665,362.0
2019-20,18726,
2019-20,18867,49.0
2019-20,18987,152.0
2019-20,19188,276.0
2019-20,19194,106.0
2019-20,19236,
2019-20,19419,388.0
2019-20,19624,529.0
2019-20,20066,92.0
2019-20,20145,222.0
2019-20,20310,89.0
2019-20,20452,108.0
2019-20,20467,111.0
2019-20,20480,821.0
2019-20,20529,42.0
2019-20,20664,367.0
2019-20,21205,398.0
2019-20,27436,172.0
2019-20,27789,796.0
2019-20,32259,35.0
2019-20,33148,63.0
2019-20,37096,489.0
2019-20,37339,191.0
2019-20,37402,231.0
2019-20,37572,63.0
2019-20,37605,176.0
2019-20,37614,167.0
2019-20,37642,855.0
2019-20,37915,291.0
2019-20,38290,381.0
2019-20,38439,440.0
2019-20,38454,248.0
2019-20,38533,572.0
2019-20,39155,72.0
2019-20,39194,410.0
2019-20,39215,
2019-20,39476,371.0
2019-20,39487,289.0
2019-20,40142,59.0
2019-20,40145,271.0
2019-20,40146,480.0
2019-20,40383,
2019-20,40386,572.0
2019-20,40387,172.0
2019-20,40564,28.0
2019-20,40669,433.0
2019-20,40694,177.0
2019-20,40784,228.0
2019-20,40836,683.0
2019-20,40845,442.0
2019-20,40868,201.0
2019-20,41270,587.0
2019-20,41320,18.0
2019-20,41328,948.0
2019-20,41338,367.0
2019-20,41674,92.0
2019-20,41725,307.0
2019-20,41727,214.0
2019-20,41733,325.0
2019-20,41823,236.0
2019-20,42525,
2019-20,42899,
2019-20,43250,143.0
2019-20,43252,
2019-20,43670,116.0
2019-20,44346,45.0
2019-20,44683,108.0
2019-20,44699,96.0
2019-20,45268,298.0
2019-20,47247,375.0
2019-20,47390,193.0
2019-20,47431,311.0
2019-20,48717,
2019-20,49083,45.0
2019-20,49384,
2019-20,49413,257.0
2019-20,49579,68.0
2019-20,50093,
2019-20,50175,38.0
2019-20,50232,375.0
2019-20,50471,536.0
2019-20,50472,249.0
2019-20,51927,603.0
2019-20,51938,111.0
2019-20,51940,397.0
2019-20,52940,100.0
2019-20,54102,17.0
2019-20,54469,343.0
2019-20,54484,382.0
2019-20,54694,216.0
2019-20,54861,122.0
2019-20,55037,337.0
2019-20,55422,328.0
2019-20,55459,703.0
2019-20,55494,497.0
2019-20,55605,660.0
2019-20,56377,96.0
2019-20,56872,81.0
2019-20,56917,503.0
2019-20,56979,541.0
2019-20,56983,203.0
2019-20,57127,58.0
2019-20,57145,497.0
2019-20,57249,16.0
2019-20,57410,367.0
2019-20,57513,
2019-20,57531,126.0
2019-20,58376,601.0
2019-20,58498,4.0
2019-20,58621,482.0
2019-20,58786,296.0
2019-20,58822,258.0
2019-20,58845,150.0
2019-20,58893,24.0
2019-20,59125,20.0
2019-20,59735,
2019-20,59859,400.0
2019-20,59949,340.0
2019-20,59966,112.0
2019-20,60232,366.0
2019-20,60252,124.0
2019-20,60307,260.0
2019-20,60551,591.0
2019-20,60586,35.0
2019-20,60689,112.0
2019-20,60706,132.0
2019-20,60914,175.0
2019-20,61366,522.0
2019-20,61566,133.0
2019-20,61603,60.0
2019-20,61604,1.0
2019-20,61933,234.0
2019-20,62398,386.0
2019-20,62974,107.0
2019-20,63426,571.0
2019-20,66242,612.0
2019-20,66838,25.0
2019-20,66975,497.0
2019-20,67089,791.0
2019-20,68312,25.0
2019-20,68983,270.0
2019-20,69140,330.0
2019-20,71738,147.0
2019-20,73426,31.0
2019-20,74208,310.0
2019-20,74230,527.0
2019-20,74375,37.0
2019-20,74471,344.0
2019-20,74854,38.0
2019-20,75115,152.0
2019-20,76306,66.0
2019-20,76359,44.0
2019-20,77359,100.0
2019-20,78007,122.0
2019-20,78056,354.0
2019-20,78607,647.0
2019-20,78830,169.0
2019-20,78916,699.0
2019-20,79852,1.0
2019-20,79934,698.0
2019-20,80146,190.0
2019-20,80201,408.0
2019-20,80226,446.0
2019-20,80447,112.0
2019-20,81012,359.0
2019-20,81048,21.0
2019-20,81183,14.0
2019-20,81880,161.0
2019-20,82263,288.0
2019-20,82403,236.0
2019-20,82691,424.0
2019-20,83283,284.0
2019-20,83299,749.0
2019-20,83312,
2019-20,83427,107.0
2019-20,83428,244.0
2019-20,84384,142.0
2019-20,84450,531.0
2019-20,84939,234.0
2019-20,85242,190.0
2019-20,85624,307.0
2019-20,85955,649.0
2019-20,85971,155.0
2019-20,86153,330.0
2019-20,86417,122.0
2019-20,86881,53.0
2019-20,86934,187.0
2019-20,87121,
2019-20,87396,151.0
2019-20,87447,28.0
2019-20,87835,583.0
2019-20,88175,
2019-20,88894,125.0
2019-20,88900,609.0
2019-20,89085,131.0
2019-20,89274,36.0
2019-20,89470,68.0
2019-20,90440,177.0
2019-20,90517,52.0
2019-20,90518,3.0
2019-20,90585,463.0
2019-20,91047,160.0
2019-20,91651,483.0
2019-20,92217,262.0
2019-20,92371,37.0
2019-20,93100,343.0
2019-20,93264,339.0
2019-20,93284,2.0
2019-20,94147,624.0
2019-20,94245,11.0
2019-20,94924,125.0
2019-20,95463,
2019-20,95658,799.0
2019-20,95715,224.0
2019-20,96767,6.0
2019-20,97032,940.0
2019-20,97299,281.0
2019-20,98745,205.0
2019-20,98747,912.0
2019-20,98770,122.0
2019-20,98980,123.0
2019-20,100649,161.0
2019-20,101061,
2019-20,101148,297.0
2019-20,101178,551.0
2019-20,101184,293.0
2019-20,101188,577.0
2019-20,101537,224.0
2019-20,101582,441.0
2019-20,101668,76.0
2019-20,102057,238.0
2019-20,102380,484.0
2019-20,102747,350.0
2019-20,102826,217.0
2019-20,102884,287.0
2019-20,103025,164.0
2019-20,103123,219.0
2019-20,103192,624.0
2019-20,103914,345.0
2019-20,103955,190.0
2019-20,104547,31.0
2019-20,104953,41.0
2019-20,105717,215.0
2019-20,106611,547.0
2019-20,106618,254.0
2019-20,106760,368.0
2019-20,106837,145.0
2019-20,107265,191.0
2019-20,107613,798.0
2019-20,108156,232.0
2019-20,108413,325.0
2019-20,108416,465.0
2019-20,108823,231.0
2019-20,109322,81.0
2019-20,109345,134.0
2019-20,109528,204.0
2019-20,109533,216.0
2019-20,109745,385.0
2019-20,110735,782.0
2019-20,110979,226.0
2019-20,111234,826.0
2019-20,111317,52.0
2019-20,111457,325.0
2019-20,111773,153.0
2019-20,111931,592.0
2019-20,113534,
2019-20,113564,232.0
2019-20,114128,359.0
2019-20,114283,389.0
2019-20,115382,115.0
2019-20,115556,329.0
2019-20,116216,174.0
2019-20,116535,344.0
2019-20,116543,50.0
2019-20,116594,305.0
2019-20,116643,380.0
2019-20,118748,189.0
2019-20,119471,370.0
2019-20,120250,229.0
2019-20,121145,283.0
2019-20,121160,375.0
2019-20,121599,479.0
2019-20,122798,773.0
2019-20,122806,195.0
2019-20,123354,387.0
2019-20,124165,3.0
2019-20,126184,468.0
2019-20,126187,21.0
2019-20,126407,81.0
2019-20,128198,83.0
2019-20,131897,619.0
2019-20,132015,672.0
2019-20,135363,365.0
2019-20,135720,56.0
2019-20,141020,57.0
2019-20,141746,268.0
2019-20,146610,762.0
2019-20,146941,414.0
2019-20,147612,2.0
2019-20,148225,161.0
2019-20,148508,96.0
2019-20,149484,577.0
2019-20,151119,88.0
2019-20,151589,356.0
2019-20,152551,501.0
2019-20,152760,33.0
2019-20,153127,240.0
2019-20,153133,177.0
2019-20,153682,151.0
2019-20,153723,300.0
2019-20,154043,323.0
2019-20,154131,278.0
2019-20,154566,132.0
2019-20,155408,244.0
2019-20,155651,385.0
2019-20,156074,106.0
2019-20,156689,205.0
2019-20,157668,495.0
2019-20,157775,
2019-20,157882,19.0
2019-20,158534,168.0
2019-20,159533,215.0
2019-20,160987,25.0
2019-20,164511,497.0
2019-20,165210,35.0
2019-20,165809,251.0
2019-20,166640,275.0
2019-20,166989,507.0
2019-20,167767,
2019-20,167878,86.0
2019-20,168290,15.0
2019-20,168580,190.0
2019-20,168991,387.0
2019-20,169187,903.0
2019-20,169359,445.0
2019-20,169432,214.0
2019-20,170137,95.0
2019-20,171129,650.0
2019-20,171287,587.0
2019-20,171317,622.0
2019-20,171771,687.0
2019-20,171975,21.0
2019-20,172632,43.0
2019-20,172649,870.0
2019-20,172780,434.0
2019-20,172782,81.0
2019-20,172850,595.0
2019-20,173514,1.0
2019-20,173515,47.0
2019-20,173807,324.0
2019-20,173810,
2019-20,173879,83.0
2019-20,173904,537.0
2019-20,173954,161.0
2019-20,175353,
2019-20,175592,189.0
2019-20,175941,
2019-20,176297,205.0
2019-20,176413,132.0
2019-20,177815,163.0
2019-20,178186,65.0
2019-20,178304,34.0
2019-20,179018,218.0
2019-20,179456,
2019-20,180135,186.0
2019-20,180804,41.0
2019-20,180974,184.0
2019-20,181008,3.0
2019-20,182539,309.0
2019-20,183487,3.0
2019-20,184341,306.0
2019-20,184349,65.0
2019-20,184667,783.0
2019-20,184704,216.0
2019-20,192303,305.0
2019-20,192895,153.0
2019-20,193111,289.0
2019-20,193488,114.0
2019-20,194126,
2019-20,194164,364.0
2019-20,194252,39.0
2019-20,194401,
2019-20,194634,184.0
2019-20,194794,388.0
2019-20,194799,432.0
2019-20,195064,
2019-20,195471,
2019-20,195473,
2019-20,195546,448.0
2019-20,195735,127.0
2019-20,195774,11.0
2019-20,195851,310.0
2019-20,195855,
2019-20,196118,7.0
2019-20,197365,25.0
2019-20,197464,
2019-20,197469,115.0
2019-20,198044,
2019-20,198826,568.0
2019-20,198849,222.0
2019-20,199584,83.0
2019-20,199798,334.0
2019-20,200088,
2019-20,200089,92.0
2019-20,200439,63.0
2019-20,200600,19.0
2019-20,200617,173.0
2019-20,200641,36.0
2019-20,200720,
2019-20,200826,283.0
2019-20,201084,21.0
2019-20,201666,171.0
2019-20,203341,446.0
2019-20,203368,366.0
2019-20,203389,
2019-20,204480,512.0
2019-20,205533,27.0
2019-20,205651,71.0
2019-20,206325,298.0
2019-20,206915,32.0
2019-20,207189,114.0
2019-20,207300,
2019-20,209037,
2019-20,209042,10.0
2019-20,209043,
2019-20,209046,59.0
2019-20,209244,77.0
2019-20,209289,8.0
2019-20,209362,170.0
2019-20,209925,
2019-20,212319,238.0
2019-20,213056,
2019-20,213280,
2019-20,213345,75.0
2019-20,213405,
2019-20,213482,107.0
2019-20,214048,54.0
2019-20,214466,47.0
2019-20,214470,18.0
2019-20,214572,
2019-20,214590,641.0
2019-20,215066,
2019-20,215136,49.0
2019-20,215407,
2019-20,215439,153.0
2019-20,216051,21.0
2019-20,216054,83.0
2019-20,216058,2.0
2019-20,217331,4.0
2019-20,217401,
2019-20,217487,40.0
2019-20,217593,237.0
2019-20,218023,
2019-20,218031,784.0
2019-20,219924,476.0
2019-20,220037,
2019-20,220307,44.0
2019-20,220394,3.0
2019-20,220566,545.0
2019-20,220598,17.0
2019-20,220627,244.0
2019-20,220688,64.0
2019-20,221239,20.0
2019-20,221272,
2019-20,222017,
2019-20,222018,67.0
2019-20,222434,40.0
2019-20,222531,23.0
2019-20,222625,
2019-20,222627,
2019-20,222677,2.0
2019-20,223175,63.0
2019-20,223332,1.0
2019-20,223340,235.0
2019-20,223349,2.0
2019-20,223911,198.0
2019-20,225321,700.0
2019-20,225796,283.0
2019-20,227127,171.0
2019-20,229600,14.0
2019-20,230046,327.0
2019-20,231372,195.0
2019-20,232185,96.0
2019-20,232233,
2019-20,232241,
2019-20,232361,
2019-20,232667,
2019-20,232792,46.0
2019-20,232826,35.0
2019-20,232928,2.0
2019-20,232937,157.0
2019-20,232957,
2019-20,232977,2.0
2019-20,232980,476.0
2019-20,233425,23.0
2019-20,233849,
2019-20,234720,
2019-20,234908,21.0
2019-20,235382,143.0
2019-20,235530,83.0
2019-20,235599,
2019-20,242058,30.0
2019-20,242166,325.0
2019-20,243016,26.0
2019-20,243568,40.0
2019-20,243710,
2019-20,244619,
2019-20,244723,48.0
2019-20,244851,
2019-20,245719,
2019-20,245923,
2019-20,247632,54.0
2019-20,250604,
2019-20,428610,1.0
2019-20,431131,75.0
2019-20,432656,216.0
2019-20,432735,8.0
2019-20,432793,
2019-20,433154,290.0
2019-20,439485,2.0
2019-20,440323,
2019-20,441271,
2019-20,444145,34.0
2019-20,444183,
2019-20,444253,
2019-20,444884,3.0
2019-20,447235,
2019-20,447879,
2019-20,448791,
2019-20,449781,
2019-20,449974,
2019-20,459373,
2019-20,461017,
2019-20,461102,
2019-20,461195,
2019-20,461450,
2019-20,466955,1.0
2019-20,474003,
2019-20,475168,3.0
2019-20,480455,72.0
2020-21,6744,
2020-21,7645,91.0
2020-21,11948,
2020-21,15033,5.0
2020-21,15157,267.0
2020-21,15749,
2020-21,17601,5.0
2020-21,17745,498.0
2020-21,17761,611.0
2020-21,17997,58.0
2020-21,18073,105.0
2020-21,18867,23.0
2020-21,18987,46.0
2020-21,19188,327.0
2020-21,19194,
2020-21,19236,7.0
2020-21,19419,315.0
2020-21,19624,450.0
2020-21,20066,
2020-21,20310,14.0
2020-21,20467,117.0
2020-21,21205,
2020-21,27436,253.0
2020-21,27789,297.0
2020-21,28690,146.0
2020-21,32259,49.0
2020-21,36903,97.0
2020-21,37096,667.0
2020-21,37339,184.0
2020-21,37402,212.0
2020-21,37572,31.0
2020-21,37642,643.0
2020-21,37915,527.0
2020-21,38533,441.0
2020-21,38588,26.0
2020-21,38716,37.0
2020-21,39155,249.0
2020-21,39487,197.0
2020-21,39790,37.0
2020-21,40142,46.0
2020-21,40145,143.0
2020-21,40146,442.0
2020-21,40383,181.0
2020-21,40386,363.0
2020-21,40559,
2020-21,40669,340.0
2020-21,40720,44.0
2020-21,40784,40.0
2020-21,40836,725.0
2020-21,40845,33.0
2020-21,41135,106.0
2020-21,41270,361.0
2020-21,41328,728.0
2020-21,41674,120.0
2020-21,41733,339.0
2020-21,41823,50.0
2020-21,42427,106.0
2020-21,42525,
2020-21,43670,59.0
2020-21,44346,30.0
2020-21,44683,61.0
2020-21,44699,98.0
2020-21,45268,204.0
2020-21,47247,418.0
2020-21,47390,3.0
2020-21,47431,110.0
2020-21,49262,
2020-21,49413,83.0
2020-21,49440,22.0
2020-21,49944,141.0
2020-21,49957,14.0
2020-21,50093,28.0
2020-21,50175,44.0
2020-21,50229,158.0
2020-21,50232,486.0
2020-21,50471,262.0
2020-21,50472,113.0
2020-21,51090,606.0
2020-21,51927,542.0
2020-21,51938,252.0
2020-21,51940,263.0
2020-21,54694,151.0
2020-21,54861,161.0
2020-21,55037,562.0
2020-21,55422,206.0
2020-21,55459,890.0
2020-21,55494,447.0
2020-21,55605,502.0
2020-21,55914,540.0
2020-21,56377,36.0
2020-21,56979,573.0
2020-21,56983,182.0
2020-21,57145,336.0
2020-21,57328,218.0
2020-21,57531,93.0
2020-21,58376,589.0
2020-21,58621,498.0
2020-21,58786,2.0
2020-21,58822,160.0
2020-21,58845,317.0
2020-21,59125,
2020-21,59735,518.0
2020-21,59859,315.0
2020-21,59940,342.0
2020-21,59949,233.0
2020-21,59966,97.0
2020-21,60025,239.0
2020-21,60232,304.0
2020-21,60252,246.0
2020-21,60307,395.0
2020-21,60551,753.0
2020-21,60586,110.0
2020-21,60689,162.0
2020-21,60706,32.0
2020-21,60914,165.0
2020-21,61366,358.0
2020-21,61558,477.0
2020-21,61600,244.0
2020-21,62398,291.0
2020-21,62974,66.0
2020-21,63426,519.0
2020-21,66242,34.0
2020-21,66588,990.0
2020-21,66975,496.0
2020-21,67089,196.0
2020-21,68312,96.0
2020-21,68983,620.0
2020-21,72222,427.0
2020-21,72681,72.0
2020-21,73314,39.0
2020-21,74208,359.0
2020-21,74230,416.0
2020-21,75115,70.0
2020-21,76357,105.0
2020-21,78007,14.0
2020-21,78056,351.0
2020-21,78830,291.0
2020-21,78916,409.0
2020-21,79852,
2020-21,79934,431.0
2020-21,80146,145.0
2020-21,80201,480.0
2020-21,80226,289.0
2020-21,80954,144.0
2020-21,81012,82.0
2020-21,81183,34.0
2020-21,81441,
2020-21,81880,34.0
2020-21,82143,
2020-21,82263,166.0
2020-21,82403,152.0
2020-21,82514,169.0
2020-21,82691,302.0
2020-21,83283,189.0
2020-21,83299,672.0
2020-21,83314,156.0
2020-21,83427,163.0
2020-21,84182,472.0
2020-21,84450,658.0
2020-21,84915,83.0
2020-21,84939,144.0
2020-21,85955,434.0
2020-21,85971,181.0
2020-21,86417,137.0
2020-21,86881,228.0
2020-21,86934,100.0
2020-21,87835,234.0
2020-21,87873,650.0
2020-21,88894,169.0
2020-21,88900,420.0
2020-21,90105,57.0
2020-21,90517,121.0
2020-21,90585,448.0
2020-21,91047,344.0
2020-21,91651,420.0
2020-21,92217,283.0
2020-21,92371,200.0
2020-21,93100,731.0
2020-21,93264,712.0
2020-21,93284,
2020-21,94147,592.0
2020-21,94245,35.0
2020-21,95463,
2020-21,95658,795.0
2020-21,95715,149.0
2020-21,96994,231.0
2020-21,97032,103.0
2020-21,97299,519.0
2020-21,98745,329.0
2020-21,98747,758.0
2020-21,98980,770.0
2020-21,100649,62.0
2020-21,101105,147.0
2020-21,101148,246.0
2020-21,101178,657.0
2020-21,101184,185.0
2020-21,101188,506.0
2020-21,101394,198.0
2020-21,101582,523.0
2020-21,101668,69.0
2020-21,101982,915.0
2020-21,102057,60.0
2020-21,102380,491.0
2020-21,102826,115.0
2020-21,103025,164.0
2020-21,103192,525.0
2020-21,103914,463.0
2020-21,103955,141.0
2020-21,104547,21.0
2020-21,105377,540.0
2020-21,105666,18.0
2020-21,105717,144.0
2020-21,106611,659.0
2020-21,106617,89.0
2020-21,106618,285.0
2020-21,106760,523.0
2020-21,106837,67.0
2020-21,107613,683.0
2020-21,108053,438.0
2020-21,108156,
2020-21,108416,403.0
2020-21,108813,
2020-21,108823,79.0
2020-21,109322,180.0
2020-21,109345,216.0
2020-21,109434,19.0
2020-21,109528,125.0
2020-21,109533,20.0
2020-21,109638,236.0
2020-21,109646,682.0
2020-21,109745,89.0
2020-21,110504,162.0
2020-21,110735,788.0
2020-21,110979,179.0
2020-21,111234,695.0
2020-21,111291,104.0
2020-21,111478,568.0
2020-21,111773,246.0
2020-21,111782,124.0
2020-21,111931,132.0
2020-21,114128,66.0
2020-21,114243,219.0
2020-21,114283,315.0
2020-21,115382,133.0
2020-21,115556,276.0
2020-21,115918,5.0
2020-21,116216,226.0
2020-21,116535,404.0
2020-21,116594,403.0
2020-21,116643,603.0
2020-21,118748,210.0
2020-21,119471,283.0
2020-21,119765,330.0
2020-21,120250,230.0
2020-21,121145,492.0
2020-21,121160,446.0
2020-21,121599,286.0
2020-21,122775,40.0
2020-21,122798,811.0
2020-21,122806,496.0
2020-21,123354,99.0
2020-21,124183,195.0
2020-21,126184,243.0
2020-21,126187,180.0
2020-21,128389,67.0
2020-21,131897,176.0
2020-21,132015,887.0
2020-21,135363,358.0
2020-21,141746,627.0
2020-21,146426,487.0
2020-21,146610,40.0
2020-21,146941,434.0
2020-21,148225,80.0
2020-21,148508,68.0
2020-21,149484,814.0
2020-21,149915,218.0
2020-21,151086,260.0
2020-21,151589,325.0
2020-21,152590,185.0
2020-21,152760,10.0
2020-21,152898,
2020-21,153127,258.0
2020-21,153133,155.0
2020-21,153256,228.0
2020-21,153366,429.0
2020-21,153723,262.0
2020-21,154043,223.0
2020-21,155197,56.0
2020-21,155405,367.0
2020-21,155529,19.0
2020-21,155569,158.0
2020-21,156074,617.0
2020-21,157668,214.0
2020-21,157882,100.0
2020-21,158534,422.0
2020-21,159506,619.0
2020-21,159533,163.0
2020-21,160987,4.0
2020-21,164011,72.0
2020-21,164484,9.0
2020-21,164511,389.0
2020-21,164555,682.0
2020-21,165153,155.0
2020-21,165210,46.0
2020-21,165808,80.0
2020-21,165809,219.0
2020-21,166324,141.0
2020-21,166477,415.0
2020-21,166640,247.0
2020-21,166989,763.0
2020-21,167074,314.0
2020-21,167199,362.0
2020-21,167473,1.0
2020-21,167878,244.0
2020-21,168399,53.0
2020-21,168580,128.0
2020-21,168765,35.0
2020-21,169187,934.0
2020-21,169359,803.0
2020-21,169432,161.0
2020-21,169528,371.0
2020-21,170137,96.0
2020-21,171287,172.0
2020-21,171314,719.0
2020-21,171317,562.0
2020-21,171771,833.0
2020-21,171975,86.0
2020-21,172649,141.0
2020-21,172780,283.0
2020-21,172782,334.0
2020-21,172841,124.0
2020-21,172850,502.0
2020-21,173515,85.0
2020-21,173807,198.0
2020-21,173818,
2020-21,173821,137.0
2020-21,173879,44.0
2020-21,173904,336.0
2020-21,173954,189.0
2020-21,174593,11.0
2020-21,174874,731.0
2020-21,175592,102.0
2020-21,176297,233.0
2020-21,176413,150.0
2020-21,176420,433.0
2020-21,177815,169.0
2020-21,178186,142.0
2020-21,178301,179.0
2020-21,178304,9.0
2020-21,179018,224.0
2020-21,179830,89.0
2020-21,180135,156.0
2020-21,180184,60.0
2020-21,180294,46.0
2020-21,180804,81.0
2020-21,180974,115.0
2020-21,182436,
2020-21,182539,338.0
2020-21,184029,112.0
2020-21,184259,
2020-21,184341,456.0
2020-21,184667,655.0
2020-21,184704,81.0
2020-21,192895,390.0
2020-21,193488,135.0
2020-21,193645,262.0
2020-21,194164,434.0
2020-21,194252,78.0
2020-21,194634,105.0
2020-21,194799,281.0
2020-21,195471,
2020-21,195473,43.0
2020-21,195480,16.0
2020-21,195735,112.0
2020-21,195851,403.0
2020-21,197365,197.0
2020-21,197464,400.0
2020-21,197469,52.0
2020-21,197937,36.0
2020-21,198044,
2020-21,198826,431.0
2020-21,198869,700.0
2020-21,199249,393.0
2020-21,199584,81.0
2020-21,199598,395.0
2020-21,199796,444.0
2020-21,199798,391.0
2020-21,200088,9.0
2020-21,200089,103.0
2020-21,200402,545.0
2020-21,200439,144.0
2020-21,200600,153.0
2020-21,200617,52.0
2020-21,200641,4.0
2020-21,200720,21.0
2020-21,200826,187.0
2020-21,201666,156.0
2020-21,203325,409.0
2020-21,203341,358.0
2020-21,203389,29.0
2020-21,204480,454.0
2020-21,204676,14.0
2020-21,205533,13.0
2020-21,205651,83.0
2020-21,206325,403.0
2020-21,206915,205.0
2020-21,207189,108.0
2020-21,209046,122.0
2020-21,209244,128.0
2020-21,209288,
2020-21,209289,144.0
2020-21,210407,286.0
2020-21,212319,182.0
2020-21,213345,
2020-21,214048,295.0
2020-21,214225,126.0
2020-21,214285,1.0
2020-21,214466,14.0
2020-21,214590,672.0
2020-21,215059,500.0
2020-21,215136,58.0
2020-21,215379,
2020-21,215439,581.0
2020-21,215460,34.0
2020-21,216616,490.0
2020-21,217401,29.0
2020-21,217593,312.0
2020-21,218023,58.0
2020-21,218031,484.0
2020-21,219265,
2020-21,219291,
2020-21,219352,234.0
2020-21,219847,150.0
2020-21,219924,231.0
2020-21,219937,137.0
2020-21,219961,261.0
2020-21,220037,99.0
2020-21,220394,
2020-21,220566,596.0
2020-21,220598,2.0
2020-21,220627,345.0
2020-21,220688,109.0
2020-21,221239,16.0
2020-21,221272,
2020-21,221399,276.0
2020-21,221610,43.0
2020-21,222017,
2020-21,222018,84.0
2020-21,222531,43.0
2020-21,222627,10.0
2020-21,222694,420.0
2020-21,223175,39.0
2020-21,223332,
2020-21,223335,
2020-21,223340,228.0
2020-21,223824,
2020-21,224444,61.0
2020-21,225321,886.0
2020-21,225796,395.0
2020-21,226182,111.0
2020-21,226597,544.0
2020-21,227127,381.0
2020-21,228286,341.0
2020-21,228798,28.0
2020-21,230046,376.0
2020-21,230127,2.0
2020-21,231372,323.0
2020-21,231747,13.0
2020-21,232229,
2020-21,232361,
2020-21,232398,
2020-21,232413,314.0
2020-21,232653,57.0
2020-21,232787,251.0
2020-21,232792,92.0
2020-21,232797,6.0
2020-21,232829,
2020-21,232881,3.0
2020-21,232937,54.0
2020-21,233425,12.0
2020-21,233489,
2020-21,235382,78.0
2020-21,235640,
2020-21,240143,151.0
2020-21,243016,103.0
2020-21,243343,
2020-21,243505,82.0
2020-21,243568,50.0
2020-21,244619,172.0
2020-21,244723,382.0
2020-21,244848,
2020-21,244851,
2020-21,244858,20.0
2020-21,245824,12.0
2020-21,245923,
2020-21,247632,149.0
2020-21,248937,
2020-21,250370,
2020-21,250604,19.0
2020-21,421796,6.0
2020-21,422306,
2020-21,422612,
2020-21,430367,1.0
2020-21,431019,
2020-21,431131,109.0
2020-21,432656,78.0
2020-21,432720,
2020-21,432927,
2020-21,432931,3.0
2020-21,433019,
2020-21,433154,311.0
2020-21,433590,
2020-21,437495,400.0
2020-21,437688,
2020-21,437858,53.0
2020-21,438277,177.0
2020-21,439242,
2020-21,439482,
2020-21,439510,
2020-21,440241,
2020-21,440993,
2020-21,441191,
2020-21,441271,109.0
2020-21,442229,
2020-21,443296,
2020-21,444145,32.0
2020-21,444463,526.0
2020-21,444575,
2020-21,445896,
2020-21,447093,1.0
2020-21,447325,
2020-21,447372,
2020-21,447373,
2020-21,448487,
2020-21,448514,193.0
2020-21,449434,9.0
2020-21,449781,2.0
2020-21,449926,
2020-21,449988,70.0
2020-21,450070,
2020-21,450527,146.0
2020-21,450542,
2020-21,455084,9.0
2020-21,456966,4.0
2020-21,461096,
2020-21,461212,
2020-21,461446,
2020-21,461450,
2020-21,461533,
2020-21,461566,
2020-21,461585,
2020-21,462384,
2020-21,462635,
2020-21,463034,
2020-21,463912,
2020-21,465299,
2020-21,465390,
2020-21,465527,1.0
2020-21,465551,
2020-21,465572,
2020-21,467114,
2020-21,470255,
2020-21,471848,
2020-21,472464,
2020-21,474907,
2020-21,478449,
2020-21,478912,1.0
2020-21,480818,
2020-21,481371,
2020-21,481624,2.0
2020-21,481626,
2020-21,486672,
2020-21,486870,
2020-21,487836,
2020-21,490094,
2020-21,490138,
2020-21,490145,
2020-21,490721,
2020-21,491559,
2020-21,492066,5.0
2020-21,492373,
2020-21,492374,
2020-21,493250,17.0
2020-21,495542,9.0
2020-21,496179,
2020-21,505265,
2020-21,513789,
2020-21,523700,3.0
2020-21,531076,
2020-21,538207,
2021-22,9089,695.0
2021-22,11948,
2021-22,11974,
2021-22,14937,140.0
2021-22,15157,234.0
2021-22,17349,85.0
2021-22,17601,
2021-22,17745,578.0
2021-22,17761,594.0
2021-22,17997,
2021-22,18073,91.0
2021-22,18499,
2021-22,18892,202.0
2021-22,19236,14.0
2021-22,19624,478.0
2021-22,19838,
2021-22,20066,65.0
2021-22,20310,43.0
2021-22,20452,19.0
2021-22,20467,22.0
2021-22,20480,515.0
2021-22,21205,
2021-22,27789,222.0
2021-22,32259,
2021-22,37096,576.0
2021-22,37642,391.0
2021-22,37915,362.0
2021-22,38290,129.0
2021-22,39155,257.0
2021-22,39487,118.0
2021-22,40145,226.0
2021-22,40146,65.0
2021-22,40349,64.0
2021-22,40383,358.0
2021-22,40387,17.0
2021-22,40669,152.0
2021-22,40720,29.0
2021-22,40836,336.0
2021-22,40845,15.0
2021-22,41328,623.0
2021-22,41338,334.0
2021-22,41674,38.0
2021-22,41823,91.0
2021-22,43250,198.0
2021-22,43670,45.0
2021-22,44683,101.0
2021-22,44699,62.0
2021-22,45268,414.0
2021-22,48760,124.0
2021-22,49262,8.0
2021-22,49413,79.0
2021-22,50175,58.0
2021-22,50232,302.0
2021-22,50471,272.0
2021-22,51090,926.0
2021-22,51927,361.0
2021-22,51938,170.0
2021-22,51940,407.0
2021-22,52775,16.0
2021-22,54484,439.0
2021-22,54861,67.0
2021-22,55037,268.0
2021-22,55459,802.0
2021-22,55494,623.0
2021-22,55914,443.0
2021-22,56377,21.0
2021-22,56979,619.0
2021-22,56983,240.0
2021-22,57127,87.0
2021-22,57134,53.0
2021-22,57145,88.0
2021-22,57328,246.0
2021-22,57513,33.0
2021-22,57531,148.0
2021-22,58376,293.0
2021-22,58621,469.0
2021-22,58786,
2021-22,58822,312.0
2021-22,58845,148.0
2021-22,59735,166.0
2021-22,59859,242.0
2021-22,59949,446.0
2021-22,59966,97.0
2021-22,60232,477.0
2021-22,60252,131.0
2021-22,60307,328.0
2021-22,60551,466.0
2021-22,60586,100.0
2021-22,60689,257.0
2021-22,60706,
2021-22,60914,806.0
2021-22,61366,376.0
2021-22,61558,398.0
2021-22,61810,509.0
2021-22,61933,319.0
2021-22,62398,332.0
2021-22,66588,667.0
2021-22,66749,64.0
2021-22,66838,
2021-22,66975,128.0
2021-22,67089,539.0
2021-22,68983,336.0
2021-22,69143,273.0
2021-22,72222,346.0
2021-22,74208,247.0
2021-22,75115,37.0
2021-22,76306,100.0
2021-22,76359,29.0
2021-22,77794,113.0
2021-22,78007,123.0
2021-22,78056,478.0
2021-22,78607,374.0
2021-22,78830,291.0
2021-22,78916,482.0
2021-22,79852,21.0
2021-22,80146,136.0
2021-22,80179,243.0
2021-22,80201,64.0
2021-22,80607,199.0
2021-22,80954,215.0
2021-22,81012,40.0
2021-22,81183,17.0
2021-22,81441,
2021-22,81880,100.0
2021-22,82263,381.0
2021-22,82403,209.0
2021-22,83283,243.0
2021-22,83299,653.0
2021-22,83312,591.0
2021-22,83314,2.0
2021-22,83428,418.0
2021-22,84182,28.0
2021-22,84450,509.0
2021-22,84583,182.0
2021-22,84939,87.0
2021-22,85242,
2021-22,85624,179.0
2021-22,85955,520.0
2021-22,85971,184.0
2021-22,86417,221.0
2021-22,86881,111.0
2021-22,86934,283.0
2021-22,87835,102.0
2021-22,87873,587.0
2021-22,88894,22.0
2021-22,88900,193.0
2021-22,89335,63.0
2021-22,90105,109.0
2021-22,90152,335.0
2021-22,90585,266.0
2021-22,91047,170.0
2021-22,91651,299.0
2021-22,92217,106.0
2021-22,92371,30.0
2021-22,93100,125.0
2021-22,93264,812.0
2021-22,93284,
2021-22,94147,465.0
2021-22,95463,8.0
2021-22,95658,567.0
2021-22,95715,222.0
2021-22,96787,215.0
2021-22,97032,943.0
2021-22,97299,284.0
2021-22,98745,
2021-22,98747,855.0
2021-22,98980,499.0
2021-22,101148,265.0
2021-22,101178,558.0
2021-22,101184,236.0
2021-22,101188,488.0
2021-22,101582,408.0
2021-22,101668,43.0
2021-22,102057,186.0
2021-22,102380,872.0
2021-22,102826,33.0
2021-22,103025,128.0
2021-22,103192,335.0
2021-22,103914,477.0
2021-22,103955,121.0
2021-22,104547,1.0
2021-22,105666,114.0
2021-22,105717,133.0
2021-22,106611,562.0
2021-22,106617,17.0
2021-22,106618,26.0
2021-22,106760,354.0
2021-22,106837,
2021-22,107265,145.0
2021-22,107613,937.0
2021-22,108413,153.0
2021-22,108823,102.0
2021-22,109322,41.0
2021-22,109345,175.0
2021-22,109528,156.0
2021-22,109533,
2021-22,109745,46.0
2021-22,110504,19.0
2021-22,110735,540.0
2021-22,110979,214.0
2021-22,111234,823.0
2021-22,111291,222.0
2021-22,111478,721.0
2021-22,111773,291.0
2021-22,111782,25.0
2021-22,111931,167.0
2021-22,113564,170.0
2021-22,114128,144.0
2021-22,114243,187.0
2021-22,114283,176.0
2021-22,115382,112.0
2021-22,115556,605.0
2021-22,116216,259.0
2021-22,116535,508.0
2021-22,116594,373.0
2021-22,116643,418.0
2021-22,118748,217.0
2021-22,119471,528.0
2021-22,119765,362.0
2021-22,120202,125.0
2021-22,120250,105.0
2021-22,121145,967.0
2021-22,121160,389.0
2021-22,121570,
2021-22,121599,306.0
2021-22,122074,
2021-22,122775,57.0
2021-22,122798,630.0
2021-22,122806,479.0
2021-22,123354,83.0
2021-22,124183,192.0
2021-22,126184,311.0
2021-22,126187,221.0
2021-22,128295,602.0
2021-22,131304,241.0
2021-22,132015,710.0
2021-22,135363,437.0
2021-22,141746,562.0
2021-22,144485,286.0
2021-22,146941,890.0
2021-22,148225,14.0
2021-22,148508,1.0
2021-22,149065,509.0
2021-22,149484,699.0
2021-22,149519,66.0
2021-22,149915,498.0
2021-22,151589,154.0
2021-22,152590,417.0
2021-22,152760,8.0
2021-22,153127,104.0
2021-22,153133,224.0
2021-22,153256,130.0
2021-22,153673,167.0
2021-22,154043,50.0
2021-22,154138,1.0
2021-22,154506,223.0
2021-22,154561,654.0
2021-22,155405,292.0
2021-22,155503,71.0
2021-22,155511,58.0
2021-22,155569,480.0
2021-22,155651,212.0
2021-22,156074,157.0
2021-22,156683,
2021-22,156689,
2021-22,157668,191.0
2021-22,157775,69.0
2021-22,157882,13.0
2021-22,158534,402.0
2021-22,159533,53.0
2021-22,160987,6.0
2021-22,162651,265.0
2021-22,164484,16.0
2021-22,164511,145.0
2021-22,164555,544.0
2021-22,165153,61.0
2021-22,165808,
2021-22,165809,363.0
2021-22,166477,396.0
2021-22,166989,540.0
2021-22,167199,351.0
2021-22,167767,10.0
2021-22,168399,
2021-22,168580,45.0
2021-22,169187,898.0
2021-22,169359,571.0
2021-22,169593,
2021-22,170137,152.0
2021-22,171099,374.0
2021-22,171270,102.0
2021-22,171287,77.0
2021-22,171314,615.0
2021-22,171317,500.0
2021-22,171771,564.0
2021-22,172632,127.0
2021-22,172649,
2021-22,172780,302.0
2021-22,172782,397.0
2021-22,172841,173.0
2021-22,172850,71.0
2021-22,173515,80.0
2021-22,173807,34.0
2021-22,173818,
2021-22,173821,86.0
2021-22,173904,385.0
2021-22,173954,13.0
2021-22,174874,803.0
2021-22,174932,298.0
2021-22,175592,207.0
2021-22,176296,3.0
2021-22,176297,83.0
2021-22,176413,95.0
2021-22,177815,82.0
2021-22,178186,160.0
2021-22,178301,145.0
2021-22,179018,133.0
2021-22,179268,659.0
2021-22,179276,315.0
2021-22,180135,186.0
2021-22,180151,38.0
2021-22,180184,89.0
2021-22,180736,448.0
2021-22,180804,80.0
2021-22,180974,254.0
2021-22,182436,
2021-22,183656,29.0
2021-22,184029,403.0
2021-22,184341,313.0
2021-22,184349,94.0
2021-22,184667,455.0
2021-22,184704,123.0
2021-22,184754,114.0
2021-22,189627,220.0
2021-22,191866,389.0
2021-22,192290,277.0
2021-22,192303,38.0
2021-22,192895,322.0
2021-22,193111,37.0
2021-22,193488,32.0
2021-22,193645,263.0
2021-22,194010,405.0
2021-22,194164,400.0
2021-22,194252,31.0
2021-22,194634,201.0
2021-22,194799,36.0
2021-22,195546,235.0
2021-22,195728,
2021-22,195735,56.0
2021-22,195851,378.0
2021-22,197365,40.0
2021-22,197464,
2021-22,197469,47.0
2021-22,198044,
2021-22,198826,309.0
2021-22,198869,672.0
2021-22,199249,231.0
2021-22,199584,110.0
2021-22,199670,91.0
2021-22,199796,489.0
2021-22,199798,360.0
2021-22,200089,157.0
2021-22,200402,327.0
2021-22,200439,126.0
2021-22,200600,170.0
2021-22,200617,130.0
2021-22,200641,3.0
2021-22,200720,20.0
2021-22,200826,32.0
2021-22,201666,179.0
2021-22,202993,219.0
2021-22,203341,295.0
2021-22,203368,
2021-22,203389,56.0
2021-22,204480,583.0
2021-22,204580,341.0
2021-22,204676,
2021-22,204716,286.0
2021-22,204727,169.0
2021-22,205533,38.0
2021-22,205651,98.0
2021-22,205836,67.0
2021-22,206325,287.0
2021-22,206915,144.0
2021-22,207283,227.0
2021-22,208706,129.0
2021-22,208973,56.0
2021-22,209036,858.0
2021-22,209042,223.0
2021-22,209045,5.0
2021-22,209046,77.0
2021-22,209243,173.0
2021-22,209244,144.0
2021-22,209288,
2021-22,209289,164.0
2021-22,209418,
2021-22,212319,136.0
2021-22,212325,306.0
2021-22,212721,179.0
2021-22,212723,112.0
2021-22,213345,1.0
2021-22,213482,67.0
2021-22,213687,95.0
2021-22,214048,658.0
2021-22,214225,14.0
2021-22,214285,181.0
2021-22,214466,13.0
2021-22,214572,
2021-22,214590,350.0
2021-22,215059,666.0
2021-22,215136,
2021-22,215379,
2021-22,215413,334.0
2021-22,215439,463.0
2021-22,215476,90.0
2021-22,215610,
2021-22,215711,38.0
2021-22,216051,360.0
2021-22,216620,12.0
2021-22,216646,68.0
2021-22,217593,444.0
2021-22,218031,708.0
2021-22,218997,3.0
2021-22,219352,104.0
2021-22,219847,111.0
2021-22,219924,194.0
2021-22,219937,
2021-22,219961,341.0
2021-22,220394,
2021-22,220566,590.0
2021-22,220627,195.0
2021-22,220682,
2021-22,220684,
2021-22,220686,4.0
2021-22,220688,90.0
2021-22,220695,
2021-22,221239,1.0
2021-22,221399,283.0
2021-22,221610,114.0
2021-22,221632,483.0
2021-22,222017,
2021-22,222018,296.0
2021-22,222531,3.0
2021-22,222564,64.0
2021-22,222694,440.0
2021-22,223081,5.0
2021-22,223337,
2021-22,223340,228.0
2021-22,223723,389.0
2021-22,223824,
2021-22,224967,145.0
2021-22,225000,
2021-22,225321,643.0
2021-22,225702,17.0
2021-22,225796,320.0
2021-22,225902,154.0
2021-22,226597,644.0
2021-22,226956,124.0
2021-22,227127,245.0
2021-22,227560,44.0
2021-22,228044,193.0
2021-22,228286,388.0
2021-22,229415,
2021-22,230046,436.0
2021-22,230251,168.0
2021-22,231065,661.0
2021-22,231372,63.0
2021-22,231747,46.0
2021-22,232185,99.0
2021-22,232223,3.0
2021-22,232245,
2021-22,232247,20.0
2021-22,232351,
2021-22,232391,178.0
2021-22,232413,72.0
2021-22,232423,3.0
2021-22,232620,
2021-22,232653,292.0
2021-22,232787,293.0
2021-22,232792,114.0
2021-22,232826,162.0
2021-22,232937,356.0
2021-22,232980,456.0
2021-22,233425,3.0
2021-22,235382,66.0
2021-22,235546,105.0
2021-22,240143,132.0
2021-22,240514,
2021-22,240796,272.0
2021-22,241157,311.0
2021-22,242058,
2021-22,242183,
2021-22,242510,
2021-22,243016,292.0
2021-22,243505,256.0
2021-22,243568,337.0
2021-22,243571,
2021-22,244560,228.0
2021-22,244619,467.0
2021-22,244716,117.0
2021-22,244723,802.0
2021-22,244731,72.0
2021-22,244851,8.0
2021-22,245419,49.0
2021-22,245923,22.0
2021-22,247632,31.0
2021-22,248164,
2021-22,248853,
2021-22,248865,
2021-22,248937,25.0
2021-22,423649,115.0
2021-22,428580,96.0
2021-22,428610,
2021-22,428626,34.0
2021-22,430992,
2021-22,431131,49.0
2021-22,432160,85.0
2021-22,432711,1.0
2021-22,432714,2.0
2021-22,432735,32.0
2021-22,432830,320.0
2021-22,433138,
2021-22,433154,279.0
2021-22,433589,
2021-22,433590,26.0
2021-22,433979,1.0
2021-22,434044,
2021-22,434662,
2021-22,436234,16.0
2021-22,437495,519.0
2021-22,437626,180.0
2021-22,437742,210.0
2021-22,438277,183.0
2021-22,439482,
2021-22,439509,27.0
2021-22,439510,
2021-22,440120,
2021-22,440148,9.0
2021-22,440323,121.0
2021-22,441024,
2021-22,441191,320.0
2021-22,441192,4.0
2021-22,441271,39.0
2021-22,441428,
2021-22,442229,
2021-22,442335,126.0
2021-22,443629,
2021-22,443661,140.0
2021-22,443967,339.0
2021-22,444145,86.0
2021-22,444463,157.0
2021-22,444880,
2021-22,444884,67.0
2021-22,445044,69.0
2021-22,445548,
2021-22,445550,
2021-22,445896,
2021-22,446008,159.0
2021-22,446281,8.0
2021-22,447325,
2021-22,447715,
2021-22,447880,
2021-22,448482,
2021-22,448496,
2021-22,448514,281.0
2021-22,448791,
2021-22,449434,95.0
2021-22,449444,
2021-22,449988,27.0
2021-22,450070,17.0
2021-22,450527,874.0
2021-22,450529,20.0
2021-22,450539,
2021-22,450542,1.0
2021-22,450544,
2021-22,450550,2.0
2021-22,450553,
2021-22,451310,
2021-22,458297,
2021-22,460029,
2021-22,461026,
2021-22,461080,
2021-22,461096,
2021-22,461102,
2021-22,461201,
2021-22,461421,2.0
2021-22,461446,1.0
2021-22,461508,
2021-22,461529,
2021-22,461558,
2021-22,461567,
2021-22,461587,
2021-22,462381,
2021-22,462384,
2021-22,462635,41.0
2021-22,462831,
2021-22,463034,1.0
2021-22,463748,
2021-22,464618,
2021-22,465299,
2021-22,465390,
2021-22,465527,3.0
2021-22,466404,87.0
2021-22,468243,
2021-22,469249,
2021-22,471471,249.0
2021-22,472464,1.0
2021-22,473342,
2021-22,474907,
2021-22,475168,162.0
2021-22,477547,31.0
2021-22,478028,
2021-22,478912,22.0
2021-22,480455,61.0
2021-22,481405,4.0
2021-22,481624,
2021-22,481626,
2021-22,483365,18.0
2021-22,486672,85.0
2021-22,487117,
2021-22,487835,
2021-22,487838,
2021-22,490094,10.0
2021-22,490145,
2021-22,490161,
2021-22,490503,
2021-22,490721,
2021-22,490887,
2021-22,491551,
2021-22,491556,
2021-22,491559,1.0
2021-22,491785,
2021-22,492373,47.0
2021-22,492374,
2021-22,492777,
2021-22,493105,1.0
2021-22,493250,
2021-22,493928,
2021-22,493934,
2021-22,495542,
2021-22,496179,
2021-22,496185,
2021-22,496228,
2021-22,496661,
2021-22,497605,
2021-22,498046,
2021-22,501468,
2021-22,501770,
2021-22,501837,
2021-22,503300,
2021-22,503301,
2021-22,510362,100.0
2021-22,510363,31.0
2021-22,513852,
2021-22,514229,
2021-22,514356,
2021-22,515501,
2021-22,515597,
2021-22,515599,
2021-22,518504,
2021-22,524196,
2021-22,530873,
2021-22,533719,
2021-22,535339,
2021-22,536110,
2021-22,547701,
2021-22,563883,
2021-22,573808,
2022-23,11948,
2022-23,15157,237.0
2022-23,17601,
2022-23,17761,672.0
2022-23,18507,37.0
2022-23,18892,459.0
2022-23,19624,278.0
2022-23,20066,58.0
2022-23,20310,
2022-23,20467,70.0
2022-23,21205,
2022-23,28411,355.0
2022-23,37096,556.0
2022-23,37642,281.0
2022-23,37915,287.0
2022-23,39155,67.0
2022-23,40349,14.0
2022-23,40383,160.0
2022-23,40669,139.0
2022-23,40836,372.0
2022-23,41328,335.0
2022-23,45034,246.0
2022-23,45124,20.0
2022-23,45220,
2022-23,47431,202.0
2022-23,48760,199.0
2022-23,49262,251.0
2022-23,49413,61.0
2022-23,50175,81.0
2022-23,50232,133.0
2022-23,50471,13.0
2022-23,51090,716.0
2022-23,51927,714.0
2022-23,51938,39.0
2022-23,51940,617.0
2022-23,54469,437.0
2022-23,54694,19.0
2022-23,55037,97.0
2022-23,55459,593.0
2022-23,55494,519.0
2022-23,55914,349.0
2022-23,56872,6.0
2022-23,56917,152.0
2022-23,56979,413.0
2022-23,56983,9.0
2022-23,57328,308.0
2022-23,57531,91.0
2022-23,57647,
2022-23,58376,138.0
2022-23,58621,529.0
2022-23,58771,47.0
2022-23,58822,61.0
2022-23,59735,
2022-23,59859,339.0
2022-23,59949,276.0
2022-23,60232,469.0
2022-23,60307,565.0
2022-23,60689,50.0
2022-23,60706,
2022-23,60914,310.0
2022-23,61256,507.0
2022-23,61366,419.0
2022-23,61558,301.0
2022-23,61810,131.0
2022-23,61933,4.0
2022-23,66588,447.0
2022-23,66975,90.0
2022-23,67089,16.0
2022-23,69752,500.0
2022-23,75115,45.0
2022-23,76357,169.0
2022-23,77794,962.0
2022-23,78315,83.0
2022-23,78830,329.0
2022-23,78916,675.0
2022-23,79602,30.0
2022-23,80146,193.0
2022-23,80179,82.0
2022-23,80201,503.0
2022-23,80226,365.0
2022-23,80607,449.0
2022-23,80801,345.0
2022-23,80954,105.0
2022-23,81012,57.0
2022-23,81205,1.0
2022-23,81441,
2022-23,81880,28.0
2022-23,82403,112.0
2022-23,82514,713.0
2022-23,83299,1029.0
2022-23,84182,47.0
2022-23,84450,439.0
2022-23,84583,103.0
2022-23,84939,86.0
2022-23,85955,476.0
2022-23,85971,167.0
2022-23,86129,564.0
2022-23,86417,303.0
2022-23,86881,84.0
2022-23,86934,49.0
2022-23,88248,72.0
2022-23,88484,100.0
2022-23,88900,232.0
2022-23,89068,9.0
2022-23,89076,307.0
2022-23,90105,27.0
2022-23,90152,377.0
2022-23,90585,131.0
2022-23,91047,169.0
2022-23,91651,376.0
2022-23,92217,150.0
2022-23,92259,46.0
2022-23,93100,
2022-23,93264,694.0
2022-23,94147,435.0
2022-23,95463,348.0
2022-23,95658,174.0
2022-23,95715,20.0
2022-23,96787,205.0
2022-23,96994,260.0
2022-23,97032,836.0
2022-23,97299,397.0
2022-23,98747,436.0
2022-23,98980,635.0
2022-23,101148,39.0
2022-23,101178,577.0
2022-23,101184,96.0
2022-23,101188,286.0
2022-23,101338,105.0
2022-23,101582,229.0
2022-23,101668,69.0
2022-23,101982,119.0
2022-23,102057,43.0
2022-23,103025,140.0
2022-23,103192,286.0
2022-23,103955,133.0
2022-23,104542,
2022-23,106468,186.0
2022-23,106611,246.0
2022-23,106617,86.0
2022-23,106618,
2022-23,106760,745.0
2022-23,106837,74.0
2022-23,108413,107.0
2022-23,108823,2.0
2022-23,109322,72.0
2022-23,109345,263.0
2022-23,109528,9.0
2022-23,109533,216.0
2022-23,109646,522.0
2022-23,109745,365.0
2022-23,110504,15.0
2022-23,110735,667.0
2022-23,111234,870.0
2022-23,111317,21.0
2022-23,111478,537.0
2022-23,111773,
2022-23,111782,72.0
2022-23,111931,107.0
2022-23,114128,269.0
2022-23,114241,158.0
2022-23,114243,110.0
2022-23,114283,168.0
2022-23,115382,38.0
2022-23,115556,476.0
2022-23,116216,224.0
2022-23,116404,258.0
2022-23,116535,544.0
2022-23,116594,87.0
2022-23,116643,453.0
2022-23,118748,266.0
2022-23,119471,808.0
2022-23,120202,52.0
2022-23,120250,
2022-23,120721,32.0
2022-23,121145,303.0
2022-23,121160,486.0
2022-23,121599,159.0
2022-23,122074,
2022-23,122775,2.0
2022-23,122798,634.0
2022-23,122806,303.0
2022-23,124183,111.0
2022-23,126184,690.0
2022-23,126187,200.0
2022-23,128295,286.0
2022-23,128309,
2022-23,128340,84.0
2022-23,128389,128.0
2022-23,132015,591.0
2022-23,133845,1.0
2022-23,140200,
2022-23,141746,633.0
2022-23,144485,279.0
2022-23,146941,304.0
2022-23,147611,22.0
2022-23,148225,71.0
2022-23,149065,591.0
2022-23,149484,739.0
2022-23,149519,17.0
2022-23,149915,140.0
2022-23,151086,174.0
2022-23,151589,87.0
2022-23,152551,590.0
2022-23,153133,457.0
2022-23,153256,9.0
2022-23,153366,334.0
2022-23,153682,86.0
2022-23,154043,247.0
2022-23,154131,45.0
2022-23,154296,345.0
2022-23,154561,1047.0
2022-23,154566,143.0
2022-23,155405,51.0
2022-23,155408,235.0
2022-23,155511,57.0
2022-23,155529,51.0
2022-23,155569,417.0
2022-23,156074,150.0
2022-23,156685,92.0
2022-23,156687,37.0
2022-23,156689,271.0
2022-23,158499,157.0
2022-23,158534,393.0
2022-23,159533,88.0
2022-23,160987,
2022-23,164511,132.0
2022-23,164555,463.0
2022-23,165659,57.0
2022-23,165809,256.0
2022-23,166325,2.0
2022-23,166477,548.0
2022-23,166989,568.0
2022-23,167074,515.0
2022-23,167199,531.0
2022-23,168281,299.0
2022-23,168580,43.0
2022-23,168991,309.0
2022-23,169187,944.0
2022-23,169359,157.0
2022-23,169528,652.0
2022-23,170137,121.0
2022-23,171101,514.0
2022-23,171287,431.0
2022-23,171314,664.0
2022-23,171317,584.0
2022-23,171771,360.0
2022-23,172632,121.0
2022-23,172649,365.0
2022-23,172780,290.0
2022-23,172841,166.0
2022-23,172850,240.0
2022-23,173271,202.0
2022-23,173515,59.0
2022-23,173807,74.0
2022-23,173904,211.0
2022-23,173954,17.0
2022-23,174874,782.0
2022-23,174932,14.0
2022-23,175592,48.0
2022-23,176297,171.0
2022-23,176413,62.0
2022-23,177815,62.0
2022-23,178186,203.0
2022-23,178301,117.0
2022-23,179018,220.0
2022-23,179268,349.0
2022-23,179519,169.0
2022-23,180135,340.0
2022-23,180151,
2022-23,180184,8.0
2022-23,180736,368.0
2022-23,180974,328.0
2022-23,181284,41.0
2022-23,183656,150.0
2022-23,184029,484.0
2022-23,184193,
2022-23,184341,206.0
2022-23,184349,85.0
2022-23,184386,53.0
2022-23,184667,271.0
2022-23,184704,
2022-23,184754,58.0
2022-23,185253,34.0
2022-23,191866,145.0
2022-23,192895,154.0
2022-23,193204,115.0
2022-23,193645,788.0
2022-23,194010,394.0
2022-23,194164,83.0
2022-23,194190,225.0
2022-23,194634,98.0
2022-23,194799,5.0
2022-23,195546,282.0
2022-23,195735,
2022-23,195851,122.0
2022-23,195899,40.0
2022-23,197464,32.0
2022-23,198826,125.0
2022-23,198869,784.0
2022-23,199170,147.0
2022-23,199584,37.0
2022-23,199598,
2022-23,199670,96.0
2022-23,199796,327.0
2022-23,199798,637.0
2022-23,200089,228.0
2022-23,200402,461.0
2022-23,200439,119.0
2022-23,200600,198.0
2022-23,200617,44.0
2022-23,200641,16.0
2022-23,200720,4.0
2022-23,200785,483.0
2022-23,201057,383.0
2022-23,201658,183.0
2022-23,201666,211.0
2022-23,202993,250.0
2022-23,203341,253.0
2022-23,204043,
2022-23,204214,531.0
2022-23,204480,607.0
2022-23,204580,301.0
2022-23,204716,453.0
2022-23,204968,177.0
2022-23,205533,32.0
2022-23,205651,131.0
2022-23,205836,22.0
2022-23,206325,525.0
2022-23,206915,150.0
2022-23,207270,218.0
2022-23,207283,428.0
2022-23,208706,485.0
2022-23,208912,492.0
2022-23,209036,832.0
2022-23,209042,186.0
2022-23,209046,
2022-23,209243,128.0
2022-23,209244,154.0
2022-23,209288,
2022-23,209289,8.0
2022-23,210156,60.0
2022-23,210494,338.0
2022-23,211975,637.0
2022-23,212314,57.0
2022-23,212319,59.0
2022-23,212701,53.0
2022-23,212721,215.0
2022-23,213687,
2022-23,214048,789.0
2022-23,214285,136.0
2022-23,214572,
2022-23,214590,244.0
2022-23,215059,354.0
2022-23,215136,271.0
2022-23,215379,54.0
2022-23,215413,335.0
2022-23,215439,392.0
2022-23,215711,107.0
2022-23,216051,417.0
2022-23,216054,7.0
2022-23,216208,
2022-23,216646,80.0
2022-23,217331,27.0
2022-23,217593,226.0
2022-23,218031,125.0
2022-23,218218,662.0
2022-23,218997,22.0
2022-23,219168,87.0
2022-23,219847,174.0
2022-23,219924,504.0
2022-23,219937,
2022-23,220087,321.0
2022-23,220237,611.0
2022-23,220307,14.0
2022-23,220566,624.0
2022-23,220585,78.0
2022-23,220627,246.0
2022-23,221399,311.0
2022-23,221466,592.0
2022-23,221632,581.0
2022-23,221820,528.0
2022-23,222017,
2022-23,222018,211.0
2022-23,222531,368.0
2022-23,222690,212.0
2022-23,222694,534.0
2022-23,223081,
2022-23,223094,78.0
2022-23,223340,233.0
2022-23,223723,172.0
2022-23,223911,394.0
2022-23,224024,387.0
2022-23,224068,
2022-23,224209,438.0
2022-23,224967,462.0
2022-23,224995,73.0
2022-23,225295,42.0
2022-23,225321,572.0
2022-23,225796,238.0
2022-23,225902,239.0
2022-23,226597,840.0
2022-23,226944,269.0
2022-23,226956,125.0
2022-23,227127,155.0
2022-23,228044,2.0
2022-23,228286,120.0
2022-23,229600,174.0
2022-23,230046,415.0
2022-23,230251,44.0
2022-23,231065,444.0
2022-23,231747,28.0
2022-23,232241,
2022-23,232413,320.0
2022-23,232620,3.0
2022-23,232653,225.0
2022-23,232787,214.0
2022-23,232792,69.0
2022-23,232826,92.0
2022-23,232829,
2022-23,232859,3.0
2022-23,232928,106.0
2022-23,232937,
2022-23,233420,264.0
2022-23,234370,506.0
2022-23,235382,
2022-23,235449,
2022-23,235530,463.0
2022-23,235674,44.0
2022-23,240143,113.0
2022-23,240299,32.0
2022-23,241157,279.0
2022-23,241519,231.0
2022-23,242880,311.0
2022-23,242885,
2022-23,242898,112.0
2022-23,243016,454.0
2022-23,243298,111.0
2022-23,243345,64.0
2022-23,243568,99.0
2022-23,243571,134.0
2022-23,244042,
2022-23,244085,13.0
2022-23,244560,287.0
2022-23,244619,267.0
2022-23,244704,60.0
2022-23,244723,619.0
2022-23,244731,80.0
2022-23,244851,26.0
2022-23,244858,32.0
2022-23,244930,
2022-23,244932,
2022-23,245419,71.0
2022-23,245824,52.0
2022-23,245923,
2022-23,247632,57.0
2022-23,247664,
2022-23,248164,
2022-23,248857,64.0
2022-23,248937,61.0
2022-23,249231,21.0
2022-23,250370,
2022-23,422287,
2022-23,424044,54.0
2022-23,427623,74.0
2022-23,427637,186.0
2022-23,428399,99.0
2022-23,428580,80.0
2022-23,429414,
2022-23,430871,51.0
2022-23,431131,68.0
2022-23,432160,80.0
2022-23,432830,378.0
2022-23,432931,
2022-23,433154,225.0
2022-23,433590,13.0
2022-23,433979,1.0
2022-23,434043,
2022-23,434662,
2022-23,436234,13.0
2022-23,437468,79.0
2022-23,437495,512.0
2022-23,437730,18.0
2022-23,437742,107.0
2022-23,437753,11.0
2022-23,438098,64.0
2022-23,438464,395.0
2022-23,440089,154.0
2022-23,440123,
2022-23,440323,15.0
2022-23,440854,64.0
2022-23,441164,166.0
2022-23,441191,7.0
2022-23,441192,16.0
2022-23,443661,311.0
2022-23,443967,270.0
2022-23,444145,160.0
2022-23,444172,
2022-23,444180,151.0
2022-23,444463,318.0
2022-23,444765,
2022-23,444884,271.0
2022-23,445044,123.0
2022-23,445548,9.0
2022-23,446008,211.0
2022-23,446189,
2022-23,447107,
2022-23,447203,76.0
2022-23,447720,
2022-23,447879,
2022-23,447880,
2022-23,447932,237.0
2022-23,448047,372.0
2022-23,448089,87.0
2022-23,448496,
2022-23,448514,169.0
2022-23,448791,3.0
2022-23,449133,
2022-23,449434,26.0
2022-23,449871,249.0
2022-23,450070,123.0
2022-23,450197,
2022-23,450434,36.0
2022-23,450527,531.0
2022-23,450535,2.0
2022-23,450541,
2022-23,450550,
2022-23,451340,171.0
2022-23,456350,731.0
2022-23,460028,480.0
2022-23,461012,
2022-23,461013,
2022-23,461017,
2022-23,461188,
2022-23,461199,
2022-23,461201,1.0
2022-23,461358,69.0
2022-23,461382,
2022-23,461416,
2022-23,461548,
2022-23,461584,
2022-23,461587,
2022-23,462381,
2022-23,462424,663.0
2022-23,462491,
2022-23,462635,13.0
2022-23,463067,23.0
2022-23,463210,5.0
2022-23,463748,
2022-23,463981,
2022-23,464353,
2022-23,465351,206.0
2022-23,465920,50.0
2022-23,466117,11.0
2022-23,467169,153.0
2022-23,469142,95.0
2022-23,470294,1.0
2022-23,470296,
2022-23,472464,
2022-23,472713,289.0
2022-23,472769,
2022-23,474120,57.0
2022-23,474772,
2022-23,474907,
2022-23,475492,
2022-23,476344,7.0
2022-23,476502,43.0
2022-23,476888,25.0
2022-23,477064,102.0
2022-23,477386,345.0
2022-23,477547,
2022-23,477580,54.0
2022-23,478227,
2022-23,478912,42.0
2022-23,479641,
2022-23,479683,1.0
2022-23,481283,
2022-23,481510,185.0
2022-23,482442,31.0
2022-23,482769,4.0
2022-23,483364,
2022-23,486623,
2022-23,486672,545.0
2022-23,487117,38.0
2022-23,487818,36.0
2022-23,487837,3.0
2022-23,487838,110.0
2022-23,488404,3.0
2022-23,489580,
2022-23,490094,
2022-23,490146,12.0
2022-23,490503,39.0
2022-23,490721,181.0
2022-23,491008,
2022-23,491559,4.0
2022-23,491598,1.0
2022-23,491785,
2022-23,491970,
2022-23,492776,8.0
2022-23,492779,
2022-23,492859,108.0
2022-23,493105,23.0
2022-23,494541,
2022-23,494543,1.0
2022-23,496179,
2022-23,496208,4.0
2022-23,496228,
2022-23,496683,
2022-23,499175,
2022-23,499724,
2022-23,501284,
2022-23,501468,
2022-23,502697,67.0
2022-23,503300,
2022-23,503301,1.0
2022-23,504751,
2022-23,504783,49.0
2022-23,508395,
2022-23,509416,8.0
2022-23,510328,
2022-23,510362,204.0
2022-23,511504,
2022-23,513046,105.0
2022-23,513418,44.0
2022-23,513834,
2022-23,514280,
2022-23,514284,
2022-23,514287,
2022-23,514315,
2022-23,514356,282.0
2022-23,515023,
2022-23,515024,1.0
2022-23,515496,
2022-23,515500,
2022-23,515503,
2022-23,515571,22.0
2022-23,515599,
2022-23,516159,
2022-23,516895,1.0
2022-23,518438,
2022-23,518467,
2022-23,519223,
2022-23,519324,
2022-23,519327,
2022-23,520295,5.0
2022-23,530318,
2022-23,531363,
2022-23,531989,
2022-23,532135,
2022-23,532529,
2022-23,533463,103.0
2022-23,534836,
2022-23,535262,
2022-23,535928,79.0
2022-23,536238,
2022-23,536916,34.0
2022-23,537403,
2022-23,547673,
2022-23,547701,
2022-23,547719,1.0
2022-23,550596,
2022-23,565297,
2022-23,573062,
2022-23,590760,
2022-23,591357,
2022-23,592661,
2022-23,596572,
2023-24,11948,
2023-24,15157,160.0
2023-24,17601,
2023-24,17761,674.0
2023-24,18892,399.0
2023-24,20066,
2023-24,20480,
2023-24,21205,
2023-24,32259,
2023-24,37096,130.0
2023-24,37642,278.0
2023-24,39155,106.0
2023-24,40145,10.0
2023-24,40383,
2023-24,40386,41.0
2023-24,40669,72.0
2023-24,44683,61.0
2023-24,45034,21.0
2023-24,47431,227.0
2023-24,48760,275.0
2023-24,49262,310.0
2023-24,49413,8.0
2023-24,50175,75.0
2023-24,51090,771.0
2023-24,51927,274.0
2023-24,54469,375.0
2023-24,54738,980.0
2023-24,55037,36.0
2023-24,55459,112.0
2023-24,55494,406.0
2023-24,56983,21.0
2023-24,57328,220.0
2023-24,57531,67.0
2023-24,58621,526.0
2023-24,58822,6.0
2023-24,59949,118.0
2023-24,60232,357.0
2023-24,60252,77.0
2023-24,60307,819.0
2023-24,60586,138.0
2023-24,60689,128.0
2023-24,60706,
2023-24,60914,210.0
2023-24,61256,526.0
2023-24,61366,207.0
2023-24,61558,1.0
2023-24,67089,231.0
2023-24,69752,578.0
2023-24,75115,41.0
2023-24,76357,303.0
2023-24,77794,685.0
2023-24,77818,7.0
2023-24,78916,618.0
2023-24,79602,85.0
2023-24,79934,378.0
2023-24,80146,185.0
2023-24,80201,605.0
2023-24,80607,204.0
2023-24,80801,251.0
2023-24,81441,
2023-24,82143,713.0
2023-24,82514,391.0
2023-24,82691,153.0
2023-24,82738,29.0
2023-24,83283,15.0
2023-24,83299,1063.0
2023-24,83427,471.0
2023-24,84182,462.0
2023-24,84583,8.0
2023-24,84939,29.0
2023-24,85633,203.0
2023-24,85955,236.0
2023-24,85971,204.0
2023-24,86417,90.0
2023-24,87835,153.0
2023-24,88248,132.0
2023-24,88484,251.0
2023-24,88894,442.0
2023-24,90152,257.0
2023-24,90585,271.0
2023-24,91046,30.0
2023-24,91651,322.0
2023-24,93264,77.0
2023-24,95658,429.0
2023-24,96784,144.0
2023-24,96994,123.0
2023-24,97032,1019.0
2023-24,97299,206.0
2023-24,98747,153.0
2023-24,98980,502.0
2023-24,101148,254.0
2023-24,101178,413.0
2023-24,101184,29.0
2023-24,101188,319.0
2023-24,101982,383.0
2023-24,102057,91.0
2023-24,102549,
2023-24,103192,435.0
2023-24,103914,423.0
2023-24,103955,153.0
2023-24,104047,95.0
2023-24,104542,17.0
2023-24,106468,99.0
2023-24,106611,80.0
2023-24,106618,7.0
2023-24,106760,215.0
2023-24,108411,
2023-24,108413,262.0
2023-24,108416,88.0
2023-24,108796,213.0
2023-24,109345,70.0
2023-24,109533,573.0
2023-24,109646,438.0
2023-24,110735,376.0
2023-24,111234,1031.0
2023-24,111317,38.0
2023-24,111452,78.0
2023-24,111478,281.0
2023-24,111773,217.0
2023-24,111782,67.0
2023-24,114241,219.0
2023-24,114243,142.0
2023-24,114283,93.0
2023-24,115382,100.0
2023-24,115556,343.0
2023-24,116216,122.0
2023-24,116404,78.0
2023-24,116535,397.0
2023-24,118342,813.0
2023-24,118748,251.0
2023-24,119471,846.0
2023-24,120250,71.0
2023-24,120721,
2023-24,121160,558.0
2023-24,121599,215.0
2023-24,122074,
2023-24,122798,452.0
2023-24,122806,345.0
2023-24,126184,632.0
2023-24,128295,502.0
2023-24,128340,6.0
2023-24,132015,497.0
2023-24,133085,
2023-24,133845,
2023-24,138001,
2023-24,140200,36.0
2023-24,141746,645.0
2023-24,144485,156.0
2023-24,148225,31.0
2023-24,149065,537.0
2023-24,149484,3.0
2023-24,149519,6.0
2023-24,151086,342.0
2023-24,151589,14.0
2023-24,152551,403.0
2023-24,152760,38.0
2023-24,153133,296.0
2023-24,153256,4.0
2023-24,153366,173.0
2023-24,153682,124.0
2023-24,154296,398.0
2023-24,154561,544.0
2023-24,154566,149.0
2023-24,155197,45.0
2023-24,155405,65.0
2023-24,155408,477.0
2023-24,155529,
2023-24,156074,
2023-24,156658,346.0
2023-24,156685,56.0
2023-24,156689,317.0
2023-24,156700,203.0
2023-24,158499,373.0
2023-24,158983,369.0
2023-24,159506,318.0
2023-24,159533,31.0
2023-24,164555,676.0
2023-24,165153,65.0
2023-24,165183,391.0
2023-24,165659,463.0
2023-24,165809,379.0
2023-24,166477,523.0
2023-24,166989,273.0
2023-24,167074,189.0
2023-24,167199,164.0
2023-24,167878,201.0
2023-24,168035,30.0
2023-24,168090,71.0
2023-24,168281,82.0
2023-24,168636,16.0
2023-24,168991,152.0
2023-24,169187,728.0
2023-24,169359,14.0
2023-24,169432,120.0
2023-24,169528,688.0
2023-24,169593,5.0
2023-24,171101,294.0
2023-24,171287,353.0
2023-24,171314,715.0
2023-24,172567,359.0
2023-24,172649,287.0
2023-24,172780,432.0
2023-24,172782,323.0
2023-24,172841,47.0
2023-24,172850,128.0
2023-24,172912,164.0
2023-24,173268,216.0
2023-24,173807,35.0
2023-24,173954,36.0
2023-24,174310,44.0
2023-24,174874,900.0
2023-24,175941,
2023-24,176297,175.0
2023-24,177815,140.0
2023-24,178186,140.0
2023-24,178301,115.0
2023-24,179018,173.0
2023-24,179268,333.0
2023-24,179458,109.0
2023-24,179519,167.0
2023-24,180135,398.0
2023-24,180184,
2023-24,180736,228.0
2023-24,180974,154.0
2023-24,183656,5.0
2023-24,183751,6.0
2023-24,184029,592.0
2023-24,184254,549.0
2023-24,184341,56.0
2023-24,184667,267.0
2023-24,184704,128.0
2023-24,184754,104.0
2023-24,191866,316.0
2023-24,192290,139.0
2023-24,193195,
2023-24,194010,47.0
2023-24,194164,83.0
2023-24,194634,112.0
2023-24,195473,17.0
2023-24,195851,171.0
2023-24,196100,399.0
2023-24,198826,176.0
2023-24,198869,724.0
2023-24,199056,274.0
2023-24,199170,264.0
2023-24,199249,281.0
2023-24,199670,72.0
2023-24,199796,367.0
2023-24,199798,633.0
2023-24,200089,44.0
2023-24,200402,553.0
2023-24,200641,8.0
2023-24,200720,179.0
2023-24,200785,26.0
2023-24,200826,135.0
2023-24,201410,328.0
2023-24,201440,
2023-24,201658,223.0
2023-24,201666,60.0
2023-24,202641,778.0
2023-24,202993,203.0
2023-24,204214,233.0
2023-24,204480,574.0
2023-24,204580,436.0
2023-24,204716,585.0
2023-24,204814,65.0
2023-24,204968,274.0
2023-24,205533,37.0
2023-24,205651,85.0
2023-24,205836,139.0
2023-24,206325,476.0
2023-24,206915,154.0
2023-24,207189,349.0
2023-24,207283,337.0
2023-24,208706,708.0
2023-24,208904,68.0
2023-24,208912,60.0
2023-24,209036,463.0
2023-24,209042,89.0
2023-24,209046,109.0
2023-24,209243,9.0
2023-24,209244,303.0
2023-24,209289,48.0
2023-24,209293,103.0
2023-24,210156,37.0
2023-24,210462,146.0
2023-24,210494,515.0
2023-24,211975,646.0
2023-24,212314,121.0
2023-24,212319,98.0
2023-24,213198,38.0
2023-24,213687,
2023-24,213999,361.0
2023-24,214048,826.0
2023-24,214285,117.0
2023-24,214572,
2023-24,214590,285.0
2023-24,215059,250.0
2023-24,215136,264.0
2023-24,215379,132.0
2023-24,215439,361.0
2023-24,215531,22.0
2023-24,215711,160.0
2023-24,216051,507.0
2023-24,216616,690.0
2023-24,216646,117.0
2023-24,218430,144.0
2023-24,219168,99.0
2023-24,219847,232.0
2023-24,219924,411.0
2023-24,220237,381.0
2023-24,220307,33.0
2023-24,220362,746.0
2023-24,220394,240.0
2023-24,220566,849.0
2023-24,220598,
2023-24,221399,195.0
2023-24,221466,609.0
2023-24,221632,1036.0
2023-24,221820,129.0
2023-24,222018,104.0
2023-24,222531,432.0
2023-24,222627,
2023-24,222677,142.0
2023-24,222683,120.0
2023-24,223094,55.0
2023-24,223340,241.0
2023-24,223434,467.0
2023-24,223723,207.0
2023-24,223911,128.0
2023-24,224024,589.0
2023-24,224068,336.0
2023-24,224967,391.0
2023-24,224995,57.0
2023-24,225321,95.0
2023-24,225796,78.0
2023-24,225897,15.0
2023-24,226182,327.0
2023-24,226597,676.0
2023-24,226944,293.0
2023-24,226956,269.0
2023-24,227127,498.0
2023-24,229164,168.0
2023-24,229600,74.0
2023-24,230046,415.0
2023-24,231057,72.0
2023-24,231065,507.0
2023-24,231480,156.0
2023-24,231747,79.0
2023-24,232351,52.0
2023-24,232413,190.0
2023-24,232653,57.0
2023-24,232787,397.0
2023-24,232792,67.0
2023-24,232826,203.0
2023-24,232892,582.0
2023-24,232917,354.0
2023-24,232928,316.0
2023-24,232980,178.0
2023-24,233821,423.0
2023-24,233963,285.0
2023-24,235382,
2023-24,235448,
2023-24,235530,323.0
2023-24,235674,14.0
2023-24,240299,
2023-24,241157,264.0
2023-24,241231,211.0
2023-24,242453,97.0
2023-24,242880,402.0
2023-24,242898,159.0
2023-24,243016,572.0
2023-24,243298,147.0
2023-24,243345,
2023-24,243505,94.0
2023-24,243557,102.0
2023-24,243568,475.0
2023-24,243571,173.0
2023-24,244042,62.0
2023-24,244262,403.0
2023-24,244723,502.0
2023-24,244731,185.0
2023-24,244850,56.0
2023-24,244851,350.0
2023-24,244856,380.0
2023-24,244954,599.0
2023-24,245414,63.0
2023-24,245824,14.0
2023-24,247245,116.0
2023-24,247348,185.0
2023-24,247632,110.0
2023-24,248854,
2023-24,248857,89.0
2023-24,248859,
2023-24,248875,86.0
2023-24,249231,86.0
2023-24,250199,259.0
2023-24,422303,
2023-24,424001,288.0
2023-24,424044,8.0
2023-24,424876,333.0
2023-24,427420,28.0
2023-24,427623,345.0
2023-24,428580,112.0
2023-24,429414,13.0
2023-24,430871,178.0
2023-24,430992,
2023-24,432160,32.0
2023-24,432422,64.0
2023-24,432711,
2023-24,432714,146.0
2023-24,432720,837.0
2023-24,432830,600.0
2023-24,432931,
2023-24,432990,63.0
2023-24,433154,304.0
2023-24,433979,41.0
2023-24,435973,91.0
2023-24,436234,20.0
2023-24,437468,10.0
2023-24,437626,86.0
2023-24,437730,165.0
2023-24,437742,208.0
2023-24,437748,27.0
2023-24,437757,4.0
2023-24,438098,22.0
2023-24,438405,
2023-24,438464,132.0
2023-24,440089,174.0
2023-24,440323,20.0
2023-24,440854,215.0
2023-24,441164,689.0
2023-24,441191,229.0
2023-24,441240,10.0
2023-24,441266,153.0
2023-24,441302,38.0
2023-24,441428,390.0
2023-24,441455,247.0
2023-24,443211,21.0
2023-24,443661,150.0
2023-24,444145,99.0
2023-24,444180,17.0
2023-24,444183,
2023-24,444884,223.0
2023-24,445044,236.0
2023-24,445122,23.0
2023-24,445548,12.0
2023-24,446008,206.0
2023-24,447203,100.0
2023-24,447261,
2023-24,447715,30.0
2023-24,447720,
2023-24,447879,
2023-24,448047,506.0
2023-24,448089,364.0
2023-24,448514,298.0
2023-24,449133,
2023-24,449434,137.0
2023-24,449871,309.0
2023-24,449988,20.0
2023-24,450535,
2023-24,450539,3.0
2023-24,450541,
2023-24,450542,6.0
2023-24,450554,
2023-24,451302,
2023-24,451340,124.0
2023-24,457569,302.0
2023-24,460028,420.0
2023-24,460842,128.0
2023-24,461188,
2023-24,461358,195.0
2023-24,461421,14.0
2023-24,461446,
2023-24,461453,
2023-24,461484,3.0
2023-24,461537,
2023-24,461682,5.0
2023-24,462381,
2023-24,462424,940.0
2023-24,462438,
2023-24,462491,
2023-24,462492,
2023-24,463748,
2023-24,463981,16.0
2023-24,465351,101.0
2023-24,465390,
2023-24,465527,9.0
2023-24,465607,36.0
2023-24,465920,110.0
2023-24,466117,52.0
2023-24,466404,92.0
2023-24,467169,134.0
2023-24,469142,832.0
2023-24,471848,
2023-24,472713,67.0
2023-24,474120,53.0
2023-24,474772,
2023-24,474803,
2023-24,474908,
2023-24,475168,163.0
2023-24,475480,5.0
2023-24,476344,30.0
2023-24,476369,228.0
2023-24,476502,104.0
2023-24,476938,
2023-24,477064,72.0
2023-24,477424,464.0
2023-24,477555,28.0
2023-24,477580,655.0
2023-24,477717,256.0
2023-24,477733,
2023-24,478912,26.0
2023-24,478969,67.0
2023-24,480455,653.0
2023-24,481283,
2023-24,482158,
2023-24,482442,326.0
2023-24,482609,308.0
2023-24,482769,
2023-24,483398,
2023-24,486385,48.0
2023-24,486672,497.0
2023-24,487053,413.0
2023-24,487117,42.0
2023-24,487693,
2023-24,487702,54.0
2023-24,487818,
2023-24,487828,6.0
2023-24,487836,
2023-24,487837,6.0
2023-24,487838,215.0
2023-24,487968,198.0
2023-24,488404,17.0
2023-24,489639,353.0
2023-24,490094,14.0
2023-24,490095,
2023-24,490145,2.0
2023-24,490146,
2023-24,490150,1.0
2023-24,490721,90.0
2023-24,490881,
2023-24,490885,3.0
2023-24,491011,
2023-24,491012,14.0
2023-24,491279,584.0
2023-24,491501,1.0
2023-24,491557,
2023-24,491598,
2023-24,491745,
2023-24,491970,10.0
2023-24,492777,127.0
2023-24,492779,
2023-24,492831,106.0
2023-24,493105,139.0
2023-24,493121,
2023-24,493125,112.0
2023-24,493250,25.0
2023-24,494041,
2023-24,496185,1.0
2023-24,496208,1.0
2023-24,496221,175.0
2023-24,496222,
2023-24,496283,
2023-24,496683,
2023-24,497606,15.0
2023-24,497894,60.0
2023-24,499169,
2023-24,499175,3.0
2023-24,499721,3.0
2023-24,499857,
2023-24,500052,
2023-24,500058,2.0
2023-24,501284,5.0
2023-24,501468,
2023-24,501837,
2023-24,503139,124.0
2023-24,503308,
2023-24,503714,57.0
2023-24,503724,124.0
2023-24,504198,48.0
2023-24,504598,
2023-24,504750,
2023-24,504751,
2023-24,505187,18.0
2023-24,507433,
2023-24,508395,82.0
2023-24,510362,699.0
2023-24,511504,
2023-24,511783,12.0
2023-24,513046,220.0
2023-24,513418,26.0
2023-24,513588,
2023-24,513836,
2023-24,513840,
2023-24,514154,
2023-24,514277,
2023-24,514280,33.0
2023-24,514356,5.0
2023-24,514362,
2023-24,514514,
2023-24,515023,
2023-24,515024,2.0
2023-24,515500,
2023-24,515501,
2023-24,515504,
2023-24,516159,
2023-24,516250,
2023-24,516432,
2023-24,516874,
2023-24,516895,221.0
2023-24,517052,135.0
2023-24,517995,
2023-24,517996,
2023-24,518199,
2023-24,518438,
2023-24,518442,
2023-24,518466,80.0
2023-24,518892,
2023-24,519198,
2023-24,519321,
2023-24,519325,
2023-24,519328,
2023-24,520295,34.0
2023-24,521966,
2023-24,523700,1.0
2023-24,523957,14.0
2023-24,524070,
2023-24,530117,
2023-24,530318,
2023-24,531363,5.0
2023-24,531989,11.0
2023-24,532372,138.0
2023-24,532377,
2023-24,532528,
2023-24,532529,99.0
2023-24,532605,1.0
2023-24,533463,149.0
2023-24,534392,1.0
2023-24,535262,
2023-24,535301,117.0
2023-24,535818,124.0
2023-24,535928,5.0
2023-24,536109,
2023-24,536238,
2023-24,536677,
2023-24,536681,
2023-24,536694,15.0
2023-24,536908,3.0
2023-24,536916,91.0
2023-24,537403,
2023-24,538206,
2023-24,538207,27.0
2023-24,538210,66.0
2023-24,543158,55.0
2023-24,544877,241.0
2023-24,545477,8.0
2023-24,547668,
2023-24,547686,
2023-24,547716,1.0
2023-24,547719,129.0
2023-24,548308,
2023-24,549014,
2023-24,549068,
2023-24,549344,3.0
2023-24,550596,
2023-24,550615,
2023-24,550833,
2023-24,550839,120.0
2023-24,551232,5.0
2023-24,551995,
2023-24,552030,
2023-24,552425,
2023-24,559963,
2023-24,563883,
2023-24,563934,
2023-24,564505,
2023-24,565431,
2023-24,568791,
2023-24,570241,
2023-24,574398,
2023-24,574402,1.0
2023-24,575034,
2023-24,575476,693.0
2023-24,577016,1.0
2023-24,577725,
2023-24,577974,
2023-24,585472,
2023-24,589114,
2023-24,589507,3.0
2023-24,591357,
2023-24,591386,
2023-24,591538,
2023-24,591539,
2023-24,592436,
2023-24,593001,
2023-24,596572,
2023-24,597983,
2023-24,601496,
2023-24,602934,
2023-24,608060,
2023-24,611011,13.0
2023-24,611926,
2023-24,612534,
2023-24,613467,
2023-24,616094,
2023-24,617054,
2023-24,622536,
2023-24,628204,
2023-24,634640,
2023-24,646754,
2023-24,647597,
2024-25,15157,29.0
2024-25,17601,
2024-25,17761,485.0
2024-25,18892,395.0
2024-25,19236,
2024-25,20066,
2024-25,21205,
2024-25,37096,266.0
2024-25,37642,76.0
2024-25,39155,76.0
2024-25,40349,
2024-25,40383,62.0
2024-25,47431,55.0
2024-25,49262,40.0
2024-25,50175,83.0
2024-25,51927,50.0
2024-25,54469,218.0
2024-25,55459,216.0
2024-25,55494,9.0
2024-25,57328,81.0
2024-25,57531,31.0
2024-25,58376,79.0
2024-25,59859,285.0
2024-25,59949,46.0
2024-25,60232,171.0
2024-25,60689,143.0
2024-25,61256,314.0
2024-25,61366,282.0
2024-25,67089,114.0
2024-25,69752,34.0
2024-25,74944,410.0
2024-25,75115,10.0
2024-25,76357,121.0
2024-25,77794,396.0
2024-25,78916,627.0
2024-25,79602,32.0
2024-25,80146,107.0
2024-25,80201,513.0
2024-25,80607,202.0
2024-25,80801,411.0
2024-25,82143,
2024-25,83299,584.0
2024-25,84182,499.0
2024-25,84939,23.0
2024-25,85633,747.0
2024-25,85955,127.0
2024-25,85971,192.0
2024-25,86417,10.0
2024-25,87835,425.0
2024-25,88248,192.0
2024-25,88484,150.0
2024-25,88894,97.0
2024-25,88900,253.0
2024-25,90105,18.0
2024-25,90585,38.0
2024-25,91651,446.0
2024-25,91889,37.0
2024-25,93100,338.0
2024-25,94147,356.0
2024-25,95463,32.0
2024-25,95658,344.0
2024-25,96994,50.0
2024-25,97032,974.0
2024-25,97299,103.0
2024-25,98747,316.0
2024-25,98980,547.0
2024-25,101148,
2024-25,101178,250.0
2024-25,101188,288.0
2024-25,101668,64.0
2024-25,101982,175.0
2024-25,102057,144.0
2024-25,103914,53.0
2024-25,103955,32.0
2024-25,106468,147.0
2024-25,106606,19.0
2024-25,106611,134.0
2024-25,106760,114.0
2024-25,108053,52.0
2024-25,108413,326.0
2024-25,108813,144.0
2024-25,109345,14.0
2024-25,109533,311.0
2024-25,109646,353.0
2024-25,109745,481.0
2024-25,110735,274.0
2024-25,111234,927.0
2024-25,111317,88.0
2024-25,111452,
2024-25,111478,277.0
2024-25,111773,68.0
2024-25,111782,65.0
2024-25,111931,64.0
2024-25,112520,224.0
2024-25,114241,16.0
2024-25,114243,232.0
2024-25,114283,70.0
2024-25,115382,
2024-25,115556,392.0
2024-25,116216,174.0
2024-25,116535,369.0
2024-25,118342,865.0
2024-25,118748,252.0
2024-25,119471,759.0
2024-25,121160,377.0
2024-25,121599,203.0
2024-25,122074,
2024-25,122411,365.0
2024-25,122798,561.0
2024-25,122806,158.0
2024-25,126184,167.0
2024-25,128295,492.0
2024-25,135720,178.0
2024-25,138001,
2024-25,141746,706.0
2024-25,147611,49.0
2024-25,149065,490.0
2024-25,149484,203.0
2024-25,149929,57.0
2024-25,152551,404.0
2024-25,153133,358.0
2024-25,153366,13.0
2024-25,153682,109.0
2024-25,154048,113.0
2024-25,154561,735.0
2024-25,154566,103.0
2024-25,155405,158.0
2024-25,155408,507.0
2024-25,155511,45.0
2024-25,156689,252.0
2024-25,157668,346.0
2024-25,158499,304.0
2024-25,158534,435.0
2024-25,158983,49.0
2024-25,159506,449.0
2024-25,159533,110.0
2024-25,164555,203.0
2024-25,165153,51.0
2024-25,165809,305.0
2024-25,166477,304.0
2024-25,166989,619.0
2024-25,167074,298.0
2024-25,167191,4.0
2024-25,167199,494.0
2024-25,167888,79.0
2024-25,168636,36.0
2024-25,169187,765.0
2024-25,169359,3.0
2024-25,169528,562.0
2024-25,169593,
2024-25,171287,139.0
2024-25,171314,570.0
2024-25,171771,429.0
2024-25,172453,46.0
2024-25,172649,681.0
2024-25,172780,360.0
2024-25,172850,28.0
2024-25,173818,43.0
2024-25,174292,76.0
2024-25,174874,782.0
2024-25,175941,
2024-25,176297,84.0
2024-25,177815,79.0
2024-25,178186,154.0
2024-25,178301,69.0
2024-25,179268,520.0
2024-25,179519,115.0
2024-25,180135,87.0
2024-25,180736,402.0
2024-25,180804,284.0
2024-25,180974,296.0
2024-25,181284,82.0
2024-25,184029,445.0
2024-25,184254,294.0
2024-25,184341,60.0
2024-25,184349,73.0
2024-25,184386,159.0
2024-25,184667,119.0
2024-25,184754,40.0
2024-25,191866,242.0
2024-25,192895,36.0
2024-25,193204,212.0
2024-25,194010,17.0
2024-25,194164,
2024-25,194190,
2024-25,194634,80.0
2024-25,195384,180.0
2024-25,196411,85.0
2024-25,197024,164.0
2024-25,198826,24.0
2024-25,198869,216.0
2024-25,199249,46.0
2024-25,199670,9.0
2024-25,199796,225.0
2024-25,199798,504.0
2024-25,200089,76.0
2024-25,200402,371.0
2024-25,200641,46.0
2024-25,200720,171.0
2024-25,200785,322.0
2024-25,201658,265.0
2024-25,201666,164.0
2024-25,202641,591.0
2024-25,202993,268.0
2024-25,203341,270.0
2024-25,204214,421.0
2024-25,204480,364.0
2024-25,204580,331.0
2024-25,204646,13.0
2024-25,204716,604.0
2024-25,204863,179.0
2024-25,204968,220.0
2024-25,205533,54.0
2024-25,205651,30.0
2024-25,206325,107.0
2024-25,206915,239.0
2024-25,207189,283.0
2024-25,207270,
2024-25,207283,143.0
2024-25,208706,618.0
2024-25,209036,705.0
2024-25,209042,127.0
2024-25,209046,144.0
2024-25,209243,177.0
2024-25,209244,153.0
2024-25,209288,
2024-25,209289,220.0
2024-25,209365,352.0
2024-25,209400,191.0
2024-25,210156,26.0
2024-25,210462,106.0
2024-25,211975,505.0
2024-25,212314,271.0
2024-25,212319,30.0
2024-25,213198,54.0
2024-25,213999,282.0
2024-25,214048,668.0
2024-25,214285,216.0
2024-25,214466,88.0
2024-25,214572,17.0
2024-25,214590,560.0
2024-25,215059,612.0
2024-25,215136,348.0
2024-25,215379,445.0
2024-25,215413,34.0
2024-25,215439,322.0
2024-25,215711,67.0
2024-25,216051,432.0
2024-25,216616,649.0
2024-25,216646,123.0
2024-25,218218,579.0
2024-25,219168,152.0
2024-25,219249,90.0
2024-25,219279,224.0
2024-25,219847,130.0
2024-25,219924,264.0
2024-25,220237,77.0
2024-25,220362,187.0
2024-25,220394,95.0
2024-25,220566,13.0
2024-25,220583,165.0
2024-25,220585,231.0
2024-25,220627,465.0
2024-25,220695,23.0
2024-25,221399,163.0
2024-25,221466,382.0
2024-25,221632,500.0
2024-25,221820,487.0
2024-25,222018,131.0
2024-25,222531,380.0
2024-25,222625,40.0
2024-25,222627,
2024-25,222683,185.0
2024-25,223094,62.0
2024-25,223340,108.0
2024-25,223434,218.0
2024-25,223541,5.0
2024-25,223723,3.0
2024-25,224024,500.0
2024-25,224068,
2024-25,224860,156.0
2024-25,224967,414.0
2024-25,224995,17.0
2024-25,225321,761.0
2024-25,225796,274.0
2024-25,225902,340.0
2024-25,226597,502.0
2024-25,226944,302.0
2024-25,227127,221.0
2024-25,227444,365.0
2024-25,229164,2.0
2024-25,229384,31.0
2024-25,230001,607.0
2024-25,230348,18.0
2024-25,231057,112.0
2024-25,231065,366.0
2024-25,231416,40.0
2024-25,231480,225.0
2024-25,231747,108.0
2024-25,231899,115.0
2024-25,232112,188.0
2024-25,232185,210.0
2024-25,232413,234.0
2024-25,232653,110.0
2024-25,232792,84.0
2024-25,232826,198.0
2024-25,232859,341.0
2024-25,232892,743.0
2024-25,232917,313.0
2024-25,232928,228.0
2024-25,233963,419.0
2024-25,235530,64.0
2024-25,242880,104.0
2024-25,242898,158.0
2024-25,243016,397.0
2024-25,243298,98.0
2024-25,243571,40.0
2024-25,244042,49.0
2024-25,244619,203.0
2024-25,244723,361.0
2024-25,244731,133.0
2024-25,244845,117.0
2024-25,244850,247.0
2024-25,244851,340.0
2024-25,244858,50.0
2024-25,244954,494.0
2024-25,245419,34.0
2024-25,245719,745.0
2024-25,245824,1.0
2024-25,246301,78.0
2024-25,247348,352.0
2024-25,247412,81.0
2024-25,247632,117.0
2024-25,248857,126.0
2024-25,248875,84.0
2024-25,249231,352.0
2024-25,250199,292.0
2024-25,424876,275.0
2024-25,427623,341.0
2024-25,428971,
2024-25,430871,292.0
2024-25,432422,408.0
2024-25,432714,26.0
2024-25,432830,715.0
2024-25,432987,6.0
2024-25,433154,136.0
2024-25,433312,49.0
2024-25,433979,30.0
2024-25,434044,
2024-25,436680,230.0
2024-25,436893,78.0
2024-25,437499,522.0
2024-25,437730,247.0
2024-25,438234,57.0
2024-25,438464,61.0
2024-25,439135,16.0
2024-25,439483,
2024-25,440089,567.0
2024-25,440148,
2024-25,440323,17.0
2024-25,440854,223.0
2024-25,440993,167.0
2024-25,441164,620.0
2024-25,441191,529.0
2024-25,441192,1.0
2024-25,441266,505.0
2024-25,441302,146.0
2024-25,441428,114.0
2024-25,443261,89.0
2024-25,444102,58.0
2024-25,444145,119.0
2024-25,444172,
2024-25,444180,
2024-25,444463,245.0
2024-25,444765,432.0
2024-25,444884,76.0
2024-25,445044,216.0
2024-25,445122,348.0
2024-25,446008,307.0
2024-25,447203,47.0
2024-25,448047,524.0
2024-25,448089,437.0
2024-25,448514,388.0
2024-25,449429,441.0
2024-25,449434,124.0
2024-25,449871,210.0
2024-25,450070,52.0
2024-25,451302,82.0
2024-25,451340,208.0
2024-25,454667,166.0
2024-25,455084,274.0
2024-25,458249,94.0
2024-25,460028,844.0
2024-25,460842,90.0
2024-25,461025,
2024-25,461537,
2024-25,461587,58.0
2024-25,462116,395.0
2024-25,462424,665.0
2024-25,463034,85.0
2024-25,463067,146.0
2024-25,463212,20.0
2024-25,463903,78.0
2024-25,463981,95.0
2024-25,464353,
2024-25,465351,175.0
2024-25,465694,132.0
2024-25,465920,7.0
2024-25,466075,144.0
2024-25,467189,643.0
2024-25,467779,178.0
2024-25,469142,870.0
2024-25,471798,
2024-25,472713,
2024-25,472739,
2024-25,472769,64.0
2024-25,473341,241.0
2024-25,474120,110.0
2024-25,474907,
2024-25,475123,
2024-25,475168,176.0
2024-25,476502,
2024-25,477064,249.0
2024-25,477386,43.0
2024-25,477424,758.0
2024-25,477555,3.0
2024-25,477580,693.0
2024-25,480455,518.0
2024-25,481510,398.0
2024-25,481624,44.0
2024-25,482442,246.0
2024-25,482609,327.0
2024-25,483081,78.0
2024-25,485047,165.0
2024-25,485055,85.0
2024-25,486385,57.0
2024-25,486672,531.0
2024-25,487053,371.0
2024-25,487117,13.0
2024-25,487837,
2024-25,487838,589.0
2024-25,488439,14.0
2024-25,489639,630.0
2024-25,489706,55.0
2024-25,490094,62.0
2024-25,490145,2.0
2024-25,490881,18.0
2024-25,491012,3.0
2024-25,491279,260.0
2024-25,491501,
2024-25,492777,158.0
2024-25,493105,84.0
2024-25,493125,342.0
2024-25,493250,127.0
2024-25,494307,
2024-25,494551,
2024-25,494779,3.0
2024-25,495024,10.0
2024-25,496178,12.0
2024-25,496221,257.0
2024-25,496279,
2024-25,496661,126.0
2024-25,496683,
2024-25,497894,46.0
2024-25,498046,
2024-25,499167,
2024-25,499169,158.0
2024-25,499175,58.0
2024-25,499309,1.0
2024-25,499721,25.0
2024-25,499724,
2024-25,499726,
2024-25,500016,52.0
2024-25,501620,
2024-25,501770,
2024-25,501837,78.0
2024-25,502222,21.0
2024-25,502500,6.0
2024-25,502697,76.0
2024-25,503139,102.0
2024-25,503301,136.0
2024-25,503714,193.0
2024-25,504296,
2024-25,504783,56.0
2024-25,507433,41.0
2024-25,508395,173.0
2024-25,508479,70.0
2024-25,509291,332.0
2024-25,509416,245.0
2024-25,510281,73.0
2024-25,510362,647.0
2024-25,510500,56.0
2024-25,511499,48.0
2024-25,512462,255.0
2024-25,513046,41.0
2024-25,513418,131.0
2024-25,513433,66.0
2024-25,513527,286.0
2024-25,514254,69.0
2024-25,514287,
2024-25,514307,
2024-25,514356,101.0
2024-25,515597,87.0
2024-25,515621,36.0
2024-25,516159,
2024-25,516250,
2024-25,516895,201.0
2024-25,516939,345.0
2024-25,517052,73.0
2024-25,517178,
2024-25,517179,
2024-25,518438,
2024-25,518442,3.0
2024-25,519223,
2024-25,523700,4.0
2024-25,530121,1.0
2024-25,530318,
2024-25,531170,19.0
2024-25,531442,42.0
2024-25,531997,
2024-25,532529,243.0
2024-25,532605,
2024-25,533463,142.0
2024-25,533710,
2024-25,535017,
2024-25,535301,296.0
2024-25,535818,45.0
2024-25,536109,97.0
2024-25,536238,
2024-25,536241,
2024-25,536694,5.0
2024-25,536916,131.0
2024-25,538182,
2024-25,538207,7.0
2024-25,541462,
2024-25,544877,550.0
2024-25,547037,
2024-25,547676,39.0
2024-25,547692,
2024-25,547693,
2024-25,547701,331.0
2024-25,547719,29.0
2024-25,547720,
2024-25,547801,
2024-25,549067,
2024-25,549640,
2024-25,550596,
2024-25,550615,9.0
2024-25,550839,48.0
2024-25,550864,266.0
2024-25,551221,
2024-25,551226,294.0
2024-25,553746,
2024-25,553747,
2024-25,554194,25.0
2024-25,554605,692.0
2024-25,556639,
2024-25,559684,
2024-25,559962,
2024-25,560248,
2024-25,563324,
2024-25,565858,
2024-25,567119,
2024-25,567121,
2024-25,568791,
2024-25,569014,1.0
2024-25,570241,9.0
2024-25,570526,134.0
2024-25,573062,1.0
2024-25,574398,
2024-25,574799,
2024-25,575204,1.0
2024-25,575476,700.0
2024-25,575901,2.0
2024-25,576620,
2024-25,576637,
2024-25,576980,
2024-25,577016,45.0
2024-25,577114,10.0
2024-25,577725,15.0
2024-25,577731,
2024-25,577974,38.0
2024-25,578153,138.0
2024-25,581317,
2024-25,588555,
2024-25,588796,
2024-25,589100,
2024-25,590012,1.0
2024-25,590760,
2024-25,591382,
2024-25,591385,
2024-25,591386,
2024-25,592031,90.0
2024-25,592712,
2024-25,596042,
2024-25,596047,3.0
2024-25,596054,
2024-25,596777,79.0
2024-25,597320,
2024-25,599303,
2024-25,602903,
2024-25,604988,
2024-25,606745,34.0
2024-25,606774,
2024-25,606775,3.0
2024-25,606798,29.0
2024-25,606921,19.0
2024-25,607464,57.0
2024-25,609640,1.0
2024-25,611912,
2024-25,611920,
2024-25,611921,
2024-25,611922,
2024-25,611926,
2024-25,612534,
2024-25,613041,
2024-25,613120,
2024-25,613467,
2024-25,616059,
2024-25,616222,
2024-25,618873,
2024-25,619146,2.0
2024-25,620408,2.0
2024-25,622536,
2024-25,622758,
2024-25,626464,
2024-25,628204,10.0
2024-25,630664,2.0
2024-25,632822,
2024-25,641221,9.0
2024-25,647671,1.0
2024-25,649208,7.0
2025-26,15157,153.0
2025-26,17761,584.0
2025-26,19236,
2025-26,21205,
2025-26,37096,
2025-26,40383,
2025-26,44699,7.0
2025-26,49262,
2025-26,50175,71.0
2025-26,51943,
2025-26,54469,161.0
2025-26,56979,423.0
2025-26,57328,52.0
2025-26,58621,530.0
2025-26,59735,566.0
2025-26,59949,8.0
2025-26,60307,297.0
2025-26,60689,39.0
2025-26,61256,566.0
2025-26,67089,811.0
2025-26,72147,93.0
2025-26,74854,
2025-26,75115,36.0
2025-26,76357,169.0
2025-26,77794,463.0
2025-26,78916,441.0
2025-26,79602,62.0
2025-26,80201,693.0
2025-26,80801,339.0
2025-26,81441,
2025-26,83299,723.0
2025-26,84182,425.0
2025-26,84450,655.0
2025-26,85633,518.0
2025-26,86873,
2025-26,87835,121.0
2025-26,88248,44.0
2025-26,88894,91.0
2025-26,90585,
2025-26,91651,46.0
2025-26,95658,296.0
2025-26,97032,1012.0
2025-26,97299,102.0
2025-26,97846,
2025-26,98747,369.0
2025-26,98980,586.0
2025-26,101178,174.0
2025-26,101188,257.0
2025-26,101982,322.0
2025-26,102057,153.0
2025-26,106611,361.0
2025-26,106760,650.0
2025-26,107265,19.0
2025-26,108413,258.0
2025-26,109345,2.0
2025-26,109646,213.0
2025-26,109745,7.0
2025-26,110504,37.0
2025-26,110735,
2025-26,111234,965.0
2025-26,111317,129.0
2025-26,111478,193.0
2025-26,111773,11.0
2025-26,113564,4.0
2025-26,114243,143.0
2025-26,114283,138.0
2025-26,115556,29.0
2025-26,116216,189.0
2025-26,116535,404.0
2025-26,118748,171.0
2025-26,119471,327.0
2025-26,121709,20.0
2025-26,122074,
2025-26,122798,285.0
2025-26,122806,205.0
2025-26,126184,171.0
2025-26,128295,21.0
2025-26,135720,344.0
2025-26,138001,
2025-26,141746,652.0
2025-26,149065,468.0
2025-26,149484,316.0
2025-26,152551,302.0
2025-26,153133,337.0
2025-26,153366,11.0
2025-26,153682,187.0
2025-26,154296,314.0
2025-26,154561,733.0
2025-26,154566,35.0
2025-26,155408,146.0
2025-26,155503,54.0
2025-26,155511,30.0
2025-26,158499,187.0
2025-26,158534,215.0
2025-26,158983,30.0
2025-26,159506,281.0
2025-26,159533,14.0
2025-26,165809,477.0
2025-26,166477,247.0
2025-26,166989,350.0
2025-26,167074,353.0
2025-26,167512,107.0
2025-26,167887,238.0
2025-26,168636,13.0
2025-26,169528,282.0
2025-26,169593,
2025-26,171287,117.0
2025-26,171314,540.0
2025-26,172567,245.0
2025-26,172649,736.0
2025-26,172780,13.0
2025-26,173879,9.0
2025-26,174592,84.0
2025-26,174594,38.0
2025-26,174874,783.0
2025-26,177815,129.0
2025-26,178186,220.0
2025-26,178301,74.0
2025-26,179268,469.0
2025-26,179458,65.0
2025-26,180135,116.0
2025-26,180736,506.0
2025-26,180804,197.0
2025-26,180974,190.0
2025-26,183656,2.0
2025-26,184029,264.0
2025-26,184254,588.0
2025-26,184341,125.0
2025-26,184349,264.0
2025-26,184667,175.0
2025-26,184754,118.0
2025-26,191866,262.0
2025-26,192290,
2025-26,194010,180.0
2025-26,195384,133.0
2025-26,195546,192.0
2025-26,198869,142.0
2025-26,199598,486.0
2025-26,199796,515.0
2025-26,199798,581.0
2025-26,200089,79.0
2025-26,200617,57.0
2025-26,200641,13.0
2025-26,200720,795.0
2025-26,200785,278.0
2025-26,200834,517.0
2025-26,201595,392.0
2025-26,201658,317.0
2025-26,201666,137.0
2025-26,201895,548.0
2025-26,202993,246.0
2025-26,204120,263.0
2025-26,204480,593.0
2025-26,204580,280.0
2025-26,204646,17.0
2025-26,204716,749.0
2025-26,204936,431.0
2025-26,204968,96.0
2025-26,205533,17.0
2025-26,205651,29.0
2025-26,206915,553.0
2025-26,207189,406.0
2025-26,207283,396.0
2025-26,208706,461.0
2025-26,208912,56.0
2025-26,209036,839.0
2025-26,209041,53.0
2025-26,209046,109.0
2025-26,209243,92.0
2025-26,209244,215.0
2025-26,209288,
2025-26,209289,189.0
2025-26,209365,181.0
2025-26,209400,259.0
2025-26,210156,17.0
2025-26,210462,294.0
2025-26,212314,157.0
2025-26,212319,86.0
2025-26,214048,213.0
2025-26,214225,472.0
2025-26,214572,
2025-26,214590,319.0
2025-26,215059,757.0
2025-26,215136,501.0
2025-26,215379,810.0
2025-26,215413,253.0
2025-26,215439,297.0
2025-26,215711,34.0
2025-26,216051,355.0
2025-26,216055,270.0
2025-26,216094,82.0
2025-26,216646,21.0
2025-26,218328,83.0
2025-26,218364,18.0
2025-26,219168,20.0
2025-26,219249,16.0
2025-26,219847,51.0
2025-26,219924,178.0
2025-26,219937,
2025-26,220237,456.0
2025-26,220362,187.0
2025-26,220566,402.0
2025-26,220627,291.0
2025-26,221389,80.0
2025-26,221466,1189.0
2025-26,221632,400.0
2025-26,221820,358.0
2025-26,222531,343.0
2025-26,222683,87.0
2025-26,222690,5.0
2025-26,222694,636.0
2025-26,223094,75.0
2025-26,223336,3.0
2025-26,223340,179.0
2025-26,223434,10.0
2025-26,223541,44.0
2025-26,223827,413.0
2025-26,224117,60.0
2025-26,224967,541.0
2025-26,225321,210.0
2025-26,225796,347.0
2025-26,226182,320.0
2025-26,226597,537.0
2025-26,226944,244.0
2025-26,227127,83.0
2025-26,227444,502.0
2025-26,229600,
2025-26,230001,218.0
2025-26,230046,167.0
2025-26,231057,142.0
2025-26,231065,55.0
2025-26,231416,426.0
2025-26,231480,344.0
2025-26,231747,100.0
2025-26,232112,127.0
2025-26,232185,124.0
2025-26,232356,
2025-26,232413,177.0
2025-26,232653,164.0
2025-26,232787,138.0
2025-26,232826,135.0
2025-26,232859,296.0
2025-26,232892,584.0
2025-26,232928,582.0
2025-26,233963,444.0
2025-26,235448,
2025-26,235826,20.0
2025-26,241231,
2025-26,242880,119.0
2025-26,242882,250.0
2025-26,242898,115.0
2025-26,243016,411.0
2025-26,243298,198.0
2025-26,243526,405.0
2025-26,243571,31.0
2025-26,244042,45.0
2025-26,244723,346.0
2025-26,244850,288.0
2025-26,244851,205.0
2025-26,244858,7.0
2025-26,244954,447.0
2025-26,246301,225.0
2025-26,247348,236.0
2025-26,247412,130.0
2025-26,247632,162.0
2025-26,247670,73.0
2025-26,247693,66.0
2025-26,247955,263.0
2025-26,248056,186.0
2025-26,248857,85.0
2025-26,248875,113.0
2025-26,249231,230.0
2025-26,250199,192.0
2025-26,424044,1.0
2025-26,424876,545.0
2025-26,427623,514.0
2025-26,427637,154.0
2025-26,430871,209.0
2025-26,431248,522.0
2025-26,431639,66.0
2025-26,432422,475.0
2025-26,432714,22.0
2025-26,432720,60.0
2025-26,432830,650.0
2025-26,433036,172.0
2025-26,433154,82.0
2025-26,434399,306.0
2025-26,434752,347.0
2025-26,435973,47.0
2025-26,435997,84.0
2025-26,436416,
2025-26,437495,
2025-26,437499,420.0
2025-26,437505,38.0
2025-26,437730,211.0
2025-26,437738,62.0
2025-26,437748,9.0
2025-26,438234,24.0
2025-26,438464,
2025-26,440089,374.0
2025-26,440323,31.0
2025-26,440993,183.0
2025-26,441164,711.0
2025-26,441191,200.0
2025-26,441264,45.0
2025-26,441266,489.0
2025-26,441302,211.0
2025-26,444102,69.0
2025-26,444145,54.0
2025-26,444180,209.0
2025-26,444463,391.0
2025-26,444765,444.0
2025-26,444884,27.0
2025-26,445044,
2025-26,445122,394.0
2025-26,446008,171.0
2025-26,448047,561.0
2025-26,448089,363.0
2025-26,448104,273.0
2025-26,448514,113.0
2025-26,449027,146.0
2025-26,449434,119.0
2025-26,449871,245.0
2025-26,450070,164.0
2025-26,451302,124.0
2025-26,451340,122.0
2025-26,456512,60.0
2025-26,457569,505.0
2025-26,458249,44.0
2025-26,460028,76.0
2025-26,460842,75.0
2025-26,461188,371.0
2025-26,461195,44.0
2025-26,461199,16.0
2025-26,462116,272.0
2025-26,462424,586.0
2025-26,463034,35.0
2025-26,463067,164.0
2025-26,463936,22.0
2025-26,463981,452.0
2025-26,464353,
2025-26,465247,662.0
2025-26,465351,615.0
2025-26,465527,172.0
2025-26,465642,612.0
2025-26,465694,330.0
2025-26,465730,212.0
2025-26,465920,
2025-26,466052,296.0
2025-26,466075,218.0
2025-26,466525,309.0
2025-26,467189,353.0
2025-26,467779,277.0
2025-26,469130,3.0
2025-26,469142,958.0
2025-26,469272,74.0
2025-26,470313,80.0
2025-26,470315,29.0
2025-26,471798,
2025-26,472713,78.0
2025-26,472769,346.0
2025-26,474907,
2025-26,475168,174.0
2025-26,476887,48.0
2025-26,477064,80.0
2025-26,477424,366.0
2025-26,477555,71.0
2025-26,477717,462.0
2025-26,477851,
2025-26,478969,227.0
2025-26,480455,156.0
2025-26,481283,
2025-26,481655,545.0
2025-26,482442,163.0
2025-26,482609,353.0
2025-26,482973,114.0
2025-26,483081,70.0
2025-26,484420,317.0
2025-26,485047,343.0
2025-26,485055,138.0
2025-26,485337,47.0
2025-26,485711,59.0
2025-26,486385,39.0
2025-26,486520,145.0
2025-26,486672,460.0
2025-26,487053,214.0
2025-26,487676,425.0
2025-26,487838,463.0
2025-26,488024,249.0
2025-26,488213,48.0
2025-26,489580,
2025-26,489639,770.0
2025-26,489706,73.0
2025-26,489888,98.0
2025-26,490094,125.0
2025-26,490142,175.0
2025-26,490721,281.0
2025-26,491007,7.0
2025-26,491279,538.0
2025-26,491460,
2025-26,491501,
2025-26,492777,168.0
2025-26,492831,3.0
2025-26,492859,50.0
2025-26,493105,28.0
2025-26,493125,87.0
2025-26,493250,163.0
2025-26,493362,229.0
2025-26,494307,32.0
2025-26,494521,604.0
2025-26,494556,
2025-26,494595,342.0
2025-26,494960,254.0
2025-26,496185,
2025-26,496208,4.0
2025-26,496221,454.0
2025-26,496661,14.0
2025-26,497949,101.0
2025-26,498016,846.0
2025-26,499167,
2025-26,499169,91.0
2025-26,499173,
2025-26,499300,
2025-26,499309,7.0
2025-26,499604,65.0
2025-26,499716,
2025-26,499726,2.0
2025-26,499731,
2025-26,499857,
2025-26,500040,196.0
2025-26,500058,
2025-26,500151,153.0
2025-26,501837,341.0
2025-26,502500,142.0
2025-26,502697,63.0
2025-26,503139,352.0
2025-26,503301,107.0
2025-26,503714,243.0
2025-26,505079,
2025-26,507433,21.0
2025-26,508395,370.0
2025-26,508479,81.0
2025-26,509291,334.0
2025-26,509416,212.0
2025-26,510281,53.0
2025-26,510362,299.0
2025-26,510663,73.0
2025-26,511499,94.0
2025-26,512462,471.0
2025-26,513418,177.0
2025-26,513466,33.0
2025-26,514254,176.0
2025-26,514356,66.0
2025-26,514515,
2025-26,514613,
2025-26,515046,70.0
2025-26,515597,151.0
2025-26,515621,131.0
2025-26,516234,
2025-26,516875,
2025-26,516895,248.0
2025-26,518030,77.0
2025-26,518335,
2025-26,518442,
2025-26,518906,
2025-26,519440,
2025-26,519909,
2025-26,519913,2.0
2025-26,520280,
2025-26,523705,149.0
2025-26,530318,2.0
2025-26,530331,
2025-26,530335,49.0
2025-26,532529,171.0
2025-26,532605,201.0
2025-26,533463,149.0
2025-26,535017,
2025-26,535301,152.0
2025-26,535928,
2025-26,536108,
2025-26,536109,122.0
2025-26,536119,
2025-26,536134,
2025-26,536661,22.0
2025-26,536682,
2025-26,536687,
2025-26,536916,7.0
2025-26,538207,15.0
2025-26,541462,
2025-26,543295,5.0
2025-26,544877,379.0
2025-26,545477,
2025-26,546865,
2025-26,547027,102.0
2025-26,547037,8.0
2025-26,547410,
2025-26,547671,
2025-26,547676,1.0
2025-26,547701,177.0
2025-26,547719,220.0
2025-26,547720,
2025-26,547801,
2025-26,549067,33.0
2025-26,549329,152.0
2025-26,549912,64.0
2025-26,550615,32.0
2025-26,550839,77.0
2025-26,550864,358.0
2025-26,551210,200.0
2025-26,551221,
2025-26,551226,425.0
2025-26,551483,338.0
2025-26,553742,
2025-26,553746,
2025-26,553747,
2025-26,554054,
2025-26,554197,77.0
2025-26,556637,
2025-26,559610,
2025-26,559684,
2025-26,560262,109.0
2025-26,560552,83.0
2025-26,564406,28.0
2025-26,564505,
2025-26,564940,116.0
2025-26,565863,
2025-26,566164,
2025-26,566214,
2025-26,567119,
2025-26,568159,
2025-26,569014,
2025-26,570526,85.0
2025-26,570929,
2025-26,571087,
2025-26,571449,
2025-26,572702,
2025-26,574458,17.0
2025-26,575458,96.0
2025-26,575476,494.0
2025-26,575901,5.0
2025-26,576620,
2025-26,576628,3.0
2025-26,576634,
2025-26,576637,
2025-26,576980,
2025-26,577016,102.0
2025-26,577285,1.0
2025-26,577669,302.0
2025-26,577722,
2025-26,577725,97.0
2025-26,577978,
2025-26,577980,
2025-26,578153,303.0
2025-26,578614,
2025-26,580919,
2025-26,580921,
2025-26,586268,
2025-26,586309,77.0
2025-26,587433,
2025-26,589117,
2025-26,589121,
2025-26,590012,
2025-26,590014,11.0
2025-26,590040,
2025-26,591384,
2025-26,591385,
2025-26,591386,7.0
2025-26,591894,
2025-26,592031,131.0
2025-26,592740,
2025-26,593001,
2025-26,593174,
2025-26,595480,
2025-26,596042,
2025-26,596047,
2025-26,596054,2.0
2025-26,596777,114.0
2025-26,597320,6.0
2025-26,597983,
2025-26,599303,
2025-26,601956,
2025-26,602903,36.0
2025-26,604988,
2025-26,605319,
2025-26,606689,4.0
2025-26,606745,136.0
2025-26,606774,
2025-26,606796,
2025-26,606798,7.0
2025-26,607464,333.0
2025-26,608028,
2025-26,608181,5.0
2025-26,609873,52.0
2025-26,610818,
2025-26,611912,
2025-26,611917,
2025-26,611920,
2025-26,611921,
2025-26,611922,14.0
2025-26,611926,
2025-26,611975,
2025-26,613232,
2025-26,613804,468.0
2025-26,614574,13.0
2025-26,616059,
2025-26,616065,
2025-26,616068,
2025-26,616074,
2025-26,616077,5.0
2025-26,616221,11.0
2025-26,616252,
2025-26,616286,
2025-26,616288,
2025-26,616957,
2025-26,617719,
2025-26,618027,
2025-26,619536,
2025-26,619734,3.0
2025-26,620487,65.0
2025-26,623110,
2025-26,624773,48.0
2025-26,626844,
2025-26,627550,
2025-26,627888,
2025-26,629068,
2025-26,630668,
2025-26,630699,8.0
2025-26,631106,
2025-26,631786,5.0
2025-26,640419,1.0
2025-26,641221,24.0
2025-26,643000,
2025-26,643426,
2025-26,643473,
2025-26,643970,
2025-26,644593,
2025-26,645551,
2025-26,645618,
2025-26,646243,
2025-26,647429,
2025-26,647671,138.0
2025-26,647681,
2025-26,647850,31.0
2025-26,647960,
2025-26,649240,
2025-26,651426,287.0
2025-26,653481,3.0
2025-26,658013,
2025-26,659290,
2025-26,660392,20.0
2025-26,661712,
2025-26,664015,
2025-26,666607,
2025-26,671606,
2025-26,672492,3.0
2025-26,677945,
2025-26,678552,
2025-26,680832,
2025-26,685628,5.0
2025-26,687076,
2025-26,690838,
2025-26,699989,1.0
2025-26,704232,
2025-26,704962,
2025-26,718875,
2026-27,17761,47.0
2026-27,49262,
2026-27,50175,
2026-27,54469,28.0
2026-27,59735,
2026-27,60307,56.0
2026-27,60689,1.0
2026-27,67089,
2026-27,72147,23.0
2026-27,75115,
2026-27,79602,
2026-27,80201,51.0
2026-27,83299,96.0
2026-27,84450,52.0
2026-27,85633,76.0
2026-27,86873,
2026-27,88894,39.0
2026-27,91651,9.0
2026-27,93605,34.0
2026-27,95658,67.0
2026-27,97032,87.0
2026-27,97846,
2026-27,98747,
2026-27,98980,65.0
2026-27,101282,4.0
2026-27,106611,
2026-27,106760,55.0
2026-27,106921,
2026-27,108413,1.0
2026-27,108416,28.0
2026-27,108813,
2026-27,109745,
2026-27,110690,
2026-27,111234,68.0
2026-27,111317,1.0
2026-27,114243,1.0
2026-27,114283,6.0
2026-27,115556,
2026-27,116535,44.0
2026-27,119471,
2026-27,121709,
2026-27,122798,37.0
2026-27,122806,27.0
2026-27,135720,26.0
2026-27,141746,58.0
2026-27,146426,33.0
2026-27,147675,1.0
2026-27,149484,17.0
2026-27,152551,
2026-27,153133,66.0
2026-27,153366,
2026-27,153682,10.0
2026-27,154043,
2026-27,154561,57.0
2026-27,154566,2.0
2026-27,155408,15.0
2026-27,155465,
2026-27,158499,4.0
2026-27,158983,
2026-27,159506,38.0
2026-27,160817,2.0
2026-27,166477,36.0
2026-27,166989,67.0
2026-27,167074,
2026-27,167512,19.0
2026-27,167825,
2026-27,168144,68.0
2026-27,169359,2.0
2026-27,169432,20.0
2026-27,169528,42.0
2026-27,171270,
2026-27,171314,92.0
2026-27,172649,31.0
2026-27,172780,5.0
2026-27,172850,1.0
2026-27,173774,21.0
2026-27,173878,45.0
2026-27,173879,
2026-27,174594,1.0
2026-27,174874,52.0
2026-27,176297,18.0
2026-27,176420,4.0
2026-27,177815,19.0
2026-27,180135,
2026-27,183015,
2026-27,184029,45.0
2026-27,184341,
2026-27,184349,15.0
2026-27,184667,55.0
2026-27,191866,55.0
2026-27,193278,21.0
2026-27,194010,1.0
2026-27,195384,9.0
2026-27,195546,21.0
2026-27,196100,7.0
2026-27,198869,61.0
2026-27,199598,46.0
2026-27,199796,36.0
2026-27,199798,9.0
2026-27,200089,3.0
2026-27,200617,3.0
2026-27,200720,58.0
2026-27,200785,24.0
2026-27,200834,36.0
2026-27,201658,17.0
2026-27,201666,13.0
2026-27,201895,12.0
2026-27,202993,28.0
2026-27,204120,63.0
2026-27,204480,77.0
2026-27,204561,21.0
2026-27,204580,57.0
2026-27,204813,
2026-27,204936,35.0
2026-27,204968,
2026-27,205533,8.0
2026-27,207189,24.0
2026-27,207283,4.0
2026-27,208706,6.0
2026-27,209036,103.0
2026-27,209046,1.0
2026-27,209244,16.0
2026-27,209289,5.0
2026-27,209400,35.0
2026-27,210156,5.0
2026-27,210462,22.0
2026-27,212314,29.0
2026-27,212319,2.0
2026-27,214225,13.0
2026-27,214285,7.0
2026-27,214590,6.0
2026-27,215136,31.0
2026-27,215379,83.0
2026-27,215413,27.0
2026-27,216051,21.0
2026-27,216055,
2026-27,216094,24.0
2026-27,216616,47.0
2026-27,216646,21.0
2026-27,218543,27.0
2026-27,218997,
2026-27,219168,7.0
2026-27,219249,
2026-27,219847,14.0
2026-27,219924,53.0
2026-27,220237,64.0
2026-27,220362,20.0
2026-27,220627,24.0
2026-27,221389,
2026-27,221466,33.0
2026-27,221820,42.0
2026-27,222531,18.0
2026-27,222683,8.0
2026-27,222694,1.0
2026-27,223094,4.0
2026-27,223340,20.0
2026-27,223723,18.0
2026-27,223827,40.0
2026-27,224117,1.0
2026-27,224967,55.0
2026-27,225796,28.0
2026-27,226182,25.0
2026-27,226597,47.0
2026-27,226944,41.0
2026-27,226965,6.0
2026-27,227444,36.0
2026-27,229600,
2026-27,230001,23.0
2026-27,230650,
2026-27,230730,8.0
2026-27,231065,10.0
2026-27,231416,28.0
2026-27,231747,1.0
2026-27,232351,18.0
2026-27,232413,3.0
2026-27,232653,10.0
2026-27,232787,11.0
2026-27,232892,98.0
2026-27,232928,21.0
2026-27,240514,60.0
2026-27,241293,5.0
2026-27,242313,1.0
2026-27,242882,
2026-27,242898,6.0
2026-27,243016,31.0
2026-27,243298,16.0
2026-27,243413,22.0
2026-27,243526,12.0
2026-27,243951,1.0
2026-27,244042,2.0
2026-27,244723,22.0
2026-27,244850,19.0
2026-27,244851,37.0
2026-27,244858,
2026-27,244860,24.0
2026-27,244954,35.0
2026-27,246301,37.0
2026-27,247348,8.0
2026-27,247412,6.0
2026-27,247632,14.0
2026-27,248056,13.0
2026-27,248857,3.0
2026-27,249231,43.0
2026-27,250199,2.0
2026-27,424876,35.0
2026-27,427623,38.0
2026-27,427637,7.0
2026-27,428580,15.0
2026-27,430871,15.0
2026-27,431639,3.0
2026-27,432422,37.0
2026-27,432714,32.0
2026-27,432720,77.0
2026-27,432830,38.0
2026-27,433154,4.0
2026-27,433969,33.0
2026-27,434399,57.0
2026-27,434752,34.0
2026-27,435997,9.0
2026-27,437497,
2026-27,437499,36.0
2026-27,437505,3.0
2026-27,437730,11.0
2026-27,438234,6.0
2026-27,438464,
2026-27,439509,11.0
2026-27,439668,
2026-27,440089,32.0
2026-27,440993,24.0
2026-27,441164,32.0
2026-27,441191,
2026-27,441264,6.0
2026-27,441266,26.0
2026-27,441302,15.0
2026-27,442299,
2026-27,442967,3.0
2026-27,443261,10.0
2026-27,444102,6.0
2026-27,444180,17.0
2026-27,444463,28.0
2026-27,445028,5.0
2026-27,445087,24.0
2026-27,446008,10.0
2026-27,448047,23.0
2026-27,448089,2.0
2026-27,448104,6.0
2026-27,448514,
2026-27,449027,
2026-27,449429,42.0
2026-27,449434,13.0
2026-27,450063,8.0
2026-27,451284,27.0
2026-27,451490,9.0
2026-27,454490,
2026-27,455084,25.0
2026-27,456512,11.0
2026-27,457569,65.0
2026-27,458249,
2026-27,460028,18.0
2026-27,460842,3.0
2026-27,461102,49.0
2026-27,461199,1.0
2026-27,461587,2.0
2026-27,463034,6.0
2026-27,463067,3.0
2026-27,463210,26.0
2026-27,463726,23.0
2026-27,463936,
2026-27,463981,78.0
2026-27,465247,33.0
2026-27,465351,4.0
2026-27,465642,45.0
2026-27,465680,
2026-27,465694,23.0
2026-27,465730,21.0
2026-27,465920,2.0
2026-27,466052,32.0
2026-27,466075,15.0
2026-27,466525,33.0
2026-27,467779,21.0
2026-27,469142,70.0
2026-27,469266,16.0
2026-27,469272,11.0
2026-27,470315,5.0
2026-27,470551,65.0
2026-27,472713,10.0
2026-27,472739,89.0
2026-27,472769,17.0
2026-27,473284,91.0
2026-27,474120,15.0
2026-27,475168,23.0
2026-27,477064,2.0
2026-27,477424,50.0
2026-27,477555,15.0
2026-27,480455,44.0
2026-27,480457,25.0
2026-27,481655,11.0
2026-27,482609,17.0
2026-27,482616,
2026-27,482973,15.0
2026-27,483067,50.0
2026-27,484420,26.0
2026-27,485055,57.0
2026-27,485337,3.0
2026-27,485711,2.0
2026-27,486672,1.0
2026-27,487053,22.0
2026-27,487676,12.0
2026-27,487838,45.0
2026-27,487992,7.0
2026-27,488024,24.0
2026-27,489639,65.0
2026-27,490094,
2026-27,490884,3.0
2026-27,491279,28.0
2026-27,491501,
2026-27,493105,
2026-27,494521,36.0
2026-27,494595,38.0
2026-27,494928,
2026-27,496181,1.0
2026-27,496208,1.0
2026-27,496221,54.0
2026-27,496661,
2026-27,498016,61.0
2026-27,498444,8.0
2026-27,499169,34.0
2026-27,499604,16.0
2026-27,500033,
2026-27,500040,27.0
2026-27,501390,16.0
2026-27,501459,2.0
2026-27,502500,14.0
2026-27,502697,1.0
2026-27,503139,42.0
2026-27,507433,
2026-27,508395,17.0
2026-27,509416,14.0
2026-27,510281,4.0
2026-27,511499,14.0
2026-27,512123,
2026-27,512462,
2026-27,513086,9.0
2026-27,513418,25.0
2026-27,513466,27.0
2026-27,513545,40.0
2026-27,514254,27.0
2026-27,514356,14.0
2026-27,514514,2.0
2026-27,515046,
2026-27,515597,
2026-27,515621,14.0
2026-27,516895,32.0
2026-27,517052,6.0
2026-27,522047,51.0
2026-27,523700,1.0
2026-27,531442,17.0
2026-27,532529,2.0
2026-27,532605,19.0
2026-27,533463,16.0
2026-27,533646,
2026-27,536661,15.0
2026-27,538007,
2026-27,538207,1.0
2026-27,539142,56.0
2026-27,540324,10.0
2026-27,543158,
2026-27,543968,3.0
2026-27,544877,48.0
2026-27,547027,1.0
2026-27,547701,24.0
2026-27,547719,31.0
2026-27,549912,1.0
2026-27,549939,
2026-27,549940,
2026-27,550615,12.0
2026-27,550864,4.0
2026-27,551050,6.0
2026-27,551210,14.0
2026-27,551226,16.0
2026-27,551466,12.0
2026-27,551499,8.0
2026-27,552946,
2026-27,554054,2.0
2026-27,554197,1.0
2026-27,554578,
2026-27,556637,
2026-27,557012,
2026-27,559152,1.0
2026-27,560552,2.0
2026-27,561245,
2026-27,568420,1.0
2026-27,570526,3.0
2026-27,570794,27.0
2026-27,571779,16.0
2026-27,572584,6.0
2026-27,575458,43.0
2026-27,575476,57.0
2026-27,575901,
2026-27,576628,1.0
2026-27,577016,22.0
2026-27,577285,11.0
2026-27,577669,24.0
2026-27,577725,20.0
2026-27,578153,73.0
2026-27,586309,8.0
2026-27,587982,
2026-27,591386,9.0
2026-27,592740,
2026-27,592984,
2026-27,593117,1.0
2026-27,595480,
2026-27,596777,4.0
2026-27,597462,9.0
2026-27,606702,55.0
2026-27,606745,20.0
2026-27,606930,22.0
2026-27,607464,12.0
2026-27,608227,5.0
2026-27,609873,19.0
2026-27,610799,60.0
2026-27,611665,
2026-27,611695,15.0
2026-27,611917,
2026-27,611922,2.0
2026-27,612855,1.0
2026-27,613221,
2026-27,613804,
2026-27,614574,3.0
2026-27,616069,
2026-27,616077,
2026-27,616222,4.0
2026-27,616288,1.0
2026-27,624773,3.0
2026-27,629068,
2026-27,631000,
2026-27,632794,
2026-27,636852,12.0
2026-27,637238,7.0
2026-27,638411,
2026-27,638987,
2026-27,643970,
2026-27,647839,
2026-27,647850,10.0
2026-27,651426,75.0
2026-27,653481,1.0
2026-27,661888,17.0
2026-27,696104,
2026-27,699989,
2026-27,700308,1.0
