source_surface,resource,grain,field_name,field_type,status,statuses_seen,types_seen,notes,canonical_attachment,relationship_kind,identity_contract,source_identity_required,relationship_note,player_route,player_contract,fixture_route,fixture_contract,team_route,team_contract,route_status,attachment_verified,final_route_status,player_evidence_gate,fixture_evidence_gate,team_evidence_gate,provider_season_namespace_entries
FRL_LOCAL_CSV,player_match,player_match,accurateCross,unknown,UNCATALOGUED,UNCATALOGUED,unknown,coverage=CORE_DECADE; seasons=10/10,player_fixture,OBSERVATION,player_identity_to_player_match_observations,True,Player-match observations require verified player and fixture identity.,PLAYER_IDENTITY_TO_PLAYER_MATCH,player_identity_to_player_match_observations,CANONICAL_FIXTURE_TO_SOURCE_MATCH,canonical_fixture_to_source_match,,,EXPLICIT_SOURCE_GRAIN_ROUTE,NOT_YET_PROVEN,ROUTE_IMPLEMENTED,VERIFIED_PLAYER_IDENTITY_REQUIRED,VERIFIED_SOURCE_MATCH_ROUTE,NONE,1
FRL_LOCAL_CSV,player_match,player_match,accurateKeeperSweeper,unknown,UNCATALOGUED,UNCATALOGUED,unknown,coverage=CORE_DECADE; seasons=10/10,player_fixture,OBSERVATION,player_identity_to_player_match_observations,True,Player-match observations require verified player and fixture identity.,PLAYER_IDENTITY_TO_PLAYER_MATCH,player_identity_to_player_match_observations,CANONICAL_FIXTURE_TO_SOURCE_MATCH,canonical_fixture_to_source_match,,,EXPLICIT_SOURCE_GRAIN_ROUTE,NOT_YET_PROVEN,ROUTE_IMPLEMENTED,VERIFIED_PLAYER_IDENTITY_REQUIRED,VERIFIED_SOURCE_MATCH_ROUTE,NONE,1
FRL_LOCAL_CSV,player_match,player_match,accurateLongBalls,unknown,exposed,exposed,unknown,coverage=CORE_DECADE; seasons=10/10,player_fixture,OBSERVATION,player_identity_to_player_match_observations,True,Player-match observations require verified player and fixture identity.,PLAYER_IDENTITY_TO_PLAYER_MATCH,player_identity_to_player_match_observations,CANONICAL_FIXTURE_TO_SOURCE_MATCH,canonical_fixture_to_source_match,,,EXPLICIT_SOURCE_GRAIN_ROUTE,NOT_YET_PROVEN,ROUTE_IMPLEMENTED,VERIFIED_PLAYER_IDENTITY_REQUIRED,VERIFIED_SOURCE_MATCH_ROUTE,NONE,1
FRL_LOCAL_CSV,player_match,player_match,accurateOppositionHalfPasses,unknown,exposed,exposed,unknown,coverage=CORE_DECADE; seasons=10/10,player_fixture,OBSERVATION,player_identity_to_player_match_observations,True,Player-match observations require verified player and fixture identity.,PLAYER_IDENTITY_TO_PLAYER_MATCH,player_identity_to_player_match_observations,CANONICAL_FIXTURE_TO_SOURCE_MATCH,canonical_fixture_to_source_match,,,EXPLICIT_SOURCE_GRAIN_ROUTE,NOT_YET_PROVEN,ROUTE_IMPLEMENTED,VERIFIED_PLAYER_IDENTITY_REQUIRED,VERIFIED_SOURCE_MATCH_ROUTE,NONE,1
FRL_LOCAL_CSV,player_match,player_match,accurateOwnHalfPasses,unknown,exposed,exposed,unknown,coverage=CORE_DECADE; seasons=10/10,player_fixture,OBSERVATION,player_identity_to_player_match_observations,True,Player-match observations require verified player and fixture identity.,PLAYER_IDENTITY_TO_PLAYER_MATCH,player_identity_to_player_match_observations,CANONICAL_FIXTURE_TO_SOURCE_MATCH,canonical_fixture_to_source_match,,,EXPLICIT_SOURCE_GRAIN_ROUTE,NOT_YET_PROVEN,ROUTE_IMPLEMENTED,VERIFIED_PLAYER_IDENTITY_REQUIRED,VERIFIED_SOURCE_MATCH_ROUTE,NONE,1
FRL_LOCAL_CSV,player_match,player_match,accuratePass,unknown,exposed,exposed,unknown,coverage=CORE_DECADE; seasons=10/10,player_fixture,OBSERVATION,player_identity_to_player_match_observations,True,Player-match observations require verified player and fixture identity.,PLAYER_IDENTITY_TO_PLAYER_MATCH,player_identity_to_player_match_observations,CANONICAL_FIXTURE_TO_SOURCE_MATCH,canonical_fixture_to_source_match,,,EXPLICIT_SOURCE_GRAIN_ROUTE,NOT_YET_PROVEN,ROUTE_IMPLEMENTED,VERIFIED_PLAYER_IDENTITY_REQUIRED,VERIFIED_SOURCE_MATCH_ROUTE,NONE,1
FRL_LOCAL_CSV,player_match,player_match,aerialLost,unknown,exposed,exposed,unknown,coverage=CORE_DECADE; seasons=10/10,player_fixture,OBSERVATION,player_identity_to_player_match_observations,True,Player-match observations require verified player and fixture identity.,PLAYER_IDENTITY_TO_PLAYER_MATCH,player_identity_to_player_match_observations,CANONICAL_FIXTURE_TO_SOURCE_MATCH,canonical_fixture_to_source_match,,,EXPLICIT_SOURCE_GRAIN_ROUTE,NOT_YET_PROVEN,ROUTE_IMPLEMENTED,VERIFIED_PLAYER_IDENTITY_REQUIRED,VERIFIED_SOURCE_MATCH_ROUTE,NONE,1
FRL_LOCAL_CSV,player_match,player_match,aerialWon,unknown,exposed,exposed,unknown,coverage=CORE_DECADE; seasons=10/10,player_fixture,OBSERVATION,player_identity_to_player_match_observations,True,Player-match observations require verified player and fixture identity.,PLAYER_IDENTITY_TO_PLAYER_MATCH,player_identity_to_player_match_observations,CANONICAL_FIXTURE_TO_SOURCE_MATCH,canonical_fixture_to_source_match,,,EXPLICIT_SOURCE_GRAIN_ROUTE,NOT_YET_PROVEN,ROUTE_IMPLEMENTED,VERIFIED_PLAYER_IDENTITY_REQUIRED,VERIFIED_SOURCE_MATCH_ROUTE,NONE,1
FRL_LOCAL_CSV,player_match,player_match,ballCarriesCount,unknown,exposed,exposed,unknown,coverage=INTERMITTENT; seasons=4/10,player_fixture,OBSERVATION,player_identity_to_player_match_observations,True,Player-match observations require verified player and fixture identity.,PLAYER_IDENTITY_TO_PLAYER_MATCH,player_identity_to_player_match_observations,CANONICAL_FIXTURE_TO_SOURCE_MATCH,canonical_fixture_to_source_match,,,EXPLICIT_SOURCE_GRAIN_ROUTE,NOT_YET_PROVEN,ROUTE_IMPLEMENTED,VERIFIED_PLAYER_IDENTITY_REQUIRED,VERIFIED_SOURCE_MATCH_ROUTE,NONE,1
FRL_LOCAL_CSV,player_match,player_match,ballRecovery,unknown,UNCATALOGUED,UNCATALOGUED,unknown,coverage=CORE_DECADE; seasons=10/10,player_fixture,OBSERVATION,player_identity_to_player_match_observations,True,Player-match observations require verified player and fixture identity.,PLAYER_IDENTITY_TO_PLAYER_MATCH,player_identity_to_player_match_observations,CANONICAL_FIXTURE_TO_SOURCE_MATCH,canonical_fixture_to_source_match,,,EXPLICIT_SOURCE_GRAIN_ROUTE,NOT_YET_PROVEN,ROUTE_IMPLEMENTED,VERIFIED_PLAYER_IDENTITY_REQUIRED,VERIFIED_SOURCE_MATCH_ROUTE,NONE,1
FRL_LOCAL_CSV,player_match,player_match,bigChanceCreated,unknown,exposed,exposed,unknown,coverage=CORE_DECADE; seasons=10/10,player_fixture,OBSERVATION,player_identity_to_player_match_observations,True,Player-match observations require verified player and fixture identity.,PLAYER_IDENTITY_TO_PLAYER_MATCH,player_identity_to_player_match_observations,CANONICAL_FIXTURE_TO_SOURCE_MATCH,canonical_fixture_to_source_match,,,EXPLICIT_SOURCE_GRAIN_ROUTE,NOT_YET_PROVEN,ROUTE_IMPLEMENTED,VERIFIED_PLAYER_IDENTITY_REQUIRED,VERIFIED_SOURCE_MATCH_ROUTE,NONE,1
FRL_LOCAL_CSV,player_match,player_match,bigChanceMissed,unknown,UNCATALOGUED,UNCATALOGUED,unknown,coverage=CORE_DECADE; seasons=10/10,player_fixture,OBSERVATION,player_identity_to_player_match_observations,True,Player-match observations require verified player and fixture identity.,PLAYER_IDENTITY_TO_PLAYER_MATCH,player_identity_to_player_match_observations,CANONICAL_FIXTURE_TO_SOURCE_MATCH,canonical_fixture_to_source_match,,,EXPLICIT_SOURCE_GRAIN_ROUTE,NOT_YET_PROVEN,ROUTE_IMPLEMENTED,VERIFIED_PLAYER_IDENTITY_REQUIRED,VERIFIED_SOURCE_MATCH_ROUTE,NONE,1
FRL_LOCAL_CSV,player_match,player_match,blockedScoringAttempt,unknown,UNCATALOGUED,UNCATALOGUED,unknown,coverage=CORE_DECADE; seasons=10/10,player_fixture,OBSERVATION,player_identity_to_player_match_observations,True,Player-match observations require verified player and fixture identity.,PLAYER_IDENTITY_TO_PLAYER_MATCH,player_identity_to_player_match_observations,CANONICAL_FIXTURE_TO_SOURCE_MATCH,canonical_fixture_to_source_match,,,EXPLICIT_SOURCE_GRAIN_ROUTE,NOT_YET_PROVEN,ROUTE_IMPLEMENTED,VERIFIED_PLAYER_IDENTITY_REQUIRED,VERIFIED_SOURCE_MATCH_ROUTE,NONE,1
FRL_LOCAL_CSV,player_match,player_match,challengeLost,unknown,UNCATALOGUED,UNCATALOGUED,unknown,coverage=CORE_DECADE; seasons=10/10,player_fixture,OBSERVATION,player_identity_to_player_match_observations,True,Player-match observations require verified player and fixture identity.,PLAYER_IDENTITY_TO_PLAYER_MATCH,player_identity_to_player_match_observations,CANONICAL_FIXTURE_TO_SOURCE_MATCH,canonical_fixture_to_source_match,,,EXPLICIT_SOURCE_GRAIN_ROUTE,NOT_YET_PROVEN,ROUTE_IMPLEMENTED,VERIFIED_PLAYER_IDENTITY_REQUIRED,VERIFIED_SOURCE_MATCH_ROUTE,NONE,1
FRL_LOCAL_CSV,player_match,player_match,clearanceOffLine,unknown,UNCATALOGUED,UNCATALOGUED,unknown,coverage=CORE_DECADE; seasons=10/10,player_fixture,OBSERVATION,player_identity_to_player_match_observations,True,Player-match observations require verified player and fixture identity.,PLAYER_IDENTITY_TO_PLAYER_MATCH,player_identity_to_player_match_observations,CANONICAL_FIXTURE_TO_SOURCE_MATCH,canonical_fixture_to_source_match,,,EXPLICIT_SOURCE_GRAIN_ROUTE,NOT_YET_PROVEN,ROUTE_IMPLEMENTED,VERIFIED_PLAYER_IDENTITY_REQUIRED,VERIFIED_SOURCE_MATCH_ROUTE,NONE,1
FRL_LOCAL_CSV,player_match,player_match,crossNotClaimed,unknown,UNCATALOGUED,UNCATALOGUED,unknown,coverage=CORE_DECADE; seasons=10/10,player_fixture,OBSERVATION,player_identity_to_player_match_observations,True,Player-match observations require verified player and fixture identity.,PLAYER_IDENTITY_TO_PLAYER_MATCH,player_identity_to_player_match_observations,CANONICAL_FIXTURE_TO_SOURCE_MATCH,canonical_fixture_to_source_match,,,EXPLICIT_SOURCE_GRAIN_ROUTE,NOT_YET_PROVEN,ROUTE_IMPLEMENTED,VERIFIED_PLAYER_IDENTITY_REQUIRED,VERIFIED_SOURCE_MATCH_ROUTE,NONE,1
FRL_LOCAL_CSV,player_match,player_match,dispossessed,unknown,UNCATALOGUED,UNCATALOGUED,unknown,coverage=CORE_DECADE; seasons=10/10,player_fixture,OBSERVATION,player_identity_to_player_match_observations,True,Player-match observations require verified player and fixture identity.,PLAYER_IDENTITY_TO_PLAYER_MATCH,player_identity_to_player_match_observations,CANONICAL_FIXTURE_TO_SOURCE_MATCH,canonical_fixture_to_source_match,,,EXPLICIT_SOURCE_GRAIN_ROUTE,NOT_YET_PROVEN,ROUTE_IMPLEMENTED,VERIFIED_PLAYER_IDENTITY_REQUIRED,VERIFIED_SOURCE_MATCH_ROUTE,NONE,1
FRL_LOCAL_CSV,player_match,player_match,duelLost,unknown,exposed,exposed,unknown,coverage=CORE_DECADE; seasons=10/10,player_fixture,OBSERVATION,player_identity_to_player_match_observations,True,Player-match observations require verified player and fixture identity.,PLAYER_IDENTITY_TO_PLAYER_MATCH,player_identity_to_player_match_observations,CANONICAL_FIXTURE_TO_SOURCE_MATCH,canonical_fixture_to_source_match,,,EXPLICIT_SOURCE_GRAIN_ROUTE,NOT_YET_PROVEN,ROUTE_IMPLEMENTED,VERIFIED_PLAYER_IDENTITY_REQUIRED,VERIFIED_SOURCE_MATCH_ROUTE,NONE,1
FRL_LOCAL_CSV,player_match,player_match,duelWon,unknown,exposed,exposed,unknown,coverage=CORE_DECADE; seasons=10/10,player_fixture,OBSERVATION,player_identity_to_player_match_observations,True,Player-match observations require verified player and fixture identity.,PLAYER_IDENTITY_TO_PLAYER_MATCH,player_identity_to_player_match_observations,CANONICAL_FIXTURE_TO_SOURCE_MATCH,canonical_fixture_to_source_match,,,EXPLICIT_SOURCE_GRAIN_ROUTE,NOT_YET_PROVEN,ROUTE_IMPLEMENTED,VERIFIED_PLAYER_IDENTITY_REQUIRED,VERIFIED_SOURCE_MATCH_ROUTE,NONE,1
FRL_LOCAL_CSV,player_match,player_match,errorLeadToAGoal,unknown,UNCATALOGUED,UNCATALOGUED,unknown,coverage=CORE_DECADE; seasons=10/10,player_fixture,OBSERVATION,player_identity_to_player_match_observations,True,Player-match observations require verified player and fixture identity.,PLAYER_IDENTITY_TO_PLAYER_MATCH,player_identity_to_player_match_observations,CANONICAL_FIXTURE_TO_SOURCE_MATCH,canonical_fixture_to_source_match,,,EXPLICIT_SOURCE_GRAIN_ROUTE,NOT_YET_PROVEN,ROUTE_IMPLEMENTED,VERIFIED_PLAYER_IDENTITY_REQUIRED,VERIFIED_SOURCE_MATCH_ROUTE,NONE,1
FRL_LOCAL_CSV,player_match,player_match,errorLeadToAShot,unknown,UNCATALOGUED,UNCATALOGUED,unknown,coverage=CORE_DECADE; seasons=10/10,player_fixture,OBSERVATION,player_identity_to_player_match_observations,True,Player-match observations require verified player and fixture identity.,PLAYER_IDENTITY_TO_PLAYER_MATCH,player_identity_to_player_match_observations,CANONICAL_FIXTURE_TO_SOURCE_MATCH,canonical_fixture_to_source_match,,,EXPLICIT_SOURCE_GRAIN_ROUTE,NOT_YET_PROVEN,ROUTE_IMPLEMENTED,VERIFIED_PLAYER_IDENTITY_REQUIRED,VERIFIED_SOURCE_MATCH_ROUTE,NONE,1
FRL_LOCAL_CSV,player_match,player_match,expectedAssists,unknown,exposed,exposed,unknown,coverage=INTERMITTENT; seasons=4/10,player_fixture,OBSERVATION,player_identity_to_player_match_observations,True,Player-match observations require verified player and fixture identity.,PLAYER_IDENTITY_TO_PLAYER_MATCH,player_identity_to_player_match_observations,CANONICAL_FIXTURE_TO_SOURCE_MATCH,canonical_fixture_to_source_match,,,EXPLICIT_SOURCE_GRAIN_ROUTE,NOT_YET_PROVEN,ROUTE_IMPLEMENTED,VERIFIED_PLAYER_IDENTITY_REQUIRED,VERIFIED_SOURCE_MATCH_ROUTE,NONE,1
FRL_LOCAL_CSV,player_match,player_match,expectedGoals,unknown,exposed,exposed,unknown,coverage=INTERMITTENT; seasons=4/10,player_fixture,OBSERVATION,player_identity_to_player_match_observations,True,Player-match observations require verified player and fixture identity.,PLAYER_IDENTITY_TO_PLAYER_MATCH,player_identity_to_player_match_observations,CANONICAL_FIXTURE_TO_SOURCE_MATCH,canonical_fixture_to_source_match,,,EXPLICIT_SOURCE_GRAIN_ROUTE,NOT_YET_PROVEN,ROUTE_IMPLEMENTED,VERIFIED_PLAYER_IDENTITY_REQUIRED,VERIFIED_SOURCE_MATCH_ROUTE,NONE,1
FRL_LOCAL_CSV,player_match,player_match,expectedGoalsOnTarget,unknown,exposed,exposed,unknown,coverage=INTERMITTENT; seasons=4/10,player_fixture,OBSERVATION,player_identity_to_player_match_observations,True,Player-match observations require verified player and fixture identity.,PLAYER_IDENTITY_TO_PLAYER_MATCH,player_identity_to_player_match_observations,CANONICAL_FIXTURE_TO_SOURCE_MATCH,canonical_fixture_to_source_match,,,EXPLICIT_SOURCE_GRAIN_ROUTE,NOT_YET_PROVEN,ROUTE_IMPLEMENTED,VERIFIED_PLAYER_IDENTITY_REQUIRED,VERIFIED_SOURCE_MATCH_ROUTE,NONE,1
FRL_LOCAL_CSV,player_match,player_match,fouls,unknown,UNCATALOGUED,UNCATALOGUED,unknown,coverage=CORE_DECADE; seasons=10/10,player_fixture,OBSERVATION,player_identity_to_player_match_observations,True,Player-match observations require verified player and fixture identity.,PLAYER_IDENTITY_TO_PLAYER_MATCH,player_identity_to_player_match_observations,CANONICAL_FIXTURE_TO_SOURCE_MATCH,canonical_fixture_to_source_match,,,EXPLICIT_SOURCE_GRAIN_ROUTE,NOT_YET_PROVEN,ROUTE_IMPLEMENTED,VERIFIED_PLAYER_IDENTITY_REQUIRED,VERIFIED_SOURCE_MATCH_ROUTE,NONE,1
FRL_LOCAL_CSV,player_match,player_match,gameweek,unknown,exposed,exposed,unknown,coverage=CORE_DECADE; seasons=10/10,player_fixture,OBSERVATION,player_identity_to_player_match_observations,True,Player-match observations require verified player and fixture identity.,PLAYER_IDENTITY_TO_PLAYER_MATCH,player_identity_to_player_match_observations,CANONICAL_FIXTURE_TO_SOURCE_MATCH,canonical_fixture_to_source_match,,,EXPLICIT_SOURCE_GRAIN_ROUTE,NOT_YET_PROVEN,ROUTE_IMPLEMENTED,VERIFIED_PLAYER_IDENTITY_REQUIRED,VERIFIED_SOURCE_MATCH_ROUTE,NONE,1
FRL_LOCAL_CSV,player_match,player_match,goalAssist,unknown,exposed,exposed,unknown,coverage=CORE_DECADE; seasons=10/10,player_fixture,OBSERVATION,player_identity_to_player_match_observations,True,Player-match observations require verified player and fixture identity.,PLAYER_IDENTITY_TO_PLAYER_MATCH,player_identity_to_player_match_observations,CANONICAL_FIXTURE_TO_SOURCE_MATCH,canonical_fixture_to_source_match,,,EXPLICIT_SOURCE_GRAIN_ROUTE,NOT_YET_PROVEN,ROUTE_IMPLEMENTED,VERIFIED_PLAYER_IDENTITY_REQUIRED,VERIFIED_SOURCE_MATCH_ROUTE,NONE,1
FRL_LOCAL_CSV,player_match,player_match,goals,unknown,exposed,exposed,unknown,coverage=CORE_DECADE; seasons=10/10,player_fixture,OBSERVATION,player_identity_to_player_match_observations,True,Player-match observations require verified player and fixture identity.,PLAYER_IDENTITY_TO_PLAYER_MATCH,player_identity_to_player_match_observations,CANONICAL_FIXTURE_TO_SOURCE_MATCH,canonical_fixture_to_source_match,,,EXPLICIT_SOURCE_GRAIN_ROUTE,NOT_YET_PROVEN,ROUTE_IMPLEMENTED,VERIFIED_PLAYER_IDENTITY_REQUIRED,VERIFIED_SOURCE_MATCH_ROUTE,NONE,1
FRL_LOCAL_CSV,player_match,player_match,goalsPrevented,unknown,UNCATALOGUED,UNCATALOGUED,unknown,coverage=LONG_RUN; seasons=5/10,player_fixture,OBSERVATION,player_identity_to_player_match_observations,True,Player-match observations require verified player and fixture identity.,PLAYER_IDENTITY_TO_PLAYER_MATCH,player_identity_to_player_match_observations,CANONICAL_FIXTURE_TO_SOURCE_MATCH,canonical_fixture_to_source_match,,,EXPLICIT_SOURCE_GRAIN_ROUTE,NOT_YET_PROVEN,ROUTE_IMPLEMENTED,VERIFIED_PLAYER_IDENTITY_REQUIRED,VERIFIED_SOURCE_MATCH_ROUTE,NONE,1
FRL_LOCAL_CSV,player_match,player_match,goodHighClaim,unknown,UNCATALOGUED,UNCATALOGUED,unknown,coverage=CORE_DECADE; seasons=10/10,player_fixture,OBSERVATION,player_identity_to_player_match_observations,True,Player-match observations require verified player and fixture identity.,PLAYER_IDENTITY_TO_PLAYER_MATCH,player_identity_to_player_match_observations,CANONICAL_FIXTURE_TO_SOURCE_MATCH,canonical_fixture_to_source_match,,,EXPLICIT_SOURCE_GRAIN_ROUTE,NOT_YET_PROVEN,ROUTE_IMPLEMENTED,VERIFIED_PLAYER_IDENTITY_REQUIRED,VERIFIED_SOURCE_MATCH_ROUTE,NONE,1
FRL_LOCAL_CSV,player_match,player_match,hitWoodwork,unknown,UNCATALOGUED,UNCATALOGUED,unknown,coverage=CORE_DECADE; seasons=10/10,player_fixture,OBSERVATION,player_identity_to_player_match_observations,True,Player-match observations require verified player and fixture identity.,PLAYER_IDENTITY_TO_PLAYER_MATCH,player_identity_to_player_match_observations,CANONICAL_FIXTURE_TO_SOURCE_MATCH,canonical_fixture_to_source_match,,,EXPLICIT_SOURCE_GRAIN_ROUTE,NOT_YET_PROVEN,ROUTE_IMPLEMENTED,VERIFIED_PLAYER_IDENTITY_REQUIRED,VERIFIED_SOURCE_MATCH_ROUTE,NONE,1
FRL_LOCAL_CSV,player_match,player_match,interceptionWon,unknown,UNCATALOGUED,UNCATALOGUED,unknown,coverage=CORE_DECADE; seasons=10/10,player_fixture,OBSERVATION,player_identity_to_player_match_observations,True,Player-match observations require verified player and fixture identity.,PLAYER_IDENTITY_TO_PLAYER_MATCH,player_identity_to_player_match_observations,CANONICAL_FIXTURE_TO_SOURCE_MATCH,canonical_fixture_to_source_match,,,EXPLICIT_SOURCE_GRAIN_ROUTE,NOT_YET_PROVEN,ROUTE_IMPLEMENTED,VERIFIED_PLAYER_IDENTITY_REQUIRED,VERIFIED_SOURCE_MATCH_ROUTE,NONE,1
FRL_LOCAL_CSV,player_match,player_match,keyPass,unknown,exposed,exposed,unknown,coverage=CORE_DECADE; seasons=10/10,player_fixture,OBSERVATION,player_identity_to_player_match_observations,True,Player-match observations require verified player and fixture identity.,PLAYER_IDENTITY_TO_PLAYER_MATCH,player_identity_to_player_match_observations,CANONICAL_FIXTURE_TO_SOURCE_MATCH,canonical_fixture_to_source_match,,,EXPLICIT_SOURCE_GRAIN_ROUTE,NOT_YET_PROVEN,ROUTE_IMPLEMENTED,VERIFIED_PLAYER_IDENTITY_REQUIRED,VERIFIED_SOURCE_MATCH_ROUTE,NONE,1
FRL_LOCAL_CSV,player_match,player_match,lastManTackle,unknown,UNCATALOGUED,UNCATALOGUED,unknown,coverage=CORE_DECADE; seasons=10/10,player_fixture,OBSERVATION,player_identity_to_player_match_observations,True,Player-match observations require verified player and fixture identity.,PLAYER_IDENTITY_TO_PLAYER_MATCH,player_identity_to_player_match_observations,CANONICAL_FIXTURE_TO_SOURCE_MATCH,canonical_fixture_to_source_match,,,EXPLICIT_SOURCE_GRAIN_ROUTE,NOT_YET_PROVEN,ROUTE_IMPLEMENTED,VERIFIED_PLAYER_IDENTITY_REQUIRED,VERIFIED_SOURCE_MATCH_ROUTE,NONE,1
FRL_LOCAL_CSV,player_match,player_match,matchId,unknown,exposed,exposed,unknown,coverage=CORE_DECADE; seasons=10/10,player_fixture,OBSERVATION,player_identity_to_player_match_observations,True,Player-match observations require verified player and fixture identity.,PLAYER_IDENTITY_TO_PLAYER_MATCH,player_identity_to_player_match_observations,CANONICAL_FIXTURE_TO_SOURCE_MATCH,canonical_fixture_to_source_match,,,EXPLICIT_SOURCE_GRAIN_ROUTE,NOT_YET_PROVEN,ROUTE_IMPLEMENTED,VERIFIED_PLAYER_IDENTITY_REQUIRED,VERIFIED_SOURCE_MATCH_ROUTE,NONE,1
FRL_LOCAL_CSV,player_match,player_match,metersCoveredHighSpeedRunningKm,unknown,UNCATALOGUED,UNCATALOGUED,unknown,coverage=SINGLE_SEASON; seasons=1/10,player_fixture,OBSERVATION,player_identity_to_player_match_observations,True,Player-match observations require verified player and fixture identity.,PLAYER_IDENTITY_TO_PLAYER_MATCH,player_identity_to_player_match_observations,CANONICAL_FIXTURE_TO_SOURCE_MATCH,canonical_fixture_to_source_match,,,EXPLICIT_SOURCE_GRAIN_ROUTE,NOT_YET_PROVEN,ROUTE_IMPLEMENTED,VERIFIED_PLAYER_IDENTITY_REQUIRED,VERIFIED_SOURCE_MATCH_ROUTE,NONE,1
FRL_LOCAL_CSV,player_match,player_match,metersCoveredJoggingKm,unknown,UNCATALOGUED,UNCATALOGUED,unknown,coverage=SINGLE_SEASON; seasons=1/10,player_fixture,OBSERVATION,player_identity_to_player_match_observations,True,Player-match observations require verified player and fixture identity.,PLAYER_IDENTITY_TO_PLAYER_MATCH,player_identity_to_player_match_observations,CANONICAL_FIXTURE_TO_SOURCE_MATCH,canonical_fixture_to_source_match,,,EXPLICIT_SOURCE_GRAIN_ROUTE,NOT_YET_PROVEN,ROUTE_IMPLEMENTED,VERIFIED_PLAYER_IDENTITY_REQUIRED,VERIFIED_SOURCE_MATCH_ROUTE,NONE,1
FRL_LOCAL_CSV,player_match,player_match,metersCoveredRunningKm,unknown,UNCATALOGUED,UNCATALOGUED,unknown,coverage=SINGLE_SEASON; seasons=1/10,player_fixture,OBSERVATION,player_identity_to_player_match_observations,True,Player-match observations require verified player and fixture identity.,PLAYER_IDENTITY_TO_PLAYER_MATCH,player_identity_to_player_match_observations,CANONICAL_FIXTURE_TO_SOURCE_MATCH,canonical_fixture_to_source_match,,,EXPLICIT_SOURCE_GRAIN_ROUTE,NOT_YET_PROVEN,ROUTE_IMPLEMENTED,VERIFIED_PLAYER_IDENTITY_REQUIRED,VERIFIED_SOURCE_MATCH_ROUTE,NONE,1
FRL_LOCAL_CSV,player_match,player_match,metersCoveredSprintingKm,unknown,UNCATALOGUED,UNCATALOGUED,unknown,coverage=SINGLE_SEASON; seasons=1/10,player_fixture,OBSERVATION,player_identity_to_player_match_observations,True,Player-match observations require verified player and fixture identity.,PLAYER_IDENTITY_TO_PLAYER_MATCH,player_identity_to_player_match_observations,CANONICAL_FIXTURE_TO_SOURCE_MATCH,canonical_fixture_to_source_match,,,EXPLICIT_SOURCE_GRAIN_ROUTE,NOT_YET_PROVEN,ROUTE_IMPLEMENTED,VERIFIED_PLAYER_IDENTITY_REQUIRED,VERIFIED_SOURCE_MATCH_ROUTE,NONE,1
FRL_LOCAL_CSV,player_match,player_match,metersCoveredWalkingKm,unknown,UNCATALOGUED,UNCATALOGUED,unknown,coverage=SINGLE_SEASON; seasons=1/10,player_fixture,OBSERVATION,player_identity_to_player_match_observations,True,Player-match observations require verified player and fixture identity.,PLAYER_IDENTITY_TO_PLAYER_MATCH,player_identity_to_player_match_observations,CANONICAL_FIXTURE_TO_SOURCE_MATCH,canonical_fixture_to_source_match,,,EXPLICIT_SOURCE_GRAIN_ROUTE,NOT_YET_PROVEN,ROUTE_IMPLEMENTED,VERIFIED_PLAYER_IDENTITY_REQUIRED,VERIFIED_SOURCE_MATCH_ROUTE,NONE,1
FRL_LOCAL_CSV,player_match,player_match,minutesPlayed,unknown,exposed,exposed,unknown,coverage=CORE_DECADE; seasons=10/10,player_fixture,OBSERVATION,player_identity_to_player_match_observations,True,Player-match observations require verified player and fixture identity.,PLAYER_IDENTITY_TO_PLAYER_MATCH,player_identity_to_player_match_observations,CANONICAL_FIXTURE_TO_SOURCE_MATCH,canonical_fixture_to_source_match,,,EXPLICIT_SOURCE_GRAIN_ROUTE,NOT_YET_PROVEN,ROUTE_IMPLEMENTED,VERIFIED_PLAYER_IDENTITY_REQUIRED,VERIFIED_SOURCE_MATCH_ROUTE,NONE,1
FRL_LOCAL_CSV,player_match,player_match,onTargetScoringAttempt,unknown,UNCATALOGUED,UNCATALOGUED,unknown,coverage=CORE_DECADE; seasons=10/10,player_fixture,OBSERVATION,player_identity_to_player_match_observations,True,Player-match observations require verified player and fixture identity.,PLAYER_IDENTITY_TO_PLAYER_MATCH,player_identity_to_player_match_observations,CANONICAL_FIXTURE_TO_SOURCE_MATCH,canonical_fixture_to_source_match,,,EXPLICIT_SOURCE_GRAIN_ROUTE,NOT_YET_PROVEN,ROUTE_IMPLEMENTED,VERIFIED_PLAYER_IDENTITY_REQUIRED,VERIFIED_SOURCE_MATCH_ROUTE,NONE,1
FRL_LOCAL_CSV,player_match,player_match,outfielderBlock,unknown,UNCATALOGUED,UNCATALOGUED,unknown,coverage=CORE_DECADE; seasons=10/10,player_fixture,OBSERVATION,player_identity_to_player_match_observations,True,Player-match observations require verified player and fixture identity.,PLAYER_IDENTITY_TO_PLAYER_MATCH,player_identity_to_player_match_observations,CANONICAL_FIXTURE_TO_SOURCE_MATCH,canonical_fixture_to_source_match,,,EXPLICIT_SOURCE_GRAIN_ROUTE,NOT_YET_PROVEN,ROUTE_IMPLEMENTED,VERIFIED_PLAYER_IDENTITY_REQUIRED,VERIFIED_SOURCE_MATCH_ROUTE,NONE,1
FRL_LOCAL_CSV,player_match,player_match,ownGoals,unknown,exposed,exposed,unknown,coverage=CORE_DECADE; seasons=10/10,player_fixture,OBSERVATION,player_identity_to_player_match_observations,True,Player-match observations require verified player and fixture identity.,PLAYER_IDENTITY_TO_PLAYER_MATCH,player_identity_to_player_match_observations,CANONICAL_FIXTURE_TO_SOURCE_MATCH,canonical_fixture_to_source_match,,,EXPLICIT_SOURCE_GRAIN_ROUTE,NOT_YET_PROVEN,ROUTE_IMPLEMENTED,VERIFIED_PLAYER_IDENTITY_REQUIRED,VERIFIED_SOURCE_MATCH_ROUTE,NONE,1
FRL_LOCAL_CSV,player_match,player_match,penaltyConceded,unknown,UNCATALOGUED,UNCATALOGUED,unknown,coverage=CORE_DECADE; seasons=10/10,player_fixture,OBSERVATION,player_identity_to_player_match_observations,True,Player-match observations require verified player and fixture identity.,PLAYER_IDENTITY_TO_PLAYER_MATCH,player_identity_to_player_match_observations,CANONICAL_FIXTURE_TO_SOURCE_MATCH,canonical_fixture_to_source_match,,,EXPLICIT_SOURCE_GRAIN_ROUTE,NOT_YET_PROVEN,ROUTE_IMPLEMENTED,VERIFIED_PLAYER_IDENTITY_REQUIRED,VERIFIED_SOURCE_MATCH_ROUTE,NONE,1
FRL_LOCAL_CSV,player_match,player_match,penaltyFaced,unknown,UNCATALOGUED,UNCATALOGUED,unknown,coverage=CORE_DECADE; seasons=10/10,player_fixture,OBSERVATION,player_identity_to_player_match_observations,True,Player-match observations require verified player and fixture identity.,PLAYER_IDENTITY_TO_PLAYER_MATCH,player_identity_to_player_match_observations,CANONICAL_FIXTURE_TO_SOURCE_MATCH,canonical_fixture_to_source_match,,,EXPLICIT_SOURCE_GRAIN_ROUTE,NOT_YET_PROVEN,ROUTE_IMPLEMENTED,VERIFIED_PLAYER_IDENTITY_REQUIRED,VERIFIED_SOURCE_MATCH_ROUTE,NONE,1
FRL_LOCAL_CSV,player_match,player_match,penaltyMiss,unknown,UNCATALOGUED,UNCATALOGUED,unknown,coverage=CORE_DECADE; seasons=10/10,player_fixture,OBSERVATION,player_identity_to_player_match_observations,True,Player-match observations require verified player and fixture identity.,PLAYER_IDENTITY_TO_PLAYER_MATCH,player_identity_to_player_match_observations,CANONICAL_FIXTURE_TO_SOURCE_MATCH,canonical_fixture_to_source_match,,,EXPLICIT_SOURCE_GRAIN_ROUTE,NOT_YET_PROVEN,ROUTE_IMPLEMENTED,VERIFIED_PLAYER_IDENTITY_REQUIRED,VERIFIED_SOURCE_MATCH_ROUTE,NONE,1
FRL_LOCAL_CSV,player_match,player_match,penaltySave,unknown,UNCATALOGUED,UNCATALOGUED,unknown,coverage=CORE_DECADE; seasons=10/10,player_fixture,OBSERVATION,player_identity_to_player_match_observations,True,Player-match observations require verified player and fixture identity.,PLAYER_IDENTITY_TO_PLAYER_MATCH,player_identity_to_player_match_observations,CANONICAL_FIXTURE_TO_SOURCE_MATCH,canonical_fixture_to_source_match,,,EXPLICIT_SOURCE_GRAIN_ROUTE,NOT_YET_PROVEN,ROUTE_IMPLEMENTED,VERIFIED_PLAYER_IDENTITY_REQUIRED,VERIFIED_SOURCE_MATCH_ROUTE,NONE,1
FRL_LOCAL_CSV,player_match,player_match,penaltyWon,unknown,UNCATALOGUED,UNCATALOGUED,unknown,coverage=CORE_DECADE; seasons=10/10,player_fixture,OBSERVATION,player_identity_to_player_match_observations,True,Player-match observations require verified player and fixture identity.,PLAYER_IDENTITY_TO_PLAYER_MATCH,player_identity_to_player_match_observations,CANONICAL_FIXTURE_TO_SOURCE_MATCH,canonical_fixture_to_source_match,,,EXPLICIT_SOURCE_GRAIN_ROUTE,NOT_YET_PROVEN,ROUTE_IMPLEMENTED,VERIFIED_PLAYER_IDENTITY_REQUIRED,VERIFIED_SOURCE_MATCH_ROUTE,NONE,1
FRL_LOCAL_CSV,player_match,player_match,pl_code,unknown,exposed,exposed,unknown,coverage=CORE_DECADE; seasons=10/10,player_fixture,OBSERVATION,player_identity_to_player_match_observations,True,Player-match observations require verified player and fixture identity.,PLAYER_IDENTITY_TO_PLAYER_MATCH,player_identity_to_player_match_observations,CANONICAL_FIXTURE_TO_SOURCE_MATCH,canonical_fixture_to_source_match,,,EXPLICIT_SOURCE_GRAIN_ROUTE,NOT_YET_PROVEN,ROUTE_IMPLEMENTED,VERIFIED_PLAYER_IDENTITY_REQUIRED,VERIFIED_SOURCE_MATCH_ROUTE,NONE,1
FRL_LOCAL_CSV,player_match,player_match,playerId,unknown,exposed,exposed,unknown,coverage=CORE_DECADE; seasons=10/10,player_fixture,OBSERVATION,player_identity_to_player_match_observations,True,Player-match observations require verified player and fixture identity.,PLAYER_IDENTITY_TO_PLAYER_MATCH,player_identity_to_player_match_observations,CANONICAL_FIXTURE_TO_SOURCE_MATCH,canonical_fixture_to_source_match,,,EXPLICIT_SOURCE_GRAIN_ROUTE,NOT_YET_PROVEN,ROUTE_IMPLEMENTED,VERIFIED_PLAYER_IDENTITY_REQUIRED,VERIFIED_SOURCE_MATCH_ROUTE,NONE,1
FRL_LOCAL_CSV,player_match,player_match,playerName,unknown,retained,retained,unknown,coverage=CORE_DECADE; seasons=10/10,player_fixture,OBSERVATION,player_identity_to_player_match_observations,True,Player-match observations require verified player and fixture identity.,PLAYER_IDENTITY_TO_PLAYER_MATCH,player_identity_to_player_match_observations,CANONICAL_FIXTURE_TO_SOURCE_MATCH,canonical_fixture_to_source_match,,,EXPLICIT_SOURCE_GRAIN_ROUTE,NOT_YET_PROVEN,ROUTE_IMPLEMENTED,VERIFIED_PLAYER_IDENTITY_REQUIRED,VERIFIED_SOURCE_MATCH_ROUTE,NONE,1
FRL_LOCAL_CSV,player_match,player_match,position,unknown,retained,retained,unknown,coverage=CORE_DECADE; seasons=10/10,player_fixture,OBSERVATION,player_identity_to_player_match_observations,True,Player-match observations require verified player and fixture identity.,PLAYER_IDENTITY_TO_PLAYER_MATCH,player_identity_to_player_match_observations,CANONICAL_FIXTURE_TO_SOURCE_MATCH,canonical_fixture_to_source_match,,,EXPLICIT_SOURCE_GRAIN_ROUTE,NOT_YET_PROVEN,ROUTE_IMPLEMENTED,VERIFIED_PLAYER_IDENTITY_REQUIRED,VERIFIED_SOURCE_MATCH_ROUTE,NONE,1
FRL_LOCAL_CSV,player_match,player_match,possessionLostCtrl,unknown,UNCATALOGUED,UNCATALOGUED,unknown,coverage=CORE_DECADE; seasons=10/10,player_fixture,OBSERVATION,player_identity_to_player_match_observations,True,Player-match observations require verified player and fixture identity.,PLAYER_IDENTITY_TO_PLAYER_MATCH,player_identity_to_player_match_observations,CANONICAL_FIXTURE_TO_SOURCE_MATCH,canonical_fixture_to_source_match,,,EXPLICIT_SOURCE_GRAIN_ROUTE,NOT_YET_PROVEN,ROUTE_IMPLEMENTED,VERIFIED_PLAYER_IDENTITY_REQUIRED,VERIFIED_SOURCE_MATCH_ROUTE,NONE,1
FRL_LOCAL_CSV,player_match,player_match,progressiveBallCarriesCount,unknown,exposed,exposed,unknown,coverage=INTERMITTENT; seasons=4/10,player_fixture,OBSERVATION,player_identity_to_player_match_observations,True,Player-match observations require verified player and fixture identity.,PLAYER_IDENTITY_TO_PLAYER_MATCH,player_identity_to_player_match_observations,CANONICAL_FIXTURE_TO_SOURCE_MATCH,canonical_fixture_to_source_match,,,EXPLICIT_SOURCE_GRAIN_ROUTE,NOT_YET_PROVEN,ROUTE_IMPLEMENTED,VERIFIED_PLAYER_IDENTITY_REQUIRED,VERIFIED_SOURCE_MATCH_ROUTE,NONE,1
FRL_LOCAL_CSV,player_match,player_match,punches,unknown,UNCATALOGUED,UNCATALOGUED,unknown,coverage=CORE_DECADE; seasons=10/10,player_fixture,OBSERVATION,player_identity_to_player_match_observations,True,Player-match observations require verified player and fixture identity.,PLAYER_IDENTITY_TO_PLAYER_MATCH,player_identity_to_player_match_observations,CANONICAL_FIXTURE_TO_SOURCE_MATCH,canonical_fixture_to_source_match,,,EXPLICIT_SOURCE_GRAIN_ROUTE,NOT_YET_PROVEN,ROUTE_IMPLEMENTED,VERIFIED_PLAYER_IDENTITY_REQUIRED,VERIFIED_SOURCE_MATCH_ROUTE,NONE,1
FRL_LOCAL_CSV,player_match,player_match,rating,unknown,exposed,exposed,unknown,coverage=CORE_DECADE; seasons=10/10,player_fixture,OBSERVATION,player_identity_to_player_match_observations,True,Player-match observations require verified player and fixture identity.,PLAYER_IDENTITY_TO_PLAYER_MATCH,player_identity_to_player_match_observations,CANONICAL_FIXTURE_TO_SOURCE_MATCH,canonical_fixture_to_source_match,,,EXPLICIT_SOURCE_GRAIN_ROUTE,NOT_YET_PROVEN,ROUTE_IMPLEMENTED,VERIFIED_PLAYER_IDENTITY_REQUIRED,VERIFIED_SOURCE_MATCH_ROUTE,NONE,1
FRL_LOCAL_CSV,player_match,player_match,savedShotsFromInsideTheBox,unknown,UNCATALOGUED,UNCATALOGUED,unknown,coverage=CORE_DECADE; seasons=10/10,player_fixture,OBSERVATION,player_identity_to_player_match_observations,True,Player-match observations require verified player and fixture identity.,PLAYER_IDENTITY_TO_PLAYER_MATCH,player_identity_to_player_match_observations,CANONICAL_FIXTURE_TO_SOURCE_MATCH,canonical_fixture_to_source_match,,,EXPLICIT_SOURCE_GRAIN_ROUTE,NOT_YET_PROVEN,ROUTE_IMPLEMENTED,VERIFIED_PLAYER_IDENTITY_REQUIRED,VERIFIED_SOURCE_MATCH_ROUTE,NONE,1
FRL_LOCAL_CSV,player_match,player_match,saves,unknown,UNCATALOGUED,UNCATALOGUED,unknown,coverage=CORE_DECADE; seasons=10/10,player_fixture,OBSERVATION,player_identity_to_player_match_observations,True,Player-match observations require verified player and fixture identity.,PLAYER_IDENTITY_TO_PLAYER_MATCH,player_identity_to_player_match_observations,CANONICAL_FIXTURE_TO_SOURCE_MATCH,canonical_fixture_to_source_match,,,EXPLICIT_SOURCE_GRAIN_ROUTE,NOT_YET_PROVEN,ROUTE_IMPLEMENTED,VERIFIED_PLAYER_IDENTITY_REQUIRED,VERIFIED_SOURCE_MATCH_ROUTE,NONE,1
FRL_LOCAL_CSV,player_match,player_match,season,unknown,UNCATALOGUED,UNCATALOGUED,unknown,coverage=CORE_DECADE; seasons=10/10,player_fixture,OBSERVATION,player_identity_to_player_match_observations,True,Player-match observations require verified player and fixture identity.,PLAYER_IDENTITY_TO_PLAYER_MATCH,player_identity_to_player_match_observations,CANONICAL_FIXTURE_TO_SOURCE_MATCH,canonical_fixture_to_source_match,,,EXPLICIT_SOURCE_GRAIN_ROUTE,NOT_YET_PROVEN,ROUTE_IMPLEMENTED,VERIFIED_PLAYER_IDENTITY_REQUIRED,VERIFIED_SOURCE_MATCH_ROUTE,NONE,1
FRL_LOCAL_CSV,player_match,player_match,shotOffTarget,unknown,UNCATALOGUED,UNCATALOGUED,unknown,coverage=CORE_DECADE; seasons=10/10,player_fixture,OBSERVATION,player_identity_to_player_match_observations,True,Player-match observations require verified player and fixture identity.,PLAYER_IDENTITY_TO_PLAYER_MATCH,player_identity_to_player_match_observations,CANONICAL_FIXTURE_TO_SOURCE_MATCH,canonical_fixture_to_source_match,,,EXPLICIT_SOURCE_GRAIN_ROUTE,NOT_YET_PROVEN,ROUTE_IMPLEMENTED,VERIFIED_PLAYER_IDENTITY_REQUIRED,VERIFIED_SOURCE_MATCH_ROUTE,NONE,1
FRL_LOCAL_CSV,player_match,player_match,slug,unknown,UNCATALOGUED,UNCATALOGUED,unknown,coverage=CORE_DECADE; seasons=10/10,player_fixture,OBSERVATION,player_identity_to_player_match_observations,True,Player-match observations require verified player and fixture identity.,PLAYER_IDENTITY_TO_PLAYER_MATCH,player_identity_to_player_match_observations,CANONICAL_FIXTURE_TO_SOURCE_MATCH,canonical_fixture_to_source_match,,,EXPLICIT_SOURCE_GRAIN_ROUTE,NOT_YET_PROVEN,ROUTE_IMPLEMENTED,VERIFIED_PLAYER_IDENTITY_REQUIRED,VERIFIED_SOURCE_MATCH_ROUTE,NONE,1
FRL_LOCAL_CSV,player_match,player_match,substitute,unknown,retained,retained,unknown,coverage=CORE_DECADE; seasons=10/10,player_fixture,OBSERVATION,player_identity_to_player_match_observations,True,Player-match observations require verified player and fixture identity.,PLAYER_IDENTITY_TO_PLAYER_MATCH,player_identity_to_player_match_observations,CANONICAL_FIXTURE_TO_SOURCE_MATCH,canonical_fixture_to_source_match,,,EXPLICIT_SOURCE_GRAIN_ROUTE,NOT_YET_PROVEN,ROUTE_IMPLEMENTED,VERIFIED_PLAYER_IDENTITY_REQUIRED,VERIFIED_SOURCE_MATCH_ROUTE,NONE,1
FRL_LOCAL_CSV,player_match,player_match,substitute.1,unknown,UNCATALOGUED,UNCATALOGUED,unknown,coverage=CORE_DECADE; seasons=10/10,player_fixture,OBSERVATION,player_identity_to_player_match_observations,True,Player-match observations require verified player and fixture identity.,PLAYER_IDENTITY_TO_PLAYER_MATCH,player_identity_to_player_match_observations,CANONICAL_FIXTURE_TO_SOURCE_MATCH,canonical_fixture_to_source_match,,,EXPLICIT_SOURCE_GRAIN_ROUTE,NOT_YET_PROVEN,ROUTE_IMPLEMENTED,VERIFIED_PLAYER_IDENTITY_REQUIRED,VERIFIED_SOURCE_MATCH_ROUTE,NONE,1
FRL_LOCAL_CSV,player_match,player_match,team,unknown,exposed,exposed,unknown,coverage=CORE_DECADE; seasons=10/10,player_fixture,OBSERVATION,player_identity_to_player_match_observations,True,Player-match observations require verified player and fixture identity.,PLAYER_IDENTITY_TO_PLAYER_MATCH,player_identity_to_player_match_observations,CANONICAL_FIXTURE_TO_SOURCE_MATCH,canonical_fixture_to_source_match,,,EXPLICIT_SOURCE_GRAIN_ROUTE,NOT_YET_PROVEN,ROUTE_IMPLEMENTED,VERIFIED_PLAYER_IDENTITY_REQUIRED,VERIFIED_SOURCE_MATCH_ROUTE,NONE,1
FRL_LOCAL_CSV,player_match,player_match,team_id,unknown,exposed,exposed,unknown,coverage=CORE_DECADE; seasons=10/10,player_fixture,OBSERVATION,player_identity_to_player_match_observations,True,Player-match observations require verified player and fixture identity.,PLAYER_IDENTITY_TO_PLAYER_MATCH,player_identity_to_player_match_observations,CANONICAL_FIXTURE_TO_SOURCE_MATCH,canonical_fixture_to_source_match,,,EXPLICIT_SOURCE_GRAIN_ROUTE,NOT_YET_PROVEN,ROUTE_IMPLEMENTED,VERIFIED_PLAYER_IDENTITY_REQUIRED,VERIFIED_SOURCE_MATCH_ROUTE,NONE,1
FRL_LOCAL_CSV,player_match,player_match,totalBallCarriesDistance,unknown,UNCATALOGUED,UNCATALOGUED,unknown,coverage=INTERMITTENT; seasons=4/10,player_fixture,OBSERVATION,player_identity_to_player_match_observations,True,Player-match observations require verified player and fixture identity.,PLAYER_IDENTITY_TO_PLAYER_MATCH,player_identity_to_player_match_observations,CANONICAL_FIXTURE_TO_SOURCE_MATCH,canonical_fixture_to_source_match,,,EXPLICIT_SOURCE_GRAIN_ROUTE,NOT_YET_PROVEN,ROUTE_IMPLEMENTED,VERIFIED_PLAYER_IDENTITY_REQUIRED,VERIFIED_SOURCE_MATCH_ROUTE,NONE,1
FRL_LOCAL_CSV,player_match,player_match,totalClearance,unknown,UNCATALOGUED,UNCATALOGUED,unknown,coverage=CORE_DECADE; seasons=10/10,player_fixture,OBSERVATION,player_identity_to_player_match_observations,True,Player-match observations require verified player and fixture identity.,PLAYER_IDENTITY_TO_PLAYER_MATCH,player_identity_to_player_match_observations,CANONICAL_FIXTURE_TO_SOURCE_MATCH,canonical_fixture_to_source_match,,,EXPLICIT_SOURCE_GRAIN_ROUTE,NOT_YET_PROVEN,ROUTE_IMPLEMENTED,VERIFIED_PLAYER_IDENTITY_REQUIRED,VERIFIED_SOURCE_MATCH_ROUTE,NONE,1
FRL_LOCAL_CSV,player_match,player_match,totalContest,unknown,UNCATALOGUED,UNCATALOGUED,unknown,coverage=CORE_DECADE; seasons=10/10,player_fixture,OBSERVATION,player_identity_to_player_match_observations,True,Player-match observations require verified player and fixture identity.,PLAYER_IDENTITY_TO_PLAYER_MATCH,player_identity_to_player_match_observations,CANONICAL_FIXTURE_TO_SOURCE_MATCH,canonical_fixture_to_source_match,,,EXPLICIT_SOURCE_GRAIN_ROUTE,NOT_YET_PROVEN,ROUTE_IMPLEMENTED,VERIFIED_PLAYER_IDENTITY_REQUIRED,VERIFIED_SOURCE_MATCH_ROUTE,NONE,1
FRL_LOCAL_CSV,player_match,player_match,totalCross,unknown,UNCATALOGUED,UNCATALOGUED,unknown,coverage=CORE_DECADE; seasons=10/10,player_fixture,OBSERVATION,player_identity_to_player_match_observations,True,Player-match observations require verified player and fixture identity.,PLAYER_IDENTITY_TO_PLAYER_MATCH,player_identity_to_player_match_observations,CANONICAL_FIXTURE_TO_SOURCE_MATCH,canonical_fixture_to_source_match,,,EXPLICIT_SOURCE_GRAIN_ROUTE,NOT_YET_PROVEN,ROUTE_IMPLEMENTED,VERIFIED_PLAYER_IDENTITY_REQUIRED,VERIFIED_SOURCE_MATCH_ROUTE,NONE,1
FRL_LOCAL_CSV,player_match,player_match,totalKeeperSweeper,unknown,UNCATALOGUED,UNCATALOGUED,unknown,coverage=CORE_DECADE; seasons=10/10,player_fixture,OBSERVATION,player_identity_to_player_match_observations,True,Player-match observations require verified player and fixture identity.,PLAYER_IDENTITY_TO_PLAYER_MATCH,player_identity_to_player_match_observations,CANONICAL_FIXTURE_TO_SOURCE_MATCH,canonical_fixture_to_source_match,,,EXPLICIT_SOURCE_GRAIN_ROUTE,NOT_YET_PROVEN,ROUTE_IMPLEMENTED,VERIFIED_PLAYER_IDENTITY_REQUIRED,VERIFIED_SOURCE_MATCH_ROUTE,NONE,1
FRL_LOCAL_CSV,player_match,player_match,totalLongBalls,unknown,exposed,exposed,unknown,coverage=CORE_DECADE; seasons=10/10,player_fixture,OBSERVATION,player_identity_to_player_match_observations,True,Player-match observations require verified player and fixture identity.,PLAYER_IDENTITY_TO_PLAYER_MATCH,player_identity_to_player_match_observations,CANONICAL_FIXTURE_TO_SOURCE_MATCH,canonical_fixture_to_source_match,,,EXPLICIT_SOURCE_GRAIN_ROUTE,NOT_YET_PROVEN,ROUTE_IMPLEMENTED,VERIFIED_PLAYER_IDENTITY_REQUIRED,VERIFIED_SOURCE_MATCH_ROUTE,NONE,1
FRL_LOCAL_CSV,player_match,player_match,totalOffside,unknown,UNCATALOGUED,UNCATALOGUED,unknown,coverage=CORE_DECADE; seasons=10/10,player_fixture,OBSERVATION,player_identity_to_player_match_observations,True,Player-match observations require verified player and fixture identity.,PLAYER_IDENTITY_TO_PLAYER_MATCH,player_identity_to_player_match_observations,CANONICAL_FIXTURE_TO_SOURCE_MATCH,canonical_fixture_to_source_match,,,EXPLICIT_SOURCE_GRAIN_ROUTE,NOT_YET_PROVEN,ROUTE_IMPLEMENTED,VERIFIED_PLAYER_IDENTITY_REQUIRED,VERIFIED_SOURCE_MATCH_ROUTE,NONE,1
FRL_LOCAL_CSV,player_match,player_match,totalOppositionHalfPasses,unknown,UNCATALOGUED,UNCATALOGUED,unknown,coverage=CORE_DECADE; seasons=10/10,player_fixture,OBSERVATION,player_identity_to_player_match_observations,True,Player-match observations require verified player and fixture identity.,PLAYER_IDENTITY_TO_PLAYER_MATCH,player_identity_to_player_match_observations,CANONICAL_FIXTURE_TO_SOURCE_MATCH,canonical_fixture_to_source_match,,,EXPLICIT_SOURCE_GRAIN_ROUTE,NOT_YET_PROVEN,ROUTE_IMPLEMENTED,VERIFIED_PLAYER_IDENTITY_REQUIRED,VERIFIED_SOURCE_MATCH_ROUTE,NONE,1
FRL_LOCAL_CSV,player_match,player_match,totalOwnHalfPasses,unknown,UNCATALOGUED,UNCATALOGUED,unknown,coverage=CORE_DECADE; seasons=10/10,player_fixture,OBSERVATION,player_identity_to_player_match_observations,True,Player-match observations require verified player and fixture identity.,PLAYER_IDENTITY_TO_PLAYER_MATCH,player_identity_to_player_match_observations,CANONICAL_FIXTURE_TO_SOURCE_MATCH,canonical_fixture_to_source_match,,,EXPLICIT_SOURCE_GRAIN_ROUTE,NOT_YET_PROVEN,ROUTE_IMPLEMENTED,VERIFIED_PLAYER_IDENTITY_REQUIRED,VERIFIED_SOURCE_MATCH_ROUTE,NONE,1
FRL_LOCAL_CSV,player_match,player_match,totalPass,unknown,exposed,exposed,unknown,coverage=CORE_DECADE; seasons=10/10,player_fixture,OBSERVATION,player_identity_to_player_match_observations,True,Player-match observations require verified player and fixture identity.,PLAYER_IDENTITY_TO_PLAYER_MATCH,player_identity_to_player_match_observations,CANONICAL_FIXTURE_TO_SOURCE_MATCH,canonical_fixture_to_source_match,,,EXPLICIT_SOURCE_GRAIN_ROUTE,NOT_YET_PROVEN,ROUTE_IMPLEMENTED,VERIFIED_PLAYER_IDENTITY_REQUIRED,VERIFIED_SOURCE_MATCH_ROUTE,NONE,1
FRL_LOCAL_CSV,player_match,player_match,totalProgression,unknown,exposed,exposed,unknown,coverage=INTERMITTENT; seasons=4/10,player_fixture,OBSERVATION,player_identity_to_player_match_observations,True,Player-match observations require verified player and fixture identity.,PLAYER_IDENTITY_TO_PLAYER_MATCH,player_identity_to_player_match_observations,CANONICAL_FIXTURE_TO_SOURCE_MATCH,canonical_fixture_to_source_match,,,EXPLICIT_SOURCE_GRAIN_ROUTE,NOT_YET_PROVEN,ROUTE_IMPLEMENTED,VERIFIED_PLAYER_IDENTITY_REQUIRED,VERIFIED_SOURCE_MATCH_ROUTE,NONE,1
FRL_LOCAL_CSV,player_match,player_match,totalProgressiveBallCarriesDistance,unknown,exposed,exposed,unknown,coverage=INTERMITTENT; seasons=4/10,player_fixture,OBSERVATION,player_identity_to_player_match_observations,True,Player-match observations require verified player and fixture identity.,PLAYER_IDENTITY_TO_PLAYER_MATCH,player_identity_to_player_match_observations,CANONICAL_FIXTURE_TO_SOURCE_MATCH,canonical_fixture_to_source_match,,,EXPLICIT_SOURCE_GRAIN_ROUTE,NOT_YET_PROVEN,ROUTE_IMPLEMENTED,VERIFIED_PLAYER_IDENTITY_REQUIRED,VERIFIED_SOURCE_MATCH_ROUTE,NONE,1
FRL_LOCAL_CSV,player_match,player_match,totalShots,unknown,UNCATALOGUED,UNCATALOGUED,unknown,coverage=CORE_DECADE; seasons=10/10,player_fixture,OBSERVATION,player_identity_to_player_match_observations,True,Player-match observations require verified player and fixture identity.,PLAYER_IDENTITY_TO_PLAYER_MATCH,player_identity_to_player_match_observations,CANONICAL_FIXTURE_TO_SOURCE_MATCH,canonical_fixture_to_source_match,,,EXPLICIT_SOURCE_GRAIN_ROUTE,NOT_YET_PROVEN,ROUTE_IMPLEMENTED,VERIFIED_PLAYER_IDENTITY_REQUIRED,VERIFIED_SOURCE_MATCH_ROUTE,NONE,1
FRL_LOCAL_CSV,player_match,player_match,totalTackle,unknown,UNCATALOGUED,UNCATALOGUED,unknown,coverage=CORE_DECADE; seasons=10/10,player_fixture,OBSERVATION,player_identity_to_player_match_observations,True,Player-match observations require verified player and fixture identity.,PLAYER_IDENTITY_TO_PLAYER_MATCH,player_identity_to_player_match_observations,CANONICAL_FIXTURE_TO_SOURCE_MATCH,canonical_fixture_to_source_match,,,EXPLICIT_SOURCE_GRAIN_ROUTE,NOT_YET_PROVEN,ROUTE_IMPLEMENTED,VERIFIED_PLAYER_IDENTITY_REQUIRED,VERIFIED_SOURCE_MATCH_ROUTE,NONE,1
FRL_LOCAL_CSV,player_match,player_match,touches,unknown,exposed,exposed,unknown,coverage=CORE_DECADE; seasons=10/10,player_fixture,OBSERVATION,player_identity_to_player_match_observations,True,Player-match observations require verified player and fixture identity.,PLAYER_IDENTITY_TO_PLAYER_MATCH,player_identity_to_player_match_observations,CANONICAL_FIXTURE_TO_SOURCE_MATCH,canonical_fixture_to_source_match,,,EXPLICIT_SOURCE_GRAIN_ROUTE,NOT_YET_PROVEN,ROUTE_IMPLEMENTED,VERIFIED_PLAYER_IDENTITY_REQUIRED,VERIFIED_SOURCE_MATCH_ROUTE,NONE,1
FRL_LOCAL_CSV,player_match,player_match,unsuccessfulTouch,unknown,UNCATALOGUED,UNCATALOGUED,unknown,coverage=CORE_DECADE; seasons=10/10,player_fixture,OBSERVATION,player_identity_to_player_match_observations,True,Player-match observations require verified player and fixture identity.,PLAYER_IDENTITY_TO_PLAYER_MATCH,player_identity_to_player_match_observations,CANONICAL_FIXTURE_TO_SOURCE_MATCH,canonical_fixture_to_source_match,,,EXPLICIT_SOURCE_GRAIN_ROUTE,NOT_YET_PROVEN,ROUTE_IMPLEMENTED,VERIFIED_PLAYER_IDENTITY_REQUIRED,VERIFIED_SOURCE_MATCH_ROUTE,NONE,1
FRL_LOCAL_CSV,player_match,player_match,venue,unknown,exposed,exposed,unknown,coverage=CORE_DECADE; seasons=10/10,player_fixture,OBSERVATION,player_identity_to_player_match_observations,True,Player-match observations require verified player and fixture identity.,PLAYER_IDENTITY_TO_PLAYER_MATCH,player_identity_to_player_match_observations,CANONICAL_FIXTURE_TO_SOURCE_MATCH,canonical_fixture_to_source_match,,,EXPLICIT_SOURCE_GRAIN_ROUTE,NOT_YET_PROVEN,ROUTE_IMPLEMENTED,VERIFIED_PLAYER_IDENTITY_REQUIRED,VERIFIED_SOURCE_MATCH_ROUTE,NONE,1
FRL_LOCAL_CSV,player_match,player_match,wasFouled,unknown,UNCATALOGUED,UNCATALOGUED,unknown,coverage=CORE_DECADE; seasons=10/10,player_fixture,OBSERVATION,player_identity_to_player_match_observations,True,Player-match observations require verified player and fixture identity.,PLAYER_IDENTITY_TO_PLAYER_MATCH,player_identity_to_player_match_observations,CANONICAL_FIXTURE_TO_SOURCE_MATCH,canonical_fixture_to_source_match,,,EXPLICIT_SOURCE_GRAIN_ROUTE,NOT_YET_PROVEN,ROUTE_IMPLEMENTED,VERIFIED_PLAYER_IDENTITY_REQUIRED,VERIFIED_SOURCE_MATCH_ROUTE,NONE,1
FRL_LOCAL_CSV,player_match,player_match,wonContest,unknown,exposed,exposed,unknown,coverage=CORE_DECADE; seasons=10/10,player_fixture,OBSERVATION,player_identity_to_player_match_observations,True,Player-match observations require verified player and fixture identity.,PLAYER_IDENTITY_TO_PLAYER_MATCH,player_identity_to_player_match_observations,CANONICAL_FIXTURE_TO_SOURCE_MATCH,canonical_fixture_to_source_match,,,EXPLICIT_SOURCE_GRAIN_ROUTE,NOT_YET_PROVEN,ROUTE_IMPLEMENTED,VERIFIED_PLAYER_IDENTITY_REQUIRED,VERIFIED_SOURCE_MATCH_ROUTE,NONE,1
FRL_LOCAL_CSV,player_match,player_match,wonTackle,unknown,exposed,exposed,unknown,coverage=CORE_DECADE; seasons=10/10,player_fixture,OBSERVATION,player_identity_to_player_match_observations,True,Player-match observations require verified player and fixture identity.,PLAYER_IDENTITY_TO_PLAYER_MATCH,player_identity_to_player_match_observations,CANONICAL_FIXTURE_TO_SOURCE_MATCH,canonical_fixture_to_source_match,,,EXPLICIT_SOURCE_GRAIN_ROUTE,NOT_YET_PROVEN,ROUTE_IMPLEMENTED,VERIFIED_PLAYER_IDENTITY_REQUIRED,VERIFIED_SOURCE_MATCH_ROUTE,NONE,1
FRL_LOCAL_CSV,player_season,player_season,aerialDuels,unknown,exposed,exposed,unknown,coverage=CORE_DECADE; seasons=10/10,player_season,ENTITY,source_player_identity_to_player_season,True,Player-season rows require season-aware source-player identity.,SOURCE_PLAYER_TO_PLAYER_SEASON,source_player_identity_to_player_season,,,,,EXPLICIT_SOURCE_GRAIN_ROUTE,NOT_YET_PROVEN,ROUTE_IMPLEMENTED,VERIFIED_SOURCE_PLAYER_IDENTITY_REQUIRED,NONE,NONE,1
FRL_LOCAL_CSV,player_season,player_season,aerialDuelsLost,unknown,exposed,exposed,unknown,coverage=CORE_DECADE; seasons=10/10,player_season,ENTITY,source_player_identity_to_player_season,True,Player-season rows require season-aware source-player identity.,SOURCE_PLAYER_TO_PLAYER_SEASON,source_player_identity_to_player_season,,,,,EXPLICIT_SOURCE_GRAIN_ROUTE,NOT_YET_PROVEN,ROUTE_IMPLEMENTED,VERIFIED_SOURCE_PLAYER_IDENTITY_REQUIRED,NONE,NONE,1
FRL_LOCAL_CSV,player_season,player_season,aerialDuelsWon,unknown,exposed,exposed,unknown,coverage=CORE_DECADE; seasons=10/10,player_season,ENTITY,source_player_identity_to_player_season,True,Player-season rows require season-aware source-player identity.,SOURCE_PLAYER_TO_PLAYER_SEASON,source_player_identity_to_player_season,,,,,EXPLICIT_SOURCE_GRAIN_ROUTE,NOT_YET_PROVEN,ROUTE_IMPLEMENTED,VERIFIED_SOURCE_PLAYER_IDENTITY_REQUIRED,NONE,NONE,1
FRL_LOCAL_CSV,player_season,player_season,appearances,unknown,exposed,exposed,unknown,coverage=CORE_DECADE; seasons=10/10,player_season,ENTITY,source_player_identity_to_player_season,True,Player-season rows require season-aware source-player identity.,SOURCE_PLAYER_TO_PLAYER_SEASON,source_player_identity_to_player_season,,,,,EXPLICIT_SOURCE_GRAIN_ROUTE,NOT_YET_PROVEN,ROUTE_IMPLEMENTED,VERIFIED_SOURCE_PLAYER_IDENTITY_REQUIRED,NONE,NONE,1
FRL_LOCAL_CSV,player_season,player_season,attemptsFromSetPieces,unknown,UNCATALOGUED,UNCATALOGUED,unknown,coverage=CORE_DECADE; seasons=10/10,player_season,ENTITY,source_player_identity_to_player_season,True,Player-season rows require season-aware source-player identity.,SOURCE_PLAYER_TO_PLAYER_SEASON,source_player_identity_to_player_season,,,,,EXPLICIT_SOURCE_GRAIN_ROUTE,NOT_YET_PROVEN,ROUTE_IMPLEMENTED,VERIFIED_SOURCE_PLAYER_IDENTITY_REQUIRED,NONE,NONE,1
FRL_LOCAL_CSV,player_season,player_season,awayGoals,unknown,UNCATALOGUED,UNCATALOGUED,unknown,coverage=CORE_DECADE; seasons=10/10,player_season,ENTITY,source_player_identity_to_player_season,True,Player-season rows require season-aware source-player identity.,SOURCE_PLAYER_TO_PLAYER_SEASON,source_player_identity_to_player_season,,,,,EXPLICIT_SOURCE_GRAIN_ROUTE,NOT_YET_PROVEN,ROUTE_IMPLEMENTED,VERIFIED_SOURCE_PLAYER_IDENTITY_REQUIRED,NONE,NONE,1
FRL_LOCAL_CSV,player_season,player_season,backwardPasses,unknown,UNCATALOGUED,UNCATALOGUED,unknown,coverage=CORE_DECADE; seasons=10/10,player_season,ENTITY,source_player_identity_to_player_season,True,Player-season rows require season-aware source-player identity.,SOURCE_PLAYER_TO_PLAYER_SEASON,source_player_identity_to_player_season,,,,,EXPLICIT_SOURCE_GRAIN_ROUTE,NOT_YET_PROVEN,ROUTE_IMPLEMENTED,VERIFIED_SOURCE_PLAYER_IDENTITY_REQUIRED,NONE,NONE,1
FRL_LOCAL_CSV,player_season,player_season,blockedShots,unknown,exposed,exposed,unknown,coverage=CORE_DECADE; seasons=10/10,player_season,ENTITY,source_player_identity_to_player_season,True,Player-season rows require season-aware source-player identity.,SOURCE_PLAYER_TO_PLAYER_SEASON,source_player_identity_to_player_season,,,,,EXPLICIT_SOURCE_GRAIN_ROUTE,NOT_YET_PROVEN,ROUTE_IMPLEMENTED,VERIFIED_SOURCE_PLAYER_IDENTITY_REQUIRED,NONE,NONE,1
FRL_LOCAL_CSV,player_season,player_season,blocks,unknown,UNCATALOGUED,UNCATALOGUED,unknown,coverage=CORE_DECADE; seasons=10/10,player_season,ENTITY,source_player_identity_to_player_season,True,Player-season rows require season-aware source-player identity.,SOURCE_PLAYER_TO_PLAYER_SEASON,source_player_identity_to_player_season,,,,,EXPLICIT_SOURCE_GRAIN_ROUTE,NOT_YET_PROVEN,ROUTE_IMPLEMENTED,VERIFIED_SOURCE_PLAYER_IDENTITY_REQUIRED,NONE,NONE,1
FRL_LOCAL_CSV,player_season,player_season,catches,unknown,UNCATALOGUED,UNCATALOGUED,unknown,coverage=CORE_DECADE; seasons=10/10,player_season,ENTITY,source_player_identity_to_player_season,True,Player-season rows require season-aware source-player identity.,SOURCE_PLAYER_TO_PLAYER_SEASON,source_player_identity_to_player_season,,,,,EXPLICIT_SOURCE_GRAIN_ROUTE,NOT_YET_PROVEN,ROUTE_IMPLEMENTED,VERIFIED_SOURCE_PLAYER_IDENTITY_REQUIRED,NONE,NONE,1
FRL_LOCAL_CSV,player_season,player_season,cleanSheets,unknown,UNCATALOGUED,UNCATALOGUED,unknown,coverage=CORE_DECADE; seasons=10/10,player_season,ENTITY,source_player_identity_to_player_season,True,Player-season rows require season-aware source-player identity.,SOURCE_PLAYER_TO_PLAYER_SEASON,source_player_identity_to_player_season,,,,,EXPLICIT_SOURCE_GRAIN_ROUTE,NOT_YET_PROVEN,ROUTE_IMPLEMENTED,VERIFIED_SOURCE_PLAYER_IDENTITY_REQUIRED,NONE,NONE,1
FRL_LOCAL_CSV,player_season,player_season,clearancesOffTheLine,unknown,UNCATALOGUED,UNCATALOGUED,unknown,coverage=CORE_DECADE; seasons=10/10,player_season,ENTITY,source_player_identity_to_player_season,True,Player-season rows require season-aware source-player identity.,SOURCE_PLAYER_TO_PLAYER_SEASON,source_player_identity_to_player_season,,,,,EXPLICIT_SOURCE_GRAIN_ROUTE,NOT_YET_PROVEN,ROUTE_IMPLEMENTED,VERIFIED_SOURCE_PLAYER_IDENTITY_REQUIRED,NONE,NONE,1
FRL_LOCAL_CSV,player_season,player_season,cornersTakenInclShortCorners,unknown,UNCATALOGUED,UNCATALOGUED,unknown,coverage=CORE_DECADE; seasons=10/10,player_season,ENTITY,source_player_identity_to_player_season,True,Player-season rows require season-aware source-player identity.,SOURCE_PLAYER_TO_PLAYER_SEASON,source_player_identity_to_player_season,,,,,EXPLICIT_SOURCE_GRAIN_ROUTE,NOT_YET_PROVEN,ROUTE_IMPLEMENTED,VERIFIED_SOURCE_PLAYER_IDENTITY_REQUIRED,NONE,NONE,1
FRL_LOCAL_CSV,player_season,player_season,cornersWon,unknown,UNCATALOGUED,UNCATALOGUED,unknown,coverage=CORE_DECADE; seasons=10/10,player_season,ENTITY,source_player_identity_to_player_season,True,Player-season rows require season-aware source-player identity.,SOURCE_PLAYER_TO_PLAYER_SEASON,source_player_identity_to_player_season,,,,,EXPLICIT_SOURCE_GRAIN_ROUTE,NOT_YET_PROVEN,ROUTE_IMPLEMENTED,VERIFIED_SOURCE_PLAYER_IDENTITY_REQUIRED,NONE,NONE,1
FRL_LOCAL_CSV,player_season,player_season,crossesNotClaimed,unknown,UNCATALOGUED,UNCATALOGUED,unknown,coverage=CORE_DECADE; seasons=10/10,player_season,ENTITY,source_player_identity_to_player_season,True,Player-season rows require season-aware source-player identity.,SOURCE_PLAYER_TO_PLAYER_SEASON,source_player_identity_to_player_season,,,,,EXPLICIT_SOURCE_GRAIN_ROUTE,NOT_YET_PROVEN,ROUTE_IMPLEMENTED,VERIFIED_SOURCE_PLAYER_IDENTITY_REQUIRED,NONE,NONE,1
FRL_LOCAL_CSV,player_season,player_season,drops,unknown,UNCATALOGUED,UNCATALOGUED,unknown,coverage=CORE_DECADE; seasons=10/10,player_season,ENTITY,source_player_identity_to_player_season,True,Player-season rows require season-aware source-player identity.,SOURCE_PLAYER_TO_PLAYER_SEASON,source_player_identity_to_player_season,,,,,EXPLICIT_SOURCE_GRAIN_ROUTE,NOT_YET_PROVEN,ROUTE_IMPLEMENTED,VERIFIED_SOURCE_PLAYER_IDENTITY_REQUIRED,NONE,NONE,1
FRL_LOCAL_CSV,player_season,player_season,duels,unknown,UNCATALOGUED,UNCATALOGUED,unknown,coverage=CORE_DECADE; seasons=10/10,player_season,ENTITY,source_player_identity_to_player_season,True,Player-season rows require season-aware source-player identity.,SOURCE_PLAYER_TO_PLAYER_SEASON,source_player_identity_to_player_season,,,,,EXPLICIT_SOURCE_GRAIN_ROUTE,NOT_YET_PROVEN,ROUTE_IMPLEMENTED,VERIFIED_SOURCE_PLAYER_IDENTITY_REQUIRED,NONE,NONE,1
FRL_LOCAL_CSV,player_season,player_season,duelsLost,unknown,UNCATALOGUED,UNCATALOGUED,unknown,coverage=CORE_DECADE; seasons=10/10,player_season,ENTITY,source_player_identity_to_player_season,True,Player-season rows require season-aware source-player identity.,SOURCE_PLAYER_TO_PLAYER_SEASON,source_player_identity_to_player_season,,,,,EXPLICIT_SOURCE_GRAIN_ROUTE,NOT_YET_PROVEN,ROUTE_IMPLEMENTED,VERIFIED_SOURCE_PLAYER_IDENTITY_REQUIRED,NONE,NONE,1
FRL_LOCAL_CSV,player_season,player_season,duelsWon,unknown,UNCATALOGUED,UNCATALOGUED,unknown,coverage=CORE_DECADE; seasons=10/10,player_season,ENTITY,source_player_identity_to_player_season,True,Player-season rows require season-aware source-player identity.,SOURCE_PLAYER_TO_PLAYER_SEASON,source_player_identity_to_player_season,,,,,EXPLICIT_SOURCE_GRAIN_ROUTE,NOT_YET_PROVEN,ROUTE_IMPLEMENTED,VERIFIED_SOURCE_PLAYER_IDENTITY_REQUIRED,NONE,NONE,1
FRL_LOCAL_CSV,player_season,player_season,expectedAssists,unknown,exposed,exposed,unknown,coverage=CORE_DECADE; seasons=10/10,player_season,ENTITY,source_player_identity_to_player_season,True,Player-season rows require season-aware source-player identity.,SOURCE_PLAYER_TO_PLAYER_SEASON,source_player_identity_to_player_season,,,,,EXPLICIT_SOURCE_GRAIN_ROUTE,NOT_YET_PROVEN,ROUTE_IMPLEMENTED,VERIFIED_SOURCE_PLAYER_IDENTITY_REQUIRED,NONE,NONE,1
FRL_LOCAL_CSV,player_season,player_season,expectedGoals,unknown,exposed,exposed,unknown,coverage=CORE_DECADE; seasons=10/10,player_season,ENTITY,source_player_identity_to_player_season,True,Player-season rows require season-aware source-player identity.,SOURCE_PLAYER_TO_PLAYER_SEASON,source_player_identity_to_player_season,,,,,EXPLICIT_SOURCE_GRAIN_ROUTE,NOT_YET_PROVEN,ROUTE_IMPLEMENTED,VERIFIED_SOURCE_PLAYER_IDENTITY_REQUIRED,NONE,NONE,1
FRL_LOCAL_CSV,player_season,player_season,expectedGoalsFreekick,unknown,exposed,exposed,unknown,coverage=CORE_DECADE; seasons=10/10,player_season,ENTITY,source_player_identity_to_player_season,True,Player-season rows require season-aware source-player identity.,SOURCE_PLAYER_TO_PLAYER_SEASON,source_player_identity_to_player_season,,,,,EXPLICIT_SOURCE_GRAIN_ROUTE,NOT_YET_PROVEN,ROUTE_IMPLEMENTED,VERIFIED_SOURCE_PLAYER_IDENTITY_REQUIRED,NONE,NONE,1
FRL_LOCAL_CSV,player_season,player_season,expectedGoalsOnTarget,unknown,exposed,exposed,unknown,coverage=CORE_DECADE; seasons=10/10,player_season,ENTITY,source_player_identity_to_player_season,True,Player-season rows require season-aware source-player identity.,SOURCE_PLAYER_TO_PLAYER_SEASON,source_player_identity_to_player_season,,,,,EXPLICIT_SOURCE_GRAIN_ROUTE,NOT_YET_PROVEN,ROUTE_IMPLEMENTED,VERIFIED_SOURCE_PLAYER_IDENTITY_REQUIRED,NONE,NONE,1
FRL_LOCAL_CSV,player_season,player_season,expectedGoalsOnTargetConceded,unknown,exposed,exposed,unknown,coverage=CORE_DECADE; seasons=10/10,player_season,ENTITY,source_player_identity_to_player_season,True,Player-season rows require season-aware source-player identity.,SOURCE_PLAYER_TO_PLAYER_SEASON,source_player_identity_to_player_season,,,,,EXPLICIT_SOURCE_GRAIN_ROUTE,NOT_YET_PROVEN,ROUTE_IMPLEMENTED,VERIFIED_SOURCE_PLAYER_IDENTITY_REQUIRED,NONE,NONE,1
FRL_LOCAL_CSV,player_season,player_season,fiftyFifty,unknown,UNCATALOGUED,UNCATALOGUED,unknown,coverage=INTERMITTENT; seasons=3/10,player_season,ENTITY,source_player_identity_to_player_season,True,Player-season rows require season-aware source-player identity.,SOURCE_PLAYER_TO_PLAYER_SEASON,source_player_identity_to_player_season,,,,,EXPLICIT_SOURCE_GRAIN_ROUTE,NOT_YET_PROVEN,ROUTE_IMPLEMENTED,VERIFIED_SOURCE_PLAYER_IDENTITY_REQUIRED,NONE,NONE,1
FRL_LOCAL_CSV,player_season,player_season,forwardPasses,unknown,UNCATALOGUED,UNCATALOGUED,unknown,coverage=CORE_DECADE; seasons=10/10,player_season,ENTITY,source_player_identity_to_player_season,True,Player-season rows require season-aware source-player identity.,SOURCE_PLAYER_TO_PLAYER_SEASON,source_player_identity_to_player_season,,,,,EXPLICIT_SOURCE_GRAIN_ROUTE,NOT_YET_PROVEN,ROUTE_IMPLEMENTED,VERIFIED_SOURCE_PLAYER_IDENTITY_REQUIRED,NONE,NONE,1
FRL_LOCAL_CSV,player_season,player_season,foulAttemptedTackle,unknown,UNCATALOGUED,UNCATALOGUED,unknown,coverage=CORE_DECADE; seasons=10/10,player_season,ENTITY,source_player_identity_to_player_season,True,Player-season rows require season-aware source-player identity.,SOURCE_PLAYER_TO_PLAYER_SEASON,source_player_identity_to_player_season,,,,,EXPLICIT_SOURCE_GRAIN_ROUTE,NOT_YET_PROVEN,ROUTE_IMPLEMENTED,VERIFIED_SOURCE_PLAYER_IDENTITY_REQUIRED,NONE,NONE,1
FRL_LOCAL_CSV,player_season,player_season,foulWonPenalty,unknown,UNCATALOGUED,UNCATALOGUED,unknown,coverage=CORE_DECADE; seasons=10/10,player_season,ENTITY,source_player_identity_to_player_season,True,Player-season rows require season-aware source-player identity.,SOURCE_PLAYER_TO_PLAYER_SEASON,source_player_identity_to_player_season,,,,,EXPLICIT_SOURCE_GRAIN_ROUTE,NOT_YET_PROVEN,ROUTE_IMPLEMENTED,VERIFIED_SOURCE_PLAYER_IDENTITY_REQUIRED,NONE,NONE,1
FRL_LOCAL_CSV,player_season,player_season,freekickTotal,unknown,UNCATALOGUED,UNCATALOGUED,unknown,coverage=CORE_DECADE; seasons=10/10,player_season,ENTITY,source_player_identity_to_player_season,True,Player-season rows require season-aware source-player identity.,SOURCE_PLAYER_TO_PLAYER_SEASON,source_player_identity_to_player_season,,,,,EXPLICIT_SOURCE_GRAIN_ROUTE,NOT_YET_PROVEN,ROUTE_IMPLEMENTED,VERIFIED_SOURCE_PLAYER_IDENTITY_REQUIRED,NONE,NONE,1
FRL_LOCAL_CSV,player_season,player_season,gamesPlayed,unknown,exposed,exposed,unknown,coverage=CORE_DECADE; seasons=10/10,player_season,ENTITY,source_player_identity_to_player_season,True,Player-season rows require season-aware source-player identity.,SOURCE_PLAYER_TO_PLAYER_SEASON,source_player_identity_to_player_season,,,,,EXPLICIT_SOURCE_GRAIN_ROUTE,NOT_YET_PROVEN,ROUTE_IMPLEMENTED,VERIFIED_SOURCE_PLAYER_IDENTITY_REQUIRED,NONE,NONE,1
FRL_LOCAL_CSV,player_season,player_season,gkSuccessfulDistribution,unknown,UNCATALOGUED,UNCATALOGUED,unknown,coverage=CORE_DECADE; seasons=10/10,player_season,ENTITY,source_player_identity_to_player_season,True,Player-season rows require season-aware source-player identity.,SOURCE_PLAYER_TO_PLAYER_SEASON,source_player_identity_to_player_season,,,,,EXPLICIT_SOURCE_GRAIN_ROUTE,NOT_YET_PROVEN,ROUTE_IMPLEMENTED,VERIFIED_SOURCE_PLAYER_IDENTITY_REQUIRED,NONE,NONE,1
FRL_LOCAL_CSV,player_season,player_season,gkUnsuccessfulDistribution,unknown,UNCATALOGUED,UNCATALOGUED,unknown,coverage=CORE_DECADE; seasons=10/10,player_season,ENTITY,source_player_identity_to_player_season,True,Player-season rows require season-aware source-player identity.,SOURCE_PLAYER_TO_PLAYER_SEASON,source_player_identity_to_player_season,,,,,EXPLICIT_SOURCE_GRAIN_ROUTE,NOT_YET_PROVEN,ROUTE_IMPLEMENTED,VERIFIED_SOURCE_PLAYER_IDENTITY_REQUIRED,NONE,NONE,1
FRL_LOCAL_CSV,player_season,player_season,goalAssists,unknown,exposed,exposed,unknown,coverage=CORE_DECADE; seasons=10/10,player_season,ENTITY,source_player_identity_to_player_season,True,Player-season rows require season-aware source-player identity.,SOURCE_PLAYER_TO_PLAYER_SEASON,source_player_identity_to_player_season,,,,,EXPLICIT_SOURCE_GRAIN_ROUTE,NOT_YET_PROVEN,ROUTE_IMPLEMENTED,VERIFIED_SOURCE_PLAYER_IDENTITY_REQUIRED,NONE,NONE,1
FRL_LOCAL_CSV,player_season,player_season,goalKicks,unknown,UNCATALOGUED,UNCATALOGUED,unknown,coverage=LONG_RUN; seasons=9/10,player_season,ENTITY,source_player_identity_to_player_season,True,Player-season rows require season-aware source-player identity.,SOURCE_PLAYER_TO_PLAYER_SEASON,source_player_identity_to_player_season,,,,,EXPLICIT_SOURCE_GRAIN_ROUTE,NOT_YET_PROVEN,ROUTE_IMPLEMENTED,VERIFIED_SOURCE_PLAYER_IDENTITY_REQUIRED,NONE,NONE,1
FRL_LOCAL_CSV,player_season,player_season,goalkeeperSmother,unknown,UNCATALOGUED,UNCATALOGUED,unknown,coverage=CORE_DECADE; seasons=10/10,player_season,ENTITY,source_player_identity_to_player_season,True,Player-season rows require season-aware source-player identity.,SOURCE_PLAYER_TO_PLAYER_SEASON,source_player_identity_to_player_season,,,,,EXPLICIT_SOURCE_GRAIN_ROUTE,NOT_YET_PROVEN,ROUTE_IMPLEMENTED,VERIFIED_SOURCE_PLAYER_IDENTITY_REQUIRED,NONE,NONE,1
FRL_LOCAL_CSV,player_season,player_season,goals,unknown,exposed,exposed,unknown,coverage=CORE_DECADE; seasons=10/10,player_season,ENTITY,source_player_identity_to_player_season,True,Player-season rows require season-aware source-player identity.,SOURCE_PLAYER_TO_PLAYER_SEASON,source_player_identity_to_player_season,,,,,EXPLICIT_SOURCE_GRAIN_ROUTE,NOT_YET_PROVEN,ROUTE_IMPLEMENTED,VERIFIED_SOURCE_PLAYER_IDENTITY_REQUIRED,NONE,NONE,1
FRL_LOCAL_CSV,player_season,player_season,goalsConceded,unknown,UNCATALOGUED,UNCATALOGUED,unknown,coverage=CORE_DECADE; seasons=10/10,player_season,ENTITY,source_player_identity_to_player_season,True,Player-season rows require season-aware source-player identity.,SOURCE_PLAYER_TO_PLAYER_SEASON,source_player_identity_to_player_season,,,,,EXPLICIT_SOURCE_GRAIN_ROUTE,NOT_YET_PROVEN,ROUTE_IMPLEMENTED,VERIFIED_SOURCE_PLAYER_IDENTITY_REQUIRED,NONE,NONE,1
FRL_LOCAL_CSV,player_season,player_season,goalsConcededInsideBox,unknown,UNCATALOGUED,UNCATALOGUED,unknown,coverage=CORE_DECADE; seasons=10/10,player_season,ENTITY,source_player_identity_to_player_season,True,Player-season rows require season-aware source-player identity.,SOURCE_PLAYER_TO_PLAYER_SEASON,source_player_identity_to_player_season,,,,,EXPLICIT_SOURCE_GRAIN_ROUTE,NOT_YET_PROVEN,ROUTE_IMPLEMENTED,VERIFIED_SOURCE_PLAYER_IDENTITY_REQUIRED,NONE,NONE,1
FRL_LOCAL_CSV,player_season,player_season,goalsConcededOutsideBox,unknown,UNCATALOGUED,UNCATALOGUED,unknown,coverage=CORE_DECADE; seasons=10/10,player_season,ENTITY,source_player_identity_to_player_season,True,Player-season rows require season-aware source-player identity.,SOURCE_PLAYER_TO_PLAYER_SEASON,source_player_identity_to_player_season,,,,,EXPLICIT_SOURCE_GRAIN_ROUTE,NOT_YET_PROVEN,ROUTE_IMPLEMENTED,VERIFIED_SOURCE_PLAYER_IDENTITY_REQUIRED,NONE,NONE,1
FRL_LOCAL_CSV,player_season,player_season,groundDuels,unknown,UNCATALOGUED,UNCATALOGUED,unknown,coverage=CORE_DECADE; seasons=10/10,player_season,ENTITY,source_player_identity_to_player_season,True,Player-season rows require season-aware source-player identity.,SOURCE_PLAYER_TO_PLAYER_SEASON,source_player_identity_to_player_season,,,,,EXPLICIT_SOURCE_GRAIN_ROUTE,NOT_YET_PROVEN,ROUTE_IMPLEMENTED,VERIFIED_SOURCE_PLAYER_IDENTITY_REQUIRED,NONE,NONE,1
FRL_LOCAL_CSV,player_season,player_season,groundDuelsLost,unknown,UNCATALOGUED,UNCATALOGUED,unknown,coverage=CORE_DECADE; seasons=10/10,player_season,ENTITY,source_player_identity_to_player_season,True,Player-season rows require season-aware source-player identity.,SOURCE_PLAYER_TO_PLAYER_SEASON,source_player_identity_to_player_season,,,,,EXPLICIT_SOURCE_GRAIN_ROUTE,NOT_YET_PROVEN,ROUTE_IMPLEMENTED,VERIFIED_SOURCE_PLAYER_IDENTITY_REQUIRED,NONE,NONE,1
FRL_LOCAL_CSV,player_season,player_season,groundDuelsWon,unknown,UNCATALOGUED,UNCATALOGUED,unknown,coverage=CORE_DECADE; seasons=10/10,player_season,ENTITY,source_player_identity_to_player_season,True,Player-season rows require season-aware source-player identity.,SOURCE_PLAYER_TO_PLAYER_SEASON,source_player_identity_to_player_season,,,,,EXPLICIT_SOURCE_GRAIN_ROUTE,NOT_YET_PROVEN,ROUTE_IMPLEMENTED,VERIFIED_SOURCE_PLAYER_IDENTITY_REQUIRED,NONE,NONE,1
FRL_LOCAL_CSV,player_season,player_season,handballsConceded,unknown,UNCATALOGUED,UNCATALOGUED,unknown,coverage=CORE_DECADE; seasons=10/10,player_season,ENTITY,source_player_identity_to_player_season,True,Player-season rows require season-aware source-player identity.,SOURCE_PLAYER_TO_PLAYER_SEASON,source_player_identity_to_player_season,,,,,EXPLICIT_SOURCE_GRAIN_ROUTE,NOT_YET_PROVEN,ROUTE_IMPLEMENTED,VERIFIED_SOURCE_PLAYER_IDENTITY_REQUIRED,NONE,NONE,1
FRL_LOCAL_CSV,player_season,player_season,headedGoals,unknown,UNCATALOGUED,UNCATALOGUED,unknown,coverage=CORE_DECADE; seasons=10/10,player_season,ENTITY,source_player_identity_to_player_season,True,Player-season rows require season-aware source-player identity.,SOURCE_PLAYER_TO_PLAYER_SEASON,source_player_identity_to_player_season,,,,,EXPLICIT_SOURCE_GRAIN_ROUTE,NOT_YET_PROVEN,ROUTE_IMPLEMENTED,VERIFIED_SOURCE_PLAYER_IDENTITY_REQUIRED,NONE,NONE,1
FRL_LOCAL_CSV,player_season,player_season,hitWoodwork,unknown,UNCATALOGUED,UNCATALOGUED,unknown,coverage=CORE_DECADE; seasons=10/10,player_season,ENTITY,source_player_identity_to_player_season,True,Player-season rows require season-aware source-player identity.,SOURCE_PLAYER_TO_PLAYER_SEASON,source_player_identity_to_player_season,,,,,EXPLICIT_SOURCE_GRAIN_ROUTE,NOT_YET_PROVEN,ROUTE_IMPLEMENTED,VERIFIED_SOURCE_PLAYER_IDENTITY_REQUIRED,NONE,NONE,1
FRL_LOCAL_CSV,player_season,player_season,homeGoals,unknown,UNCATALOGUED,UNCATALOGUED,unknown,coverage=CORE_DECADE; seasons=10/10,player_season,ENTITY,source_player_identity_to_player_season,True,Player-season rows require season-aware source-player identity.,SOURCE_PLAYER_TO_PLAYER_SEASON,source_player_identity_to_player_season,,,,,EXPLICIT_SOURCE_GRAIN_ROUTE,NOT_YET_PROVEN,ROUTE_IMPLEMENTED,VERIFIED_SOURCE_PLAYER_IDENTITY_REQUIRED,NONE,NONE,1
FRL_LOCAL_CSV,player_season,player_season,iboxBlocked,unknown,UNCATALOGUED,UNCATALOGUED,unknown,coverage=CORE_DECADE; seasons=10/10,player_season,ENTITY,source_player_identity_to_player_season,True,Player-season rows require season-aware source-player identity.,SOURCE_PLAYER_TO_PLAYER_SEASON,source_player_identity_to_player_season,,,,,EXPLICIT_SOURCE_GRAIN_ROUTE,NOT_YET_PROVEN,ROUTE_IMPLEMENTED,VERIFIED_SOURCE_PLAYER_IDENTITY_REQUIRED,NONE,NONE,1
FRL_LOCAL_CSV,player_season,player_season,iboxTarget,unknown,UNCATALOGUED,UNCATALOGUED,unknown,coverage=CORE_DECADE; seasons=10/10,player_season,ENTITY,source_player_identity_to_player_season,True,Player-season rows require season-aware source-player identity.,SOURCE_PLAYER_TO_PLAYER_SEASON,source_player_identity_to_player_season,,,,,EXPLICIT_SOURCE_GRAIN_ROUTE,NOT_YET_PROVEN,ROUTE_IMPLEMENTED,VERIFIED_SOURCE_PLAYER_IDENTITY_REQUIRED,NONE,NONE,1
FRL_LOCAL_CSV,player_season,player_season,interceptions,unknown,exposed,exposed,unknown,coverage=CORE_DECADE; seasons=10/10,player_season,ENTITY,source_player_identity_to_player_season,True,Player-season rows require season-aware source-player identity.,SOURCE_PLAYER_TO_PLAYER_SEASON,source_player_identity_to_player_season,,,,,EXPLICIT_SOURCE_GRAIN_ROUTE,NOT_YET_PROVEN,ROUTE_IMPLEMENTED,VERIFIED_SOURCE_PLAYER_IDENTITY_REQUIRED,NONE,NONE,1
FRL_LOCAL_CSV,player_season,player_season,keyPassesAttemptAssists,unknown,UNCATALOGUED,UNCATALOGUED,unknown,coverage=CORE_DECADE; seasons=10/10,player_season,ENTITY,source_player_identity_to_player_season,True,Player-season rows require season-aware source-player identity.,SOURCE_PLAYER_TO_PLAYER_SEASON,source_player_identity_to_player_season,,,,,EXPLICIT_SOURCE_GRAIN_ROUTE,NOT_YET_PROVEN,ROUTE_IMPLEMENTED,VERIFIED_SOURCE_PLAYER_IDENTITY_REQUIRED,NONE,NONE,1
FRL_LOCAL_CSV,player_season,player_season,lastPlayerTackle,unknown,UNCATALOGUED,UNCATALOGUED,unknown,coverage=LONG_RUN; seasons=8/10,player_season,ENTITY,source_player_identity_to_player_season,True,Player-season rows require season-aware source-player identity.,SOURCE_PLAYER_TO_PLAYER_SEASON,source_player_identity_to_player_season,,,,,EXPLICIT_SOURCE_GRAIN_ROUTE,NOT_YET_PROVEN,ROUTE_IMPLEMENTED,VERIFIED_SOURCE_PLAYER_IDENTITY_REQUIRED,NONE,NONE,1
FRL_LOCAL_CSV,player_season,player_season,leftFootGoals,unknown,UNCATALOGUED,UNCATALOGUED,unknown,coverage=CORE_DECADE; seasons=10/10,player_season,ENTITY,source_player_identity_to_player_season,True,Player-season rows require season-aware source-player identity.,SOURCE_PLAYER_TO_PLAYER_SEASON,source_player_identity_to_player_season,,,,,EXPLICIT_SOURCE_GRAIN_ROUTE,NOT_YET_PROVEN,ROUTE_IMPLEMENTED,VERIFIED_SOURCE_PLAYER_IDENTITY_REQUIRED,NONE,NONE,1
FRL_LOCAL_CSV,player_season,player_season,leftsidePasses,unknown,UNCATALOGUED,UNCATALOGUED,unknown,coverage=CORE_DECADE; seasons=10/10,player_season,ENTITY,source_player_identity_to_player_season,True,Player-season rows require season-aware source-player identity.,SOURCE_PLAYER_TO_PLAYER_SEASON,source_player_identity_to_player_season,,,,,EXPLICIT_SOURCE_GRAIN_ROUTE,NOT_YET_PROVEN,ROUTE_IMPLEMENTED,VERIFIED_SOURCE_PLAYER_IDENTITY_REQUIRED,NONE,NONE,1
FRL_LOCAL_CSV,player_season,player_season,nationality,unknown,UNCATALOGUED,UNCATALOGUED,unknown,coverage=CORE_DECADE; seasons=10/10,player_season,ENTITY,source_player_identity_to_player_season,True,Player-season rows require season-aware source-player identity.,SOURCE_PLAYER_TO_PLAYER_SEASON,source_player_identity_to_player_season,,,,,EXPLICIT_SOURCE_GRAIN_ROUTE,NOT_YET_PROVEN,ROUTE_IMPLEMENTED,VERIFIED_SOURCE_PLAYER_IDENTITY_REQUIRED,NONE,NONE,1
FRL_LOCAL_CSV,player_season,player_season,oboxBlocked,unknown,UNCATALOGUED,UNCATALOGUED,unknown,coverage=CORE_DECADE; seasons=10/10,player_season,ENTITY,source_player_identity_to_player_season,True,Player-season rows require season-aware source-player identity.,SOURCE_PLAYER_TO_PLAYER_SEASON,source_player_identity_to_player_season,,,,,EXPLICIT_SOURCE_GRAIN_ROUTE,NOT_YET_PROVEN,ROUTE_IMPLEMENTED,VERIFIED_SOURCE_PLAYER_IDENTITY_REQUIRED,NONE,NONE,1
FRL_LOCAL_CSV,player_season,player_season,oboxTarget,unknown,UNCATALOGUED,UNCATALOGUED,unknown,coverage=CORE_DECADE; seasons=10/10,player_season,ENTITY,source_player_identity_to_player_season,True,Player-season rows require season-aware source-player identity.,SOURCE_PLAYER_TO_PLAYER_SEASON,source_player_identity_to_player_season,,,,,EXPLICIT_SOURCE_GRAIN_ROUTE,NOT_YET_PROVEN,ROUTE_IMPLEMENTED,VERIFIED_SOURCE_PLAYER_IDENTITY_REQUIRED,NONE,NONE,1
FRL_LOCAL_CSV,player_season,player_season,offsides,unknown,UNCATALOGUED,UNCATALOGUED,unknown,coverage=CORE_DECADE; seasons=10/10,player_season,ENTITY,source_player_identity_to_player_season,True,Player-season rows require season-aware source-player identity.,SOURCE_PLAYER_TO_PLAYER_SEASON,source_player_identity_to_player_season,,,,,EXPLICIT_SOURCE_GRAIN_ROUTE,NOT_YET_PROVEN,ROUTE_IMPLEMENTED,VERIFIED_SOURCE_PLAYER_IDENTITY_REQUIRED,NONE,NONE,1
FRL_LOCAL_CSV,player_season,player_season,openPlayPasses,unknown,UNCATALOGUED,UNCATALOGUED,unknown,coverage=CORE_DECADE; seasons=10/10,player_season,ENTITY,source_player_identity_to_player_season,True,Player-season rows require season-aware source-player identity.,SOURCE_PLAYER_TO_PLAYER_SEASON,source_player_identity_to_player_season,,,,,EXPLICIT_SOURCE_GRAIN_ROUTE,NOT_YET_PROVEN,ROUTE_IMPLEMENTED,VERIFIED_SOURCE_PLAYER_IDENTITY_REQUIRED,NONE,NONE,1
FRL_LOCAL_CSV,player_season,player_season,otherGoals,unknown,UNCATALOGUED,UNCATALOGUED,unknown,coverage=CORE_DECADE; seasons=10/10,player_season,ENTITY,source_player_identity_to_player_season,True,Player-season rows require season-aware source-player identity.,SOURCE_PLAYER_TO_PLAYER_SEASON,source_player_identity_to_player_season,,,,,EXPLICIT_SOURCE_GRAIN_ROUTE,NOT_YET_PROVEN,ROUTE_IMPLEMENTED,VERIFIED_SOURCE_PLAYER_IDENTITY_REQUIRED,NONE,NONE,1
FRL_LOCAL_CSV,player_season,player_season,overruns,unknown,UNCATALOGUED,UNCATALOGUED,unknown,coverage=LONG_RUN; seasons=8/10,player_season,ENTITY,source_player_identity_to_player_season,True,Player-season rows require season-aware source-player identity.,SOURCE_PLAYER_TO_PLAYER_SEASON,source_player_identity_to_player_season,,,,,EXPLICIT_SOURCE_GRAIN_ROUTE,NOT_YET_PROVEN,ROUTE_IMPLEMENTED,VERIFIED_SOURCE_PLAYER_IDENTITY_REQUIRED,NONE,NONE,1
FRL_LOCAL_CSV,player_season,player_season,ownGoalScored,unknown,UNCATALOGUED,UNCATALOGUED,unknown,coverage=CORE_DECADE; seasons=10/10,player_season,ENTITY,source_player_identity_to_player_season,True,Player-season rows require season-aware source-player identity.,SOURCE_PLAYER_TO_PLAYER_SEASON,source_player_identity_to_player_season,,,,,EXPLICIT_SOURCE_GRAIN_ROUTE,NOT_YET_PROVEN,ROUTE_IMPLEMENTED,VERIFIED_SOURCE_PLAYER_IDENTITY_REQUIRED,NONE,NONE,1
FRL_LOCAL_CSV,player_season,player_season,penaltiesConceded,unknown,UNCATALOGUED,UNCATALOGUED,unknown,coverage=CORE_DECADE; seasons=10/10,player_season,ENTITY,source_player_identity_to_player_season,True,Player-season rows require season-aware source-player identity.,SOURCE_PLAYER_TO_PLAYER_SEASON,source_player_identity_to_player_season,,,,,EXPLICIT_SOURCE_GRAIN_ROUTE,NOT_YET_PROVEN,ROUTE_IMPLEMENTED,VERIFIED_SOURCE_PLAYER_IDENTITY_REQUIRED,NONE,NONE,1
FRL_LOCAL_CSV,player_season,player_season,penaltiesFaced,unknown,UNCATALOGUED,UNCATALOGUED,unknown,coverage=CORE_DECADE; seasons=10/10,player_season,ENTITY,source_player_identity_to_player_season,True,Player-season rows require season-aware source-player identity.,SOURCE_PLAYER_TO_PLAYER_SEASON,source_player_identity_to_player_season,,,,,EXPLICIT_SOURCE_GRAIN_ROUTE,NOT_YET_PROVEN,ROUTE_IMPLEMENTED,VERIFIED_SOURCE_PLAYER_IDENTITY_REQUIRED,NONE,NONE,1
FRL_LOCAL_CSV,player_season,player_season,penaltiesSaved,unknown,UNCATALOGUED,UNCATALOGUED,unknown,coverage=CORE_DECADE; seasons=10/10,player_season,ENTITY,source_player_identity_to_player_season,True,Player-season rows require season-aware source-player identity.,SOURCE_PLAYER_TO_PLAYER_SEASON,source_player_identity_to_player_season,,,,,EXPLICIT_SOURCE_GRAIN_ROUTE,NOT_YET_PROVEN,ROUTE_IMPLEMENTED,VERIFIED_SOURCE_PLAYER_IDENTITY_REQUIRED,NONE,NONE,1
FRL_LOCAL_CSV,player_season,player_season,penaltiesTaken,unknown,UNCATALOGUED,UNCATALOGUED,unknown,coverage=CORE_DECADE; seasons=10/10,player_season,ENTITY,source_player_identity_to_player_season,True,Player-season rows require season-aware source-player identity.,SOURCE_PLAYER_TO_PLAYER_SEASON,source_player_identity_to_player_season,,,,,EXPLICIT_SOURCE_GRAIN_ROUTE,NOT_YET_PROVEN,ROUTE_IMPLEMENTED,VERIFIED_SOURCE_PLAYER_IDENTITY_REQUIRED,NONE,NONE,1
FRL_LOCAL_CSV,player_season,player_season,penaltyGoals,unknown,UNCATALOGUED,UNCATALOGUED,unknown,coverage=CORE_DECADE; seasons=10/10,player_season,ENTITY,source_player_identity_to_player_season,True,Player-season rows require season-aware source-player identity.,SOURCE_PLAYER_TO_PLAYER_SEASON,source_player_identity_to_player_season,,,,,EXPLICIT_SOURCE_GRAIN_ROUTE,NOT_YET_PROVEN,ROUTE_IMPLEMENTED,VERIFIED_SOURCE_PLAYER_IDENTITY_REQUIRED,NONE,NONE,1
FRL_LOCAL_CSV,player_season,player_season,penaltyGoalsConceded,unknown,UNCATALOGUED,UNCATALOGUED,unknown,coverage=CORE_DECADE; seasons=10/10,player_season,ENTITY,source_player_identity_to_player_season,True,Player-season rows require season-aware source-player identity.,SOURCE_PLAYER_TO_PLAYER_SEASON,source_player_identity_to_player_season,,,,,EXPLICIT_SOURCE_GRAIN_ROUTE,NOT_YET_PROVEN,ROUTE_IMPLEMENTED,VERIFIED_SOURCE_PLAYER_IDENTITY_REQUIRED,NONE,NONE,1
FRL_LOCAL_CSV,player_season,player_season,playerId,unknown,exposed,exposed,unknown,coverage=CORE_DECADE; seasons=10/10,player_season,ENTITY,source_player_identity_to_player_season,True,Player-season rows require season-aware source-player identity.,SOURCE_PLAYER_TO_PLAYER_SEASON,source_player_identity_to_player_season,,,,,EXPLICIT_SOURCE_GRAIN_ROUTE,NOT_YET_PROVEN,ROUTE_IMPLEMENTED,VERIFIED_SOURCE_PLAYER_IDENTITY_REQUIRED,NONE,NONE,1
FRL_LOCAL_CSV,player_season,player_season,playerName,unknown,retained,retained,unknown,coverage=CORE_DECADE; seasons=10/10,player_season,ENTITY,source_player_identity_to_player_season,True,Player-season rows require season-aware source-player identity.,SOURCE_PLAYER_TO_PLAYER_SEASON,source_player_identity_to_player_season,,,,,EXPLICIT_SOURCE_GRAIN_ROUTE,NOT_YET_PROVEN,ROUTE_IMPLEMENTED,VERIFIED_SOURCE_PLAYER_IDENTITY_REQUIRED,NONE,NONE,1
FRL_LOCAL_CSV,player_season,player_season,position,unknown,retained,retained,unknown,coverage=CORE_DECADE; seasons=10/10,player_season,ENTITY,source_player_identity_to_player_season,True,Player-season rows require season-aware source-player identity.,SOURCE_PLAYER_TO_PLAYER_SEASON,source_player_identity_to_player_season,,,,,EXPLICIT_SOURCE_GRAIN_ROUTE,NOT_YET_PROVEN,ROUTE_IMPLEMENTED,VERIFIED_SOURCE_PLAYER_IDENTITY_REQUIRED,NONE,NONE,1
FRL_LOCAL_CSV,player_season,player_season,punches,unknown,UNCATALOGUED,UNCATALOGUED,unknown,coverage=CORE_DECADE; seasons=10/10,player_season,ENTITY,source_player_identity_to_player_season,True,Player-season rows require season-aware source-player identity.,SOURCE_PLAYER_TO_PLAYER_SEASON,source_player_identity_to_player_season,,,,,EXPLICIT_SOURCE_GRAIN_ROUTE,NOT_YET_PROVEN,ROUTE_IMPLEMENTED,VERIFIED_SOURCE_PLAYER_IDENTITY_REQUIRED,NONE,NONE,1
FRL_LOCAL_CSV,player_season,player_season,putthroughBlockedDistribution,unknown,UNCATALOGUED,UNCATALOGUED,unknown,coverage=CORE_DECADE; seasons=10/10,player_season,ENTITY,source_player_identity_to_player_season,True,Player-season rows require season-aware source-player identity.,SOURCE_PLAYER_TO_PLAYER_SEASON,source_player_identity_to_player_season,,,,,EXPLICIT_SOURCE_GRAIN_ROUTE,NOT_YET_PROVEN,ROUTE_IMPLEMENTED,VERIFIED_SOURCE_PLAYER_IDENTITY_REQUIRED,NONE,NONE,1
FRL_LOCAL_CSV,player_season,player_season,putthroughBlockedDistributionWon,unknown,UNCATALOGUED,UNCATALOGUED,unknown,coverage=CORE_DECADE; seasons=10/10,player_season,ENTITY,source_player_identity_to_player_season,True,Player-season rows require season-aware source-player identity.,SOURCE_PLAYER_TO_PLAYER_SEASON,source_player_identity_to_player_season,,,,,EXPLICIT_SOURCE_GRAIN_ROUTE,NOT_YET_PROVEN,ROUTE_IMPLEMENTED,VERIFIED_SOURCE_PLAYER_IDENTITY_REQUIRED,NONE,NONE,1
FRL_LOCAL_CSV,player_season,player_season,recoveries,unknown,UNCATALOGUED,UNCATALOGUED,unknown,coverage=CORE_DECADE; seasons=10/10,player_season,ENTITY,source_player_identity_to_player_season,True,Player-season rows require season-aware source-player identity.,SOURCE_PLAYER_TO_PLAYER_SEASON,source_player_identity_to_player_season,,,,,EXPLICIT_SOURCE_GRAIN_ROUTE,NOT_YET_PROVEN,ROUTE_IMPLEMENTED,VERIFIED_SOURCE_PLAYER_IDENTITY_REQUIRED,NONE,NONE,1
FRL_LOCAL_CSV,player_season,player_season,redCards2ndYellow,unknown,UNCATALOGUED,UNCATALOGUED,unknown,coverage=CORE_DECADE; seasons=10/10,player_season,ENTITY,source_player_identity_to_player_season,True,Player-season rows require season-aware source-player identity.,SOURCE_PLAYER_TO_PLAYER_SEASON,source_player_identity_to_player_season,,,,,EXPLICIT_SOURCE_GRAIN_ROUTE,NOT_YET_PROVEN,ROUTE_IMPLEMENTED,VERIFIED_SOURCE_PLAYER_IDENTITY_REQUIRED,NONE,NONE,1
FRL_LOCAL_CSV,player_season,player_season,rightFootGoals,unknown,UNCATALOGUED,UNCATALOGUED,unknown,coverage=CORE_DECADE; seasons=10/10,player_season,ENTITY,source_player_identity_to_player_season,True,Player-season rows require season-aware source-player identity.,SOURCE_PLAYER_TO_PLAYER_SEASON,source_player_identity_to_player_season,,,,,EXPLICIT_SOURCE_GRAIN_ROUTE,NOT_YET_PROVEN,ROUTE_IMPLEMENTED,VERIFIED_SOURCE_PLAYER_IDENTITY_REQUIRED,NONE,NONE,1
FRL_LOCAL_CSV,player_season,player_season,rightsidePasses,unknown,UNCATALOGUED,UNCATALOGUED,unknown,coverage=CORE_DECADE; seasons=10/10,player_season,ENTITY,source_player_identity_to_player_season,True,Player-season rows require season-aware source-player identity.,SOURCE_PLAYER_TO_PLAYER_SEASON,source_player_identity_to_player_season,,,,,EXPLICIT_SOURCE_GRAIN_ROUTE,NOT_YET_PROVEN,ROUTE_IMPLEMENTED,VERIFIED_SOURCE_PLAYER_IDENTITY_REQUIRED,NONE,NONE,1
FRL_LOCAL_CSV,player_season,player_season,savesFromPenalty,unknown,UNCATALOGUED,UNCATALOGUED,unknown,coverage=CORE_DECADE; seasons=10/10,player_season,ENTITY,source_player_identity_to_player_season,True,Player-season rows require season-aware source-player identity.,SOURCE_PLAYER_TO_PLAYER_SEASON,source_player_identity_to_player_season,,,,,EXPLICIT_SOURCE_GRAIN_ROUTE,NOT_YET_PROVEN,ROUTE_IMPLEMENTED,VERIFIED_SOURCE_PLAYER_IDENTITY_REQUIRED,NONE,NONE,1
FRL_LOCAL_CSV,player_season,player_season,savesMade,unknown,UNCATALOGUED,UNCATALOGUED,unknown,coverage=CORE_DECADE; seasons=10/10,player_season,ENTITY,source_player_identity_to_player_season,True,Player-season rows require season-aware source-player identity.,SOURCE_PLAYER_TO_PLAYER_SEASON,source_player_identity_to_player_season,,,,,EXPLICIT_SOURCE_GRAIN_ROUTE,NOT_YET_PROVEN,ROUTE_IMPLEMENTED,VERIFIED_SOURCE_PLAYER_IDENTITY_REQUIRED,NONE,NONE,1
FRL_LOCAL_CSV,player_season,player_season,savesMadeCaught,unknown,UNCATALOGUED,UNCATALOGUED,unknown,coverage=CORE_DECADE; seasons=10/10,player_season,ENTITY,source_player_identity_to_player_season,True,Player-season rows require season-aware source-player identity.,SOURCE_PLAYER_TO_PLAYER_SEASON,source_player_identity_to_player_season,,,,,EXPLICIT_SOURCE_GRAIN_ROUTE,NOT_YET_PROVEN,ROUTE_IMPLEMENTED,VERIFIED_SOURCE_PLAYER_IDENTITY_REQUIRED,NONE,NONE,1
FRL_LOCAL_CSV,player_season,player_season,savesMadeFromInsideBox,unknown,UNCATALOGUED,UNCATALOGUED,unknown,coverage=CORE_DECADE; seasons=10/10,player_season,ENTITY,source_player_identity_to_player_season,True,Player-season rows require season-aware source-player identity.,SOURCE_PLAYER_TO_PLAYER_SEASON,source_player_identity_to_player_season,,,,,EXPLICIT_SOURCE_GRAIN_ROUTE,NOT_YET_PROVEN,ROUTE_IMPLEMENTED,VERIFIED_SOURCE_PLAYER_IDENTITY_REQUIRED,NONE,NONE,1
FRL_LOCAL_CSV,player_season,player_season,savesMadeFromOutsideBox,unknown,UNCATALOGUED,UNCATALOGUED,unknown,coverage=CORE_DECADE; seasons=10/10,player_season,ENTITY,source_player_identity_to_player_season,True,Player-season rows require season-aware source-player identity.,SOURCE_PLAYER_TO_PLAYER_SEASON,source_player_identity_to_player_season,,,,,EXPLICIT_SOURCE_GRAIN_ROUTE,NOT_YET_PROVEN,ROUTE_IMPLEMENTED,VERIFIED_SOURCE_PLAYER_IDENTITY_REQUIRED,NONE,NONE,1
FRL_LOCAL_CSV,player_season,player_season,savesMadeParried,unknown,UNCATALOGUED,UNCATALOGUED,unknown,coverage=CORE_DECADE; seasons=10/10,player_season,ENTITY,source_player_identity_to_player_season,True,Player-season rows require season-aware source-player identity.,SOURCE_PLAYER_TO_PLAYER_SEASON,source_player_identity_to_player_season,,,,,EXPLICIT_SOURCE_GRAIN_ROUTE,NOT_YET_PROVEN,ROUTE_IMPLEMENTED,VERIFIED_SOURCE_PLAYER_IDENTITY_REQUIRED,NONE,NONE,1
FRL_LOCAL_CSV,player_season,player_season,season,unknown,exposed,exposed,unknown,coverage=CORE_DECADE; seasons=10/10,player_season,ENTITY,source_player_identity_to_player_season,True,Player-season rows require season-aware source-player identity.,SOURCE_PLAYER_TO_PLAYER_SEASON,source_player_identity_to_player_season,,,,,EXPLICIT_SOURCE_GRAIN_ROUTE,NOT_YET_PROVEN,ROUTE_IMPLEMENTED,VERIFIED_SOURCE_PLAYER_IDENTITY_REQUIRED,NONE,NONE,1
FRL_LOCAL_CSV,player_season,player_season,secondGoalAssists,unknown,UNCATALOGUED,UNCATALOGUED,unknown,coverage=CORE_DECADE; seasons=10/10,player_season,ENTITY,source_player_identity_to_player_season,True,Player-season rows require season-aware source-player identity.,SOURCE_PLAYER_TO_PLAYER_SEASON,source_player_identity_to_player_season,,,,,EXPLICIT_SOURCE_GRAIN_ROUTE,NOT_YET_PROVEN,ROUTE_IMPLEMENTED,VERIFIED_SOURCE_PLAYER_IDENTITY_REQUIRED,NONE,NONE,1
FRL_LOCAL_CSV,player_season,player_season,setPiecesGoals,unknown,UNCATALOGUED,UNCATALOGUED,unknown,coverage=CORE_DECADE; seasons=10/10,player_season,ENTITY,source_player_identity_to_player_season,True,Player-season rows require season-aware source-player identity.,SOURCE_PLAYER_TO_PLAYER_SEASON,source_player_identity_to_player_season,,,,,EXPLICIT_SOURCE_GRAIN_ROUTE,NOT_YET_PROVEN,ROUTE_IMPLEMENTED,VERIFIED_SOURCE_PLAYER_IDENTITY_REQUIRED,NONE,NONE,1
FRL_LOCAL_CSV,player_season,player_season,shotsBlockedInBox,unknown,exposed,exposed,unknown,coverage=CORE_DECADE; seasons=10/10,player_season,ENTITY,source_player_identity_to_player_season,True,Player-season rows require season-aware source-player identity.,SOURCE_PLAYER_TO_PLAYER_SEASON,source_player_identity_to_player_season,,,,,EXPLICIT_SOURCE_GRAIN_ROUTE,NOT_YET_PROVEN,ROUTE_IMPLEMENTED,VERIFIED_SOURCE_PLAYER_IDENTITY_REQUIRED,NONE,NONE,1
FRL_LOCAL_CSV,player_season,player_season,shotsBlockedOutsideBox,unknown,exposed,exposed,unknown,coverage=CORE_DECADE; seasons=10/10,player_season,ENTITY,source_player_identity_to_player_season,True,Player-season rows require season-aware source-player identity.,SOURCE_PLAYER_TO_PLAYER_SEASON,source_player_identity_to_player_season,,,,,EXPLICIT_SOURCE_GRAIN_ROUTE,NOT_YET_PROVEN,ROUTE_IMPLEMENTED,VERIFIED_SOURCE_PLAYER_IDENTITY_REQUIRED,NONE,NONE,1
FRL_LOCAL_CSV,player_season,player_season,shotsOffTargetIncWoodwork,unknown,UNCATALOGUED,UNCATALOGUED,unknown,coverage=CORE_DECADE; seasons=10/10,player_season,ENTITY,source_player_identity_to_player_season,True,Player-season rows require season-aware source-player identity.,SOURCE_PLAYER_TO_PLAYER_SEASON,source_player_identity_to_player_season,,,,,EXPLICIT_SOURCE_GRAIN_ROUTE,NOT_YET_PROVEN,ROUTE_IMPLEMENTED,VERIFIED_SOURCE_PLAYER_IDENTITY_REQUIRED,NONE,NONE,1
FRL_LOCAL_CSV,player_season,player_season,shotsOnTargetInBox,unknown,UNCATALOGUED,UNCATALOGUED,unknown,coverage=CORE_DECADE; seasons=10/10,player_season,ENTITY,source_player_identity_to_player_season,True,Player-season rows require season-aware source-player identity.,SOURCE_PLAYER_TO_PLAYER_SEASON,source_player_identity_to_player_season,,,,,EXPLICIT_SOURCE_GRAIN_ROUTE,NOT_YET_PROVEN,ROUTE_IMPLEMENTED,VERIFIED_SOURCE_PLAYER_IDENTITY_REQUIRED,NONE,NONE,1
FRL_LOCAL_CSV,player_season,player_season,shotsOnTargetIncGoals,unknown,exposed,exposed,unknown,coverage=CORE_DECADE; seasons=10/10,player_season,ENTITY,source_player_identity_to_player_season,True,Player-season rows require season-aware source-player identity.,SOURCE_PLAYER_TO_PLAYER_SEASON,source_player_identity_to_player_season,,,,,EXPLICIT_SOURCE_GRAIN_ROUTE,NOT_YET_PROVEN,ROUTE_IMPLEMENTED,VERIFIED_SOURCE_PLAYER_IDENTITY_REQUIRED,NONE,NONE,1
FRL_LOCAL_CSV,player_season,player_season,shotsOnTargetOutsideBox,unknown,UNCATALOGUED,UNCATALOGUED,unknown,coverage=CORE_DECADE; seasons=10/10,player_season,ENTITY,source_player_identity_to_player_season,True,Player-season rows require season-aware source-player identity.,SOURCE_PLAYER_TO_PLAYER_SEASON,source_player_identity_to_player_season,,,,,EXPLICIT_SOURCE_GRAIN_ROUTE,NOT_YET_PROVEN,ROUTE_IMPLEMENTED,VERIFIED_SOURCE_PLAYER_IDENTITY_REQUIRED,NONE,NONE,1
FRL_LOCAL_CSV,player_season,player_season,starts,unknown,exposed,exposed,unknown,coverage=CORE_DECADE; seasons=10/10,player_season,ENTITY,source_player_identity_to_player_season,True,Player-season rows require season-aware source-player identity.,SOURCE_PLAYER_TO_PLAYER_SEASON,source_player_identity_to_player_season,,,,,EXPLICIT_SOURCE_GRAIN_ROUTE,NOT_YET_PROVEN,ROUTE_IMPLEMENTED,VERIFIED_SOURCE_PLAYER_IDENTITY_REQUIRED,NONE,NONE,1
FRL_LOCAL_CSV,player_season,player_season,straightRedCards,unknown,UNCATALOGUED,UNCATALOGUED,unknown,coverage=CORE_DECADE; seasons=10/10,player_season,ENTITY,source_player_identity_to_player_season,True,Player-season rows require season-aware source-player identity.,SOURCE_PLAYER_TO_PLAYER_SEASON,source_player_identity_to_player_season,,,,,EXPLICIT_SOURCE_GRAIN_ROUTE,NOT_YET_PROVEN,ROUTE_IMPLEMENTED,VERIFIED_SOURCE_PLAYER_IDENTITY_REQUIRED,NONE,NONE,1
FRL_LOCAL_CSV,player_season,player_season,substituteOff,unknown,UNCATALOGUED,UNCATALOGUED,unknown,coverage=CORE_DECADE; seasons=10/10,player_season,ENTITY,source_player_identity_to_player_season,True,Player-season rows require season-aware source-player identity.,SOURCE_PLAYER_TO_PLAYER_SEASON,source_player_identity_to_player_season,,,,,EXPLICIT_SOURCE_GRAIN_ROUTE,NOT_YET_PROVEN,ROUTE_IMPLEMENTED,VERIFIED_SOURCE_PLAYER_IDENTITY_REQUIRED,NONE,NONE,1
FRL_LOCAL_CSV,player_season,player_season,substituteOn,unknown,UNCATALOGUED,UNCATALOGUED,unknown,coverage=CORE_DECADE; seasons=10/10,player_season,ENTITY,source_player_identity_to_player_season,True,Player-season rows require season-aware source-player identity.,SOURCE_PLAYER_TO_PLAYER_SEASON,source_player_identity_to_player_season,,,,,EXPLICIT_SOURCE_GRAIN_ROUTE,NOT_YET_PROVEN,ROUTE_IMPLEMENTED,VERIFIED_SOURCE_PLAYER_IDENTITY_REQUIRED,NONE,NONE,1
FRL_LOCAL_CSV,player_season,player_season,successfulCornersIntoBox,unknown,UNCATALOGUED,UNCATALOGUED,unknown,coverage=CORE_DECADE; seasons=10/10,player_season,ENTITY,source_player_identity_to_player_season,True,Player-season rows require season-aware source-player identity.,SOURCE_PLAYER_TO_PLAYER_SEASON,source_player_identity_to_player_season,,,,,EXPLICIT_SOURCE_GRAIN_ROUTE,NOT_YET_PROVEN,ROUTE_IMPLEMENTED,VERIFIED_SOURCE_PLAYER_IDENTITY_REQUIRED,NONE,NONE,1
FRL_LOCAL_CSV,player_season,player_season,successfulCrossesAndCorners,unknown,UNCATALOGUED,UNCATALOGUED,unknown,coverage=CORE_DECADE; seasons=10/10,player_season,ENTITY,source_player_identity_to_player_season,True,Player-season rows require season-aware source-player identity.,SOURCE_PLAYER_TO_PLAYER_SEASON,source_player_identity_to_player_season,,,,,EXPLICIT_SOURCE_GRAIN_ROUTE,NOT_YET_PROVEN,ROUTE_IMPLEMENTED,VERIFIED_SOURCE_PLAYER_IDENTITY_REQUIRED,NONE,NONE,1
FRL_LOCAL_CSV,player_season,player_season,successfulCrossesOpenPlay,unknown,UNCATALOGUED,UNCATALOGUED,unknown,coverage=CORE_DECADE; seasons=10/10,player_season,ENTITY,source_player_identity_to_player_season,True,Player-season rows require season-aware source-player identity.,SOURCE_PLAYER_TO_PLAYER_SEASON,source_player_identity_to_player_season,,,,,EXPLICIT_SOURCE_GRAIN_ROUTE,NOT_YET_PROVEN,ROUTE_IMPLEMENTED,VERIFIED_SOURCE_PLAYER_IDENTITY_REQUIRED,NONE,NONE,1
FRL_LOCAL_CSV,player_season,player_season,successfulDribbles,unknown,exposed,exposed,unknown,coverage=CORE_DECADE; seasons=10/10,player_season,ENTITY,source_player_identity_to_player_season,True,Player-season rows require season-aware source-player identity.,SOURCE_PLAYER_TO_PLAYER_SEASON,source_player_identity_to_player_season,,,,,EXPLICIT_SOURCE_GRAIN_ROUTE,NOT_YET_PROVEN,ROUTE_IMPLEMENTED,VERIFIED_SOURCE_PLAYER_IDENTITY_REQUIRED,NONE,NONE,1
FRL_LOCAL_CSV,player_season,player_season,successfulFiftyFifty,unknown,UNCATALOGUED,UNCATALOGUED,unknown,coverage=INTERMITTENT; seasons=3/10,player_season,ENTITY,source_player_identity_to_player_season,True,Player-season rows require season-aware source-player identity.,SOURCE_PLAYER_TO_PLAYER_SEASON,source_player_identity_to_player_season,,,,,EXPLICIT_SOURCE_GRAIN_ROUTE,NOT_YET_PROVEN,ROUTE_IMPLEMENTED,VERIFIED_SOURCE_PLAYER_IDENTITY_REQUIRED,NONE,NONE,1
FRL_LOCAL_CSV,player_season,player_season,successfulLaunches,unknown,UNCATALOGUED,UNCATALOGUED,unknown,coverage=CORE_DECADE; seasons=10/10,player_season,ENTITY,source_player_identity_to_player_season,True,Player-season rows require season-aware source-player identity.,SOURCE_PLAYER_TO_PLAYER_SEASON,source_player_identity_to_player_season,,,,,EXPLICIT_SOURCE_GRAIN_ROUTE,NOT_YET_PROVEN,ROUTE_IMPLEMENTED,VERIFIED_SOURCE_PLAYER_IDENTITY_REQUIRED,NONE,NONE,1
FRL_LOCAL_CSV,player_season,player_season,successfulLayoffs,unknown,UNCATALOGUED,UNCATALOGUED,unknown,coverage=CORE_DECADE; seasons=10/10,player_season,ENTITY,source_player_identity_to_player_season,True,Player-season rows require season-aware source-player identity.,SOURCE_PLAYER_TO_PLAYER_SEASON,source_player_identity_to_player_season,,,,,EXPLICIT_SOURCE_GRAIN_ROUTE,NOT_YET_PROVEN,ROUTE_IMPLEMENTED,VERIFIED_SOURCE_PLAYER_IDENTITY_REQUIRED,NONE,NONE,1
FRL_LOCAL_CSV,player_season,player_season,successfulLongPasses,unknown,UNCATALOGUED,UNCATALOGUED,unknown,coverage=CORE_DECADE; seasons=10/10,player_season,ENTITY,source_player_identity_to_player_season,True,Player-season rows require season-aware source-player identity.,SOURCE_PLAYER_TO_PLAYER_SEASON,source_player_identity_to_player_season,,,,,EXPLICIT_SOURCE_GRAIN_ROUTE,NOT_YET_PROVEN,ROUTE_IMPLEMENTED,VERIFIED_SOURCE_PLAYER_IDENTITY_REQUIRED,NONE,NONE,1
FRL_LOCAL_CSV,player_season,player_season,successfulPassesOppositionHalf,unknown,UNCATALOGUED,UNCATALOGUED,unknown,coverage=CORE_DECADE; seasons=10/10,player_season,ENTITY,source_player_identity_to_player_season,True,Player-season rows require season-aware source-player identity.,SOURCE_PLAYER_TO_PLAYER_SEASON,source_player_identity_to_player_season,,,,,EXPLICIT_SOURCE_GRAIN_ROUTE,NOT_YET_PROVEN,ROUTE_IMPLEMENTED,VERIFIED_SOURCE_PLAYER_IDENTITY_REQUIRED,NONE,NONE,1
FRL_LOCAL_CSV,player_season,player_season,successfulPassesOwnHalf,unknown,UNCATALOGUED,UNCATALOGUED,unknown,coverage=CORE_DECADE; seasons=10/10,player_season,ENTITY,source_player_identity_to_player_season,True,Player-season rows require season-aware source-player identity.,SOURCE_PLAYER_TO_PLAYER_SEASON,source_player_identity_to_player_season,,,,,EXPLICIT_SOURCE_GRAIN_ROUTE,NOT_YET_PROVEN,ROUTE_IMPLEMENTED,VERIFIED_SOURCE_PLAYER_IDENTITY_REQUIRED,NONE,NONE,1
FRL_LOCAL_CSV,player_season,player_season,successfulShortPasses,unknown,UNCATALOGUED,UNCATALOGUED,unknown,coverage=CORE_DECADE; seasons=10/10,player_season,ENTITY,source_player_identity_to_player_season,True,Player-season rows require season-aware source-player identity.,SOURCE_PLAYER_TO_PLAYER_SEASON,source_player_identity_to_player_season,,,,,EXPLICIT_SOURCE_GRAIN_ROUTE,NOT_YET_PROVEN,ROUTE_IMPLEMENTED,VERIFIED_SOURCE_PLAYER_IDENTITY_REQUIRED,NONE,NONE,1
FRL_LOCAL_CSV,player_season,player_season,tacklesLost,unknown,UNCATALOGUED,UNCATALOGUED,unknown,coverage=CORE_DECADE; seasons=10/10,player_season,ENTITY,source_player_identity_to_player_season,True,Player-season rows require season-aware source-player identity.,SOURCE_PLAYER_TO_PLAYER_SEASON,source_player_identity_to_player_season,,,,,EXPLICIT_SOURCE_GRAIN_ROUTE,NOT_YET_PROVEN,ROUTE_IMPLEMENTED,VERIFIED_SOURCE_PLAYER_IDENTITY_REQUIRED,NONE,NONE,1
FRL_LOCAL_CSV,player_season,player_season,tacklesWon,unknown,exposed,exposed,unknown,coverage=CORE_DECADE; seasons=10/10,player_season,ENTITY,source_player_identity_to_player_season,True,Player-season rows require season-aware source-player identity.,SOURCE_PLAYER_TO_PLAYER_SEASON,source_player_identity_to_player_season,,,,,EXPLICIT_SOURCE_GRAIN_ROUTE,NOT_YET_PROVEN,ROUTE_IMPLEMENTED,VERIFIED_SOURCE_PLAYER_IDENTITY_REQUIRED,NONE,NONE,1
FRL_LOCAL_CSV,player_season,player_season,team_id,unknown,exposed,exposed,unknown,coverage=CORE_DECADE; seasons=10/10,player_season,ENTITY,source_player_identity_to_player_season,True,Player-season rows require season-aware source-player identity.,SOURCE_PLAYER_TO_PLAYER_SEASON,source_player_identity_to_player_season,,,,,EXPLICIT_SOURCE_GRAIN_ROUTE,NOT_YET_PROVEN,ROUTE_IMPLEMENTED,VERIFIED_SOURCE_PLAYER_IDENTITY_REQUIRED,NONE,NONE,1
FRL_LOCAL_CSV,player_season,player_season,team_name,unknown,retained,retained,unknown,coverage=CORE_DECADE; seasons=10/10,player_season,ENTITY,source_player_identity_to_player_season,True,Player-season rows require season-aware source-player identity.,SOURCE_PLAYER_TO_PLAYER_SEASON,source_player_identity_to_player_season,,,,,EXPLICIT_SOURCE_GRAIN_ROUTE,NOT_YET_PROVEN,ROUTE_IMPLEMENTED,VERIFIED_SOURCE_PLAYER_IDENTITY_REQUIRED,NONE,NONE,1
FRL_LOCAL_CSV,player_season,player_season,throughBalls,unknown,UNCATALOGUED,UNCATALOGUED,unknown,coverage=CORE_DECADE; seasons=10/10,player_season,ENTITY,source_player_identity_to_player_season,True,Player-season rows require season-aware source-player identity.,SOURCE_PLAYER_TO_PLAYER_SEASON,source_player_identity_to_player_season,,,,,EXPLICIT_SOURCE_GRAIN_ROUTE,NOT_YET_PROVEN,ROUTE_IMPLEMENTED,VERIFIED_SOURCE_PLAYER_IDENTITY_REQUIRED,NONE,NONE,1
FRL_LOCAL_CSV,player_season,player_season,throwInsToOppositionPlayer,unknown,UNCATALOGUED,UNCATALOGUED,unknown,coverage=CORE_DECADE; seasons=10/10,player_season,ENTITY,source_player_identity_to_player_season,True,Player-season rows require season-aware source-player identity.,SOURCE_PLAYER_TO_PLAYER_SEASON,source_player_identity_to_player_season,,,,,EXPLICIT_SOURCE_GRAIN_ROUTE,NOT_YET_PROVEN,ROUTE_IMPLEMENTED,VERIFIED_SOURCE_PLAYER_IDENTITY_REQUIRED,NONE,NONE,1
FRL_LOCAL_CSV,player_season,player_season,throwInsToOwnPlayer,unknown,UNCATALOGUED,UNCATALOGUED,unknown,coverage=CORE_DECADE; seasons=10/10,player_season,ENTITY,source_player_identity_to_player_season,True,Player-season rows require season-aware source-player identity.,SOURCE_PLAYER_TO_PLAYER_SEASON,source_player_identity_to_player_season,,,,,EXPLICIT_SOURCE_GRAIN_ROUTE,NOT_YET_PROVEN,ROUTE_IMPLEMENTED,VERIFIED_SOURCE_PLAYER_IDENTITY_REQUIRED,NONE,NONE,1
FRL_LOCAL_CSV,player_season,player_season,timePlayed,unknown,exposed,exposed,unknown,coverage=CORE_DECADE; seasons=10/10,player_season,ENTITY,source_player_identity_to_player_season,True,Player-season rows require season-aware source-player identity.,SOURCE_PLAYER_TO_PLAYER_SEASON,source_player_identity_to_player_season,,,,,EXPLICIT_SOURCE_GRAIN_ROUTE,NOT_YET_PROVEN,ROUTE_IMPLEMENTED,VERIFIED_SOURCE_PLAYER_IDENTITY_REQUIRED,NONE,NONE,1
FRL_LOCAL_CSV,player_season,player_season,timesTackled,unknown,UNCATALOGUED,UNCATALOGUED,unknown,coverage=CORE_DECADE; seasons=10/10,player_season,ENTITY,source_player_identity_to_player_season,True,Player-season rows require season-aware source-player identity.,SOURCE_PLAYER_TO_PLAYER_SEASON,source_player_identity_to_player_season,,,,,EXPLICIT_SOURCE_GRAIN_ROUTE,NOT_YET_PROVEN,ROUTE_IMPLEMENTED,VERIFIED_SOURCE_PLAYER_IDENTITY_REQUIRED,NONE,NONE,1
FRL_LOCAL_CSV,player_season,player_season,totalClearances,unknown,UNCATALOGUED,UNCATALOGUED,unknown,coverage=CORE_DECADE; seasons=10/10,player_season,ENTITY,source_player_identity_to_player_season,True,Player-season rows require season-aware source-player identity.,SOURCE_PLAYER_TO_PLAYER_SEASON,source_player_identity_to_player_season,,,,,EXPLICIT_SOURCE_GRAIN_ROUTE,NOT_YET_PROVEN,ROUTE_IMPLEMENTED,VERIFIED_SOURCE_PLAYER_IDENTITY_REQUIRED,NONE,NONE,1
FRL_LOCAL_CSV,player_season,player_season,totalFoulsConceded,unknown,UNCATALOGUED,UNCATALOGUED,unknown,coverage=CORE_DECADE; seasons=10/10,player_season,ENTITY,source_player_identity_to_player_season,True,Player-season rows require season-aware source-player identity.,SOURCE_PLAYER_TO_PLAYER_SEASON,source_player_identity_to_player_season,,,,,EXPLICIT_SOURCE_GRAIN_ROUTE,NOT_YET_PROVEN,ROUTE_IMPLEMENTED,VERIFIED_SOURCE_PLAYER_IDENTITY_REQUIRED,NONE,NONE,1
FRL_LOCAL_CSV,player_season,player_season,totalFoulsWon,unknown,UNCATALOGUED,UNCATALOGUED,unknown,coverage=CORE_DECADE; seasons=10/10,player_season,ENTITY,source_player_identity_to_player_season,True,Player-season rows require season-aware source-player identity.,SOURCE_PLAYER_TO_PLAYER_SEASON,source_player_identity_to_player_season,,,,,EXPLICIT_SOURCE_GRAIN_ROUTE,NOT_YET_PROVEN,ROUTE_IMPLEMENTED,VERIFIED_SOURCE_PLAYER_IDENTITY_REQUIRED,NONE,NONE,1
FRL_LOCAL_CSV,player_season,player_season,totalLossesOfPossession,unknown,UNCATALOGUED,UNCATALOGUED,unknown,coverage=CORE_DECADE; seasons=10/10,player_season,ENTITY,source_player_identity_to_player_season,True,Player-season rows require season-aware source-player identity.,SOURCE_PLAYER_TO_PLAYER_SEASON,source_player_identity_to_player_season,,,,,EXPLICIT_SOURCE_GRAIN_ROUTE,NOT_YET_PROVEN,ROUTE_IMPLEMENTED,VERIFIED_SOURCE_PLAYER_IDENTITY_REQUIRED,NONE,NONE,1
FRL_LOCAL_CSV,player_season,player_season,totalPasses,unknown,UNCATALOGUED,UNCATALOGUED,unknown,coverage=CORE_DECADE; seasons=10/10,player_season,ENTITY,source_player_identity_to_player_season,True,Player-season rows require season-aware source-player identity.,SOURCE_PLAYER_TO_PLAYER_SEASON,source_player_identity_to_player_season,,,,,EXPLICIT_SOURCE_GRAIN_ROUTE,NOT_YET_PROVEN,ROUTE_IMPLEMENTED,VERIFIED_SOURCE_PLAYER_IDENTITY_REQUIRED,NONE,NONE,1
FRL_LOCAL_CSV,player_season,player_season,totalRedCards,unknown,UNCATALOGUED,UNCATALOGUED,unknown,coverage=CORE_DECADE; seasons=10/10,player_season,ENTITY,source_player_identity_to_player_season,True,Player-season rows require season-aware source-player identity.,SOURCE_PLAYER_TO_PLAYER_SEASON,source_player_identity_to_player_season,,,,,EXPLICIT_SOURCE_GRAIN_ROUTE,NOT_YET_PROVEN,ROUTE_IMPLEMENTED,VERIFIED_SOURCE_PLAYER_IDENTITY_REQUIRED,NONE,NONE,1
FRL_LOCAL_CSV,player_season,player_season,totalShots,unknown,UNCATALOGUED,UNCATALOGUED,unknown,coverage=CORE_DECADE; seasons=10/10,player_season,ENTITY,source_player_identity_to_player_season,True,Player-season rows require season-aware source-player identity.,SOURCE_PLAYER_TO_PLAYER_SEASON,source_player_identity_to_player_season,,,,,EXPLICIT_SOURCE_GRAIN_ROUTE,NOT_YET_PROVEN,ROUTE_IMPLEMENTED,VERIFIED_SOURCE_PLAYER_IDENTITY_REQUIRED,NONE,NONE,1
FRL_LOCAL_CSV,player_season,player_season,totalTackles,unknown,UNCATALOGUED,UNCATALOGUED,unknown,coverage=CORE_DECADE; seasons=10/10,player_season,ENTITY,source_player_identity_to_player_season,True,Player-season rows require season-aware source-player identity.,SOURCE_PLAYER_TO_PLAYER_SEASON,source_player_identity_to_player_season,,,,,EXPLICIT_SOURCE_GRAIN_ROUTE,NOT_YET_PROVEN,ROUTE_IMPLEMENTED,VERIFIED_SOURCE_PLAYER_IDENTITY_REQUIRED,NONE,NONE,1
FRL_LOCAL_CSV,player_season,player_season,totalTouchesInOppositionBox,unknown,UNCATALOGUED,UNCATALOGUED,unknown,coverage=CORE_DECADE; seasons=10/10,player_season,ENTITY,source_player_identity_to_player_season,True,Player-season rows require season-aware source-player identity.,SOURCE_PLAYER_TO_PLAYER_SEASON,source_player_identity_to_player_season,,,,,EXPLICIT_SOURCE_GRAIN_ROUTE,NOT_YET_PROVEN,ROUTE_IMPLEMENTED,VERIFIED_SOURCE_PLAYER_IDENTITY_REQUIRED,NONE,NONE,1
FRL_LOCAL_CSV,player_season,player_season,totalUnsuccessfulPassesExclCrossesAndCorners,unknown,UNCATALOGUED,UNCATALOGUED,unknown,coverage=CORE_DECADE; seasons=10/10,player_season,ENTITY,source_player_identity_to_player_season,True,Player-season rows require season-aware source-player identity.,SOURCE_PLAYER_TO_PLAYER_SEASON,source_player_identity_to_player_season,,,,,EXPLICIT_SOURCE_GRAIN_ROUTE,NOT_YET_PROVEN,ROUTE_IMPLEMENTED,VERIFIED_SOURCE_PLAYER_IDENTITY_REQUIRED,NONE,NONE,1
FRL_LOCAL_CSV,player_season,player_season,touches,unknown,exposed,exposed,unknown,coverage=CORE_DECADE; seasons=10/10,player_season,ENTITY,source_player_identity_to_player_season,True,Player-season rows require season-aware source-player identity.,SOURCE_PLAYER_TO_PLAYER_SEASON,source_player_identity_to_player_season,,,,,EXPLICIT_SOURCE_GRAIN_ROUTE,NOT_YET_PROVEN,ROUTE_IMPLEMENTED,VERIFIED_SOURCE_PLAYER_IDENTITY_REQUIRED,NONE,NONE,1
FRL_LOCAL_CSV,player_season,player_season,unsuccessfulCornersIntoBox,unknown,UNCATALOGUED,UNCATALOGUED,unknown,coverage=CORE_DECADE; seasons=10/10,player_season,ENTITY,source_player_identity_to_player_season,True,Player-season rows require season-aware source-player identity.,SOURCE_PLAYER_TO_PLAYER_SEASON,source_player_identity_to_player_season,,,,,EXPLICIT_SOURCE_GRAIN_ROUTE,NOT_YET_PROVEN,ROUTE_IMPLEMENTED,VERIFIED_SOURCE_PLAYER_IDENTITY_REQUIRED,NONE,NONE,1
FRL_LOCAL_CSV,player_season,player_season,unsuccessfulCrossesAndCorners,unknown,UNCATALOGUED,UNCATALOGUED,unknown,coverage=CORE_DECADE; seasons=10/10,player_season,ENTITY,source_player_identity_to_player_season,True,Player-season rows require season-aware source-player identity.,SOURCE_PLAYER_TO_PLAYER_SEASON,source_player_identity_to_player_season,,,,,EXPLICIT_SOURCE_GRAIN_ROUTE,NOT_YET_PROVEN,ROUTE_IMPLEMENTED,VERIFIED_SOURCE_PLAYER_IDENTITY_REQUIRED,NONE,NONE,1
FRL_LOCAL_CSV,player_season,player_season,unsuccessfulCrossesOpenPlay,unknown,UNCATALOGUED,UNCATALOGUED,unknown,coverage=CORE_DECADE; seasons=10/10,player_season,ENTITY,source_player_identity_to_player_season,True,Player-season rows require season-aware source-player identity.,SOURCE_PLAYER_TO_PLAYER_SEASON,source_player_identity_to_player_season,,,,,EXPLICIT_SOURCE_GRAIN_ROUTE,NOT_YET_PROVEN,ROUTE_IMPLEMENTED,VERIFIED_SOURCE_PLAYER_IDENTITY_REQUIRED,NONE,NONE,1
FRL_LOCAL_CSV,player_season,player_season,unsuccessfulDribbles,unknown,UNCATALOGUED,UNCATALOGUED,unknown,coverage=CORE_DECADE; seasons=10/10,player_season,ENTITY,source_player_identity_to_player_season,True,Player-season rows require season-aware source-player identity.,SOURCE_PLAYER_TO_PLAYER_SEASON,source_player_identity_to_player_season,,,,,EXPLICIT_SOURCE_GRAIN_ROUTE,NOT_YET_PROVEN,ROUTE_IMPLEMENTED,VERIFIED_SOURCE_PLAYER_IDENTITY_REQUIRED,NONE,NONE,1
FRL_LOCAL_CSV,player_season,player_season,unsuccessfulLaunches,unknown,UNCATALOGUED,UNCATALOGUED,unknown,coverage=CORE_DECADE; seasons=10/10,player_season,ENTITY,source_player_identity_to_player_season,True,Player-season rows require season-aware source-player identity.,SOURCE_PLAYER_TO_PLAYER_SEASON,source_player_identity_to_player_season,,,,,EXPLICIT_SOURCE_GRAIN_ROUTE,NOT_YET_PROVEN,ROUTE_IMPLEMENTED,VERIFIED_SOURCE_PLAYER_IDENTITY_REQUIRED,NONE,NONE,1
FRL_LOCAL_CSV,player_season,player_season,unsuccessfulLayoffs,unknown,UNCATALOGUED,UNCATALOGUED,unknown,coverage=CORE_DECADE; seasons=10/10,player_season,ENTITY,source_player_identity_to_player_season,True,Player-season rows require season-aware source-player identity.,SOURCE_PLAYER_TO_PLAYER_SEASON,source_player_identity_to_player_season,,,,,EXPLICIT_SOURCE_GRAIN_ROUTE,NOT_YET_PROVEN,ROUTE_IMPLEMENTED,VERIFIED_SOURCE_PLAYER_IDENTITY_REQUIRED,NONE,NONE,1
FRL_LOCAL_CSV,player_season,player_season,unsuccessfulLongPasses,unknown,UNCATALOGUED,UNCATALOGUED,unknown,coverage=CORE_DECADE; seasons=10/10,player_season,ENTITY,source_player_identity_to_player_season,True,Player-season rows require season-aware source-player identity.,SOURCE_PLAYER_TO_PLAYER_SEASON,source_player_identity_to_player_season,,,,,EXPLICIT_SOURCE_GRAIN_ROUTE,NOT_YET_PROVEN,ROUTE_IMPLEMENTED,VERIFIED_SOURCE_PLAYER_IDENTITY_REQUIRED,NONE,NONE,1
FRL_LOCAL_CSV,player_season,player_season,unsuccessfulPassesOwnHalf,unknown,UNCATALOGUED,UNCATALOGUED,unknown,coverage=CORE_DECADE; seasons=10/10,player_season,ENTITY,source_player_identity_to_player_season,True,Player-season rows require season-aware source-player identity.,SOURCE_PLAYER_TO_PLAYER_SEASON,source_player_identity_to_player_season,,,,,EXPLICIT_SOURCE_GRAIN_ROUTE,NOT_YET_PROVEN,ROUTE_IMPLEMENTED,VERIFIED_SOURCE_PLAYER_IDENTITY_REQUIRED,NONE,NONE,1
FRL_LOCAL_CSV,player_season,player_season,unsuccessfulShortPasses,unknown,UNCATALOGUED,UNCATALOGUED,unknown,coverage=CORE_DECADE; seasons=10/10,player_season,ENTITY,source_player_identity_to_player_season,True,Player-season rows require season-aware source-player identity.,SOURCE_PLAYER_TO_PLAYER_SEASON,source_player_identity_to_player_season,,,,,EXPLICIT_SOURCE_GRAIN_ROUTE,NOT_YET_PROVEN,ROUTE_IMPLEMENTED,VERIFIED_SOURCE_PLAYER_IDENTITY_REQUIRED,NONE,NONE,1
FRL_LOCAL_CSV,player_season,player_season,winningGoal,unknown,UNCATALOGUED,UNCATALOGUED,unknown,coverage=CORE_DECADE; seasons=10/10,player_season,ENTITY,source_player_identity_to_player_season,True,Player-season rows require season-aware source-player identity.,SOURCE_PLAYER_TO_PLAYER_SEASON,source_player_identity_to_player_season,,,,,EXPLICIT_SOURCE_GRAIN_ROUTE,NOT_YET_PROVEN,ROUTE_IMPLEMENTED,VERIFIED_SOURCE_PLAYER_IDENTITY_REQUIRED,NONE,NONE,1
FRL_LOCAL_CSV,player_season,player_season,yellowCards,unknown,UNCATALOGUED,UNCATALOGUED,unknown,coverage=CORE_DECADE; seasons=10/10,player_season,ENTITY,source_player_identity_to_player_season,True,Player-season rows require season-aware source-player identity.,SOURCE_PLAYER_TO_PLAYER_SEASON,source_player_identity_to_player_season,,,,,EXPLICIT_SOURCE_GRAIN_ROUTE,NOT_YET_PROVEN,ROUTE_IMPLEMENTED,VERIFIED_SOURCE_PLAYER_IDENTITY_REQUIRED,NONE,NONE,1
FRL_LOCAL_CSV,squad,squad,age,unknown,retained,retained,unknown,coverage=CORE_DECADE; seasons=10/10,UNMAPPED_REVIEW,UNKNOWN,,False,No deterministic relationship contract mapping; manual review required.,,,,,CANONICAL_TEAM_SEASON_TO_SOURCE_TEAM,canonical_team_season_to_source_team,EXPLICIT_SOURCE_GRAIN_ROUTE,NOT_YET_PROVEN,ROUTE_IMPLEMENTED,NONE,NONE,VERIFIED_TEAM_SEASON_ROUTE_WITH_AUDITED_PROVIDER_SEASON_MAP,1
FRL_LOCAL_CSV,squad,squad,birthCountry,unknown,exposed,exposed,unknown,coverage=CORE_DECADE; seasons=10/10,UNMAPPED_REVIEW,UNKNOWN,,False,No deterministic relationship contract mapping; manual review required.,,,,,CANONICAL_TEAM_SEASON_TO_SOURCE_TEAM,canonical_team_season_to_source_team,EXPLICIT_SOURCE_GRAIN_ROUTE,NOT_YET_PROVEN,ROUTE_IMPLEMENTED,NONE,NONE,VERIFIED_TEAM_SEASON_ROUTE_WITH_AUDITED_PROVIDER_SEASON_MAP,1
FRL_LOCAL_CSV,squad,squad,birthDate,unknown,exposed,exposed,unknown,coverage=CORE_DECADE; seasons=10/10,UNMAPPED_REVIEW,UNKNOWN,,False,No deterministic relationship contract mapping; manual review required.,,,,,CANONICAL_TEAM_SEASON_TO_SOURCE_TEAM,canonical_team_season_to_source_team,EXPLICIT_SOURCE_GRAIN_ROUTE,NOT_YET_PROVEN,ROUTE_IMPLEMENTED,NONE,NONE,VERIFIED_TEAM_SEASON_ROUTE_WITH_AUDITED_PROVIDER_SEASON_MAP,1
FRL_LOCAL_CSV,squad,squad,displayName,unknown,retained,retained,unknown,coverage=CORE_DECADE; seasons=10/10,UNMAPPED_REVIEW,UNKNOWN,,False,No deterministic relationship contract mapping; manual review required.,,,,,CANONICAL_TEAM_SEASON_TO_SOURCE_TEAM,canonical_team_season_to_source_team,EXPLICIT_SOURCE_GRAIN_ROUTE,NOT_YET_PROVEN,ROUTE_IMPLEMENTED,NONE,NONE,VERIFIED_TEAM_SEASON_ROUTE_WITH_AUDITED_PROVIDER_SEASON_MAP,1
FRL_LOCAL_CSV,squad,squad,firstName,unknown,retained,retained,unknown,coverage=CORE_DECADE; seasons=10/10,UNMAPPED_REVIEW,UNKNOWN,,False,No deterministic relationship contract mapping; manual review required.,,,,,CANONICAL_TEAM_SEASON_TO_SOURCE_TEAM,canonical_team_season_to_source_team,EXPLICIT_SOURCE_GRAIN_ROUTE,NOT_YET_PROVEN,ROUTE_IMPLEMENTED,NONE,NONE,VERIFIED_TEAM_SEASON_ROUTE_WITH_AUDITED_PROVIDER_SEASON_MAP,1
FRL_LOCAL_CSV,squad,squad,height_cm,unknown,exposed,exposed,unknown,coverage=CORE_DECADE; seasons=10/10,UNMAPPED_REVIEW,UNKNOWN,,False,No deterministic relationship contract mapping; manual review required.,,,,,CANONICAL_TEAM_SEASON_TO_SOURCE_TEAM,canonical_team_season_to_source_team,EXPLICIT_SOURCE_GRAIN_ROUTE,NOT_YET_PROVEN,ROUTE_IMPLEMENTED,NONE,NONE,VERIFIED_TEAM_SEASON_ROUTE_WITH_AUDITED_PROVIDER_SEASON_MAP,1
FRL_LOCAL_CSV,squad,squad,isoCode,unknown,exposed,exposed,unknown,coverage=CORE_DECADE; seasons=10/10,UNMAPPED_REVIEW,UNKNOWN,,False,No deterministic relationship contract mapping; manual review required.,,,,,CANONICAL_TEAM_SEASON_TO_SOURCE_TEAM,canonical_team_season_to_source_team,EXPLICIT_SOURCE_GRAIN_ROUTE,NOT_YET_PROVEN,ROUTE_IMPLEMENTED,NONE,NONE,VERIFIED_TEAM_SEASON_ROUTE_WITH_AUDITED_PROVIDER_SEASON_MAP,1
FRL_LOCAL_CSV,squad,squad,joinDate,unknown,exposed,exposed,unknown,coverage=CORE_DECADE; seasons=10/10,UNMAPPED_REVIEW,UNKNOWN,,False,No deterministic relationship contract mapping; manual review required.,,,,,CANONICAL_TEAM_SEASON_TO_SOURCE_TEAM,canonical_team_season_to_source_team,EXPLICIT_SOURCE_GRAIN_ROUTE,NOT_YET_PROVEN,ROUTE_IMPLEMENTED,NONE,NONE,VERIFIED_TEAM_SEASON_ROUTE_WITH_AUDITED_PROVIDER_SEASON_MAP,1
FRL_LOCAL_CSV,squad,squad,lastName,unknown,retained,retained,unknown,coverage=CORE_DECADE; seasons=10/10,UNMAPPED_REVIEW,UNKNOWN,,False,No deterministic relationship contract mapping; manual review required.,,,,,CANONICAL_TEAM_SEASON_TO_SOURCE_TEAM,canonical_team_season_to_source_team,EXPLICIT_SOURCE_GRAIN_ROUTE,NOT_YET_PROVEN,ROUTE_IMPLEMENTED,NONE,NONE,VERIFIED_TEAM_SEASON_ROUTE_WITH_AUDITED_PROVIDER_SEASON_MAP,1
FRL_LOCAL_CSV,squad,squad,nationality,unknown,exposed,exposed,unknown,coverage=CORE_DECADE; seasons=10/10,UNMAPPED_REVIEW,UNKNOWN,,False,No deterministic relationship contract mapping; manual review required.,,,,,CANONICAL_TEAM_SEASON_TO_SOURCE_TEAM,canonical_team_season_to_source_team,EXPLICIT_SOURCE_GRAIN_ROUTE,NOT_YET_PROVEN,ROUTE_IMPLEMENTED,NONE,NONE,VERIFIED_TEAM_SEASON_ROUTE_WITH_AUDITED_PROVIDER_SEASON_MAP,1
FRL_LOCAL_CSV,squad,squad,onLoan,unknown,exposed,exposed,unknown,coverage=CORE_DECADE; seasons=10/10,UNMAPPED_REVIEW,UNKNOWN,,False,No deterministic relationship contract mapping; manual review required.,,,,,CANONICAL_TEAM_SEASON_TO_SOURCE_TEAM,canonical_team_season_to_source_team,EXPLICIT_SOURCE_GRAIN_ROUTE,NOT_YET_PROVEN,ROUTE_IMPLEMENTED,NONE,NONE,VERIFIED_TEAM_SEASON_ROUTE_WITH_AUDITED_PROVIDER_SEASON_MAP,1
FRL_LOCAL_CSV,squad,squad,playerId,unknown,exposed,exposed,unknown,coverage=CORE_DECADE; seasons=10/10,UNMAPPED_REVIEW,UNKNOWN,,False,No deterministic relationship contract mapping; manual review required.,,,,,CANONICAL_TEAM_SEASON_TO_SOURCE_TEAM,canonical_team_season_to_source_team,EXPLICIT_SOURCE_GRAIN_ROUTE,NOT_YET_PROVEN,ROUTE_IMPLEMENTED,NONE,NONE,VERIFIED_TEAM_SEASON_ROUTE_WITH_AUDITED_PROVIDER_SEASON_MAP,1
FRL_LOCAL_CSV,squad,squad,position,unknown,retained,retained,unknown,coverage=CORE_DECADE; seasons=10/10,UNMAPPED_REVIEW,UNKNOWN,,False,No deterministic relationship contract mapping; manual review required.,,,,,CANONICAL_TEAM_SEASON_TO_SOURCE_TEAM,canonical_team_season_to_source_team,EXPLICIT_SOURCE_GRAIN_ROUTE,NOT_YET_PROVEN,ROUTE_IMPLEMENTED,NONE,NONE,VERIFIED_TEAM_SEASON_ROUTE_WITH_AUDITED_PROVIDER_SEASON_MAP,1
FRL_LOCAL_CSV,squad,squad,preferredFoot,unknown,exposed,exposed,unknown,coverage=CORE_DECADE; seasons=10/10,UNMAPPED_REVIEW,UNKNOWN,,False,No deterministic relationship contract mapping; manual review required.,,,,,CANONICAL_TEAM_SEASON_TO_SOURCE_TEAM,canonical_team_season_to_source_team,EXPLICIT_SOURCE_GRAIN_ROUTE,NOT_YET_PROVEN,ROUTE_IMPLEMENTED,NONE,NONE,VERIFIED_TEAM_SEASON_ROUTE_WITH_AUDITED_PROVIDER_SEASON_MAP,1
FRL_LOCAL_CSV,squad,squad,shirtNumber,unknown,retained,retained,unknown,coverage=CORE_DECADE; seasons=10/10,UNMAPPED_REVIEW,UNKNOWN,,False,No deterministic relationship contract mapping; manual review required.,,,,,CANONICAL_TEAM_SEASON_TO_SOURCE_TEAM,canonical_team_season_to_source_team,EXPLICIT_SOURCE_GRAIN_ROUTE,NOT_YET_PROVEN,ROUTE_IMPLEMENTED,NONE,NONE,VERIFIED_TEAM_SEASON_ROUTE_WITH_AUDITED_PROVIDER_SEASON_MAP,1
FRL_LOCAL_CSV,squad,squad,weight_kg,unknown,exposed,exposed,unknown,coverage=CORE_DECADE; seasons=10/10,UNMAPPED_REVIEW,UNKNOWN,,False,No deterministic relationship contract mapping; manual review required.,,,,,CANONICAL_TEAM_SEASON_TO_SOURCE_TEAM,canonical_team_season_to_source_team,EXPLICIT_SOURCE_GRAIN_ROUTE,NOT_YET_PROVEN,ROUTE_IMPLEMENTED,NONE,NONE,VERIFIED_TEAM_SEASON_ROUTE_WITH_AUDITED_PROVIDER_SEASON_MAP,1
FRL_LOCAL_CSV,team_match,team_match,accurateBackZonePass,unknown,UNCATALOGUED,UNCATALOGUED,unknown,coverage=CORE_DECADE; seasons=10/10,team_fixture,OBSERVATION,canonical_team_season_to_source_team,True,Team-match source statistics attach through the verified team-fixture relationship.,,,CANONICAL_FIXTURE_TO_SOURCE_MATCH,canonical_fixture_to_source_match,CANONICAL_TEAM_SEASON_TO_SOURCE_TEAM,canonical_team_season_to_source_team,EXPLICIT_SOURCE_GRAIN_ROUTE,NOT_YET_PROVEN,ROUTE_IMPLEMENTED,NONE,VERIFIED_SOURCE_MATCH_ROUTE,VERIFIED_TEAM_SEASON_ROUTE,1
FRL_LOCAL_CSV,team_match,team_match,accurateChippedPass,unknown,UNCATALOGUED,UNCATALOGUED,unknown,coverage=CORE_DECADE; seasons=10/10,team_fixture,OBSERVATION,canonical_team_season_to_source_team,True,Team-match source statistics attach through the verified team-fixture relationship.,,,CANONICAL_FIXTURE_TO_SOURCE_MATCH,canonical_fixture_to_source_match,CANONICAL_TEAM_SEASON_TO_SOURCE_TEAM,canonical_team_season_to_source_team,EXPLICIT_SOURCE_GRAIN_ROUTE,NOT_YET_PROVEN,ROUTE_IMPLEMENTED,NONE,VERIFIED_SOURCE_MATCH_ROUTE,VERIFIED_TEAM_SEASON_ROUTE,1
FRL_LOCAL_CSV,team_match,team_match,accurateCornersIntobox,unknown,UNCATALOGUED,UNCATALOGUED,unknown,coverage=CORE_DECADE; seasons=10/10,team_fixture,OBSERVATION,canonical_team_season_to_source_team,True,Team-match source statistics attach through the verified team-fixture relationship.,,,CANONICAL_FIXTURE_TO_SOURCE_MATCH,canonical_fixture_to_source_match,CANONICAL_TEAM_SEASON_TO_SOURCE_TEAM,canonical_team_season_to_source_team,EXPLICIT_SOURCE_GRAIN_ROUTE,NOT_YET_PROVEN,ROUTE_IMPLEMENTED,NONE,VERIFIED_SOURCE_MATCH_ROUTE,VERIFIED_TEAM_SEASON_ROUTE,1
FRL_LOCAL_CSV,team_match,team_match,accurateCross,unknown,UNCATALOGUED,UNCATALOGUED,unknown,coverage=CORE_DECADE; seasons=10/10,team_fixture,OBSERVATION,canonical_team_season_to_source_team,True,Team-match source statistics attach through the verified team-fixture relationship.,,,CANONICAL_FIXTURE_TO_SOURCE_MATCH,canonical_fixture_to_source_match,CANONICAL_TEAM_SEASON_TO_SOURCE_TEAM,canonical_team_season_to_source_team,EXPLICIT_SOURCE_GRAIN_ROUTE,NOT_YET_PROVEN,ROUTE_IMPLEMENTED,NONE,VERIFIED_SOURCE_MATCH_ROUTE,VERIFIED_TEAM_SEASON_ROUTE,1
FRL_LOCAL_CSV,team_match,team_match,accurateCrossNocorner,unknown,UNCATALOGUED,UNCATALOGUED,unknown,coverage=CORE_DECADE; seasons=10/10,team_fixture,OBSERVATION,canonical_team_season_to_source_team,True,Team-match source statistics attach through the verified team-fixture relationship.,,,CANONICAL_FIXTURE_TO_SOURCE_MATCH,canonical_fixture_to_source_match,CANONICAL_TEAM_SEASON_TO_SOURCE_TEAM,canonical_team_season_to_source_team,EXPLICIT_SOURCE_GRAIN_ROUTE,NOT_YET_PROVEN,ROUTE_IMPLEMENTED,NONE,VERIFIED_SOURCE_MATCH_ROUTE,VERIFIED_TEAM_SEASON_ROUTE,1
FRL_LOCAL_CSV,team_match,team_match,accurateFlickOn,unknown,UNCATALOGUED,UNCATALOGUED,unknown,coverage=CORE_DECADE; seasons=10/10,team_fixture,OBSERVATION,canonical_team_season_to_source_team,True,Team-match source statistics attach through the verified team-fixture relationship.,,,CANONICAL_FIXTURE_TO_SOURCE_MATCH,canonical_fixture_to_source_match,CANONICAL_TEAM_SEASON_TO_SOURCE_TEAM,canonical_team_season_to_source_team,EXPLICIT_SOURCE_GRAIN_ROUTE,NOT_YET_PROVEN,ROUTE_IMPLEMENTED,NONE,VERIFIED_SOURCE_MATCH_ROUTE,VERIFIED_TEAM_SEASON_ROUTE,1
FRL_LOCAL_CSV,team_match,team_match,accurateFreekickCross,unknown,UNCATALOGUED,UNCATALOGUED,unknown,coverage=CORE_DECADE; seasons=10/10,team_fixture,OBSERVATION,canonical_team_season_to_source_team,True,Team-match source statistics attach through the verified team-fixture relationship.,,,CANONICAL_FIXTURE_TO_SOURCE_MATCH,canonical_fixture_to_source_match,CANONICAL_TEAM_SEASON_TO_SOURCE_TEAM,canonical_team_season_to_source_team,EXPLICIT_SOURCE_GRAIN_ROUTE,NOT_YET_PROVEN,ROUTE_IMPLEMENTED,NONE,VERIFIED_SOURCE_MATCH_ROUTE,VERIFIED_TEAM_SEASON_ROUTE,1
FRL_LOCAL_CSV,team_match,team_match,accurateFwdZonePass,unknown,UNCATALOGUED,UNCATALOGUED,unknown,coverage=CORE_DECADE; seasons=10/10,team_fixture,OBSERVATION,canonical_team_season_to_source_team,True,Team-match source statistics attach through the verified team-fixture relationship.,,,CANONICAL_FIXTURE_TO_SOURCE_MATCH,canonical_fixture_to_source_match,CANONICAL_TEAM_SEASON_TO_SOURCE_TEAM,canonical_team_season_to_source_team,EXPLICIT_SOURCE_GRAIN_ROUTE,NOT_YET_PROVEN,ROUTE_IMPLEMENTED,NONE,VERIFIED_SOURCE_MATCH_ROUTE,VERIFIED_TEAM_SEASON_ROUTE,1
FRL_LOCAL_CSV,team_match,team_match,accurateGoalKicks,unknown,UNCATALOGUED,UNCATALOGUED,unknown,coverage=CORE_DECADE; seasons=10/10,team_fixture,OBSERVATION,canonical_team_season_to_source_team,True,Team-match source statistics attach through the verified team-fixture relationship.,,,CANONICAL_FIXTURE_TO_SOURCE_MATCH,canonical_fixture_to_source_match,CANONICAL_TEAM_SEASON_TO_SOURCE_TEAM,canonical_team_season_to_source_team,EXPLICIT_SOURCE_GRAIN_ROUTE,NOT_YET_PROVEN,ROUTE_IMPLEMENTED,NONE,VERIFIED_SOURCE_MATCH_ROUTE,VERIFIED_TEAM_SEASON_ROUTE,1
FRL_LOCAL_CSV,team_match,team_match,accurateKeeperSweeper,unknown,UNCATALOGUED,UNCATALOGUED,unknown,coverage=CORE_DECADE; seasons=10/10,team_fixture,OBSERVATION,canonical_team_season_to_source_team,True,Team-match source statistics attach through the verified team-fixture relationship.,,,CANONICAL_FIXTURE_TO_SOURCE_MATCH,canonical_fixture_to_source_match,CANONICAL_TEAM_SEASON_TO_SOURCE_TEAM,canonical_team_season_to_source_team,EXPLICIT_SOURCE_GRAIN_ROUTE,NOT_YET_PROVEN,ROUTE_IMPLEMENTED,NONE,VERIFIED_SOURCE_MATCH_ROUTE,VERIFIED_TEAM_SEASON_ROUTE,1
FRL_LOCAL_CSV,team_match,team_match,accurateKeeperThrows,unknown,UNCATALOGUED,UNCATALOGUED,unknown,coverage=CORE_DECADE; seasons=10/10,team_fixture,OBSERVATION,canonical_team_season_to_source_team,True,Team-match source statistics attach through the verified team-fixture relationship.,,,CANONICAL_FIXTURE_TO_SOURCE_MATCH,canonical_fixture_to_source_match,CANONICAL_TEAM_SEASON_TO_SOURCE_TEAM,canonical_team_season_to_source_team,EXPLICIT_SOURCE_GRAIN_ROUTE,NOT_YET_PROVEN,ROUTE_IMPLEMENTED,NONE,VERIFIED_SOURCE_MATCH_ROUTE,VERIFIED_TEAM_SEASON_ROUTE,1
FRL_LOCAL_CSV,team_match,team_match,accurateLaunches,unknown,UNCATALOGUED,UNCATALOGUED,unknown,coverage=CORE_DECADE; seasons=10/10,team_fixture,OBSERVATION,canonical_team_season_to_source_team,True,Team-match source statistics attach through the verified team-fixture relationship.,,,CANONICAL_FIXTURE_TO_SOURCE_MATCH,canonical_fixture_to_source_match,CANONICAL_TEAM_SEASON_TO_SOURCE_TEAM,canonical_team_season_to_source_team,EXPLICIT_SOURCE_GRAIN_ROUTE,NOT_YET_PROVEN,ROUTE_IMPLEMENTED,NONE,VERIFIED_SOURCE_MATCH_ROUTE,VERIFIED_TEAM_SEASON_ROUTE,1
FRL_LOCAL_CSV,team_match,team_match,accurateLayoffs,unknown,UNCATALOGUED,UNCATALOGUED,unknown,coverage=CORE_DECADE; seasons=10/10,team_fixture,OBSERVATION,canonical_team_season_to_source_team,True,Team-match source statistics attach through the verified team-fixture relationship.,,,CANONICAL_FIXTURE_TO_SOURCE_MATCH,canonical_fixture_to_source_match,CANONICAL_TEAM_SEASON_TO_SOURCE_TEAM,canonical_team_season_to_source_team,EXPLICIT_SOURCE_GRAIN_ROUTE,NOT_YET_PROVEN,ROUTE_IMPLEMENTED,NONE,VERIFIED_SOURCE_MATCH_ROUTE,VERIFIED_TEAM_SEASON_ROUTE,1
FRL_LOCAL_CSV,team_match,team_match,accurateLongBalls,unknown,UNCATALOGUED,UNCATALOGUED,unknown,coverage=CORE_DECADE; seasons=10/10,team_fixture,OBSERVATION,canonical_team_season_to_source_team,True,Team-match source statistics attach through the verified team-fixture relationship.,,,CANONICAL_FIXTURE_TO_SOURCE_MATCH,canonical_fixture_to_source_match,CANONICAL_TEAM_SEASON_TO_SOURCE_TEAM,canonical_team_season_to_source_team,EXPLICIT_SOURCE_GRAIN_ROUTE,NOT_YET_PROVEN,ROUTE_IMPLEMENTED,NONE,VERIFIED_SOURCE_MATCH_ROUTE,VERIFIED_TEAM_SEASON_ROUTE,1
FRL_LOCAL_CSV,team_match,team_match,accuratePass,unknown,exposed,exposed,unknown,coverage=CORE_DECADE; seasons=10/10,team_fixture,OBSERVATION,canonical_team_season_to_source_team,True,Team-match source statistics attach through the verified team-fixture relationship.,,,CANONICAL_FIXTURE_TO_SOURCE_MATCH,canonical_fixture_to_source_match,CANONICAL_TEAM_SEASON_TO_SOURCE_TEAM,canonical_team_season_to_source_team,EXPLICIT_SOURCE_GRAIN_ROUTE,NOT_YET_PROVEN,ROUTE_IMPLEMENTED,NONE,VERIFIED_SOURCE_MATCH_ROUTE,VERIFIED_TEAM_SEASON_ROUTE,1
FRL_LOCAL_CSV,team_match,team_match,accuratePullBack,unknown,UNCATALOGUED,UNCATALOGUED,unknown,coverage=CORE_DECADE; seasons=10/10,team_fixture,OBSERVATION,canonical_team_season_to_source_team,True,Team-match source statistics attach through the verified team-fixture relationship.,,,CANONICAL_FIXTURE_TO_SOURCE_MATCH,canonical_fixture_to_source_match,CANONICAL_TEAM_SEASON_TO_SOURCE_TEAM,canonical_team_season_to_source_team,EXPLICIT_SOURCE_GRAIN_ROUTE,NOT_YET_PROVEN,ROUTE_IMPLEMENTED,NONE,VERIFIED_SOURCE_MATCH_ROUTE,VERIFIED_TEAM_SEASON_ROUTE,1
FRL_LOCAL_CSV,team_match,team_match,accurateThroughBall,unknown,UNCATALOGUED,UNCATALOGUED,unknown,coverage=CORE_DECADE; seasons=10/10,team_fixture,OBSERVATION,canonical_team_season_to_source_team,True,Team-match source statistics attach through the verified team-fixture relationship.,,,CANONICAL_FIXTURE_TO_SOURCE_MATCH,canonical_fixture_to_source_match,CANONICAL_TEAM_SEASON_TO_SOURCE_TEAM,canonical_team_season_to_source_team,EXPLICIT_SOURCE_GRAIN_ROUTE,NOT_YET_PROVEN,ROUTE_IMPLEMENTED,NONE,VERIFIED_SOURCE_MATCH_ROUTE,VERIFIED_TEAM_SEASON_ROUTE,1
FRL_LOCAL_CSV,team_match,team_match,accurateThrows,unknown,UNCATALOGUED,UNCATALOGUED,unknown,coverage=CORE_DECADE; seasons=10/10,team_fixture,OBSERVATION,canonical_team_season_to_source_team,True,Team-match source statistics attach through the verified team-fixture relationship.,,,CANONICAL_FIXTURE_TO_SOURCE_MATCH,canonical_fixture_to_source_match,CANONICAL_TEAM_SEASON_TO_SOURCE_TEAM,canonical_team_season_to_source_team,EXPLICIT_SOURCE_GRAIN_ROUTE,NOT_YET_PROVEN,ROUTE_IMPLEMENTED,NONE,VERIFIED_SOURCE_MATCH_ROUTE,VERIFIED_TEAM_SEASON_ROUTE,1
FRL_LOCAL_CSV,team_match,team_match,aerialLost,unknown,UNCATALOGUED,UNCATALOGUED,unknown,coverage=CORE_DECADE; seasons=10/10,team_fixture,OBSERVATION,canonical_team_season_to_source_team,True,Team-match source statistics attach through the verified team-fixture relationship.,,,CANONICAL_FIXTURE_TO_SOURCE_MATCH,canonical_fixture_to_source_match,CANONICAL_TEAM_SEASON_TO_SOURCE_TEAM,canonical_team_season_to_source_team,EXPLICIT_SOURCE_GRAIN_ROUTE,NOT_YET_PROVEN,ROUTE_IMPLEMENTED,NONE,VERIFIED_SOURCE_MATCH_ROUTE,VERIFIED_TEAM_SEASON_ROUTE,1
FRL_LOCAL_CSV,team_match,team_match,aerialWon,unknown,UNCATALOGUED,UNCATALOGUED,unknown,coverage=CORE_DECADE; seasons=10/10,team_fixture,OBSERVATION,canonical_team_season_to_source_team,True,Team-match source statistics attach through the verified team-fixture relationship.,,,CANONICAL_FIXTURE_TO_SOURCE_MATCH,canonical_fixture_to_source_match,CANONICAL_TEAM_SEASON_TO_SOURCE_TEAM,canonical_team_season_to_source_team,EXPLICIT_SOURCE_GRAIN_ROUTE,NOT_YET_PROVEN,ROUTE_IMPLEMENTED,NONE,VERIFIED_SOURCE_MATCH_ROUTE,VERIFIED_TEAM_SEASON_ROUTE,1
FRL_LOCAL_CSV,team_match,team_match,attAssistOpenplay,unknown,UNCATALOGUED,UNCATALOGUED,unknown,coverage=CORE_DECADE; seasons=10/10,team_fixture,OBSERVATION,canonical_team_season_to_source_team,True,Team-match source statistics attach through the verified team-fixture relationship.,,,CANONICAL_FIXTURE_TO_SOURCE_MATCH,canonical_fixture_to_source_match,CANONICAL_TEAM_SEASON_TO_SOURCE_TEAM,canonical_team_season_to_source_team,EXPLICIT_SOURCE_GRAIN_ROUTE,NOT_YET_PROVEN,ROUTE_IMPLEMENTED,NONE,VERIFIED_SOURCE_MATCH_ROUTE,VERIFIED_TEAM_SEASON_ROUTE,1
FRL_LOCAL_CSV,team_match,team_match,attAssistSetplay,unknown,UNCATALOGUED,UNCATALOGUED,unknown,coverage=CORE_DECADE; seasons=10/10,team_fixture,OBSERVATION,canonical_team_season_to_source_team,True,Team-match source statistics attach through the verified team-fixture relationship.,,,CANONICAL_FIXTURE_TO_SOURCE_MATCH,canonical_fixture_to_source_match,CANONICAL_TEAM_SEASON_TO_SOURCE_TEAM,canonical_team_season_to_source_team,EXPLICIT_SOURCE_GRAIN_ROUTE,NOT_YET_PROVEN,ROUTE_IMPLEMENTED,NONE,VERIFIED_SOURCE_MATCH_ROUTE,VERIFIED_TEAM_SEASON_ROUTE,1
FRL_LOCAL_CSV,team_match,team_match,attCorner,unknown,UNCATALOGUED,UNCATALOGUED,unknown,coverage=CORE_DECADE; seasons=10/10,team_fixture,OBSERVATION,canonical_team_season_to_source_team,True,Team-match source statistics attach through the verified team-fixture relationship.,,,CANONICAL_FIXTURE_TO_SOURCE_MATCH,canonical_fixture_to_source_match,CANONICAL_TEAM_SEASON_TO_SOURCE_TEAM,canonical_team_season_to_source_team,EXPLICIT_SOURCE_GRAIN_ROUTE,NOT_YET_PROVEN,ROUTE_IMPLEMENTED,NONE,VERIFIED_SOURCE_MATCH_ROUTE,VERIFIED_TEAM_SEASON_ROUTE,1
FRL_LOCAL_CSV,team_match,team_match,attFastbreak,unknown,UNCATALOGUED,UNCATALOGUED,unknown,coverage=CORE_DECADE; seasons=10/10,team_fixture,OBSERVATION,canonical_team_season_to_source_team,True,Team-match source statistics attach through the verified team-fixture relationship.,,,CANONICAL_FIXTURE_TO_SOURCE_MATCH,canonical_fixture_to_source_match,CANONICAL_TEAM_SEASON_TO_SOURCE_TEAM,canonical_team_season_to_source_team,EXPLICIT_SOURCE_GRAIN_ROUTE,NOT_YET_PROVEN,ROUTE_IMPLEMENTED,NONE,VERIFIED_SOURCE_MATCH_ROUTE,VERIFIED_TEAM_SEASON_ROUTE,1
FRL_LOCAL_CSV,team_match,team_match,attFreekickGoal,unknown,UNCATALOGUED,UNCATALOGUED,unknown,coverage=CORE_DECADE; seasons=10/10,team_fixture,OBSERVATION,canonical_team_season_to_source_team,True,Team-match source statistics attach through the verified team-fixture relationship.,,,CANONICAL_FIXTURE_TO_SOURCE_MATCH,canonical_fixture_to_source_match,CANONICAL_TEAM_SEASON_TO_SOURCE_TEAM,canonical_team_season_to_source_team,EXPLICIT_SOURCE_GRAIN_ROUTE,NOT_YET_PROVEN,ROUTE_IMPLEMENTED,NONE,VERIFIED_SOURCE_MATCH_ROUTE,VERIFIED_TEAM_SEASON_ROUTE,1
FRL_LOCAL_CSV,team_match,team_match,attFreekickMiss,unknown,UNCATALOGUED,UNCATALOGUED,unknown,coverage=CORE_DECADE; seasons=10/10,team_fixture,OBSERVATION,canonical_team_season_to_source_team,True,Team-match source statistics attach through the verified team-fixture relationship.,,,CANONICAL_FIXTURE_TO_SOURCE_MATCH,canonical_fixture_to_source_match,CANONICAL_TEAM_SEASON_TO_SOURCE_TEAM,canonical_team_season_to_source_team,EXPLICIT_SOURCE_GRAIN_ROUTE,NOT_YET_PROVEN,ROUTE_IMPLEMENTED,NONE,VERIFIED_SOURCE_MATCH_ROUTE,VERIFIED_TEAM_SEASON_ROUTE,1
FRL_LOCAL_CSV,team_match,team_match,attFreekickPost,unknown,UNCATALOGUED,UNCATALOGUED,unknown,coverage=CORE_DECADE; seasons=10/10,team_fixture,OBSERVATION,canonical_team_season_to_source_team,True,Team-match source statistics attach through the verified team-fixture relationship.,,,CANONICAL_FIXTURE_TO_SOURCE_MATCH,canonical_fixture_to_source_match,CANONICAL_TEAM_SEASON_TO_SOURCE_TEAM,canonical_team_season_to_source_team,EXPLICIT_SOURCE_GRAIN_ROUTE,NOT_YET_PROVEN,ROUTE_IMPLEMENTED,NONE,VERIFIED_SOURCE_MATCH_ROUTE,VERIFIED_TEAM_SEASON_ROUTE,1
FRL_LOCAL_CSV,team_match,team_match,attFreekickTarget,unknown,UNCATALOGUED,UNCATALOGUED,unknown,coverage=CORE_DECADE; seasons=10/10,team_fixture,OBSERVATION,canonical_team_season_to_source_team,True,Team-match source statistics attach through the verified team-fixture relationship.,,,CANONICAL_FIXTURE_TO_SOURCE_MATCH,canonical_fixture_to_source_match,CANONICAL_TEAM_SEASON_TO_SOURCE_TEAM,canonical_team_season_to_source_team,EXPLICIT_SOURCE_GRAIN_ROUTE,NOT_YET_PROVEN,ROUTE_IMPLEMENTED,NONE,VERIFIED_SOURCE_MATCH_ROUTE,VERIFIED_TEAM_SEASON_ROUTE,1
FRL_LOCAL_CSV,team_match,team_match,attFreekickTotal,unknown,UNCATALOGUED,UNCATALOGUED,unknown,coverage=CORE_DECADE; seasons=10/10,team_fixture,OBSERVATION,canonical_team_season_to_source_team,True,Team-match source statistics attach through the verified team-fixture relationship.,,,CANONICAL_FIXTURE_TO_SOURCE_MATCH,canonical_fixture_to_source_match,CANONICAL_TEAM_SEASON_TO_SOURCE_TEAM,canonical_team_season_to_source_team,EXPLICIT_SOURCE_GRAIN_ROUTE,NOT_YET_PROVEN,ROUTE_IMPLEMENTED,NONE,VERIFIED_SOURCE_MATCH_ROUTE,VERIFIED_TEAM_SEASON_ROUTE,1
FRL_LOCAL_CSV,team_match,team_match,attIboxOwnGoal,unknown,UNCATALOGUED,UNCATALOGUED,unknown,coverage=CORE_DECADE; seasons=10/10,team_fixture,OBSERVATION,canonical_team_season_to_source_team,True,Team-match source statistics attach through the verified team-fixture relationship.,,,CANONICAL_FIXTURE_TO_SOURCE_MATCH,canonical_fixture_to_source_match,CANONICAL_TEAM_SEASON_TO_SOURCE_TEAM,canonical_team_season_to_source_team,EXPLICIT_SOURCE_GRAIN_ROUTE,NOT_YET_PROVEN,ROUTE_IMPLEMENTED,NONE,VERIFIED_SOURCE_MATCH_ROUTE,VERIFIED_TEAM_SEASON_ROUTE,1
FRL_LOCAL_CSV,team_match,team_match,attLgCentre,unknown,UNCATALOGUED,UNCATALOGUED,unknown,coverage=CORE_DECADE; seasons=10/10,team_fixture,OBSERVATION,canonical_team_season_to_source_team,True,Team-match source statistics attach through the verified team-fixture relationship.,,,CANONICAL_FIXTURE_TO_SOURCE_MATCH,canonical_fixture_to_source_match,CANONICAL_TEAM_SEASON_TO_SOURCE_TEAM,canonical_team_season_to_source_team,EXPLICIT_SOURCE_GRAIN_ROUTE,NOT_YET_PROVEN,ROUTE_IMPLEMENTED,NONE,VERIFIED_SOURCE_MATCH_ROUTE,VERIFIED_TEAM_SEASON_ROUTE,1
FRL_LOCAL_CSV,team_match,team_match,attLgLeft,unknown,UNCATALOGUED,UNCATALOGUED,unknown,coverage=LONG_RUN; seasons=8/10,team_fixture,OBSERVATION,canonical_team_season_to_source_team,True,Team-match source statistics attach through the verified team-fixture relationship.,,,CANONICAL_FIXTURE_TO_SOURCE_MATCH,canonical_fixture_to_source_match,CANONICAL_TEAM_SEASON_TO_SOURCE_TEAM,canonical_team_season_to_source_team,EXPLICIT_SOURCE_GRAIN_ROUTE,NOT_YET_PROVEN,ROUTE_IMPLEMENTED,NONE,VERIFIED_SOURCE_MATCH_ROUTE,VERIFIED_TEAM_SEASON_ROUTE,1
FRL_LOCAL_CSV,team_match,team_match,attLgRight,unknown,UNCATALOGUED,UNCATALOGUED,unknown,coverage=LONG_RUN; seasons=9/10,team_fixture,OBSERVATION,canonical_team_season_to_source_team,True,Team-match source statistics attach through the verified team-fixture relationship.,,,CANONICAL_FIXTURE_TO_SOURCE_MATCH,canonical_fixture_to_source_match,CANONICAL_TEAM_SEASON_TO_SOURCE_TEAM,canonical_team_season_to_source_team,EXPLICIT_SOURCE_GRAIN_ROUTE,NOT_YET_PROVEN,ROUTE_IMPLEMENTED,NONE,VERIFIED_SOURCE_MATCH_ROUTE,VERIFIED_TEAM_SEASON_ROUTE,1
FRL_LOCAL_CSV,team_match,team_match,attOboxOwnGoal,unknown,UNCATALOGUED,UNCATALOGUED,unknown,coverage=LONG_RUN; seasons=5/10,team_fixture,OBSERVATION,canonical_team_season_to_source_team,True,Team-match source statistics attach through the verified team-fixture relationship.,,,CANONICAL_FIXTURE_TO_SOURCE_MATCH,canonical_fixture_to_source_match,CANONICAL_TEAM_SEASON_TO_SOURCE_TEAM,canonical_team_season_to_source_team,EXPLICIT_SOURCE_GRAIN_ROUTE,NOT_YET_PROVEN,ROUTE_IMPLEMENTED,NONE,VERIFIED_SOURCE_MATCH_ROUTE,VERIFIED_TEAM_SEASON_ROUTE,1
FRL_LOCAL_CSV,team_match,team_match,attObxdLeft,unknown,UNCATALOGUED,UNCATALOGUED,unknown,coverage=CORE_DECADE; seasons=10/10,team_fixture,OBSERVATION,canonical_team_season_to_source_team,True,Team-match source statistics attach through the verified team-fixture relationship.,,,CANONICAL_FIXTURE_TO_SOURCE_MATCH,canonical_fixture_to_source_match,CANONICAL_TEAM_SEASON_TO_SOURCE_TEAM,canonical_team_season_to_source_team,EXPLICIT_SOURCE_GRAIN_ROUTE,NOT_YET_PROVEN,ROUTE_IMPLEMENTED,NONE,VERIFIED_SOURCE_MATCH_ROUTE,VERIFIED_TEAM_SEASON_ROUTE,1
FRL_LOCAL_CSV,team_match,team_match,attObxdRight,unknown,UNCATALOGUED,UNCATALOGUED,unknown,coverage=CORE_DECADE; seasons=10/10,team_fixture,OBSERVATION,canonical_team_season_to_source_team,True,Team-match source statistics attach through the verified team-fixture relationship.,,,CANONICAL_FIXTURE_TO_SOURCE_MATCH,canonical_fixture_to_source_match,CANONICAL_TEAM_SEASON_TO_SOURCE_TEAM,canonical_team_season_to_source_team,EXPLICIT_SOURCE_GRAIN_ROUTE,NOT_YET_PROVEN,ROUTE_IMPLEMENTED,NONE,VERIFIED_SOURCE_MATCH_ROUTE,VERIFIED_TEAM_SEASON_ROUTE,1
FRL_LOCAL_CSV,team_match,team_match,attOneOnOne,unknown,UNCATALOGUED,UNCATALOGUED,unknown,coverage=CORE_DECADE; seasons=10/10,team_fixture,OBSERVATION,canonical_team_season_to_source_team,True,Team-match source statistics attach through the verified team-fixture relationship.,,,CANONICAL_FIXTURE_TO_SOURCE_MATCH,canonical_fixture_to_source_match,CANONICAL_TEAM_SEASON_TO_SOURCE_TEAM,canonical_team_season_to_source_team,EXPLICIT_SOURCE_GRAIN_ROUTE,NOT_YET_PROVEN,ROUTE_IMPLEMENTED,NONE,VERIFIED_SOURCE_MATCH_ROUTE,VERIFIED_TEAM_SEASON_ROUTE,1
FRL_LOCAL_CSV,team_match,team_match,attOpenplay,unknown,UNCATALOGUED,UNCATALOGUED,unknown,coverage=CORE_DECADE; seasons=10/10,team_fixture,OBSERVATION,canonical_team_season_to_source_team,True,Team-match source statistics attach through the verified team-fixture relationship.,,,CANONICAL_FIXTURE_TO_SOURCE_MATCH,canonical_fixture_to_source_match,CANONICAL_TEAM_SEASON_TO_SOURCE_TEAM,canonical_team_season_to_source_team,EXPLICIT_SOURCE_GRAIN_ROUTE,NOT_YET_PROVEN,ROUTE_IMPLEMENTED,NONE,VERIFIED_SOURCE_MATCH_ROUTE,VERIFIED_TEAM_SEASON_ROUTE,1
FRL_LOCAL_CSV,team_match,team_match,attPenGoal,unknown,UNCATALOGUED,UNCATALOGUED,unknown,coverage=CORE_DECADE; seasons=10/10,team_fixture,OBSERVATION,canonical_team_season_to_source_team,True,Team-match source statistics attach through the verified team-fixture relationship.,,,CANONICAL_FIXTURE_TO_SOURCE_MATCH,canonical_fixture_to_source_match,CANONICAL_TEAM_SEASON_TO_SOURCE_TEAM,canonical_team_season_to_source_team,EXPLICIT_SOURCE_GRAIN_ROUTE,NOT_YET_PROVEN,ROUTE_IMPLEMENTED,NONE,VERIFIED_SOURCE_MATCH_ROUTE,VERIFIED_TEAM_SEASON_ROUTE,1
FRL_LOCAL_CSV,team_match,team_match,attPenMiss,unknown,UNCATALOGUED,UNCATALOGUED,unknown,coverage=LONG_RUN; seasons=8/10,team_fixture,OBSERVATION,canonical_team_season_to_source_team,True,Team-match source statistics attach through the verified team-fixture relationship.,,,CANONICAL_FIXTURE_TO_SOURCE_MATCH,canonical_fixture_to_source_match,CANONICAL_TEAM_SEASON_TO_SOURCE_TEAM,canonical_team_season_to_source_team,EXPLICIT_SOURCE_GRAIN_ROUTE,NOT_YET_PROVEN,ROUTE_IMPLEMENTED,NONE,VERIFIED_SOURCE_MATCH_ROUTE,VERIFIED_TEAM_SEASON_ROUTE,1
FRL_LOCAL_CSV,team_match,team_match,attPenPost,unknown,UNCATALOGUED,UNCATALOGUED,unknown,coverage=LONG_RUN; seasons=9/10,team_fixture,OBSERVATION,canonical_team_season_to_source_team,True,Team-match source statistics attach through the verified team-fixture relationship.,,,CANONICAL_FIXTURE_TO_SOURCE_MATCH,canonical_fixture_to_source_match,CANONICAL_TEAM_SEASON_TO_SOURCE_TEAM,canonical_team_season_to_source_team,EXPLICIT_SOURCE_GRAIN_ROUTE,NOT_YET_PROVEN,ROUTE_IMPLEMENTED,NONE,VERIFIED_SOURCE_MATCH_ROUTE,VERIFIED_TEAM_SEASON_ROUTE,1
FRL_LOCAL_CSV,team_match,team_match,attPenTarget,unknown,UNCATALOGUED,UNCATALOGUED,unknown,coverage=CORE_DECADE; seasons=10/10,team_fixture,OBSERVATION,canonical_team_season_to_source_team,True,Team-match source statistics attach through the verified team-fixture relationship.,,,CANONICAL_FIXTURE_TO_SOURCE_MATCH,canonical_fixture_to_source_match,CANONICAL_TEAM_SEASON_TO_SOURCE_TEAM,canonical_team_season_to_source_team,EXPLICIT_SOURCE_GRAIN_ROUTE,NOT_YET_PROVEN,ROUTE_IMPLEMENTED,NONE,VERIFIED_SOURCE_MATCH_ROUTE,VERIFIED_TEAM_SEASON_ROUTE,1
FRL_LOCAL_CSV,team_match,team_match,attPostHigh,unknown,UNCATALOGUED,UNCATALOGUED,unknown,coverage=CORE_DECADE; seasons=10/10,team_fixture,OBSERVATION,canonical_team_season_to_source_team,True,Team-match source statistics attach through the verified team-fixture relationship.,,,CANONICAL_FIXTURE_TO_SOURCE_MATCH,canonical_fixture_to_source_match,CANONICAL_TEAM_SEASON_TO_SOURCE_TEAM,canonical_team_season_to_source_team,EXPLICIT_SOURCE_GRAIN_ROUTE,NOT_YET_PROVEN,ROUTE_IMPLEMENTED,NONE,VERIFIED_SOURCE_MATCH_ROUTE,VERIFIED_TEAM_SEASON_ROUTE,1
FRL_LOCAL_CSV,team_match,team_match,attPostLeft,unknown,UNCATALOGUED,UNCATALOGUED,unknown,coverage=CORE_DECADE; seasons=10/10,team_fixture,OBSERVATION,canonical_team_season_to_source_team,True,Team-match source statistics attach through the verified team-fixture relationship.,,,CANONICAL_FIXTURE_TO_SOURCE_MATCH,canonical_fixture_to_source_match,CANONICAL_TEAM_SEASON_TO_SOURCE_TEAM,canonical_team_season_to_source_team,EXPLICIT_SOURCE_GRAIN_ROUTE,NOT_YET_PROVEN,ROUTE_IMPLEMENTED,NONE,VERIFIED_SOURCE_MATCH_ROUTE,VERIFIED_TEAM_SEASON_ROUTE,1
FRL_LOCAL_CSV,team_match,team_match,attPostRight,unknown,UNCATALOGUED,UNCATALOGUED,unknown,coverage=CORE_DECADE; seasons=10/10,team_fixture,OBSERVATION,canonical_team_season_to_source_team,True,Team-match source statistics attach through the verified team-fixture relationship.,,,CANONICAL_FIXTURE_TO_SOURCE_MATCH,canonical_fixture_to_source_match,CANONICAL_TEAM_SEASON_TO_SOURCE_TEAM,canonical_team_season_to_source_team,EXPLICIT_SOURCE_GRAIN_ROUTE,NOT_YET_PROVEN,ROUTE_IMPLEMENTED,NONE,VERIFIED_SOURCE_MATCH_ROUTE,VERIFIED_TEAM_SEASON_ROUTE,1
FRL_LOCAL_CSV,team_match,team_match,attSetpiece,unknown,UNCATALOGUED,UNCATALOGUED,unknown,coverage=CORE_DECADE; seasons=10/10,team_fixture,OBSERVATION,canonical_team_season_to_source_team,True,Team-match source statistics attach through the verified team-fixture relationship.,,,CANONICAL_FIXTURE_TO_SOURCE_MATCH,canonical_fixture_to_source_match,CANONICAL_TEAM_SEASON_TO_SOURCE_TEAM,canonical_team_season_to_source_team,EXPLICIT_SOURCE_GRAIN_ROUTE,NOT_YET_PROVEN,ROUTE_IMPLEMENTED,NONE,VERIFIED_SOURCE_MATCH_ROUTE,VERIFIED_TEAM_SEASON_ROUTE,1
FRL_LOCAL_CSV,team_match,team_match,attemptedTackleFoul,unknown,UNCATALOGUED,UNCATALOGUED,unknown,coverage=CORE_DECADE; seasons=10/10,team_fixture,OBSERVATION,canonical_team_season_to_source_team,True,Team-match source statistics attach through the verified team-fixture relationship.,,,CANONICAL_FIXTURE_TO_SOURCE_MATCH,canonical_fixture_to_source_match,CANONICAL_TEAM_SEASON_TO_SOURCE_TEAM,canonical_team_season_to_source_team,EXPLICIT_SOURCE_GRAIN_ROUTE,NOT_YET_PROVEN,ROUTE_IMPLEMENTED,NONE,VERIFIED_SOURCE_MATCH_ROUTE,VERIFIED_TEAM_SEASON_ROUTE,1
FRL_LOCAL_CSV,team_match,team_match,attemptsConcededIbox,unknown,UNCATALOGUED,UNCATALOGUED,unknown,coverage=CORE_DECADE; seasons=10/10,team_fixture,OBSERVATION,canonical_team_season_to_source_team,True,Team-match source statistics attach through the verified team-fixture relationship.,,,CANONICAL_FIXTURE_TO_SOURCE_MATCH,canonical_fixture_to_source_match,CANONICAL_TEAM_SEASON_TO_SOURCE_TEAM,canonical_team_season_to_source_team,EXPLICIT_SOURCE_GRAIN_ROUTE,NOT_YET_PROVEN,ROUTE_IMPLEMENTED,NONE,VERIFIED_SOURCE_MATCH_ROUTE,VERIFIED_TEAM_SEASON_ROUTE,1
FRL_LOCAL_CSV,team_match,team_match,attemptsConcededObox,unknown,UNCATALOGUED,UNCATALOGUED,unknown,coverage=CORE_DECADE; seasons=10/10,team_fixture,OBSERVATION,canonical_team_season_to_source_team,True,Team-match source statistics attach through the verified team-fixture relationship.,,,CANONICAL_FIXTURE_TO_SOURCE_MATCH,canonical_fixture_to_source_match,CANONICAL_TEAM_SEASON_TO_SOURCE_TEAM,canonical_team_season_to_source_team,EXPLICIT_SOURCE_GRAIN_ROUTE,NOT_YET_PROVEN,ROUTE_IMPLEMENTED,NONE,VERIFIED_SOURCE_MATCH_ROUTE,VERIFIED_TEAM_SEASON_ROUTE,1
FRL_LOCAL_CSV,team_match,team_match,attemptsIbox,unknown,UNCATALOGUED,UNCATALOGUED,unknown,coverage=CORE_DECADE; seasons=10/10,team_fixture,OBSERVATION,canonical_team_season_to_source_team,True,Team-match source statistics attach through the verified team-fixture relationship.,,,CANONICAL_FIXTURE_TO_SOURCE_MATCH,canonical_fixture_to_source_match,CANONICAL_TEAM_SEASON_TO_SOURCE_TEAM,canonical_team_season_to_source_team,EXPLICIT_SOURCE_GRAIN_ROUTE,NOT_YET_PROVEN,ROUTE_IMPLEMENTED,NONE,VERIFIED_SOURCE_MATCH_ROUTE,VERIFIED_TEAM_SEASON_ROUTE,1
FRL_LOCAL_CSV,team_match,team_match,attemptsObox,unknown,UNCATALOGUED,UNCATALOGUED,unknown,coverage=CORE_DECADE; seasons=10/10,team_fixture,OBSERVATION,canonical_team_season_to_source_team,True,Team-match source statistics attach through the verified team-fixture relationship.,,,CANONICAL_FIXTURE_TO_SOURCE_MATCH,canonical_fixture_to_source_match,CANONICAL_TEAM_SEASON_TO_SOURCE_TEAM,canonical_team_season_to_source_team,EXPLICIT_SOURCE_GRAIN_ROUTE,NOT_YET_PROVEN,ROUTE_IMPLEMENTED,NONE,VERIFIED_SOURCE_MATCH_ROUTE,VERIFIED_TEAM_SEASON_ROUTE,1
FRL_LOCAL_CSV,team_match,team_match,attendance,unknown,retained,retained,unknown,coverage=CORE_DECADE; seasons=10/10,team_fixture,OBSERVATION,canonical_team_season_to_source_team,True,Team-match source statistics attach through the verified team-fixture relationship.,,,CANONICAL_FIXTURE_TO_SOURCE_MATCH,canonical_fixture_to_source_match,CANONICAL_TEAM_SEASON_TO_SOURCE_TEAM,canonical_team_season_to_source_team,EXPLICIT_SOURCE_GRAIN_ROUTE,NOT_YET_PROVEN,ROUTE_IMPLEMENTED,NONE,VERIFIED_SOURCE_MATCH_ROUTE,VERIFIED_TEAM_SEASON_ROUTE,1
FRL_LOCAL_CSV,team_match,team_match,backwardPass,unknown,UNCATALOGUED,UNCATALOGUED,unknown,coverage=CORE_DECADE; seasons=10/10,team_fixture,OBSERVATION,canonical_team_season_to_source_team,True,Team-match source statistics attach through the verified team-fixture relationship.,,,CANONICAL_FIXTURE_TO_SOURCE_MATCH,canonical_fixture_to_source_match,CANONICAL_TEAM_SEASON_TO_SOURCE_TEAM,canonical_team_season_to_source_team,EXPLICIT_SOURCE_GRAIN_ROUTE,NOT_YET_PROVEN,ROUTE_IMPLEMENTED,NONE,VERIFIED_SOURCE_MATCH_ROUTE,VERIFIED_TEAM_SEASON_ROUTE,1
FRL_LOCAL_CSV,team_match,team_match,ballRecovery,unknown,UNCATALOGUED,UNCATALOGUED,unknown,coverage=CORE_DECADE; seasons=10/10,team_fixture,OBSERVATION,canonical_team_season_to_source_team,True,Team-match source statistics attach through the verified team-fixture relationship.,,,CANONICAL_FIXTURE_TO_SOURCE_MATCH,canonical_fixture_to_source_match,CANONICAL_TEAM_SEASON_TO_SOURCE_TEAM,canonical_team_season_to_source_team,EXPLICIT_SOURCE_GRAIN_ROUTE,NOT_YET_PROVEN,ROUTE_IMPLEMENTED,NONE,VERIFIED_SOURCE_MATCH_ROUTE,VERIFIED_TEAM_SEASON_ROUTE,1
FRL_LOCAL_CSV,team_match,team_match,bigChanceCreated,unknown,exposed,exposed,unknown,coverage=CORE_DECADE; seasons=10/10,team_fixture,OBSERVATION,canonical_team_season_to_source_team,True,Team-match source statistics attach through the verified team-fixture relationship.,,,CANONICAL_FIXTURE_TO_SOURCE_MATCH,canonical_fixture_to_source_match,CANONICAL_TEAM_SEASON_TO_SOURCE_TEAM,canonical_team_season_to_source_team,EXPLICIT_SOURCE_GRAIN_ROUTE,NOT_YET_PROVEN,ROUTE_IMPLEMENTED,NONE,VERIFIED_SOURCE_MATCH_ROUTE,VERIFIED_TEAM_SEASON_ROUTE,1
FRL_LOCAL_CSV,team_match,team_match,bigChanceMissed,unknown,exposed,exposed,unknown,coverage=CORE_DECADE; seasons=10/10,team_fixture,OBSERVATION,canonical_team_season_to_source_team,True,Team-match source statistics attach through the verified team-fixture relationship.,,,CANONICAL_FIXTURE_TO_SOURCE_MATCH,canonical_fixture_to_source_match,CANONICAL_TEAM_SEASON_TO_SOURCE_TEAM,canonical_team_season_to_source_team,EXPLICIT_SOURCE_GRAIN_ROUTE,NOT_YET_PROVEN,ROUTE_IMPLEMENTED,NONE,VERIFIED_SOURCE_MATCH_ROUTE,VERIFIED_TEAM_SEASON_ROUTE,1
FRL_LOCAL_CSV,team_match,team_match,bigChanceScored,unknown,UNCATALOGUED,UNCATALOGUED,unknown,coverage=CORE_DECADE; seasons=10/10,team_fixture,OBSERVATION,canonical_team_season_to_source_team,True,Team-match source statistics attach through the verified team-fixture relationship.,,,CANONICAL_FIXTURE_TO_SOURCE_MATCH,canonical_fixture_to_source_match,CANONICAL_TEAM_SEASON_TO_SOURCE_TEAM,canonical_team_season_to_source_team,EXPLICIT_SOURCE_GRAIN_ROUTE,NOT_YET_PROVEN,ROUTE_IMPLEMENTED,NONE,VERIFIED_SOURCE_MATCH_ROUTE,VERIFIED_TEAM_SEASON_ROUTE,1
FRL_LOCAL_CSV,team_match,team_match,blockedCross,unknown,UNCATALOGUED,UNCATALOGUED,unknown,coverage=CORE_DECADE; seasons=10/10,team_fixture,OBSERVATION,canonical_team_season_to_source_team,True,Team-match source statistics attach through the verified team-fixture relationship.,,,CANONICAL_FIXTURE_TO_SOURCE_MATCH,canonical_fixture_to_source_match,CANONICAL_TEAM_SEASON_TO_SOURCE_TEAM,canonical_team_season_to_source_team,EXPLICIT_SOURCE_GRAIN_ROUTE,NOT_YET_PROVEN,ROUTE_IMPLEMENTED,NONE,VERIFIED_SOURCE_MATCH_ROUTE,VERIFIED_TEAM_SEASON_ROUTE,1
FRL_LOCAL_CSV,team_match,team_match,blockedPass,unknown,UNCATALOGUED,UNCATALOGUED,unknown,coverage=CORE_DECADE; seasons=10/10,team_fixture,OBSERVATION,canonical_team_season_to_source_team,True,Team-match source statistics attach through the verified team-fixture relationship.,,,CANONICAL_FIXTURE_TO_SOURCE_MATCH,canonical_fixture_to_source_match,CANONICAL_TEAM_SEASON_TO_SOURCE_TEAM,canonical_team_season_to_source_team,EXPLICIT_SOURCE_GRAIN_ROUTE,NOT_YET_PROVEN,ROUTE_IMPLEMENTED,NONE,VERIFIED_SOURCE_MATCH_ROUTE,VERIFIED_TEAM_SEASON_ROUTE,1
FRL_LOCAL_CSV,team_match,team_match,blockedScoringAtt,unknown,exposed,exposed,unknown,coverage=CORE_DECADE; seasons=10/10,team_fixture,OBSERVATION,canonical_team_season_to_source_team,True,Team-match source statistics attach through the verified team-fixture relationship.,,,CANONICAL_FIXTURE_TO_SOURCE_MATCH,canonical_fixture_to_source_match,CANONICAL_TEAM_SEASON_TO_SOURCE_TEAM,canonical_team_season_to_source_team,EXPLICIT_SOURCE_GRAIN_ROUTE,NOT_YET_PROVEN,ROUTE_IMPLEMENTED,NONE,VERIFIED_SOURCE_MATCH_ROUTE,VERIFIED_TEAM_SEASON_ROUTE,1
FRL_LOCAL_CSV,team_match,team_match,challengeLost,unknown,UNCATALOGUED,UNCATALOGUED,unknown,coverage=CORE_DECADE; seasons=10/10,team_fixture,OBSERVATION,canonical_team_season_to_source_team,True,Team-match source statistics attach through the verified team-fixture relationship.,,,CANONICAL_FIXTURE_TO_SOURCE_MATCH,canonical_fixture_to_source_match,CANONICAL_TEAM_SEASON_TO_SOURCE_TEAM,canonical_team_season_to_source_team,EXPLICIT_SOURCE_GRAIN_ROUTE,NOT_YET_PROVEN,ROUTE_IMPLEMENTED,NONE,VERIFIED_SOURCE_MATCH_ROUTE,VERIFIED_TEAM_SEASON_ROUTE,1
FRL_LOCAL_CSV,team_match,team_match,clearanceOffLine,unknown,UNCATALOGUED,UNCATALOGUED,unknown,coverage=CORE_DECADE; seasons=10/10,team_fixture,OBSERVATION,canonical_team_season_to_source_team,True,Team-match source statistics attach through the verified team-fixture relationship.,,,CANONICAL_FIXTURE_TO_SOURCE_MATCH,canonical_fixture_to_source_match,CANONICAL_TEAM_SEASON_TO_SOURCE_TEAM,canonical_team_season_to_source_team,EXPLICIT_SOURCE_GRAIN_ROUTE,NOT_YET_PROVEN,ROUTE_IMPLEMENTED,NONE,VERIFIED_SOURCE_MATCH_ROUTE,VERIFIED_TEAM_SEASON_ROUTE,1
FRL_LOCAL_CSV,team_match,team_match,contentiousDecision,unknown,UNCATALOGUED,UNCATALOGUED,unknown,coverage=CORE_DECADE; seasons=10/10,team_fixture,OBSERVATION,canonical_team_season_to_source_team,True,Team-match source statistics attach through the verified team-fixture relationship.,,,CANONICAL_FIXTURE_TO_SOURCE_MATCH,canonical_fixture_to_source_match,CANONICAL_TEAM_SEASON_TO_SOURCE_TEAM,canonical_team_season_to_source_team,EXPLICIT_SOURCE_GRAIN_ROUTE,NOT_YET_PROVEN,ROUTE_IMPLEMENTED,NONE,VERIFIED_SOURCE_MATCH_ROUTE,VERIFIED_TEAM_SEASON_ROUTE,1
FRL_LOCAL_CSV,team_match,team_match,cornerTaken,unknown,exposed,exposed,unknown,coverage=CORE_DECADE; seasons=10/10,team_fixture,OBSERVATION,canonical_team_season_to_source_team,True,Team-match source statistics attach through the verified team-fixture relationship.,,,CANONICAL_FIXTURE_TO_SOURCE_MATCH,canonical_fixture_to_source_match,CANONICAL_TEAM_SEASON_TO_SOURCE_TEAM,canonical_team_season_to_source_team,EXPLICIT_SOURCE_GRAIN_ROUTE,NOT_YET_PROVEN,ROUTE_IMPLEMENTED,NONE,VERIFIED_SOURCE_MATCH_ROUTE,VERIFIED_TEAM_SEASON_ROUTE,1
FRL_LOCAL_CSV,team_match,team_match,crosses18yard,unknown,UNCATALOGUED,UNCATALOGUED,unknown,coverage=CORE_DECADE; seasons=10/10,team_fixture,OBSERVATION,canonical_team_season_to_source_team,True,Team-match source statistics attach through the verified team-fixture relationship.,,,CANONICAL_FIXTURE_TO_SOURCE_MATCH,canonical_fixture_to_source_match,CANONICAL_TEAM_SEASON_TO_SOURCE_TEAM,canonical_team_season_to_source_team,EXPLICIT_SOURCE_GRAIN_ROUTE,NOT_YET_PROVEN,ROUTE_IMPLEMENTED,NONE,VERIFIED_SOURCE_MATCH_ROUTE,VERIFIED_TEAM_SEASON_ROUTE,1
FRL_LOCAL_CSV,team_match,team_match,crosses18yardplus,unknown,UNCATALOGUED,UNCATALOGUED,unknown,coverage=CORE_DECADE; seasons=10/10,team_fixture,OBSERVATION,canonical_team_season_to_source_team,True,Team-match source statistics attach through the verified team-fixture relationship.,,,CANONICAL_FIXTURE_TO_SOURCE_MATCH,canonical_fixture_to_source_match,CANONICAL_TEAM_SEASON_TO_SOURCE_TEAM,canonical_team_season_to_source_team,EXPLICIT_SOURCE_GRAIN_ROUTE,NOT_YET_PROVEN,ROUTE_IMPLEMENTED,NONE,VERIFIED_SOURCE_MATCH_ROUTE,VERIFIED_TEAM_SEASON_ROUTE,1
FRL_LOCAL_CSV,team_match,team_match,defenderGoals,unknown,UNCATALOGUED,UNCATALOGUED,unknown,coverage=CORE_DECADE; seasons=10/10,team_fixture,OBSERVATION,canonical_team_season_to_source_team,True,Team-match source statistics attach through the verified team-fixture relationship.,,,CANONICAL_FIXTURE_TO_SOURCE_MATCH,canonical_fixture_to_source_match,CANONICAL_TEAM_SEASON_TO_SOURCE_TEAM,canonical_team_season_to_source_team,EXPLICIT_SOURCE_GRAIN_ROUTE,NOT_YET_PROVEN,ROUTE_IMPLEMENTED,NONE,VERIFIED_SOURCE_MATCH_ROUTE,VERIFIED_TEAM_SEASON_ROUTE,1
FRL_LOCAL_CSV,team_match,team_match,dispossessed,unknown,UNCATALOGUED,UNCATALOGUED,unknown,coverage=CORE_DECADE; seasons=10/10,team_fixture,OBSERVATION,canonical_team_season_to_source_team,True,Team-match source statistics attach through the verified team-fixture relationship.,,,CANONICAL_FIXTURE_TO_SOURCE_MATCH,canonical_fixture_to_source_match,CANONICAL_TEAM_SEASON_TO_SOURCE_TEAM,canonical_team_season_to_source_team,EXPLICIT_SOURCE_GRAIN_ROUTE,NOT_YET_PROVEN,ROUTE_IMPLEMENTED,NONE,VERIFIED_SOURCE_MATCH_ROUTE,VERIFIED_TEAM_SEASON_ROUTE,1
FRL_LOCAL_CSV,team_match,team_match,divingSave,unknown,UNCATALOGUED,UNCATALOGUED,unknown,coverage=CORE_DECADE; seasons=10/10,team_fixture,OBSERVATION,canonical_team_season_to_source_team,True,Team-match source statistics attach through the verified team-fixture relationship.,,,CANONICAL_FIXTURE_TO_SOURCE_MATCH,canonical_fixture_to_source_match,CANONICAL_TEAM_SEASON_TO_SOURCE_TEAM,canonical_team_season_to_source_team,EXPLICIT_SOURCE_GRAIN_ROUTE,NOT_YET_PROVEN,ROUTE_IMPLEMENTED,NONE,VERIFIED_SOURCE_MATCH_ROUTE,VERIFIED_TEAM_SEASON_ROUTE,1
FRL_LOCAL_CSV,team_match,team_match,duelLost,unknown,UNCATALOGUED,UNCATALOGUED,unknown,coverage=CORE_DECADE; seasons=10/10,team_fixture,OBSERVATION,canonical_team_season_to_source_team,True,Team-match source statistics attach through the verified team-fixture relationship.,,,CANONICAL_FIXTURE_TO_SOURCE_MATCH,canonical_fixture_to_source_match,CANONICAL_TEAM_SEASON_TO_SOURCE_TEAM,canonical_team_season_to_source_team,EXPLICIT_SOURCE_GRAIN_ROUTE,NOT_YET_PROVEN,ROUTE_IMPLEMENTED,NONE,VERIFIED_SOURCE_MATCH_ROUTE,VERIFIED_TEAM_SEASON_ROUTE,1
FRL_LOCAL_CSV,team_match,team_match,duelWon,unknown,UNCATALOGUED,UNCATALOGUED,unknown,coverage=CORE_DECADE; seasons=10/10,team_fixture,OBSERVATION,canonical_team_season_to_source_team,True,Team-match source statistics attach through the verified team-fixture relationship.,,,CANONICAL_FIXTURE_TO_SOURCE_MATCH,canonical_fixture_to_source_match,CANONICAL_TEAM_SEASON_TO_SOURCE_TEAM,canonical_team_season_to_source_team,EXPLICIT_SOURCE_GRAIN_ROUTE,NOT_YET_PROVEN,ROUTE_IMPLEMENTED,NONE,VERIFIED_SOURCE_MATCH_ROUTE,VERIFIED_TEAM_SEASON_ROUTE,1
FRL_LOCAL_CSV,team_match,team_match,effectiveBlockedCross,unknown,UNCATALOGUED,UNCATALOGUED,unknown,coverage=CORE_DECADE; seasons=10/10,team_fixture,OBSERVATION,canonical_team_season_to_source_team,True,Team-match source statistics attach through the verified team-fixture relationship.,,,CANONICAL_FIXTURE_TO_SOURCE_MATCH,canonical_fixture_to_source_match,CANONICAL_TEAM_SEASON_TO_SOURCE_TEAM,canonical_team_season_to_source_team,EXPLICIT_SOURCE_GRAIN_ROUTE,NOT_YET_PROVEN,ROUTE_IMPLEMENTED,NONE,VERIFIED_SOURCE_MATCH_ROUTE,VERIFIED_TEAM_SEASON_ROUTE,1
FRL_LOCAL_CSV,team_match,team_match,effectiveClearance,unknown,exposed,exposed,unknown,coverage=CORE_DECADE; seasons=10/10,team_fixture,OBSERVATION,canonical_team_season_to_source_team,True,Team-match source statistics attach through the verified team-fixture relationship.,,,CANONICAL_FIXTURE_TO_SOURCE_MATCH,canonical_fixture_to_source_match,CANONICAL_TEAM_SEASON_TO_SOURCE_TEAM,canonical_team_season_to_source_team,EXPLICIT_SOURCE_GRAIN_ROUTE,NOT_YET_PROVEN,ROUTE_IMPLEMENTED,NONE,VERIFIED_SOURCE_MATCH_ROUTE,VERIFIED_TEAM_SEASON_ROUTE,1
FRL_LOCAL_CSV,team_match,team_match,effectiveHeadClearance,unknown,UNCATALOGUED,UNCATALOGUED,unknown,coverage=CORE_DECADE; seasons=10/10,team_fixture,OBSERVATION,canonical_team_season_to_source_team,True,Team-match source statistics attach through the verified team-fixture relationship.,,,CANONICAL_FIXTURE_TO_SOURCE_MATCH,canonical_fixture_to_source_match,CANONICAL_TEAM_SEASON_TO_SOURCE_TEAM,canonical_team_season_to_source_team,EXPLICIT_SOURCE_GRAIN_ROUTE,NOT_YET_PROVEN,ROUTE_IMPLEMENTED,NONE,VERIFIED_SOURCE_MATCH_ROUTE,VERIFIED_TEAM_SEASON_ROUTE,1
FRL_LOCAL_CSV,team_match,team_match,errorLeadToGoal,unknown,UNCATALOGUED,UNCATALOGUED,unknown,coverage=CORE_DECADE; seasons=10/10,team_fixture,OBSERVATION,canonical_team_season_to_source_team,True,Team-match source statistics attach through the verified team-fixture relationship.,,,CANONICAL_FIXTURE_TO_SOURCE_MATCH,canonical_fixture_to_source_match,CANONICAL_TEAM_SEASON_TO_SOURCE_TEAM,canonical_team_season_to_source_team,EXPLICIT_SOURCE_GRAIN_ROUTE,NOT_YET_PROVEN,ROUTE_IMPLEMENTED,NONE,VERIFIED_SOURCE_MATCH_ROUTE,VERIFIED_TEAM_SEASON_ROUTE,1
FRL_LOCAL_CSV,team_match,team_match,errorLeadToShot,unknown,UNCATALOGUED,UNCATALOGUED,unknown,coverage=CORE_DECADE; seasons=10/10,team_fixture,OBSERVATION,canonical_team_season_to_source_team,True,Team-match source statistics attach through the verified team-fixture relationship.,,,CANONICAL_FIXTURE_TO_SOURCE_MATCH,canonical_fixture_to_source_match,CANONICAL_TEAM_SEASON_TO_SOURCE_TEAM,canonical_team_season_to_source_team,EXPLICIT_SOURCE_GRAIN_ROUTE,NOT_YET_PROVEN,ROUTE_IMPLEMENTED,NONE,VERIFIED_SOURCE_MATCH_ROUTE,VERIFIED_TEAM_SEASON_ROUTE,1
FRL_LOCAL_CSV,team_match,team_match,expectedAssists,unknown,exposed,exposed,unknown,coverage=LONG_RUN; seasons=8/10,team_fixture,OBSERVATION,canonical_team_season_to_source_team,True,Team-match source statistics attach through the verified team-fixture relationship.,,,CANONICAL_FIXTURE_TO_SOURCE_MATCH,canonical_fixture_to_source_match,CANONICAL_TEAM_SEASON_TO_SOURCE_TEAM,canonical_team_season_to_source_team,EXPLICIT_SOURCE_GRAIN_ROUTE,NOT_YET_PROVEN,ROUTE_IMPLEMENTED,NONE,VERIFIED_SOURCE_MATCH_ROUTE,VERIFIED_TEAM_SEASON_ROUTE,1
FRL_LOCAL_CSV,team_match,team_match,expectedGoals,unknown,exposed,exposed,unknown,coverage=LONG_RUN; seasons=8/10,team_fixture,OBSERVATION,canonical_team_season_to_source_team,True,Team-match source statistics attach through the verified team-fixture relationship.,,,CANONICAL_FIXTURE_TO_SOURCE_MATCH,canonical_fixture_to_source_match,CANONICAL_TEAM_SEASON_TO_SOURCE_TEAM,canonical_team_season_to_source_team,EXPLICIT_SOURCE_GRAIN_ROUTE,NOT_YET_PROVEN,ROUTE_IMPLEMENTED,NONE,VERIFIED_SOURCE_MATCH_ROUTE,VERIFIED_TEAM_SEASON_ROUTE,1
FRL_LOCAL_CSV,team_match,team_match,expectedGoalsFreekick,unknown,UNCATALOGUED,UNCATALOGUED,unknown,coverage=LONG_RUN; seasons=8/10,team_fixture,OBSERVATION,canonical_team_season_to_source_team,True,Team-match source statistics attach through the verified team-fixture relationship.,,,CANONICAL_FIXTURE_TO_SOURCE_MATCH,canonical_fixture_to_source_match,CANONICAL_TEAM_SEASON_TO_SOURCE_TEAM,canonical_team_season_to_source_team,EXPLICIT_SOURCE_GRAIN_ROUTE,NOT_YET_PROVEN,ROUTE_IMPLEMENTED,NONE,VERIFIED_SOURCE_MATCH_ROUTE,VERIFIED_TEAM_SEASON_ROUTE,1
FRL_LOCAL_CSV,team_match,team_match,expectedGoalsOnTarget,unknown,exposed,exposed,unknown,coverage=LONG_RUN; seasons=8/10,team_fixture,OBSERVATION,canonical_team_season_to_source_team,True,Team-match source statistics attach through the verified team-fixture relationship.,,,CANONICAL_FIXTURE_TO_SOURCE_MATCH,canonical_fixture_to_source_match,CANONICAL_TEAM_SEASON_TO_SOURCE_TEAM,canonical_team_season_to_source_team,EXPLICIT_SOURCE_GRAIN_ROUTE,NOT_YET_PROVEN,ROUTE_IMPLEMENTED,NONE,VERIFIED_SOURCE_MATCH_ROUTE,VERIFIED_TEAM_SEASON_ROUTE,1
FRL_LOCAL_CSV,team_match,team_match,expectedGoalsOnTargetConceded,unknown,UNCATALOGUED,UNCATALOGUED,unknown,coverage=LONG_RUN; seasons=8/10,team_fixture,OBSERVATION,canonical_team_season_to_source_team,True,Team-match source statistics attach through the verified team-fixture relationship.,,,CANONICAL_FIXTURE_TO_SOURCE_MATCH,canonical_fixture_to_source_match,CANONICAL_TEAM_SEASON_TO_SOURCE_TEAM,canonical_team_season_to_source_team,EXPLICIT_SOURCE_GRAIN_ROUTE,NOT_YET_PROVEN,ROUTE_IMPLEMENTED,NONE,VERIFIED_SOURCE_MATCH_ROUTE,VERIFIED_TEAM_SEASON_ROUTE,1
FRL_LOCAL_CSV,team_match,team_match,fiftyFifty,unknown,UNCATALOGUED,UNCATALOGUED,unknown,coverage=INTERMITTENT; seasons=3/10,team_fixture,OBSERVATION,canonical_team_season_to_source_team,True,Team-match source statistics attach through the verified team-fixture relationship.,,,CANONICAL_FIXTURE_TO_SOURCE_MATCH,canonical_fixture_to_source_match,CANONICAL_TEAM_SEASON_TO_SOURCE_TEAM,canonical_team_season_to_source_team,EXPLICIT_SOURCE_GRAIN_ROUTE,NOT_YET_PROVEN,ROUTE_IMPLEMENTED,NONE,VERIFIED_SOURCE_MATCH_ROUTE,VERIFIED_TEAM_SEASON_ROUTE,1
FRL_LOCAL_CSV,team_match,team_match,finalThirdEntries,unknown,UNCATALOGUED,UNCATALOGUED,unknown,coverage=CORE_DECADE; seasons=10/10,team_fixture,OBSERVATION,canonical_team_season_to_source_team,True,Team-match source statistics attach through the verified team-fixture relationship.,,,CANONICAL_FIXTURE_TO_SOURCE_MATCH,canonical_fixture_to_source_match,CANONICAL_TEAM_SEASON_TO_SOURCE_TEAM,canonical_team_season_to_source_team,EXPLICIT_SOURCE_GRAIN_ROUTE,NOT_YET_PROVEN,ROUTE_IMPLEMENTED,NONE,VERIFIED_SOURCE_MATCH_ROUTE,VERIFIED_TEAM_SEASON_ROUTE,1
FRL_LOCAL_CSV,team_match,team_match,fkFoulLost,unknown,exposed,exposed,unknown,coverage=CORE_DECADE; seasons=10/10,team_fixture,OBSERVATION,canonical_team_season_to_source_team,True,Team-match source statistics attach through the verified team-fixture relationship.,,,CANONICAL_FIXTURE_TO_SOURCE_MATCH,canonical_fixture_to_source_match,CANONICAL_TEAM_SEASON_TO_SOURCE_TEAM,canonical_team_season_to_source_team,EXPLICIT_SOURCE_GRAIN_ROUTE,NOT_YET_PROVEN,ROUTE_IMPLEMENTED,NONE,VERIFIED_SOURCE_MATCH_ROUTE,VERIFIED_TEAM_SEASON_ROUTE,1
FRL_LOCAL_CSV,team_match,team_match,fkFoulWon,unknown,exposed,exposed,unknown,coverage=CORE_DECADE; seasons=10/10,team_fixture,OBSERVATION,canonical_team_season_to_source_team,True,Team-match source statistics attach through the verified team-fixture relationship.,,,CANONICAL_FIXTURE_TO_SOURCE_MATCH,canonical_fixture_to_source_match,CANONICAL_TEAM_SEASON_TO_SOURCE_TEAM,canonical_team_season_to_source_team,EXPLICIT_SOURCE_GRAIN_ROUTE,NOT_YET_PROVEN,ROUTE_IMPLEMENTED,NONE,VERIFIED_SOURCE_MATCH_ROUTE,VERIFIED_TEAM_SEASON_ROUTE,1
FRL_LOCAL_CSV,team_match,team_match,forwardGoals,unknown,UNCATALOGUED,UNCATALOGUED,unknown,coverage=CORE_DECADE; seasons=10/10,team_fixture,OBSERVATION,canonical_team_season_to_source_team,True,Team-match source statistics attach through the verified team-fixture relationship.,,,CANONICAL_FIXTURE_TO_SOURCE_MATCH,canonical_fixture_to_source_match,CANONICAL_TEAM_SEASON_TO_SOURCE_TEAM,canonical_team_season_to_source_team,EXPLICIT_SOURCE_GRAIN_ROUTE,NOT_YET_PROVEN,ROUTE_IMPLEMENTED,NONE,VERIFIED_SOURCE_MATCH_ROUTE,VERIFIED_TEAM_SEASON_ROUTE,1
FRL_LOCAL_CSV,team_match,team_match,foulThrowIn,unknown,UNCATALOGUED,UNCATALOGUED,unknown,coverage=CORE_DECADE; seasons=10/10,team_fixture,OBSERVATION,canonical_team_season_to_source_team,True,Team-match source statistics attach through the verified team-fixture relationship.,,,CANONICAL_FIXTURE_TO_SOURCE_MATCH,canonical_fixture_to_source_match,CANONICAL_TEAM_SEASON_TO_SOURCE_TEAM,canonical_team_season_to_source_team,EXPLICIT_SOURCE_GRAIN_ROUTE,NOT_YET_PROVEN,ROUTE_IMPLEMENTED,NONE,VERIFIED_SOURCE_MATCH_ROUTE,VERIFIED_TEAM_SEASON_ROUTE,1
FRL_LOCAL_CSV,team_match,team_match,fouledFinalThird,unknown,UNCATALOGUED,UNCATALOGUED,unknown,coverage=CORE_DECADE; seasons=10/10,team_fixture,OBSERVATION,canonical_team_season_to_source_team,True,Team-match source statistics attach through the verified team-fixture relationship.,,,CANONICAL_FIXTURE_TO_SOURCE_MATCH,canonical_fixture_to_source_match,CANONICAL_TEAM_SEASON_TO_SOURCE_TEAM,canonical_team_season_to_source_team,EXPLICIT_SOURCE_GRAIN_ROUTE,NOT_YET_PROVEN,ROUTE_IMPLEMENTED,NONE,VERIFIED_SOURCE_MATCH_ROUTE,VERIFIED_TEAM_SEASON_ROUTE,1
FRL_LOCAL_CSV,team_match,team_match,freekickCross,unknown,UNCATALOGUED,UNCATALOGUED,unknown,coverage=CORE_DECADE; seasons=10/10,team_fixture,OBSERVATION,canonical_team_season_to_source_team,True,Team-match source statistics attach through the verified team-fixture relationship.,,,CANONICAL_FIXTURE_TO_SOURCE_MATCH,canonical_fixture_to_source_match,CANONICAL_TEAM_SEASON_TO_SOURCE_TEAM,canonical_team_season_to_source_team,EXPLICIT_SOURCE_GRAIN_ROUTE,NOT_YET_PROVEN,ROUTE_IMPLEMENTED,NONE,VERIFIED_SOURCE_MATCH_ROUTE,VERIFIED_TEAM_SEASON_ROUTE,1
FRL_LOCAL_CSV,team_match,team_match,freekickTotal,unknown,UNCATALOGUED,UNCATALOGUED,unknown,coverage=CORE_DECADE; seasons=10/10,team_fixture,OBSERVATION,canonical_team_season_to_source_team,True,Team-match source statistics attach through the verified team-fixture relationship.,,,CANONICAL_FIXTURE_TO_SOURCE_MATCH,canonical_fixture_to_source_match,CANONICAL_TEAM_SEASON_TO_SOURCE_TEAM,canonical_team_season_to_source_team,EXPLICIT_SOURCE_GRAIN_ROUTE,NOT_YET_PROVEN,ROUTE_IMPLEMENTED,NONE,VERIFIED_SOURCE_MATCH_ROUTE,VERIFIED_TEAM_SEASON_ROUTE,1
FRL_LOCAL_CSV,team_match,team_match,fwdPass,unknown,UNCATALOGUED,UNCATALOGUED,unknown,coverage=CORE_DECADE; seasons=10/10,team_fixture,OBSERVATION,canonical_team_season_to_source_team,True,Team-match source statistics attach through the verified team-fixture relationship.,,,CANONICAL_FIXTURE_TO_SOURCE_MATCH,canonical_fixture_to_source_match,CANONICAL_TEAM_SEASON_TO_SOURCE_TEAM,canonical_team_season_to_source_team,EXPLICIT_SOURCE_GRAIN_ROUTE,NOT_YET_PROVEN,ROUTE_IMPLEMENTED,NONE,VERIFIED_SOURCE_MATCH_ROUTE,VERIFIED_TEAM_SEASON_ROUTE,1
FRL_LOCAL_CSV,team_match,team_match,gameweek,unknown,exposed,exposed,unknown,coverage=CORE_DECADE; seasons=10/10,team_fixture,OBSERVATION,canonical_team_season_to_source_team,True,Team-match source statistics attach through the verified team-fixture relationship.,,,CANONICAL_FIXTURE_TO_SOURCE_MATCH,canonical_fixture_to_source_match,CANONICAL_TEAM_SEASON_TO_SOURCE_TEAM,canonical_team_season_to_source_team,EXPLICIT_SOURCE_GRAIN_ROUTE,NOT_YET_PROVEN,ROUTE_IMPLEMENTED,NONE,VERIFIED_SOURCE_MATCH_ROUTE,VERIFIED_TEAM_SEASON_ROUTE,1
FRL_LOCAL_CSV,team_match,team_match,goalAssist,unknown,UNCATALOGUED,UNCATALOGUED,unknown,coverage=CORE_DECADE; seasons=10/10,team_fixture,OBSERVATION,canonical_team_season_to_source_team,True,Team-match source statistics attach through the verified team-fixture relationship.,,,CANONICAL_FIXTURE_TO_SOURCE_MATCH,canonical_fixture_to_source_match,CANONICAL_TEAM_SEASON_TO_SOURCE_TEAM,canonical_team_season_to_source_team,EXPLICIT_SOURCE_GRAIN_ROUTE,NOT_YET_PROVEN,ROUTE_IMPLEMENTED,NONE,VERIFIED_SOURCE_MATCH_ROUTE,VERIFIED_TEAM_SEASON_ROUTE,1
FRL_LOCAL_CSV,team_match,team_match,goalAssistDeadball,unknown,UNCATALOGUED,UNCATALOGUED,unknown,coverage=CORE_DECADE; seasons=10/10,team_fixture,OBSERVATION,canonical_team_season_to_source_team,True,Team-match source statistics attach through the verified team-fixture relationship.,,,CANONICAL_FIXTURE_TO_SOURCE_MATCH,canonical_fixture_to_source_match,CANONICAL_TEAM_SEASON_TO_SOURCE_TEAM,canonical_team_season_to_source_team,EXPLICIT_SOURCE_GRAIN_ROUTE,NOT_YET_PROVEN,ROUTE_IMPLEMENTED,NONE,VERIFIED_SOURCE_MATCH_ROUTE,VERIFIED_TEAM_SEASON_ROUTE,1
FRL_LOCAL_CSV,team_match,team_match,goalAssistIntentional,unknown,UNCATALOGUED,UNCATALOGUED,unknown,coverage=CORE_DECADE; seasons=10/10,team_fixture,OBSERVATION,canonical_team_season_to_source_team,True,Team-match source statistics attach through the verified team-fixture relationship.,,,CANONICAL_FIXTURE_TO_SOURCE_MATCH,canonical_fixture_to_source_match,CANONICAL_TEAM_SEASON_TO_SOURCE_TEAM,canonical_team_season_to_source_team,EXPLICIT_SOURCE_GRAIN_ROUTE,NOT_YET_PROVEN,ROUTE_IMPLEMENTED,NONE,VERIFIED_SOURCE_MATCH_ROUTE,VERIFIED_TEAM_SEASON_ROUTE,1
FRL_LOCAL_CSV,team_match,team_match,goalAssistOpenplay,unknown,UNCATALOGUED,UNCATALOGUED,unknown,coverage=CORE_DECADE; seasons=10/10,team_fixture,OBSERVATION,canonical_team_season_to_source_team,True,Team-match source statistics attach through the verified team-fixture relationship.,,,CANONICAL_FIXTURE_TO_SOURCE_MATCH,canonical_fixture_to_source_match,CANONICAL_TEAM_SEASON_TO_SOURCE_TEAM,canonical_team_season_to_source_team,EXPLICIT_SOURCE_GRAIN_ROUTE,NOT_YET_PROVEN,ROUTE_IMPLEMENTED,NONE,VERIFIED_SOURCE_MATCH_ROUTE,VERIFIED_TEAM_SEASON_ROUTE,1
FRL_LOCAL_CSV,team_match,team_match,goalAssistSetplay,unknown,UNCATALOGUED,UNCATALOGUED,unknown,coverage=CORE_DECADE; seasons=10/10,team_fixture,OBSERVATION,canonical_team_season_to_source_team,True,Team-match source statistics attach through the verified team-fixture relationship.,,,CANONICAL_FIXTURE_TO_SOURCE_MATCH,canonical_fixture_to_source_match,CANONICAL_TEAM_SEASON_TO_SOURCE_TEAM,canonical_team_season_to_source_team,EXPLICIT_SOURCE_GRAIN_ROUTE,NOT_YET_PROVEN,ROUTE_IMPLEMENTED,NONE,VERIFIED_SOURCE_MATCH_ROUTE,VERIFIED_TEAM_SEASON_ROUTE,1
FRL_LOCAL_CSV,team_match,team_match,goalFastbreak,unknown,UNCATALOGUED,UNCATALOGUED,unknown,coverage=CORE_DECADE; seasons=10/10,team_fixture,OBSERVATION,canonical_team_season_to_source_team,True,Team-match source statistics attach through the verified team-fixture relationship.,,,CANONICAL_FIXTURE_TO_SOURCE_MATCH,canonical_fixture_to_source_match,CANONICAL_TEAM_SEASON_TO_SOURCE_TEAM,canonical_team_season_to_source_team,EXPLICIT_SOURCE_GRAIN_ROUTE,NOT_YET_PROVEN,ROUTE_IMPLEMENTED,NONE,VERIFIED_SOURCE_MATCH_ROUTE,VERIFIED_TEAM_SEASON_ROUTE,1
FRL_LOCAL_CSV,team_match,team_match,goalKicks,unknown,UNCATALOGUED,UNCATALOGUED,unknown,coverage=CORE_DECADE; seasons=10/10,team_fixture,OBSERVATION,canonical_team_season_to_source_team,True,Team-match source statistics attach through the verified team-fixture relationship.,,,CANONICAL_FIXTURE_TO_SOURCE_MATCH,canonical_fixture_to_source_match,CANONICAL_TEAM_SEASON_TO_SOURCE_TEAM,canonical_team_season_to_source_team,EXPLICIT_SOURCE_GRAIN_ROUTE,NOT_YET_PROVEN,ROUTE_IMPLEMENTED,NONE,VERIFIED_SOURCE_MATCH_ROUTE,VERIFIED_TEAM_SEASON_ROUTE,1
FRL_LOCAL_CSV,team_match,team_match,goalsAgainst,unknown,retained,retained,unknown,coverage=CORE_DECADE; seasons=10/10,team_fixture,OBSERVATION,canonical_team_season_to_source_team,True,Team-match source statistics attach through the verified team-fixture relationship.,,,CANONICAL_FIXTURE_TO_SOURCE_MATCH,canonical_fixture_to_source_match,CANONICAL_TEAM_SEASON_TO_SOURCE_TEAM,canonical_team_season_to_source_team,EXPLICIT_SOURCE_GRAIN_ROUTE,NOT_YET_PROVEN,ROUTE_IMPLEMENTED,NONE,VERIFIED_SOURCE_MATCH_ROUTE,VERIFIED_TEAM_SEASON_ROUTE,1
FRL_LOCAL_CSV,team_match,team_match,goalsFor,unknown,retained,retained,unknown,coverage=CORE_DECADE; seasons=10/10,team_fixture,OBSERVATION,canonical_team_season_to_source_team,True,Team-match source statistics attach through the verified team-fixture relationship.,,,CANONICAL_FIXTURE_TO_SOURCE_MATCH,canonical_fixture_to_source_match,CANONICAL_TEAM_SEASON_TO_SOURCE_TEAM,canonical_team_season_to_source_team,EXPLICIT_SOURCE_GRAIN_ROUTE,NOT_YET_PROVEN,ROUTE_IMPLEMENTED,NONE,VERIFIED_SOURCE_MATCH_ROUTE,VERIFIED_TEAM_SEASON_ROUTE,1
FRL_LOCAL_CSV,team_match,team_match,goalsOpenplay,unknown,UNCATALOGUED,UNCATALOGUED,unknown,coverage=CORE_DECADE; seasons=10/10,team_fixture,OBSERVATION,canonical_team_season_to_source_team,True,Team-match source statistics attach through the verified team-fixture relationship.,,,CANONICAL_FIXTURE_TO_SOURCE_MATCH,canonical_fixture_to_source_match,CANONICAL_TEAM_SEASON_TO_SOURCE_TEAM,canonical_team_season_to_source_team,EXPLICIT_SOURCE_GRAIN_ROUTE,NOT_YET_PROVEN,ROUTE_IMPLEMENTED,NONE,VERIFIED_SOURCE_MATCH_ROUTE,VERIFIED_TEAM_SEASON_ROUTE,1
FRL_LOCAL_CSV,team_match,team_match,goodHighClaim,unknown,UNCATALOGUED,UNCATALOGUED,unknown,coverage=CORE_DECADE; seasons=10/10,team_fixture,OBSERVATION,canonical_team_season_to_source_team,True,Team-match source statistics attach through the verified team-fixture relationship.,,,CANONICAL_FIXTURE_TO_SOURCE_MATCH,canonical_fixture_to_source_match,CANONICAL_TEAM_SEASON_TO_SOURCE_TEAM,canonical_team_season_to_source_team,EXPLICIT_SOURCE_GRAIN_ROUTE,NOT_YET_PROVEN,ROUTE_IMPLEMENTED,NONE,VERIFIED_SOURCE_MATCH_ROUTE,VERIFIED_TEAM_SEASON_ROUTE,1
FRL_LOCAL_CSV,team_match,team_match,ground,unknown,retained,retained,unknown,coverage=CORE_DECADE; seasons=10/10,team_fixture,OBSERVATION,canonical_team_season_to_source_team,True,Team-match source statistics attach through the verified team-fixture relationship.,,,CANONICAL_FIXTURE_TO_SOURCE_MATCH,canonical_fixture_to_source_match,CANONICAL_TEAM_SEASON_TO_SOURCE_TEAM,canonical_team_season_to_source_team,EXPLICIT_SOURCE_GRAIN_ROUTE,NOT_YET_PROVEN,ROUTE_IMPLEMENTED,NONE,VERIFIED_SOURCE_MATCH_ROUTE,VERIFIED_TEAM_SEASON_ROUTE,1
FRL_LOCAL_CSV,team_match,team_match,halfTimeAgainst,unknown,retained,retained,unknown,coverage=CORE_DECADE; seasons=10/10,team_fixture,OBSERVATION,canonical_team_season_to_source_team,True,Team-match source statistics attach through the verified team-fixture relationship.,,,CANONICAL_FIXTURE_TO_SOURCE_MATCH,canonical_fixture_to_source_match,CANONICAL_TEAM_SEASON_TO_SOURCE_TEAM,canonical_team_season_to_source_team,EXPLICIT_SOURCE_GRAIN_ROUTE,NOT_YET_PROVEN,ROUTE_IMPLEMENTED,NONE,VERIFIED_SOURCE_MATCH_ROUTE,VERIFIED_TEAM_SEASON_ROUTE,1
FRL_LOCAL_CSV,team_match,team_match,halfTimeFor,unknown,retained,retained,unknown,coverage=CORE_DECADE; seasons=10/10,team_fixture,OBSERVATION,canonical_team_season_to_source_team,True,Team-match source statistics attach through the verified team-fixture relationship.,,,CANONICAL_FIXTURE_TO_SOURCE_MATCH,canonical_fixture_to_source_match,CANONICAL_TEAM_SEASON_TO_SOURCE_TEAM,canonical_team_season_to_source_team,EXPLICIT_SOURCE_GRAIN_ROUTE,NOT_YET_PROVEN,ROUTE_IMPLEMENTED,NONE,VERIFIED_SOURCE_MATCH_ROUTE,VERIFIED_TEAM_SEASON_ROUTE,1
FRL_LOCAL_CSV,team_match,team_match,handBall,unknown,UNCATALOGUED,UNCATALOGUED,unknown,coverage=CORE_DECADE; seasons=10/10,team_fixture,OBSERVATION,canonical_team_season_to_source_team,True,Team-match source statistics attach through the verified team-fixture relationship.,,,CANONICAL_FIXTURE_TO_SOURCE_MATCH,canonical_fixture_to_source_match,CANONICAL_TEAM_SEASON_TO_SOURCE_TEAM,canonical_team_season_to_source_team,EXPLICIT_SOURCE_GRAIN_ROUTE,NOT_YET_PROVEN,ROUTE_IMPLEMENTED,NONE,VERIFIED_SOURCE_MATCH_ROUTE,VERIFIED_TEAM_SEASON_ROUTE,1
FRL_LOCAL_CSV,team_match,team_match,headClearance,unknown,UNCATALOGUED,UNCATALOGUED,unknown,coverage=CORE_DECADE; seasons=10/10,team_fixture,OBSERVATION,canonical_team_season_to_source_team,True,Team-match source statistics attach through the verified team-fixture relationship.,,,CANONICAL_FIXTURE_TO_SOURCE_MATCH,canonical_fixture_to_source_match,CANONICAL_TEAM_SEASON_TO_SOURCE_TEAM,canonical_team_season_to_source_team,EXPLICIT_SOURCE_GRAIN_ROUTE,NOT_YET_PROVEN,ROUTE_IMPLEMENTED,NONE,VERIFIED_SOURCE_MATCH_ROUTE,VERIFIED_TEAM_SEASON_ROUTE,1
FRL_LOCAL_CSV,team_match,team_match,hitWoodwork,unknown,UNCATALOGUED,UNCATALOGUED,unknown,coverage=CORE_DECADE; seasons=10/10,team_fixture,OBSERVATION,canonical_team_season_to_source_team,True,Team-match source statistics attach through the verified team-fixture relationship.,,,CANONICAL_FIXTURE_TO_SOURCE_MATCH,canonical_fixture_to_source_match,CANONICAL_TEAM_SEASON_TO_SOURCE_TEAM,canonical_team_season_to_source_team,EXPLICIT_SOURCE_GRAIN_ROUTE,NOT_YET_PROVEN,ROUTE_IMPLEMENTED,NONE,VERIFIED_SOURCE_MATCH_ROUTE,VERIFIED_TEAM_SEASON_ROUTE,1
FRL_LOCAL_CSV,team_match,team_match,interception,unknown,exposed,exposed,unknown,coverage=CORE_DECADE; seasons=10/10,team_fixture,OBSERVATION,canonical_team_season_to_source_team,True,Team-match source statistics attach through the verified team-fixture relationship.,,,CANONICAL_FIXTURE_TO_SOURCE_MATCH,canonical_fixture_to_source_match,CANONICAL_TEAM_SEASON_TO_SOURCE_TEAM,canonical_team_season_to_source_team,EXPLICIT_SOURCE_GRAIN_ROUTE,NOT_YET_PROVEN,ROUTE_IMPLEMENTED,NONE,VERIFIED_SOURCE_MATCH_ROUTE,VERIFIED_TEAM_SEASON_ROUTE,1
FRL_LOCAL_CSV,team_match,team_match,interceptionWon,unknown,exposed,exposed,unknown,coverage=CORE_DECADE; seasons=10/10,team_fixture,OBSERVATION,canonical_team_season_to_source_team,True,Team-match source statistics attach through the verified team-fixture relationship.,,,CANONICAL_FIXTURE_TO_SOURCE_MATCH,canonical_fixture_to_source_match,CANONICAL_TEAM_SEASON_TO_SOURCE_TEAM,canonical_team_season_to_source_team,EXPLICIT_SOURCE_GRAIN_ROUTE,NOT_YET_PROVEN,ROUTE_IMPLEMENTED,NONE,VERIFIED_SOURCE_MATCH_ROUTE,VERIFIED_TEAM_SEASON_ROUTE,1
FRL_LOCAL_CSV,team_match,team_match,interceptionsInBox,unknown,UNCATALOGUED,UNCATALOGUED,unknown,coverage=CORE_DECADE; seasons=10/10,team_fixture,OBSERVATION,canonical_team_season_to_source_team,True,Team-match source statistics attach through the verified team-fixture relationship.,,,CANONICAL_FIXTURE_TO_SOURCE_MATCH,canonical_fixture_to_source_match,CANONICAL_TEAM_SEASON_TO_SOURCE_TEAM,canonical_team_season_to_source_team,EXPLICIT_SOURCE_GRAIN_ROUTE,NOT_YET_PROVEN,ROUTE_IMPLEMENTED,NONE,VERIFIED_SOURCE_MATCH_ROUTE,VERIFIED_TEAM_SEASON_ROUTE,1
FRL_LOCAL_CSV,team_match,team_match,keeperGoals,unknown,UNCATALOGUED,UNCATALOGUED,unknown,coverage=LONG_RUN; seasons=5/10,team_fixture,OBSERVATION,canonical_team_season_to_source_team,True,Team-match source statistics attach through the verified team-fixture relationship.,,,CANONICAL_FIXTURE_TO_SOURCE_MATCH,canonical_fixture_to_source_match,CANONICAL_TEAM_SEASON_TO_SOURCE_TEAM,canonical_team_season_to_source_team,EXPLICIT_SOURCE_GRAIN_ROUTE,NOT_YET_PROVEN,ROUTE_IMPLEMENTED,NONE,VERIFIED_SOURCE_MATCH_ROUTE,VERIFIED_TEAM_SEASON_ROUTE,1
FRL_LOCAL_CSV,team_match,team_match,keeperThrows,unknown,UNCATALOGUED,UNCATALOGUED,unknown,coverage=CORE_DECADE; seasons=10/10,team_fixture,OBSERVATION,canonical_team_season_to_source_team,True,Team-match source statistics attach through the verified team-fixture relationship.,,,CANONICAL_FIXTURE_TO_SOURCE_MATCH,canonical_fixture_to_source_match,CANONICAL_TEAM_SEASON_TO_SOURCE_TEAM,canonical_team_season_to_source_team,EXPLICIT_SOURCE_GRAIN_ROUTE,NOT_YET_PROVEN,ROUTE_IMPLEMENTED,NONE,VERIFIED_SOURCE_MATCH_ROUTE,VERIFIED_TEAM_SEASON_ROUTE,1
FRL_LOCAL_CSV,team_match,team_match,kickoff,unknown,exposed,exposed,unknown,coverage=CORE_DECADE; seasons=10/10,team_fixture,OBSERVATION,canonical_team_season_to_source_team,True,Team-match source statistics attach through the verified team-fixture relationship.,,,CANONICAL_FIXTURE_TO_SOURCE_MATCH,canonical_fixture_to_source_match,CANONICAL_TEAM_SEASON_TO_SOURCE_TEAM,canonical_team_season_to_source_team,EXPLICIT_SOURCE_GRAIN_ROUTE,NOT_YET_PROVEN,ROUTE_IMPLEMENTED,NONE,VERIFIED_SOURCE_MATCH_ROUTE,VERIFIED_TEAM_SEASON_ROUTE,1
FRL_LOCAL_CSV,team_match,team_match,leftsidePass,unknown,UNCATALOGUED,UNCATALOGUED,unknown,coverage=CORE_DECADE; seasons=10/10,team_fixture,OBSERVATION,canonical_team_season_to_source_team,True,Team-match source statistics attach through the verified team-fixture relationship.,,,CANONICAL_FIXTURE_TO_SOURCE_MATCH,canonical_fixture_to_source_match,CANONICAL_TEAM_SEASON_TO_SOURCE_TEAM,canonical_team_season_to_source_team,EXPLICIT_SOURCE_GRAIN_ROUTE,NOT_YET_PROVEN,ROUTE_IMPLEMENTED,NONE,VERIFIED_SOURCE_MATCH_ROUTE,VERIFIED_TEAM_SEASON_ROUTE,1
FRL_LOCAL_CSV,team_match,team_match,longPassOwnToOpp,unknown,UNCATALOGUED,UNCATALOGUED,unknown,coverage=CORE_DECADE; seasons=10/10,team_fixture,OBSERVATION,canonical_team_season_to_source_team,True,Team-match source statistics attach through the verified team-fixture relationship.,,,CANONICAL_FIXTURE_TO_SOURCE_MATCH,canonical_fixture_to_source_match,CANONICAL_TEAM_SEASON_TO_SOURCE_TEAM,canonical_team_season_to_source_team,EXPLICIT_SOURCE_GRAIN_ROUTE,NOT_YET_PROVEN,ROUTE_IMPLEMENTED,NONE,VERIFIED_SOURCE_MATCH_ROUTE,VERIFIED_TEAM_SEASON_ROUTE,1
FRL_LOCAL_CSV,team_match,team_match,longPassOwnToOppSuccess,unknown,UNCATALOGUED,UNCATALOGUED,unknown,coverage=CORE_DECADE; seasons=10/10,team_fixture,OBSERVATION,canonical_team_season_to_source_team,True,Team-match source statistics attach through the verified team-fixture relationship.,,,CANONICAL_FIXTURE_TO_SOURCE_MATCH,canonical_fixture_to_source_match,CANONICAL_TEAM_SEASON_TO_SOURCE_TEAM,canonical_team_season_to_source_team,EXPLICIT_SOURCE_GRAIN_ROUTE,NOT_YET_PROVEN,ROUTE_IMPLEMENTED,NONE,VERIFIED_SOURCE_MATCH_ROUTE,VERIFIED_TEAM_SEASON_ROUTE,1
FRL_LOCAL_CSV,team_match,team_match,lostCorners,unknown,UNCATALOGUED,UNCATALOGUED,unknown,coverage=CORE_DECADE; seasons=10/10,team_fixture,OBSERVATION,canonical_team_season_to_source_team,True,Team-match source statistics attach through the verified team-fixture relationship.,,,CANONICAL_FIXTURE_TO_SOURCE_MATCH,canonical_fixture_to_source_match,CANONICAL_TEAM_SEASON_TO_SOURCE_TEAM,canonical_team_season_to_source_team,EXPLICIT_SOURCE_GRAIN_ROUTE,NOT_YET_PROVEN,ROUTE_IMPLEMENTED,NONE,VERIFIED_SOURCE_MATCH_ROUTE,VERIFIED_TEAM_SEASON_ROUTE,1
FRL_LOCAL_CSV,team_match,team_match,matchId,unknown,exposed,exposed,unknown,coverage=CORE_DECADE; seasons=10/10,team_fixture,OBSERVATION,canonical_team_season_to_source_team,True,Team-match source statistics attach through the verified team-fixture relationship.,,,CANONICAL_FIXTURE_TO_SOURCE_MATCH,canonical_fixture_to_source_match,CANONICAL_TEAM_SEASON_TO_SOURCE_TEAM,canonical_team_season_to_source_team,EXPLICIT_SOURCE_GRAIN_ROUTE,NOT_YET_PROVEN,ROUTE_IMPLEMENTED,NONE,VERIFIED_SOURCE_MATCH_ROUTE,VERIFIED_TEAM_SEASON_ROUTE,1
FRL_LOCAL_CSV,team_match,team_match,midfielderGoals,unknown,UNCATALOGUED,UNCATALOGUED,unknown,coverage=CORE_DECADE; seasons=10/10,team_fixture,OBSERVATION,canonical_team_season_to_source_team,True,Team-match source statistics attach through the verified team-fixture relationship.,,,CANONICAL_FIXTURE_TO_SOURCE_MATCH,canonical_fixture_to_source_match,CANONICAL_TEAM_SEASON_TO_SOURCE_TEAM,canonical_team_season_to_source_team,EXPLICIT_SOURCE_GRAIN_ROUTE,NOT_YET_PROVEN,ROUTE_IMPLEMENTED,NONE,VERIFIED_SOURCE_MATCH_ROUTE,VERIFIED_TEAM_SEASON_ROUTE,1
FRL_LOCAL_CSV,team_match,team_match,offtargetAttAssist,unknown,UNCATALOGUED,UNCATALOGUED,unknown,coverage=CORE_DECADE; seasons=10/10,team_fixture,OBSERVATION,canonical_team_season_to_source_team,True,Team-match source statistics attach through the verified team-fixture relationship.,,,CANONICAL_FIXTURE_TO_SOURCE_MATCH,canonical_fixture_to_source_match,CANONICAL_TEAM_SEASON_TO_SOURCE_TEAM,canonical_team_season_to_source_team,EXPLICIT_SOURCE_GRAIN_ROUTE,NOT_YET_PROVEN,ROUTE_IMPLEMENTED,NONE,VERIFIED_SOURCE_MATCH_ROUTE,VERIFIED_TEAM_SEASON_ROUTE,1
FRL_LOCAL_CSV,team_match,team_match,ontargetAttAssist,unknown,UNCATALOGUED,UNCATALOGUED,unknown,coverage=CORE_DECADE; seasons=10/10,team_fixture,OBSERVATION,canonical_team_season_to_source_team,True,Team-match source statistics attach through the verified team-fixture relationship.,,,CANONICAL_FIXTURE_TO_SOURCE_MATCH,canonical_fixture_to_source_match,CANONICAL_TEAM_SEASON_TO_SOURCE_TEAM,canonical_team_season_to_source_team,EXPLICIT_SOURCE_GRAIN_ROUTE,NOT_YET_PROVEN,ROUTE_IMPLEMENTED,NONE,VERIFIED_SOURCE_MATCH_ROUTE,VERIFIED_TEAM_SEASON_ROUTE,1
FRL_LOCAL_CSV,team_match,team_match,ontargetScoringAtt,unknown,exposed,exposed,unknown,coverage=CORE_DECADE; seasons=10/10,team_fixture,OBSERVATION,canonical_team_season_to_source_team,True,Team-match source statistics attach through the verified team-fixture relationship.,,,CANONICAL_FIXTURE_TO_SOURCE_MATCH,canonical_fixture_to_source_match,CANONICAL_TEAM_SEASON_TO_SOURCE_TEAM,canonical_team_season_to_source_team,EXPLICIT_SOURCE_GRAIN_ROUTE,NOT_YET_PROVEN,ROUTE_IMPLEMENTED,NONE,VERIFIED_SOURCE_MATCH_ROUTE,VERIFIED_TEAM_SEASON_ROUTE,1
FRL_LOCAL_CSV,team_match,team_match,openPlayPass,unknown,UNCATALOGUED,UNCATALOGUED,unknown,coverage=CORE_DECADE; seasons=10/10,team_fixture,OBSERVATION,canonical_team_season_to_source_team,True,Team-match source statistics attach through the verified team-fixture relationship.,,,CANONICAL_FIXTURE_TO_SOURCE_MATCH,canonical_fixture_to_source_match,CANONICAL_TEAM_SEASON_TO_SOURCE_TEAM,canonical_team_season_to_source_team,EXPLICIT_SOURCE_GRAIN_ROUTE,NOT_YET_PROVEN,ROUTE_IMPLEMENTED,NONE,VERIFIED_SOURCE_MATCH_ROUTE,VERIFIED_TEAM_SEASON_ROUTE,1
FRL_LOCAL_CSV,team_match,team_match,opponent,unknown,exposed,exposed,unknown,coverage=CORE_DECADE; seasons=10/10,team_fixture,OBSERVATION,canonical_team_season_to_source_team,True,Team-match source statistics attach through the verified team-fixture relationship.,,,CANONICAL_FIXTURE_TO_SOURCE_MATCH,canonical_fixture_to_source_match,CANONICAL_TEAM_SEASON_TO_SOURCE_TEAM,canonical_team_season_to_source_team,EXPLICIT_SOURCE_GRAIN_ROUTE,NOT_YET_PROVEN,ROUTE_IMPLEMENTED,NONE,VERIFIED_SOURCE_MATCH_ROUTE,VERIFIED_TEAM_SEASON_ROUTE,1
FRL_LOCAL_CSV,team_match,team_match,opponent_id,unknown,exposed,exposed,unknown,coverage=CORE_DECADE; seasons=10/10,team_fixture,OBSERVATION,canonical_team_season_to_source_team,True,Team-match source statistics attach through the verified team-fixture relationship.,,,CANONICAL_FIXTURE_TO_SOURCE_MATCH,canonical_fixture_to_source_match,CANONICAL_TEAM_SEASON_TO_SOURCE_TEAM,canonical_team_season_to_source_team,EXPLICIT_SOURCE_GRAIN_ROUTE,NOT_YET_PROVEN,ROUTE_IMPLEMENTED,NONE,VERIFIED_SOURCE_MATCH_ROUTE,VERIFIED_TEAM_SEASON_ROUTE,1
FRL_LOCAL_CSV,team_match,team_match,outfielderBlock,unknown,UNCATALOGUED,UNCATALOGUED,unknown,coverage=CORE_DECADE; seasons=10/10,team_fixture,OBSERVATION,canonical_team_season_to_source_team,True,Team-match source statistics attach through the verified team-fixture relationship.,,,CANONICAL_FIXTURE_TO_SOURCE_MATCH,canonical_fixture_to_source_match,CANONICAL_TEAM_SEASON_TO_SOURCE_TEAM,canonical_team_season_to_source_team,EXPLICIT_SOURCE_GRAIN_ROUTE,NOT_YET_PROVEN,ROUTE_IMPLEMENTED,NONE,VERIFIED_SOURCE_MATCH_ROUTE,VERIFIED_TEAM_SEASON_ROUTE,1
FRL_LOCAL_CSV,team_match,team_match,overrun,unknown,UNCATALOGUED,UNCATALOGUED,unknown,coverage=CORE_DECADE; seasons=10/10,team_fixture,OBSERVATION,canonical_team_season_to_source_team,True,Team-match source statistics attach through the verified team-fixture relationship.,,,CANONICAL_FIXTURE_TO_SOURCE_MATCH,canonical_fixture_to_source_match,CANONICAL_TEAM_SEASON_TO_SOURCE_TEAM,canonical_team_season_to_source_team,EXPLICIT_SOURCE_GRAIN_ROUTE,NOT_YET_PROVEN,ROUTE_IMPLEMENTED,NONE,VERIFIED_SOURCE_MATCH_ROUTE,VERIFIED_TEAM_SEASON_ROUTE,1
FRL_LOCAL_CSV,team_match,team_match,ownGoals,unknown,UNCATALOGUED,UNCATALOGUED,unknown,coverage=CORE_DECADE; seasons=10/10,team_fixture,OBSERVATION,canonical_team_season_to_source_team,True,Team-match source statistics attach through the verified team-fixture relationship.,,,CANONICAL_FIXTURE_TO_SOURCE_MATCH,canonical_fixture_to_source_match,CANONICAL_TEAM_SEASON_TO_SOURCE_TEAM,canonical_team_season_to_source_team,EXPLICIT_SOURCE_GRAIN_ROUTE,NOT_YET_PROVEN,ROUTE_IMPLEMENTED,NONE,VERIFIED_SOURCE_MATCH_ROUTE,VERIFIED_TEAM_SEASON_ROUTE,1
FRL_LOCAL_CSV,team_match,team_match,passesLeft,unknown,UNCATALOGUED,UNCATALOGUED,unknown,coverage=CORE_DECADE; seasons=10/10,team_fixture,OBSERVATION,canonical_team_season_to_source_team,True,Team-match source statistics attach through the verified team-fixture relationship.,,,CANONICAL_FIXTURE_TO_SOURCE_MATCH,canonical_fixture_to_source_match,CANONICAL_TEAM_SEASON_TO_SOURCE_TEAM,canonical_team_season_to_source_team,EXPLICIT_SOURCE_GRAIN_ROUTE,NOT_YET_PROVEN,ROUTE_IMPLEMENTED,NONE,VERIFIED_SOURCE_MATCH_ROUTE,VERIFIED_TEAM_SEASON_ROUTE,1
FRL_LOCAL_CSV,team_match,team_match,passesRight,unknown,UNCATALOGUED,UNCATALOGUED,unknown,coverage=CORE_DECADE; seasons=10/10,team_fixture,OBSERVATION,canonical_team_season_to_source_team,True,Team-match source statistics attach through the verified team-fixture relationship.,,,CANONICAL_FIXTURE_TO_SOURCE_MATCH,canonical_fixture_to_source_match,CANONICAL_TEAM_SEASON_TO_SOURCE_TEAM,canonical_team_season_to_source_team,EXPLICIT_SOURCE_GRAIN_ROUTE,NOT_YET_PROVEN,ROUTE_IMPLEMENTED,NONE,VERIFIED_SOURCE_MATCH_ROUTE,VERIFIED_TEAM_SEASON_ROUTE,1
FRL_LOCAL_CSV,team_match,team_match,penAreaEntries,unknown,UNCATALOGUED,UNCATALOGUED,unknown,coverage=CORE_DECADE; seasons=10/10,team_fixture,OBSERVATION,canonical_team_season_to_source_team,True,Team-match source statistics attach through the verified team-fixture relationship.,,,CANONICAL_FIXTURE_TO_SOURCE_MATCH,canonical_fixture_to_source_match,CANONICAL_TEAM_SEASON_TO_SOURCE_TEAM,canonical_team_season_to_source_team,EXPLICIT_SOURCE_GRAIN_ROUTE,NOT_YET_PROVEN,ROUTE_IMPLEMENTED,NONE,VERIFIED_SOURCE_MATCH_ROUTE,VERIFIED_TEAM_SEASON_ROUTE,1
FRL_LOCAL_CSV,team_match,team_match,penGoalsConceded,unknown,UNCATALOGUED,UNCATALOGUED,unknown,coverage=CORE_DECADE; seasons=10/10,team_fixture,OBSERVATION,canonical_team_season_to_source_team,True,Team-match source statistics attach through the verified team-fixture relationship.,,,CANONICAL_FIXTURE_TO_SOURCE_MATCH,canonical_fixture_to_source_match,CANONICAL_TEAM_SEASON_TO_SOURCE_TEAM,canonical_team_season_to_source_team,EXPLICIT_SOURCE_GRAIN_ROUTE,NOT_YET_PROVEN,ROUTE_IMPLEMENTED,NONE,VERIFIED_SOURCE_MATCH_ROUTE,VERIFIED_TEAM_SEASON_ROUTE,1
FRL_LOCAL_CSV,team_match,team_match,penaltyConceded,unknown,UNCATALOGUED,UNCATALOGUED,unknown,coverage=CORE_DECADE; seasons=10/10,team_fixture,OBSERVATION,canonical_team_season_to_source_team,True,Team-match source statistics attach through the verified team-fixture relationship.,,,CANONICAL_FIXTURE_TO_SOURCE_MATCH,canonical_fixture_to_source_match,CANONICAL_TEAM_SEASON_TO_SOURCE_TEAM,canonical_team_season_to_source_team,EXPLICIT_SOURCE_GRAIN_ROUTE,NOT_YET_PROVEN,ROUTE_IMPLEMENTED,NONE,VERIFIED_SOURCE_MATCH_ROUTE,VERIFIED_TEAM_SEASON_ROUTE,1
FRL_LOCAL_CSV,team_match,team_match,penaltyFaced,unknown,UNCATALOGUED,UNCATALOGUED,unknown,coverage=CORE_DECADE; seasons=10/10,team_fixture,OBSERVATION,canonical_team_season_to_source_team,True,Team-match source statistics attach through the verified team-fixture relationship.,,,CANONICAL_FIXTURE_TO_SOURCE_MATCH,canonical_fixture_to_source_match,CANONICAL_TEAM_SEASON_TO_SOURCE_TEAM,canonical_team_season_to_source_team,EXPLICIT_SOURCE_GRAIN_ROUTE,NOT_YET_PROVEN,ROUTE_IMPLEMENTED,NONE,VERIFIED_SOURCE_MATCH_ROUTE,VERIFIED_TEAM_SEASON_ROUTE,1
FRL_LOCAL_CSV,team_match,team_match,penaltySave,unknown,UNCATALOGUED,UNCATALOGUED,unknown,coverage=CORE_DECADE; seasons=10/10,team_fixture,OBSERVATION,canonical_team_season_to_source_team,True,Team-match source statistics attach through the verified team-fixture relationship.,,,CANONICAL_FIXTURE_TO_SOURCE_MATCH,canonical_fixture_to_source_match,CANONICAL_TEAM_SEASON_TO_SOURCE_TEAM,canonical_team_season_to_source_team,EXPLICIT_SOURCE_GRAIN_ROUTE,NOT_YET_PROVEN,ROUTE_IMPLEMENTED,NONE,VERIFIED_SOURCE_MATCH_ROUTE,VERIFIED_TEAM_SEASON_ROUTE,1
FRL_LOCAL_CSV,team_match,team_match,penaltyWon,unknown,UNCATALOGUED,UNCATALOGUED,unknown,coverage=CORE_DECADE; seasons=10/10,team_fixture,OBSERVATION,canonical_team_season_to_source_team,True,Team-match source statistics attach through the verified team-fixture relationship.,,,CANONICAL_FIXTURE_TO_SOURCE_MATCH,canonical_fixture_to_source_match,CANONICAL_TEAM_SEASON_TO_SOURCE_TEAM,canonical_team_season_to_source_team,EXPLICIT_SOURCE_GRAIN_ROUTE,NOT_YET_PROVEN,ROUTE_IMPLEMENTED,NONE,VERIFIED_SOURCE_MATCH_ROUTE,VERIFIED_TEAM_SEASON_ROUTE,1
FRL_LOCAL_CSV,team_match,team_match,possLostAll,unknown,UNCATALOGUED,UNCATALOGUED,unknown,coverage=CORE_DECADE; seasons=10/10,team_fixture,OBSERVATION,canonical_team_season_to_source_team,True,Team-match source statistics attach through the verified team-fixture relationship.,,,CANONICAL_FIXTURE_TO_SOURCE_MATCH,canonical_fixture_to_source_match,CANONICAL_TEAM_SEASON_TO_SOURCE_TEAM,canonical_team_season_to_source_team,EXPLICIT_SOURCE_GRAIN_ROUTE,NOT_YET_PROVEN,ROUTE_IMPLEMENTED,NONE,VERIFIED_SOURCE_MATCH_ROUTE,VERIFIED_TEAM_SEASON_ROUTE,1
FRL_LOCAL_CSV,team_match,team_match,possLostCtrl,unknown,UNCATALOGUED,UNCATALOGUED,unknown,coverage=CORE_DECADE; seasons=10/10,team_fixture,OBSERVATION,canonical_team_season_to_source_team,True,Team-match source statistics attach through the verified team-fixture relationship.,,,CANONICAL_FIXTURE_TO_SOURCE_MATCH,canonical_fixture_to_source_match,CANONICAL_TEAM_SEASON_TO_SOURCE_TEAM,canonical_team_season_to_source_team,EXPLICIT_SOURCE_GRAIN_ROUTE,NOT_YET_PROVEN,ROUTE_IMPLEMENTED,NONE,VERIFIED_SOURCE_MATCH_ROUTE,VERIFIED_TEAM_SEASON_ROUTE,1
FRL_LOCAL_CSV,team_match,team_match,possWonAtt3rd,unknown,UNCATALOGUED,UNCATALOGUED,unknown,coverage=CORE_DECADE; seasons=10/10,team_fixture,OBSERVATION,canonical_team_season_to_source_team,True,Team-match source statistics attach through the verified team-fixture relationship.,,,CANONICAL_FIXTURE_TO_SOURCE_MATCH,canonical_fixture_to_source_match,CANONICAL_TEAM_SEASON_TO_SOURCE_TEAM,canonical_team_season_to_source_team,EXPLICIT_SOURCE_GRAIN_ROUTE,NOT_YET_PROVEN,ROUTE_IMPLEMENTED,NONE,VERIFIED_SOURCE_MATCH_ROUTE,VERIFIED_TEAM_SEASON_ROUTE,1
FRL_LOCAL_CSV,team_match,team_match,possWonDef3rd,unknown,UNCATALOGUED,UNCATALOGUED,unknown,coverage=CORE_DECADE; seasons=10/10,team_fixture,OBSERVATION,canonical_team_season_to_source_team,True,Team-match source statistics attach through the verified team-fixture relationship.,,,CANONICAL_FIXTURE_TO_SOURCE_MATCH,canonical_fixture_to_source_match,CANONICAL_TEAM_SEASON_TO_SOURCE_TEAM,canonical_team_season_to_source_team,EXPLICIT_SOURCE_GRAIN_ROUTE,NOT_YET_PROVEN,ROUTE_IMPLEMENTED,NONE,VERIFIED_SOURCE_MATCH_ROUTE,VERIFIED_TEAM_SEASON_ROUTE,1
FRL_LOCAL_CSV,team_match,team_match,possWonMid3rd,unknown,UNCATALOGUED,UNCATALOGUED,unknown,coverage=CORE_DECADE; seasons=10/10,team_fixture,OBSERVATION,canonical_team_season_to_source_team,True,Team-match source statistics attach through the verified team-fixture relationship.,,,CANONICAL_FIXTURE_TO_SOURCE_MATCH,canonical_fixture_to_source_match,CANONICAL_TEAM_SEASON_TO_SOURCE_TEAM,canonical_team_season_to_source_team,EXPLICIT_SOURCE_GRAIN_ROUTE,NOT_YET_PROVEN,ROUTE_IMPLEMENTED,NONE,VERIFIED_SOURCE_MATCH_ROUTE,VERIFIED_TEAM_SEASON_ROUTE,1
FRL_LOCAL_CSV,team_match,team_match,possessionPercentage,unknown,exposed,exposed,unknown,coverage=CORE_DECADE; seasons=10/10,team_fixture,OBSERVATION,canonical_team_season_to_source_team,True,Team-match source statistics attach through the verified team-fixture relationship.,,,CANONICAL_FIXTURE_TO_SOURCE_MATCH,canonical_fixture_to_source_match,CANONICAL_TEAM_SEASON_TO_SOURCE_TEAM,canonical_team_season_to_source_team,EXPLICIT_SOURCE_GRAIN_ROUTE,NOT_YET_PROVEN,ROUTE_IMPLEMENTED,NONE,VERIFIED_SOURCE_MATCH_ROUTE,VERIFIED_TEAM_SEASON_ROUTE,1
FRL_LOCAL_CSV,team_match,team_match,postScoringAtt,unknown,UNCATALOGUED,UNCATALOGUED,unknown,coverage=CORE_DECADE; seasons=10/10,team_fixture,OBSERVATION,canonical_team_season_to_source_team,True,Team-match source statistics attach through the verified team-fixture relationship.,,,CANONICAL_FIXTURE_TO_SOURCE_MATCH,canonical_fixture_to_source_match,CANONICAL_TEAM_SEASON_TO_SOURCE_TEAM,canonical_team_season_to_source_team,EXPLICIT_SOURCE_GRAIN_ROUTE,NOT_YET_PROVEN,ROUTE_IMPLEMENTED,NONE,VERIFIED_SOURCE_MATCH_ROUTE,VERIFIED_TEAM_SEASON_ROUTE,1
FRL_LOCAL_CSV,team_match,team_match,ptsDroppedWinningPos,unknown,UNCATALOGUED,UNCATALOGUED,unknown,coverage=CORE_DECADE; seasons=10/10,team_fixture,OBSERVATION,canonical_team_season_to_source_team,True,Team-match source statistics attach through the verified team-fixture relationship.,,,CANONICAL_FIXTURE_TO_SOURCE_MATCH,canonical_fixture_to_source_match,CANONICAL_TEAM_SEASON_TO_SOURCE_TEAM,canonical_team_season_to_source_team,EXPLICIT_SOURCE_GRAIN_ROUTE,NOT_YET_PROVEN,ROUTE_IMPLEMENTED,NONE,VERIFIED_SOURCE_MATCH_ROUTE,VERIFIED_TEAM_SEASON_ROUTE,1
FRL_LOCAL_CSV,team_match,team_match,ptsGainedLosingPos,unknown,UNCATALOGUED,UNCATALOGUED,unknown,coverage=CORE_DECADE; seasons=10/10,team_fixture,OBSERVATION,canonical_team_season_to_source_team,True,Team-match source statistics attach through the verified team-fixture relationship.,,,CANONICAL_FIXTURE_TO_SOURCE_MATCH,canonical_fixture_to_source_match,CANONICAL_TEAM_SEASON_TO_SOURCE_TEAM,canonical_team_season_to_source_team,EXPLICIT_SOURCE_GRAIN_ROUTE,NOT_YET_PROVEN,ROUTE_IMPLEMENTED,NONE,VERIFIED_SOURCE_MATCH_ROUTE,VERIFIED_TEAM_SEASON_ROUTE,1
FRL_LOCAL_CSV,team_match,team_match,punches,unknown,UNCATALOGUED,UNCATALOGUED,unknown,coverage=CORE_DECADE; seasons=10/10,team_fixture,OBSERVATION,canonical_team_season_to_source_team,True,Team-match source statistics attach through the verified team-fixture relationship.,,,CANONICAL_FIXTURE_TO_SOURCE_MATCH,canonical_fixture_to_source_match,CANONICAL_TEAM_SEASON_TO_SOURCE_TEAM,canonical_team_season_to_source_team,EXPLICIT_SOURCE_GRAIN_ROUTE,NOT_YET_PROVEN,ROUTE_IMPLEMENTED,NONE,VERIFIED_SOURCE_MATCH_ROUTE,VERIFIED_TEAM_SEASON_ROUTE,1
FRL_LOCAL_CSV,team_match,team_match,putThrough,unknown,UNCATALOGUED,UNCATALOGUED,unknown,coverage=CORE_DECADE; seasons=10/10,team_fixture,OBSERVATION,canonical_team_season_to_source_team,True,Team-match source statistics attach through the verified team-fixture relationship.,,,CANONICAL_FIXTURE_TO_SOURCE_MATCH,canonical_fixture_to_source_match,CANONICAL_TEAM_SEASON_TO_SOURCE_TEAM,canonical_team_season_to_source_team,EXPLICIT_SOURCE_GRAIN_ROUTE,NOT_YET_PROVEN,ROUTE_IMPLEMENTED,NONE,VERIFIED_SOURCE_MATCH_ROUTE,VERIFIED_TEAM_SEASON_ROUTE,1
FRL_LOCAL_CSV,team_match,team_match,redCard,unknown,UNCATALOGUED,UNCATALOGUED,unknown,coverage=CORE_DECADE; seasons=10/10,team_fixture,OBSERVATION,canonical_team_season_to_source_team,True,Team-match source statistics attach through the verified team-fixture relationship.,,,CANONICAL_FIXTURE_TO_SOURCE_MATCH,canonical_fixture_to_source_match,CANONICAL_TEAM_SEASON_TO_SOURCE_TEAM,canonical_team_season_to_source_team,EXPLICIT_SOURCE_GRAIN_ROUTE,NOT_YET_PROVEN,ROUTE_IMPLEMENTED,NONE,VERIFIED_SOURCE_MATCH_ROUTE,VERIFIED_TEAM_SEASON_ROUTE,1
FRL_LOCAL_CSV,team_match,team_match,redCardsAgainst,unknown,UNCATALOGUED,UNCATALOGUED,unknown,coverage=CORE_DECADE; seasons=10/10,team_fixture,OBSERVATION,canonical_team_season_to_source_team,True,Team-match source statistics attach through the verified team-fixture relationship.,,,CANONICAL_FIXTURE_TO_SOURCE_MATCH,canonical_fixture_to_source_match,CANONICAL_TEAM_SEASON_TO_SOURCE_TEAM,canonical_team_season_to_source_team,EXPLICIT_SOURCE_GRAIN_ROUTE,NOT_YET_PROVEN,ROUTE_IMPLEMENTED,NONE,VERIFIED_SOURCE_MATCH_ROUTE,VERIFIED_TEAM_SEASON_ROUTE,1
FRL_LOCAL_CSV,team_match,team_match,redCardsFor,unknown,UNCATALOGUED,UNCATALOGUED,unknown,coverage=CORE_DECADE; seasons=10/10,team_fixture,OBSERVATION,canonical_team_season_to_source_team,True,Team-match source statistics attach through the verified team-fixture relationship.,,,CANONICAL_FIXTURE_TO_SOURCE_MATCH,canonical_fixture_to_source_match,CANONICAL_TEAM_SEASON_TO_SOURCE_TEAM,canonical_team_season_to_source_team,EXPLICIT_SOURCE_GRAIN_ROUTE,NOT_YET_PROVEN,ROUTE_IMPLEMENTED,NONE,VERIFIED_SOURCE_MATCH_ROUTE,VERIFIED_TEAM_SEASON_ROUTE,1
FRL_LOCAL_CSV,team_match,team_match,rescindedRedCard,unknown,UNCATALOGUED,UNCATALOGUED,unknown,coverage=INTERMITTENT; seasons=2/10,team_fixture,OBSERVATION,canonical_team_season_to_source_team,True,Team-match source statistics attach through the verified team-fixture relationship.,,,CANONICAL_FIXTURE_TO_SOURCE_MATCH,canonical_fixture_to_source_match,CANONICAL_TEAM_SEASON_TO_SOURCE_TEAM,canonical_team_season_to_source_team,EXPLICIT_SOURCE_GRAIN_ROUTE,NOT_YET_PROVEN,ROUTE_IMPLEMENTED,NONE,VERIFIED_SOURCE_MATCH_ROUTE,VERIFIED_TEAM_SEASON_ROUTE,1
FRL_LOCAL_CSV,team_match,team_match,result,unknown,retained,retained,unknown,coverage=CORE_DECADE; seasons=10/10,team_fixture,OBSERVATION,canonical_team_season_to_source_team,True,Team-match source statistics attach through the verified team-fixture relationship.,,,CANONICAL_FIXTURE_TO_SOURCE_MATCH,canonical_fixture_to_source_match,CANONICAL_TEAM_SEASON_TO_SOURCE_TEAM,canonical_team_season_to_source_team,EXPLICIT_SOURCE_GRAIN_ROUTE,NOT_YET_PROVEN,ROUTE_IMPLEMENTED,NONE,VERIFIED_SOURCE_MATCH_ROUTE,VERIFIED_TEAM_SEASON_ROUTE,1
FRL_LOCAL_CSV,team_match,team_match,rightsidePass,unknown,UNCATALOGUED,UNCATALOGUED,unknown,coverage=CORE_DECADE; seasons=10/10,team_fixture,OBSERVATION,canonical_team_season_to_source_team,True,Team-match source statistics attach through the verified team-fixture relationship.,,,CANONICAL_FIXTURE_TO_SOURCE_MATCH,canonical_fixture_to_source_match,CANONICAL_TEAM_SEASON_TO_SOURCE_TEAM,canonical_team_season_to_source_team,EXPLICIT_SOURCE_GRAIN_ROUTE,NOT_YET_PROVEN,ROUTE_IMPLEMENTED,NONE,VERIFIED_SOURCE_MATCH_ROUTE,VERIFIED_TEAM_SEASON_ROUTE,1
FRL_LOCAL_CSV,team_match,team_match,savedIbox,unknown,UNCATALOGUED,UNCATALOGUED,unknown,coverage=CORE_DECADE; seasons=10/10,team_fixture,OBSERVATION,canonical_team_season_to_source_team,True,Team-match source statistics attach through the verified team-fixture relationship.,,,CANONICAL_FIXTURE_TO_SOURCE_MATCH,canonical_fixture_to_source_match,CANONICAL_TEAM_SEASON_TO_SOURCE_TEAM,canonical_team_season_to_source_team,EXPLICIT_SOURCE_GRAIN_ROUTE,NOT_YET_PROVEN,ROUTE_IMPLEMENTED,NONE,VERIFIED_SOURCE_MATCH_ROUTE,VERIFIED_TEAM_SEASON_ROUTE,1
FRL_LOCAL_CSV,team_match,team_match,savedObox,unknown,UNCATALOGUED,UNCATALOGUED,unknown,coverage=CORE_DECADE; seasons=10/10,team_fixture,OBSERVATION,canonical_team_season_to_source_team,True,Team-match source statistics attach through the verified team-fixture relationship.,,,CANONICAL_FIXTURE_TO_SOURCE_MATCH,canonical_fixture_to_source_match,CANONICAL_TEAM_SEASON_TO_SOURCE_TEAM,canonical_team_season_to_source_team,EXPLICIT_SOURCE_GRAIN_ROUTE,NOT_YET_PROVEN,ROUTE_IMPLEMENTED,NONE,VERIFIED_SOURCE_MATCH_ROUTE,VERIFIED_TEAM_SEASON_ROUTE,1
FRL_LOCAL_CSV,team_match,team_match,saves,unknown,exposed,exposed,unknown,coverage=CORE_DECADE; seasons=10/10,team_fixture,OBSERVATION,canonical_team_season_to_source_team,True,Team-match source statistics attach through the verified team-fixture relationship.,,,CANONICAL_FIXTURE_TO_SOURCE_MATCH,canonical_fixture_to_source_match,CANONICAL_TEAM_SEASON_TO_SOURCE_TEAM,canonical_team_season_to_source_team,EXPLICIT_SOURCE_GRAIN_ROUTE,NOT_YET_PROVEN,ROUTE_IMPLEMENTED,NONE,VERIFIED_SOURCE_MATCH_ROUTE,VERIFIED_TEAM_SEASON_ROUTE,1
FRL_LOCAL_CSV,team_match,team_match,secondYellow,unknown,UNCATALOGUED,UNCATALOGUED,unknown,coverage=CORE_DECADE; seasons=10/10,team_fixture,OBSERVATION,canonical_team_season_to_source_team,True,Team-match source statistics attach through the verified team-fixture relationship.,,,CANONICAL_FIXTURE_TO_SOURCE_MATCH,canonical_fixture_to_source_match,CANONICAL_TEAM_SEASON_TO_SOURCE_TEAM,canonical_team_season_to_source_team,EXPLICIT_SOURCE_GRAIN_ROUTE,NOT_YET_PROVEN,ROUTE_IMPLEMENTED,NONE,VERIFIED_SOURCE_MATCH_ROUTE,VERIFIED_TEAM_SEASON_ROUTE,1
FRL_LOCAL_CSV,team_match,team_match,shieldBallOop,unknown,UNCATALOGUED,UNCATALOGUED,unknown,coverage=CORE_DECADE; seasons=10/10,team_fixture,OBSERVATION,canonical_team_season_to_source_team,True,Team-match source statistics attach through the verified team-fixture relationship.,,,CANONICAL_FIXTURE_TO_SOURCE_MATCH,canonical_fixture_to_source_match,CANONICAL_TEAM_SEASON_TO_SOURCE_TEAM,canonical_team_season_to_source_team,EXPLICIT_SOURCE_GRAIN_ROUTE,NOT_YET_PROVEN,ROUTE_IMPLEMENTED,NONE,VERIFIED_SOURCE_MATCH_ROUTE,VERIFIED_TEAM_SEASON_ROUTE,1
FRL_LOCAL_CSV,team_match,team_match,shotFastbreak,unknown,UNCATALOGUED,UNCATALOGUED,unknown,coverage=CORE_DECADE; seasons=10/10,team_fixture,OBSERVATION,canonical_team_season_to_source_team,True,Team-match source statistics attach through the verified team-fixture relationship.,,,CANONICAL_FIXTURE_TO_SOURCE_MATCH,canonical_fixture_to_source_match,CANONICAL_TEAM_SEASON_TO_SOURCE_TEAM,canonical_team_season_to_source_team,EXPLICIT_SOURCE_GRAIN_ROUTE,NOT_YET_PROVEN,ROUTE_IMPLEMENTED,NONE,VERIFIED_SOURCE_MATCH_ROUTE,VERIFIED_TEAM_SEASON_ROUTE,1
FRL_LOCAL_CSV,team_match,team_match,shotOffTarget,unknown,exposed,exposed,unknown,coverage=CORE_DECADE; seasons=10/10,team_fixture,OBSERVATION,canonical_team_season_to_source_team,True,Team-match source statistics attach through the verified team-fixture relationship.,,,CANONICAL_FIXTURE_TO_SOURCE_MATCH,canonical_fixture_to_source_match,CANONICAL_TEAM_SEASON_TO_SOURCE_TEAM,canonical_team_season_to_source_team,EXPLICIT_SOURCE_GRAIN_ROUTE,NOT_YET_PROVEN,ROUTE_IMPLEMENTED,NONE,VERIFIED_SOURCE_MATCH_ROUTE,VERIFIED_TEAM_SEASON_ROUTE,1
FRL_LOCAL_CSV,team_match,team_match,sixYardBlock,unknown,UNCATALOGUED,UNCATALOGUED,unknown,coverage=CORE_DECADE; seasons=10/10,team_fixture,OBSERVATION,canonical_team_season_to_source_team,True,Team-match source statistics attach through the verified team-fixture relationship.,,,CANONICAL_FIXTURE_TO_SOURCE_MATCH,canonical_fixture_to_source_match,CANONICAL_TEAM_SEASON_TO_SOURCE_TEAM,canonical_team_season_to_source_team,EXPLICIT_SOURCE_GRAIN_ROUTE,NOT_YET_PROVEN,ROUTE_IMPLEMENTED,NONE,VERIFIED_SOURCE_MATCH_ROUTE,VERIFIED_TEAM_SEASON_ROUTE,1
FRL_LOCAL_CSV,team_match,team_match,subsGoals,unknown,UNCATALOGUED,UNCATALOGUED,unknown,coverage=LONG_RUN; seasons=8/10,team_fixture,OBSERVATION,canonical_team_season_to_source_team,True,Team-match source statistics attach through the verified team-fixture relationship.,,,CANONICAL_FIXTURE_TO_SOURCE_MATCH,canonical_fixture_to_source_match,CANONICAL_TEAM_SEASON_TO_SOURCE_TEAM,canonical_team_season_to_source_team,EXPLICIT_SOURCE_GRAIN_ROUTE,NOT_YET_PROVEN,ROUTE_IMPLEMENTED,NONE,VERIFIED_SOURCE_MATCH_ROUTE,VERIFIED_TEAM_SEASON_ROUTE,1
FRL_LOCAL_CSV,team_match,team_match,subsMade,unknown,UNCATALOGUED,UNCATALOGUED,unknown,coverage=CORE_DECADE; seasons=10/10,team_fixture,OBSERVATION,canonical_team_season_to_source_team,True,Team-match source statistics attach through the verified team-fixture relationship.,,,CANONICAL_FIXTURE_TO_SOURCE_MATCH,canonical_fixture_to_source_match,CANONICAL_TEAM_SEASON_TO_SOURCE_TEAM,canonical_team_season_to_source_team,EXPLICIT_SOURCE_GRAIN_ROUTE,NOT_YET_PROVEN,ROUTE_IMPLEMENTED,NONE,VERIFIED_SOURCE_MATCH_ROUTE,VERIFIED_TEAM_SEASON_ROUTE,1
FRL_LOCAL_CSV,team_match,team_match,successfulFiftyFifty,unknown,UNCATALOGUED,UNCATALOGUED,unknown,coverage=INTERMITTENT; seasons=3/10,team_fixture,OBSERVATION,canonical_team_season_to_source_team,True,Team-match source statistics attach through the verified team-fixture relationship.,,,CANONICAL_FIXTURE_TO_SOURCE_MATCH,canonical_fixture_to_source_match,CANONICAL_TEAM_SEASON_TO_SOURCE_TEAM,canonical_team_season_to_source_team,EXPLICIT_SOURCE_GRAIN_ROUTE,NOT_YET_PROVEN,ROUTE_IMPLEMENTED,NONE,VERIFIED_SOURCE_MATCH_ROUTE,VERIFIED_TEAM_SEASON_ROUTE,1
FRL_LOCAL_CSV,team_match,team_match,successfulFinalThirdPasses,unknown,UNCATALOGUED,UNCATALOGUED,unknown,coverage=CORE_DECADE; seasons=10/10,team_fixture,OBSERVATION,canonical_team_season_to_source_team,True,Team-match source statistics attach through the verified team-fixture relationship.,,,CANONICAL_FIXTURE_TO_SOURCE_MATCH,canonical_fixture_to_source_match,CANONICAL_TEAM_SEASON_TO_SOURCE_TEAM,canonical_team_season_to_source_team,EXPLICIT_SOURCE_GRAIN_ROUTE,NOT_YET_PROVEN,ROUTE_IMPLEMENTED,NONE,VERIFIED_SOURCE_MATCH_ROUTE,VERIFIED_TEAM_SEASON_ROUTE,1
FRL_LOCAL_CSV,team_match,team_match,successfulOpenPlayPass,unknown,UNCATALOGUED,UNCATALOGUED,unknown,coverage=CORE_DECADE; seasons=10/10,team_fixture,OBSERVATION,canonical_team_season_to_source_team,True,Team-match source statistics attach through the verified team-fixture relationship.,,,CANONICAL_FIXTURE_TO_SOURCE_MATCH,canonical_fixture_to_source_match,CANONICAL_TEAM_SEASON_TO_SOURCE_TEAM,canonical_team_season_to_source_team,EXPLICIT_SOURCE_GRAIN_ROUTE,NOT_YET_PROVEN,ROUTE_IMPLEMENTED,NONE,VERIFIED_SOURCE_MATCH_ROUTE,VERIFIED_TEAM_SEASON_ROUTE,1
FRL_LOCAL_CSV,team_match,team_match,successfulPutThrough,unknown,UNCATALOGUED,UNCATALOGUED,unknown,coverage=CORE_DECADE; seasons=10/10,team_fixture,OBSERVATION,canonical_team_season_to_source_team,True,Team-match source statistics attach through the verified team-fixture relationship.,,,CANONICAL_FIXTURE_TO_SOURCE_MATCH,canonical_fixture_to_source_match,CANONICAL_TEAM_SEASON_TO_SOURCE_TEAM,canonical_team_season_to_source_team,EXPLICIT_SOURCE_GRAIN_ROUTE,NOT_YET_PROVEN,ROUTE_IMPLEMENTED,NONE,VERIFIED_SOURCE_MATCH_ROUTE,VERIFIED_TEAM_SEASON_ROUTE,1
FRL_LOCAL_CSV,team_match,team_match,team,unknown,exposed,exposed,unknown,coverage=CORE_DECADE; seasons=10/10,team_fixture,OBSERVATION,canonical_team_season_to_source_team,True,Team-match source statistics attach through the verified team-fixture relationship.,,,CANONICAL_FIXTURE_TO_SOURCE_MATCH,canonical_fixture_to_source_match,CANONICAL_TEAM_SEASON_TO_SOURCE_TEAM,canonical_team_season_to_source_team,EXPLICIT_SOURCE_GRAIN_ROUTE,NOT_YET_PROVEN,ROUTE_IMPLEMENTED,NONE,VERIFIED_SOURCE_MATCH_ROUTE,VERIFIED_TEAM_SEASON_ROUTE,1
FRL_LOCAL_CSV,team_match,team_match,team_id,unknown,exposed,exposed,unknown,coverage=CORE_DECADE; seasons=10/10,team_fixture,OBSERVATION,canonical_team_season_to_source_team,True,Team-match source statistics attach through the verified team-fixture relationship.,,,CANONICAL_FIXTURE_TO_SOURCE_MATCH,canonical_fixture_to_source_match,CANONICAL_TEAM_SEASON_TO_SOURCE_TEAM,canonical_team_season_to_source_team,EXPLICIT_SOURCE_GRAIN_ROUTE,NOT_YET_PROVEN,ROUTE_IMPLEMENTED,NONE,VERIFIED_SOURCE_MATCH_ROUTE,VERIFIED_TEAM_SEASON_ROUTE,1
FRL_LOCAL_CSV,team_match,team_match,totalAttAssist,unknown,UNCATALOGUED,UNCATALOGUED,unknown,coverage=CORE_DECADE; seasons=10/10,team_fixture,OBSERVATION,canonical_team_season_to_source_team,True,Team-match source statistics attach through the verified team-fixture relationship.,,,CANONICAL_FIXTURE_TO_SOURCE_MATCH,canonical_fixture_to_source_match,CANONICAL_TEAM_SEASON_TO_SOURCE_TEAM,canonical_team_season_to_source_team,EXPLICIT_SOURCE_GRAIN_ROUTE,NOT_YET_PROVEN,ROUTE_IMPLEMENTED,NONE,VERIFIED_SOURCE_MATCH_ROUTE,VERIFIED_TEAM_SEASON_ROUTE,1
FRL_LOCAL_CSV,team_match,team_match,totalBackZonePass,unknown,UNCATALOGUED,UNCATALOGUED,unknown,coverage=CORE_DECADE; seasons=10/10,team_fixture,OBSERVATION,canonical_team_season_to_source_team,True,Team-match source statistics attach through the verified team-fixture relationship.,,,CANONICAL_FIXTURE_TO_SOURCE_MATCH,canonical_fixture_to_source_match,CANONICAL_TEAM_SEASON_TO_SOURCE_TEAM,canonical_team_season_to_source_team,EXPLICIT_SOURCE_GRAIN_ROUTE,NOT_YET_PROVEN,ROUTE_IMPLEMENTED,NONE,VERIFIED_SOURCE_MATCH_ROUTE,VERIFIED_TEAM_SEASON_ROUTE,1
FRL_LOCAL_CSV,team_match,team_match,totalChippedPass,unknown,UNCATALOGUED,UNCATALOGUED,unknown,coverage=CORE_DECADE; seasons=10/10,team_fixture,OBSERVATION,canonical_team_season_to_source_team,True,Team-match source statistics attach through the verified team-fixture relationship.,,,CANONICAL_FIXTURE_TO_SOURCE_MATCH,canonical_fixture_to_source_match,CANONICAL_TEAM_SEASON_TO_SOURCE_TEAM,canonical_team_season_to_source_team,EXPLICIT_SOURCE_GRAIN_ROUTE,NOT_YET_PROVEN,ROUTE_IMPLEMENTED,NONE,VERIFIED_SOURCE_MATCH_ROUTE,VERIFIED_TEAM_SEASON_ROUTE,1
FRL_LOCAL_CSV,team_match,team_match,totalClearance,unknown,exposed,exposed,unknown,coverage=CORE_DECADE; seasons=10/10,team_fixture,OBSERVATION,canonical_team_season_to_source_team,True,Team-match source statistics attach through the verified team-fixture relationship.,,,CANONICAL_FIXTURE_TO_SOURCE_MATCH,canonical_fixture_to_source_match,CANONICAL_TEAM_SEASON_TO_SOURCE_TEAM,canonical_team_season_to_source_team,EXPLICIT_SOURCE_GRAIN_ROUTE,NOT_YET_PROVEN,ROUTE_IMPLEMENTED,NONE,VERIFIED_SOURCE_MATCH_ROUTE,VERIFIED_TEAM_SEASON_ROUTE,1
FRL_LOCAL_CSV,team_match,team_match,totalContest,unknown,UNCATALOGUED,UNCATALOGUED,unknown,coverage=CORE_DECADE; seasons=10/10,team_fixture,OBSERVATION,canonical_team_season_to_source_team,True,Team-match source statistics attach through the verified team-fixture relationship.,,,CANONICAL_FIXTURE_TO_SOURCE_MATCH,canonical_fixture_to_source_match,CANONICAL_TEAM_SEASON_TO_SOURCE_TEAM,canonical_team_season_to_source_team,EXPLICIT_SOURCE_GRAIN_ROUTE,NOT_YET_PROVEN,ROUTE_IMPLEMENTED,NONE,VERIFIED_SOURCE_MATCH_ROUTE,VERIFIED_TEAM_SEASON_ROUTE,1
FRL_LOCAL_CSV,team_match,team_match,totalCornersIntobox,unknown,UNCATALOGUED,UNCATALOGUED,unknown,coverage=CORE_DECADE; seasons=10/10,team_fixture,OBSERVATION,canonical_team_season_to_source_team,True,Team-match source statistics attach through the verified team-fixture relationship.,,,CANONICAL_FIXTURE_TO_SOURCE_MATCH,canonical_fixture_to_source_match,CANONICAL_TEAM_SEASON_TO_SOURCE_TEAM,canonical_team_season_to_source_team,EXPLICIT_SOURCE_GRAIN_ROUTE,NOT_YET_PROVEN,ROUTE_IMPLEMENTED,NONE,VERIFIED_SOURCE_MATCH_ROUTE,VERIFIED_TEAM_SEASON_ROUTE,1
FRL_LOCAL_CSV,team_match,team_match,totalCross,unknown,exposed,exposed,unknown,coverage=CORE_DECADE; seasons=10/10,team_fixture,OBSERVATION,canonical_team_season_to_source_team,True,Team-match source statistics attach through the verified team-fixture relationship.,,,CANONICAL_FIXTURE_TO_SOURCE_MATCH,canonical_fixture_to_source_match,CANONICAL_TEAM_SEASON_TO_SOURCE_TEAM,canonical_team_season_to_source_team,EXPLICIT_SOURCE_GRAIN_ROUTE,NOT_YET_PROVEN,ROUTE_IMPLEMENTED,NONE,VERIFIED_SOURCE_MATCH_ROUTE,VERIFIED_TEAM_SEASON_ROUTE,1
FRL_LOCAL_CSV,team_match,team_match,totalCrossNocorner,unknown,UNCATALOGUED,UNCATALOGUED,unknown,coverage=CORE_DECADE; seasons=10/10,team_fixture,OBSERVATION,canonical_team_season_to_source_team,True,Team-match source statistics attach through the verified team-fixture relationship.,,,CANONICAL_FIXTURE_TO_SOURCE_MATCH,canonical_fixture_to_source_match,CANONICAL_TEAM_SEASON_TO_SOURCE_TEAM,canonical_team_season_to_source_team,EXPLICIT_SOURCE_GRAIN_ROUTE,NOT_YET_PROVEN,ROUTE_IMPLEMENTED,NONE,VERIFIED_SOURCE_MATCH_ROUTE,VERIFIED_TEAM_SEASON_ROUTE,1
FRL_LOCAL_CSV,team_match,team_match,totalDistance,unknown,UNCATALOGUED,UNCATALOGUED,unknown,coverage=INTERMITTENT; seasons=2/10,team_fixture,OBSERVATION,canonical_team_season_to_source_team,True,Team-match source statistics attach through the verified team-fixture relationship.,,,CANONICAL_FIXTURE_TO_SOURCE_MATCH,canonical_fixture_to_source_match,CANONICAL_TEAM_SEASON_TO_SOURCE_TEAM,canonical_team_season_to_source_team,EXPLICIT_SOURCE_GRAIN_ROUTE,NOT_YET_PROVEN,ROUTE_IMPLEMENTED,NONE,VERIFIED_SOURCE_MATCH_ROUTE,VERIFIED_TEAM_SEASON_ROUTE,1
FRL_LOCAL_CSV,team_match,team_match,totalFastbreak,unknown,UNCATALOGUED,UNCATALOGUED,unknown,coverage=CORE_DECADE; seasons=10/10,team_fixture,OBSERVATION,canonical_team_season_to_source_team,True,Team-match source statistics attach through the verified team-fixture relationship.,,,CANONICAL_FIXTURE_TO_SOURCE_MATCH,canonical_fixture_to_source_match,CANONICAL_TEAM_SEASON_TO_SOURCE_TEAM,canonical_team_season_to_source_team,EXPLICIT_SOURCE_GRAIN_ROUTE,NOT_YET_PROVEN,ROUTE_IMPLEMENTED,NONE,VERIFIED_SOURCE_MATCH_ROUTE,VERIFIED_TEAM_SEASON_ROUTE,1
FRL_LOCAL_CSV,team_match,team_match,totalFinalThirdPasses,unknown,UNCATALOGUED,UNCATALOGUED,unknown,coverage=CORE_DECADE; seasons=10/10,team_fixture,OBSERVATION,canonical_team_season_to_source_team,True,Team-match source statistics attach through the verified team-fixture relationship.,,,CANONICAL_FIXTURE_TO_SOURCE_MATCH,canonical_fixture_to_source_match,CANONICAL_TEAM_SEASON_TO_SOURCE_TEAM,canonical_team_season_to_source_team,EXPLICIT_SOURCE_GRAIN_ROUTE,NOT_YET_PROVEN,ROUTE_IMPLEMENTED,NONE,VERIFIED_SOURCE_MATCH_ROUTE,VERIFIED_TEAM_SEASON_ROUTE,1
FRL_LOCAL_CSV,team_match,team_match,totalFlickOn,unknown,UNCATALOGUED,UNCATALOGUED,unknown,coverage=CORE_DECADE; seasons=10/10,team_fixture,OBSERVATION,canonical_team_season_to_source_team,True,Team-match source statistics attach through the verified team-fixture relationship.,,,CANONICAL_FIXTURE_TO_SOURCE_MATCH,canonical_fixture_to_source_match,CANONICAL_TEAM_SEASON_TO_SOURCE_TEAM,canonical_team_season_to_source_team,EXPLICIT_SOURCE_GRAIN_ROUTE,NOT_YET_PROVEN,ROUTE_IMPLEMENTED,NONE,VERIFIED_SOURCE_MATCH_ROUTE,VERIFIED_TEAM_SEASON_ROUTE,1
FRL_LOCAL_CSV,team_match,team_match,totalFwdZonePass,unknown,UNCATALOGUED,UNCATALOGUED,unknown,coverage=CORE_DECADE; seasons=10/10,team_fixture,OBSERVATION,canonical_team_season_to_source_team,True,Team-match source statistics attach through the verified team-fixture relationship.,,,CANONICAL_FIXTURE_TO_SOURCE_MATCH,canonical_fixture_to_source_match,CANONICAL_TEAM_SEASON_TO_SOURCE_TEAM,canonical_team_season_to_source_team,EXPLICIT_SOURCE_GRAIN_ROUTE,NOT_YET_PROVEN,ROUTE_IMPLEMENTED,NONE,VERIFIED_SOURCE_MATCH_ROUTE,VERIFIED_TEAM_SEASON_ROUTE,1
FRL_LOCAL_CSV,team_match,team_match,totalHighClaim,unknown,UNCATALOGUED,UNCATALOGUED,unknown,coverage=CORE_DECADE; seasons=10/10,team_fixture,OBSERVATION,canonical_team_season_to_source_team,True,Team-match source statistics attach through the verified team-fixture relationship.,,,CANONICAL_FIXTURE_TO_SOURCE_MATCH,canonical_fixture_to_source_match,CANONICAL_TEAM_SEASON_TO_SOURCE_TEAM,canonical_team_season_to_source_team,EXPLICIT_SOURCE_GRAIN_ROUTE,NOT_YET_PROVEN,ROUTE_IMPLEMENTED,NONE,VERIFIED_SOURCE_MATCH_ROUTE,VERIFIED_TEAM_SEASON_ROUTE,1
FRL_LOCAL_CSV,team_match,team_match,totalKeeperSweeper,unknown,UNCATALOGUED,UNCATALOGUED,unknown,coverage=CORE_DECADE; seasons=10/10,team_fixture,OBSERVATION,canonical_team_season_to_source_team,True,Team-match source statistics attach through the verified team-fixture relationship.,,,CANONICAL_FIXTURE_TO_SOURCE_MATCH,canonical_fixture_to_source_match,CANONICAL_TEAM_SEASON_TO_SOURCE_TEAM,canonical_team_season_to_source_team,EXPLICIT_SOURCE_GRAIN_ROUTE,NOT_YET_PROVEN,ROUTE_IMPLEMENTED,NONE,VERIFIED_SOURCE_MATCH_ROUTE,VERIFIED_TEAM_SEASON_ROUTE,1
FRL_LOCAL_CSV,team_match,team_match,totalLaunches,unknown,UNCATALOGUED,UNCATALOGUED,unknown,coverage=CORE_DECADE; seasons=10/10,team_fixture,OBSERVATION,canonical_team_season_to_source_team,True,Team-match source statistics attach through the verified team-fixture relationship.,,,CANONICAL_FIXTURE_TO_SOURCE_MATCH,canonical_fixture_to_source_match,CANONICAL_TEAM_SEASON_TO_SOURCE_TEAM,canonical_team_season_to_source_team,EXPLICIT_SOURCE_GRAIN_ROUTE,NOT_YET_PROVEN,ROUTE_IMPLEMENTED,NONE,VERIFIED_SOURCE_MATCH_ROUTE,VERIFIED_TEAM_SEASON_ROUTE,1
FRL_LOCAL_CSV,team_match,team_match,totalLayoffs,unknown,UNCATALOGUED,UNCATALOGUED,unknown,coverage=CORE_DECADE; seasons=10/10,team_fixture,OBSERVATION,canonical_team_season_to_source_team,True,Team-match source statistics attach through the verified team-fixture relationship.,,,CANONICAL_FIXTURE_TO_SOURCE_MATCH,canonical_fixture_to_source_match,CANONICAL_TEAM_SEASON_TO_SOURCE_TEAM,canonical_team_season_to_source_team,EXPLICIT_SOURCE_GRAIN_ROUTE,NOT_YET_PROVEN,ROUTE_IMPLEMENTED,NONE,VERIFIED_SOURCE_MATCH_ROUTE,VERIFIED_TEAM_SEASON_ROUTE,1
FRL_LOCAL_CSV,team_match,team_match,totalLongBalls,unknown,UNCATALOGUED,UNCATALOGUED,unknown,coverage=CORE_DECADE; seasons=10/10,team_fixture,OBSERVATION,canonical_team_season_to_source_team,True,Team-match source statistics attach through the verified team-fixture relationship.,,,CANONICAL_FIXTURE_TO_SOURCE_MATCH,canonical_fixture_to_source_match,CANONICAL_TEAM_SEASON_TO_SOURCE_TEAM,canonical_team_season_to_source_team,EXPLICIT_SOURCE_GRAIN_ROUTE,NOT_YET_PROVEN,ROUTE_IMPLEMENTED,NONE,VERIFIED_SOURCE_MATCH_ROUTE,VERIFIED_TEAM_SEASON_ROUTE,1
FRL_LOCAL_CSV,team_match,team_match,totalOffside,unknown,exposed,exposed,unknown,coverage=CORE_DECADE; seasons=10/10,team_fixture,OBSERVATION,canonical_team_season_to_source_team,True,Team-match source statistics attach through the verified team-fixture relationship.,,,CANONICAL_FIXTURE_TO_SOURCE_MATCH,canonical_fixture_to_source_match,CANONICAL_TEAM_SEASON_TO_SOURCE_TEAM,canonical_team_season_to_source_team,EXPLICIT_SOURCE_GRAIN_ROUTE,NOT_YET_PROVEN,ROUTE_IMPLEMENTED,NONE,VERIFIED_SOURCE_MATCH_ROUTE,VERIFIED_TEAM_SEASON_ROUTE,1
FRL_LOCAL_CSV,team_match,team_match,totalPass,unknown,exposed,exposed,unknown,coverage=CORE_DECADE; seasons=10/10,team_fixture,OBSERVATION,canonical_team_season_to_source_team,True,Team-match source statistics attach through the verified team-fixture relationship.,,,CANONICAL_FIXTURE_TO_SOURCE_MATCH,canonical_fixture_to_source_match,CANONICAL_TEAM_SEASON_TO_SOURCE_TEAM,canonical_team_season_to_source_team,EXPLICIT_SOURCE_GRAIN_ROUTE,NOT_YET_PROVEN,ROUTE_IMPLEMENTED,NONE,VERIFIED_SOURCE_MATCH_ROUTE,VERIFIED_TEAM_SEASON_ROUTE,1
FRL_LOCAL_CSV,team_match,team_match,totalPullBack,unknown,UNCATALOGUED,UNCATALOGUED,unknown,coverage=CORE_DECADE; seasons=10/10,team_fixture,OBSERVATION,canonical_team_season_to_source_team,True,Team-match source statistics attach through the verified team-fixture relationship.,,,CANONICAL_FIXTURE_TO_SOURCE_MATCH,canonical_fixture_to_source_match,CANONICAL_TEAM_SEASON_TO_SOURCE_TEAM,canonical_team_season_to_source_team,EXPLICIT_SOURCE_GRAIN_ROUTE,NOT_YET_PROVEN,ROUTE_IMPLEMENTED,NONE,VERIFIED_SOURCE_MATCH_ROUTE,VERIFIED_TEAM_SEASON_ROUTE,1
FRL_LOCAL_CSV,team_match,team_match,totalRedCard,unknown,exposed,exposed,unknown,coverage=CORE_DECADE; seasons=10/10,team_fixture,OBSERVATION,canonical_team_season_to_source_team,True,Team-match source statistics attach through the verified team-fixture relationship.,,,CANONICAL_FIXTURE_TO_SOURCE_MATCH,canonical_fixture_to_source_match,CANONICAL_TEAM_SEASON_TO_SOURCE_TEAM,canonical_team_season_to_source_team,EXPLICIT_SOURCE_GRAIN_ROUTE,NOT_YET_PROVEN,ROUTE_IMPLEMENTED,NONE,VERIFIED_SOURCE_MATCH_ROUTE,VERIFIED_TEAM_SEASON_ROUTE,1
FRL_LOCAL_CSV,team_match,team_match,totalScoringAtt,unknown,exposed,exposed,unknown,coverage=CORE_DECADE; seasons=10/10,team_fixture,OBSERVATION,canonical_team_season_to_source_team,True,Team-match source statistics attach through the verified team-fixture relationship.,,,CANONICAL_FIXTURE_TO_SOURCE_MATCH,canonical_fixture_to_source_match,CANONICAL_TEAM_SEASON_TO_SOURCE_TEAM,canonical_team_season_to_source_team,EXPLICIT_SOURCE_GRAIN_ROUTE,NOT_YET_PROVEN,ROUTE_IMPLEMENTED,NONE,VERIFIED_SOURCE_MATCH_ROUTE,VERIFIED_TEAM_SEASON_ROUTE,1
FRL_LOCAL_CSV,team_match,team_match,totalTackle,unknown,exposed,exposed,unknown,coverage=CORE_DECADE; seasons=10/10,team_fixture,OBSERVATION,canonical_team_season_to_source_team,True,Team-match source statistics attach through the verified team-fixture relationship.,,,CANONICAL_FIXTURE_TO_SOURCE_MATCH,canonical_fixture_to_source_match,CANONICAL_TEAM_SEASON_TO_SOURCE_TEAM,canonical_team_season_to_source_team,EXPLICIT_SOURCE_GRAIN_ROUTE,NOT_YET_PROVEN,ROUTE_IMPLEMENTED,NONE,VERIFIED_SOURCE_MATCH_ROUTE,VERIFIED_TEAM_SEASON_ROUTE,1
FRL_LOCAL_CSV,team_match,team_match,totalThroughBall,unknown,UNCATALOGUED,UNCATALOGUED,unknown,coverage=CORE_DECADE; seasons=10/10,team_fixture,OBSERVATION,canonical_team_season_to_source_team,True,Team-match source statistics attach through the verified team-fixture relationship.,,,CANONICAL_FIXTURE_TO_SOURCE_MATCH,canonical_fixture_to_source_match,CANONICAL_TEAM_SEASON_TO_SOURCE_TEAM,canonical_team_season_to_source_team,EXPLICIT_SOURCE_GRAIN_ROUTE,NOT_YET_PROVEN,ROUTE_IMPLEMENTED,NONE,VERIFIED_SOURCE_MATCH_ROUTE,VERIFIED_TEAM_SEASON_ROUTE,1
FRL_LOCAL_CSV,team_match,team_match,totalThrows,unknown,UNCATALOGUED,UNCATALOGUED,unknown,coverage=CORE_DECADE; seasons=10/10,team_fixture,OBSERVATION,canonical_team_season_to_source_team,True,Team-match source statistics attach through the verified team-fixture relationship.,,,CANONICAL_FIXTURE_TO_SOURCE_MATCH,canonical_fixture_to_source_match,CANONICAL_TEAM_SEASON_TO_SOURCE_TEAM,canonical_team_season_to_source_team,EXPLICIT_SOURCE_GRAIN_ROUTE,NOT_YET_PROVEN,ROUTE_IMPLEMENTED,NONE,VERIFIED_SOURCE_MATCH_ROUTE,VERIFIED_TEAM_SEASON_ROUTE,1
FRL_LOCAL_CSV,team_match,team_match,totalYelCard,unknown,exposed,exposed,unknown,coverage=CORE_DECADE; seasons=10/10,team_fixture,OBSERVATION,canonical_team_season_to_source_team,True,Team-match source statistics attach through the verified team-fixture relationship.,,,CANONICAL_FIXTURE_TO_SOURCE_MATCH,canonical_fixture_to_source_match,CANONICAL_TEAM_SEASON_TO_SOURCE_TEAM,canonical_team_season_to_source_team,EXPLICIT_SOURCE_GRAIN_ROUTE,NOT_YET_PROVEN,ROUTE_IMPLEMENTED,NONE,VERIFIED_SOURCE_MATCH_ROUTE,VERIFIED_TEAM_SEASON_ROUTE,1
FRL_LOCAL_CSV,team_match,team_match,touches,unknown,UNCATALOGUED,UNCATALOGUED,unknown,coverage=CORE_DECADE; seasons=10/10,team_fixture,OBSERVATION,canonical_team_season_to_source_team,True,Team-match source statistics attach through the verified team-fixture relationship.,,,CANONICAL_FIXTURE_TO_SOURCE_MATCH,canonical_fixture_to_source_match,CANONICAL_TEAM_SEASON_TO_SOURCE_TEAM,canonical_team_season_to_source_team,EXPLICIT_SOURCE_GRAIN_ROUTE,NOT_YET_PROVEN,ROUTE_IMPLEMENTED,NONE,VERIFIED_SOURCE_MATCH_ROUTE,VERIFIED_TEAM_SEASON_ROUTE,1
FRL_LOCAL_CSV,team_match,team_match,touchesInOppBox,unknown,UNCATALOGUED,UNCATALOGUED,unknown,coverage=CORE_DECADE; seasons=10/10,team_fixture,OBSERVATION,canonical_team_season_to_source_team,True,Team-match source statistics attach through the verified team-fixture relationship.,,,CANONICAL_FIXTURE_TO_SOURCE_MATCH,canonical_fixture_to_source_match,CANONICAL_TEAM_SEASON_TO_SOURCE_TEAM,canonical_team_season_to_source_team,EXPLICIT_SOURCE_GRAIN_ROUTE,NOT_YET_PROVEN,ROUTE_IMPLEMENTED,NONE,VERIFIED_SOURCE_MATCH_ROUTE,VERIFIED_TEAM_SEASON_ROUTE,1
FRL_LOCAL_CSV,team_match,team_match,unsuccessfulTouch,unknown,UNCATALOGUED,UNCATALOGUED,unknown,coverage=CORE_DECADE; seasons=10/10,team_fixture,OBSERVATION,canonical_team_season_to_source_team,True,Team-match source statistics attach through the verified team-fixture relationship.,,,CANONICAL_FIXTURE_TO_SOURCE_MATCH,canonical_fixture_to_source_match,CANONICAL_TEAM_SEASON_TO_SOURCE_TEAM,canonical_team_season_to_source_team,EXPLICIT_SOURCE_GRAIN_ROUTE,NOT_YET_PROVEN,ROUTE_IMPLEMENTED,NONE,VERIFIED_SOURCE_MATCH_ROUTE,VERIFIED_TEAM_SEASON_ROUTE,1
FRL_LOCAL_CSV,team_match,team_match,venue,unknown,exposed,exposed,unknown,coverage=CORE_DECADE; seasons=10/10,team_fixture,OBSERVATION,canonical_team_season_to_source_team,True,Team-match source statistics attach through the verified team-fixture relationship.,,,CANONICAL_FIXTURE_TO_SOURCE_MATCH,canonical_fixture_to_source_match,CANONICAL_TEAM_SEASON_TO_SOURCE_TEAM,canonical_team_season_to_source_team,EXPLICIT_SOURCE_GRAIN_ROUTE,NOT_YET_PROVEN,ROUTE_IMPLEMENTED,NONE,VERIFIED_SOURCE_MATCH_ROUTE,VERIFIED_TEAM_SEASON_ROUTE,1
FRL_LOCAL_CSV,team_match,team_match,winningGoal,unknown,UNCATALOGUED,UNCATALOGUED,unknown,coverage=LONG_RUN; seasons=5/10,team_fixture,OBSERVATION,canonical_team_season_to_source_team,True,Team-match source statistics attach through the verified team-fixture relationship.,,,CANONICAL_FIXTURE_TO_SOURCE_MATCH,canonical_fixture_to_source_match,CANONICAL_TEAM_SEASON_TO_SOURCE_TEAM,canonical_team_season_to_source_team,EXPLICIT_SOURCE_GRAIN_ROUTE,NOT_YET_PROVEN,ROUTE_IMPLEMENTED,NONE,VERIFIED_SOURCE_MATCH_ROUTE,VERIFIED_TEAM_SEASON_ROUTE,1
FRL_LOCAL_CSV,team_match,team_match,wonContest,unknown,UNCATALOGUED,UNCATALOGUED,unknown,coverage=CORE_DECADE; seasons=10/10,team_fixture,OBSERVATION,canonical_team_season_to_source_team,True,Team-match source statistics attach through the verified team-fixture relationship.,,,CANONICAL_FIXTURE_TO_SOURCE_MATCH,canonical_fixture_to_source_match,CANONICAL_TEAM_SEASON_TO_SOURCE_TEAM,canonical_team_season_to_source_team,EXPLICIT_SOURCE_GRAIN_ROUTE,NOT_YET_PROVEN,ROUTE_IMPLEMENTED,NONE,VERIFIED_SOURCE_MATCH_ROUTE,VERIFIED_TEAM_SEASON_ROUTE,1
FRL_LOCAL_CSV,team_match,team_match,wonCorners,unknown,UNCATALOGUED,UNCATALOGUED,unknown,coverage=CORE_DECADE; seasons=10/10,team_fixture,OBSERVATION,canonical_team_season_to_source_team,True,Team-match source statistics attach through the verified team-fixture relationship.,,,CANONICAL_FIXTURE_TO_SOURCE_MATCH,canonical_fixture_to_source_match,CANONICAL_TEAM_SEASON_TO_SOURCE_TEAM,canonical_team_season_to_source_team,EXPLICIT_SOURCE_GRAIN_ROUTE,NOT_YET_PROVEN,ROUTE_IMPLEMENTED,NONE,VERIFIED_SOURCE_MATCH_ROUTE,VERIFIED_TEAM_SEASON_ROUTE,1
FRL_LOCAL_CSV,team_match,team_match,wonTackle,unknown,exposed,exposed,unknown,coverage=CORE_DECADE; seasons=10/10,team_fixture,OBSERVATION,canonical_team_season_to_source_team,True,Team-match source statistics attach through the verified team-fixture relationship.,,,CANONICAL_FIXTURE_TO_SOURCE_MATCH,canonical_fixture_to_source_match,CANONICAL_TEAM_SEASON_TO_SOURCE_TEAM,canonical_team_season_to_source_team,EXPLICIT_SOURCE_GRAIN_ROUTE,NOT_YET_PROVEN,ROUTE_IMPLEMENTED,NONE,VERIFIED_SOURCE_MATCH_ROUTE,VERIFIED_TEAM_SEASON_ROUTE,1
FRL_LOCAL_CSV,team_match,team_match,yellowCard,unknown,UNCATALOGUED,UNCATALOGUED,unknown,coverage=CORE_DECADE; seasons=10/10,team_fixture,OBSERVATION,canonical_team_season_to_source_team,True,Team-match source statistics attach through the verified team-fixture relationship.,,,CANONICAL_FIXTURE_TO_SOURCE_MATCH,canonical_fixture_to_source_match,CANONICAL_TEAM_SEASON_TO_SOURCE_TEAM,canonical_team_season_to_source_team,EXPLICIT_SOURCE_GRAIN_ROUTE,NOT_YET_PROVEN,ROUTE_IMPLEMENTED,NONE,VERIFIED_SOURCE_MATCH_ROUTE,VERIFIED_TEAM_SEASON_ROUTE,1
