source_surface,resource,original_grain,field_name,field_type,decomposed_grain,decomposition_basis,notes,review_status,resolution,evidence_required,resolved_grain,resolution_status,resolution_basis,upstream_matches,evidence_paths
fpl,bootstrap-static.json,sample_payload,chips,object,UNMAPPED_REVIEW,insufficient structural evidence,fpl\bootstrap-static.json,OPEN,,raw path/context or source-schema evidence,gameweek,STRUCTURALLY_RESOLVED,exact JSON field path observed in captured raw FPL payload,gameweek,bootstrap-static:chips
fpl,bootstrap-static.json,sample_payload,chips[].chip_type,str,UNMAPPED_REVIEW,insufficient structural evidence,fpl\bootstrap-static.json,OPEN,,raw path/context or source-schema evidence,gameweek,STRUCTURALLY_RESOLVED,exact JSON field path observed in captured raw FPL payload,gameweek,bootstrap-static:chips[].chip_type
fpl,bootstrap-static.json,sample_payload,chips[].id,int,UNMAPPED_REVIEW,insufficient structural evidence,fpl\bootstrap-static.json,OPEN,,raw path/context or source-schema evidence,gameweek,STRUCTURALLY_RESOLVED,exact JSON field path observed in captured raw FPL payload,gameweek,bootstrap-static:chips[].id
fpl,bootstrap-static.json,sample_payload,chips[].name,str,UNMAPPED_REVIEW,insufficient structural evidence,fpl\bootstrap-static.json,OPEN,,raw path/context or source-schema evidence,gameweek,STRUCTURALLY_RESOLVED,exact JSON field path observed in captured raw FPL payload,gameweek,bootstrap-static:chips[].name
fpl,bootstrap-static.json,sample_payload,chips[].number,int,UNMAPPED_REVIEW,insufficient structural evidence,fpl\bootstrap-static.json,OPEN,,raw path/context or source-schema evidence,gameweek,STRUCTURALLY_RESOLVED,exact JSON field path observed in captured raw FPL payload,gameweek,bootstrap-static:chips[].number
fpl,bootstrap-static.json,sample_payload,chips[].overrides,object,UNMAPPED_REVIEW,insufficient structural evidence,fpl\bootstrap-static.json,OPEN,,raw path/context or source-schema evidence,gameweek,STRUCTURALLY_RESOLVED,exact JSON field path observed in captured raw FPL payload,gameweek,bootstrap-static:chips[].overrides
fpl,bootstrap-static.json,sample_payload,chips[].overrides.pick_multiplier,NoneType,UNMAPPED_REVIEW,insufficient structural evidence,fpl\bootstrap-static.json,OPEN,,raw path/context or source-schema evidence,gameweek,STRUCTURALLY_RESOLVED,exact JSON field path observed in captured raw FPL payload,gameweek,bootstrap-static:chips[].overrides.pick_multiplier
fpl,bootstrap-static.json,sample_payload,chips[].overrides.rules,object,UNMAPPED_REVIEW,insufficient structural evidence,fpl\bootstrap-static.json,OPEN,,raw path/context or source-schema evidence,gameweek,STRUCTURALLY_RESOLVED,exact JSON field path observed in captured raw FPL payload,gameweek,bootstrap-static:chips[].overrides.rules
fpl,bootstrap-static.json,sample_payload,chips[].overrides.scoring,object,UNMAPPED_REVIEW,insufficient structural evidence,fpl\bootstrap-static.json,OPEN,,raw path/context or source-schema evidence,gameweek,STRUCTURALLY_RESOLVED,exact JSON field path observed in captured raw FPL payload,gameweek,bootstrap-static:chips[].overrides.scoring
fpl,bootstrap-static.json,sample_payload,chips[].start_event,int,UNMAPPED_REVIEW,insufficient structural evidence,fpl\bootstrap-static.json,OPEN,,raw path/context or source-schema evidence,gameweek,STRUCTURALLY_RESOLVED,exact JSON field path observed in captured raw FPL payload,gameweek,bootstrap-static:chips[].start_event
fpl,bootstrap-static.json,sample_payload,chips[].stop_event,int,UNMAPPED_REVIEW,insufficient structural evidence,fpl\bootstrap-static.json,OPEN,,raw path/context or source-schema evidence,gameweek,STRUCTURALLY_RESOLVED,exact JSON field path observed in captured raw FPL payload,gameweek,bootstrap-static:chips[].stop_event
fpl,bootstrap-static.json,sample_payload,events,object,UNMAPPED_REVIEW,insufficient structural evidence,fpl\bootstrap-static.json,OPEN,,raw path/context or source-schema evidence,gameweek,STRUCTURALLY_RESOLVED,exact JSON field path observed in captured raw FPL payload,gameweek,bootstrap-static:events
fpl,bootstrap-static.json,sample_payload,events[].average_entry_score,int,UNMAPPED_REVIEW,insufficient structural evidence,fpl\bootstrap-static.json,OPEN,,raw path/context or source-schema evidence,gameweek,STRUCTURALLY_RESOLVED,exact JSON field path observed in captured raw FPL payload,gameweek,bootstrap-static:events[].average_entry_score
fpl,bootstrap-static.json,sample_payload,events[].can_enter,bool,UNMAPPED_REVIEW,insufficient structural evidence,fpl\bootstrap-static.json,OPEN,,raw path/context or source-schema evidence,gameweek,STRUCTURALLY_RESOLVED,exact JSON field path observed in captured raw FPL payload,gameweek,bootstrap-static:events[].can_enter
fpl,bootstrap-static.json,sample_payload,events[].can_manage,bool,UNMAPPED_REVIEW,insufficient structural evidence,fpl\bootstrap-static.json,OPEN,,raw path/context or source-schema evidence,gameweek,STRUCTURALLY_RESOLVED,exact JSON field path observed in captured raw FPL payload,gameweek,bootstrap-static:events[].can_manage
fpl,bootstrap-static.json,sample_payload,events[].chip_plays,object,UNMAPPED_REVIEW,insufficient structural evidence,fpl\bootstrap-static.json,OPEN,,raw path/context or source-schema evidence,gameweek,STRUCTURALLY_RESOLVED,exact JSON field path observed in captured raw FPL payload,gameweek,bootstrap-static:events[].chip_plays
fpl,bootstrap-static.json,sample_payload,events[].chip_plays[].chip_name,str,UNMAPPED_REVIEW,insufficient structural evidence,fpl\bootstrap-static.json,OPEN,,raw path/context or source-schema evidence,gameweek,STRUCTURALLY_RESOLVED,exact JSON field path observed in captured raw FPL payload,gameweek,bootstrap-static:events[].chip_plays[].chip_name
fpl,bootstrap-static.json,sample_payload,events[].chip_plays[].num_played,int,UNMAPPED_REVIEW,insufficient structural evidence,fpl\bootstrap-static.json,OPEN,,raw path/context or source-schema evidence,gameweek,STRUCTURALLY_RESOLVED,exact JSON field path observed in captured raw FPL payload,gameweek,bootstrap-static:events[].chip_plays[].num_played
fpl,bootstrap-static.json,sample_payload,events[].cup_leagues_created,bool,UNMAPPED_REVIEW,insufficient structural evidence,fpl\bootstrap-static.json,OPEN,,raw path/context or source-schema evidence,gameweek,STRUCTURALLY_RESOLVED,exact JSON field path observed in captured raw FPL payload,gameweek,bootstrap-static:events[].cup_leagues_created
fpl,bootstrap-static.json,sample_payload,events[].data_checked,bool,UNMAPPED_REVIEW,insufficient structural evidence,fpl\bootstrap-static.json,OPEN,,raw path/context or source-schema evidence,gameweek,STRUCTURALLY_RESOLVED,exact JSON field path observed in captured raw FPL payload,gameweek,bootstrap-static:events[].data_checked
fpl,bootstrap-static.json,sample_payload,events[].deadline_time,str,UNMAPPED_REVIEW,insufficient structural evidence,fpl\bootstrap-static.json,OPEN,,raw path/context or source-schema evidence,gameweek,STRUCTURALLY_RESOLVED,exact JSON field path observed in captured raw FPL payload,gameweek,bootstrap-static:events[].deadline_time
fpl,bootstrap-static.json,sample_payload,events[].deadline_time_epoch,int,UNMAPPED_REVIEW,insufficient structural evidence,fpl\bootstrap-static.json,OPEN,,raw path/context or source-schema evidence,gameweek,STRUCTURALLY_RESOLVED,exact JSON field path observed in captured raw FPL payload,gameweek,bootstrap-static:events[].deadline_time_epoch
fpl,bootstrap-static.json,sample_payload,events[].deadline_time_game_offset,int,UNMAPPED_REVIEW,insufficient structural evidence,fpl\bootstrap-static.json,OPEN,,raw path/context or source-schema evidence,gameweek,STRUCTURALLY_RESOLVED,exact JSON field path observed in captured raw FPL payload,gameweek,bootstrap-static:events[].deadline_time_game_offset
fpl,bootstrap-static.json,sample_payload,events[].finished,bool,UNMAPPED_REVIEW,insufficient structural evidence,fpl\bootstrap-static.json,OPEN,,raw path/context or source-schema evidence,gameweek,STRUCTURALLY_RESOLVED,exact JSON field path observed in captured raw FPL payload,gameweek,bootstrap-static:events[].finished
fpl,bootstrap-static.json,sample_payload,events[].h2h_ko_matches_created,bool,UNMAPPED_REVIEW,insufficient structural evidence,fpl\bootstrap-static.json,OPEN,,raw path/context or source-schema evidence,gameweek,STRUCTURALLY_RESOLVED,exact JSON field path observed in captured raw FPL payload,gameweek,bootstrap-static:events[].h2h_ko_matches_created
fpl,bootstrap-static.json,sample_payload,events[].highest_score,int,UNMAPPED_REVIEW,insufficient structural evidence,fpl\bootstrap-static.json,OPEN,,raw path/context or source-schema evidence,gameweek,STRUCTURALLY_RESOLVED,exact JSON field path observed in captured raw FPL payload,gameweek,bootstrap-static:events[].highest_score
fpl,bootstrap-static.json,sample_payload,events[].highest_scoring_entry,int,UNMAPPED_REVIEW,insufficient structural evidence,fpl\bootstrap-static.json,OPEN,,raw path/context or source-schema evidence,gameweek,STRUCTURALLY_RESOLVED,exact JSON field path observed in captured raw FPL payload,gameweek,bootstrap-static:events[].highest_scoring_entry
fpl,bootstrap-static.json,sample_payload,events[].id,int,UNMAPPED_REVIEW,insufficient structural evidence,fpl\bootstrap-static.json,OPEN,,raw path/context or source-schema evidence,gameweek,STRUCTURALLY_RESOLVED,exact JSON field path observed in captured raw FPL payload,gameweek,bootstrap-static:events[].id
fpl,bootstrap-static.json,sample_payload,events[].is_current,bool,UNMAPPED_REVIEW,insufficient structural evidence,fpl\bootstrap-static.json,OPEN,,raw path/context or source-schema evidence,gameweek,STRUCTURALLY_RESOLVED,exact JSON field path observed in captured raw FPL payload,gameweek,bootstrap-static:events[].is_current
fpl,bootstrap-static.json,sample_payload,events[].is_next,bool,UNMAPPED_REVIEW,insufficient structural evidence,fpl\bootstrap-static.json,OPEN,,raw path/context or source-schema evidence,gameweek,STRUCTURALLY_RESOLVED,exact JSON field path observed in captured raw FPL payload,gameweek,bootstrap-static:events[].is_next
fpl,bootstrap-static.json,sample_payload,events[].is_previous,bool,UNMAPPED_REVIEW,insufficient structural evidence,fpl\bootstrap-static.json,OPEN,,raw path/context or source-schema evidence,gameweek,STRUCTURALLY_RESOLVED,exact JSON field path observed in captured raw FPL payload,gameweek,bootstrap-static:events[].is_previous
fpl,bootstrap-static.json,sample_payload,events[].most_captained,int,UNMAPPED_REVIEW,insufficient structural evidence,fpl\bootstrap-static.json,OPEN,,raw path/context or source-schema evidence,gameweek,STRUCTURALLY_RESOLVED,exact JSON field path observed in captured raw FPL payload,gameweek,bootstrap-static:events[].most_captained
fpl,bootstrap-static.json,sample_payload,events[].most_selected,int,UNMAPPED_REVIEW,insufficient structural evidence,fpl\bootstrap-static.json,OPEN,,raw path/context or source-schema evidence,gameweek,STRUCTURALLY_RESOLVED,exact JSON field path observed in captured raw FPL payload,gameweek,bootstrap-static:events[].most_selected
fpl,bootstrap-static.json,sample_payload,events[].most_transferred_in,int,UNMAPPED_REVIEW,insufficient structural evidence,fpl\bootstrap-static.json,OPEN,,raw path/context or source-schema evidence,gameweek,STRUCTURALLY_RESOLVED,exact JSON field path observed in captured raw FPL payload,gameweek,bootstrap-static:events[].most_transferred_in
fpl,bootstrap-static.json,sample_payload,events[].most_vice_captained,int,UNMAPPED_REVIEW,insufficient structural evidence,fpl\bootstrap-static.json,OPEN,,raw path/context or source-schema evidence,gameweek,STRUCTURALLY_RESOLVED,exact JSON field path observed in captured raw FPL payload,gameweek,bootstrap-static:events[].most_vice_captained
fpl,bootstrap-static.json,sample_payload,events[].name,str,UNMAPPED_REVIEW,insufficient structural evidence,fpl\bootstrap-static.json,OPEN,,raw path/context or source-schema evidence,gameweek,STRUCTURALLY_RESOLVED,exact JSON field path observed in captured raw FPL payload,gameweek,bootstrap-static:events[].name
fpl,bootstrap-static.json,sample_payload,events[].overrides,object,UNMAPPED_REVIEW,insufficient structural evidence,fpl\bootstrap-static.json,OPEN,,raw path/context or source-schema evidence,gameweek,STRUCTURALLY_RESOLVED,exact JSON field path observed in captured raw FPL payload,gameweek,bootstrap-static:events[].overrides
fpl,bootstrap-static.json,sample_payload,events[].overrides.pick_multiplier,NoneType,UNMAPPED_REVIEW,insufficient structural evidence,fpl\bootstrap-static.json,OPEN,,raw path/context or source-schema evidence,gameweek,STRUCTURALLY_RESOLVED,exact JSON field path observed in captured raw FPL payload,gameweek,bootstrap-static:events[].overrides.pick_multiplier
fpl,bootstrap-static.json,sample_payload,events[].overrides.rules,object,UNMAPPED_REVIEW,insufficient structural evidence,fpl\bootstrap-static.json,OPEN,,raw path/context or source-schema evidence,gameweek,STRUCTURALLY_RESOLVED,exact JSON field path observed in captured raw FPL payload,gameweek,bootstrap-static:events[].overrides.rules
fpl,bootstrap-static.json,sample_payload,events[].overrides.scoring,object,UNMAPPED_REVIEW,insufficient structural evidence,fpl\bootstrap-static.json,OPEN,,raw path/context or source-schema evidence,gameweek,STRUCTURALLY_RESOLVED,exact JSON field path observed in captured raw FPL payload,gameweek,bootstrap-static:events[].overrides.scoring
fpl,bootstrap-static.json,sample_payload,events[].ranked_count,int,UNMAPPED_REVIEW,insufficient structural evidence,fpl\bootstrap-static.json,OPEN,,raw path/context or source-schema evidence,gameweek,STRUCTURALLY_RESOLVED,exact JSON field path observed in captured raw FPL payload,gameweek,bootstrap-static:events[].ranked_count
fpl,bootstrap-static.json,sample_payload,events[].release_time,NoneType,UNMAPPED_REVIEW,insufficient structural evidence,fpl\bootstrap-static.json,OPEN,,raw path/context or source-schema evidence,gameweek,STRUCTURALLY_RESOLVED,exact JSON field path observed in captured raw FPL payload,gameweek,bootstrap-static:events[].release_time
fpl,bootstrap-static.json,sample_payload,events[].released,bool,UNMAPPED_REVIEW,insufficient structural evidence,fpl\bootstrap-static.json,OPEN,,raw path/context or source-schema evidence,gameweek,STRUCTURALLY_RESOLVED,exact JSON field path observed in captured raw FPL payload,gameweek,bootstrap-static:events[].released
fpl,bootstrap-static.json,sample_payload,events[].transfers_made,int,UNMAPPED_REVIEW,insufficient structural evidence,fpl\bootstrap-static.json,OPEN,,raw path/context or source-schema evidence,gameweek,STRUCTURALLY_RESOLVED,exact JSON field path observed in captured raw FPL payload,gameweek,bootstrap-static:events[].transfers_made
fpl,bootstrap-static.json,sample_payload,game_config,object,UNMAPPED_REVIEW,insufficient structural evidence,fpl\bootstrap-static.json,OPEN,,raw path/context or source-schema evidence,UNMAPPED_REVIEW,NOT_FOUND_IN_ALL_CAPTURED_RAW_FPL,terminal field not observed in captured raw FPL payloads,,
fpl,bootstrap-static.json,sample_payload,game_config.rules,object,UNMAPPED_REVIEW,insufficient structural evidence,fpl\bootstrap-static.json,OPEN,,raw path/context or source-schema evidence,gameweek,STRUCTURALLY_RESOLVED,terminal field observed at a single captured raw FPL grain,gameweek,bootstrap-static:chips[].overrides.rules | bootstrap-static:events[].overrides.rules
fpl,bootstrap-static.json,sample_payload,game_config.rules.cup_qualifying_method,NoneType,UNMAPPED_REVIEW,insufficient structural evidence,fpl\bootstrap-static.json,OPEN,,raw path/context or source-schema evidence,game_settings,STRUCTURALLY_RESOLVED,terminal field observed at a single captured raw FPL grain,game_settings,bootstrap-static:game_settings.cup_qualifying_method
fpl,bootstrap-static.json,sample_payload,game_config.rules.cup_start_event_id,NoneType,UNMAPPED_REVIEW,insufficient structural evidence,fpl\bootstrap-static.json,OPEN,,raw path/context or source-schema evidence,game_settings,STRUCTURALLY_RESOLVED,terminal field observed at a single captured raw FPL grain,game_settings,bootstrap-static:game_settings.cup_start_event_id
fpl,bootstrap-static.json,sample_payload,game_config.rules.cup_stop_event_id,NoneType,UNMAPPED_REVIEW,insufficient structural evidence,fpl\bootstrap-static.json,OPEN,,raw path/context or source-schema evidence,game_settings,STRUCTURALLY_RESOLVED,terminal field observed at a single captured raw FPL grain,game_settings,bootstrap-static:game_settings.cup_stop_event_id
fpl,bootstrap-static.json,sample_payload,game_config.rules.cup_type,NoneType,UNMAPPED_REVIEW,insufficient structural evidence,fpl\bootstrap-static.json,OPEN,,raw path/context or source-schema evidence,game_settings,STRUCTURALLY_RESOLVED,terminal field observed at a single captured raw FPL grain,game_settings,bootstrap-static:game_settings.cup_type
fpl,bootstrap-static.json,sample_payload,game_config.rules.featured_entries,object,UNMAPPED_REVIEW,insufficient structural evidence,fpl\bootstrap-static.json,OPEN,,raw path/context or source-schema evidence,game_settings,STRUCTURALLY_RESOLVED,terminal field observed at a single captured raw FPL grain,game_settings,bootstrap-static:game_settings.featured_entries
fpl,bootstrap-static.json,sample_payload,game_config.rules.league_h2h_tiebreak_stats,object,UNMAPPED_REVIEW,insufficient structural evidence,fpl\bootstrap-static.json,OPEN,,raw path/context or source-schema evidence,game_settings,STRUCTURALLY_RESOLVED,terminal field observed at a single captured raw FPL grain,game_settings,bootstrap-static:game_settings.league_h2h_tiebreak_stats | bootstrap-static:game_settings.league_h2h_tiebreak_stats[]
fpl,bootstrap-static.json,sample_payload,game_config.rules.league_join_private_max,int,UNMAPPED_REVIEW,insufficient structural evidence,fpl\bootstrap-static.json,OPEN,,raw path/context or source-schema evidence,game_settings,STRUCTURALLY_RESOLVED,terminal field observed at a single captured raw FPL grain,game_settings,bootstrap-static:game_settings.league_join_private_max
fpl,bootstrap-static.json,sample_payload,game_config.rules.league_join_public_max,int,UNMAPPED_REVIEW,insufficient structural evidence,fpl\bootstrap-static.json,OPEN,,raw path/context or source-schema evidence,game_settings,STRUCTURALLY_RESOLVED,terminal field observed at a single captured raw FPL grain,game_settings,bootstrap-static:game_settings.league_join_public_max
fpl,bootstrap-static.json,sample_payload,game_config.rules.league_ko_first_instead_of_random,bool,UNMAPPED_REVIEW,insufficient structural evidence,fpl\bootstrap-static.json,OPEN,,raw path/context or source-schema evidence,game_settings,STRUCTURALLY_RESOLVED,terminal field observed at a single captured raw FPL grain,game_settings,bootstrap-static:game_settings.league_ko_first_instead_of_random
fpl,bootstrap-static.json,sample_payload,game_config.rules.league_max_ko_rounds_private_h2h,int,UNMAPPED_REVIEW,insufficient structural evidence,fpl\bootstrap-static.json,OPEN,,raw path/context or source-schema evidence,game_settings,STRUCTURALLY_RESOLVED,terminal field observed at a single captured raw FPL grain,game_settings,bootstrap-static:game_settings.league_max_ko_rounds_private_h2h
fpl,bootstrap-static.json,sample_payload,game_config.rules.league_max_size_private_h2h,int,UNMAPPED_REVIEW,insufficient structural evidence,fpl\bootstrap-static.json,OPEN,,raw path/context or source-schema evidence,game_settings,STRUCTURALLY_RESOLVED,terminal field observed at a single captured raw FPL grain,game_settings,bootstrap-static:game_settings.league_max_size_private_h2h
fpl,bootstrap-static.json,sample_payload,game_config.rules.league_max_size_public_classic,int,UNMAPPED_REVIEW,insufficient structural evidence,fpl\bootstrap-static.json,OPEN,,raw path/context or source-schema evidence,game_settings,STRUCTURALLY_RESOLVED,terminal field observed at a single captured raw FPL grain,game_settings,bootstrap-static:game_settings.league_max_size_public_classic
fpl,bootstrap-static.json,sample_payload,game_config.rules.league_max_size_public_h2h,int,UNMAPPED_REVIEW,insufficient structural evidence,fpl\bootstrap-static.json,OPEN,,raw path/context or source-schema evidence,game_settings,STRUCTURALLY_RESOLVED,terminal field observed at a single captured raw FPL grain,game_settings,bootstrap-static:game_settings.league_max_size_public_h2h
fpl,bootstrap-static.json,sample_payload,game_config.rules.league_points_h2h_draw,int,UNMAPPED_REVIEW,insufficient structural evidence,fpl\bootstrap-static.json,OPEN,,raw path/context or source-schema evidence,game_settings,STRUCTURALLY_RESOLVED,terminal field observed at a single captured raw FPL grain,game_settings,bootstrap-static:game_settings.league_points_h2h_draw
fpl,bootstrap-static.json,sample_payload,game_config.rules.league_points_h2h_lose,int,UNMAPPED_REVIEW,insufficient structural evidence,fpl\bootstrap-static.json,OPEN,,raw path/context or source-schema evidence,game_settings,STRUCTURALLY_RESOLVED,terminal field observed at a single captured raw FPL grain,game_settings,bootstrap-static:game_settings.league_points_h2h_lose
fpl,bootstrap-static.json,sample_payload,game_config.rules.league_points_h2h_win,int,UNMAPPED_REVIEW,insufficient structural evidence,fpl\bootstrap-static.json,OPEN,,raw path/context or source-schema evidence,game_settings,STRUCTURALLY_RESOLVED,terminal field observed at a single captured raw FPL grain,game_settings,bootstrap-static:game_settings.league_points_h2h_win
fpl,bootstrap-static.json,sample_payload,game_config.rules.league_prefix_public,str,UNMAPPED_REVIEW,insufficient structural evidence,fpl\bootstrap-static.json,OPEN,,raw path/context or source-schema evidence,game_settings,STRUCTURALLY_RESOLVED,terminal field observed at a single captured raw FPL grain,game_settings,bootstrap-static:game_settings.league_prefix_public
fpl,bootstrap-static.json,sample_payload,game_config.rules.max_extra_free_transfers,int,UNMAPPED_REVIEW,insufficient structural evidence,fpl\bootstrap-static.json,OPEN,,raw path/context or source-schema evidence,game_settings,STRUCTURALLY_RESOLVED,terminal field observed at a single captured raw FPL grain,game_settings,bootstrap-static:game_settings.max_extra_free_transfers
fpl,bootstrap-static.json,sample_payload,game_config.rules.percentile_ranks,object,UNMAPPED_REVIEW,insufficient structural evidence,fpl\bootstrap-static.json,OPEN,,raw path/context or source-schema evidence,game_settings,STRUCTURALLY_RESOLVED,terminal field observed at a single captured raw FPL grain,game_settings,bootstrap-static:game_settings.percentile_ranks | bootstrap-static:game_settings.percentile_ranks[]
fpl,bootstrap-static.json,sample_payload,game_config.rules.squad_special_max,NoneType,UNMAPPED_REVIEW,insufficient structural evidence,fpl\bootstrap-static.json,OPEN,,raw path/context or source-schema evidence,game_settings,STRUCTURALLY_RESOLVED,terminal field observed at a single captured raw FPL grain,game_settings,bootstrap-static:game_settings.squad_special_max
fpl,bootstrap-static.json,sample_payload,game_config.rules.squad_special_min,NoneType,UNMAPPED_REVIEW,insufficient structural evidence,fpl\bootstrap-static.json,OPEN,,raw path/context or source-schema evidence,game_settings,STRUCTURALLY_RESOLVED,terminal field observed at a single captured raw FPL grain,game_settings,bootstrap-static:game_settings.squad_special_min
fpl,bootstrap-static.json,sample_payload,game_config.rules.squad_squadplay,int,UNMAPPED_REVIEW,insufficient structural evidence,fpl\bootstrap-static.json,OPEN,,raw path/context or source-schema evidence,game_settings,STRUCTURALLY_RESOLVED,terminal field observed at a single captured raw FPL grain,game_settings,bootstrap-static:game_settings.squad_squadplay
fpl,bootstrap-static.json,sample_payload,game_config.rules.squad_squadsize,int,UNMAPPED_REVIEW,insufficient structural evidence,fpl\bootstrap-static.json,OPEN,,raw path/context or source-schema evidence,game_settings,STRUCTURALLY_RESOLVED,terminal field observed at a single captured raw FPL grain,game_settings,bootstrap-static:game_settings.squad_squadsize
fpl,bootstrap-static.json,sample_payload,game_config.rules.squad_total_spend,int,UNMAPPED_REVIEW,insufficient structural evidence,fpl\bootstrap-static.json,OPEN,,raw path/context or source-schema evidence,game_settings,STRUCTURALLY_RESOLVED,terminal field observed at a single captured raw FPL grain,game_settings,bootstrap-static:game_settings.squad_total_spend
fpl,bootstrap-static.json,sample_payload,game_config.rules.stats_form_days,int,UNMAPPED_REVIEW,insufficient structural evidence,fpl\bootstrap-static.json,OPEN,,raw path/context or source-schema evidence,game_settings,STRUCTURALLY_RESOLVED,terminal field observed at a single captured raw FPL grain,game_settings,bootstrap-static:game_settings.stats_form_days
fpl,bootstrap-static.json,sample_payload,game_config.rules.sys_vice_captain_enabled,bool,UNMAPPED_REVIEW,insufficient structural evidence,fpl\bootstrap-static.json,OPEN,,raw path/context or source-schema evidence,game_settings,STRUCTURALLY_RESOLVED,terminal field observed at a single captured raw FPL grain,game_settings,bootstrap-static:game_settings.sys_vice_captain_enabled
fpl,bootstrap-static.json,sample_payload,game_config.rules.transfers_cap,int,UNMAPPED_REVIEW,insufficient structural evidence,fpl\bootstrap-static.json,OPEN,,raw path/context or source-schema evidence,game_settings,STRUCTURALLY_RESOLVED,terminal field observed at a single captured raw FPL grain,game_settings,bootstrap-static:game_settings.transfers_cap
fpl,bootstrap-static.json,sample_payload,game_config.rules.transfers_sell_on_fee,float,UNMAPPED_REVIEW,insufficient structural evidence,fpl\bootstrap-static.json,OPEN,,raw path/context or source-schema evidence,game_settings,STRUCTURALLY_RESOLVED,terminal field observed at a single captured raw FPL grain,game_settings,bootstrap-static:game_settings.transfers_sell_on_fee
fpl,bootstrap-static.json,sample_payload,game_config.rules.ui_currency_multiplier,int,UNMAPPED_REVIEW,insufficient structural evidence,fpl\bootstrap-static.json,OPEN,,raw path/context or source-schema evidence,game_settings,STRUCTURALLY_RESOLVED,terminal field observed at a single captured raw FPL grain,game_settings,bootstrap-static:game_settings.ui_currency_multiplier
fpl,bootstrap-static.json,sample_payload,game_config.rules.ui_special_shirt_exclusions,object,UNMAPPED_REVIEW,insufficient structural evidence,fpl\bootstrap-static.json,OPEN,,raw path/context or source-schema evidence,game_settings,STRUCTURALLY_RESOLVED,terminal field observed at a single captured raw FPL grain,game_settings,bootstrap-static:game_settings.ui_special_shirt_exclusions
fpl,bootstrap-static.json,sample_payload,game_config.rules.ui_use_special_shirts,bool,UNMAPPED_REVIEW,insufficient structural evidence,fpl\bootstrap-static.json,OPEN,,raw path/context or source-schema evidence,game_settings,STRUCTURALLY_RESOLVED,terminal field observed at a single captured raw FPL grain,game_settings,bootstrap-static:game_settings.ui_use_special_shirts
fpl,bootstrap-static.json,sample_payload,game_config.rules.underdog_differential,int,UNMAPPED_REVIEW,insufficient structural evidence,fpl\bootstrap-static.json,OPEN,,raw path/context or source-schema evidence,game_settings,STRUCTURALLY_RESOLVED,terminal field observed at a single captured raw FPL grain,game_settings,bootstrap-static:game_settings.underdog_differential
fpl,bootstrap-static.json,sample_payload,game_config.scoring,object,UNMAPPED_REVIEW,insufficient structural evidence,fpl\bootstrap-static.json,OPEN,,raw path/context or source-schema evidence,gameweek,STRUCTURALLY_RESOLVED,terminal field observed at a single captured raw FPL grain,gameweek,bootstrap-static:chips[].overrides.scoring | bootstrap-static:events[].overrides.scoring
fpl,bootstrap-static.json,sample_payload,game_config.scoring.assists,int,UNMAPPED_REVIEW,insufficient structural evidence,fpl\bootstrap-static.json,OPEN,,raw path/context or source-schema evidence,UNMAPPED_REVIEW,AMBIGUOUS_RAW_FPL_GRAIN,terminal field observed at multiple defensible FPL grains,player;player_match;player_season,bootstrap-static:elements[].assists | element-summary:history[].assists | element-summary:history_past[].assists | event-live:elements[].stats.assists
fpl,bootstrap-static.json,sample_payload,game_config.scoring.bonus,int,UNMAPPED_REVIEW,insufficient structural evidence,fpl\bootstrap-static.json,OPEN,,raw path/context or source-schema evidence,UNMAPPED_REVIEW,AMBIGUOUS_RAW_FPL_GRAIN,terminal field observed at multiple defensible FPL grains,player;player_match;player_season,bootstrap-static:elements[].bonus | element-summary:history[].bonus | element-summary:history_past[].bonus | event-live:elements[].stats.bonus
fpl,bootstrap-static.json,sample_payload,game_config.scoring.bps,int,UNMAPPED_REVIEW,insufficient structural evidence,fpl\bootstrap-static.json,OPEN,,raw path/context or source-schema evidence,UNMAPPED_REVIEW,AMBIGUOUS_RAW_FPL_GRAIN,terminal field observed at multiple defensible FPL grains,player;player_match;player_season,bootstrap-static:elements[].bps | element-summary:history[].bps | element-summary:history_past[].bps | event-live:elements[].stats.bps
fpl,bootstrap-static.json,sample_payload,game_config.scoring.clean_sheets,object,UNMAPPED_REVIEW,insufficient structural evidence,fpl\bootstrap-static.json,OPEN,,raw path/context or source-schema evidence,UNMAPPED_REVIEW,AMBIGUOUS_RAW_FPL_GRAIN,terminal field observed at multiple defensible FPL grains,player;player_match;player_season,bootstrap-static:elements[].clean_sheets | element-summary:history[].clean_sheets | element-summary:history_past[].clean_sheets | event-live:elements[].stats.clean_sheets
fpl,bootstrap-static.json,sample_payload,game_config.scoring.clean_sheets.DEF,int,UNMAPPED_REVIEW,insufficient structural evidence,fpl\bootstrap-static.json,OPEN,,raw path/context or source-schema evidence,UNMAPPED_REVIEW,NOT_FOUND_IN_ALL_CAPTURED_RAW_FPL,terminal field not observed in captured raw FPL payloads,,
fpl,bootstrap-static.json,sample_payload,game_config.scoring.clean_sheets.FWD,int,UNMAPPED_REVIEW,insufficient structural evidence,fpl\bootstrap-static.json,OPEN,,raw path/context or source-schema evidence,UNMAPPED_REVIEW,NOT_FOUND_IN_ALL_CAPTURED_RAW_FPL,terminal field not observed in captured raw FPL payloads,,
fpl,bootstrap-static.json,sample_payload,game_config.scoring.clean_sheets.GKP,int,UNMAPPED_REVIEW,insufficient structural evidence,fpl\bootstrap-static.json,OPEN,,raw path/context or source-schema evidence,UNMAPPED_REVIEW,NOT_FOUND_IN_ALL_CAPTURED_RAW_FPL,terminal field not observed in captured raw FPL payloads,,
fpl,bootstrap-static.json,sample_payload,game_config.scoring.clean_sheets.MID,int,UNMAPPED_REVIEW,insufficient structural evidence,fpl\bootstrap-static.json,OPEN,,raw path/context or source-schema evidence,UNMAPPED_REVIEW,NOT_FOUND_IN_ALL_CAPTURED_RAW_FPL,terminal field not observed in captured raw FPL payloads,,
fpl,bootstrap-static.json,sample_payload,game_config.scoring.clearances_blocks_interceptions,int,UNMAPPED_REVIEW,insufficient structural evidence,fpl\bootstrap-static.json,OPEN,,raw path/context or source-schema evidence,UNMAPPED_REVIEW,AMBIGUOUS_RAW_FPL_GRAIN,terminal field observed at multiple defensible FPL grains,player;player_match;player_season,bootstrap-static:elements[].clearances_blocks_interceptions | element-summary:history[].clearances_blocks_interceptions | element-summary:history_past[].clearances_blocks_interceptions | event-live:elements[].stats.clearances_blocks_interceptions
fpl,bootstrap-static.json,sample_payload,game_config.scoring.creativity,int,UNMAPPED_REVIEW,insufficient structural evidence,fpl\bootstrap-static.json,OPEN,,raw path/context or source-schema evidence,UNMAPPED_REVIEW,AMBIGUOUS_RAW_FPL_GRAIN,terminal field observed at multiple defensible FPL grains,player;player_match;player_season,bootstrap-static:elements[].creativity | element-summary:history[].creativity | element-summary:history_past[].creativity | event-live:elements[].stats.creativity
fpl,bootstrap-static.json,sample_payload,game_config.scoring.defensive_contribution,object,UNMAPPED_REVIEW,insufficient structural evidence,fpl\bootstrap-static.json,OPEN,,raw path/context or source-schema evidence,UNMAPPED_REVIEW,AMBIGUOUS_RAW_FPL_GRAIN,terminal field observed at multiple defensible FPL grains,player;player_match;player_season,bootstrap-static:elements[].defensive_contribution | element-summary:history[].defensive_contribution | element-summary:history_past[].defensive_contribution | event-live:elements[].stats.defensive_contribution
fpl,bootstrap-static.json,sample_payload,game_config.scoring.defensive_contribution.DEF,int,UNMAPPED_REVIEW,insufficient structural evidence,fpl\bootstrap-static.json,OPEN,,raw path/context or source-schema evidence,UNMAPPED_REVIEW,NOT_FOUND_IN_ALL_CAPTURED_RAW_FPL,terminal field not observed in captured raw FPL payloads,,
fpl,bootstrap-static.json,sample_payload,game_config.scoring.defensive_contribution.FWD,int,UNMAPPED_REVIEW,insufficient structural evidence,fpl\bootstrap-static.json,OPEN,,raw path/context or source-schema evidence,UNMAPPED_REVIEW,NOT_FOUND_IN_ALL_CAPTURED_RAW_FPL,terminal field not observed in captured raw FPL payloads,,
fpl,bootstrap-static.json,sample_payload,game_config.scoring.defensive_contribution.GKP,int,UNMAPPED_REVIEW,insufficient structural evidence,fpl\bootstrap-static.json,OPEN,,raw path/context or source-schema evidence,UNMAPPED_REVIEW,NOT_FOUND_IN_ALL_CAPTURED_RAW_FPL,terminal field not observed in captured raw FPL payloads,,
fpl,bootstrap-static.json,sample_payload,game_config.scoring.defensive_contribution.MID,int,UNMAPPED_REVIEW,insufficient structural evidence,fpl\bootstrap-static.json,OPEN,,raw path/context or source-schema evidence,UNMAPPED_REVIEW,NOT_FOUND_IN_ALL_CAPTURED_RAW_FPL,terminal field not observed in captured raw FPL payloads,,
fpl,bootstrap-static.json,sample_payload,game_config.scoring.expected_assists,int,UNMAPPED_REVIEW,insufficient structural evidence,fpl\bootstrap-static.json,OPEN,,raw path/context or source-schema evidence,UNMAPPED_REVIEW,AMBIGUOUS_RAW_FPL_GRAIN,terminal field observed at multiple defensible FPL grains,player;player_match;player_season,bootstrap-static:elements[].expected_assists | element-summary:history[].expected_assists | element-summary:history_past[].expected_assists | event-live:elements[].stats.expected_assists
fpl,bootstrap-static.json,sample_payload,game_config.scoring.expected_goal_involvements,int,UNMAPPED_REVIEW,insufficient structural evidence,fpl\bootstrap-static.json,OPEN,,raw path/context or source-schema evidence,UNMAPPED_REVIEW,AMBIGUOUS_RAW_FPL_GRAIN,terminal field observed at multiple defensible FPL grains,player;player_match;player_season,bootstrap-static:elements[].expected_goal_involvements | element-summary:history[].expected_goal_involvements | element-summary:history_past[].expected_goal_involvements | event-live:elements[].stats.expected_goal_involvements
fpl,bootstrap-static.json,sample_payload,game_config.scoring.expected_goals,int,UNMAPPED_REVIEW,insufficient structural evidence,fpl\bootstrap-static.json,OPEN,,raw path/context or source-schema evidence,UNMAPPED_REVIEW,AMBIGUOUS_RAW_FPL_GRAIN,terminal field observed at multiple defensible FPL grains,player;player_match;player_season,bootstrap-static:elements[].expected_goals | element-summary:history[].expected_goals | element-summary:history_past[].expected_goals | event-live:elements[].stats.expected_goals
fpl,bootstrap-static.json,sample_payload,game_config.scoring.expected_goals_conceded,int,UNMAPPED_REVIEW,insufficient structural evidence,fpl\bootstrap-static.json,OPEN,,raw path/context or source-schema evidence,UNMAPPED_REVIEW,AMBIGUOUS_RAW_FPL_GRAIN,terminal field observed at multiple defensible FPL grains,player;player_match;player_season,bootstrap-static:elements[].expected_goals_conceded | element-summary:history[].expected_goals_conceded | element-summary:history_past[].expected_goals_conceded | event-live:elements[].stats.expected_goals_conceded
fpl,bootstrap-static.json,sample_payload,game_config.scoring.goals_conceded,object,UNMAPPED_REVIEW,insufficient structural evidence,fpl\bootstrap-static.json,OPEN,,raw path/context or source-schema evidence,UNMAPPED_REVIEW,AMBIGUOUS_RAW_FPL_GRAIN,terminal field observed at multiple defensible FPL grains,player;player_match;player_season,bootstrap-static:elements[].goals_conceded | element-summary:history[].goals_conceded | element-summary:history_past[].goals_conceded | event-live:elements[].stats.goals_conceded
fpl,bootstrap-static.json,sample_payload,game_config.scoring.goals_conceded.DEF,int,UNMAPPED_REVIEW,insufficient structural evidence,fpl\bootstrap-static.json,OPEN,,raw path/context or source-schema evidence,UNMAPPED_REVIEW,NOT_FOUND_IN_ALL_CAPTURED_RAW_FPL,terminal field not observed in captured raw FPL payloads,,
fpl,bootstrap-static.json,sample_payload,game_config.scoring.goals_conceded.FWD,int,UNMAPPED_REVIEW,insufficient structural evidence,fpl\bootstrap-static.json,OPEN,,raw path/context or source-schema evidence,UNMAPPED_REVIEW,NOT_FOUND_IN_ALL_CAPTURED_RAW_FPL,terminal field not observed in captured raw FPL payloads,,
fpl,bootstrap-static.json,sample_payload,game_config.scoring.goals_conceded.GKP,int,UNMAPPED_REVIEW,insufficient structural evidence,fpl\bootstrap-static.json,OPEN,,raw path/context or source-schema evidence,UNMAPPED_REVIEW,NOT_FOUND_IN_ALL_CAPTURED_RAW_FPL,terminal field not observed in captured raw FPL payloads,,
fpl,bootstrap-static.json,sample_payload,game_config.scoring.goals_conceded.MID,int,UNMAPPED_REVIEW,insufficient structural evidence,fpl\bootstrap-static.json,OPEN,,raw path/context or source-schema evidence,UNMAPPED_REVIEW,NOT_FOUND_IN_ALL_CAPTURED_RAW_FPL,terminal field not observed in captured raw FPL payloads,,
fpl,bootstrap-static.json,sample_payload,game_config.scoring.goals_scored,object,UNMAPPED_REVIEW,insufficient structural evidence,fpl\bootstrap-static.json,OPEN,,raw path/context or source-schema evidence,UNMAPPED_REVIEW,AMBIGUOUS_RAW_FPL_GRAIN,terminal field observed at multiple defensible FPL grains,player;player_match;player_season,bootstrap-static:elements[].goals_scored | element-summary:history[].goals_scored | element-summary:history_past[].goals_scored | event-live:elements[].stats.goals_scored
fpl,bootstrap-static.json,sample_payload,game_config.scoring.goals_scored.DEF,int,UNMAPPED_REVIEW,insufficient structural evidence,fpl\bootstrap-static.json,OPEN,,raw path/context or source-schema evidence,UNMAPPED_REVIEW,NOT_FOUND_IN_ALL_CAPTURED_RAW_FPL,terminal field not observed in captured raw FPL payloads,,
fpl,bootstrap-static.json,sample_payload,game_config.scoring.goals_scored.FWD,int,UNMAPPED_REVIEW,insufficient structural evidence,fpl\bootstrap-static.json,OPEN,,raw path/context or source-schema evidence,UNMAPPED_REVIEW,NOT_FOUND_IN_ALL_CAPTURED_RAW_FPL,terminal field not observed in captured raw FPL payloads,,
fpl,bootstrap-static.json,sample_payload,game_config.scoring.goals_scored.GKP,int,UNMAPPED_REVIEW,insufficient structural evidence,fpl\bootstrap-static.json,OPEN,,raw path/context or source-schema evidence,UNMAPPED_REVIEW,NOT_FOUND_IN_ALL_CAPTURED_RAW_FPL,terminal field not observed in captured raw FPL payloads,,
fpl,bootstrap-static.json,sample_payload,game_config.scoring.goals_scored.MID,int,UNMAPPED_REVIEW,insufficient structural evidence,fpl\bootstrap-static.json,OPEN,,raw path/context or source-schema evidence,UNMAPPED_REVIEW,NOT_FOUND_IN_ALL_CAPTURED_RAW_FPL,terminal field not observed in captured raw FPL payloads,,
fpl,bootstrap-static.json,sample_payload,game_config.scoring.ict_index,int,UNMAPPED_REVIEW,insufficient structural evidence,fpl\bootstrap-static.json,OPEN,,raw path/context or source-schema evidence,UNMAPPED_REVIEW,AMBIGUOUS_RAW_FPL_GRAIN,terminal field observed at multiple defensible FPL grains,player;player_match;player_season,bootstrap-static:elements[].ict_index | element-summary:history[].ict_index | element-summary:history_past[].ict_index | event-live:elements[].stats.ict_index
fpl,bootstrap-static.json,sample_payload,game_config.scoring.influence,int,UNMAPPED_REVIEW,insufficient structural evidence,fpl\bootstrap-static.json,OPEN,,raw path/context or source-schema evidence,UNMAPPED_REVIEW,AMBIGUOUS_RAW_FPL_GRAIN,terminal field observed at multiple defensible FPL grains,player;player_match;player_season,bootstrap-static:elements[].influence | element-summary:history[].influence | element-summary:history_past[].influence | event-live:elements[].stats.influence
fpl,bootstrap-static.json,sample_payload,game_config.scoring.long_play,int,UNMAPPED_REVIEW,insufficient structural evidence,fpl\bootstrap-static.json,OPEN,,raw path/context or source-schema evidence,UNMAPPED_REVIEW,NOT_FOUND_IN_ALL_CAPTURED_RAW_FPL,terminal field not observed in captured raw FPL payloads,,
fpl,bootstrap-static.json,sample_payload,game_config.scoring.mng_clean_sheets,object,UNMAPPED_REVIEW,insufficient structural evidence,fpl\bootstrap-static.json,OPEN,,raw path/context or source-schema evidence,UNMAPPED_REVIEW,NOT_FOUND_IN_ALL_CAPTURED_RAW_FPL,terminal field not observed in captured raw FPL payloads,,
fpl,bootstrap-static.json,sample_payload,game_config.scoring.mng_clean_sheets.DEF,int,UNMAPPED_REVIEW,insufficient structural evidence,fpl\bootstrap-static.json,OPEN,,raw path/context or source-schema evidence,UNMAPPED_REVIEW,NOT_FOUND_IN_ALL_CAPTURED_RAW_FPL,terminal field not observed in captured raw FPL payloads,,
fpl,bootstrap-static.json,sample_payload,game_config.scoring.mng_clean_sheets.FWD,int,UNMAPPED_REVIEW,insufficient structural evidence,fpl\bootstrap-static.json,OPEN,,raw path/context or source-schema evidence,UNMAPPED_REVIEW,NOT_FOUND_IN_ALL_CAPTURED_RAW_FPL,terminal field not observed in captured raw FPL payloads,,
fpl,bootstrap-static.json,sample_payload,game_config.scoring.mng_clean_sheets.GKP,int,UNMAPPED_REVIEW,insufficient structural evidence,fpl\bootstrap-static.json,OPEN,,raw path/context or source-schema evidence,UNMAPPED_REVIEW,NOT_FOUND_IN_ALL_CAPTURED_RAW_FPL,terminal field not observed in captured raw FPL payloads,,
fpl,bootstrap-static.json,sample_payload,game_config.scoring.mng_clean_sheets.MID,int,UNMAPPED_REVIEW,insufficient structural evidence,fpl\bootstrap-static.json,OPEN,,raw path/context or source-schema evidence,UNMAPPED_REVIEW,NOT_FOUND_IN_ALL_CAPTURED_RAW_FPL,terminal field not observed in captured raw FPL payloads,,
fpl,bootstrap-static.json,sample_payload,game_config.scoring.mng_draw,object,UNMAPPED_REVIEW,insufficient structural evidence,fpl\bootstrap-static.json,OPEN,,raw path/context or source-schema evidence,UNMAPPED_REVIEW,NOT_FOUND_IN_ALL_CAPTURED_RAW_FPL,terminal field not observed in captured raw FPL payloads,,
fpl,bootstrap-static.json,sample_payload,game_config.scoring.mng_draw.DEF,int,UNMAPPED_REVIEW,insufficient structural evidence,fpl\bootstrap-static.json,OPEN,,raw path/context or source-schema evidence,UNMAPPED_REVIEW,NOT_FOUND_IN_ALL_CAPTURED_RAW_FPL,terminal field not observed in captured raw FPL payloads,,
fpl,bootstrap-static.json,sample_payload,game_config.scoring.mng_draw.FWD,int,UNMAPPED_REVIEW,insufficient structural evidence,fpl\bootstrap-static.json,OPEN,,raw path/context or source-schema evidence,UNMAPPED_REVIEW,NOT_FOUND_IN_ALL_CAPTURED_RAW_FPL,terminal field not observed in captured raw FPL payloads,,
fpl,bootstrap-static.json,sample_payload,game_config.scoring.mng_draw.GKP,int,UNMAPPED_REVIEW,insufficient structural evidence,fpl\bootstrap-static.json,OPEN,,raw path/context or source-schema evidence,UNMAPPED_REVIEW,NOT_FOUND_IN_ALL_CAPTURED_RAW_FPL,terminal field not observed in captured raw FPL payloads,,
fpl,bootstrap-static.json,sample_payload,game_config.scoring.mng_draw.MID,int,UNMAPPED_REVIEW,insufficient structural evidence,fpl\bootstrap-static.json,OPEN,,raw path/context or source-schema evidence,UNMAPPED_REVIEW,NOT_FOUND_IN_ALL_CAPTURED_RAW_FPL,terminal field not observed in captured raw FPL payloads,,
fpl,bootstrap-static.json,sample_payload,game_config.scoring.mng_goals_scored,object,UNMAPPED_REVIEW,insufficient structural evidence,fpl\bootstrap-static.json,OPEN,,raw path/context or source-schema evidence,UNMAPPED_REVIEW,NOT_FOUND_IN_ALL_CAPTURED_RAW_FPL,terminal field not observed in captured raw FPL payloads,,
fpl,bootstrap-static.json,sample_payload,game_config.scoring.mng_goals_scored.DEF,int,UNMAPPED_REVIEW,insufficient structural evidence,fpl\bootstrap-static.json,OPEN,,raw path/context or source-schema evidence,UNMAPPED_REVIEW,NOT_FOUND_IN_ALL_CAPTURED_RAW_FPL,terminal field not observed in captured raw FPL payloads,,
fpl,bootstrap-static.json,sample_payload,game_config.scoring.mng_goals_scored.FWD,int,UNMAPPED_REVIEW,insufficient structural evidence,fpl\bootstrap-static.json,OPEN,,raw path/context or source-schema evidence,UNMAPPED_REVIEW,NOT_FOUND_IN_ALL_CAPTURED_RAW_FPL,terminal field not observed in captured raw FPL payloads,,
fpl,bootstrap-static.json,sample_payload,game_config.scoring.mng_goals_scored.GKP,int,UNMAPPED_REVIEW,insufficient structural evidence,fpl\bootstrap-static.json,OPEN,,raw path/context or source-schema evidence,UNMAPPED_REVIEW,NOT_FOUND_IN_ALL_CAPTURED_RAW_FPL,terminal field not observed in captured raw FPL payloads,,
fpl,bootstrap-static.json,sample_payload,game_config.scoring.mng_goals_scored.MID,int,UNMAPPED_REVIEW,insufficient structural evidence,fpl\bootstrap-static.json,OPEN,,raw path/context or source-schema evidence,UNMAPPED_REVIEW,NOT_FOUND_IN_ALL_CAPTURED_RAW_FPL,terminal field not observed in captured raw FPL payloads,,
fpl,bootstrap-static.json,sample_payload,game_config.scoring.mng_loss,int,UNMAPPED_REVIEW,insufficient structural evidence,fpl\bootstrap-static.json,OPEN,,raw path/context or source-schema evidence,UNMAPPED_REVIEW,NOT_FOUND_IN_ALL_CAPTURED_RAW_FPL,terminal field not observed in captured raw FPL payloads,,
fpl,bootstrap-static.json,sample_payload,game_config.scoring.mng_underdog_draw,object,UNMAPPED_REVIEW,insufficient structural evidence,fpl\bootstrap-static.json,OPEN,,raw path/context or source-schema evidence,UNMAPPED_REVIEW,NOT_FOUND_IN_ALL_CAPTURED_RAW_FPL,terminal field not observed in captured raw FPL payloads,,
fpl,bootstrap-static.json,sample_payload,game_config.scoring.mng_underdog_draw.DEF,int,UNMAPPED_REVIEW,insufficient structural evidence,fpl\bootstrap-static.json,OPEN,,raw path/context or source-schema evidence,UNMAPPED_REVIEW,NOT_FOUND_IN_ALL_CAPTURED_RAW_FPL,terminal field not observed in captured raw FPL payloads,,
fpl,bootstrap-static.json,sample_payload,game_config.scoring.mng_underdog_draw.FWD,int,UNMAPPED_REVIEW,insufficient structural evidence,fpl\bootstrap-static.json,OPEN,,raw path/context or source-schema evidence,UNMAPPED_REVIEW,NOT_FOUND_IN_ALL_CAPTURED_RAW_FPL,terminal field not observed in captured raw FPL payloads,,
fpl,bootstrap-static.json,sample_payload,game_config.scoring.mng_underdog_draw.GKP,int,UNMAPPED_REVIEW,insufficient structural evidence,fpl\bootstrap-static.json,OPEN,,raw path/context or source-schema evidence,UNMAPPED_REVIEW,NOT_FOUND_IN_ALL_CAPTURED_RAW_FPL,terminal field not observed in captured raw FPL payloads,,
fpl,bootstrap-static.json,sample_payload,game_config.scoring.mng_underdog_draw.MID,int,UNMAPPED_REVIEW,insufficient structural evidence,fpl\bootstrap-static.json,OPEN,,raw path/context or source-schema evidence,UNMAPPED_REVIEW,NOT_FOUND_IN_ALL_CAPTURED_RAW_FPL,terminal field not observed in captured raw FPL payloads,,
fpl,bootstrap-static.json,sample_payload,game_config.scoring.mng_underdog_win,object,UNMAPPED_REVIEW,insufficient structural evidence,fpl\bootstrap-static.json,OPEN,,raw path/context or source-schema evidence,UNMAPPED_REVIEW,NOT_FOUND_IN_ALL_CAPTURED_RAW_FPL,terminal field not observed in captured raw FPL payloads,,
fpl,bootstrap-static.json,sample_payload,game_config.scoring.mng_underdog_win.DEF,int,UNMAPPED_REVIEW,insufficient structural evidence,fpl\bootstrap-static.json,OPEN,,raw path/context or source-schema evidence,UNMAPPED_REVIEW,NOT_FOUND_IN_ALL_CAPTURED_RAW_FPL,terminal field not observed in captured raw FPL payloads,,
fpl,bootstrap-static.json,sample_payload,game_config.scoring.mng_underdog_win.FWD,int,UNMAPPED_REVIEW,insufficient structural evidence,fpl\bootstrap-static.json,OPEN,,raw path/context or source-schema evidence,UNMAPPED_REVIEW,NOT_FOUND_IN_ALL_CAPTURED_RAW_FPL,terminal field not observed in captured raw FPL payloads,,
fpl,bootstrap-static.json,sample_payload,game_config.scoring.mng_underdog_win.GKP,int,UNMAPPED_REVIEW,insufficient structural evidence,fpl\bootstrap-static.json,OPEN,,raw path/context or source-schema evidence,UNMAPPED_REVIEW,NOT_FOUND_IN_ALL_CAPTURED_RAW_FPL,terminal field not observed in captured raw FPL payloads,,
fpl,bootstrap-static.json,sample_payload,game_config.scoring.mng_underdog_win.MID,int,UNMAPPED_REVIEW,insufficient structural evidence,fpl\bootstrap-static.json,OPEN,,raw path/context or source-schema evidence,UNMAPPED_REVIEW,NOT_FOUND_IN_ALL_CAPTURED_RAW_FPL,terminal field not observed in captured raw FPL payloads,,
fpl,bootstrap-static.json,sample_payload,game_config.scoring.mng_win,object,UNMAPPED_REVIEW,insufficient structural evidence,fpl\bootstrap-static.json,OPEN,,raw path/context or source-schema evidence,UNMAPPED_REVIEW,NOT_FOUND_IN_ALL_CAPTURED_RAW_FPL,terminal field not observed in captured raw FPL payloads,,
fpl,bootstrap-static.json,sample_payload,game_config.scoring.mng_win.DEF,int,UNMAPPED_REVIEW,insufficient structural evidence,fpl\bootstrap-static.json,OPEN,,raw path/context or source-schema evidence,UNMAPPED_REVIEW,NOT_FOUND_IN_ALL_CAPTURED_RAW_FPL,terminal field not observed in captured raw FPL payloads,,
fpl,bootstrap-static.json,sample_payload,game_config.scoring.mng_win.FWD,int,UNMAPPED_REVIEW,insufficient structural evidence,fpl\bootstrap-static.json,OPEN,,raw path/context or source-schema evidence,UNMAPPED_REVIEW,NOT_FOUND_IN_ALL_CAPTURED_RAW_FPL,terminal field not observed in captured raw FPL payloads,,
fpl,bootstrap-static.json,sample_payload,game_config.scoring.mng_win.GKP,int,UNMAPPED_REVIEW,insufficient structural evidence,fpl\bootstrap-static.json,OPEN,,raw path/context or source-schema evidence,UNMAPPED_REVIEW,NOT_FOUND_IN_ALL_CAPTURED_RAW_FPL,terminal field not observed in captured raw FPL payloads,,
fpl,bootstrap-static.json,sample_payload,game_config.scoring.mng_win.MID,int,UNMAPPED_REVIEW,insufficient structural evidence,fpl\bootstrap-static.json,OPEN,,raw path/context or source-schema evidence,UNMAPPED_REVIEW,NOT_FOUND_IN_ALL_CAPTURED_RAW_FPL,terminal field not observed in captured raw FPL payloads,,
fpl,bootstrap-static.json,sample_payload,game_config.scoring.own_goals,int,UNMAPPED_REVIEW,insufficient structural evidence,fpl\bootstrap-static.json,OPEN,,raw path/context or source-schema evidence,UNMAPPED_REVIEW,AMBIGUOUS_RAW_FPL_GRAIN,terminal field observed at multiple defensible FPL grains,player;player_match;player_season,bootstrap-static:elements[].own_goals | element-summary:history[].own_goals | element-summary:history_past[].own_goals | event-live:elements[].stats.own_goals
fpl,bootstrap-static.json,sample_payload,game_config.scoring.penalties_missed,int,UNMAPPED_REVIEW,insufficient structural evidence,fpl\bootstrap-static.json,OPEN,,raw path/context or source-schema evidence,UNMAPPED_REVIEW,AMBIGUOUS_RAW_FPL_GRAIN,terminal field observed at multiple defensible FPL grains,player;player_match;player_season,bootstrap-static:elements[].penalties_missed | element-summary:history[].penalties_missed | element-summary:history_past[].penalties_missed | event-live:elements[].stats.penalties_missed
fpl,bootstrap-static.json,sample_payload,game_config.scoring.penalties_saved,int,UNMAPPED_REVIEW,insufficient structural evidence,fpl\bootstrap-static.json,OPEN,,raw path/context or source-schema evidence,UNMAPPED_REVIEW,AMBIGUOUS_RAW_FPL_GRAIN,terminal field observed at multiple defensible FPL grains,player;player_match;player_season,bootstrap-static:elements[].penalties_saved | element-summary:history[].penalties_saved | element-summary:history_past[].penalties_saved | event-live:elements[].stats.penalties_saved
fpl,bootstrap-static.json,sample_payload,game_config.scoring.recoveries,int,UNMAPPED_REVIEW,insufficient structural evidence,fpl\bootstrap-static.json,OPEN,,raw path/context or source-schema evidence,UNMAPPED_REVIEW,AMBIGUOUS_RAW_FPL_GRAIN,terminal field observed at multiple defensible FPL grains,player;player_match;player_season,bootstrap-static:elements[].recoveries | element-summary:history[].recoveries | element-summary:history_past[].recoveries | event-live:elements[].stats.recoveries
fpl,bootstrap-static.json,sample_payload,game_config.scoring.red_cards,int,UNMAPPED_REVIEW,insufficient structural evidence,fpl\bootstrap-static.json,OPEN,,raw path/context or source-schema evidence,UNMAPPED_REVIEW,AMBIGUOUS_RAW_FPL_GRAIN,terminal field observed at multiple defensible FPL grains,player;player_match;player_season,bootstrap-static:elements[].red_cards | element-summary:history[].red_cards | element-summary:history_past[].red_cards | event-live:elements[].stats.red_cards
fpl,bootstrap-static.json,sample_payload,game_config.scoring.saves,int,UNMAPPED_REVIEW,insufficient structural evidence,fpl\bootstrap-static.json,OPEN,,raw path/context or source-schema evidence,UNMAPPED_REVIEW,AMBIGUOUS_RAW_FPL_GRAIN,terminal field observed at multiple defensible FPL grains,player;player_match;player_season,bootstrap-static:elements[].saves | element-summary:history[].saves | element-summary:history_past[].saves | event-live:elements[].stats.saves
fpl,bootstrap-static.json,sample_payload,game_config.scoring.short_play,int,UNMAPPED_REVIEW,insufficient structural evidence,fpl\bootstrap-static.json,OPEN,,raw path/context or source-schema evidence,UNMAPPED_REVIEW,NOT_FOUND_IN_ALL_CAPTURED_RAW_FPL,terminal field not observed in captured raw FPL payloads,,
fpl,bootstrap-static.json,sample_payload,game_config.scoring.special_multiplier,int,UNMAPPED_REVIEW,insufficient structural evidence,fpl\bootstrap-static.json,OPEN,,raw path/context or source-schema evidence,UNMAPPED_REVIEW,NOT_FOUND_IN_ALL_CAPTURED_RAW_FPL,terminal field not observed in captured raw FPL payloads,,
fpl,bootstrap-static.json,sample_payload,game_config.scoring.starts,int,UNMAPPED_REVIEW,insufficient structural evidence,fpl\bootstrap-static.json,OPEN,,raw path/context or source-schema evidence,UNMAPPED_REVIEW,AMBIGUOUS_RAW_FPL_GRAIN,terminal field observed at multiple defensible FPL grains,player;player_match;player_season,bootstrap-static:elements[].starts | element-summary:history[].starts | element-summary:history_past[].starts | event-live:elements[].stats.starts
fpl,bootstrap-static.json,sample_payload,game_config.scoring.tackles,int,UNMAPPED_REVIEW,insufficient structural evidence,fpl\bootstrap-static.json,OPEN,,raw path/context or source-schema evidence,UNMAPPED_REVIEW,AMBIGUOUS_RAW_FPL_GRAIN,terminal field observed at multiple defensible FPL grains,player;player_match;player_season,bootstrap-static:elements[].tackles | element-summary:history[].tackles | element-summary:history_past[].tackles | event-live:elements[].stats.tackles
fpl,bootstrap-static.json,sample_payload,game_config.scoring.threat,int,UNMAPPED_REVIEW,insufficient structural evidence,fpl\bootstrap-static.json,OPEN,,raw path/context or source-schema evidence,UNMAPPED_REVIEW,AMBIGUOUS_RAW_FPL_GRAIN,terminal field observed at multiple defensible FPL grains,player;player_match;player_season,bootstrap-static:elements[].threat | element-summary:history[].threat | element-summary:history_past[].threat | event-live:elements[].stats.threat
fpl,bootstrap-static.json,sample_payload,game_config.scoring.yellow_cards,int,UNMAPPED_REVIEW,insufficient structural evidence,fpl\bootstrap-static.json,OPEN,,raw path/context or source-schema evidence,UNMAPPED_REVIEW,AMBIGUOUS_RAW_FPL_GRAIN,terminal field observed at multiple defensible FPL grains,player;player_match;player_season,bootstrap-static:elements[].yellow_cards | element-summary:history[].yellow_cards | element-summary:history_past[].yellow_cards | event-live:elements[].stats.yellow_cards
fpl,bootstrap-static.json,sample_payload,game_config.settings,object,UNMAPPED_REVIEW,insufficient structural evidence,fpl\bootstrap-static.json,OPEN,,raw path/context or source-schema evidence,UNMAPPED_REVIEW,NOT_FOUND_IN_ALL_CAPTURED_RAW_FPL,terminal field not observed in captured raw FPL payloads,,
fpl,bootstrap-static.json,sample_payload,game_config.settings.entry_per_event,bool,UNMAPPED_REVIEW,insufficient structural evidence,fpl\bootstrap-static.json,OPEN,,raw path/context or source-schema evidence,UNMAPPED_REVIEW,NOT_FOUND_IN_ALL_CAPTURED_RAW_FPL,terminal field not observed in captured raw FPL payloads,,
fpl,bootstrap-static.json,sample_payload,game_config.settings.price_change_deadlines,object,UNMAPPED_REVIEW,insufficient structural evidence,fpl\bootstrap-static.json,OPEN,,raw path/context or source-schema evidence,UNMAPPED_REVIEW,NOT_FOUND_IN_ALL_CAPTURED_RAW_FPL,terminal field not observed in captured raw FPL payloads,,
fpl,bootstrap-static.json,sample_payload,game_config.settings.static_content_url,str,UNMAPPED_REVIEW,insufficient structural evidence,fpl\bootstrap-static.json,OPEN,,raw path/context or source-schema evidence,UNMAPPED_REVIEW,NOT_FOUND_IN_ALL_CAPTURED_RAW_FPL,terminal field not observed in captured raw FPL payloads,,
fpl,bootstrap-static.json,sample_payload,game_config.settings.timezone,str,UNMAPPED_REVIEW,insufficient structural evidence,fpl\bootstrap-static.json,OPEN,,raw path/context or source-schema evidence,game_settings,STRUCTURALLY_RESOLVED,terminal field observed at a single captured raw FPL grain,game_settings,bootstrap-static:game_settings.timezone
fpl,bootstrap-static.json,sample_payload,game_settings,object,UNMAPPED_REVIEW,insufficient structural evidence,fpl\bootstrap-static.json,OPEN,,raw path/context or source-schema evidence,game_settings,STRUCTURALLY_RESOLVED,exact JSON field path observed in captured raw FPL payload,game_settings,bootstrap-static:game_settings
fpl,bootstrap-static.json,sample_payload,game_settings.cup_qualifying_method,NoneType,UNMAPPED_REVIEW,insufficient structural evidence,fpl\bootstrap-static.json,OPEN,,raw path/context or source-schema evidence,game_settings,STRUCTURALLY_RESOLVED,exact JSON field path observed in captured raw FPL payload,game_settings,bootstrap-static:game_settings.cup_qualifying_method
fpl,bootstrap-static.json,sample_payload,game_settings.cup_start_event_id,NoneType,UNMAPPED_REVIEW,insufficient structural evidence,fpl\bootstrap-static.json,OPEN,,raw path/context or source-schema evidence,game_settings,STRUCTURALLY_RESOLVED,exact JSON field path observed in captured raw FPL payload,game_settings,bootstrap-static:game_settings.cup_start_event_id
fpl,bootstrap-static.json,sample_payload,game_settings.cup_stop_event_id,NoneType,UNMAPPED_REVIEW,insufficient structural evidence,fpl\bootstrap-static.json,OPEN,,raw path/context or source-schema evidence,game_settings,STRUCTURALLY_RESOLVED,exact JSON field path observed in captured raw FPL payload,game_settings,bootstrap-static:game_settings.cup_stop_event_id
fpl,bootstrap-static.json,sample_payload,game_settings.cup_type,NoneType,UNMAPPED_REVIEW,insufficient structural evidence,fpl\bootstrap-static.json,OPEN,,raw path/context or source-schema evidence,game_settings,STRUCTURALLY_RESOLVED,exact JSON field path observed in captured raw FPL payload,game_settings,bootstrap-static:game_settings.cup_type
fpl,bootstrap-static.json,sample_payload,game_settings.featured_entries,object,UNMAPPED_REVIEW,insufficient structural evidence,fpl\bootstrap-static.json,OPEN,,raw path/context or source-schema evidence,game_settings,STRUCTURALLY_RESOLVED,exact JSON field path observed in captured raw FPL payload,game_settings,bootstrap-static:game_settings.featured_entries
fpl,bootstrap-static.json,sample_payload,game_settings.league_h2h_tiebreak_stats,object,UNMAPPED_REVIEW,insufficient structural evidence,fpl\bootstrap-static.json,OPEN,,raw path/context or source-schema evidence,game_settings,STRUCTURALLY_RESOLVED,exact JSON field path observed in captured raw FPL payload,game_settings,bootstrap-static:game_settings.league_h2h_tiebreak_stats
fpl,bootstrap-static.json,sample_payload,game_settings.league_join_private_max,int,UNMAPPED_REVIEW,insufficient structural evidence,fpl\bootstrap-static.json,OPEN,,raw path/context or source-schema evidence,game_settings,STRUCTURALLY_RESOLVED,exact JSON field path observed in captured raw FPL payload,game_settings,bootstrap-static:game_settings.league_join_private_max
fpl,bootstrap-static.json,sample_payload,game_settings.league_join_public_max,int,UNMAPPED_REVIEW,insufficient structural evidence,fpl\bootstrap-static.json,OPEN,,raw path/context or source-schema evidence,game_settings,STRUCTURALLY_RESOLVED,exact JSON field path observed in captured raw FPL payload,game_settings,bootstrap-static:game_settings.league_join_public_max
fpl,bootstrap-static.json,sample_payload,game_settings.league_ko_first_instead_of_random,bool,UNMAPPED_REVIEW,insufficient structural evidence,fpl\bootstrap-static.json,OPEN,,raw path/context or source-schema evidence,game_settings,STRUCTURALLY_RESOLVED,exact JSON field path observed in captured raw FPL payload,game_settings,bootstrap-static:game_settings.league_ko_first_instead_of_random
fpl,bootstrap-static.json,sample_payload,game_settings.league_max_ko_rounds_private_h2h,int,UNMAPPED_REVIEW,insufficient structural evidence,fpl\bootstrap-static.json,OPEN,,raw path/context or source-schema evidence,game_settings,STRUCTURALLY_RESOLVED,exact JSON field path observed in captured raw FPL payload,game_settings,bootstrap-static:game_settings.league_max_ko_rounds_private_h2h
fpl,bootstrap-static.json,sample_payload,game_settings.league_max_size_private_h2h,int,UNMAPPED_REVIEW,insufficient structural evidence,fpl\bootstrap-static.json,OPEN,,raw path/context or source-schema evidence,game_settings,STRUCTURALLY_RESOLVED,exact JSON field path observed in captured raw FPL payload,game_settings,bootstrap-static:game_settings.league_max_size_private_h2h
fpl,bootstrap-static.json,sample_payload,game_settings.league_max_size_public_classic,int,UNMAPPED_REVIEW,insufficient structural evidence,fpl\bootstrap-static.json,OPEN,,raw path/context or source-schema evidence,game_settings,STRUCTURALLY_RESOLVED,exact JSON field path observed in captured raw FPL payload,game_settings,bootstrap-static:game_settings.league_max_size_public_classic
fpl,bootstrap-static.json,sample_payload,game_settings.league_max_size_public_h2h,int,UNMAPPED_REVIEW,insufficient structural evidence,fpl\bootstrap-static.json,OPEN,,raw path/context or source-schema evidence,game_settings,STRUCTURALLY_RESOLVED,exact JSON field path observed in captured raw FPL payload,game_settings,bootstrap-static:game_settings.league_max_size_public_h2h
fpl,bootstrap-static.json,sample_payload,game_settings.league_points_h2h_draw,int,UNMAPPED_REVIEW,insufficient structural evidence,fpl\bootstrap-static.json,OPEN,,raw path/context or source-schema evidence,game_settings,STRUCTURALLY_RESOLVED,exact JSON field path observed in captured raw FPL payload,game_settings,bootstrap-static:game_settings.league_points_h2h_draw
fpl,bootstrap-static.json,sample_payload,game_settings.league_points_h2h_lose,int,UNMAPPED_REVIEW,insufficient structural evidence,fpl\bootstrap-static.json,OPEN,,raw path/context or source-schema evidence,game_settings,STRUCTURALLY_RESOLVED,exact JSON field path observed in captured raw FPL payload,game_settings,bootstrap-static:game_settings.league_points_h2h_lose
fpl,bootstrap-static.json,sample_payload,game_settings.league_points_h2h_win,int,UNMAPPED_REVIEW,insufficient structural evidence,fpl\bootstrap-static.json,OPEN,,raw path/context or source-schema evidence,game_settings,STRUCTURALLY_RESOLVED,exact JSON field path observed in captured raw FPL payload,game_settings,bootstrap-static:game_settings.league_points_h2h_win
fpl,bootstrap-static.json,sample_payload,game_settings.league_prefix_public,str,UNMAPPED_REVIEW,insufficient structural evidence,fpl\bootstrap-static.json,OPEN,,raw path/context or source-schema evidence,game_settings,STRUCTURALLY_RESOLVED,exact JSON field path observed in captured raw FPL payload,game_settings,bootstrap-static:game_settings.league_prefix_public
fpl,bootstrap-static.json,sample_payload,game_settings.max_extra_free_transfers,int,UNMAPPED_REVIEW,insufficient structural evidence,fpl\bootstrap-static.json,OPEN,,raw path/context or source-schema evidence,game_settings,STRUCTURALLY_RESOLVED,exact JSON field path observed in captured raw FPL payload,game_settings,bootstrap-static:game_settings.max_extra_free_transfers
fpl,bootstrap-static.json,sample_payload,game_settings.percentile_ranks,object,UNMAPPED_REVIEW,insufficient structural evidence,fpl\bootstrap-static.json,OPEN,,raw path/context or source-schema evidence,game_settings,STRUCTURALLY_RESOLVED,exact JSON field path observed in captured raw FPL payload,game_settings,bootstrap-static:game_settings.percentile_ranks
fpl,bootstrap-static.json,sample_payload,game_settings.squad_special_max,NoneType,UNMAPPED_REVIEW,insufficient structural evidence,fpl\bootstrap-static.json,OPEN,,raw path/context or source-schema evidence,game_settings,STRUCTURALLY_RESOLVED,exact JSON field path observed in captured raw FPL payload,game_settings,bootstrap-static:game_settings.squad_special_max
fpl,bootstrap-static.json,sample_payload,game_settings.squad_special_min,NoneType,UNMAPPED_REVIEW,insufficient structural evidence,fpl\bootstrap-static.json,OPEN,,raw path/context or source-schema evidence,game_settings,STRUCTURALLY_RESOLVED,exact JSON field path observed in captured raw FPL payload,game_settings,bootstrap-static:game_settings.squad_special_min
fpl,bootstrap-static.json,sample_payload,game_settings.squad_squadplay,int,UNMAPPED_REVIEW,insufficient structural evidence,fpl\bootstrap-static.json,OPEN,,raw path/context or source-schema evidence,game_settings,STRUCTURALLY_RESOLVED,exact JSON field path observed in captured raw FPL payload,game_settings,bootstrap-static:game_settings.squad_squadplay
fpl,bootstrap-static.json,sample_payload,game_settings.squad_squadsize,int,UNMAPPED_REVIEW,insufficient structural evidence,fpl\bootstrap-static.json,OPEN,,raw path/context or source-schema evidence,game_settings,STRUCTURALLY_RESOLVED,exact JSON field path observed in captured raw FPL payload,game_settings,bootstrap-static:game_settings.squad_squadsize
fpl,bootstrap-static.json,sample_payload,game_settings.squad_total_spend,int,UNMAPPED_REVIEW,insufficient structural evidence,fpl\bootstrap-static.json,OPEN,,raw path/context or source-schema evidence,game_settings,STRUCTURALLY_RESOLVED,exact JSON field path observed in captured raw FPL payload,game_settings,bootstrap-static:game_settings.squad_total_spend
fpl,bootstrap-static.json,sample_payload,game_settings.stats_form_days,int,UNMAPPED_REVIEW,insufficient structural evidence,fpl\bootstrap-static.json,OPEN,,raw path/context or source-schema evidence,game_settings,STRUCTURALLY_RESOLVED,exact JSON field path observed in captured raw FPL payload,game_settings,bootstrap-static:game_settings.stats_form_days
fpl,bootstrap-static.json,sample_payload,game_settings.sys_vice_captain_enabled,bool,UNMAPPED_REVIEW,insufficient structural evidence,fpl\bootstrap-static.json,OPEN,,raw path/context or source-schema evidence,game_settings,STRUCTURALLY_RESOLVED,exact JSON field path observed in captured raw FPL payload,game_settings,bootstrap-static:game_settings.sys_vice_captain_enabled
fpl,bootstrap-static.json,sample_payload,game_settings.timezone,str,UNMAPPED_REVIEW,insufficient structural evidence,fpl\bootstrap-static.json,OPEN,,raw path/context or source-schema evidence,game_settings,STRUCTURALLY_RESOLVED,exact JSON field path observed in captured raw FPL payload,game_settings,bootstrap-static:game_settings.timezone
fpl,bootstrap-static.json,sample_payload,game_settings.transfers_cap,int,UNMAPPED_REVIEW,insufficient structural evidence,fpl\bootstrap-static.json,OPEN,,raw path/context or source-schema evidence,game_settings,STRUCTURALLY_RESOLVED,exact JSON field path observed in captured raw FPL payload,game_settings,bootstrap-static:game_settings.transfers_cap
fpl,bootstrap-static.json,sample_payload,game_settings.transfers_sell_on_fee,float,UNMAPPED_REVIEW,insufficient structural evidence,fpl\bootstrap-static.json,OPEN,,raw path/context or source-schema evidence,game_settings,STRUCTURALLY_RESOLVED,exact JSON field path observed in captured raw FPL payload,game_settings,bootstrap-static:game_settings.transfers_sell_on_fee
fpl,bootstrap-static.json,sample_payload,game_settings.ui_currency_multiplier,int,UNMAPPED_REVIEW,insufficient structural evidence,fpl\bootstrap-static.json,OPEN,,raw path/context or source-schema evidence,game_settings,STRUCTURALLY_RESOLVED,exact JSON field path observed in captured raw FPL payload,game_settings,bootstrap-static:game_settings.ui_currency_multiplier
fpl,bootstrap-static.json,sample_payload,game_settings.ui_special_shirt_exclusions,object,UNMAPPED_REVIEW,insufficient structural evidence,fpl\bootstrap-static.json,OPEN,,raw path/context or source-schema evidence,game_settings,STRUCTURALLY_RESOLVED,exact JSON field path observed in captured raw FPL payload,game_settings,bootstrap-static:game_settings.ui_special_shirt_exclusions
fpl,bootstrap-static.json,sample_payload,game_settings.ui_use_special_shirts,bool,UNMAPPED_REVIEW,insufficient structural evidence,fpl\bootstrap-static.json,OPEN,,raw path/context or source-schema evidence,game_settings,STRUCTURALLY_RESOLVED,exact JSON field path observed in captured raw FPL payload,game_settings,bootstrap-static:game_settings.ui_use_special_shirts
fpl,bootstrap-static.json,sample_payload,game_settings.underdog_differential,int,UNMAPPED_REVIEW,insufficient structural evidence,fpl\bootstrap-static.json,OPEN,,raw path/context or source-schema evidence,game_settings,STRUCTURALLY_RESOLVED,exact JSON field path observed in captured raw FPL payload,game_settings,bootstrap-static:game_settings.underdog_differential
fpl,bootstrap-static.json,sample_payload,phases,object,UNMAPPED_REVIEW,insufficient structural evidence,fpl\bootstrap-static.json,OPEN,,raw path/context or source-schema evidence,phase,STRUCTURALLY_RESOLVED,exact JSON field path observed in captured raw FPL payload,phase,bootstrap-static:phases
fpl,bootstrap-static.json,sample_payload,phases[].highest_score,int,UNMAPPED_REVIEW,insufficient structural evidence,fpl\bootstrap-static.json,OPEN,,raw path/context or source-schema evidence,phase,STRUCTURALLY_RESOLVED,exact JSON field path observed in captured raw FPL payload,phase,bootstrap-static:phases[].highest_score
fpl,bootstrap-static.json,sample_payload,phases[].id,int,UNMAPPED_REVIEW,insufficient structural evidence,fpl\bootstrap-static.json,OPEN,,raw path/context or source-schema evidence,phase,STRUCTURALLY_RESOLVED,exact JSON field path observed in captured raw FPL payload,phase,bootstrap-static:phases[].id
fpl,bootstrap-static.json,sample_payload,phases[].name,str,UNMAPPED_REVIEW,insufficient structural evidence,fpl\bootstrap-static.json,OPEN,,raw path/context or source-schema evidence,phase,STRUCTURALLY_RESOLVED,exact JSON field path observed in captured raw FPL payload,phase,bootstrap-static:phases[].name
fpl,bootstrap-static.json,sample_payload,phases[].start_event,int,UNMAPPED_REVIEW,insufficient structural evidence,fpl\bootstrap-static.json,OPEN,,raw path/context or source-schema evidence,phase,STRUCTURALLY_RESOLVED,exact JSON field path observed in captured raw FPL payload,phase,bootstrap-static:phases[].start_event
fpl,bootstrap-static.json,sample_payload,phases[].stop_event,int,UNMAPPED_REVIEW,insufficient structural evidence,fpl\bootstrap-static.json,OPEN,,raw path/context or source-schema evidence,phase,STRUCTURALLY_RESOLVED,exact JSON field path observed in captured raw FPL payload,phase,bootstrap-static:phases[].stop_event
fpl,element,sample_payload,fixtures,object,UNMAPPED_REVIEW,insufficient structural evidence,fpl\element-summary\element-1.json | fpl\element-summary\element-25.json | fpl\element-summary\element-4.json | fpl\element-summary\element-7.json,OPEN,,raw path/context or source-schema evidence,player_match,STRUCTURALLY_RESOLVED,exact JSON field path observed in captured raw FPL payload,player_match,element-summary:fixtures
fpl,element,sample_payload,fixtures[].code,int,UNMAPPED_REVIEW,insufficient structural evidence,fpl\element-summary\element-1.json | fpl\element-summary\element-25.json | fpl\element-summary\element-4.json | fpl\element-summary\element-7.json,OPEN,,raw path/context or source-schema evidence,player_match,STRUCTURALLY_RESOLVED,exact JSON field path observed in captured raw FPL payload,player_match,element-summary:fixtures[].code
fpl,element,sample_payload,fixtures[].difficulty,int,UNMAPPED_REVIEW,insufficient structural evidence,fpl\element-summary\element-1.json | fpl\element-summary\element-25.json | fpl\element-summary\element-4.json | fpl\element-summary\element-7.json,OPEN,,raw path/context or source-schema evidence,player_match,STRUCTURALLY_RESOLVED,exact JSON field path observed in captured raw FPL payload,player_match,element-summary:fixtures[].difficulty
fpl,element,sample_payload,fixtures[].event,int,UNMAPPED_REVIEW,insufficient structural evidence,fpl\element-summary\element-1.json | fpl\element-summary\element-25.json | fpl\element-summary\element-4.json | fpl\element-summary\element-7.json,OPEN,,raw path/context or source-schema evidence,player_match,STRUCTURALLY_RESOLVED,exact JSON field path observed in captured raw FPL payload,player_match,element-summary:fixtures[].event
fpl,element,sample_payload,fixtures[].event_name,str,UNMAPPED_REVIEW,insufficient structural evidence,fpl\element-summary\element-1.json | fpl\element-summary\element-25.json | fpl\element-summary\element-4.json | fpl\element-summary\element-7.json,OPEN,,raw path/context or source-schema evidence,player_match,STRUCTURALLY_RESOLVED,exact JSON field path observed in captured raw FPL payload,player_match,element-summary:fixtures[].event_name
fpl,element,sample_payload,fixtures[].finished,bool,UNMAPPED_REVIEW,insufficient structural evidence,fpl\element-summary\element-1.json | fpl\element-summary\element-25.json | fpl\element-summary\element-4.json | fpl\element-summary\element-7.json,OPEN,,raw path/context or source-schema evidence,player_match,STRUCTURALLY_RESOLVED,exact JSON field path observed in captured raw FPL payload,player_match,element-summary:fixtures[].finished
fpl,element,sample_payload,fixtures[].id,int,UNMAPPED_REVIEW,insufficient structural evidence,fpl\element-summary\element-1.json | fpl\element-summary\element-25.json | fpl\element-summary\element-4.json | fpl\element-summary\element-7.json,OPEN,,raw path/context or source-schema evidence,player_match,STRUCTURALLY_RESOLVED,exact JSON field path observed in captured raw FPL payload,player_match,element-summary:fixtures[].id
fpl,element,sample_payload,fixtures[].is_home,bool,UNMAPPED_REVIEW,insufficient structural evidence,fpl\element-summary\element-1.json | fpl\element-summary\element-25.json | fpl\element-summary\element-4.json | fpl\element-summary\element-7.json,OPEN,,raw path/context or source-schema evidence,player_match,STRUCTURALLY_RESOLVED,exact JSON field path observed in captured raw FPL payload,player_match,element-summary:fixtures[].is_home
fpl,element,sample_payload,fixtures[].kickoff_time,str,UNMAPPED_REVIEW,insufficient structural evidence,fpl\element-summary\element-1.json | fpl\element-summary\element-25.json | fpl\element-summary\element-4.json | fpl\element-summary\element-7.json,OPEN,,raw path/context or source-schema evidence,player_match,STRUCTURALLY_RESOLVED,exact JSON field path observed in captured raw FPL payload,player_match,element-summary:fixtures[].kickoff_time
fpl,element,sample_payload,fixtures[].minutes,int,UNMAPPED_REVIEW,insufficient structural evidence,fpl\element-summary\element-1.json | fpl\element-summary\element-25.json | fpl\element-summary\element-4.json | fpl\element-summary\element-7.json,OPEN,,raw path/context or source-schema evidence,player_match,STRUCTURALLY_RESOLVED,exact JSON field path observed in captured raw FPL payload,player_match,element-summary:fixtures[].minutes
fpl,element,sample_payload,fixtures[].provisional_start_time,bool,UNMAPPED_REVIEW,insufficient structural evidence,fpl\element-summary\element-1.json | fpl\element-summary\element-25.json | fpl\element-summary\element-4.json | fpl\element-summary\element-7.json,OPEN,,raw path/context or source-schema evidence,player_match,STRUCTURALLY_RESOLVED,exact JSON field path observed in captured raw FPL payload,player_match,element-summary:fixtures[].provisional_start_time
fpl,element,sample_payload,history,object,UNMAPPED_REVIEW,insufficient structural evidence,fpl\element-summary\element-1.json | fpl\element-summary\element-25.json | fpl\element-summary\element-4.json | fpl\element-summary\element-7.json,OPEN,,raw path/context or source-schema evidence,player_season,STRUCTURALLY_RESOLVED,exact JSON field path observed in captured raw FPL payload,player_season,element-summary:history
fpl,element,sample_payload,history[].assists,int,UNMAPPED_REVIEW,insufficient structural evidence,fpl\element-summary\element-1.json | fpl\element-summary\element-25.json | fpl\element-summary\element-4.json | fpl\element-summary\element-7.json,OPEN,,raw path/context or source-schema evidence,player_season,STRUCTURALLY_RESOLVED,exact JSON field path observed in captured raw FPL payload,player_season,element-summary:history[].assists
fpl,element,sample_payload,history[].bonus,int,UNMAPPED_REVIEW,insufficient structural evidence,fpl\element-summary\element-1.json | fpl\element-summary\element-25.json | fpl\element-summary\element-4.json | fpl\element-summary\element-7.json,OPEN,,raw path/context or source-schema evidence,player_season,STRUCTURALLY_RESOLVED,exact JSON field path observed in captured raw FPL payload,player_season,element-summary:history[].bonus
fpl,element,sample_payload,history[].bps,int,UNMAPPED_REVIEW,insufficient structural evidence,fpl\element-summary\element-1.json | fpl\element-summary\element-25.json | fpl\element-summary\element-4.json | fpl\element-summary\element-7.json,OPEN,,raw path/context or source-schema evidence,player_season,STRUCTURALLY_RESOLVED,exact JSON field path observed in captured raw FPL payload,player_season,element-summary:history[].bps
fpl,element,sample_payload,history[].clean_sheets,int,UNMAPPED_REVIEW,insufficient structural evidence,fpl\element-summary\element-1.json | fpl\element-summary\element-25.json | fpl\element-summary\element-4.json | fpl\element-summary\element-7.json,OPEN,,raw path/context or source-schema evidence,player_season,STRUCTURALLY_RESOLVED,exact JSON field path observed in captured raw FPL payload,player_season,element-summary:history[].clean_sheets
fpl,element,sample_payload,history[].clearances_blocks_interceptions,int,UNMAPPED_REVIEW,insufficient structural evidence,fpl\element-summary\element-1.json | fpl\element-summary\element-25.json | fpl\element-summary\element-4.json | fpl\element-summary\element-7.json,OPEN,,raw path/context or source-schema evidence,player_season,STRUCTURALLY_RESOLVED,exact JSON field path observed in captured raw FPL payload,player_season,element-summary:history[].clearances_blocks_interceptions
fpl,element,sample_payload,history[].creativity,str,UNMAPPED_REVIEW,insufficient structural evidence,fpl\element-summary\element-1.json | fpl\element-summary\element-25.json | fpl\element-summary\element-4.json | fpl\element-summary\element-7.json,OPEN,,raw path/context or source-schema evidence,player_season,STRUCTURALLY_RESOLVED,exact JSON field path observed in captured raw FPL payload,player_season,element-summary:history[].creativity
fpl,element,sample_payload,history[].defensive_contribution,int,UNMAPPED_REVIEW,insufficient structural evidence,fpl\element-summary\element-1.json | fpl\element-summary\element-25.json | fpl\element-summary\element-4.json | fpl\element-summary\element-7.json,OPEN,,raw path/context or source-schema evidence,player_season,STRUCTURALLY_RESOLVED,exact JSON field path observed in captured raw FPL payload,player_season,element-summary:history[].defensive_contribution
fpl,element,sample_payload,history[].expected_assists,str,UNMAPPED_REVIEW,insufficient structural evidence,fpl\element-summary\element-1.json | fpl\element-summary\element-25.json | fpl\element-summary\element-4.json | fpl\element-summary\element-7.json,OPEN,,raw path/context or source-schema evidence,player_season,STRUCTURALLY_RESOLVED,exact JSON field path observed in captured raw FPL payload,player_season,element-summary:history[].expected_assists
fpl,element,sample_payload,history[].expected_goal_involvements,str,UNMAPPED_REVIEW,insufficient structural evidence,fpl\element-summary\element-1.json | fpl\element-summary\element-25.json | fpl\element-summary\element-4.json | fpl\element-summary\element-7.json,OPEN,,raw path/context or source-schema evidence,player_season,STRUCTURALLY_RESOLVED,exact JSON field path observed in captured raw FPL payload,player_season,element-summary:history[].expected_goal_involvements
fpl,element,sample_payload,history[].expected_goals,str,UNMAPPED_REVIEW,insufficient structural evidence,fpl\element-summary\element-1.json | fpl\element-summary\element-25.json | fpl\element-summary\element-4.json | fpl\element-summary\element-7.json,OPEN,,raw path/context or source-schema evidence,player_season,STRUCTURALLY_RESOLVED,exact JSON field path observed in captured raw FPL payload,player_season,element-summary:history[].expected_goals
fpl,element,sample_payload,history[].expected_goals_conceded,str,UNMAPPED_REVIEW,insufficient structural evidence,fpl\element-summary\element-1.json | fpl\element-summary\element-25.json | fpl\element-summary\element-4.json | fpl\element-summary\element-7.json,OPEN,,raw path/context or source-schema evidence,player_season,STRUCTURALLY_RESOLVED,exact JSON field path observed in captured raw FPL payload,player_season,element-summary:history[].expected_goals_conceded
fpl,element,sample_payload,history[].fixture,int,UNMAPPED_REVIEW,insufficient structural evidence,fpl\element-summary\element-1.json | fpl\element-summary\element-25.json | fpl\element-summary\element-4.json | fpl\element-summary\element-7.json,OPEN,,raw path/context or source-schema evidence,player_season,STRUCTURALLY_RESOLVED,exact JSON field path observed in captured raw FPL payload,player_season,element-summary:history[].fixture
fpl,element,sample_payload,history[].goals_conceded,int,UNMAPPED_REVIEW,insufficient structural evidence,fpl\element-summary\element-1.json | fpl\element-summary\element-25.json | fpl\element-summary\element-4.json | fpl\element-summary\element-7.json,OPEN,,raw path/context or source-schema evidence,player_season,STRUCTURALLY_RESOLVED,exact JSON field path observed in captured raw FPL payload,player_season,element-summary:history[].goals_conceded
fpl,element,sample_payload,history[].goals_scored,int,UNMAPPED_REVIEW,insufficient structural evidence,fpl\element-summary\element-1.json | fpl\element-summary\element-25.json | fpl\element-summary\element-4.json | fpl\element-summary\element-7.json,OPEN,,raw path/context or source-schema evidence,player_season,STRUCTURALLY_RESOLVED,exact JSON field path observed in captured raw FPL payload,player_season,element-summary:history[].goals_scored
fpl,element,sample_payload,history[].ict_index,str,UNMAPPED_REVIEW,insufficient structural evidence,fpl\element-summary\element-1.json | fpl\element-summary\element-25.json | fpl\element-summary\element-4.json | fpl\element-summary\element-7.json,OPEN,,raw path/context or source-schema evidence,player_season,STRUCTURALLY_RESOLVED,exact JSON field path observed in captured raw FPL payload,player_season,element-summary:history[].ict_index
fpl,element,sample_payload,history[].influence,str,UNMAPPED_REVIEW,insufficient structural evidence,fpl\element-summary\element-1.json | fpl\element-summary\element-25.json | fpl\element-summary\element-4.json | fpl\element-summary\element-7.json,OPEN,,raw path/context or source-schema evidence,player_season,STRUCTURALLY_RESOLVED,exact JSON field path observed in captured raw FPL payload,player_season,element-summary:history[].influence
fpl,element,sample_payload,history[].kickoff_time,str,UNMAPPED_REVIEW,insufficient structural evidence,fpl\element-summary\element-1.json | fpl\element-summary\element-25.json | fpl\element-summary\element-4.json | fpl\element-summary\element-7.json,OPEN,,raw path/context or source-schema evidence,player_season,STRUCTURALLY_RESOLVED,exact JSON field path observed in captured raw FPL payload,player_season,element-summary:history[].kickoff_time
fpl,element,sample_payload,history[].minutes,int,UNMAPPED_REVIEW,insufficient structural evidence,fpl\element-summary\element-1.json | fpl\element-summary\element-25.json | fpl\element-summary\element-4.json | fpl\element-summary\element-7.json,OPEN,,raw path/context or source-schema evidence,player_season,STRUCTURALLY_RESOLVED,exact JSON field path observed in captured raw FPL payload,player_season,element-summary:history[].minutes
fpl,element,sample_payload,history[].modified,bool,UNMAPPED_REVIEW,insufficient structural evidence,fpl\element-summary\element-1.json | fpl\element-summary\element-25.json | fpl\element-summary\element-4.json | fpl\element-summary\element-7.json,OPEN,,raw path/context or source-schema evidence,player_season,STRUCTURALLY_RESOLVED,exact JSON field path observed in captured raw FPL payload,player_season,element-summary:history[].modified
fpl,element,sample_payload,history[].own_goals,int,UNMAPPED_REVIEW,insufficient structural evidence,fpl\element-summary\element-1.json | fpl\element-summary\element-25.json | fpl\element-summary\element-4.json | fpl\element-summary\element-7.json,OPEN,,raw path/context or source-schema evidence,player_season,STRUCTURALLY_RESOLVED,exact JSON field path observed in captured raw FPL payload,player_season,element-summary:history[].own_goals
fpl,element,sample_payload,history[].penalties_missed,int,UNMAPPED_REVIEW,insufficient structural evidence,fpl\element-summary\element-1.json | fpl\element-summary\element-25.json | fpl\element-summary\element-4.json | fpl\element-summary\element-7.json,OPEN,,raw path/context or source-schema evidence,player_season,STRUCTURALLY_RESOLVED,exact JSON field path observed in captured raw FPL payload,player_season,element-summary:history[].penalties_missed
fpl,element,sample_payload,history[].penalties_saved,int,UNMAPPED_REVIEW,insufficient structural evidence,fpl\element-summary\element-1.json | fpl\element-summary\element-25.json | fpl\element-summary\element-4.json | fpl\element-summary\element-7.json,OPEN,,raw path/context or source-schema evidence,player_season,STRUCTURALLY_RESOLVED,exact JSON field path observed in captured raw FPL payload,player_season,element-summary:history[].penalties_saved
fpl,element,sample_payload,history[].recoveries,int,UNMAPPED_REVIEW,insufficient structural evidence,fpl\element-summary\element-1.json | fpl\element-summary\element-25.json | fpl\element-summary\element-4.json | fpl\element-summary\element-7.json,OPEN,,raw path/context or source-schema evidence,player_season,STRUCTURALLY_RESOLVED,exact JSON field path observed in captured raw FPL payload,player_season,element-summary:history[].recoveries
fpl,element,sample_payload,history[].red_cards,int,UNMAPPED_REVIEW,insufficient structural evidence,fpl\element-summary\element-1.json | fpl\element-summary\element-25.json | fpl\element-summary\element-4.json | fpl\element-summary\element-7.json,OPEN,,raw path/context or source-schema evidence,player_season,STRUCTURALLY_RESOLVED,exact JSON field path observed in captured raw FPL payload,player_season,element-summary:history[].red_cards
fpl,element,sample_payload,history[].round,int,UNMAPPED_REVIEW,insufficient structural evidence,fpl\element-summary\element-1.json | fpl\element-summary\element-25.json | fpl\element-summary\element-4.json | fpl\element-summary\element-7.json,OPEN,,raw path/context or source-schema evidence,player_season,STRUCTURALLY_RESOLVED,exact JSON field path observed in captured raw FPL payload,player_season,element-summary:history[].round
fpl,element,sample_payload,history[].saves,int,UNMAPPED_REVIEW,insufficient structural evidence,fpl\element-summary\element-1.json | fpl\element-summary\element-25.json | fpl\element-summary\element-4.json | fpl\element-summary\element-7.json,OPEN,,raw path/context or source-schema evidence,player_season,STRUCTURALLY_RESOLVED,exact JSON field path observed in captured raw FPL payload,player_season,element-summary:history[].saves
fpl,element,sample_payload,history[].selected,int,UNMAPPED_REVIEW,insufficient structural evidence,fpl\element-summary\element-1.json | fpl\element-summary\element-25.json | fpl\element-summary\element-4.json | fpl\element-summary\element-7.json,OPEN,,raw path/context or source-schema evidence,player_season,STRUCTURALLY_RESOLVED,exact JSON field path observed in captured raw FPL payload,player_season,element-summary:history[].selected
fpl,element,sample_payload,history[].starts,int,UNMAPPED_REVIEW,insufficient structural evidence,fpl\element-summary\element-1.json | fpl\element-summary\element-25.json | fpl\element-summary\element-4.json | fpl\element-summary\element-7.json,OPEN,,raw path/context or source-schema evidence,player_season,STRUCTURALLY_RESOLVED,exact JSON field path observed in captured raw FPL payload,player_season,element-summary:history[].starts
fpl,element,sample_payload,history[].tackles,int,UNMAPPED_REVIEW,insufficient structural evidence,fpl\element-summary\element-1.json | fpl\element-summary\element-25.json | fpl\element-summary\element-4.json | fpl\element-summary\element-7.json,OPEN,,raw path/context or source-schema evidence,player_season,STRUCTURALLY_RESOLVED,exact JSON field path observed in captured raw FPL payload,player_season,element-summary:history[].tackles
fpl,element,sample_payload,history[].threat,str,UNMAPPED_REVIEW,insufficient structural evidence,fpl\element-summary\element-1.json | fpl\element-summary\element-25.json | fpl\element-summary\element-4.json | fpl\element-summary\element-7.json,OPEN,,raw path/context or source-schema evidence,player_season,STRUCTURALLY_RESOLVED,exact JSON field path observed in captured raw FPL payload,player_season,element-summary:history[].threat
fpl,element,sample_payload,history[].total_points,int,UNMAPPED_REVIEW,insufficient structural evidence,fpl\element-summary\element-1.json | fpl\element-summary\element-25.json | fpl\element-summary\element-4.json | fpl\element-summary\element-7.json,OPEN,,raw path/context or source-schema evidence,player_season,STRUCTURALLY_RESOLVED,exact JSON field path observed in captured raw FPL payload,player_season,element-summary:history[].total_points
fpl,element,sample_payload,history[].transfers_balance,int,UNMAPPED_REVIEW,insufficient structural evidence,fpl\element-summary\element-1.json | fpl\element-summary\element-25.json | fpl\element-summary\element-4.json | fpl\element-summary\element-7.json,OPEN,,raw path/context or source-schema evidence,player_season,STRUCTURALLY_RESOLVED,exact JSON field path observed in captured raw FPL payload,player_season,element-summary:history[].transfers_balance
fpl,element,sample_payload,history[].transfers_in,int,UNMAPPED_REVIEW,insufficient structural evidence,fpl\element-summary\element-1.json | fpl\element-summary\element-25.json | fpl\element-summary\element-4.json | fpl\element-summary\element-7.json,OPEN,,raw path/context or source-schema evidence,player_season,STRUCTURALLY_RESOLVED,exact JSON field path observed in captured raw FPL payload,player_season,element-summary:history[].transfers_in
fpl,element,sample_payload,history[].transfers_out,int,UNMAPPED_REVIEW,insufficient structural evidence,fpl\element-summary\element-1.json | fpl\element-summary\element-25.json | fpl\element-summary\element-4.json | fpl\element-summary\element-7.json,OPEN,,raw path/context or source-schema evidence,player_season,STRUCTURALLY_RESOLVED,exact JSON field path observed in captured raw FPL payload,player_season,element-summary:history[].transfers_out
fpl,element,sample_payload,history[].value,int,UNMAPPED_REVIEW,insufficient structural evidence,fpl\element-summary\element-1.json | fpl\element-summary\element-25.json | fpl\element-summary\element-4.json | fpl\element-summary\element-7.json,OPEN,,raw path/context or source-schema evidence,player_season,STRUCTURALLY_RESOLVED,exact JSON field path observed in captured raw FPL payload,player_season,element-summary:history[].value
fpl,element,sample_payload,history[].was_home,bool,UNMAPPED_REVIEW,insufficient structural evidence,fpl\element-summary\element-1.json | fpl\element-summary\element-25.json | fpl\element-summary\element-4.json | fpl\element-summary\element-7.json,OPEN,,raw path/context or source-schema evidence,player_season,STRUCTURALLY_RESOLVED,exact JSON field path observed in captured raw FPL payload,player_season,element-summary:history[].was_home
fpl,element,sample_payload,history[].yellow_cards,int,UNMAPPED_REVIEW,insufficient structural evidence,fpl\element-summary\element-1.json | fpl\element-summary\element-25.json | fpl\element-summary\element-4.json | fpl\element-summary\element-7.json,OPEN,,raw path/context or source-schema evidence,player_season,STRUCTURALLY_RESOLVED,exact JSON field path observed in captured raw FPL payload,player_season,element-summary:history[].yellow_cards
fpl,element,sample_payload,history_past,object,UNMAPPED_REVIEW,insufficient structural evidence,fpl\element-summary\element-1.json | fpl\element-summary\element-25.json | fpl\element-summary\element-4.json | fpl\element-summary\element-7.json,OPEN,,raw path/context or source-schema evidence,player_season,STRUCTURALLY_RESOLVED,exact JSON field path observed in captured raw FPL payload,player_season,element-summary:history_past
fpl,element,sample_payload,history_past[].assists,int,UNMAPPED_REVIEW,insufficient structural evidence,fpl\element-summary\element-1.json | fpl\element-summary\element-25.json | fpl\element-summary\element-4.json | fpl\element-summary\element-7.json,OPEN,,raw path/context or source-schema evidence,player_season,STRUCTURALLY_RESOLVED,exact JSON field path observed in captured raw FPL payload,player_season,element-summary:history_past[].assists
fpl,element,sample_payload,history_past[].bonus,int,UNMAPPED_REVIEW,insufficient structural evidence,fpl\element-summary\element-1.json | fpl\element-summary\element-25.json | fpl\element-summary\element-4.json | fpl\element-summary\element-7.json,OPEN,,raw path/context or source-schema evidence,player_season,STRUCTURALLY_RESOLVED,exact JSON field path observed in captured raw FPL payload,player_season,element-summary:history_past[].bonus
fpl,element,sample_payload,history_past[].bps,int,UNMAPPED_REVIEW,insufficient structural evidence,fpl\element-summary\element-1.json | fpl\element-summary\element-25.json | fpl\element-summary\element-4.json | fpl\element-summary\element-7.json,OPEN,,raw path/context or source-schema evidence,player_season,STRUCTURALLY_RESOLVED,exact JSON field path observed in captured raw FPL payload,player_season,element-summary:history_past[].bps
fpl,element,sample_payload,history_past[].clean_sheets,int,UNMAPPED_REVIEW,insufficient structural evidence,fpl\element-summary\element-1.json | fpl\element-summary\element-25.json | fpl\element-summary\element-4.json | fpl\element-summary\element-7.json,OPEN,,raw path/context or source-schema evidence,player_season,STRUCTURALLY_RESOLVED,exact JSON field path observed in captured raw FPL payload,player_season,element-summary:history_past[].clean_sheets
fpl,element,sample_payload,history_past[].clearances_blocks_interceptions,int,UNMAPPED_REVIEW,insufficient structural evidence,fpl\element-summary\element-1.json | fpl\element-summary\element-25.json | fpl\element-summary\element-4.json | fpl\element-summary\element-7.json,OPEN,,raw path/context or source-schema evidence,player_season,STRUCTURALLY_RESOLVED,exact JSON field path observed in captured raw FPL payload,player_season,element-summary:history_past[].clearances_blocks_interceptions
fpl,element,sample_payload,history_past[].creativity,str,UNMAPPED_REVIEW,insufficient structural evidence,fpl\element-summary\element-1.json | fpl\element-summary\element-25.json | fpl\element-summary\element-4.json | fpl\element-summary\element-7.json,OPEN,,raw path/context or source-schema evidence,player_season,STRUCTURALLY_RESOLVED,exact JSON field path observed in captured raw FPL payload,player_season,element-summary:history_past[].creativity
fpl,element,sample_payload,history_past[].defensive_contribution,int,UNMAPPED_REVIEW,insufficient structural evidence,fpl\element-summary\element-1.json | fpl\element-summary\element-25.json | fpl\element-summary\element-4.json | fpl\element-summary\element-7.json,OPEN,,raw path/context or source-schema evidence,player_season,STRUCTURALLY_RESOLVED,exact JSON field path observed in captured raw FPL payload,player_season,element-summary:history_past[].defensive_contribution
fpl,element,sample_payload,history_past[].end_cost,int,UNMAPPED_REVIEW,insufficient structural evidence,fpl\element-summary\element-1.json | fpl\element-summary\element-25.json | fpl\element-summary\element-4.json | fpl\element-summary\element-7.json,OPEN,,raw path/context or source-schema evidence,player_season,STRUCTURALLY_RESOLVED,exact JSON field path observed in captured raw FPL payload,player_season,element-summary:history_past[].end_cost
fpl,element,sample_payload,history_past[].expected_assists,str,UNMAPPED_REVIEW,insufficient structural evidence,fpl\element-summary\element-1.json | fpl\element-summary\element-25.json | fpl\element-summary\element-4.json | fpl\element-summary\element-7.json,OPEN,,raw path/context or source-schema evidence,player_season,STRUCTURALLY_RESOLVED,exact JSON field path observed in captured raw FPL payload,player_season,element-summary:history_past[].expected_assists
fpl,element,sample_payload,history_past[].expected_goal_involvements,str,UNMAPPED_REVIEW,insufficient structural evidence,fpl\element-summary\element-1.json | fpl\element-summary\element-25.json | fpl\element-summary\element-4.json | fpl\element-summary\element-7.json,OPEN,,raw path/context or source-schema evidence,player_season,STRUCTURALLY_RESOLVED,exact JSON field path observed in captured raw FPL payload,player_season,element-summary:history_past[].expected_goal_involvements
fpl,element,sample_payload,history_past[].expected_goals,str,UNMAPPED_REVIEW,insufficient structural evidence,fpl\element-summary\element-1.json | fpl\element-summary\element-25.json | fpl\element-summary\element-4.json | fpl\element-summary\element-7.json,OPEN,,raw path/context or source-schema evidence,player_season,STRUCTURALLY_RESOLVED,exact JSON field path observed in captured raw FPL payload,player_season,element-summary:history_past[].expected_goals
fpl,element,sample_payload,history_past[].expected_goals_conceded,str,UNMAPPED_REVIEW,insufficient structural evidence,fpl\element-summary\element-1.json | fpl\element-summary\element-25.json | fpl\element-summary\element-4.json | fpl\element-summary\element-7.json,OPEN,,raw path/context or source-schema evidence,player_season,STRUCTURALLY_RESOLVED,exact JSON field path observed in captured raw FPL payload,player_season,element-summary:history_past[].expected_goals_conceded
fpl,element,sample_payload,history_past[].goals_conceded,int,UNMAPPED_REVIEW,insufficient structural evidence,fpl\element-summary\element-1.json | fpl\element-summary\element-25.json | fpl\element-summary\element-4.json | fpl\element-summary\element-7.json,OPEN,,raw path/context or source-schema evidence,player_season,STRUCTURALLY_RESOLVED,exact JSON field path observed in captured raw FPL payload,player_season,element-summary:history_past[].goals_conceded
fpl,element,sample_payload,history_past[].goals_scored,int,UNMAPPED_REVIEW,insufficient structural evidence,fpl\element-summary\element-1.json | fpl\element-summary\element-25.json | fpl\element-summary\element-4.json | fpl\element-summary\element-7.json,OPEN,,raw path/context or source-schema evidence,player_season,STRUCTURALLY_RESOLVED,exact JSON field path observed in captured raw FPL payload,player_season,element-summary:history_past[].goals_scored
fpl,element,sample_payload,history_past[].ict_index,str,UNMAPPED_REVIEW,insufficient structural evidence,fpl\element-summary\element-1.json | fpl\element-summary\element-25.json | fpl\element-summary\element-4.json | fpl\element-summary\element-7.json,OPEN,,raw path/context or source-schema evidence,player_season,STRUCTURALLY_RESOLVED,exact JSON field path observed in captured raw FPL payload,player_season,element-summary:history_past[].ict_index
fpl,element,sample_payload,history_past[].influence,str,UNMAPPED_REVIEW,insufficient structural evidence,fpl\element-summary\element-1.json | fpl\element-summary\element-25.json | fpl\element-summary\element-4.json | fpl\element-summary\element-7.json,OPEN,,raw path/context or source-schema evidence,player_season,STRUCTURALLY_RESOLVED,exact JSON field path observed in captured raw FPL payload,player_season,element-summary:history_past[].influence
fpl,element,sample_payload,history_past[].minutes,int,UNMAPPED_REVIEW,insufficient structural evidence,fpl\element-summary\element-1.json | fpl\element-summary\element-25.json | fpl\element-summary\element-4.json | fpl\element-summary\element-7.json,OPEN,,raw path/context or source-schema evidence,player_season,STRUCTURALLY_RESOLVED,exact JSON field path observed in captured raw FPL payload,player_season,element-summary:history_past[].minutes
fpl,element,sample_payload,history_past[].own_goals,int,UNMAPPED_REVIEW,insufficient structural evidence,fpl\element-summary\element-1.json | fpl\element-summary\element-25.json | fpl\element-summary\element-4.json | fpl\element-summary\element-7.json,OPEN,,raw path/context or source-schema evidence,player_season,STRUCTURALLY_RESOLVED,exact JSON field path observed in captured raw FPL payload,player_season,element-summary:history_past[].own_goals
fpl,element,sample_payload,history_past[].penalties_missed,int,UNMAPPED_REVIEW,insufficient structural evidence,fpl\element-summary\element-1.json | fpl\element-summary\element-25.json | fpl\element-summary\element-4.json | fpl\element-summary\element-7.json,OPEN,,raw path/context or source-schema evidence,player_season,STRUCTURALLY_RESOLVED,exact JSON field path observed in captured raw FPL payload,player_season,element-summary:history_past[].penalties_missed
fpl,element,sample_payload,history_past[].penalties_saved,int,UNMAPPED_REVIEW,insufficient structural evidence,fpl\element-summary\element-1.json | fpl\element-summary\element-25.json | fpl\element-summary\element-4.json | fpl\element-summary\element-7.json,OPEN,,raw path/context or source-schema evidence,player_season,STRUCTURALLY_RESOLVED,exact JSON field path observed in captured raw FPL payload,player_season,element-summary:history_past[].penalties_saved
fpl,element,sample_payload,history_past[].recoveries,int,UNMAPPED_REVIEW,insufficient structural evidence,fpl\element-summary\element-1.json | fpl\element-summary\element-25.json | fpl\element-summary\element-4.json | fpl\element-summary\element-7.json,OPEN,,raw path/context or source-schema evidence,player_season,STRUCTURALLY_RESOLVED,exact JSON field path observed in captured raw FPL payload,player_season,element-summary:history_past[].recoveries
fpl,element,sample_payload,history_past[].red_cards,int,UNMAPPED_REVIEW,insufficient structural evidence,fpl\element-summary\element-1.json | fpl\element-summary\element-25.json | fpl\element-summary\element-4.json | fpl\element-summary\element-7.json,OPEN,,raw path/context or source-schema evidence,player_season,STRUCTURALLY_RESOLVED,exact JSON field path observed in captured raw FPL payload,player_season,element-summary:history_past[].red_cards
fpl,element,sample_payload,history_past[].saves,int,UNMAPPED_REVIEW,insufficient structural evidence,fpl\element-summary\element-1.json | fpl\element-summary\element-25.json | fpl\element-summary\element-4.json | fpl\element-summary\element-7.json,OPEN,,raw path/context or source-schema evidence,player_season,STRUCTURALLY_RESOLVED,exact JSON field path observed in captured raw FPL payload,player_season,element-summary:history_past[].saves
fpl,element,sample_payload,history_past[].season_name,str,UNMAPPED_REVIEW,insufficient structural evidence,fpl\element-summary\element-1.json | fpl\element-summary\element-25.json | fpl\element-summary\element-4.json | fpl\element-summary\element-7.json,OPEN,,raw path/context or source-schema evidence,player_season,STRUCTURALLY_RESOLVED,exact JSON field path observed in captured raw FPL payload,player_season,element-summary:history_past[].season_name
fpl,element,sample_payload,history_past[].start_cost,int,UNMAPPED_REVIEW,insufficient structural evidence,fpl\element-summary\element-1.json | fpl\element-summary\element-25.json | fpl\element-summary\element-4.json | fpl\element-summary\element-7.json,OPEN,,raw path/context or source-schema evidence,player_season,STRUCTURALLY_RESOLVED,exact JSON field path observed in captured raw FPL payload,player_season,element-summary:history_past[].start_cost
fpl,element,sample_payload,history_past[].starts,int,UNMAPPED_REVIEW,insufficient structural evidence,fpl\element-summary\element-1.json | fpl\element-summary\element-25.json | fpl\element-summary\element-4.json | fpl\element-summary\element-7.json,OPEN,,raw path/context or source-schema evidence,player_season,STRUCTURALLY_RESOLVED,exact JSON field path observed in captured raw FPL payload,player_season,element-summary:history_past[].starts
fpl,element,sample_payload,history_past[].tackles,int,UNMAPPED_REVIEW,insufficient structural evidence,fpl\element-summary\element-1.json | fpl\element-summary\element-25.json | fpl\element-summary\element-4.json | fpl\element-summary\element-7.json,OPEN,,raw path/context or source-schema evidence,player_season,STRUCTURALLY_RESOLVED,exact JSON field path observed in captured raw FPL payload,player_season,element-summary:history_past[].tackles
fpl,element,sample_payload,history_past[].threat,str,UNMAPPED_REVIEW,insufficient structural evidence,fpl\element-summary\element-1.json | fpl\element-summary\element-25.json | fpl\element-summary\element-4.json | fpl\element-summary\element-7.json,OPEN,,raw path/context or source-schema evidence,player_season,STRUCTURALLY_RESOLVED,exact JSON field path observed in captured raw FPL payload,player_season,element-summary:history_past[].threat
fpl,element,sample_payload,history_past[].total_points,int,UNMAPPED_REVIEW,insufficient structural evidence,fpl\element-summary\element-1.json | fpl\element-summary\element-25.json | fpl\element-summary\element-4.json | fpl\element-summary\element-7.json,OPEN,,raw path/context or source-schema evidence,player_season,STRUCTURALLY_RESOLVED,exact JSON field path observed in captured raw FPL payload,player_season,element-summary:history_past[].total_points
fpl,element,sample_payload,history_past[].yellow_cards,int,UNMAPPED_REVIEW,insufficient structural evidence,fpl\element-summary\element-1.json | fpl\element-summary\element-25.json | fpl\element-summary\element-4.json | fpl\element-summary\element-7.json,OPEN,,raw path/context or source-schema evidence,player_season,STRUCTURALLY_RESOLVED,exact JSON field path observed in captured raw FPL payload,player_season,element-summary:history_past[].yellow_cards
