source_surface,resource,grain,field_name,sampled_seasons,sampled_paths,semantic_status
PL_PULSELIVE_HISTORICAL,player_match,player_match,accurateCross,2009-10;2017-18;2025-26,pl_stats/A_Villa_7/players_match_stats/2025-26_players_match_stats.csv | pl_stats/_merged/players_match_stats/2009-10_players_match_stats.csv | pl_stats/_merged/players_match_stats/2017-18_players_match_stats.csv | pl_stats/_merged/players_match_stats/2025-26_players_match_stats.csv,UNCATALOGUED
PL_PULSELIVE_HISTORICAL,player_match,player_match,accurateKeeperSweeper,2009-10;2017-18;2025-26,pl_stats/A_Villa_7/players_match_stats/2025-26_players_match_stats.csv | pl_stats/_merged/players_match_stats/2009-10_players_match_stats.csv | pl_stats/_merged/players_match_stats/2017-18_players_match_stats.csv | pl_stats/_merged/players_match_stats/2025-26_players_match_stats.csv,UNCATALOGUED
PL_PULSELIVE_HISTORICAL,player_match,player_match,accurateLongBalls,2009-10;2017-18;2025-26,pl_stats/A_Villa_7/players_match_stats/2025-26_players_match_stats.csv | pl_stats/_merged/players_match_stats/2009-10_players_match_stats.csv | pl_stats/_merged/players_match_stats/2017-18_players_match_stats.csv | pl_stats/_merged/players_match_stats/2025-26_players_match_stats.csv,UNCATALOGUED
PL_PULSELIVE_HISTORICAL,player_match,player_match,accurateOppositionHalfPasses,2009-10;2017-18;2025-26,pl_stats/A_Villa_7/players_match_stats/2025-26_players_match_stats.csv | pl_stats/_merged/players_match_stats/2009-10_players_match_stats.csv | pl_stats/_merged/players_match_stats/2017-18_players_match_stats.csv | pl_stats/_merged/players_match_stats/2025-26_players_match_stats.csv,UNCATALOGUED
PL_PULSELIVE_HISTORICAL,player_match,player_match,accurateOwnHalfPasses,2009-10;2017-18;2025-26,pl_stats/A_Villa_7/players_match_stats/2025-26_players_match_stats.csv | pl_stats/_merged/players_match_stats/2009-10_players_match_stats.csv | pl_stats/_merged/players_match_stats/2017-18_players_match_stats.csv | pl_stats/_merged/players_match_stats/2025-26_players_match_stats.csv,UNCATALOGUED
PL_PULSELIVE_HISTORICAL,player_match,player_match,accuratePass,2009-10;2017-18;2025-26,pl_stats/A_Villa_7/players_match_stats/2025-26_players_match_stats.csv | pl_stats/_merged/players_match_stats/2009-10_players_match_stats.csv | pl_stats/_merged/players_match_stats/2017-18_players_match_stats.csv | pl_stats/_merged/players_match_stats/2025-26_players_match_stats.csv,UNCATALOGUED
PL_PULSELIVE_HISTORICAL,player_match,player_match,aerialLost,2009-10;2017-18;2025-26,pl_stats/A_Villa_7/players_match_stats/2025-26_players_match_stats.csv | pl_stats/_merged/players_match_stats/2009-10_players_match_stats.csv | pl_stats/_merged/players_match_stats/2017-18_players_match_stats.csv | pl_stats/_merged/players_match_stats/2025-26_players_match_stats.csv,UNCATALOGUED
PL_PULSELIVE_HISTORICAL,player_match,player_match,aerialWon,2009-10;2017-18;2025-26,pl_stats/A_Villa_7/players_match_stats/2025-26_players_match_stats.csv | pl_stats/_merged/players_match_stats/2009-10_players_match_stats.csv | pl_stats/_merged/players_match_stats/2017-18_players_match_stats.csv | pl_stats/_merged/players_match_stats/2025-26_players_match_stats.csv,UNCATALOGUED
PL_PULSELIVE_HISTORICAL,player_match,player_match,ballCarriesCount,2025-26,pl_stats/A_Villa_7/players_match_stats/2025-26_players_match_stats.csv | pl_stats/_merged/players_match_stats/2025-26_players_match_stats.csv,UNCATALOGUED
PL_PULSELIVE_HISTORICAL,player_match,player_match,ballRecovery,2009-10;2017-18;2025-26,pl_stats/A_Villa_7/players_match_stats/2025-26_players_match_stats.csv | pl_stats/_merged/players_match_stats/2009-10_players_match_stats.csv | pl_stats/_merged/players_match_stats/2017-18_players_match_stats.csv | pl_stats/_merged/players_match_stats/2025-26_players_match_stats.csv,UNCATALOGUED
PL_PULSELIVE_HISTORICAL,player_match,player_match,bigChanceCreated,2017-18;2025-26,pl_stats/A_Villa_7/players_match_stats/2025-26_players_match_stats.csv | pl_stats/_merged/players_match_stats/2017-18_players_match_stats.csv | pl_stats/_merged/players_match_stats/2025-26_players_match_stats.csv,UNCATALOGUED
PL_PULSELIVE_HISTORICAL,player_match,player_match,bigChanceMissed,2017-18;2025-26,pl_stats/A_Villa_7/players_match_stats/2025-26_players_match_stats.csv | pl_stats/_merged/players_match_stats/2017-18_players_match_stats.csv | pl_stats/_merged/players_match_stats/2025-26_players_match_stats.csv,UNCATALOGUED
PL_PULSELIVE_HISTORICAL,player_match,player_match,blockedScoringAttempt,2009-10;2017-18;2025-26,pl_stats/A_Villa_7/players_match_stats/2025-26_players_match_stats.csv | pl_stats/_merged/players_match_stats/2009-10_players_match_stats.csv | pl_stats/_merged/players_match_stats/2017-18_players_match_stats.csv | pl_stats/_merged/players_match_stats/2025-26_players_match_stats.csv,UNCATALOGUED
PL_PULSELIVE_HISTORICAL,player_match,player_match,challengeLost,2009-10;2017-18;2025-26,pl_stats/A_Villa_7/players_match_stats/2025-26_players_match_stats.csv | pl_stats/_merged/players_match_stats/2009-10_players_match_stats.csv | pl_stats/_merged/players_match_stats/2017-18_players_match_stats.csv | pl_stats/_merged/players_match_stats/2025-26_players_match_stats.csv,UNCATALOGUED
PL_PULSELIVE_HISTORICAL,player_match,player_match,clearanceOffLine,2017-18;2025-26,pl_stats/A_Villa_7/players_match_stats/2025-26_players_match_stats.csv | pl_stats/_merged/players_match_stats/2017-18_players_match_stats.csv | pl_stats/_merged/players_match_stats/2025-26_players_match_stats.csv,UNCATALOGUED
PL_PULSELIVE_HISTORICAL,player_match,player_match,crossNotClaimed,2017-18;2025-26,pl_stats/A_Villa_7/players_match_stats/2025-26_players_match_stats.csv | pl_stats/_merged/players_match_stats/2017-18_players_match_stats.csv | pl_stats/_merged/players_match_stats/2025-26_players_match_stats.csv,UNCATALOGUED
PL_PULSELIVE_HISTORICAL,player_match,player_match,dispossessed,2009-10;2017-18;2025-26,pl_stats/A_Villa_7/players_match_stats/2025-26_players_match_stats.csv | pl_stats/_merged/players_match_stats/2009-10_players_match_stats.csv | pl_stats/_merged/players_match_stats/2017-18_players_match_stats.csv | pl_stats/_merged/players_match_stats/2025-26_players_match_stats.csv,UNCATALOGUED
PL_PULSELIVE_HISTORICAL,player_match,player_match,duelLost,2009-10;2017-18;2025-26,pl_stats/A_Villa_7/players_match_stats/2025-26_players_match_stats.csv | pl_stats/_merged/players_match_stats/2009-10_players_match_stats.csv | pl_stats/_merged/players_match_stats/2017-18_players_match_stats.csv | pl_stats/_merged/players_match_stats/2025-26_players_match_stats.csv,UNCATALOGUED
PL_PULSELIVE_HISTORICAL,player_match,player_match,duelWon,2009-10;2017-18;2025-26,pl_stats/A_Villa_7/players_match_stats/2025-26_players_match_stats.csv | pl_stats/_merged/players_match_stats/2009-10_players_match_stats.csv | pl_stats/_merged/players_match_stats/2017-18_players_match_stats.csv | pl_stats/_merged/players_match_stats/2025-26_players_match_stats.csv,UNCATALOGUED
PL_PULSELIVE_HISTORICAL,player_match,player_match,errorLeadToAGoal,2009-10;2017-18;2025-26,pl_stats/A_Villa_7/players_match_stats/2025-26_players_match_stats.csv | pl_stats/_merged/players_match_stats/2009-10_players_match_stats.csv | pl_stats/_merged/players_match_stats/2017-18_players_match_stats.csv | pl_stats/_merged/players_match_stats/2025-26_players_match_stats.csv,UNCATALOGUED
PL_PULSELIVE_HISTORICAL,player_match,player_match,errorLeadToAShot,2009-10;2017-18;2025-26,pl_stats/A_Villa_7/players_match_stats/2025-26_players_match_stats.csv | pl_stats/_merged/players_match_stats/2009-10_players_match_stats.csv | pl_stats/_merged/players_match_stats/2017-18_players_match_stats.csv | pl_stats/_merged/players_match_stats/2025-26_players_match_stats.csv,UNCATALOGUED
PL_PULSELIVE_HISTORICAL,player_match,player_match,expectedAssists,2025-26,pl_stats/A_Villa_7/players_match_stats/2025-26_players_match_stats.csv | pl_stats/_merged/players_match_stats/2025-26_players_match_stats.csv,UNCATALOGUED
PL_PULSELIVE_HISTORICAL,player_match,player_match,expectedGoals,2025-26,pl_stats/A_Villa_7/players_match_stats/2025-26_players_match_stats.csv | pl_stats/_merged/players_match_stats/2025-26_players_match_stats.csv,UNCATALOGUED
PL_PULSELIVE_HISTORICAL,player_match,player_match,expectedGoalsOnTarget,2025-26,pl_stats/A_Villa_7/players_match_stats/2025-26_players_match_stats.csv | pl_stats/_merged/players_match_stats/2025-26_players_match_stats.csv,UNCATALOGUED
PL_PULSELIVE_HISTORICAL,player_match,player_match,fouls,2009-10;2017-18;2025-26,pl_stats/A_Villa_7/players_match_stats/2025-26_players_match_stats.csv | pl_stats/_merged/players_match_stats/2009-10_players_match_stats.csv | pl_stats/_merged/players_match_stats/2017-18_players_match_stats.csv | pl_stats/_merged/players_match_stats/2025-26_players_match_stats.csv,UNCATALOGUED
PL_PULSELIVE_HISTORICAL,player_match,player_match,gameweek,2009-10;2017-18;2025-26,pl_stats/A_Villa_7/players_match_stats/2025-26_players_match_stats.csv | pl_stats/_merged/players_match_stats/2009-10_players_match_stats.csv | pl_stats/_merged/players_match_stats/2017-18_players_match_stats.csv | pl_stats/_merged/players_match_stats/2025-26_players_match_stats.csv,UNCATALOGUED
PL_PULSELIVE_HISTORICAL,player_match,player_match,goalAssist,2009-10;2017-18;2025-26,pl_stats/A_Villa_7/players_match_stats/2025-26_players_match_stats.csv | pl_stats/_merged/players_match_stats/2009-10_players_match_stats.csv | pl_stats/_merged/players_match_stats/2017-18_players_match_stats.csv | pl_stats/_merged/players_match_stats/2025-26_players_match_stats.csv,UNCATALOGUED
PL_PULSELIVE_HISTORICAL,player_match,player_match,goals,2009-10;2017-18;2025-26,pl_stats/A_Villa_7/players_match_stats/2025-26_players_match_stats.csv | pl_stats/_merged/players_match_stats/2009-10_players_match_stats.csv | pl_stats/_merged/players_match_stats/2017-18_players_match_stats.csv | pl_stats/_merged/players_match_stats/2025-26_players_match_stats.csv,UNCATALOGUED
PL_PULSELIVE_HISTORICAL,player_match,player_match,goalsPrevented,2025-26,pl_stats/A_Villa_7/players_match_stats/2025-26_players_match_stats.csv | pl_stats/_merged/players_match_stats/2025-26_players_match_stats.csv,UNCATALOGUED
PL_PULSELIVE_HISTORICAL,player_match,player_match,goodHighClaim,2009-10;2017-18;2025-26,pl_stats/A_Villa_7/players_match_stats/2025-26_players_match_stats.csv | pl_stats/_merged/players_match_stats/2009-10_players_match_stats.csv | pl_stats/_merged/players_match_stats/2017-18_players_match_stats.csv | pl_stats/_merged/players_match_stats/2025-26_players_match_stats.csv,UNCATALOGUED
PL_PULSELIVE_HISTORICAL,player_match,player_match,hitWoodwork,2009-10;2017-18;2025-26,pl_stats/A_Villa_7/players_match_stats/2025-26_players_match_stats.csv | pl_stats/_merged/players_match_stats/2009-10_players_match_stats.csv | pl_stats/_merged/players_match_stats/2017-18_players_match_stats.csv | pl_stats/_merged/players_match_stats/2025-26_players_match_stats.csv,UNCATALOGUED
PL_PULSELIVE_HISTORICAL,player_match,player_match,interceptionWon,2009-10;2017-18;2025-26,pl_stats/A_Villa_7/players_match_stats/2025-26_players_match_stats.csv | pl_stats/_merged/players_match_stats/2009-10_players_match_stats.csv | pl_stats/_merged/players_match_stats/2017-18_players_match_stats.csv | pl_stats/_merged/players_match_stats/2025-26_players_match_stats.csv,UNCATALOGUED
PL_PULSELIVE_HISTORICAL,player_match,player_match,keyPass,2009-10;2017-18;2025-26,pl_stats/A_Villa_7/players_match_stats/2025-26_players_match_stats.csv | pl_stats/_merged/players_match_stats/2009-10_players_match_stats.csv | pl_stats/_merged/players_match_stats/2017-18_players_match_stats.csv | pl_stats/_merged/players_match_stats/2025-26_players_match_stats.csv,UNCATALOGUED
PL_PULSELIVE_HISTORICAL,player_match,player_match,lastManTackle,2017-18;2025-26,pl_stats/A_Villa_7/players_match_stats/2025-26_players_match_stats.csv | pl_stats/_merged/players_match_stats/2017-18_players_match_stats.csv | pl_stats/_merged/players_match_stats/2025-26_players_match_stats.csv,UNCATALOGUED
PL_PULSELIVE_HISTORICAL,player_match,player_match,matchId,2009-10;2017-18;2025-26,pl_stats/A_Villa_7/players_match_stats/2025-26_players_match_stats.csv | pl_stats/_merged/players_match_stats/2009-10_players_match_stats.csv | pl_stats/_merged/players_match_stats/2017-18_players_match_stats.csv | pl_stats/_merged/players_match_stats/2025-26_players_match_stats.csv,UNCATALOGUED
PL_PULSELIVE_HISTORICAL,player_match,player_match,metersCoveredHighSpeedRunningKm,2025-26,pl_stats/A_Villa_7/players_match_stats/2025-26_players_match_stats.csv | pl_stats/_merged/players_match_stats/2025-26_players_match_stats.csv,UNCATALOGUED
PL_PULSELIVE_HISTORICAL,player_match,player_match,metersCoveredJoggingKm,2025-26,pl_stats/A_Villa_7/players_match_stats/2025-26_players_match_stats.csv | pl_stats/_merged/players_match_stats/2025-26_players_match_stats.csv,UNCATALOGUED
PL_PULSELIVE_HISTORICAL,player_match,player_match,metersCoveredRunningKm,2025-26,pl_stats/A_Villa_7/players_match_stats/2025-26_players_match_stats.csv | pl_stats/_merged/players_match_stats/2025-26_players_match_stats.csv,UNCATALOGUED
PL_PULSELIVE_HISTORICAL,player_match,player_match,metersCoveredSprintingKm,2025-26,pl_stats/A_Villa_7/players_match_stats/2025-26_players_match_stats.csv | pl_stats/_merged/players_match_stats/2025-26_players_match_stats.csv,UNCATALOGUED
PL_PULSELIVE_HISTORICAL,player_match,player_match,metersCoveredWalkingKm,2025-26,pl_stats/A_Villa_7/players_match_stats/2025-26_players_match_stats.csv | pl_stats/_merged/players_match_stats/2025-26_players_match_stats.csv,UNCATALOGUED
PL_PULSELIVE_HISTORICAL,player_match,player_match,minutesPlayed,2009-10;2017-18;2025-26,pl_stats/A_Villa_7/players_match_stats/2025-26_players_match_stats.csv | pl_stats/_merged/players_match_stats/2009-10_players_match_stats.csv | pl_stats/_merged/players_match_stats/2017-18_players_match_stats.csv | pl_stats/_merged/players_match_stats/2025-26_players_match_stats.csv,UNCATALOGUED
PL_PULSELIVE_HISTORICAL,player_match,player_match,onTargetScoringAttempt,2009-10;2017-18;2025-26,pl_stats/A_Villa_7/players_match_stats/2025-26_players_match_stats.csv | pl_stats/_merged/players_match_stats/2009-10_players_match_stats.csv | pl_stats/_merged/players_match_stats/2017-18_players_match_stats.csv | pl_stats/_merged/players_match_stats/2025-26_players_match_stats.csv,UNCATALOGUED
PL_PULSELIVE_HISTORICAL,player_match,player_match,outfielderBlock,2009-10;2017-18;2025-26,pl_stats/A_Villa_7/players_match_stats/2025-26_players_match_stats.csv | pl_stats/_merged/players_match_stats/2009-10_players_match_stats.csv | pl_stats/_merged/players_match_stats/2017-18_players_match_stats.csv | pl_stats/_merged/players_match_stats/2025-26_players_match_stats.csv,UNCATALOGUED
PL_PULSELIVE_HISTORICAL,player_match,player_match,ownGoals,2009-10;2017-18;2025-26,pl_stats/A_Villa_7/players_match_stats/2025-26_players_match_stats.csv | pl_stats/_merged/players_match_stats/2009-10_players_match_stats.csv | pl_stats/_merged/players_match_stats/2017-18_players_match_stats.csv | pl_stats/_merged/players_match_stats/2025-26_players_match_stats.csv,UNCATALOGUED
PL_PULSELIVE_HISTORICAL,player_match,player_match,penaltyConceded,2017-18;2025-26,pl_stats/A_Villa_7/players_match_stats/2025-26_players_match_stats.csv | pl_stats/_merged/players_match_stats/2017-18_players_match_stats.csv | pl_stats/_merged/players_match_stats/2025-26_players_match_stats.csv,UNCATALOGUED
PL_PULSELIVE_HISTORICAL,player_match,player_match,penaltyFaced,2017-18;2025-26,pl_stats/A_Villa_7/players_match_stats/2025-26_players_match_stats.csv | pl_stats/_merged/players_match_stats/2017-18_players_match_stats.csv | pl_stats/_merged/players_match_stats/2025-26_players_match_stats.csv,UNCATALOGUED
PL_PULSELIVE_HISTORICAL,player_match,player_match,penaltyMiss,2009-10;2017-18;2025-26,pl_stats/_merged/players_match_stats/2009-10_players_match_stats.csv | pl_stats/_merged/players_match_stats/2017-18_players_match_stats.csv | pl_stats/_merged/players_match_stats/2025-26_players_match_stats.csv,UNCATALOGUED
PL_PULSELIVE_HISTORICAL,player_match,player_match,penaltySave,2017-18;2025-26,pl_stats/A_Villa_7/players_match_stats/2025-26_players_match_stats.csv | pl_stats/_merged/players_match_stats/2017-18_players_match_stats.csv | pl_stats/_merged/players_match_stats/2025-26_players_match_stats.csv,UNCATALOGUED
PL_PULSELIVE_HISTORICAL,player_match,player_match,penaltyWon,2017-18;2025-26,pl_stats/_merged/players_match_stats/2017-18_players_match_stats.csv | pl_stats/_merged/players_match_stats/2025-26_players_match_stats.csv,UNCATALOGUED
PL_PULSELIVE_HISTORICAL,player_match,player_match,pl_code,2009-10;2017-18;2025-26,pl_stats/A_Villa_7/players_match_stats/2025-26_players_match_stats.csv | pl_stats/_merged/players_match_stats/2009-10_players_match_stats.csv | pl_stats/_merged/players_match_stats/2017-18_players_match_stats.csv | pl_stats/_merged/players_match_stats/2025-26_players_match_stats.csv,UNCATALOGUED
PL_PULSELIVE_HISTORICAL,player_match,player_match,playerId,2009-10;2017-18;2025-26,pl_stats/A_Villa_7/players_match_stats/2025-26_players_match_stats.csv | pl_stats/_merged/players_match_stats/2009-10_players_match_stats.csv | pl_stats/_merged/players_match_stats/2017-18_players_match_stats.csv | pl_stats/_merged/players_match_stats/2025-26_players_match_stats.csv,UNCATALOGUED
PL_PULSELIVE_HISTORICAL,player_match,player_match,playerName,2009-10;2017-18;2025-26,pl_stats/A_Villa_7/players_match_stats/2025-26_players_match_stats.csv | pl_stats/_merged/players_match_stats/2009-10_players_match_stats.csv | pl_stats/_merged/players_match_stats/2017-18_players_match_stats.csv | pl_stats/_merged/players_match_stats/2025-26_players_match_stats.csv,UNCATALOGUED
PL_PULSELIVE_HISTORICAL,player_match,player_match,position,2009-10;2017-18;2025-26,pl_stats/A_Villa_7/players_match_stats/2025-26_players_match_stats.csv | pl_stats/_merged/players_match_stats/2009-10_players_match_stats.csv | pl_stats/_merged/players_match_stats/2017-18_players_match_stats.csv | pl_stats/_merged/players_match_stats/2025-26_players_match_stats.csv,UNCATALOGUED
PL_PULSELIVE_HISTORICAL,player_match,player_match,possessionLostCtrl,2009-10;2017-18;2025-26,pl_stats/A_Villa_7/players_match_stats/2025-26_players_match_stats.csv | pl_stats/_merged/players_match_stats/2009-10_players_match_stats.csv | pl_stats/_merged/players_match_stats/2017-18_players_match_stats.csv | pl_stats/_merged/players_match_stats/2025-26_players_match_stats.csv,UNCATALOGUED
PL_PULSELIVE_HISTORICAL,player_match,player_match,progressiveBallCarriesCount,2025-26,pl_stats/A_Villa_7/players_match_stats/2025-26_players_match_stats.csv | pl_stats/_merged/players_match_stats/2025-26_players_match_stats.csv,UNCATALOGUED
PL_PULSELIVE_HISTORICAL,player_match,player_match,punches,2009-10;2017-18;2025-26,pl_stats/A_Villa_7/players_match_stats/2025-26_players_match_stats.csv | pl_stats/_merged/players_match_stats/2009-10_players_match_stats.csv | pl_stats/_merged/players_match_stats/2017-18_players_match_stats.csv | pl_stats/_merged/players_match_stats/2025-26_players_match_stats.csv,UNCATALOGUED
PL_PULSELIVE_HISTORICAL,player_match,player_match,rating,2017-18;2025-26,pl_stats/A_Villa_7/players_match_stats/2025-26_players_match_stats.csv | pl_stats/_merged/players_match_stats/2017-18_players_match_stats.csv | pl_stats/_merged/players_match_stats/2025-26_players_match_stats.csv,UNCATALOGUED
PL_PULSELIVE_HISTORICAL,player_match,player_match,savedShotsFromInsideTheBox,2009-10;2017-18;2025-26,pl_stats/A_Villa_7/players_match_stats/2025-26_players_match_stats.csv | pl_stats/_merged/players_match_stats/2009-10_players_match_stats.csv | pl_stats/_merged/players_match_stats/2017-18_players_match_stats.csv | pl_stats/_merged/players_match_stats/2025-26_players_match_stats.csv,UNCATALOGUED
PL_PULSELIVE_HISTORICAL,player_match,player_match,saves,2009-10;2017-18;2025-26,pl_stats/A_Villa_7/players_match_stats/2025-26_players_match_stats.csv | pl_stats/_merged/players_match_stats/2009-10_players_match_stats.csv | pl_stats/_merged/players_match_stats/2017-18_players_match_stats.csv | pl_stats/_merged/players_match_stats/2025-26_players_match_stats.csv,UNCATALOGUED
PL_PULSELIVE_HISTORICAL,player_match,player_match,season,2009-10;2017-18;2025-26,pl_stats/A_Villa_7/players_match_stats/2025-26_players_match_stats.csv | pl_stats/_merged/players_match_stats/2009-10_players_match_stats.csv | pl_stats/_merged/players_match_stats/2017-18_players_match_stats.csv | pl_stats/_merged/players_match_stats/2025-26_players_match_stats.csv,UNCATALOGUED
PL_PULSELIVE_HISTORICAL,player_match,player_match,shotOffTarget,2009-10;2017-18;2025-26,pl_stats/A_Villa_7/players_match_stats/2025-26_players_match_stats.csv | pl_stats/_merged/players_match_stats/2009-10_players_match_stats.csv | pl_stats/_merged/players_match_stats/2017-18_players_match_stats.csv | pl_stats/_merged/players_match_stats/2025-26_players_match_stats.csv,UNCATALOGUED
PL_PULSELIVE_HISTORICAL,player_match,player_match,slug,2009-10;2017-18;2025-26,pl_stats/A_Villa_7/players_match_stats/2025-26_players_match_stats.csv | pl_stats/_merged/players_match_stats/2009-10_players_match_stats.csv | pl_stats/_merged/players_match_stats/2017-18_players_match_stats.csv | pl_stats/_merged/players_match_stats/2025-26_players_match_stats.csv,UNCATALOGUED
PL_PULSELIVE_HISTORICAL,player_match,player_match,substitute,2009-10;2017-18;2025-26,pl_stats/A_Villa_7/players_match_stats/2025-26_players_match_stats.csv | pl_stats/_merged/players_match_stats/2009-10_players_match_stats.csv | pl_stats/_merged/players_match_stats/2017-18_players_match_stats.csv | pl_stats/_merged/players_match_stats/2025-26_players_match_stats.csv,UNCATALOGUED
PL_PULSELIVE_HISTORICAL,player_match,player_match,substitute.1,2009-10;2017-18;2025-26,pl_stats/A_Villa_7/players_match_stats/2025-26_players_match_stats.csv | pl_stats/_merged/players_match_stats/2009-10_players_match_stats.csv | pl_stats/_merged/players_match_stats/2017-18_players_match_stats.csv | pl_stats/_merged/players_match_stats/2025-26_players_match_stats.csv,UNCATALOGUED
PL_PULSELIVE_HISTORICAL,player_match,player_match,team,2009-10;2017-18;2025-26,pl_stats/A_Villa_7/players_match_stats/2025-26_players_match_stats.csv | pl_stats/_merged/players_match_stats/2009-10_players_match_stats.csv | pl_stats/_merged/players_match_stats/2017-18_players_match_stats.csv | pl_stats/_merged/players_match_stats/2025-26_players_match_stats.csv,UNCATALOGUED
PL_PULSELIVE_HISTORICAL,player_match,player_match,team_id,2009-10;2017-18;2025-26,pl_stats/A_Villa_7/players_match_stats/2025-26_players_match_stats.csv | pl_stats/_merged/players_match_stats/2009-10_players_match_stats.csv | pl_stats/_merged/players_match_stats/2017-18_players_match_stats.csv | pl_stats/_merged/players_match_stats/2025-26_players_match_stats.csv,UNCATALOGUED
PL_PULSELIVE_HISTORICAL,player_match,player_match,totalBallCarriesDistance,2025-26,pl_stats/A_Villa_7/players_match_stats/2025-26_players_match_stats.csv | pl_stats/_merged/players_match_stats/2025-26_players_match_stats.csv,UNCATALOGUED
PL_PULSELIVE_HISTORICAL,player_match,player_match,totalClearance,2009-10;2017-18;2025-26,pl_stats/A_Villa_7/players_match_stats/2025-26_players_match_stats.csv | pl_stats/_merged/players_match_stats/2009-10_players_match_stats.csv | pl_stats/_merged/players_match_stats/2017-18_players_match_stats.csv | pl_stats/_merged/players_match_stats/2025-26_players_match_stats.csv,UNCATALOGUED
PL_PULSELIVE_HISTORICAL,player_match,player_match,totalContest,2009-10;2017-18;2025-26,pl_stats/A_Villa_7/players_match_stats/2025-26_players_match_stats.csv | pl_stats/_merged/players_match_stats/2009-10_players_match_stats.csv | pl_stats/_merged/players_match_stats/2017-18_players_match_stats.csv | pl_stats/_merged/players_match_stats/2025-26_players_match_stats.csv,UNCATALOGUED
PL_PULSELIVE_HISTORICAL,player_match,player_match,totalCross,2009-10;2017-18;2025-26,pl_stats/A_Villa_7/players_match_stats/2025-26_players_match_stats.csv | pl_stats/_merged/players_match_stats/2009-10_players_match_stats.csv | pl_stats/_merged/players_match_stats/2017-18_players_match_stats.csv | pl_stats/_merged/players_match_stats/2025-26_players_match_stats.csv,UNCATALOGUED
PL_PULSELIVE_HISTORICAL,player_match,player_match,totalKeeperSweeper,2009-10;2017-18;2025-26,pl_stats/A_Villa_7/players_match_stats/2025-26_players_match_stats.csv | pl_stats/_merged/players_match_stats/2009-10_players_match_stats.csv | pl_stats/_merged/players_match_stats/2017-18_players_match_stats.csv | pl_stats/_merged/players_match_stats/2025-26_players_match_stats.csv,UNCATALOGUED
PL_PULSELIVE_HISTORICAL,player_match,player_match,totalLongBalls,2009-10;2017-18;2025-26,pl_stats/A_Villa_7/players_match_stats/2025-26_players_match_stats.csv | pl_stats/_merged/players_match_stats/2009-10_players_match_stats.csv | pl_stats/_merged/players_match_stats/2017-18_players_match_stats.csv | pl_stats/_merged/players_match_stats/2025-26_players_match_stats.csv,UNCATALOGUED
PL_PULSELIVE_HISTORICAL,player_match,player_match,totalOffside,2009-10;2017-18;2025-26,pl_stats/A_Villa_7/players_match_stats/2025-26_players_match_stats.csv | pl_stats/_merged/players_match_stats/2009-10_players_match_stats.csv | pl_stats/_merged/players_match_stats/2017-18_players_match_stats.csv | pl_stats/_merged/players_match_stats/2025-26_players_match_stats.csv,UNCATALOGUED
PL_PULSELIVE_HISTORICAL,player_match,player_match,totalOppositionHalfPasses,2009-10;2017-18;2025-26,pl_stats/A_Villa_7/players_match_stats/2025-26_players_match_stats.csv | pl_stats/_merged/players_match_stats/2009-10_players_match_stats.csv | pl_stats/_merged/players_match_stats/2017-18_players_match_stats.csv | pl_stats/_merged/players_match_stats/2025-26_players_match_stats.csv,UNCATALOGUED
PL_PULSELIVE_HISTORICAL,player_match,player_match,totalOwnHalfPasses,2009-10;2017-18;2025-26,pl_stats/A_Villa_7/players_match_stats/2025-26_players_match_stats.csv | pl_stats/_merged/players_match_stats/2009-10_players_match_stats.csv | pl_stats/_merged/players_match_stats/2017-18_players_match_stats.csv | pl_stats/_merged/players_match_stats/2025-26_players_match_stats.csv,UNCATALOGUED
PL_PULSELIVE_HISTORICAL,player_match,player_match,totalPass,2009-10;2017-18;2025-26,pl_stats/A_Villa_7/players_match_stats/2025-26_players_match_stats.csv | pl_stats/_merged/players_match_stats/2009-10_players_match_stats.csv | pl_stats/_merged/players_match_stats/2017-18_players_match_stats.csv | pl_stats/_merged/players_match_stats/2025-26_players_match_stats.csv,UNCATALOGUED
PL_PULSELIVE_HISTORICAL,player_match,player_match,totalProgression,2025-26,pl_stats/A_Villa_7/players_match_stats/2025-26_players_match_stats.csv | pl_stats/_merged/players_match_stats/2025-26_players_match_stats.csv,UNCATALOGUED
PL_PULSELIVE_HISTORICAL,player_match,player_match,totalProgressiveBallCarriesDistance,2025-26,pl_stats/A_Villa_7/players_match_stats/2025-26_players_match_stats.csv | pl_stats/_merged/players_match_stats/2025-26_players_match_stats.csv,UNCATALOGUED
PL_PULSELIVE_HISTORICAL,player_match,player_match,totalShots,2009-10;2017-18;2025-26,pl_stats/A_Villa_7/players_match_stats/2025-26_players_match_stats.csv | pl_stats/_merged/players_match_stats/2009-10_players_match_stats.csv | pl_stats/_merged/players_match_stats/2017-18_players_match_stats.csv | pl_stats/_merged/players_match_stats/2025-26_players_match_stats.csv,UNCATALOGUED
PL_PULSELIVE_HISTORICAL,player_match,player_match,totalTackle,2009-10;2017-18;2025-26,pl_stats/A_Villa_7/players_match_stats/2025-26_players_match_stats.csv | pl_stats/_merged/players_match_stats/2009-10_players_match_stats.csv | pl_stats/_merged/players_match_stats/2017-18_players_match_stats.csv | pl_stats/_merged/players_match_stats/2025-26_players_match_stats.csv,UNCATALOGUED
PL_PULSELIVE_HISTORICAL,player_match,player_match,touches,2009-10;2017-18;2025-26,pl_stats/A_Villa_7/players_match_stats/2025-26_players_match_stats.csv | pl_stats/_merged/players_match_stats/2009-10_players_match_stats.csv | pl_stats/_merged/players_match_stats/2017-18_players_match_stats.csv | pl_stats/_merged/players_match_stats/2025-26_players_match_stats.csv,UNCATALOGUED
PL_PULSELIVE_HISTORICAL,player_match,player_match,unsuccessfulTouch,2017-18;2025-26,pl_stats/A_Villa_7/players_match_stats/2025-26_players_match_stats.csv | pl_stats/_merged/players_match_stats/2017-18_players_match_stats.csv | pl_stats/_merged/players_match_stats/2025-26_players_match_stats.csv,UNCATALOGUED
PL_PULSELIVE_HISTORICAL,player_match,player_match,venue,2009-10;2017-18;2025-26,pl_stats/A_Villa_7/players_match_stats/2025-26_players_match_stats.csv | pl_stats/_merged/players_match_stats/2009-10_players_match_stats.csv | pl_stats/_merged/players_match_stats/2017-18_players_match_stats.csv | pl_stats/_merged/players_match_stats/2025-26_players_match_stats.csv,UNCATALOGUED
PL_PULSELIVE_HISTORICAL,player_match,player_match,wasFouled,2009-10;2017-18;2025-26,pl_stats/A_Villa_7/players_match_stats/2025-26_players_match_stats.csv | pl_stats/_merged/players_match_stats/2009-10_players_match_stats.csv | pl_stats/_merged/players_match_stats/2017-18_players_match_stats.csv | pl_stats/_merged/players_match_stats/2025-26_players_match_stats.csv,UNCATALOGUED
PL_PULSELIVE_HISTORICAL,player_match,player_match,wonContest,2009-10;2017-18;2025-26,pl_stats/A_Villa_7/players_match_stats/2025-26_players_match_stats.csv | pl_stats/_merged/players_match_stats/2009-10_players_match_stats.csv | pl_stats/_merged/players_match_stats/2017-18_players_match_stats.csv | pl_stats/_merged/players_match_stats/2025-26_players_match_stats.csv,UNCATALOGUED
PL_PULSELIVE_HISTORICAL,player_match,player_match,wonTackle,2009-10;2017-18;2025-26,pl_stats/A_Villa_7/players_match_stats/2025-26_players_match_stats.csv | pl_stats/_merged/players_match_stats/2009-10_players_match_stats.csv | pl_stats/_merged/players_match_stats/2017-18_players_match_stats.csv | pl_stats/_merged/players_match_stats/2025-26_players_match_stats.csv,UNCATALOGUED
PL_PULSELIVE_HISTORICAL,player_season,player_season,aerialDuels,2009-10;2017-18;2025-26,pl_stats/A_Villa_7/players_stats/2009-10_players_stats.csv | pl_stats/A_Villa_7/players_stats/2025-26_players_stats.csv | pl_stats/Arsenal_3/players_stats/2017-18_players_stats.csv,UNCATALOGUED
PL_PULSELIVE_HISTORICAL,player_season,player_season,aerialDuelsLost,2009-10;2017-18;2025-26,pl_stats/A_Villa_7/players_stats/2009-10_players_stats.csv | pl_stats/A_Villa_7/players_stats/2025-26_players_stats.csv | pl_stats/Arsenal_3/players_stats/2017-18_players_stats.csv,UNCATALOGUED
PL_PULSELIVE_HISTORICAL,player_season,player_season,aerialDuelsWon,2009-10;2017-18;2025-26,pl_stats/A_Villa_7/players_stats/2009-10_players_stats.csv | pl_stats/A_Villa_7/players_stats/2025-26_players_stats.csv | pl_stats/Arsenal_3/players_stats/2017-18_players_stats.csv,UNCATALOGUED
PL_PULSELIVE_HISTORICAL,player_season,player_season,appearances,2009-10;2017-18;2025-26,pl_stats/A_Villa_7/players_stats/2009-10_players_stats.csv | pl_stats/A_Villa_7/players_stats/2025-26_players_stats.csv | pl_stats/Arsenal_3/players_stats/2017-18_players_stats.csv,UNCATALOGUED
PL_PULSELIVE_HISTORICAL,player_season,player_season,attemptsFromSetPieces,2009-10;2017-18;2025-26,pl_stats/A_Villa_7/players_stats/2009-10_players_stats.csv | pl_stats/A_Villa_7/players_stats/2025-26_players_stats.csv | pl_stats/Arsenal_3/players_stats/2017-18_players_stats.csv,UNCATALOGUED
PL_PULSELIVE_HISTORICAL,player_season,player_season,awayGoals,2009-10;2025-26,pl_stats/A_Villa_7/players_stats/2009-10_players_stats.csv | pl_stats/A_Villa_7/players_stats/2025-26_players_stats.csv,UNCATALOGUED
PL_PULSELIVE_HISTORICAL,player_season,player_season,backwardPasses,2017-18;2025-26,pl_stats/A_Villa_7/players_stats/2025-26_players_stats.csv | pl_stats/Arsenal_3/players_stats/2017-18_players_stats.csv,UNCATALOGUED
PL_PULSELIVE_HISTORICAL,player_season,player_season,blockedShots,2009-10;2017-18;2025-26,pl_stats/A_Villa_7/players_stats/2009-10_players_stats.csv | pl_stats/A_Villa_7/players_stats/2025-26_players_stats.csv | pl_stats/Arsenal_3/players_stats/2017-18_players_stats.csv,UNCATALOGUED
PL_PULSELIVE_HISTORICAL,player_season,player_season,blocks,2009-10;2017-18;2025-26,pl_stats/A_Villa_7/players_stats/2009-10_players_stats.csv | pl_stats/A_Villa_7/players_stats/2025-26_players_stats.csv | pl_stats/Arsenal_3/players_stats/2017-18_players_stats.csv,UNCATALOGUED
PL_PULSELIVE_HISTORICAL,player_season,player_season,catches,2009-10;2017-18;2025-26,pl_stats/A_Villa_7/players_stats/2009-10_players_stats.csv | pl_stats/A_Villa_7/players_stats/2025-26_players_stats.csv | pl_stats/Arsenal_3/players_stats/2017-18_players_stats.csv,UNCATALOGUED
PL_PULSELIVE_HISTORICAL,player_season,player_season,cleanSheets,2009-10;2017-18;2025-26,pl_stats/A_Villa_7/players_stats/2009-10_players_stats.csv | pl_stats/A_Villa_7/players_stats/2025-26_players_stats.csv | pl_stats/Arsenal_3/players_stats/2017-18_players_stats.csv,UNCATALOGUED
PL_PULSELIVE_HISTORICAL,player_season,player_season,clearancesOffTheLine,2009-10;2017-18;2025-26,pl_stats/A_Villa_7/players_stats/2009-10_players_stats.csv | pl_stats/A_Villa_7/players_stats/2025-26_players_stats.csv | pl_stats/Arsenal_3/players_stats/2017-18_players_stats.csv,UNCATALOGUED
PL_PULSELIVE_HISTORICAL,player_season,player_season,cornersTakenInclShortCorners,2009-10;2017-18;2025-26,pl_stats/A_Villa_7/players_stats/2009-10_players_stats.csv | pl_stats/A_Villa_7/players_stats/2025-26_players_stats.csv | pl_stats/Arsenal_3/players_stats/2017-18_players_stats.csv,UNCATALOGUED
PL_PULSELIVE_HISTORICAL,player_season,player_season,cornersWon,2009-10;2017-18;2025-26,pl_stats/A_Villa_7/players_stats/2009-10_players_stats.csv | pl_stats/A_Villa_7/players_stats/2025-26_players_stats.csv | pl_stats/Arsenal_3/players_stats/2017-18_players_stats.csv,UNCATALOGUED
PL_PULSELIVE_HISTORICAL,player_season,player_season,crossesNotClaimed,2009-10;2017-18;2025-26,pl_stats/A_Villa_7/players_stats/2009-10_players_stats.csv | pl_stats/A_Villa_7/players_stats/2025-26_players_stats.csv | pl_stats/Arsenal_3/players_stats/2017-18_players_stats.csv,UNCATALOGUED
PL_PULSELIVE_HISTORICAL,player_season,player_season,drops,2017-18;2025-26,pl_stats/A_Villa_7/players_stats/2025-26_players_stats.csv | pl_stats/Arsenal_3/players_stats/2017-18_players_stats.csv,UNCATALOGUED
PL_PULSELIVE_HISTORICAL,player_season,player_season,duels,2009-10;2017-18;2025-26,pl_stats/A_Villa_7/players_stats/2009-10_players_stats.csv | pl_stats/A_Villa_7/players_stats/2025-26_players_stats.csv | pl_stats/Arsenal_3/players_stats/2017-18_players_stats.csv,UNCATALOGUED
PL_PULSELIVE_HISTORICAL,player_season,player_season,duelsLost,2009-10;2017-18;2025-26,pl_stats/A_Villa_7/players_stats/2009-10_players_stats.csv | pl_stats/A_Villa_7/players_stats/2025-26_players_stats.csv | pl_stats/Arsenal_3/players_stats/2017-18_players_stats.csv,UNCATALOGUED
PL_PULSELIVE_HISTORICAL,player_season,player_season,duelsWon,2009-10;2017-18;2025-26,pl_stats/A_Villa_7/players_stats/2009-10_players_stats.csv | pl_stats/A_Villa_7/players_stats/2025-26_players_stats.csv | pl_stats/Arsenal_3/players_stats/2017-18_players_stats.csv,UNCATALOGUED
PL_PULSELIVE_HISTORICAL,player_season,player_season,expectedAssists,2017-18;2025-26,pl_stats/A_Villa_7/players_stats/2025-26_players_stats.csv | pl_stats/Arsenal_3/players_stats/2017-18_players_stats.csv,UNCATALOGUED
PL_PULSELIVE_HISTORICAL,player_season,player_season,expectedGoals,2017-18;2025-26,pl_stats/A_Villa_7/players_stats/2025-26_players_stats.csv | pl_stats/Arsenal_3/players_stats/2017-18_players_stats.csv,UNCATALOGUED
PL_PULSELIVE_HISTORICAL,player_season,player_season,expectedGoalsFreekick,2017-18;2025-26,pl_stats/A_Villa_7/players_stats/2025-26_players_stats.csv | pl_stats/Arsenal_3/players_stats/2017-18_players_stats.csv,UNCATALOGUED
PL_PULSELIVE_HISTORICAL,player_season,player_season,expectedGoalsOnTarget,2017-18;2025-26,pl_stats/A_Villa_7/players_stats/2025-26_players_stats.csv | pl_stats/Arsenal_3/players_stats/2017-18_players_stats.csv,UNCATALOGUED
PL_PULSELIVE_HISTORICAL,player_season,player_season,expectedGoalsOnTargetConceded,2017-18;2025-26,pl_stats/A_Villa_7/players_stats/2025-26_players_stats.csv | pl_stats/Arsenal_3/players_stats/2017-18_players_stats.csv,UNCATALOGUED
PL_PULSELIVE_HISTORICAL,player_season,player_season,forwardPasses,2017-18;2025-26,pl_stats/A_Villa_7/players_stats/2025-26_players_stats.csv | pl_stats/Arsenal_3/players_stats/2017-18_players_stats.csv,UNCATALOGUED
PL_PULSELIVE_HISTORICAL,player_season,player_season,foulAttemptedTackle,2017-18;2025-26,pl_stats/A_Villa_7/players_stats/2025-26_players_stats.csv | pl_stats/Arsenal_3/players_stats/2017-18_players_stats.csv,UNCATALOGUED
PL_PULSELIVE_HISTORICAL,player_season,player_season,foulWonPenalty,2009-10;2017-18,pl_stats/A_Villa_7/players_stats/2009-10_players_stats.csv | pl_stats/Arsenal_3/players_stats/2017-18_players_stats.csv,UNCATALOGUED
PL_PULSELIVE_HISTORICAL,player_season,player_season,freekickTotal,2017-18;2025-26,pl_stats/A_Villa_7/players_stats/2025-26_players_stats.csv | pl_stats/Arsenal_3/players_stats/2017-18_players_stats.csv,UNCATALOGUED
PL_PULSELIVE_HISTORICAL,player_season,player_season,gamesPlayed,2009-10;2017-18;2025-26,pl_stats/A_Villa_7/players_stats/2009-10_players_stats.csv | pl_stats/A_Villa_7/players_stats/2025-26_players_stats.csv | pl_stats/Arsenal_3/players_stats/2017-18_players_stats.csv,UNCATALOGUED
PL_PULSELIVE_HISTORICAL,player_season,player_season,gkSuccessfulDistribution,2009-10;2017-18;2025-26,pl_stats/A_Villa_7/players_stats/2009-10_players_stats.csv | pl_stats/A_Villa_7/players_stats/2025-26_players_stats.csv | pl_stats/Arsenal_3/players_stats/2017-18_players_stats.csv,UNCATALOGUED
PL_PULSELIVE_HISTORICAL,player_season,player_season,gkUnsuccessfulDistribution,2009-10;2017-18;2025-26,pl_stats/A_Villa_7/players_stats/2009-10_players_stats.csv | pl_stats/A_Villa_7/players_stats/2025-26_players_stats.csv | pl_stats/Arsenal_3/players_stats/2017-18_players_stats.csv,UNCATALOGUED
PL_PULSELIVE_HISTORICAL,player_season,player_season,goalAssists,2009-10;2017-18;2025-26,pl_stats/A_Villa_7/players_stats/2009-10_players_stats.csv | pl_stats/A_Villa_7/players_stats/2025-26_players_stats.csv | pl_stats/Arsenal_3/players_stats/2017-18_players_stats.csv,UNCATALOGUED
PL_PULSELIVE_HISTORICAL,player_season,player_season,goalKicks,2009-10;2025-26,pl_stats/A_Villa_7/players_stats/2009-10_players_stats.csv | pl_stats/A_Villa_7/players_stats/2025-26_players_stats.csv,UNCATALOGUED
PL_PULSELIVE_HISTORICAL,player_season,player_season,goalkeeperSmother,2009-10;2017-18;2025-26,pl_stats/A_Villa_7/players_stats/2009-10_players_stats.csv | pl_stats/A_Villa_7/players_stats/2025-26_players_stats.csv | pl_stats/Arsenal_3/players_stats/2017-18_players_stats.csv,UNCATALOGUED
PL_PULSELIVE_HISTORICAL,player_season,player_season,goals,2009-10;2017-18;2025-26,pl_stats/A_Villa_7/players_stats/2009-10_players_stats.csv | pl_stats/A_Villa_7/players_stats/2025-26_players_stats.csv | pl_stats/Arsenal_3/players_stats/2017-18_players_stats.csv,UNCATALOGUED
PL_PULSELIVE_HISTORICAL,player_season,player_season,goalsConceded,2009-10;2017-18;2025-26,pl_stats/A_Villa_7/players_stats/2009-10_players_stats.csv | pl_stats/A_Villa_7/players_stats/2025-26_players_stats.csv | pl_stats/Arsenal_3/players_stats/2017-18_players_stats.csv,UNCATALOGUED
PL_PULSELIVE_HISTORICAL,player_season,player_season,goalsConcededInsideBox,2009-10;2017-18;2025-26,pl_stats/A_Villa_7/players_stats/2009-10_players_stats.csv | pl_stats/A_Villa_7/players_stats/2025-26_players_stats.csv | pl_stats/Arsenal_3/players_stats/2017-18_players_stats.csv,UNCATALOGUED
PL_PULSELIVE_HISTORICAL,player_season,player_season,goalsConcededOutsideBox,2009-10;2017-18;2025-26,pl_stats/A_Villa_7/players_stats/2009-10_players_stats.csv | pl_stats/A_Villa_7/players_stats/2025-26_players_stats.csv | pl_stats/Arsenal_3/players_stats/2017-18_players_stats.csv,UNCATALOGUED
PL_PULSELIVE_HISTORICAL,player_season,player_season,groundDuels,2009-10;2017-18;2025-26,pl_stats/A_Villa_7/players_stats/2009-10_players_stats.csv | pl_stats/A_Villa_7/players_stats/2025-26_players_stats.csv | pl_stats/Arsenal_3/players_stats/2017-18_players_stats.csv,UNCATALOGUED
PL_PULSELIVE_HISTORICAL,player_season,player_season,groundDuelsLost,2009-10;2017-18;2025-26,pl_stats/A_Villa_7/players_stats/2009-10_players_stats.csv | pl_stats/A_Villa_7/players_stats/2025-26_players_stats.csv | pl_stats/Arsenal_3/players_stats/2017-18_players_stats.csv,UNCATALOGUED
PL_PULSELIVE_HISTORICAL,player_season,player_season,groundDuelsWon,2009-10;2017-18;2025-26,pl_stats/A_Villa_7/players_stats/2009-10_players_stats.csv | pl_stats/A_Villa_7/players_stats/2025-26_players_stats.csv | pl_stats/Arsenal_3/players_stats/2017-18_players_stats.csv,UNCATALOGUED
PL_PULSELIVE_HISTORICAL,player_season,player_season,handballsConceded,2009-10;2017-18;2025-26,pl_stats/A_Villa_7/players_stats/2009-10_players_stats.csv | pl_stats/A_Villa_7/players_stats/2025-26_players_stats.csv | pl_stats/Arsenal_3/players_stats/2017-18_players_stats.csv,UNCATALOGUED
PL_PULSELIVE_HISTORICAL,player_season,player_season,headedGoals,2009-10;2017-18;2025-26,pl_stats/A_Villa_7/players_stats/2009-10_players_stats.csv | pl_stats/A_Villa_7/players_stats/2025-26_players_stats.csv | pl_stats/Arsenal_3/players_stats/2017-18_players_stats.csv,UNCATALOGUED
PL_PULSELIVE_HISTORICAL,player_season,player_season,hitWoodwork,2009-10;2017-18;2025-26,pl_stats/A_Villa_7/players_stats/2009-10_players_stats.csv | pl_stats/A_Villa_7/players_stats/2025-26_players_stats.csv | pl_stats/Arsenal_3/players_stats/2017-18_players_stats.csv,UNCATALOGUED
PL_PULSELIVE_HISTORICAL,player_season,player_season,homeGoals,2009-10;2025-26,pl_stats/A_Villa_7/players_stats/2009-10_players_stats.csv | pl_stats/A_Villa_7/players_stats/2025-26_players_stats.csv,UNCATALOGUED
PL_PULSELIVE_HISTORICAL,player_season,player_season,iboxBlocked,2017-18;2025-26,pl_stats/A_Villa_7/players_stats/2025-26_players_stats.csv | pl_stats/Arsenal_3/players_stats/2017-18_players_stats.csv,UNCATALOGUED
PL_PULSELIVE_HISTORICAL,player_season,player_season,iboxTarget,2017-18;2025-26,pl_stats/A_Villa_7/players_stats/2025-26_players_stats.csv | pl_stats/Arsenal_3/players_stats/2017-18_players_stats.csv,UNCATALOGUED
PL_PULSELIVE_HISTORICAL,player_season,player_season,interceptions,2009-10;2017-18;2025-26,pl_stats/A_Villa_7/players_stats/2009-10_players_stats.csv | pl_stats/A_Villa_7/players_stats/2025-26_players_stats.csv | pl_stats/Arsenal_3/players_stats/2017-18_players_stats.csv,UNCATALOGUED
PL_PULSELIVE_HISTORICAL,player_season,player_season,keyPassesAttemptAssists,2009-10;2017-18;2025-26,pl_stats/A_Villa_7/players_stats/2009-10_players_stats.csv | pl_stats/A_Villa_7/players_stats/2025-26_players_stats.csv | pl_stats/Arsenal_3/players_stats/2017-18_players_stats.csv,UNCATALOGUED
PL_PULSELIVE_HISTORICAL,player_season,player_season,lastPlayerTackle,2009-10;2025-26,pl_stats/A_Villa_7/players_stats/2009-10_players_stats.csv | pl_stats/A_Villa_7/players_stats/2025-26_players_stats.csv,UNCATALOGUED
PL_PULSELIVE_HISTORICAL,player_season,player_season,leftFootGoals,2009-10;2017-18;2025-26,pl_stats/A_Villa_7/players_stats/2009-10_players_stats.csv | pl_stats/A_Villa_7/players_stats/2025-26_players_stats.csv | pl_stats/Arsenal_3/players_stats/2017-18_players_stats.csv,UNCATALOGUED
PL_PULSELIVE_HISTORICAL,player_season,player_season,leftsidePasses,2017-18;2025-26,pl_stats/A_Villa_7/players_stats/2025-26_players_stats.csv | pl_stats/Arsenal_3/players_stats/2017-18_players_stats.csv,UNCATALOGUED
PL_PULSELIVE_HISTORICAL,player_season,player_season,nationality,2009-10;2017-18;2025-26,pl_stats/A_Villa_7/players_stats/2009-10_players_stats.csv | pl_stats/A_Villa_7/players_stats/2025-26_players_stats.csv | pl_stats/Arsenal_3/players_stats/2017-18_players_stats.csv,UNCATALOGUED
PL_PULSELIVE_HISTORICAL,player_season,player_season,oboxBlocked,2017-18;2025-26,pl_stats/A_Villa_7/players_stats/2025-26_players_stats.csv | pl_stats/Arsenal_3/players_stats/2017-18_players_stats.csv,UNCATALOGUED
PL_PULSELIVE_HISTORICAL,player_season,player_season,oboxTarget,2017-18;2025-26,pl_stats/A_Villa_7/players_stats/2025-26_players_stats.csv | pl_stats/Arsenal_3/players_stats/2017-18_players_stats.csv,UNCATALOGUED
PL_PULSELIVE_HISTORICAL,player_season,player_season,offsides,2009-10;2017-18;2025-26,pl_stats/A_Villa_7/players_stats/2009-10_players_stats.csv | pl_stats/A_Villa_7/players_stats/2025-26_players_stats.csv | pl_stats/Arsenal_3/players_stats/2017-18_players_stats.csv,UNCATALOGUED
PL_PULSELIVE_HISTORICAL,player_season,player_season,openPlayPasses,2009-10;2017-18;2025-26,pl_stats/A_Villa_7/players_stats/2009-10_players_stats.csv | pl_stats/A_Villa_7/players_stats/2025-26_players_stats.csv | pl_stats/Arsenal_3/players_stats/2017-18_players_stats.csv,UNCATALOGUED
PL_PULSELIVE_HISTORICAL,player_season,player_season,overruns,2025-26,pl_stats/A_Villa_7/players_stats/2025-26_players_stats.csv,UNCATALOGUED
PL_PULSELIVE_HISTORICAL,player_season,player_season,ownGoalScored,2009-10;2025-26,pl_stats/A_Villa_7/players_stats/2009-10_players_stats.csv | pl_stats/A_Villa_7/players_stats/2025-26_players_stats.csv,UNCATALOGUED
PL_PULSELIVE_HISTORICAL,player_season,player_season,penaltiesConceded,2009-10;2017-18;2025-26,pl_stats/A_Villa_7/players_stats/2009-10_players_stats.csv | pl_stats/A_Villa_7/players_stats/2025-26_players_stats.csv | pl_stats/Arsenal_3/players_stats/2017-18_players_stats.csv,UNCATALOGUED
PL_PULSELIVE_HISTORICAL,player_season,player_season,penaltiesFaced,2009-10;2017-18;2025-26,pl_stats/A_Villa_7/players_stats/2009-10_players_stats.csv | pl_stats/A_Villa_7/players_stats/2025-26_players_stats.csv | pl_stats/Arsenal_3/players_stats/2017-18_players_stats.csv,UNCATALOGUED
PL_PULSELIVE_HISTORICAL,player_season,player_season,penaltiesSaved,2017-18;2025-26,pl_stats/A_Villa_7/players_stats/2025-26_players_stats.csv | pl_stats/Arsenal_3/players_stats/2017-18_players_stats.csv,UNCATALOGUED
PL_PULSELIVE_HISTORICAL,player_season,player_season,penaltiesTaken,2009-10;2017-18,pl_stats/A_Villa_7/players_stats/2009-10_players_stats.csv | pl_stats/Arsenal_3/players_stats/2017-18_players_stats.csv,UNCATALOGUED
PL_PULSELIVE_HISTORICAL,player_season,player_season,penaltyGoals,2009-10;2017-18,pl_stats/A_Villa_7/players_stats/2009-10_players_stats.csv | pl_stats/Arsenal_3/players_stats/2017-18_players_stats.csv,UNCATALOGUED
PL_PULSELIVE_HISTORICAL,player_season,player_season,penaltyGoalsConceded,2009-10;2025-26,pl_stats/A_Villa_7/players_stats/2009-10_players_stats.csv | pl_stats/A_Villa_7/players_stats/2025-26_players_stats.csv,UNCATALOGUED
PL_PULSELIVE_HISTORICAL,player_season,player_season,playerId,2009-10;2017-18;2025-26,pl_stats/A_Villa_7/players_stats/2009-10_players_stats.csv | pl_stats/A_Villa_7/players_stats/2025-26_players_stats.csv | pl_stats/Arsenal_3/players_stats/2017-18_players_stats.csv,UNCATALOGUED
PL_PULSELIVE_HISTORICAL,player_season,player_season,playerName,2009-10;2017-18;2025-26,pl_stats/A_Villa_7/players_stats/2009-10_players_stats.csv | pl_stats/A_Villa_7/players_stats/2025-26_players_stats.csv | pl_stats/Arsenal_3/players_stats/2017-18_players_stats.csv,UNCATALOGUED
PL_PULSELIVE_HISTORICAL,player_season,player_season,position,2009-10;2017-18;2025-26,pl_stats/A_Villa_7/players_stats/2009-10_players_stats.csv | pl_stats/A_Villa_7/players_stats/2025-26_players_stats.csv | pl_stats/Arsenal_3/players_stats/2017-18_players_stats.csv,UNCATALOGUED
PL_PULSELIVE_HISTORICAL,player_season,player_season,punches,2009-10;2017-18;2025-26,pl_stats/A_Villa_7/players_stats/2009-10_players_stats.csv | pl_stats/A_Villa_7/players_stats/2025-26_players_stats.csv | pl_stats/Arsenal_3/players_stats/2017-18_players_stats.csv,UNCATALOGUED
PL_PULSELIVE_HISTORICAL,player_season,player_season,putthroughBlockedDistribution,2017-18;2025-26,pl_stats/A_Villa_7/players_stats/2025-26_players_stats.csv | pl_stats/Arsenal_3/players_stats/2017-18_players_stats.csv,UNCATALOGUED
PL_PULSELIVE_HISTORICAL,player_season,player_season,putthroughBlockedDistributionWon,2017-18;2025-26,pl_stats/A_Villa_7/players_stats/2025-26_players_stats.csv | pl_stats/Arsenal_3/players_stats/2017-18_players_stats.csv,UNCATALOGUED
PL_PULSELIVE_HISTORICAL,player_season,player_season,recoveries,2009-10;2017-18;2025-26,pl_stats/A_Villa_7/players_stats/2009-10_players_stats.csv | pl_stats/A_Villa_7/players_stats/2025-26_players_stats.csv | pl_stats/Arsenal_3/players_stats/2017-18_players_stats.csv,UNCATALOGUED
PL_PULSELIVE_HISTORICAL,player_season,player_season,redCards2ndYellow,2009-10,pl_stats/A_Villa_7/players_stats/2009-10_players_stats.csv,UNCATALOGUED
PL_PULSELIVE_HISTORICAL,player_season,player_season,rightFootGoals,2009-10;2017-18;2025-26,pl_stats/A_Villa_7/players_stats/2009-10_players_stats.csv | pl_stats/A_Villa_7/players_stats/2025-26_players_stats.csv | pl_stats/Arsenal_3/players_stats/2017-18_players_stats.csv,UNCATALOGUED
PL_PULSELIVE_HISTORICAL,player_season,player_season,rightsidePasses,2017-18;2025-26,pl_stats/A_Villa_7/players_stats/2025-26_players_stats.csv | pl_stats/Arsenal_3/players_stats/2017-18_players_stats.csv,UNCATALOGUED
PL_PULSELIVE_HISTORICAL,player_season,player_season,savesFromPenalty,2017-18;2025-26,pl_stats/A_Villa_7/players_stats/2025-26_players_stats.csv | pl_stats/Arsenal_3/players_stats/2017-18_players_stats.csv,UNCATALOGUED
PL_PULSELIVE_HISTORICAL,player_season,player_season,savesMade,2009-10;2017-18;2025-26,pl_stats/A_Villa_7/players_stats/2009-10_players_stats.csv | pl_stats/A_Villa_7/players_stats/2025-26_players_stats.csv | pl_stats/Arsenal_3/players_stats/2017-18_players_stats.csv,UNCATALOGUED
PL_PULSELIVE_HISTORICAL,player_season,player_season,savesMadeCaught,2009-10;2017-18;2025-26,pl_stats/A_Villa_7/players_stats/2009-10_players_stats.csv | pl_stats/A_Villa_7/players_stats/2025-26_players_stats.csv | pl_stats/Arsenal_3/players_stats/2017-18_players_stats.csv,UNCATALOGUED
PL_PULSELIVE_HISTORICAL,player_season,player_season,savesMadeFromInsideBox,2009-10;2017-18;2025-26,pl_stats/A_Villa_7/players_stats/2009-10_players_stats.csv | pl_stats/A_Villa_7/players_stats/2025-26_players_stats.csv | pl_stats/Arsenal_3/players_stats/2017-18_players_stats.csv,UNCATALOGUED
PL_PULSELIVE_HISTORICAL,player_season,player_season,savesMadeFromOutsideBox,2009-10;2017-18;2025-26,pl_stats/A_Villa_7/players_stats/2009-10_players_stats.csv | pl_stats/A_Villa_7/players_stats/2025-26_players_stats.csv | pl_stats/Arsenal_3/players_stats/2017-18_players_stats.csv,UNCATALOGUED
PL_PULSELIVE_HISTORICAL,player_season,player_season,savesMadeParried,2009-10;2017-18;2025-26,pl_stats/A_Villa_7/players_stats/2009-10_players_stats.csv | pl_stats/A_Villa_7/players_stats/2025-26_players_stats.csv | pl_stats/Arsenal_3/players_stats/2017-18_players_stats.csv,UNCATALOGUED
PL_PULSELIVE_HISTORICAL,player_season,player_season,season,2009-10;2017-18;2025-26,pl_stats/A_Villa_7/players_stats/2009-10_players_stats.csv | pl_stats/A_Villa_7/players_stats/2025-26_players_stats.csv | pl_stats/Arsenal_3/players_stats/2017-18_players_stats.csv,UNCATALOGUED
PL_PULSELIVE_HISTORICAL,player_season,player_season,secondGoalAssists,2025-26,pl_stats/A_Villa_7/players_stats/2025-26_players_stats.csv,UNCATALOGUED
PL_PULSELIVE_HISTORICAL,player_season,player_season,setPiecesGoals,2025-26,pl_stats/A_Villa_7/players_stats/2025-26_players_stats.csv,UNCATALOGUED
PL_PULSELIVE_HISTORICAL,player_season,player_season,shotsBlockedInBox,2017-18;2025-26,pl_stats/A_Villa_7/players_stats/2025-26_players_stats.csv | pl_stats/Arsenal_3/players_stats/2017-18_players_stats.csv,UNCATALOGUED
PL_PULSELIVE_HISTORICAL,player_season,player_season,shotsBlockedOutsideBox,2017-18;2025-26,pl_stats/A_Villa_7/players_stats/2025-26_players_stats.csv | pl_stats/Arsenal_3/players_stats/2017-18_players_stats.csv,UNCATALOGUED
PL_PULSELIVE_HISTORICAL,player_season,player_season,shotsOffTargetIncWoodwork,2009-10;2017-18;2025-26,pl_stats/A_Villa_7/players_stats/2009-10_players_stats.csv | pl_stats/A_Villa_7/players_stats/2025-26_players_stats.csv | pl_stats/Arsenal_3/players_stats/2017-18_players_stats.csv,UNCATALOGUED
PL_PULSELIVE_HISTORICAL,player_season,player_season,shotsOnTargetInBox,2017-18;2025-26,pl_stats/A_Villa_7/players_stats/2025-26_players_stats.csv | pl_stats/Arsenal_3/players_stats/2017-18_players_stats.csv,UNCATALOGUED
PL_PULSELIVE_HISTORICAL,player_season,player_season,shotsOnTargetIncGoals,2009-10;2017-18;2025-26,pl_stats/A_Villa_7/players_stats/2009-10_players_stats.csv | pl_stats/A_Villa_7/players_stats/2025-26_players_stats.csv | pl_stats/Arsenal_3/players_stats/2017-18_players_stats.csv,UNCATALOGUED
PL_PULSELIVE_HISTORICAL,player_season,player_season,shotsOnTargetOutsideBox,2017-18;2025-26,pl_stats/A_Villa_7/players_stats/2025-26_players_stats.csv | pl_stats/Arsenal_3/players_stats/2017-18_players_stats.csv,UNCATALOGUED
PL_PULSELIVE_HISTORICAL,player_season,player_season,starts,2009-10;2017-18;2025-26,pl_stats/A_Villa_7/players_stats/2009-10_players_stats.csv | pl_stats/A_Villa_7/players_stats/2025-26_players_stats.csv | pl_stats/Arsenal_3/players_stats/2017-18_players_stats.csv,UNCATALOGUED
PL_PULSELIVE_HISTORICAL,player_season,player_season,straightRedCards,2009-10;2017-18;2025-26,pl_stats/A_Villa_7/players_stats/2009-10_players_stats.csv | pl_stats/A_Villa_7/players_stats/2025-26_players_stats.csv | pl_stats/Arsenal_3/players_stats/2017-18_players_stats.csv,UNCATALOGUED
PL_PULSELIVE_HISTORICAL,player_season,player_season,substituteOff,2009-10;2017-18;2025-26,pl_stats/A_Villa_7/players_stats/2009-10_players_stats.csv | pl_stats/A_Villa_7/players_stats/2025-26_players_stats.csv | pl_stats/Arsenal_3/players_stats/2017-18_players_stats.csv,UNCATALOGUED
PL_PULSELIVE_HISTORICAL,player_season,player_season,substituteOn,2009-10;2017-18;2025-26,pl_stats/A_Villa_7/players_stats/2009-10_players_stats.csv | pl_stats/A_Villa_7/players_stats/2025-26_players_stats.csv | pl_stats/Arsenal_3/players_stats/2017-18_players_stats.csv,UNCATALOGUED
PL_PULSELIVE_HISTORICAL,player_season,player_season,successfulCornersIntoBox,2009-10;2017-18;2025-26,pl_stats/A_Villa_7/players_stats/2009-10_players_stats.csv | pl_stats/A_Villa_7/players_stats/2025-26_players_stats.csv | pl_stats/Arsenal_3/players_stats/2017-18_players_stats.csv,UNCATALOGUED
PL_PULSELIVE_HISTORICAL,player_season,player_season,successfulCrossesAndCorners,2009-10;2017-18;2025-26,pl_stats/A_Villa_7/players_stats/2009-10_players_stats.csv | pl_stats/A_Villa_7/players_stats/2025-26_players_stats.csv | pl_stats/Arsenal_3/players_stats/2017-18_players_stats.csv,UNCATALOGUED
PL_PULSELIVE_HISTORICAL,player_season,player_season,successfulCrossesOpenPlay,2009-10;2017-18;2025-26,pl_stats/A_Villa_7/players_stats/2009-10_players_stats.csv | pl_stats/A_Villa_7/players_stats/2025-26_players_stats.csv | pl_stats/Arsenal_3/players_stats/2017-18_players_stats.csv,UNCATALOGUED
PL_PULSELIVE_HISTORICAL,player_season,player_season,successfulDribbles,2009-10;2017-18;2025-26,pl_stats/A_Villa_7/players_stats/2009-10_players_stats.csv | pl_stats/A_Villa_7/players_stats/2025-26_players_stats.csv | pl_stats/Arsenal_3/players_stats/2017-18_players_stats.csv,UNCATALOGUED
PL_PULSELIVE_HISTORICAL,player_season,player_season,successfulLaunches,2009-10;2017-18;2025-26,pl_stats/A_Villa_7/players_stats/2009-10_players_stats.csv | pl_stats/A_Villa_7/players_stats/2025-26_players_stats.csv | pl_stats/Arsenal_3/players_stats/2017-18_players_stats.csv,UNCATALOGUED
PL_PULSELIVE_HISTORICAL,player_season,player_season,successfulLayoffs,2009-10;2017-18;2025-26,pl_stats/A_Villa_7/players_stats/2009-10_players_stats.csv | pl_stats/A_Villa_7/players_stats/2025-26_players_stats.csv | pl_stats/Arsenal_3/players_stats/2017-18_players_stats.csv,UNCATALOGUED
PL_PULSELIVE_HISTORICAL,player_season,player_season,successfulLongPasses,2009-10;2017-18;2025-26,pl_stats/A_Villa_7/players_stats/2009-10_players_stats.csv | pl_stats/A_Villa_7/players_stats/2025-26_players_stats.csv | pl_stats/Arsenal_3/players_stats/2017-18_players_stats.csv,UNCATALOGUED
PL_PULSELIVE_HISTORICAL,player_season,player_season,successfulPassesOppositionHalf,2009-10;2017-18;2025-26,pl_stats/A_Villa_7/players_stats/2009-10_players_stats.csv | pl_stats/A_Villa_7/players_stats/2025-26_players_stats.csv | pl_stats/Arsenal_3/players_stats/2017-18_players_stats.csv,UNCATALOGUED
PL_PULSELIVE_HISTORICAL,player_season,player_season,successfulPassesOwnHalf,2009-10;2017-18;2025-26,pl_stats/A_Villa_7/players_stats/2009-10_players_stats.csv | pl_stats/A_Villa_7/players_stats/2025-26_players_stats.csv | pl_stats/Arsenal_3/players_stats/2017-18_players_stats.csv,UNCATALOGUED
PL_PULSELIVE_HISTORICAL,player_season,player_season,successfulShortPasses,2009-10;2017-18;2025-26,pl_stats/A_Villa_7/players_stats/2009-10_players_stats.csv | pl_stats/A_Villa_7/players_stats/2025-26_players_stats.csv | pl_stats/Arsenal_3/players_stats/2017-18_players_stats.csv,UNCATALOGUED
PL_PULSELIVE_HISTORICAL,player_season,player_season,tacklesLost,2009-10;2017-18;2025-26,pl_stats/A_Villa_7/players_stats/2009-10_players_stats.csv | pl_stats/A_Villa_7/players_stats/2025-26_players_stats.csv | pl_stats/Arsenal_3/players_stats/2017-18_players_stats.csv,UNCATALOGUED
PL_PULSELIVE_HISTORICAL,player_season,player_season,tacklesWon,2009-10;2017-18;2025-26,pl_stats/A_Villa_7/players_stats/2009-10_players_stats.csv | pl_stats/A_Villa_7/players_stats/2025-26_players_stats.csv | pl_stats/Arsenal_3/players_stats/2017-18_players_stats.csv,UNCATALOGUED
PL_PULSELIVE_HISTORICAL,player_season,player_season,team_id,2009-10;2017-18;2025-26,pl_stats/A_Villa_7/players_stats/2009-10_players_stats.csv | pl_stats/A_Villa_7/players_stats/2025-26_players_stats.csv | pl_stats/Arsenal_3/players_stats/2017-18_players_stats.csv,UNCATALOGUED
PL_PULSELIVE_HISTORICAL,player_season,player_season,team_name,2009-10;2017-18;2025-26,pl_stats/A_Villa_7/players_stats/2009-10_players_stats.csv | pl_stats/A_Villa_7/players_stats/2025-26_players_stats.csv | pl_stats/Arsenal_3/players_stats/2017-18_players_stats.csv,UNCATALOGUED
PL_PULSELIVE_HISTORICAL,player_season,player_season,throughBalls,2009-10;2017-18;2025-26,pl_stats/A_Villa_7/players_stats/2009-10_players_stats.csv | pl_stats/A_Villa_7/players_stats/2025-26_players_stats.csv | pl_stats/Arsenal_3/players_stats/2017-18_players_stats.csv,UNCATALOGUED
PL_PULSELIVE_HISTORICAL,player_season,player_season,throwInsToOppositionPlayer,2009-10;2017-18;2025-26,pl_stats/A_Villa_7/players_stats/2009-10_players_stats.csv | pl_stats/A_Villa_7/players_stats/2025-26_players_stats.csv | pl_stats/Arsenal_3/players_stats/2017-18_players_stats.csv,UNCATALOGUED
PL_PULSELIVE_HISTORICAL,player_season,player_season,throwInsToOwnPlayer,2009-10;2017-18;2025-26,pl_stats/A_Villa_7/players_stats/2009-10_players_stats.csv | pl_stats/A_Villa_7/players_stats/2025-26_players_stats.csv | pl_stats/Arsenal_3/players_stats/2017-18_players_stats.csv,UNCATALOGUED
PL_PULSELIVE_HISTORICAL,player_season,player_season,timePlayed,2009-10;2017-18;2025-26,pl_stats/A_Villa_7/players_stats/2009-10_players_stats.csv | pl_stats/A_Villa_7/players_stats/2025-26_players_stats.csv | pl_stats/Arsenal_3/players_stats/2017-18_players_stats.csv,UNCATALOGUED
PL_PULSELIVE_HISTORICAL,player_season,player_season,timesTackled,2009-10;2025-26,pl_stats/A_Villa_7/players_stats/2009-10_players_stats.csv | pl_stats/A_Villa_7/players_stats/2025-26_players_stats.csv,UNCATALOGUED
PL_PULSELIVE_HISTORICAL,player_season,player_season,totalClearances,2009-10;2017-18;2025-26,pl_stats/A_Villa_7/players_stats/2009-10_players_stats.csv | pl_stats/A_Villa_7/players_stats/2025-26_players_stats.csv | pl_stats/Arsenal_3/players_stats/2017-18_players_stats.csv,UNCATALOGUED
PL_PULSELIVE_HISTORICAL,player_season,player_season,totalFoulsConceded,2009-10;2017-18;2025-26,pl_stats/A_Villa_7/players_stats/2009-10_players_stats.csv | pl_stats/A_Villa_7/players_stats/2025-26_players_stats.csv | pl_stats/Arsenal_3/players_stats/2017-18_players_stats.csv,UNCATALOGUED
PL_PULSELIVE_HISTORICAL,player_season,player_season,totalFoulsWon,2009-10;2017-18;2025-26,pl_stats/A_Villa_7/players_stats/2009-10_players_stats.csv | pl_stats/A_Villa_7/players_stats/2025-26_players_stats.csv | pl_stats/Arsenal_3/players_stats/2017-18_players_stats.csv,UNCATALOGUED
PL_PULSELIVE_HISTORICAL,player_season,player_season,totalLossesOfPossession,2009-10;2017-18;2025-26,pl_stats/A_Villa_7/players_stats/2009-10_players_stats.csv | pl_stats/A_Villa_7/players_stats/2025-26_players_stats.csv | pl_stats/Arsenal_3/players_stats/2017-18_players_stats.csv,UNCATALOGUED
PL_PULSELIVE_HISTORICAL,player_season,player_season,totalPasses,2009-10;2017-18;2025-26,pl_stats/A_Villa_7/players_stats/2009-10_players_stats.csv | pl_stats/A_Villa_7/players_stats/2025-26_players_stats.csv | pl_stats/Arsenal_3/players_stats/2017-18_players_stats.csv,UNCATALOGUED
PL_PULSELIVE_HISTORICAL,player_season,player_season,totalRedCards,2009-10;2017-18;2025-26,pl_stats/A_Villa_7/players_stats/2009-10_players_stats.csv | pl_stats/A_Villa_7/players_stats/2025-26_players_stats.csv | pl_stats/Arsenal_3/players_stats/2017-18_players_stats.csv,UNCATALOGUED
PL_PULSELIVE_HISTORICAL,player_season,player_season,totalShots,2009-10;2017-18;2025-26,pl_stats/A_Villa_7/players_stats/2009-10_players_stats.csv | pl_stats/A_Villa_7/players_stats/2025-26_players_stats.csv | pl_stats/Arsenal_3/players_stats/2017-18_players_stats.csv,UNCATALOGUED
PL_PULSELIVE_HISTORICAL,player_season,player_season,totalTackles,2009-10;2017-18;2025-26,pl_stats/A_Villa_7/players_stats/2009-10_players_stats.csv | pl_stats/A_Villa_7/players_stats/2025-26_players_stats.csv | pl_stats/Arsenal_3/players_stats/2017-18_players_stats.csv,UNCATALOGUED
PL_PULSELIVE_HISTORICAL,player_season,player_season,totalTouchesInOppositionBox,2009-10;2017-18;2025-26,pl_stats/A_Villa_7/players_stats/2009-10_players_stats.csv | pl_stats/A_Villa_7/players_stats/2025-26_players_stats.csv | pl_stats/Arsenal_3/players_stats/2017-18_players_stats.csv,UNCATALOGUED
PL_PULSELIVE_HISTORICAL,player_season,player_season,totalUnsuccessfulPassesExclCrossesAndCorners,2009-10;2017-18;2025-26,pl_stats/A_Villa_7/players_stats/2009-10_players_stats.csv | pl_stats/A_Villa_7/players_stats/2025-26_players_stats.csv | pl_stats/Arsenal_3/players_stats/2017-18_players_stats.csv,UNCATALOGUED
PL_PULSELIVE_HISTORICAL,player_season,player_season,touches,2009-10;2017-18;2025-26,pl_stats/A_Villa_7/players_stats/2009-10_players_stats.csv | pl_stats/A_Villa_7/players_stats/2025-26_players_stats.csv | pl_stats/Arsenal_3/players_stats/2017-18_players_stats.csv,UNCATALOGUED
PL_PULSELIVE_HISTORICAL,player_season,player_season,unsuccessfulCornersIntoBox,2009-10;2017-18;2025-26,pl_stats/A_Villa_7/players_stats/2009-10_players_stats.csv | pl_stats/A_Villa_7/players_stats/2025-26_players_stats.csv | pl_stats/Arsenal_3/players_stats/2017-18_players_stats.csv,UNCATALOGUED
PL_PULSELIVE_HISTORICAL,player_season,player_season,unsuccessfulCrossesAndCorners,2009-10;2017-18;2025-26,pl_stats/A_Villa_7/players_stats/2009-10_players_stats.csv | pl_stats/A_Villa_7/players_stats/2025-26_players_stats.csv | pl_stats/Arsenal_3/players_stats/2017-18_players_stats.csv,UNCATALOGUED
PL_PULSELIVE_HISTORICAL,player_season,player_season,unsuccessfulCrossesOpenPlay,2009-10;2017-18;2025-26,pl_stats/A_Villa_7/players_stats/2009-10_players_stats.csv | pl_stats/A_Villa_7/players_stats/2025-26_players_stats.csv | pl_stats/Arsenal_3/players_stats/2017-18_players_stats.csv,UNCATALOGUED
PL_PULSELIVE_HISTORICAL,player_season,player_season,unsuccessfulDribbles,2009-10;2017-18;2025-26,pl_stats/A_Villa_7/players_stats/2009-10_players_stats.csv | pl_stats/A_Villa_7/players_stats/2025-26_players_stats.csv | pl_stats/Arsenal_3/players_stats/2017-18_players_stats.csv,UNCATALOGUED
PL_PULSELIVE_HISTORICAL,player_season,player_season,unsuccessfulLaunches,2009-10;2017-18;2025-26,pl_stats/A_Villa_7/players_stats/2009-10_players_stats.csv | pl_stats/A_Villa_7/players_stats/2025-26_players_stats.csv | pl_stats/Arsenal_3/players_stats/2017-18_players_stats.csv,UNCATALOGUED
PL_PULSELIVE_HISTORICAL,player_season,player_season,unsuccessfulLayoffs,2009-10;2017-18;2025-26,pl_stats/A_Villa_7/players_stats/2009-10_players_stats.csv | pl_stats/A_Villa_7/players_stats/2025-26_players_stats.csv | pl_stats/Arsenal_3/players_stats/2017-18_players_stats.csv,UNCATALOGUED
PL_PULSELIVE_HISTORICAL,player_season,player_season,unsuccessfulLongPasses,2009-10;2017-18;2025-26,pl_stats/A_Villa_7/players_stats/2009-10_players_stats.csv | pl_stats/A_Villa_7/players_stats/2025-26_players_stats.csv | pl_stats/Arsenal_3/players_stats/2017-18_players_stats.csv,UNCATALOGUED
PL_PULSELIVE_HISTORICAL,player_season,player_season,unsuccessfulPassesOwnHalf,2009-10;2017-18;2025-26,pl_stats/A_Villa_7/players_stats/2009-10_players_stats.csv | pl_stats/A_Villa_7/players_stats/2025-26_players_stats.csv | pl_stats/Arsenal_3/players_stats/2017-18_players_stats.csv,UNCATALOGUED
PL_PULSELIVE_HISTORICAL,player_season,player_season,unsuccessfulShortPasses,2009-10;2017-18;2025-26,pl_stats/A_Villa_7/players_stats/2009-10_players_stats.csv | pl_stats/A_Villa_7/players_stats/2025-26_players_stats.csv | pl_stats/Arsenal_3/players_stats/2017-18_players_stats.csv,UNCATALOGUED
PL_PULSELIVE_HISTORICAL,player_season,player_season,winningGoal,2009-10;2025-26,pl_stats/A_Villa_7/players_stats/2009-10_players_stats.csv | pl_stats/A_Villa_7/players_stats/2025-26_players_stats.csv,UNCATALOGUED
PL_PULSELIVE_HISTORICAL,player_season,player_season,yellowCards,2009-10;2017-18;2025-26,pl_stats/A_Villa_7/players_stats/2009-10_players_stats.csv | pl_stats/A_Villa_7/players_stats/2025-26_players_stats.csv | pl_stats/Arsenal_3/players_stats/2017-18_players_stats.csv,UNCATALOGUED
PL_PULSELIVE_HISTORICAL,squad,squad,age,2009-10;2017-18;2025-26,pl_stats/A_Villa_7/squad/2009-10_squad.csv | pl_stats/A_Villa_7/squad/2025-26_squad.csv | pl_stats/Arsenal_3/squad/2017-18_squad.csv,UNCATALOGUED
PL_PULSELIVE_HISTORICAL,squad,squad,birthCountry,2009-10;2017-18;2025-26,pl_stats/A_Villa_7/squad/2009-10_squad.csv | pl_stats/A_Villa_7/squad/2025-26_squad.csv | pl_stats/Arsenal_3/squad/2017-18_squad.csv,UNCATALOGUED
PL_PULSELIVE_HISTORICAL,squad,squad,birthDate,2009-10;2017-18;2025-26,pl_stats/A_Villa_7/squad/2009-10_squad.csv | pl_stats/A_Villa_7/squad/2025-26_squad.csv | pl_stats/Arsenal_3/squad/2017-18_squad.csv,UNCATALOGUED
PL_PULSELIVE_HISTORICAL,squad,squad,displayName,2009-10;2017-18;2025-26,pl_stats/A_Villa_7/squad/2009-10_squad.csv | pl_stats/A_Villa_7/squad/2025-26_squad.csv | pl_stats/Arsenal_3/squad/2017-18_squad.csv,UNCATALOGUED
PL_PULSELIVE_HISTORICAL,squad,squad,firstName,2009-10;2017-18;2025-26,pl_stats/A_Villa_7/squad/2009-10_squad.csv | pl_stats/A_Villa_7/squad/2025-26_squad.csv | pl_stats/Arsenal_3/squad/2017-18_squad.csv,UNCATALOGUED
PL_PULSELIVE_HISTORICAL,squad,squad,height_cm,2009-10;2017-18;2025-26,pl_stats/A_Villa_7/squad/2009-10_squad.csv | pl_stats/A_Villa_7/squad/2025-26_squad.csv | pl_stats/Arsenal_3/squad/2017-18_squad.csv,UNCATALOGUED
PL_PULSELIVE_HISTORICAL,squad,squad,isoCode,2009-10;2017-18;2025-26,pl_stats/A_Villa_7/squad/2009-10_squad.csv | pl_stats/A_Villa_7/squad/2025-26_squad.csv | pl_stats/Arsenal_3/squad/2017-18_squad.csv,UNCATALOGUED
PL_PULSELIVE_HISTORICAL,squad,squad,joinDate,2009-10;2017-18;2025-26,pl_stats/A_Villa_7/squad/2009-10_squad.csv | pl_stats/A_Villa_7/squad/2025-26_squad.csv | pl_stats/Arsenal_3/squad/2017-18_squad.csv,UNCATALOGUED
PL_PULSELIVE_HISTORICAL,squad,squad,lastName,2009-10;2017-18;2025-26,pl_stats/A_Villa_7/squad/2009-10_squad.csv | pl_stats/A_Villa_7/squad/2025-26_squad.csv | pl_stats/Arsenal_3/squad/2017-18_squad.csv,UNCATALOGUED
PL_PULSELIVE_HISTORICAL,squad,squad,nationality,2009-10;2017-18;2025-26,pl_stats/A_Villa_7/squad/2009-10_squad.csv | pl_stats/A_Villa_7/squad/2025-26_squad.csv | pl_stats/Arsenal_3/squad/2017-18_squad.csv,UNCATALOGUED
PL_PULSELIVE_HISTORICAL,squad,squad,onLoan,2009-10;2017-18;2025-26,pl_stats/A_Villa_7/squad/2009-10_squad.csv | pl_stats/A_Villa_7/squad/2025-26_squad.csv | pl_stats/Arsenal_3/squad/2017-18_squad.csv,UNCATALOGUED
PL_PULSELIVE_HISTORICAL,squad,squad,playerId,2009-10;2017-18;2025-26,pl_stats/A_Villa_7/squad/2009-10_squad.csv | pl_stats/A_Villa_7/squad/2025-26_squad.csv | pl_stats/Arsenal_3/squad/2017-18_squad.csv,UNCATALOGUED
PL_PULSELIVE_HISTORICAL,squad,squad,position,2009-10;2017-18;2025-26,pl_stats/A_Villa_7/squad/2009-10_squad.csv | pl_stats/A_Villa_7/squad/2025-26_squad.csv | pl_stats/Arsenal_3/squad/2017-18_squad.csv,UNCATALOGUED
PL_PULSELIVE_HISTORICAL,squad,squad,preferredFoot,2009-10;2017-18;2025-26,pl_stats/A_Villa_7/squad/2009-10_squad.csv | pl_stats/A_Villa_7/squad/2025-26_squad.csv | pl_stats/Arsenal_3/squad/2017-18_squad.csv,UNCATALOGUED
PL_PULSELIVE_HISTORICAL,squad,squad,shirtNumber,2009-10;2017-18;2025-26,pl_stats/A_Villa_7/squad/2009-10_squad.csv | pl_stats/A_Villa_7/squad/2025-26_squad.csv | pl_stats/Arsenal_3/squad/2017-18_squad.csv,UNCATALOGUED
PL_PULSELIVE_HISTORICAL,squad,squad,weight_kg,2009-10;2017-18;2025-26,pl_stats/A_Villa_7/squad/2009-10_squad.csv | pl_stats/A_Villa_7/squad/2025-26_squad.csv | pl_stats/Arsenal_3/squad/2017-18_squad.csv,UNCATALOGUED
PL_PULSELIVE_HISTORICAL,team_match,team_match,accurateBackZonePass,2025-26,pl_stats/A_Villa_7/events_stats/2025-26_events_stats.csv,UNCATALOGUED
PL_PULSELIVE_HISTORICAL,team_match,team_match,accurateBackZonePass_a,2009-10;2017-18;2025-26,pl_stats/_merged/events/2009-10_events_stats.csv | pl_stats/_merged/events/2017-18_events_stats.csv | pl_stats/_merged/events/2025-26_events_stats.csv,UNCATALOGUED
PL_PULSELIVE_HISTORICAL,team_match,team_match,accurateBackZonePass_h,2009-10;2017-18;2025-26,pl_stats/_merged/events/2009-10_events_stats.csv | pl_stats/_merged/events/2017-18_events_stats.csv | pl_stats/_merged/events/2025-26_events_stats.csv,UNCATALOGUED
PL_PULSELIVE_HISTORICAL,team_match,team_match,accurateChippedPass,2025-26,pl_stats/A_Villa_7/events_stats/2025-26_events_stats.csv,UNCATALOGUED
PL_PULSELIVE_HISTORICAL,team_match,team_match,accurateChippedPass_a,2009-10;2017-18;2025-26,pl_stats/_merged/events/2009-10_events_stats.csv | pl_stats/_merged/events/2017-18_events_stats.csv | pl_stats/_merged/events/2025-26_events_stats.csv,UNCATALOGUED
PL_PULSELIVE_HISTORICAL,team_match,team_match,accurateChippedPass_h,2009-10;2017-18;2025-26,pl_stats/_merged/events/2009-10_events_stats.csv | pl_stats/_merged/events/2017-18_events_stats.csv | pl_stats/_merged/events/2025-26_events_stats.csv,UNCATALOGUED
PL_PULSELIVE_HISTORICAL,team_match,team_match,accurateCornersIntobox,2025-26,pl_stats/A_Villa_7/events_stats/2025-26_events_stats.csv,UNCATALOGUED
PL_PULSELIVE_HISTORICAL,team_match,team_match,accurateCornersIntobox_a,2009-10;2017-18;2025-26,pl_stats/_merged/events/2009-10_events_stats.csv | pl_stats/_merged/events/2017-18_events_stats.csv | pl_stats/_merged/events/2025-26_events_stats.csv,UNCATALOGUED
PL_PULSELIVE_HISTORICAL,team_match,team_match,accurateCornersIntobox_h,2009-10;2017-18;2025-26,pl_stats/_merged/events/2009-10_events_stats.csv | pl_stats/_merged/events/2017-18_events_stats.csv | pl_stats/_merged/events/2025-26_events_stats.csv,UNCATALOGUED
PL_PULSELIVE_HISTORICAL,team_match,team_match,accurateCross,2025-26,pl_stats/A_Villa_7/events_stats/2025-26_events_stats.csv,UNCATALOGUED
PL_PULSELIVE_HISTORICAL,team_match,team_match,accurateCrossNocorner,2025-26,pl_stats/A_Villa_7/events_stats/2025-26_events_stats.csv,UNCATALOGUED
PL_PULSELIVE_HISTORICAL,team_match,team_match,accurateCrossNocorner_a,2009-10;2017-18;2025-26,pl_stats/_merged/events/2009-10_events_stats.csv | pl_stats/_merged/events/2017-18_events_stats.csv | pl_stats/_merged/events/2025-26_events_stats.csv,UNCATALOGUED
PL_PULSELIVE_HISTORICAL,team_match,team_match,accurateCrossNocorner_h,2009-10;2017-18;2025-26,pl_stats/_merged/events/2009-10_events_stats.csv | pl_stats/_merged/events/2017-18_events_stats.csv | pl_stats/_merged/events/2025-26_events_stats.csv,UNCATALOGUED
PL_PULSELIVE_HISTORICAL,team_match,team_match,accurateCross_a,2009-10;2017-18;2025-26,pl_stats/_merged/events/2009-10_events_stats.csv | pl_stats/_merged/events/2017-18_events_stats.csv | pl_stats/_merged/events/2025-26_events_stats.csv,UNCATALOGUED
PL_PULSELIVE_HISTORICAL,team_match,team_match,accurateCross_h,2009-10;2017-18;2025-26,pl_stats/_merged/events/2009-10_events_stats.csv | pl_stats/_merged/events/2017-18_events_stats.csv | pl_stats/_merged/events/2025-26_events_stats.csv,UNCATALOGUED
PL_PULSELIVE_HISTORICAL,team_match,team_match,accurateFlickOn,2025-26,pl_stats/A_Villa_7/events_stats/2025-26_events_stats.csv,UNCATALOGUED
PL_PULSELIVE_HISTORICAL,team_match,team_match,accurateFlickOn_a,2009-10;2017-18;2025-26,pl_stats/_merged/events/2009-10_events_stats.csv | pl_stats/_merged/events/2017-18_events_stats.csv | pl_stats/_merged/events/2025-26_events_stats.csv,UNCATALOGUED
PL_PULSELIVE_HISTORICAL,team_match,team_match,accurateFlickOn_h,2009-10;2017-18;2025-26,pl_stats/_merged/events/2009-10_events_stats.csv | pl_stats/_merged/events/2017-18_events_stats.csv | pl_stats/_merged/events/2025-26_events_stats.csv,UNCATALOGUED
PL_PULSELIVE_HISTORICAL,team_match,team_match,accurateFreekickCross,2025-26,pl_stats/A_Villa_7/events_stats/2025-26_events_stats.csv,UNCATALOGUED
PL_PULSELIVE_HISTORICAL,team_match,team_match,accurateFreekickCross_a,2009-10;2017-18;2025-26,pl_stats/_merged/events/2009-10_events_stats.csv | pl_stats/_merged/events/2017-18_events_stats.csv | pl_stats/_merged/events/2025-26_events_stats.csv,UNCATALOGUED
PL_PULSELIVE_HISTORICAL,team_match,team_match,accurateFreekickCross_h,2009-10;2017-18;2025-26,pl_stats/_merged/events/2009-10_events_stats.csv | pl_stats/_merged/events/2017-18_events_stats.csv | pl_stats/_merged/events/2025-26_events_stats.csv,UNCATALOGUED
PL_PULSELIVE_HISTORICAL,team_match,team_match,accurateFwdZonePass,2025-26,pl_stats/A_Villa_7/events_stats/2025-26_events_stats.csv,UNCATALOGUED
PL_PULSELIVE_HISTORICAL,team_match,team_match,accurateFwdZonePass_a,2009-10;2017-18;2025-26,pl_stats/_merged/events/2009-10_events_stats.csv | pl_stats/_merged/events/2017-18_events_stats.csv | pl_stats/_merged/events/2025-26_events_stats.csv,UNCATALOGUED
PL_PULSELIVE_HISTORICAL,team_match,team_match,accurateFwdZonePass_h,2009-10;2017-18;2025-26,pl_stats/_merged/events/2009-10_events_stats.csv | pl_stats/_merged/events/2017-18_events_stats.csv | pl_stats/_merged/events/2025-26_events_stats.csv,UNCATALOGUED
PL_PULSELIVE_HISTORICAL,team_match,team_match,accurateGoalKicks,2025-26,pl_stats/A_Villa_7/events_stats/2025-26_events_stats.csv,UNCATALOGUED
PL_PULSELIVE_HISTORICAL,team_match,team_match,accurateGoalKicks_a,2009-10;2017-18;2025-26,pl_stats/_merged/events/2009-10_events_stats.csv | pl_stats/_merged/events/2017-18_events_stats.csv | pl_stats/_merged/events/2025-26_events_stats.csv,UNCATALOGUED
PL_PULSELIVE_HISTORICAL,team_match,team_match,accurateGoalKicks_h,2009-10;2017-18;2025-26,pl_stats/_merged/events/2009-10_events_stats.csv | pl_stats/_merged/events/2017-18_events_stats.csv | pl_stats/_merged/events/2025-26_events_stats.csv,UNCATALOGUED
PL_PULSELIVE_HISTORICAL,team_match,team_match,accurateKeeperSweeper,2025-26,pl_stats/A_Villa_7/events_stats/2025-26_events_stats.csv,UNCATALOGUED
PL_PULSELIVE_HISTORICAL,team_match,team_match,accurateKeeperSweeper_a,2009-10;2017-18;2025-26,pl_stats/_merged/events/2009-10_events_stats.csv | pl_stats/_merged/events/2017-18_events_stats.csv | pl_stats/_merged/events/2025-26_events_stats.csv,UNCATALOGUED
PL_PULSELIVE_HISTORICAL,team_match,team_match,accurateKeeperSweeper_h,2009-10;2017-18;2025-26,pl_stats/_merged/events/2009-10_events_stats.csv | pl_stats/_merged/events/2017-18_events_stats.csv | pl_stats/_merged/events/2025-26_events_stats.csv,UNCATALOGUED
PL_PULSELIVE_HISTORICAL,team_match,team_match,accurateKeeperThrows,2025-26,pl_stats/A_Villa_7/events_stats/2025-26_events_stats.csv,UNCATALOGUED
PL_PULSELIVE_HISTORICAL,team_match,team_match,accurateKeeperThrows_a,2009-10;2017-18;2025-26,pl_stats/_merged/events/2009-10_events_stats.csv | pl_stats/_merged/events/2017-18_events_stats.csv | pl_stats/_merged/events/2025-26_events_stats.csv,UNCATALOGUED
PL_PULSELIVE_HISTORICAL,team_match,team_match,accurateKeeperThrows_h,2009-10;2017-18;2025-26,pl_stats/_merged/events/2009-10_events_stats.csv | pl_stats/_merged/events/2017-18_events_stats.csv | pl_stats/_merged/events/2025-26_events_stats.csv,UNCATALOGUED
PL_PULSELIVE_HISTORICAL,team_match,team_match,accurateLaunches,2025-26,pl_stats/A_Villa_7/events_stats/2025-26_events_stats.csv,UNCATALOGUED
PL_PULSELIVE_HISTORICAL,team_match,team_match,accurateLaunches_a,2009-10;2017-18;2025-26,pl_stats/_merged/events/2009-10_events_stats.csv | pl_stats/_merged/events/2017-18_events_stats.csv | pl_stats/_merged/events/2025-26_events_stats.csv,UNCATALOGUED
PL_PULSELIVE_HISTORICAL,team_match,team_match,accurateLaunches_h,2009-10;2017-18;2025-26,pl_stats/_merged/events/2009-10_events_stats.csv | pl_stats/_merged/events/2017-18_events_stats.csv | pl_stats/_merged/events/2025-26_events_stats.csv,UNCATALOGUED
PL_PULSELIVE_HISTORICAL,team_match,team_match,accurateLayoffs,2025-26,pl_stats/A_Villa_7/events_stats/2025-26_events_stats.csv,UNCATALOGUED
PL_PULSELIVE_HISTORICAL,team_match,team_match,accurateLayoffs_a,2009-10;2017-18;2025-26,pl_stats/_merged/events/2009-10_events_stats.csv | pl_stats/_merged/events/2017-18_events_stats.csv | pl_stats/_merged/events/2025-26_events_stats.csv,UNCATALOGUED
PL_PULSELIVE_HISTORICAL,team_match,team_match,accurateLayoffs_h,2009-10;2017-18;2025-26,pl_stats/_merged/events/2009-10_events_stats.csv | pl_stats/_merged/events/2017-18_events_stats.csv | pl_stats/_merged/events/2025-26_events_stats.csv,UNCATALOGUED
PL_PULSELIVE_HISTORICAL,team_match,team_match,accurateLongBalls,2025-26,pl_stats/A_Villa_7/events_stats/2025-26_events_stats.csv,UNCATALOGUED
PL_PULSELIVE_HISTORICAL,team_match,team_match,accurateLongBalls_a,2009-10;2017-18;2025-26,pl_stats/_merged/events/2009-10_events_stats.csv | pl_stats/_merged/events/2017-18_events_stats.csv | pl_stats/_merged/events/2025-26_events_stats.csv,UNCATALOGUED
PL_PULSELIVE_HISTORICAL,team_match,team_match,accurateLongBalls_h,2009-10;2017-18;2025-26,pl_stats/_merged/events/2009-10_events_stats.csv | pl_stats/_merged/events/2017-18_events_stats.csv | pl_stats/_merged/events/2025-26_events_stats.csv,UNCATALOGUED
PL_PULSELIVE_HISTORICAL,team_match,team_match,accuratePass,2025-26,pl_stats/A_Villa_7/events_stats/2025-26_events_stats.csv,UNCATALOGUED
PL_PULSELIVE_HISTORICAL,team_match,team_match,accuratePass_a,2009-10;2017-18;2025-26,pl_stats/_merged/events/2009-10_events_stats.csv | pl_stats/_merged/events/2017-18_events_stats.csv | pl_stats/_merged/events/2025-26_events_stats.csv,UNCATALOGUED
PL_PULSELIVE_HISTORICAL,team_match,team_match,accuratePass_h,2009-10;2017-18;2025-26,pl_stats/_merged/events/2009-10_events_stats.csv | pl_stats/_merged/events/2017-18_events_stats.csv | pl_stats/_merged/events/2025-26_events_stats.csv,UNCATALOGUED
PL_PULSELIVE_HISTORICAL,team_match,team_match,accuratePullBack,2025-26,pl_stats/A_Villa_7/events_stats/2025-26_events_stats.csv,UNCATALOGUED
PL_PULSELIVE_HISTORICAL,team_match,team_match,accuratePullBack_a,2009-10;2017-18;2025-26,pl_stats/_merged/events/2009-10_events_stats.csv | pl_stats/_merged/events/2017-18_events_stats.csv | pl_stats/_merged/events/2025-26_events_stats.csv,UNCATALOGUED
PL_PULSELIVE_HISTORICAL,team_match,team_match,accuratePullBack_h,2009-10;2017-18;2025-26,pl_stats/_merged/events/2009-10_events_stats.csv | pl_stats/_merged/events/2017-18_events_stats.csv | pl_stats/_merged/events/2025-26_events_stats.csv,UNCATALOGUED
PL_PULSELIVE_HISTORICAL,team_match,team_match,accurateThroughBall,2025-26,pl_stats/A_Villa_7/events_stats/2025-26_events_stats.csv,UNCATALOGUED
PL_PULSELIVE_HISTORICAL,team_match,team_match,accurateThroughBall_a,2009-10;2017-18;2025-26,pl_stats/_merged/events/2009-10_events_stats.csv | pl_stats/_merged/events/2017-18_events_stats.csv | pl_stats/_merged/events/2025-26_events_stats.csv,UNCATALOGUED
PL_PULSELIVE_HISTORICAL,team_match,team_match,accurateThroughBall_h,2009-10;2017-18;2025-26,pl_stats/_merged/events/2009-10_events_stats.csv | pl_stats/_merged/events/2017-18_events_stats.csv | pl_stats/_merged/events/2025-26_events_stats.csv,UNCATALOGUED
PL_PULSELIVE_HISTORICAL,team_match,team_match,accurateThrows,2025-26,pl_stats/A_Villa_7/events_stats/2025-26_events_stats.csv,UNCATALOGUED
PL_PULSELIVE_HISTORICAL,team_match,team_match,accurateThrows_a,2009-10;2017-18;2025-26,pl_stats/_merged/events/2009-10_events_stats.csv | pl_stats/_merged/events/2017-18_events_stats.csv | pl_stats/_merged/events/2025-26_events_stats.csv,UNCATALOGUED
PL_PULSELIVE_HISTORICAL,team_match,team_match,accurateThrows_h,2009-10;2017-18;2025-26,pl_stats/_merged/events/2009-10_events_stats.csv | pl_stats/_merged/events/2017-18_events_stats.csv | pl_stats/_merged/events/2025-26_events_stats.csv,UNCATALOGUED
PL_PULSELIVE_HISTORICAL,team_match,team_match,aerialLost,2025-26,pl_stats/A_Villa_7/events_stats/2025-26_events_stats.csv,UNCATALOGUED
PL_PULSELIVE_HISTORICAL,team_match,team_match,aerialLost_a,2009-10;2017-18;2025-26,pl_stats/_merged/events/2009-10_events_stats.csv | pl_stats/_merged/events/2017-18_events_stats.csv | pl_stats/_merged/events/2025-26_events_stats.csv,UNCATALOGUED
PL_PULSELIVE_HISTORICAL,team_match,team_match,aerialLost_h,2009-10;2017-18;2025-26,pl_stats/_merged/events/2009-10_events_stats.csv | pl_stats/_merged/events/2017-18_events_stats.csv | pl_stats/_merged/events/2025-26_events_stats.csv,UNCATALOGUED
PL_PULSELIVE_HISTORICAL,team_match,team_match,aerialWon,2025-26,pl_stats/A_Villa_7/events_stats/2025-26_events_stats.csv,UNCATALOGUED
PL_PULSELIVE_HISTORICAL,team_match,team_match,aerialWon_a,2009-10;2017-18;2025-26,pl_stats/_merged/events/2009-10_events_stats.csv | pl_stats/_merged/events/2017-18_events_stats.csv | pl_stats/_merged/events/2025-26_events_stats.csv,UNCATALOGUED
PL_PULSELIVE_HISTORICAL,team_match,team_match,aerialWon_h,2009-10;2017-18;2025-26,pl_stats/_merged/events/2009-10_events_stats.csv | pl_stats/_merged/events/2017-18_events_stats.csv | pl_stats/_merged/events/2025-26_events_stats.csv,UNCATALOGUED
PL_PULSELIVE_HISTORICAL,team_match,team_match,attAssistOpenplay,2025-26,pl_stats/A_Villa_7/events_stats/2025-26_events_stats.csv,UNCATALOGUED
PL_PULSELIVE_HISTORICAL,team_match,team_match,attAssistOpenplay_a,2009-10;2017-18;2025-26,pl_stats/_merged/events/2009-10_events_stats.csv | pl_stats/_merged/events/2017-18_events_stats.csv | pl_stats/_merged/events/2025-26_events_stats.csv,UNCATALOGUED
PL_PULSELIVE_HISTORICAL,team_match,team_match,attAssistOpenplay_h,2009-10;2017-18;2025-26,pl_stats/_merged/events/2009-10_events_stats.csv | pl_stats/_merged/events/2017-18_events_stats.csv | pl_stats/_merged/events/2025-26_events_stats.csv,UNCATALOGUED
PL_PULSELIVE_HISTORICAL,team_match,team_match,attAssistSetplay,2025-26,pl_stats/A_Villa_7/events_stats/2025-26_events_stats.csv,UNCATALOGUED
PL_PULSELIVE_HISTORICAL,team_match,team_match,attAssistSetplay_a,2009-10;2017-18;2025-26,pl_stats/_merged/events/2009-10_events_stats.csv | pl_stats/_merged/events/2017-18_events_stats.csv | pl_stats/_merged/events/2025-26_events_stats.csv,UNCATALOGUED
PL_PULSELIVE_HISTORICAL,team_match,team_match,attAssistSetplay_h,2009-10;2017-18;2025-26,pl_stats/_merged/events/2009-10_events_stats.csv | pl_stats/_merged/events/2017-18_events_stats.csv | pl_stats/_merged/events/2025-26_events_stats.csv,UNCATALOGUED
PL_PULSELIVE_HISTORICAL,team_match,team_match,attCorner,2025-26,pl_stats/A_Villa_7/events_stats/2025-26_events_stats.csv,UNCATALOGUED
PL_PULSELIVE_HISTORICAL,team_match,team_match,attCorner_a,2009-10;2017-18;2025-26,pl_stats/_merged/events/2009-10_events_stats.csv | pl_stats/_merged/events/2017-18_events_stats.csv | pl_stats/_merged/events/2025-26_events_stats.csv,UNCATALOGUED
PL_PULSELIVE_HISTORICAL,team_match,team_match,attCorner_h,2009-10;2017-18;2025-26,pl_stats/_merged/events/2009-10_events_stats.csv | pl_stats/_merged/events/2017-18_events_stats.csv | pl_stats/_merged/events/2025-26_events_stats.csv,UNCATALOGUED
PL_PULSELIVE_HISTORICAL,team_match,team_match,attFastbreak,2025-26,pl_stats/A_Villa_7/events_stats/2025-26_events_stats.csv,UNCATALOGUED
PL_PULSELIVE_HISTORICAL,team_match,team_match,attFastbreak_a,2009-10;2017-18;2025-26,pl_stats/_merged/events/2009-10_events_stats.csv | pl_stats/_merged/events/2017-18_events_stats.csv | pl_stats/_merged/events/2025-26_events_stats.csv,UNCATALOGUED
PL_PULSELIVE_HISTORICAL,team_match,team_match,attFastbreak_h,2009-10;2017-18;2025-26,pl_stats/_merged/events/2009-10_events_stats.csv | pl_stats/_merged/events/2017-18_events_stats.csv | pl_stats/_merged/events/2025-26_events_stats.csv,UNCATALOGUED
PL_PULSELIVE_HISTORICAL,team_match,team_match,attFreekickGoal,2025-26,pl_stats/A_Villa_7/events_stats/2025-26_events_stats.csv,UNCATALOGUED
PL_PULSELIVE_HISTORICAL,team_match,team_match,attFreekickGoal_a,2009-10;2017-18;2025-26,pl_stats/_merged/events/2009-10_events_stats.csv | pl_stats/_merged/events/2017-18_events_stats.csv | pl_stats/_merged/events/2025-26_events_stats.csv,UNCATALOGUED
PL_PULSELIVE_HISTORICAL,team_match,team_match,attFreekickGoal_h,2009-10;2017-18;2025-26,pl_stats/_merged/events/2009-10_events_stats.csv | pl_stats/_merged/events/2017-18_events_stats.csv | pl_stats/_merged/events/2025-26_events_stats.csv,UNCATALOGUED
PL_PULSELIVE_HISTORICAL,team_match,team_match,attFreekickMiss,2025-26,pl_stats/A_Villa_7/events_stats/2025-26_events_stats.csv,UNCATALOGUED
PL_PULSELIVE_HISTORICAL,team_match,team_match,attFreekickMiss_a,2009-10;2017-18;2025-26,pl_stats/_merged/events/2009-10_events_stats.csv | pl_stats/_merged/events/2017-18_events_stats.csv | pl_stats/_merged/events/2025-26_events_stats.csv,UNCATALOGUED
PL_PULSELIVE_HISTORICAL,team_match,team_match,attFreekickMiss_h,2009-10;2017-18;2025-26,pl_stats/_merged/events/2009-10_events_stats.csv | pl_stats/_merged/events/2017-18_events_stats.csv | pl_stats/_merged/events/2025-26_events_stats.csv,UNCATALOGUED
PL_PULSELIVE_HISTORICAL,team_match,team_match,attFreekickPost_a,2009-10;2017-18;2025-26,pl_stats/_merged/events/2009-10_events_stats.csv | pl_stats/_merged/events/2017-18_events_stats.csv | pl_stats/_merged/events/2025-26_events_stats.csv,UNCATALOGUED
PL_PULSELIVE_HISTORICAL,team_match,team_match,attFreekickPost_h,2009-10;2017-18;2025-26,pl_stats/_merged/events/2009-10_events_stats.csv | pl_stats/_merged/events/2017-18_events_stats.csv | pl_stats/_merged/events/2025-26_events_stats.csv,UNCATALOGUED
PL_PULSELIVE_HISTORICAL,team_match,team_match,attFreekickTarget,2025-26,pl_stats/A_Villa_7/events_stats/2025-26_events_stats.csv,UNCATALOGUED
PL_PULSELIVE_HISTORICAL,team_match,team_match,attFreekickTarget_a,2009-10;2017-18;2025-26,pl_stats/_merged/events/2009-10_events_stats.csv | pl_stats/_merged/events/2017-18_events_stats.csv | pl_stats/_merged/events/2025-26_events_stats.csv,UNCATALOGUED
PL_PULSELIVE_HISTORICAL,team_match,team_match,attFreekickTarget_h,2009-10;2017-18;2025-26,pl_stats/_merged/events/2009-10_events_stats.csv | pl_stats/_merged/events/2017-18_events_stats.csv | pl_stats/_merged/events/2025-26_events_stats.csv,UNCATALOGUED
PL_PULSELIVE_HISTORICAL,team_match,team_match,attFreekickTotal,2025-26,pl_stats/A_Villa_7/events_stats/2025-26_events_stats.csv,UNCATALOGUED
PL_PULSELIVE_HISTORICAL,team_match,team_match,attFreekickTotal_a,2009-10;2017-18;2025-26,pl_stats/_merged/events/2009-10_events_stats.csv | pl_stats/_merged/events/2017-18_events_stats.csv | pl_stats/_merged/events/2025-26_events_stats.csv,UNCATALOGUED
PL_PULSELIVE_HISTORICAL,team_match,team_match,attFreekickTotal_h,2009-10;2017-18;2025-26,pl_stats/_merged/events/2009-10_events_stats.csv | pl_stats/_merged/events/2017-18_events_stats.csv | pl_stats/_merged/events/2025-26_events_stats.csv,UNCATALOGUED
PL_PULSELIVE_HISTORICAL,team_match,team_match,attIboxOwnGoal,2025-26,pl_stats/A_Villa_7/events_stats/2025-26_events_stats.csv,UNCATALOGUED
PL_PULSELIVE_HISTORICAL,team_match,team_match,attIboxOwnGoal_a,2009-10;2017-18;2025-26,pl_stats/_merged/events/2009-10_events_stats.csv | pl_stats/_merged/events/2017-18_events_stats.csv | pl_stats/_merged/events/2025-26_events_stats.csv,UNCATALOGUED
PL_PULSELIVE_HISTORICAL,team_match,team_match,attIboxOwnGoal_h,2009-10;2017-18;2025-26,pl_stats/_merged/events/2009-10_events_stats.csv | pl_stats/_merged/events/2017-18_events_stats.csv | pl_stats/_merged/events/2025-26_events_stats.csv,UNCATALOGUED
PL_PULSELIVE_HISTORICAL,team_match,team_match,attLgCentre,2025-26,pl_stats/A_Villa_7/events_stats/2025-26_events_stats.csv,UNCATALOGUED
PL_PULSELIVE_HISTORICAL,team_match,team_match,attLgCentre_a,2009-10;2017-18;2025-26,pl_stats/_merged/events/2009-10_events_stats.csv | pl_stats/_merged/events/2017-18_events_stats.csv | pl_stats/_merged/events/2025-26_events_stats.csv,UNCATALOGUED
PL_PULSELIVE_HISTORICAL,team_match,team_match,attLgCentre_h,2009-10;2017-18;2025-26,pl_stats/_merged/events/2009-10_events_stats.csv | pl_stats/_merged/events/2017-18_events_stats.csv | pl_stats/_merged/events/2025-26_events_stats.csv,UNCATALOGUED
PL_PULSELIVE_HISTORICAL,team_match,team_match,attLgLeft_a,2009-10;2017-18;2025-26,pl_stats/_merged/events/2009-10_events_stats.csv | pl_stats/_merged/events/2017-18_events_stats.csv | pl_stats/_merged/events/2025-26_events_stats.csv,UNCATALOGUED
PL_PULSELIVE_HISTORICAL,team_match,team_match,attLgLeft_h,2009-10;2017-18;2025-26,pl_stats/_merged/events/2009-10_events_stats.csv | pl_stats/_merged/events/2017-18_events_stats.csv | pl_stats/_merged/events/2025-26_events_stats.csv,UNCATALOGUED
PL_PULSELIVE_HISTORICAL,team_match,team_match,attLgRight_a,2017-18;2025-26,pl_stats/_merged/events/2017-18_events_stats.csv | pl_stats/_merged/events/2025-26_events_stats.csv,UNCATALOGUED
PL_PULSELIVE_HISTORICAL,team_match,team_match,attLgRight_h,2017-18;2025-26,pl_stats/_merged/events/2017-18_events_stats.csv | pl_stats/_merged/events/2025-26_events_stats.csv,UNCATALOGUED
PL_PULSELIVE_HISTORICAL,team_match,team_match,attOboxOwnGoal_a,2009-10;2025-26,pl_stats/_merged/events/2009-10_events_stats.csv | pl_stats/_merged/events/2025-26_events_stats.csv,UNCATALOGUED
PL_PULSELIVE_HISTORICAL,team_match,team_match,attOboxOwnGoal_h,2009-10;2025-26,pl_stats/_merged/events/2009-10_events_stats.csv | pl_stats/_merged/events/2025-26_events_stats.csv,UNCATALOGUED
PL_PULSELIVE_HISTORICAL,team_match,team_match,attObxdLeft_a,2009-10;2017-18;2025-26,pl_stats/_merged/events/2009-10_events_stats.csv | pl_stats/_merged/events/2017-18_events_stats.csv | pl_stats/_merged/events/2025-26_events_stats.csv,UNCATALOGUED
PL_PULSELIVE_HISTORICAL,team_match,team_match,attObxdLeft_h,2009-10;2017-18;2025-26,pl_stats/_merged/events/2009-10_events_stats.csv | pl_stats/_merged/events/2017-18_events_stats.csv | pl_stats/_merged/events/2025-26_events_stats.csv,UNCATALOGUED
PL_PULSELIVE_HISTORICAL,team_match,team_match,attObxdRight_a,2009-10;2017-18;2025-26,pl_stats/_merged/events/2009-10_events_stats.csv | pl_stats/_merged/events/2017-18_events_stats.csv | pl_stats/_merged/events/2025-26_events_stats.csv,UNCATALOGUED
PL_PULSELIVE_HISTORICAL,team_match,team_match,attObxdRight_h,2009-10;2017-18;2025-26,pl_stats/_merged/events/2009-10_events_stats.csv | pl_stats/_merged/events/2017-18_events_stats.csv | pl_stats/_merged/events/2025-26_events_stats.csv,UNCATALOGUED
PL_PULSELIVE_HISTORICAL,team_match,team_match,attOneOnOne,2025-26,pl_stats/A_Villa_7/events_stats/2025-26_events_stats.csv,UNCATALOGUED
PL_PULSELIVE_HISTORICAL,team_match,team_match,attOneOnOne_a,2017-18;2025-26,pl_stats/_merged/events/2017-18_events_stats.csv | pl_stats/_merged/events/2025-26_events_stats.csv,UNCATALOGUED
PL_PULSELIVE_HISTORICAL,team_match,team_match,attOneOnOne_h,2017-18;2025-26,pl_stats/_merged/events/2017-18_events_stats.csv | pl_stats/_merged/events/2025-26_events_stats.csv,UNCATALOGUED
PL_PULSELIVE_HISTORICAL,team_match,team_match,attOpenplay,2025-26,pl_stats/A_Villa_7/events_stats/2025-26_events_stats.csv,UNCATALOGUED
PL_PULSELIVE_HISTORICAL,team_match,team_match,attOpenplay_a,2009-10;2017-18;2025-26,pl_stats/_merged/events/2009-10_events_stats.csv | pl_stats/_merged/events/2017-18_events_stats.csv | pl_stats/_merged/events/2025-26_events_stats.csv,UNCATALOGUED
PL_PULSELIVE_HISTORICAL,team_match,team_match,attOpenplay_h,2009-10;2017-18;2025-26,pl_stats/_merged/events/2009-10_events_stats.csv | pl_stats/_merged/events/2017-18_events_stats.csv | pl_stats/_merged/events/2025-26_events_stats.csv,UNCATALOGUED
PL_PULSELIVE_HISTORICAL,team_match,team_match,attPenGoal,2025-26,pl_stats/A_Villa_7/events_stats/2025-26_events_stats.csv,UNCATALOGUED
PL_PULSELIVE_HISTORICAL,team_match,team_match,attPenGoal_a,2009-10;2017-18;2025-26,pl_stats/_merged/events/2009-10_events_stats.csv | pl_stats/_merged/events/2017-18_events_stats.csv | pl_stats/_merged/events/2025-26_events_stats.csv,UNCATALOGUED
PL_PULSELIVE_HISTORICAL,team_match,team_match,attPenGoal_h,2009-10;2017-18;2025-26,pl_stats/_merged/events/2009-10_events_stats.csv | pl_stats/_merged/events/2017-18_events_stats.csv | pl_stats/_merged/events/2025-26_events_stats.csv,UNCATALOGUED
PL_PULSELIVE_HISTORICAL,team_match,team_match,attPenMiss_a,2009-10;2017-18;2025-26,pl_stats/_merged/events/2009-10_events_stats.csv | pl_stats/_merged/events/2017-18_events_stats.csv | pl_stats/_merged/events/2025-26_events_stats.csv,UNCATALOGUED
PL_PULSELIVE_HISTORICAL,team_match,team_match,attPenMiss_h,2009-10;2017-18;2025-26,pl_stats/_merged/events/2009-10_events_stats.csv | pl_stats/_merged/events/2017-18_events_stats.csv | pl_stats/_merged/events/2025-26_events_stats.csv,UNCATALOGUED
PL_PULSELIVE_HISTORICAL,team_match,team_match,attPenPost_a,2009-10;2017-18;2025-26,pl_stats/_merged/events/2009-10_events_stats.csv | pl_stats/_merged/events/2017-18_events_stats.csv | pl_stats/_merged/events/2025-26_events_stats.csv,UNCATALOGUED
PL_PULSELIVE_HISTORICAL,team_match,team_match,attPenPost_h,2009-10;2017-18;2025-26,pl_stats/_merged/events/2009-10_events_stats.csv | pl_stats/_merged/events/2017-18_events_stats.csv | pl_stats/_merged/events/2025-26_events_stats.csv,UNCATALOGUED
PL_PULSELIVE_HISTORICAL,team_match,team_match,attPenTarget_a,2009-10;2017-18;2025-26,pl_stats/_merged/events/2009-10_events_stats.csv | pl_stats/_merged/events/2017-18_events_stats.csv | pl_stats/_merged/events/2025-26_events_stats.csv,UNCATALOGUED
PL_PULSELIVE_HISTORICAL,team_match,team_match,attPenTarget_h,2009-10;2017-18;2025-26,pl_stats/_merged/events/2009-10_events_stats.csv | pl_stats/_merged/events/2017-18_events_stats.csv | pl_stats/_merged/events/2025-26_events_stats.csv,UNCATALOGUED
PL_PULSELIVE_HISTORICAL,team_match,team_match,attPostHigh,2025-26,pl_stats/A_Villa_7/events_stats/2025-26_events_stats.csv,UNCATALOGUED
PL_PULSELIVE_HISTORICAL,team_match,team_match,attPostHigh_a,2009-10;2017-18;2025-26,pl_stats/_merged/events/2009-10_events_stats.csv | pl_stats/_merged/events/2017-18_events_stats.csv | pl_stats/_merged/events/2025-26_events_stats.csv,UNCATALOGUED
PL_PULSELIVE_HISTORICAL,team_match,team_match,attPostHigh_h,2009-10;2017-18;2025-26,pl_stats/_merged/events/2009-10_events_stats.csv | pl_stats/_merged/events/2017-18_events_stats.csv | pl_stats/_merged/events/2025-26_events_stats.csv,UNCATALOGUED
PL_PULSELIVE_HISTORICAL,team_match,team_match,attPostLeft,2025-26,pl_stats/A_Villa_7/events_stats/2025-26_events_stats.csv,UNCATALOGUED
PL_PULSELIVE_HISTORICAL,team_match,team_match,attPostLeft_a,2009-10;2017-18;2025-26,pl_stats/_merged/events/2009-10_events_stats.csv | pl_stats/_merged/events/2017-18_events_stats.csv | pl_stats/_merged/events/2025-26_events_stats.csv,UNCATALOGUED
PL_PULSELIVE_HISTORICAL,team_match,team_match,attPostLeft_h,2009-10;2017-18;2025-26,pl_stats/_merged/events/2009-10_events_stats.csv | pl_stats/_merged/events/2017-18_events_stats.csv | pl_stats/_merged/events/2025-26_events_stats.csv,UNCATALOGUED
PL_PULSELIVE_HISTORICAL,team_match,team_match,attPostRight,2025-26,pl_stats/A_Villa_7/events_stats/2025-26_events_stats.csv,UNCATALOGUED
PL_PULSELIVE_HISTORICAL,team_match,team_match,attPostRight_a,2009-10;2017-18;2025-26,pl_stats/_merged/events/2009-10_events_stats.csv | pl_stats/_merged/events/2017-18_events_stats.csv | pl_stats/_merged/events/2025-26_events_stats.csv,UNCATALOGUED
PL_PULSELIVE_HISTORICAL,team_match,team_match,attPostRight_h,2009-10;2017-18;2025-26,pl_stats/_merged/events/2009-10_events_stats.csv | pl_stats/_merged/events/2017-18_events_stats.csv | pl_stats/_merged/events/2025-26_events_stats.csv,UNCATALOGUED
PL_PULSELIVE_HISTORICAL,team_match,team_match,attSetpiece,2025-26,pl_stats/A_Villa_7/events_stats/2025-26_events_stats.csv,UNCATALOGUED
PL_PULSELIVE_HISTORICAL,team_match,team_match,attSetpiece_a,2009-10;2017-18;2025-26,pl_stats/_merged/events/2009-10_events_stats.csv | pl_stats/_merged/events/2017-18_events_stats.csv | pl_stats/_merged/events/2025-26_events_stats.csv,UNCATALOGUED
PL_PULSELIVE_HISTORICAL,team_match,team_match,attSetpiece_h,2009-10;2017-18;2025-26,pl_stats/_merged/events/2009-10_events_stats.csv | pl_stats/_merged/events/2017-18_events_stats.csv | pl_stats/_merged/events/2025-26_events_stats.csv,UNCATALOGUED
PL_PULSELIVE_HISTORICAL,team_match,team_match,attemptedTackleFoul,2025-26,pl_stats/A_Villa_7/events_stats/2025-26_events_stats.csv,UNCATALOGUED
PL_PULSELIVE_HISTORICAL,team_match,team_match,attemptedTackleFoul_a,2017-18;2025-26,pl_stats/_merged/events/2017-18_events_stats.csv | pl_stats/_merged/events/2025-26_events_stats.csv,UNCATALOGUED
PL_PULSELIVE_HISTORICAL,team_match,team_match,attemptedTackleFoul_h,2017-18;2025-26,pl_stats/_merged/events/2017-18_events_stats.csv | pl_stats/_merged/events/2025-26_events_stats.csv,UNCATALOGUED
PL_PULSELIVE_HISTORICAL,team_match,team_match,attemptsConcededIbox,2025-26,pl_stats/A_Villa_7/events_stats/2025-26_events_stats.csv,UNCATALOGUED
PL_PULSELIVE_HISTORICAL,team_match,team_match,attemptsConcededIbox_a,2009-10;2017-18;2025-26,pl_stats/_merged/events/2009-10_events_stats.csv | pl_stats/_merged/events/2017-18_events_stats.csv | pl_stats/_merged/events/2025-26_events_stats.csv,UNCATALOGUED
PL_PULSELIVE_HISTORICAL,team_match,team_match,attemptsConcededIbox_h,2009-10;2017-18;2025-26,pl_stats/_merged/events/2009-10_events_stats.csv | pl_stats/_merged/events/2017-18_events_stats.csv | pl_stats/_merged/events/2025-26_events_stats.csv,UNCATALOGUED
PL_PULSELIVE_HISTORICAL,team_match,team_match,attemptsConcededObox,2025-26,pl_stats/A_Villa_7/events_stats/2025-26_events_stats.csv,UNCATALOGUED
PL_PULSELIVE_HISTORICAL,team_match,team_match,attemptsConcededObox_a,2009-10;2017-18;2025-26,pl_stats/_merged/events/2009-10_events_stats.csv | pl_stats/_merged/events/2017-18_events_stats.csv | pl_stats/_merged/events/2025-26_events_stats.csv,UNCATALOGUED
PL_PULSELIVE_HISTORICAL,team_match,team_match,attemptsConcededObox_h,2009-10;2017-18;2025-26,pl_stats/_merged/events/2009-10_events_stats.csv | pl_stats/_merged/events/2017-18_events_stats.csv | pl_stats/_merged/events/2025-26_events_stats.csv,UNCATALOGUED
PL_PULSELIVE_HISTORICAL,team_match,team_match,attemptsIbox,2025-26,pl_stats/A_Villa_7/events_stats/2025-26_events_stats.csv,UNCATALOGUED
PL_PULSELIVE_HISTORICAL,team_match,team_match,attemptsIbox_a,2009-10;2017-18;2025-26,pl_stats/_merged/events/2009-10_events_stats.csv | pl_stats/_merged/events/2017-18_events_stats.csv | pl_stats/_merged/events/2025-26_events_stats.csv,UNCATALOGUED
PL_PULSELIVE_HISTORICAL,team_match,team_match,attemptsIbox_h,2009-10;2017-18;2025-26,pl_stats/_merged/events/2009-10_events_stats.csv | pl_stats/_merged/events/2017-18_events_stats.csv | pl_stats/_merged/events/2025-26_events_stats.csv,UNCATALOGUED
PL_PULSELIVE_HISTORICAL,team_match,team_match,attemptsObox,2025-26,pl_stats/A_Villa_7/events_stats/2025-26_events_stats.csv,UNCATALOGUED
PL_PULSELIVE_HISTORICAL,team_match,team_match,attemptsObox_a,2009-10;2017-18;2025-26,pl_stats/_merged/events/2009-10_events_stats.csv | pl_stats/_merged/events/2017-18_events_stats.csv | pl_stats/_merged/events/2025-26_events_stats.csv,UNCATALOGUED
PL_PULSELIVE_HISTORICAL,team_match,team_match,attemptsObox_h,2009-10;2017-18;2025-26,pl_stats/_merged/events/2009-10_events_stats.csv | pl_stats/_merged/events/2017-18_events_stats.csv | pl_stats/_merged/events/2025-26_events_stats.csv,UNCATALOGUED
PL_PULSELIVE_HISTORICAL,team_match,team_match,attendance,2025-26,pl_stats/A_Villa_7/events_stats/2025-26_events_stats.csv,UNCATALOGUED
PL_PULSELIVE_HISTORICAL,team_match,team_match,attendance_a,2009-10;2017-18;2025-26,pl_stats/_merged/events/2009-10_events_stats.csv | pl_stats/_merged/events/2017-18_events_stats.csv | pl_stats/_merged/events/2025-26_events_stats.csv,UNCATALOGUED
PL_PULSELIVE_HISTORICAL,team_match,team_match,attendance_h,2009-10;2017-18;2025-26,pl_stats/_merged/events/2009-10_events_stats.csv | pl_stats/_merged/events/2017-18_events_stats.csv | pl_stats/_merged/events/2025-26_events_stats.csv,UNCATALOGUED
PL_PULSELIVE_HISTORICAL,team_match,team_match,away_team,2009-10;2017-18;2025-26,pl_stats/_merged/events/2009-10_events_stats.csv | pl_stats/_merged/events/2017-18_events_stats.csv | pl_stats/_merged/events/2025-26_events_stats.csv,UNCATALOGUED
PL_PULSELIVE_HISTORICAL,team_match,team_match,away_team_id,2009-10;2017-18;2025-26,pl_stats/_merged/events/2009-10_events_stats.csv | pl_stats/_merged/events/2017-18_events_stats.csv | pl_stats/_merged/events/2025-26_events_stats.csv,UNCATALOGUED
PL_PULSELIVE_HISTORICAL,team_match,team_match,backwardPass,2025-26,pl_stats/A_Villa_7/events_stats/2025-26_events_stats.csv,UNCATALOGUED
PL_PULSELIVE_HISTORICAL,team_match,team_match,backwardPass_a,2017-18;2025-26,pl_stats/_merged/events/2017-18_events_stats.csv | pl_stats/_merged/events/2025-26_events_stats.csv,UNCATALOGUED
PL_PULSELIVE_HISTORICAL,team_match,team_match,backwardPass_h,2017-18;2025-26,pl_stats/_merged/events/2017-18_events_stats.csv | pl_stats/_merged/events/2025-26_events_stats.csv,UNCATALOGUED
PL_PULSELIVE_HISTORICAL,team_match,team_match,ballRecovery,2025-26,pl_stats/A_Villa_7/events_stats/2025-26_events_stats.csv,UNCATALOGUED
PL_PULSELIVE_HISTORICAL,team_match,team_match,ballRecovery_a,2009-10;2017-18;2025-26,pl_stats/_merged/events/2009-10_events_stats.csv | pl_stats/_merged/events/2017-18_events_stats.csv | pl_stats/_merged/events/2025-26_events_stats.csv,UNCATALOGUED
PL_PULSELIVE_HISTORICAL,team_match,team_match,ballRecovery_h,2009-10;2017-18;2025-26,pl_stats/_merged/events/2009-10_events_stats.csv | pl_stats/_merged/events/2017-18_events_stats.csv | pl_stats/_merged/events/2025-26_events_stats.csv,UNCATALOGUED
PL_PULSELIVE_HISTORICAL,team_match,team_match,bigChanceCreated,2025-26,pl_stats/A_Villa_7/events_stats/2025-26_events_stats.csv,UNCATALOGUED
PL_PULSELIVE_HISTORICAL,team_match,team_match,bigChanceCreated_a,2017-18;2025-26,pl_stats/_merged/events/2017-18_events_stats.csv | pl_stats/_merged/events/2025-26_events_stats.csv,UNCATALOGUED
PL_PULSELIVE_HISTORICAL,team_match,team_match,bigChanceCreated_h,2017-18;2025-26,pl_stats/_merged/events/2017-18_events_stats.csv | pl_stats/_merged/events/2025-26_events_stats.csv,UNCATALOGUED
PL_PULSELIVE_HISTORICAL,team_match,team_match,bigChanceMissed,2025-26,pl_stats/A_Villa_7/events_stats/2025-26_events_stats.csv,UNCATALOGUED
PL_PULSELIVE_HISTORICAL,team_match,team_match,bigChanceMissed_a,2017-18;2025-26,pl_stats/_merged/events/2017-18_events_stats.csv | pl_stats/_merged/events/2025-26_events_stats.csv,UNCATALOGUED
PL_PULSELIVE_HISTORICAL,team_match,team_match,bigChanceMissed_h,2017-18;2025-26,pl_stats/_merged/events/2017-18_events_stats.csv | pl_stats/_merged/events/2025-26_events_stats.csv,UNCATALOGUED
PL_PULSELIVE_HISTORICAL,team_match,team_match,bigChanceScored,2025-26,pl_stats/A_Villa_7/events_stats/2025-26_events_stats.csv,UNCATALOGUED
PL_PULSELIVE_HISTORICAL,team_match,team_match,bigChanceScored_a,2009-10;2017-18;2025-26,pl_stats/_merged/events/2009-10_events_stats.csv | pl_stats/_merged/events/2017-18_events_stats.csv | pl_stats/_merged/events/2025-26_events_stats.csv,UNCATALOGUED
PL_PULSELIVE_HISTORICAL,team_match,team_match,bigChanceScored_h,2009-10;2017-18;2025-26,pl_stats/_merged/events/2009-10_events_stats.csv | pl_stats/_merged/events/2017-18_events_stats.csv | pl_stats/_merged/events/2025-26_events_stats.csv,UNCATALOGUED
PL_PULSELIVE_HISTORICAL,team_match,team_match,blockedCross,2025-26,pl_stats/A_Villa_7/events_stats/2025-26_events_stats.csv,UNCATALOGUED
PL_PULSELIVE_HISTORICAL,team_match,team_match,blockedCross_a,2009-10;2017-18;2025-26,pl_stats/_merged/events/2009-10_events_stats.csv | pl_stats/_merged/events/2017-18_events_stats.csv | pl_stats/_merged/events/2025-26_events_stats.csv,UNCATALOGUED
PL_PULSELIVE_HISTORICAL,team_match,team_match,blockedCross_h,2009-10;2017-18;2025-26,pl_stats/_merged/events/2009-10_events_stats.csv | pl_stats/_merged/events/2017-18_events_stats.csv | pl_stats/_merged/events/2025-26_events_stats.csv,UNCATALOGUED
PL_PULSELIVE_HISTORICAL,team_match,team_match,blockedPass,2025-26,pl_stats/A_Villa_7/events_stats/2025-26_events_stats.csv,UNCATALOGUED
PL_PULSELIVE_HISTORICAL,team_match,team_match,blockedPass_a,2017-18;2025-26,pl_stats/_merged/events/2017-18_events_stats.csv | pl_stats/_merged/events/2025-26_events_stats.csv,UNCATALOGUED
PL_PULSELIVE_HISTORICAL,team_match,team_match,blockedPass_h,2017-18;2025-26,pl_stats/_merged/events/2017-18_events_stats.csv | pl_stats/_merged/events/2025-26_events_stats.csv,UNCATALOGUED
PL_PULSELIVE_HISTORICAL,team_match,team_match,blockedScoringAtt,2025-26,pl_stats/A_Villa_7/events_stats/2025-26_events_stats.csv,UNCATALOGUED
PL_PULSELIVE_HISTORICAL,team_match,team_match,blockedScoringAtt_a,2009-10;2017-18;2025-26,pl_stats/_merged/events/2009-10_events_stats.csv | pl_stats/_merged/events/2017-18_events_stats.csv | pl_stats/_merged/events/2025-26_events_stats.csv,UNCATALOGUED
PL_PULSELIVE_HISTORICAL,team_match,team_match,blockedScoringAtt_h,2009-10;2017-18;2025-26,pl_stats/_merged/events/2009-10_events_stats.csv | pl_stats/_merged/events/2017-18_events_stats.csv | pl_stats/_merged/events/2025-26_events_stats.csv,UNCATALOGUED
PL_PULSELIVE_HISTORICAL,team_match,team_match,challengeLost,2025-26,pl_stats/A_Villa_7/events_stats/2025-26_events_stats.csv,UNCATALOGUED
PL_PULSELIVE_HISTORICAL,team_match,team_match,challengeLost_a,2009-10;2017-18;2025-26,pl_stats/_merged/events/2009-10_events_stats.csv | pl_stats/_merged/events/2017-18_events_stats.csv | pl_stats/_merged/events/2025-26_events_stats.csv,UNCATALOGUED
PL_PULSELIVE_HISTORICAL,team_match,team_match,challengeLost_h,2009-10;2017-18;2025-26,pl_stats/_merged/events/2009-10_events_stats.csv | pl_stats/_merged/events/2017-18_events_stats.csv | pl_stats/_merged/events/2025-26_events_stats.csv,UNCATALOGUED
PL_PULSELIVE_HISTORICAL,team_match,team_match,clearanceOffLine,2025-26,pl_stats/A_Villa_7/events_stats/2025-26_events_stats.csv,UNCATALOGUED
PL_PULSELIVE_HISTORICAL,team_match,team_match,clearanceOffLine_a,2009-10;2017-18;2025-26,pl_stats/_merged/events/2009-10_events_stats.csv | pl_stats/_merged/events/2017-18_events_stats.csv | pl_stats/_merged/events/2025-26_events_stats.csv,UNCATALOGUED
PL_PULSELIVE_HISTORICAL,team_match,team_match,clearanceOffLine_h,2009-10;2017-18;2025-26,pl_stats/_merged/events/2009-10_events_stats.csv | pl_stats/_merged/events/2017-18_events_stats.csv | pl_stats/_merged/events/2025-26_events_stats.csv,UNCATALOGUED
PL_PULSELIVE_HISTORICAL,team_match,team_match,contentiousDecision,2025-26,pl_stats/A_Villa_7/events_stats/2025-26_events_stats.csv,UNCATALOGUED
PL_PULSELIVE_HISTORICAL,team_match,team_match,contentiousDecision_a,2017-18;2025-26,pl_stats/_merged/events/2017-18_events_stats.csv | pl_stats/_merged/events/2025-26_events_stats.csv,UNCATALOGUED
PL_PULSELIVE_HISTORICAL,team_match,team_match,contentiousDecision_h,2017-18;2025-26,pl_stats/_merged/events/2017-18_events_stats.csv | pl_stats/_merged/events/2025-26_events_stats.csv,UNCATALOGUED
PL_PULSELIVE_HISTORICAL,team_match,team_match,cornerTaken,2025-26,pl_stats/A_Villa_7/events_stats/2025-26_events_stats.csv,UNCATALOGUED
PL_PULSELIVE_HISTORICAL,team_match,team_match,cornerTaken_a,2009-10;2017-18;2025-26,pl_stats/_merged/events/2009-10_events_stats.csv | pl_stats/_merged/events/2017-18_events_stats.csv | pl_stats/_merged/events/2025-26_events_stats.csv,UNCATALOGUED
PL_PULSELIVE_HISTORICAL,team_match,team_match,cornerTaken_h,2009-10;2017-18;2025-26,pl_stats/_merged/events/2009-10_events_stats.csv | pl_stats/_merged/events/2017-18_events_stats.csv | pl_stats/_merged/events/2025-26_events_stats.csv,UNCATALOGUED
PL_PULSELIVE_HISTORICAL,team_match,team_match,crosses18yard,2025-26,pl_stats/A_Villa_7/events_stats/2025-26_events_stats.csv,UNCATALOGUED
PL_PULSELIVE_HISTORICAL,team_match,team_match,crosses18yard_a,2009-10;2017-18;2025-26,pl_stats/_merged/events/2009-10_events_stats.csv | pl_stats/_merged/events/2017-18_events_stats.csv | pl_stats/_merged/events/2025-26_events_stats.csv,UNCATALOGUED
PL_PULSELIVE_HISTORICAL,team_match,team_match,crosses18yard_h,2009-10;2017-18;2025-26,pl_stats/_merged/events/2009-10_events_stats.csv | pl_stats/_merged/events/2017-18_events_stats.csv | pl_stats/_merged/events/2025-26_events_stats.csv,UNCATALOGUED
PL_PULSELIVE_HISTORICAL,team_match,team_match,crosses18yardplus,2025-26,pl_stats/A_Villa_7/events_stats/2025-26_events_stats.csv,UNCATALOGUED
PL_PULSELIVE_HISTORICAL,team_match,team_match,crosses18yardplus_a,2009-10;2017-18;2025-26,pl_stats/_merged/events/2009-10_events_stats.csv | pl_stats/_merged/events/2017-18_events_stats.csv | pl_stats/_merged/events/2025-26_events_stats.csv,UNCATALOGUED
PL_PULSELIVE_HISTORICAL,team_match,team_match,crosses18yardplus_h,2009-10;2017-18;2025-26,pl_stats/_merged/events/2009-10_events_stats.csv | pl_stats/_merged/events/2017-18_events_stats.csv | pl_stats/_merged/events/2025-26_events_stats.csv,UNCATALOGUED
PL_PULSELIVE_HISTORICAL,team_match,team_match,defenderGoals,2025-26,pl_stats/A_Villa_7/events_stats/2025-26_events_stats.csv,UNCATALOGUED
PL_PULSELIVE_HISTORICAL,team_match,team_match,defenderGoals_a,2009-10;2017-18;2025-26,pl_stats/_merged/events/2009-10_events_stats.csv | pl_stats/_merged/events/2017-18_events_stats.csv | pl_stats/_merged/events/2025-26_events_stats.csv,UNCATALOGUED
PL_PULSELIVE_HISTORICAL,team_match,team_match,defenderGoals_h,2009-10;2017-18;2025-26,pl_stats/_merged/events/2009-10_events_stats.csv | pl_stats/_merged/events/2017-18_events_stats.csv | pl_stats/_merged/events/2025-26_events_stats.csv,UNCATALOGUED
PL_PULSELIVE_HISTORICAL,team_match,team_match,dispossessed,2025-26,pl_stats/A_Villa_7/events_stats/2025-26_events_stats.csv,UNCATALOGUED
PL_PULSELIVE_HISTORICAL,team_match,team_match,dispossessed_a,2009-10;2017-18;2025-26,pl_stats/_merged/events/2009-10_events_stats.csv | pl_stats/_merged/events/2017-18_events_stats.csv | pl_stats/_merged/events/2025-26_events_stats.csv,UNCATALOGUED
PL_PULSELIVE_HISTORICAL,team_match,team_match,dispossessed_h,2009-10;2017-18;2025-26,pl_stats/_merged/events/2009-10_events_stats.csv | pl_stats/_merged/events/2017-18_events_stats.csv | pl_stats/_merged/events/2025-26_events_stats.csv,UNCATALOGUED
PL_PULSELIVE_HISTORICAL,team_match,team_match,divingSave,2025-26,pl_stats/A_Villa_7/events_stats/2025-26_events_stats.csv,UNCATALOGUED
PL_PULSELIVE_HISTORICAL,team_match,team_match,divingSave_a,2009-10;2017-18;2025-26,pl_stats/_merged/events/2009-10_events_stats.csv | pl_stats/_merged/events/2017-18_events_stats.csv | pl_stats/_merged/events/2025-26_events_stats.csv,UNCATALOGUED
PL_PULSELIVE_HISTORICAL,team_match,team_match,divingSave_h,2009-10;2017-18;2025-26,pl_stats/_merged/events/2009-10_events_stats.csv | pl_stats/_merged/events/2017-18_events_stats.csv | pl_stats/_merged/events/2025-26_events_stats.csv,UNCATALOGUED
PL_PULSELIVE_HISTORICAL,team_match,team_match,duelLost,2025-26,pl_stats/A_Villa_7/events_stats/2025-26_events_stats.csv,UNCATALOGUED
PL_PULSELIVE_HISTORICAL,team_match,team_match,duelLost_a,2009-10;2017-18;2025-26,pl_stats/_merged/events/2009-10_events_stats.csv | pl_stats/_merged/events/2017-18_events_stats.csv | pl_stats/_merged/events/2025-26_events_stats.csv,UNCATALOGUED
PL_PULSELIVE_HISTORICAL,team_match,team_match,duelLost_h,2009-10;2017-18;2025-26,pl_stats/_merged/events/2009-10_events_stats.csv | pl_stats/_merged/events/2017-18_events_stats.csv | pl_stats/_merged/events/2025-26_events_stats.csv,UNCATALOGUED
PL_PULSELIVE_HISTORICAL,team_match,team_match,duelWon,2025-26,pl_stats/A_Villa_7/events_stats/2025-26_events_stats.csv,UNCATALOGUED
PL_PULSELIVE_HISTORICAL,team_match,team_match,duelWon_a,2009-10;2017-18;2025-26,pl_stats/_merged/events/2009-10_events_stats.csv | pl_stats/_merged/events/2017-18_events_stats.csv | pl_stats/_merged/events/2025-26_events_stats.csv,UNCATALOGUED
PL_PULSELIVE_HISTORICAL,team_match,team_match,duelWon_h,2009-10;2017-18;2025-26,pl_stats/_merged/events/2009-10_events_stats.csv | pl_stats/_merged/events/2017-18_events_stats.csv | pl_stats/_merged/events/2025-26_events_stats.csv,UNCATALOGUED
PL_PULSELIVE_HISTORICAL,team_match,team_match,effectiveBlockedCross,2025-26,pl_stats/A_Villa_7/events_stats/2025-26_events_stats.csv,UNCATALOGUED
PL_PULSELIVE_HISTORICAL,team_match,team_match,effectiveBlockedCross_a,2009-10;2017-18;2025-26,pl_stats/_merged/events/2009-10_events_stats.csv | pl_stats/_merged/events/2017-18_events_stats.csv | pl_stats/_merged/events/2025-26_events_stats.csv,UNCATALOGUED
PL_PULSELIVE_HISTORICAL,team_match,team_match,effectiveBlockedCross_h,2009-10;2017-18;2025-26,pl_stats/_merged/events/2009-10_events_stats.csv | pl_stats/_merged/events/2017-18_events_stats.csv | pl_stats/_merged/events/2025-26_events_stats.csv,UNCATALOGUED
PL_PULSELIVE_HISTORICAL,team_match,team_match,effectiveClearance,2025-26,pl_stats/A_Villa_7/events_stats/2025-26_events_stats.csv,UNCATALOGUED
PL_PULSELIVE_HISTORICAL,team_match,team_match,effectiveClearance_a,2009-10;2017-18;2025-26,pl_stats/_merged/events/2009-10_events_stats.csv | pl_stats/_merged/events/2017-18_events_stats.csv | pl_stats/_merged/events/2025-26_events_stats.csv,UNCATALOGUED
PL_PULSELIVE_HISTORICAL,team_match,team_match,effectiveClearance_h,2009-10;2017-18;2025-26,pl_stats/_merged/events/2009-10_events_stats.csv | pl_stats/_merged/events/2017-18_events_stats.csv | pl_stats/_merged/events/2025-26_events_stats.csv,UNCATALOGUED
PL_PULSELIVE_HISTORICAL,team_match,team_match,effectiveHeadClearance,2025-26,pl_stats/A_Villa_7/events_stats/2025-26_events_stats.csv,UNCATALOGUED
PL_PULSELIVE_HISTORICAL,team_match,team_match,effectiveHeadClearance_a,2009-10;2017-18;2025-26,pl_stats/_merged/events/2009-10_events_stats.csv | pl_stats/_merged/events/2017-18_events_stats.csv | pl_stats/_merged/events/2025-26_events_stats.csv,UNCATALOGUED
PL_PULSELIVE_HISTORICAL,team_match,team_match,effectiveHeadClearance_h,2009-10;2017-18;2025-26,pl_stats/_merged/events/2009-10_events_stats.csv | pl_stats/_merged/events/2017-18_events_stats.csv | pl_stats/_merged/events/2025-26_events_stats.csv,UNCATALOGUED
PL_PULSELIVE_HISTORICAL,team_match,team_match,errorLeadToGoal,2025-26,pl_stats/A_Villa_7/events_stats/2025-26_events_stats.csv,UNCATALOGUED
PL_PULSELIVE_HISTORICAL,team_match,team_match,errorLeadToGoal_a,2009-10;2017-18;2025-26,pl_stats/_merged/events/2009-10_events_stats.csv | pl_stats/_merged/events/2017-18_events_stats.csv | pl_stats/_merged/events/2025-26_events_stats.csv,UNCATALOGUED
PL_PULSELIVE_HISTORICAL,team_match,team_match,errorLeadToGoal_h,2009-10;2017-18;2025-26,pl_stats/_merged/events/2009-10_events_stats.csv | pl_stats/_merged/events/2017-18_events_stats.csv | pl_stats/_merged/events/2025-26_events_stats.csv,UNCATALOGUED
PL_PULSELIVE_HISTORICAL,team_match,team_match,errorLeadToShot,2025-26,pl_stats/A_Villa_7/events_stats/2025-26_events_stats.csv,UNCATALOGUED
PL_PULSELIVE_HISTORICAL,team_match,team_match,errorLeadToShot_a,2009-10;2017-18;2025-26,pl_stats/_merged/events/2009-10_events_stats.csv | pl_stats/_merged/events/2017-18_events_stats.csv | pl_stats/_merged/events/2025-26_events_stats.csv,UNCATALOGUED
PL_PULSELIVE_HISTORICAL,team_match,team_match,errorLeadToShot_h,2009-10;2017-18;2025-26,pl_stats/_merged/events/2009-10_events_stats.csv | pl_stats/_merged/events/2017-18_events_stats.csv | pl_stats/_merged/events/2025-26_events_stats.csv,UNCATALOGUED
PL_PULSELIVE_HISTORICAL,team_match,team_match,expectedAssists,2025-26,pl_stats/A_Villa_7/events_stats/2025-26_events_stats.csv,UNCATALOGUED
PL_PULSELIVE_HISTORICAL,team_match,team_match,expectedAssists_a,2009-10;2025-26,pl_stats/_merged/events/2009-10_events_stats.csv | pl_stats/_merged/events/2025-26_events_stats.csv,UNCATALOGUED
PL_PULSELIVE_HISTORICAL,team_match,team_match,expectedAssists_h,2009-10;2025-26,pl_stats/_merged/events/2009-10_events_stats.csv | pl_stats/_merged/events/2025-26_events_stats.csv,UNCATALOGUED
PL_PULSELIVE_HISTORICAL,team_match,team_match,expectedGoals,2025-26,pl_stats/A_Villa_7/events_stats/2025-26_events_stats.csv,UNCATALOGUED
PL_PULSELIVE_HISTORICAL,team_match,team_match,expectedGoalsFreekick,2025-26,pl_stats/A_Villa_7/events_stats/2025-26_events_stats.csv,UNCATALOGUED
PL_PULSELIVE_HISTORICAL,team_match,team_match,expectedGoalsFreekick_a,2009-10;2025-26,pl_stats/_merged/events/2009-10_events_stats.csv | pl_stats/_merged/events/2025-26_events_stats.csv,UNCATALOGUED
PL_PULSELIVE_HISTORICAL,team_match,team_match,expectedGoalsFreekick_h,2009-10;2025-26,pl_stats/_merged/events/2009-10_events_stats.csv | pl_stats/_merged/events/2025-26_events_stats.csv,UNCATALOGUED
PL_PULSELIVE_HISTORICAL,team_match,team_match,expectedGoalsOnTarget,2025-26,pl_stats/A_Villa_7/events_stats/2025-26_events_stats.csv,UNCATALOGUED
PL_PULSELIVE_HISTORICAL,team_match,team_match,expectedGoalsOnTargetConceded,2025-26,pl_stats/A_Villa_7/events_stats/2025-26_events_stats.csv,UNCATALOGUED
PL_PULSELIVE_HISTORICAL,team_match,team_match,expectedGoalsOnTargetConceded_a,2009-10;2025-26,pl_stats/_merged/events/2009-10_events_stats.csv | pl_stats/_merged/events/2025-26_events_stats.csv,UNCATALOGUED
PL_PULSELIVE_HISTORICAL,team_match,team_match,expectedGoalsOnTargetConceded_h,2009-10;2025-26,pl_stats/_merged/events/2009-10_events_stats.csv | pl_stats/_merged/events/2025-26_events_stats.csv,UNCATALOGUED
PL_PULSELIVE_HISTORICAL,team_match,team_match,expectedGoalsOnTarget_a,2009-10;2025-26,pl_stats/_merged/events/2009-10_events_stats.csv | pl_stats/_merged/events/2025-26_events_stats.csv,UNCATALOGUED
PL_PULSELIVE_HISTORICAL,team_match,team_match,expectedGoalsOnTarget_h,2009-10;2025-26,pl_stats/_merged/events/2009-10_events_stats.csv | pl_stats/_merged/events/2025-26_events_stats.csv,UNCATALOGUED
PL_PULSELIVE_HISTORICAL,team_match,team_match,expectedGoals_a,2009-10;2025-26,pl_stats/_merged/events/2009-10_events_stats.csv | pl_stats/_merged/events/2025-26_events_stats.csv,UNCATALOGUED
PL_PULSELIVE_HISTORICAL,team_match,team_match,expectedGoals_h,2009-10;2025-26,pl_stats/_merged/events/2009-10_events_stats.csv | pl_stats/_merged/events/2025-26_events_stats.csv,UNCATALOGUED
PL_PULSELIVE_HISTORICAL,team_match,team_match,finalThirdEntries,2025-26,pl_stats/A_Villa_7/events_stats/2025-26_events_stats.csv,UNCATALOGUED
PL_PULSELIVE_HISTORICAL,team_match,team_match,finalThirdEntries_a,2009-10;2017-18;2025-26,pl_stats/_merged/events/2009-10_events_stats.csv | pl_stats/_merged/events/2017-18_events_stats.csv | pl_stats/_merged/events/2025-26_events_stats.csv,UNCATALOGUED
PL_PULSELIVE_HISTORICAL,team_match,team_match,finalThirdEntries_h,2009-10;2017-18;2025-26,pl_stats/_merged/events/2009-10_events_stats.csv | pl_stats/_merged/events/2017-18_events_stats.csv | pl_stats/_merged/events/2025-26_events_stats.csv,UNCATALOGUED
PL_PULSELIVE_HISTORICAL,team_match,team_match,fkFoulLost,2025-26,pl_stats/A_Villa_7/events_stats/2025-26_events_stats.csv,UNCATALOGUED
PL_PULSELIVE_HISTORICAL,team_match,team_match,fkFoulLost_a,2009-10;2017-18;2025-26,pl_stats/_merged/events/2009-10_events_stats.csv | pl_stats/_merged/events/2017-18_events_stats.csv | pl_stats/_merged/events/2025-26_events_stats.csv,UNCATALOGUED
PL_PULSELIVE_HISTORICAL,team_match,team_match,fkFoulLost_h,2009-10;2017-18;2025-26,pl_stats/_merged/events/2009-10_events_stats.csv | pl_stats/_merged/events/2017-18_events_stats.csv | pl_stats/_merged/events/2025-26_events_stats.csv,UNCATALOGUED
PL_PULSELIVE_HISTORICAL,team_match,team_match,fkFoulWon,2025-26,pl_stats/A_Villa_7/events_stats/2025-26_events_stats.csv,UNCATALOGUED
PL_PULSELIVE_HISTORICAL,team_match,team_match,fkFoulWon_a,2009-10;2017-18;2025-26,pl_stats/_merged/events/2009-10_events_stats.csv | pl_stats/_merged/events/2017-18_events_stats.csv | pl_stats/_merged/events/2025-26_events_stats.csv,UNCATALOGUED
PL_PULSELIVE_HISTORICAL,team_match,team_match,fkFoulWon_h,2009-10;2017-18;2025-26,pl_stats/_merged/events/2009-10_events_stats.csv | pl_stats/_merged/events/2017-18_events_stats.csv | pl_stats/_merged/events/2025-26_events_stats.csv,UNCATALOGUED
PL_PULSELIVE_HISTORICAL,team_match,team_match,forwardGoals,2025-26,pl_stats/A_Villa_7/events_stats/2025-26_events_stats.csv,UNCATALOGUED
PL_PULSELIVE_HISTORICAL,team_match,team_match,forwardGoals_a,2009-10;2017-18;2025-26,pl_stats/_merged/events/2009-10_events_stats.csv | pl_stats/_merged/events/2017-18_events_stats.csv | pl_stats/_merged/events/2025-26_events_stats.csv,UNCATALOGUED
PL_PULSELIVE_HISTORICAL,team_match,team_match,forwardGoals_h,2009-10;2017-18;2025-26,pl_stats/_merged/events/2009-10_events_stats.csv | pl_stats/_merged/events/2017-18_events_stats.csv | pl_stats/_merged/events/2025-26_events_stats.csv,UNCATALOGUED
PL_PULSELIVE_HISTORICAL,team_match,team_match,foulThrowIn,2025-26,pl_stats/A_Villa_7/events_stats/2025-26_events_stats.csv,UNCATALOGUED
PL_PULSELIVE_HISTORICAL,team_match,team_match,foulThrowIn_a,2009-10;2017-18;2025-26,pl_stats/_merged/events/2009-10_events_stats.csv | pl_stats/_merged/events/2017-18_events_stats.csv | pl_stats/_merged/events/2025-26_events_stats.csv,UNCATALOGUED
PL_PULSELIVE_HISTORICAL,team_match,team_match,foulThrowIn_h,2009-10;2017-18;2025-26,pl_stats/_merged/events/2009-10_events_stats.csv | pl_stats/_merged/events/2017-18_events_stats.csv | pl_stats/_merged/events/2025-26_events_stats.csv,UNCATALOGUED
PL_PULSELIVE_HISTORICAL,team_match,team_match,fouledFinalThird,2025-26,pl_stats/A_Villa_7/events_stats/2025-26_events_stats.csv,UNCATALOGUED
PL_PULSELIVE_HISTORICAL,team_match,team_match,fouledFinalThird_a,2009-10;2017-18;2025-26,pl_stats/_merged/events/2009-10_events_stats.csv | pl_stats/_merged/events/2017-18_events_stats.csv | pl_stats/_merged/events/2025-26_events_stats.csv,UNCATALOGUED
PL_PULSELIVE_HISTORICAL,team_match,team_match,fouledFinalThird_h,2009-10;2017-18;2025-26,pl_stats/_merged/events/2009-10_events_stats.csv | pl_stats/_merged/events/2017-18_events_stats.csv | pl_stats/_merged/events/2025-26_events_stats.csv,UNCATALOGUED
PL_PULSELIVE_HISTORICAL,team_match,team_match,freekickCross,2025-26,pl_stats/A_Villa_7/events_stats/2025-26_events_stats.csv,UNCATALOGUED
PL_PULSELIVE_HISTORICAL,team_match,team_match,freekickCross_a,2009-10;2017-18;2025-26,pl_stats/_merged/events/2009-10_events_stats.csv | pl_stats/_merged/events/2017-18_events_stats.csv | pl_stats/_merged/events/2025-26_events_stats.csv,UNCATALOGUED
PL_PULSELIVE_HISTORICAL,team_match,team_match,freekickCross_h,2009-10;2017-18;2025-26,pl_stats/_merged/events/2009-10_events_stats.csv | pl_stats/_merged/events/2017-18_events_stats.csv | pl_stats/_merged/events/2025-26_events_stats.csv,UNCATALOGUED
PL_PULSELIVE_HISTORICAL,team_match,team_match,freekickTotal,2025-26,pl_stats/A_Villa_7/events_stats/2025-26_events_stats.csv,UNCATALOGUED
PL_PULSELIVE_HISTORICAL,team_match,team_match,freekickTotal_a,2009-10;2017-18;2025-26,pl_stats/_merged/events/2009-10_events_stats.csv | pl_stats/_merged/events/2017-18_events_stats.csv | pl_stats/_merged/events/2025-26_events_stats.csv,UNCATALOGUED
PL_PULSELIVE_HISTORICAL,team_match,team_match,freekickTotal_h,2009-10;2017-18;2025-26,pl_stats/_merged/events/2009-10_events_stats.csv | pl_stats/_merged/events/2017-18_events_stats.csv | pl_stats/_merged/events/2025-26_events_stats.csv,UNCATALOGUED
PL_PULSELIVE_HISTORICAL,team_match,team_match,fwdPass,2025-26,pl_stats/A_Villa_7/events_stats/2025-26_events_stats.csv,UNCATALOGUED
PL_PULSELIVE_HISTORICAL,team_match,team_match,fwdPass_a,2009-10;2017-18;2025-26,pl_stats/_merged/events/2009-10_events_stats.csv | pl_stats/_merged/events/2017-18_events_stats.csv | pl_stats/_merged/events/2025-26_events_stats.csv,UNCATALOGUED
PL_PULSELIVE_HISTORICAL,team_match,team_match,fwdPass_h,2009-10;2017-18;2025-26,pl_stats/_merged/events/2009-10_events_stats.csv | pl_stats/_merged/events/2017-18_events_stats.csv | pl_stats/_merged/events/2025-26_events_stats.csv,UNCATALOGUED
PL_PULSELIVE_HISTORICAL,team_match,team_match,gameweek,2009-10;2017-18;2025-26,pl_stats/A_Villa_7/events_stats/2025-26_events_stats.csv | pl_stats/_merged/events/2009-10_events_stats.csv | pl_stats/_merged/events/2017-18_events_stats.csv | pl_stats/_merged/events/2025-26_events_stats.csv,UNCATALOGUED
PL_PULSELIVE_HISTORICAL,team_match,team_match,goalAssist,2025-26,pl_stats/A_Villa_7/events_stats/2025-26_events_stats.csv,UNCATALOGUED
PL_PULSELIVE_HISTORICAL,team_match,team_match,goalAssistDeadball,2025-26,pl_stats/A_Villa_7/events_stats/2025-26_events_stats.csv,UNCATALOGUED
PL_PULSELIVE_HISTORICAL,team_match,team_match,goalAssistDeadball_a,2009-10;2017-18;2025-26,pl_stats/_merged/events/2009-10_events_stats.csv | pl_stats/_merged/events/2017-18_events_stats.csv | pl_stats/_merged/events/2025-26_events_stats.csv,UNCATALOGUED
PL_PULSELIVE_HISTORICAL,team_match,team_match,goalAssistDeadball_h,2009-10;2017-18;2025-26,pl_stats/_merged/events/2009-10_events_stats.csv | pl_stats/_merged/events/2017-18_events_stats.csv | pl_stats/_merged/events/2025-26_events_stats.csv,UNCATALOGUED
PL_PULSELIVE_HISTORICAL,team_match,team_match,goalAssistIntentional,2025-26,pl_stats/A_Villa_7/events_stats/2025-26_events_stats.csv,UNCATALOGUED
PL_PULSELIVE_HISTORICAL,team_match,team_match,goalAssistIntentional_a,2009-10;2017-18;2025-26,pl_stats/_merged/events/2009-10_events_stats.csv | pl_stats/_merged/events/2017-18_events_stats.csv | pl_stats/_merged/events/2025-26_events_stats.csv,UNCATALOGUED
PL_PULSELIVE_HISTORICAL,team_match,team_match,goalAssistIntentional_h,2009-10;2017-18;2025-26,pl_stats/_merged/events/2009-10_events_stats.csv | pl_stats/_merged/events/2017-18_events_stats.csv | pl_stats/_merged/events/2025-26_events_stats.csv,UNCATALOGUED
PL_PULSELIVE_HISTORICAL,team_match,team_match,goalAssistOpenplay,2025-26,pl_stats/A_Villa_7/events_stats/2025-26_events_stats.csv,UNCATALOGUED
PL_PULSELIVE_HISTORICAL,team_match,team_match,goalAssistOpenplay_a,2009-10;2017-18;2025-26,pl_stats/_merged/events/2009-10_events_stats.csv | pl_stats/_merged/events/2017-18_events_stats.csv | pl_stats/_merged/events/2025-26_events_stats.csv,UNCATALOGUED
PL_PULSELIVE_HISTORICAL,team_match,team_match,goalAssistOpenplay_h,2009-10;2017-18;2025-26,pl_stats/_merged/events/2009-10_events_stats.csv | pl_stats/_merged/events/2017-18_events_stats.csv | pl_stats/_merged/events/2025-26_events_stats.csv,UNCATALOGUED
PL_PULSELIVE_HISTORICAL,team_match,team_match,goalAssistSetplay,2025-26,pl_stats/A_Villa_7/events_stats/2025-26_events_stats.csv,UNCATALOGUED
PL_PULSELIVE_HISTORICAL,team_match,team_match,goalAssistSetplay_a,2009-10;2017-18;2025-26,pl_stats/_merged/events/2009-10_events_stats.csv | pl_stats/_merged/events/2017-18_events_stats.csv | pl_stats/_merged/events/2025-26_events_stats.csv,UNCATALOGUED
PL_PULSELIVE_HISTORICAL,team_match,team_match,goalAssistSetplay_h,2009-10;2017-18;2025-26,pl_stats/_merged/events/2009-10_events_stats.csv | pl_stats/_merged/events/2017-18_events_stats.csv | pl_stats/_merged/events/2025-26_events_stats.csv,UNCATALOGUED
PL_PULSELIVE_HISTORICAL,team_match,team_match,goalAssist_a,2009-10;2017-18;2025-26,pl_stats/_merged/events/2009-10_events_stats.csv | pl_stats/_merged/events/2017-18_events_stats.csv | pl_stats/_merged/events/2025-26_events_stats.csv,UNCATALOGUED
PL_PULSELIVE_HISTORICAL,team_match,team_match,goalAssist_h,2009-10;2017-18;2025-26,pl_stats/_merged/events/2009-10_events_stats.csv | pl_stats/_merged/events/2017-18_events_stats.csv | pl_stats/_merged/events/2025-26_events_stats.csv,UNCATALOGUED
PL_PULSELIVE_HISTORICAL,team_match,team_match,goalFastbreak,2025-26,pl_stats/A_Villa_7/events_stats/2025-26_events_stats.csv,UNCATALOGUED
PL_PULSELIVE_HISTORICAL,team_match,team_match,goalFastbreak_a,2009-10;2017-18;2025-26,pl_stats/_merged/events/2009-10_events_stats.csv | pl_stats/_merged/events/2017-18_events_stats.csv | pl_stats/_merged/events/2025-26_events_stats.csv,UNCATALOGUED
PL_PULSELIVE_HISTORICAL,team_match,team_match,goalFastbreak_h,2009-10;2017-18;2025-26,pl_stats/_merged/events/2009-10_events_stats.csv | pl_stats/_merged/events/2017-18_events_stats.csv | pl_stats/_merged/events/2025-26_events_stats.csv,UNCATALOGUED
PL_PULSELIVE_HISTORICAL,team_match,team_match,goalKicks,2025-26,pl_stats/A_Villa_7/events_stats/2025-26_events_stats.csv,UNCATALOGUED
PL_PULSELIVE_HISTORICAL,team_match,team_match,goalKicks_a,2009-10;2017-18;2025-26,pl_stats/_merged/events/2009-10_events_stats.csv | pl_stats/_merged/events/2017-18_events_stats.csv | pl_stats/_merged/events/2025-26_events_stats.csv,UNCATALOGUED
PL_PULSELIVE_HISTORICAL,team_match,team_match,goalKicks_h,2009-10;2017-18;2025-26,pl_stats/_merged/events/2009-10_events_stats.csv | pl_stats/_merged/events/2017-18_events_stats.csv | pl_stats/_merged/events/2025-26_events_stats.csv,UNCATALOGUED
PL_PULSELIVE_HISTORICAL,team_match,team_match,goalsAgainst,2025-26,pl_stats/A_Villa_7/events_stats/2025-26_events_stats.csv,UNCATALOGUED
PL_PULSELIVE_HISTORICAL,team_match,team_match,goalsAgainst_a,2009-10;2017-18;2025-26,pl_stats/_merged/events/2009-10_events_stats.csv | pl_stats/_merged/events/2017-18_events_stats.csv | pl_stats/_merged/events/2025-26_events_stats.csv,UNCATALOGUED
PL_PULSELIVE_HISTORICAL,team_match,team_match,goalsAgainst_h,2009-10;2017-18;2025-26,pl_stats/_merged/events/2009-10_events_stats.csv | pl_stats/_merged/events/2017-18_events_stats.csv | pl_stats/_merged/events/2025-26_events_stats.csv,UNCATALOGUED
PL_PULSELIVE_HISTORICAL,team_match,team_match,goalsFor,2025-26,pl_stats/A_Villa_7/events_stats/2025-26_events_stats.csv,UNCATALOGUED
PL_PULSELIVE_HISTORICAL,team_match,team_match,goalsFor_a,2009-10;2017-18;2025-26,pl_stats/_merged/events/2009-10_events_stats.csv | pl_stats/_merged/events/2017-18_events_stats.csv | pl_stats/_merged/events/2025-26_events_stats.csv,UNCATALOGUED
PL_PULSELIVE_HISTORICAL,team_match,team_match,goalsFor_h,2009-10;2017-18;2025-26,pl_stats/_merged/events/2009-10_events_stats.csv | pl_stats/_merged/events/2017-18_events_stats.csv | pl_stats/_merged/events/2025-26_events_stats.csv,UNCATALOGUED
PL_PULSELIVE_HISTORICAL,team_match,team_match,goalsOpenplay,2025-26,pl_stats/A_Villa_7/events_stats/2025-26_events_stats.csv,UNCATALOGUED
PL_PULSELIVE_HISTORICAL,team_match,team_match,goalsOpenplay_a,2009-10;2017-18;2025-26,pl_stats/_merged/events/2009-10_events_stats.csv | pl_stats/_merged/events/2017-18_events_stats.csv | pl_stats/_merged/events/2025-26_events_stats.csv,UNCATALOGUED
PL_PULSELIVE_HISTORICAL,team_match,team_match,goalsOpenplay_h,2009-10;2017-18;2025-26,pl_stats/_merged/events/2009-10_events_stats.csv | pl_stats/_merged/events/2017-18_events_stats.csv | pl_stats/_merged/events/2025-26_events_stats.csv,UNCATALOGUED
PL_PULSELIVE_HISTORICAL,team_match,team_match,goodHighClaim,2025-26,pl_stats/A_Villa_7/events_stats/2025-26_events_stats.csv,UNCATALOGUED
PL_PULSELIVE_HISTORICAL,team_match,team_match,goodHighClaim_a,2009-10;2017-18;2025-26,pl_stats/_merged/events/2009-10_events_stats.csv | pl_stats/_merged/events/2017-18_events_stats.csv | pl_stats/_merged/events/2025-26_events_stats.csv,UNCATALOGUED
PL_PULSELIVE_HISTORICAL,team_match,team_match,goodHighClaim_h,2009-10;2017-18;2025-26,pl_stats/_merged/events/2009-10_events_stats.csv | pl_stats/_merged/events/2017-18_events_stats.csv | pl_stats/_merged/events/2025-26_events_stats.csv,UNCATALOGUED
PL_PULSELIVE_HISTORICAL,team_match,team_match,ground,2025-26,pl_stats/A_Villa_7/events_stats/2025-26_events_stats.csv,UNCATALOGUED
PL_PULSELIVE_HISTORICAL,team_match,team_match,ground_a,2009-10;2017-18;2025-26,pl_stats/_merged/events/2009-10_events_stats.csv | pl_stats/_merged/events/2017-18_events_stats.csv | pl_stats/_merged/events/2025-26_events_stats.csv,UNCATALOGUED
PL_PULSELIVE_HISTORICAL,team_match,team_match,ground_h,2009-10;2017-18;2025-26,pl_stats/_merged/events/2009-10_events_stats.csv | pl_stats/_merged/events/2017-18_events_stats.csv | pl_stats/_merged/events/2025-26_events_stats.csv,UNCATALOGUED
PL_PULSELIVE_HISTORICAL,team_match,team_match,halfTimeAgainst,2025-26,pl_stats/A_Villa_7/events_stats/2025-26_events_stats.csv,UNCATALOGUED
PL_PULSELIVE_HISTORICAL,team_match,team_match,halfTimeAgainst_a,2009-10;2017-18;2025-26,pl_stats/_merged/events/2009-10_events_stats.csv | pl_stats/_merged/events/2017-18_events_stats.csv | pl_stats/_merged/events/2025-26_events_stats.csv,UNCATALOGUED
PL_PULSELIVE_HISTORICAL,team_match,team_match,halfTimeAgainst_h,2009-10;2017-18;2025-26,pl_stats/_merged/events/2009-10_events_stats.csv | pl_stats/_merged/events/2017-18_events_stats.csv | pl_stats/_merged/events/2025-26_events_stats.csv,UNCATALOGUED
PL_PULSELIVE_HISTORICAL,team_match,team_match,halfTimeFor,2025-26,pl_stats/A_Villa_7/events_stats/2025-26_events_stats.csv,UNCATALOGUED
PL_PULSELIVE_HISTORICAL,team_match,team_match,halfTimeFor_a,2009-10;2017-18;2025-26,pl_stats/_merged/events/2009-10_events_stats.csv | pl_stats/_merged/events/2017-18_events_stats.csv | pl_stats/_merged/events/2025-26_events_stats.csv,UNCATALOGUED
PL_PULSELIVE_HISTORICAL,team_match,team_match,halfTimeFor_h,2009-10;2017-18;2025-26,pl_stats/_merged/events/2009-10_events_stats.csv | pl_stats/_merged/events/2017-18_events_stats.csv | pl_stats/_merged/events/2025-26_events_stats.csv,UNCATALOGUED
PL_PULSELIVE_HISTORICAL,team_match,team_match,handBall,2025-26,pl_stats/A_Villa_7/events_stats/2025-26_events_stats.csv,UNCATALOGUED
PL_PULSELIVE_HISTORICAL,team_match,team_match,handBall_a,2009-10;2017-18;2025-26,pl_stats/_merged/events/2009-10_events_stats.csv | pl_stats/_merged/events/2017-18_events_stats.csv | pl_stats/_merged/events/2025-26_events_stats.csv,UNCATALOGUED
PL_PULSELIVE_HISTORICAL,team_match,team_match,handBall_h,2009-10;2017-18;2025-26,pl_stats/_merged/events/2009-10_events_stats.csv | pl_stats/_merged/events/2017-18_events_stats.csv | pl_stats/_merged/events/2025-26_events_stats.csv,UNCATALOGUED
PL_PULSELIVE_HISTORICAL,team_match,team_match,headClearance,2025-26,pl_stats/A_Villa_7/events_stats/2025-26_events_stats.csv,UNCATALOGUED
PL_PULSELIVE_HISTORICAL,team_match,team_match,headClearance_a,2009-10;2017-18;2025-26,pl_stats/_merged/events/2009-10_events_stats.csv | pl_stats/_merged/events/2017-18_events_stats.csv | pl_stats/_merged/events/2025-26_events_stats.csv,UNCATALOGUED
PL_PULSELIVE_HISTORICAL,team_match,team_match,headClearance_h,2009-10;2017-18;2025-26,pl_stats/_merged/events/2009-10_events_stats.csv | pl_stats/_merged/events/2017-18_events_stats.csv | pl_stats/_merged/events/2025-26_events_stats.csv,UNCATALOGUED
PL_PULSELIVE_HISTORICAL,team_match,team_match,hitWoodwork,2025-26,pl_stats/A_Villa_7/events_stats/2025-26_events_stats.csv,UNCATALOGUED
PL_PULSELIVE_HISTORICAL,team_match,team_match,hitWoodwork_a,2009-10;2017-18;2025-26,pl_stats/_merged/events/2009-10_events_stats.csv | pl_stats/_merged/events/2017-18_events_stats.csv | pl_stats/_merged/events/2025-26_events_stats.csv,UNCATALOGUED
PL_PULSELIVE_HISTORICAL,team_match,team_match,hitWoodwork_h,2009-10;2017-18;2025-26,pl_stats/_merged/events/2009-10_events_stats.csv | pl_stats/_merged/events/2017-18_events_stats.csv | pl_stats/_merged/events/2025-26_events_stats.csv,UNCATALOGUED
PL_PULSELIVE_HISTORICAL,team_match,team_match,home_team,2009-10;2017-18;2025-26,pl_stats/_merged/events/2009-10_events_stats.csv | pl_stats/_merged/events/2017-18_events_stats.csv | pl_stats/_merged/events/2025-26_events_stats.csv,UNCATALOGUED
PL_PULSELIVE_HISTORICAL,team_match,team_match,home_team_id,2009-10;2017-18;2025-26,pl_stats/_merged/events/2009-10_events_stats.csv | pl_stats/_merged/events/2017-18_events_stats.csv | pl_stats/_merged/events/2025-26_events_stats.csv,UNCATALOGUED
PL_PULSELIVE_HISTORICAL,team_match,team_match,interception,2025-26,pl_stats/A_Villa_7/events_stats/2025-26_events_stats.csv,UNCATALOGUED
PL_PULSELIVE_HISTORICAL,team_match,team_match,interceptionWon,2025-26,pl_stats/A_Villa_7/events_stats/2025-26_events_stats.csv,UNCATALOGUED
PL_PULSELIVE_HISTORICAL,team_match,team_match,interceptionWon_a,2009-10;2017-18;2025-26,pl_stats/_merged/events/2009-10_events_stats.csv | pl_stats/_merged/events/2017-18_events_stats.csv | pl_stats/_merged/events/2025-26_events_stats.csv,UNCATALOGUED
PL_PULSELIVE_HISTORICAL,team_match,team_match,interceptionWon_h,2009-10;2017-18;2025-26,pl_stats/_merged/events/2009-10_events_stats.csv | pl_stats/_merged/events/2017-18_events_stats.csv | pl_stats/_merged/events/2025-26_events_stats.csv,UNCATALOGUED
PL_PULSELIVE_HISTORICAL,team_match,team_match,interception_a,2009-10;2017-18;2025-26,pl_stats/_merged/events/2009-10_events_stats.csv | pl_stats/_merged/events/2017-18_events_stats.csv | pl_stats/_merged/events/2025-26_events_stats.csv,UNCATALOGUED
PL_PULSELIVE_HISTORICAL,team_match,team_match,interception_h,2009-10;2017-18;2025-26,pl_stats/_merged/events/2009-10_events_stats.csv | pl_stats/_merged/events/2017-18_events_stats.csv | pl_stats/_merged/events/2025-26_events_stats.csv,UNCATALOGUED
PL_PULSELIVE_HISTORICAL,team_match,team_match,interceptionsInBox,2025-26,pl_stats/A_Villa_7/events_stats/2025-26_events_stats.csv,UNCATALOGUED
PL_PULSELIVE_HISTORICAL,team_match,team_match,interceptionsInBox_a,2009-10;2017-18;2025-26,pl_stats/_merged/events/2009-10_events_stats.csv | pl_stats/_merged/events/2017-18_events_stats.csv | pl_stats/_merged/events/2025-26_events_stats.csv,UNCATALOGUED
PL_PULSELIVE_HISTORICAL,team_match,team_match,interceptionsInBox_h,2009-10;2017-18;2025-26,pl_stats/_merged/events/2009-10_events_stats.csv | pl_stats/_merged/events/2017-18_events_stats.csv | pl_stats/_merged/events/2025-26_events_stats.csv,UNCATALOGUED
PL_PULSELIVE_HISTORICAL,team_match,team_match,keeperGoals,2025-26,pl_stats/A_Villa_7/events_stats/2025-26_events_stats.csv,UNCATALOGUED
PL_PULSELIVE_HISTORICAL,team_match,team_match,keeperGoals_a,2009-10;2025-26,pl_stats/_merged/events/2009-10_events_stats.csv | pl_stats/_merged/events/2025-26_events_stats.csv,UNCATALOGUED
PL_PULSELIVE_HISTORICAL,team_match,team_match,keeperGoals_h,2009-10;2025-26,pl_stats/_merged/events/2009-10_events_stats.csv | pl_stats/_merged/events/2025-26_events_stats.csv,UNCATALOGUED
PL_PULSELIVE_HISTORICAL,team_match,team_match,keeperThrows,2025-26,pl_stats/A_Villa_7/events_stats/2025-26_events_stats.csv,UNCATALOGUED
PL_PULSELIVE_HISTORICAL,team_match,team_match,keeperThrows_a,2009-10;2017-18;2025-26,pl_stats/_merged/events/2009-10_events_stats.csv | pl_stats/_merged/events/2017-18_events_stats.csv | pl_stats/_merged/events/2025-26_events_stats.csv,UNCATALOGUED
PL_PULSELIVE_HISTORICAL,team_match,team_match,keeperThrows_h,2009-10;2017-18;2025-26,pl_stats/_merged/events/2009-10_events_stats.csv | pl_stats/_merged/events/2017-18_events_stats.csv | pl_stats/_merged/events/2025-26_events_stats.csv,UNCATALOGUED
PL_PULSELIVE_HISTORICAL,team_match,team_match,kickoff,2009-10;2017-18;2025-26,pl_stats/A_Villa_7/events_stats/2025-26_events_stats.csv | pl_stats/_merged/events/2009-10_events_stats.csv | pl_stats/_merged/events/2017-18_events_stats.csv | pl_stats/_merged/events/2025-26_events_stats.csv,UNCATALOGUED
PL_PULSELIVE_HISTORICAL,team_match,team_match,leftsidePass,2025-26,pl_stats/A_Villa_7/events_stats/2025-26_events_stats.csv,UNCATALOGUED
PL_PULSELIVE_HISTORICAL,team_match,team_match,leftsidePass_a,2009-10;2017-18;2025-26,pl_stats/_merged/events/2009-10_events_stats.csv | pl_stats/_merged/events/2017-18_events_stats.csv | pl_stats/_merged/events/2025-26_events_stats.csv,UNCATALOGUED
PL_PULSELIVE_HISTORICAL,team_match,team_match,leftsidePass_h,2009-10;2017-18;2025-26,pl_stats/_merged/events/2009-10_events_stats.csv | pl_stats/_merged/events/2017-18_events_stats.csv | pl_stats/_merged/events/2025-26_events_stats.csv,UNCATALOGUED
PL_PULSELIVE_HISTORICAL,team_match,team_match,longPassOwnToOpp,2025-26,pl_stats/A_Villa_7/events_stats/2025-26_events_stats.csv,UNCATALOGUED
PL_PULSELIVE_HISTORICAL,team_match,team_match,longPassOwnToOppSuccess,2025-26,pl_stats/A_Villa_7/events_stats/2025-26_events_stats.csv,UNCATALOGUED
PL_PULSELIVE_HISTORICAL,team_match,team_match,longPassOwnToOppSuccess_a,2009-10;2017-18;2025-26,pl_stats/_merged/events/2009-10_events_stats.csv | pl_stats/_merged/events/2017-18_events_stats.csv | pl_stats/_merged/events/2025-26_events_stats.csv,UNCATALOGUED
PL_PULSELIVE_HISTORICAL,team_match,team_match,longPassOwnToOppSuccess_h,2009-10;2017-18;2025-26,pl_stats/_merged/events/2009-10_events_stats.csv | pl_stats/_merged/events/2017-18_events_stats.csv | pl_stats/_merged/events/2025-26_events_stats.csv,UNCATALOGUED
PL_PULSELIVE_HISTORICAL,team_match,team_match,longPassOwnToOpp_a,2009-10;2017-18;2025-26,pl_stats/_merged/events/2009-10_events_stats.csv | pl_stats/_merged/events/2017-18_events_stats.csv | pl_stats/_merged/events/2025-26_events_stats.csv,UNCATALOGUED
PL_PULSELIVE_HISTORICAL,team_match,team_match,longPassOwnToOpp_h,2009-10;2017-18;2025-26,pl_stats/_merged/events/2009-10_events_stats.csv | pl_stats/_merged/events/2017-18_events_stats.csv | pl_stats/_merged/events/2025-26_events_stats.csv,UNCATALOGUED
PL_PULSELIVE_HISTORICAL,team_match,team_match,lostCorners,2025-26,pl_stats/A_Villa_7/events_stats/2025-26_events_stats.csv,UNCATALOGUED
PL_PULSELIVE_HISTORICAL,team_match,team_match,lostCorners_a,2009-10;2017-18;2025-26,pl_stats/_merged/events/2009-10_events_stats.csv | pl_stats/_merged/events/2017-18_events_stats.csv | pl_stats/_merged/events/2025-26_events_stats.csv,UNCATALOGUED
PL_PULSELIVE_HISTORICAL,team_match,team_match,lostCorners_h,2009-10;2017-18;2025-26,pl_stats/_merged/events/2009-10_events_stats.csv | pl_stats/_merged/events/2017-18_events_stats.csv | pl_stats/_merged/events/2025-26_events_stats.csv,UNCATALOGUED
PL_PULSELIVE_HISTORICAL,team_match,team_match,matchId,2009-10;2017-18;2025-26,pl_stats/A_Villa_7/events_stats/2025-26_events_stats.csv | pl_stats/_merged/events/2009-10_events_stats.csv | pl_stats/_merged/events/2017-18_events_stats.csv | pl_stats/_merged/events/2025-26_events_stats.csv,UNCATALOGUED
PL_PULSELIVE_HISTORICAL,team_match,team_match,midfielderGoals,2025-26,pl_stats/A_Villa_7/events_stats/2025-26_events_stats.csv,UNCATALOGUED
PL_PULSELIVE_HISTORICAL,team_match,team_match,midfielderGoals_a,2009-10;2017-18;2025-26,pl_stats/_merged/events/2009-10_events_stats.csv | pl_stats/_merged/events/2017-18_events_stats.csv | pl_stats/_merged/events/2025-26_events_stats.csv,UNCATALOGUED
PL_PULSELIVE_HISTORICAL,team_match,team_match,midfielderGoals_h,2009-10;2017-18;2025-26,pl_stats/_merged/events/2009-10_events_stats.csv | pl_stats/_merged/events/2017-18_events_stats.csv | pl_stats/_merged/events/2025-26_events_stats.csv,UNCATALOGUED
PL_PULSELIVE_HISTORICAL,team_match,team_match,offtargetAttAssist,2025-26,pl_stats/A_Villa_7/events_stats/2025-26_events_stats.csv,UNCATALOGUED
PL_PULSELIVE_HISTORICAL,team_match,team_match,offtargetAttAssist_a,2009-10;2017-18;2025-26,pl_stats/_merged/events/2009-10_events_stats.csv | pl_stats/_merged/events/2017-18_events_stats.csv | pl_stats/_merged/events/2025-26_events_stats.csv,UNCATALOGUED
PL_PULSELIVE_HISTORICAL,team_match,team_match,offtargetAttAssist_h,2009-10;2017-18;2025-26,pl_stats/_merged/events/2009-10_events_stats.csv | pl_stats/_merged/events/2017-18_events_stats.csv | pl_stats/_merged/events/2025-26_events_stats.csv,UNCATALOGUED
PL_PULSELIVE_HISTORICAL,team_match,team_match,ontargetAttAssist,2025-26,pl_stats/A_Villa_7/events_stats/2025-26_events_stats.csv,UNCATALOGUED
PL_PULSELIVE_HISTORICAL,team_match,team_match,ontargetAttAssist_a,2009-10;2017-18;2025-26,pl_stats/_merged/events/2009-10_events_stats.csv | pl_stats/_merged/events/2017-18_events_stats.csv | pl_stats/_merged/events/2025-26_events_stats.csv,UNCATALOGUED
PL_PULSELIVE_HISTORICAL,team_match,team_match,ontargetAttAssist_h,2009-10;2017-18;2025-26,pl_stats/_merged/events/2009-10_events_stats.csv | pl_stats/_merged/events/2017-18_events_stats.csv | pl_stats/_merged/events/2025-26_events_stats.csv,UNCATALOGUED
PL_PULSELIVE_HISTORICAL,team_match,team_match,ontargetScoringAtt,2025-26,pl_stats/A_Villa_7/events_stats/2025-26_events_stats.csv,UNCATALOGUED
PL_PULSELIVE_HISTORICAL,team_match,team_match,ontargetScoringAtt_a,2009-10;2017-18;2025-26,pl_stats/_merged/events/2009-10_events_stats.csv | pl_stats/_merged/events/2017-18_events_stats.csv | pl_stats/_merged/events/2025-26_events_stats.csv,UNCATALOGUED
PL_PULSELIVE_HISTORICAL,team_match,team_match,ontargetScoringAtt_h,2009-10;2017-18;2025-26,pl_stats/_merged/events/2009-10_events_stats.csv | pl_stats/_merged/events/2017-18_events_stats.csv | pl_stats/_merged/events/2025-26_events_stats.csv,UNCATALOGUED
PL_PULSELIVE_HISTORICAL,team_match,team_match,openPlayPass,2025-26,pl_stats/A_Villa_7/events_stats/2025-26_events_stats.csv,UNCATALOGUED
PL_PULSELIVE_HISTORICAL,team_match,team_match,openPlayPass_a,2009-10;2017-18;2025-26,pl_stats/_merged/events/2009-10_events_stats.csv | pl_stats/_merged/events/2017-18_events_stats.csv | pl_stats/_merged/events/2025-26_events_stats.csv,UNCATALOGUED
PL_PULSELIVE_HISTORICAL,team_match,team_match,openPlayPass_h,2009-10;2017-18;2025-26,pl_stats/_merged/events/2009-10_events_stats.csv | pl_stats/_merged/events/2017-18_events_stats.csv | pl_stats/_merged/events/2025-26_events_stats.csv,UNCATALOGUED
PL_PULSELIVE_HISTORICAL,team_match,team_match,opponent,2025-26,pl_stats/A_Villa_7/events_stats/2025-26_events_stats.csv,UNCATALOGUED
PL_PULSELIVE_HISTORICAL,team_match,team_match,opponent_a,2009-10;2017-18;2025-26,pl_stats/_merged/events/2009-10_events_stats.csv | pl_stats/_merged/events/2017-18_events_stats.csv | pl_stats/_merged/events/2025-26_events_stats.csv,UNCATALOGUED
PL_PULSELIVE_HISTORICAL,team_match,team_match,opponent_h,2009-10;2017-18;2025-26,pl_stats/_merged/events/2009-10_events_stats.csv | pl_stats/_merged/events/2017-18_events_stats.csv | pl_stats/_merged/events/2025-26_events_stats.csv,UNCATALOGUED
PL_PULSELIVE_HISTORICAL,team_match,team_match,opponent_id,2025-26,pl_stats/A_Villa_7/events_stats/2025-26_events_stats.csv,UNCATALOGUED
PL_PULSELIVE_HISTORICAL,team_match,team_match,opponent_id_a,2009-10;2017-18;2025-26,pl_stats/_merged/events/2009-10_events_stats.csv | pl_stats/_merged/events/2017-18_events_stats.csv | pl_stats/_merged/events/2025-26_events_stats.csv,UNCATALOGUED
PL_PULSELIVE_HISTORICAL,team_match,team_match,opponent_id_h,2009-10;2017-18;2025-26,pl_stats/_merged/events/2009-10_events_stats.csv | pl_stats/_merged/events/2017-18_events_stats.csv | pl_stats/_merged/events/2025-26_events_stats.csv,UNCATALOGUED
PL_PULSELIVE_HISTORICAL,team_match,team_match,outfielderBlock,2025-26,pl_stats/A_Villa_7/events_stats/2025-26_events_stats.csv,UNCATALOGUED
PL_PULSELIVE_HISTORICAL,team_match,team_match,outfielderBlock_a,2009-10;2017-18;2025-26,pl_stats/_merged/events/2009-10_events_stats.csv | pl_stats/_merged/events/2017-18_events_stats.csv | pl_stats/_merged/events/2025-26_events_stats.csv,UNCATALOGUED
PL_PULSELIVE_HISTORICAL,team_match,team_match,outfielderBlock_h,2009-10;2017-18;2025-26,pl_stats/_merged/events/2009-10_events_stats.csv | pl_stats/_merged/events/2017-18_events_stats.csv | pl_stats/_merged/events/2025-26_events_stats.csv,UNCATALOGUED
PL_PULSELIVE_HISTORICAL,team_match,team_match,overrun,2025-26,pl_stats/A_Villa_7/events_stats/2025-26_events_stats.csv,UNCATALOGUED
PL_PULSELIVE_HISTORICAL,team_match,team_match,overrun_a,2017-18;2025-26,pl_stats/_merged/events/2017-18_events_stats.csv | pl_stats/_merged/events/2025-26_events_stats.csv,UNCATALOGUED
PL_PULSELIVE_HISTORICAL,team_match,team_match,overrun_h,2017-18;2025-26,pl_stats/_merged/events/2017-18_events_stats.csv | pl_stats/_merged/events/2025-26_events_stats.csv,UNCATALOGUED
PL_PULSELIVE_HISTORICAL,team_match,team_match,ownGoals,2025-26,pl_stats/A_Villa_7/events_stats/2025-26_events_stats.csv,UNCATALOGUED
PL_PULSELIVE_HISTORICAL,team_match,team_match,ownGoals_a,2009-10;2017-18;2025-26,pl_stats/_merged/events/2009-10_events_stats.csv | pl_stats/_merged/events/2017-18_events_stats.csv | pl_stats/_merged/events/2025-26_events_stats.csv,UNCATALOGUED
PL_PULSELIVE_HISTORICAL,team_match,team_match,ownGoals_h,2009-10;2017-18;2025-26,pl_stats/_merged/events/2009-10_events_stats.csv | pl_stats/_merged/events/2017-18_events_stats.csv | pl_stats/_merged/events/2025-26_events_stats.csv,UNCATALOGUED
PL_PULSELIVE_HISTORICAL,team_match,team_match,passesLeft,2025-26,pl_stats/A_Villa_7/events_stats/2025-26_events_stats.csv,UNCATALOGUED
PL_PULSELIVE_HISTORICAL,team_match,team_match,passesLeft_a,2009-10;2017-18;2025-26,pl_stats/_merged/events/2009-10_events_stats.csv | pl_stats/_merged/events/2017-18_events_stats.csv | pl_stats/_merged/events/2025-26_events_stats.csv,UNCATALOGUED
PL_PULSELIVE_HISTORICAL,team_match,team_match,passesLeft_h,2009-10;2017-18;2025-26,pl_stats/_merged/events/2009-10_events_stats.csv | pl_stats/_merged/events/2017-18_events_stats.csv | pl_stats/_merged/events/2025-26_events_stats.csv,UNCATALOGUED
PL_PULSELIVE_HISTORICAL,team_match,team_match,passesRight,2025-26,pl_stats/A_Villa_7/events_stats/2025-26_events_stats.csv,UNCATALOGUED
PL_PULSELIVE_HISTORICAL,team_match,team_match,passesRight_a,2009-10;2017-18;2025-26,pl_stats/_merged/events/2009-10_events_stats.csv | pl_stats/_merged/events/2017-18_events_stats.csv | pl_stats/_merged/events/2025-26_events_stats.csv,UNCATALOGUED
PL_PULSELIVE_HISTORICAL,team_match,team_match,passesRight_h,2009-10;2017-18;2025-26,pl_stats/_merged/events/2009-10_events_stats.csv | pl_stats/_merged/events/2017-18_events_stats.csv | pl_stats/_merged/events/2025-26_events_stats.csv,UNCATALOGUED
PL_PULSELIVE_HISTORICAL,team_match,team_match,penAreaEntries,2025-26,pl_stats/A_Villa_7/events_stats/2025-26_events_stats.csv,UNCATALOGUED
PL_PULSELIVE_HISTORICAL,team_match,team_match,penAreaEntries_a,2009-10;2017-18;2025-26,pl_stats/_merged/events/2009-10_events_stats.csv | pl_stats/_merged/events/2017-18_events_stats.csv | pl_stats/_merged/events/2025-26_events_stats.csv,UNCATALOGUED
PL_PULSELIVE_HISTORICAL,team_match,team_match,penAreaEntries_h,2009-10;2017-18;2025-26,pl_stats/_merged/events/2009-10_events_stats.csv | pl_stats/_merged/events/2017-18_events_stats.csv | pl_stats/_merged/events/2025-26_events_stats.csv,UNCATALOGUED
PL_PULSELIVE_HISTORICAL,team_match,team_match,penGoalsConceded,2025-26,pl_stats/A_Villa_7/events_stats/2025-26_events_stats.csv,UNCATALOGUED
PL_PULSELIVE_HISTORICAL,team_match,team_match,penGoalsConceded_a,2009-10;2017-18;2025-26,pl_stats/_merged/events/2009-10_events_stats.csv | pl_stats/_merged/events/2017-18_events_stats.csv | pl_stats/_merged/events/2025-26_events_stats.csv,UNCATALOGUED
PL_PULSELIVE_HISTORICAL,team_match,team_match,penGoalsConceded_h,2009-10;2017-18;2025-26,pl_stats/_merged/events/2009-10_events_stats.csv | pl_stats/_merged/events/2017-18_events_stats.csv | pl_stats/_merged/events/2025-26_events_stats.csv,UNCATALOGUED
PL_PULSELIVE_HISTORICAL,team_match,team_match,penaltyConceded,2025-26,pl_stats/A_Villa_7/events_stats/2025-26_events_stats.csv,UNCATALOGUED
PL_PULSELIVE_HISTORICAL,team_match,team_match,penaltyConceded_a,2009-10;2017-18;2025-26,pl_stats/_merged/events/2009-10_events_stats.csv | pl_stats/_merged/events/2017-18_events_stats.csv | pl_stats/_merged/events/2025-26_events_stats.csv,UNCATALOGUED
PL_PULSELIVE_HISTORICAL,team_match,team_match,penaltyConceded_h,2009-10;2017-18;2025-26,pl_stats/_merged/events/2009-10_events_stats.csv | pl_stats/_merged/events/2017-18_events_stats.csv | pl_stats/_merged/events/2025-26_events_stats.csv,UNCATALOGUED
PL_PULSELIVE_HISTORICAL,team_match,team_match,penaltyFaced,2025-26,pl_stats/A_Villa_7/events_stats/2025-26_events_stats.csv,UNCATALOGUED
PL_PULSELIVE_HISTORICAL,team_match,team_match,penaltyFaced_a,2009-10;2017-18;2025-26,pl_stats/_merged/events/2009-10_events_stats.csv | pl_stats/_merged/events/2017-18_events_stats.csv | pl_stats/_merged/events/2025-26_events_stats.csv,UNCATALOGUED
PL_PULSELIVE_HISTORICAL,team_match,team_match,penaltyFaced_h,2009-10;2017-18;2025-26,pl_stats/_merged/events/2009-10_events_stats.csv | pl_stats/_merged/events/2017-18_events_stats.csv | pl_stats/_merged/events/2025-26_events_stats.csv,UNCATALOGUED
PL_PULSELIVE_HISTORICAL,team_match,team_match,penaltySave,2025-26,pl_stats/A_Villa_7/events_stats/2025-26_events_stats.csv,UNCATALOGUED
PL_PULSELIVE_HISTORICAL,team_match,team_match,penaltySave_a,2009-10;2017-18;2025-26,pl_stats/_merged/events/2009-10_events_stats.csv | pl_stats/_merged/events/2017-18_events_stats.csv | pl_stats/_merged/events/2025-26_events_stats.csv,UNCATALOGUED
PL_PULSELIVE_HISTORICAL,team_match,team_match,penaltySave_h,2009-10;2017-18;2025-26,pl_stats/_merged/events/2009-10_events_stats.csv | pl_stats/_merged/events/2017-18_events_stats.csv | pl_stats/_merged/events/2025-26_events_stats.csv,UNCATALOGUED
PL_PULSELIVE_HISTORICAL,team_match,team_match,penaltyWon,2025-26,pl_stats/A_Villa_7/events_stats/2025-26_events_stats.csv,UNCATALOGUED
PL_PULSELIVE_HISTORICAL,team_match,team_match,penaltyWon_a,2009-10;2017-18;2025-26,pl_stats/_merged/events/2009-10_events_stats.csv | pl_stats/_merged/events/2017-18_events_stats.csv | pl_stats/_merged/events/2025-26_events_stats.csv,UNCATALOGUED
PL_PULSELIVE_HISTORICAL,team_match,team_match,penaltyWon_h,2009-10;2017-18;2025-26,pl_stats/_merged/events/2009-10_events_stats.csv | pl_stats/_merged/events/2017-18_events_stats.csv | pl_stats/_merged/events/2025-26_events_stats.csv,UNCATALOGUED
PL_PULSELIVE_HISTORICAL,team_match,team_match,possLostAll,2025-26,pl_stats/A_Villa_7/events_stats/2025-26_events_stats.csv,UNCATALOGUED
PL_PULSELIVE_HISTORICAL,team_match,team_match,possLostAll_a,2009-10;2017-18;2025-26,pl_stats/_merged/events/2009-10_events_stats.csv | pl_stats/_merged/events/2017-18_events_stats.csv | pl_stats/_merged/events/2025-26_events_stats.csv,UNCATALOGUED
PL_PULSELIVE_HISTORICAL,team_match,team_match,possLostAll_h,2009-10;2017-18;2025-26,pl_stats/_merged/events/2009-10_events_stats.csv | pl_stats/_merged/events/2017-18_events_stats.csv | pl_stats/_merged/events/2025-26_events_stats.csv,UNCATALOGUED
PL_PULSELIVE_HISTORICAL,team_match,team_match,possLostCtrl,2025-26,pl_stats/A_Villa_7/events_stats/2025-26_events_stats.csv,UNCATALOGUED
PL_PULSELIVE_HISTORICAL,team_match,team_match,possLostCtrl_a,2009-10;2017-18;2025-26,pl_stats/_merged/events/2009-10_events_stats.csv | pl_stats/_merged/events/2017-18_events_stats.csv | pl_stats/_merged/events/2025-26_events_stats.csv,UNCATALOGUED
PL_PULSELIVE_HISTORICAL,team_match,team_match,possLostCtrl_h,2009-10;2017-18;2025-26,pl_stats/_merged/events/2009-10_events_stats.csv | pl_stats/_merged/events/2017-18_events_stats.csv | pl_stats/_merged/events/2025-26_events_stats.csv,UNCATALOGUED
PL_PULSELIVE_HISTORICAL,team_match,team_match,possWonAtt3rd,2025-26,pl_stats/A_Villa_7/events_stats/2025-26_events_stats.csv,UNCATALOGUED
PL_PULSELIVE_HISTORICAL,team_match,team_match,possWonAtt3rd_a,2009-10;2017-18;2025-26,pl_stats/_merged/events/2009-10_events_stats.csv | pl_stats/_merged/events/2017-18_events_stats.csv | pl_stats/_merged/events/2025-26_events_stats.csv,UNCATALOGUED
PL_PULSELIVE_HISTORICAL,team_match,team_match,possWonAtt3rd_h,2009-10;2017-18;2025-26,pl_stats/_merged/events/2009-10_events_stats.csv | pl_stats/_merged/events/2017-18_events_stats.csv | pl_stats/_merged/events/2025-26_events_stats.csv,UNCATALOGUED
PL_PULSELIVE_HISTORICAL,team_match,team_match,possWonDef3rd,2025-26,pl_stats/A_Villa_7/events_stats/2025-26_events_stats.csv,UNCATALOGUED
PL_PULSELIVE_HISTORICAL,team_match,team_match,possWonDef3rd_a,2009-10;2017-18;2025-26,pl_stats/_merged/events/2009-10_events_stats.csv | pl_stats/_merged/events/2017-18_events_stats.csv | pl_stats/_merged/events/2025-26_events_stats.csv,UNCATALOGUED
PL_PULSELIVE_HISTORICAL,team_match,team_match,possWonDef3rd_h,2009-10;2017-18;2025-26,pl_stats/_merged/events/2009-10_events_stats.csv | pl_stats/_merged/events/2017-18_events_stats.csv | pl_stats/_merged/events/2025-26_events_stats.csv,UNCATALOGUED
PL_PULSELIVE_HISTORICAL,team_match,team_match,possWonMid3rd,2025-26,pl_stats/A_Villa_7/events_stats/2025-26_events_stats.csv,UNCATALOGUED
PL_PULSELIVE_HISTORICAL,team_match,team_match,possWonMid3rd_a,2009-10;2017-18;2025-26,pl_stats/_merged/events/2009-10_events_stats.csv | pl_stats/_merged/events/2017-18_events_stats.csv | pl_stats/_merged/events/2025-26_events_stats.csv,UNCATALOGUED
PL_PULSELIVE_HISTORICAL,team_match,team_match,possWonMid3rd_h,2009-10;2017-18;2025-26,pl_stats/_merged/events/2009-10_events_stats.csv | pl_stats/_merged/events/2017-18_events_stats.csv | pl_stats/_merged/events/2025-26_events_stats.csv,UNCATALOGUED
PL_PULSELIVE_HISTORICAL,team_match,team_match,possessionPercentage,2025-26,pl_stats/A_Villa_7/events_stats/2025-26_events_stats.csv,UNCATALOGUED
PL_PULSELIVE_HISTORICAL,team_match,team_match,possessionPercentage_a,2009-10;2017-18;2025-26,pl_stats/_merged/events/2009-10_events_stats.csv | pl_stats/_merged/events/2017-18_events_stats.csv | pl_stats/_merged/events/2025-26_events_stats.csv,UNCATALOGUED
PL_PULSELIVE_HISTORICAL,team_match,team_match,possessionPercentage_h,2009-10;2017-18;2025-26,pl_stats/_merged/events/2009-10_events_stats.csv | pl_stats/_merged/events/2017-18_events_stats.csv | pl_stats/_merged/events/2025-26_events_stats.csv,UNCATALOGUED
PL_PULSELIVE_HISTORICAL,team_match,team_match,postScoringAtt,2025-26,pl_stats/A_Villa_7/events_stats/2025-26_events_stats.csv,UNCATALOGUED
PL_PULSELIVE_HISTORICAL,team_match,team_match,postScoringAtt_a,2009-10;2017-18;2025-26,pl_stats/_merged/events/2009-10_events_stats.csv | pl_stats/_merged/events/2017-18_events_stats.csv | pl_stats/_merged/events/2025-26_events_stats.csv,UNCATALOGUED
PL_PULSELIVE_HISTORICAL,team_match,team_match,postScoringAtt_h,2009-10;2017-18;2025-26,pl_stats/_merged/events/2009-10_events_stats.csv | pl_stats/_merged/events/2017-18_events_stats.csv | pl_stats/_merged/events/2025-26_events_stats.csv,UNCATALOGUED
PL_PULSELIVE_HISTORICAL,team_match,team_match,ptsDroppedWinningPos,2025-26,pl_stats/A_Villa_7/events_stats/2025-26_events_stats.csv,UNCATALOGUED
PL_PULSELIVE_HISTORICAL,team_match,team_match,ptsDroppedWinningPos_a,2009-10;2017-18;2025-26,pl_stats/_merged/events/2009-10_events_stats.csv | pl_stats/_merged/events/2017-18_events_stats.csv | pl_stats/_merged/events/2025-26_events_stats.csv,UNCATALOGUED
PL_PULSELIVE_HISTORICAL,team_match,team_match,ptsDroppedWinningPos_h,2009-10;2017-18;2025-26,pl_stats/_merged/events/2009-10_events_stats.csv | pl_stats/_merged/events/2017-18_events_stats.csv | pl_stats/_merged/events/2025-26_events_stats.csv,UNCATALOGUED
PL_PULSELIVE_HISTORICAL,team_match,team_match,ptsGainedLosingPos,2025-26,pl_stats/A_Villa_7/events_stats/2025-26_events_stats.csv,UNCATALOGUED
PL_PULSELIVE_HISTORICAL,team_match,team_match,ptsGainedLosingPos_a,2009-10;2017-18;2025-26,pl_stats/_merged/events/2009-10_events_stats.csv | pl_stats/_merged/events/2017-18_events_stats.csv | pl_stats/_merged/events/2025-26_events_stats.csv,UNCATALOGUED
PL_PULSELIVE_HISTORICAL,team_match,team_match,ptsGainedLosingPos_h,2009-10;2017-18;2025-26,pl_stats/_merged/events/2009-10_events_stats.csv | pl_stats/_merged/events/2017-18_events_stats.csv | pl_stats/_merged/events/2025-26_events_stats.csv,UNCATALOGUED
PL_PULSELIVE_HISTORICAL,team_match,team_match,punches,2025-26,pl_stats/A_Villa_7/events_stats/2025-26_events_stats.csv,UNCATALOGUED
PL_PULSELIVE_HISTORICAL,team_match,team_match,punches_a,2009-10;2017-18;2025-26,pl_stats/_merged/events/2009-10_events_stats.csv | pl_stats/_merged/events/2017-18_events_stats.csv | pl_stats/_merged/events/2025-26_events_stats.csv,UNCATALOGUED
PL_PULSELIVE_HISTORICAL,team_match,team_match,punches_h,2009-10;2017-18;2025-26,pl_stats/_merged/events/2009-10_events_stats.csv | pl_stats/_merged/events/2017-18_events_stats.csv | pl_stats/_merged/events/2025-26_events_stats.csv,UNCATALOGUED
PL_PULSELIVE_HISTORICAL,team_match,team_match,putThrough,2025-26,pl_stats/A_Villa_7/events_stats/2025-26_events_stats.csv,UNCATALOGUED
PL_PULSELIVE_HISTORICAL,team_match,team_match,putThrough_a,2017-18;2025-26,pl_stats/_merged/events/2017-18_events_stats.csv | pl_stats/_merged/events/2025-26_events_stats.csv,UNCATALOGUED
PL_PULSELIVE_HISTORICAL,team_match,team_match,putThrough_h,2017-18;2025-26,pl_stats/_merged/events/2017-18_events_stats.csv | pl_stats/_merged/events/2025-26_events_stats.csv,UNCATALOGUED
PL_PULSELIVE_HISTORICAL,team_match,team_match,redCard,2025-26,pl_stats/A_Villa_7/events_stats/2025-26_events_stats.csv,UNCATALOGUED
PL_PULSELIVE_HISTORICAL,team_match,team_match,redCard_a,2009-10;2017-18;2025-26,pl_stats/_merged/events/2009-10_events_stats.csv | pl_stats/_merged/events/2017-18_events_stats.csv | pl_stats/_merged/events/2025-26_events_stats.csv,UNCATALOGUED
PL_PULSELIVE_HISTORICAL,team_match,team_match,redCard_h,2009-10;2017-18;2025-26,pl_stats/_merged/events/2009-10_events_stats.csv | pl_stats/_merged/events/2017-18_events_stats.csv | pl_stats/_merged/events/2025-26_events_stats.csv,UNCATALOGUED
PL_PULSELIVE_HISTORICAL,team_match,team_match,redCardsAgainst,2025-26,pl_stats/A_Villa_7/events_stats/2025-26_events_stats.csv,UNCATALOGUED
PL_PULSELIVE_HISTORICAL,team_match,team_match,redCardsAgainst_a,2009-10;2017-18;2025-26,pl_stats/_merged/events/2009-10_events_stats.csv | pl_stats/_merged/events/2017-18_events_stats.csv | pl_stats/_merged/events/2025-26_events_stats.csv,UNCATALOGUED
PL_PULSELIVE_HISTORICAL,team_match,team_match,redCardsAgainst_h,2009-10;2017-18;2025-26,pl_stats/_merged/events/2009-10_events_stats.csv | pl_stats/_merged/events/2017-18_events_stats.csv | pl_stats/_merged/events/2025-26_events_stats.csv,UNCATALOGUED
PL_PULSELIVE_HISTORICAL,team_match,team_match,redCardsFor,2025-26,pl_stats/A_Villa_7/events_stats/2025-26_events_stats.csv,UNCATALOGUED
PL_PULSELIVE_HISTORICAL,team_match,team_match,redCardsFor_a,2009-10;2017-18;2025-26,pl_stats/_merged/events/2009-10_events_stats.csv | pl_stats/_merged/events/2017-18_events_stats.csv | pl_stats/_merged/events/2025-26_events_stats.csv,UNCATALOGUED
PL_PULSELIVE_HISTORICAL,team_match,team_match,redCardsFor_h,2009-10;2017-18;2025-26,pl_stats/_merged/events/2009-10_events_stats.csv | pl_stats/_merged/events/2017-18_events_stats.csv | pl_stats/_merged/events/2025-26_events_stats.csv,UNCATALOGUED
PL_PULSELIVE_HISTORICAL,team_match,team_match,result,2025-26,pl_stats/A_Villa_7/events_stats/2025-26_events_stats.csv,UNCATALOGUED
PL_PULSELIVE_HISTORICAL,team_match,team_match,result_a,2009-10;2017-18;2025-26,pl_stats/_merged/events/2009-10_events_stats.csv | pl_stats/_merged/events/2017-18_events_stats.csv | pl_stats/_merged/events/2025-26_events_stats.csv,UNCATALOGUED
PL_PULSELIVE_HISTORICAL,team_match,team_match,result_h,2009-10;2017-18;2025-26,pl_stats/_merged/events/2009-10_events_stats.csv | pl_stats/_merged/events/2017-18_events_stats.csv | pl_stats/_merged/events/2025-26_events_stats.csv,UNCATALOGUED
PL_PULSELIVE_HISTORICAL,team_match,team_match,rightsidePass,2025-26,pl_stats/A_Villa_7/events_stats/2025-26_events_stats.csv,UNCATALOGUED
PL_PULSELIVE_HISTORICAL,team_match,team_match,rightsidePass_a,2017-18;2025-26,pl_stats/_merged/events/2017-18_events_stats.csv | pl_stats/_merged/events/2025-26_events_stats.csv,UNCATALOGUED
PL_PULSELIVE_HISTORICAL,team_match,team_match,rightsidePass_h,2017-18;2025-26,pl_stats/_merged/events/2017-18_events_stats.csv | pl_stats/_merged/events/2025-26_events_stats.csv,UNCATALOGUED
PL_PULSELIVE_HISTORICAL,team_match,team_match,savedIbox,2025-26,pl_stats/A_Villa_7/events_stats/2025-26_events_stats.csv,UNCATALOGUED
PL_PULSELIVE_HISTORICAL,team_match,team_match,savedIbox_a,2009-10;2017-18;2025-26,pl_stats/_merged/events/2009-10_events_stats.csv | pl_stats/_merged/events/2017-18_events_stats.csv | pl_stats/_merged/events/2025-26_events_stats.csv,UNCATALOGUED
PL_PULSELIVE_HISTORICAL,team_match,team_match,savedIbox_h,2009-10;2017-18;2025-26,pl_stats/_merged/events/2009-10_events_stats.csv | pl_stats/_merged/events/2017-18_events_stats.csv | pl_stats/_merged/events/2025-26_events_stats.csv,UNCATALOGUED
PL_PULSELIVE_HISTORICAL,team_match,team_match,savedObox,2025-26,pl_stats/A_Villa_7/events_stats/2025-26_events_stats.csv,UNCATALOGUED
PL_PULSELIVE_HISTORICAL,team_match,team_match,savedObox_a,2009-10;2017-18;2025-26,pl_stats/_merged/events/2009-10_events_stats.csv | pl_stats/_merged/events/2017-18_events_stats.csv | pl_stats/_merged/events/2025-26_events_stats.csv,UNCATALOGUED
PL_PULSELIVE_HISTORICAL,team_match,team_match,savedObox_h,2009-10;2017-18;2025-26,pl_stats/_merged/events/2009-10_events_stats.csv | pl_stats/_merged/events/2017-18_events_stats.csv | pl_stats/_merged/events/2025-26_events_stats.csv,UNCATALOGUED
PL_PULSELIVE_HISTORICAL,team_match,team_match,saves,2025-26,pl_stats/A_Villa_7/events_stats/2025-26_events_stats.csv,UNCATALOGUED
PL_PULSELIVE_HISTORICAL,team_match,team_match,saves_a,2009-10;2017-18;2025-26,pl_stats/_merged/events/2009-10_events_stats.csv | pl_stats/_merged/events/2017-18_events_stats.csv | pl_stats/_merged/events/2025-26_events_stats.csv,UNCATALOGUED
PL_PULSELIVE_HISTORICAL,team_match,team_match,saves_h,2009-10;2017-18;2025-26,pl_stats/_merged/events/2009-10_events_stats.csv | pl_stats/_merged/events/2017-18_events_stats.csv | pl_stats/_merged/events/2025-26_events_stats.csv,UNCATALOGUED
PL_PULSELIVE_HISTORICAL,team_match,team_match,season,2009-10;2017-18;2025-26,pl_stats/_merged/events/2009-10_events_stats.csv | pl_stats/_merged/events/2017-18_events_stats.csv | pl_stats/_merged/events/2025-26_events_stats.csv,UNCATALOGUED
PL_PULSELIVE_HISTORICAL,team_match,team_match,secondYellow_a,2009-10;2017-18;2025-26,pl_stats/_merged/events/2009-10_events_stats.csv | pl_stats/_merged/events/2017-18_events_stats.csv | pl_stats/_merged/events/2025-26_events_stats.csv,UNCATALOGUED
PL_PULSELIVE_HISTORICAL,team_match,team_match,secondYellow_h,2009-10;2017-18;2025-26,pl_stats/_merged/events/2009-10_events_stats.csv | pl_stats/_merged/events/2017-18_events_stats.csv | pl_stats/_merged/events/2025-26_events_stats.csv,UNCATALOGUED
PL_PULSELIVE_HISTORICAL,team_match,team_match,shieldBallOop,2025-26,pl_stats/A_Villa_7/events_stats/2025-26_events_stats.csv,UNCATALOGUED
PL_PULSELIVE_HISTORICAL,team_match,team_match,shieldBallOop_a,2009-10;2017-18;2025-26,pl_stats/_merged/events/2009-10_events_stats.csv | pl_stats/_merged/events/2017-18_events_stats.csv | pl_stats/_merged/events/2025-26_events_stats.csv,UNCATALOGUED
PL_PULSELIVE_HISTORICAL,team_match,team_match,shieldBallOop_h,2009-10;2017-18;2025-26,pl_stats/_merged/events/2009-10_events_stats.csv | pl_stats/_merged/events/2017-18_events_stats.csv | pl_stats/_merged/events/2025-26_events_stats.csv,UNCATALOGUED
PL_PULSELIVE_HISTORICAL,team_match,team_match,shotFastbreak,2025-26,pl_stats/A_Villa_7/events_stats/2025-26_events_stats.csv,UNCATALOGUED
PL_PULSELIVE_HISTORICAL,team_match,team_match,shotFastbreak_a,2009-10;2017-18;2025-26,pl_stats/_merged/events/2009-10_events_stats.csv | pl_stats/_merged/events/2017-18_events_stats.csv | pl_stats/_merged/events/2025-26_events_stats.csv,UNCATALOGUED
PL_PULSELIVE_HISTORICAL,team_match,team_match,shotFastbreak_h,2009-10;2017-18;2025-26,pl_stats/_merged/events/2009-10_events_stats.csv | pl_stats/_merged/events/2017-18_events_stats.csv | pl_stats/_merged/events/2025-26_events_stats.csv,UNCATALOGUED
PL_PULSELIVE_HISTORICAL,team_match,team_match,shotOffTarget,2025-26,pl_stats/A_Villa_7/events_stats/2025-26_events_stats.csv,UNCATALOGUED
PL_PULSELIVE_HISTORICAL,team_match,team_match,shotOffTarget_a,2009-10;2017-18;2025-26,pl_stats/_merged/events/2009-10_events_stats.csv | pl_stats/_merged/events/2017-18_events_stats.csv | pl_stats/_merged/events/2025-26_events_stats.csv,UNCATALOGUED
PL_PULSELIVE_HISTORICAL,team_match,team_match,shotOffTarget_h,2009-10;2017-18;2025-26,pl_stats/_merged/events/2009-10_events_stats.csv | pl_stats/_merged/events/2017-18_events_stats.csv | pl_stats/_merged/events/2025-26_events_stats.csv,UNCATALOGUED
PL_PULSELIVE_HISTORICAL,team_match,team_match,sixYardBlock,2025-26,pl_stats/A_Villa_7/events_stats/2025-26_events_stats.csv,UNCATALOGUED
PL_PULSELIVE_HISTORICAL,team_match,team_match,sixYardBlock_a,2009-10;2017-18;2025-26,pl_stats/_merged/events/2009-10_events_stats.csv | pl_stats/_merged/events/2017-18_events_stats.csv | pl_stats/_merged/events/2025-26_events_stats.csv,UNCATALOGUED
PL_PULSELIVE_HISTORICAL,team_match,team_match,sixYardBlock_h,2009-10;2017-18;2025-26,pl_stats/_merged/events/2009-10_events_stats.csv | pl_stats/_merged/events/2017-18_events_stats.csv | pl_stats/_merged/events/2025-26_events_stats.csv,UNCATALOGUED
PL_PULSELIVE_HISTORICAL,team_match,team_match,subsGoals,2025-26,pl_stats/A_Villa_7/events_stats/2025-26_events_stats.csv,UNCATALOGUED
PL_PULSELIVE_HISTORICAL,team_match,team_match,subsGoals_a,2009-10;2025-26,pl_stats/_merged/events/2009-10_events_stats.csv | pl_stats/_merged/events/2025-26_events_stats.csv,UNCATALOGUED
PL_PULSELIVE_HISTORICAL,team_match,team_match,subsGoals_h,2009-10;2025-26,pl_stats/_merged/events/2009-10_events_stats.csv | pl_stats/_merged/events/2025-26_events_stats.csv,UNCATALOGUED
PL_PULSELIVE_HISTORICAL,team_match,team_match,subsMade,2025-26,pl_stats/A_Villa_7/events_stats/2025-26_events_stats.csv,UNCATALOGUED
PL_PULSELIVE_HISTORICAL,team_match,team_match,subsMade_a,2009-10;2017-18;2025-26,pl_stats/_merged/events/2009-10_events_stats.csv | pl_stats/_merged/events/2017-18_events_stats.csv | pl_stats/_merged/events/2025-26_events_stats.csv,UNCATALOGUED
PL_PULSELIVE_HISTORICAL,team_match,team_match,subsMade_h,2009-10;2017-18;2025-26,pl_stats/_merged/events/2009-10_events_stats.csv | pl_stats/_merged/events/2017-18_events_stats.csv | pl_stats/_merged/events/2025-26_events_stats.csv,UNCATALOGUED
PL_PULSELIVE_HISTORICAL,team_match,team_match,successfulFinalThirdPasses,2025-26,pl_stats/A_Villa_7/events_stats/2025-26_events_stats.csv,UNCATALOGUED
PL_PULSELIVE_HISTORICAL,team_match,team_match,successfulFinalThirdPasses_a,2009-10;2017-18;2025-26,pl_stats/_merged/events/2009-10_events_stats.csv | pl_stats/_merged/events/2017-18_events_stats.csv | pl_stats/_merged/events/2025-26_events_stats.csv,UNCATALOGUED
PL_PULSELIVE_HISTORICAL,team_match,team_match,successfulFinalThirdPasses_h,2009-10;2017-18;2025-26,pl_stats/_merged/events/2009-10_events_stats.csv | pl_stats/_merged/events/2017-18_events_stats.csv | pl_stats/_merged/events/2025-26_events_stats.csv,UNCATALOGUED
PL_PULSELIVE_HISTORICAL,team_match,team_match,successfulOpenPlayPass,2025-26,pl_stats/A_Villa_7/events_stats/2025-26_events_stats.csv,UNCATALOGUED
PL_PULSELIVE_HISTORICAL,team_match,team_match,successfulOpenPlayPass_a,2009-10;2017-18;2025-26,pl_stats/_merged/events/2009-10_events_stats.csv | pl_stats/_merged/events/2017-18_events_stats.csv | pl_stats/_merged/events/2025-26_events_stats.csv,UNCATALOGUED
PL_PULSELIVE_HISTORICAL,team_match,team_match,successfulOpenPlayPass_h,2009-10;2017-18;2025-26,pl_stats/_merged/events/2009-10_events_stats.csv | pl_stats/_merged/events/2017-18_events_stats.csv | pl_stats/_merged/events/2025-26_events_stats.csv,UNCATALOGUED
PL_PULSELIVE_HISTORICAL,team_match,team_match,successfulPutThrough,2025-26,pl_stats/A_Villa_7/events_stats/2025-26_events_stats.csv,UNCATALOGUED
PL_PULSELIVE_HISTORICAL,team_match,team_match,successfulPutThrough_a,2017-18;2025-26,pl_stats/_merged/events/2017-18_events_stats.csv | pl_stats/_merged/events/2025-26_events_stats.csv,UNCATALOGUED
PL_PULSELIVE_HISTORICAL,team_match,team_match,successfulPutThrough_h,2017-18;2025-26,pl_stats/_merged/events/2017-18_events_stats.csv | pl_stats/_merged/events/2025-26_events_stats.csv,UNCATALOGUED
PL_PULSELIVE_HISTORICAL,team_match,team_match,team,2025-26,pl_stats/A_Villa_7/events_stats/2025-26_events_stats.csv,UNCATALOGUED
PL_PULSELIVE_HISTORICAL,team_match,team_match,team_id,2025-26,pl_stats/A_Villa_7/events_stats/2025-26_events_stats.csv,UNCATALOGUED
PL_PULSELIVE_HISTORICAL,team_match,team_match,totalAttAssist,2025-26,pl_stats/A_Villa_7/events_stats/2025-26_events_stats.csv,UNCATALOGUED
PL_PULSELIVE_HISTORICAL,team_match,team_match,totalAttAssist_a,2009-10;2017-18;2025-26,pl_stats/_merged/events/2009-10_events_stats.csv | pl_stats/_merged/events/2017-18_events_stats.csv | pl_stats/_merged/events/2025-26_events_stats.csv,UNCATALOGUED
PL_PULSELIVE_HISTORICAL,team_match,team_match,totalAttAssist_h,2009-10;2017-18;2025-26,pl_stats/_merged/events/2009-10_events_stats.csv | pl_stats/_merged/events/2017-18_events_stats.csv | pl_stats/_merged/events/2025-26_events_stats.csv,UNCATALOGUED
PL_PULSELIVE_HISTORICAL,team_match,team_match,totalBackZonePass,2025-26,pl_stats/A_Villa_7/events_stats/2025-26_events_stats.csv,UNCATALOGUED
PL_PULSELIVE_HISTORICAL,team_match,team_match,totalBackZonePass_a,2009-10;2017-18;2025-26,pl_stats/_merged/events/2009-10_events_stats.csv | pl_stats/_merged/events/2017-18_events_stats.csv | pl_stats/_merged/events/2025-26_events_stats.csv,UNCATALOGUED
PL_PULSELIVE_HISTORICAL,team_match,team_match,totalBackZonePass_h,2009-10;2017-18;2025-26,pl_stats/_merged/events/2009-10_events_stats.csv | pl_stats/_merged/events/2017-18_events_stats.csv | pl_stats/_merged/events/2025-26_events_stats.csv,UNCATALOGUED
PL_PULSELIVE_HISTORICAL,team_match,team_match,totalChippedPass,2025-26,pl_stats/A_Villa_7/events_stats/2025-26_events_stats.csv,UNCATALOGUED
PL_PULSELIVE_HISTORICAL,team_match,team_match,totalChippedPass_a,2009-10;2017-18;2025-26,pl_stats/_merged/events/2009-10_events_stats.csv | pl_stats/_merged/events/2017-18_events_stats.csv | pl_stats/_merged/events/2025-26_events_stats.csv,UNCATALOGUED
PL_PULSELIVE_HISTORICAL,team_match,team_match,totalChippedPass_h,2009-10;2017-18;2025-26,pl_stats/_merged/events/2009-10_events_stats.csv | pl_stats/_merged/events/2017-18_events_stats.csv | pl_stats/_merged/events/2025-26_events_stats.csv,UNCATALOGUED
PL_PULSELIVE_HISTORICAL,team_match,team_match,totalClearance,2025-26,pl_stats/A_Villa_7/events_stats/2025-26_events_stats.csv,UNCATALOGUED
PL_PULSELIVE_HISTORICAL,team_match,team_match,totalClearance_a,2009-10;2017-18;2025-26,pl_stats/_merged/events/2009-10_events_stats.csv | pl_stats/_merged/events/2017-18_events_stats.csv | pl_stats/_merged/events/2025-26_events_stats.csv,UNCATALOGUED
PL_PULSELIVE_HISTORICAL,team_match,team_match,totalClearance_h,2009-10;2017-18;2025-26,pl_stats/_merged/events/2009-10_events_stats.csv | pl_stats/_merged/events/2017-18_events_stats.csv | pl_stats/_merged/events/2025-26_events_stats.csv,UNCATALOGUED
PL_PULSELIVE_HISTORICAL,team_match,team_match,totalContest,2025-26,pl_stats/A_Villa_7/events_stats/2025-26_events_stats.csv,UNCATALOGUED
PL_PULSELIVE_HISTORICAL,team_match,team_match,totalContest_a,2009-10;2017-18;2025-26,pl_stats/_merged/events/2009-10_events_stats.csv | pl_stats/_merged/events/2017-18_events_stats.csv | pl_stats/_merged/events/2025-26_events_stats.csv,UNCATALOGUED
PL_PULSELIVE_HISTORICAL,team_match,team_match,totalContest_h,2009-10;2017-18;2025-26,pl_stats/_merged/events/2009-10_events_stats.csv | pl_stats/_merged/events/2017-18_events_stats.csv | pl_stats/_merged/events/2025-26_events_stats.csv,UNCATALOGUED
PL_PULSELIVE_HISTORICAL,team_match,team_match,totalCornersIntobox,2025-26,pl_stats/A_Villa_7/events_stats/2025-26_events_stats.csv,UNCATALOGUED
PL_PULSELIVE_HISTORICAL,team_match,team_match,totalCornersIntobox_a,2009-10;2017-18;2025-26,pl_stats/_merged/events/2009-10_events_stats.csv | pl_stats/_merged/events/2017-18_events_stats.csv | pl_stats/_merged/events/2025-26_events_stats.csv,UNCATALOGUED
PL_PULSELIVE_HISTORICAL,team_match,team_match,totalCornersIntobox_h,2009-10;2017-18;2025-26,pl_stats/_merged/events/2009-10_events_stats.csv | pl_stats/_merged/events/2017-18_events_stats.csv | pl_stats/_merged/events/2025-26_events_stats.csv,UNCATALOGUED
PL_PULSELIVE_HISTORICAL,team_match,team_match,totalCross,2025-26,pl_stats/A_Villa_7/events_stats/2025-26_events_stats.csv,UNCATALOGUED
PL_PULSELIVE_HISTORICAL,team_match,team_match,totalCrossNocorner,2025-26,pl_stats/A_Villa_7/events_stats/2025-26_events_stats.csv,UNCATALOGUED
PL_PULSELIVE_HISTORICAL,team_match,team_match,totalCrossNocorner_a,2009-10;2017-18;2025-26,pl_stats/_merged/events/2009-10_events_stats.csv | pl_stats/_merged/events/2017-18_events_stats.csv | pl_stats/_merged/events/2025-26_events_stats.csv,UNCATALOGUED
PL_PULSELIVE_HISTORICAL,team_match,team_match,totalCrossNocorner_h,2009-10;2017-18;2025-26,pl_stats/_merged/events/2009-10_events_stats.csv | pl_stats/_merged/events/2017-18_events_stats.csv | pl_stats/_merged/events/2025-26_events_stats.csv,UNCATALOGUED
PL_PULSELIVE_HISTORICAL,team_match,team_match,totalCross_a,2009-10;2017-18;2025-26,pl_stats/_merged/events/2009-10_events_stats.csv | pl_stats/_merged/events/2017-18_events_stats.csv | pl_stats/_merged/events/2025-26_events_stats.csv,UNCATALOGUED
PL_PULSELIVE_HISTORICAL,team_match,team_match,totalCross_h,2009-10;2017-18;2025-26,pl_stats/_merged/events/2009-10_events_stats.csv | pl_stats/_merged/events/2017-18_events_stats.csv | pl_stats/_merged/events/2025-26_events_stats.csv,UNCATALOGUED
PL_PULSELIVE_HISTORICAL,team_match,team_match,totalDistance,2025-26,pl_stats/A_Villa_7/events_stats/2025-26_events_stats.csv,UNCATALOGUED
PL_PULSELIVE_HISTORICAL,team_match,team_match,totalDistance_a,2025-26,pl_stats/_merged/events/2025-26_events_stats.csv,UNCATALOGUED
PL_PULSELIVE_HISTORICAL,team_match,team_match,totalDistance_h,2025-26,pl_stats/_merged/events/2025-26_events_stats.csv,UNCATALOGUED
PL_PULSELIVE_HISTORICAL,team_match,team_match,totalFastbreak,2025-26,pl_stats/A_Villa_7/events_stats/2025-26_events_stats.csv,UNCATALOGUED
PL_PULSELIVE_HISTORICAL,team_match,team_match,totalFastbreak_a,2009-10;2017-18;2025-26,pl_stats/_merged/events/2009-10_events_stats.csv | pl_stats/_merged/events/2017-18_events_stats.csv | pl_stats/_merged/events/2025-26_events_stats.csv,UNCATALOGUED
PL_PULSELIVE_HISTORICAL,team_match,team_match,totalFastbreak_h,2009-10;2017-18;2025-26,pl_stats/_merged/events/2009-10_events_stats.csv | pl_stats/_merged/events/2017-18_events_stats.csv | pl_stats/_merged/events/2025-26_events_stats.csv,UNCATALOGUED
PL_PULSELIVE_HISTORICAL,team_match,team_match,totalFinalThirdPasses,2025-26,pl_stats/A_Villa_7/events_stats/2025-26_events_stats.csv,UNCATALOGUED
PL_PULSELIVE_HISTORICAL,team_match,team_match,totalFinalThirdPasses_a,2009-10;2017-18;2025-26,pl_stats/_merged/events/2009-10_events_stats.csv | pl_stats/_merged/events/2017-18_events_stats.csv | pl_stats/_merged/events/2025-26_events_stats.csv,UNCATALOGUED
PL_PULSELIVE_HISTORICAL,team_match,team_match,totalFinalThirdPasses_h,2009-10;2017-18;2025-26,pl_stats/_merged/events/2009-10_events_stats.csv | pl_stats/_merged/events/2017-18_events_stats.csv | pl_stats/_merged/events/2025-26_events_stats.csv,UNCATALOGUED
PL_PULSELIVE_HISTORICAL,team_match,team_match,totalFlickOn,2025-26,pl_stats/A_Villa_7/events_stats/2025-26_events_stats.csv,UNCATALOGUED
PL_PULSELIVE_HISTORICAL,team_match,team_match,totalFlickOn_a,2009-10;2017-18;2025-26,pl_stats/_merged/events/2009-10_events_stats.csv | pl_stats/_merged/events/2017-18_events_stats.csv | pl_stats/_merged/events/2025-26_events_stats.csv,UNCATALOGUED
PL_PULSELIVE_HISTORICAL,team_match,team_match,totalFlickOn_h,2009-10;2017-18;2025-26,pl_stats/_merged/events/2009-10_events_stats.csv | pl_stats/_merged/events/2017-18_events_stats.csv | pl_stats/_merged/events/2025-26_events_stats.csv,UNCATALOGUED
PL_PULSELIVE_HISTORICAL,team_match,team_match,totalFwdZonePass,2025-26,pl_stats/A_Villa_7/events_stats/2025-26_events_stats.csv,UNCATALOGUED
PL_PULSELIVE_HISTORICAL,team_match,team_match,totalFwdZonePass_a,2009-10;2017-18;2025-26,pl_stats/_merged/events/2009-10_events_stats.csv | pl_stats/_merged/events/2017-18_events_stats.csv | pl_stats/_merged/events/2025-26_events_stats.csv,UNCATALOGUED
PL_PULSELIVE_HISTORICAL,team_match,team_match,totalFwdZonePass_h,2009-10;2017-18;2025-26,pl_stats/_merged/events/2009-10_events_stats.csv | pl_stats/_merged/events/2017-18_events_stats.csv | pl_stats/_merged/events/2025-26_events_stats.csv,UNCATALOGUED
PL_PULSELIVE_HISTORICAL,team_match,team_match,totalHighClaim,2025-26,pl_stats/A_Villa_7/events_stats/2025-26_events_stats.csv,UNCATALOGUED
PL_PULSELIVE_HISTORICAL,team_match,team_match,totalHighClaim_a,2009-10;2017-18;2025-26,pl_stats/_merged/events/2009-10_events_stats.csv | pl_stats/_merged/events/2017-18_events_stats.csv | pl_stats/_merged/events/2025-26_events_stats.csv,UNCATALOGUED
PL_PULSELIVE_HISTORICAL,team_match,team_match,totalHighClaim_h,2009-10;2017-18;2025-26,pl_stats/_merged/events/2009-10_events_stats.csv | pl_stats/_merged/events/2017-18_events_stats.csv | pl_stats/_merged/events/2025-26_events_stats.csv,UNCATALOGUED
PL_PULSELIVE_HISTORICAL,team_match,team_match,totalKeeperSweeper,2025-26,pl_stats/A_Villa_7/events_stats/2025-26_events_stats.csv,UNCATALOGUED
PL_PULSELIVE_HISTORICAL,team_match,team_match,totalKeeperSweeper_a,2009-10;2017-18;2025-26,pl_stats/_merged/events/2009-10_events_stats.csv | pl_stats/_merged/events/2017-18_events_stats.csv | pl_stats/_merged/events/2025-26_events_stats.csv,UNCATALOGUED
PL_PULSELIVE_HISTORICAL,team_match,team_match,totalKeeperSweeper_h,2009-10;2017-18;2025-26,pl_stats/_merged/events/2009-10_events_stats.csv | pl_stats/_merged/events/2017-18_events_stats.csv | pl_stats/_merged/events/2025-26_events_stats.csv,UNCATALOGUED
PL_PULSELIVE_HISTORICAL,team_match,team_match,totalLaunches,2025-26,pl_stats/A_Villa_7/events_stats/2025-26_events_stats.csv,UNCATALOGUED
PL_PULSELIVE_HISTORICAL,team_match,team_match,totalLaunches_a,2009-10;2017-18;2025-26,pl_stats/_merged/events/2009-10_events_stats.csv | pl_stats/_merged/events/2017-18_events_stats.csv | pl_stats/_merged/events/2025-26_events_stats.csv,UNCATALOGUED
PL_PULSELIVE_HISTORICAL,team_match,team_match,totalLaunches_h,2009-10;2017-18;2025-26,pl_stats/_merged/events/2009-10_events_stats.csv | pl_stats/_merged/events/2017-18_events_stats.csv | pl_stats/_merged/events/2025-26_events_stats.csv,UNCATALOGUED
PL_PULSELIVE_HISTORICAL,team_match,team_match,totalLayoffs,2025-26,pl_stats/A_Villa_7/events_stats/2025-26_events_stats.csv,UNCATALOGUED
PL_PULSELIVE_HISTORICAL,team_match,team_match,totalLayoffs_a,2009-10;2017-18;2025-26,pl_stats/_merged/events/2009-10_events_stats.csv | pl_stats/_merged/events/2017-18_events_stats.csv | pl_stats/_merged/events/2025-26_events_stats.csv,UNCATALOGUED
PL_PULSELIVE_HISTORICAL,team_match,team_match,totalLayoffs_h,2009-10;2017-18;2025-26,pl_stats/_merged/events/2009-10_events_stats.csv | pl_stats/_merged/events/2017-18_events_stats.csv | pl_stats/_merged/events/2025-26_events_stats.csv,UNCATALOGUED
PL_PULSELIVE_HISTORICAL,team_match,team_match,totalLongBalls,2025-26,pl_stats/A_Villa_7/events_stats/2025-26_events_stats.csv,UNCATALOGUED
PL_PULSELIVE_HISTORICAL,team_match,team_match,totalLongBalls_a,2009-10;2017-18;2025-26,pl_stats/_merged/events/2009-10_events_stats.csv | pl_stats/_merged/events/2017-18_events_stats.csv | pl_stats/_merged/events/2025-26_events_stats.csv,UNCATALOGUED
PL_PULSELIVE_HISTORICAL,team_match,team_match,totalLongBalls_h,2009-10;2017-18;2025-26,pl_stats/_merged/events/2009-10_events_stats.csv | pl_stats/_merged/events/2017-18_events_stats.csv | pl_stats/_merged/events/2025-26_events_stats.csv,UNCATALOGUED
PL_PULSELIVE_HISTORICAL,team_match,team_match,totalOffside,2025-26,pl_stats/A_Villa_7/events_stats/2025-26_events_stats.csv,UNCATALOGUED
PL_PULSELIVE_HISTORICAL,team_match,team_match,totalOffside_a,2009-10;2017-18;2025-26,pl_stats/_merged/events/2009-10_events_stats.csv | pl_stats/_merged/events/2017-18_events_stats.csv | pl_stats/_merged/events/2025-26_events_stats.csv,UNCATALOGUED
PL_PULSELIVE_HISTORICAL,team_match,team_match,totalOffside_h,2009-10;2017-18;2025-26,pl_stats/_merged/events/2009-10_events_stats.csv | pl_stats/_merged/events/2017-18_events_stats.csv | pl_stats/_merged/events/2025-26_events_stats.csv,UNCATALOGUED
PL_PULSELIVE_HISTORICAL,team_match,team_match,totalPass,2025-26,pl_stats/A_Villa_7/events_stats/2025-26_events_stats.csv,UNCATALOGUED
PL_PULSELIVE_HISTORICAL,team_match,team_match,totalPass_a,2009-10;2017-18;2025-26,pl_stats/_merged/events/2009-10_events_stats.csv | pl_stats/_merged/events/2017-18_events_stats.csv | pl_stats/_merged/events/2025-26_events_stats.csv,UNCATALOGUED
PL_PULSELIVE_HISTORICAL,team_match,team_match,totalPass_h,2009-10;2017-18;2025-26,pl_stats/_merged/events/2009-10_events_stats.csv | pl_stats/_merged/events/2017-18_events_stats.csv | pl_stats/_merged/events/2025-26_events_stats.csv,UNCATALOGUED
PL_PULSELIVE_HISTORICAL,team_match,team_match,totalPullBack,2025-26,pl_stats/A_Villa_7/events_stats/2025-26_events_stats.csv,UNCATALOGUED
PL_PULSELIVE_HISTORICAL,team_match,team_match,totalPullBack_a,2009-10;2017-18;2025-26,pl_stats/_merged/events/2009-10_events_stats.csv | pl_stats/_merged/events/2017-18_events_stats.csv | pl_stats/_merged/events/2025-26_events_stats.csv,UNCATALOGUED
PL_PULSELIVE_HISTORICAL,team_match,team_match,totalPullBack_h,2009-10;2017-18;2025-26,pl_stats/_merged/events/2009-10_events_stats.csv | pl_stats/_merged/events/2017-18_events_stats.csv | pl_stats/_merged/events/2025-26_events_stats.csv,UNCATALOGUED
PL_PULSELIVE_HISTORICAL,team_match,team_match,totalRedCard,2025-26,pl_stats/A_Villa_7/events_stats/2025-26_events_stats.csv,UNCATALOGUED
PL_PULSELIVE_HISTORICAL,team_match,team_match,totalRedCard_a,2009-10;2017-18;2025-26,pl_stats/_merged/events/2009-10_events_stats.csv | pl_stats/_merged/events/2017-18_events_stats.csv | pl_stats/_merged/events/2025-26_events_stats.csv,UNCATALOGUED
PL_PULSELIVE_HISTORICAL,team_match,team_match,totalRedCard_h,2009-10;2017-18;2025-26,pl_stats/_merged/events/2009-10_events_stats.csv | pl_stats/_merged/events/2017-18_events_stats.csv | pl_stats/_merged/events/2025-26_events_stats.csv,UNCATALOGUED
PL_PULSELIVE_HISTORICAL,team_match,team_match,totalScoringAtt,2025-26,pl_stats/A_Villa_7/events_stats/2025-26_events_stats.csv,UNCATALOGUED
PL_PULSELIVE_HISTORICAL,team_match,team_match,totalScoringAtt_a,2009-10;2017-18;2025-26,pl_stats/_merged/events/2009-10_events_stats.csv | pl_stats/_merged/events/2017-18_events_stats.csv | pl_stats/_merged/events/2025-26_events_stats.csv,UNCATALOGUED
PL_PULSELIVE_HISTORICAL,team_match,team_match,totalScoringAtt_h,2009-10;2017-18;2025-26,pl_stats/_merged/events/2009-10_events_stats.csv | pl_stats/_merged/events/2017-18_events_stats.csv | pl_stats/_merged/events/2025-26_events_stats.csv,UNCATALOGUED
PL_PULSELIVE_HISTORICAL,team_match,team_match,totalTackle,2025-26,pl_stats/A_Villa_7/events_stats/2025-26_events_stats.csv,UNCATALOGUED
PL_PULSELIVE_HISTORICAL,team_match,team_match,totalTackle_a,2009-10;2017-18;2025-26,pl_stats/_merged/events/2009-10_events_stats.csv | pl_stats/_merged/events/2017-18_events_stats.csv | pl_stats/_merged/events/2025-26_events_stats.csv,UNCATALOGUED
PL_PULSELIVE_HISTORICAL,team_match,team_match,totalTackle_h,2009-10;2017-18;2025-26,pl_stats/_merged/events/2009-10_events_stats.csv | pl_stats/_merged/events/2017-18_events_stats.csv | pl_stats/_merged/events/2025-26_events_stats.csv,UNCATALOGUED
PL_PULSELIVE_HISTORICAL,team_match,team_match,totalThroughBall,2025-26,pl_stats/A_Villa_7/events_stats/2025-26_events_stats.csv,UNCATALOGUED
PL_PULSELIVE_HISTORICAL,team_match,team_match,totalThroughBall_a,2009-10;2017-18;2025-26,pl_stats/_merged/events/2009-10_events_stats.csv | pl_stats/_merged/events/2017-18_events_stats.csv | pl_stats/_merged/events/2025-26_events_stats.csv,UNCATALOGUED
PL_PULSELIVE_HISTORICAL,team_match,team_match,totalThroughBall_h,2009-10;2017-18;2025-26,pl_stats/_merged/events/2009-10_events_stats.csv | pl_stats/_merged/events/2017-18_events_stats.csv | pl_stats/_merged/events/2025-26_events_stats.csv,UNCATALOGUED
PL_PULSELIVE_HISTORICAL,team_match,team_match,totalThrows,2025-26,pl_stats/A_Villa_7/events_stats/2025-26_events_stats.csv,UNCATALOGUED
PL_PULSELIVE_HISTORICAL,team_match,team_match,totalThrows_a,2009-10;2017-18;2025-26,pl_stats/_merged/events/2009-10_events_stats.csv | pl_stats/_merged/events/2017-18_events_stats.csv | pl_stats/_merged/events/2025-26_events_stats.csv,UNCATALOGUED
PL_PULSELIVE_HISTORICAL,team_match,team_match,totalThrows_h,2009-10;2017-18;2025-26,pl_stats/_merged/events/2009-10_events_stats.csv | pl_stats/_merged/events/2017-18_events_stats.csv | pl_stats/_merged/events/2025-26_events_stats.csv,UNCATALOGUED
PL_PULSELIVE_HISTORICAL,team_match,team_match,totalYelCard,2025-26,pl_stats/A_Villa_7/events_stats/2025-26_events_stats.csv,UNCATALOGUED
PL_PULSELIVE_HISTORICAL,team_match,team_match,totalYelCard_a,2009-10;2017-18;2025-26,pl_stats/_merged/events/2009-10_events_stats.csv | pl_stats/_merged/events/2017-18_events_stats.csv | pl_stats/_merged/events/2025-26_events_stats.csv,UNCATALOGUED
PL_PULSELIVE_HISTORICAL,team_match,team_match,totalYelCard_h,2009-10;2017-18;2025-26,pl_stats/_merged/events/2009-10_events_stats.csv | pl_stats/_merged/events/2017-18_events_stats.csv | pl_stats/_merged/events/2025-26_events_stats.csv,UNCATALOGUED
PL_PULSELIVE_HISTORICAL,team_match,team_match,touches,2025-26,pl_stats/A_Villa_7/events_stats/2025-26_events_stats.csv,UNCATALOGUED
PL_PULSELIVE_HISTORICAL,team_match,team_match,touchesInOppBox,2025-26,pl_stats/A_Villa_7/events_stats/2025-26_events_stats.csv,UNCATALOGUED
PL_PULSELIVE_HISTORICAL,team_match,team_match,touchesInOppBox_a,2009-10;2017-18;2025-26,pl_stats/_merged/events/2009-10_events_stats.csv | pl_stats/_merged/events/2017-18_events_stats.csv | pl_stats/_merged/events/2025-26_events_stats.csv,UNCATALOGUED
PL_PULSELIVE_HISTORICAL,team_match,team_match,touchesInOppBox_h,2009-10;2017-18;2025-26,pl_stats/_merged/events/2009-10_events_stats.csv | pl_stats/_merged/events/2017-18_events_stats.csv | pl_stats/_merged/events/2025-26_events_stats.csv,UNCATALOGUED
PL_PULSELIVE_HISTORICAL,team_match,team_match,touches_a,2009-10;2017-18;2025-26,pl_stats/_merged/events/2009-10_events_stats.csv | pl_stats/_merged/events/2017-18_events_stats.csv | pl_stats/_merged/events/2025-26_events_stats.csv,UNCATALOGUED
PL_PULSELIVE_HISTORICAL,team_match,team_match,touches_h,2009-10;2017-18;2025-26,pl_stats/_merged/events/2009-10_events_stats.csv | pl_stats/_merged/events/2017-18_events_stats.csv | pl_stats/_merged/events/2025-26_events_stats.csv,UNCATALOGUED
PL_PULSELIVE_HISTORICAL,team_match,team_match,unsuccessfulTouch,2025-26,pl_stats/A_Villa_7/events_stats/2025-26_events_stats.csv,UNCATALOGUED
PL_PULSELIVE_HISTORICAL,team_match,team_match,unsuccessfulTouch_a,2017-18;2025-26,pl_stats/_merged/events/2017-18_events_stats.csv | pl_stats/_merged/events/2025-26_events_stats.csv,UNCATALOGUED
PL_PULSELIVE_HISTORICAL,team_match,team_match,unsuccessfulTouch_h,2017-18;2025-26,pl_stats/_merged/events/2017-18_events_stats.csv | pl_stats/_merged/events/2025-26_events_stats.csv,UNCATALOGUED
PL_PULSELIVE_HISTORICAL,team_match,team_match,venue,2025-26,pl_stats/A_Villa_7/events_stats/2025-26_events_stats.csv,UNCATALOGUED
PL_PULSELIVE_HISTORICAL,team_match,team_match,winningGoal,2025-26,pl_stats/A_Villa_7/events_stats/2025-26_events_stats.csv,UNCATALOGUED
PL_PULSELIVE_HISTORICAL,team_match,team_match,winningGoal_a,2009-10;2025-26,pl_stats/_merged/events/2009-10_events_stats.csv | pl_stats/_merged/events/2025-26_events_stats.csv,UNCATALOGUED
PL_PULSELIVE_HISTORICAL,team_match,team_match,winningGoal_h,2009-10;2025-26,pl_stats/_merged/events/2009-10_events_stats.csv | pl_stats/_merged/events/2025-26_events_stats.csv,UNCATALOGUED
PL_PULSELIVE_HISTORICAL,team_match,team_match,wonContest,2025-26,pl_stats/A_Villa_7/events_stats/2025-26_events_stats.csv,UNCATALOGUED
PL_PULSELIVE_HISTORICAL,team_match,team_match,wonContest_a,2009-10;2017-18;2025-26,pl_stats/_merged/events/2009-10_events_stats.csv | pl_stats/_merged/events/2017-18_events_stats.csv | pl_stats/_merged/events/2025-26_events_stats.csv,UNCATALOGUED
PL_PULSELIVE_HISTORICAL,team_match,team_match,wonContest_h,2009-10;2017-18;2025-26,pl_stats/_merged/events/2009-10_events_stats.csv | pl_stats/_merged/events/2017-18_events_stats.csv | pl_stats/_merged/events/2025-26_events_stats.csv,UNCATALOGUED
PL_PULSELIVE_HISTORICAL,team_match,team_match,wonCorners,2025-26,pl_stats/A_Villa_7/events_stats/2025-26_events_stats.csv,UNCATALOGUED
PL_PULSELIVE_HISTORICAL,team_match,team_match,wonCorners_a,2009-10;2017-18;2025-26,pl_stats/_merged/events/2009-10_events_stats.csv | pl_stats/_merged/events/2017-18_events_stats.csv | pl_stats/_merged/events/2025-26_events_stats.csv,UNCATALOGUED
PL_PULSELIVE_HISTORICAL,team_match,team_match,wonCorners_h,2009-10;2017-18;2025-26,pl_stats/_merged/events/2009-10_events_stats.csv | pl_stats/_merged/events/2017-18_events_stats.csv | pl_stats/_merged/events/2025-26_events_stats.csv,UNCATALOGUED
PL_PULSELIVE_HISTORICAL,team_match,team_match,wonTackle,2025-26,pl_stats/A_Villa_7/events_stats/2025-26_events_stats.csv,UNCATALOGUED
PL_PULSELIVE_HISTORICAL,team_match,team_match,wonTackle_a,2009-10;2017-18;2025-26,pl_stats/_merged/events/2009-10_events_stats.csv | pl_stats/_merged/events/2017-18_events_stats.csv | pl_stats/_merged/events/2025-26_events_stats.csv,UNCATALOGUED
PL_PULSELIVE_HISTORICAL,team_match,team_match,wonTackle_h,2009-10;2017-18;2025-26,pl_stats/_merged/events/2009-10_events_stats.csv | pl_stats/_merged/events/2017-18_events_stats.csv | pl_stats/_merged/events/2025-26_events_stats.csv,UNCATALOGUED
PL_PULSELIVE_HISTORICAL,team_match,team_match,yellowCard,2025-26,pl_stats/A_Villa_7/events_stats/2025-26_events_stats.csv,UNCATALOGUED
PL_PULSELIVE_HISTORICAL,team_match,team_match,yellowCard_a,2009-10;2017-18;2025-26,pl_stats/_merged/events/2009-10_events_stats.csv | pl_stats/_merged/events/2017-18_events_stats.csv | pl_stats/_merged/events/2025-26_events_stats.csv,UNCATALOGUED
PL_PULSELIVE_HISTORICAL,team_match,team_match,yellowCard_h,2009-10;2017-18;2025-26,pl_stats/_merged/events/2009-10_events_stats.csv | pl_stats/_merged/events/2017-18_events_stats.csv | pl_stats/_merged/events/2025-26_events_stats.csv,UNCATALOGUED
