source_surface,grain,season,field_name,representative_path,fetch_error
PL_PULSELIVE_HISTORICAL,player_match,2009-10,gameweek,pl_stats/A_Villa_7/players_match_stats/2009-10_players_match_stats.csv,
PL_PULSELIVE_HISTORICAL,player_match,2009-10,goalAssist,pl_stats/A_Villa_7/players_match_stats/2009-10_players_match_stats.csv,
PL_PULSELIVE_HISTORICAL,player_match,2009-10,goals,pl_stats/A_Villa_7/players_match_stats/2009-10_players_match_stats.csv,
PL_PULSELIVE_HISTORICAL,player_match,2009-10,matchId,pl_stats/A_Villa_7/players_match_stats/2009-10_players_match_stats.csv,
PL_PULSELIVE_HISTORICAL,player_match,2009-10,minutesPlayed,pl_stats/A_Villa_7/players_match_stats/2009-10_players_match_stats.csv,
PL_PULSELIVE_HISTORICAL,player_match,2009-10,ownGoals,pl_stats/A_Villa_7/players_match_stats/2009-10_players_match_stats.csv,
PL_PULSELIVE_HISTORICAL,player_match,2009-10,penaltyMiss,pl_stats/A_Villa_7/players_match_stats/2009-10_players_match_stats.csv,
PL_PULSELIVE_HISTORICAL,player_match,2009-10,pl_code,pl_stats/A_Villa_7/players_match_stats/2009-10_players_match_stats.csv,
PL_PULSELIVE_HISTORICAL,player_match,2009-10,playerId,pl_stats/A_Villa_7/players_match_stats/2009-10_players_match_stats.csv,
PL_PULSELIVE_HISTORICAL,player_match,2009-10,playerName,pl_stats/A_Villa_7/players_match_stats/2009-10_players_match_stats.csv,
PL_PULSELIVE_HISTORICAL,player_match,2009-10,position,pl_stats/A_Villa_7/players_match_stats/2009-10_players_match_stats.csv,
PL_PULSELIVE_HISTORICAL,player_match,2009-10,season,pl_stats/A_Villa_7/players_match_stats/2009-10_players_match_stats.csv,
PL_PULSELIVE_HISTORICAL,player_match,2009-10,slug,pl_stats/A_Villa_7/players_match_stats/2009-10_players_match_stats.csv,
PL_PULSELIVE_HISTORICAL,player_match,2009-10,substitute,pl_stats/A_Villa_7/players_match_stats/2009-10_players_match_stats.csv,
PL_PULSELIVE_HISTORICAL,player_match,2009-10,substitute.1,pl_stats/A_Villa_7/players_match_stats/2009-10_players_match_stats.csv,
PL_PULSELIVE_HISTORICAL,player_match,2009-10,team,pl_stats/A_Villa_7/players_match_stats/2009-10_players_match_stats.csv,
PL_PULSELIVE_HISTORICAL,player_match,2009-10,team_id,pl_stats/A_Villa_7/players_match_stats/2009-10_players_match_stats.csv,
PL_PULSELIVE_HISTORICAL,player_match,2009-10,totalShots,pl_stats/A_Villa_7/players_match_stats/2009-10_players_match_stats.csv,
PL_PULSELIVE_HISTORICAL,player_match,2009-10,venue,pl_stats/A_Villa_7/players_match_stats/2009-10_players_match_stats.csv,
PL_PULSELIVE_HISTORICAL,player_match,2010-11,gameweek,pl_stats/A_Villa_7/players_match_stats/2010-11_players_match_stats.csv,
PL_PULSELIVE_HISTORICAL,player_match,2010-11,goalAssist,pl_stats/A_Villa_7/players_match_stats/2010-11_players_match_stats.csv,
PL_PULSELIVE_HISTORICAL,player_match,2010-11,goals,pl_stats/A_Villa_7/players_match_stats/2010-11_players_match_stats.csv,
PL_PULSELIVE_HISTORICAL,player_match,2010-11,matchId,pl_stats/A_Villa_7/players_match_stats/2010-11_players_match_stats.csv,
PL_PULSELIVE_HISTORICAL,player_match,2010-11,minutesPlayed,pl_stats/A_Villa_7/players_match_stats/2010-11_players_match_stats.csv,
PL_PULSELIVE_HISTORICAL,player_match,2010-11,ownGoals,pl_stats/A_Villa_7/players_match_stats/2010-11_players_match_stats.csv,
PL_PULSELIVE_HISTORICAL,player_match,2010-11,penaltyMiss,pl_stats/A_Villa_7/players_match_stats/2010-11_players_match_stats.csv,
PL_PULSELIVE_HISTORICAL,player_match,2010-11,pl_code,pl_stats/A_Villa_7/players_match_stats/2010-11_players_match_stats.csv,
PL_PULSELIVE_HISTORICAL,player_match,2010-11,playerId,pl_stats/A_Villa_7/players_match_stats/2010-11_players_match_stats.csv,
PL_PULSELIVE_HISTORICAL,player_match,2010-11,playerName,pl_stats/A_Villa_7/players_match_stats/2010-11_players_match_stats.csv,
PL_PULSELIVE_HISTORICAL,player_match,2010-11,position,pl_stats/A_Villa_7/players_match_stats/2010-11_players_match_stats.csv,
PL_PULSELIVE_HISTORICAL,player_match,2010-11,season,pl_stats/A_Villa_7/players_match_stats/2010-11_players_match_stats.csv,
PL_PULSELIVE_HISTORICAL,player_match,2010-11,slug,pl_stats/A_Villa_7/players_match_stats/2010-11_players_match_stats.csv,
PL_PULSELIVE_HISTORICAL,player_match,2010-11,substitute,pl_stats/A_Villa_7/players_match_stats/2010-11_players_match_stats.csv,
PL_PULSELIVE_HISTORICAL,player_match,2010-11,substitute.1,pl_stats/A_Villa_7/players_match_stats/2010-11_players_match_stats.csv,
PL_PULSELIVE_HISTORICAL,player_match,2010-11,team,pl_stats/A_Villa_7/players_match_stats/2010-11_players_match_stats.csv,
PL_PULSELIVE_HISTORICAL,player_match,2010-11,team_id,pl_stats/A_Villa_7/players_match_stats/2010-11_players_match_stats.csv,
PL_PULSELIVE_HISTORICAL,player_match,2010-11,totalShots,pl_stats/A_Villa_7/players_match_stats/2010-11_players_match_stats.csv,
PL_PULSELIVE_HISTORICAL,player_match,2010-11,venue,pl_stats/A_Villa_7/players_match_stats/2010-11_players_match_stats.csv,
PL_PULSELIVE_HISTORICAL,player_match,2011-12,gameweek,pl_stats/A_Villa_7/players_match_stats/2011-12_players_match_stats.csv,
PL_PULSELIVE_HISTORICAL,player_match,2011-12,goalAssist,pl_stats/A_Villa_7/players_match_stats/2011-12_players_match_stats.csv,
PL_PULSELIVE_HISTORICAL,player_match,2011-12,goals,pl_stats/A_Villa_7/players_match_stats/2011-12_players_match_stats.csv,
PL_PULSELIVE_HISTORICAL,player_match,2011-12,matchId,pl_stats/A_Villa_7/players_match_stats/2011-12_players_match_stats.csv,
PL_PULSELIVE_HISTORICAL,player_match,2011-12,minutesPlayed,pl_stats/A_Villa_7/players_match_stats/2011-12_players_match_stats.csv,
PL_PULSELIVE_HISTORICAL,player_match,2011-12,ownGoals,pl_stats/A_Villa_7/players_match_stats/2011-12_players_match_stats.csv,
PL_PULSELIVE_HISTORICAL,player_match,2011-12,pl_code,pl_stats/A_Villa_7/players_match_stats/2011-12_players_match_stats.csv,
PL_PULSELIVE_HISTORICAL,player_match,2011-12,playerId,pl_stats/A_Villa_7/players_match_stats/2011-12_players_match_stats.csv,
PL_PULSELIVE_HISTORICAL,player_match,2011-12,playerName,pl_stats/A_Villa_7/players_match_stats/2011-12_players_match_stats.csv,
PL_PULSELIVE_HISTORICAL,player_match,2011-12,position,pl_stats/A_Villa_7/players_match_stats/2011-12_players_match_stats.csv,
PL_PULSELIVE_HISTORICAL,player_match,2011-12,season,pl_stats/A_Villa_7/players_match_stats/2011-12_players_match_stats.csv,
PL_PULSELIVE_HISTORICAL,player_match,2011-12,slug,pl_stats/A_Villa_7/players_match_stats/2011-12_players_match_stats.csv,
PL_PULSELIVE_HISTORICAL,player_match,2011-12,substitute,pl_stats/A_Villa_7/players_match_stats/2011-12_players_match_stats.csv,
PL_PULSELIVE_HISTORICAL,player_match,2011-12,substitute.1,pl_stats/A_Villa_7/players_match_stats/2011-12_players_match_stats.csv,
PL_PULSELIVE_HISTORICAL,player_match,2011-12,team,pl_stats/A_Villa_7/players_match_stats/2011-12_players_match_stats.csv,
PL_PULSELIVE_HISTORICAL,player_match,2011-12,team_id,pl_stats/A_Villa_7/players_match_stats/2011-12_players_match_stats.csv,
PL_PULSELIVE_HISTORICAL,player_match,2011-12,totalShots,pl_stats/A_Villa_7/players_match_stats/2011-12_players_match_stats.csv,
PL_PULSELIVE_HISTORICAL,player_match,2011-12,venue,pl_stats/A_Villa_7/players_match_stats/2011-12_players_match_stats.csv,
PL_PULSELIVE_HISTORICAL,player_match,2012-13,gameweek,pl_stats/A_Villa_7/players_match_stats/2012-13_players_match_stats.csv,
PL_PULSELIVE_HISTORICAL,player_match,2012-13,goalAssist,pl_stats/A_Villa_7/players_match_stats/2012-13_players_match_stats.csv,
PL_PULSELIVE_HISTORICAL,player_match,2012-13,goals,pl_stats/A_Villa_7/players_match_stats/2012-13_players_match_stats.csv,
PL_PULSELIVE_HISTORICAL,player_match,2012-13,matchId,pl_stats/A_Villa_7/players_match_stats/2012-13_players_match_stats.csv,
PL_PULSELIVE_HISTORICAL,player_match,2012-13,minutesPlayed,pl_stats/A_Villa_7/players_match_stats/2012-13_players_match_stats.csv,
PL_PULSELIVE_HISTORICAL,player_match,2012-13,ownGoals,pl_stats/A_Villa_7/players_match_stats/2012-13_players_match_stats.csv,
PL_PULSELIVE_HISTORICAL,player_match,2012-13,pl_code,pl_stats/A_Villa_7/players_match_stats/2012-13_players_match_stats.csv,
PL_PULSELIVE_HISTORICAL,player_match,2012-13,playerId,pl_stats/A_Villa_7/players_match_stats/2012-13_players_match_stats.csv,
PL_PULSELIVE_HISTORICAL,player_match,2012-13,playerName,pl_stats/A_Villa_7/players_match_stats/2012-13_players_match_stats.csv,
PL_PULSELIVE_HISTORICAL,player_match,2012-13,position,pl_stats/A_Villa_7/players_match_stats/2012-13_players_match_stats.csv,
PL_PULSELIVE_HISTORICAL,player_match,2012-13,season,pl_stats/A_Villa_7/players_match_stats/2012-13_players_match_stats.csv,
PL_PULSELIVE_HISTORICAL,player_match,2012-13,slug,pl_stats/A_Villa_7/players_match_stats/2012-13_players_match_stats.csv,
PL_PULSELIVE_HISTORICAL,player_match,2012-13,substitute,pl_stats/A_Villa_7/players_match_stats/2012-13_players_match_stats.csv,
PL_PULSELIVE_HISTORICAL,player_match,2012-13,substitute.1,pl_stats/A_Villa_7/players_match_stats/2012-13_players_match_stats.csv,
PL_PULSELIVE_HISTORICAL,player_match,2012-13,team,pl_stats/A_Villa_7/players_match_stats/2012-13_players_match_stats.csv,
PL_PULSELIVE_HISTORICAL,player_match,2012-13,team_id,pl_stats/A_Villa_7/players_match_stats/2012-13_players_match_stats.csv,
PL_PULSELIVE_HISTORICAL,player_match,2012-13,totalShots,pl_stats/A_Villa_7/players_match_stats/2012-13_players_match_stats.csv,
PL_PULSELIVE_HISTORICAL,player_match,2012-13,venue,pl_stats/A_Villa_7/players_match_stats/2012-13_players_match_stats.csv,
PL_PULSELIVE_HISTORICAL,player_match,2013-14,gameweek,pl_stats/A_Villa_7/players_match_stats/2013-14_players_match_stats.csv,
PL_PULSELIVE_HISTORICAL,player_match,2013-14,goalAssist,pl_stats/A_Villa_7/players_match_stats/2013-14_players_match_stats.csv,
PL_PULSELIVE_HISTORICAL,player_match,2013-14,goals,pl_stats/A_Villa_7/players_match_stats/2013-14_players_match_stats.csv,
PL_PULSELIVE_HISTORICAL,player_match,2013-14,matchId,pl_stats/A_Villa_7/players_match_stats/2013-14_players_match_stats.csv,
PL_PULSELIVE_HISTORICAL,player_match,2013-14,minutesPlayed,pl_stats/A_Villa_7/players_match_stats/2013-14_players_match_stats.csv,
PL_PULSELIVE_HISTORICAL,player_match,2013-14,ownGoals,pl_stats/A_Villa_7/players_match_stats/2013-14_players_match_stats.csv,
PL_PULSELIVE_HISTORICAL,player_match,2013-14,pl_code,pl_stats/A_Villa_7/players_match_stats/2013-14_players_match_stats.csv,
PL_PULSELIVE_HISTORICAL,player_match,2013-14,playerId,pl_stats/A_Villa_7/players_match_stats/2013-14_players_match_stats.csv,
PL_PULSELIVE_HISTORICAL,player_match,2013-14,playerName,pl_stats/A_Villa_7/players_match_stats/2013-14_players_match_stats.csv,
PL_PULSELIVE_HISTORICAL,player_match,2013-14,position,pl_stats/A_Villa_7/players_match_stats/2013-14_players_match_stats.csv,
PL_PULSELIVE_HISTORICAL,player_match,2013-14,season,pl_stats/A_Villa_7/players_match_stats/2013-14_players_match_stats.csv,
PL_PULSELIVE_HISTORICAL,player_match,2013-14,slug,pl_stats/A_Villa_7/players_match_stats/2013-14_players_match_stats.csv,
PL_PULSELIVE_HISTORICAL,player_match,2013-14,substitute,pl_stats/A_Villa_7/players_match_stats/2013-14_players_match_stats.csv,
PL_PULSELIVE_HISTORICAL,player_match,2013-14,substitute.1,pl_stats/A_Villa_7/players_match_stats/2013-14_players_match_stats.csv,
PL_PULSELIVE_HISTORICAL,player_match,2013-14,team,pl_stats/A_Villa_7/players_match_stats/2013-14_players_match_stats.csv,
PL_PULSELIVE_HISTORICAL,player_match,2013-14,team_id,pl_stats/A_Villa_7/players_match_stats/2013-14_players_match_stats.csv,
PL_PULSELIVE_HISTORICAL,player_match,2013-14,totalShots,pl_stats/A_Villa_7/players_match_stats/2013-14_players_match_stats.csv,
PL_PULSELIVE_HISTORICAL,player_match,2013-14,venue,pl_stats/A_Villa_7/players_match_stats/2013-14_players_match_stats.csv,
PL_PULSELIVE_HISTORICAL,player_match,2014-15,accurateCross,pl_stats/A_Villa_7/players_match_stats/2014-15_players_match_stats.csv,
PL_PULSELIVE_HISTORICAL,player_match,2014-15,accurateKeeperSweeper,pl_stats/A_Villa_7/players_match_stats/2014-15_players_match_stats.csv,
PL_PULSELIVE_HISTORICAL,player_match,2014-15,accurateLongBalls,pl_stats/A_Villa_7/players_match_stats/2014-15_players_match_stats.csv,
PL_PULSELIVE_HISTORICAL,player_match,2014-15,accurateOppositionHalfPasses,pl_stats/A_Villa_7/players_match_stats/2014-15_players_match_stats.csv,
PL_PULSELIVE_HISTORICAL,player_match,2014-15,accurateOwnHalfPasses,pl_stats/A_Villa_7/players_match_stats/2014-15_players_match_stats.csv,
PL_PULSELIVE_HISTORICAL,player_match,2014-15,accuratePass,pl_stats/A_Villa_7/players_match_stats/2014-15_players_match_stats.csv,
PL_PULSELIVE_HISTORICAL,player_match,2014-15,aerialLost,pl_stats/A_Villa_7/players_match_stats/2014-15_players_match_stats.csv,
PL_PULSELIVE_HISTORICAL,player_match,2014-15,aerialWon,pl_stats/A_Villa_7/players_match_stats/2014-15_players_match_stats.csv,
PL_PULSELIVE_HISTORICAL,player_match,2014-15,ballRecovery,pl_stats/A_Villa_7/players_match_stats/2014-15_players_match_stats.csv,
PL_PULSELIVE_HISTORICAL,player_match,2014-15,bigChanceCreated,pl_stats/A_Villa_7/players_match_stats/2014-15_players_match_stats.csv,
PL_PULSELIVE_HISTORICAL,player_match,2014-15,bigChanceMissed,pl_stats/A_Villa_7/players_match_stats/2014-15_players_match_stats.csv,
PL_PULSELIVE_HISTORICAL,player_match,2014-15,blockedScoringAttempt,pl_stats/A_Villa_7/players_match_stats/2014-15_players_match_stats.csv,
PL_PULSELIVE_HISTORICAL,player_match,2014-15,challengeLost,pl_stats/A_Villa_7/players_match_stats/2014-15_players_match_stats.csv,
PL_PULSELIVE_HISTORICAL,player_match,2014-15,clearanceOffLine,pl_stats/A_Villa_7/players_match_stats/2014-15_players_match_stats.csv,
PL_PULSELIVE_HISTORICAL,player_match,2014-15,crossNotClaimed,pl_stats/A_Villa_7/players_match_stats/2014-15_players_match_stats.csv,
PL_PULSELIVE_HISTORICAL,player_match,2014-15,dispossessed,pl_stats/A_Villa_7/players_match_stats/2014-15_players_match_stats.csv,
PL_PULSELIVE_HISTORICAL,player_match,2014-15,duelLost,pl_stats/A_Villa_7/players_match_stats/2014-15_players_match_stats.csv,
PL_PULSELIVE_HISTORICAL,player_match,2014-15,duelWon,pl_stats/A_Villa_7/players_match_stats/2014-15_players_match_stats.csv,
PL_PULSELIVE_HISTORICAL,player_match,2014-15,errorLeadToAGoal,pl_stats/A_Villa_7/players_match_stats/2014-15_players_match_stats.csv,
PL_PULSELIVE_HISTORICAL,player_match,2014-15,errorLeadToAShot,pl_stats/A_Villa_7/players_match_stats/2014-15_players_match_stats.csv,
PL_PULSELIVE_HISTORICAL,player_match,2014-15,fouls,pl_stats/A_Villa_7/players_match_stats/2014-15_players_match_stats.csv,
PL_PULSELIVE_HISTORICAL,player_match,2014-15,gameweek,pl_stats/A_Villa_7/players_match_stats/2014-15_players_match_stats.csv,
PL_PULSELIVE_HISTORICAL,player_match,2014-15,goalAssist,pl_stats/A_Villa_7/players_match_stats/2014-15_players_match_stats.csv,
PL_PULSELIVE_HISTORICAL,player_match,2014-15,goals,pl_stats/A_Villa_7/players_match_stats/2014-15_players_match_stats.csv,
PL_PULSELIVE_HISTORICAL,player_match,2014-15,goodHighClaim,pl_stats/A_Villa_7/players_match_stats/2014-15_players_match_stats.csv,
PL_PULSELIVE_HISTORICAL,player_match,2014-15,hitWoodwork,pl_stats/A_Villa_7/players_match_stats/2014-15_players_match_stats.csv,
PL_PULSELIVE_HISTORICAL,player_match,2014-15,interceptionWon,pl_stats/A_Villa_7/players_match_stats/2014-15_players_match_stats.csv,
PL_PULSELIVE_HISTORICAL,player_match,2014-15,keyPass,pl_stats/A_Villa_7/players_match_stats/2014-15_players_match_stats.csv,
PL_PULSELIVE_HISTORICAL,player_match,2014-15,lastManTackle,pl_stats/A_Villa_7/players_match_stats/2014-15_players_match_stats.csv,
PL_PULSELIVE_HISTORICAL,player_match,2014-15,matchId,pl_stats/A_Villa_7/players_match_stats/2014-15_players_match_stats.csv,
PL_PULSELIVE_HISTORICAL,player_match,2014-15,minutesPlayed,pl_stats/A_Villa_7/players_match_stats/2014-15_players_match_stats.csv,
PL_PULSELIVE_HISTORICAL,player_match,2014-15,onTargetScoringAttempt,pl_stats/A_Villa_7/players_match_stats/2014-15_players_match_stats.csv,
PL_PULSELIVE_HISTORICAL,player_match,2014-15,outfielderBlock,pl_stats/A_Villa_7/players_match_stats/2014-15_players_match_stats.csv,
PL_PULSELIVE_HISTORICAL,player_match,2014-15,ownGoals,pl_stats/A_Villa_7/players_match_stats/2014-15_players_match_stats.csv,
PL_PULSELIVE_HISTORICAL,player_match,2014-15,penaltyConceded,pl_stats/A_Villa_7/players_match_stats/2014-15_players_match_stats.csv,
PL_PULSELIVE_HISTORICAL,player_match,2014-15,penaltyWon,pl_stats/A_Villa_7/players_match_stats/2014-15_players_match_stats.csv,
PL_PULSELIVE_HISTORICAL,player_match,2014-15,pl_code,pl_stats/A_Villa_7/players_match_stats/2014-15_players_match_stats.csv,
PL_PULSELIVE_HISTORICAL,player_match,2014-15,playerId,pl_stats/A_Villa_7/players_match_stats/2014-15_players_match_stats.csv,
PL_PULSELIVE_HISTORICAL,player_match,2014-15,playerName,pl_stats/A_Villa_7/players_match_stats/2014-15_players_match_stats.csv,
PL_PULSELIVE_HISTORICAL,player_match,2014-15,position,pl_stats/A_Villa_7/players_match_stats/2014-15_players_match_stats.csv,
PL_PULSELIVE_HISTORICAL,player_match,2014-15,possessionLostCtrl,pl_stats/A_Villa_7/players_match_stats/2014-15_players_match_stats.csv,
PL_PULSELIVE_HISTORICAL,player_match,2014-15,punches,pl_stats/A_Villa_7/players_match_stats/2014-15_players_match_stats.csv,
PL_PULSELIVE_HISTORICAL,player_match,2014-15,rating,pl_stats/A_Villa_7/players_match_stats/2014-15_players_match_stats.csv,
PL_PULSELIVE_HISTORICAL,player_match,2014-15,savedShotsFromInsideTheBox,pl_stats/A_Villa_7/players_match_stats/2014-15_players_match_stats.csv,
PL_PULSELIVE_HISTORICAL,player_match,2014-15,saves,pl_stats/A_Villa_7/players_match_stats/2014-15_players_match_stats.csv,
PL_PULSELIVE_HISTORICAL,player_match,2014-15,season,pl_stats/A_Villa_7/players_match_stats/2014-15_players_match_stats.csv,
PL_PULSELIVE_HISTORICAL,player_match,2014-15,shotOffTarget,pl_stats/A_Villa_7/players_match_stats/2014-15_players_match_stats.csv,
PL_PULSELIVE_HISTORICAL,player_match,2014-15,slug,pl_stats/A_Villa_7/players_match_stats/2014-15_players_match_stats.csv,
PL_PULSELIVE_HISTORICAL,player_match,2014-15,substitute,pl_stats/A_Villa_7/players_match_stats/2014-15_players_match_stats.csv,
PL_PULSELIVE_HISTORICAL,player_match,2014-15,substitute.1,pl_stats/A_Villa_7/players_match_stats/2014-15_players_match_stats.csv,
PL_PULSELIVE_HISTORICAL,player_match,2014-15,team,pl_stats/A_Villa_7/players_match_stats/2014-15_players_match_stats.csv,
PL_PULSELIVE_HISTORICAL,player_match,2014-15,team_id,pl_stats/A_Villa_7/players_match_stats/2014-15_players_match_stats.csv,
PL_PULSELIVE_HISTORICAL,player_match,2014-15,totalClearance,pl_stats/A_Villa_7/players_match_stats/2014-15_players_match_stats.csv,
PL_PULSELIVE_HISTORICAL,player_match,2014-15,totalContest,pl_stats/A_Villa_7/players_match_stats/2014-15_players_match_stats.csv,
PL_PULSELIVE_HISTORICAL,player_match,2014-15,totalCross,pl_stats/A_Villa_7/players_match_stats/2014-15_players_match_stats.csv,
PL_PULSELIVE_HISTORICAL,player_match,2014-15,totalKeeperSweeper,pl_stats/A_Villa_7/players_match_stats/2014-15_players_match_stats.csv,
PL_PULSELIVE_HISTORICAL,player_match,2014-15,totalLongBalls,pl_stats/A_Villa_7/players_match_stats/2014-15_players_match_stats.csv,
PL_PULSELIVE_HISTORICAL,player_match,2014-15,totalOffside,pl_stats/A_Villa_7/players_match_stats/2014-15_players_match_stats.csv,
PL_PULSELIVE_HISTORICAL,player_match,2014-15,totalOppositionHalfPasses,pl_stats/A_Villa_7/players_match_stats/2014-15_players_match_stats.csv,
PL_PULSELIVE_HISTORICAL,player_match,2014-15,totalOwnHalfPasses,pl_stats/A_Villa_7/players_match_stats/2014-15_players_match_stats.csv,
PL_PULSELIVE_HISTORICAL,player_match,2014-15,totalPass,pl_stats/A_Villa_7/players_match_stats/2014-15_players_match_stats.csv,
PL_PULSELIVE_HISTORICAL,player_match,2014-15,totalShots,pl_stats/A_Villa_7/players_match_stats/2014-15_players_match_stats.csv,
PL_PULSELIVE_HISTORICAL,player_match,2014-15,totalTackle,pl_stats/A_Villa_7/players_match_stats/2014-15_players_match_stats.csv,
PL_PULSELIVE_HISTORICAL,player_match,2014-15,touches,pl_stats/A_Villa_7/players_match_stats/2014-15_players_match_stats.csv,
PL_PULSELIVE_HISTORICAL,player_match,2014-15,unsuccessfulTouch,pl_stats/A_Villa_7/players_match_stats/2014-15_players_match_stats.csv,
PL_PULSELIVE_HISTORICAL,player_match,2014-15,venue,pl_stats/A_Villa_7/players_match_stats/2014-15_players_match_stats.csv,
PL_PULSELIVE_HISTORICAL,player_match,2014-15,wasFouled,pl_stats/A_Villa_7/players_match_stats/2014-15_players_match_stats.csv,
PL_PULSELIVE_HISTORICAL,player_match,2014-15,wonContest,pl_stats/A_Villa_7/players_match_stats/2014-15_players_match_stats.csv,
PL_PULSELIVE_HISTORICAL,player_match,2014-15,wonTackle,pl_stats/A_Villa_7/players_match_stats/2014-15_players_match_stats.csv,
PL_PULSELIVE_HISTORICAL,player_match,2015-16,accurateCross,pl_stats/A_Villa_7/players_match_stats/2015-16_players_match_stats.csv,
PL_PULSELIVE_HISTORICAL,player_match,2015-16,accurateKeeperSweeper,pl_stats/A_Villa_7/players_match_stats/2015-16_players_match_stats.csv,
PL_PULSELIVE_HISTORICAL,player_match,2015-16,accurateLongBalls,pl_stats/A_Villa_7/players_match_stats/2015-16_players_match_stats.csv,
PL_PULSELIVE_HISTORICAL,player_match,2015-16,accurateOppositionHalfPasses,pl_stats/A_Villa_7/players_match_stats/2015-16_players_match_stats.csv,
PL_PULSELIVE_HISTORICAL,player_match,2015-16,accurateOwnHalfPasses,pl_stats/A_Villa_7/players_match_stats/2015-16_players_match_stats.csv,
PL_PULSELIVE_HISTORICAL,player_match,2015-16,accuratePass,pl_stats/A_Villa_7/players_match_stats/2015-16_players_match_stats.csv,
PL_PULSELIVE_HISTORICAL,player_match,2015-16,aerialLost,pl_stats/A_Villa_7/players_match_stats/2015-16_players_match_stats.csv,
PL_PULSELIVE_HISTORICAL,player_match,2015-16,aerialWon,pl_stats/A_Villa_7/players_match_stats/2015-16_players_match_stats.csv,
PL_PULSELIVE_HISTORICAL,player_match,2015-16,ballRecovery,pl_stats/A_Villa_7/players_match_stats/2015-16_players_match_stats.csv,
PL_PULSELIVE_HISTORICAL,player_match,2015-16,bigChanceCreated,pl_stats/A_Villa_7/players_match_stats/2015-16_players_match_stats.csv,
PL_PULSELIVE_HISTORICAL,player_match,2015-16,bigChanceMissed,pl_stats/A_Villa_7/players_match_stats/2015-16_players_match_stats.csv,
PL_PULSELIVE_HISTORICAL,player_match,2015-16,blockedScoringAttempt,pl_stats/A_Villa_7/players_match_stats/2015-16_players_match_stats.csv,
PL_PULSELIVE_HISTORICAL,player_match,2015-16,challengeLost,pl_stats/A_Villa_7/players_match_stats/2015-16_players_match_stats.csv,
PL_PULSELIVE_HISTORICAL,player_match,2015-16,clearanceOffLine,pl_stats/A_Villa_7/players_match_stats/2015-16_players_match_stats.csv,
PL_PULSELIVE_HISTORICAL,player_match,2015-16,crossNotClaimed,pl_stats/A_Villa_7/players_match_stats/2015-16_players_match_stats.csv,
PL_PULSELIVE_HISTORICAL,player_match,2015-16,dispossessed,pl_stats/A_Villa_7/players_match_stats/2015-16_players_match_stats.csv,
PL_PULSELIVE_HISTORICAL,player_match,2015-16,duelLost,pl_stats/A_Villa_7/players_match_stats/2015-16_players_match_stats.csv,
PL_PULSELIVE_HISTORICAL,player_match,2015-16,duelWon,pl_stats/A_Villa_7/players_match_stats/2015-16_players_match_stats.csv,
PL_PULSELIVE_HISTORICAL,player_match,2015-16,errorLeadToAGoal,pl_stats/A_Villa_7/players_match_stats/2015-16_players_match_stats.csv,
PL_PULSELIVE_HISTORICAL,player_match,2015-16,errorLeadToAShot,pl_stats/A_Villa_7/players_match_stats/2015-16_players_match_stats.csv,
PL_PULSELIVE_HISTORICAL,player_match,2015-16,fouls,pl_stats/A_Villa_7/players_match_stats/2015-16_players_match_stats.csv,
PL_PULSELIVE_HISTORICAL,player_match,2015-16,gameweek,pl_stats/A_Villa_7/players_match_stats/2015-16_players_match_stats.csv,
PL_PULSELIVE_HISTORICAL,player_match,2015-16,goalAssist,pl_stats/A_Villa_7/players_match_stats/2015-16_players_match_stats.csv,
PL_PULSELIVE_HISTORICAL,player_match,2015-16,goals,pl_stats/A_Villa_7/players_match_stats/2015-16_players_match_stats.csv,
PL_PULSELIVE_HISTORICAL,player_match,2015-16,goodHighClaim,pl_stats/A_Villa_7/players_match_stats/2015-16_players_match_stats.csv,
PL_PULSELIVE_HISTORICAL,player_match,2015-16,hitWoodwork,pl_stats/A_Villa_7/players_match_stats/2015-16_players_match_stats.csv,
PL_PULSELIVE_HISTORICAL,player_match,2015-16,interceptionWon,pl_stats/A_Villa_7/players_match_stats/2015-16_players_match_stats.csv,
PL_PULSELIVE_HISTORICAL,player_match,2015-16,keyPass,pl_stats/A_Villa_7/players_match_stats/2015-16_players_match_stats.csv,
PL_PULSELIVE_HISTORICAL,player_match,2015-16,lastManTackle,pl_stats/A_Villa_7/players_match_stats/2015-16_players_match_stats.csv,
PL_PULSELIVE_HISTORICAL,player_match,2015-16,matchId,pl_stats/A_Villa_7/players_match_stats/2015-16_players_match_stats.csv,
PL_PULSELIVE_HISTORICAL,player_match,2015-16,minutesPlayed,pl_stats/A_Villa_7/players_match_stats/2015-16_players_match_stats.csv,
PL_PULSELIVE_HISTORICAL,player_match,2015-16,onTargetScoringAttempt,pl_stats/A_Villa_7/players_match_stats/2015-16_players_match_stats.csv,
PL_PULSELIVE_HISTORICAL,player_match,2015-16,outfielderBlock,pl_stats/A_Villa_7/players_match_stats/2015-16_players_match_stats.csv,
PL_PULSELIVE_HISTORICAL,player_match,2015-16,ownGoals,pl_stats/A_Villa_7/players_match_stats/2015-16_players_match_stats.csv,
PL_PULSELIVE_HISTORICAL,player_match,2015-16,penaltyConceded,pl_stats/A_Villa_7/players_match_stats/2015-16_players_match_stats.csv,
PL_PULSELIVE_HISTORICAL,player_match,2015-16,penaltySave,pl_stats/A_Villa_7/players_match_stats/2015-16_players_match_stats.csv,
PL_PULSELIVE_HISTORICAL,player_match,2015-16,penaltyWon,pl_stats/A_Villa_7/players_match_stats/2015-16_players_match_stats.csv,
PL_PULSELIVE_HISTORICAL,player_match,2015-16,pl_code,pl_stats/A_Villa_7/players_match_stats/2015-16_players_match_stats.csv,
PL_PULSELIVE_HISTORICAL,player_match,2015-16,playerId,pl_stats/A_Villa_7/players_match_stats/2015-16_players_match_stats.csv,
PL_PULSELIVE_HISTORICAL,player_match,2015-16,playerName,pl_stats/A_Villa_7/players_match_stats/2015-16_players_match_stats.csv,
PL_PULSELIVE_HISTORICAL,player_match,2015-16,position,pl_stats/A_Villa_7/players_match_stats/2015-16_players_match_stats.csv,
PL_PULSELIVE_HISTORICAL,player_match,2015-16,punches,pl_stats/A_Villa_7/players_match_stats/2015-16_players_match_stats.csv,
PL_PULSELIVE_HISTORICAL,player_match,2015-16,rating,pl_stats/A_Villa_7/players_match_stats/2015-16_players_match_stats.csv,
PL_PULSELIVE_HISTORICAL,player_match,2015-16,savedShotsFromInsideTheBox,pl_stats/A_Villa_7/players_match_stats/2015-16_players_match_stats.csv,
PL_PULSELIVE_HISTORICAL,player_match,2015-16,saves,pl_stats/A_Villa_7/players_match_stats/2015-16_players_match_stats.csv,
PL_PULSELIVE_HISTORICAL,player_match,2015-16,season,pl_stats/A_Villa_7/players_match_stats/2015-16_players_match_stats.csv,
PL_PULSELIVE_HISTORICAL,player_match,2015-16,shotOffTarget,pl_stats/A_Villa_7/players_match_stats/2015-16_players_match_stats.csv,
PL_PULSELIVE_HISTORICAL,player_match,2015-16,slug,pl_stats/A_Villa_7/players_match_stats/2015-16_players_match_stats.csv,
PL_PULSELIVE_HISTORICAL,player_match,2015-16,substitute,pl_stats/A_Villa_7/players_match_stats/2015-16_players_match_stats.csv,
PL_PULSELIVE_HISTORICAL,player_match,2015-16,substitute.1,pl_stats/A_Villa_7/players_match_stats/2015-16_players_match_stats.csv,
PL_PULSELIVE_HISTORICAL,player_match,2015-16,team,pl_stats/A_Villa_7/players_match_stats/2015-16_players_match_stats.csv,
PL_PULSELIVE_HISTORICAL,player_match,2015-16,team_id,pl_stats/A_Villa_7/players_match_stats/2015-16_players_match_stats.csv,
PL_PULSELIVE_HISTORICAL,player_match,2015-16,totalClearance,pl_stats/A_Villa_7/players_match_stats/2015-16_players_match_stats.csv,
PL_PULSELIVE_HISTORICAL,player_match,2015-16,totalContest,pl_stats/A_Villa_7/players_match_stats/2015-16_players_match_stats.csv,
PL_PULSELIVE_HISTORICAL,player_match,2015-16,totalCross,pl_stats/A_Villa_7/players_match_stats/2015-16_players_match_stats.csv,
PL_PULSELIVE_HISTORICAL,player_match,2015-16,totalKeeperSweeper,pl_stats/A_Villa_7/players_match_stats/2015-16_players_match_stats.csv,
PL_PULSELIVE_HISTORICAL,player_match,2015-16,totalLongBalls,pl_stats/A_Villa_7/players_match_stats/2015-16_players_match_stats.csv,
PL_PULSELIVE_HISTORICAL,player_match,2015-16,totalOffside,pl_stats/A_Villa_7/players_match_stats/2015-16_players_match_stats.csv,
PL_PULSELIVE_HISTORICAL,player_match,2015-16,totalOppositionHalfPasses,pl_stats/A_Villa_7/players_match_stats/2015-16_players_match_stats.csv,
PL_PULSELIVE_HISTORICAL,player_match,2015-16,totalOwnHalfPasses,pl_stats/A_Villa_7/players_match_stats/2015-16_players_match_stats.csv,
PL_PULSELIVE_HISTORICAL,player_match,2015-16,totalPass,pl_stats/A_Villa_7/players_match_stats/2015-16_players_match_stats.csv,
PL_PULSELIVE_HISTORICAL,player_match,2015-16,totalShots,pl_stats/A_Villa_7/players_match_stats/2015-16_players_match_stats.csv,
PL_PULSELIVE_HISTORICAL,player_match,2015-16,totalTackle,pl_stats/A_Villa_7/players_match_stats/2015-16_players_match_stats.csv,
PL_PULSELIVE_HISTORICAL,player_match,2015-16,touches,pl_stats/A_Villa_7/players_match_stats/2015-16_players_match_stats.csv,
PL_PULSELIVE_HISTORICAL,player_match,2015-16,unsuccessfulTouch,pl_stats/A_Villa_7/players_match_stats/2015-16_players_match_stats.csv,
PL_PULSELIVE_HISTORICAL,player_match,2015-16,venue,pl_stats/A_Villa_7/players_match_stats/2015-16_players_match_stats.csv,
PL_PULSELIVE_HISTORICAL,player_match,2015-16,wasFouled,pl_stats/A_Villa_7/players_match_stats/2015-16_players_match_stats.csv,
PL_PULSELIVE_HISTORICAL,player_match,2015-16,wonContest,pl_stats/A_Villa_7/players_match_stats/2015-16_players_match_stats.csv,
PL_PULSELIVE_HISTORICAL,player_match,2016-17,accurateCross,pl_stats/Arsenal_3/players_match_stats/2016-17_players_match_stats.csv,
PL_PULSELIVE_HISTORICAL,player_match,2016-17,accurateKeeperSweeper,pl_stats/Arsenal_3/players_match_stats/2016-17_players_match_stats.csv,
PL_PULSELIVE_HISTORICAL,player_match,2016-17,accurateLongBalls,pl_stats/Arsenal_3/players_match_stats/2016-17_players_match_stats.csv,
PL_PULSELIVE_HISTORICAL,player_match,2016-17,accurateOppositionHalfPasses,pl_stats/Arsenal_3/players_match_stats/2016-17_players_match_stats.csv,
PL_PULSELIVE_HISTORICAL,player_match,2016-17,accurateOwnHalfPasses,pl_stats/Arsenal_3/players_match_stats/2016-17_players_match_stats.csv,
PL_PULSELIVE_HISTORICAL,player_match,2016-17,accuratePass,pl_stats/Arsenal_3/players_match_stats/2016-17_players_match_stats.csv,
PL_PULSELIVE_HISTORICAL,player_match,2016-17,aerialLost,pl_stats/Arsenal_3/players_match_stats/2016-17_players_match_stats.csv,
PL_PULSELIVE_HISTORICAL,player_match,2016-17,aerialWon,pl_stats/Arsenal_3/players_match_stats/2016-17_players_match_stats.csv,
PL_PULSELIVE_HISTORICAL,player_match,2016-17,ballRecovery,pl_stats/Arsenal_3/players_match_stats/2016-17_players_match_stats.csv,
PL_PULSELIVE_HISTORICAL,player_match,2016-17,bigChanceCreated,pl_stats/Arsenal_3/players_match_stats/2016-17_players_match_stats.csv,
PL_PULSELIVE_HISTORICAL,player_match,2016-17,bigChanceMissed,pl_stats/Arsenal_3/players_match_stats/2016-17_players_match_stats.csv,
PL_PULSELIVE_HISTORICAL,player_match,2016-17,blockedScoringAttempt,pl_stats/Arsenal_3/players_match_stats/2016-17_players_match_stats.csv,
PL_PULSELIVE_HISTORICAL,player_match,2016-17,challengeLost,pl_stats/Arsenal_3/players_match_stats/2016-17_players_match_stats.csv,
PL_PULSELIVE_HISTORICAL,player_match,2016-17,clearanceOffLine,pl_stats/Arsenal_3/players_match_stats/2016-17_players_match_stats.csv,
PL_PULSELIVE_HISTORICAL,player_match,2016-17,crossNotClaimed,pl_stats/Arsenal_3/players_match_stats/2016-17_players_match_stats.csv,
PL_PULSELIVE_HISTORICAL,player_match,2016-17,dispossessed,pl_stats/Arsenal_3/players_match_stats/2016-17_players_match_stats.csv,
PL_PULSELIVE_HISTORICAL,player_match,2016-17,duelLost,pl_stats/Arsenal_3/players_match_stats/2016-17_players_match_stats.csv,
PL_PULSELIVE_HISTORICAL,player_match,2016-17,duelWon,pl_stats/Arsenal_3/players_match_stats/2016-17_players_match_stats.csv,
PL_PULSELIVE_HISTORICAL,player_match,2016-17,errorLeadToAGoal,pl_stats/Arsenal_3/players_match_stats/2016-17_players_match_stats.csv,
PL_PULSELIVE_HISTORICAL,player_match,2016-17,errorLeadToAShot,pl_stats/Arsenal_3/players_match_stats/2016-17_players_match_stats.csv,
PL_PULSELIVE_HISTORICAL,player_match,2016-17,fouls,pl_stats/Arsenal_3/players_match_stats/2016-17_players_match_stats.csv,
PL_PULSELIVE_HISTORICAL,player_match,2016-17,gameweek,pl_stats/Arsenal_3/players_match_stats/2016-17_players_match_stats.csv,
PL_PULSELIVE_HISTORICAL,player_match,2016-17,goalAssist,pl_stats/Arsenal_3/players_match_stats/2016-17_players_match_stats.csv,
PL_PULSELIVE_HISTORICAL,player_match,2016-17,goals,pl_stats/Arsenal_3/players_match_stats/2016-17_players_match_stats.csv,
PL_PULSELIVE_HISTORICAL,player_match,2016-17,goodHighClaim,pl_stats/Arsenal_3/players_match_stats/2016-17_players_match_stats.csv,
PL_PULSELIVE_HISTORICAL,player_match,2016-17,hitWoodwork,pl_stats/Arsenal_3/players_match_stats/2016-17_players_match_stats.csv,
PL_PULSELIVE_HISTORICAL,player_match,2016-17,interceptionWon,pl_stats/Arsenal_3/players_match_stats/2016-17_players_match_stats.csv,
PL_PULSELIVE_HISTORICAL,player_match,2016-17,keyPass,pl_stats/Arsenal_3/players_match_stats/2016-17_players_match_stats.csv,
PL_PULSELIVE_HISTORICAL,player_match,2016-17,lastManTackle,pl_stats/Arsenal_3/players_match_stats/2016-17_players_match_stats.csv,
PL_PULSELIVE_HISTORICAL,player_match,2016-17,matchId,pl_stats/Arsenal_3/players_match_stats/2016-17_players_match_stats.csv,
PL_PULSELIVE_HISTORICAL,player_match,2016-17,minutesPlayed,pl_stats/Arsenal_3/players_match_stats/2016-17_players_match_stats.csv,
PL_PULSELIVE_HISTORICAL,player_match,2016-17,onTargetScoringAttempt,pl_stats/Arsenal_3/players_match_stats/2016-17_players_match_stats.csv,
PL_PULSELIVE_HISTORICAL,player_match,2016-17,outfielderBlock,pl_stats/Arsenal_3/players_match_stats/2016-17_players_match_stats.csv,
PL_PULSELIVE_HISTORICAL,player_match,2016-17,ownGoals,pl_stats/Arsenal_3/players_match_stats/2016-17_players_match_stats.csv,
PL_PULSELIVE_HISTORICAL,player_match,2016-17,penaltyConceded,pl_stats/Arsenal_3/players_match_stats/2016-17_players_match_stats.csv,
PL_PULSELIVE_HISTORICAL,player_match,2016-17,penaltyFaced,pl_stats/Arsenal_3/players_match_stats/2016-17_players_match_stats.csv,
PL_PULSELIVE_HISTORICAL,player_match,2016-17,penaltyMiss,pl_stats/Arsenal_3/players_match_stats/2016-17_players_match_stats.csv,
PL_PULSELIVE_HISTORICAL,player_match,2016-17,penaltyWon,pl_stats/Arsenal_3/players_match_stats/2016-17_players_match_stats.csv,
PL_PULSELIVE_HISTORICAL,player_match,2016-17,pl_code,pl_stats/Arsenal_3/players_match_stats/2016-17_players_match_stats.csv,
PL_PULSELIVE_HISTORICAL,player_match,2016-17,playerId,pl_stats/Arsenal_3/players_match_stats/2016-17_players_match_stats.csv,
PL_PULSELIVE_HISTORICAL,player_match,2016-17,playerName,pl_stats/Arsenal_3/players_match_stats/2016-17_players_match_stats.csv,
PL_PULSELIVE_HISTORICAL,player_match,2016-17,position,pl_stats/Arsenal_3/players_match_stats/2016-17_players_match_stats.csv,
PL_PULSELIVE_HISTORICAL,player_match,2016-17,possessionLostCtrl,pl_stats/Arsenal_3/players_match_stats/2016-17_players_match_stats.csv,
PL_PULSELIVE_HISTORICAL,player_match,2016-17,punches,pl_stats/Arsenal_3/players_match_stats/2016-17_players_match_stats.csv,
PL_PULSELIVE_HISTORICAL,player_match,2016-17,rating,pl_stats/Arsenal_3/players_match_stats/2016-17_players_match_stats.csv,
PL_PULSELIVE_HISTORICAL,player_match,2016-17,savedShotsFromInsideTheBox,pl_stats/Arsenal_3/players_match_stats/2016-17_players_match_stats.csv,
PL_PULSELIVE_HISTORICAL,player_match,2016-17,saves,pl_stats/Arsenal_3/players_match_stats/2016-17_players_match_stats.csv,
PL_PULSELIVE_HISTORICAL,player_match,2016-17,season,pl_stats/Arsenal_3/players_match_stats/2016-17_players_match_stats.csv,
PL_PULSELIVE_HISTORICAL,player_match,2016-17,shotOffTarget,pl_stats/Arsenal_3/players_match_stats/2016-17_players_match_stats.csv,
PL_PULSELIVE_HISTORICAL,player_match,2016-17,slug,pl_stats/Arsenal_3/players_match_stats/2016-17_players_match_stats.csv,
PL_PULSELIVE_HISTORICAL,player_match,2016-17,substitute,pl_stats/Arsenal_3/players_match_stats/2016-17_players_match_stats.csv,
PL_PULSELIVE_HISTORICAL,player_match,2016-17,substitute.1,pl_stats/Arsenal_3/players_match_stats/2016-17_players_match_stats.csv,
PL_PULSELIVE_HISTORICAL,player_match,2016-17,team,pl_stats/Arsenal_3/players_match_stats/2016-17_players_match_stats.csv,
PL_PULSELIVE_HISTORICAL,player_match,2016-17,team_id,pl_stats/Arsenal_3/players_match_stats/2016-17_players_match_stats.csv,
PL_PULSELIVE_HISTORICAL,player_match,2016-17,totalClearance,pl_stats/Arsenal_3/players_match_stats/2016-17_players_match_stats.csv,
PL_PULSELIVE_HISTORICAL,player_match,2016-17,totalContest,pl_stats/Arsenal_3/players_match_stats/2016-17_players_match_stats.csv,
PL_PULSELIVE_HISTORICAL,player_match,2016-17,totalCross,pl_stats/Arsenal_3/players_match_stats/2016-17_players_match_stats.csv,
PL_PULSELIVE_HISTORICAL,player_match,2016-17,totalKeeperSweeper,pl_stats/Arsenal_3/players_match_stats/2016-17_players_match_stats.csv,
PL_PULSELIVE_HISTORICAL,player_match,2016-17,totalLongBalls,pl_stats/Arsenal_3/players_match_stats/2016-17_players_match_stats.csv,
PL_PULSELIVE_HISTORICAL,player_match,2016-17,totalOffside,pl_stats/Arsenal_3/players_match_stats/2016-17_players_match_stats.csv,
PL_PULSELIVE_HISTORICAL,player_match,2016-17,totalOppositionHalfPasses,pl_stats/Arsenal_3/players_match_stats/2016-17_players_match_stats.csv,
PL_PULSELIVE_HISTORICAL,player_match,2016-17,totalOwnHalfPasses,pl_stats/Arsenal_3/players_match_stats/2016-17_players_match_stats.csv,
PL_PULSELIVE_HISTORICAL,player_match,2016-17,totalPass,pl_stats/Arsenal_3/players_match_stats/2016-17_players_match_stats.csv,
PL_PULSELIVE_HISTORICAL,player_match,2016-17,totalShots,pl_stats/Arsenal_3/players_match_stats/2016-17_players_match_stats.csv,
PL_PULSELIVE_HISTORICAL,player_match,2016-17,totalTackle,pl_stats/Arsenal_3/players_match_stats/2016-17_players_match_stats.csv,
PL_PULSELIVE_HISTORICAL,player_match,2016-17,touches,pl_stats/Arsenal_3/players_match_stats/2016-17_players_match_stats.csv,
PL_PULSELIVE_HISTORICAL,player_match,2016-17,unsuccessfulTouch,pl_stats/Arsenal_3/players_match_stats/2016-17_players_match_stats.csv,
PL_PULSELIVE_HISTORICAL,player_match,2016-17,venue,pl_stats/Arsenal_3/players_match_stats/2016-17_players_match_stats.csv,
PL_PULSELIVE_HISTORICAL,player_match,2016-17,wasFouled,pl_stats/Arsenal_3/players_match_stats/2016-17_players_match_stats.csv,
PL_PULSELIVE_HISTORICAL,player_match,2016-17,wonContest,pl_stats/Arsenal_3/players_match_stats/2016-17_players_match_stats.csv,
PL_PULSELIVE_HISTORICAL,player_match,2016-17,wonTackle,pl_stats/Arsenal_3/players_match_stats/2016-17_players_match_stats.csv,
PL_PULSELIVE_HISTORICAL,player_match,2017-18,accurateCross,pl_stats/Arsenal_3/players_match_stats/2017-18_players_match_stats.csv,
PL_PULSELIVE_HISTORICAL,player_match,2017-18,accurateKeeperSweeper,pl_stats/Arsenal_3/players_match_stats/2017-18_players_match_stats.csv,
PL_PULSELIVE_HISTORICAL,player_match,2017-18,accurateLongBalls,pl_stats/Arsenal_3/players_match_stats/2017-18_players_match_stats.csv,
PL_PULSELIVE_HISTORICAL,player_match,2017-18,accurateOppositionHalfPasses,pl_stats/Arsenal_3/players_match_stats/2017-18_players_match_stats.csv,
PL_PULSELIVE_HISTORICAL,player_match,2017-18,accurateOwnHalfPasses,pl_stats/Arsenal_3/players_match_stats/2017-18_players_match_stats.csv,
PL_PULSELIVE_HISTORICAL,player_match,2017-18,accuratePass,pl_stats/Arsenal_3/players_match_stats/2017-18_players_match_stats.csv,
PL_PULSELIVE_HISTORICAL,player_match,2017-18,aerialLost,pl_stats/Arsenal_3/players_match_stats/2017-18_players_match_stats.csv,
PL_PULSELIVE_HISTORICAL,player_match,2017-18,aerialWon,pl_stats/Arsenal_3/players_match_stats/2017-18_players_match_stats.csv,
PL_PULSELIVE_HISTORICAL,player_match,2017-18,ballRecovery,pl_stats/Arsenal_3/players_match_stats/2017-18_players_match_stats.csv,
PL_PULSELIVE_HISTORICAL,player_match,2017-18,bigChanceCreated,pl_stats/Arsenal_3/players_match_stats/2017-18_players_match_stats.csv,
PL_PULSELIVE_HISTORICAL,player_match,2017-18,bigChanceMissed,pl_stats/Arsenal_3/players_match_stats/2017-18_players_match_stats.csv,
PL_PULSELIVE_HISTORICAL,player_match,2017-18,blockedScoringAttempt,pl_stats/Arsenal_3/players_match_stats/2017-18_players_match_stats.csv,
PL_PULSELIVE_HISTORICAL,player_match,2017-18,challengeLost,pl_stats/Arsenal_3/players_match_stats/2017-18_players_match_stats.csv,
PL_PULSELIVE_HISTORICAL,player_match,2017-18,clearanceOffLine,pl_stats/Arsenal_3/players_match_stats/2017-18_players_match_stats.csv,
PL_PULSELIVE_HISTORICAL,player_match,2017-18,crossNotClaimed,pl_stats/Arsenal_3/players_match_stats/2017-18_players_match_stats.csv,
PL_PULSELIVE_HISTORICAL,player_match,2017-18,dispossessed,pl_stats/Arsenal_3/players_match_stats/2017-18_players_match_stats.csv,
PL_PULSELIVE_HISTORICAL,player_match,2017-18,duelLost,pl_stats/Arsenal_3/players_match_stats/2017-18_players_match_stats.csv,
PL_PULSELIVE_HISTORICAL,player_match,2017-18,duelWon,pl_stats/Arsenal_3/players_match_stats/2017-18_players_match_stats.csv,
PL_PULSELIVE_HISTORICAL,player_match,2017-18,errorLeadToAGoal,pl_stats/Arsenal_3/players_match_stats/2017-18_players_match_stats.csv,
PL_PULSELIVE_HISTORICAL,player_match,2017-18,errorLeadToAShot,pl_stats/Arsenal_3/players_match_stats/2017-18_players_match_stats.csv,
PL_PULSELIVE_HISTORICAL,player_match,2017-18,fouls,pl_stats/Arsenal_3/players_match_stats/2017-18_players_match_stats.csv,
PL_PULSELIVE_HISTORICAL,player_match,2017-18,gameweek,pl_stats/Arsenal_3/players_match_stats/2017-18_players_match_stats.csv,
PL_PULSELIVE_HISTORICAL,player_match,2017-18,goalAssist,pl_stats/Arsenal_3/players_match_stats/2017-18_players_match_stats.csv,
PL_PULSELIVE_HISTORICAL,player_match,2017-18,goals,pl_stats/Arsenal_3/players_match_stats/2017-18_players_match_stats.csv,
PL_PULSELIVE_HISTORICAL,player_match,2017-18,goodHighClaim,pl_stats/Arsenal_3/players_match_stats/2017-18_players_match_stats.csv,
PL_PULSELIVE_HISTORICAL,player_match,2017-18,hitWoodwork,pl_stats/Arsenal_3/players_match_stats/2017-18_players_match_stats.csv,
PL_PULSELIVE_HISTORICAL,player_match,2017-18,interceptionWon,pl_stats/Arsenal_3/players_match_stats/2017-18_players_match_stats.csv,
PL_PULSELIVE_HISTORICAL,player_match,2017-18,keyPass,pl_stats/Arsenal_3/players_match_stats/2017-18_players_match_stats.csv,
PL_PULSELIVE_HISTORICAL,player_match,2017-18,lastManTackle,pl_stats/Arsenal_3/players_match_stats/2017-18_players_match_stats.csv,
PL_PULSELIVE_HISTORICAL,player_match,2017-18,matchId,pl_stats/Arsenal_3/players_match_stats/2017-18_players_match_stats.csv,
PL_PULSELIVE_HISTORICAL,player_match,2017-18,minutesPlayed,pl_stats/Arsenal_3/players_match_stats/2017-18_players_match_stats.csv,
PL_PULSELIVE_HISTORICAL,player_match,2017-18,onTargetScoringAttempt,pl_stats/Arsenal_3/players_match_stats/2017-18_players_match_stats.csv,
PL_PULSELIVE_HISTORICAL,player_match,2017-18,outfielderBlock,pl_stats/Arsenal_3/players_match_stats/2017-18_players_match_stats.csv,
PL_PULSELIVE_HISTORICAL,player_match,2017-18,penaltyConceded,pl_stats/Arsenal_3/players_match_stats/2017-18_players_match_stats.csv,
PL_PULSELIVE_HISTORICAL,player_match,2017-18,penaltyFaced,pl_stats/Arsenal_3/players_match_stats/2017-18_players_match_stats.csv,
PL_PULSELIVE_HISTORICAL,player_match,2017-18,penaltyMiss,pl_stats/Arsenal_3/players_match_stats/2017-18_players_match_stats.csv,
PL_PULSELIVE_HISTORICAL,player_match,2017-18,penaltySave,pl_stats/Arsenal_3/players_match_stats/2017-18_players_match_stats.csv,
PL_PULSELIVE_HISTORICAL,player_match,2017-18,penaltyWon,pl_stats/Arsenal_3/players_match_stats/2017-18_players_match_stats.csv,
PL_PULSELIVE_HISTORICAL,player_match,2017-18,pl_code,pl_stats/Arsenal_3/players_match_stats/2017-18_players_match_stats.csv,
PL_PULSELIVE_HISTORICAL,player_match,2017-18,playerId,pl_stats/Arsenal_3/players_match_stats/2017-18_players_match_stats.csv,
PL_PULSELIVE_HISTORICAL,player_match,2017-18,playerName,pl_stats/Arsenal_3/players_match_stats/2017-18_players_match_stats.csv,
PL_PULSELIVE_HISTORICAL,player_match,2017-18,position,pl_stats/Arsenal_3/players_match_stats/2017-18_players_match_stats.csv,
PL_PULSELIVE_HISTORICAL,player_match,2017-18,possessionLostCtrl,pl_stats/Arsenal_3/players_match_stats/2017-18_players_match_stats.csv,
PL_PULSELIVE_HISTORICAL,player_match,2017-18,punches,pl_stats/Arsenal_3/players_match_stats/2017-18_players_match_stats.csv,
PL_PULSELIVE_HISTORICAL,player_match,2017-18,rating,pl_stats/Arsenal_3/players_match_stats/2017-18_players_match_stats.csv,
PL_PULSELIVE_HISTORICAL,player_match,2017-18,savedShotsFromInsideTheBox,pl_stats/Arsenal_3/players_match_stats/2017-18_players_match_stats.csv,
PL_PULSELIVE_HISTORICAL,player_match,2017-18,saves,pl_stats/Arsenal_3/players_match_stats/2017-18_players_match_stats.csv,
PL_PULSELIVE_HISTORICAL,player_match,2017-18,season,pl_stats/Arsenal_3/players_match_stats/2017-18_players_match_stats.csv,
PL_PULSELIVE_HISTORICAL,player_match,2017-18,shotOffTarget,pl_stats/Arsenal_3/players_match_stats/2017-18_players_match_stats.csv,
PL_PULSELIVE_HISTORICAL,player_match,2017-18,slug,pl_stats/Arsenal_3/players_match_stats/2017-18_players_match_stats.csv,
PL_PULSELIVE_HISTORICAL,player_match,2017-18,substitute,pl_stats/Arsenal_3/players_match_stats/2017-18_players_match_stats.csv,
PL_PULSELIVE_HISTORICAL,player_match,2017-18,substitute.1,pl_stats/Arsenal_3/players_match_stats/2017-18_players_match_stats.csv,
PL_PULSELIVE_HISTORICAL,player_match,2017-18,team,pl_stats/Arsenal_3/players_match_stats/2017-18_players_match_stats.csv,
PL_PULSELIVE_HISTORICAL,player_match,2017-18,team_id,pl_stats/Arsenal_3/players_match_stats/2017-18_players_match_stats.csv,
PL_PULSELIVE_HISTORICAL,player_match,2017-18,totalClearance,pl_stats/Arsenal_3/players_match_stats/2017-18_players_match_stats.csv,
PL_PULSELIVE_HISTORICAL,player_match,2017-18,totalContest,pl_stats/Arsenal_3/players_match_stats/2017-18_players_match_stats.csv,
PL_PULSELIVE_HISTORICAL,player_match,2017-18,totalCross,pl_stats/Arsenal_3/players_match_stats/2017-18_players_match_stats.csv,
PL_PULSELIVE_HISTORICAL,player_match,2017-18,totalKeeperSweeper,pl_stats/Arsenal_3/players_match_stats/2017-18_players_match_stats.csv,
PL_PULSELIVE_HISTORICAL,player_match,2017-18,totalLongBalls,pl_stats/Arsenal_3/players_match_stats/2017-18_players_match_stats.csv,
PL_PULSELIVE_HISTORICAL,player_match,2017-18,totalOffside,pl_stats/Arsenal_3/players_match_stats/2017-18_players_match_stats.csv,
PL_PULSELIVE_HISTORICAL,player_match,2017-18,totalOppositionHalfPasses,pl_stats/Arsenal_3/players_match_stats/2017-18_players_match_stats.csv,
PL_PULSELIVE_HISTORICAL,player_match,2017-18,totalOwnHalfPasses,pl_stats/Arsenal_3/players_match_stats/2017-18_players_match_stats.csv,
PL_PULSELIVE_HISTORICAL,player_match,2017-18,totalPass,pl_stats/Arsenal_3/players_match_stats/2017-18_players_match_stats.csv,
PL_PULSELIVE_HISTORICAL,player_match,2017-18,totalShots,pl_stats/Arsenal_3/players_match_stats/2017-18_players_match_stats.csv,
PL_PULSELIVE_HISTORICAL,player_match,2017-18,totalTackle,pl_stats/Arsenal_3/players_match_stats/2017-18_players_match_stats.csv,
PL_PULSELIVE_HISTORICAL,player_match,2017-18,touches,pl_stats/Arsenal_3/players_match_stats/2017-18_players_match_stats.csv,
PL_PULSELIVE_HISTORICAL,player_match,2017-18,unsuccessfulTouch,pl_stats/Arsenal_3/players_match_stats/2017-18_players_match_stats.csv,
PL_PULSELIVE_HISTORICAL,player_match,2017-18,venue,pl_stats/Arsenal_3/players_match_stats/2017-18_players_match_stats.csv,
PL_PULSELIVE_HISTORICAL,player_match,2017-18,wasFouled,pl_stats/Arsenal_3/players_match_stats/2017-18_players_match_stats.csv,
PL_PULSELIVE_HISTORICAL,player_match,2017-18,wonContest,pl_stats/Arsenal_3/players_match_stats/2017-18_players_match_stats.csv,
PL_PULSELIVE_HISTORICAL,player_match,2017-18,wonTackle,pl_stats/Arsenal_3/players_match_stats/2017-18_players_match_stats.csv,
PL_PULSELIVE_HISTORICAL,player_match,2018-19,accurateCross,pl_stats/Arsenal_3/players_match_stats/2018-19_players_match_stats.csv,
PL_PULSELIVE_HISTORICAL,player_match,2018-19,accurateKeeperSweeper,pl_stats/Arsenal_3/players_match_stats/2018-19_players_match_stats.csv,
PL_PULSELIVE_HISTORICAL,player_match,2018-19,accurateLongBalls,pl_stats/Arsenal_3/players_match_stats/2018-19_players_match_stats.csv,
PL_PULSELIVE_HISTORICAL,player_match,2018-19,accurateOppositionHalfPasses,pl_stats/Arsenal_3/players_match_stats/2018-19_players_match_stats.csv,
PL_PULSELIVE_HISTORICAL,player_match,2018-19,accurateOwnHalfPasses,pl_stats/Arsenal_3/players_match_stats/2018-19_players_match_stats.csv,
PL_PULSELIVE_HISTORICAL,player_match,2018-19,accuratePass,pl_stats/Arsenal_3/players_match_stats/2018-19_players_match_stats.csv,
PL_PULSELIVE_HISTORICAL,player_match,2018-19,aerialLost,pl_stats/Arsenal_3/players_match_stats/2018-19_players_match_stats.csv,
PL_PULSELIVE_HISTORICAL,player_match,2018-19,aerialWon,pl_stats/Arsenal_3/players_match_stats/2018-19_players_match_stats.csv,
PL_PULSELIVE_HISTORICAL,player_match,2018-19,ballRecovery,pl_stats/Arsenal_3/players_match_stats/2018-19_players_match_stats.csv,
PL_PULSELIVE_HISTORICAL,player_match,2018-19,bigChanceCreated,pl_stats/Arsenal_3/players_match_stats/2018-19_players_match_stats.csv,
PL_PULSELIVE_HISTORICAL,player_match,2018-19,bigChanceMissed,pl_stats/Arsenal_3/players_match_stats/2018-19_players_match_stats.csv,
PL_PULSELIVE_HISTORICAL,player_match,2018-19,blockedScoringAttempt,pl_stats/Arsenal_3/players_match_stats/2018-19_players_match_stats.csv,
PL_PULSELIVE_HISTORICAL,player_match,2018-19,challengeLost,pl_stats/Arsenal_3/players_match_stats/2018-19_players_match_stats.csv,
PL_PULSELIVE_HISTORICAL,player_match,2018-19,clearanceOffLine,pl_stats/Arsenal_3/players_match_stats/2018-19_players_match_stats.csv,
PL_PULSELIVE_HISTORICAL,player_match,2018-19,crossNotClaimed,pl_stats/Arsenal_3/players_match_stats/2018-19_players_match_stats.csv,
PL_PULSELIVE_HISTORICAL,player_match,2018-19,dispossessed,pl_stats/Arsenal_3/players_match_stats/2018-19_players_match_stats.csv,
PL_PULSELIVE_HISTORICAL,player_match,2018-19,duelLost,pl_stats/Arsenal_3/players_match_stats/2018-19_players_match_stats.csv,
PL_PULSELIVE_HISTORICAL,player_match,2018-19,duelWon,pl_stats/Arsenal_3/players_match_stats/2018-19_players_match_stats.csv,
PL_PULSELIVE_HISTORICAL,player_match,2018-19,errorLeadToAGoal,pl_stats/Arsenal_3/players_match_stats/2018-19_players_match_stats.csv,
PL_PULSELIVE_HISTORICAL,player_match,2018-19,errorLeadToAShot,pl_stats/Arsenal_3/players_match_stats/2018-19_players_match_stats.csv,
PL_PULSELIVE_HISTORICAL,player_match,2018-19,fouls,pl_stats/Arsenal_3/players_match_stats/2018-19_players_match_stats.csv,
PL_PULSELIVE_HISTORICAL,player_match,2018-19,gameweek,pl_stats/Arsenal_3/players_match_stats/2018-19_players_match_stats.csv,
PL_PULSELIVE_HISTORICAL,player_match,2018-19,goalAssist,pl_stats/Arsenal_3/players_match_stats/2018-19_players_match_stats.csv,
PL_PULSELIVE_HISTORICAL,player_match,2018-19,goals,pl_stats/Arsenal_3/players_match_stats/2018-19_players_match_stats.csv,
PL_PULSELIVE_HISTORICAL,player_match,2018-19,goodHighClaim,pl_stats/Arsenal_3/players_match_stats/2018-19_players_match_stats.csv,
PL_PULSELIVE_HISTORICAL,player_match,2018-19,hitWoodwork,pl_stats/Arsenal_3/players_match_stats/2018-19_players_match_stats.csv,
PL_PULSELIVE_HISTORICAL,player_match,2018-19,interceptionWon,pl_stats/Arsenal_3/players_match_stats/2018-19_players_match_stats.csv,
PL_PULSELIVE_HISTORICAL,player_match,2018-19,keyPass,pl_stats/Arsenal_3/players_match_stats/2018-19_players_match_stats.csv,
PL_PULSELIVE_HISTORICAL,player_match,2018-19,lastManTackle,pl_stats/Arsenal_3/players_match_stats/2018-19_players_match_stats.csv,
PL_PULSELIVE_HISTORICAL,player_match,2018-19,matchId,pl_stats/Arsenal_3/players_match_stats/2018-19_players_match_stats.csv,
PL_PULSELIVE_HISTORICAL,player_match,2018-19,minutesPlayed,pl_stats/Arsenal_3/players_match_stats/2018-19_players_match_stats.csv,
PL_PULSELIVE_HISTORICAL,player_match,2018-19,onTargetScoringAttempt,pl_stats/Arsenal_3/players_match_stats/2018-19_players_match_stats.csv,
PL_PULSELIVE_HISTORICAL,player_match,2018-19,outfielderBlock,pl_stats/Arsenal_3/players_match_stats/2018-19_players_match_stats.csv,
PL_PULSELIVE_HISTORICAL,player_match,2018-19,ownGoals,pl_stats/Arsenal_3/players_match_stats/2018-19_players_match_stats.csv,
PL_PULSELIVE_HISTORICAL,player_match,2018-19,penaltyConceded,pl_stats/Arsenal_3/players_match_stats/2018-19_players_match_stats.csv,
PL_PULSELIVE_HISTORICAL,player_match,2018-19,penaltyFaced,pl_stats/Arsenal_3/players_match_stats/2018-19_players_match_stats.csv,
PL_PULSELIVE_HISTORICAL,player_match,2018-19,penaltyMiss,pl_stats/Arsenal_3/players_match_stats/2018-19_players_match_stats.csv,
PL_PULSELIVE_HISTORICAL,player_match,2018-19,penaltyWon,pl_stats/Arsenal_3/players_match_stats/2018-19_players_match_stats.csv,
PL_PULSELIVE_HISTORICAL,player_match,2018-19,pl_code,pl_stats/Arsenal_3/players_match_stats/2018-19_players_match_stats.csv,
PL_PULSELIVE_HISTORICAL,player_match,2018-19,playerId,pl_stats/Arsenal_3/players_match_stats/2018-19_players_match_stats.csv,
PL_PULSELIVE_HISTORICAL,player_match,2018-19,playerName,pl_stats/Arsenal_3/players_match_stats/2018-19_players_match_stats.csv,
PL_PULSELIVE_HISTORICAL,player_match,2018-19,position,pl_stats/Arsenal_3/players_match_stats/2018-19_players_match_stats.csv,
PL_PULSELIVE_HISTORICAL,player_match,2018-19,possessionLostCtrl,pl_stats/Arsenal_3/players_match_stats/2018-19_players_match_stats.csv,
PL_PULSELIVE_HISTORICAL,player_match,2018-19,punches,pl_stats/Arsenal_3/players_match_stats/2018-19_players_match_stats.csv,
PL_PULSELIVE_HISTORICAL,player_match,2018-19,rating,pl_stats/Arsenal_3/players_match_stats/2018-19_players_match_stats.csv,
PL_PULSELIVE_HISTORICAL,player_match,2018-19,savedShotsFromInsideTheBox,pl_stats/Arsenal_3/players_match_stats/2018-19_players_match_stats.csv,
PL_PULSELIVE_HISTORICAL,player_match,2018-19,saves,pl_stats/Arsenal_3/players_match_stats/2018-19_players_match_stats.csv,
PL_PULSELIVE_HISTORICAL,player_match,2018-19,season,pl_stats/Arsenal_3/players_match_stats/2018-19_players_match_stats.csv,
PL_PULSELIVE_HISTORICAL,player_match,2018-19,shotOffTarget,pl_stats/Arsenal_3/players_match_stats/2018-19_players_match_stats.csv,
PL_PULSELIVE_HISTORICAL,player_match,2018-19,slug,pl_stats/Arsenal_3/players_match_stats/2018-19_players_match_stats.csv,
PL_PULSELIVE_HISTORICAL,player_match,2018-19,substitute,pl_stats/Arsenal_3/players_match_stats/2018-19_players_match_stats.csv,
PL_PULSELIVE_HISTORICAL,player_match,2018-19,substitute.1,pl_stats/Arsenal_3/players_match_stats/2018-19_players_match_stats.csv,
PL_PULSELIVE_HISTORICAL,player_match,2018-19,team,pl_stats/Arsenal_3/players_match_stats/2018-19_players_match_stats.csv,
PL_PULSELIVE_HISTORICAL,player_match,2018-19,team_id,pl_stats/Arsenal_3/players_match_stats/2018-19_players_match_stats.csv,
PL_PULSELIVE_HISTORICAL,player_match,2018-19,totalClearance,pl_stats/Arsenal_3/players_match_stats/2018-19_players_match_stats.csv,
PL_PULSELIVE_HISTORICAL,player_match,2018-19,totalContest,pl_stats/Arsenal_3/players_match_stats/2018-19_players_match_stats.csv,
PL_PULSELIVE_HISTORICAL,player_match,2018-19,totalCross,pl_stats/Arsenal_3/players_match_stats/2018-19_players_match_stats.csv,
PL_PULSELIVE_HISTORICAL,player_match,2018-19,totalKeeperSweeper,pl_stats/Arsenal_3/players_match_stats/2018-19_players_match_stats.csv,
PL_PULSELIVE_HISTORICAL,player_match,2018-19,totalLongBalls,pl_stats/Arsenal_3/players_match_stats/2018-19_players_match_stats.csv,
PL_PULSELIVE_HISTORICAL,player_match,2018-19,totalOffside,pl_stats/Arsenal_3/players_match_stats/2018-19_players_match_stats.csv,
PL_PULSELIVE_HISTORICAL,player_match,2018-19,totalOppositionHalfPasses,pl_stats/Arsenal_3/players_match_stats/2018-19_players_match_stats.csv,
PL_PULSELIVE_HISTORICAL,player_match,2018-19,totalOwnHalfPasses,pl_stats/Arsenal_3/players_match_stats/2018-19_players_match_stats.csv,
PL_PULSELIVE_HISTORICAL,player_match,2018-19,totalPass,pl_stats/Arsenal_3/players_match_stats/2018-19_players_match_stats.csv,
PL_PULSELIVE_HISTORICAL,player_match,2018-19,totalShots,pl_stats/Arsenal_3/players_match_stats/2018-19_players_match_stats.csv,
PL_PULSELIVE_HISTORICAL,player_match,2018-19,totalTackle,pl_stats/Arsenal_3/players_match_stats/2018-19_players_match_stats.csv,
PL_PULSELIVE_HISTORICAL,player_match,2018-19,touches,pl_stats/Arsenal_3/players_match_stats/2018-19_players_match_stats.csv,
PL_PULSELIVE_HISTORICAL,player_match,2018-19,unsuccessfulTouch,pl_stats/Arsenal_3/players_match_stats/2018-19_players_match_stats.csv,
PL_PULSELIVE_HISTORICAL,player_match,2018-19,venue,pl_stats/Arsenal_3/players_match_stats/2018-19_players_match_stats.csv,
PL_PULSELIVE_HISTORICAL,player_match,2018-19,wasFouled,pl_stats/Arsenal_3/players_match_stats/2018-19_players_match_stats.csv,
PL_PULSELIVE_HISTORICAL,player_match,2018-19,wonContest,pl_stats/Arsenal_3/players_match_stats/2018-19_players_match_stats.csv,
PL_PULSELIVE_HISTORICAL,player_match,2018-19,wonTackle,pl_stats/Arsenal_3/players_match_stats/2018-19_players_match_stats.csv,
PL_PULSELIVE_HISTORICAL,player_match,2019-20,accurateCross,pl_stats/A_Villa_7/players_match_stats/2019-20_players_match_stats.csv,
PL_PULSELIVE_HISTORICAL,player_match,2019-20,accurateKeeperSweeper,pl_stats/A_Villa_7/players_match_stats/2019-20_players_match_stats.csv,
PL_PULSELIVE_HISTORICAL,player_match,2019-20,accurateLongBalls,pl_stats/A_Villa_7/players_match_stats/2019-20_players_match_stats.csv,
PL_PULSELIVE_HISTORICAL,player_match,2019-20,accurateOppositionHalfPasses,pl_stats/A_Villa_7/players_match_stats/2019-20_players_match_stats.csv,
PL_PULSELIVE_HISTORICAL,player_match,2019-20,accurateOwnHalfPasses,pl_stats/A_Villa_7/players_match_stats/2019-20_players_match_stats.csv,
PL_PULSELIVE_HISTORICAL,player_match,2019-20,accuratePass,pl_stats/A_Villa_7/players_match_stats/2019-20_players_match_stats.csv,
PL_PULSELIVE_HISTORICAL,player_match,2019-20,aerialLost,pl_stats/A_Villa_7/players_match_stats/2019-20_players_match_stats.csv,
PL_PULSELIVE_HISTORICAL,player_match,2019-20,aerialWon,pl_stats/A_Villa_7/players_match_stats/2019-20_players_match_stats.csv,
PL_PULSELIVE_HISTORICAL,player_match,2019-20,ballRecovery,pl_stats/A_Villa_7/players_match_stats/2019-20_players_match_stats.csv,
PL_PULSELIVE_HISTORICAL,player_match,2019-20,bigChanceCreated,pl_stats/A_Villa_7/players_match_stats/2019-20_players_match_stats.csv,
PL_PULSELIVE_HISTORICAL,player_match,2019-20,bigChanceMissed,pl_stats/A_Villa_7/players_match_stats/2019-20_players_match_stats.csv,
PL_PULSELIVE_HISTORICAL,player_match,2019-20,blockedScoringAttempt,pl_stats/A_Villa_7/players_match_stats/2019-20_players_match_stats.csv,
PL_PULSELIVE_HISTORICAL,player_match,2019-20,challengeLost,pl_stats/A_Villa_7/players_match_stats/2019-20_players_match_stats.csv,
PL_PULSELIVE_HISTORICAL,player_match,2019-20,clearanceOffLine,pl_stats/A_Villa_7/players_match_stats/2019-20_players_match_stats.csv,
PL_PULSELIVE_HISTORICAL,player_match,2019-20,dispossessed,pl_stats/A_Villa_7/players_match_stats/2019-20_players_match_stats.csv,
PL_PULSELIVE_HISTORICAL,player_match,2019-20,duelLost,pl_stats/A_Villa_7/players_match_stats/2019-20_players_match_stats.csv,
PL_PULSELIVE_HISTORICAL,player_match,2019-20,duelWon,pl_stats/A_Villa_7/players_match_stats/2019-20_players_match_stats.csv,
PL_PULSELIVE_HISTORICAL,player_match,2019-20,errorLeadToAGoal,pl_stats/A_Villa_7/players_match_stats/2019-20_players_match_stats.csv,
PL_PULSELIVE_HISTORICAL,player_match,2019-20,errorLeadToAShot,pl_stats/A_Villa_7/players_match_stats/2019-20_players_match_stats.csv,
PL_PULSELIVE_HISTORICAL,player_match,2019-20,fouls,pl_stats/A_Villa_7/players_match_stats/2019-20_players_match_stats.csv,
PL_PULSELIVE_HISTORICAL,player_match,2019-20,gameweek,pl_stats/A_Villa_7/players_match_stats/2019-20_players_match_stats.csv,
PL_PULSELIVE_HISTORICAL,player_match,2019-20,goalAssist,pl_stats/A_Villa_7/players_match_stats/2019-20_players_match_stats.csv,
PL_PULSELIVE_HISTORICAL,player_match,2019-20,goals,pl_stats/A_Villa_7/players_match_stats/2019-20_players_match_stats.csv,
PL_PULSELIVE_HISTORICAL,player_match,2019-20,goodHighClaim,pl_stats/A_Villa_7/players_match_stats/2019-20_players_match_stats.csv,
PL_PULSELIVE_HISTORICAL,player_match,2019-20,hitWoodwork,pl_stats/A_Villa_7/players_match_stats/2019-20_players_match_stats.csv,
PL_PULSELIVE_HISTORICAL,player_match,2019-20,interceptionWon,pl_stats/A_Villa_7/players_match_stats/2019-20_players_match_stats.csv,
PL_PULSELIVE_HISTORICAL,player_match,2019-20,keyPass,pl_stats/A_Villa_7/players_match_stats/2019-20_players_match_stats.csv,
PL_PULSELIVE_HISTORICAL,player_match,2019-20,lastManTackle,pl_stats/A_Villa_7/players_match_stats/2019-20_players_match_stats.csv,
PL_PULSELIVE_HISTORICAL,player_match,2019-20,matchId,pl_stats/A_Villa_7/players_match_stats/2019-20_players_match_stats.csv,
PL_PULSELIVE_HISTORICAL,player_match,2019-20,minutesPlayed,pl_stats/A_Villa_7/players_match_stats/2019-20_players_match_stats.csv,
PL_PULSELIVE_HISTORICAL,player_match,2019-20,onTargetScoringAttempt,pl_stats/A_Villa_7/players_match_stats/2019-20_players_match_stats.csv,
PL_PULSELIVE_HISTORICAL,player_match,2019-20,outfielderBlock,pl_stats/A_Villa_7/players_match_stats/2019-20_players_match_stats.csv,
PL_PULSELIVE_HISTORICAL,player_match,2019-20,ownGoals,pl_stats/A_Villa_7/players_match_stats/2019-20_players_match_stats.csv,
PL_PULSELIVE_HISTORICAL,player_match,2019-20,penaltyConceded,pl_stats/A_Villa_7/players_match_stats/2019-20_players_match_stats.csv,
PL_PULSELIVE_HISTORICAL,player_match,2019-20,penaltyFaced,pl_stats/A_Villa_7/players_match_stats/2019-20_players_match_stats.csv,
PL_PULSELIVE_HISTORICAL,player_match,2019-20,penaltyMiss,pl_stats/A_Villa_7/players_match_stats/2019-20_players_match_stats.csv,
PL_PULSELIVE_HISTORICAL,player_match,2019-20,penaltySave,pl_stats/A_Villa_7/players_match_stats/2019-20_players_match_stats.csv,
PL_PULSELIVE_HISTORICAL,player_match,2019-20,penaltyWon,pl_stats/A_Villa_7/players_match_stats/2019-20_players_match_stats.csv,
PL_PULSELIVE_HISTORICAL,player_match,2019-20,pl_code,pl_stats/A_Villa_7/players_match_stats/2019-20_players_match_stats.csv,
PL_PULSELIVE_HISTORICAL,player_match,2019-20,playerId,pl_stats/A_Villa_7/players_match_stats/2019-20_players_match_stats.csv,
PL_PULSELIVE_HISTORICAL,player_match,2019-20,playerName,pl_stats/A_Villa_7/players_match_stats/2019-20_players_match_stats.csv,
PL_PULSELIVE_HISTORICAL,player_match,2019-20,position,pl_stats/A_Villa_7/players_match_stats/2019-20_players_match_stats.csv,
PL_PULSELIVE_HISTORICAL,player_match,2019-20,possessionLostCtrl,pl_stats/A_Villa_7/players_match_stats/2019-20_players_match_stats.csv,
PL_PULSELIVE_HISTORICAL,player_match,2019-20,punches,pl_stats/A_Villa_7/players_match_stats/2019-20_players_match_stats.csv,
PL_PULSELIVE_HISTORICAL,player_match,2019-20,rating,pl_stats/A_Villa_7/players_match_stats/2019-20_players_match_stats.csv,
PL_PULSELIVE_HISTORICAL,player_match,2019-20,savedShotsFromInsideTheBox,pl_stats/A_Villa_7/players_match_stats/2019-20_players_match_stats.csv,
PL_PULSELIVE_HISTORICAL,player_match,2019-20,saves,pl_stats/A_Villa_7/players_match_stats/2019-20_players_match_stats.csv,
PL_PULSELIVE_HISTORICAL,player_match,2019-20,season,pl_stats/A_Villa_7/players_match_stats/2019-20_players_match_stats.csv,
PL_PULSELIVE_HISTORICAL,player_match,2019-20,shotOffTarget,pl_stats/A_Villa_7/players_match_stats/2019-20_players_match_stats.csv,
PL_PULSELIVE_HISTORICAL,player_match,2019-20,slug,pl_stats/A_Villa_7/players_match_stats/2019-20_players_match_stats.csv,
PL_PULSELIVE_HISTORICAL,player_match,2019-20,substitute,pl_stats/A_Villa_7/players_match_stats/2019-20_players_match_stats.csv,
PL_PULSELIVE_HISTORICAL,player_match,2019-20,substitute.1,pl_stats/A_Villa_7/players_match_stats/2019-20_players_match_stats.csv,
PL_PULSELIVE_HISTORICAL,player_match,2019-20,team,pl_stats/A_Villa_7/players_match_stats/2019-20_players_match_stats.csv,
PL_PULSELIVE_HISTORICAL,player_match,2019-20,team_id,pl_stats/A_Villa_7/players_match_stats/2019-20_players_match_stats.csv,
PL_PULSELIVE_HISTORICAL,player_match,2019-20,totalClearance,pl_stats/A_Villa_7/players_match_stats/2019-20_players_match_stats.csv,
PL_PULSELIVE_HISTORICAL,player_match,2019-20,totalContest,pl_stats/A_Villa_7/players_match_stats/2019-20_players_match_stats.csv,
PL_PULSELIVE_HISTORICAL,player_match,2019-20,totalCross,pl_stats/A_Villa_7/players_match_stats/2019-20_players_match_stats.csv,
PL_PULSELIVE_HISTORICAL,player_match,2019-20,totalKeeperSweeper,pl_stats/A_Villa_7/players_match_stats/2019-20_players_match_stats.csv,
PL_PULSELIVE_HISTORICAL,player_match,2019-20,totalLongBalls,pl_stats/A_Villa_7/players_match_stats/2019-20_players_match_stats.csv,
PL_PULSELIVE_HISTORICAL,player_match,2019-20,totalOffside,pl_stats/A_Villa_7/players_match_stats/2019-20_players_match_stats.csv,
PL_PULSELIVE_HISTORICAL,player_match,2019-20,totalOppositionHalfPasses,pl_stats/A_Villa_7/players_match_stats/2019-20_players_match_stats.csv,
PL_PULSELIVE_HISTORICAL,player_match,2019-20,totalOwnHalfPasses,pl_stats/A_Villa_7/players_match_stats/2019-20_players_match_stats.csv,
PL_PULSELIVE_HISTORICAL,player_match,2019-20,totalPass,pl_stats/A_Villa_7/players_match_stats/2019-20_players_match_stats.csv,
PL_PULSELIVE_HISTORICAL,player_match,2019-20,totalShots,pl_stats/A_Villa_7/players_match_stats/2019-20_players_match_stats.csv,
PL_PULSELIVE_HISTORICAL,player_match,2019-20,totalTackle,pl_stats/A_Villa_7/players_match_stats/2019-20_players_match_stats.csv,
PL_PULSELIVE_HISTORICAL,player_match,2019-20,touches,pl_stats/A_Villa_7/players_match_stats/2019-20_players_match_stats.csv,
PL_PULSELIVE_HISTORICAL,player_match,2019-20,unsuccessfulTouch,pl_stats/A_Villa_7/players_match_stats/2019-20_players_match_stats.csv,
PL_PULSELIVE_HISTORICAL,player_match,2019-20,venue,pl_stats/A_Villa_7/players_match_stats/2019-20_players_match_stats.csv,
PL_PULSELIVE_HISTORICAL,player_match,2019-20,wasFouled,pl_stats/A_Villa_7/players_match_stats/2019-20_players_match_stats.csv,
PL_PULSELIVE_HISTORICAL,player_match,2019-20,wonContest,pl_stats/A_Villa_7/players_match_stats/2019-20_players_match_stats.csv,
PL_PULSELIVE_HISTORICAL,player_match,2019-20,wonTackle,pl_stats/A_Villa_7/players_match_stats/2019-20_players_match_stats.csv,
PL_PULSELIVE_HISTORICAL,player_match,2020-21,accurateCross,pl_stats/A_Villa_7/players_match_stats/2020-21_players_match_stats.csv,
PL_PULSELIVE_HISTORICAL,player_match,2020-21,accurateKeeperSweeper,pl_stats/A_Villa_7/players_match_stats/2020-21_players_match_stats.csv,
PL_PULSELIVE_HISTORICAL,player_match,2020-21,accurateLongBalls,pl_stats/A_Villa_7/players_match_stats/2020-21_players_match_stats.csv,
PL_PULSELIVE_HISTORICAL,player_match,2020-21,accurateOppositionHalfPasses,pl_stats/A_Villa_7/players_match_stats/2020-21_players_match_stats.csv,
PL_PULSELIVE_HISTORICAL,player_match,2020-21,accurateOwnHalfPasses,pl_stats/A_Villa_7/players_match_stats/2020-21_players_match_stats.csv,
PL_PULSELIVE_HISTORICAL,player_match,2020-21,accuratePass,pl_stats/A_Villa_7/players_match_stats/2020-21_players_match_stats.csv,
PL_PULSELIVE_HISTORICAL,player_match,2020-21,aerialLost,pl_stats/A_Villa_7/players_match_stats/2020-21_players_match_stats.csv,
PL_PULSELIVE_HISTORICAL,player_match,2020-21,aerialWon,pl_stats/A_Villa_7/players_match_stats/2020-21_players_match_stats.csv,
PL_PULSELIVE_HISTORICAL,player_match,2020-21,ballRecovery,pl_stats/A_Villa_7/players_match_stats/2020-21_players_match_stats.csv,
PL_PULSELIVE_HISTORICAL,player_match,2020-21,bigChanceCreated,pl_stats/A_Villa_7/players_match_stats/2020-21_players_match_stats.csv,
PL_PULSELIVE_HISTORICAL,player_match,2020-21,bigChanceMissed,pl_stats/A_Villa_7/players_match_stats/2020-21_players_match_stats.csv,
PL_PULSELIVE_HISTORICAL,player_match,2020-21,blockedScoringAttempt,pl_stats/A_Villa_7/players_match_stats/2020-21_players_match_stats.csv,
PL_PULSELIVE_HISTORICAL,player_match,2020-21,challengeLost,pl_stats/A_Villa_7/players_match_stats/2020-21_players_match_stats.csv,
PL_PULSELIVE_HISTORICAL,player_match,2020-21,clearanceOffLine,pl_stats/A_Villa_7/players_match_stats/2020-21_players_match_stats.csv,
PL_PULSELIVE_HISTORICAL,player_match,2020-21,crossNotClaimed,pl_stats/A_Villa_7/players_match_stats/2020-21_players_match_stats.csv,
PL_PULSELIVE_HISTORICAL,player_match,2020-21,dispossessed,pl_stats/A_Villa_7/players_match_stats/2020-21_players_match_stats.csv,
PL_PULSELIVE_HISTORICAL,player_match,2020-21,duelLost,pl_stats/A_Villa_7/players_match_stats/2020-21_players_match_stats.csv,
PL_PULSELIVE_HISTORICAL,player_match,2020-21,duelWon,pl_stats/A_Villa_7/players_match_stats/2020-21_players_match_stats.csv,
PL_PULSELIVE_HISTORICAL,player_match,2020-21,errorLeadToAGoal,pl_stats/A_Villa_7/players_match_stats/2020-21_players_match_stats.csv,
PL_PULSELIVE_HISTORICAL,player_match,2020-21,errorLeadToAShot,pl_stats/A_Villa_7/players_match_stats/2020-21_players_match_stats.csv,
PL_PULSELIVE_HISTORICAL,player_match,2020-21,fouls,pl_stats/A_Villa_7/players_match_stats/2020-21_players_match_stats.csv,
PL_PULSELIVE_HISTORICAL,player_match,2020-21,gameweek,pl_stats/A_Villa_7/players_match_stats/2020-21_players_match_stats.csv,
PL_PULSELIVE_HISTORICAL,player_match,2020-21,goalAssist,pl_stats/A_Villa_7/players_match_stats/2020-21_players_match_stats.csv,
PL_PULSELIVE_HISTORICAL,player_match,2020-21,goals,pl_stats/A_Villa_7/players_match_stats/2020-21_players_match_stats.csv,
PL_PULSELIVE_HISTORICAL,player_match,2020-21,goodHighClaim,pl_stats/A_Villa_7/players_match_stats/2020-21_players_match_stats.csv,
PL_PULSELIVE_HISTORICAL,player_match,2020-21,hitWoodwork,pl_stats/A_Villa_7/players_match_stats/2020-21_players_match_stats.csv,
PL_PULSELIVE_HISTORICAL,player_match,2020-21,interceptionWon,pl_stats/A_Villa_7/players_match_stats/2020-21_players_match_stats.csv,
PL_PULSELIVE_HISTORICAL,player_match,2020-21,keyPass,pl_stats/A_Villa_7/players_match_stats/2020-21_players_match_stats.csv,
PL_PULSELIVE_HISTORICAL,player_match,2020-21,lastManTackle,pl_stats/A_Villa_7/players_match_stats/2020-21_players_match_stats.csv,
PL_PULSELIVE_HISTORICAL,player_match,2020-21,matchId,pl_stats/A_Villa_7/players_match_stats/2020-21_players_match_stats.csv,
PL_PULSELIVE_HISTORICAL,player_match,2020-21,minutesPlayed,pl_stats/A_Villa_7/players_match_stats/2020-21_players_match_stats.csv,
PL_PULSELIVE_HISTORICAL,player_match,2020-21,onTargetScoringAttempt,pl_stats/A_Villa_7/players_match_stats/2020-21_players_match_stats.csv,
PL_PULSELIVE_HISTORICAL,player_match,2020-21,outfielderBlock,pl_stats/A_Villa_7/players_match_stats/2020-21_players_match_stats.csv,
PL_PULSELIVE_HISTORICAL,player_match,2020-21,ownGoals,pl_stats/A_Villa_7/players_match_stats/2020-21_players_match_stats.csv,
PL_PULSELIVE_HISTORICAL,player_match,2020-21,penaltyConceded,pl_stats/A_Villa_7/players_match_stats/2020-21_players_match_stats.csv,
PL_PULSELIVE_HISTORICAL,player_match,2020-21,penaltyFaced,pl_stats/A_Villa_7/players_match_stats/2020-21_players_match_stats.csv,
PL_PULSELIVE_HISTORICAL,player_match,2020-21,penaltyMiss,pl_stats/A_Villa_7/players_match_stats/2020-21_players_match_stats.csv,
PL_PULSELIVE_HISTORICAL,player_match,2020-21,penaltySave,pl_stats/A_Villa_7/players_match_stats/2020-21_players_match_stats.csv,
PL_PULSELIVE_HISTORICAL,player_match,2020-21,penaltyWon,pl_stats/A_Villa_7/players_match_stats/2020-21_players_match_stats.csv,
PL_PULSELIVE_HISTORICAL,player_match,2020-21,pl_code,pl_stats/A_Villa_7/players_match_stats/2020-21_players_match_stats.csv,
PL_PULSELIVE_HISTORICAL,player_match,2020-21,playerId,pl_stats/A_Villa_7/players_match_stats/2020-21_players_match_stats.csv,
PL_PULSELIVE_HISTORICAL,player_match,2020-21,playerName,pl_stats/A_Villa_7/players_match_stats/2020-21_players_match_stats.csv,
PL_PULSELIVE_HISTORICAL,player_match,2020-21,position,pl_stats/A_Villa_7/players_match_stats/2020-21_players_match_stats.csv,
PL_PULSELIVE_HISTORICAL,player_match,2020-21,possessionLostCtrl,pl_stats/A_Villa_7/players_match_stats/2020-21_players_match_stats.csv,
PL_PULSELIVE_HISTORICAL,player_match,2020-21,punches,pl_stats/A_Villa_7/players_match_stats/2020-21_players_match_stats.csv,
PL_PULSELIVE_HISTORICAL,player_match,2020-21,rating,pl_stats/A_Villa_7/players_match_stats/2020-21_players_match_stats.csv,
PL_PULSELIVE_HISTORICAL,player_match,2020-21,savedShotsFromInsideTheBox,pl_stats/A_Villa_7/players_match_stats/2020-21_players_match_stats.csv,
PL_PULSELIVE_HISTORICAL,player_match,2020-21,saves,pl_stats/A_Villa_7/players_match_stats/2020-21_players_match_stats.csv,
PL_PULSELIVE_HISTORICAL,player_match,2020-21,season,pl_stats/A_Villa_7/players_match_stats/2020-21_players_match_stats.csv,
PL_PULSELIVE_HISTORICAL,player_match,2020-21,shotOffTarget,pl_stats/A_Villa_7/players_match_stats/2020-21_players_match_stats.csv,
PL_PULSELIVE_HISTORICAL,player_match,2020-21,slug,pl_stats/A_Villa_7/players_match_stats/2020-21_players_match_stats.csv,
PL_PULSELIVE_HISTORICAL,player_match,2020-21,substitute,pl_stats/A_Villa_7/players_match_stats/2020-21_players_match_stats.csv,
PL_PULSELIVE_HISTORICAL,player_match,2020-21,substitute.1,pl_stats/A_Villa_7/players_match_stats/2020-21_players_match_stats.csv,
PL_PULSELIVE_HISTORICAL,player_match,2020-21,team,pl_stats/A_Villa_7/players_match_stats/2020-21_players_match_stats.csv,
PL_PULSELIVE_HISTORICAL,player_match,2020-21,team_id,pl_stats/A_Villa_7/players_match_stats/2020-21_players_match_stats.csv,
PL_PULSELIVE_HISTORICAL,player_match,2020-21,totalClearance,pl_stats/A_Villa_7/players_match_stats/2020-21_players_match_stats.csv,
PL_PULSELIVE_HISTORICAL,player_match,2020-21,totalContest,pl_stats/A_Villa_7/players_match_stats/2020-21_players_match_stats.csv,
PL_PULSELIVE_HISTORICAL,player_match,2020-21,totalCross,pl_stats/A_Villa_7/players_match_stats/2020-21_players_match_stats.csv,
PL_PULSELIVE_HISTORICAL,player_match,2020-21,totalKeeperSweeper,pl_stats/A_Villa_7/players_match_stats/2020-21_players_match_stats.csv,
PL_PULSELIVE_HISTORICAL,player_match,2020-21,totalLongBalls,pl_stats/A_Villa_7/players_match_stats/2020-21_players_match_stats.csv,
PL_PULSELIVE_HISTORICAL,player_match,2020-21,totalOffside,pl_stats/A_Villa_7/players_match_stats/2020-21_players_match_stats.csv,
PL_PULSELIVE_HISTORICAL,player_match,2020-21,totalOppositionHalfPasses,pl_stats/A_Villa_7/players_match_stats/2020-21_players_match_stats.csv,
PL_PULSELIVE_HISTORICAL,player_match,2020-21,totalOwnHalfPasses,pl_stats/A_Villa_7/players_match_stats/2020-21_players_match_stats.csv,
PL_PULSELIVE_HISTORICAL,player_match,2020-21,totalPass,pl_stats/A_Villa_7/players_match_stats/2020-21_players_match_stats.csv,
PL_PULSELIVE_HISTORICAL,player_match,2020-21,totalShots,pl_stats/A_Villa_7/players_match_stats/2020-21_players_match_stats.csv,
PL_PULSELIVE_HISTORICAL,player_match,2020-21,totalTackle,pl_stats/A_Villa_7/players_match_stats/2020-21_players_match_stats.csv,
PL_PULSELIVE_HISTORICAL,player_match,2020-21,touches,pl_stats/A_Villa_7/players_match_stats/2020-21_players_match_stats.csv,
PL_PULSELIVE_HISTORICAL,player_match,2020-21,unsuccessfulTouch,pl_stats/A_Villa_7/players_match_stats/2020-21_players_match_stats.csv,
PL_PULSELIVE_HISTORICAL,player_match,2020-21,venue,pl_stats/A_Villa_7/players_match_stats/2020-21_players_match_stats.csv,
PL_PULSELIVE_HISTORICAL,player_match,2020-21,wasFouled,pl_stats/A_Villa_7/players_match_stats/2020-21_players_match_stats.csv,
PL_PULSELIVE_HISTORICAL,player_match,2020-21,wonContest,pl_stats/A_Villa_7/players_match_stats/2020-21_players_match_stats.csv,
PL_PULSELIVE_HISTORICAL,player_match,2020-21,wonTackle,pl_stats/A_Villa_7/players_match_stats/2020-21_players_match_stats.csv,
PL_PULSELIVE_HISTORICAL,player_match,2021-22,accurateCross,pl_stats/A_Villa_7/players_match_stats/2021-22_players_match_stats.csv,
PL_PULSELIVE_HISTORICAL,player_match,2021-22,accurateKeeperSweeper,pl_stats/A_Villa_7/players_match_stats/2021-22_players_match_stats.csv,
PL_PULSELIVE_HISTORICAL,player_match,2021-22,accurateLongBalls,pl_stats/A_Villa_7/players_match_stats/2021-22_players_match_stats.csv,
PL_PULSELIVE_HISTORICAL,player_match,2021-22,accurateOppositionHalfPasses,pl_stats/A_Villa_7/players_match_stats/2021-22_players_match_stats.csv,
PL_PULSELIVE_HISTORICAL,player_match,2021-22,accurateOwnHalfPasses,pl_stats/A_Villa_7/players_match_stats/2021-22_players_match_stats.csv,
PL_PULSELIVE_HISTORICAL,player_match,2021-22,accuratePass,pl_stats/A_Villa_7/players_match_stats/2021-22_players_match_stats.csv,
PL_PULSELIVE_HISTORICAL,player_match,2021-22,aerialLost,pl_stats/A_Villa_7/players_match_stats/2021-22_players_match_stats.csv,
PL_PULSELIVE_HISTORICAL,player_match,2021-22,aerialWon,pl_stats/A_Villa_7/players_match_stats/2021-22_players_match_stats.csv,
PL_PULSELIVE_HISTORICAL,player_match,2021-22,ballRecovery,pl_stats/A_Villa_7/players_match_stats/2021-22_players_match_stats.csv,
PL_PULSELIVE_HISTORICAL,player_match,2021-22,bigChanceCreated,pl_stats/A_Villa_7/players_match_stats/2021-22_players_match_stats.csv,
PL_PULSELIVE_HISTORICAL,player_match,2021-22,bigChanceMissed,pl_stats/A_Villa_7/players_match_stats/2021-22_players_match_stats.csv,
PL_PULSELIVE_HISTORICAL,player_match,2021-22,blockedScoringAttempt,pl_stats/A_Villa_7/players_match_stats/2021-22_players_match_stats.csv,
PL_PULSELIVE_HISTORICAL,player_match,2021-22,challengeLost,pl_stats/A_Villa_7/players_match_stats/2021-22_players_match_stats.csv,
PL_PULSELIVE_HISTORICAL,player_match,2021-22,clearanceOffLine,pl_stats/A_Villa_7/players_match_stats/2021-22_players_match_stats.csv,
PL_PULSELIVE_HISTORICAL,player_match,2021-22,crossNotClaimed,pl_stats/A_Villa_7/players_match_stats/2021-22_players_match_stats.csv,
PL_PULSELIVE_HISTORICAL,player_match,2021-22,dispossessed,pl_stats/A_Villa_7/players_match_stats/2021-22_players_match_stats.csv,
PL_PULSELIVE_HISTORICAL,player_match,2021-22,duelLost,pl_stats/A_Villa_7/players_match_stats/2021-22_players_match_stats.csv,
PL_PULSELIVE_HISTORICAL,player_match,2021-22,duelWon,pl_stats/A_Villa_7/players_match_stats/2021-22_players_match_stats.csv,
PL_PULSELIVE_HISTORICAL,player_match,2021-22,errorLeadToAGoal,pl_stats/A_Villa_7/players_match_stats/2021-22_players_match_stats.csv,
PL_PULSELIVE_HISTORICAL,player_match,2021-22,errorLeadToAShot,pl_stats/A_Villa_7/players_match_stats/2021-22_players_match_stats.csv,
PL_PULSELIVE_HISTORICAL,player_match,2021-22,fouls,pl_stats/A_Villa_7/players_match_stats/2021-22_players_match_stats.csv,
PL_PULSELIVE_HISTORICAL,player_match,2021-22,gameweek,pl_stats/A_Villa_7/players_match_stats/2021-22_players_match_stats.csv,
PL_PULSELIVE_HISTORICAL,player_match,2021-22,goalAssist,pl_stats/A_Villa_7/players_match_stats/2021-22_players_match_stats.csv,
PL_PULSELIVE_HISTORICAL,player_match,2021-22,goals,pl_stats/A_Villa_7/players_match_stats/2021-22_players_match_stats.csv,
PL_PULSELIVE_HISTORICAL,player_match,2021-22,goalsPrevented,pl_stats/A_Villa_7/players_match_stats/2021-22_players_match_stats.csv,
PL_PULSELIVE_HISTORICAL,player_match,2021-22,goodHighClaim,pl_stats/A_Villa_7/players_match_stats/2021-22_players_match_stats.csv,
PL_PULSELIVE_HISTORICAL,player_match,2021-22,hitWoodwork,pl_stats/A_Villa_7/players_match_stats/2021-22_players_match_stats.csv,
PL_PULSELIVE_HISTORICAL,player_match,2021-22,interceptionWon,pl_stats/A_Villa_7/players_match_stats/2021-22_players_match_stats.csv,
PL_PULSELIVE_HISTORICAL,player_match,2021-22,keyPass,pl_stats/A_Villa_7/players_match_stats/2021-22_players_match_stats.csv,
PL_PULSELIVE_HISTORICAL,player_match,2021-22,lastManTackle,pl_stats/A_Villa_7/players_match_stats/2021-22_players_match_stats.csv,
PL_PULSELIVE_HISTORICAL,player_match,2021-22,matchId,pl_stats/A_Villa_7/players_match_stats/2021-22_players_match_stats.csv,
PL_PULSELIVE_HISTORICAL,player_match,2021-22,minutesPlayed,pl_stats/A_Villa_7/players_match_stats/2021-22_players_match_stats.csv,
PL_PULSELIVE_HISTORICAL,player_match,2021-22,onTargetScoringAttempt,pl_stats/A_Villa_7/players_match_stats/2021-22_players_match_stats.csv,
PL_PULSELIVE_HISTORICAL,player_match,2021-22,outfielderBlock,pl_stats/A_Villa_7/players_match_stats/2021-22_players_match_stats.csv,
PL_PULSELIVE_HISTORICAL,player_match,2021-22,ownGoals,pl_stats/A_Villa_7/players_match_stats/2021-22_players_match_stats.csv,
PL_PULSELIVE_HISTORICAL,player_match,2021-22,penaltyConceded,pl_stats/A_Villa_7/players_match_stats/2021-22_players_match_stats.csv,
PL_PULSELIVE_HISTORICAL,player_match,2021-22,penaltyFaced,pl_stats/A_Villa_7/players_match_stats/2021-22_players_match_stats.csv,
PL_PULSELIVE_HISTORICAL,player_match,2021-22,penaltySave,pl_stats/A_Villa_7/players_match_stats/2021-22_players_match_stats.csv,
PL_PULSELIVE_HISTORICAL,player_match,2021-22,penaltyWon,pl_stats/A_Villa_7/players_match_stats/2021-22_players_match_stats.csv,
PL_PULSELIVE_HISTORICAL,player_match,2021-22,pl_code,pl_stats/A_Villa_7/players_match_stats/2021-22_players_match_stats.csv,
PL_PULSELIVE_HISTORICAL,player_match,2021-22,playerId,pl_stats/A_Villa_7/players_match_stats/2021-22_players_match_stats.csv,
PL_PULSELIVE_HISTORICAL,player_match,2021-22,playerName,pl_stats/A_Villa_7/players_match_stats/2021-22_players_match_stats.csv,
PL_PULSELIVE_HISTORICAL,player_match,2021-22,position,pl_stats/A_Villa_7/players_match_stats/2021-22_players_match_stats.csv,
PL_PULSELIVE_HISTORICAL,player_match,2021-22,possessionLostCtrl,pl_stats/A_Villa_7/players_match_stats/2021-22_players_match_stats.csv,
PL_PULSELIVE_HISTORICAL,player_match,2021-22,punches,pl_stats/A_Villa_7/players_match_stats/2021-22_players_match_stats.csv,
PL_PULSELIVE_HISTORICAL,player_match,2021-22,rating,pl_stats/A_Villa_7/players_match_stats/2021-22_players_match_stats.csv,
PL_PULSELIVE_HISTORICAL,player_match,2021-22,savedShotsFromInsideTheBox,pl_stats/A_Villa_7/players_match_stats/2021-22_players_match_stats.csv,
PL_PULSELIVE_HISTORICAL,player_match,2021-22,saves,pl_stats/A_Villa_7/players_match_stats/2021-22_players_match_stats.csv,
PL_PULSELIVE_HISTORICAL,player_match,2021-22,season,pl_stats/A_Villa_7/players_match_stats/2021-22_players_match_stats.csv,
PL_PULSELIVE_HISTORICAL,player_match,2021-22,shotOffTarget,pl_stats/A_Villa_7/players_match_stats/2021-22_players_match_stats.csv,
PL_PULSELIVE_HISTORICAL,player_match,2021-22,slug,pl_stats/A_Villa_7/players_match_stats/2021-22_players_match_stats.csv,
PL_PULSELIVE_HISTORICAL,player_match,2021-22,substitute,pl_stats/A_Villa_7/players_match_stats/2021-22_players_match_stats.csv,
PL_PULSELIVE_HISTORICAL,player_match,2021-22,substitute.1,pl_stats/A_Villa_7/players_match_stats/2021-22_players_match_stats.csv,
PL_PULSELIVE_HISTORICAL,player_match,2021-22,team,pl_stats/A_Villa_7/players_match_stats/2021-22_players_match_stats.csv,
PL_PULSELIVE_HISTORICAL,player_match,2021-22,team_id,pl_stats/A_Villa_7/players_match_stats/2021-22_players_match_stats.csv,
PL_PULSELIVE_HISTORICAL,player_match,2021-22,totalClearance,pl_stats/A_Villa_7/players_match_stats/2021-22_players_match_stats.csv,
PL_PULSELIVE_HISTORICAL,player_match,2021-22,totalContest,pl_stats/A_Villa_7/players_match_stats/2021-22_players_match_stats.csv,
PL_PULSELIVE_HISTORICAL,player_match,2021-22,totalCross,pl_stats/A_Villa_7/players_match_stats/2021-22_players_match_stats.csv,
PL_PULSELIVE_HISTORICAL,player_match,2021-22,totalKeeperSweeper,pl_stats/A_Villa_7/players_match_stats/2021-22_players_match_stats.csv,
PL_PULSELIVE_HISTORICAL,player_match,2021-22,totalLongBalls,pl_stats/A_Villa_7/players_match_stats/2021-22_players_match_stats.csv,
PL_PULSELIVE_HISTORICAL,player_match,2021-22,totalOffside,pl_stats/A_Villa_7/players_match_stats/2021-22_players_match_stats.csv,
PL_PULSELIVE_HISTORICAL,player_match,2021-22,totalOppositionHalfPasses,pl_stats/A_Villa_7/players_match_stats/2021-22_players_match_stats.csv,
PL_PULSELIVE_HISTORICAL,player_match,2021-22,totalOwnHalfPasses,pl_stats/A_Villa_7/players_match_stats/2021-22_players_match_stats.csv,
PL_PULSELIVE_HISTORICAL,player_match,2021-22,totalPass,pl_stats/A_Villa_7/players_match_stats/2021-22_players_match_stats.csv,
PL_PULSELIVE_HISTORICAL,player_match,2021-22,totalShots,pl_stats/A_Villa_7/players_match_stats/2021-22_players_match_stats.csv,
PL_PULSELIVE_HISTORICAL,player_match,2021-22,totalTackle,pl_stats/A_Villa_7/players_match_stats/2021-22_players_match_stats.csv,
PL_PULSELIVE_HISTORICAL,player_match,2021-22,touches,pl_stats/A_Villa_7/players_match_stats/2021-22_players_match_stats.csv,
PL_PULSELIVE_HISTORICAL,player_match,2021-22,unsuccessfulTouch,pl_stats/A_Villa_7/players_match_stats/2021-22_players_match_stats.csv,
PL_PULSELIVE_HISTORICAL,player_match,2021-22,venue,pl_stats/A_Villa_7/players_match_stats/2021-22_players_match_stats.csv,
PL_PULSELIVE_HISTORICAL,player_match,2021-22,wasFouled,pl_stats/A_Villa_7/players_match_stats/2021-22_players_match_stats.csv,
PL_PULSELIVE_HISTORICAL,player_match,2021-22,wonContest,pl_stats/A_Villa_7/players_match_stats/2021-22_players_match_stats.csv,
PL_PULSELIVE_HISTORICAL,player_match,2021-22,wonTackle,pl_stats/A_Villa_7/players_match_stats/2021-22_players_match_stats.csv,
PL_PULSELIVE_HISTORICAL,player_match,2022-23,accurateCross,pl_stats/A_Villa_7/players_match_stats/2022-23_players_match_stats.csv,
PL_PULSELIVE_HISTORICAL,player_match,2022-23,accurateKeeperSweeper,pl_stats/A_Villa_7/players_match_stats/2022-23_players_match_stats.csv,
PL_PULSELIVE_HISTORICAL,player_match,2022-23,accurateLongBalls,pl_stats/A_Villa_7/players_match_stats/2022-23_players_match_stats.csv,
PL_PULSELIVE_HISTORICAL,player_match,2022-23,accurateOppositionHalfPasses,pl_stats/A_Villa_7/players_match_stats/2022-23_players_match_stats.csv,
PL_PULSELIVE_HISTORICAL,player_match,2022-23,accurateOwnHalfPasses,pl_stats/A_Villa_7/players_match_stats/2022-23_players_match_stats.csv,
PL_PULSELIVE_HISTORICAL,player_match,2022-23,accuratePass,pl_stats/A_Villa_7/players_match_stats/2022-23_players_match_stats.csv,
PL_PULSELIVE_HISTORICAL,player_match,2022-23,aerialLost,pl_stats/A_Villa_7/players_match_stats/2022-23_players_match_stats.csv,
PL_PULSELIVE_HISTORICAL,player_match,2022-23,aerialWon,pl_stats/A_Villa_7/players_match_stats/2022-23_players_match_stats.csv,
PL_PULSELIVE_HISTORICAL,player_match,2022-23,ballRecovery,pl_stats/A_Villa_7/players_match_stats/2022-23_players_match_stats.csv,
PL_PULSELIVE_HISTORICAL,player_match,2022-23,bigChanceCreated,pl_stats/A_Villa_7/players_match_stats/2022-23_players_match_stats.csv,
PL_PULSELIVE_HISTORICAL,player_match,2022-23,bigChanceMissed,pl_stats/A_Villa_7/players_match_stats/2022-23_players_match_stats.csv,
PL_PULSELIVE_HISTORICAL,player_match,2022-23,blockedScoringAttempt,pl_stats/A_Villa_7/players_match_stats/2022-23_players_match_stats.csv,
PL_PULSELIVE_HISTORICAL,player_match,2022-23,challengeLost,pl_stats/A_Villa_7/players_match_stats/2022-23_players_match_stats.csv,
PL_PULSELIVE_HISTORICAL,player_match,2022-23,clearanceOffLine,pl_stats/A_Villa_7/players_match_stats/2022-23_players_match_stats.csv,
PL_PULSELIVE_HISTORICAL,player_match,2022-23,crossNotClaimed,pl_stats/A_Villa_7/players_match_stats/2022-23_players_match_stats.csv,
PL_PULSELIVE_HISTORICAL,player_match,2022-23,dispossessed,pl_stats/A_Villa_7/players_match_stats/2022-23_players_match_stats.csv,
PL_PULSELIVE_HISTORICAL,player_match,2022-23,duelLost,pl_stats/A_Villa_7/players_match_stats/2022-23_players_match_stats.csv,
PL_PULSELIVE_HISTORICAL,player_match,2022-23,duelWon,pl_stats/A_Villa_7/players_match_stats/2022-23_players_match_stats.csv,
PL_PULSELIVE_HISTORICAL,player_match,2022-23,errorLeadToAGoal,pl_stats/A_Villa_7/players_match_stats/2022-23_players_match_stats.csv,
PL_PULSELIVE_HISTORICAL,player_match,2022-23,errorLeadToAShot,pl_stats/A_Villa_7/players_match_stats/2022-23_players_match_stats.csv,
PL_PULSELIVE_HISTORICAL,player_match,2022-23,expectedAssists,pl_stats/A_Villa_7/players_match_stats/2022-23_players_match_stats.csv,
PL_PULSELIVE_HISTORICAL,player_match,2022-23,expectedGoals,pl_stats/A_Villa_7/players_match_stats/2022-23_players_match_stats.csv,
PL_PULSELIVE_HISTORICAL,player_match,2022-23,expectedGoalsOnTarget,pl_stats/A_Villa_7/players_match_stats/2022-23_players_match_stats.csv,
PL_PULSELIVE_HISTORICAL,player_match,2022-23,fouls,pl_stats/A_Villa_7/players_match_stats/2022-23_players_match_stats.csv,
PL_PULSELIVE_HISTORICAL,player_match,2022-23,gameweek,pl_stats/A_Villa_7/players_match_stats/2022-23_players_match_stats.csv,
PL_PULSELIVE_HISTORICAL,player_match,2022-23,goalAssist,pl_stats/A_Villa_7/players_match_stats/2022-23_players_match_stats.csv,
PL_PULSELIVE_HISTORICAL,player_match,2022-23,goals,pl_stats/A_Villa_7/players_match_stats/2022-23_players_match_stats.csv,
PL_PULSELIVE_HISTORICAL,player_match,2022-23,goalsPrevented,pl_stats/A_Villa_7/players_match_stats/2022-23_players_match_stats.csv,
PL_PULSELIVE_HISTORICAL,player_match,2022-23,goodHighClaim,pl_stats/A_Villa_7/players_match_stats/2022-23_players_match_stats.csv,
PL_PULSELIVE_HISTORICAL,player_match,2022-23,hitWoodwork,pl_stats/A_Villa_7/players_match_stats/2022-23_players_match_stats.csv,
PL_PULSELIVE_HISTORICAL,player_match,2022-23,interceptionWon,pl_stats/A_Villa_7/players_match_stats/2022-23_players_match_stats.csv,
PL_PULSELIVE_HISTORICAL,player_match,2022-23,keyPass,pl_stats/A_Villa_7/players_match_stats/2022-23_players_match_stats.csv,
PL_PULSELIVE_HISTORICAL,player_match,2022-23,matchId,pl_stats/A_Villa_7/players_match_stats/2022-23_players_match_stats.csv,
PL_PULSELIVE_HISTORICAL,player_match,2022-23,minutesPlayed,pl_stats/A_Villa_7/players_match_stats/2022-23_players_match_stats.csv,
PL_PULSELIVE_HISTORICAL,player_match,2022-23,onTargetScoringAttempt,pl_stats/A_Villa_7/players_match_stats/2022-23_players_match_stats.csv,
PL_PULSELIVE_HISTORICAL,player_match,2022-23,outfielderBlock,pl_stats/A_Villa_7/players_match_stats/2022-23_players_match_stats.csv,
PL_PULSELIVE_HISTORICAL,player_match,2022-23,ownGoals,pl_stats/A_Villa_7/players_match_stats/2022-23_players_match_stats.csv,
PL_PULSELIVE_HISTORICAL,player_match,2022-23,penaltyConceded,pl_stats/A_Villa_7/players_match_stats/2022-23_players_match_stats.csv,
PL_PULSELIVE_HISTORICAL,player_match,2022-23,penaltyFaced,pl_stats/A_Villa_7/players_match_stats/2022-23_players_match_stats.csv,
PL_PULSELIVE_HISTORICAL,player_match,2022-23,penaltyMiss,pl_stats/A_Villa_7/players_match_stats/2022-23_players_match_stats.csv,
PL_PULSELIVE_HISTORICAL,player_match,2022-23,penaltySave,pl_stats/A_Villa_7/players_match_stats/2022-23_players_match_stats.csv,
PL_PULSELIVE_HISTORICAL,player_match,2022-23,penaltyWon,pl_stats/A_Villa_7/players_match_stats/2022-23_players_match_stats.csv,
PL_PULSELIVE_HISTORICAL,player_match,2022-23,pl_code,pl_stats/A_Villa_7/players_match_stats/2022-23_players_match_stats.csv,
PL_PULSELIVE_HISTORICAL,player_match,2022-23,playerId,pl_stats/A_Villa_7/players_match_stats/2022-23_players_match_stats.csv,
PL_PULSELIVE_HISTORICAL,player_match,2022-23,playerName,pl_stats/A_Villa_7/players_match_stats/2022-23_players_match_stats.csv,
PL_PULSELIVE_HISTORICAL,player_match,2022-23,position,pl_stats/A_Villa_7/players_match_stats/2022-23_players_match_stats.csv,
PL_PULSELIVE_HISTORICAL,player_match,2022-23,possessionLostCtrl,pl_stats/A_Villa_7/players_match_stats/2022-23_players_match_stats.csv,
PL_PULSELIVE_HISTORICAL,player_match,2022-23,punches,pl_stats/A_Villa_7/players_match_stats/2022-23_players_match_stats.csv,
PL_PULSELIVE_HISTORICAL,player_match,2022-23,rating,pl_stats/A_Villa_7/players_match_stats/2022-23_players_match_stats.csv,
PL_PULSELIVE_HISTORICAL,player_match,2022-23,savedShotsFromInsideTheBox,pl_stats/A_Villa_7/players_match_stats/2022-23_players_match_stats.csv,
PL_PULSELIVE_HISTORICAL,player_match,2022-23,saves,pl_stats/A_Villa_7/players_match_stats/2022-23_players_match_stats.csv,
PL_PULSELIVE_HISTORICAL,player_match,2022-23,season,pl_stats/A_Villa_7/players_match_stats/2022-23_players_match_stats.csv,
PL_PULSELIVE_HISTORICAL,player_match,2022-23,shotOffTarget,pl_stats/A_Villa_7/players_match_stats/2022-23_players_match_stats.csv,
PL_PULSELIVE_HISTORICAL,player_match,2022-23,slug,pl_stats/A_Villa_7/players_match_stats/2022-23_players_match_stats.csv,
PL_PULSELIVE_HISTORICAL,player_match,2022-23,substitute,pl_stats/A_Villa_7/players_match_stats/2022-23_players_match_stats.csv,
PL_PULSELIVE_HISTORICAL,player_match,2022-23,substitute.1,pl_stats/A_Villa_7/players_match_stats/2022-23_players_match_stats.csv,
PL_PULSELIVE_HISTORICAL,player_match,2022-23,team,pl_stats/A_Villa_7/players_match_stats/2022-23_players_match_stats.csv,
PL_PULSELIVE_HISTORICAL,player_match,2022-23,team_id,pl_stats/A_Villa_7/players_match_stats/2022-23_players_match_stats.csv,
PL_PULSELIVE_HISTORICAL,player_match,2022-23,totalClearance,pl_stats/A_Villa_7/players_match_stats/2022-23_players_match_stats.csv,
PL_PULSELIVE_HISTORICAL,player_match,2022-23,totalContest,pl_stats/A_Villa_7/players_match_stats/2022-23_players_match_stats.csv,
PL_PULSELIVE_HISTORICAL,player_match,2022-23,totalCross,pl_stats/A_Villa_7/players_match_stats/2022-23_players_match_stats.csv,
PL_PULSELIVE_HISTORICAL,player_match,2022-23,totalKeeperSweeper,pl_stats/A_Villa_7/players_match_stats/2022-23_players_match_stats.csv,
PL_PULSELIVE_HISTORICAL,player_match,2022-23,totalLongBalls,pl_stats/A_Villa_7/players_match_stats/2022-23_players_match_stats.csv,
PL_PULSELIVE_HISTORICAL,player_match,2022-23,totalOffside,pl_stats/A_Villa_7/players_match_stats/2022-23_players_match_stats.csv,
PL_PULSELIVE_HISTORICAL,player_match,2022-23,totalOppositionHalfPasses,pl_stats/A_Villa_7/players_match_stats/2022-23_players_match_stats.csv,
PL_PULSELIVE_HISTORICAL,player_match,2022-23,totalOwnHalfPasses,pl_stats/A_Villa_7/players_match_stats/2022-23_players_match_stats.csv,
PL_PULSELIVE_HISTORICAL,player_match,2022-23,totalPass,pl_stats/A_Villa_7/players_match_stats/2022-23_players_match_stats.csv,
PL_PULSELIVE_HISTORICAL,player_match,2022-23,totalShots,pl_stats/A_Villa_7/players_match_stats/2022-23_players_match_stats.csv,
PL_PULSELIVE_HISTORICAL,player_match,2022-23,totalTackle,pl_stats/A_Villa_7/players_match_stats/2022-23_players_match_stats.csv,
PL_PULSELIVE_HISTORICAL,player_match,2022-23,touches,pl_stats/A_Villa_7/players_match_stats/2022-23_players_match_stats.csv,
PL_PULSELIVE_HISTORICAL,player_match,2022-23,unsuccessfulTouch,pl_stats/A_Villa_7/players_match_stats/2022-23_players_match_stats.csv,
PL_PULSELIVE_HISTORICAL,player_match,2022-23,venue,pl_stats/A_Villa_7/players_match_stats/2022-23_players_match_stats.csv,
PL_PULSELIVE_HISTORICAL,player_match,2022-23,wasFouled,pl_stats/A_Villa_7/players_match_stats/2022-23_players_match_stats.csv,
PL_PULSELIVE_HISTORICAL,player_match,2022-23,wonContest,pl_stats/A_Villa_7/players_match_stats/2022-23_players_match_stats.csv,
PL_PULSELIVE_HISTORICAL,player_match,2022-23,wonTackle,pl_stats/A_Villa_7/players_match_stats/2022-23_players_match_stats.csv,
PL_PULSELIVE_HISTORICAL,player_match,2023-24,accurateCross,pl_stats/A_Villa_7/players_match_stats/2023-24_players_match_stats.csv,
PL_PULSELIVE_HISTORICAL,player_match,2023-24,accurateKeeperSweeper,pl_stats/A_Villa_7/players_match_stats/2023-24_players_match_stats.csv,
PL_PULSELIVE_HISTORICAL,player_match,2023-24,accurateLongBalls,pl_stats/A_Villa_7/players_match_stats/2023-24_players_match_stats.csv,
PL_PULSELIVE_HISTORICAL,player_match,2023-24,accurateOppositionHalfPasses,pl_stats/A_Villa_7/players_match_stats/2023-24_players_match_stats.csv,
PL_PULSELIVE_HISTORICAL,player_match,2023-24,accurateOwnHalfPasses,pl_stats/A_Villa_7/players_match_stats/2023-24_players_match_stats.csv,
PL_PULSELIVE_HISTORICAL,player_match,2023-24,accuratePass,pl_stats/A_Villa_7/players_match_stats/2023-24_players_match_stats.csv,
PL_PULSELIVE_HISTORICAL,player_match,2023-24,aerialLost,pl_stats/A_Villa_7/players_match_stats/2023-24_players_match_stats.csv,
PL_PULSELIVE_HISTORICAL,player_match,2023-24,aerialWon,pl_stats/A_Villa_7/players_match_stats/2023-24_players_match_stats.csv,
PL_PULSELIVE_HISTORICAL,player_match,2023-24,ballRecovery,pl_stats/A_Villa_7/players_match_stats/2023-24_players_match_stats.csv,
PL_PULSELIVE_HISTORICAL,player_match,2023-24,bigChanceCreated,pl_stats/A_Villa_7/players_match_stats/2023-24_players_match_stats.csv,
PL_PULSELIVE_HISTORICAL,player_match,2023-24,bigChanceMissed,pl_stats/A_Villa_7/players_match_stats/2023-24_players_match_stats.csv,
PL_PULSELIVE_HISTORICAL,player_match,2023-24,blockedScoringAttempt,pl_stats/A_Villa_7/players_match_stats/2023-24_players_match_stats.csv,
PL_PULSELIVE_HISTORICAL,player_match,2023-24,challengeLost,pl_stats/A_Villa_7/players_match_stats/2023-24_players_match_stats.csv,
PL_PULSELIVE_HISTORICAL,player_match,2023-24,clearanceOffLine,pl_stats/A_Villa_7/players_match_stats/2023-24_players_match_stats.csv,
PL_PULSELIVE_HISTORICAL,player_match,2023-24,dispossessed,pl_stats/A_Villa_7/players_match_stats/2023-24_players_match_stats.csv,
PL_PULSELIVE_HISTORICAL,player_match,2023-24,duelLost,pl_stats/A_Villa_7/players_match_stats/2023-24_players_match_stats.csv,
PL_PULSELIVE_HISTORICAL,player_match,2023-24,duelWon,pl_stats/A_Villa_7/players_match_stats/2023-24_players_match_stats.csv,
PL_PULSELIVE_HISTORICAL,player_match,2023-24,errorLeadToAGoal,pl_stats/A_Villa_7/players_match_stats/2023-24_players_match_stats.csv,
PL_PULSELIVE_HISTORICAL,player_match,2023-24,errorLeadToAShot,pl_stats/A_Villa_7/players_match_stats/2023-24_players_match_stats.csv,
PL_PULSELIVE_HISTORICAL,player_match,2023-24,expectedAssists,pl_stats/A_Villa_7/players_match_stats/2023-24_players_match_stats.csv,
PL_PULSELIVE_HISTORICAL,player_match,2023-24,expectedGoals,pl_stats/A_Villa_7/players_match_stats/2023-24_players_match_stats.csv,
PL_PULSELIVE_HISTORICAL,player_match,2023-24,expectedGoalsOnTarget,pl_stats/A_Villa_7/players_match_stats/2023-24_players_match_stats.csv,
PL_PULSELIVE_HISTORICAL,player_match,2023-24,fouls,pl_stats/A_Villa_7/players_match_stats/2023-24_players_match_stats.csv,
PL_PULSELIVE_HISTORICAL,player_match,2023-24,gameweek,pl_stats/A_Villa_7/players_match_stats/2023-24_players_match_stats.csv,
PL_PULSELIVE_HISTORICAL,player_match,2023-24,goalAssist,pl_stats/A_Villa_7/players_match_stats/2023-24_players_match_stats.csv,
PL_PULSELIVE_HISTORICAL,player_match,2023-24,goals,pl_stats/A_Villa_7/players_match_stats/2023-24_players_match_stats.csv,
PL_PULSELIVE_HISTORICAL,player_match,2023-24,goalsPrevented,pl_stats/A_Villa_7/players_match_stats/2023-24_players_match_stats.csv,
PL_PULSELIVE_HISTORICAL,player_match,2023-24,goodHighClaim,pl_stats/A_Villa_7/players_match_stats/2023-24_players_match_stats.csv,
PL_PULSELIVE_HISTORICAL,player_match,2023-24,hitWoodwork,pl_stats/A_Villa_7/players_match_stats/2023-24_players_match_stats.csv,
PL_PULSELIVE_HISTORICAL,player_match,2023-24,interceptionWon,pl_stats/A_Villa_7/players_match_stats/2023-24_players_match_stats.csv,
PL_PULSELIVE_HISTORICAL,player_match,2023-24,keyPass,pl_stats/A_Villa_7/players_match_stats/2023-24_players_match_stats.csv,
PL_PULSELIVE_HISTORICAL,player_match,2023-24,lastManTackle,pl_stats/A_Villa_7/players_match_stats/2023-24_players_match_stats.csv,
PL_PULSELIVE_HISTORICAL,player_match,2023-24,matchId,pl_stats/A_Villa_7/players_match_stats/2023-24_players_match_stats.csv,
PL_PULSELIVE_HISTORICAL,player_match,2023-24,minutesPlayed,pl_stats/A_Villa_7/players_match_stats/2023-24_players_match_stats.csv,
PL_PULSELIVE_HISTORICAL,player_match,2023-24,onTargetScoringAttempt,pl_stats/A_Villa_7/players_match_stats/2023-24_players_match_stats.csv,
PL_PULSELIVE_HISTORICAL,player_match,2023-24,outfielderBlock,pl_stats/A_Villa_7/players_match_stats/2023-24_players_match_stats.csv,
PL_PULSELIVE_HISTORICAL,player_match,2023-24,ownGoals,pl_stats/A_Villa_7/players_match_stats/2023-24_players_match_stats.csv,
PL_PULSELIVE_HISTORICAL,player_match,2023-24,penaltyConceded,pl_stats/A_Villa_7/players_match_stats/2023-24_players_match_stats.csv,
PL_PULSELIVE_HISTORICAL,player_match,2023-24,penaltyFaced,pl_stats/A_Villa_7/players_match_stats/2023-24_players_match_stats.csv,
PL_PULSELIVE_HISTORICAL,player_match,2023-24,penaltySave,pl_stats/A_Villa_7/players_match_stats/2023-24_players_match_stats.csv,
PL_PULSELIVE_HISTORICAL,player_match,2023-24,penaltyWon,pl_stats/A_Villa_7/players_match_stats/2023-24_players_match_stats.csv,
PL_PULSELIVE_HISTORICAL,player_match,2023-24,pl_code,pl_stats/A_Villa_7/players_match_stats/2023-24_players_match_stats.csv,
PL_PULSELIVE_HISTORICAL,player_match,2023-24,playerId,pl_stats/A_Villa_7/players_match_stats/2023-24_players_match_stats.csv,
PL_PULSELIVE_HISTORICAL,player_match,2023-24,playerName,pl_stats/A_Villa_7/players_match_stats/2023-24_players_match_stats.csv,
PL_PULSELIVE_HISTORICAL,player_match,2023-24,position,pl_stats/A_Villa_7/players_match_stats/2023-24_players_match_stats.csv,
PL_PULSELIVE_HISTORICAL,player_match,2023-24,possessionLostCtrl,pl_stats/A_Villa_7/players_match_stats/2023-24_players_match_stats.csv,
PL_PULSELIVE_HISTORICAL,player_match,2023-24,punches,pl_stats/A_Villa_7/players_match_stats/2023-24_players_match_stats.csv,
PL_PULSELIVE_HISTORICAL,player_match,2023-24,rating,pl_stats/A_Villa_7/players_match_stats/2023-24_players_match_stats.csv,
PL_PULSELIVE_HISTORICAL,player_match,2023-24,savedShotsFromInsideTheBox,pl_stats/A_Villa_7/players_match_stats/2023-24_players_match_stats.csv,
PL_PULSELIVE_HISTORICAL,player_match,2023-24,saves,pl_stats/A_Villa_7/players_match_stats/2023-24_players_match_stats.csv,
PL_PULSELIVE_HISTORICAL,player_match,2023-24,season,pl_stats/A_Villa_7/players_match_stats/2023-24_players_match_stats.csv,
PL_PULSELIVE_HISTORICAL,player_match,2023-24,shotOffTarget,pl_stats/A_Villa_7/players_match_stats/2023-24_players_match_stats.csv,
PL_PULSELIVE_HISTORICAL,player_match,2023-24,slug,pl_stats/A_Villa_7/players_match_stats/2023-24_players_match_stats.csv,
PL_PULSELIVE_HISTORICAL,player_match,2023-24,substitute,pl_stats/A_Villa_7/players_match_stats/2023-24_players_match_stats.csv,
PL_PULSELIVE_HISTORICAL,player_match,2023-24,substitute.1,pl_stats/A_Villa_7/players_match_stats/2023-24_players_match_stats.csv,
PL_PULSELIVE_HISTORICAL,player_match,2023-24,team,pl_stats/A_Villa_7/players_match_stats/2023-24_players_match_stats.csv,
PL_PULSELIVE_HISTORICAL,player_match,2023-24,team_id,pl_stats/A_Villa_7/players_match_stats/2023-24_players_match_stats.csv,
PL_PULSELIVE_HISTORICAL,player_match,2023-24,totalClearance,pl_stats/A_Villa_7/players_match_stats/2023-24_players_match_stats.csv,
PL_PULSELIVE_HISTORICAL,player_match,2023-24,totalContest,pl_stats/A_Villa_7/players_match_stats/2023-24_players_match_stats.csv,
PL_PULSELIVE_HISTORICAL,player_match,2023-24,totalCross,pl_stats/A_Villa_7/players_match_stats/2023-24_players_match_stats.csv,
PL_PULSELIVE_HISTORICAL,player_match,2023-24,totalKeeperSweeper,pl_stats/A_Villa_7/players_match_stats/2023-24_players_match_stats.csv,
PL_PULSELIVE_HISTORICAL,player_match,2023-24,totalLongBalls,pl_stats/A_Villa_7/players_match_stats/2023-24_players_match_stats.csv,
PL_PULSELIVE_HISTORICAL,player_match,2023-24,totalOffside,pl_stats/A_Villa_7/players_match_stats/2023-24_players_match_stats.csv,
PL_PULSELIVE_HISTORICAL,player_match,2023-24,totalOppositionHalfPasses,pl_stats/A_Villa_7/players_match_stats/2023-24_players_match_stats.csv,
PL_PULSELIVE_HISTORICAL,player_match,2023-24,totalOwnHalfPasses,pl_stats/A_Villa_7/players_match_stats/2023-24_players_match_stats.csv,
PL_PULSELIVE_HISTORICAL,player_match,2023-24,totalPass,pl_stats/A_Villa_7/players_match_stats/2023-24_players_match_stats.csv,
PL_PULSELIVE_HISTORICAL,player_match,2023-24,totalShots,pl_stats/A_Villa_7/players_match_stats/2023-24_players_match_stats.csv,
PL_PULSELIVE_HISTORICAL,player_match,2023-24,totalTackle,pl_stats/A_Villa_7/players_match_stats/2023-24_players_match_stats.csv,
PL_PULSELIVE_HISTORICAL,player_match,2023-24,touches,pl_stats/A_Villa_7/players_match_stats/2023-24_players_match_stats.csv,
PL_PULSELIVE_HISTORICAL,player_match,2023-24,unsuccessfulTouch,pl_stats/A_Villa_7/players_match_stats/2023-24_players_match_stats.csv,
PL_PULSELIVE_HISTORICAL,player_match,2023-24,venue,pl_stats/A_Villa_7/players_match_stats/2023-24_players_match_stats.csv,
PL_PULSELIVE_HISTORICAL,player_match,2023-24,wasFouled,pl_stats/A_Villa_7/players_match_stats/2023-24_players_match_stats.csv,
PL_PULSELIVE_HISTORICAL,player_match,2023-24,wonContest,pl_stats/A_Villa_7/players_match_stats/2023-24_players_match_stats.csv,
PL_PULSELIVE_HISTORICAL,player_match,2023-24,wonTackle,pl_stats/A_Villa_7/players_match_stats/2023-24_players_match_stats.csv,
PL_PULSELIVE_HISTORICAL,player_match,2024-25,accurateCross,pl_stats/A_Villa_7/players_match_stats/2024-25_players_match_stats.csv,
PL_PULSELIVE_HISTORICAL,player_match,2024-25,accurateKeeperSweeper,pl_stats/A_Villa_7/players_match_stats/2024-25_players_match_stats.csv,
PL_PULSELIVE_HISTORICAL,player_match,2024-25,accurateLongBalls,pl_stats/A_Villa_7/players_match_stats/2024-25_players_match_stats.csv,
PL_PULSELIVE_HISTORICAL,player_match,2024-25,accurateOppositionHalfPasses,pl_stats/A_Villa_7/players_match_stats/2024-25_players_match_stats.csv,
PL_PULSELIVE_HISTORICAL,player_match,2024-25,accurateOwnHalfPasses,pl_stats/A_Villa_7/players_match_stats/2024-25_players_match_stats.csv,
PL_PULSELIVE_HISTORICAL,player_match,2024-25,accuratePass,pl_stats/A_Villa_7/players_match_stats/2024-25_players_match_stats.csv,
PL_PULSELIVE_HISTORICAL,player_match,2024-25,aerialLost,pl_stats/A_Villa_7/players_match_stats/2024-25_players_match_stats.csv,
PL_PULSELIVE_HISTORICAL,player_match,2024-25,aerialWon,pl_stats/A_Villa_7/players_match_stats/2024-25_players_match_stats.csv,
PL_PULSELIVE_HISTORICAL,player_match,2024-25,ballRecovery,pl_stats/A_Villa_7/players_match_stats/2024-25_players_match_stats.csv,
PL_PULSELIVE_HISTORICAL,player_match,2024-25,bigChanceCreated,pl_stats/A_Villa_7/players_match_stats/2024-25_players_match_stats.csv,
PL_PULSELIVE_HISTORICAL,player_match,2024-25,bigChanceMissed,pl_stats/A_Villa_7/players_match_stats/2024-25_players_match_stats.csv,
PL_PULSELIVE_HISTORICAL,player_match,2024-25,blockedScoringAttempt,pl_stats/A_Villa_7/players_match_stats/2024-25_players_match_stats.csv,
PL_PULSELIVE_HISTORICAL,player_match,2024-25,challengeLost,pl_stats/A_Villa_7/players_match_stats/2024-25_players_match_stats.csv,
PL_PULSELIVE_HISTORICAL,player_match,2024-25,clearanceOffLine,pl_stats/A_Villa_7/players_match_stats/2024-25_players_match_stats.csv,
PL_PULSELIVE_HISTORICAL,player_match,2024-25,dispossessed,pl_stats/A_Villa_7/players_match_stats/2024-25_players_match_stats.csv,
PL_PULSELIVE_HISTORICAL,player_match,2024-25,duelLost,pl_stats/A_Villa_7/players_match_stats/2024-25_players_match_stats.csv,
PL_PULSELIVE_HISTORICAL,player_match,2024-25,duelWon,pl_stats/A_Villa_7/players_match_stats/2024-25_players_match_stats.csv,
PL_PULSELIVE_HISTORICAL,player_match,2024-25,errorLeadToAGoal,pl_stats/A_Villa_7/players_match_stats/2024-25_players_match_stats.csv,
PL_PULSELIVE_HISTORICAL,player_match,2024-25,errorLeadToAShot,pl_stats/A_Villa_7/players_match_stats/2024-25_players_match_stats.csv,
PL_PULSELIVE_HISTORICAL,player_match,2024-25,expectedAssists,pl_stats/A_Villa_7/players_match_stats/2024-25_players_match_stats.csv,
PL_PULSELIVE_HISTORICAL,player_match,2024-25,expectedGoals,pl_stats/A_Villa_7/players_match_stats/2024-25_players_match_stats.csv,
PL_PULSELIVE_HISTORICAL,player_match,2024-25,expectedGoalsOnTarget,pl_stats/A_Villa_7/players_match_stats/2024-25_players_match_stats.csv,
PL_PULSELIVE_HISTORICAL,player_match,2024-25,fouls,pl_stats/A_Villa_7/players_match_stats/2024-25_players_match_stats.csv,
PL_PULSELIVE_HISTORICAL,player_match,2024-25,gameweek,pl_stats/A_Villa_7/players_match_stats/2024-25_players_match_stats.csv,
PL_PULSELIVE_HISTORICAL,player_match,2024-25,goalAssist,pl_stats/A_Villa_7/players_match_stats/2024-25_players_match_stats.csv,
PL_PULSELIVE_HISTORICAL,player_match,2024-25,goals,pl_stats/A_Villa_7/players_match_stats/2024-25_players_match_stats.csv,
PL_PULSELIVE_HISTORICAL,player_match,2024-25,goalsPrevented,pl_stats/A_Villa_7/players_match_stats/2024-25_players_match_stats.csv,
PL_PULSELIVE_HISTORICAL,player_match,2024-25,goodHighClaim,pl_stats/A_Villa_7/players_match_stats/2024-25_players_match_stats.csv,
PL_PULSELIVE_HISTORICAL,player_match,2024-25,hitWoodwork,pl_stats/A_Villa_7/players_match_stats/2024-25_players_match_stats.csv,
PL_PULSELIVE_HISTORICAL,player_match,2024-25,interceptionWon,pl_stats/A_Villa_7/players_match_stats/2024-25_players_match_stats.csv,
PL_PULSELIVE_HISTORICAL,player_match,2024-25,keyPass,pl_stats/A_Villa_7/players_match_stats/2024-25_players_match_stats.csv,
PL_PULSELIVE_HISTORICAL,player_match,2024-25,lastManTackle,pl_stats/A_Villa_7/players_match_stats/2024-25_players_match_stats.csv,
PL_PULSELIVE_HISTORICAL,player_match,2024-25,matchId,pl_stats/A_Villa_7/players_match_stats/2024-25_players_match_stats.csv,
PL_PULSELIVE_HISTORICAL,player_match,2024-25,minutesPlayed,pl_stats/A_Villa_7/players_match_stats/2024-25_players_match_stats.csv,
PL_PULSELIVE_HISTORICAL,player_match,2024-25,onTargetScoringAttempt,pl_stats/A_Villa_7/players_match_stats/2024-25_players_match_stats.csv,
PL_PULSELIVE_HISTORICAL,player_match,2024-25,outfielderBlock,pl_stats/A_Villa_7/players_match_stats/2024-25_players_match_stats.csv,
PL_PULSELIVE_HISTORICAL,player_match,2024-25,penaltyConceded,pl_stats/A_Villa_7/players_match_stats/2024-25_players_match_stats.csv,
PL_PULSELIVE_HISTORICAL,player_match,2024-25,penaltyFaced,pl_stats/A_Villa_7/players_match_stats/2024-25_players_match_stats.csv,
PL_PULSELIVE_HISTORICAL,player_match,2024-25,penaltyMiss,pl_stats/A_Villa_7/players_match_stats/2024-25_players_match_stats.csv,
PL_PULSELIVE_HISTORICAL,player_match,2024-25,penaltySave,pl_stats/A_Villa_7/players_match_stats/2024-25_players_match_stats.csv,
PL_PULSELIVE_HISTORICAL,player_match,2024-25,penaltyWon,pl_stats/A_Villa_7/players_match_stats/2024-25_players_match_stats.csv,
PL_PULSELIVE_HISTORICAL,player_match,2024-25,pl_code,pl_stats/A_Villa_7/players_match_stats/2024-25_players_match_stats.csv,
PL_PULSELIVE_HISTORICAL,player_match,2024-25,playerId,pl_stats/A_Villa_7/players_match_stats/2024-25_players_match_stats.csv,
PL_PULSELIVE_HISTORICAL,player_match,2024-25,playerName,pl_stats/A_Villa_7/players_match_stats/2024-25_players_match_stats.csv,
PL_PULSELIVE_HISTORICAL,player_match,2024-25,position,pl_stats/A_Villa_7/players_match_stats/2024-25_players_match_stats.csv,
PL_PULSELIVE_HISTORICAL,player_match,2024-25,possessionLostCtrl,pl_stats/A_Villa_7/players_match_stats/2024-25_players_match_stats.csv,
PL_PULSELIVE_HISTORICAL,player_match,2024-25,punches,pl_stats/A_Villa_7/players_match_stats/2024-25_players_match_stats.csv,
PL_PULSELIVE_HISTORICAL,player_match,2024-25,rating,pl_stats/A_Villa_7/players_match_stats/2024-25_players_match_stats.csv,
PL_PULSELIVE_HISTORICAL,player_match,2024-25,savedShotsFromInsideTheBox,pl_stats/A_Villa_7/players_match_stats/2024-25_players_match_stats.csv,
PL_PULSELIVE_HISTORICAL,player_match,2024-25,saves,pl_stats/A_Villa_7/players_match_stats/2024-25_players_match_stats.csv,
PL_PULSELIVE_HISTORICAL,player_match,2024-25,season,pl_stats/A_Villa_7/players_match_stats/2024-25_players_match_stats.csv,
PL_PULSELIVE_HISTORICAL,player_match,2024-25,shotOffTarget,pl_stats/A_Villa_7/players_match_stats/2024-25_players_match_stats.csv,
PL_PULSELIVE_HISTORICAL,player_match,2024-25,slug,pl_stats/A_Villa_7/players_match_stats/2024-25_players_match_stats.csv,
PL_PULSELIVE_HISTORICAL,player_match,2024-25,substitute,pl_stats/A_Villa_7/players_match_stats/2024-25_players_match_stats.csv,
PL_PULSELIVE_HISTORICAL,player_match,2024-25,substitute.1,pl_stats/A_Villa_7/players_match_stats/2024-25_players_match_stats.csv,
PL_PULSELIVE_HISTORICAL,player_match,2024-25,team,pl_stats/A_Villa_7/players_match_stats/2024-25_players_match_stats.csv,
PL_PULSELIVE_HISTORICAL,player_match,2024-25,team_id,pl_stats/A_Villa_7/players_match_stats/2024-25_players_match_stats.csv,
PL_PULSELIVE_HISTORICAL,player_match,2024-25,totalClearance,pl_stats/A_Villa_7/players_match_stats/2024-25_players_match_stats.csv,
PL_PULSELIVE_HISTORICAL,player_match,2024-25,totalContest,pl_stats/A_Villa_7/players_match_stats/2024-25_players_match_stats.csv,
PL_PULSELIVE_HISTORICAL,player_match,2024-25,totalCross,pl_stats/A_Villa_7/players_match_stats/2024-25_players_match_stats.csv,
PL_PULSELIVE_HISTORICAL,player_match,2024-25,totalKeeperSweeper,pl_stats/A_Villa_7/players_match_stats/2024-25_players_match_stats.csv,
PL_PULSELIVE_HISTORICAL,player_match,2024-25,totalLongBalls,pl_stats/A_Villa_7/players_match_stats/2024-25_players_match_stats.csv,
PL_PULSELIVE_HISTORICAL,player_match,2024-25,totalOffside,pl_stats/A_Villa_7/players_match_stats/2024-25_players_match_stats.csv,
PL_PULSELIVE_HISTORICAL,player_match,2024-25,totalOppositionHalfPasses,pl_stats/A_Villa_7/players_match_stats/2024-25_players_match_stats.csv,
PL_PULSELIVE_HISTORICAL,player_match,2024-25,totalOwnHalfPasses,pl_stats/A_Villa_7/players_match_stats/2024-25_players_match_stats.csv,
PL_PULSELIVE_HISTORICAL,player_match,2024-25,totalPass,pl_stats/A_Villa_7/players_match_stats/2024-25_players_match_stats.csv,
PL_PULSELIVE_HISTORICAL,player_match,2024-25,totalShots,pl_stats/A_Villa_7/players_match_stats/2024-25_players_match_stats.csv,
PL_PULSELIVE_HISTORICAL,player_match,2024-25,totalTackle,pl_stats/A_Villa_7/players_match_stats/2024-25_players_match_stats.csv,
PL_PULSELIVE_HISTORICAL,player_match,2024-25,touches,pl_stats/A_Villa_7/players_match_stats/2024-25_players_match_stats.csv,
PL_PULSELIVE_HISTORICAL,player_match,2024-25,unsuccessfulTouch,pl_stats/A_Villa_7/players_match_stats/2024-25_players_match_stats.csv,
PL_PULSELIVE_HISTORICAL,player_match,2024-25,venue,pl_stats/A_Villa_7/players_match_stats/2024-25_players_match_stats.csv,
PL_PULSELIVE_HISTORICAL,player_match,2024-25,wasFouled,pl_stats/A_Villa_7/players_match_stats/2024-25_players_match_stats.csv,
PL_PULSELIVE_HISTORICAL,player_match,2024-25,wonContest,pl_stats/A_Villa_7/players_match_stats/2024-25_players_match_stats.csv,
PL_PULSELIVE_HISTORICAL,player_match,2024-25,wonTackle,pl_stats/A_Villa_7/players_match_stats/2024-25_players_match_stats.csv,
PL_PULSELIVE_HISTORICAL,player_match,2025-26,accurateCross,pl_stats/A_Villa_7/players_match_stats/2025-26_players_match_stats.csv,
PL_PULSELIVE_HISTORICAL,player_match,2025-26,accurateKeeperSweeper,pl_stats/A_Villa_7/players_match_stats/2025-26_players_match_stats.csv,
PL_PULSELIVE_HISTORICAL,player_match,2025-26,accurateLongBalls,pl_stats/A_Villa_7/players_match_stats/2025-26_players_match_stats.csv,
PL_PULSELIVE_HISTORICAL,player_match,2025-26,accurateOppositionHalfPasses,pl_stats/A_Villa_7/players_match_stats/2025-26_players_match_stats.csv,
PL_PULSELIVE_HISTORICAL,player_match,2025-26,accurateOwnHalfPasses,pl_stats/A_Villa_7/players_match_stats/2025-26_players_match_stats.csv,
PL_PULSELIVE_HISTORICAL,player_match,2025-26,accuratePass,pl_stats/A_Villa_7/players_match_stats/2025-26_players_match_stats.csv,
PL_PULSELIVE_HISTORICAL,player_match,2025-26,aerialLost,pl_stats/A_Villa_7/players_match_stats/2025-26_players_match_stats.csv,
PL_PULSELIVE_HISTORICAL,player_match,2025-26,aerialWon,pl_stats/A_Villa_7/players_match_stats/2025-26_players_match_stats.csv,
PL_PULSELIVE_HISTORICAL,player_match,2025-26,ballCarriesCount,pl_stats/A_Villa_7/players_match_stats/2025-26_players_match_stats.csv,
PL_PULSELIVE_HISTORICAL,player_match,2025-26,ballRecovery,pl_stats/A_Villa_7/players_match_stats/2025-26_players_match_stats.csv,
PL_PULSELIVE_HISTORICAL,player_match,2025-26,bigChanceCreated,pl_stats/A_Villa_7/players_match_stats/2025-26_players_match_stats.csv,
PL_PULSELIVE_HISTORICAL,player_match,2025-26,bigChanceMissed,pl_stats/A_Villa_7/players_match_stats/2025-26_players_match_stats.csv,
PL_PULSELIVE_HISTORICAL,player_match,2025-26,blockedScoringAttempt,pl_stats/A_Villa_7/players_match_stats/2025-26_players_match_stats.csv,
PL_PULSELIVE_HISTORICAL,player_match,2025-26,challengeLost,pl_stats/A_Villa_7/players_match_stats/2025-26_players_match_stats.csv,
PL_PULSELIVE_HISTORICAL,player_match,2025-26,clearanceOffLine,pl_stats/A_Villa_7/players_match_stats/2025-26_players_match_stats.csv,
PL_PULSELIVE_HISTORICAL,player_match,2025-26,crossNotClaimed,pl_stats/A_Villa_7/players_match_stats/2025-26_players_match_stats.csv,
PL_PULSELIVE_HISTORICAL,player_match,2025-26,dispossessed,pl_stats/A_Villa_7/players_match_stats/2025-26_players_match_stats.csv,
PL_PULSELIVE_HISTORICAL,player_match,2025-26,duelLost,pl_stats/A_Villa_7/players_match_stats/2025-26_players_match_stats.csv,
PL_PULSELIVE_HISTORICAL,player_match,2025-26,duelWon,pl_stats/A_Villa_7/players_match_stats/2025-26_players_match_stats.csv,
PL_PULSELIVE_HISTORICAL,player_match,2025-26,errorLeadToAGoal,pl_stats/A_Villa_7/players_match_stats/2025-26_players_match_stats.csv,
PL_PULSELIVE_HISTORICAL,player_match,2025-26,errorLeadToAShot,pl_stats/A_Villa_7/players_match_stats/2025-26_players_match_stats.csv,
PL_PULSELIVE_HISTORICAL,player_match,2025-26,expectedAssists,pl_stats/A_Villa_7/players_match_stats/2025-26_players_match_stats.csv,
PL_PULSELIVE_HISTORICAL,player_match,2025-26,expectedGoals,pl_stats/A_Villa_7/players_match_stats/2025-26_players_match_stats.csv,
PL_PULSELIVE_HISTORICAL,player_match,2025-26,expectedGoalsOnTarget,pl_stats/A_Villa_7/players_match_stats/2025-26_players_match_stats.csv,
PL_PULSELIVE_HISTORICAL,player_match,2025-26,fouls,pl_stats/A_Villa_7/players_match_stats/2025-26_players_match_stats.csv,
PL_PULSELIVE_HISTORICAL,player_match,2025-26,gameweek,pl_stats/A_Villa_7/players_match_stats/2025-26_players_match_stats.csv,
PL_PULSELIVE_HISTORICAL,player_match,2025-26,goalAssist,pl_stats/A_Villa_7/players_match_stats/2025-26_players_match_stats.csv,
PL_PULSELIVE_HISTORICAL,player_match,2025-26,goals,pl_stats/A_Villa_7/players_match_stats/2025-26_players_match_stats.csv,
PL_PULSELIVE_HISTORICAL,player_match,2025-26,goalsPrevented,pl_stats/A_Villa_7/players_match_stats/2025-26_players_match_stats.csv,
PL_PULSELIVE_HISTORICAL,player_match,2025-26,goodHighClaim,pl_stats/A_Villa_7/players_match_stats/2025-26_players_match_stats.csv,
PL_PULSELIVE_HISTORICAL,player_match,2025-26,hitWoodwork,pl_stats/A_Villa_7/players_match_stats/2025-26_players_match_stats.csv,
PL_PULSELIVE_HISTORICAL,player_match,2025-26,interceptionWon,pl_stats/A_Villa_7/players_match_stats/2025-26_players_match_stats.csv,
PL_PULSELIVE_HISTORICAL,player_match,2025-26,keyPass,pl_stats/A_Villa_7/players_match_stats/2025-26_players_match_stats.csv,
PL_PULSELIVE_HISTORICAL,player_match,2025-26,lastManTackle,pl_stats/A_Villa_7/players_match_stats/2025-26_players_match_stats.csv,
PL_PULSELIVE_HISTORICAL,player_match,2025-26,matchId,pl_stats/A_Villa_7/players_match_stats/2025-26_players_match_stats.csv,
PL_PULSELIVE_HISTORICAL,player_match,2025-26,metersCoveredHighSpeedRunningKm,pl_stats/A_Villa_7/players_match_stats/2025-26_players_match_stats.csv,
PL_PULSELIVE_HISTORICAL,player_match,2025-26,metersCoveredJoggingKm,pl_stats/A_Villa_7/players_match_stats/2025-26_players_match_stats.csv,
PL_PULSELIVE_HISTORICAL,player_match,2025-26,metersCoveredRunningKm,pl_stats/A_Villa_7/players_match_stats/2025-26_players_match_stats.csv,
PL_PULSELIVE_HISTORICAL,player_match,2025-26,metersCoveredSprintingKm,pl_stats/A_Villa_7/players_match_stats/2025-26_players_match_stats.csv,
PL_PULSELIVE_HISTORICAL,player_match,2025-26,metersCoveredWalkingKm,pl_stats/A_Villa_7/players_match_stats/2025-26_players_match_stats.csv,
PL_PULSELIVE_HISTORICAL,player_match,2025-26,minutesPlayed,pl_stats/A_Villa_7/players_match_stats/2025-26_players_match_stats.csv,
PL_PULSELIVE_HISTORICAL,player_match,2025-26,onTargetScoringAttempt,pl_stats/A_Villa_7/players_match_stats/2025-26_players_match_stats.csv,
PL_PULSELIVE_HISTORICAL,player_match,2025-26,outfielderBlock,pl_stats/A_Villa_7/players_match_stats/2025-26_players_match_stats.csv,
PL_PULSELIVE_HISTORICAL,player_match,2025-26,ownGoals,pl_stats/A_Villa_7/players_match_stats/2025-26_players_match_stats.csv,
PL_PULSELIVE_HISTORICAL,player_match,2025-26,penaltyConceded,pl_stats/A_Villa_7/players_match_stats/2025-26_players_match_stats.csv,
PL_PULSELIVE_HISTORICAL,player_match,2025-26,penaltyFaced,pl_stats/A_Villa_7/players_match_stats/2025-26_players_match_stats.csv,
PL_PULSELIVE_HISTORICAL,player_match,2025-26,penaltySave,pl_stats/A_Villa_7/players_match_stats/2025-26_players_match_stats.csv,
PL_PULSELIVE_HISTORICAL,player_match,2025-26,pl_code,pl_stats/A_Villa_7/players_match_stats/2025-26_players_match_stats.csv,
PL_PULSELIVE_HISTORICAL,player_match,2025-26,playerId,pl_stats/A_Villa_7/players_match_stats/2025-26_players_match_stats.csv,
PL_PULSELIVE_HISTORICAL,player_match,2025-26,playerName,pl_stats/A_Villa_7/players_match_stats/2025-26_players_match_stats.csv,
PL_PULSELIVE_HISTORICAL,player_match,2025-26,position,pl_stats/A_Villa_7/players_match_stats/2025-26_players_match_stats.csv,
PL_PULSELIVE_HISTORICAL,player_match,2025-26,possessionLostCtrl,pl_stats/A_Villa_7/players_match_stats/2025-26_players_match_stats.csv,
PL_PULSELIVE_HISTORICAL,player_match,2025-26,progressiveBallCarriesCount,pl_stats/A_Villa_7/players_match_stats/2025-26_players_match_stats.csv,
PL_PULSELIVE_HISTORICAL,player_match,2025-26,punches,pl_stats/A_Villa_7/players_match_stats/2025-26_players_match_stats.csv,
PL_PULSELIVE_HISTORICAL,player_match,2025-26,rating,pl_stats/A_Villa_7/players_match_stats/2025-26_players_match_stats.csv,
PL_PULSELIVE_HISTORICAL,player_match,2025-26,savedShotsFromInsideTheBox,pl_stats/A_Villa_7/players_match_stats/2025-26_players_match_stats.csv,
PL_PULSELIVE_HISTORICAL,player_match,2025-26,saves,pl_stats/A_Villa_7/players_match_stats/2025-26_players_match_stats.csv,
PL_PULSELIVE_HISTORICAL,player_match,2025-26,season,pl_stats/A_Villa_7/players_match_stats/2025-26_players_match_stats.csv,
PL_PULSELIVE_HISTORICAL,player_match,2025-26,shotOffTarget,pl_stats/A_Villa_7/players_match_stats/2025-26_players_match_stats.csv,
PL_PULSELIVE_HISTORICAL,player_match,2025-26,slug,pl_stats/A_Villa_7/players_match_stats/2025-26_players_match_stats.csv,
PL_PULSELIVE_HISTORICAL,player_match,2025-26,substitute,pl_stats/A_Villa_7/players_match_stats/2025-26_players_match_stats.csv,
PL_PULSELIVE_HISTORICAL,player_match,2025-26,substitute.1,pl_stats/A_Villa_7/players_match_stats/2025-26_players_match_stats.csv,
PL_PULSELIVE_HISTORICAL,player_match,2025-26,team,pl_stats/A_Villa_7/players_match_stats/2025-26_players_match_stats.csv,
PL_PULSELIVE_HISTORICAL,player_match,2025-26,team_id,pl_stats/A_Villa_7/players_match_stats/2025-26_players_match_stats.csv,
PL_PULSELIVE_HISTORICAL,player_match,2025-26,totalBallCarriesDistance,pl_stats/A_Villa_7/players_match_stats/2025-26_players_match_stats.csv,
PL_PULSELIVE_HISTORICAL,player_match,2025-26,totalClearance,pl_stats/A_Villa_7/players_match_stats/2025-26_players_match_stats.csv,
PL_PULSELIVE_HISTORICAL,player_match,2025-26,totalContest,pl_stats/A_Villa_7/players_match_stats/2025-26_players_match_stats.csv,
PL_PULSELIVE_HISTORICAL,player_match,2025-26,totalCross,pl_stats/A_Villa_7/players_match_stats/2025-26_players_match_stats.csv,
PL_PULSELIVE_HISTORICAL,player_match,2025-26,totalKeeperSweeper,pl_stats/A_Villa_7/players_match_stats/2025-26_players_match_stats.csv,
PL_PULSELIVE_HISTORICAL,player_match,2025-26,totalLongBalls,pl_stats/A_Villa_7/players_match_stats/2025-26_players_match_stats.csv,
PL_PULSELIVE_HISTORICAL,player_match,2025-26,totalOffside,pl_stats/A_Villa_7/players_match_stats/2025-26_players_match_stats.csv,
PL_PULSELIVE_HISTORICAL,player_match,2025-26,totalOppositionHalfPasses,pl_stats/A_Villa_7/players_match_stats/2025-26_players_match_stats.csv,
PL_PULSELIVE_HISTORICAL,player_match,2025-26,totalOwnHalfPasses,pl_stats/A_Villa_7/players_match_stats/2025-26_players_match_stats.csv,
PL_PULSELIVE_HISTORICAL,player_match,2025-26,totalPass,pl_stats/A_Villa_7/players_match_stats/2025-26_players_match_stats.csv,
PL_PULSELIVE_HISTORICAL,player_match,2025-26,totalProgression,pl_stats/A_Villa_7/players_match_stats/2025-26_players_match_stats.csv,
PL_PULSELIVE_HISTORICAL,player_match,2025-26,totalProgressiveBallCarriesDistance,pl_stats/A_Villa_7/players_match_stats/2025-26_players_match_stats.csv,
PL_PULSELIVE_HISTORICAL,player_match,2025-26,totalShots,pl_stats/A_Villa_7/players_match_stats/2025-26_players_match_stats.csv,
PL_PULSELIVE_HISTORICAL,player_match,2025-26,totalTackle,pl_stats/A_Villa_7/players_match_stats/2025-26_players_match_stats.csv,
PL_PULSELIVE_HISTORICAL,player_match,2025-26,touches,pl_stats/A_Villa_7/players_match_stats/2025-26_players_match_stats.csv,
PL_PULSELIVE_HISTORICAL,player_match,2025-26,unsuccessfulTouch,pl_stats/A_Villa_7/players_match_stats/2025-26_players_match_stats.csv,
PL_PULSELIVE_HISTORICAL,player_match,2025-26,venue,pl_stats/A_Villa_7/players_match_stats/2025-26_players_match_stats.csv,
PL_PULSELIVE_HISTORICAL,player_match,2025-26,wasFouled,pl_stats/A_Villa_7/players_match_stats/2025-26_players_match_stats.csv,
PL_PULSELIVE_HISTORICAL,player_match,2025-26,wonContest,pl_stats/A_Villa_7/players_match_stats/2025-26_players_match_stats.csv,
PL_PULSELIVE_HISTORICAL,player_match,2025-26,wonTackle,pl_stats/A_Villa_7/players_match_stats/2025-26_players_match_stats.csv,
PL_PULSELIVE_HISTORICAL,player_season,2009-10,aerialDuels,pl_stats/A_Villa_7/players_stats/2009-10_players_stats.csv,
PL_PULSELIVE_HISTORICAL,player_season,2009-10,aerialDuelsLost,pl_stats/A_Villa_7/players_stats/2009-10_players_stats.csv,
PL_PULSELIVE_HISTORICAL,player_season,2009-10,aerialDuelsWon,pl_stats/A_Villa_7/players_stats/2009-10_players_stats.csv,
PL_PULSELIVE_HISTORICAL,player_season,2009-10,appearances,pl_stats/A_Villa_7/players_stats/2009-10_players_stats.csv,
PL_PULSELIVE_HISTORICAL,player_season,2009-10,attemptsFromSetPieces,pl_stats/A_Villa_7/players_stats/2009-10_players_stats.csv,
PL_PULSELIVE_HISTORICAL,player_season,2009-10,awayGoals,pl_stats/A_Villa_7/players_stats/2009-10_players_stats.csv,
PL_PULSELIVE_HISTORICAL,player_season,2009-10,blockedShots,pl_stats/A_Villa_7/players_stats/2009-10_players_stats.csv,
PL_PULSELIVE_HISTORICAL,player_season,2009-10,blocks,pl_stats/A_Villa_7/players_stats/2009-10_players_stats.csv,
PL_PULSELIVE_HISTORICAL,player_season,2009-10,catches,pl_stats/A_Villa_7/players_stats/2009-10_players_stats.csv,
PL_PULSELIVE_HISTORICAL,player_season,2009-10,cleanSheets,pl_stats/A_Villa_7/players_stats/2009-10_players_stats.csv,
PL_PULSELIVE_HISTORICAL,player_season,2009-10,clearancesOffTheLine,pl_stats/A_Villa_7/players_stats/2009-10_players_stats.csv,
PL_PULSELIVE_HISTORICAL,player_season,2009-10,cornersTakenInclShortCorners,pl_stats/A_Villa_7/players_stats/2009-10_players_stats.csv,
PL_PULSELIVE_HISTORICAL,player_season,2009-10,cornersWon,pl_stats/A_Villa_7/players_stats/2009-10_players_stats.csv,
PL_PULSELIVE_HISTORICAL,player_season,2009-10,crossesNotClaimed,pl_stats/A_Villa_7/players_stats/2009-10_players_stats.csv,
PL_PULSELIVE_HISTORICAL,player_season,2009-10,duels,pl_stats/A_Villa_7/players_stats/2009-10_players_stats.csv,
PL_PULSELIVE_HISTORICAL,player_season,2009-10,duelsLost,pl_stats/A_Villa_7/players_stats/2009-10_players_stats.csv,
PL_PULSELIVE_HISTORICAL,player_season,2009-10,duelsWon,pl_stats/A_Villa_7/players_stats/2009-10_players_stats.csv,
PL_PULSELIVE_HISTORICAL,player_season,2009-10,foulWonPenalty,pl_stats/A_Villa_7/players_stats/2009-10_players_stats.csv,
PL_PULSELIVE_HISTORICAL,player_season,2009-10,gamesPlayed,pl_stats/A_Villa_7/players_stats/2009-10_players_stats.csv,
PL_PULSELIVE_HISTORICAL,player_season,2009-10,gkSuccessfulDistribution,pl_stats/A_Villa_7/players_stats/2009-10_players_stats.csv,
PL_PULSELIVE_HISTORICAL,player_season,2009-10,gkUnsuccessfulDistribution,pl_stats/A_Villa_7/players_stats/2009-10_players_stats.csv,
PL_PULSELIVE_HISTORICAL,player_season,2009-10,goalAssists,pl_stats/A_Villa_7/players_stats/2009-10_players_stats.csv,
PL_PULSELIVE_HISTORICAL,player_season,2009-10,goalKicks,pl_stats/A_Villa_7/players_stats/2009-10_players_stats.csv,
PL_PULSELIVE_HISTORICAL,player_season,2009-10,goalkeeperSmother,pl_stats/A_Villa_7/players_stats/2009-10_players_stats.csv,
PL_PULSELIVE_HISTORICAL,player_season,2009-10,goals,pl_stats/A_Villa_7/players_stats/2009-10_players_stats.csv,
PL_PULSELIVE_HISTORICAL,player_season,2009-10,goalsConceded,pl_stats/A_Villa_7/players_stats/2009-10_players_stats.csv,
PL_PULSELIVE_HISTORICAL,player_season,2009-10,goalsConcededInsideBox,pl_stats/A_Villa_7/players_stats/2009-10_players_stats.csv,
PL_PULSELIVE_HISTORICAL,player_season,2009-10,goalsConcededOutsideBox,pl_stats/A_Villa_7/players_stats/2009-10_players_stats.csv,
PL_PULSELIVE_HISTORICAL,player_season,2009-10,groundDuels,pl_stats/A_Villa_7/players_stats/2009-10_players_stats.csv,
PL_PULSELIVE_HISTORICAL,player_season,2009-10,groundDuelsLost,pl_stats/A_Villa_7/players_stats/2009-10_players_stats.csv,
PL_PULSELIVE_HISTORICAL,player_season,2009-10,groundDuelsWon,pl_stats/A_Villa_7/players_stats/2009-10_players_stats.csv,
PL_PULSELIVE_HISTORICAL,player_season,2009-10,handballsConceded,pl_stats/A_Villa_7/players_stats/2009-10_players_stats.csv,
PL_PULSELIVE_HISTORICAL,player_season,2009-10,headedGoals,pl_stats/A_Villa_7/players_stats/2009-10_players_stats.csv,
PL_PULSELIVE_HISTORICAL,player_season,2009-10,hitWoodwork,pl_stats/A_Villa_7/players_stats/2009-10_players_stats.csv,
PL_PULSELIVE_HISTORICAL,player_season,2009-10,homeGoals,pl_stats/A_Villa_7/players_stats/2009-10_players_stats.csv,
PL_PULSELIVE_HISTORICAL,player_season,2009-10,interceptions,pl_stats/A_Villa_7/players_stats/2009-10_players_stats.csv,
PL_PULSELIVE_HISTORICAL,player_season,2009-10,keyPassesAttemptAssists,pl_stats/A_Villa_7/players_stats/2009-10_players_stats.csv,
PL_PULSELIVE_HISTORICAL,player_season,2009-10,lastPlayerTackle,pl_stats/A_Villa_7/players_stats/2009-10_players_stats.csv,
PL_PULSELIVE_HISTORICAL,player_season,2009-10,leftFootGoals,pl_stats/A_Villa_7/players_stats/2009-10_players_stats.csv,
PL_PULSELIVE_HISTORICAL,player_season,2009-10,nationality,pl_stats/A_Villa_7/players_stats/2009-10_players_stats.csv,
PL_PULSELIVE_HISTORICAL,player_season,2009-10,offsides,pl_stats/A_Villa_7/players_stats/2009-10_players_stats.csv,
PL_PULSELIVE_HISTORICAL,player_season,2009-10,openPlayPasses,pl_stats/A_Villa_7/players_stats/2009-10_players_stats.csv,
PL_PULSELIVE_HISTORICAL,player_season,2009-10,ownGoalScored,pl_stats/A_Villa_7/players_stats/2009-10_players_stats.csv,
PL_PULSELIVE_HISTORICAL,player_season,2009-10,penaltiesConceded,pl_stats/A_Villa_7/players_stats/2009-10_players_stats.csv,
PL_PULSELIVE_HISTORICAL,player_season,2009-10,penaltiesFaced,pl_stats/A_Villa_7/players_stats/2009-10_players_stats.csv,
PL_PULSELIVE_HISTORICAL,player_season,2009-10,penaltiesTaken,pl_stats/A_Villa_7/players_stats/2009-10_players_stats.csv,
PL_PULSELIVE_HISTORICAL,player_season,2009-10,penaltyGoals,pl_stats/A_Villa_7/players_stats/2009-10_players_stats.csv,
PL_PULSELIVE_HISTORICAL,player_season,2009-10,penaltyGoalsConceded,pl_stats/A_Villa_7/players_stats/2009-10_players_stats.csv,
PL_PULSELIVE_HISTORICAL,player_season,2009-10,playerId,pl_stats/A_Villa_7/players_stats/2009-10_players_stats.csv,
PL_PULSELIVE_HISTORICAL,player_season,2009-10,playerName,pl_stats/A_Villa_7/players_stats/2009-10_players_stats.csv,
PL_PULSELIVE_HISTORICAL,player_season,2009-10,position,pl_stats/A_Villa_7/players_stats/2009-10_players_stats.csv,
PL_PULSELIVE_HISTORICAL,player_season,2009-10,punches,pl_stats/A_Villa_7/players_stats/2009-10_players_stats.csv,
PL_PULSELIVE_HISTORICAL,player_season,2009-10,recoveries,pl_stats/A_Villa_7/players_stats/2009-10_players_stats.csv,
PL_PULSELIVE_HISTORICAL,player_season,2009-10,redCards2ndYellow,pl_stats/A_Villa_7/players_stats/2009-10_players_stats.csv,
PL_PULSELIVE_HISTORICAL,player_season,2009-10,rightFootGoals,pl_stats/A_Villa_7/players_stats/2009-10_players_stats.csv,
PL_PULSELIVE_HISTORICAL,player_season,2009-10,savesMade,pl_stats/A_Villa_7/players_stats/2009-10_players_stats.csv,
PL_PULSELIVE_HISTORICAL,player_season,2009-10,savesMadeCaught,pl_stats/A_Villa_7/players_stats/2009-10_players_stats.csv,
PL_PULSELIVE_HISTORICAL,player_season,2009-10,savesMadeFromInsideBox,pl_stats/A_Villa_7/players_stats/2009-10_players_stats.csv,
PL_PULSELIVE_HISTORICAL,player_season,2009-10,savesMadeFromOutsideBox,pl_stats/A_Villa_7/players_stats/2009-10_players_stats.csv,
PL_PULSELIVE_HISTORICAL,player_season,2009-10,savesMadeParried,pl_stats/A_Villa_7/players_stats/2009-10_players_stats.csv,
PL_PULSELIVE_HISTORICAL,player_season,2009-10,season,pl_stats/A_Villa_7/players_stats/2009-10_players_stats.csv,
PL_PULSELIVE_HISTORICAL,player_season,2009-10,shotsOffTargetIncWoodwork,pl_stats/A_Villa_7/players_stats/2009-10_players_stats.csv,
PL_PULSELIVE_HISTORICAL,player_season,2009-10,shotsOnTargetIncGoals,pl_stats/A_Villa_7/players_stats/2009-10_players_stats.csv,
PL_PULSELIVE_HISTORICAL,player_season,2009-10,starts,pl_stats/A_Villa_7/players_stats/2009-10_players_stats.csv,
PL_PULSELIVE_HISTORICAL,player_season,2009-10,straightRedCards,pl_stats/A_Villa_7/players_stats/2009-10_players_stats.csv,
PL_PULSELIVE_HISTORICAL,player_season,2009-10,substituteOff,pl_stats/A_Villa_7/players_stats/2009-10_players_stats.csv,
PL_PULSELIVE_HISTORICAL,player_season,2009-10,substituteOn,pl_stats/A_Villa_7/players_stats/2009-10_players_stats.csv,
PL_PULSELIVE_HISTORICAL,player_season,2009-10,successfulCornersIntoBox,pl_stats/A_Villa_7/players_stats/2009-10_players_stats.csv,
PL_PULSELIVE_HISTORICAL,player_season,2009-10,successfulCrossesAndCorners,pl_stats/A_Villa_7/players_stats/2009-10_players_stats.csv,
PL_PULSELIVE_HISTORICAL,player_season,2009-10,successfulCrossesOpenPlay,pl_stats/A_Villa_7/players_stats/2009-10_players_stats.csv,
PL_PULSELIVE_HISTORICAL,player_season,2009-10,successfulDribbles,pl_stats/A_Villa_7/players_stats/2009-10_players_stats.csv,
PL_PULSELIVE_HISTORICAL,player_season,2009-10,successfulLaunches,pl_stats/A_Villa_7/players_stats/2009-10_players_stats.csv,
PL_PULSELIVE_HISTORICAL,player_season,2009-10,successfulLayoffs,pl_stats/A_Villa_7/players_stats/2009-10_players_stats.csv,
PL_PULSELIVE_HISTORICAL,player_season,2009-10,successfulLongPasses,pl_stats/A_Villa_7/players_stats/2009-10_players_stats.csv,
PL_PULSELIVE_HISTORICAL,player_season,2009-10,successfulPassesOppositionHalf,pl_stats/A_Villa_7/players_stats/2009-10_players_stats.csv,
PL_PULSELIVE_HISTORICAL,player_season,2009-10,successfulPassesOwnHalf,pl_stats/A_Villa_7/players_stats/2009-10_players_stats.csv,
PL_PULSELIVE_HISTORICAL,player_season,2009-10,successfulShortPasses,pl_stats/A_Villa_7/players_stats/2009-10_players_stats.csv,
PL_PULSELIVE_HISTORICAL,player_season,2009-10,tacklesLost,pl_stats/A_Villa_7/players_stats/2009-10_players_stats.csv,
PL_PULSELIVE_HISTORICAL,player_season,2009-10,tacklesWon,pl_stats/A_Villa_7/players_stats/2009-10_players_stats.csv,
PL_PULSELIVE_HISTORICAL,player_season,2009-10,team_id,pl_stats/A_Villa_7/players_stats/2009-10_players_stats.csv,
PL_PULSELIVE_HISTORICAL,player_season,2009-10,team_name,pl_stats/A_Villa_7/players_stats/2009-10_players_stats.csv,
PL_PULSELIVE_HISTORICAL,player_season,2009-10,throughBalls,pl_stats/A_Villa_7/players_stats/2009-10_players_stats.csv,
PL_PULSELIVE_HISTORICAL,player_season,2009-10,throwInsToOppositionPlayer,pl_stats/A_Villa_7/players_stats/2009-10_players_stats.csv,
PL_PULSELIVE_HISTORICAL,player_season,2009-10,throwInsToOwnPlayer,pl_stats/A_Villa_7/players_stats/2009-10_players_stats.csv,
PL_PULSELIVE_HISTORICAL,player_season,2009-10,timePlayed,pl_stats/A_Villa_7/players_stats/2009-10_players_stats.csv,
PL_PULSELIVE_HISTORICAL,player_season,2009-10,timesTackled,pl_stats/A_Villa_7/players_stats/2009-10_players_stats.csv,
PL_PULSELIVE_HISTORICAL,player_season,2009-10,totalClearances,pl_stats/A_Villa_7/players_stats/2009-10_players_stats.csv,
PL_PULSELIVE_HISTORICAL,player_season,2009-10,totalFoulsConceded,pl_stats/A_Villa_7/players_stats/2009-10_players_stats.csv,
PL_PULSELIVE_HISTORICAL,player_season,2009-10,totalFoulsWon,pl_stats/A_Villa_7/players_stats/2009-10_players_stats.csv,
PL_PULSELIVE_HISTORICAL,player_season,2009-10,totalLossesOfPossession,pl_stats/A_Villa_7/players_stats/2009-10_players_stats.csv,
PL_PULSELIVE_HISTORICAL,player_season,2009-10,totalPasses,pl_stats/A_Villa_7/players_stats/2009-10_players_stats.csv,
PL_PULSELIVE_HISTORICAL,player_season,2009-10,totalRedCards,pl_stats/A_Villa_7/players_stats/2009-10_players_stats.csv,
PL_PULSELIVE_HISTORICAL,player_season,2009-10,totalShots,pl_stats/A_Villa_7/players_stats/2009-10_players_stats.csv,
PL_PULSELIVE_HISTORICAL,player_season,2009-10,totalTackles,pl_stats/A_Villa_7/players_stats/2009-10_players_stats.csv,
PL_PULSELIVE_HISTORICAL,player_season,2009-10,totalTouchesInOppositionBox,pl_stats/A_Villa_7/players_stats/2009-10_players_stats.csv,
PL_PULSELIVE_HISTORICAL,player_season,2009-10,totalUnsuccessfulPassesExclCrossesAndCorners,pl_stats/A_Villa_7/players_stats/2009-10_players_stats.csv,
PL_PULSELIVE_HISTORICAL,player_season,2009-10,touches,pl_stats/A_Villa_7/players_stats/2009-10_players_stats.csv,
PL_PULSELIVE_HISTORICAL,player_season,2009-10,unsuccessfulCornersIntoBox,pl_stats/A_Villa_7/players_stats/2009-10_players_stats.csv,
PL_PULSELIVE_HISTORICAL,player_season,2009-10,unsuccessfulCrossesAndCorners,pl_stats/A_Villa_7/players_stats/2009-10_players_stats.csv,
PL_PULSELIVE_HISTORICAL,player_season,2009-10,unsuccessfulCrossesOpenPlay,pl_stats/A_Villa_7/players_stats/2009-10_players_stats.csv,
PL_PULSELIVE_HISTORICAL,player_season,2009-10,unsuccessfulDribbles,pl_stats/A_Villa_7/players_stats/2009-10_players_stats.csv,
PL_PULSELIVE_HISTORICAL,player_season,2009-10,unsuccessfulLaunches,pl_stats/A_Villa_7/players_stats/2009-10_players_stats.csv,
PL_PULSELIVE_HISTORICAL,player_season,2009-10,unsuccessfulLayoffs,pl_stats/A_Villa_7/players_stats/2009-10_players_stats.csv,
PL_PULSELIVE_HISTORICAL,player_season,2009-10,unsuccessfulLongPasses,pl_stats/A_Villa_7/players_stats/2009-10_players_stats.csv,
PL_PULSELIVE_HISTORICAL,player_season,2009-10,unsuccessfulPassesOwnHalf,pl_stats/A_Villa_7/players_stats/2009-10_players_stats.csv,
PL_PULSELIVE_HISTORICAL,player_season,2009-10,unsuccessfulShortPasses,pl_stats/A_Villa_7/players_stats/2009-10_players_stats.csv,
PL_PULSELIVE_HISTORICAL,player_season,2009-10,winningGoal,pl_stats/A_Villa_7/players_stats/2009-10_players_stats.csv,
PL_PULSELIVE_HISTORICAL,player_season,2009-10,yellowCards,pl_stats/A_Villa_7/players_stats/2009-10_players_stats.csv,
PL_PULSELIVE_HISTORICAL,player_season,2010-11,aerialDuels,pl_stats/A_Villa_7/players_stats/2010-11_players_stats.csv,
PL_PULSELIVE_HISTORICAL,player_season,2010-11,aerialDuelsLost,pl_stats/A_Villa_7/players_stats/2010-11_players_stats.csv,
PL_PULSELIVE_HISTORICAL,player_season,2010-11,aerialDuelsWon,pl_stats/A_Villa_7/players_stats/2010-11_players_stats.csv,
PL_PULSELIVE_HISTORICAL,player_season,2010-11,appearances,pl_stats/A_Villa_7/players_stats/2010-11_players_stats.csv,
PL_PULSELIVE_HISTORICAL,player_season,2010-11,attemptsFromSetPieces,pl_stats/A_Villa_7/players_stats/2010-11_players_stats.csv,
PL_PULSELIVE_HISTORICAL,player_season,2010-11,awayGoals,pl_stats/A_Villa_7/players_stats/2010-11_players_stats.csv,
PL_PULSELIVE_HISTORICAL,player_season,2010-11,backwardPasses,pl_stats/A_Villa_7/players_stats/2010-11_players_stats.csv,
PL_PULSELIVE_HISTORICAL,player_season,2010-11,blockedShots,pl_stats/A_Villa_7/players_stats/2010-11_players_stats.csv,
PL_PULSELIVE_HISTORICAL,player_season,2010-11,blocks,pl_stats/A_Villa_7/players_stats/2010-11_players_stats.csv,
PL_PULSELIVE_HISTORICAL,player_season,2010-11,catches,pl_stats/A_Villa_7/players_stats/2010-11_players_stats.csv,
PL_PULSELIVE_HISTORICAL,player_season,2010-11,cleanSheets,pl_stats/A_Villa_7/players_stats/2010-11_players_stats.csv,
PL_PULSELIVE_HISTORICAL,player_season,2010-11,clearancesOffTheLine,pl_stats/A_Villa_7/players_stats/2010-11_players_stats.csv,
PL_PULSELIVE_HISTORICAL,player_season,2010-11,cornersTakenInclShortCorners,pl_stats/A_Villa_7/players_stats/2010-11_players_stats.csv,
PL_PULSELIVE_HISTORICAL,player_season,2010-11,cornersWon,pl_stats/A_Villa_7/players_stats/2010-11_players_stats.csv,
PL_PULSELIVE_HISTORICAL,player_season,2010-11,crossesNotClaimed,pl_stats/A_Villa_7/players_stats/2010-11_players_stats.csv,
PL_PULSELIVE_HISTORICAL,player_season,2010-11,drops,pl_stats/A_Villa_7/players_stats/2010-11_players_stats.csv,
PL_PULSELIVE_HISTORICAL,player_season,2010-11,duels,pl_stats/A_Villa_7/players_stats/2010-11_players_stats.csv,
PL_PULSELIVE_HISTORICAL,player_season,2010-11,duelsLost,pl_stats/A_Villa_7/players_stats/2010-11_players_stats.csv,
PL_PULSELIVE_HISTORICAL,player_season,2010-11,duelsWon,pl_stats/A_Villa_7/players_stats/2010-11_players_stats.csv,
PL_PULSELIVE_HISTORICAL,player_season,2010-11,forwardPasses,pl_stats/A_Villa_7/players_stats/2010-11_players_stats.csv,
PL_PULSELIVE_HISTORICAL,player_season,2010-11,foulWonPenalty,pl_stats/A_Villa_7/players_stats/2010-11_players_stats.csv,
PL_PULSELIVE_HISTORICAL,player_season,2010-11,gamesPlayed,pl_stats/A_Villa_7/players_stats/2010-11_players_stats.csv,
PL_PULSELIVE_HISTORICAL,player_season,2010-11,gkSuccessfulDistribution,pl_stats/A_Villa_7/players_stats/2010-11_players_stats.csv,
PL_PULSELIVE_HISTORICAL,player_season,2010-11,gkUnsuccessfulDistribution,pl_stats/A_Villa_7/players_stats/2010-11_players_stats.csv,
PL_PULSELIVE_HISTORICAL,player_season,2010-11,goalAssists,pl_stats/A_Villa_7/players_stats/2010-11_players_stats.csv,
PL_PULSELIVE_HISTORICAL,player_season,2010-11,goalKicks,pl_stats/A_Villa_7/players_stats/2010-11_players_stats.csv,
PL_PULSELIVE_HISTORICAL,player_season,2010-11,goalkeeperSmother,pl_stats/A_Villa_7/players_stats/2010-11_players_stats.csv,
PL_PULSELIVE_HISTORICAL,player_season,2010-11,goals,pl_stats/A_Villa_7/players_stats/2010-11_players_stats.csv,
PL_PULSELIVE_HISTORICAL,player_season,2010-11,goalsConceded,pl_stats/A_Villa_7/players_stats/2010-11_players_stats.csv,
PL_PULSELIVE_HISTORICAL,player_season,2010-11,goalsConcededInsideBox,pl_stats/A_Villa_7/players_stats/2010-11_players_stats.csv,
PL_PULSELIVE_HISTORICAL,player_season,2010-11,goalsConcededOutsideBox,pl_stats/A_Villa_7/players_stats/2010-11_players_stats.csv,
PL_PULSELIVE_HISTORICAL,player_season,2010-11,groundDuels,pl_stats/A_Villa_7/players_stats/2010-11_players_stats.csv,
PL_PULSELIVE_HISTORICAL,player_season,2010-11,groundDuelsLost,pl_stats/A_Villa_7/players_stats/2010-11_players_stats.csv,
PL_PULSELIVE_HISTORICAL,player_season,2010-11,groundDuelsWon,pl_stats/A_Villa_7/players_stats/2010-11_players_stats.csv,
PL_PULSELIVE_HISTORICAL,player_season,2010-11,handballsConceded,pl_stats/A_Villa_7/players_stats/2010-11_players_stats.csv,
PL_PULSELIVE_HISTORICAL,player_season,2010-11,headedGoals,pl_stats/A_Villa_7/players_stats/2010-11_players_stats.csv,
PL_PULSELIVE_HISTORICAL,player_season,2010-11,hitWoodwork,pl_stats/A_Villa_7/players_stats/2010-11_players_stats.csv,
PL_PULSELIVE_HISTORICAL,player_season,2010-11,homeGoals,pl_stats/A_Villa_7/players_stats/2010-11_players_stats.csv,
PL_PULSELIVE_HISTORICAL,player_season,2010-11,interceptions,pl_stats/A_Villa_7/players_stats/2010-11_players_stats.csv,
PL_PULSELIVE_HISTORICAL,player_season,2010-11,keyPassesAttemptAssists,pl_stats/A_Villa_7/players_stats/2010-11_players_stats.csv,
PL_PULSELIVE_HISTORICAL,player_season,2010-11,lastPlayerTackle,pl_stats/A_Villa_7/players_stats/2010-11_players_stats.csv,
PL_PULSELIVE_HISTORICAL,player_season,2010-11,leftFootGoals,pl_stats/A_Villa_7/players_stats/2010-11_players_stats.csv,
PL_PULSELIVE_HISTORICAL,player_season,2010-11,leftsidePasses,pl_stats/A_Villa_7/players_stats/2010-11_players_stats.csv,
PL_PULSELIVE_HISTORICAL,player_season,2010-11,nationality,pl_stats/A_Villa_7/players_stats/2010-11_players_stats.csv,
PL_PULSELIVE_HISTORICAL,player_season,2010-11,offsides,pl_stats/A_Villa_7/players_stats/2010-11_players_stats.csv,
PL_PULSELIVE_HISTORICAL,player_season,2010-11,openPlayPasses,pl_stats/A_Villa_7/players_stats/2010-11_players_stats.csv,
PL_PULSELIVE_HISTORICAL,player_season,2010-11,overruns,pl_stats/A_Villa_7/players_stats/2010-11_players_stats.csv,
PL_PULSELIVE_HISTORICAL,player_season,2010-11,ownGoalScored,pl_stats/A_Villa_7/players_stats/2010-11_players_stats.csv,
PL_PULSELIVE_HISTORICAL,player_season,2010-11,penaltiesConceded,pl_stats/A_Villa_7/players_stats/2010-11_players_stats.csv,
PL_PULSELIVE_HISTORICAL,player_season,2010-11,penaltiesFaced,pl_stats/A_Villa_7/players_stats/2010-11_players_stats.csv,
PL_PULSELIVE_HISTORICAL,player_season,2010-11,penaltiesTaken,pl_stats/A_Villa_7/players_stats/2010-11_players_stats.csv,
PL_PULSELIVE_HISTORICAL,player_season,2010-11,penaltyGoals,pl_stats/A_Villa_7/players_stats/2010-11_players_stats.csv,
PL_PULSELIVE_HISTORICAL,player_season,2010-11,penaltyGoalsConceded,pl_stats/A_Villa_7/players_stats/2010-11_players_stats.csv,
PL_PULSELIVE_HISTORICAL,player_season,2010-11,playerId,pl_stats/A_Villa_7/players_stats/2010-11_players_stats.csv,
PL_PULSELIVE_HISTORICAL,player_season,2010-11,playerName,pl_stats/A_Villa_7/players_stats/2010-11_players_stats.csv,
PL_PULSELIVE_HISTORICAL,player_season,2010-11,position,pl_stats/A_Villa_7/players_stats/2010-11_players_stats.csv,
PL_PULSELIVE_HISTORICAL,player_season,2010-11,punches,pl_stats/A_Villa_7/players_stats/2010-11_players_stats.csv,
PL_PULSELIVE_HISTORICAL,player_season,2010-11,recoveries,pl_stats/A_Villa_7/players_stats/2010-11_players_stats.csv,
PL_PULSELIVE_HISTORICAL,player_season,2010-11,rightFootGoals,pl_stats/A_Villa_7/players_stats/2010-11_players_stats.csv,
PL_PULSELIVE_HISTORICAL,player_season,2010-11,rightsidePasses,pl_stats/A_Villa_7/players_stats/2010-11_players_stats.csv,
PL_PULSELIVE_HISTORICAL,player_season,2010-11,savesMade,pl_stats/A_Villa_7/players_stats/2010-11_players_stats.csv,
PL_PULSELIVE_HISTORICAL,player_season,2010-11,savesMadeCaught,pl_stats/A_Villa_7/players_stats/2010-11_players_stats.csv,
PL_PULSELIVE_HISTORICAL,player_season,2010-11,savesMadeFromInsideBox,pl_stats/A_Villa_7/players_stats/2010-11_players_stats.csv,
PL_PULSELIVE_HISTORICAL,player_season,2010-11,savesMadeFromOutsideBox,pl_stats/A_Villa_7/players_stats/2010-11_players_stats.csv,
PL_PULSELIVE_HISTORICAL,player_season,2010-11,savesMadeParried,pl_stats/A_Villa_7/players_stats/2010-11_players_stats.csv,
PL_PULSELIVE_HISTORICAL,player_season,2010-11,season,pl_stats/A_Villa_7/players_stats/2010-11_players_stats.csv,
PL_PULSELIVE_HISTORICAL,player_season,2010-11,setPiecesGoals,pl_stats/A_Villa_7/players_stats/2010-11_players_stats.csv,
PL_PULSELIVE_HISTORICAL,player_season,2010-11,shotsOffTargetIncWoodwork,pl_stats/A_Villa_7/players_stats/2010-11_players_stats.csv,
PL_PULSELIVE_HISTORICAL,player_season,2010-11,shotsOnTargetIncGoals,pl_stats/A_Villa_7/players_stats/2010-11_players_stats.csv,
PL_PULSELIVE_HISTORICAL,player_season,2010-11,starts,pl_stats/A_Villa_7/players_stats/2010-11_players_stats.csv,
PL_PULSELIVE_HISTORICAL,player_season,2010-11,straightRedCards,pl_stats/A_Villa_7/players_stats/2010-11_players_stats.csv,
PL_PULSELIVE_HISTORICAL,player_season,2010-11,substituteOff,pl_stats/A_Villa_7/players_stats/2010-11_players_stats.csv,
PL_PULSELIVE_HISTORICAL,player_season,2010-11,substituteOn,pl_stats/A_Villa_7/players_stats/2010-11_players_stats.csv,
PL_PULSELIVE_HISTORICAL,player_season,2010-11,successfulCornersIntoBox,pl_stats/A_Villa_7/players_stats/2010-11_players_stats.csv,
PL_PULSELIVE_HISTORICAL,player_season,2010-11,successfulCrossesAndCorners,pl_stats/A_Villa_7/players_stats/2010-11_players_stats.csv,
PL_PULSELIVE_HISTORICAL,player_season,2010-11,successfulCrossesOpenPlay,pl_stats/A_Villa_7/players_stats/2010-11_players_stats.csv,
PL_PULSELIVE_HISTORICAL,player_season,2010-11,successfulDribbles,pl_stats/A_Villa_7/players_stats/2010-11_players_stats.csv,
PL_PULSELIVE_HISTORICAL,player_season,2010-11,successfulLaunches,pl_stats/A_Villa_7/players_stats/2010-11_players_stats.csv,
PL_PULSELIVE_HISTORICAL,player_season,2010-11,successfulLayoffs,pl_stats/A_Villa_7/players_stats/2010-11_players_stats.csv,
PL_PULSELIVE_HISTORICAL,player_season,2010-11,successfulLongPasses,pl_stats/A_Villa_7/players_stats/2010-11_players_stats.csv,
PL_PULSELIVE_HISTORICAL,player_season,2010-11,successfulPassesOppositionHalf,pl_stats/A_Villa_7/players_stats/2010-11_players_stats.csv,
PL_PULSELIVE_HISTORICAL,player_season,2010-11,successfulPassesOwnHalf,pl_stats/A_Villa_7/players_stats/2010-11_players_stats.csv,
PL_PULSELIVE_HISTORICAL,player_season,2010-11,successfulShortPasses,pl_stats/A_Villa_7/players_stats/2010-11_players_stats.csv,
PL_PULSELIVE_HISTORICAL,player_season,2010-11,tacklesLost,pl_stats/A_Villa_7/players_stats/2010-11_players_stats.csv,
PL_PULSELIVE_HISTORICAL,player_season,2010-11,tacklesWon,pl_stats/A_Villa_7/players_stats/2010-11_players_stats.csv,
PL_PULSELIVE_HISTORICAL,player_season,2010-11,team_id,pl_stats/A_Villa_7/players_stats/2010-11_players_stats.csv,
PL_PULSELIVE_HISTORICAL,player_season,2010-11,team_name,pl_stats/A_Villa_7/players_stats/2010-11_players_stats.csv,
PL_PULSELIVE_HISTORICAL,player_season,2010-11,throughBalls,pl_stats/A_Villa_7/players_stats/2010-11_players_stats.csv,
PL_PULSELIVE_HISTORICAL,player_season,2010-11,throwInsToOppositionPlayer,pl_stats/A_Villa_7/players_stats/2010-11_players_stats.csv,
PL_PULSELIVE_HISTORICAL,player_season,2010-11,throwInsToOwnPlayer,pl_stats/A_Villa_7/players_stats/2010-11_players_stats.csv,
PL_PULSELIVE_HISTORICAL,player_season,2010-11,timePlayed,pl_stats/A_Villa_7/players_stats/2010-11_players_stats.csv,
PL_PULSELIVE_HISTORICAL,player_season,2010-11,timesTackled,pl_stats/A_Villa_7/players_stats/2010-11_players_stats.csv,
PL_PULSELIVE_HISTORICAL,player_season,2010-11,totalClearances,pl_stats/A_Villa_7/players_stats/2010-11_players_stats.csv,
PL_PULSELIVE_HISTORICAL,player_season,2010-11,totalFoulsConceded,pl_stats/A_Villa_7/players_stats/2010-11_players_stats.csv,
PL_PULSELIVE_HISTORICAL,player_season,2010-11,totalFoulsWon,pl_stats/A_Villa_7/players_stats/2010-11_players_stats.csv,
PL_PULSELIVE_HISTORICAL,player_season,2010-11,totalLossesOfPossession,pl_stats/A_Villa_7/players_stats/2010-11_players_stats.csv,
PL_PULSELIVE_HISTORICAL,player_season,2010-11,totalPasses,pl_stats/A_Villa_7/players_stats/2010-11_players_stats.csv,
PL_PULSELIVE_HISTORICAL,player_season,2010-11,totalRedCards,pl_stats/A_Villa_7/players_stats/2010-11_players_stats.csv,
PL_PULSELIVE_HISTORICAL,player_season,2010-11,totalShots,pl_stats/A_Villa_7/players_stats/2010-11_players_stats.csv,
PL_PULSELIVE_HISTORICAL,player_season,2010-11,totalTackles,pl_stats/A_Villa_7/players_stats/2010-11_players_stats.csv,
PL_PULSELIVE_HISTORICAL,player_season,2010-11,totalTouchesInOppositionBox,pl_stats/A_Villa_7/players_stats/2010-11_players_stats.csv,
PL_PULSELIVE_HISTORICAL,player_season,2010-11,totalUnsuccessfulPassesExclCrossesAndCorners,pl_stats/A_Villa_7/players_stats/2010-11_players_stats.csv,
PL_PULSELIVE_HISTORICAL,player_season,2010-11,touches,pl_stats/A_Villa_7/players_stats/2010-11_players_stats.csv,
PL_PULSELIVE_HISTORICAL,player_season,2010-11,unsuccessfulCornersIntoBox,pl_stats/A_Villa_7/players_stats/2010-11_players_stats.csv,
PL_PULSELIVE_HISTORICAL,player_season,2010-11,unsuccessfulCrossesAndCorners,pl_stats/A_Villa_7/players_stats/2010-11_players_stats.csv,
PL_PULSELIVE_HISTORICAL,player_season,2010-11,unsuccessfulCrossesOpenPlay,pl_stats/A_Villa_7/players_stats/2010-11_players_stats.csv,
PL_PULSELIVE_HISTORICAL,player_season,2010-11,unsuccessfulDribbles,pl_stats/A_Villa_7/players_stats/2010-11_players_stats.csv,
PL_PULSELIVE_HISTORICAL,player_season,2010-11,unsuccessfulLaunches,pl_stats/A_Villa_7/players_stats/2010-11_players_stats.csv,
PL_PULSELIVE_HISTORICAL,player_season,2010-11,unsuccessfulLayoffs,pl_stats/A_Villa_7/players_stats/2010-11_players_stats.csv,
PL_PULSELIVE_HISTORICAL,player_season,2010-11,unsuccessfulLongPasses,pl_stats/A_Villa_7/players_stats/2010-11_players_stats.csv,
PL_PULSELIVE_HISTORICAL,player_season,2010-11,unsuccessfulPassesOwnHalf,pl_stats/A_Villa_7/players_stats/2010-11_players_stats.csv,
PL_PULSELIVE_HISTORICAL,player_season,2010-11,unsuccessfulShortPasses,pl_stats/A_Villa_7/players_stats/2010-11_players_stats.csv,
PL_PULSELIVE_HISTORICAL,player_season,2010-11,winningGoal,pl_stats/A_Villa_7/players_stats/2010-11_players_stats.csv,
PL_PULSELIVE_HISTORICAL,player_season,2010-11,yellowCards,pl_stats/A_Villa_7/players_stats/2010-11_players_stats.csv,
PL_PULSELIVE_HISTORICAL,player_season,2011-12,aerialDuels,pl_stats/A_Villa_7/players_stats/2011-12_players_stats.csv,
PL_PULSELIVE_HISTORICAL,player_season,2011-12,aerialDuelsLost,pl_stats/A_Villa_7/players_stats/2011-12_players_stats.csv,
PL_PULSELIVE_HISTORICAL,player_season,2011-12,aerialDuelsWon,pl_stats/A_Villa_7/players_stats/2011-12_players_stats.csv,
PL_PULSELIVE_HISTORICAL,player_season,2011-12,appearances,pl_stats/A_Villa_7/players_stats/2011-12_players_stats.csv,
PL_PULSELIVE_HISTORICAL,player_season,2011-12,attemptsFromSetPieces,pl_stats/A_Villa_7/players_stats/2011-12_players_stats.csv,
PL_PULSELIVE_HISTORICAL,player_season,2011-12,awayGoals,pl_stats/A_Villa_7/players_stats/2011-12_players_stats.csv,
PL_PULSELIVE_HISTORICAL,player_season,2011-12,backwardPasses,pl_stats/A_Villa_7/players_stats/2011-12_players_stats.csv,
PL_PULSELIVE_HISTORICAL,player_season,2011-12,blockedShots,pl_stats/A_Villa_7/players_stats/2011-12_players_stats.csv,
PL_PULSELIVE_HISTORICAL,player_season,2011-12,blocks,pl_stats/A_Villa_7/players_stats/2011-12_players_stats.csv,
PL_PULSELIVE_HISTORICAL,player_season,2011-12,catches,pl_stats/A_Villa_7/players_stats/2011-12_players_stats.csv,
PL_PULSELIVE_HISTORICAL,player_season,2011-12,cleanSheets,pl_stats/A_Villa_7/players_stats/2011-12_players_stats.csv,
PL_PULSELIVE_HISTORICAL,player_season,2011-12,clearancesOffTheLine,pl_stats/A_Villa_7/players_stats/2011-12_players_stats.csv,
PL_PULSELIVE_HISTORICAL,player_season,2011-12,cornersTakenInclShortCorners,pl_stats/A_Villa_7/players_stats/2011-12_players_stats.csv,
PL_PULSELIVE_HISTORICAL,player_season,2011-12,cornersWon,pl_stats/A_Villa_7/players_stats/2011-12_players_stats.csv,
PL_PULSELIVE_HISTORICAL,player_season,2011-12,crossesNotClaimed,pl_stats/A_Villa_7/players_stats/2011-12_players_stats.csv,
PL_PULSELIVE_HISTORICAL,player_season,2011-12,drops,pl_stats/A_Villa_7/players_stats/2011-12_players_stats.csv,
PL_PULSELIVE_HISTORICAL,player_season,2011-12,duels,pl_stats/A_Villa_7/players_stats/2011-12_players_stats.csv,
PL_PULSELIVE_HISTORICAL,player_season,2011-12,duelsLost,pl_stats/A_Villa_7/players_stats/2011-12_players_stats.csv,
PL_PULSELIVE_HISTORICAL,player_season,2011-12,duelsWon,pl_stats/A_Villa_7/players_stats/2011-12_players_stats.csv,
PL_PULSELIVE_HISTORICAL,player_season,2011-12,forwardPasses,pl_stats/A_Villa_7/players_stats/2011-12_players_stats.csv,
PL_PULSELIVE_HISTORICAL,player_season,2011-12,foulWonPenalty,pl_stats/A_Villa_7/players_stats/2011-12_players_stats.csv,
PL_PULSELIVE_HISTORICAL,player_season,2011-12,gamesPlayed,pl_stats/A_Villa_7/players_stats/2011-12_players_stats.csv,
PL_PULSELIVE_HISTORICAL,player_season,2011-12,gkSuccessfulDistribution,pl_stats/A_Villa_7/players_stats/2011-12_players_stats.csv,
PL_PULSELIVE_HISTORICAL,player_season,2011-12,gkUnsuccessfulDistribution,pl_stats/A_Villa_7/players_stats/2011-12_players_stats.csv,
PL_PULSELIVE_HISTORICAL,player_season,2011-12,goalAssists,pl_stats/A_Villa_7/players_stats/2011-12_players_stats.csv,
PL_PULSELIVE_HISTORICAL,player_season,2011-12,goalKicks,pl_stats/A_Villa_7/players_stats/2011-12_players_stats.csv,
PL_PULSELIVE_HISTORICAL,player_season,2011-12,goals,pl_stats/A_Villa_7/players_stats/2011-12_players_stats.csv,
PL_PULSELIVE_HISTORICAL,player_season,2011-12,goalsConceded,pl_stats/A_Villa_7/players_stats/2011-12_players_stats.csv,
PL_PULSELIVE_HISTORICAL,player_season,2011-12,goalsConcededInsideBox,pl_stats/A_Villa_7/players_stats/2011-12_players_stats.csv,
PL_PULSELIVE_HISTORICAL,player_season,2011-12,goalsConcededOutsideBox,pl_stats/A_Villa_7/players_stats/2011-12_players_stats.csv,
PL_PULSELIVE_HISTORICAL,player_season,2011-12,groundDuels,pl_stats/A_Villa_7/players_stats/2011-12_players_stats.csv,
PL_PULSELIVE_HISTORICAL,player_season,2011-12,groundDuelsLost,pl_stats/A_Villa_7/players_stats/2011-12_players_stats.csv,
PL_PULSELIVE_HISTORICAL,player_season,2011-12,groundDuelsWon,pl_stats/A_Villa_7/players_stats/2011-12_players_stats.csv,
PL_PULSELIVE_HISTORICAL,player_season,2011-12,handballsConceded,pl_stats/A_Villa_7/players_stats/2011-12_players_stats.csv,
PL_PULSELIVE_HISTORICAL,player_season,2011-12,headedGoals,pl_stats/A_Villa_7/players_stats/2011-12_players_stats.csv,
PL_PULSELIVE_HISTORICAL,player_season,2011-12,hitWoodwork,pl_stats/A_Villa_7/players_stats/2011-12_players_stats.csv,
PL_PULSELIVE_HISTORICAL,player_season,2011-12,homeGoals,pl_stats/A_Villa_7/players_stats/2011-12_players_stats.csv,
PL_PULSELIVE_HISTORICAL,player_season,2011-12,interceptions,pl_stats/A_Villa_7/players_stats/2011-12_players_stats.csv,
PL_PULSELIVE_HISTORICAL,player_season,2011-12,keyPassesAttemptAssists,pl_stats/A_Villa_7/players_stats/2011-12_players_stats.csv,
PL_PULSELIVE_HISTORICAL,player_season,2011-12,lastPlayerTackle,pl_stats/A_Villa_7/players_stats/2011-12_players_stats.csv,
PL_PULSELIVE_HISTORICAL,player_season,2011-12,leftFootGoals,pl_stats/A_Villa_7/players_stats/2011-12_players_stats.csv,
PL_PULSELIVE_HISTORICAL,player_season,2011-12,leftsidePasses,pl_stats/A_Villa_7/players_stats/2011-12_players_stats.csv,
PL_PULSELIVE_HISTORICAL,player_season,2011-12,nationality,pl_stats/A_Villa_7/players_stats/2011-12_players_stats.csv,
PL_PULSELIVE_HISTORICAL,player_season,2011-12,offsides,pl_stats/A_Villa_7/players_stats/2011-12_players_stats.csv,
PL_PULSELIVE_HISTORICAL,player_season,2011-12,openPlayPasses,pl_stats/A_Villa_7/players_stats/2011-12_players_stats.csv,
PL_PULSELIVE_HISTORICAL,player_season,2011-12,overruns,pl_stats/A_Villa_7/players_stats/2011-12_players_stats.csv,
PL_PULSELIVE_HISTORICAL,player_season,2011-12,ownGoalScored,pl_stats/A_Villa_7/players_stats/2011-12_players_stats.csv,
PL_PULSELIVE_HISTORICAL,player_season,2011-12,penaltiesConceded,pl_stats/A_Villa_7/players_stats/2011-12_players_stats.csv,
PL_PULSELIVE_HISTORICAL,player_season,2011-12,penaltiesFaced,pl_stats/A_Villa_7/players_stats/2011-12_players_stats.csv,
PL_PULSELIVE_HISTORICAL,player_season,2011-12,penaltiesTaken,pl_stats/A_Villa_7/players_stats/2011-12_players_stats.csv,
PL_PULSELIVE_HISTORICAL,player_season,2011-12,penaltyGoals,pl_stats/A_Villa_7/players_stats/2011-12_players_stats.csv,
PL_PULSELIVE_HISTORICAL,player_season,2011-12,penaltyGoalsConceded,pl_stats/A_Villa_7/players_stats/2011-12_players_stats.csv,
PL_PULSELIVE_HISTORICAL,player_season,2011-12,playerId,pl_stats/A_Villa_7/players_stats/2011-12_players_stats.csv,
PL_PULSELIVE_HISTORICAL,player_season,2011-12,playerName,pl_stats/A_Villa_7/players_stats/2011-12_players_stats.csv,
PL_PULSELIVE_HISTORICAL,player_season,2011-12,position,pl_stats/A_Villa_7/players_stats/2011-12_players_stats.csv,
PL_PULSELIVE_HISTORICAL,player_season,2011-12,punches,pl_stats/A_Villa_7/players_stats/2011-12_players_stats.csv,
PL_PULSELIVE_HISTORICAL,player_season,2011-12,recoveries,pl_stats/A_Villa_7/players_stats/2011-12_players_stats.csv,
PL_PULSELIVE_HISTORICAL,player_season,2011-12,redCards2ndYellow,pl_stats/A_Villa_7/players_stats/2011-12_players_stats.csv,
PL_PULSELIVE_HISTORICAL,player_season,2011-12,rightFootGoals,pl_stats/A_Villa_7/players_stats/2011-12_players_stats.csv,
PL_PULSELIVE_HISTORICAL,player_season,2011-12,rightsidePasses,pl_stats/A_Villa_7/players_stats/2011-12_players_stats.csv,
PL_PULSELIVE_HISTORICAL,player_season,2011-12,savesMade,pl_stats/A_Villa_7/players_stats/2011-12_players_stats.csv,
PL_PULSELIVE_HISTORICAL,player_season,2011-12,savesMadeCaught,pl_stats/A_Villa_7/players_stats/2011-12_players_stats.csv,
PL_PULSELIVE_HISTORICAL,player_season,2011-12,savesMadeFromInsideBox,pl_stats/A_Villa_7/players_stats/2011-12_players_stats.csv,
PL_PULSELIVE_HISTORICAL,player_season,2011-12,savesMadeFromOutsideBox,pl_stats/A_Villa_7/players_stats/2011-12_players_stats.csv,
PL_PULSELIVE_HISTORICAL,player_season,2011-12,savesMadeParried,pl_stats/A_Villa_7/players_stats/2011-12_players_stats.csv,
PL_PULSELIVE_HISTORICAL,player_season,2011-12,season,pl_stats/A_Villa_7/players_stats/2011-12_players_stats.csv,
PL_PULSELIVE_HISTORICAL,player_season,2011-12,secondGoalAssists,pl_stats/A_Villa_7/players_stats/2011-12_players_stats.csv,
PL_PULSELIVE_HISTORICAL,player_season,2011-12,shotsOffTargetIncWoodwork,pl_stats/A_Villa_7/players_stats/2011-12_players_stats.csv,
PL_PULSELIVE_HISTORICAL,player_season,2011-12,shotsOnTargetIncGoals,pl_stats/A_Villa_7/players_stats/2011-12_players_stats.csv,
PL_PULSELIVE_HISTORICAL,player_season,2011-12,starts,pl_stats/A_Villa_7/players_stats/2011-12_players_stats.csv,
PL_PULSELIVE_HISTORICAL,player_season,2011-12,straightRedCards,pl_stats/A_Villa_7/players_stats/2011-12_players_stats.csv,
PL_PULSELIVE_HISTORICAL,player_season,2011-12,substituteOff,pl_stats/A_Villa_7/players_stats/2011-12_players_stats.csv,
PL_PULSELIVE_HISTORICAL,player_season,2011-12,substituteOn,pl_stats/A_Villa_7/players_stats/2011-12_players_stats.csv,
PL_PULSELIVE_HISTORICAL,player_season,2011-12,successfulCornersIntoBox,pl_stats/A_Villa_7/players_stats/2011-12_players_stats.csv,
PL_PULSELIVE_HISTORICAL,player_season,2011-12,successfulCrossesAndCorners,pl_stats/A_Villa_7/players_stats/2011-12_players_stats.csv,
PL_PULSELIVE_HISTORICAL,player_season,2011-12,successfulCrossesOpenPlay,pl_stats/A_Villa_7/players_stats/2011-12_players_stats.csv,
PL_PULSELIVE_HISTORICAL,player_season,2011-12,successfulDribbles,pl_stats/A_Villa_7/players_stats/2011-12_players_stats.csv,
PL_PULSELIVE_HISTORICAL,player_season,2011-12,successfulLaunches,pl_stats/A_Villa_7/players_stats/2011-12_players_stats.csv,
PL_PULSELIVE_HISTORICAL,player_season,2011-12,successfulLayoffs,pl_stats/A_Villa_7/players_stats/2011-12_players_stats.csv,
PL_PULSELIVE_HISTORICAL,player_season,2011-12,successfulLongPasses,pl_stats/A_Villa_7/players_stats/2011-12_players_stats.csv,
PL_PULSELIVE_HISTORICAL,player_season,2011-12,successfulPassesOppositionHalf,pl_stats/A_Villa_7/players_stats/2011-12_players_stats.csv,
PL_PULSELIVE_HISTORICAL,player_season,2011-12,successfulPassesOwnHalf,pl_stats/A_Villa_7/players_stats/2011-12_players_stats.csv,
PL_PULSELIVE_HISTORICAL,player_season,2011-12,successfulShortPasses,pl_stats/A_Villa_7/players_stats/2011-12_players_stats.csv,
PL_PULSELIVE_HISTORICAL,player_season,2011-12,tacklesLost,pl_stats/A_Villa_7/players_stats/2011-12_players_stats.csv,
PL_PULSELIVE_HISTORICAL,player_season,2011-12,tacklesWon,pl_stats/A_Villa_7/players_stats/2011-12_players_stats.csv,
PL_PULSELIVE_HISTORICAL,player_season,2011-12,team_id,pl_stats/A_Villa_7/players_stats/2011-12_players_stats.csv,
PL_PULSELIVE_HISTORICAL,player_season,2011-12,team_name,pl_stats/A_Villa_7/players_stats/2011-12_players_stats.csv,
PL_PULSELIVE_HISTORICAL,player_season,2011-12,throughBalls,pl_stats/A_Villa_7/players_stats/2011-12_players_stats.csv,
PL_PULSELIVE_HISTORICAL,player_season,2011-12,throwInsToOppositionPlayer,pl_stats/A_Villa_7/players_stats/2011-12_players_stats.csv,
PL_PULSELIVE_HISTORICAL,player_season,2011-12,throwInsToOwnPlayer,pl_stats/A_Villa_7/players_stats/2011-12_players_stats.csv,
PL_PULSELIVE_HISTORICAL,player_season,2011-12,timePlayed,pl_stats/A_Villa_7/players_stats/2011-12_players_stats.csv,
PL_PULSELIVE_HISTORICAL,player_season,2011-12,timesTackled,pl_stats/A_Villa_7/players_stats/2011-12_players_stats.csv,
PL_PULSELIVE_HISTORICAL,player_season,2011-12,totalClearances,pl_stats/A_Villa_7/players_stats/2011-12_players_stats.csv,
PL_PULSELIVE_HISTORICAL,player_season,2011-12,totalFoulsConceded,pl_stats/A_Villa_7/players_stats/2011-12_players_stats.csv,
PL_PULSELIVE_HISTORICAL,player_season,2011-12,totalFoulsWon,pl_stats/A_Villa_7/players_stats/2011-12_players_stats.csv,
PL_PULSELIVE_HISTORICAL,player_season,2011-12,totalLossesOfPossession,pl_stats/A_Villa_7/players_stats/2011-12_players_stats.csv,
PL_PULSELIVE_HISTORICAL,player_season,2011-12,totalPasses,pl_stats/A_Villa_7/players_stats/2011-12_players_stats.csv,
PL_PULSELIVE_HISTORICAL,player_season,2011-12,totalRedCards,pl_stats/A_Villa_7/players_stats/2011-12_players_stats.csv,
PL_PULSELIVE_HISTORICAL,player_season,2011-12,totalShots,pl_stats/A_Villa_7/players_stats/2011-12_players_stats.csv,
PL_PULSELIVE_HISTORICAL,player_season,2011-12,totalTackles,pl_stats/A_Villa_7/players_stats/2011-12_players_stats.csv,
PL_PULSELIVE_HISTORICAL,player_season,2011-12,totalTouchesInOppositionBox,pl_stats/A_Villa_7/players_stats/2011-12_players_stats.csv,
PL_PULSELIVE_HISTORICAL,player_season,2011-12,totalUnsuccessfulPassesExclCrossesAndCorners,pl_stats/A_Villa_7/players_stats/2011-12_players_stats.csv,
PL_PULSELIVE_HISTORICAL,player_season,2011-12,touches,pl_stats/A_Villa_7/players_stats/2011-12_players_stats.csv,
PL_PULSELIVE_HISTORICAL,player_season,2011-12,unsuccessfulCornersIntoBox,pl_stats/A_Villa_7/players_stats/2011-12_players_stats.csv,
PL_PULSELIVE_HISTORICAL,player_season,2011-12,unsuccessfulCrossesAndCorners,pl_stats/A_Villa_7/players_stats/2011-12_players_stats.csv,
PL_PULSELIVE_HISTORICAL,player_season,2011-12,unsuccessfulCrossesOpenPlay,pl_stats/A_Villa_7/players_stats/2011-12_players_stats.csv,
PL_PULSELIVE_HISTORICAL,player_season,2011-12,unsuccessfulDribbles,pl_stats/A_Villa_7/players_stats/2011-12_players_stats.csv,
PL_PULSELIVE_HISTORICAL,player_season,2011-12,unsuccessfulLaunches,pl_stats/A_Villa_7/players_stats/2011-12_players_stats.csv,
PL_PULSELIVE_HISTORICAL,player_season,2011-12,unsuccessfulLayoffs,pl_stats/A_Villa_7/players_stats/2011-12_players_stats.csv,
PL_PULSELIVE_HISTORICAL,player_season,2011-12,unsuccessfulLongPasses,pl_stats/A_Villa_7/players_stats/2011-12_players_stats.csv,
PL_PULSELIVE_HISTORICAL,player_season,2011-12,unsuccessfulPassesOwnHalf,pl_stats/A_Villa_7/players_stats/2011-12_players_stats.csv,
PL_PULSELIVE_HISTORICAL,player_season,2011-12,unsuccessfulShortPasses,pl_stats/A_Villa_7/players_stats/2011-12_players_stats.csv,
PL_PULSELIVE_HISTORICAL,player_season,2011-12,winningGoal,pl_stats/A_Villa_7/players_stats/2011-12_players_stats.csv,
PL_PULSELIVE_HISTORICAL,player_season,2011-12,yellowCards,pl_stats/A_Villa_7/players_stats/2011-12_players_stats.csv,
PL_PULSELIVE_HISTORICAL,player_season,2012-13,aerialDuels,pl_stats/A_Villa_7/players_stats/2012-13_players_stats.csv,
PL_PULSELIVE_HISTORICAL,player_season,2012-13,aerialDuelsLost,pl_stats/A_Villa_7/players_stats/2012-13_players_stats.csv,
PL_PULSELIVE_HISTORICAL,player_season,2012-13,aerialDuelsWon,pl_stats/A_Villa_7/players_stats/2012-13_players_stats.csv,
PL_PULSELIVE_HISTORICAL,player_season,2012-13,appearances,pl_stats/A_Villa_7/players_stats/2012-13_players_stats.csv,
PL_PULSELIVE_HISTORICAL,player_season,2012-13,attemptsFromSetPieces,pl_stats/A_Villa_7/players_stats/2012-13_players_stats.csv,
PL_PULSELIVE_HISTORICAL,player_season,2012-13,awayGoals,pl_stats/A_Villa_7/players_stats/2012-13_players_stats.csv,
PL_PULSELIVE_HISTORICAL,player_season,2012-13,backwardPasses,pl_stats/A_Villa_7/players_stats/2012-13_players_stats.csv,
PL_PULSELIVE_HISTORICAL,player_season,2012-13,blockedShots,pl_stats/A_Villa_7/players_stats/2012-13_players_stats.csv,
PL_PULSELIVE_HISTORICAL,player_season,2012-13,blocks,pl_stats/A_Villa_7/players_stats/2012-13_players_stats.csv,
PL_PULSELIVE_HISTORICAL,player_season,2012-13,catches,pl_stats/A_Villa_7/players_stats/2012-13_players_stats.csv,
PL_PULSELIVE_HISTORICAL,player_season,2012-13,cleanSheets,pl_stats/A_Villa_7/players_stats/2012-13_players_stats.csv,
PL_PULSELIVE_HISTORICAL,player_season,2012-13,clearancesOffTheLine,pl_stats/A_Villa_7/players_stats/2012-13_players_stats.csv,
PL_PULSELIVE_HISTORICAL,player_season,2012-13,cornersTakenInclShortCorners,pl_stats/A_Villa_7/players_stats/2012-13_players_stats.csv,
PL_PULSELIVE_HISTORICAL,player_season,2012-13,cornersWon,pl_stats/A_Villa_7/players_stats/2012-13_players_stats.csv,
PL_PULSELIVE_HISTORICAL,player_season,2012-13,crossesNotClaimed,pl_stats/A_Villa_7/players_stats/2012-13_players_stats.csv,
PL_PULSELIVE_HISTORICAL,player_season,2012-13,drops,pl_stats/A_Villa_7/players_stats/2012-13_players_stats.csv,
PL_PULSELIVE_HISTORICAL,player_season,2012-13,duels,pl_stats/A_Villa_7/players_stats/2012-13_players_stats.csv,
PL_PULSELIVE_HISTORICAL,player_season,2012-13,duelsLost,pl_stats/A_Villa_7/players_stats/2012-13_players_stats.csv,
PL_PULSELIVE_HISTORICAL,player_season,2012-13,duelsWon,pl_stats/A_Villa_7/players_stats/2012-13_players_stats.csv,
PL_PULSELIVE_HISTORICAL,player_season,2012-13,forwardPasses,pl_stats/A_Villa_7/players_stats/2012-13_players_stats.csv,
PL_PULSELIVE_HISTORICAL,player_season,2012-13,foulWonPenalty,pl_stats/A_Villa_7/players_stats/2012-13_players_stats.csv,
PL_PULSELIVE_HISTORICAL,player_season,2012-13,gamesPlayed,pl_stats/A_Villa_7/players_stats/2012-13_players_stats.csv,
PL_PULSELIVE_HISTORICAL,player_season,2012-13,gkSuccessfulDistribution,pl_stats/A_Villa_7/players_stats/2012-13_players_stats.csv,
PL_PULSELIVE_HISTORICAL,player_season,2012-13,gkUnsuccessfulDistribution,pl_stats/A_Villa_7/players_stats/2012-13_players_stats.csv,
PL_PULSELIVE_HISTORICAL,player_season,2012-13,goalAssists,pl_stats/A_Villa_7/players_stats/2012-13_players_stats.csv,
PL_PULSELIVE_HISTORICAL,player_season,2012-13,goalKicks,pl_stats/A_Villa_7/players_stats/2012-13_players_stats.csv,
PL_PULSELIVE_HISTORICAL,player_season,2012-13,goalkeeperSmother,pl_stats/A_Villa_7/players_stats/2012-13_players_stats.csv,
PL_PULSELIVE_HISTORICAL,player_season,2012-13,goals,pl_stats/A_Villa_7/players_stats/2012-13_players_stats.csv,
PL_PULSELIVE_HISTORICAL,player_season,2012-13,goalsConceded,pl_stats/A_Villa_7/players_stats/2012-13_players_stats.csv,
PL_PULSELIVE_HISTORICAL,player_season,2012-13,goalsConcededInsideBox,pl_stats/A_Villa_7/players_stats/2012-13_players_stats.csv,
PL_PULSELIVE_HISTORICAL,player_season,2012-13,goalsConcededOutsideBox,pl_stats/A_Villa_7/players_stats/2012-13_players_stats.csv,
PL_PULSELIVE_HISTORICAL,player_season,2012-13,groundDuels,pl_stats/A_Villa_7/players_stats/2012-13_players_stats.csv,
PL_PULSELIVE_HISTORICAL,player_season,2012-13,groundDuelsLost,pl_stats/A_Villa_7/players_stats/2012-13_players_stats.csv,
PL_PULSELIVE_HISTORICAL,player_season,2012-13,groundDuelsWon,pl_stats/A_Villa_7/players_stats/2012-13_players_stats.csv,
PL_PULSELIVE_HISTORICAL,player_season,2012-13,handballsConceded,pl_stats/A_Villa_7/players_stats/2012-13_players_stats.csv,
PL_PULSELIVE_HISTORICAL,player_season,2012-13,headedGoals,pl_stats/A_Villa_7/players_stats/2012-13_players_stats.csv,
PL_PULSELIVE_HISTORICAL,player_season,2012-13,hitWoodwork,pl_stats/A_Villa_7/players_stats/2012-13_players_stats.csv,
PL_PULSELIVE_HISTORICAL,player_season,2012-13,homeGoals,pl_stats/A_Villa_7/players_stats/2012-13_players_stats.csv,
PL_PULSELIVE_HISTORICAL,player_season,2012-13,interceptions,pl_stats/A_Villa_7/players_stats/2012-13_players_stats.csv,
PL_PULSELIVE_HISTORICAL,player_season,2012-13,keyPassesAttemptAssists,pl_stats/A_Villa_7/players_stats/2012-13_players_stats.csv,
PL_PULSELIVE_HISTORICAL,player_season,2012-13,lastPlayerTackle,pl_stats/A_Villa_7/players_stats/2012-13_players_stats.csv,
PL_PULSELIVE_HISTORICAL,player_season,2012-13,leftFootGoals,pl_stats/A_Villa_7/players_stats/2012-13_players_stats.csv,
PL_PULSELIVE_HISTORICAL,player_season,2012-13,leftsidePasses,pl_stats/A_Villa_7/players_stats/2012-13_players_stats.csv,
PL_PULSELIVE_HISTORICAL,player_season,2012-13,nationality,pl_stats/A_Villa_7/players_stats/2012-13_players_stats.csv,
PL_PULSELIVE_HISTORICAL,player_season,2012-13,offsides,pl_stats/A_Villa_7/players_stats/2012-13_players_stats.csv,
PL_PULSELIVE_HISTORICAL,player_season,2012-13,openPlayPasses,pl_stats/A_Villa_7/players_stats/2012-13_players_stats.csv,
PL_PULSELIVE_HISTORICAL,player_season,2012-13,overruns,pl_stats/A_Villa_7/players_stats/2012-13_players_stats.csv,
PL_PULSELIVE_HISTORICAL,player_season,2012-13,ownGoalScored,pl_stats/A_Villa_7/players_stats/2012-13_players_stats.csv,
PL_PULSELIVE_HISTORICAL,player_season,2012-13,penaltiesConceded,pl_stats/A_Villa_7/players_stats/2012-13_players_stats.csv,
PL_PULSELIVE_HISTORICAL,player_season,2012-13,penaltiesFaced,pl_stats/A_Villa_7/players_stats/2012-13_players_stats.csv,
PL_PULSELIVE_HISTORICAL,player_season,2012-13,penaltiesSaved,pl_stats/A_Villa_7/players_stats/2012-13_players_stats.csv,
PL_PULSELIVE_HISTORICAL,player_season,2012-13,penaltiesTaken,pl_stats/A_Villa_7/players_stats/2012-13_players_stats.csv,
PL_PULSELIVE_HISTORICAL,player_season,2012-13,penaltyGoals,pl_stats/A_Villa_7/players_stats/2012-13_players_stats.csv,
PL_PULSELIVE_HISTORICAL,player_season,2012-13,penaltyGoalsConceded,pl_stats/A_Villa_7/players_stats/2012-13_players_stats.csv,
PL_PULSELIVE_HISTORICAL,player_season,2012-13,playerId,pl_stats/A_Villa_7/players_stats/2012-13_players_stats.csv,
PL_PULSELIVE_HISTORICAL,player_season,2012-13,playerName,pl_stats/A_Villa_7/players_stats/2012-13_players_stats.csv,
PL_PULSELIVE_HISTORICAL,player_season,2012-13,position,pl_stats/A_Villa_7/players_stats/2012-13_players_stats.csv,
PL_PULSELIVE_HISTORICAL,player_season,2012-13,punches,pl_stats/A_Villa_7/players_stats/2012-13_players_stats.csv,
PL_PULSELIVE_HISTORICAL,player_season,2012-13,recoveries,pl_stats/A_Villa_7/players_stats/2012-13_players_stats.csv,
PL_PULSELIVE_HISTORICAL,player_season,2012-13,redCards2ndYellow,pl_stats/A_Villa_7/players_stats/2012-13_players_stats.csv,
PL_PULSELIVE_HISTORICAL,player_season,2012-13,rightFootGoals,pl_stats/A_Villa_7/players_stats/2012-13_players_stats.csv,
PL_PULSELIVE_HISTORICAL,player_season,2012-13,rightsidePasses,pl_stats/A_Villa_7/players_stats/2012-13_players_stats.csv,
PL_PULSELIVE_HISTORICAL,player_season,2012-13,savesFromPenalty,pl_stats/A_Villa_7/players_stats/2012-13_players_stats.csv,
PL_PULSELIVE_HISTORICAL,player_season,2012-13,savesMade,pl_stats/A_Villa_7/players_stats/2012-13_players_stats.csv,
PL_PULSELIVE_HISTORICAL,player_season,2012-13,savesMadeCaught,pl_stats/A_Villa_7/players_stats/2012-13_players_stats.csv,
PL_PULSELIVE_HISTORICAL,player_season,2012-13,savesMadeFromInsideBox,pl_stats/A_Villa_7/players_stats/2012-13_players_stats.csv,
PL_PULSELIVE_HISTORICAL,player_season,2012-13,savesMadeFromOutsideBox,pl_stats/A_Villa_7/players_stats/2012-13_players_stats.csv,
PL_PULSELIVE_HISTORICAL,player_season,2012-13,savesMadeParried,pl_stats/A_Villa_7/players_stats/2012-13_players_stats.csv,
PL_PULSELIVE_HISTORICAL,player_season,2012-13,season,pl_stats/A_Villa_7/players_stats/2012-13_players_stats.csv,
PL_PULSELIVE_HISTORICAL,player_season,2012-13,secondGoalAssists,pl_stats/A_Villa_7/players_stats/2012-13_players_stats.csv,
PL_PULSELIVE_HISTORICAL,player_season,2012-13,setPiecesGoals,pl_stats/A_Villa_7/players_stats/2012-13_players_stats.csv,
PL_PULSELIVE_HISTORICAL,player_season,2012-13,shotsOffTargetIncWoodwork,pl_stats/A_Villa_7/players_stats/2012-13_players_stats.csv,
PL_PULSELIVE_HISTORICAL,player_season,2012-13,shotsOnTargetIncGoals,pl_stats/A_Villa_7/players_stats/2012-13_players_stats.csv,
PL_PULSELIVE_HISTORICAL,player_season,2012-13,starts,pl_stats/A_Villa_7/players_stats/2012-13_players_stats.csv,
PL_PULSELIVE_HISTORICAL,player_season,2012-13,straightRedCards,pl_stats/A_Villa_7/players_stats/2012-13_players_stats.csv,
PL_PULSELIVE_HISTORICAL,player_season,2012-13,substituteOff,pl_stats/A_Villa_7/players_stats/2012-13_players_stats.csv,
PL_PULSELIVE_HISTORICAL,player_season,2012-13,substituteOn,pl_stats/A_Villa_7/players_stats/2012-13_players_stats.csv,
PL_PULSELIVE_HISTORICAL,player_season,2012-13,successfulCornersIntoBox,pl_stats/A_Villa_7/players_stats/2012-13_players_stats.csv,
PL_PULSELIVE_HISTORICAL,player_season,2012-13,successfulCrossesAndCorners,pl_stats/A_Villa_7/players_stats/2012-13_players_stats.csv,
PL_PULSELIVE_HISTORICAL,player_season,2012-13,successfulCrossesOpenPlay,pl_stats/A_Villa_7/players_stats/2012-13_players_stats.csv,
PL_PULSELIVE_HISTORICAL,player_season,2012-13,successfulDribbles,pl_stats/A_Villa_7/players_stats/2012-13_players_stats.csv,
PL_PULSELIVE_HISTORICAL,player_season,2012-13,successfulLaunches,pl_stats/A_Villa_7/players_stats/2012-13_players_stats.csv,
PL_PULSELIVE_HISTORICAL,player_season,2012-13,successfulLayoffs,pl_stats/A_Villa_7/players_stats/2012-13_players_stats.csv,
PL_PULSELIVE_HISTORICAL,player_season,2012-13,successfulLongPasses,pl_stats/A_Villa_7/players_stats/2012-13_players_stats.csv,
PL_PULSELIVE_HISTORICAL,player_season,2012-13,successfulPassesOppositionHalf,pl_stats/A_Villa_7/players_stats/2012-13_players_stats.csv,
PL_PULSELIVE_HISTORICAL,player_season,2012-13,successfulPassesOwnHalf,pl_stats/A_Villa_7/players_stats/2012-13_players_stats.csv,
PL_PULSELIVE_HISTORICAL,player_season,2012-13,successfulShortPasses,pl_stats/A_Villa_7/players_stats/2012-13_players_stats.csv,
PL_PULSELIVE_HISTORICAL,player_season,2012-13,tacklesLost,pl_stats/A_Villa_7/players_stats/2012-13_players_stats.csv,
PL_PULSELIVE_HISTORICAL,player_season,2012-13,tacklesWon,pl_stats/A_Villa_7/players_stats/2012-13_players_stats.csv,
PL_PULSELIVE_HISTORICAL,player_season,2012-13,team_id,pl_stats/A_Villa_7/players_stats/2012-13_players_stats.csv,
PL_PULSELIVE_HISTORICAL,player_season,2012-13,team_name,pl_stats/A_Villa_7/players_stats/2012-13_players_stats.csv,
PL_PULSELIVE_HISTORICAL,player_season,2012-13,throughBalls,pl_stats/A_Villa_7/players_stats/2012-13_players_stats.csv,
PL_PULSELIVE_HISTORICAL,player_season,2012-13,throwInsToOppositionPlayer,pl_stats/A_Villa_7/players_stats/2012-13_players_stats.csv,
PL_PULSELIVE_HISTORICAL,player_season,2012-13,throwInsToOwnPlayer,pl_stats/A_Villa_7/players_stats/2012-13_players_stats.csv,
PL_PULSELIVE_HISTORICAL,player_season,2012-13,timePlayed,pl_stats/A_Villa_7/players_stats/2012-13_players_stats.csv,
PL_PULSELIVE_HISTORICAL,player_season,2012-13,timesTackled,pl_stats/A_Villa_7/players_stats/2012-13_players_stats.csv,
PL_PULSELIVE_HISTORICAL,player_season,2012-13,totalClearances,pl_stats/A_Villa_7/players_stats/2012-13_players_stats.csv,
PL_PULSELIVE_HISTORICAL,player_season,2012-13,totalFoulsConceded,pl_stats/A_Villa_7/players_stats/2012-13_players_stats.csv,
PL_PULSELIVE_HISTORICAL,player_season,2012-13,totalFoulsWon,pl_stats/A_Villa_7/players_stats/2012-13_players_stats.csv,
PL_PULSELIVE_HISTORICAL,player_season,2012-13,totalLossesOfPossession,pl_stats/A_Villa_7/players_stats/2012-13_players_stats.csv,
PL_PULSELIVE_HISTORICAL,player_season,2012-13,totalPasses,pl_stats/A_Villa_7/players_stats/2012-13_players_stats.csv,
PL_PULSELIVE_HISTORICAL,player_season,2012-13,totalRedCards,pl_stats/A_Villa_7/players_stats/2012-13_players_stats.csv,
PL_PULSELIVE_HISTORICAL,player_season,2012-13,totalShots,pl_stats/A_Villa_7/players_stats/2012-13_players_stats.csv,
PL_PULSELIVE_HISTORICAL,player_season,2012-13,totalTackles,pl_stats/A_Villa_7/players_stats/2012-13_players_stats.csv,
PL_PULSELIVE_HISTORICAL,player_season,2012-13,totalTouchesInOppositionBox,pl_stats/A_Villa_7/players_stats/2012-13_players_stats.csv,
PL_PULSELIVE_HISTORICAL,player_season,2012-13,totalUnsuccessfulPassesExclCrossesAndCorners,pl_stats/A_Villa_7/players_stats/2012-13_players_stats.csv,
PL_PULSELIVE_HISTORICAL,player_season,2012-13,touches,pl_stats/A_Villa_7/players_stats/2012-13_players_stats.csv,
PL_PULSELIVE_HISTORICAL,player_season,2012-13,unsuccessfulCornersIntoBox,pl_stats/A_Villa_7/players_stats/2012-13_players_stats.csv,
PL_PULSELIVE_HISTORICAL,player_season,2012-13,unsuccessfulCrossesAndCorners,pl_stats/A_Villa_7/players_stats/2012-13_players_stats.csv,
PL_PULSELIVE_HISTORICAL,player_season,2012-13,unsuccessfulCrossesOpenPlay,pl_stats/A_Villa_7/players_stats/2012-13_players_stats.csv,
PL_PULSELIVE_HISTORICAL,player_season,2012-13,unsuccessfulDribbles,pl_stats/A_Villa_7/players_stats/2012-13_players_stats.csv,
PL_PULSELIVE_HISTORICAL,player_season,2012-13,unsuccessfulLaunches,pl_stats/A_Villa_7/players_stats/2012-13_players_stats.csv,
PL_PULSELIVE_HISTORICAL,player_season,2012-13,unsuccessfulLayoffs,pl_stats/A_Villa_7/players_stats/2012-13_players_stats.csv,
PL_PULSELIVE_HISTORICAL,player_season,2012-13,unsuccessfulLongPasses,pl_stats/A_Villa_7/players_stats/2012-13_players_stats.csv,
PL_PULSELIVE_HISTORICAL,player_season,2012-13,unsuccessfulPassesOwnHalf,pl_stats/A_Villa_7/players_stats/2012-13_players_stats.csv,
PL_PULSELIVE_HISTORICAL,player_season,2012-13,unsuccessfulShortPasses,pl_stats/A_Villa_7/players_stats/2012-13_players_stats.csv,
PL_PULSELIVE_HISTORICAL,player_season,2012-13,winningGoal,pl_stats/A_Villa_7/players_stats/2012-13_players_stats.csv,
PL_PULSELIVE_HISTORICAL,player_season,2012-13,yellowCards,pl_stats/A_Villa_7/players_stats/2012-13_players_stats.csv,
PL_PULSELIVE_HISTORICAL,player_season,2013-14,aerialDuels,pl_stats/A_Villa_7/players_stats/2013-14_players_stats.csv,
PL_PULSELIVE_HISTORICAL,player_season,2013-14,aerialDuelsLost,pl_stats/A_Villa_7/players_stats/2013-14_players_stats.csv,
PL_PULSELIVE_HISTORICAL,player_season,2013-14,aerialDuelsWon,pl_stats/A_Villa_7/players_stats/2013-14_players_stats.csv,
PL_PULSELIVE_HISTORICAL,player_season,2013-14,appearances,pl_stats/A_Villa_7/players_stats/2013-14_players_stats.csv,
PL_PULSELIVE_HISTORICAL,player_season,2013-14,attemptsFromSetPieces,pl_stats/A_Villa_7/players_stats/2013-14_players_stats.csv,
PL_PULSELIVE_HISTORICAL,player_season,2013-14,awayGoals,pl_stats/A_Villa_7/players_stats/2013-14_players_stats.csv,
PL_PULSELIVE_HISTORICAL,player_season,2013-14,backwardPasses,pl_stats/A_Villa_7/players_stats/2013-14_players_stats.csv,
PL_PULSELIVE_HISTORICAL,player_season,2013-14,blockedShots,pl_stats/A_Villa_7/players_stats/2013-14_players_stats.csv,
PL_PULSELIVE_HISTORICAL,player_season,2013-14,blocks,pl_stats/A_Villa_7/players_stats/2013-14_players_stats.csv,
PL_PULSELIVE_HISTORICAL,player_season,2013-14,catches,pl_stats/A_Villa_7/players_stats/2013-14_players_stats.csv,
PL_PULSELIVE_HISTORICAL,player_season,2013-14,cleanSheets,pl_stats/A_Villa_7/players_stats/2013-14_players_stats.csv,
PL_PULSELIVE_HISTORICAL,player_season,2013-14,clearancesOffTheLine,pl_stats/A_Villa_7/players_stats/2013-14_players_stats.csv,
PL_PULSELIVE_HISTORICAL,player_season,2013-14,cornersTakenInclShortCorners,pl_stats/A_Villa_7/players_stats/2013-14_players_stats.csv,
PL_PULSELIVE_HISTORICAL,player_season,2013-14,cornersWon,pl_stats/A_Villa_7/players_stats/2013-14_players_stats.csv,
PL_PULSELIVE_HISTORICAL,player_season,2013-14,crossesNotClaimed,pl_stats/A_Villa_7/players_stats/2013-14_players_stats.csv,
PL_PULSELIVE_HISTORICAL,player_season,2013-14,drops,pl_stats/A_Villa_7/players_stats/2013-14_players_stats.csv,
PL_PULSELIVE_HISTORICAL,player_season,2013-14,duels,pl_stats/A_Villa_7/players_stats/2013-14_players_stats.csv,
PL_PULSELIVE_HISTORICAL,player_season,2013-14,duelsLost,pl_stats/A_Villa_7/players_stats/2013-14_players_stats.csv,
PL_PULSELIVE_HISTORICAL,player_season,2013-14,duelsWon,pl_stats/A_Villa_7/players_stats/2013-14_players_stats.csv,
PL_PULSELIVE_HISTORICAL,player_season,2013-14,expectedAssists,pl_stats/A_Villa_7/players_stats/2013-14_players_stats.csv,
PL_PULSELIVE_HISTORICAL,player_season,2013-14,expectedGoals,pl_stats/A_Villa_7/players_stats/2013-14_players_stats.csv,
PL_PULSELIVE_HISTORICAL,player_season,2013-14,expectedGoalsFreekick,pl_stats/A_Villa_7/players_stats/2013-14_players_stats.csv,
PL_PULSELIVE_HISTORICAL,player_season,2013-14,expectedGoalsOnTarget,pl_stats/A_Villa_7/players_stats/2013-14_players_stats.csv,
PL_PULSELIVE_HISTORICAL,player_season,2013-14,expectedGoalsOnTargetConceded,pl_stats/A_Villa_7/players_stats/2013-14_players_stats.csv,
PL_PULSELIVE_HISTORICAL,player_season,2013-14,forwardPasses,pl_stats/A_Villa_7/players_stats/2013-14_players_stats.csv,
PL_PULSELIVE_HISTORICAL,player_season,2013-14,foulAttemptedTackle,pl_stats/A_Villa_7/players_stats/2013-14_players_stats.csv,
PL_PULSELIVE_HISTORICAL,player_season,2013-14,foulWonPenalty,pl_stats/A_Villa_7/players_stats/2013-14_players_stats.csv,
PL_PULSELIVE_HISTORICAL,player_season,2013-14,freekickTotal,pl_stats/A_Villa_7/players_stats/2013-14_players_stats.csv,
PL_PULSELIVE_HISTORICAL,player_season,2013-14,gamesPlayed,pl_stats/A_Villa_7/players_stats/2013-14_players_stats.csv,
PL_PULSELIVE_HISTORICAL,player_season,2013-14,gkSuccessfulDistribution,pl_stats/A_Villa_7/players_stats/2013-14_players_stats.csv,
PL_PULSELIVE_HISTORICAL,player_season,2013-14,gkUnsuccessfulDistribution,pl_stats/A_Villa_7/players_stats/2013-14_players_stats.csv,
PL_PULSELIVE_HISTORICAL,player_season,2013-14,goalAssists,pl_stats/A_Villa_7/players_stats/2013-14_players_stats.csv,
PL_PULSELIVE_HISTORICAL,player_season,2013-14,goalKicks,pl_stats/A_Villa_7/players_stats/2013-14_players_stats.csv,
PL_PULSELIVE_HISTORICAL,player_season,2013-14,goalkeeperSmother,pl_stats/A_Villa_7/players_stats/2013-14_players_stats.csv,
PL_PULSELIVE_HISTORICAL,player_season,2013-14,goals,pl_stats/A_Villa_7/players_stats/2013-14_players_stats.csv,
PL_PULSELIVE_HISTORICAL,player_season,2013-14,goalsConceded,pl_stats/A_Villa_7/players_stats/2013-14_players_stats.csv,
PL_PULSELIVE_HISTORICAL,player_season,2013-14,goalsConcededInsideBox,pl_stats/A_Villa_7/players_stats/2013-14_players_stats.csv,
PL_PULSELIVE_HISTORICAL,player_season,2013-14,goalsConcededOutsideBox,pl_stats/A_Villa_7/players_stats/2013-14_players_stats.csv,
PL_PULSELIVE_HISTORICAL,player_season,2013-14,groundDuels,pl_stats/A_Villa_7/players_stats/2013-14_players_stats.csv,
PL_PULSELIVE_HISTORICAL,player_season,2013-14,groundDuelsLost,pl_stats/A_Villa_7/players_stats/2013-14_players_stats.csv,
PL_PULSELIVE_HISTORICAL,player_season,2013-14,groundDuelsWon,pl_stats/A_Villa_7/players_stats/2013-14_players_stats.csv,
PL_PULSELIVE_HISTORICAL,player_season,2013-14,handballsConceded,pl_stats/A_Villa_7/players_stats/2013-14_players_stats.csv,
PL_PULSELIVE_HISTORICAL,player_season,2013-14,headedGoals,pl_stats/A_Villa_7/players_stats/2013-14_players_stats.csv,
PL_PULSELIVE_HISTORICAL,player_season,2013-14,hitWoodwork,pl_stats/A_Villa_7/players_stats/2013-14_players_stats.csv,
PL_PULSELIVE_HISTORICAL,player_season,2013-14,homeGoals,pl_stats/A_Villa_7/players_stats/2013-14_players_stats.csv,
PL_PULSELIVE_HISTORICAL,player_season,2013-14,iboxBlocked,pl_stats/A_Villa_7/players_stats/2013-14_players_stats.csv,
PL_PULSELIVE_HISTORICAL,player_season,2013-14,iboxTarget,pl_stats/A_Villa_7/players_stats/2013-14_players_stats.csv,
PL_PULSELIVE_HISTORICAL,player_season,2013-14,interceptions,pl_stats/A_Villa_7/players_stats/2013-14_players_stats.csv,
PL_PULSELIVE_HISTORICAL,player_season,2013-14,keyPassesAttemptAssists,pl_stats/A_Villa_7/players_stats/2013-14_players_stats.csv,
PL_PULSELIVE_HISTORICAL,player_season,2013-14,lastPlayerTackle,pl_stats/A_Villa_7/players_stats/2013-14_players_stats.csv,
PL_PULSELIVE_HISTORICAL,player_season,2013-14,leftFootGoals,pl_stats/A_Villa_7/players_stats/2013-14_players_stats.csv,
PL_PULSELIVE_HISTORICAL,player_season,2013-14,leftsidePasses,pl_stats/A_Villa_7/players_stats/2013-14_players_stats.csv,
PL_PULSELIVE_HISTORICAL,player_season,2013-14,nationality,pl_stats/A_Villa_7/players_stats/2013-14_players_stats.csv,
PL_PULSELIVE_HISTORICAL,player_season,2013-14,oboxBlocked,pl_stats/A_Villa_7/players_stats/2013-14_players_stats.csv,
PL_PULSELIVE_HISTORICAL,player_season,2013-14,oboxTarget,pl_stats/A_Villa_7/players_stats/2013-14_players_stats.csv,
PL_PULSELIVE_HISTORICAL,player_season,2013-14,offsides,pl_stats/A_Villa_7/players_stats/2013-14_players_stats.csv,
PL_PULSELIVE_HISTORICAL,player_season,2013-14,openPlayPasses,pl_stats/A_Villa_7/players_stats/2013-14_players_stats.csv,
PL_PULSELIVE_HISTORICAL,player_season,2013-14,overruns,pl_stats/A_Villa_7/players_stats/2013-14_players_stats.csv,
PL_PULSELIVE_HISTORICAL,player_season,2013-14,ownGoalScored,pl_stats/A_Villa_7/players_stats/2013-14_players_stats.csv,
PL_PULSELIVE_HISTORICAL,player_season,2013-14,penaltiesConceded,pl_stats/A_Villa_7/players_stats/2013-14_players_stats.csv,
PL_PULSELIVE_HISTORICAL,player_season,2013-14,penaltiesFaced,pl_stats/A_Villa_7/players_stats/2013-14_players_stats.csv,
PL_PULSELIVE_HISTORICAL,player_season,2013-14,penaltiesSaved,pl_stats/A_Villa_7/players_stats/2013-14_players_stats.csv,
PL_PULSELIVE_HISTORICAL,player_season,2013-14,penaltiesTaken,pl_stats/A_Villa_7/players_stats/2013-14_players_stats.csv,
PL_PULSELIVE_HISTORICAL,player_season,2013-14,penaltyGoals,pl_stats/A_Villa_7/players_stats/2013-14_players_stats.csv,
PL_PULSELIVE_HISTORICAL,player_season,2013-14,penaltyGoalsConceded,pl_stats/A_Villa_7/players_stats/2013-14_players_stats.csv,
PL_PULSELIVE_HISTORICAL,player_season,2013-14,playerId,pl_stats/A_Villa_7/players_stats/2013-14_players_stats.csv,
PL_PULSELIVE_HISTORICAL,player_season,2013-14,playerName,pl_stats/A_Villa_7/players_stats/2013-14_players_stats.csv,
PL_PULSELIVE_HISTORICAL,player_season,2013-14,position,pl_stats/A_Villa_7/players_stats/2013-14_players_stats.csv,
PL_PULSELIVE_HISTORICAL,player_season,2013-14,punches,pl_stats/A_Villa_7/players_stats/2013-14_players_stats.csv,
PL_PULSELIVE_HISTORICAL,player_season,2013-14,putthroughBlockedDistribution,pl_stats/A_Villa_7/players_stats/2013-14_players_stats.csv,
PL_PULSELIVE_HISTORICAL,player_season,2013-14,putthroughBlockedDistributionWon,pl_stats/A_Villa_7/players_stats/2013-14_players_stats.csv,
PL_PULSELIVE_HISTORICAL,player_season,2013-14,recoveries,pl_stats/A_Villa_7/players_stats/2013-14_players_stats.csv,
PL_PULSELIVE_HISTORICAL,player_season,2013-14,rightFootGoals,pl_stats/A_Villa_7/players_stats/2013-14_players_stats.csv,
PL_PULSELIVE_HISTORICAL,player_season,2013-14,rightsidePasses,pl_stats/A_Villa_7/players_stats/2013-14_players_stats.csv,
PL_PULSELIVE_HISTORICAL,player_season,2013-14,savesFromPenalty,pl_stats/A_Villa_7/players_stats/2013-14_players_stats.csv,
PL_PULSELIVE_HISTORICAL,player_season,2013-14,savesMade,pl_stats/A_Villa_7/players_stats/2013-14_players_stats.csv,
PL_PULSELIVE_HISTORICAL,player_season,2013-14,savesMadeCaught,pl_stats/A_Villa_7/players_stats/2013-14_players_stats.csv,
PL_PULSELIVE_HISTORICAL,player_season,2013-14,savesMadeFromInsideBox,pl_stats/A_Villa_7/players_stats/2013-14_players_stats.csv,
PL_PULSELIVE_HISTORICAL,player_season,2013-14,savesMadeFromOutsideBox,pl_stats/A_Villa_7/players_stats/2013-14_players_stats.csv,
PL_PULSELIVE_HISTORICAL,player_season,2013-14,savesMadeParried,pl_stats/A_Villa_7/players_stats/2013-14_players_stats.csv,
PL_PULSELIVE_HISTORICAL,player_season,2013-14,season,pl_stats/A_Villa_7/players_stats/2013-14_players_stats.csv,
PL_PULSELIVE_HISTORICAL,player_season,2013-14,secondGoalAssists,pl_stats/A_Villa_7/players_stats/2013-14_players_stats.csv,
PL_PULSELIVE_HISTORICAL,player_season,2013-14,setPiecesGoals,pl_stats/A_Villa_7/players_stats/2013-14_players_stats.csv,
PL_PULSELIVE_HISTORICAL,player_season,2013-14,shotsBlockedInBox,pl_stats/A_Villa_7/players_stats/2013-14_players_stats.csv,
PL_PULSELIVE_HISTORICAL,player_season,2013-14,shotsBlockedOutsideBox,pl_stats/A_Villa_7/players_stats/2013-14_players_stats.csv,
PL_PULSELIVE_HISTORICAL,player_season,2013-14,shotsOffTargetIncWoodwork,pl_stats/A_Villa_7/players_stats/2013-14_players_stats.csv,
PL_PULSELIVE_HISTORICAL,player_season,2013-14,shotsOnTargetInBox,pl_stats/A_Villa_7/players_stats/2013-14_players_stats.csv,
PL_PULSELIVE_HISTORICAL,player_season,2013-14,shotsOnTargetIncGoals,pl_stats/A_Villa_7/players_stats/2013-14_players_stats.csv,
PL_PULSELIVE_HISTORICAL,player_season,2013-14,shotsOnTargetOutsideBox,pl_stats/A_Villa_7/players_stats/2013-14_players_stats.csv,
PL_PULSELIVE_HISTORICAL,player_season,2013-14,starts,pl_stats/A_Villa_7/players_stats/2013-14_players_stats.csv,
PL_PULSELIVE_HISTORICAL,player_season,2013-14,straightRedCards,pl_stats/A_Villa_7/players_stats/2013-14_players_stats.csv,
PL_PULSELIVE_HISTORICAL,player_season,2013-14,substituteOff,pl_stats/A_Villa_7/players_stats/2013-14_players_stats.csv,
PL_PULSELIVE_HISTORICAL,player_season,2013-14,substituteOn,pl_stats/A_Villa_7/players_stats/2013-14_players_stats.csv,
PL_PULSELIVE_HISTORICAL,player_season,2013-14,successfulCornersIntoBox,pl_stats/A_Villa_7/players_stats/2013-14_players_stats.csv,
PL_PULSELIVE_HISTORICAL,player_season,2013-14,successfulCrossesAndCorners,pl_stats/A_Villa_7/players_stats/2013-14_players_stats.csv,
PL_PULSELIVE_HISTORICAL,player_season,2013-14,successfulCrossesOpenPlay,pl_stats/A_Villa_7/players_stats/2013-14_players_stats.csv,
PL_PULSELIVE_HISTORICAL,player_season,2013-14,successfulDribbles,pl_stats/A_Villa_7/players_stats/2013-14_players_stats.csv,
PL_PULSELIVE_HISTORICAL,player_season,2013-14,successfulLaunches,pl_stats/A_Villa_7/players_stats/2013-14_players_stats.csv,
PL_PULSELIVE_HISTORICAL,player_season,2013-14,successfulLayoffs,pl_stats/A_Villa_7/players_stats/2013-14_players_stats.csv,
PL_PULSELIVE_HISTORICAL,player_season,2013-14,successfulLongPasses,pl_stats/A_Villa_7/players_stats/2013-14_players_stats.csv,
PL_PULSELIVE_HISTORICAL,player_season,2013-14,successfulPassesOppositionHalf,pl_stats/A_Villa_7/players_stats/2013-14_players_stats.csv,
PL_PULSELIVE_HISTORICAL,player_season,2013-14,successfulPassesOwnHalf,pl_stats/A_Villa_7/players_stats/2013-14_players_stats.csv,
PL_PULSELIVE_HISTORICAL,player_season,2013-14,successfulShortPasses,pl_stats/A_Villa_7/players_stats/2013-14_players_stats.csv,
PL_PULSELIVE_HISTORICAL,player_season,2013-14,tacklesLost,pl_stats/A_Villa_7/players_stats/2013-14_players_stats.csv,
PL_PULSELIVE_HISTORICAL,player_season,2013-14,tacklesWon,pl_stats/A_Villa_7/players_stats/2013-14_players_stats.csv,
PL_PULSELIVE_HISTORICAL,player_season,2013-14,team_id,pl_stats/A_Villa_7/players_stats/2013-14_players_stats.csv,
PL_PULSELIVE_HISTORICAL,player_season,2013-14,team_name,pl_stats/A_Villa_7/players_stats/2013-14_players_stats.csv,
PL_PULSELIVE_HISTORICAL,player_season,2013-14,throughBalls,pl_stats/A_Villa_7/players_stats/2013-14_players_stats.csv,
PL_PULSELIVE_HISTORICAL,player_season,2013-14,throwInsToOppositionPlayer,pl_stats/A_Villa_7/players_stats/2013-14_players_stats.csv,
PL_PULSELIVE_HISTORICAL,player_season,2013-14,throwInsToOwnPlayer,pl_stats/A_Villa_7/players_stats/2013-14_players_stats.csv,
PL_PULSELIVE_HISTORICAL,player_season,2013-14,timePlayed,pl_stats/A_Villa_7/players_stats/2013-14_players_stats.csv,
PL_PULSELIVE_HISTORICAL,player_season,2013-14,timesTackled,pl_stats/A_Villa_7/players_stats/2013-14_players_stats.csv,
PL_PULSELIVE_HISTORICAL,player_season,2013-14,totalClearances,pl_stats/A_Villa_7/players_stats/2013-14_players_stats.csv,
PL_PULSELIVE_HISTORICAL,player_season,2013-14,totalFoulsConceded,pl_stats/A_Villa_7/players_stats/2013-14_players_stats.csv,
PL_PULSELIVE_HISTORICAL,player_season,2013-14,totalFoulsWon,pl_stats/A_Villa_7/players_stats/2013-14_players_stats.csv,
PL_PULSELIVE_HISTORICAL,player_season,2013-14,totalLossesOfPossession,pl_stats/A_Villa_7/players_stats/2013-14_players_stats.csv,
PL_PULSELIVE_HISTORICAL,player_season,2013-14,totalPasses,pl_stats/A_Villa_7/players_stats/2013-14_players_stats.csv,
PL_PULSELIVE_HISTORICAL,player_season,2013-14,totalRedCards,pl_stats/A_Villa_7/players_stats/2013-14_players_stats.csv,
PL_PULSELIVE_HISTORICAL,player_season,2013-14,totalShots,pl_stats/A_Villa_7/players_stats/2013-14_players_stats.csv,
PL_PULSELIVE_HISTORICAL,player_season,2013-14,totalTackles,pl_stats/A_Villa_7/players_stats/2013-14_players_stats.csv,
PL_PULSELIVE_HISTORICAL,player_season,2013-14,totalTouchesInOppositionBox,pl_stats/A_Villa_7/players_stats/2013-14_players_stats.csv,
PL_PULSELIVE_HISTORICAL,player_season,2013-14,totalUnsuccessfulPassesExclCrossesAndCorners,pl_stats/A_Villa_7/players_stats/2013-14_players_stats.csv,
PL_PULSELIVE_HISTORICAL,player_season,2013-14,touches,pl_stats/A_Villa_7/players_stats/2013-14_players_stats.csv,
PL_PULSELIVE_HISTORICAL,player_season,2013-14,unsuccessfulCornersIntoBox,pl_stats/A_Villa_7/players_stats/2013-14_players_stats.csv,
PL_PULSELIVE_HISTORICAL,player_season,2013-14,unsuccessfulCrossesAndCorners,pl_stats/A_Villa_7/players_stats/2013-14_players_stats.csv,
PL_PULSELIVE_HISTORICAL,player_season,2013-14,unsuccessfulCrossesOpenPlay,pl_stats/A_Villa_7/players_stats/2013-14_players_stats.csv,
PL_PULSELIVE_HISTORICAL,player_season,2013-14,unsuccessfulDribbles,pl_stats/A_Villa_7/players_stats/2013-14_players_stats.csv,
PL_PULSELIVE_HISTORICAL,player_season,2013-14,unsuccessfulLaunches,pl_stats/A_Villa_7/players_stats/2013-14_players_stats.csv,
PL_PULSELIVE_HISTORICAL,player_season,2013-14,unsuccessfulLayoffs,pl_stats/A_Villa_7/players_stats/2013-14_players_stats.csv,
PL_PULSELIVE_HISTORICAL,player_season,2013-14,unsuccessfulLongPasses,pl_stats/A_Villa_7/players_stats/2013-14_players_stats.csv,
PL_PULSELIVE_HISTORICAL,player_season,2013-14,unsuccessfulPassesOwnHalf,pl_stats/A_Villa_7/players_stats/2013-14_players_stats.csv,
PL_PULSELIVE_HISTORICAL,player_season,2013-14,unsuccessfulShortPasses,pl_stats/A_Villa_7/players_stats/2013-14_players_stats.csv,
PL_PULSELIVE_HISTORICAL,player_season,2013-14,winningGoal,pl_stats/A_Villa_7/players_stats/2013-14_players_stats.csv,
PL_PULSELIVE_HISTORICAL,player_season,2013-14,yellowCards,pl_stats/A_Villa_7/players_stats/2013-14_players_stats.csv,
PL_PULSELIVE_HISTORICAL,player_season,2014-15,aerialDuels,pl_stats/A_Villa_7/players_stats/2014-15_players_stats.csv,
PL_PULSELIVE_HISTORICAL,player_season,2014-15,aerialDuelsLost,pl_stats/A_Villa_7/players_stats/2014-15_players_stats.csv,
PL_PULSELIVE_HISTORICAL,player_season,2014-15,aerialDuelsWon,pl_stats/A_Villa_7/players_stats/2014-15_players_stats.csv,
PL_PULSELIVE_HISTORICAL,player_season,2014-15,appearances,pl_stats/A_Villa_7/players_stats/2014-15_players_stats.csv,
PL_PULSELIVE_HISTORICAL,player_season,2014-15,attemptsFromSetPieces,pl_stats/A_Villa_7/players_stats/2014-15_players_stats.csv,
PL_PULSELIVE_HISTORICAL,player_season,2014-15,awayGoals,pl_stats/A_Villa_7/players_stats/2014-15_players_stats.csv,
PL_PULSELIVE_HISTORICAL,player_season,2014-15,backwardPasses,pl_stats/A_Villa_7/players_stats/2014-15_players_stats.csv,
PL_PULSELIVE_HISTORICAL,player_season,2014-15,blockedShots,pl_stats/A_Villa_7/players_stats/2014-15_players_stats.csv,
PL_PULSELIVE_HISTORICAL,player_season,2014-15,blocks,pl_stats/A_Villa_7/players_stats/2014-15_players_stats.csv,
PL_PULSELIVE_HISTORICAL,player_season,2014-15,catches,pl_stats/A_Villa_7/players_stats/2014-15_players_stats.csv,
PL_PULSELIVE_HISTORICAL,player_season,2014-15,cleanSheets,pl_stats/A_Villa_7/players_stats/2014-15_players_stats.csv,
PL_PULSELIVE_HISTORICAL,player_season,2014-15,clearancesOffTheLine,pl_stats/A_Villa_7/players_stats/2014-15_players_stats.csv,
PL_PULSELIVE_HISTORICAL,player_season,2014-15,cornersTakenInclShortCorners,pl_stats/A_Villa_7/players_stats/2014-15_players_stats.csv,
PL_PULSELIVE_HISTORICAL,player_season,2014-15,cornersWon,pl_stats/A_Villa_7/players_stats/2014-15_players_stats.csv,
PL_PULSELIVE_HISTORICAL,player_season,2014-15,crossesNotClaimed,pl_stats/A_Villa_7/players_stats/2014-15_players_stats.csv,
PL_PULSELIVE_HISTORICAL,player_season,2014-15,drops,pl_stats/A_Villa_7/players_stats/2014-15_players_stats.csv,
PL_PULSELIVE_HISTORICAL,player_season,2014-15,duels,pl_stats/A_Villa_7/players_stats/2014-15_players_stats.csv,
PL_PULSELIVE_HISTORICAL,player_season,2014-15,duelsLost,pl_stats/A_Villa_7/players_stats/2014-15_players_stats.csv,
PL_PULSELIVE_HISTORICAL,player_season,2014-15,duelsWon,pl_stats/A_Villa_7/players_stats/2014-15_players_stats.csv,
PL_PULSELIVE_HISTORICAL,player_season,2014-15,expectedAssists,pl_stats/A_Villa_7/players_stats/2014-15_players_stats.csv,
PL_PULSELIVE_HISTORICAL,player_season,2014-15,expectedGoals,pl_stats/A_Villa_7/players_stats/2014-15_players_stats.csv,
PL_PULSELIVE_HISTORICAL,player_season,2014-15,expectedGoalsFreekick,pl_stats/A_Villa_7/players_stats/2014-15_players_stats.csv,
PL_PULSELIVE_HISTORICAL,player_season,2014-15,expectedGoalsOnTarget,pl_stats/A_Villa_7/players_stats/2014-15_players_stats.csv,
PL_PULSELIVE_HISTORICAL,player_season,2014-15,expectedGoalsOnTargetConceded,pl_stats/A_Villa_7/players_stats/2014-15_players_stats.csv,
PL_PULSELIVE_HISTORICAL,player_season,2014-15,forwardPasses,pl_stats/A_Villa_7/players_stats/2014-15_players_stats.csv,
PL_PULSELIVE_HISTORICAL,player_season,2014-15,foulAttemptedTackle,pl_stats/A_Villa_7/players_stats/2014-15_players_stats.csv,
PL_PULSELIVE_HISTORICAL,player_season,2014-15,foulWonPenalty,pl_stats/A_Villa_7/players_stats/2014-15_players_stats.csv,
PL_PULSELIVE_HISTORICAL,player_season,2014-15,freekickTotal,pl_stats/A_Villa_7/players_stats/2014-15_players_stats.csv,
PL_PULSELIVE_HISTORICAL,player_season,2014-15,gamesPlayed,pl_stats/A_Villa_7/players_stats/2014-15_players_stats.csv,
PL_PULSELIVE_HISTORICAL,player_season,2014-15,gkSuccessfulDistribution,pl_stats/A_Villa_7/players_stats/2014-15_players_stats.csv,
PL_PULSELIVE_HISTORICAL,player_season,2014-15,gkUnsuccessfulDistribution,pl_stats/A_Villa_7/players_stats/2014-15_players_stats.csv,
PL_PULSELIVE_HISTORICAL,player_season,2014-15,goalAssists,pl_stats/A_Villa_7/players_stats/2014-15_players_stats.csv,
PL_PULSELIVE_HISTORICAL,player_season,2014-15,goalKicks,pl_stats/A_Villa_7/players_stats/2014-15_players_stats.csv,
PL_PULSELIVE_HISTORICAL,player_season,2014-15,goalkeeperSmother,pl_stats/A_Villa_7/players_stats/2014-15_players_stats.csv,
PL_PULSELIVE_HISTORICAL,player_season,2014-15,goals,pl_stats/A_Villa_7/players_stats/2014-15_players_stats.csv,
PL_PULSELIVE_HISTORICAL,player_season,2014-15,goalsConceded,pl_stats/A_Villa_7/players_stats/2014-15_players_stats.csv,
PL_PULSELIVE_HISTORICAL,player_season,2014-15,goalsConcededInsideBox,pl_stats/A_Villa_7/players_stats/2014-15_players_stats.csv,
PL_PULSELIVE_HISTORICAL,player_season,2014-15,goalsConcededOutsideBox,pl_stats/A_Villa_7/players_stats/2014-15_players_stats.csv,
PL_PULSELIVE_HISTORICAL,player_season,2014-15,groundDuels,pl_stats/A_Villa_7/players_stats/2014-15_players_stats.csv,
PL_PULSELIVE_HISTORICAL,player_season,2014-15,groundDuelsLost,pl_stats/A_Villa_7/players_stats/2014-15_players_stats.csv,
PL_PULSELIVE_HISTORICAL,player_season,2014-15,groundDuelsWon,pl_stats/A_Villa_7/players_stats/2014-15_players_stats.csv,
PL_PULSELIVE_HISTORICAL,player_season,2014-15,handballsConceded,pl_stats/A_Villa_7/players_stats/2014-15_players_stats.csv,
PL_PULSELIVE_HISTORICAL,player_season,2014-15,headedGoals,pl_stats/A_Villa_7/players_stats/2014-15_players_stats.csv,
PL_PULSELIVE_HISTORICAL,player_season,2014-15,hitWoodwork,pl_stats/A_Villa_7/players_stats/2014-15_players_stats.csv,
PL_PULSELIVE_HISTORICAL,player_season,2014-15,homeGoals,pl_stats/A_Villa_7/players_stats/2014-15_players_stats.csv,
PL_PULSELIVE_HISTORICAL,player_season,2014-15,iboxBlocked,pl_stats/A_Villa_7/players_stats/2014-15_players_stats.csv,
PL_PULSELIVE_HISTORICAL,player_season,2014-15,iboxTarget,pl_stats/A_Villa_7/players_stats/2014-15_players_stats.csv,
PL_PULSELIVE_HISTORICAL,player_season,2014-15,interceptions,pl_stats/A_Villa_7/players_stats/2014-15_players_stats.csv,
PL_PULSELIVE_HISTORICAL,player_season,2014-15,keyPassesAttemptAssists,pl_stats/A_Villa_7/players_stats/2014-15_players_stats.csv,
PL_PULSELIVE_HISTORICAL,player_season,2014-15,lastPlayerTackle,pl_stats/A_Villa_7/players_stats/2014-15_players_stats.csv,
PL_PULSELIVE_HISTORICAL,player_season,2014-15,leftFootGoals,pl_stats/A_Villa_7/players_stats/2014-15_players_stats.csv,
PL_PULSELIVE_HISTORICAL,player_season,2014-15,leftsidePasses,pl_stats/A_Villa_7/players_stats/2014-15_players_stats.csv,
PL_PULSELIVE_HISTORICAL,player_season,2014-15,nationality,pl_stats/A_Villa_7/players_stats/2014-15_players_stats.csv,
PL_PULSELIVE_HISTORICAL,player_season,2014-15,oboxBlocked,pl_stats/A_Villa_7/players_stats/2014-15_players_stats.csv,
PL_PULSELIVE_HISTORICAL,player_season,2014-15,oboxTarget,pl_stats/A_Villa_7/players_stats/2014-15_players_stats.csv,
PL_PULSELIVE_HISTORICAL,player_season,2014-15,offsides,pl_stats/A_Villa_7/players_stats/2014-15_players_stats.csv,
PL_PULSELIVE_HISTORICAL,player_season,2014-15,openPlayPasses,pl_stats/A_Villa_7/players_stats/2014-15_players_stats.csv,
PL_PULSELIVE_HISTORICAL,player_season,2014-15,overruns,pl_stats/A_Villa_7/players_stats/2014-15_players_stats.csv,
PL_PULSELIVE_HISTORICAL,player_season,2014-15,ownGoalScored,pl_stats/A_Villa_7/players_stats/2014-15_players_stats.csv,
PL_PULSELIVE_HISTORICAL,player_season,2014-15,penaltiesConceded,pl_stats/A_Villa_7/players_stats/2014-15_players_stats.csv,
PL_PULSELIVE_HISTORICAL,player_season,2014-15,penaltiesFaced,pl_stats/A_Villa_7/players_stats/2014-15_players_stats.csv,
PL_PULSELIVE_HISTORICAL,player_season,2014-15,penaltiesTaken,pl_stats/A_Villa_7/players_stats/2014-15_players_stats.csv,
PL_PULSELIVE_HISTORICAL,player_season,2014-15,penaltyGoals,pl_stats/A_Villa_7/players_stats/2014-15_players_stats.csv,
PL_PULSELIVE_HISTORICAL,player_season,2014-15,penaltyGoalsConceded,pl_stats/A_Villa_7/players_stats/2014-15_players_stats.csv,
PL_PULSELIVE_HISTORICAL,player_season,2014-15,playerId,pl_stats/A_Villa_7/players_stats/2014-15_players_stats.csv,
PL_PULSELIVE_HISTORICAL,player_season,2014-15,playerName,pl_stats/A_Villa_7/players_stats/2014-15_players_stats.csv,
PL_PULSELIVE_HISTORICAL,player_season,2014-15,position,pl_stats/A_Villa_7/players_stats/2014-15_players_stats.csv,
PL_PULSELIVE_HISTORICAL,player_season,2014-15,punches,pl_stats/A_Villa_7/players_stats/2014-15_players_stats.csv,
PL_PULSELIVE_HISTORICAL,player_season,2014-15,putthroughBlockedDistribution,pl_stats/A_Villa_7/players_stats/2014-15_players_stats.csv,
PL_PULSELIVE_HISTORICAL,player_season,2014-15,putthroughBlockedDistributionWon,pl_stats/A_Villa_7/players_stats/2014-15_players_stats.csv,
PL_PULSELIVE_HISTORICAL,player_season,2014-15,recoveries,pl_stats/A_Villa_7/players_stats/2014-15_players_stats.csv,
PL_PULSELIVE_HISTORICAL,player_season,2014-15,redCards2ndYellow,pl_stats/A_Villa_7/players_stats/2014-15_players_stats.csv,
PL_PULSELIVE_HISTORICAL,player_season,2014-15,rightFootGoals,pl_stats/A_Villa_7/players_stats/2014-15_players_stats.csv,
PL_PULSELIVE_HISTORICAL,player_season,2014-15,rightsidePasses,pl_stats/A_Villa_7/players_stats/2014-15_players_stats.csv,
PL_PULSELIVE_HISTORICAL,player_season,2014-15,savesMade,pl_stats/A_Villa_7/players_stats/2014-15_players_stats.csv,
PL_PULSELIVE_HISTORICAL,player_season,2014-15,savesMadeCaught,pl_stats/A_Villa_7/players_stats/2014-15_players_stats.csv,
PL_PULSELIVE_HISTORICAL,player_season,2014-15,savesMadeFromInsideBox,pl_stats/A_Villa_7/players_stats/2014-15_players_stats.csv,
PL_PULSELIVE_HISTORICAL,player_season,2014-15,savesMadeFromOutsideBox,pl_stats/A_Villa_7/players_stats/2014-15_players_stats.csv,
PL_PULSELIVE_HISTORICAL,player_season,2014-15,savesMadeParried,pl_stats/A_Villa_7/players_stats/2014-15_players_stats.csv,
PL_PULSELIVE_HISTORICAL,player_season,2014-15,season,pl_stats/A_Villa_7/players_stats/2014-15_players_stats.csv,
PL_PULSELIVE_HISTORICAL,player_season,2014-15,secondGoalAssists,pl_stats/A_Villa_7/players_stats/2014-15_players_stats.csv,
PL_PULSELIVE_HISTORICAL,player_season,2014-15,setPiecesGoals,pl_stats/A_Villa_7/players_stats/2014-15_players_stats.csv,
PL_PULSELIVE_HISTORICAL,player_season,2014-15,shotsBlockedInBox,pl_stats/A_Villa_7/players_stats/2014-15_players_stats.csv,
PL_PULSELIVE_HISTORICAL,player_season,2014-15,shotsBlockedOutsideBox,pl_stats/A_Villa_7/players_stats/2014-15_players_stats.csv,
PL_PULSELIVE_HISTORICAL,player_season,2014-15,shotsOffTargetIncWoodwork,pl_stats/A_Villa_7/players_stats/2014-15_players_stats.csv,
PL_PULSELIVE_HISTORICAL,player_season,2014-15,shotsOnTargetInBox,pl_stats/A_Villa_7/players_stats/2014-15_players_stats.csv,
PL_PULSELIVE_HISTORICAL,player_season,2014-15,shotsOnTargetIncGoals,pl_stats/A_Villa_7/players_stats/2014-15_players_stats.csv,
PL_PULSELIVE_HISTORICAL,player_season,2014-15,shotsOnTargetOutsideBox,pl_stats/A_Villa_7/players_stats/2014-15_players_stats.csv,
PL_PULSELIVE_HISTORICAL,player_season,2014-15,starts,pl_stats/A_Villa_7/players_stats/2014-15_players_stats.csv,
PL_PULSELIVE_HISTORICAL,player_season,2014-15,straightRedCards,pl_stats/A_Villa_7/players_stats/2014-15_players_stats.csv,
PL_PULSELIVE_HISTORICAL,player_season,2014-15,substituteOff,pl_stats/A_Villa_7/players_stats/2014-15_players_stats.csv,
PL_PULSELIVE_HISTORICAL,player_season,2014-15,substituteOn,pl_stats/A_Villa_7/players_stats/2014-15_players_stats.csv,
PL_PULSELIVE_HISTORICAL,player_season,2014-15,successfulCornersIntoBox,pl_stats/A_Villa_7/players_stats/2014-15_players_stats.csv,
PL_PULSELIVE_HISTORICAL,player_season,2014-15,successfulCrossesAndCorners,pl_stats/A_Villa_7/players_stats/2014-15_players_stats.csv,
PL_PULSELIVE_HISTORICAL,player_season,2014-15,successfulCrossesOpenPlay,pl_stats/A_Villa_7/players_stats/2014-15_players_stats.csv,
PL_PULSELIVE_HISTORICAL,player_season,2014-15,successfulDribbles,pl_stats/A_Villa_7/players_stats/2014-15_players_stats.csv,
PL_PULSELIVE_HISTORICAL,player_season,2014-15,successfulLaunches,pl_stats/A_Villa_7/players_stats/2014-15_players_stats.csv,
PL_PULSELIVE_HISTORICAL,player_season,2014-15,successfulLayoffs,pl_stats/A_Villa_7/players_stats/2014-15_players_stats.csv,
PL_PULSELIVE_HISTORICAL,player_season,2014-15,successfulLongPasses,pl_stats/A_Villa_7/players_stats/2014-15_players_stats.csv,
PL_PULSELIVE_HISTORICAL,player_season,2014-15,successfulPassesOppositionHalf,pl_stats/A_Villa_7/players_stats/2014-15_players_stats.csv,
PL_PULSELIVE_HISTORICAL,player_season,2014-15,successfulPassesOwnHalf,pl_stats/A_Villa_7/players_stats/2014-15_players_stats.csv,
PL_PULSELIVE_HISTORICAL,player_season,2014-15,successfulShortPasses,pl_stats/A_Villa_7/players_stats/2014-15_players_stats.csv,
PL_PULSELIVE_HISTORICAL,player_season,2014-15,tacklesLost,pl_stats/A_Villa_7/players_stats/2014-15_players_stats.csv,
PL_PULSELIVE_HISTORICAL,player_season,2014-15,tacklesWon,pl_stats/A_Villa_7/players_stats/2014-15_players_stats.csv,
PL_PULSELIVE_HISTORICAL,player_season,2014-15,team_id,pl_stats/A_Villa_7/players_stats/2014-15_players_stats.csv,
PL_PULSELIVE_HISTORICAL,player_season,2014-15,team_name,pl_stats/A_Villa_7/players_stats/2014-15_players_stats.csv,
PL_PULSELIVE_HISTORICAL,player_season,2014-15,throughBalls,pl_stats/A_Villa_7/players_stats/2014-15_players_stats.csv,
PL_PULSELIVE_HISTORICAL,player_season,2014-15,throwInsToOppositionPlayer,pl_stats/A_Villa_7/players_stats/2014-15_players_stats.csv,
PL_PULSELIVE_HISTORICAL,player_season,2014-15,throwInsToOwnPlayer,pl_stats/A_Villa_7/players_stats/2014-15_players_stats.csv,
PL_PULSELIVE_HISTORICAL,player_season,2014-15,timePlayed,pl_stats/A_Villa_7/players_stats/2014-15_players_stats.csv,
PL_PULSELIVE_HISTORICAL,player_season,2014-15,timesTackled,pl_stats/A_Villa_7/players_stats/2014-15_players_stats.csv,
PL_PULSELIVE_HISTORICAL,player_season,2014-15,totalClearances,pl_stats/A_Villa_7/players_stats/2014-15_players_stats.csv,
PL_PULSELIVE_HISTORICAL,player_season,2014-15,totalFoulsConceded,pl_stats/A_Villa_7/players_stats/2014-15_players_stats.csv,
PL_PULSELIVE_HISTORICAL,player_season,2014-15,totalFoulsWon,pl_stats/A_Villa_7/players_stats/2014-15_players_stats.csv,
PL_PULSELIVE_HISTORICAL,player_season,2014-15,totalLossesOfPossession,pl_stats/A_Villa_7/players_stats/2014-15_players_stats.csv,
PL_PULSELIVE_HISTORICAL,player_season,2014-15,totalPasses,pl_stats/A_Villa_7/players_stats/2014-15_players_stats.csv,
PL_PULSELIVE_HISTORICAL,player_season,2014-15,totalRedCards,pl_stats/A_Villa_7/players_stats/2014-15_players_stats.csv,
PL_PULSELIVE_HISTORICAL,player_season,2014-15,totalShots,pl_stats/A_Villa_7/players_stats/2014-15_players_stats.csv,
PL_PULSELIVE_HISTORICAL,player_season,2014-15,totalTackles,pl_stats/A_Villa_7/players_stats/2014-15_players_stats.csv,
PL_PULSELIVE_HISTORICAL,player_season,2014-15,totalTouchesInOppositionBox,pl_stats/A_Villa_7/players_stats/2014-15_players_stats.csv,
PL_PULSELIVE_HISTORICAL,player_season,2014-15,totalUnsuccessfulPassesExclCrossesAndCorners,pl_stats/A_Villa_7/players_stats/2014-15_players_stats.csv,
PL_PULSELIVE_HISTORICAL,player_season,2014-15,touches,pl_stats/A_Villa_7/players_stats/2014-15_players_stats.csv,
PL_PULSELIVE_HISTORICAL,player_season,2014-15,unsuccessfulCornersIntoBox,pl_stats/A_Villa_7/players_stats/2014-15_players_stats.csv,
PL_PULSELIVE_HISTORICAL,player_season,2014-15,unsuccessfulCrossesAndCorners,pl_stats/A_Villa_7/players_stats/2014-15_players_stats.csv,
PL_PULSELIVE_HISTORICAL,player_season,2014-15,unsuccessfulCrossesOpenPlay,pl_stats/A_Villa_7/players_stats/2014-15_players_stats.csv,
PL_PULSELIVE_HISTORICAL,player_season,2014-15,unsuccessfulDribbles,pl_stats/A_Villa_7/players_stats/2014-15_players_stats.csv,
PL_PULSELIVE_HISTORICAL,player_season,2014-15,unsuccessfulLaunches,pl_stats/A_Villa_7/players_stats/2014-15_players_stats.csv,
PL_PULSELIVE_HISTORICAL,player_season,2014-15,unsuccessfulLayoffs,pl_stats/A_Villa_7/players_stats/2014-15_players_stats.csv,
PL_PULSELIVE_HISTORICAL,player_season,2014-15,unsuccessfulLongPasses,pl_stats/A_Villa_7/players_stats/2014-15_players_stats.csv,
PL_PULSELIVE_HISTORICAL,player_season,2014-15,unsuccessfulPassesOwnHalf,pl_stats/A_Villa_7/players_stats/2014-15_players_stats.csv,
PL_PULSELIVE_HISTORICAL,player_season,2014-15,unsuccessfulShortPasses,pl_stats/A_Villa_7/players_stats/2014-15_players_stats.csv,
PL_PULSELIVE_HISTORICAL,player_season,2014-15,winningGoal,pl_stats/A_Villa_7/players_stats/2014-15_players_stats.csv,
PL_PULSELIVE_HISTORICAL,player_season,2014-15,yellowCards,pl_stats/A_Villa_7/players_stats/2014-15_players_stats.csv,
PL_PULSELIVE_HISTORICAL,player_season,2015-16,aerialDuels,pl_stats/A_Villa_7/players_stats/2015-16_players_stats.csv,
PL_PULSELIVE_HISTORICAL,player_season,2015-16,aerialDuelsLost,pl_stats/A_Villa_7/players_stats/2015-16_players_stats.csv,
PL_PULSELIVE_HISTORICAL,player_season,2015-16,aerialDuelsWon,pl_stats/A_Villa_7/players_stats/2015-16_players_stats.csv,
PL_PULSELIVE_HISTORICAL,player_season,2015-16,appearances,pl_stats/A_Villa_7/players_stats/2015-16_players_stats.csv,
PL_PULSELIVE_HISTORICAL,player_season,2015-16,attemptsFromSetPieces,pl_stats/A_Villa_7/players_stats/2015-16_players_stats.csv,
PL_PULSELIVE_HISTORICAL,player_season,2015-16,awayGoals,pl_stats/A_Villa_7/players_stats/2015-16_players_stats.csv,
PL_PULSELIVE_HISTORICAL,player_season,2015-16,backwardPasses,pl_stats/A_Villa_7/players_stats/2015-16_players_stats.csv,
PL_PULSELIVE_HISTORICAL,player_season,2015-16,blockedShots,pl_stats/A_Villa_7/players_stats/2015-16_players_stats.csv,
PL_PULSELIVE_HISTORICAL,player_season,2015-16,blocks,pl_stats/A_Villa_7/players_stats/2015-16_players_stats.csv,
PL_PULSELIVE_HISTORICAL,player_season,2015-16,catches,pl_stats/A_Villa_7/players_stats/2015-16_players_stats.csv,
PL_PULSELIVE_HISTORICAL,player_season,2015-16,cleanSheets,pl_stats/A_Villa_7/players_stats/2015-16_players_stats.csv,
PL_PULSELIVE_HISTORICAL,player_season,2015-16,clearancesOffTheLine,pl_stats/A_Villa_7/players_stats/2015-16_players_stats.csv,
PL_PULSELIVE_HISTORICAL,player_season,2015-16,cornersTakenInclShortCorners,pl_stats/A_Villa_7/players_stats/2015-16_players_stats.csv,
PL_PULSELIVE_HISTORICAL,player_season,2015-16,cornersWon,pl_stats/A_Villa_7/players_stats/2015-16_players_stats.csv,
PL_PULSELIVE_HISTORICAL,player_season,2015-16,crossesNotClaimed,pl_stats/A_Villa_7/players_stats/2015-16_players_stats.csv,
PL_PULSELIVE_HISTORICAL,player_season,2015-16,drops,pl_stats/A_Villa_7/players_stats/2015-16_players_stats.csv,
PL_PULSELIVE_HISTORICAL,player_season,2015-16,duels,pl_stats/A_Villa_7/players_stats/2015-16_players_stats.csv,
PL_PULSELIVE_HISTORICAL,player_season,2015-16,duelsLost,pl_stats/A_Villa_7/players_stats/2015-16_players_stats.csv,
PL_PULSELIVE_HISTORICAL,player_season,2015-16,duelsWon,pl_stats/A_Villa_7/players_stats/2015-16_players_stats.csv,
PL_PULSELIVE_HISTORICAL,player_season,2015-16,expectedAssists,pl_stats/A_Villa_7/players_stats/2015-16_players_stats.csv,
PL_PULSELIVE_HISTORICAL,player_season,2015-16,expectedGoals,pl_stats/A_Villa_7/players_stats/2015-16_players_stats.csv,
PL_PULSELIVE_HISTORICAL,player_season,2015-16,expectedGoalsFreekick,pl_stats/A_Villa_7/players_stats/2015-16_players_stats.csv,
PL_PULSELIVE_HISTORICAL,player_season,2015-16,expectedGoalsOnTarget,pl_stats/A_Villa_7/players_stats/2015-16_players_stats.csv,
PL_PULSELIVE_HISTORICAL,player_season,2015-16,expectedGoalsOnTargetConceded,pl_stats/A_Villa_7/players_stats/2015-16_players_stats.csv,
PL_PULSELIVE_HISTORICAL,player_season,2015-16,forwardPasses,pl_stats/A_Villa_7/players_stats/2015-16_players_stats.csv,
PL_PULSELIVE_HISTORICAL,player_season,2015-16,foulAttemptedTackle,pl_stats/A_Villa_7/players_stats/2015-16_players_stats.csv,
PL_PULSELIVE_HISTORICAL,player_season,2015-16,foulWonPenalty,pl_stats/A_Villa_7/players_stats/2015-16_players_stats.csv,
PL_PULSELIVE_HISTORICAL,player_season,2015-16,freekickTotal,pl_stats/A_Villa_7/players_stats/2015-16_players_stats.csv,
PL_PULSELIVE_HISTORICAL,player_season,2015-16,gamesPlayed,pl_stats/A_Villa_7/players_stats/2015-16_players_stats.csv,
PL_PULSELIVE_HISTORICAL,player_season,2015-16,gkSuccessfulDistribution,pl_stats/A_Villa_7/players_stats/2015-16_players_stats.csv,
PL_PULSELIVE_HISTORICAL,player_season,2015-16,gkUnsuccessfulDistribution,pl_stats/A_Villa_7/players_stats/2015-16_players_stats.csv,
PL_PULSELIVE_HISTORICAL,player_season,2015-16,goalAssists,pl_stats/A_Villa_7/players_stats/2015-16_players_stats.csv,
PL_PULSELIVE_HISTORICAL,player_season,2015-16,goalKicks,pl_stats/A_Villa_7/players_stats/2015-16_players_stats.csv,
PL_PULSELIVE_HISTORICAL,player_season,2015-16,goalkeeperSmother,pl_stats/A_Villa_7/players_stats/2015-16_players_stats.csv,
PL_PULSELIVE_HISTORICAL,player_season,2015-16,goals,pl_stats/A_Villa_7/players_stats/2015-16_players_stats.csv,
PL_PULSELIVE_HISTORICAL,player_season,2015-16,goalsConceded,pl_stats/A_Villa_7/players_stats/2015-16_players_stats.csv,
PL_PULSELIVE_HISTORICAL,player_season,2015-16,goalsConcededInsideBox,pl_stats/A_Villa_7/players_stats/2015-16_players_stats.csv,
PL_PULSELIVE_HISTORICAL,player_season,2015-16,goalsConcededOutsideBox,pl_stats/A_Villa_7/players_stats/2015-16_players_stats.csv,
PL_PULSELIVE_HISTORICAL,player_season,2015-16,groundDuels,pl_stats/A_Villa_7/players_stats/2015-16_players_stats.csv,
PL_PULSELIVE_HISTORICAL,player_season,2015-16,groundDuelsLost,pl_stats/A_Villa_7/players_stats/2015-16_players_stats.csv,
PL_PULSELIVE_HISTORICAL,player_season,2015-16,groundDuelsWon,pl_stats/A_Villa_7/players_stats/2015-16_players_stats.csv,
PL_PULSELIVE_HISTORICAL,player_season,2015-16,handballsConceded,pl_stats/A_Villa_7/players_stats/2015-16_players_stats.csv,
PL_PULSELIVE_HISTORICAL,player_season,2015-16,headedGoals,pl_stats/A_Villa_7/players_stats/2015-16_players_stats.csv,
PL_PULSELIVE_HISTORICAL,player_season,2015-16,hitWoodwork,pl_stats/A_Villa_7/players_stats/2015-16_players_stats.csv,
PL_PULSELIVE_HISTORICAL,player_season,2015-16,homeGoals,pl_stats/A_Villa_7/players_stats/2015-16_players_stats.csv,
PL_PULSELIVE_HISTORICAL,player_season,2015-16,iboxBlocked,pl_stats/A_Villa_7/players_stats/2015-16_players_stats.csv,
PL_PULSELIVE_HISTORICAL,player_season,2015-16,iboxTarget,pl_stats/A_Villa_7/players_stats/2015-16_players_stats.csv,
PL_PULSELIVE_HISTORICAL,player_season,2015-16,interceptions,pl_stats/A_Villa_7/players_stats/2015-16_players_stats.csv,
PL_PULSELIVE_HISTORICAL,player_season,2015-16,keyPassesAttemptAssists,pl_stats/A_Villa_7/players_stats/2015-16_players_stats.csv,
PL_PULSELIVE_HISTORICAL,player_season,2015-16,lastPlayerTackle,pl_stats/A_Villa_7/players_stats/2015-16_players_stats.csv,
PL_PULSELIVE_HISTORICAL,player_season,2015-16,leftFootGoals,pl_stats/A_Villa_7/players_stats/2015-16_players_stats.csv,
PL_PULSELIVE_HISTORICAL,player_season,2015-16,leftsidePasses,pl_stats/A_Villa_7/players_stats/2015-16_players_stats.csv,
PL_PULSELIVE_HISTORICAL,player_season,2015-16,nationality,pl_stats/A_Villa_7/players_stats/2015-16_players_stats.csv,
PL_PULSELIVE_HISTORICAL,player_season,2015-16,oboxBlocked,pl_stats/A_Villa_7/players_stats/2015-16_players_stats.csv,
PL_PULSELIVE_HISTORICAL,player_season,2015-16,oboxTarget,pl_stats/A_Villa_7/players_stats/2015-16_players_stats.csv,
PL_PULSELIVE_HISTORICAL,player_season,2015-16,offsides,pl_stats/A_Villa_7/players_stats/2015-16_players_stats.csv,
PL_PULSELIVE_HISTORICAL,player_season,2015-16,openPlayPasses,pl_stats/A_Villa_7/players_stats/2015-16_players_stats.csv,
PL_PULSELIVE_HISTORICAL,player_season,2015-16,overruns,pl_stats/A_Villa_7/players_stats/2015-16_players_stats.csv,
PL_PULSELIVE_HISTORICAL,player_season,2015-16,ownGoalScored,pl_stats/A_Villa_7/players_stats/2015-16_players_stats.csv,
PL_PULSELIVE_HISTORICAL,player_season,2015-16,penaltiesConceded,pl_stats/A_Villa_7/players_stats/2015-16_players_stats.csv,
PL_PULSELIVE_HISTORICAL,player_season,2015-16,penaltiesFaced,pl_stats/A_Villa_7/players_stats/2015-16_players_stats.csv,
PL_PULSELIVE_HISTORICAL,player_season,2015-16,penaltiesSaved,pl_stats/A_Villa_7/players_stats/2015-16_players_stats.csv,
PL_PULSELIVE_HISTORICAL,player_season,2015-16,penaltiesTaken,pl_stats/A_Villa_7/players_stats/2015-16_players_stats.csv,
PL_PULSELIVE_HISTORICAL,player_season,2015-16,penaltyGoals,pl_stats/A_Villa_7/players_stats/2015-16_players_stats.csv,
PL_PULSELIVE_HISTORICAL,player_season,2015-16,penaltyGoalsConceded,pl_stats/A_Villa_7/players_stats/2015-16_players_stats.csv,
PL_PULSELIVE_HISTORICAL,player_season,2015-16,playerId,pl_stats/A_Villa_7/players_stats/2015-16_players_stats.csv,
PL_PULSELIVE_HISTORICAL,player_season,2015-16,playerName,pl_stats/A_Villa_7/players_stats/2015-16_players_stats.csv,
PL_PULSELIVE_HISTORICAL,player_season,2015-16,position,pl_stats/A_Villa_7/players_stats/2015-16_players_stats.csv,
PL_PULSELIVE_HISTORICAL,player_season,2015-16,punches,pl_stats/A_Villa_7/players_stats/2015-16_players_stats.csv,
PL_PULSELIVE_HISTORICAL,player_season,2015-16,putthroughBlockedDistribution,pl_stats/A_Villa_7/players_stats/2015-16_players_stats.csv,
PL_PULSELIVE_HISTORICAL,player_season,2015-16,putthroughBlockedDistributionWon,pl_stats/A_Villa_7/players_stats/2015-16_players_stats.csv,
PL_PULSELIVE_HISTORICAL,player_season,2015-16,recoveries,pl_stats/A_Villa_7/players_stats/2015-16_players_stats.csv,
PL_PULSELIVE_HISTORICAL,player_season,2015-16,redCards2ndYellow,pl_stats/A_Villa_7/players_stats/2015-16_players_stats.csv,
PL_PULSELIVE_HISTORICAL,player_season,2015-16,rightFootGoals,pl_stats/A_Villa_7/players_stats/2015-16_players_stats.csv,
PL_PULSELIVE_HISTORICAL,player_season,2015-16,rightsidePasses,pl_stats/A_Villa_7/players_stats/2015-16_players_stats.csv,
PL_PULSELIVE_HISTORICAL,player_season,2015-16,savesFromPenalty,pl_stats/A_Villa_7/players_stats/2015-16_players_stats.csv,
PL_PULSELIVE_HISTORICAL,player_season,2015-16,savesMade,pl_stats/A_Villa_7/players_stats/2015-16_players_stats.csv,
PL_PULSELIVE_HISTORICAL,player_season,2015-16,savesMadeCaught,pl_stats/A_Villa_7/players_stats/2015-16_players_stats.csv,
PL_PULSELIVE_HISTORICAL,player_season,2015-16,savesMadeFromInsideBox,pl_stats/A_Villa_7/players_stats/2015-16_players_stats.csv,
PL_PULSELIVE_HISTORICAL,player_season,2015-16,savesMadeFromOutsideBox,pl_stats/A_Villa_7/players_stats/2015-16_players_stats.csv,
PL_PULSELIVE_HISTORICAL,player_season,2015-16,savesMadeParried,pl_stats/A_Villa_7/players_stats/2015-16_players_stats.csv,
PL_PULSELIVE_HISTORICAL,player_season,2015-16,season,pl_stats/A_Villa_7/players_stats/2015-16_players_stats.csv,
PL_PULSELIVE_HISTORICAL,player_season,2015-16,secondGoalAssists,pl_stats/A_Villa_7/players_stats/2015-16_players_stats.csv,
PL_PULSELIVE_HISTORICAL,player_season,2015-16,shotsBlockedInBox,pl_stats/A_Villa_7/players_stats/2015-16_players_stats.csv,
PL_PULSELIVE_HISTORICAL,player_season,2015-16,shotsBlockedOutsideBox,pl_stats/A_Villa_7/players_stats/2015-16_players_stats.csv,
PL_PULSELIVE_HISTORICAL,player_season,2015-16,shotsOffTargetIncWoodwork,pl_stats/A_Villa_7/players_stats/2015-16_players_stats.csv,
PL_PULSELIVE_HISTORICAL,player_season,2015-16,shotsOnTargetInBox,pl_stats/A_Villa_7/players_stats/2015-16_players_stats.csv,
PL_PULSELIVE_HISTORICAL,player_season,2015-16,shotsOnTargetIncGoals,pl_stats/A_Villa_7/players_stats/2015-16_players_stats.csv,
PL_PULSELIVE_HISTORICAL,player_season,2015-16,shotsOnTargetOutsideBox,pl_stats/A_Villa_7/players_stats/2015-16_players_stats.csv,
PL_PULSELIVE_HISTORICAL,player_season,2015-16,starts,pl_stats/A_Villa_7/players_stats/2015-16_players_stats.csv,
PL_PULSELIVE_HISTORICAL,player_season,2015-16,straightRedCards,pl_stats/A_Villa_7/players_stats/2015-16_players_stats.csv,
PL_PULSELIVE_HISTORICAL,player_season,2015-16,substituteOff,pl_stats/A_Villa_7/players_stats/2015-16_players_stats.csv,
PL_PULSELIVE_HISTORICAL,player_season,2015-16,substituteOn,pl_stats/A_Villa_7/players_stats/2015-16_players_stats.csv,
PL_PULSELIVE_HISTORICAL,player_season,2015-16,successfulCornersIntoBox,pl_stats/A_Villa_7/players_stats/2015-16_players_stats.csv,
PL_PULSELIVE_HISTORICAL,player_season,2015-16,successfulCrossesAndCorners,pl_stats/A_Villa_7/players_stats/2015-16_players_stats.csv,
PL_PULSELIVE_HISTORICAL,player_season,2015-16,successfulCrossesOpenPlay,pl_stats/A_Villa_7/players_stats/2015-16_players_stats.csv,
PL_PULSELIVE_HISTORICAL,player_season,2015-16,successfulDribbles,pl_stats/A_Villa_7/players_stats/2015-16_players_stats.csv,
PL_PULSELIVE_HISTORICAL,player_season,2015-16,successfulLaunches,pl_stats/A_Villa_7/players_stats/2015-16_players_stats.csv,
PL_PULSELIVE_HISTORICAL,player_season,2015-16,successfulLayoffs,pl_stats/A_Villa_7/players_stats/2015-16_players_stats.csv,
PL_PULSELIVE_HISTORICAL,player_season,2015-16,successfulLongPasses,pl_stats/A_Villa_7/players_stats/2015-16_players_stats.csv,
PL_PULSELIVE_HISTORICAL,player_season,2015-16,successfulPassesOppositionHalf,pl_stats/A_Villa_7/players_stats/2015-16_players_stats.csv,
PL_PULSELIVE_HISTORICAL,player_season,2015-16,successfulPassesOwnHalf,pl_stats/A_Villa_7/players_stats/2015-16_players_stats.csv,
PL_PULSELIVE_HISTORICAL,player_season,2015-16,successfulShortPasses,pl_stats/A_Villa_7/players_stats/2015-16_players_stats.csv,
PL_PULSELIVE_HISTORICAL,player_season,2015-16,tacklesLost,pl_stats/A_Villa_7/players_stats/2015-16_players_stats.csv,
PL_PULSELIVE_HISTORICAL,player_season,2015-16,tacklesWon,pl_stats/A_Villa_7/players_stats/2015-16_players_stats.csv,
PL_PULSELIVE_HISTORICAL,player_season,2015-16,team_id,pl_stats/A_Villa_7/players_stats/2015-16_players_stats.csv,
PL_PULSELIVE_HISTORICAL,player_season,2015-16,team_name,pl_stats/A_Villa_7/players_stats/2015-16_players_stats.csv,
PL_PULSELIVE_HISTORICAL,player_season,2015-16,throughBalls,pl_stats/A_Villa_7/players_stats/2015-16_players_stats.csv,
PL_PULSELIVE_HISTORICAL,player_season,2015-16,throwInsToOppositionPlayer,pl_stats/A_Villa_7/players_stats/2015-16_players_stats.csv,
PL_PULSELIVE_HISTORICAL,player_season,2015-16,throwInsToOwnPlayer,pl_stats/A_Villa_7/players_stats/2015-16_players_stats.csv,
PL_PULSELIVE_HISTORICAL,player_season,2015-16,timePlayed,pl_stats/A_Villa_7/players_stats/2015-16_players_stats.csv,
PL_PULSELIVE_HISTORICAL,player_season,2015-16,timesTackled,pl_stats/A_Villa_7/players_stats/2015-16_players_stats.csv,
PL_PULSELIVE_HISTORICAL,player_season,2015-16,totalClearances,pl_stats/A_Villa_7/players_stats/2015-16_players_stats.csv,
PL_PULSELIVE_HISTORICAL,player_season,2015-16,totalFoulsConceded,pl_stats/A_Villa_7/players_stats/2015-16_players_stats.csv,
PL_PULSELIVE_HISTORICAL,player_season,2015-16,totalFoulsWon,pl_stats/A_Villa_7/players_stats/2015-16_players_stats.csv,
PL_PULSELIVE_HISTORICAL,player_season,2015-16,totalLossesOfPossession,pl_stats/A_Villa_7/players_stats/2015-16_players_stats.csv,
PL_PULSELIVE_HISTORICAL,player_season,2015-16,totalPasses,pl_stats/A_Villa_7/players_stats/2015-16_players_stats.csv,
PL_PULSELIVE_HISTORICAL,player_season,2015-16,totalRedCards,pl_stats/A_Villa_7/players_stats/2015-16_players_stats.csv,
PL_PULSELIVE_HISTORICAL,player_season,2015-16,totalShots,pl_stats/A_Villa_7/players_stats/2015-16_players_stats.csv,
PL_PULSELIVE_HISTORICAL,player_season,2015-16,totalTackles,pl_stats/A_Villa_7/players_stats/2015-16_players_stats.csv,
PL_PULSELIVE_HISTORICAL,player_season,2015-16,totalTouchesInOppositionBox,pl_stats/A_Villa_7/players_stats/2015-16_players_stats.csv,
PL_PULSELIVE_HISTORICAL,player_season,2015-16,totalUnsuccessfulPassesExclCrossesAndCorners,pl_stats/A_Villa_7/players_stats/2015-16_players_stats.csv,
PL_PULSELIVE_HISTORICAL,player_season,2015-16,touches,pl_stats/A_Villa_7/players_stats/2015-16_players_stats.csv,
PL_PULSELIVE_HISTORICAL,player_season,2015-16,unsuccessfulCornersIntoBox,pl_stats/A_Villa_7/players_stats/2015-16_players_stats.csv,
PL_PULSELIVE_HISTORICAL,player_season,2015-16,unsuccessfulCrossesAndCorners,pl_stats/A_Villa_7/players_stats/2015-16_players_stats.csv,
PL_PULSELIVE_HISTORICAL,player_season,2015-16,unsuccessfulCrossesOpenPlay,pl_stats/A_Villa_7/players_stats/2015-16_players_stats.csv,
PL_PULSELIVE_HISTORICAL,player_season,2015-16,unsuccessfulDribbles,pl_stats/A_Villa_7/players_stats/2015-16_players_stats.csv,
PL_PULSELIVE_HISTORICAL,player_season,2015-16,unsuccessfulLaunches,pl_stats/A_Villa_7/players_stats/2015-16_players_stats.csv,
PL_PULSELIVE_HISTORICAL,player_season,2015-16,unsuccessfulLayoffs,pl_stats/A_Villa_7/players_stats/2015-16_players_stats.csv,
PL_PULSELIVE_HISTORICAL,player_season,2015-16,unsuccessfulLongPasses,pl_stats/A_Villa_7/players_stats/2015-16_players_stats.csv,
PL_PULSELIVE_HISTORICAL,player_season,2015-16,unsuccessfulPassesOwnHalf,pl_stats/A_Villa_7/players_stats/2015-16_players_stats.csv,
PL_PULSELIVE_HISTORICAL,player_season,2015-16,unsuccessfulShortPasses,pl_stats/A_Villa_7/players_stats/2015-16_players_stats.csv,
PL_PULSELIVE_HISTORICAL,player_season,2015-16,winningGoal,pl_stats/A_Villa_7/players_stats/2015-16_players_stats.csv,
PL_PULSELIVE_HISTORICAL,player_season,2015-16,yellowCards,pl_stats/A_Villa_7/players_stats/2015-16_players_stats.csv,
PL_PULSELIVE_HISTORICAL,player_season,2016-17,aerialDuels,pl_stats/Arsenal_3/players_stats/2016-17_players_stats.csv,
PL_PULSELIVE_HISTORICAL,player_season,2016-17,aerialDuelsLost,pl_stats/Arsenal_3/players_stats/2016-17_players_stats.csv,
PL_PULSELIVE_HISTORICAL,player_season,2016-17,aerialDuelsWon,pl_stats/Arsenal_3/players_stats/2016-17_players_stats.csv,
PL_PULSELIVE_HISTORICAL,player_season,2016-17,appearances,pl_stats/Arsenal_3/players_stats/2016-17_players_stats.csv,
PL_PULSELIVE_HISTORICAL,player_season,2016-17,attemptsFromSetPieces,pl_stats/Arsenal_3/players_stats/2016-17_players_stats.csv,
PL_PULSELIVE_HISTORICAL,player_season,2016-17,awayGoals,pl_stats/Arsenal_3/players_stats/2016-17_players_stats.csv,
PL_PULSELIVE_HISTORICAL,player_season,2016-17,backwardPasses,pl_stats/Arsenal_3/players_stats/2016-17_players_stats.csv,
PL_PULSELIVE_HISTORICAL,player_season,2016-17,blockedShots,pl_stats/Arsenal_3/players_stats/2016-17_players_stats.csv,
PL_PULSELIVE_HISTORICAL,player_season,2016-17,blocks,pl_stats/Arsenal_3/players_stats/2016-17_players_stats.csv,
PL_PULSELIVE_HISTORICAL,player_season,2016-17,catches,pl_stats/Arsenal_3/players_stats/2016-17_players_stats.csv,
PL_PULSELIVE_HISTORICAL,player_season,2016-17,cleanSheets,pl_stats/Arsenal_3/players_stats/2016-17_players_stats.csv,
PL_PULSELIVE_HISTORICAL,player_season,2016-17,clearancesOffTheLine,pl_stats/Arsenal_3/players_stats/2016-17_players_stats.csv,
PL_PULSELIVE_HISTORICAL,player_season,2016-17,cornersTakenInclShortCorners,pl_stats/Arsenal_3/players_stats/2016-17_players_stats.csv,
PL_PULSELIVE_HISTORICAL,player_season,2016-17,cornersWon,pl_stats/Arsenal_3/players_stats/2016-17_players_stats.csv,
PL_PULSELIVE_HISTORICAL,player_season,2016-17,crossesNotClaimed,pl_stats/Arsenal_3/players_stats/2016-17_players_stats.csv,
PL_PULSELIVE_HISTORICAL,player_season,2016-17,drops,pl_stats/Arsenal_3/players_stats/2016-17_players_stats.csv,
PL_PULSELIVE_HISTORICAL,player_season,2016-17,duels,pl_stats/Arsenal_3/players_stats/2016-17_players_stats.csv,
PL_PULSELIVE_HISTORICAL,player_season,2016-17,duelsLost,pl_stats/Arsenal_3/players_stats/2016-17_players_stats.csv,
PL_PULSELIVE_HISTORICAL,player_season,2016-17,duelsWon,pl_stats/Arsenal_3/players_stats/2016-17_players_stats.csv,
PL_PULSELIVE_HISTORICAL,player_season,2016-17,expectedAssists,pl_stats/Arsenal_3/players_stats/2016-17_players_stats.csv,
PL_PULSELIVE_HISTORICAL,player_season,2016-17,expectedGoals,pl_stats/Arsenal_3/players_stats/2016-17_players_stats.csv,
PL_PULSELIVE_HISTORICAL,player_season,2016-17,expectedGoalsFreekick,pl_stats/Arsenal_3/players_stats/2016-17_players_stats.csv,
PL_PULSELIVE_HISTORICAL,player_season,2016-17,expectedGoalsOnTarget,pl_stats/Arsenal_3/players_stats/2016-17_players_stats.csv,
PL_PULSELIVE_HISTORICAL,player_season,2016-17,expectedGoalsOnTargetConceded,pl_stats/Arsenal_3/players_stats/2016-17_players_stats.csv,
PL_PULSELIVE_HISTORICAL,player_season,2016-17,forwardPasses,pl_stats/Arsenal_3/players_stats/2016-17_players_stats.csv,
PL_PULSELIVE_HISTORICAL,player_season,2016-17,foulAttemptedTackle,pl_stats/Arsenal_3/players_stats/2016-17_players_stats.csv,
PL_PULSELIVE_HISTORICAL,player_season,2016-17,foulWonPenalty,pl_stats/Arsenal_3/players_stats/2016-17_players_stats.csv,
PL_PULSELIVE_HISTORICAL,player_season,2016-17,freekickTotal,pl_stats/Arsenal_3/players_stats/2016-17_players_stats.csv,
PL_PULSELIVE_HISTORICAL,player_season,2016-17,gamesPlayed,pl_stats/Arsenal_3/players_stats/2016-17_players_stats.csv,
PL_PULSELIVE_HISTORICAL,player_season,2016-17,gkSuccessfulDistribution,pl_stats/Arsenal_3/players_stats/2016-17_players_stats.csv,
PL_PULSELIVE_HISTORICAL,player_season,2016-17,gkUnsuccessfulDistribution,pl_stats/Arsenal_3/players_stats/2016-17_players_stats.csv,
PL_PULSELIVE_HISTORICAL,player_season,2016-17,goalAssists,pl_stats/Arsenal_3/players_stats/2016-17_players_stats.csv,
PL_PULSELIVE_HISTORICAL,player_season,2016-17,goalKicks,pl_stats/Arsenal_3/players_stats/2016-17_players_stats.csv,
PL_PULSELIVE_HISTORICAL,player_season,2016-17,goalkeeperSmother,pl_stats/Arsenal_3/players_stats/2016-17_players_stats.csv,
PL_PULSELIVE_HISTORICAL,player_season,2016-17,goals,pl_stats/Arsenal_3/players_stats/2016-17_players_stats.csv,
PL_PULSELIVE_HISTORICAL,player_season,2016-17,goalsConceded,pl_stats/Arsenal_3/players_stats/2016-17_players_stats.csv,
PL_PULSELIVE_HISTORICAL,player_season,2016-17,goalsConcededInsideBox,pl_stats/Arsenal_3/players_stats/2016-17_players_stats.csv,
PL_PULSELIVE_HISTORICAL,player_season,2016-17,goalsConcededOutsideBox,pl_stats/Arsenal_3/players_stats/2016-17_players_stats.csv,
PL_PULSELIVE_HISTORICAL,player_season,2016-17,groundDuels,pl_stats/Arsenal_3/players_stats/2016-17_players_stats.csv,
PL_PULSELIVE_HISTORICAL,player_season,2016-17,groundDuelsLost,pl_stats/Arsenal_3/players_stats/2016-17_players_stats.csv,
PL_PULSELIVE_HISTORICAL,player_season,2016-17,groundDuelsWon,pl_stats/Arsenal_3/players_stats/2016-17_players_stats.csv,
PL_PULSELIVE_HISTORICAL,player_season,2016-17,handballsConceded,pl_stats/Arsenal_3/players_stats/2016-17_players_stats.csv,
PL_PULSELIVE_HISTORICAL,player_season,2016-17,headedGoals,pl_stats/Arsenal_3/players_stats/2016-17_players_stats.csv,
PL_PULSELIVE_HISTORICAL,player_season,2016-17,hitWoodwork,pl_stats/Arsenal_3/players_stats/2016-17_players_stats.csv,
PL_PULSELIVE_HISTORICAL,player_season,2016-17,homeGoals,pl_stats/Arsenal_3/players_stats/2016-17_players_stats.csv,
PL_PULSELIVE_HISTORICAL,player_season,2016-17,iboxBlocked,pl_stats/Arsenal_3/players_stats/2016-17_players_stats.csv,
PL_PULSELIVE_HISTORICAL,player_season,2016-17,iboxTarget,pl_stats/Arsenal_3/players_stats/2016-17_players_stats.csv,
PL_PULSELIVE_HISTORICAL,player_season,2016-17,interceptions,pl_stats/Arsenal_3/players_stats/2016-17_players_stats.csv,
PL_PULSELIVE_HISTORICAL,player_season,2016-17,keyPassesAttemptAssists,pl_stats/Arsenal_3/players_stats/2016-17_players_stats.csv,
PL_PULSELIVE_HISTORICAL,player_season,2016-17,leftFootGoals,pl_stats/Arsenal_3/players_stats/2016-17_players_stats.csv,
PL_PULSELIVE_HISTORICAL,player_season,2016-17,leftsidePasses,pl_stats/Arsenal_3/players_stats/2016-17_players_stats.csv,
PL_PULSELIVE_HISTORICAL,player_season,2016-17,nationality,pl_stats/Arsenal_3/players_stats/2016-17_players_stats.csv,
PL_PULSELIVE_HISTORICAL,player_season,2016-17,oboxBlocked,pl_stats/Arsenal_3/players_stats/2016-17_players_stats.csv,
PL_PULSELIVE_HISTORICAL,player_season,2016-17,oboxTarget,pl_stats/Arsenal_3/players_stats/2016-17_players_stats.csv,
PL_PULSELIVE_HISTORICAL,player_season,2016-17,offsides,pl_stats/Arsenal_3/players_stats/2016-17_players_stats.csv,
PL_PULSELIVE_HISTORICAL,player_season,2016-17,openPlayPasses,pl_stats/Arsenal_3/players_stats/2016-17_players_stats.csv,
PL_PULSELIVE_HISTORICAL,player_season,2016-17,otherGoals,pl_stats/Arsenal_3/players_stats/2016-17_players_stats.csv,
PL_PULSELIVE_HISTORICAL,player_season,2016-17,ownGoalScored,pl_stats/Arsenal_3/players_stats/2016-17_players_stats.csv,
PL_PULSELIVE_HISTORICAL,player_season,2016-17,penaltiesConceded,pl_stats/Arsenal_3/players_stats/2016-17_players_stats.csv,
PL_PULSELIVE_HISTORICAL,player_season,2016-17,penaltiesFaced,pl_stats/Arsenal_3/players_stats/2016-17_players_stats.csv,
PL_PULSELIVE_HISTORICAL,player_season,2016-17,penaltiesTaken,pl_stats/Arsenal_3/players_stats/2016-17_players_stats.csv,
PL_PULSELIVE_HISTORICAL,player_season,2016-17,penaltyGoals,pl_stats/Arsenal_3/players_stats/2016-17_players_stats.csv,
PL_PULSELIVE_HISTORICAL,player_season,2016-17,penaltyGoalsConceded,pl_stats/Arsenal_3/players_stats/2016-17_players_stats.csv,
PL_PULSELIVE_HISTORICAL,player_season,2016-17,playerId,pl_stats/Arsenal_3/players_stats/2016-17_players_stats.csv,
PL_PULSELIVE_HISTORICAL,player_season,2016-17,playerName,pl_stats/Arsenal_3/players_stats/2016-17_players_stats.csv,
PL_PULSELIVE_HISTORICAL,player_season,2016-17,position,pl_stats/Arsenal_3/players_stats/2016-17_players_stats.csv,
PL_PULSELIVE_HISTORICAL,player_season,2016-17,punches,pl_stats/Arsenal_3/players_stats/2016-17_players_stats.csv,
PL_PULSELIVE_HISTORICAL,player_season,2016-17,putthroughBlockedDistribution,pl_stats/Arsenal_3/players_stats/2016-17_players_stats.csv,
PL_PULSELIVE_HISTORICAL,player_season,2016-17,putthroughBlockedDistributionWon,pl_stats/Arsenal_3/players_stats/2016-17_players_stats.csv,
PL_PULSELIVE_HISTORICAL,player_season,2016-17,recoveries,pl_stats/Arsenal_3/players_stats/2016-17_players_stats.csv,
PL_PULSELIVE_HISTORICAL,player_season,2016-17,rightFootGoals,pl_stats/Arsenal_3/players_stats/2016-17_players_stats.csv,
PL_PULSELIVE_HISTORICAL,player_season,2016-17,rightsidePasses,pl_stats/Arsenal_3/players_stats/2016-17_players_stats.csv,
PL_PULSELIVE_HISTORICAL,player_season,2016-17,savesMade,pl_stats/Arsenal_3/players_stats/2016-17_players_stats.csv,
PL_PULSELIVE_HISTORICAL,player_season,2016-17,savesMadeCaught,pl_stats/Arsenal_3/players_stats/2016-17_players_stats.csv,
PL_PULSELIVE_HISTORICAL,player_season,2016-17,savesMadeFromInsideBox,pl_stats/Arsenal_3/players_stats/2016-17_players_stats.csv,
PL_PULSELIVE_HISTORICAL,player_season,2016-17,savesMadeFromOutsideBox,pl_stats/Arsenal_3/players_stats/2016-17_players_stats.csv,
PL_PULSELIVE_HISTORICAL,player_season,2016-17,savesMadeParried,pl_stats/Arsenal_3/players_stats/2016-17_players_stats.csv,
PL_PULSELIVE_HISTORICAL,player_season,2016-17,season,pl_stats/Arsenal_3/players_stats/2016-17_players_stats.csv,
PL_PULSELIVE_HISTORICAL,player_season,2016-17,secondGoalAssists,pl_stats/Arsenal_3/players_stats/2016-17_players_stats.csv,
PL_PULSELIVE_HISTORICAL,player_season,2016-17,setPiecesGoals,pl_stats/Arsenal_3/players_stats/2016-17_players_stats.csv,
PL_PULSELIVE_HISTORICAL,player_season,2016-17,shotsBlockedInBox,pl_stats/Arsenal_3/players_stats/2016-17_players_stats.csv,
PL_PULSELIVE_HISTORICAL,player_season,2016-17,shotsBlockedOutsideBox,pl_stats/Arsenal_3/players_stats/2016-17_players_stats.csv,
PL_PULSELIVE_HISTORICAL,player_season,2016-17,shotsOffTargetIncWoodwork,pl_stats/Arsenal_3/players_stats/2016-17_players_stats.csv,
PL_PULSELIVE_HISTORICAL,player_season,2016-17,shotsOnTargetInBox,pl_stats/Arsenal_3/players_stats/2016-17_players_stats.csv,
PL_PULSELIVE_HISTORICAL,player_season,2016-17,shotsOnTargetIncGoals,pl_stats/Arsenal_3/players_stats/2016-17_players_stats.csv,
PL_PULSELIVE_HISTORICAL,player_season,2016-17,shotsOnTargetOutsideBox,pl_stats/Arsenal_3/players_stats/2016-17_players_stats.csv,
PL_PULSELIVE_HISTORICAL,player_season,2016-17,starts,pl_stats/Arsenal_3/players_stats/2016-17_players_stats.csv,
PL_PULSELIVE_HISTORICAL,player_season,2016-17,straightRedCards,pl_stats/Arsenal_3/players_stats/2016-17_players_stats.csv,
PL_PULSELIVE_HISTORICAL,player_season,2016-17,substituteOff,pl_stats/Arsenal_3/players_stats/2016-17_players_stats.csv,
PL_PULSELIVE_HISTORICAL,player_season,2016-17,substituteOn,pl_stats/Arsenal_3/players_stats/2016-17_players_stats.csv,
PL_PULSELIVE_HISTORICAL,player_season,2016-17,successfulCornersIntoBox,pl_stats/Arsenal_3/players_stats/2016-17_players_stats.csv,
PL_PULSELIVE_HISTORICAL,player_season,2016-17,successfulCrossesAndCorners,pl_stats/Arsenal_3/players_stats/2016-17_players_stats.csv,
PL_PULSELIVE_HISTORICAL,player_season,2016-17,successfulCrossesOpenPlay,pl_stats/Arsenal_3/players_stats/2016-17_players_stats.csv,
PL_PULSELIVE_HISTORICAL,player_season,2016-17,successfulDribbles,pl_stats/Arsenal_3/players_stats/2016-17_players_stats.csv,
PL_PULSELIVE_HISTORICAL,player_season,2016-17,successfulLaunches,pl_stats/Arsenal_3/players_stats/2016-17_players_stats.csv,
PL_PULSELIVE_HISTORICAL,player_season,2016-17,successfulLayoffs,pl_stats/Arsenal_3/players_stats/2016-17_players_stats.csv,
PL_PULSELIVE_HISTORICAL,player_season,2016-17,successfulLongPasses,pl_stats/Arsenal_3/players_stats/2016-17_players_stats.csv,
PL_PULSELIVE_HISTORICAL,player_season,2016-17,successfulPassesOppositionHalf,pl_stats/Arsenal_3/players_stats/2016-17_players_stats.csv,
PL_PULSELIVE_HISTORICAL,player_season,2016-17,successfulPassesOwnHalf,pl_stats/Arsenal_3/players_stats/2016-17_players_stats.csv,
PL_PULSELIVE_HISTORICAL,player_season,2016-17,successfulShortPasses,pl_stats/Arsenal_3/players_stats/2016-17_players_stats.csv,
PL_PULSELIVE_HISTORICAL,player_season,2016-17,tacklesLost,pl_stats/Arsenal_3/players_stats/2016-17_players_stats.csv,
PL_PULSELIVE_HISTORICAL,player_season,2016-17,tacklesWon,pl_stats/Arsenal_3/players_stats/2016-17_players_stats.csv,
PL_PULSELIVE_HISTORICAL,player_season,2016-17,team_id,pl_stats/Arsenal_3/players_stats/2016-17_players_stats.csv,
PL_PULSELIVE_HISTORICAL,player_season,2016-17,team_name,pl_stats/Arsenal_3/players_stats/2016-17_players_stats.csv,
PL_PULSELIVE_HISTORICAL,player_season,2016-17,throughBalls,pl_stats/Arsenal_3/players_stats/2016-17_players_stats.csv,
PL_PULSELIVE_HISTORICAL,player_season,2016-17,throwInsToOppositionPlayer,pl_stats/Arsenal_3/players_stats/2016-17_players_stats.csv,
PL_PULSELIVE_HISTORICAL,player_season,2016-17,throwInsToOwnPlayer,pl_stats/Arsenal_3/players_stats/2016-17_players_stats.csv,
PL_PULSELIVE_HISTORICAL,player_season,2016-17,timePlayed,pl_stats/Arsenal_3/players_stats/2016-17_players_stats.csv,
PL_PULSELIVE_HISTORICAL,player_season,2016-17,timesTackled,pl_stats/Arsenal_3/players_stats/2016-17_players_stats.csv,
PL_PULSELIVE_HISTORICAL,player_season,2016-17,totalClearances,pl_stats/Arsenal_3/players_stats/2016-17_players_stats.csv,
PL_PULSELIVE_HISTORICAL,player_season,2016-17,totalFoulsConceded,pl_stats/Arsenal_3/players_stats/2016-17_players_stats.csv,
PL_PULSELIVE_HISTORICAL,player_season,2016-17,totalFoulsWon,pl_stats/Arsenal_3/players_stats/2016-17_players_stats.csv,
PL_PULSELIVE_HISTORICAL,player_season,2016-17,totalLossesOfPossession,pl_stats/Arsenal_3/players_stats/2016-17_players_stats.csv,
PL_PULSELIVE_HISTORICAL,player_season,2016-17,totalPasses,pl_stats/Arsenal_3/players_stats/2016-17_players_stats.csv,
PL_PULSELIVE_HISTORICAL,player_season,2016-17,totalRedCards,pl_stats/Arsenal_3/players_stats/2016-17_players_stats.csv,
PL_PULSELIVE_HISTORICAL,player_season,2016-17,totalShots,pl_stats/Arsenal_3/players_stats/2016-17_players_stats.csv,
PL_PULSELIVE_HISTORICAL,player_season,2016-17,totalTackles,pl_stats/Arsenal_3/players_stats/2016-17_players_stats.csv,
PL_PULSELIVE_HISTORICAL,player_season,2016-17,totalTouchesInOppositionBox,pl_stats/Arsenal_3/players_stats/2016-17_players_stats.csv,
PL_PULSELIVE_HISTORICAL,player_season,2016-17,totalUnsuccessfulPassesExclCrossesAndCorners,pl_stats/Arsenal_3/players_stats/2016-17_players_stats.csv,
PL_PULSELIVE_HISTORICAL,player_season,2016-17,touches,pl_stats/Arsenal_3/players_stats/2016-17_players_stats.csv,
PL_PULSELIVE_HISTORICAL,player_season,2016-17,unsuccessfulCornersIntoBox,pl_stats/Arsenal_3/players_stats/2016-17_players_stats.csv,
PL_PULSELIVE_HISTORICAL,player_season,2016-17,unsuccessfulCrossesAndCorners,pl_stats/Arsenal_3/players_stats/2016-17_players_stats.csv,
PL_PULSELIVE_HISTORICAL,player_season,2016-17,unsuccessfulCrossesOpenPlay,pl_stats/Arsenal_3/players_stats/2016-17_players_stats.csv,
PL_PULSELIVE_HISTORICAL,player_season,2016-17,unsuccessfulDribbles,pl_stats/Arsenal_3/players_stats/2016-17_players_stats.csv,
PL_PULSELIVE_HISTORICAL,player_season,2016-17,unsuccessfulLaunches,pl_stats/Arsenal_3/players_stats/2016-17_players_stats.csv,
PL_PULSELIVE_HISTORICAL,player_season,2016-17,unsuccessfulLayoffs,pl_stats/Arsenal_3/players_stats/2016-17_players_stats.csv,
PL_PULSELIVE_HISTORICAL,player_season,2016-17,unsuccessfulLongPasses,pl_stats/Arsenal_3/players_stats/2016-17_players_stats.csv,
PL_PULSELIVE_HISTORICAL,player_season,2016-17,unsuccessfulPassesOwnHalf,pl_stats/Arsenal_3/players_stats/2016-17_players_stats.csv,
PL_PULSELIVE_HISTORICAL,player_season,2016-17,unsuccessfulShortPasses,pl_stats/Arsenal_3/players_stats/2016-17_players_stats.csv,
PL_PULSELIVE_HISTORICAL,player_season,2016-17,winningGoal,pl_stats/Arsenal_3/players_stats/2016-17_players_stats.csv,
PL_PULSELIVE_HISTORICAL,player_season,2016-17,yellowCards,pl_stats/Arsenal_3/players_stats/2016-17_players_stats.csv,
PL_PULSELIVE_HISTORICAL,player_season,2017-18,aerialDuels,pl_stats/Arsenal_3/players_stats/2017-18_players_stats.csv,
PL_PULSELIVE_HISTORICAL,player_season,2017-18,aerialDuelsLost,pl_stats/Arsenal_3/players_stats/2017-18_players_stats.csv,
PL_PULSELIVE_HISTORICAL,player_season,2017-18,aerialDuelsWon,pl_stats/Arsenal_3/players_stats/2017-18_players_stats.csv,
PL_PULSELIVE_HISTORICAL,player_season,2017-18,appearances,pl_stats/Arsenal_3/players_stats/2017-18_players_stats.csv,
PL_PULSELIVE_HISTORICAL,player_season,2017-18,attemptsFromSetPieces,pl_stats/Arsenal_3/players_stats/2017-18_players_stats.csv,
PL_PULSELIVE_HISTORICAL,player_season,2017-18,backwardPasses,pl_stats/Arsenal_3/players_stats/2017-18_players_stats.csv,
PL_PULSELIVE_HISTORICAL,player_season,2017-18,blockedShots,pl_stats/Arsenal_3/players_stats/2017-18_players_stats.csv,
PL_PULSELIVE_HISTORICAL,player_season,2017-18,blocks,pl_stats/Arsenal_3/players_stats/2017-18_players_stats.csv,
PL_PULSELIVE_HISTORICAL,player_season,2017-18,catches,pl_stats/Arsenal_3/players_stats/2017-18_players_stats.csv,
PL_PULSELIVE_HISTORICAL,player_season,2017-18,cleanSheets,pl_stats/Arsenal_3/players_stats/2017-18_players_stats.csv,
PL_PULSELIVE_HISTORICAL,player_season,2017-18,clearancesOffTheLine,pl_stats/Arsenal_3/players_stats/2017-18_players_stats.csv,
PL_PULSELIVE_HISTORICAL,player_season,2017-18,cornersTakenInclShortCorners,pl_stats/Arsenal_3/players_stats/2017-18_players_stats.csv,
PL_PULSELIVE_HISTORICAL,player_season,2017-18,cornersWon,pl_stats/Arsenal_3/players_stats/2017-18_players_stats.csv,
PL_PULSELIVE_HISTORICAL,player_season,2017-18,crossesNotClaimed,pl_stats/Arsenal_3/players_stats/2017-18_players_stats.csv,
PL_PULSELIVE_HISTORICAL,player_season,2017-18,drops,pl_stats/Arsenal_3/players_stats/2017-18_players_stats.csv,
PL_PULSELIVE_HISTORICAL,player_season,2017-18,duels,pl_stats/Arsenal_3/players_stats/2017-18_players_stats.csv,
PL_PULSELIVE_HISTORICAL,player_season,2017-18,duelsLost,pl_stats/Arsenal_3/players_stats/2017-18_players_stats.csv,
PL_PULSELIVE_HISTORICAL,player_season,2017-18,duelsWon,pl_stats/Arsenal_3/players_stats/2017-18_players_stats.csv,
PL_PULSELIVE_HISTORICAL,player_season,2017-18,expectedAssists,pl_stats/Arsenal_3/players_stats/2017-18_players_stats.csv,
PL_PULSELIVE_HISTORICAL,player_season,2017-18,expectedGoals,pl_stats/Arsenal_3/players_stats/2017-18_players_stats.csv,
PL_PULSELIVE_HISTORICAL,player_season,2017-18,expectedGoalsFreekick,pl_stats/Arsenal_3/players_stats/2017-18_players_stats.csv,
PL_PULSELIVE_HISTORICAL,player_season,2017-18,expectedGoalsOnTarget,pl_stats/Arsenal_3/players_stats/2017-18_players_stats.csv,
PL_PULSELIVE_HISTORICAL,player_season,2017-18,expectedGoalsOnTargetConceded,pl_stats/Arsenal_3/players_stats/2017-18_players_stats.csv,
PL_PULSELIVE_HISTORICAL,player_season,2017-18,forwardPasses,pl_stats/Arsenal_3/players_stats/2017-18_players_stats.csv,
PL_PULSELIVE_HISTORICAL,player_season,2017-18,foulAttemptedTackle,pl_stats/Arsenal_3/players_stats/2017-18_players_stats.csv,
PL_PULSELIVE_HISTORICAL,player_season,2017-18,foulWonPenalty,pl_stats/Arsenal_3/players_stats/2017-18_players_stats.csv,
PL_PULSELIVE_HISTORICAL,player_season,2017-18,freekickTotal,pl_stats/Arsenal_3/players_stats/2017-18_players_stats.csv,
PL_PULSELIVE_HISTORICAL,player_season,2017-18,gamesPlayed,pl_stats/Arsenal_3/players_stats/2017-18_players_stats.csv,
PL_PULSELIVE_HISTORICAL,player_season,2017-18,gkSuccessfulDistribution,pl_stats/Arsenal_3/players_stats/2017-18_players_stats.csv,
PL_PULSELIVE_HISTORICAL,player_season,2017-18,gkUnsuccessfulDistribution,pl_stats/Arsenal_3/players_stats/2017-18_players_stats.csv,
PL_PULSELIVE_HISTORICAL,player_season,2017-18,goalAssists,pl_stats/Arsenal_3/players_stats/2017-18_players_stats.csv,
PL_PULSELIVE_HISTORICAL,player_season,2017-18,goalkeeperSmother,pl_stats/Arsenal_3/players_stats/2017-18_players_stats.csv,
PL_PULSELIVE_HISTORICAL,player_season,2017-18,goals,pl_stats/Arsenal_3/players_stats/2017-18_players_stats.csv,
PL_PULSELIVE_HISTORICAL,player_season,2017-18,goalsConceded,pl_stats/Arsenal_3/players_stats/2017-18_players_stats.csv,
PL_PULSELIVE_HISTORICAL,player_season,2017-18,goalsConcededInsideBox,pl_stats/Arsenal_3/players_stats/2017-18_players_stats.csv,
PL_PULSELIVE_HISTORICAL,player_season,2017-18,goalsConcededOutsideBox,pl_stats/Arsenal_3/players_stats/2017-18_players_stats.csv,
PL_PULSELIVE_HISTORICAL,player_season,2017-18,groundDuels,pl_stats/Arsenal_3/players_stats/2017-18_players_stats.csv,
PL_PULSELIVE_HISTORICAL,player_season,2017-18,groundDuelsLost,pl_stats/Arsenal_3/players_stats/2017-18_players_stats.csv,
PL_PULSELIVE_HISTORICAL,player_season,2017-18,groundDuelsWon,pl_stats/Arsenal_3/players_stats/2017-18_players_stats.csv,
PL_PULSELIVE_HISTORICAL,player_season,2017-18,handballsConceded,pl_stats/Arsenal_3/players_stats/2017-18_players_stats.csv,
PL_PULSELIVE_HISTORICAL,player_season,2017-18,headedGoals,pl_stats/Arsenal_3/players_stats/2017-18_players_stats.csv,
PL_PULSELIVE_HISTORICAL,player_season,2017-18,hitWoodwork,pl_stats/Arsenal_3/players_stats/2017-18_players_stats.csv,
PL_PULSELIVE_HISTORICAL,player_season,2017-18,iboxBlocked,pl_stats/Arsenal_3/players_stats/2017-18_players_stats.csv,
PL_PULSELIVE_HISTORICAL,player_season,2017-18,iboxTarget,pl_stats/Arsenal_3/players_stats/2017-18_players_stats.csv,
PL_PULSELIVE_HISTORICAL,player_season,2017-18,interceptions,pl_stats/Arsenal_3/players_stats/2017-18_players_stats.csv,
PL_PULSELIVE_HISTORICAL,player_season,2017-18,keyPassesAttemptAssists,pl_stats/Arsenal_3/players_stats/2017-18_players_stats.csv,
PL_PULSELIVE_HISTORICAL,player_season,2017-18,leftFootGoals,pl_stats/Arsenal_3/players_stats/2017-18_players_stats.csv,
PL_PULSELIVE_HISTORICAL,player_season,2017-18,leftsidePasses,pl_stats/Arsenal_3/players_stats/2017-18_players_stats.csv,
PL_PULSELIVE_HISTORICAL,player_season,2017-18,nationality,pl_stats/Arsenal_3/players_stats/2017-18_players_stats.csv,
PL_PULSELIVE_HISTORICAL,player_season,2017-18,oboxBlocked,pl_stats/Arsenal_3/players_stats/2017-18_players_stats.csv,
PL_PULSELIVE_HISTORICAL,player_season,2017-18,oboxTarget,pl_stats/Arsenal_3/players_stats/2017-18_players_stats.csv,
PL_PULSELIVE_HISTORICAL,player_season,2017-18,offsides,pl_stats/Arsenal_3/players_stats/2017-18_players_stats.csv,
PL_PULSELIVE_HISTORICAL,player_season,2017-18,openPlayPasses,pl_stats/Arsenal_3/players_stats/2017-18_players_stats.csv,
PL_PULSELIVE_HISTORICAL,player_season,2017-18,penaltiesConceded,pl_stats/Arsenal_3/players_stats/2017-18_players_stats.csv,
PL_PULSELIVE_HISTORICAL,player_season,2017-18,penaltiesFaced,pl_stats/Arsenal_3/players_stats/2017-18_players_stats.csv,
PL_PULSELIVE_HISTORICAL,player_season,2017-18,penaltiesSaved,pl_stats/Arsenal_3/players_stats/2017-18_players_stats.csv,
PL_PULSELIVE_HISTORICAL,player_season,2017-18,penaltiesTaken,pl_stats/Arsenal_3/players_stats/2017-18_players_stats.csv,
PL_PULSELIVE_HISTORICAL,player_season,2017-18,penaltyGoals,pl_stats/Arsenal_3/players_stats/2017-18_players_stats.csv,
PL_PULSELIVE_HISTORICAL,player_season,2017-18,playerId,pl_stats/Arsenal_3/players_stats/2017-18_players_stats.csv,
PL_PULSELIVE_HISTORICAL,player_season,2017-18,playerName,pl_stats/Arsenal_3/players_stats/2017-18_players_stats.csv,
PL_PULSELIVE_HISTORICAL,player_season,2017-18,position,pl_stats/Arsenal_3/players_stats/2017-18_players_stats.csv,
PL_PULSELIVE_HISTORICAL,player_season,2017-18,punches,pl_stats/Arsenal_3/players_stats/2017-18_players_stats.csv,
PL_PULSELIVE_HISTORICAL,player_season,2017-18,putthroughBlockedDistribution,pl_stats/Arsenal_3/players_stats/2017-18_players_stats.csv,
PL_PULSELIVE_HISTORICAL,player_season,2017-18,putthroughBlockedDistributionWon,pl_stats/Arsenal_3/players_stats/2017-18_players_stats.csv,
PL_PULSELIVE_HISTORICAL,player_season,2017-18,recoveries,pl_stats/Arsenal_3/players_stats/2017-18_players_stats.csv,
PL_PULSELIVE_HISTORICAL,player_season,2017-18,rightFootGoals,pl_stats/Arsenal_3/players_stats/2017-18_players_stats.csv,
PL_PULSELIVE_HISTORICAL,player_season,2017-18,rightsidePasses,pl_stats/Arsenal_3/players_stats/2017-18_players_stats.csv,
PL_PULSELIVE_HISTORICAL,player_season,2017-18,savesFromPenalty,pl_stats/Arsenal_3/players_stats/2017-18_players_stats.csv,
PL_PULSELIVE_HISTORICAL,player_season,2017-18,savesMade,pl_stats/Arsenal_3/players_stats/2017-18_players_stats.csv,
PL_PULSELIVE_HISTORICAL,player_season,2017-18,savesMadeCaught,pl_stats/Arsenal_3/players_stats/2017-18_players_stats.csv,
PL_PULSELIVE_HISTORICAL,player_season,2017-18,savesMadeFromInsideBox,pl_stats/Arsenal_3/players_stats/2017-18_players_stats.csv,
PL_PULSELIVE_HISTORICAL,player_season,2017-18,savesMadeFromOutsideBox,pl_stats/Arsenal_3/players_stats/2017-18_players_stats.csv,
PL_PULSELIVE_HISTORICAL,player_season,2017-18,savesMadeParried,pl_stats/Arsenal_3/players_stats/2017-18_players_stats.csv,
PL_PULSELIVE_HISTORICAL,player_season,2017-18,season,pl_stats/Arsenal_3/players_stats/2017-18_players_stats.csv,
PL_PULSELIVE_HISTORICAL,player_season,2017-18,shotsBlockedInBox,pl_stats/Arsenal_3/players_stats/2017-18_players_stats.csv,
PL_PULSELIVE_HISTORICAL,player_season,2017-18,shotsBlockedOutsideBox,pl_stats/Arsenal_3/players_stats/2017-18_players_stats.csv,
PL_PULSELIVE_HISTORICAL,player_season,2017-18,shotsOffTargetIncWoodwork,pl_stats/Arsenal_3/players_stats/2017-18_players_stats.csv,
PL_PULSELIVE_HISTORICAL,player_season,2017-18,shotsOnTargetInBox,pl_stats/Arsenal_3/players_stats/2017-18_players_stats.csv,
PL_PULSELIVE_HISTORICAL,player_season,2017-18,shotsOnTargetIncGoals,pl_stats/Arsenal_3/players_stats/2017-18_players_stats.csv,
PL_PULSELIVE_HISTORICAL,player_season,2017-18,shotsOnTargetOutsideBox,pl_stats/Arsenal_3/players_stats/2017-18_players_stats.csv,
PL_PULSELIVE_HISTORICAL,player_season,2017-18,starts,pl_stats/Arsenal_3/players_stats/2017-18_players_stats.csv,
PL_PULSELIVE_HISTORICAL,player_season,2017-18,straightRedCards,pl_stats/Arsenal_3/players_stats/2017-18_players_stats.csv,
PL_PULSELIVE_HISTORICAL,player_season,2017-18,substituteOff,pl_stats/Arsenal_3/players_stats/2017-18_players_stats.csv,
PL_PULSELIVE_HISTORICAL,player_season,2017-18,substituteOn,pl_stats/Arsenal_3/players_stats/2017-18_players_stats.csv,
PL_PULSELIVE_HISTORICAL,player_season,2017-18,successfulCornersIntoBox,pl_stats/Arsenal_3/players_stats/2017-18_players_stats.csv,
PL_PULSELIVE_HISTORICAL,player_season,2017-18,successfulCrossesAndCorners,pl_stats/Arsenal_3/players_stats/2017-18_players_stats.csv,
PL_PULSELIVE_HISTORICAL,player_season,2017-18,successfulCrossesOpenPlay,pl_stats/Arsenal_3/players_stats/2017-18_players_stats.csv,
PL_PULSELIVE_HISTORICAL,player_season,2017-18,successfulDribbles,pl_stats/Arsenal_3/players_stats/2017-18_players_stats.csv,
PL_PULSELIVE_HISTORICAL,player_season,2017-18,successfulLaunches,pl_stats/Arsenal_3/players_stats/2017-18_players_stats.csv,
PL_PULSELIVE_HISTORICAL,player_season,2017-18,successfulLayoffs,pl_stats/Arsenal_3/players_stats/2017-18_players_stats.csv,
PL_PULSELIVE_HISTORICAL,player_season,2017-18,successfulLongPasses,pl_stats/Arsenal_3/players_stats/2017-18_players_stats.csv,
PL_PULSELIVE_HISTORICAL,player_season,2017-18,successfulPassesOppositionHalf,pl_stats/Arsenal_3/players_stats/2017-18_players_stats.csv,
PL_PULSELIVE_HISTORICAL,player_season,2017-18,successfulPassesOwnHalf,pl_stats/Arsenal_3/players_stats/2017-18_players_stats.csv,
PL_PULSELIVE_HISTORICAL,player_season,2017-18,successfulShortPasses,pl_stats/Arsenal_3/players_stats/2017-18_players_stats.csv,
PL_PULSELIVE_HISTORICAL,player_season,2017-18,tacklesLost,pl_stats/Arsenal_3/players_stats/2017-18_players_stats.csv,
PL_PULSELIVE_HISTORICAL,player_season,2017-18,tacklesWon,pl_stats/Arsenal_3/players_stats/2017-18_players_stats.csv,
PL_PULSELIVE_HISTORICAL,player_season,2017-18,team_id,pl_stats/Arsenal_3/players_stats/2017-18_players_stats.csv,
PL_PULSELIVE_HISTORICAL,player_season,2017-18,team_name,pl_stats/Arsenal_3/players_stats/2017-18_players_stats.csv,
PL_PULSELIVE_HISTORICAL,player_season,2017-18,throughBalls,pl_stats/Arsenal_3/players_stats/2017-18_players_stats.csv,
PL_PULSELIVE_HISTORICAL,player_season,2017-18,throwInsToOppositionPlayer,pl_stats/Arsenal_3/players_stats/2017-18_players_stats.csv,
PL_PULSELIVE_HISTORICAL,player_season,2017-18,throwInsToOwnPlayer,pl_stats/Arsenal_3/players_stats/2017-18_players_stats.csv,
PL_PULSELIVE_HISTORICAL,player_season,2017-18,timePlayed,pl_stats/Arsenal_3/players_stats/2017-18_players_stats.csv,
PL_PULSELIVE_HISTORICAL,player_season,2017-18,totalClearances,pl_stats/Arsenal_3/players_stats/2017-18_players_stats.csv,
PL_PULSELIVE_HISTORICAL,player_season,2017-18,totalFoulsConceded,pl_stats/Arsenal_3/players_stats/2017-18_players_stats.csv,
PL_PULSELIVE_HISTORICAL,player_season,2017-18,totalFoulsWon,pl_stats/Arsenal_3/players_stats/2017-18_players_stats.csv,
PL_PULSELIVE_HISTORICAL,player_season,2017-18,totalLossesOfPossession,pl_stats/Arsenal_3/players_stats/2017-18_players_stats.csv,
PL_PULSELIVE_HISTORICAL,player_season,2017-18,totalPasses,pl_stats/Arsenal_3/players_stats/2017-18_players_stats.csv,
PL_PULSELIVE_HISTORICAL,player_season,2017-18,totalRedCards,pl_stats/Arsenal_3/players_stats/2017-18_players_stats.csv,
PL_PULSELIVE_HISTORICAL,player_season,2017-18,totalShots,pl_stats/Arsenal_3/players_stats/2017-18_players_stats.csv,
PL_PULSELIVE_HISTORICAL,player_season,2017-18,totalTackles,pl_stats/Arsenal_3/players_stats/2017-18_players_stats.csv,
PL_PULSELIVE_HISTORICAL,player_season,2017-18,totalTouchesInOppositionBox,pl_stats/Arsenal_3/players_stats/2017-18_players_stats.csv,
PL_PULSELIVE_HISTORICAL,player_season,2017-18,totalUnsuccessfulPassesExclCrossesAndCorners,pl_stats/Arsenal_3/players_stats/2017-18_players_stats.csv,
PL_PULSELIVE_HISTORICAL,player_season,2017-18,touches,pl_stats/Arsenal_3/players_stats/2017-18_players_stats.csv,
PL_PULSELIVE_HISTORICAL,player_season,2017-18,unsuccessfulCornersIntoBox,pl_stats/Arsenal_3/players_stats/2017-18_players_stats.csv,
PL_PULSELIVE_HISTORICAL,player_season,2017-18,unsuccessfulCrossesAndCorners,pl_stats/Arsenal_3/players_stats/2017-18_players_stats.csv,
PL_PULSELIVE_HISTORICAL,player_season,2017-18,unsuccessfulCrossesOpenPlay,pl_stats/Arsenal_3/players_stats/2017-18_players_stats.csv,
PL_PULSELIVE_HISTORICAL,player_season,2017-18,unsuccessfulDribbles,pl_stats/Arsenal_3/players_stats/2017-18_players_stats.csv,
PL_PULSELIVE_HISTORICAL,player_season,2017-18,unsuccessfulLaunches,pl_stats/Arsenal_3/players_stats/2017-18_players_stats.csv,
PL_PULSELIVE_HISTORICAL,player_season,2017-18,unsuccessfulLayoffs,pl_stats/Arsenal_3/players_stats/2017-18_players_stats.csv,
PL_PULSELIVE_HISTORICAL,player_season,2017-18,unsuccessfulLongPasses,pl_stats/Arsenal_3/players_stats/2017-18_players_stats.csv,
PL_PULSELIVE_HISTORICAL,player_season,2017-18,unsuccessfulPassesOwnHalf,pl_stats/Arsenal_3/players_stats/2017-18_players_stats.csv,
PL_PULSELIVE_HISTORICAL,player_season,2017-18,unsuccessfulShortPasses,pl_stats/Arsenal_3/players_stats/2017-18_players_stats.csv,
PL_PULSELIVE_HISTORICAL,player_season,2017-18,yellowCards,pl_stats/Arsenal_3/players_stats/2017-18_players_stats.csv,
PL_PULSELIVE_HISTORICAL,player_season,2018-19,aerialDuels,pl_stats/Arsenal_3/players_stats/2018-19_players_stats.csv,
PL_PULSELIVE_HISTORICAL,player_season,2018-19,aerialDuelsLost,pl_stats/Arsenal_3/players_stats/2018-19_players_stats.csv,
PL_PULSELIVE_HISTORICAL,player_season,2018-19,aerialDuelsWon,pl_stats/Arsenal_3/players_stats/2018-19_players_stats.csv,
PL_PULSELIVE_HISTORICAL,player_season,2018-19,appearances,pl_stats/Arsenal_3/players_stats/2018-19_players_stats.csv,
PL_PULSELIVE_HISTORICAL,player_season,2018-19,attemptsFromSetPieces,pl_stats/Arsenal_3/players_stats/2018-19_players_stats.csv,
PL_PULSELIVE_HISTORICAL,player_season,2018-19,awayGoals,pl_stats/Arsenal_3/players_stats/2018-19_players_stats.csv,
PL_PULSELIVE_HISTORICAL,player_season,2018-19,backwardPasses,pl_stats/Arsenal_3/players_stats/2018-19_players_stats.csv,
PL_PULSELIVE_HISTORICAL,player_season,2018-19,blockedShots,pl_stats/Arsenal_3/players_stats/2018-19_players_stats.csv,
PL_PULSELIVE_HISTORICAL,player_season,2018-19,blocks,pl_stats/Arsenal_3/players_stats/2018-19_players_stats.csv,
PL_PULSELIVE_HISTORICAL,player_season,2018-19,catches,pl_stats/Arsenal_3/players_stats/2018-19_players_stats.csv,
PL_PULSELIVE_HISTORICAL,player_season,2018-19,cleanSheets,pl_stats/Arsenal_3/players_stats/2018-19_players_stats.csv,
PL_PULSELIVE_HISTORICAL,player_season,2018-19,clearancesOffTheLine,pl_stats/Arsenal_3/players_stats/2018-19_players_stats.csv,
PL_PULSELIVE_HISTORICAL,player_season,2018-19,cornersTakenInclShortCorners,pl_stats/Arsenal_3/players_stats/2018-19_players_stats.csv,
PL_PULSELIVE_HISTORICAL,player_season,2018-19,cornersWon,pl_stats/Arsenal_3/players_stats/2018-19_players_stats.csv,
PL_PULSELIVE_HISTORICAL,player_season,2018-19,crossesNotClaimed,pl_stats/Arsenal_3/players_stats/2018-19_players_stats.csv,
PL_PULSELIVE_HISTORICAL,player_season,2018-19,drops,pl_stats/Arsenal_3/players_stats/2018-19_players_stats.csv,
PL_PULSELIVE_HISTORICAL,player_season,2018-19,duels,pl_stats/Arsenal_3/players_stats/2018-19_players_stats.csv,
PL_PULSELIVE_HISTORICAL,player_season,2018-19,duelsLost,pl_stats/Arsenal_3/players_stats/2018-19_players_stats.csv,
PL_PULSELIVE_HISTORICAL,player_season,2018-19,duelsWon,pl_stats/Arsenal_3/players_stats/2018-19_players_stats.csv,
PL_PULSELIVE_HISTORICAL,player_season,2018-19,expectedAssists,pl_stats/Arsenal_3/players_stats/2018-19_players_stats.csv,
PL_PULSELIVE_HISTORICAL,player_season,2018-19,expectedGoals,pl_stats/Arsenal_3/players_stats/2018-19_players_stats.csv,
PL_PULSELIVE_HISTORICAL,player_season,2018-19,expectedGoalsFreekick,pl_stats/Arsenal_3/players_stats/2018-19_players_stats.csv,
PL_PULSELIVE_HISTORICAL,player_season,2018-19,expectedGoalsOnTarget,pl_stats/Arsenal_3/players_stats/2018-19_players_stats.csv,
PL_PULSELIVE_HISTORICAL,player_season,2018-19,expectedGoalsOnTargetConceded,pl_stats/Arsenal_3/players_stats/2018-19_players_stats.csv,
PL_PULSELIVE_HISTORICAL,player_season,2018-19,forwardPasses,pl_stats/Arsenal_3/players_stats/2018-19_players_stats.csv,
PL_PULSELIVE_HISTORICAL,player_season,2018-19,foulAttemptedTackle,pl_stats/Arsenal_3/players_stats/2018-19_players_stats.csv,
PL_PULSELIVE_HISTORICAL,player_season,2018-19,foulWonPenalty,pl_stats/Arsenal_3/players_stats/2018-19_players_stats.csv,
PL_PULSELIVE_HISTORICAL,player_season,2018-19,freekickTotal,pl_stats/Arsenal_3/players_stats/2018-19_players_stats.csv,
PL_PULSELIVE_HISTORICAL,player_season,2018-19,gamesPlayed,pl_stats/Arsenal_3/players_stats/2018-19_players_stats.csv,
PL_PULSELIVE_HISTORICAL,player_season,2018-19,gkSuccessfulDistribution,pl_stats/Arsenal_3/players_stats/2018-19_players_stats.csv,
PL_PULSELIVE_HISTORICAL,player_season,2018-19,gkUnsuccessfulDistribution,pl_stats/Arsenal_3/players_stats/2018-19_players_stats.csv,
PL_PULSELIVE_HISTORICAL,player_season,2018-19,goalAssists,pl_stats/Arsenal_3/players_stats/2018-19_players_stats.csv,
PL_PULSELIVE_HISTORICAL,player_season,2018-19,goalKicks,pl_stats/Arsenal_3/players_stats/2018-19_players_stats.csv,
PL_PULSELIVE_HISTORICAL,player_season,2018-19,goalkeeperSmother,pl_stats/Arsenal_3/players_stats/2018-19_players_stats.csv,
PL_PULSELIVE_HISTORICAL,player_season,2018-19,goals,pl_stats/Arsenal_3/players_stats/2018-19_players_stats.csv,
PL_PULSELIVE_HISTORICAL,player_season,2018-19,goalsConceded,pl_stats/Arsenal_3/players_stats/2018-19_players_stats.csv,
PL_PULSELIVE_HISTORICAL,player_season,2018-19,goalsConcededInsideBox,pl_stats/Arsenal_3/players_stats/2018-19_players_stats.csv,
PL_PULSELIVE_HISTORICAL,player_season,2018-19,goalsConcededOutsideBox,pl_stats/Arsenal_3/players_stats/2018-19_players_stats.csv,
PL_PULSELIVE_HISTORICAL,player_season,2018-19,groundDuels,pl_stats/Arsenal_3/players_stats/2018-19_players_stats.csv,
PL_PULSELIVE_HISTORICAL,player_season,2018-19,groundDuelsLost,pl_stats/Arsenal_3/players_stats/2018-19_players_stats.csv,
PL_PULSELIVE_HISTORICAL,player_season,2018-19,groundDuelsWon,pl_stats/Arsenal_3/players_stats/2018-19_players_stats.csv,
PL_PULSELIVE_HISTORICAL,player_season,2018-19,handballsConceded,pl_stats/Arsenal_3/players_stats/2018-19_players_stats.csv,
PL_PULSELIVE_HISTORICAL,player_season,2018-19,headedGoals,pl_stats/Arsenal_3/players_stats/2018-19_players_stats.csv,
PL_PULSELIVE_HISTORICAL,player_season,2018-19,hitWoodwork,pl_stats/Arsenal_3/players_stats/2018-19_players_stats.csv,
PL_PULSELIVE_HISTORICAL,player_season,2018-19,homeGoals,pl_stats/Arsenal_3/players_stats/2018-19_players_stats.csv,
PL_PULSELIVE_HISTORICAL,player_season,2018-19,iboxBlocked,pl_stats/Arsenal_3/players_stats/2018-19_players_stats.csv,
PL_PULSELIVE_HISTORICAL,player_season,2018-19,iboxTarget,pl_stats/Arsenal_3/players_stats/2018-19_players_stats.csv,
PL_PULSELIVE_HISTORICAL,player_season,2018-19,interceptions,pl_stats/Arsenal_3/players_stats/2018-19_players_stats.csv,
PL_PULSELIVE_HISTORICAL,player_season,2018-19,keyPassesAttemptAssists,pl_stats/Arsenal_3/players_stats/2018-19_players_stats.csv,
PL_PULSELIVE_HISTORICAL,player_season,2018-19,lastPlayerTackle,pl_stats/Arsenal_3/players_stats/2018-19_players_stats.csv,
PL_PULSELIVE_HISTORICAL,player_season,2018-19,leftFootGoals,pl_stats/Arsenal_3/players_stats/2018-19_players_stats.csv,
PL_PULSELIVE_HISTORICAL,player_season,2018-19,leftsidePasses,pl_stats/Arsenal_3/players_stats/2018-19_players_stats.csv,
PL_PULSELIVE_HISTORICAL,player_season,2018-19,nationality,pl_stats/Arsenal_3/players_stats/2018-19_players_stats.csv,
PL_PULSELIVE_HISTORICAL,player_season,2018-19,oboxBlocked,pl_stats/Arsenal_3/players_stats/2018-19_players_stats.csv,
PL_PULSELIVE_HISTORICAL,player_season,2018-19,oboxTarget,pl_stats/Arsenal_3/players_stats/2018-19_players_stats.csv,
PL_PULSELIVE_HISTORICAL,player_season,2018-19,offsides,pl_stats/Arsenal_3/players_stats/2018-19_players_stats.csv,
PL_PULSELIVE_HISTORICAL,player_season,2018-19,openPlayPasses,pl_stats/Arsenal_3/players_stats/2018-19_players_stats.csv,
PL_PULSELIVE_HISTORICAL,player_season,2018-19,otherGoals,pl_stats/Arsenal_3/players_stats/2018-19_players_stats.csv,
PL_PULSELIVE_HISTORICAL,player_season,2018-19,overruns,pl_stats/Arsenal_3/players_stats/2018-19_players_stats.csv,
PL_PULSELIVE_HISTORICAL,player_season,2018-19,ownGoalScored,pl_stats/Arsenal_3/players_stats/2018-19_players_stats.csv,
PL_PULSELIVE_HISTORICAL,player_season,2018-19,penaltiesConceded,pl_stats/Arsenal_3/players_stats/2018-19_players_stats.csv,
PL_PULSELIVE_HISTORICAL,player_season,2018-19,penaltiesFaced,pl_stats/Arsenal_3/players_stats/2018-19_players_stats.csv,
PL_PULSELIVE_HISTORICAL,player_season,2018-19,penaltiesTaken,pl_stats/Arsenal_3/players_stats/2018-19_players_stats.csv,
PL_PULSELIVE_HISTORICAL,player_season,2018-19,penaltyGoals,pl_stats/Arsenal_3/players_stats/2018-19_players_stats.csv,
PL_PULSELIVE_HISTORICAL,player_season,2018-19,penaltyGoalsConceded,pl_stats/Arsenal_3/players_stats/2018-19_players_stats.csv,
PL_PULSELIVE_HISTORICAL,player_season,2018-19,playerId,pl_stats/Arsenal_3/players_stats/2018-19_players_stats.csv,
PL_PULSELIVE_HISTORICAL,player_season,2018-19,playerName,pl_stats/Arsenal_3/players_stats/2018-19_players_stats.csv,
PL_PULSELIVE_HISTORICAL,player_season,2018-19,position,pl_stats/Arsenal_3/players_stats/2018-19_players_stats.csv,
PL_PULSELIVE_HISTORICAL,player_season,2018-19,punches,pl_stats/Arsenal_3/players_stats/2018-19_players_stats.csv,
PL_PULSELIVE_HISTORICAL,player_season,2018-19,putthroughBlockedDistribution,pl_stats/Arsenal_3/players_stats/2018-19_players_stats.csv,
PL_PULSELIVE_HISTORICAL,player_season,2018-19,putthroughBlockedDistributionWon,pl_stats/Arsenal_3/players_stats/2018-19_players_stats.csv,
PL_PULSELIVE_HISTORICAL,player_season,2018-19,recoveries,pl_stats/Arsenal_3/players_stats/2018-19_players_stats.csv,
PL_PULSELIVE_HISTORICAL,player_season,2018-19,redCards2ndYellow,pl_stats/Arsenal_3/players_stats/2018-19_players_stats.csv,
PL_PULSELIVE_HISTORICAL,player_season,2018-19,rightFootGoals,pl_stats/Arsenal_3/players_stats/2018-19_players_stats.csv,
PL_PULSELIVE_HISTORICAL,player_season,2018-19,rightsidePasses,pl_stats/Arsenal_3/players_stats/2018-19_players_stats.csv,
PL_PULSELIVE_HISTORICAL,player_season,2018-19,savesMade,pl_stats/Arsenal_3/players_stats/2018-19_players_stats.csv,
PL_PULSELIVE_HISTORICAL,player_season,2018-19,savesMadeCaught,pl_stats/Arsenal_3/players_stats/2018-19_players_stats.csv,
PL_PULSELIVE_HISTORICAL,player_season,2018-19,savesMadeFromInsideBox,pl_stats/Arsenal_3/players_stats/2018-19_players_stats.csv,
PL_PULSELIVE_HISTORICAL,player_season,2018-19,savesMadeFromOutsideBox,pl_stats/Arsenal_3/players_stats/2018-19_players_stats.csv,
PL_PULSELIVE_HISTORICAL,player_season,2018-19,savesMadeParried,pl_stats/Arsenal_3/players_stats/2018-19_players_stats.csv,
PL_PULSELIVE_HISTORICAL,player_season,2018-19,season,pl_stats/Arsenal_3/players_stats/2018-19_players_stats.csv,
PL_PULSELIVE_HISTORICAL,player_season,2018-19,secondGoalAssists,pl_stats/Arsenal_3/players_stats/2018-19_players_stats.csv,
PL_PULSELIVE_HISTORICAL,player_season,2018-19,setPiecesGoals,pl_stats/Arsenal_3/players_stats/2018-19_players_stats.csv,
PL_PULSELIVE_HISTORICAL,player_season,2018-19,shotsBlockedInBox,pl_stats/Arsenal_3/players_stats/2018-19_players_stats.csv,
PL_PULSELIVE_HISTORICAL,player_season,2018-19,shotsBlockedOutsideBox,pl_stats/Arsenal_3/players_stats/2018-19_players_stats.csv,
PL_PULSELIVE_HISTORICAL,player_season,2018-19,shotsOffTargetIncWoodwork,pl_stats/Arsenal_3/players_stats/2018-19_players_stats.csv,
PL_PULSELIVE_HISTORICAL,player_season,2018-19,shotsOnTargetInBox,pl_stats/Arsenal_3/players_stats/2018-19_players_stats.csv,
PL_PULSELIVE_HISTORICAL,player_season,2018-19,shotsOnTargetIncGoals,pl_stats/Arsenal_3/players_stats/2018-19_players_stats.csv,
PL_PULSELIVE_HISTORICAL,player_season,2018-19,shotsOnTargetOutsideBox,pl_stats/Arsenal_3/players_stats/2018-19_players_stats.csv,
PL_PULSELIVE_HISTORICAL,player_season,2018-19,starts,pl_stats/Arsenal_3/players_stats/2018-19_players_stats.csv,
PL_PULSELIVE_HISTORICAL,player_season,2018-19,straightRedCards,pl_stats/Arsenal_3/players_stats/2018-19_players_stats.csv,
PL_PULSELIVE_HISTORICAL,player_season,2018-19,substituteOff,pl_stats/Arsenal_3/players_stats/2018-19_players_stats.csv,
PL_PULSELIVE_HISTORICAL,player_season,2018-19,substituteOn,pl_stats/Arsenal_3/players_stats/2018-19_players_stats.csv,
PL_PULSELIVE_HISTORICAL,player_season,2018-19,successfulCornersIntoBox,pl_stats/Arsenal_3/players_stats/2018-19_players_stats.csv,
PL_PULSELIVE_HISTORICAL,player_season,2018-19,successfulCrossesAndCorners,pl_stats/Arsenal_3/players_stats/2018-19_players_stats.csv,
PL_PULSELIVE_HISTORICAL,player_season,2018-19,successfulCrossesOpenPlay,pl_stats/Arsenal_3/players_stats/2018-19_players_stats.csv,
PL_PULSELIVE_HISTORICAL,player_season,2018-19,successfulDribbles,pl_stats/Arsenal_3/players_stats/2018-19_players_stats.csv,
PL_PULSELIVE_HISTORICAL,player_season,2018-19,successfulLaunches,pl_stats/Arsenal_3/players_stats/2018-19_players_stats.csv,
PL_PULSELIVE_HISTORICAL,player_season,2018-19,successfulLayoffs,pl_stats/Arsenal_3/players_stats/2018-19_players_stats.csv,
PL_PULSELIVE_HISTORICAL,player_season,2018-19,successfulLongPasses,pl_stats/Arsenal_3/players_stats/2018-19_players_stats.csv,
PL_PULSELIVE_HISTORICAL,player_season,2018-19,successfulPassesOppositionHalf,pl_stats/Arsenal_3/players_stats/2018-19_players_stats.csv,
PL_PULSELIVE_HISTORICAL,player_season,2018-19,successfulPassesOwnHalf,pl_stats/Arsenal_3/players_stats/2018-19_players_stats.csv,
PL_PULSELIVE_HISTORICAL,player_season,2018-19,successfulShortPasses,pl_stats/Arsenal_3/players_stats/2018-19_players_stats.csv,
PL_PULSELIVE_HISTORICAL,player_season,2018-19,tacklesLost,pl_stats/Arsenal_3/players_stats/2018-19_players_stats.csv,
PL_PULSELIVE_HISTORICAL,player_season,2018-19,tacklesWon,pl_stats/Arsenal_3/players_stats/2018-19_players_stats.csv,
PL_PULSELIVE_HISTORICAL,player_season,2018-19,team_id,pl_stats/Arsenal_3/players_stats/2018-19_players_stats.csv,
PL_PULSELIVE_HISTORICAL,player_season,2018-19,team_name,pl_stats/Arsenal_3/players_stats/2018-19_players_stats.csv,
PL_PULSELIVE_HISTORICAL,player_season,2018-19,throughBalls,pl_stats/Arsenal_3/players_stats/2018-19_players_stats.csv,
PL_PULSELIVE_HISTORICAL,player_season,2018-19,throwInsToOppositionPlayer,pl_stats/Arsenal_3/players_stats/2018-19_players_stats.csv,
PL_PULSELIVE_HISTORICAL,player_season,2018-19,throwInsToOwnPlayer,pl_stats/Arsenal_3/players_stats/2018-19_players_stats.csv,
PL_PULSELIVE_HISTORICAL,player_season,2018-19,timePlayed,pl_stats/Arsenal_3/players_stats/2018-19_players_stats.csv,
PL_PULSELIVE_HISTORICAL,player_season,2018-19,timesTackled,pl_stats/Arsenal_3/players_stats/2018-19_players_stats.csv,
PL_PULSELIVE_HISTORICAL,player_season,2018-19,totalClearances,pl_stats/Arsenal_3/players_stats/2018-19_players_stats.csv,
PL_PULSELIVE_HISTORICAL,player_season,2018-19,totalFoulsConceded,pl_stats/Arsenal_3/players_stats/2018-19_players_stats.csv,
PL_PULSELIVE_HISTORICAL,player_season,2018-19,totalFoulsWon,pl_stats/Arsenal_3/players_stats/2018-19_players_stats.csv,
PL_PULSELIVE_HISTORICAL,player_season,2018-19,totalLossesOfPossession,pl_stats/Arsenal_3/players_stats/2018-19_players_stats.csv,
PL_PULSELIVE_HISTORICAL,player_season,2018-19,totalPasses,pl_stats/Arsenal_3/players_stats/2018-19_players_stats.csv,
PL_PULSELIVE_HISTORICAL,player_season,2018-19,totalRedCards,pl_stats/Arsenal_3/players_stats/2018-19_players_stats.csv,
PL_PULSELIVE_HISTORICAL,player_season,2018-19,totalShots,pl_stats/Arsenal_3/players_stats/2018-19_players_stats.csv,
PL_PULSELIVE_HISTORICAL,player_season,2018-19,totalTackles,pl_stats/Arsenal_3/players_stats/2018-19_players_stats.csv,
PL_PULSELIVE_HISTORICAL,player_season,2018-19,totalTouchesInOppositionBox,pl_stats/Arsenal_3/players_stats/2018-19_players_stats.csv,
PL_PULSELIVE_HISTORICAL,player_season,2018-19,totalUnsuccessfulPassesExclCrossesAndCorners,pl_stats/Arsenal_3/players_stats/2018-19_players_stats.csv,
PL_PULSELIVE_HISTORICAL,player_season,2018-19,touches,pl_stats/Arsenal_3/players_stats/2018-19_players_stats.csv,
PL_PULSELIVE_HISTORICAL,player_season,2018-19,unsuccessfulCornersIntoBox,pl_stats/Arsenal_3/players_stats/2018-19_players_stats.csv,
PL_PULSELIVE_HISTORICAL,player_season,2018-19,unsuccessfulCrossesAndCorners,pl_stats/Arsenal_3/players_stats/2018-19_players_stats.csv,
PL_PULSELIVE_HISTORICAL,player_season,2018-19,unsuccessfulCrossesOpenPlay,pl_stats/Arsenal_3/players_stats/2018-19_players_stats.csv,
PL_PULSELIVE_HISTORICAL,player_season,2018-19,unsuccessfulDribbles,pl_stats/Arsenal_3/players_stats/2018-19_players_stats.csv,
PL_PULSELIVE_HISTORICAL,player_season,2018-19,unsuccessfulLaunches,pl_stats/Arsenal_3/players_stats/2018-19_players_stats.csv,
PL_PULSELIVE_HISTORICAL,player_season,2018-19,unsuccessfulLayoffs,pl_stats/Arsenal_3/players_stats/2018-19_players_stats.csv,
PL_PULSELIVE_HISTORICAL,player_season,2018-19,unsuccessfulLongPasses,pl_stats/Arsenal_3/players_stats/2018-19_players_stats.csv,
PL_PULSELIVE_HISTORICAL,player_season,2018-19,unsuccessfulPassesOwnHalf,pl_stats/Arsenal_3/players_stats/2018-19_players_stats.csv,
PL_PULSELIVE_HISTORICAL,player_season,2018-19,unsuccessfulShortPasses,pl_stats/Arsenal_3/players_stats/2018-19_players_stats.csv,
PL_PULSELIVE_HISTORICAL,player_season,2018-19,winningGoal,pl_stats/Arsenal_3/players_stats/2018-19_players_stats.csv,
PL_PULSELIVE_HISTORICAL,player_season,2018-19,yellowCards,pl_stats/Arsenal_3/players_stats/2018-19_players_stats.csv,
PL_PULSELIVE_HISTORICAL,player_season,2019-20,aerialDuels,pl_stats/A_Villa_7/players_stats/2019-20_players_stats.csv,
PL_PULSELIVE_HISTORICAL,player_season,2019-20,aerialDuelsLost,pl_stats/A_Villa_7/players_stats/2019-20_players_stats.csv,
PL_PULSELIVE_HISTORICAL,player_season,2019-20,aerialDuelsWon,pl_stats/A_Villa_7/players_stats/2019-20_players_stats.csv,
PL_PULSELIVE_HISTORICAL,player_season,2019-20,appearances,pl_stats/A_Villa_7/players_stats/2019-20_players_stats.csv,
PL_PULSELIVE_HISTORICAL,player_season,2019-20,attemptsFromSetPieces,pl_stats/A_Villa_7/players_stats/2019-20_players_stats.csv,
PL_PULSELIVE_HISTORICAL,player_season,2019-20,awayGoals,pl_stats/A_Villa_7/players_stats/2019-20_players_stats.csv,
PL_PULSELIVE_HISTORICAL,player_season,2019-20,backwardPasses,pl_stats/A_Villa_7/players_stats/2019-20_players_stats.csv,
PL_PULSELIVE_HISTORICAL,player_season,2019-20,blockedShots,pl_stats/A_Villa_7/players_stats/2019-20_players_stats.csv,
PL_PULSELIVE_HISTORICAL,player_season,2019-20,blocks,pl_stats/A_Villa_7/players_stats/2019-20_players_stats.csv,
PL_PULSELIVE_HISTORICAL,player_season,2019-20,catches,pl_stats/A_Villa_7/players_stats/2019-20_players_stats.csv,
PL_PULSELIVE_HISTORICAL,player_season,2019-20,cleanSheets,pl_stats/A_Villa_7/players_stats/2019-20_players_stats.csv,
PL_PULSELIVE_HISTORICAL,player_season,2019-20,clearancesOffTheLine,pl_stats/A_Villa_7/players_stats/2019-20_players_stats.csv,
PL_PULSELIVE_HISTORICAL,player_season,2019-20,cornersTakenInclShortCorners,pl_stats/A_Villa_7/players_stats/2019-20_players_stats.csv,
PL_PULSELIVE_HISTORICAL,player_season,2019-20,cornersWon,pl_stats/A_Villa_7/players_stats/2019-20_players_stats.csv,
PL_PULSELIVE_HISTORICAL,player_season,2019-20,drops,pl_stats/A_Villa_7/players_stats/2019-20_players_stats.csv,
PL_PULSELIVE_HISTORICAL,player_season,2019-20,duels,pl_stats/A_Villa_7/players_stats/2019-20_players_stats.csv,
PL_PULSELIVE_HISTORICAL,player_season,2019-20,duelsLost,pl_stats/A_Villa_7/players_stats/2019-20_players_stats.csv,
PL_PULSELIVE_HISTORICAL,player_season,2019-20,duelsWon,pl_stats/A_Villa_7/players_stats/2019-20_players_stats.csv,
PL_PULSELIVE_HISTORICAL,player_season,2019-20,expectedAssists,pl_stats/A_Villa_7/players_stats/2019-20_players_stats.csv,
PL_PULSELIVE_HISTORICAL,player_season,2019-20,expectedGoals,pl_stats/A_Villa_7/players_stats/2019-20_players_stats.csv,
PL_PULSELIVE_HISTORICAL,player_season,2019-20,expectedGoalsFreekick,pl_stats/A_Villa_7/players_stats/2019-20_players_stats.csv,
PL_PULSELIVE_HISTORICAL,player_season,2019-20,expectedGoalsOnTarget,pl_stats/A_Villa_7/players_stats/2019-20_players_stats.csv,
PL_PULSELIVE_HISTORICAL,player_season,2019-20,expectedGoalsOnTargetConceded,pl_stats/A_Villa_7/players_stats/2019-20_players_stats.csv,
PL_PULSELIVE_HISTORICAL,player_season,2019-20,forwardPasses,pl_stats/A_Villa_7/players_stats/2019-20_players_stats.csv,
PL_PULSELIVE_HISTORICAL,player_season,2019-20,foulAttemptedTackle,pl_stats/A_Villa_7/players_stats/2019-20_players_stats.csv,
PL_PULSELIVE_HISTORICAL,player_season,2019-20,foulWonPenalty,pl_stats/A_Villa_7/players_stats/2019-20_players_stats.csv,
PL_PULSELIVE_HISTORICAL,player_season,2019-20,freekickTotal,pl_stats/A_Villa_7/players_stats/2019-20_players_stats.csv,
PL_PULSELIVE_HISTORICAL,player_season,2019-20,gamesPlayed,pl_stats/A_Villa_7/players_stats/2019-20_players_stats.csv,
PL_PULSELIVE_HISTORICAL,player_season,2019-20,gkSuccessfulDistribution,pl_stats/A_Villa_7/players_stats/2019-20_players_stats.csv,
PL_PULSELIVE_HISTORICAL,player_season,2019-20,gkUnsuccessfulDistribution,pl_stats/A_Villa_7/players_stats/2019-20_players_stats.csv,
PL_PULSELIVE_HISTORICAL,player_season,2019-20,goalAssists,pl_stats/A_Villa_7/players_stats/2019-20_players_stats.csv,
PL_PULSELIVE_HISTORICAL,player_season,2019-20,goalkeeperSmother,pl_stats/A_Villa_7/players_stats/2019-20_players_stats.csv,
PL_PULSELIVE_HISTORICAL,player_season,2019-20,goals,pl_stats/A_Villa_7/players_stats/2019-20_players_stats.csv,
PL_PULSELIVE_HISTORICAL,player_season,2019-20,goalsConceded,pl_stats/A_Villa_7/players_stats/2019-20_players_stats.csv,
PL_PULSELIVE_HISTORICAL,player_season,2019-20,goalsConcededInsideBox,pl_stats/A_Villa_7/players_stats/2019-20_players_stats.csv,
PL_PULSELIVE_HISTORICAL,player_season,2019-20,goalsConcededOutsideBox,pl_stats/A_Villa_7/players_stats/2019-20_players_stats.csv,
PL_PULSELIVE_HISTORICAL,player_season,2019-20,groundDuels,pl_stats/A_Villa_7/players_stats/2019-20_players_stats.csv,
PL_PULSELIVE_HISTORICAL,player_season,2019-20,groundDuelsLost,pl_stats/A_Villa_7/players_stats/2019-20_players_stats.csv,
PL_PULSELIVE_HISTORICAL,player_season,2019-20,groundDuelsWon,pl_stats/A_Villa_7/players_stats/2019-20_players_stats.csv,
PL_PULSELIVE_HISTORICAL,player_season,2019-20,handballsConceded,pl_stats/A_Villa_7/players_stats/2019-20_players_stats.csv,
PL_PULSELIVE_HISTORICAL,player_season,2019-20,headedGoals,pl_stats/A_Villa_7/players_stats/2019-20_players_stats.csv,
PL_PULSELIVE_HISTORICAL,player_season,2019-20,hitWoodwork,pl_stats/A_Villa_7/players_stats/2019-20_players_stats.csv,
PL_PULSELIVE_HISTORICAL,player_season,2019-20,homeGoals,pl_stats/A_Villa_7/players_stats/2019-20_players_stats.csv,
PL_PULSELIVE_HISTORICAL,player_season,2019-20,iboxBlocked,pl_stats/A_Villa_7/players_stats/2019-20_players_stats.csv,
PL_PULSELIVE_HISTORICAL,player_season,2019-20,iboxTarget,pl_stats/A_Villa_7/players_stats/2019-20_players_stats.csv,
PL_PULSELIVE_HISTORICAL,player_season,2019-20,interceptions,pl_stats/A_Villa_7/players_stats/2019-20_players_stats.csv,
PL_PULSELIVE_HISTORICAL,player_season,2019-20,keyPassesAttemptAssists,pl_stats/A_Villa_7/players_stats/2019-20_players_stats.csv,
PL_PULSELIVE_HISTORICAL,player_season,2019-20,leftFootGoals,pl_stats/A_Villa_7/players_stats/2019-20_players_stats.csv,
PL_PULSELIVE_HISTORICAL,player_season,2019-20,leftsidePasses,pl_stats/A_Villa_7/players_stats/2019-20_players_stats.csv,
PL_PULSELIVE_HISTORICAL,player_season,2019-20,nationality,pl_stats/A_Villa_7/players_stats/2019-20_players_stats.csv,
PL_PULSELIVE_HISTORICAL,player_season,2019-20,oboxBlocked,pl_stats/A_Villa_7/players_stats/2019-20_players_stats.csv,
PL_PULSELIVE_HISTORICAL,player_season,2019-20,oboxTarget,pl_stats/A_Villa_7/players_stats/2019-20_players_stats.csv,
PL_PULSELIVE_HISTORICAL,player_season,2019-20,offsides,pl_stats/A_Villa_7/players_stats/2019-20_players_stats.csv,
PL_PULSELIVE_HISTORICAL,player_season,2019-20,openPlayPasses,pl_stats/A_Villa_7/players_stats/2019-20_players_stats.csv,
PL_PULSELIVE_HISTORICAL,player_season,2019-20,ownGoalScored,pl_stats/A_Villa_7/players_stats/2019-20_players_stats.csv,
PL_PULSELIVE_HISTORICAL,player_season,2019-20,penaltiesConceded,pl_stats/A_Villa_7/players_stats/2019-20_players_stats.csv,
PL_PULSELIVE_HISTORICAL,player_season,2019-20,penaltiesFaced,pl_stats/A_Villa_7/players_stats/2019-20_players_stats.csv,
PL_PULSELIVE_HISTORICAL,player_season,2019-20,penaltiesSaved,pl_stats/A_Villa_7/players_stats/2019-20_players_stats.csv,
PL_PULSELIVE_HISTORICAL,player_season,2019-20,penaltiesTaken,pl_stats/A_Villa_7/players_stats/2019-20_players_stats.csv,
PL_PULSELIVE_HISTORICAL,player_season,2019-20,penaltyGoals,pl_stats/A_Villa_7/players_stats/2019-20_players_stats.csv,
PL_PULSELIVE_HISTORICAL,player_season,2019-20,penaltyGoalsConceded,pl_stats/A_Villa_7/players_stats/2019-20_players_stats.csv,
PL_PULSELIVE_HISTORICAL,player_season,2019-20,playerId,pl_stats/A_Villa_7/players_stats/2019-20_players_stats.csv,
PL_PULSELIVE_HISTORICAL,player_season,2019-20,playerName,pl_stats/A_Villa_7/players_stats/2019-20_players_stats.csv,
PL_PULSELIVE_HISTORICAL,player_season,2019-20,position,pl_stats/A_Villa_7/players_stats/2019-20_players_stats.csv,
PL_PULSELIVE_HISTORICAL,player_season,2019-20,punches,pl_stats/A_Villa_7/players_stats/2019-20_players_stats.csv,
PL_PULSELIVE_HISTORICAL,player_season,2019-20,putthroughBlockedDistribution,pl_stats/A_Villa_7/players_stats/2019-20_players_stats.csv,
PL_PULSELIVE_HISTORICAL,player_season,2019-20,putthroughBlockedDistributionWon,pl_stats/A_Villa_7/players_stats/2019-20_players_stats.csv,
PL_PULSELIVE_HISTORICAL,player_season,2019-20,recoveries,pl_stats/A_Villa_7/players_stats/2019-20_players_stats.csv,
PL_PULSELIVE_HISTORICAL,player_season,2019-20,redCards2ndYellow,pl_stats/A_Villa_7/players_stats/2019-20_players_stats.csv,
PL_PULSELIVE_HISTORICAL,player_season,2019-20,rightFootGoals,pl_stats/A_Villa_7/players_stats/2019-20_players_stats.csv,
PL_PULSELIVE_HISTORICAL,player_season,2019-20,rightsidePasses,pl_stats/A_Villa_7/players_stats/2019-20_players_stats.csv,
PL_PULSELIVE_HISTORICAL,player_season,2019-20,savesFromPenalty,pl_stats/A_Villa_7/players_stats/2019-20_players_stats.csv,
PL_PULSELIVE_HISTORICAL,player_season,2019-20,savesMade,pl_stats/A_Villa_7/players_stats/2019-20_players_stats.csv,
PL_PULSELIVE_HISTORICAL,player_season,2019-20,savesMadeCaught,pl_stats/A_Villa_7/players_stats/2019-20_players_stats.csv,
PL_PULSELIVE_HISTORICAL,player_season,2019-20,savesMadeFromInsideBox,pl_stats/A_Villa_7/players_stats/2019-20_players_stats.csv,
PL_PULSELIVE_HISTORICAL,player_season,2019-20,savesMadeFromOutsideBox,pl_stats/A_Villa_7/players_stats/2019-20_players_stats.csv,
PL_PULSELIVE_HISTORICAL,player_season,2019-20,savesMadeParried,pl_stats/A_Villa_7/players_stats/2019-20_players_stats.csv,
PL_PULSELIVE_HISTORICAL,player_season,2019-20,season,pl_stats/A_Villa_7/players_stats/2019-20_players_stats.csv,
PL_PULSELIVE_HISTORICAL,player_season,2019-20,secondGoalAssists,pl_stats/A_Villa_7/players_stats/2019-20_players_stats.csv,
PL_PULSELIVE_HISTORICAL,player_season,2019-20,setPiecesGoals,pl_stats/A_Villa_7/players_stats/2019-20_players_stats.csv,
PL_PULSELIVE_HISTORICAL,player_season,2019-20,shotsBlockedInBox,pl_stats/A_Villa_7/players_stats/2019-20_players_stats.csv,
PL_PULSELIVE_HISTORICAL,player_season,2019-20,shotsBlockedOutsideBox,pl_stats/A_Villa_7/players_stats/2019-20_players_stats.csv,
PL_PULSELIVE_HISTORICAL,player_season,2019-20,shotsOffTargetIncWoodwork,pl_stats/A_Villa_7/players_stats/2019-20_players_stats.csv,
PL_PULSELIVE_HISTORICAL,player_season,2019-20,shotsOnTargetInBox,pl_stats/A_Villa_7/players_stats/2019-20_players_stats.csv,
PL_PULSELIVE_HISTORICAL,player_season,2019-20,shotsOnTargetIncGoals,pl_stats/A_Villa_7/players_stats/2019-20_players_stats.csv,
PL_PULSELIVE_HISTORICAL,player_season,2019-20,shotsOnTargetOutsideBox,pl_stats/A_Villa_7/players_stats/2019-20_players_stats.csv,
PL_PULSELIVE_HISTORICAL,player_season,2019-20,starts,pl_stats/A_Villa_7/players_stats/2019-20_players_stats.csv,
PL_PULSELIVE_HISTORICAL,player_season,2019-20,straightRedCards,pl_stats/A_Villa_7/players_stats/2019-20_players_stats.csv,
PL_PULSELIVE_HISTORICAL,player_season,2019-20,substituteOff,pl_stats/A_Villa_7/players_stats/2019-20_players_stats.csv,
PL_PULSELIVE_HISTORICAL,player_season,2019-20,substituteOn,pl_stats/A_Villa_7/players_stats/2019-20_players_stats.csv,
PL_PULSELIVE_HISTORICAL,player_season,2019-20,successfulCornersIntoBox,pl_stats/A_Villa_7/players_stats/2019-20_players_stats.csv,
PL_PULSELIVE_HISTORICAL,player_season,2019-20,successfulCrossesAndCorners,pl_stats/A_Villa_7/players_stats/2019-20_players_stats.csv,
PL_PULSELIVE_HISTORICAL,player_season,2019-20,successfulCrossesOpenPlay,pl_stats/A_Villa_7/players_stats/2019-20_players_stats.csv,
PL_PULSELIVE_HISTORICAL,player_season,2019-20,successfulDribbles,pl_stats/A_Villa_7/players_stats/2019-20_players_stats.csv,
PL_PULSELIVE_HISTORICAL,player_season,2019-20,successfulLaunches,pl_stats/A_Villa_7/players_stats/2019-20_players_stats.csv,
PL_PULSELIVE_HISTORICAL,player_season,2019-20,successfulLayoffs,pl_stats/A_Villa_7/players_stats/2019-20_players_stats.csv,
PL_PULSELIVE_HISTORICAL,player_season,2019-20,successfulLongPasses,pl_stats/A_Villa_7/players_stats/2019-20_players_stats.csv,
PL_PULSELIVE_HISTORICAL,player_season,2019-20,successfulPassesOppositionHalf,pl_stats/A_Villa_7/players_stats/2019-20_players_stats.csv,
PL_PULSELIVE_HISTORICAL,player_season,2019-20,successfulPassesOwnHalf,pl_stats/A_Villa_7/players_stats/2019-20_players_stats.csv,
PL_PULSELIVE_HISTORICAL,player_season,2019-20,successfulShortPasses,pl_stats/A_Villa_7/players_stats/2019-20_players_stats.csv,
PL_PULSELIVE_HISTORICAL,player_season,2019-20,tacklesLost,pl_stats/A_Villa_7/players_stats/2019-20_players_stats.csv,
PL_PULSELIVE_HISTORICAL,player_season,2019-20,tacklesWon,pl_stats/A_Villa_7/players_stats/2019-20_players_stats.csv,
PL_PULSELIVE_HISTORICAL,player_season,2019-20,team_id,pl_stats/A_Villa_7/players_stats/2019-20_players_stats.csv,
PL_PULSELIVE_HISTORICAL,player_season,2019-20,team_name,pl_stats/A_Villa_7/players_stats/2019-20_players_stats.csv,
PL_PULSELIVE_HISTORICAL,player_season,2019-20,throughBalls,pl_stats/A_Villa_7/players_stats/2019-20_players_stats.csv,
PL_PULSELIVE_HISTORICAL,player_season,2019-20,throwInsToOppositionPlayer,pl_stats/A_Villa_7/players_stats/2019-20_players_stats.csv,
PL_PULSELIVE_HISTORICAL,player_season,2019-20,throwInsToOwnPlayer,pl_stats/A_Villa_7/players_stats/2019-20_players_stats.csv,
PL_PULSELIVE_HISTORICAL,player_season,2019-20,timePlayed,pl_stats/A_Villa_7/players_stats/2019-20_players_stats.csv,
PL_PULSELIVE_HISTORICAL,player_season,2019-20,timesTackled,pl_stats/A_Villa_7/players_stats/2019-20_players_stats.csv,
PL_PULSELIVE_HISTORICAL,player_season,2019-20,totalClearances,pl_stats/A_Villa_7/players_stats/2019-20_players_stats.csv,
PL_PULSELIVE_HISTORICAL,player_season,2019-20,totalFoulsConceded,pl_stats/A_Villa_7/players_stats/2019-20_players_stats.csv,
PL_PULSELIVE_HISTORICAL,player_season,2019-20,totalFoulsWon,pl_stats/A_Villa_7/players_stats/2019-20_players_stats.csv,
PL_PULSELIVE_HISTORICAL,player_season,2019-20,totalLossesOfPossession,pl_stats/A_Villa_7/players_stats/2019-20_players_stats.csv,
PL_PULSELIVE_HISTORICAL,player_season,2019-20,totalPasses,pl_stats/A_Villa_7/players_stats/2019-20_players_stats.csv,
PL_PULSELIVE_HISTORICAL,player_season,2019-20,totalRedCards,pl_stats/A_Villa_7/players_stats/2019-20_players_stats.csv,
PL_PULSELIVE_HISTORICAL,player_season,2019-20,totalShots,pl_stats/A_Villa_7/players_stats/2019-20_players_stats.csv,
PL_PULSELIVE_HISTORICAL,player_season,2019-20,totalTackles,pl_stats/A_Villa_7/players_stats/2019-20_players_stats.csv,
PL_PULSELIVE_HISTORICAL,player_season,2019-20,totalTouchesInOppositionBox,pl_stats/A_Villa_7/players_stats/2019-20_players_stats.csv,
PL_PULSELIVE_HISTORICAL,player_season,2019-20,totalUnsuccessfulPassesExclCrossesAndCorners,pl_stats/A_Villa_7/players_stats/2019-20_players_stats.csv,
PL_PULSELIVE_HISTORICAL,player_season,2019-20,touches,pl_stats/A_Villa_7/players_stats/2019-20_players_stats.csv,
PL_PULSELIVE_HISTORICAL,player_season,2019-20,unsuccessfulCornersIntoBox,pl_stats/A_Villa_7/players_stats/2019-20_players_stats.csv,
PL_PULSELIVE_HISTORICAL,player_season,2019-20,unsuccessfulCrossesAndCorners,pl_stats/A_Villa_7/players_stats/2019-20_players_stats.csv,
PL_PULSELIVE_HISTORICAL,player_season,2019-20,unsuccessfulCrossesOpenPlay,pl_stats/A_Villa_7/players_stats/2019-20_players_stats.csv,
PL_PULSELIVE_HISTORICAL,player_season,2019-20,unsuccessfulDribbles,pl_stats/A_Villa_7/players_stats/2019-20_players_stats.csv,
PL_PULSELIVE_HISTORICAL,player_season,2019-20,unsuccessfulLaunches,pl_stats/A_Villa_7/players_stats/2019-20_players_stats.csv,
PL_PULSELIVE_HISTORICAL,player_season,2019-20,unsuccessfulLayoffs,pl_stats/A_Villa_7/players_stats/2019-20_players_stats.csv,
PL_PULSELIVE_HISTORICAL,player_season,2019-20,unsuccessfulLongPasses,pl_stats/A_Villa_7/players_stats/2019-20_players_stats.csv,
PL_PULSELIVE_HISTORICAL,player_season,2019-20,unsuccessfulPassesOwnHalf,pl_stats/A_Villa_7/players_stats/2019-20_players_stats.csv,
PL_PULSELIVE_HISTORICAL,player_season,2019-20,unsuccessfulShortPasses,pl_stats/A_Villa_7/players_stats/2019-20_players_stats.csv,
PL_PULSELIVE_HISTORICAL,player_season,2019-20,winningGoal,pl_stats/A_Villa_7/players_stats/2019-20_players_stats.csv,
PL_PULSELIVE_HISTORICAL,player_season,2019-20,yellowCards,pl_stats/A_Villa_7/players_stats/2019-20_players_stats.csv,
PL_PULSELIVE_HISTORICAL,player_season,2020-21,aerialDuels,pl_stats/A_Villa_7/players_stats/2020-21_players_stats.csv,
PL_PULSELIVE_HISTORICAL,player_season,2020-21,aerialDuelsLost,pl_stats/A_Villa_7/players_stats/2020-21_players_stats.csv,
PL_PULSELIVE_HISTORICAL,player_season,2020-21,aerialDuelsWon,pl_stats/A_Villa_7/players_stats/2020-21_players_stats.csv,
PL_PULSELIVE_HISTORICAL,player_season,2020-21,appearances,pl_stats/A_Villa_7/players_stats/2020-21_players_stats.csv,
PL_PULSELIVE_HISTORICAL,player_season,2020-21,attemptsFromSetPieces,pl_stats/A_Villa_7/players_stats/2020-21_players_stats.csv,
PL_PULSELIVE_HISTORICAL,player_season,2020-21,awayGoals,pl_stats/A_Villa_7/players_stats/2020-21_players_stats.csv,
PL_PULSELIVE_HISTORICAL,player_season,2020-21,backwardPasses,pl_stats/A_Villa_7/players_stats/2020-21_players_stats.csv,
PL_PULSELIVE_HISTORICAL,player_season,2020-21,blockedShots,pl_stats/A_Villa_7/players_stats/2020-21_players_stats.csv,
PL_PULSELIVE_HISTORICAL,player_season,2020-21,blocks,pl_stats/A_Villa_7/players_stats/2020-21_players_stats.csv,
PL_PULSELIVE_HISTORICAL,player_season,2020-21,catches,pl_stats/A_Villa_7/players_stats/2020-21_players_stats.csv,
PL_PULSELIVE_HISTORICAL,player_season,2020-21,cleanSheets,pl_stats/A_Villa_7/players_stats/2020-21_players_stats.csv,
PL_PULSELIVE_HISTORICAL,player_season,2020-21,clearancesOffTheLine,pl_stats/A_Villa_7/players_stats/2020-21_players_stats.csv,
PL_PULSELIVE_HISTORICAL,player_season,2020-21,cornersTakenInclShortCorners,pl_stats/A_Villa_7/players_stats/2020-21_players_stats.csv,
PL_PULSELIVE_HISTORICAL,player_season,2020-21,cornersWon,pl_stats/A_Villa_7/players_stats/2020-21_players_stats.csv,
PL_PULSELIVE_HISTORICAL,player_season,2020-21,crossesNotClaimed,pl_stats/A_Villa_7/players_stats/2020-21_players_stats.csv,
PL_PULSELIVE_HISTORICAL,player_season,2020-21,drops,pl_stats/A_Villa_7/players_stats/2020-21_players_stats.csv,
PL_PULSELIVE_HISTORICAL,player_season,2020-21,duels,pl_stats/A_Villa_7/players_stats/2020-21_players_stats.csv,
PL_PULSELIVE_HISTORICAL,player_season,2020-21,duelsLost,pl_stats/A_Villa_7/players_stats/2020-21_players_stats.csv,
PL_PULSELIVE_HISTORICAL,player_season,2020-21,duelsWon,pl_stats/A_Villa_7/players_stats/2020-21_players_stats.csv,
PL_PULSELIVE_HISTORICAL,player_season,2020-21,expectedAssists,pl_stats/A_Villa_7/players_stats/2020-21_players_stats.csv,
PL_PULSELIVE_HISTORICAL,player_season,2020-21,expectedGoals,pl_stats/A_Villa_7/players_stats/2020-21_players_stats.csv,
PL_PULSELIVE_HISTORICAL,player_season,2020-21,expectedGoalsFreekick,pl_stats/A_Villa_7/players_stats/2020-21_players_stats.csv,
PL_PULSELIVE_HISTORICAL,player_season,2020-21,expectedGoalsOnTarget,pl_stats/A_Villa_7/players_stats/2020-21_players_stats.csv,
PL_PULSELIVE_HISTORICAL,player_season,2020-21,expectedGoalsOnTargetConceded,pl_stats/A_Villa_7/players_stats/2020-21_players_stats.csv,
PL_PULSELIVE_HISTORICAL,player_season,2020-21,fiftyFifty,pl_stats/A_Villa_7/players_stats/2020-21_players_stats.csv,
PL_PULSELIVE_HISTORICAL,player_season,2020-21,forwardPasses,pl_stats/A_Villa_7/players_stats/2020-21_players_stats.csv,
PL_PULSELIVE_HISTORICAL,player_season,2020-21,foulAttemptedTackle,pl_stats/A_Villa_7/players_stats/2020-21_players_stats.csv,
PL_PULSELIVE_HISTORICAL,player_season,2020-21,foulWonPenalty,pl_stats/A_Villa_7/players_stats/2020-21_players_stats.csv,
PL_PULSELIVE_HISTORICAL,player_season,2020-21,freekickTotal,pl_stats/A_Villa_7/players_stats/2020-21_players_stats.csv,
PL_PULSELIVE_HISTORICAL,player_season,2020-21,gamesPlayed,pl_stats/A_Villa_7/players_stats/2020-21_players_stats.csv,
PL_PULSELIVE_HISTORICAL,player_season,2020-21,gkSuccessfulDistribution,pl_stats/A_Villa_7/players_stats/2020-21_players_stats.csv,
PL_PULSELIVE_HISTORICAL,player_season,2020-21,gkUnsuccessfulDistribution,pl_stats/A_Villa_7/players_stats/2020-21_players_stats.csv,
PL_PULSELIVE_HISTORICAL,player_season,2020-21,goalAssists,pl_stats/A_Villa_7/players_stats/2020-21_players_stats.csv,
PL_PULSELIVE_HISTORICAL,player_season,2020-21,goalKicks,pl_stats/A_Villa_7/players_stats/2020-21_players_stats.csv,
PL_PULSELIVE_HISTORICAL,player_season,2020-21,goalkeeperSmother,pl_stats/A_Villa_7/players_stats/2020-21_players_stats.csv,
PL_PULSELIVE_HISTORICAL,player_season,2020-21,goals,pl_stats/A_Villa_7/players_stats/2020-21_players_stats.csv,
PL_PULSELIVE_HISTORICAL,player_season,2020-21,goalsConceded,pl_stats/A_Villa_7/players_stats/2020-21_players_stats.csv,
PL_PULSELIVE_HISTORICAL,player_season,2020-21,goalsConcededInsideBox,pl_stats/A_Villa_7/players_stats/2020-21_players_stats.csv,
PL_PULSELIVE_HISTORICAL,player_season,2020-21,goalsConcededOutsideBox,pl_stats/A_Villa_7/players_stats/2020-21_players_stats.csv,
PL_PULSELIVE_HISTORICAL,player_season,2020-21,groundDuels,pl_stats/A_Villa_7/players_stats/2020-21_players_stats.csv,
PL_PULSELIVE_HISTORICAL,player_season,2020-21,groundDuelsLost,pl_stats/A_Villa_7/players_stats/2020-21_players_stats.csv,
PL_PULSELIVE_HISTORICAL,player_season,2020-21,groundDuelsWon,pl_stats/A_Villa_7/players_stats/2020-21_players_stats.csv,
PL_PULSELIVE_HISTORICAL,player_season,2020-21,handballsConceded,pl_stats/A_Villa_7/players_stats/2020-21_players_stats.csv,
PL_PULSELIVE_HISTORICAL,player_season,2020-21,headedGoals,pl_stats/A_Villa_7/players_stats/2020-21_players_stats.csv,
PL_PULSELIVE_HISTORICAL,player_season,2020-21,hitWoodwork,pl_stats/A_Villa_7/players_stats/2020-21_players_stats.csv,
PL_PULSELIVE_HISTORICAL,player_season,2020-21,homeGoals,pl_stats/A_Villa_7/players_stats/2020-21_players_stats.csv,
PL_PULSELIVE_HISTORICAL,player_season,2020-21,iboxBlocked,pl_stats/A_Villa_7/players_stats/2020-21_players_stats.csv,
PL_PULSELIVE_HISTORICAL,player_season,2020-21,iboxTarget,pl_stats/A_Villa_7/players_stats/2020-21_players_stats.csv,
PL_PULSELIVE_HISTORICAL,player_season,2020-21,interceptions,pl_stats/A_Villa_7/players_stats/2020-21_players_stats.csv,
PL_PULSELIVE_HISTORICAL,player_season,2020-21,keyPassesAttemptAssists,pl_stats/A_Villa_7/players_stats/2020-21_players_stats.csv,
PL_PULSELIVE_HISTORICAL,player_season,2020-21,lastPlayerTackle,pl_stats/A_Villa_7/players_stats/2020-21_players_stats.csv,
PL_PULSELIVE_HISTORICAL,player_season,2020-21,leftFootGoals,pl_stats/A_Villa_7/players_stats/2020-21_players_stats.csv,
PL_PULSELIVE_HISTORICAL,player_season,2020-21,leftsidePasses,pl_stats/A_Villa_7/players_stats/2020-21_players_stats.csv,
PL_PULSELIVE_HISTORICAL,player_season,2020-21,nationality,pl_stats/A_Villa_7/players_stats/2020-21_players_stats.csv,
PL_PULSELIVE_HISTORICAL,player_season,2020-21,oboxBlocked,pl_stats/A_Villa_7/players_stats/2020-21_players_stats.csv,
PL_PULSELIVE_HISTORICAL,player_season,2020-21,oboxTarget,pl_stats/A_Villa_7/players_stats/2020-21_players_stats.csv,
PL_PULSELIVE_HISTORICAL,player_season,2020-21,offsides,pl_stats/A_Villa_7/players_stats/2020-21_players_stats.csv,
PL_PULSELIVE_HISTORICAL,player_season,2020-21,openPlayPasses,pl_stats/A_Villa_7/players_stats/2020-21_players_stats.csv,
PL_PULSELIVE_HISTORICAL,player_season,2020-21,overruns,pl_stats/A_Villa_7/players_stats/2020-21_players_stats.csv,
PL_PULSELIVE_HISTORICAL,player_season,2020-21,ownGoalScored,pl_stats/A_Villa_7/players_stats/2020-21_players_stats.csv,
PL_PULSELIVE_HISTORICAL,player_season,2020-21,penaltiesConceded,pl_stats/A_Villa_7/players_stats/2020-21_players_stats.csv,
PL_PULSELIVE_HISTORICAL,player_season,2020-21,penaltiesFaced,pl_stats/A_Villa_7/players_stats/2020-21_players_stats.csv,
PL_PULSELIVE_HISTORICAL,player_season,2020-21,penaltiesSaved,pl_stats/A_Villa_7/players_stats/2020-21_players_stats.csv,
PL_PULSELIVE_HISTORICAL,player_season,2020-21,penaltiesTaken,pl_stats/A_Villa_7/players_stats/2020-21_players_stats.csv,
PL_PULSELIVE_HISTORICAL,player_season,2020-21,penaltyGoals,pl_stats/A_Villa_7/players_stats/2020-21_players_stats.csv,
PL_PULSELIVE_HISTORICAL,player_season,2020-21,penaltyGoalsConceded,pl_stats/A_Villa_7/players_stats/2020-21_players_stats.csv,
PL_PULSELIVE_HISTORICAL,player_season,2020-21,playerId,pl_stats/A_Villa_7/players_stats/2020-21_players_stats.csv,
PL_PULSELIVE_HISTORICAL,player_season,2020-21,playerName,pl_stats/A_Villa_7/players_stats/2020-21_players_stats.csv,
PL_PULSELIVE_HISTORICAL,player_season,2020-21,position,pl_stats/A_Villa_7/players_stats/2020-21_players_stats.csv,
PL_PULSELIVE_HISTORICAL,player_season,2020-21,punches,pl_stats/A_Villa_7/players_stats/2020-21_players_stats.csv,
PL_PULSELIVE_HISTORICAL,player_season,2020-21,putthroughBlockedDistribution,pl_stats/A_Villa_7/players_stats/2020-21_players_stats.csv,
PL_PULSELIVE_HISTORICAL,player_season,2020-21,putthroughBlockedDistributionWon,pl_stats/A_Villa_7/players_stats/2020-21_players_stats.csv,
PL_PULSELIVE_HISTORICAL,player_season,2020-21,recoveries,pl_stats/A_Villa_7/players_stats/2020-21_players_stats.csv,
PL_PULSELIVE_HISTORICAL,player_season,2020-21,redCards2ndYellow,pl_stats/A_Villa_7/players_stats/2020-21_players_stats.csv,
PL_PULSELIVE_HISTORICAL,player_season,2020-21,rightFootGoals,pl_stats/A_Villa_7/players_stats/2020-21_players_stats.csv,
PL_PULSELIVE_HISTORICAL,player_season,2020-21,rightsidePasses,pl_stats/A_Villa_7/players_stats/2020-21_players_stats.csv,
PL_PULSELIVE_HISTORICAL,player_season,2020-21,savesFromPenalty,pl_stats/A_Villa_7/players_stats/2020-21_players_stats.csv,
PL_PULSELIVE_HISTORICAL,player_season,2020-21,savesMade,pl_stats/A_Villa_7/players_stats/2020-21_players_stats.csv,
PL_PULSELIVE_HISTORICAL,player_season,2020-21,savesMadeCaught,pl_stats/A_Villa_7/players_stats/2020-21_players_stats.csv,
PL_PULSELIVE_HISTORICAL,player_season,2020-21,savesMadeFromInsideBox,pl_stats/A_Villa_7/players_stats/2020-21_players_stats.csv,
PL_PULSELIVE_HISTORICAL,player_season,2020-21,savesMadeFromOutsideBox,pl_stats/A_Villa_7/players_stats/2020-21_players_stats.csv,
PL_PULSELIVE_HISTORICAL,player_season,2020-21,savesMadeParried,pl_stats/A_Villa_7/players_stats/2020-21_players_stats.csv,
PL_PULSELIVE_HISTORICAL,player_season,2020-21,season,pl_stats/A_Villa_7/players_stats/2020-21_players_stats.csv,
PL_PULSELIVE_HISTORICAL,player_season,2020-21,secondGoalAssists,pl_stats/A_Villa_7/players_stats/2020-21_players_stats.csv,
PL_PULSELIVE_HISTORICAL,player_season,2020-21,shotsBlockedInBox,pl_stats/A_Villa_7/players_stats/2020-21_players_stats.csv,
PL_PULSELIVE_HISTORICAL,player_season,2020-21,shotsBlockedOutsideBox,pl_stats/A_Villa_7/players_stats/2020-21_players_stats.csv,
PL_PULSELIVE_HISTORICAL,player_season,2020-21,shotsOffTargetIncWoodwork,pl_stats/A_Villa_7/players_stats/2020-21_players_stats.csv,
PL_PULSELIVE_HISTORICAL,player_season,2020-21,shotsOnTargetInBox,pl_stats/A_Villa_7/players_stats/2020-21_players_stats.csv,
PL_PULSELIVE_HISTORICAL,player_season,2020-21,shotsOnTargetIncGoals,pl_stats/A_Villa_7/players_stats/2020-21_players_stats.csv,
PL_PULSELIVE_HISTORICAL,player_season,2020-21,shotsOnTargetOutsideBox,pl_stats/A_Villa_7/players_stats/2020-21_players_stats.csv,
PL_PULSELIVE_HISTORICAL,player_season,2020-21,starts,pl_stats/A_Villa_7/players_stats/2020-21_players_stats.csv,
PL_PULSELIVE_HISTORICAL,player_season,2020-21,straightRedCards,pl_stats/A_Villa_7/players_stats/2020-21_players_stats.csv,
PL_PULSELIVE_HISTORICAL,player_season,2020-21,substituteOff,pl_stats/A_Villa_7/players_stats/2020-21_players_stats.csv,
PL_PULSELIVE_HISTORICAL,player_season,2020-21,substituteOn,pl_stats/A_Villa_7/players_stats/2020-21_players_stats.csv,
PL_PULSELIVE_HISTORICAL,player_season,2020-21,successfulCornersIntoBox,pl_stats/A_Villa_7/players_stats/2020-21_players_stats.csv,
PL_PULSELIVE_HISTORICAL,player_season,2020-21,successfulCrossesAndCorners,pl_stats/A_Villa_7/players_stats/2020-21_players_stats.csv,
PL_PULSELIVE_HISTORICAL,player_season,2020-21,successfulCrossesOpenPlay,pl_stats/A_Villa_7/players_stats/2020-21_players_stats.csv,
PL_PULSELIVE_HISTORICAL,player_season,2020-21,successfulDribbles,pl_stats/A_Villa_7/players_stats/2020-21_players_stats.csv,
PL_PULSELIVE_HISTORICAL,player_season,2020-21,successfulFiftyFifty,pl_stats/A_Villa_7/players_stats/2020-21_players_stats.csv,
PL_PULSELIVE_HISTORICAL,player_season,2020-21,successfulLaunches,pl_stats/A_Villa_7/players_stats/2020-21_players_stats.csv,
PL_PULSELIVE_HISTORICAL,player_season,2020-21,successfulLayoffs,pl_stats/A_Villa_7/players_stats/2020-21_players_stats.csv,
PL_PULSELIVE_HISTORICAL,player_season,2020-21,successfulLongPasses,pl_stats/A_Villa_7/players_stats/2020-21_players_stats.csv,
PL_PULSELIVE_HISTORICAL,player_season,2020-21,successfulPassesOppositionHalf,pl_stats/A_Villa_7/players_stats/2020-21_players_stats.csv,
PL_PULSELIVE_HISTORICAL,player_season,2020-21,successfulPassesOwnHalf,pl_stats/A_Villa_7/players_stats/2020-21_players_stats.csv,
PL_PULSELIVE_HISTORICAL,player_season,2020-21,successfulShortPasses,pl_stats/A_Villa_7/players_stats/2020-21_players_stats.csv,
PL_PULSELIVE_HISTORICAL,player_season,2020-21,tacklesLost,pl_stats/A_Villa_7/players_stats/2020-21_players_stats.csv,
PL_PULSELIVE_HISTORICAL,player_season,2020-21,tacklesWon,pl_stats/A_Villa_7/players_stats/2020-21_players_stats.csv,
PL_PULSELIVE_HISTORICAL,player_season,2020-21,team_id,pl_stats/A_Villa_7/players_stats/2020-21_players_stats.csv,
PL_PULSELIVE_HISTORICAL,player_season,2020-21,team_name,pl_stats/A_Villa_7/players_stats/2020-21_players_stats.csv,
PL_PULSELIVE_HISTORICAL,player_season,2020-21,throughBalls,pl_stats/A_Villa_7/players_stats/2020-21_players_stats.csv,
PL_PULSELIVE_HISTORICAL,player_season,2020-21,throwInsToOppositionPlayer,pl_stats/A_Villa_7/players_stats/2020-21_players_stats.csv,
PL_PULSELIVE_HISTORICAL,player_season,2020-21,throwInsToOwnPlayer,pl_stats/A_Villa_7/players_stats/2020-21_players_stats.csv,
PL_PULSELIVE_HISTORICAL,player_season,2020-21,timePlayed,pl_stats/A_Villa_7/players_stats/2020-21_players_stats.csv,
PL_PULSELIVE_HISTORICAL,player_season,2020-21,timesTackled,pl_stats/A_Villa_7/players_stats/2020-21_players_stats.csv,
PL_PULSELIVE_HISTORICAL,player_season,2020-21,totalClearances,pl_stats/A_Villa_7/players_stats/2020-21_players_stats.csv,
PL_PULSELIVE_HISTORICAL,player_season,2020-21,totalFoulsConceded,pl_stats/A_Villa_7/players_stats/2020-21_players_stats.csv,
PL_PULSELIVE_HISTORICAL,player_season,2020-21,totalFoulsWon,pl_stats/A_Villa_7/players_stats/2020-21_players_stats.csv,
PL_PULSELIVE_HISTORICAL,player_season,2020-21,totalLossesOfPossession,pl_stats/A_Villa_7/players_stats/2020-21_players_stats.csv,
PL_PULSELIVE_HISTORICAL,player_season,2020-21,totalPasses,pl_stats/A_Villa_7/players_stats/2020-21_players_stats.csv,
PL_PULSELIVE_HISTORICAL,player_season,2020-21,totalRedCards,pl_stats/A_Villa_7/players_stats/2020-21_players_stats.csv,
PL_PULSELIVE_HISTORICAL,player_season,2020-21,totalShots,pl_stats/A_Villa_7/players_stats/2020-21_players_stats.csv,
PL_PULSELIVE_HISTORICAL,player_season,2020-21,totalTackles,pl_stats/A_Villa_7/players_stats/2020-21_players_stats.csv,
PL_PULSELIVE_HISTORICAL,player_season,2020-21,totalTouchesInOppositionBox,pl_stats/A_Villa_7/players_stats/2020-21_players_stats.csv,
PL_PULSELIVE_HISTORICAL,player_season,2020-21,totalUnsuccessfulPassesExclCrossesAndCorners,pl_stats/A_Villa_7/players_stats/2020-21_players_stats.csv,
PL_PULSELIVE_HISTORICAL,player_season,2020-21,touches,pl_stats/A_Villa_7/players_stats/2020-21_players_stats.csv,
PL_PULSELIVE_HISTORICAL,player_season,2020-21,unsuccessfulCornersIntoBox,pl_stats/A_Villa_7/players_stats/2020-21_players_stats.csv,
PL_PULSELIVE_HISTORICAL,player_season,2020-21,unsuccessfulCrossesAndCorners,pl_stats/A_Villa_7/players_stats/2020-21_players_stats.csv,
PL_PULSELIVE_HISTORICAL,player_season,2020-21,unsuccessfulCrossesOpenPlay,pl_stats/A_Villa_7/players_stats/2020-21_players_stats.csv,
PL_PULSELIVE_HISTORICAL,player_season,2020-21,unsuccessfulDribbles,pl_stats/A_Villa_7/players_stats/2020-21_players_stats.csv,
PL_PULSELIVE_HISTORICAL,player_season,2020-21,unsuccessfulLaunches,pl_stats/A_Villa_7/players_stats/2020-21_players_stats.csv,
PL_PULSELIVE_HISTORICAL,player_season,2020-21,unsuccessfulLayoffs,pl_stats/A_Villa_7/players_stats/2020-21_players_stats.csv,
PL_PULSELIVE_HISTORICAL,player_season,2020-21,unsuccessfulLongPasses,pl_stats/A_Villa_7/players_stats/2020-21_players_stats.csv,
PL_PULSELIVE_HISTORICAL,player_season,2020-21,unsuccessfulPassesOwnHalf,pl_stats/A_Villa_7/players_stats/2020-21_players_stats.csv,
PL_PULSELIVE_HISTORICAL,player_season,2020-21,unsuccessfulShortPasses,pl_stats/A_Villa_7/players_stats/2020-21_players_stats.csv,
PL_PULSELIVE_HISTORICAL,player_season,2020-21,winningGoal,pl_stats/A_Villa_7/players_stats/2020-21_players_stats.csv,
PL_PULSELIVE_HISTORICAL,player_season,2020-21,yellowCards,pl_stats/A_Villa_7/players_stats/2020-21_players_stats.csv,
PL_PULSELIVE_HISTORICAL,player_season,2021-22,aerialDuels,pl_stats/A_Villa_7/players_stats/2021-22_players_stats.csv,
PL_PULSELIVE_HISTORICAL,player_season,2021-22,aerialDuelsLost,pl_stats/A_Villa_7/players_stats/2021-22_players_stats.csv,
PL_PULSELIVE_HISTORICAL,player_season,2021-22,aerialDuelsWon,pl_stats/A_Villa_7/players_stats/2021-22_players_stats.csv,
PL_PULSELIVE_HISTORICAL,player_season,2021-22,appearances,pl_stats/A_Villa_7/players_stats/2021-22_players_stats.csv,
PL_PULSELIVE_HISTORICAL,player_season,2021-22,attemptsFromSetPieces,pl_stats/A_Villa_7/players_stats/2021-22_players_stats.csv,
PL_PULSELIVE_HISTORICAL,player_season,2021-22,awayGoals,pl_stats/A_Villa_7/players_stats/2021-22_players_stats.csv,
PL_PULSELIVE_HISTORICAL,player_season,2021-22,backwardPasses,pl_stats/A_Villa_7/players_stats/2021-22_players_stats.csv,
PL_PULSELIVE_HISTORICAL,player_season,2021-22,blockedShots,pl_stats/A_Villa_7/players_stats/2021-22_players_stats.csv,
PL_PULSELIVE_HISTORICAL,player_season,2021-22,blocks,pl_stats/A_Villa_7/players_stats/2021-22_players_stats.csv,
PL_PULSELIVE_HISTORICAL,player_season,2021-22,catches,pl_stats/A_Villa_7/players_stats/2021-22_players_stats.csv,
PL_PULSELIVE_HISTORICAL,player_season,2021-22,cleanSheets,pl_stats/A_Villa_7/players_stats/2021-22_players_stats.csv,
PL_PULSELIVE_HISTORICAL,player_season,2021-22,clearancesOffTheLine,pl_stats/A_Villa_7/players_stats/2021-22_players_stats.csv,
PL_PULSELIVE_HISTORICAL,player_season,2021-22,cornersTakenInclShortCorners,pl_stats/A_Villa_7/players_stats/2021-22_players_stats.csv,
PL_PULSELIVE_HISTORICAL,player_season,2021-22,cornersWon,pl_stats/A_Villa_7/players_stats/2021-22_players_stats.csv,
PL_PULSELIVE_HISTORICAL,player_season,2021-22,crossesNotClaimed,pl_stats/A_Villa_7/players_stats/2021-22_players_stats.csv,
PL_PULSELIVE_HISTORICAL,player_season,2021-22,drops,pl_stats/A_Villa_7/players_stats/2021-22_players_stats.csv,
PL_PULSELIVE_HISTORICAL,player_season,2021-22,duels,pl_stats/A_Villa_7/players_stats/2021-22_players_stats.csv,
PL_PULSELIVE_HISTORICAL,player_season,2021-22,duelsLost,pl_stats/A_Villa_7/players_stats/2021-22_players_stats.csv,
PL_PULSELIVE_HISTORICAL,player_season,2021-22,duelsWon,pl_stats/A_Villa_7/players_stats/2021-22_players_stats.csv,
PL_PULSELIVE_HISTORICAL,player_season,2021-22,expectedAssists,pl_stats/A_Villa_7/players_stats/2021-22_players_stats.csv,
PL_PULSELIVE_HISTORICAL,player_season,2021-22,expectedGoals,pl_stats/A_Villa_7/players_stats/2021-22_players_stats.csv,
PL_PULSELIVE_HISTORICAL,player_season,2021-22,expectedGoalsFreekick,pl_stats/A_Villa_7/players_stats/2021-22_players_stats.csv,
PL_PULSELIVE_HISTORICAL,player_season,2021-22,expectedGoalsOnTarget,pl_stats/A_Villa_7/players_stats/2021-22_players_stats.csv,
PL_PULSELIVE_HISTORICAL,player_season,2021-22,expectedGoalsOnTargetConceded,pl_stats/A_Villa_7/players_stats/2021-22_players_stats.csv,
PL_PULSELIVE_HISTORICAL,player_season,2021-22,fiftyFifty,pl_stats/A_Villa_7/players_stats/2021-22_players_stats.csv,
PL_PULSELIVE_HISTORICAL,player_season,2021-22,forwardPasses,pl_stats/A_Villa_7/players_stats/2021-22_players_stats.csv,
PL_PULSELIVE_HISTORICAL,player_season,2021-22,foulAttemptedTackle,pl_stats/A_Villa_7/players_stats/2021-22_players_stats.csv,
PL_PULSELIVE_HISTORICAL,player_season,2021-22,foulWonPenalty,pl_stats/A_Villa_7/players_stats/2021-22_players_stats.csv,
PL_PULSELIVE_HISTORICAL,player_season,2021-22,freekickTotal,pl_stats/A_Villa_7/players_stats/2021-22_players_stats.csv,
PL_PULSELIVE_HISTORICAL,player_season,2021-22,gamesPlayed,pl_stats/A_Villa_7/players_stats/2021-22_players_stats.csv,
PL_PULSELIVE_HISTORICAL,player_season,2021-22,gkSuccessfulDistribution,pl_stats/A_Villa_7/players_stats/2021-22_players_stats.csv,
PL_PULSELIVE_HISTORICAL,player_season,2021-22,gkUnsuccessfulDistribution,pl_stats/A_Villa_7/players_stats/2021-22_players_stats.csv,
PL_PULSELIVE_HISTORICAL,player_season,2021-22,goalAssists,pl_stats/A_Villa_7/players_stats/2021-22_players_stats.csv,
PL_PULSELIVE_HISTORICAL,player_season,2021-22,goalkeeperSmother,pl_stats/A_Villa_7/players_stats/2021-22_players_stats.csv,
PL_PULSELIVE_HISTORICAL,player_season,2021-22,goals,pl_stats/A_Villa_7/players_stats/2021-22_players_stats.csv,
PL_PULSELIVE_HISTORICAL,player_season,2021-22,goalsConceded,pl_stats/A_Villa_7/players_stats/2021-22_players_stats.csv,
PL_PULSELIVE_HISTORICAL,player_season,2021-22,goalsConcededInsideBox,pl_stats/A_Villa_7/players_stats/2021-22_players_stats.csv,
PL_PULSELIVE_HISTORICAL,player_season,2021-22,goalsConcededOutsideBox,pl_stats/A_Villa_7/players_stats/2021-22_players_stats.csv,
PL_PULSELIVE_HISTORICAL,player_season,2021-22,groundDuels,pl_stats/A_Villa_7/players_stats/2021-22_players_stats.csv,
PL_PULSELIVE_HISTORICAL,player_season,2021-22,groundDuelsLost,pl_stats/A_Villa_7/players_stats/2021-22_players_stats.csv,
PL_PULSELIVE_HISTORICAL,player_season,2021-22,groundDuelsWon,pl_stats/A_Villa_7/players_stats/2021-22_players_stats.csv,
PL_PULSELIVE_HISTORICAL,player_season,2021-22,handballsConceded,pl_stats/A_Villa_7/players_stats/2021-22_players_stats.csv,
PL_PULSELIVE_HISTORICAL,player_season,2021-22,headedGoals,pl_stats/A_Villa_7/players_stats/2021-22_players_stats.csv,
PL_PULSELIVE_HISTORICAL,player_season,2021-22,hitWoodwork,pl_stats/A_Villa_7/players_stats/2021-22_players_stats.csv,
PL_PULSELIVE_HISTORICAL,player_season,2021-22,homeGoals,pl_stats/A_Villa_7/players_stats/2021-22_players_stats.csv,
PL_PULSELIVE_HISTORICAL,player_season,2021-22,iboxBlocked,pl_stats/A_Villa_7/players_stats/2021-22_players_stats.csv,
PL_PULSELIVE_HISTORICAL,player_season,2021-22,iboxTarget,pl_stats/A_Villa_7/players_stats/2021-22_players_stats.csv,
PL_PULSELIVE_HISTORICAL,player_season,2021-22,interceptions,pl_stats/A_Villa_7/players_stats/2021-22_players_stats.csv,
PL_PULSELIVE_HISTORICAL,player_season,2021-22,keyPassesAttemptAssists,pl_stats/A_Villa_7/players_stats/2021-22_players_stats.csv,
PL_PULSELIVE_HISTORICAL,player_season,2021-22,leftFootGoals,pl_stats/A_Villa_7/players_stats/2021-22_players_stats.csv,
PL_PULSELIVE_HISTORICAL,player_season,2021-22,leftsidePasses,pl_stats/A_Villa_7/players_stats/2021-22_players_stats.csv,
PL_PULSELIVE_HISTORICAL,player_season,2021-22,nationality,pl_stats/A_Villa_7/players_stats/2021-22_players_stats.csv,
PL_PULSELIVE_HISTORICAL,player_season,2021-22,oboxBlocked,pl_stats/A_Villa_7/players_stats/2021-22_players_stats.csv,
PL_PULSELIVE_HISTORICAL,player_season,2021-22,oboxTarget,pl_stats/A_Villa_7/players_stats/2021-22_players_stats.csv,
PL_PULSELIVE_HISTORICAL,player_season,2021-22,offsides,pl_stats/A_Villa_7/players_stats/2021-22_players_stats.csv,
PL_PULSELIVE_HISTORICAL,player_season,2021-22,openPlayPasses,pl_stats/A_Villa_7/players_stats/2021-22_players_stats.csv,
PL_PULSELIVE_HISTORICAL,player_season,2021-22,ownGoalScored,pl_stats/A_Villa_7/players_stats/2021-22_players_stats.csv,
PL_PULSELIVE_HISTORICAL,player_season,2021-22,penaltiesConceded,pl_stats/A_Villa_7/players_stats/2021-22_players_stats.csv,
PL_PULSELIVE_HISTORICAL,player_season,2021-22,penaltiesFaced,pl_stats/A_Villa_7/players_stats/2021-22_players_stats.csv,
PL_PULSELIVE_HISTORICAL,player_season,2021-22,penaltiesSaved,pl_stats/A_Villa_7/players_stats/2021-22_players_stats.csv,
PL_PULSELIVE_HISTORICAL,player_season,2021-22,penaltiesTaken,pl_stats/A_Villa_7/players_stats/2021-22_players_stats.csv,
PL_PULSELIVE_HISTORICAL,player_season,2021-22,penaltyGoals,pl_stats/A_Villa_7/players_stats/2021-22_players_stats.csv,
PL_PULSELIVE_HISTORICAL,player_season,2021-22,penaltyGoalsConceded,pl_stats/A_Villa_7/players_stats/2021-22_players_stats.csv,
PL_PULSELIVE_HISTORICAL,player_season,2021-22,playerId,pl_stats/A_Villa_7/players_stats/2021-22_players_stats.csv,
PL_PULSELIVE_HISTORICAL,player_season,2021-22,playerName,pl_stats/A_Villa_7/players_stats/2021-22_players_stats.csv,
PL_PULSELIVE_HISTORICAL,player_season,2021-22,position,pl_stats/A_Villa_7/players_stats/2021-22_players_stats.csv,
PL_PULSELIVE_HISTORICAL,player_season,2021-22,punches,pl_stats/A_Villa_7/players_stats/2021-22_players_stats.csv,
PL_PULSELIVE_HISTORICAL,player_season,2021-22,putthroughBlockedDistribution,pl_stats/A_Villa_7/players_stats/2021-22_players_stats.csv,
PL_PULSELIVE_HISTORICAL,player_season,2021-22,putthroughBlockedDistributionWon,pl_stats/A_Villa_7/players_stats/2021-22_players_stats.csv,
PL_PULSELIVE_HISTORICAL,player_season,2021-22,recoveries,pl_stats/A_Villa_7/players_stats/2021-22_players_stats.csv,
PL_PULSELIVE_HISTORICAL,player_season,2021-22,redCards2ndYellow,pl_stats/A_Villa_7/players_stats/2021-22_players_stats.csv,
PL_PULSELIVE_HISTORICAL,player_season,2021-22,rightFootGoals,pl_stats/A_Villa_7/players_stats/2021-22_players_stats.csv,
PL_PULSELIVE_HISTORICAL,player_season,2021-22,rightsidePasses,pl_stats/A_Villa_7/players_stats/2021-22_players_stats.csv,
PL_PULSELIVE_HISTORICAL,player_season,2021-22,savesFromPenalty,pl_stats/A_Villa_7/players_stats/2021-22_players_stats.csv,
PL_PULSELIVE_HISTORICAL,player_season,2021-22,savesMade,pl_stats/A_Villa_7/players_stats/2021-22_players_stats.csv,
PL_PULSELIVE_HISTORICAL,player_season,2021-22,savesMadeCaught,pl_stats/A_Villa_7/players_stats/2021-22_players_stats.csv,
PL_PULSELIVE_HISTORICAL,player_season,2021-22,savesMadeFromInsideBox,pl_stats/A_Villa_7/players_stats/2021-22_players_stats.csv,
PL_PULSELIVE_HISTORICAL,player_season,2021-22,savesMadeFromOutsideBox,pl_stats/A_Villa_7/players_stats/2021-22_players_stats.csv,
PL_PULSELIVE_HISTORICAL,player_season,2021-22,savesMadeParried,pl_stats/A_Villa_7/players_stats/2021-22_players_stats.csv,
PL_PULSELIVE_HISTORICAL,player_season,2021-22,season,pl_stats/A_Villa_7/players_stats/2021-22_players_stats.csv,
PL_PULSELIVE_HISTORICAL,player_season,2021-22,secondGoalAssists,pl_stats/A_Villa_7/players_stats/2021-22_players_stats.csv,
PL_PULSELIVE_HISTORICAL,player_season,2021-22,shotsBlockedInBox,pl_stats/A_Villa_7/players_stats/2021-22_players_stats.csv,
PL_PULSELIVE_HISTORICAL,player_season,2021-22,shotsBlockedOutsideBox,pl_stats/A_Villa_7/players_stats/2021-22_players_stats.csv,
PL_PULSELIVE_HISTORICAL,player_season,2021-22,shotsOffTargetIncWoodwork,pl_stats/A_Villa_7/players_stats/2021-22_players_stats.csv,
PL_PULSELIVE_HISTORICAL,player_season,2021-22,shotsOnTargetInBox,pl_stats/A_Villa_7/players_stats/2021-22_players_stats.csv,
PL_PULSELIVE_HISTORICAL,player_season,2021-22,shotsOnTargetIncGoals,pl_stats/A_Villa_7/players_stats/2021-22_players_stats.csv,
PL_PULSELIVE_HISTORICAL,player_season,2021-22,shotsOnTargetOutsideBox,pl_stats/A_Villa_7/players_stats/2021-22_players_stats.csv,
PL_PULSELIVE_HISTORICAL,player_season,2021-22,starts,pl_stats/A_Villa_7/players_stats/2021-22_players_stats.csv,
PL_PULSELIVE_HISTORICAL,player_season,2021-22,straightRedCards,pl_stats/A_Villa_7/players_stats/2021-22_players_stats.csv,
PL_PULSELIVE_HISTORICAL,player_season,2021-22,substituteOff,pl_stats/A_Villa_7/players_stats/2021-22_players_stats.csv,
PL_PULSELIVE_HISTORICAL,player_season,2021-22,substituteOn,pl_stats/A_Villa_7/players_stats/2021-22_players_stats.csv,
PL_PULSELIVE_HISTORICAL,player_season,2021-22,successfulCornersIntoBox,pl_stats/A_Villa_7/players_stats/2021-22_players_stats.csv,
PL_PULSELIVE_HISTORICAL,player_season,2021-22,successfulCrossesAndCorners,pl_stats/A_Villa_7/players_stats/2021-22_players_stats.csv,
PL_PULSELIVE_HISTORICAL,player_season,2021-22,successfulCrossesOpenPlay,pl_stats/A_Villa_7/players_stats/2021-22_players_stats.csv,
PL_PULSELIVE_HISTORICAL,player_season,2021-22,successfulDribbles,pl_stats/A_Villa_7/players_stats/2021-22_players_stats.csv,
PL_PULSELIVE_HISTORICAL,player_season,2021-22,successfulFiftyFifty,pl_stats/A_Villa_7/players_stats/2021-22_players_stats.csv,
PL_PULSELIVE_HISTORICAL,player_season,2021-22,successfulLaunches,pl_stats/A_Villa_7/players_stats/2021-22_players_stats.csv,
PL_PULSELIVE_HISTORICAL,player_season,2021-22,successfulLayoffs,pl_stats/A_Villa_7/players_stats/2021-22_players_stats.csv,
PL_PULSELIVE_HISTORICAL,player_season,2021-22,successfulLongPasses,pl_stats/A_Villa_7/players_stats/2021-22_players_stats.csv,
PL_PULSELIVE_HISTORICAL,player_season,2021-22,successfulPassesOppositionHalf,pl_stats/A_Villa_7/players_stats/2021-22_players_stats.csv,
PL_PULSELIVE_HISTORICAL,player_season,2021-22,successfulPassesOwnHalf,pl_stats/A_Villa_7/players_stats/2021-22_players_stats.csv,
PL_PULSELIVE_HISTORICAL,player_season,2021-22,successfulShortPasses,pl_stats/A_Villa_7/players_stats/2021-22_players_stats.csv,
PL_PULSELIVE_HISTORICAL,player_season,2021-22,tacklesLost,pl_stats/A_Villa_7/players_stats/2021-22_players_stats.csv,
PL_PULSELIVE_HISTORICAL,player_season,2021-22,tacklesWon,pl_stats/A_Villa_7/players_stats/2021-22_players_stats.csv,
PL_PULSELIVE_HISTORICAL,player_season,2021-22,team_id,pl_stats/A_Villa_7/players_stats/2021-22_players_stats.csv,
PL_PULSELIVE_HISTORICAL,player_season,2021-22,team_name,pl_stats/A_Villa_7/players_stats/2021-22_players_stats.csv,
PL_PULSELIVE_HISTORICAL,player_season,2021-22,throughBalls,pl_stats/A_Villa_7/players_stats/2021-22_players_stats.csv,
PL_PULSELIVE_HISTORICAL,player_season,2021-22,throwInsToOppositionPlayer,pl_stats/A_Villa_7/players_stats/2021-22_players_stats.csv,
PL_PULSELIVE_HISTORICAL,player_season,2021-22,throwInsToOwnPlayer,pl_stats/A_Villa_7/players_stats/2021-22_players_stats.csv,
PL_PULSELIVE_HISTORICAL,player_season,2021-22,timePlayed,pl_stats/A_Villa_7/players_stats/2021-22_players_stats.csv,
PL_PULSELIVE_HISTORICAL,player_season,2021-22,timesTackled,pl_stats/A_Villa_7/players_stats/2021-22_players_stats.csv,
PL_PULSELIVE_HISTORICAL,player_season,2021-22,totalClearances,pl_stats/A_Villa_7/players_stats/2021-22_players_stats.csv,
PL_PULSELIVE_HISTORICAL,player_season,2021-22,totalFoulsConceded,pl_stats/A_Villa_7/players_stats/2021-22_players_stats.csv,
PL_PULSELIVE_HISTORICAL,player_season,2021-22,totalFoulsWon,pl_stats/A_Villa_7/players_stats/2021-22_players_stats.csv,
PL_PULSELIVE_HISTORICAL,player_season,2021-22,totalLossesOfPossession,pl_stats/A_Villa_7/players_stats/2021-22_players_stats.csv,
PL_PULSELIVE_HISTORICAL,player_season,2021-22,totalPasses,pl_stats/A_Villa_7/players_stats/2021-22_players_stats.csv,
PL_PULSELIVE_HISTORICAL,player_season,2021-22,totalRedCards,pl_stats/A_Villa_7/players_stats/2021-22_players_stats.csv,
PL_PULSELIVE_HISTORICAL,player_season,2021-22,totalShots,pl_stats/A_Villa_7/players_stats/2021-22_players_stats.csv,
PL_PULSELIVE_HISTORICAL,player_season,2021-22,totalTackles,pl_stats/A_Villa_7/players_stats/2021-22_players_stats.csv,
PL_PULSELIVE_HISTORICAL,player_season,2021-22,totalTouchesInOppositionBox,pl_stats/A_Villa_7/players_stats/2021-22_players_stats.csv,
PL_PULSELIVE_HISTORICAL,player_season,2021-22,totalUnsuccessfulPassesExclCrossesAndCorners,pl_stats/A_Villa_7/players_stats/2021-22_players_stats.csv,
PL_PULSELIVE_HISTORICAL,player_season,2021-22,touches,pl_stats/A_Villa_7/players_stats/2021-22_players_stats.csv,
PL_PULSELIVE_HISTORICAL,player_season,2021-22,unsuccessfulCornersIntoBox,pl_stats/A_Villa_7/players_stats/2021-22_players_stats.csv,
PL_PULSELIVE_HISTORICAL,player_season,2021-22,unsuccessfulCrossesAndCorners,pl_stats/A_Villa_7/players_stats/2021-22_players_stats.csv,
PL_PULSELIVE_HISTORICAL,player_season,2021-22,unsuccessfulCrossesOpenPlay,pl_stats/A_Villa_7/players_stats/2021-22_players_stats.csv,
PL_PULSELIVE_HISTORICAL,player_season,2021-22,unsuccessfulDribbles,pl_stats/A_Villa_7/players_stats/2021-22_players_stats.csv,
PL_PULSELIVE_HISTORICAL,player_season,2021-22,unsuccessfulLaunches,pl_stats/A_Villa_7/players_stats/2021-22_players_stats.csv,
PL_PULSELIVE_HISTORICAL,player_season,2021-22,unsuccessfulLayoffs,pl_stats/A_Villa_7/players_stats/2021-22_players_stats.csv,
PL_PULSELIVE_HISTORICAL,player_season,2021-22,unsuccessfulLongPasses,pl_stats/A_Villa_7/players_stats/2021-22_players_stats.csv,
PL_PULSELIVE_HISTORICAL,player_season,2021-22,unsuccessfulPassesOwnHalf,pl_stats/A_Villa_7/players_stats/2021-22_players_stats.csv,
PL_PULSELIVE_HISTORICAL,player_season,2021-22,unsuccessfulShortPasses,pl_stats/A_Villa_7/players_stats/2021-22_players_stats.csv,
PL_PULSELIVE_HISTORICAL,player_season,2021-22,winningGoal,pl_stats/A_Villa_7/players_stats/2021-22_players_stats.csv,
PL_PULSELIVE_HISTORICAL,player_season,2021-22,yellowCards,pl_stats/A_Villa_7/players_stats/2021-22_players_stats.csv,
PL_PULSELIVE_HISTORICAL,player_season,2022-23,aerialDuels,pl_stats/A_Villa_7/players_stats/2022-23_players_stats.csv,
PL_PULSELIVE_HISTORICAL,player_season,2022-23,aerialDuelsLost,pl_stats/A_Villa_7/players_stats/2022-23_players_stats.csv,
PL_PULSELIVE_HISTORICAL,player_season,2022-23,aerialDuelsWon,pl_stats/A_Villa_7/players_stats/2022-23_players_stats.csv,
PL_PULSELIVE_HISTORICAL,player_season,2022-23,appearances,pl_stats/A_Villa_7/players_stats/2022-23_players_stats.csv,
PL_PULSELIVE_HISTORICAL,player_season,2022-23,attemptsFromSetPieces,pl_stats/A_Villa_7/players_stats/2022-23_players_stats.csv,
PL_PULSELIVE_HISTORICAL,player_season,2022-23,awayGoals,pl_stats/A_Villa_7/players_stats/2022-23_players_stats.csv,
PL_PULSELIVE_HISTORICAL,player_season,2022-23,backwardPasses,pl_stats/A_Villa_7/players_stats/2022-23_players_stats.csv,
PL_PULSELIVE_HISTORICAL,player_season,2022-23,blockedShots,pl_stats/A_Villa_7/players_stats/2022-23_players_stats.csv,
PL_PULSELIVE_HISTORICAL,player_season,2022-23,blocks,pl_stats/A_Villa_7/players_stats/2022-23_players_stats.csv,
PL_PULSELIVE_HISTORICAL,player_season,2022-23,catches,pl_stats/A_Villa_7/players_stats/2022-23_players_stats.csv,
PL_PULSELIVE_HISTORICAL,player_season,2022-23,cleanSheets,pl_stats/A_Villa_7/players_stats/2022-23_players_stats.csv,
PL_PULSELIVE_HISTORICAL,player_season,2022-23,clearancesOffTheLine,pl_stats/A_Villa_7/players_stats/2022-23_players_stats.csv,
PL_PULSELIVE_HISTORICAL,player_season,2022-23,cornersTakenInclShortCorners,pl_stats/A_Villa_7/players_stats/2022-23_players_stats.csv,
PL_PULSELIVE_HISTORICAL,player_season,2022-23,cornersWon,pl_stats/A_Villa_7/players_stats/2022-23_players_stats.csv,
PL_PULSELIVE_HISTORICAL,player_season,2022-23,crossesNotClaimed,pl_stats/A_Villa_7/players_stats/2022-23_players_stats.csv,
PL_PULSELIVE_HISTORICAL,player_season,2022-23,drops,pl_stats/A_Villa_7/players_stats/2022-23_players_stats.csv,
PL_PULSELIVE_HISTORICAL,player_season,2022-23,duels,pl_stats/A_Villa_7/players_stats/2022-23_players_stats.csv,
PL_PULSELIVE_HISTORICAL,player_season,2022-23,duelsLost,pl_stats/A_Villa_7/players_stats/2022-23_players_stats.csv,
PL_PULSELIVE_HISTORICAL,player_season,2022-23,duelsWon,pl_stats/A_Villa_7/players_stats/2022-23_players_stats.csv,
PL_PULSELIVE_HISTORICAL,player_season,2022-23,expectedAssists,pl_stats/A_Villa_7/players_stats/2022-23_players_stats.csv,
PL_PULSELIVE_HISTORICAL,player_season,2022-23,expectedGoals,pl_stats/A_Villa_7/players_stats/2022-23_players_stats.csv,
PL_PULSELIVE_HISTORICAL,player_season,2022-23,expectedGoalsFreekick,pl_stats/A_Villa_7/players_stats/2022-23_players_stats.csv,
PL_PULSELIVE_HISTORICAL,player_season,2022-23,expectedGoalsOnTarget,pl_stats/A_Villa_7/players_stats/2022-23_players_stats.csv,
PL_PULSELIVE_HISTORICAL,player_season,2022-23,expectedGoalsOnTargetConceded,pl_stats/A_Villa_7/players_stats/2022-23_players_stats.csv,
PL_PULSELIVE_HISTORICAL,player_season,2022-23,fiftyFifty,pl_stats/A_Villa_7/players_stats/2022-23_players_stats.csv,
PL_PULSELIVE_HISTORICAL,player_season,2022-23,forwardPasses,pl_stats/A_Villa_7/players_stats/2022-23_players_stats.csv,
PL_PULSELIVE_HISTORICAL,player_season,2022-23,foulAttemptedTackle,pl_stats/A_Villa_7/players_stats/2022-23_players_stats.csv,
PL_PULSELIVE_HISTORICAL,player_season,2022-23,foulWonPenalty,pl_stats/A_Villa_7/players_stats/2022-23_players_stats.csv,
PL_PULSELIVE_HISTORICAL,player_season,2022-23,freekickTotal,pl_stats/A_Villa_7/players_stats/2022-23_players_stats.csv,
PL_PULSELIVE_HISTORICAL,player_season,2022-23,gamesPlayed,pl_stats/A_Villa_7/players_stats/2022-23_players_stats.csv,
PL_PULSELIVE_HISTORICAL,player_season,2022-23,gkSuccessfulDistribution,pl_stats/A_Villa_7/players_stats/2022-23_players_stats.csv,
PL_PULSELIVE_HISTORICAL,player_season,2022-23,gkUnsuccessfulDistribution,pl_stats/A_Villa_7/players_stats/2022-23_players_stats.csv,
PL_PULSELIVE_HISTORICAL,player_season,2022-23,goalAssists,pl_stats/A_Villa_7/players_stats/2022-23_players_stats.csv,
PL_PULSELIVE_HISTORICAL,player_season,2022-23,goalKicks,pl_stats/A_Villa_7/players_stats/2022-23_players_stats.csv,
PL_PULSELIVE_HISTORICAL,player_season,2022-23,goalkeeperSmother,pl_stats/A_Villa_7/players_stats/2022-23_players_stats.csv,
PL_PULSELIVE_HISTORICAL,player_season,2022-23,goals,pl_stats/A_Villa_7/players_stats/2022-23_players_stats.csv,
PL_PULSELIVE_HISTORICAL,player_season,2022-23,goalsConceded,pl_stats/A_Villa_7/players_stats/2022-23_players_stats.csv,
PL_PULSELIVE_HISTORICAL,player_season,2022-23,goalsConcededInsideBox,pl_stats/A_Villa_7/players_stats/2022-23_players_stats.csv,
PL_PULSELIVE_HISTORICAL,player_season,2022-23,goalsConcededOutsideBox,pl_stats/A_Villa_7/players_stats/2022-23_players_stats.csv,
PL_PULSELIVE_HISTORICAL,player_season,2022-23,groundDuels,pl_stats/A_Villa_7/players_stats/2022-23_players_stats.csv,
PL_PULSELIVE_HISTORICAL,player_season,2022-23,groundDuelsLost,pl_stats/A_Villa_7/players_stats/2022-23_players_stats.csv,
PL_PULSELIVE_HISTORICAL,player_season,2022-23,groundDuelsWon,pl_stats/A_Villa_7/players_stats/2022-23_players_stats.csv,
PL_PULSELIVE_HISTORICAL,player_season,2022-23,handballsConceded,pl_stats/A_Villa_7/players_stats/2022-23_players_stats.csv,
PL_PULSELIVE_HISTORICAL,player_season,2022-23,headedGoals,pl_stats/A_Villa_7/players_stats/2022-23_players_stats.csv,
PL_PULSELIVE_HISTORICAL,player_season,2022-23,hitWoodwork,pl_stats/A_Villa_7/players_stats/2022-23_players_stats.csv,
PL_PULSELIVE_HISTORICAL,player_season,2022-23,homeGoals,pl_stats/A_Villa_7/players_stats/2022-23_players_stats.csv,
PL_PULSELIVE_HISTORICAL,player_season,2022-23,iboxBlocked,pl_stats/A_Villa_7/players_stats/2022-23_players_stats.csv,
PL_PULSELIVE_HISTORICAL,player_season,2022-23,iboxTarget,pl_stats/A_Villa_7/players_stats/2022-23_players_stats.csv,
PL_PULSELIVE_HISTORICAL,player_season,2022-23,interceptions,pl_stats/A_Villa_7/players_stats/2022-23_players_stats.csv,
PL_PULSELIVE_HISTORICAL,player_season,2022-23,keyPassesAttemptAssists,pl_stats/A_Villa_7/players_stats/2022-23_players_stats.csv,
PL_PULSELIVE_HISTORICAL,player_season,2022-23,leftFootGoals,pl_stats/A_Villa_7/players_stats/2022-23_players_stats.csv,
PL_PULSELIVE_HISTORICAL,player_season,2022-23,leftsidePasses,pl_stats/A_Villa_7/players_stats/2022-23_players_stats.csv,
PL_PULSELIVE_HISTORICAL,player_season,2022-23,nationality,pl_stats/A_Villa_7/players_stats/2022-23_players_stats.csv,
PL_PULSELIVE_HISTORICAL,player_season,2022-23,oboxBlocked,pl_stats/A_Villa_7/players_stats/2022-23_players_stats.csv,
PL_PULSELIVE_HISTORICAL,player_season,2022-23,oboxTarget,pl_stats/A_Villa_7/players_stats/2022-23_players_stats.csv,
PL_PULSELIVE_HISTORICAL,player_season,2022-23,offsides,pl_stats/A_Villa_7/players_stats/2022-23_players_stats.csv,
PL_PULSELIVE_HISTORICAL,player_season,2022-23,openPlayPasses,pl_stats/A_Villa_7/players_stats/2022-23_players_stats.csv,
PL_PULSELIVE_HISTORICAL,player_season,2022-23,overruns,pl_stats/A_Villa_7/players_stats/2022-23_players_stats.csv,
PL_PULSELIVE_HISTORICAL,player_season,2022-23,ownGoalScored,pl_stats/A_Villa_7/players_stats/2022-23_players_stats.csv,
PL_PULSELIVE_HISTORICAL,player_season,2022-23,penaltiesConceded,pl_stats/A_Villa_7/players_stats/2022-23_players_stats.csv,
PL_PULSELIVE_HISTORICAL,player_season,2022-23,penaltiesFaced,pl_stats/A_Villa_7/players_stats/2022-23_players_stats.csv,
PL_PULSELIVE_HISTORICAL,player_season,2022-23,penaltiesSaved,pl_stats/A_Villa_7/players_stats/2022-23_players_stats.csv,
PL_PULSELIVE_HISTORICAL,player_season,2022-23,penaltiesTaken,pl_stats/A_Villa_7/players_stats/2022-23_players_stats.csv,
PL_PULSELIVE_HISTORICAL,player_season,2022-23,penaltyGoals,pl_stats/A_Villa_7/players_stats/2022-23_players_stats.csv,
PL_PULSELIVE_HISTORICAL,player_season,2022-23,penaltyGoalsConceded,pl_stats/A_Villa_7/players_stats/2022-23_players_stats.csv,
PL_PULSELIVE_HISTORICAL,player_season,2022-23,playerId,pl_stats/A_Villa_7/players_stats/2022-23_players_stats.csv,
PL_PULSELIVE_HISTORICAL,player_season,2022-23,playerName,pl_stats/A_Villa_7/players_stats/2022-23_players_stats.csv,
PL_PULSELIVE_HISTORICAL,player_season,2022-23,position,pl_stats/A_Villa_7/players_stats/2022-23_players_stats.csv,
PL_PULSELIVE_HISTORICAL,player_season,2022-23,punches,pl_stats/A_Villa_7/players_stats/2022-23_players_stats.csv,
PL_PULSELIVE_HISTORICAL,player_season,2022-23,putthroughBlockedDistribution,pl_stats/A_Villa_7/players_stats/2022-23_players_stats.csv,
PL_PULSELIVE_HISTORICAL,player_season,2022-23,putthroughBlockedDistributionWon,pl_stats/A_Villa_7/players_stats/2022-23_players_stats.csv,
PL_PULSELIVE_HISTORICAL,player_season,2022-23,recoveries,pl_stats/A_Villa_7/players_stats/2022-23_players_stats.csv,
PL_PULSELIVE_HISTORICAL,player_season,2022-23,rightFootGoals,pl_stats/A_Villa_7/players_stats/2022-23_players_stats.csv,
PL_PULSELIVE_HISTORICAL,player_season,2022-23,rightsidePasses,pl_stats/A_Villa_7/players_stats/2022-23_players_stats.csv,
PL_PULSELIVE_HISTORICAL,player_season,2022-23,savesFromPenalty,pl_stats/A_Villa_7/players_stats/2022-23_players_stats.csv,
PL_PULSELIVE_HISTORICAL,player_season,2022-23,savesMade,pl_stats/A_Villa_7/players_stats/2022-23_players_stats.csv,
PL_PULSELIVE_HISTORICAL,player_season,2022-23,savesMadeCaught,pl_stats/A_Villa_7/players_stats/2022-23_players_stats.csv,
PL_PULSELIVE_HISTORICAL,player_season,2022-23,savesMadeFromInsideBox,pl_stats/A_Villa_7/players_stats/2022-23_players_stats.csv,
PL_PULSELIVE_HISTORICAL,player_season,2022-23,savesMadeFromOutsideBox,pl_stats/A_Villa_7/players_stats/2022-23_players_stats.csv,
PL_PULSELIVE_HISTORICAL,player_season,2022-23,savesMadeParried,pl_stats/A_Villa_7/players_stats/2022-23_players_stats.csv,
PL_PULSELIVE_HISTORICAL,player_season,2022-23,season,pl_stats/A_Villa_7/players_stats/2022-23_players_stats.csv,
PL_PULSELIVE_HISTORICAL,player_season,2022-23,secondGoalAssists,pl_stats/A_Villa_7/players_stats/2022-23_players_stats.csv,
PL_PULSELIVE_HISTORICAL,player_season,2022-23,setPiecesGoals,pl_stats/A_Villa_7/players_stats/2022-23_players_stats.csv,
PL_PULSELIVE_HISTORICAL,player_season,2022-23,shotsBlockedInBox,pl_stats/A_Villa_7/players_stats/2022-23_players_stats.csv,
PL_PULSELIVE_HISTORICAL,player_season,2022-23,shotsBlockedOutsideBox,pl_stats/A_Villa_7/players_stats/2022-23_players_stats.csv,
PL_PULSELIVE_HISTORICAL,player_season,2022-23,shotsOffTargetIncWoodwork,pl_stats/A_Villa_7/players_stats/2022-23_players_stats.csv,
PL_PULSELIVE_HISTORICAL,player_season,2022-23,shotsOnTargetInBox,pl_stats/A_Villa_7/players_stats/2022-23_players_stats.csv,
PL_PULSELIVE_HISTORICAL,player_season,2022-23,shotsOnTargetIncGoals,pl_stats/A_Villa_7/players_stats/2022-23_players_stats.csv,
PL_PULSELIVE_HISTORICAL,player_season,2022-23,shotsOnTargetOutsideBox,pl_stats/A_Villa_7/players_stats/2022-23_players_stats.csv,
PL_PULSELIVE_HISTORICAL,player_season,2022-23,starts,pl_stats/A_Villa_7/players_stats/2022-23_players_stats.csv,
PL_PULSELIVE_HISTORICAL,player_season,2022-23,straightRedCards,pl_stats/A_Villa_7/players_stats/2022-23_players_stats.csv,
PL_PULSELIVE_HISTORICAL,player_season,2022-23,substituteOff,pl_stats/A_Villa_7/players_stats/2022-23_players_stats.csv,
PL_PULSELIVE_HISTORICAL,player_season,2022-23,substituteOn,pl_stats/A_Villa_7/players_stats/2022-23_players_stats.csv,
PL_PULSELIVE_HISTORICAL,player_season,2022-23,successfulCornersIntoBox,pl_stats/A_Villa_7/players_stats/2022-23_players_stats.csv,
PL_PULSELIVE_HISTORICAL,player_season,2022-23,successfulCrossesAndCorners,pl_stats/A_Villa_7/players_stats/2022-23_players_stats.csv,
PL_PULSELIVE_HISTORICAL,player_season,2022-23,successfulCrossesOpenPlay,pl_stats/A_Villa_7/players_stats/2022-23_players_stats.csv,
PL_PULSELIVE_HISTORICAL,player_season,2022-23,successfulDribbles,pl_stats/A_Villa_7/players_stats/2022-23_players_stats.csv,
PL_PULSELIVE_HISTORICAL,player_season,2022-23,successfulFiftyFifty,pl_stats/A_Villa_7/players_stats/2022-23_players_stats.csv,
PL_PULSELIVE_HISTORICAL,player_season,2022-23,successfulLaunches,pl_stats/A_Villa_7/players_stats/2022-23_players_stats.csv,
PL_PULSELIVE_HISTORICAL,player_season,2022-23,successfulLayoffs,pl_stats/A_Villa_7/players_stats/2022-23_players_stats.csv,
PL_PULSELIVE_HISTORICAL,player_season,2022-23,successfulLongPasses,pl_stats/A_Villa_7/players_stats/2022-23_players_stats.csv,
PL_PULSELIVE_HISTORICAL,player_season,2022-23,successfulPassesOppositionHalf,pl_stats/A_Villa_7/players_stats/2022-23_players_stats.csv,
PL_PULSELIVE_HISTORICAL,player_season,2022-23,successfulPassesOwnHalf,pl_stats/A_Villa_7/players_stats/2022-23_players_stats.csv,
PL_PULSELIVE_HISTORICAL,player_season,2022-23,successfulShortPasses,pl_stats/A_Villa_7/players_stats/2022-23_players_stats.csv,
PL_PULSELIVE_HISTORICAL,player_season,2022-23,tacklesLost,pl_stats/A_Villa_7/players_stats/2022-23_players_stats.csv,
PL_PULSELIVE_HISTORICAL,player_season,2022-23,tacklesWon,pl_stats/A_Villa_7/players_stats/2022-23_players_stats.csv,
PL_PULSELIVE_HISTORICAL,player_season,2022-23,team_id,pl_stats/A_Villa_7/players_stats/2022-23_players_stats.csv,
PL_PULSELIVE_HISTORICAL,player_season,2022-23,team_name,pl_stats/A_Villa_7/players_stats/2022-23_players_stats.csv,
PL_PULSELIVE_HISTORICAL,player_season,2022-23,throughBalls,pl_stats/A_Villa_7/players_stats/2022-23_players_stats.csv,
PL_PULSELIVE_HISTORICAL,player_season,2022-23,throwInsToOppositionPlayer,pl_stats/A_Villa_7/players_stats/2022-23_players_stats.csv,
PL_PULSELIVE_HISTORICAL,player_season,2022-23,throwInsToOwnPlayer,pl_stats/A_Villa_7/players_stats/2022-23_players_stats.csv,
PL_PULSELIVE_HISTORICAL,player_season,2022-23,timePlayed,pl_stats/A_Villa_7/players_stats/2022-23_players_stats.csv,
PL_PULSELIVE_HISTORICAL,player_season,2022-23,timesTackled,pl_stats/A_Villa_7/players_stats/2022-23_players_stats.csv,
PL_PULSELIVE_HISTORICAL,player_season,2022-23,totalClearances,pl_stats/A_Villa_7/players_stats/2022-23_players_stats.csv,
PL_PULSELIVE_HISTORICAL,player_season,2022-23,totalFoulsConceded,pl_stats/A_Villa_7/players_stats/2022-23_players_stats.csv,
PL_PULSELIVE_HISTORICAL,player_season,2022-23,totalFoulsWon,pl_stats/A_Villa_7/players_stats/2022-23_players_stats.csv,
PL_PULSELIVE_HISTORICAL,player_season,2022-23,totalLossesOfPossession,pl_stats/A_Villa_7/players_stats/2022-23_players_stats.csv,
PL_PULSELIVE_HISTORICAL,player_season,2022-23,totalPasses,pl_stats/A_Villa_7/players_stats/2022-23_players_stats.csv,
PL_PULSELIVE_HISTORICAL,player_season,2022-23,totalRedCards,pl_stats/A_Villa_7/players_stats/2022-23_players_stats.csv,
PL_PULSELIVE_HISTORICAL,player_season,2022-23,totalShots,pl_stats/A_Villa_7/players_stats/2022-23_players_stats.csv,
PL_PULSELIVE_HISTORICAL,player_season,2022-23,totalTackles,pl_stats/A_Villa_7/players_stats/2022-23_players_stats.csv,
PL_PULSELIVE_HISTORICAL,player_season,2022-23,totalTouchesInOppositionBox,pl_stats/A_Villa_7/players_stats/2022-23_players_stats.csv,
PL_PULSELIVE_HISTORICAL,player_season,2022-23,totalUnsuccessfulPassesExclCrossesAndCorners,pl_stats/A_Villa_7/players_stats/2022-23_players_stats.csv,
PL_PULSELIVE_HISTORICAL,player_season,2022-23,touches,pl_stats/A_Villa_7/players_stats/2022-23_players_stats.csv,
PL_PULSELIVE_HISTORICAL,player_season,2022-23,unsuccessfulCornersIntoBox,pl_stats/A_Villa_7/players_stats/2022-23_players_stats.csv,
PL_PULSELIVE_HISTORICAL,player_season,2022-23,unsuccessfulCrossesAndCorners,pl_stats/A_Villa_7/players_stats/2022-23_players_stats.csv,
PL_PULSELIVE_HISTORICAL,player_season,2022-23,unsuccessfulCrossesOpenPlay,pl_stats/A_Villa_7/players_stats/2022-23_players_stats.csv,
PL_PULSELIVE_HISTORICAL,player_season,2022-23,unsuccessfulDribbles,pl_stats/A_Villa_7/players_stats/2022-23_players_stats.csv,
PL_PULSELIVE_HISTORICAL,player_season,2022-23,unsuccessfulLaunches,pl_stats/A_Villa_7/players_stats/2022-23_players_stats.csv,
PL_PULSELIVE_HISTORICAL,player_season,2022-23,unsuccessfulLayoffs,pl_stats/A_Villa_7/players_stats/2022-23_players_stats.csv,
PL_PULSELIVE_HISTORICAL,player_season,2022-23,unsuccessfulLongPasses,pl_stats/A_Villa_7/players_stats/2022-23_players_stats.csv,
PL_PULSELIVE_HISTORICAL,player_season,2022-23,unsuccessfulPassesOwnHalf,pl_stats/A_Villa_7/players_stats/2022-23_players_stats.csv,
PL_PULSELIVE_HISTORICAL,player_season,2022-23,unsuccessfulShortPasses,pl_stats/A_Villa_7/players_stats/2022-23_players_stats.csv,
PL_PULSELIVE_HISTORICAL,player_season,2022-23,winningGoal,pl_stats/A_Villa_7/players_stats/2022-23_players_stats.csv,
PL_PULSELIVE_HISTORICAL,player_season,2022-23,yellowCards,pl_stats/A_Villa_7/players_stats/2022-23_players_stats.csv,
PL_PULSELIVE_HISTORICAL,player_season,2023-24,aerialDuels,pl_stats/A_Villa_7/players_stats/2023-24_players_stats.csv,
PL_PULSELIVE_HISTORICAL,player_season,2023-24,aerialDuelsLost,pl_stats/A_Villa_7/players_stats/2023-24_players_stats.csv,
PL_PULSELIVE_HISTORICAL,player_season,2023-24,aerialDuelsWon,pl_stats/A_Villa_7/players_stats/2023-24_players_stats.csv,
PL_PULSELIVE_HISTORICAL,player_season,2023-24,appearances,pl_stats/A_Villa_7/players_stats/2023-24_players_stats.csv,
PL_PULSELIVE_HISTORICAL,player_season,2023-24,attemptsFromSetPieces,pl_stats/A_Villa_7/players_stats/2023-24_players_stats.csv,
PL_PULSELIVE_HISTORICAL,player_season,2023-24,awayGoals,pl_stats/A_Villa_7/players_stats/2023-24_players_stats.csv,
PL_PULSELIVE_HISTORICAL,player_season,2023-24,backwardPasses,pl_stats/A_Villa_7/players_stats/2023-24_players_stats.csv,
PL_PULSELIVE_HISTORICAL,player_season,2023-24,blockedShots,pl_stats/A_Villa_7/players_stats/2023-24_players_stats.csv,
PL_PULSELIVE_HISTORICAL,player_season,2023-24,blocks,pl_stats/A_Villa_7/players_stats/2023-24_players_stats.csv,
PL_PULSELIVE_HISTORICAL,player_season,2023-24,catches,pl_stats/A_Villa_7/players_stats/2023-24_players_stats.csv,
PL_PULSELIVE_HISTORICAL,player_season,2023-24,cleanSheets,pl_stats/A_Villa_7/players_stats/2023-24_players_stats.csv,
PL_PULSELIVE_HISTORICAL,player_season,2023-24,clearancesOffTheLine,pl_stats/A_Villa_7/players_stats/2023-24_players_stats.csv,
PL_PULSELIVE_HISTORICAL,player_season,2023-24,cornersTakenInclShortCorners,pl_stats/A_Villa_7/players_stats/2023-24_players_stats.csv,
PL_PULSELIVE_HISTORICAL,player_season,2023-24,cornersWon,pl_stats/A_Villa_7/players_stats/2023-24_players_stats.csv,
PL_PULSELIVE_HISTORICAL,player_season,2023-24,drops,pl_stats/A_Villa_7/players_stats/2023-24_players_stats.csv,
PL_PULSELIVE_HISTORICAL,player_season,2023-24,duels,pl_stats/A_Villa_7/players_stats/2023-24_players_stats.csv,
PL_PULSELIVE_HISTORICAL,player_season,2023-24,duelsLost,pl_stats/A_Villa_7/players_stats/2023-24_players_stats.csv,
PL_PULSELIVE_HISTORICAL,player_season,2023-24,duelsWon,pl_stats/A_Villa_7/players_stats/2023-24_players_stats.csv,
PL_PULSELIVE_HISTORICAL,player_season,2023-24,expectedAssists,pl_stats/A_Villa_7/players_stats/2023-24_players_stats.csv,
PL_PULSELIVE_HISTORICAL,player_season,2023-24,expectedGoals,pl_stats/A_Villa_7/players_stats/2023-24_players_stats.csv,
PL_PULSELIVE_HISTORICAL,player_season,2023-24,expectedGoalsFreekick,pl_stats/A_Villa_7/players_stats/2023-24_players_stats.csv,
PL_PULSELIVE_HISTORICAL,player_season,2023-24,expectedGoalsOnTarget,pl_stats/A_Villa_7/players_stats/2023-24_players_stats.csv,
PL_PULSELIVE_HISTORICAL,player_season,2023-24,expectedGoalsOnTargetConceded,pl_stats/A_Villa_7/players_stats/2023-24_players_stats.csv,
PL_PULSELIVE_HISTORICAL,player_season,2023-24,forwardPasses,pl_stats/A_Villa_7/players_stats/2023-24_players_stats.csv,
PL_PULSELIVE_HISTORICAL,player_season,2023-24,foulAttemptedTackle,pl_stats/A_Villa_7/players_stats/2023-24_players_stats.csv,
PL_PULSELIVE_HISTORICAL,player_season,2023-24,foulWonPenalty,pl_stats/A_Villa_7/players_stats/2023-24_players_stats.csv,
PL_PULSELIVE_HISTORICAL,player_season,2023-24,freekickTotal,pl_stats/A_Villa_7/players_stats/2023-24_players_stats.csv,
PL_PULSELIVE_HISTORICAL,player_season,2023-24,gamesPlayed,pl_stats/A_Villa_7/players_stats/2023-24_players_stats.csv,
PL_PULSELIVE_HISTORICAL,player_season,2023-24,gkSuccessfulDistribution,pl_stats/A_Villa_7/players_stats/2023-24_players_stats.csv,
PL_PULSELIVE_HISTORICAL,player_season,2023-24,gkUnsuccessfulDistribution,pl_stats/A_Villa_7/players_stats/2023-24_players_stats.csv,
PL_PULSELIVE_HISTORICAL,player_season,2023-24,goalAssists,pl_stats/A_Villa_7/players_stats/2023-24_players_stats.csv,
PL_PULSELIVE_HISTORICAL,player_season,2023-24,goalKicks,pl_stats/A_Villa_7/players_stats/2023-24_players_stats.csv,
PL_PULSELIVE_HISTORICAL,player_season,2023-24,goalkeeperSmother,pl_stats/A_Villa_7/players_stats/2023-24_players_stats.csv,
PL_PULSELIVE_HISTORICAL,player_season,2023-24,goals,pl_stats/A_Villa_7/players_stats/2023-24_players_stats.csv,
PL_PULSELIVE_HISTORICAL,player_season,2023-24,goalsConceded,pl_stats/A_Villa_7/players_stats/2023-24_players_stats.csv,
PL_PULSELIVE_HISTORICAL,player_season,2023-24,goalsConcededInsideBox,pl_stats/A_Villa_7/players_stats/2023-24_players_stats.csv,
PL_PULSELIVE_HISTORICAL,player_season,2023-24,goalsConcededOutsideBox,pl_stats/A_Villa_7/players_stats/2023-24_players_stats.csv,
PL_PULSELIVE_HISTORICAL,player_season,2023-24,groundDuels,pl_stats/A_Villa_7/players_stats/2023-24_players_stats.csv,
PL_PULSELIVE_HISTORICAL,player_season,2023-24,groundDuelsLost,pl_stats/A_Villa_7/players_stats/2023-24_players_stats.csv,
PL_PULSELIVE_HISTORICAL,player_season,2023-24,groundDuelsWon,pl_stats/A_Villa_7/players_stats/2023-24_players_stats.csv,
PL_PULSELIVE_HISTORICAL,player_season,2023-24,handballsConceded,pl_stats/A_Villa_7/players_stats/2023-24_players_stats.csv,
PL_PULSELIVE_HISTORICAL,player_season,2023-24,headedGoals,pl_stats/A_Villa_7/players_stats/2023-24_players_stats.csv,
PL_PULSELIVE_HISTORICAL,player_season,2023-24,hitWoodwork,pl_stats/A_Villa_7/players_stats/2023-24_players_stats.csv,
PL_PULSELIVE_HISTORICAL,player_season,2023-24,homeGoals,pl_stats/A_Villa_7/players_stats/2023-24_players_stats.csv,
PL_PULSELIVE_HISTORICAL,player_season,2023-24,iboxBlocked,pl_stats/A_Villa_7/players_stats/2023-24_players_stats.csv,
PL_PULSELIVE_HISTORICAL,player_season,2023-24,iboxTarget,pl_stats/A_Villa_7/players_stats/2023-24_players_stats.csv,
PL_PULSELIVE_HISTORICAL,player_season,2023-24,interceptions,pl_stats/A_Villa_7/players_stats/2023-24_players_stats.csv,
PL_PULSELIVE_HISTORICAL,player_season,2023-24,keyPassesAttemptAssists,pl_stats/A_Villa_7/players_stats/2023-24_players_stats.csv,
PL_PULSELIVE_HISTORICAL,player_season,2023-24,lastPlayerTackle,pl_stats/A_Villa_7/players_stats/2023-24_players_stats.csv,
PL_PULSELIVE_HISTORICAL,player_season,2023-24,leftFootGoals,pl_stats/A_Villa_7/players_stats/2023-24_players_stats.csv,
PL_PULSELIVE_HISTORICAL,player_season,2023-24,leftsidePasses,pl_stats/A_Villa_7/players_stats/2023-24_players_stats.csv,
PL_PULSELIVE_HISTORICAL,player_season,2023-24,nationality,pl_stats/A_Villa_7/players_stats/2023-24_players_stats.csv,
PL_PULSELIVE_HISTORICAL,player_season,2023-24,oboxBlocked,pl_stats/A_Villa_7/players_stats/2023-24_players_stats.csv,
PL_PULSELIVE_HISTORICAL,player_season,2023-24,oboxTarget,pl_stats/A_Villa_7/players_stats/2023-24_players_stats.csv,
PL_PULSELIVE_HISTORICAL,player_season,2023-24,offsides,pl_stats/A_Villa_7/players_stats/2023-24_players_stats.csv,
PL_PULSELIVE_HISTORICAL,player_season,2023-24,openPlayPasses,pl_stats/A_Villa_7/players_stats/2023-24_players_stats.csv,
PL_PULSELIVE_HISTORICAL,player_season,2023-24,overruns,pl_stats/A_Villa_7/players_stats/2023-24_players_stats.csv,
PL_PULSELIVE_HISTORICAL,player_season,2023-24,ownGoalScored,pl_stats/A_Villa_7/players_stats/2023-24_players_stats.csv,
PL_PULSELIVE_HISTORICAL,player_season,2023-24,penaltiesConceded,pl_stats/A_Villa_7/players_stats/2023-24_players_stats.csv,
PL_PULSELIVE_HISTORICAL,player_season,2023-24,penaltiesFaced,pl_stats/A_Villa_7/players_stats/2023-24_players_stats.csv,
PL_PULSELIVE_HISTORICAL,player_season,2023-24,penaltiesSaved,pl_stats/A_Villa_7/players_stats/2023-24_players_stats.csv,
PL_PULSELIVE_HISTORICAL,player_season,2023-24,penaltiesTaken,pl_stats/A_Villa_7/players_stats/2023-24_players_stats.csv,
PL_PULSELIVE_HISTORICAL,player_season,2023-24,penaltyGoals,pl_stats/A_Villa_7/players_stats/2023-24_players_stats.csv,
PL_PULSELIVE_HISTORICAL,player_season,2023-24,penaltyGoalsConceded,pl_stats/A_Villa_7/players_stats/2023-24_players_stats.csv,
PL_PULSELIVE_HISTORICAL,player_season,2023-24,playerId,pl_stats/A_Villa_7/players_stats/2023-24_players_stats.csv,
PL_PULSELIVE_HISTORICAL,player_season,2023-24,playerName,pl_stats/A_Villa_7/players_stats/2023-24_players_stats.csv,
PL_PULSELIVE_HISTORICAL,player_season,2023-24,position,pl_stats/A_Villa_7/players_stats/2023-24_players_stats.csv,
PL_PULSELIVE_HISTORICAL,player_season,2023-24,punches,pl_stats/A_Villa_7/players_stats/2023-24_players_stats.csv,
PL_PULSELIVE_HISTORICAL,player_season,2023-24,putthroughBlockedDistribution,pl_stats/A_Villa_7/players_stats/2023-24_players_stats.csv,
PL_PULSELIVE_HISTORICAL,player_season,2023-24,putthroughBlockedDistributionWon,pl_stats/A_Villa_7/players_stats/2023-24_players_stats.csv,
PL_PULSELIVE_HISTORICAL,player_season,2023-24,recoveries,pl_stats/A_Villa_7/players_stats/2023-24_players_stats.csv,
PL_PULSELIVE_HISTORICAL,player_season,2023-24,rightFootGoals,pl_stats/A_Villa_7/players_stats/2023-24_players_stats.csv,
PL_PULSELIVE_HISTORICAL,player_season,2023-24,rightsidePasses,pl_stats/A_Villa_7/players_stats/2023-24_players_stats.csv,
PL_PULSELIVE_HISTORICAL,player_season,2023-24,savesFromPenalty,pl_stats/A_Villa_7/players_stats/2023-24_players_stats.csv,
PL_PULSELIVE_HISTORICAL,player_season,2023-24,savesMade,pl_stats/A_Villa_7/players_stats/2023-24_players_stats.csv,
PL_PULSELIVE_HISTORICAL,player_season,2023-24,savesMadeCaught,pl_stats/A_Villa_7/players_stats/2023-24_players_stats.csv,
PL_PULSELIVE_HISTORICAL,player_season,2023-24,savesMadeFromInsideBox,pl_stats/A_Villa_7/players_stats/2023-24_players_stats.csv,
PL_PULSELIVE_HISTORICAL,player_season,2023-24,savesMadeFromOutsideBox,pl_stats/A_Villa_7/players_stats/2023-24_players_stats.csv,
PL_PULSELIVE_HISTORICAL,player_season,2023-24,savesMadeParried,pl_stats/A_Villa_7/players_stats/2023-24_players_stats.csv,
PL_PULSELIVE_HISTORICAL,player_season,2023-24,season,pl_stats/A_Villa_7/players_stats/2023-24_players_stats.csv,
PL_PULSELIVE_HISTORICAL,player_season,2023-24,secondGoalAssists,pl_stats/A_Villa_7/players_stats/2023-24_players_stats.csv,
PL_PULSELIVE_HISTORICAL,player_season,2023-24,setPiecesGoals,pl_stats/A_Villa_7/players_stats/2023-24_players_stats.csv,
PL_PULSELIVE_HISTORICAL,player_season,2023-24,shotsBlockedInBox,pl_stats/A_Villa_7/players_stats/2023-24_players_stats.csv,
PL_PULSELIVE_HISTORICAL,player_season,2023-24,shotsBlockedOutsideBox,pl_stats/A_Villa_7/players_stats/2023-24_players_stats.csv,
PL_PULSELIVE_HISTORICAL,player_season,2023-24,shotsOffTargetIncWoodwork,pl_stats/A_Villa_7/players_stats/2023-24_players_stats.csv,
PL_PULSELIVE_HISTORICAL,player_season,2023-24,shotsOnTargetInBox,pl_stats/A_Villa_7/players_stats/2023-24_players_stats.csv,
PL_PULSELIVE_HISTORICAL,player_season,2023-24,shotsOnTargetIncGoals,pl_stats/A_Villa_7/players_stats/2023-24_players_stats.csv,
PL_PULSELIVE_HISTORICAL,player_season,2023-24,shotsOnTargetOutsideBox,pl_stats/A_Villa_7/players_stats/2023-24_players_stats.csv,
PL_PULSELIVE_HISTORICAL,player_season,2023-24,starts,pl_stats/A_Villa_7/players_stats/2023-24_players_stats.csv,
PL_PULSELIVE_HISTORICAL,player_season,2023-24,straightRedCards,pl_stats/A_Villa_7/players_stats/2023-24_players_stats.csv,
PL_PULSELIVE_HISTORICAL,player_season,2023-24,substituteOff,pl_stats/A_Villa_7/players_stats/2023-24_players_stats.csv,
PL_PULSELIVE_HISTORICAL,player_season,2023-24,substituteOn,pl_stats/A_Villa_7/players_stats/2023-24_players_stats.csv,
PL_PULSELIVE_HISTORICAL,player_season,2023-24,successfulCornersIntoBox,pl_stats/A_Villa_7/players_stats/2023-24_players_stats.csv,
PL_PULSELIVE_HISTORICAL,player_season,2023-24,successfulCrossesAndCorners,pl_stats/A_Villa_7/players_stats/2023-24_players_stats.csv,
PL_PULSELIVE_HISTORICAL,player_season,2023-24,successfulCrossesOpenPlay,pl_stats/A_Villa_7/players_stats/2023-24_players_stats.csv,
PL_PULSELIVE_HISTORICAL,player_season,2023-24,successfulDribbles,pl_stats/A_Villa_7/players_stats/2023-24_players_stats.csv,
PL_PULSELIVE_HISTORICAL,player_season,2023-24,successfulLaunches,pl_stats/A_Villa_7/players_stats/2023-24_players_stats.csv,
PL_PULSELIVE_HISTORICAL,player_season,2023-24,successfulLayoffs,pl_stats/A_Villa_7/players_stats/2023-24_players_stats.csv,
PL_PULSELIVE_HISTORICAL,player_season,2023-24,successfulLongPasses,pl_stats/A_Villa_7/players_stats/2023-24_players_stats.csv,
PL_PULSELIVE_HISTORICAL,player_season,2023-24,successfulPassesOppositionHalf,pl_stats/A_Villa_7/players_stats/2023-24_players_stats.csv,
PL_PULSELIVE_HISTORICAL,player_season,2023-24,successfulPassesOwnHalf,pl_stats/A_Villa_7/players_stats/2023-24_players_stats.csv,
PL_PULSELIVE_HISTORICAL,player_season,2023-24,successfulShortPasses,pl_stats/A_Villa_7/players_stats/2023-24_players_stats.csv,
PL_PULSELIVE_HISTORICAL,player_season,2023-24,tacklesLost,pl_stats/A_Villa_7/players_stats/2023-24_players_stats.csv,
PL_PULSELIVE_HISTORICAL,player_season,2023-24,tacklesWon,pl_stats/A_Villa_7/players_stats/2023-24_players_stats.csv,
PL_PULSELIVE_HISTORICAL,player_season,2023-24,team_id,pl_stats/A_Villa_7/players_stats/2023-24_players_stats.csv,
PL_PULSELIVE_HISTORICAL,player_season,2023-24,team_name,pl_stats/A_Villa_7/players_stats/2023-24_players_stats.csv,
PL_PULSELIVE_HISTORICAL,player_season,2023-24,throughBalls,pl_stats/A_Villa_7/players_stats/2023-24_players_stats.csv,
PL_PULSELIVE_HISTORICAL,player_season,2023-24,throwInsToOppositionPlayer,pl_stats/A_Villa_7/players_stats/2023-24_players_stats.csv,
PL_PULSELIVE_HISTORICAL,player_season,2023-24,throwInsToOwnPlayer,pl_stats/A_Villa_7/players_stats/2023-24_players_stats.csv,
PL_PULSELIVE_HISTORICAL,player_season,2023-24,timePlayed,pl_stats/A_Villa_7/players_stats/2023-24_players_stats.csv,
PL_PULSELIVE_HISTORICAL,player_season,2023-24,timesTackled,pl_stats/A_Villa_7/players_stats/2023-24_players_stats.csv,
PL_PULSELIVE_HISTORICAL,player_season,2023-24,totalClearances,pl_stats/A_Villa_7/players_stats/2023-24_players_stats.csv,
PL_PULSELIVE_HISTORICAL,player_season,2023-24,totalFoulsConceded,pl_stats/A_Villa_7/players_stats/2023-24_players_stats.csv,
PL_PULSELIVE_HISTORICAL,player_season,2023-24,totalFoulsWon,pl_stats/A_Villa_7/players_stats/2023-24_players_stats.csv,
PL_PULSELIVE_HISTORICAL,player_season,2023-24,totalLossesOfPossession,pl_stats/A_Villa_7/players_stats/2023-24_players_stats.csv,
PL_PULSELIVE_HISTORICAL,player_season,2023-24,totalPasses,pl_stats/A_Villa_7/players_stats/2023-24_players_stats.csv,
PL_PULSELIVE_HISTORICAL,player_season,2023-24,totalRedCards,pl_stats/A_Villa_7/players_stats/2023-24_players_stats.csv,
PL_PULSELIVE_HISTORICAL,player_season,2023-24,totalShots,pl_stats/A_Villa_7/players_stats/2023-24_players_stats.csv,
PL_PULSELIVE_HISTORICAL,player_season,2023-24,totalTackles,pl_stats/A_Villa_7/players_stats/2023-24_players_stats.csv,
PL_PULSELIVE_HISTORICAL,player_season,2023-24,totalTouchesInOppositionBox,pl_stats/A_Villa_7/players_stats/2023-24_players_stats.csv,
PL_PULSELIVE_HISTORICAL,player_season,2023-24,totalUnsuccessfulPassesExclCrossesAndCorners,pl_stats/A_Villa_7/players_stats/2023-24_players_stats.csv,
PL_PULSELIVE_HISTORICAL,player_season,2023-24,touches,pl_stats/A_Villa_7/players_stats/2023-24_players_stats.csv,
PL_PULSELIVE_HISTORICAL,player_season,2023-24,unsuccessfulCornersIntoBox,pl_stats/A_Villa_7/players_stats/2023-24_players_stats.csv,
PL_PULSELIVE_HISTORICAL,player_season,2023-24,unsuccessfulCrossesAndCorners,pl_stats/A_Villa_7/players_stats/2023-24_players_stats.csv,
PL_PULSELIVE_HISTORICAL,player_season,2023-24,unsuccessfulCrossesOpenPlay,pl_stats/A_Villa_7/players_stats/2023-24_players_stats.csv,
PL_PULSELIVE_HISTORICAL,player_season,2023-24,unsuccessfulDribbles,pl_stats/A_Villa_7/players_stats/2023-24_players_stats.csv,
PL_PULSELIVE_HISTORICAL,player_season,2023-24,unsuccessfulLaunches,pl_stats/A_Villa_7/players_stats/2023-24_players_stats.csv,
PL_PULSELIVE_HISTORICAL,player_season,2023-24,unsuccessfulLayoffs,pl_stats/A_Villa_7/players_stats/2023-24_players_stats.csv,
PL_PULSELIVE_HISTORICAL,player_season,2023-24,unsuccessfulLongPasses,pl_stats/A_Villa_7/players_stats/2023-24_players_stats.csv,
PL_PULSELIVE_HISTORICAL,player_season,2023-24,unsuccessfulPassesOwnHalf,pl_stats/A_Villa_7/players_stats/2023-24_players_stats.csv,
PL_PULSELIVE_HISTORICAL,player_season,2023-24,unsuccessfulShortPasses,pl_stats/A_Villa_7/players_stats/2023-24_players_stats.csv,
PL_PULSELIVE_HISTORICAL,player_season,2023-24,winningGoal,pl_stats/A_Villa_7/players_stats/2023-24_players_stats.csv,
PL_PULSELIVE_HISTORICAL,player_season,2023-24,yellowCards,pl_stats/A_Villa_7/players_stats/2023-24_players_stats.csv,
PL_PULSELIVE_HISTORICAL,player_season,2024-25,aerialDuels,pl_stats/A_Villa_7/players_stats/2024-25_players_stats.csv,
PL_PULSELIVE_HISTORICAL,player_season,2024-25,aerialDuelsLost,pl_stats/A_Villa_7/players_stats/2024-25_players_stats.csv,
PL_PULSELIVE_HISTORICAL,player_season,2024-25,aerialDuelsWon,pl_stats/A_Villa_7/players_stats/2024-25_players_stats.csv,
PL_PULSELIVE_HISTORICAL,player_season,2024-25,appearances,pl_stats/A_Villa_7/players_stats/2024-25_players_stats.csv,
PL_PULSELIVE_HISTORICAL,player_season,2024-25,attemptsFromSetPieces,pl_stats/A_Villa_7/players_stats/2024-25_players_stats.csv,
PL_PULSELIVE_HISTORICAL,player_season,2024-25,awayGoals,pl_stats/A_Villa_7/players_stats/2024-25_players_stats.csv,
PL_PULSELIVE_HISTORICAL,player_season,2024-25,backwardPasses,pl_stats/A_Villa_7/players_stats/2024-25_players_stats.csv,
PL_PULSELIVE_HISTORICAL,player_season,2024-25,blockedShots,pl_stats/A_Villa_7/players_stats/2024-25_players_stats.csv,
PL_PULSELIVE_HISTORICAL,player_season,2024-25,blocks,pl_stats/A_Villa_7/players_stats/2024-25_players_stats.csv,
PL_PULSELIVE_HISTORICAL,player_season,2024-25,catches,pl_stats/A_Villa_7/players_stats/2024-25_players_stats.csv,
PL_PULSELIVE_HISTORICAL,player_season,2024-25,cleanSheets,pl_stats/A_Villa_7/players_stats/2024-25_players_stats.csv,
PL_PULSELIVE_HISTORICAL,player_season,2024-25,clearancesOffTheLine,pl_stats/A_Villa_7/players_stats/2024-25_players_stats.csv,
PL_PULSELIVE_HISTORICAL,player_season,2024-25,cornersTakenInclShortCorners,pl_stats/A_Villa_7/players_stats/2024-25_players_stats.csv,
PL_PULSELIVE_HISTORICAL,player_season,2024-25,cornersWon,pl_stats/A_Villa_7/players_stats/2024-25_players_stats.csv,
PL_PULSELIVE_HISTORICAL,player_season,2024-25,drops,pl_stats/A_Villa_7/players_stats/2024-25_players_stats.csv,
PL_PULSELIVE_HISTORICAL,player_season,2024-25,duels,pl_stats/A_Villa_7/players_stats/2024-25_players_stats.csv,
PL_PULSELIVE_HISTORICAL,player_season,2024-25,duelsLost,pl_stats/A_Villa_7/players_stats/2024-25_players_stats.csv,
PL_PULSELIVE_HISTORICAL,player_season,2024-25,duelsWon,pl_stats/A_Villa_7/players_stats/2024-25_players_stats.csv,
PL_PULSELIVE_HISTORICAL,player_season,2024-25,expectedAssists,pl_stats/A_Villa_7/players_stats/2024-25_players_stats.csv,
PL_PULSELIVE_HISTORICAL,player_season,2024-25,expectedGoals,pl_stats/A_Villa_7/players_stats/2024-25_players_stats.csv,
PL_PULSELIVE_HISTORICAL,player_season,2024-25,expectedGoalsFreekick,pl_stats/A_Villa_7/players_stats/2024-25_players_stats.csv,
PL_PULSELIVE_HISTORICAL,player_season,2024-25,expectedGoalsOnTarget,pl_stats/A_Villa_7/players_stats/2024-25_players_stats.csv,
PL_PULSELIVE_HISTORICAL,player_season,2024-25,expectedGoalsOnTargetConceded,pl_stats/A_Villa_7/players_stats/2024-25_players_stats.csv,
PL_PULSELIVE_HISTORICAL,player_season,2024-25,forwardPasses,pl_stats/A_Villa_7/players_stats/2024-25_players_stats.csv,
PL_PULSELIVE_HISTORICAL,player_season,2024-25,foulAttemptedTackle,pl_stats/A_Villa_7/players_stats/2024-25_players_stats.csv,
PL_PULSELIVE_HISTORICAL,player_season,2024-25,foulWonPenalty,pl_stats/A_Villa_7/players_stats/2024-25_players_stats.csv,
PL_PULSELIVE_HISTORICAL,player_season,2024-25,freekickTotal,pl_stats/A_Villa_7/players_stats/2024-25_players_stats.csv,
PL_PULSELIVE_HISTORICAL,player_season,2024-25,gamesPlayed,pl_stats/A_Villa_7/players_stats/2024-25_players_stats.csv,
PL_PULSELIVE_HISTORICAL,player_season,2024-25,gkSuccessfulDistribution,pl_stats/A_Villa_7/players_stats/2024-25_players_stats.csv,
PL_PULSELIVE_HISTORICAL,player_season,2024-25,gkUnsuccessfulDistribution,pl_stats/A_Villa_7/players_stats/2024-25_players_stats.csv,
PL_PULSELIVE_HISTORICAL,player_season,2024-25,goalAssists,pl_stats/A_Villa_7/players_stats/2024-25_players_stats.csv,
PL_PULSELIVE_HISTORICAL,player_season,2024-25,goalKicks,pl_stats/A_Villa_7/players_stats/2024-25_players_stats.csv,
PL_PULSELIVE_HISTORICAL,player_season,2024-25,goalkeeperSmother,pl_stats/A_Villa_7/players_stats/2024-25_players_stats.csv,
PL_PULSELIVE_HISTORICAL,player_season,2024-25,goals,pl_stats/A_Villa_7/players_stats/2024-25_players_stats.csv,
PL_PULSELIVE_HISTORICAL,player_season,2024-25,goalsConceded,pl_stats/A_Villa_7/players_stats/2024-25_players_stats.csv,
PL_PULSELIVE_HISTORICAL,player_season,2024-25,goalsConcededInsideBox,pl_stats/A_Villa_7/players_stats/2024-25_players_stats.csv,
PL_PULSELIVE_HISTORICAL,player_season,2024-25,goalsConcededOutsideBox,pl_stats/A_Villa_7/players_stats/2024-25_players_stats.csv,
PL_PULSELIVE_HISTORICAL,player_season,2024-25,groundDuels,pl_stats/A_Villa_7/players_stats/2024-25_players_stats.csv,
PL_PULSELIVE_HISTORICAL,player_season,2024-25,groundDuelsLost,pl_stats/A_Villa_7/players_stats/2024-25_players_stats.csv,
PL_PULSELIVE_HISTORICAL,player_season,2024-25,groundDuelsWon,pl_stats/A_Villa_7/players_stats/2024-25_players_stats.csv,
PL_PULSELIVE_HISTORICAL,player_season,2024-25,handballsConceded,pl_stats/A_Villa_7/players_stats/2024-25_players_stats.csv,
PL_PULSELIVE_HISTORICAL,player_season,2024-25,headedGoals,pl_stats/A_Villa_7/players_stats/2024-25_players_stats.csv,
PL_PULSELIVE_HISTORICAL,player_season,2024-25,hitWoodwork,pl_stats/A_Villa_7/players_stats/2024-25_players_stats.csv,
PL_PULSELIVE_HISTORICAL,player_season,2024-25,homeGoals,pl_stats/A_Villa_7/players_stats/2024-25_players_stats.csv,
PL_PULSELIVE_HISTORICAL,player_season,2024-25,iboxBlocked,pl_stats/A_Villa_7/players_stats/2024-25_players_stats.csv,
PL_PULSELIVE_HISTORICAL,player_season,2024-25,iboxTarget,pl_stats/A_Villa_7/players_stats/2024-25_players_stats.csv,
PL_PULSELIVE_HISTORICAL,player_season,2024-25,interceptions,pl_stats/A_Villa_7/players_stats/2024-25_players_stats.csv,
PL_PULSELIVE_HISTORICAL,player_season,2024-25,keyPassesAttemptAssists,pl_stats/A_Villa_7/players_stats/2024-25_players_stats.csv,
PL_PULSELIVE_HISTORICAL,player_season,2024-25,lastPlayerTackle,pl_stats/A_Villa_7/players_stats/2024-25_players_stats.csv,
PL_PULSELIVE_HISTORICAL,player_season,2024-25,leftFootGoals,pl_stats/A_Villa_7/players_stats/2024-25_players_stats.csv,
PL_PULSELIVE_HISTORICAL,player_season,2024-25,leftsidePasses,pl_stats/A_Villa_7/players_stats/2024-25_players_stats.csv,
PL_PULSELIVE_HISTORICAL,player_season,2024-25,nationality,pl_stats/A_Villa_7/players_stats/2024-25_players_stats.csv,
PL_PULSELIVE_HISTORICAL,player_season,2024-25,oboxBlocked,pl_stats/A_Villa_7/players_stats/2024-25_players_stats.csv,
PL_PULSELIVE_HISTORICAL,player_season,2024-25,oboxTarget,pl_stats/A_Villa_7/players_stats/2024-25_players_stats.csv,
PL_PULSELIVE_HISTORICAL,player_season,2024-25,offsides,pl_stats/A_Villa_7/players_stats/2024-25_players_stats.csv,
PL_PULSELIVE_HISTORICAL,player_season,2024-25,openPlayPasses,pl_stats/A_Villa_7/players_stats/2024-25_players_stats.csv,
PL_PULSELIVE_HISTORICAL,player_season,2024-25,overruns,pl_stats/A_Villa_7/players_stats/2024-25_players_stats.csv,
PL_PULSELIVE_HISTORICAL,player_season,2024-25,penaltiesConceded,pl_stats/A_Villa_7/players_stats/2024-25_players_stats.csv,
PL_PULSELIVE_HISTORICAL,player_season,2024-25,penaltiesFaced,pl_stats/A_Villa_7/players_stats/2024-25_players_stats.csv,
PL_PULSELIVE_HISTORICAL,player_season,2024-25,penaltiesSaved,pl_stats/A_Villa_7/players_stats/2024-25_players_stats.csv,
PL_PULSELIVE_HISTORICAL,player_season,2024-25,penaltiesTaken,pl_stats/A_Villa_7/players_stats/2024-25_players_stats.csv,
PL_PULSELIVE_HISTORICAL,player_season,2024-25,penaltyGoals,pl_stats/A_Villa_7/players_stats/2024-25_players_stats.csv,
PL_PULSELIVE_HISTORICAL,player_season,2024-25,penaltyGoalsConceded,pl_stats/A_Villa_7/players_stats/2024-25_players_stats.csv,
PL_PULSELIVE_HISTORICAL,player_season,2024-25,playerId,pl_stats/A_Villa_7/players_stats/2024-25_players_stats.csv,
PL_PULSELIVE_HISTORICAL,player_season,2024-25,playerName,pl_stats/A_Villa_7/players_stats/2024-25_players_stats.csv,
PL_PULSELIVE_HISTORICAL,player_season,2024-25,position,pl_stats/A_Villa_7/players_stats/2024-25_players_stats.csv,
PL_PULSELIVE_HISTORICAL,player_season,2024-25,punches,pl_stats/A_Villa_7/players_stats/2024-25_players_stats.csv,
PL_PULSELIVE_HISTORICAL,player_season,2024-25,putthroughBlockedDistribution,pl_stats/A_Villa_7/players_stats/2024-25_players_stats.csv,
PL_PULSELIVE_HISTORICAL,player_season,2024-25,putthroughBlockedDistributionWon,pl_stats/A_Villa_7/players_stats/2024-25_players_stats.csv,
PL_PULSELIVE_HISTORICAL,player_season,2024-25,recoveries,pl_stats/A_Villa_7/players_stats/2024-25_players_stats.csv,
PL_PULSELIVE_HISTORICAL,player_season,2024-25,redCards2ndYellow,pl_stats/A_Villa_7/players_stats/2024-25_players_stats.csv,
PL_PULSELIVE_HISTORICAL,player_season,2024-25,rightFootGoals,pl_stats/A_Villa_7/players_stats/2024-25_players_stats.csv,
PL_PULSELIVE_HISTORICAL,player_season,2024-25,rightsidePasses,pl_stats/A_Villa_7/players_stats/2024-25_players_stats.csv,
PL_PULSELIVE_HISTORICAL,player_season,2024-25,savesFromPenalty,pl_stats/A_Villa_7/players_stats/2024-25_players_stats.csv,
PL_PULSELIVE_HISTORICAL,player_season,2024-25,savesMade,pl_stats/A_Villa_7/players_stats/2024-25_players_stats.csv,
PL_PULSELIVE_HISTORICAL,player_season,2024-25,savesMadeCaught,pl_stats/A_Villa_7/players_stats/2024-25_players_stats.csv,
PL_PULSELIVE_HISTORICAL,player_season,2024-25,savesMadeFromInsideBox,pl_stats/A_Villa_7/players_stats/2024-25_players_stats.csv,
PL_PULSELIVE_HISTORICAL,player_season,2024-25,savesMadeFromOutsideBox,pl_stats/A_Villa_7/players_stats/2024-25_players_stats.csv,
PL_PULSELIVE_HISTORICAL,player_season,2024-25,savesMadeParried,pl_stats/A_Villa_7/players_stats/2024-25_players_stats.csv,
PL_PULSELIVE_HISTORICAL,player_season,2024-25,season,pl_stats/A_Villa_7/players_stats/2024-25_players_stats.csv,
PL_PULSELIVE_HISTORICAL,player_season,2024-25,secondGoalAssists,pl_stats/A_Villa_7/players_stats/2024-25_players_stats.csv,
PL_PULSELIVE_HISTORICAL,player_season,2024-25,shotsBlockedInBox,pl_stats/A_Villa_7/players_stats/2024-25_players_stats.csv,
PL_PULSELIVE_HISTORICAL,player_season,2024-25,shotsBlockedOutsideBox,pl_stats/A_Villa_7/players_stats/2024-25_players_stats.csv,
PL_PULSELIVE_HISTORICAL,player_season,2024-25,shotsOffTargetIncWoodwork,pl_stats/A_Villa_7/players_stats/2024-25_players_stats.csv,
PL_PULSELIVE_HISTORICAL,player_season,2024-25,shotsOnTargetInBox,pl_stats/A_Villa_7/players_stats/2024-25_players_stats.csv,
PL_PULSELIVE_HISTORICAL,player_season,2024-25,shotsOnTargetIncGoals,pl_stats/A_Villa_7/players_stats/2024-25_players_stats.csv,
PL_PULSELIVE_HISTORICAL,player_season,2024-25,shotsOnTargetOutsideBox,pl_stats/A_Villa_7/players_stats/2024-25_players_stats.csv,
PL_PULSELIVE_HISTORICAL,player_season,2024-25,starts,pl_stats/A_Villa_7/players_stats/2024-25_players_stats.csv,
PL_PULSELIVE_HISTORICAL,player_season,2024-25,straightRedCards,pl_stats/A_Villa_7/players_stats/2024-25_players_stats.csv,
PL_PULSELIVE_HISTORICAL,player_season,2024-25,substituteOff,pl_stats/A_Villa_7/players_stats/2024-25_players_stats.csv,
PL_PULSELIVE_HISTORICAL,player_season,2024-25,substituteOn,pl_stats/A_Villa_7/players_stats/2024-25_players_stats.csv,
PL_PULSELIVE_HISTORICAL,player_season,2024-25,successfulCornersIntoBox,pl_stats/A_Villa_7/players_stats/2024-25_players_stats.csv,
PL_PULSELIVE_HISTORICAL,player_season,2024-25,successfulCrossesAndCorners,pl_stats/A_Villa_7/players_stats/2024-25_players_stats.csv,
PL_PULSELIVE_HISTORICAL,player_season,2024-25,successfulCrossesOpenPlay,pl_stats/A_Villa_7/players_stats/2024-25_players_stats.csv,
PL_PULSELIVE_HISTORICAL,player_season,2024-25,successfulDribbles,pl_stats/A_Villa_7/players_stats/2024-25_players_stats.csv,
PL_PULSELIVE_HISTORICAL,player_season,2024-25,successfulLaunches,pl_stats/A_Villa_7/players_stats/2024-25_players_stats.csv,
PL_PULSELIVE_HISTORICAL,player_season,2024-25,successfulLayoffs,pl_stats/A_Villa_7/players_stats/2024-25_players_stats.csv,
PL_PULSELIVE_HISTORICAL,player_season,2024-25,successfulLongPasses,pl_stats/A_Villa_7/players_stats/2024-25_players_stats.csv,
PL_PULSELIVE_HISTORICAL,player_season,2024-25,successfulPassesOppositionHalf,pl_stats/A_Villa_7/players_stats/2024-25_players_stats.csv,
PL_PULSELIVE_HISTORICAL,player_season,2024-25,successfulPassesOwnHalf,pl_stats/A_Villa_7/players_stats/2024-25_players_stats.csv,
PL_PULSELIVE_HISTORICAL,player_season,2024-25,successfulShortPasses,pl_stats/A_Villa_7/players_stats/2024-25_players_stats.csv,
PL_PULSELIVE_HISTORICAL,player_season,2024-25,tacklesLost,pl_stats/A_Villa_7/players_stats/2024-25_players_stats.csv,
PL_PULSELIVE_HISTORICAL,player_season,2024-25,tacklesWon,pl_stats/A_Villa_7/players_stats/2024-25_players_stats.csv,
PL_PULSELIVE_HISTORICAL,player_season,2024-25,team_id,pl_stats/A_Villa_7/players_stats/2024-25_players_stats.csv,
PL_PULSELIVE_HISTORICAL,player_season,2024-25,team_name,pl_stats/A_Villa_7/players_stats/2024-25_players_stats.csv,
PL_PULSELIVE_HISTORICAL,player_season,2024-25,throughBalls,pl_stats/A_Villa_7/players_stats/2024-25_players_stats.csv,
PL_PULSELIVE_HISTORICAL,player_season,2024-25,throwInsToOppositionPlayer,pl_stats/A_Villa_7/players_stats/2024-25_players_stats.csv,
PL_PULSELIVE_HISTORICAL,player_season,2024-25,throwInsToOwnPlayer,pl_stats/A_Villa_7/players_stats/2024-25_players_stats.csv,
PL_PULSELIVE_HISTORICAL,player_season,2024-25,timePlayed,pl_stats/A_Villa_7/players_stats/2024-25_players_stats.csv,
PL_PULSELIVE_HISTORICAL,player_season,2024-25,timesTackled,pl_stats/A_Villa_7/players_stats/2024-25_players_stats.csv,
PL_PULSELIVE_HISTORICAL,player_season,2024-25,totalClearances,pl_stats/A_Villa_7/players_stats/2024-25_players_stats.csv,
PL_PULSELIVE_HISTORICAL,player_season,2024-25,totalFoulsConceded,pl_stats/A_Villa_7/players_stats/2024-25_players_stats.csv,
PL_PULSELIVE_HISTORICAL,player_season,2024-25,totalFoulsWon,pl_stats/A_Villa_7/players_stats/2024-25_players_stats.csv,
PL_PULSELIVE_HISTORICAL,player_season,2024-25,totalLossesOfPossession,pl_stats/A_Villa_7/players_stats/2024-25_players_stats.csv,
PL_PULSELIVE_HISTORICAL,player_season,2024-25,totalPasses,pl_stats/A_Villa_7/players_stats/2024-25_players_stats.csv,
PL_PULSELIVE_HISTORICAL,player_season,2024-25,totalRedCards,pl_stats/A_Villa_7/players_stats/2024-25_players_stats.csv,
PL_PULSELIVE_HISTORICAL,player_season,2024-25,totalShots,pl_stats/A_Villa_7/players_stats/2024-25_players_stats.csv,
PL_PULSELIVE_HISTORICAL,player_season,2024-25,totalTackles,pl_stats/A_Villa_7/players_stats/2024-25_players_stats.csv,
PL_PULSELIVE_HISTORICAL,player_season,2024-25,totalTouchesInOppositionBox,pl_stats/A_Villa_7/players_stats/2024-25_players_stats.csv,
PL_PULSELIVE_HISTORICAL,player_season,2024-25,totalUnsuccessfulPassesExclCrossesAndCorners,pl_stats/A_Villa_7/players_stats/2024-25_players_stats.csv,
PL_PULSELIVE_HISTORICAL,player_season,2024-25,touches,pl_stats/A_Villa_7/players_stats/2024-25_players_stats.csv,
PL_PULSELIVE_HISTORICAL,player_season,2024-25,unsuccessfulCornersIntoBox,pl_stats/A_Villa_7/players_stats/2024-25_players_stats.csv,
PL_PULSELIVE_HISTORICAL,player_season,2024-25,unsuccessfulCrossesAndCorners,pl_stats/A_Villa_7/players_stats/2024-25_players_stats.csv,
PL_PULSELIVE_HISTORICAL,player_season,2024-25,unsuccessfulCrossesOpenPlay,pl_stats/A_Villa_7/players_stats/2024-25_players_stats.csv,
PL_PULSELIVE_HISTORICAL,player_season,2024-25,unsuccessfulDribbles,pl_stats/A_Villa_7/players_stats/2024-25_players_stats.csv,
PL_PULSELIVE_HISTORICAL,player_season,2024-25,unsuccessfulLaunches,pl_stats/A_Villa_7/players_stats/2024-25_players_stats.csv,
PL_PULSELIVE_HISTORICAL,player_season,2024-25,unsuccessfulLayoffs,pl_stats/A_Villa_7/players_stats/2024-25_players_stats.csv,
PL_PULSELIVE_HISTORICAL,player_season,2024-25,unsuccessfulLongPasses,pl_stats/A_Villa_7/players_stats/2024-25_players_stats.csv,
PL_PULSELIVE_HISTORICAL,player_season,2024-25,unsuccessfulPassesOwnHalf,pl_stats/A_Villa_7/players_stats/2024-25_players_stats.csv,
PL_PULSELIVE_HISTORICAL,player_season,2024-25,unsuccessfulShortPasses,pl_stats/A_Villa_7/players_stats/2024-25_players_stats.csv,
PL_PULSELIVE_HISTORICAL,player_season,2024-25,winningGoal,pl_stats/A_Villa_7/players_stats/2024-25_players_stats.csv,
PL_PULSELIVE_HISTORICAL,player_season,2024-25,yellowCards,pl_stats/A_Villa_7/players_stats/2024-25_players_stats.csv,
PL_PULSELIVE_HISTORICAL,player_season,2025-26,aerialDuels,pl_stats/A_Villa_7/players_stats/2025-26_players_stats.csv,
PL_PULSELIVE_HISTORICAL,player_season,2025-26,aerialDuelsLost,pl_stats/A_Villa_7/players_stats/2025-26_players_stats.csv,
PL_PULSELIVE_HISTORICAL,player_season,2025-26,aerialDuelsWon,pl_stats/A_Villa_7/players_stats/2025-26_players_stats.csv,
PL_PULSELIVE_HISTORICAL,player_season,2025-26,appearances,pl_stats/A_Villa_7/players_stats/2025-26_players_stats.csv,
PL_PULSELIVE_HISTORICAL,player_season,2025-26,attemptsFromSetPieces,pl_stats/A_Villa_7/players_stats/2025-26_players_stats.csv,
PL_PULSELIVE_HISTORICAL,player_season,2025-26,awayGoals,pl_stats/A_Villa_7/players_stats/2025-26_players_stats.csv,
PL_PULSELIVE_HISTORICAL,player_season,2025-26,backwardPasses,pl_stats/A_Villa_7/players_stats/2025-26_players_stats.csv,
PL_PULSELIVE_HISTORICAL,player_season,2025-26,blockedShots,pl_stats/A_Villa_7/players_stats/2025-26_players_stats.csv,
PL_PULSELIVE_HISTORICAL,player_season,2025-26,blocks,pl_stats/A_Villa_7/players_stats/2025-26_players_stats.csv,
PL_PULSELIVE_HISTORICAL,player_season,2025-26,catches,pl_stats/A_Villa_7/players_stats/2025-26_players_stats.csv,
PL_PULSELIVE_HISTORICAL,player_season,2025-26,cleanSheets,pl_stats/A_Villa_7/players_stats/2025-26_players_stats.csv,
PL_PULSELIVE_HISTORICAL,player_season,2025-26,clearancesOffTheLine,pl_stats/A_Villa_7/players_stats/2025-26_players_stats.csv,
PL_PULSELIVE_HISTORICAL,player_season,2025-26,cornersTakenInclShortCorners,pl_stats/A_Villa_7/players_stats/2025-26_players_stats.csv,
PL_PULSELIVE_HISTORICAL,player_season,2025-26,cornersWon,pl_stats/A_Villa_7/players_stats/2025-26_players_stats.csv,
PL_PULSELIVE_HISTORICAL,player_season,2025-26,crossesNotClaimed,pl_stats/A_Villa_7/players_stats/2025-26_players_stats.csv,
PL_PULSELIVE_HISTORICAL,player_season,2025-26,drops,pl_stats/A_Villa_7/players_stats/2025-26_players_stats.csv,
PL_PULSELIVE_HISTORICAL,player_season,2025-26,duels,pl_stats/A_Villa_7/players_stats/2025-26_players_stats.csv,
PL_PULSELIVE_HISTORICAL,player_season,2025-26,duelsLost,pl_stats/A_Villa_7/players_stats/2025-26_players_stats.csv,
PL_PULSELIVE_HISTORICAL,player_season,2025-26,duelsWon,pl_stats/A_Villa_7/players_stats/2025-26_players_stats.csv,
PL_PULSELIVE_HISTORICAL,player_season,2025-26,expectedAssists,pl_stats/A_Villa_7/players_stats/2025-26_players_stats.csv,
PL_PULSELIVE_HISTORICAL,player_season,2025-26,expectedGoals,pl_stats/A_Villa_7/players_stats/2025-26_players_stats.csv,
PL_PULSELIVE_HISTORICAL,player_season,2025-26,expectedGoalsFreekick,pl_stats/A_Villa_7/players_stats/2025-26_players_stats.csv,
PL_PULSELIVE_HISTORICAL,player_season,2025-26,expectedGoalsOnTarget,pl_stats/A_Villa_7/players_stats/2025-26_players_stats.csv,
PL_PULSELIVE_HISTORICAL,player_season,2025-26,expectedGoalsOnTargetConceded,pl_stats/A_Villa_7/players_stats/2025-26_players_stats.csv,
PL_PULSELIVE_HISTORICAL,player_season,2025-26,forwardPasses,pl_stats/A_Villa_7/players_stats/2025-26_players_stats.csv,
PL_PULSELIVE_HISTORICAL,player_season,2025-26,foulAttemptedTackle,pl_stats/A_Villa_7/players_stats/2025-26_players_stats.csv,
PL_PULSELIVE_HISTORICAL,player_season,2025-26,freekickTotal,pl_stats/A_Villa_7/players_stats/2025-26_players_stats.csv,
PL_PULSELIVE_HISTORICAL,player_season,2025-26,gamesPlayed,pl_stats/A_Villa_7/players_stats/2025-26_players_stats.csv,
PL_PULSELIVE_HISTORICAL,player_season,2025-26,gkSuccessfulDistribution,pl_stats/A_Villa_7/players_stats/2025-26_players_stats.csv,
PL_PULSELIVE_HISTORICAL,player_season,2025-26,gkUnsuccessfulDistribution,pl_stats/A_Villa_7/players_stats/2025-26_players_stats.csv,
PL_PULSELIVE_HISTORICAL,player_season,2025-26,goalAssists,pl_stats/A_Villa_7/players_stats/2025-26_players_stats.csv,
PL_PULSELIVE_HISTORICAL,player_season,2025-26,goalKicks,pl_stats/A_Villa_7/players_stats/2025-26_players_stats.csv,
PL_PULSELIVE_HISTORICAL,player_season,2025-26,goalkeeperSmother,pl_stats/A_Villa_7/players_stats/2025-26_players_stats.csv,
PL_PULSELIVE_HISTORICAL,player_season,2025-26,goals,pl_stats/A_Villa_7/players_stats/2025-26_players_stats.csv,
PL_PULSELIVE_HISTORICAL,player_season,2025-26,goalsConceded,pl_stats/A_Villa_7/players_stats/2025-26_players_stats.csv,
PL_PULSELIVE_HISTORICAL,player_season,2025-26,goalsConcededInsideBox,pl_stats/A_Villa_7/players_stats/2025-26_players_stats.csv,
PL_PULSELIVE_HISTORICAL,player_season,2025-26,goalsConcededOutsideBox,pl_stats/A_Villa_7/players_stats/2025-26_players_stats.csv,
PL_PULSELIVE_HISTORICAL,player_season,2025-26,groundDuels,pl_stats/A_Villa_7/players_stats/2025-26_players_stats.csv,
PL_PULSELIVE_HISTORICAL,player_season,2025-26,groundDuelsLost,pl_stats/A_Villa_7/players_stats/2025-26_players_stats.csv,
PL_PULSELIVE_HISTORICAL,player_season,2025-26,groundDuelsWon,pl_stats/A_Villa_7/players_stats/2025-26_players_stats.csv,
PL_PULSELIVE_HISTORICAL,player_season,2025-26,handballsConceded,pl_stats/A_Villa_7/players_stats/2025-26_players_stats.csv,
PL_PULSELIVE_HISTORICAL,player_season,2025-26,headedGoals,pl_stats/A_Villa_7/players_stats/2025-26_players_stats.csv,
PL_PULSELIVE_HISTORICAL,player_season,2025-26,hitWoodwork,pl_stats/A_Villa_7/players_stats/2025-26_players_stats.csv,
PL_PULSELIVE_HISTORICAL,player_season,2025-26,homeGoals,pl_stats/A_Villa_7/players_stats/2025-26_players_stats.csv,
PL_PULSELIVE_HISTORICAL,player_season,2025-26,iboxBlocked,pl_stats/A_Villa_7/players_stats/2025-26_players_stats.csv,
PL_PULSELIVE_HISTORICAL,player_season,2025-26,iboxTarget,pl_stats/A_Villa_7/players_stats/2025-26_players_stats.csv,
PL_PULSELIVE_HISTORICAL,player_season,2025-26,interceptions,pl_stats/A_Villa_7/players_stats/2025-26_players_stats.csv,
PL_PULSELIVE_HISTORICAL,player_season,2025-26,keyPassesAttemptAssists,pl_stats/A_Villa_7/players_stats/2025-26_players_stats.csv,
PL_PULSELIVE_HISTORICAL,player_season,2025-26,lastPlayerTackle,pl_stats/A_Villa_7/players_stats/2025-26_players_stats.csv,
PL_PULSELIVE_HISTORICAL,player_season,2025-26,leftFootGoals,pl_stats/A_Villa_7/players_stats/2025-26_players_stats.csv,
PL_PULSELIVE_HISTORICAL,player_season,2025-26,leftsidePasses,pl_stats/A_Villa_7/players_stats/2025-26_players_stats.csv,
PL_PULSELIVE_HISTORICAL,player_season,2025-26,nationality,pl_stats/A_Villa_7/players_stats/2025-26_players_stats.csv,
PL_PULSELIVE_HISTORICAL,player_season,2025-26,oboxBlocked,pl_stats/A_Villa_7/players_stats/2025-26_players_stats.csv,
PL_PULSELIVE_HISTORICAL,player_season,2025-26,oboxTarget,pl_stats/A_Villa_7/players_stats/2025-26_players_stats.csv,
PL_PULSELIVE_HISTORICAL,player_season,2025-26,offsides,pl_stats/A_Villa_7/players_stats/2025-26_players_stats.csv,
PL_PULSELIVE_HISTORICAL,player_season,2025-26,openPlayPasses,pl_stats/A_Villa_7/players_stats/2025-26_players_stats.csv,
PL_PULSELIVE_HISTORICAL,player_season,2025-26,overruns,pl_stats/A_Villa_7/players_stats/2025-26_players_stats.csv,
PL_PULSELIVE_HISTORICAL,player_season,2025-26,ownGoalScored,pl_stats/A_Villa_7/players_stats/2025-26_players_stats.csv,
PL_PULSELIVE_HISTORICAL,player_season,2025-26,penaltiesConceded,pl_stats/A_Villa_7/players_stats/2025-26_players_stats.csv,
PL_PULSELIVE_HISTORICAL,player_season,2025-26,penaltiesFaced,pl_stats/A_Villa_7/players_stats/2025-26_players_stats.csv,
PL_PULSELIVE_HISTORICAL,player_season,2025-26,penaltiesSaved,pl_stats/A_Villa_7/players_stats/2025-26_players_stats.csv,
PL_PULSELIVE_HISTORICAL,player_season,2025-26,penaltyGoalsConceded,pl_stats/A_Villa_7/players_stats/2025-26_players_stats.csv,
PL_PULSELIVE_HISTORICAL,player_season,2025-26,playerId,pl_stats/A_Villa_7/players_stats/2025-26_players_stats.csv,
PL_PULSELIVE_HISTORICAL,player_season,2025-26,playerName,pl_stats/A_Villa_7/players_stats/2025-26_players_stats.csv,
PL_PULSELIVE_HISTORICAL,player_season,2025-26,position,pl_stats/A_Villa_7/players_stats/2025-26_players_stats.csv,
PL_PULSELIVE_HISTORICAL,player_season,2025-26,punches,pl_stats/A_Villa_7/players_stats/2025-26_players_stats.csv,
PL_PULSELIVE_HISTORICAL,player_season,2025-26,putthroughBlockedDistribution,pl_stats/A_Villa_7/players_stats/2025-26_players_stats.csv,
PL_PULSELIVE_HISTORICAL,player_season,2025-26,putthroughBlockedDistributionWon,pl_stats/A_Villa_7/players_stats/2025-26_players_stats.csv,
PL_PULSELIVE_HISTORICAL,player_season,2025-26,recoveries,pl_stats/A_Villa_7/players_stats/2025-26_players_stats.csv,
PL_PULSELIVE_HISTORICAL,player_season,2025-26,rightFootGoals,pl_stats/A_Villa_7/players_stats/2025-26_players_stats.csv,
PL_PULSELIVE_HISTORICAL,player_season,2025-26,rightsidePasses,pl_stats/A_Villa_7/players_stats/2025-26_players_stats.csv,
PL_PULSELIVE_HISTORICAL,player_season,2025-26,savesFromPenalty,pl_stats/A_Villa_7/players_stats/2025-26_players_stats.csv,
PL_PULSELIVE_HISTORICAL,player_season,2025-26,savesMade,pl_stats/A_Villa_7/players_stats/2025-26_players_stats.csv,
PL_PULSELIVE_HISTORICAL,player_season,2025-26,savesMadeCaught,pl_stats/A_Villa_7/players_stats/2025-26_players_stats.csv,
PL_PULSELIVE_HISTORICAL,player_season,2025-26,savesMadeFromInsideBox,pl_stats/A_Villa_7/players_stats/2025-26_players_stats.csv,
PL_PULSELIVE_HISTORICAL,player_season,2025-26,savesMadeFromOutsideBox,pl_stats/A_Villa_7/players_stats/2025-26_players_stats.csv,
PL_PULSELIVE_HISTORICAL,player_season,2025-26,savesMadeParried,pl_stats/A_Villa_7/players_stats/2025-26_players_stats.csv,
PL_PULSELIVE_HISTORICAL,player_season,2025-26,season,pl_stats/A_Villa_7/players_stats/2025-26_players_stats.csv,
PL_PULSELIVE_HISTORICAL,player_season,2025-26,secondGoalAssists,pl_stats/A_Villa_7/players_stats/2025-26_players_stats.csv,
PL_PULSELIVE_HISTORICAL,player_season,2025-26,setPiecesGoals,pl_stats/A_Villa_7/players_stats/2025-26_players_stats.csv,
PL_PULSELIVE_HISTORICAL,player_season,2025-26,shotsBlockedInBox,pl_stats/A_Villa_7/players_stats/2025-26_players_stats.csv,
PL_PULSELIVE_HISTORICAL,player_season,2025-26,shotsBlockedOutsideBox,pl_stats/A_Villa_7/players_stats/2025-26_players_stats.csv,
PL_PULSELIVE_HISTORICAL,player_season,2025-26,shotsOffTargetIncWoodwork,pl_stats/A_Villa_7/players_stats/2025-26_players_stats.csv,
PL_PULSELIVE_HISTORICAL,player_season,2025-26,shotsOnTargetInBox,pl_stats/A_Villa_7/players_stats/2025-26_players_stats.csv,
PL_PULSELIVE_HISTORICAL,player_season,2025-26,shotsOnTargetIncGoals,pl_stats/A_Villa_7/players_stats/2025-26_players_stats.csv,
PL_PULSELIVE_HISTORICAL,player_season,2025-26,shotsOnTargetOutsideBox,pl_stats/A_Villa_7/players_stats/2025-26_players_stats.csv,
PL_PULSELIVE_HISTORICAL,player_season,2025-26,starts,pl_stats/A_Villa_7/players_stats/2025-26_players_stats.csv,
PL_PULSELIVE_HISTORICAL,player_season,2025-26,straightRedCards,pl_stats/A_Villa_7/players_stats/2025-26_players_stats.csv,
PL_PULSELIVE_HISTORICAL,player_season,2025-26,substituteOff,pl_stats/A_Villa_7/players_stats/2025-26_players_stats.csv,
PL_PULSELIVE_HISTORICAL,player_season,2025-26,substituteOn,pl_stats/A_Villa_7/players_stats/2025-26_players_stats.csv,
PL_PULSELIVE_HISTORICAL,player_season,2025-26,successfulCornersIntoBox,pl_stats/A_Villa_7/players_stats/2025-26_players_stats.csv,
PL_PULSELIVE_HISTORICAL,player_season,2025-26,successfulCrossesAndCorners,pl_stats/A_Villa_7/players_stats/2025-26_players_stats.csv,
PL_PULSELIVE_HISTORICAL,player_season,2025-26,successfulCrossesOpenPlay,pl_stats/A_Villa_7/players_stats/2025-26_players_stats.csv,
PL_PULSELIVE_HISTORICAL,player_season,2025-26,successfulDribbles,pl_stats/A_Villa_7/players_stats/2025-26_players_stats.csv,
PL_PULSELIVE_HISTORICAL,player_season,2025-26,successfulLaunches,pl_stats/A_Villa_7/players_stats/2025-26_players_stats.csv,
PL_PULSELIVE_HISTORICAL,player_season,2025-26,successfulLayoffs,pl_stats/A_Villa_7/players_stats/2025-26_players_stats.csv,
PL_PULSELIVE_HISTORICAL,player_season,2025-26,successfulLongPasses,pl_stats/A_Villa_7/players_stats/2025-26_players_stats.csv,
PL_PULSELIVE_HISTORICAL,player_season,2025-26,successfulPassesOppositionHalf,pl_stats/A_Villa_7/players_stats/2025-26_players_stats.csv,
PL_PULSELIVE_HISTORICAL,player_season,2025-26,successfulPassesOwnHalf,pl_stats/A_Villa_7/players_stats/2025-26_players_stats.csv,
PL_PULSELIVE_HISTORICAL,player_season,2025-26,successfulShortPasses,pl_stats/A_Villa_7/players_stats/2025-26_players_stats.csv,
PL_PULSELIVE_HISTORICAL,player_season,2025-26,tacklesLost,pl_stats/A_Villa_7/players_stats/2025-26_players_stats.csv,
PL_PULSELIVE_HISTORICAL,player_season,2025-26,tacklesWon,pl_stats/A_Villa_7/players_stats/2025-26_players_stats.csv,
PL_PULSELIVE_HISTORICAL,player_season,2025-26,team_id,pl_stats/A_Villa_7/players_stats/2025-26_players_stats.csv,
PL_PULSELIVE_HISTORICAL,player_season,2025-26,team_name,pl_stats/A_Villa_7/players_stats/2025-26_players_stats.csv,
PL_PULSELIVE_HISTORICAL,player_season,2025-26,throughBalls,pl_stats/A_Villa_7/players_stats/2025-26_players_stats.csv,
PL_PULSELIVE_HISTORICAL,player_season,2025-26,throwInsToOppositionPlayer,pl_stats/A_Villa_7/players_stats/2025-26_players_stats.csv,
PL_PULSELIVE_HISTORICAL,player_season,2025-26,throwInsToOwnPlayer,pl_stats/A_Villa_7/players_stats/2025-26_players_stats.csv,
PL_PULSELIVE_HISTORICAL,player_season,2025-26,timePlayed,pl_stats/A_Villa_7/players_stats/2025-26_players_stats.csv,
PL_PULSELIVE_HISTORICAL,player_season,2025-26,timesTackled,pl_stats/A_Villa_7/players_stats/2025-26_players_stats.csv,
PL_PULSELIVE_HISTORICAL,player_season,2025-26,totalClearances,pl_stats/A_Villa_7/players_stats/2025-26_players_stats.csv,
PL_PULSELIVE_HISTORICAL,player_season,2025-26,totalFoulsConceded,pl_stats/A_Villa_7/players_stats/2025-26_players_stats.csv,
PL_PULSELIVE_HISTORICAL,player_season,2025-26,totalFoulsWon,pl_stats/A_Villa_7/players_stats/2025-26_players_stats.csv,
PL_PULSELIVE_HISTORICAL,player_season,2025-26,totalLossesOfPossession,pl_stats/A_Villa_7/players_stats/2025-26_players_stats.csv,
PL_PULSELIVE_HISTORICAL,player_season,2025-26,totalPasses,pl_stats/A_Villa_7/players_stats/2025-26_players_stats.csv,
PL_PULSELIVE_HISTORICAL,player_season,2025-26,totalRedCards,pl_stats/A_Villa_7/players_stats/2025-26_players_stats.csv,
PL_PULSELIVE_HISTORICAL,player_season,2025-26,totalShots,pl_stats/A_Villa_7/players_stats/2025-26_players_stats.csv,
PL_PULSELIVE_HISTORICAL,player_season,2025-26,totalTackles,pl_stats/A_Villa_7/players_stats/2025-26_players_stats.csv,
PL_PULSELIVE_HISTORICAL,player_season,2025-26,totalTouchesInOppositionBox,pl_stats/A_Villa_7/players_stats/2025-26_players_stats.csv,
PL_PULSELIVE_HISTORICAL,player_season,2025-26,totalUnsuccessfulPassesExclCrossesAndCorners,pl_stats/A_Villa_7/players_stats/2025-26_players_stats.csv,
PL_PULSELIVE_HISTORICAL,player_season,2025-26,touches,pl_stats/A_Villa_7/players_stats/2025-26_players_stats.csv,
PL_PULSELIVE_HISTORICAL,player_season,2025-26,unsuccessfulCornersIntoBox,pl_stats/A_Villa_7/players_stats/2025-26_players_stats.csv,
PL_PULSELIVE_HISTORICAL,player_season,2025-26,unsuccessfulCrossesAndCorners,pl_stats/A_Villa_7/players_stats/2025-26_players_stats.csv,
PL_PULSELIVE_HISTORICAL,player_season,2025-26,unsuccessfulCrossesOpenPlay,pl_stats/A_Villa_7/players_stats/2025-26_players_stats.csv,
PL_PULSELIVE_HISTORICAL,player_season,2025-26,unsuccessfulDribbles,pl_stats/A_Villa_7/players_stats/2025-26_players_stats.csv,
PL_PULSELIVE_HISTORICAL,player_season,2025-26,unsuccessfulLaunches,pl_stats/A_Villa_7/players_stats/2025-26_players_stats.csv,
PL_PULSELIVE_HISTORICAL,player_season,2025-26,unsuccessfulLayoffs,pl_stats/A_Villa_7/players_stats/2025-26_players_stats.csv,
PL_PULSELIVE_HISTORICAL,player_season,2025-26,unsuccessfulLongPasses,pl_stats/A_Villa_7/players_stats/2025-26_players_stats.csv,
PL_PULSELIVE_HISTORICAL,player_season,2025-26,unsuccessfulPassesOwnHalf,pl_stats/A_Villa_7/players_stats/2025-26_players_stats.csv,
PL_PULSELIVE_HISTORICAL,player_season,2025-26,unsuccessfulShortPasses,pl_stats/A_Villa_7/players_stats/2025-26_players_stats.csv,
PL_PULSELIVE_HISTORICAL,player_season,2025-26,winningGoal,pl_stats/A_Villa_7/players_stats/2025-26_players_stats.csv,
PL_PULSELIVE_HISTORICAL,player_season,2025-26,yellowCards,pl_stats/A_Villa_7/players_stats/2025-26_players_stats.csv,
PL_PULSELIVE_HISTORICAL,squad,2009-10,age,pl_stats/A_Villa_7/squad/2009-10_squad.csv,
PL_PULSELIVE_HISTORICAL,squad,2009-10,birthCountry,pl_stats/A_Villa_7/squad/2009-10_squad.csv,
PL_PULSELIVE_HISTORICAL,squad,2009-10,birthDate,pl_stats/A_Villa_7/squad/2009-10_squad.csv,
PL_PULSELIVE_HISTORICAL,squad,2009-10,displayName,pl_stats/A_Villa_7/squad/2009-10_squad.csv,
PL_PULSELIVE_HISTORICAL,squad,2009-10,firstName,pl_stats/A_Villa_7/squad/2009-10_squad.csv,
PL_PULSELIVE_HISTORICAL,squad,2009-10,height_cm,pl_stats/A_Villa_7/squad/2009-10_squad.csv,
PL_PULSELIVE_HISTORICAL,squad,2009-10,isoCode,pl_stats/A_Villa_7/squad/2009-10_squad.csv,
PL_PULSELIVE_HISTORICAL,squad,2009-10,joinDate,pl_stats/A_Villa_7/squad/2009-10_squad.csv,
PL_PULSELIVE_HISTORICAL,squad,2009-10,lastName,pl_stats/A_Villa_7/squad/2009-10_squad.csv,
PL_PULSELIVE_HISTORICAL,squad,2009-10,nationality,pl_stats/A_Villa_7/squad/2009-10_squad.csv,
PL_PULSELIVE_HISTORICAL,squad,2009-10,onLoan,pl_stats/A_Villa_7/squad/2009-10_squad.csv,
PL_PULSELIVE_HISTORICAL,squad,2009-10,playerId,pl_stats/A_Villa_7/squad/2009-10_squad.csv,
PL_PULSELIVE_HISTORICAL,squad,2009-10,position,pl_stats/A_Villa_7/squad/2009-10_squad.csv,
PL_PULSELIVE_HISTORICAL,squad,2009-10,preferredFoot,pl_stats/A_Villa_7/squad/2009-10_squad.csv,
PL_PULSELIVE_HISTORICAL,squad,2009-10,shirtNumber,pl_stats/A_Villa_7/squad/2009-10_squad.csv,
PL_PULSELIVE_HISTORICAL,squad,2009-10,weight_kg,pl_stats/A_Villa_7/squad/2009-10_squad.csv,
PL_PULSELIVE_HISTORICAL,squad,2010-11,age,pl_stats/A_Villa_7/squad/2010-11_squad.csv,
PL_PULSELIVE_HISTORICAL,squad,2010-11,birthCountry,pl_stats/A_Villa_7/squad/2010-11_squad.csv,
PL_PULSELIVE_HISTORICAL,squad,2010-11,birthDate,pl_stats/A_Villa_7/squad/2010-11_squad.csv,
PL_PULSELIVE_HISTORICAL,squad,2010-11,displayName,pl_stats/A_Villa_7/squad/2010-11_squad.csv,
PL_PULSELIVE_HISTORICAL,squad,2010-11,firstName,pl_stats/A_Villa_7/squad/2010-11_squad.csv,
PL_PULSELIVE_HISTORICAL,squad,2010-11,height_cm,pl_stats/A_Villa_7/squad/2010-11_squad.csv,
PL_PULSELIVE_HISTORICAL,squad,2010-11,isoCode,pl_stats/A_Villa_7/squad/2010-11_squad.csv,
PL_PULSELIVE_HISTORICAL,squad,2010-11,joinDate,pl_stats/A_Villa_7/squad/2010-11_squad.csv,
PL_PULSELIVE_HISTORICAL,squad,2010-11,lastName,pl_stats/A_Villa_7/squad/2010-11_squad.csv,
PL_PULSELIVE_HISTORICAL,squad,2010-11,nationality,pl_stats/A_Villa_7/squad/2010-11_squad.csv,
PL_PULSELIVE_HISTORICAL,squad,2010-11,onLoan,pl_stats/A_Villa_7/squad/2010-11_squad.csv,
PL_PULSELIVE_HISTORICAL,squad,2010-11,playerId,pl_stats/A_Villa_7/squad/2010-11_squad.csv,
PL_PULSELIVE_HISTORICAL,squad,2010-11,position,pl_stats/A_Villa_7/squad/2010-11_squad.csv,
PL_PULSELIVE_HISTORICAL,squad,2010-11,preferredFoot,pl_stats/A_Villa_7/squad/2010-11_squad.csv,
PL_PULSELIVE_HISTORICAL,squad,2010-11,shirtNumber,pl_stats/A_Villa_7/squad/2010-11_squad.csv,
PL_PULSELIVE_HISTORICAL,squad,2010-11,weight_kg,pl_stats/A_Villa_7/squad/2010-11_squad.csv,
PL_PULSELIVE_HISTORICAL,squad,2011-12,age,pl_stats/A_Villa_7/squad/2011-12_squad.csv,
PL_PULSELIVE_HISTORICAL,squad,2011-12,birthCountry,pl_stats/A_Villa_7/squad/2011-12_squad.csv,
PL_PULSELIVE_HISTORICAL,squad,2011-12,birthDate,pl_stats/A_Villa_7/squad/2011-12_squad.csv,
PL_PULSELIVE_HISTORICAL,squad,2011-12,displayName,pl_stats/A_Villa_7/squad/2011-12_squad.csv,
PL_PULSELIVE_HISTORICAL,squad,2011-12,firstName,pl_stats/A_Villa_7/squad/2011-12_squad.csv,
PL_PULSELIVE_HISTORICAL,squad,2011-12,height_cm,pl_stats/A_Villa_7/squad/2011-12_squad.csv,
PL_PULSELIVE_HISTORICAL,squad,2011-12,isoCode,pl_stats/A_Villa_7/squad/2011-12_squad.csv,
PL_PULSELIVE_HISTORICAL,squad,2011-12,joinDate,pl_stats/A_Villa_7/squad/2011-12_squad.csv,
PL_PULSELIVE_HISTORICAL,squad,2011-12,lastName,pl_stats/A_Villa_7/squad/2011-12_squad.csv,
PL_PULSELIVE_HISTORICAL,squad,2011-12,nationality,pl_stats/A_Villa_7/squad/2011-12_squad.csv,
PL_PULSELIVE_HISTORICAL,squad,2011-12,onLoan,pl_stats/A_Villa_7/squad/2011-12_squad.csv,
PL_PULSELIVE_HISTORICAL,squad,2011-12,playerId,pl_stats/A_Villa_7/squad/2011-12_squad.csv,
PL_PULSELIVE_HISTORICAL,squad,2011-12,position,pl_stats/A_Villa_7/squad/2011-12_squad.csv,
PL_PULSELIVE_HISTORICAL,squad,2011-12,preferredFoot,pl_stats/A_Villa_7/squad/2011-12_squad.csv,
PL_PULSELIVE_HISTORICAL,squad,2011-12,shirtNumber,pl_stats/A_Villa_7/squad/2011-12_squad.csv,
PL_PULSELIVE_HISTORICAL,squad,2011-12,weight_kg,pl_stats/A_Villa_7/squad/2011-12_squad.csv,
PL_PULSELIVE_HISTORICAL,squad,2012-13,age,pl_stats/A_Villa_7/squad/2012-13_squad.csv,
PL_PULSELIVE_HISTORICAL,squad,2012-13,birthCountry,pl_stats/A_Villa_7/squad/2012-13_squad.csv,
PL_PULSELIVE_HISTORICAL,squad,2012-13,birthDate,pl_stats/A_Villa_7/squad/2012-13_squad.csv,
PL_PULSELIVE_HISTORICAL,squad,2012-13,displayName,pl_stats/A_Villa_7/squad/2012-13_squad.csv,
PL_PULSELIVE_HISTORICAL,squad,2012-13,firstName,pl_stats/A_Villa_7/squad/2012-13_squad.csv,
PL_PULSELIVE_HISTORICAL,squad,2012-13,height_cm,pl_stats/A_Villa_7/squad/2012-13_squad.csv,
PL_PULSELIVE_HISTORICAL,squad,2012-13,isoCode,pl_stats/A_Villa_7/squad/2012-13_squad.csv,
PL_PULSELIVE_HISTORICAL,squad,2012-13,joinDate,pl_stats/A_Villa_7/squad/2012-13_squad.csv,
PL_PULSELIVE_HISTORICAL,squad,2012-13,lastName,pl_stats/A_Villa_7/squad/2012-13_squad.csv,
PL_PULSELIVE_HISTORICAL,squad,2012-13,nationality,pl_stats/A_Villa_7/squad/2012-13_squad.csv,
PL_PULSELIVE_HISTORICAL,squad,2012-13,onLoan,pl_stats/A_Villa_7/squad/2012-13_squad.csv,
PL_PULSELIVE_HISTORICAL,squad,2012-13,playerId,pl_stats/A_Villa_7/squad/2012-13_squad.csv,
PL_PULSELIVE_HISTORICAL,squad,2012-13,position,pl_stats/A_Villa_7/squad/2012-13_squad.csv,
PL_PULSELIVE_HISTORICAL,squad,2012-13,preferredFoot,pl_stats/A_Villa_7/squad/2012-13_squad.csv,
PL_PULSELIVE_HISTORICAL,squad,2012-13,shirtNumber,pl_stats/A_Villa_7/squad/2012-13_squad.csv,
PL_PULSELIVE_HISTORICAL,squad,2012-13,weight_kg,pl_stats/A_Villa_7/squad/2012-13_squad.csv,
PL_PULSELIVE_HISTORICAL,squad,2013-14,age,pl_stats/A_Villa_7/squad/2013-14_squad.csv,
PL_PULSELIVE_HISTORICAL,squad,2013-14,birthCountry,pl_stats/A_Villa_7/squad/2013-14_squad.csv,
PL_PULSELIVE_HISTORICAL,squad,2013-14,birthDate,pl_stats/A_Villa_7/squad/2013-14_squad.csv,
PL_PULSELIVE_HISTORICAL,squad,2013-14,displayName,pl_stats/A_Villa_7/squad/2013-14_squad.csv,
PL_PULSELIVE_HISTORICAL,squad,2013-14,firstName,pl_stats/A_Villa_7/squad/2013-14_squad.csv,
PL_PULSELIVE_HISTORICAL,squad,2013-14,height_cm,pl_stats/A_Villa_7/squad/2013-14_squad.csv,
PL_PULSELIVE_HISTORICAL,squad,2013-14,isoCode,pl_stats/A_Villa_7/squad/2013-14_squad.csv,
PL_PULSELIVE_HISTORICAL,squad,2013-14,joinDate,pl_stats/A_Villa_7/squad/2013-14_squad.csv,
PL_PULSELIVE_HISTORICAL,squad,2013-14,lastName,pl_stats/A_Villa_7/squad/2013-14_squad.csv,
PL_PULSELIVE_HISTORICAL,squad,2013-14,nationality,pl_stats/A_Villa_7/squad/2013-14_squad.csv,
PL_PULSELIVE_HISTORICAL,squad,2013-14,onLoan,pl_stats/A_Villa_7/squad/2013-14_squad.csv,
PL_PULSELIVE_HISTORICAL,squad,2013-14,playerId,pl_stats/A_Villa_7/squad/2013-14_squad.csv,
PL_PULSELIVE_HISTORICAL,squad,2013-14,position,pl_stats/A_Villa_7/squad/2013-14_squad.csv,
PL_PULSELIVE_HISTORICAL,squad,2013-14,preferredFoot,pl_stats/A_Villa_7/squad/2013-14_squad.csv,
PL_PULSELIVE_HISTORICAL,squad,2013-14,shirtNumber,pl_stats/A_Villa_7/squad/2013-14_squad.csv,
PL_PULSELIVE_HISTORICAL,squad,2013-14,weight_kg,pl_stats/A_Villa_7/squad/2013-14_squad.csv,
PL_PULSELIVE_HISTORICAL,squad,2014-15,age,pl_stats/A_Villa_7/squad/2014-15_squad.csv,
PL_PULSELIVE_HISTORICAL,squad,2014-15,birthCountry,pl_stats/A_Villa_7/squad/2014-15_squad.csv,
PL_PULSELIVE_HISTORICAL,squad,2014-15,birthDate,pl_stats/A_Villa_7/squad/2014-15_squad.csv,
PL_PULSELIVE_HISTORICAL,squad,2014-15,displayName,pl_stats/A_Villa_7/squad/2014-15_squad.csv,
PL_PULSELIVE_HISTORICAL,squad,2014-15,firstName,pl_stats/A_Villa_7/squad/2014-15_squad.csv,
PL_PULSELIVE_HISTORICAL,squad,2014-15,height_cm,pl_stats/A_Villa_7/squad/2014-15_squad.csv,
PL_PULSELIVE_HISTORICAL,squad,2014-15,isoCode,pl_stats/A_Villa_7/squad/2014-15_squad.csv,
PL_PULSELIVE_HISTORICAL,squad,2014-15,joinDate,pl_stats/A_Villa_7/squad/2014-15_squad.csv,
PL_PULSELIVE_HISTORICAL,squad,2014-15,lastName,pl_stats/A_Villa_7/squad/2014-15_squad.csv,
PL_PULSELIVE_HISTORICAL,squad,2014-15,nationality,pl_stats/A_Villa_7/squad/2014-15_squad.csv,
PL_PULSELIVE_HISTORICAL,squad,2014-15,onLoan,pl_stats/A_Villa_7/squad/2014-15_squad.csv,
PL_PULSELIVE_HISTORICAL,squad,2014-15,playerId,pl_stats/A_Villa_7/squad/2014-15_squad.csv,
PL_PULSELIVE_HISTORICAL,squad,2014-15,position,pl_stats/A_Villa_7/squad/2014-15_squad.csv,
PL_PULSELIVE_HISTORICAL,squad,2014-15,preferredFoot,pl_stats/A_Villa_7/squad/2014-15_squad.csv,
PL_PULSELIVE_HISTORICAL,squad,2014-15,shirtNumber,pl_stats/A_Villa_7/squad/2014-15_squad.csv,
PL_PULSELIVE_HISTORICAL,squad,2014-15,weight_kg,pl_stats/A_Villa_7/squad/2014-15_squad.csv,
PL_PULSELIVE_HISTORICAL,squad,2015-16,age,pl_stats/A_Villa_7/squad/2015-16_squad.csv,
PL_PULSELIVE_HISTORICAL,squad,2015-16,birthCountry,pl_stats/A_Villa_7/squad/2015-16_squad.csv,
PL_PULSELIVE_HISTORICAL,squad,2015-16,birthDate,pl_stats/A_Villa_7/squad/2015-16_squad.csv,
PL_PULSELIVE_HISTORICAL,squad,2015-16,displayName,pl_stats/A_Villa_7/squad/2015-16_squad.csv,
PL_PULSELIVE_HISTORICAL,squad,2015-16,firstName,pl_stats/A_Villa_7/squad/2015-16_squad.csv,
PL_PULSELIVE_HISTORICAL,squad,2015-16,height_cm,pl_stats/A_Villa_7/squad/2015-16_squad.csv,
PL_PULSELIVE_HISTORICAL,squad,2015-16,isoCode,pl_stats/A_Villa_7/squad/2015-16_squad.csv,
PL_PULSELIVE_HISTORICAL,squad,2015-16,joinDate,pl_stats/A_Villa_7/squad/2015-16_squad.csv,
PL_PULSELIVE_HISTORICAL,squad,2015-16,lastName,pl_stats/A_Villa_7/squad/2015-16_squad.csv,
PL_PULSELIVE_HISTORICAL,squad,2015-16,nationality,pl_stats/A_Villa_7/squad/2015-16_squad.csv,
PL_PULSELIVE_HISTORICAL,squad,2015-16,onLoan,pl_stats/A_Villa_7/squad/2015-16_squad.csv,
PL_PULSELIVE_HISTORICAL,squad,2015-16,playerId,pl_stats/A_Villa_7/squad/2015-16_squad.csv,
PL_PULSELIVE_HISTORICAL,squad,2015-16,position,pl_stats/A_Villa_7/squad/2015-16_squad.csv,
PL_PULSELIVE_HISTORICAL,squad,2015-16,preferredFoot,pl_stats/A_Villa_7/squad/2015-16_squad.csv,
PL_PULSELIVE_HISTORICAL,squad,2015-16,shirtNumber,pl_stats/A_Villa_7/squad/2015-16_squad.csv,
PL_PULSELIVE_HISTORICAL,squad,2015-16,weight_kg,pl_stats/A_Villa_7/squad/2015-16_squad.csv,
PL_PULSELIVE_HISTORICAL,squad,2016-17,age,pl_stats/Arsenal_3/squad/2016-17_squad.csv,
PL_PULSELIVE_HISTORICAL,squad,2016-17,birthCountry,pl_stats/Arsenal_3/squad/2016-17_squad.csv,
PL_PULSELIVE_HISTORICAL,squad,2016-17,birthDate,pl_stats/Arsenal_3/squad/2016-17_squad.csv,
PL_PULSELIVE_HISTORICAL,squad,2016-17,displayName,pl_stats/Arsenal_3/squad/2016-17_squad.csv,
PL_PULSELIVE_HISTORICAL,squad,2016-17,firstName,pl_stats/Arsenal_3/squad/2016-17_squad.csv,
PL_PULSELIVE_HISTORICAL,squad,2016-17,height_cm,pl_stats/Arsenal_3/squad/2016-17_squad.csv,
PL_PULSELIVE_HISTORICAL,squad,2016-17,isoCode,pl_stats/Arsenal_3/squad/2016-17_squad.csv,
PL_PULSELIVE_HISTORICAL,squad,2016-17,joinDate,pl_stats/Arsenal_3/squad/2016-17_squad.csv,
PL_PULSELIVE_HISTORICAL,squad,2016-17,lastName,pl_stats/Arsenal_3/squad/2016-17_squad.csv,
PL_PULSELIVE_HISTORICAL,squad,2016-17,nationality,pl_stats/Arsenal_3/squad/2016-17_squad.csv,
PL_PULSELIVE_HISTORICAL,squad,2016-17,onLoan,pl_stats/Arsenal_3/squad/2016-17_squad.csv,
PL_PULSELIVE_HISTORICAL,squad,2016-17,playerId,pl_stats/Arsenal_3/squad/2016-17_squad.csv,
PL_PULSELIVE_HISTORICAL,squad,2016-17,position,pl_stats/Arsenal_3/squad/2016-17_squad.csv,
PL_PULSELIVE_HISTORICAL,squad,2016-17,preferredFoot,pl_stats/Arsenal_3/squad/2016-17_squad.csv,
PL_PULSELIVE_HISTORICAL,squad,2016-17,shirtNumber,pl_stats/Arsenal_3/squad/2016-17_squad.csv,
PL_PULSELIVE_HISTORICAL,squad,2016-17,weight_kg,pl_stats/Arsenal_3/squad/2016-17_squad.csv,
PL_PULSELIVE_HISTORICAL,squad,2017-18,age,pl_stats/Arsenal_3/squad/2017-18_squad.csv,
PL_PULSELIVE_HISTORICAL,squad,2017-18,birthCountry,pl_stats/Arsenal_3/squad/2017-18_squad.csv,
PL_PULSELIVE_HISTORICAL,squad,2017-18,birthDate,pl_stats/Arsenal_3/squad/2017-18_squad.csv,
PL_PULSELIVE_HISTORICAL,squad,2017-18,displayName,pl_stats/Arsenal_3/squad/2017-18_squad.csv,
PL_PULSELIVE_HISTORICAL,squad,2017-18,firstName,pl_stats/Arsenal_3/squad/2017-18_squad.csv,
PL_PULSELIVE_HISTORICAL,squad,2017-18,height_cm,pl_stats/Arsenal_3/squad/2017-18_squad.csv,
PL_PULSELIVE_HISTORICAL,squad,2017-18,isoCode,pl_stats/Arsenal_3/squad/2017-18_squad.csv,
PL_PULSELIVE_HISTORICAL,squad,2017-18,joinDate,pl_stats/Arsenal_3/squad/2017-18_squad.csv,
PL_PULSELIVE_HISTORICAL,squad,2017-18,lastName,pl_stats/Arsenal_3/squad/2017-18_squad.csv,
PL_PULSELIVE_HISTORICAL,squad,2017-18,nationality,pl_stats/Arsenal_3/squad/2017-18_squad.csv,
PL_PULSELIVE_HISTORICAL,squad,2017-18,onLoan,pl_stats/Arsenal_3/squad/2017-18_squad.csv,
PL_PULSELIVE_HISTORICAL,squad,2017-18,playerId,pl_stats/Arsenal_3/squad/2017-18_squad.csv,
PL_PULSELIVE_HISTORICAL,squad,2017-18,position,pl_stats/Arsenal_3/squad/2017-18_squad.csv,
PL_PULSELIVE_HISTORICAL,squad,2017-18,preferredFoot,pl_stats/Arsenal_3/squad/2017-18_squad.csv,
PL_PULSELIVE_HISTORICAL,squad,2017-18,shirtNumber,pl_stats/Arsenal_3/squad/2017-18_squad.csv,
PL_PULSELIVE_HISTORICAL,squad,2017-18,weight_kg,pl_stats/Arsenal_3/squad/2017-18_squad.csv,
PL_PULSELIVE_HISTORICAL,squad,2018-19,age,pl_stats/Arsenal_3/squad/2018-19_squad.csv,
PL_PULSELIVE_HISTORICAL,squad,2018-19,birthCountry,pl_stats/Arsenal_3/squad/2018-19_squad.csv,
PL_PULSELIVE_HISTORICAL,squad,2018-19,birthDate,pl_stats/Arsenal_3/squad/2018-19_squad.csv,
PL_PULSELIVE_HISTORICAL,squad,2018-19,displayName,pl_stats/Arsenal_3/squad/2018-19_squad.csv,
PL_PULSELIVE_HISTORICAL,squad,2018-19,firstName,pl_stats/Arsenal_3/squad/2018-19_squad.csv,
PL_PULSELIVE_HISTORICAL,squad,2018-19,height_cm,pl_stats/Arsenal_3/squad/2018-19_squad.csv,
PL_PULSELIVE_HISTORICAL,squad,2018-19,isoCode,pl_stats/Arsenal_3/squad/2018-19_squad.csv,
PL_PULSELIVE_HISTORICAL,squad,2018-19,joinDate,pl_stats/Arsenal_3/squad/2018-19_squad.csv,
PL_PULSELIVE_HISTORICAL,squad,2018-19,lastName,pl_stats/Arsenal_3/squad/2018-19_squad.csv,
PL_PULSELIVE_HISTORICAL,squad,2018-19,nationality,pl_stats/Arsenal_3/squad/2018-19_squad.csv,
PL_PULSELIVE_HISTORICAL,squad,2018-19,onLoan,pl_stats/Arsenal_3/squad/2018-19_squad.csv,
PL_PULSELIVE_HISTORICAL,squad,2018-19,playerId,pl_stats/Arsenal_3/squad/2018-19_squad.csv,
PL_PULSELIVE_HISTORICAL,squad,2018-19,position,pl_stats/Arsenal_3/squad/2018-19_squad.csv,
PL_PULSELIVE_HISTORICAL,squad,2018-19,preferredFoot,pl_stats/Arsenal_3/squad/2018-19_squad.csv,
PL_PULSELIVE_HISTORICAL,squad,2018-19,shirtNumber,pl_stats/Arsenal_3/squad/2018-19_squad.csv,
PL_PULSELIVE_HISTORICAL,squad,2018-19,weight_kg,pl_stats/Arsenal_3/squad/2018-19_squad.csv,
PL_PULSELIVE_HISTORICAL,squad,2019-20,age,pl_stats/A_Villa_7/squad/2019-20_squad.csv,
PL_PULSELIVE_HISTORICAL,squad,2019-20,birthCountry,pl_stats/A_Villa_7/squad/2019-20_squad.csv,
PL_PULSELIVE_HISTORICAL,squad,2019-20,birthDate,pl_stats/A_Villa_7/squad/2019-20_squad.csv,
PL_PULSELIVE_HISTORICAL,squad,2019-20,displayName,pl_stats/A_Villa_7/squad/2019-20_squad.csv,
PL_PULSELIVE_HISTORICAL,squad,2019-20,firstName,pl_stats/A_Villa_7/squad/2019-20_squad.csv,
PL_PULSELIVE_HISTORICAL,squad,2019-20,height_cm,pl_stats/A_Villa_7/squad/2019-20_squad.csv,
PL_PULSELIVE_HISTORICAL,squad,2019-20,isoCode,pl_stats/A_Villa_7/squad/2019-20_squad.csv,
PL_PULSELIVE_HISTORICAL,squad,2019-20,joinDate,pl_stats/A_Villa_7/squad/2019-20_squad.csv,
PL_PULSELIVE_HISTORICAL,squad,2019-20,lastName,pl_stats/A_Villa_7/squad/2019-20_squad.csv,
PL_PULSELIVE_HISTORICAL,squad,2019-20,nationality,pl_stats/A_Villa_7/squad/2019-20_squad.csv,
PL_PULSELIVE_HISTORICAL,squad,2019-20,onLoan,pl_stats/A_Villa_7/squad/2019-20_squad.csv,
PL_PULSELIVE_HISTORICAL,squad,2019-20,playerId,pl_stats/A_Villa_7/squad/2019-20_squad.csv,
PL_PULSELIVE_HISTORICAL,squad,2019-20,position,pl_stats/A_Villa_7/squad/2019-20_squad.csv,
PL_PULSELIVE_HISTORICAL,squad,2019-20,preferredFoot,pl_stats/A_Villa_7/squad/2019-20_squad.csv,
PL_PULSELIVE_HISTORICAL,squad,2019-20,shirtNumber,pl_stats/A_Villa_7/squad/2019-20_squad.csv,
PL_PULSELIVE_HISTORICAL,squad,2019-20,weight_kg,pl_stats/A_Villa_7/squad/2019-20_squad.csv,
PL_PULSELIVE_HISTORICAL,squad,2020-21,age,pl_stats/A_Villa_7/squad/2020-21_squad.csv,
PL_PULSELIVE_HISTORICAL,squad,2020-21,birthCountry,pl_stats/A_Villa_7/squad/2020-21_squad.csv,
PL_PULSELIVE_HISTORICAL,squad,2020-21,birthDate,pl_stats/A_Villa_7/squad/2020-21_squad.csv,
PL_PULSELIVE_HISTORICAL,squad,2020-21,displayName,pl_stats/A_Villa_7/squad/2020-21_squad.csv,
PL_PULSELIVE_HISTORICAL,squad,2020-21,firstName,pl_stats/A_Villa_7/squad/2020-21_squad.csv,
PL_PULSELIVE_HISTORICAL,squad,2020-21,height_cm,pl_stats/A_Villa_7/squad/2020-21_squad.csv,
PL_PULSELIVE_HISTORICAL,squad,2020-21,isoCode,pl_stats/A_Villa_7/squad/2020-21_squad.csv,
PL_PULSELIVE_HISTORICAL,squad,2020-21,joinDate,pl_stats/A_Villa_7/squad/2020-21_squad.csv,
PL_PULSELIVE_HISTORICAL,squad,2020-21,lastName,pl_stats/A_Villa_7/squad/2020-21_squad.csv,
PL_PULSELIVE_HISTORICAL,squad,2020-21,nationality,pl_stats/A_Villa_7/squad/2020-21_squad.csv,
PL_PULSELIVE_HISTORICAL,squad,2020-21,onLoan,pl_stats/A_Villa_7/squad/2020-21_squad.csv,
PL_PULSELIVE_HISTORICAL,squad,2020-21,playerId,pl_stats/A_Villa_7/squad/2020-21_squad.csv,
PL_PULSELIVE_HISTORICAL,squad,2020-21,position,pl_stats/A_Villa_7/squad/2020-21_squad.csv,
PL_PULSELIVE_HISTORICAL,squad,2020-21,preferredFoot,pl_stats/A_Villa_7/squad/2020-21_squad.csv,
PL_PULSELIVE_HISTORICAL,squad,2020-21,shirtNumber,pl_stats/A_Villa_7/squad/2020-21_squad.csv,
PL_PULSELIVE_HISTORICAL,squad,2020-21,weight_kg,pl_stats/A_Villa_7/squad/2020-21_squad.csv,
PL_PULSELIVE_HISTORICAL,squad,2021-22,age,pl_stats/A_Villa_7/squad/2021-22_squad.csv,
PL_PULSELIVE_HISTORICAL,squad,2021-22,birthCountry,pl_stats/A_Villa_7/squad/2021-22_squad.csv,
PL_PULSELIVE_HISTORICAL,squad,2021-22,birthDate,pl_stats/A_Villa_7/squad/2021-22_squad.csv,
PL_PULSELIVE_HISTORICAL,squad,2021-22,displayName,pl_stats/A_Villa_7/squad/2021-22_squad.csv,
PL_PULSELIVE_HISTORICAL,squad,2021-22,firstName,pl_stats/A_Villa_7/squad/2021-22_squad.csv,
PL_PULSELIVE_HISTORICAL,squad,2021-22,height_cm,pl_stats/A_Villa_7/squad/2021-22_squad.csv,
PL_PULSELIVE_HISTORICAL,squad,2021-22,isoCode,pl_stats/A_Villa_7/squad/2021-22_squad.csv,
PL_PULSELIVE_HISTORICAL,squad,2021-22,joinDate,pl_stats/A_Villa_7/squad/2021-22_squad.csv,
PL_PULSELIVE_HISTORICAL,squad,2021-22,lastName,pl_stats/A_Villa_7/squad/2021-22_squad.csv,
PL_PULSELIVE_HISTORICAL,squad,2021-22,nationality,pl_stats/A_Villa_7/squad/2021-22_squad.csv,
PL_PULSELIVE_HISTORICAL,squad,2021-22,onLoan,pl_stats/A_Villa_7/squad/2021-22_squad.csv,
PL_PULSELIVE_HISTORICAL,squad,2021-22,playerId,pl_stats/A_Villa_7/squad/2021-22_squad.csv,
PL_PULSELIVE_HISTORICAL,squad,2021-22,position,pl_stats/A_Villa_7/squad/2021-22_squad.csv,
PL_PULSELIVE_HISTORICAL,squad,2021-22,preferredFoot,pl_stats/A_Villa_7/squad/2021-22_squad.csv,
PL_PULSELIVE_HISTORICAL,squad,2021-22,shirtNumber,pl_stats/A_Villa_7/squad/2021-22_squad.csv,
PL_PULSELIVE_HISTORICAL,squad,2021-22,weight_kg,pl_stats/A_Villa_7/squad/2021-22_squad.csv,
PL_PULSELIVE_HISTORICAL,squad,2022-23,age,pl_stats/A_Villa_7/squad/2022-23_squad.csv,
PL_PULSELIVE_HISTORICAL,squad,2022-23,birthCountry,pl_stats/A_Villa_7/squad/2022-23_squad.csv,
PL_PULSELIVE_HISTORICAL,squad,2022-23,birthDate,pl_stats/A_Villa_7/squad/2022-23_squad.csv,
PL_PULSELIVE_HISTORICAL,squad,2022-23,displayName,pl_stats/A_Villa_7/squad/2022-23_squad.csv,
PL_PULSELIVE_HISTORICAL,squad,2022-23,firstName,pl_stats/A_Villa_7/squad/2022-23_squad.csv,
PL_PULSELIVE_HISTORICAL,squad,2022-23,height_cm,pl_stats/A_Villa_7/squad/2022-23_squad.csv,
PL_PULSELIVE_HISTORICAL,squad,2022-23,isoCode,pl_stats/A_Villa_7/squad/2022-23_squad.csv,
PL_PULSELIVE_HISTORICAL,squad,2022-23,joinDate,pl_stats/A_Villa_7/squad/2022-23_squad.csv,
PL_PULSELIVE_HISTORICAL,squad,2022-23,lastName,pl_stats/A_Villa_7/squad/2022-23_squad.csv,
PL_PULSELIVE_HISTORICAL,squad,2022-23,nationality,pl_stats/A_Villa_7/squad/2022-23_squad.csv,
PL_PULSELIVE_HISTORICAL,squad,2022-23,onLoan,pl_stats/A_Villa_7/squad/2022-23_squad.csv,
PL_PULSELIVE_HISTORICAL,squad,2022-23,playerId,pl_stats/A_Villa_7/squad/2022-23_squad.csv,
PL_PULSELIVE_HISTORICAL,squad,2022-23,position,pl_stats/A_Villa_7/squad/2022-23_squad.csv,
PL_PULSELIVE_HISTORICAL,squad,2022-23,preferredFoot,pl_stats/A_Villa_7/squad/2022-23_squad.csv,
PL_PULSELIVE_HISTORICAL,squad,2022-23,shirtNumber,pl_stats/A_Villa_7/squad/2022-23_squad.csv,
PL_PULSELIVE_HISTORICAL,squad,2022-23,weight_kg,pl_stats/A_Villa_7/squad/2022-23_squad.csv,
PL_PULSELIVE_HISTORICAL,squad,2023-24,age,pl_stats/A_Villa_7/squad/2023-24_squad.csv,
PL_PULSELIVE_HISTORICAL,squad,2023-24,birthCountry,pl_stats/A_Villa_7/squad/2023-24_squad.csv,
PL_PULSELIVE_HISTORICAL,squad,2023-24,birthDate,pl_stats/A_Villa_7/squad/2023-24_squad.csv,
PL_PULSELIVE_HISTORICAL,squad,2023-24,displayName,pl_stats/A_Villa_7/squad/2023-24_squad.csv,
PL_PULSELIVE_HISTORICAL,squad,2023-24,firstName,pl_stats/A_Villa_7/squad/2023-24_squad.csv,
PL_PULSELIVE_HISTORICAL,squad,2023-24,height_cm,pl_stats/A_Villa_7/squad/2023-24_squad.csv,
PL_PULSELIVE_HISTORICAL,squad,2023-24,isoCode,pl_stats/A_Villa_7/squad/2023-24_squad.csv,
PL_PULSELIVE_HISTORICAL,squad,2023-24,joinDate,pl_stats/A_Villa_7/squad/2023-24_squad.csv,
PL_PULSELIVE_HISTORICAL,squad,2023-24,lastName,pl_stats/A_Villa_7/squad/2023-24_squad.csv,
PL_PULSELIVE_HISTORICAL,squad,2023-24,nationality,pl_stats/A_Villa_7/squad/2023-24_squad.csv,
PL_PULSELIVE_HISTORICAL,squad,2023-24,onLoan,pl_stats/A_Villa_7/squad/2023-24_squad.csv,
PL_PULSELIVE_HISTORICAL,squad,2023-24,playerId,pl_stats/A_Villa_7/squad/2023-24_squad.csv,
PL_PULSELIVE_HISTORICAL,squad,2023-24,position,pl_stats/A_Villa_7/squad/2023-24_squad.csv,
PL_PULSELIVE_HISTORICAL,squad,2023-24,preferredFoot,pl_stats/A_Villa_7/squad/2023-24_squad.csv,
PL_PULSELIVE_HISTORICAL,squad,2023-24,shirtNumber,pl_stats/A_Villa_7/squad/2023-24_squad.csv,
PL_PULSELIVE_HISTORICAL,squad,2023-24,weight_kg,pl_stats/A_Villa_7/squad/2023-24_squad.csv,
PL_PULSELIVE_HISTORICAL,squad,2024-25,age,pl_stats/A_Villa_7/squad/2024-25_squad.csv,
PL_PULSELIVE_HISTORICAL,squad,2024-25,birthCountry,pl_stats/A_Villa_7/squad/2024-25_squad.csv,
PL_PULSELIVE_HISTORICAL,squad,2024-25,birthDate,pl_stats/A_Villa_7/squad/2024-25_squad.csv,
PL_PULSELIVE_HISTORICAL,squad,2024-25,displayName,pl_stats/A_Villa_7/squad/2024-25_squad.csv,
PL_PULSELIVE_HISTORICAL,squad,2024-25,firstName,pl_stats/A_Villa_7/squad/2024-25_squad.csv,
PL_PULSELIVE_HISTORICAL,squad,2024-25,height_cm,pl_stats/A_Villa_7/squad/2024-25_squad.csv,
PL_PULSELIVE_HISTORICAL,squad,2024-25,isoCode,pl_stats/A_Villa_7/squad/2024-25_squad.csv,
PL_PULSELIVE_HISTORICAL,squad,2024-25,joinDate,pl_stats/A_Villa_7/squad/2024-25_squad.csv,
PL_PULSELIVE_HISTORICAL,squad,2024-25,lastName,pl_stats/A_Villa_7/squad/2024-25_squad.csv,
PL_PULSELIVE_HISTORICAL,squad,2024-25,nationality,pl_stats/A_Villa_7/squad/2024-25_squad.csv,
PL_PULSELIVE_HISTORICAL,squad,2024-25,onLoan,pl_stats/A_Villa_7/squad/2024-25_squad.csv,
PL_PULSELIVE_HISTORICAL,squad,2024-25,playerId,pl_stats/A_Villa_7/squad/2024-25_squad.csv,
PL_PULSELIVE_HISTORICAL,squad,2024-25,position,pl_stats/A_Villa_7/squad/2024-25_squad.csv,
PL_PULSELIVE_HISTORICAL,squad,2024-25,preferredFoot,pl_stats/A_Villa_7/squad/2024-25_squad.csv,
PL_PULSELIVE_HISTORICAL,squad,2024-25,shirtNumber,pl_stats/A_Villa_7/squad/2024-25_squad.csv,
PL_PULSELIVE_HISTORICAL,squad,2024-25,weight_kg,pl_stats/A_Villa_7/squad/2024-25_squad.csv,
PL_PULSELIVE_HISTORICAL,squad,2025-26,age,pl_stats/A_Villa_7/squad/2025-26_squad.csv,
PL_PULSELIVE_HISTORICAL,squad,2025-26,birthCountry,pl_stats/A_Villa_7/squad/2025-26_squad.csv,
PL_PULSELIVE_HISTORICAL,squad,2025-26,birthDate,pl_stats/A_Villa_7/squad/2025-26_squad.csv,
PL_PULSELIVE_HISTORICAL,squad,2025-26,displayName,pl_stats/A_Villa_7/squad/2025-26_squad.csv,
PL_PULSELIVE_HISTORICAL,squad,2025-26,firstName,pl_stats/A_Villa_7/squad/2025-26_squad.csv,
PL_PULSELIVE_HISTORICAL,squad,2025-26,height_cm,pl_stats/A_Villa_7/squad/2025-26_squad.csv,
PL_PULSELIVE_HISTORICAL,squad,2025-26,isoCode,pl_stats/A_Villa_7/squad/2025-26_squad.csv,
PL_PULSELIVE_HISTORICAL,squad,2025-26,joinDate,pl_stats/A_Villa_7/squad/2025-26_squad.csv,
PL_PULSELIVE_HISTORICAL,squad,2025-26,lastName,pl_stats/A_Villa_7/squad/2025-26_squad.csv,
PL_PULSELIVE_HISTORICAL,squad,2025-26,nationality,pl_stats/A_Villa_7/squad/2025-26_squad.csv,
PL_PULSELIVE_HISTORICAL,squad,2025-26,onLoan,pl_stats/A_Villa_7/squad/2025-26_squad.csv,
PL_PULSELIVE_HISTORICAL,squad,2025-26,playerId,pl_stats/A_Villa_7/squad/2025-26_squad.csv,
PL_PULSELIVE_HISTORICAL,squad,2025-26,position,pl_stats/A_Villa_7/squad/2025-26_squad.csv,
PL_PULSELIVE_HISTORICAL,squad,2025-26,preferredFoot,pl_stats/A_Villa_7/squad/2025-26_squad.csv,
PL_PULSELIVE_HISTORICAL,squad,2025-26,shirtNumber,pl_stats/A_Villa_7/squad/2025-26_squad.csv,
PL_PULSELIVE_HISTORICAL,squad,2025-26,weight_kg,pl_stats/A_Villa_7/squad/2025-26_squad.csv,
PL_PULSELIVE_HISTORICAL,team_match,2009-10,accurateBackZonePass,pl_stats/A_Villa_7/events_stats/2009-10_events_stats.csv,
PL_PULSELIVE_HISTORICAL,team_match,2009-10,accurateChippedPass,pl_stats/A_Villa_7/events_stats/2009-10_events_stats.csv,
PL_PULSELIVE_HISTORICAL,team_match,2009-10,accurateCornersIntobox,pl_stats/A_Villa_7/events_stats/2009-10_events_stats.csv,
PL_PULSELIVE_HISTORICAL,team_match,2009-10,accurateCross,pl_stats/A_Villa_7/events_stats/2009-10_events_stats.csv,
PL_PULSELIVE_HISTORICAL,team_match,2009-10,accurateCrossNocorner,pl_stats/A_Villa_7/events_stats/2009-10_events_stats.csv,
PL_PULSELIVE_HISTORICAL,team_match,2009-10,accurateFlickOn,pl_stats/A_Villa_7/events_stats/2009-10_events_stats.csv,
PL_PULSELIVE_HISTORICAL,team_match,2009-10,accurateFreekickCross,pl_stats/A_Villa_7/events_stats/2009-10_events_stats.csv,
PL_PULSELIVE_HISTORICAL,team_match,2009-10,accurateFwdZonePass,pl_stats/A_Villa_7/events_stats/2009-10_events_stats.csv,
PL_PULSELIVE_HISTORICAL,team_match,2009-10,accurateGoalKicks,pl_stats/A_Villa_7/events_stats/2009-10_events_stats.csv,
PL_PULSELIVE_HISTORICAL,team_match,2009-10,accurateKeeperSweeper,pl_stats/A_Villa_7/events_stats/2009-10_events_stats.csv,
PL_PULSELIVE_HISTORICAL,team_match,2009-10,accurateKeeperThrows,pl_stats/A_Villa_7/events_stats/2009-10_events_stats.csv,
PL_PULSELIVE_HISTORICAL,team_match,2009-10,accurateLaunches,pl_stats/A_Villa_7/events_stats/2009-10_events_stats.csv,
PL_PULSELIVE_HISTORICAL,team_match,2009-10,accurateLayoffs,pl_stats/A_Villa_7/events_stats/2009-10_events_stats.csv,
PL_PULSELIVE_HISTORICAL,team_match,2009-10,accurateLongBalls,pl_stats/A_Villa_7/events_stats/2009-10_events_stats.csv,
PL_PULSELIVE_HISTORICAL,team_match,2009-10,accuratePass,pl_stats/A_Villa_7/events_stats/2009-10_events_stats.csv,
PL_PULSELIVE_HISTORICAL,team_match,2009-10,accuratePullBack,pl_stats/A_Villa_7/events_stats/2009-10_events_stats.csv,
PL_PULSELIVE_HISTORICAL,team_match,2009-10,accurateThroughBall,pl_stats/A_Villa_7/events_stats/2009-10_events_stats.csv,
PL_PULSELIVE_HISTORICAL,team_match,2009-10,accurateThrows,pl_stats/A_Villa_7/events_stats/2009-10_events_stats.csv,
PL_PULSELIVE_HISTORICAL,team_match,2009-10,aerialLost,pl_stats/A_Villa_7/events_stats/2009-10_events_stats.csv,
PL_PULSELIVE_HISTORICAL,team_match,2009-10,aerialWon,pl_stats/A_Villa_7/events_stats/2009-10_events_stats.csv,
PL_PULSELIVE_HISTORICAL,team_match,2009-10,attAssistOpenplay,pl_stats/A_Villa_7/events_stats/2009-10_events_stats.csv,
PL_PULSELIVE_HISTORICAL,team_match,2009-10,attAssistSetplay,pl_stats/A_Villa_7/events_stats/2009-10_events_stats.csv,
PL_PULSELIVE_HISTORICAL,team_match,2009-10,attCorner,pl_stats/A_Villa_7/events_stats/2009-10_events_stats.csv,
PL_PULSELIVE_HISTORICAL,team_match,2009-10,attFastbreak,pl_stats/A_Villa_7/events_stats/2009-10_events_stats.csv,
PL_PULSELIVE_HISTORICAL,team_match,2009-10,attFreekickMiss,pl_stats/A_Villa_7/events_stats/2009-10_events_stats.csv,
PL_PULSELIVE_HISTORICAL,team_match,2009-10,attFreekickPost,pl_stats/A_Villa_7/events_stats/2009-10_events_stats.csv,
PL_PULSELIVE_HISTORICAL,team_match,2009-10,attFreekickTarget,pl_stats/A_Villa_7/events_stats/2009-10_events_stats.csv,
PL_PULSELIVE_HISTORICAL,team_match,2009-10,attFreekickTotal,pl_stats/A_Villa_7/events_stats/2009-10_events_stats.csv,
PL_PULSELIVE_HISTORICAL,team_match,2009-10,attIboxOwnGoal,pl_stats/A_Villa_7/events_stats/2009-10_events_stats.csv,
PL_PULSELIVE_HISTORICAL,team_match,2009-10,attLgCentre,pl_stats/A_Villa_7/events_stats/2009-10_events_stats.csv,
PL_PULSELIVE_HISTORICAL,team_match,2009-10,attObxdLeft,pl_stats/A_Villa_7/events_stats/2009-10_events_stats.csv,
PL_PULSELIVE_HISTORICAL,team_match,2009-10,attOpenplay,pl_stats/A_Villa_7/events_stats/2009-10_events_stats.csv,
PL_PULSELIVE_HISTORICAL,team_match,2009-10,attPenGoal,pl_stats/A_Villa_7/events_stats/2009-10_events_stats.csv,
PL_PULSELIVE_HISTORICAL,team_match,2009-10,attPenTarget,pl_stats/A_Villa_7/events_stats/2009-10_events_stats.csv,
PL_PULSELIVE_HISTORICAL,team_match,2009-10,attPostHigh,pl_stats/A_Villa_7/events_stats/2009-10_events_stats.csv,
PL_PULSELIVE_HISTORICAL,team_match,2009-10,attPostRight,pl_stats/A_Villa_7/events_stats/2009-10_events_stats.csv,
PL_PULSELIVE_HISTORICAL,team_match,2009-10,attSetpiece,pl_stats/A_Villa_7/events_stats/2009-10_events_stats.csv,
PL_PULSELIVE_HISTORICAL,team_match,2009-10,attemptsConcededIbox,pl_stats/A_Villa_7/events_stats/2009-10_events_stats.csv,
PL_PULSELIVE_HISTORICAL,team_match,2009-10,attemptsConcededObox,pl_stats/A_Villa_7/events_stats/2009-10_events_stats.csv,
PL_PULSELIVE_HISTORICAL,team_match,2009-10,attemptsIbox,pl_stats/A_Villa_7/events_stats/2009-10_events_stats.csv,
PL_PULSELIVE_HISTORICAL,team_match,2009-10,attemptsObox,pl_stats/A_Villa_7/events_stats/2009-10_events_stats.csv,
PL_PULSELIVE_HISTORICAL,team_match,2009-10,attendance,pl_stats/A_Villa_7/events_stats/2009-10_events_stats.csv,
PL_PULSELIVE_HISTORICAL,team_match,2009-10,ballRecovery,pl_stats/A_Villa_7/events_stats/2009-10_events_stats.csv,
PL_PULSELIVE_HISTORICAL,team_match,2009-10,blockedCross,pl_stats/A_Villa_7/events_stats/2009-10_events_stats.csv,
PL_PULSELIVE_HISTORICAL,team_match,2009-10,blockedScoringAtt,pl_stats/A_Villa_7/events_stats/2009-10_events_stats.csv,
PL_PULSELIVE_HISTORICAL,team_match,2009-10,challengeLost,pl_stats/A_Villa_7/events_stats/2009-10_events_stats.csv,
PL_PULSELIVE_HISTORICAL,team_match,2009-10,clearanceOffLine,pl_stats/A_Villa_7/events_stats/2009-10_events_stats.csv,
PL_PULSELIVE_HISTORICAL,team_match,2009-10,cornerTaken,pl_stats/A_Villa_7/events_stats/2009-10_events_stats.csv,
PL_PULSELIVE_HISTORICAL,team_match,2009-10,crosses18yard,pl_stats/A_Villa_7/events_stats/2009-10_events_stats.csv,
PL_PULSELIVE_HISTORICAL,team_match,2009-10,crosses18yardplus,pl_stats/A_Villa_7/events_stats/2009-10_events_stats.csv,
PL_PULSELIVE_HISTORICAL,team_match,2009-10,defenderGoals,pl_stats/A_Villa_7/events_stats/2009-10_events_stats.csv,
PL_PULSELIVE_HISTORICAL,team_match,2009-10,dispossessed,pl_stats/A_Villa_7/events_stats/2009-10_events_stats.csv,
PL_PULSELIVE_HISTORICAL,team_match,2009-10,divingSave,pl_stats/A_Villa_7/events_stats/2009-10_events_stats.csv,
PL_PULSELIVE_HISTORICAL,team_match,2009-10,duelLost,pl_stats/A_Villa_7/events_stats/2009-10_events_stats.csv,
PL_PULSELIVE_HISTORICAL,team_match,2009-10,duelWon,pl_stats/A_Villa_7/events_stats/2009-10_events_stats.csv,
PL_PULSELIVE_HISTORICAL,team_match,2009-10,effectiveBlockedCross,pl_stats/A_Villa_7/events_stats/2009-10_events_stats.csv,
PL_PULSELIVE_HISTORICAL,team_match,2009-10,effectiveClearance,pl_stats/A_Villa_7/events_stats/2009-10_events_stats.csv,
PL_PULSELIVE_HISTORICAL,team_match,2009-10,effectiveHeadClearance,pl_stats/A_Villa_7/events_stats/2009-10_events_stats.csv,
PL_PULSELIVE_HISTORICAL,team_match,2009-10,errorLeadToGoal,pl_stats/A_Villa_7/events_stats/2009-10_events_stats.csv,
PL_PULSELIVE_HISTORICAL,team_match,2009-10,errorLeadToShot,pl_stats/A_Villa_7/events_stats/2009-10_events_stats.csv,
PL_PULSELIVE_HISTORICAL,team_match,2009-10,finalThirdEntries,pl_stats/A_Villa_7/events_stats/2009-10_events_stats.csv,
PL_PULSELIVE_HISTORICAL,team_match,2009-10,fkFoulLost,pl_stats/A_Villa_7/events_stats/2009-10_events_stats.csv,
PL_PULSELIVE_HISTORICAL,team_match,2009-10,fkFoulWon,pl_stats/A_Villa_7/events_stats/2009-10_events_stats.csv,
PL_PULSELIVE_HISTORICAL,team_match,2009-10,forwardGoals,pl_stats/A_Villa_7/events_stats/2009-10_events_stats.csv,
PL_PULSELIVE_HISTORICAL,team_match,2009-10,foulThrowIn,pl_stats/A_Villa_7/events_stats/2009-10_events_stats.csv,
PL_PULSELIVE_HISTORICAL,team_match,2009-10,fouledFinalThird,pl_stats/A_Villa_7/events_stats/2009-10_events_stats.csv,
PL_PULSELIVE_HISTORICAL,team_match,2009-10,freekickCross,pl_stats/A_Villa_7/events_stats/2009-10_events_stats.csv,
PL_PULSELIVE_HISTORICAL,team_match,2009-10,freekickTotal,pl_stats/A_Villa_7/events_stats/2009-10_events_stats.csv,
PL_PULSELIVE_HISTORICAL,team_match,2009-10,gameweek,pl_stats/A_Villa_7/events_stats/2009-10_events_stats.csv,
PL_PULSELIVE_HISTORICAL,team_match,2009-10,goalAssist,pl_stats/A_Villa_7/events_stats/2009-10_events_stats.csv,
PL_PULSELIVE_HISTORICAL,team_match,2009-10,goalAssistDeadball,pl_stats/A_Villa_7/events_stats/2009-10_events_stats.csv,
PL_PULSELIVE_HISTORICAL,team_match,2009-10,goalAssistIntentional,pl_stats/A_Villa_7/events_stats/2009-10_events_stats.csv,
PL_PULSELIVE_HISTORICAL,team_match,2009-10,goalAssistOpenplay,pl_stats/A_Villa_7/events_stats/2009-10_events_stats.csv,
PL_PULSELIVE_HISTORICAL,team_match,2009-10,goalAssistSetplay,pl_stats/A_Villa_7/events_stats/2009-10_events_stats.csv,
PL_PULSELIVE_HISTORICAL,team_match,2009-10,goalFastbreak,pl_stats/A_Villa_7/events_stats/2009-10_events_stats.csv,
PL_PULSELIVE_HISTORICAL,team_match,2009-10,goalKicks,pl_stats/A_Villa_7/events_stats/2009-10_events_stats.csv,
PL_PULSELIVE_HISTORICAL,team_match,2009-10,goalsAgainst,pl_stats/A_Villa_7/events_stats/2009-10_events_stats.csv,
PL_PULSELIVE_HISTORICAL,team_match,2009-10,goalsFor,pl_stats/A_Villa_7/events_stats/2009-10_events_stats.csv,
PL_PULSELIVE_HISTORICAL,team_match,2009-10,goalsOpenplay,pl_stats/A_Villa_7/events_stats/2009-10_events_stats.csv,
PL_PULSELIVE_HISTORICAL,team_match,2009-10,goodHighClaim,pl_stats/A_Villa_7/events_stats/2009-10_events_stats.csv,
PL_PULSELIVE_HISTORICAL,team_match,2009-10,ground,pl_stats/A_Villa_7/events_stats/2009-10_events_stats.csv,
PL_PULSELIVE_HISTORICAL,team_match,2009-10,halfTimeAgainst,pl_stats/A_Villa_7/events_stats/2009-10_events_stats.csv,
PL_PULSELIVE_HISTORICAL,team_match,2009-10,halfTimeFor,pl_stats/A_Villa_7/events_stats/2009-10_events_stats.csv,
PL_PULSELIVE_HISTORICAL,team_match,2009-10,handBall,pl_stats/A_Villa_7/events_stats/2009-10_events_stats.csv,
PL_PULSELIVE_HISTORICAL,team_match,2009-10,headClearance,pl_stats/A_Villa_7/events_stats/2009-10_events_stats.csv,
PL_PULSELIVE_HISTORICAL,team_match,2009-10,hitWoodwork,pl_stats/A_Villa_7/events_stats/2009-10_events_stats.csv,
PL_PULSELIVE_HISTORICAL,team_match,2009-10,interception,pl_stats/A_Villa_7/events_stats/2009-10_events_stats.csv,
PL_PULSELIVE_HISTORICAL,team_match,2009-10,interceptionWon,pl_stats/A_Villa_7/events_stats/2009-10_events_stats.csv,
PL_PULSELIVE_HISTORICAL,team_match,2009-10,interceptionsInBox,pl_stats/A_Villa_7/events_stats/2009-10_events_stats.csv,
PL_PULSELIVE_HISTORICAL,team_match,2009-10,keeperThrows,pl_stats/A_Villa_7/events_stats/2009-10_events_stats.csv,
PL_PULSELIVE_HISTORICAL,team_match,2009-10,kickoff,pl_stats/A_Villa_7/events_stats/2009-10_events_stats.csv,
PL_PULSELIVE_HISTORICAL,team_match,2009-10,longPassOwnToOpp,pl_stats/A_Villa_7/events_stats/2009-10_events_stats.csv,
PL_PULSELIVE_HISTORICAL,team_match,2009-10,longPassOwnToOppSuccess,pl_stats/A_Villa_7/events_stats/2009-10_events_stats.csv,
PL_PULSELIVE_HISTORICAL,team_match,2009-10,lostCorners,pl_stats/A_Villa_7/events_stats/2009-10_events_stats.csv,
PL_PULSELIVE_HISTORICAL,team_match,2009-10,matchId,pl_stats/A_Villa_7/events_stats/2009-10_events_stats.csv,
PL_PULSELIVE_HISTORICAL,team_match,2009-10,midfielderGoals,pl_stats/A_Villa_7/events_stats/2009-10_events_stats.csv,
PL_PULSELIVE_HISTORICAL,team_match,2009-10,offtargetAttAssist,pl_stats/A_Villa_7/events_stats/2009-10_events_stats.csv,
PL_PULSELIVE_HISTORICAL,team_match,2009-10,ontargetAttAssist,pl_stats/A_Villa_7/events_stats/2009-10_events_stats.csv,
PL_PULSELIVE_HISTORICAL,team_match,2009-10,ontargetScoringAtt,pl_stats/A_Villa_7/events_stats/2009-10_events_stats.csv,
PL_PULSELIVE_HISTORICAL,team_match,2009-10,openPlayPass,pl_stats/A_Villa_7/events_stats/2009-10_events_stats.csv,
PL_PULSELIVE_HISTORICAL,team_match,2009-10,opponent,pl_stats/A_Villa_7/events_stats/2009-10_events_stats.csv,
PL_PULSELIVE_HISTORICAL,team_match,2009-10,opponent_id,pl_stats/A_Villa_7/events_stats/2009-10_events_stats.csv,
PL_PULSELIVE_HISTORICAL,team_match,2009-10,outfielderBlock,pl_stats/A_Villa_7/events_stats/2009-10_events_stats.csv,
PL_PULSELIVE_HISTORICAL,team_match,2009-10,ownGoals,pl_stats/A_Villa_7/events_stats/2009-10_events_stats.csv,
PL_PULSELIVE_HISTORICAL,team_match,2009-10,passesLeft,pl_stats/A_Villa_7/events_stats/2009-10_events_stats.csv,
PL_PULSELIVE_HISTORICAL,team_match,2009-10,passesRight,pl_stats/A_Villa_7/events_stats/2009-10_events_stats.csv,
PL_PULSELIVE_HISTORICAL,team_match,2009-10,penAreaEntries,pl_stats/A_Villa_7/events_stats/2009-10_events_stats.csv,
PL_PULSELIVE_HISTORICAL,team_match,2009-10,penGoalsConceded,pl_stats/A_Villa_7/events_stats/2009-10_events_stats.csv,
PL_PULSELIVE_HISTORICAL,team_match,2009-10,penaltyConceded,pl_stats/A_Villa_7/events_stats/2009-10_events_stats.csv,
PL_PULSELIVE_HISTORICAL,team_match,2009-10,penaltyFaced,pl_stats/A_Villa_7/events_stats/2009-10_events_stats.csv,
PL_PULSELIVE_HISTORICAL,team_match,2009-10,penaltyWon,pl_stats/A_Villa_7/events_stats/2009-10_events_stats.csv,
PL_PULSELIVE_HISTORICAL,team_match,2009-10,possLostAll,pl_stats/A_Villa_7/events_stats/2009-10_events_stats.csv,
PL_PULSELIVE_HISTORICAL,team_match,2009-10,possLostCtrl,pl_stats/A_Villa_7/events_stats/2009-10_events_stats.csv,
PL_PULSELIVE_HISTORICAL,team_match,2009-10,possWonAtt3rd,pl_stats/A_Villa_7/events_stats/2009-10_events_stats.csv,
PL_PULSELIVE_HISTORICAL,team_match,2009-10,possWonDef3rd,pl_stats/A_Villa_7/events_stats/2009-10_events_stats.csv,
PL_PULSELIVE_HISTORICAL,team_match,2009-10,possWonMid3rd,pl_stats/A_Villa_7/events_stats/2009-10_events_stats.csv,
PL_PULSELIVE_HISTORICAL,team_match,2009-10,possessionPercentage,pl_stats/A_Villa_7/events_stats/2009-10_events_stats.csv,
PL_PULSELIVE_HISTORICAL,team_match,2009-10,postScoringAtt,pl_stats/A_Villa_7/events_stats/2009-10_events_stats.csv,
PL_PULSELIVE_HISTORICAL,team_match,2009-10,ptsGainedLosingPos,pl_stats/A_Villa_7/events_stats/2009-10_events_stats.csv,
PL_PULSELIVE_HISTORICAL,team_match,2009-10,punches,pl_stats/A_Villa_7/events_stats/2009-10_events_stats.csv,
PL_PULSELIVE_HISTORICAL,team_match,2009-10,redCard,pl_stats/A_Villa_7/events_stats/2009-10_events_stats.csv,
PL_PULSELIVE_HISTORICAL,team_match,2009-10,redCardsAgainst,pl_stats/A_Villa_7/events_stats/2009-10_events_stats.csv,
PL_PULSELIVE_HISTORICAL,team_match,2009-10,redCardsFor,pl_stats/A_Villa_7/events_stats/2009-10_events_stats.csv,
PL_PULSELIVE_HISTORICAL,team_match,2009-10,result,pl_stats/A_Villa_7/events_stats/2009-10_events_stats.csv,
PL_PULSELIVE_HISTORICAL,team_match,2009-10,savedIbox,pl_stats/A_Villa_7/events_stats/2009-10_events_stats.csv,
PL_PULSELIVE_HISTORICAL,team_match,2009-10,savedObox,pl_stats/A_Villa_7/events_stats/2009-10_events_stats.csv,
PL_PULSELIVE_HISTORICAL,team_match,2009-10,saves,pl_stats/A_Villa_7/events_stats/2009-10_events_stats.csv,
PL_PULSELIVE_HISTORICAL,team_match,2009-10,secondYellow,pl_stats/A_Villa_7/events_stats/2009-10_events_stats.csv,
PL_PULSELIVE_HISTORICAL,team_match,2009-10,shieldBallOop,pl_stats/A_Villa_7/events_stats/2009-10_events_stats.csv,
PL_PULSELIVE_HISTORICAL,team_match,2009-10,shotFastbreak,pl_stats/A_Villa_7/events_stats/2009-10_events_stats.csv,
PL_PULSELIVE_HISTORICAL,team_match,2009-10,shotOffTarget,pl_stats/A_Villa_7/events_stats/2009-10_events_stats.csv,
PL_PULSELIVE_HISTORICAL,team_match,2009-10,sixYardBlock,pl_stats/A_Villa_7/events_stats/2009-10_events_stats.csv,
PL_PULSELIVE_HISTORICAL,team_match,2009-10,subsMade,pl_stats/A_Villa_7/events_stats/2009-10_events_stats.csv,
PL_PULSELIVE_HISTORICAL,team_match,2009-10,successfulFinalThirdPasses,pl_stats/A_Villa_7/events_stats/2009-10_events_stats.csv,
PL_PULSELIVE_HISTORICAL,team_match,2009-10,successfulOpenPlayPass,pl_stats/A_Villa_7/events_stats/2009-10_events_stats.csv,
PL_PULSELIVE_HISTORICAL,team_match,2009-10,team,pl_stats/A_Villa_7/events_stats/2009-10_events_stats.csv,
PL_PULSELIVE_HISTORICAL,team_match,2009-10,team_id,pl_stats/A_Villa_7/events_stats/2009-10_events_stats.csv,
PL_PULSELIVE_HISTORICAL,team_match,2009-10,totalAttAssist,pl_stats/A_Villa_7/events_stats/2009-10_events_stats.csv,
PL_PULSELIVE_HISTORICAL,team_match,2009-10,totalBackZonePass,pl_stats/A_Villa_7/events_stats/2009-10_events_stats.csv,
PL_PULSELIVE_HISTORICAL,team_match,2009-10,totalChippedPass,pl_stats/A_Villa_7/events_stats/2009-10_events_stats.csv,
PL_PULSELIVE_HISTORICAL,team_match,2009-10,totalClearance,pl_stats/A_Villa_7/events_stats/2009-10_events_stats.csv,
PL_PULSELIVE_HISTORICAL,team_match,2009-10,totalContest,pl_stats/A_Villa_7/events_stats/2009-10_events_stats.csv,
PL_PULSELIVE_HISTORICAL,team_match,2009-10,totalCornersIntobox,pl_stats/A_Villa_7/events_stats/2009-10_events_stats.csv,
PL_PULSELIVE_HISTORICAL,team_match,2009-10,totalCross,pl_stats/A_Villa_7/events_stats/2009-10_events_stats.csv,
PL_PULSELIVE_HISTORICAL,team_match,2009-10,totalCrossNocorner,pl_stats/A_Villa_7/events_stats/2009-10_events_stats.csv,
PL_PULSELIVE_HISTORICAL,team_match,2009-10,totalFastbreak,pl_stats/A_Villa_7/events_stats/2009-10_events_stats.csv,
PL_PULSELIVE_HISTORICAL,team_match,2009-10,totalFinalThirdPasses,pl_stats/A_Villa_7/events_stats/2009-10_events_stats.csv,
PL_PULSELIVE_HISTORICAL,team_match,2009-10,totalFlickOn,pl_stats/A_Villa_7/events_stats/2009-10_events_stats.csv,
PL_PULSELIVE_HISTORICAL,team_match,2009-10,totalFwdZonePass,pl_stats/A_Villa_7/events_stats/2009-10_events_stats.csv,
PL_PULSELIVE_HISTORICAL,team_match,2009-10,totalHighClaim,pl_stats/A_Villa_7/events_stats/2009-10_events_stats.csv,
PL_PULSELIVE_HISTORICAL,team_match,2009-10,totalKeeperSweeper,pl_stats/A_Villa_7/events_stats/2009-10_events_stats.csv,
PL_PULSELIVE_HISTORICAL,team_match,2009-10,totalLaunches,pl_stats/A_Villa_7/events_stats/2009-10_events_stats.csv,
PL_PULSELIVE_HISTORICAL,team_match,2009-10,totalLayoffs,pl_stats/A_Villa_7/events_stats/2009-10_events_stats.csv,
PL_PULSELIVE_HISTORICAL,team_match,2009-10,totalLongBalls,pl_stats/A_Villa_7/events_stats/2009-10_events_stats.csv,
PL_PULSELIVE_HISTORICAL,team_match,2009-10,totalOffside,pl_stats/A_Villa_7/events_stats/2009-10_events_stats.csv,
PL_PULSELIVE_HISTORICAL,team_match,2009-10,totalPass,pl_stats/A_Villa_7/events_stats/2009-10_events_stats.csv,
PL_PULSELIVE_HISTORICAL,team_match,2009-10,totalPullBack,pl_stats/A_Villa_7/events_stats/2009-10_events_stats.csv,
PL_PULSELIVE_HISTORICAL,team_match,2009-10,totalRedCard,pl_stats/A_Villa_7/events_stats/2009-10_events_stats.csv,
PL_PULSELIVE_HISTORICAL,team_match,2009-10,totalScoringAtt,pl_stats/A_Villa_7/events_stats/2009-10_events_stats.csv,
PL_PULSELIVE_HISTORICAL,team_match,2009-10,totalTackle,pl_stats/A_Villa_7/events_stats/2009-10_events_stats.csv,
PL_PULSELIVE_HISTORICAL,team_match,2009-10,totalThroughBall,pl_stats/A_Villa_7/events_stats/2009-10_events_stats.csv,
PL_PULSELIVE_HISTORICAL,team_match,2009-10,totalThrows,pl_stats/A_Villa_7/events_stats/2009-10_events_stats.csv,
PL_PULSELIVE_HISTORICAL,team_match,2009-10,totalYelCard,pl_stats/A_Villa_7/events_stats/2009-10_events_stats.csv,
PL_PULSELIVE_HISTORICAL,team_match,2009-10,touches,pl_stats/A_Villa_7/events_stats/2009-10_events_stats.csv,
PL_PULSELIVE_HISTORICAL,team_match,2009-10,touchesInOppBox,pl_stats/A_Villa_7/events_stats/2009-10_events_stats.csv,
PL_PULSELIVE_HISTORICAL,team_match,2009-10,venue,pl_stats/A_Villa_7/events_stats/2009-10_events_stats.csv,
PL_PULSELIVE_HISTORICAL,team_match,2009-10,wonContest,pl_stats/A_Villa_7/events_stats/2009-10_events_stats.csv,
PL_PULSELIVE_HISTORICAL,team_match,2009-10,wonCorners,pl_stats/A_Villa_7/events_stats/2009-10_events_stats.csv,
PL_PULSELIVE_HISTORICAL,team_match,2009-10,wonTackle,pl_stats/A_Villa_7/events_stats/2009-10_events_stats.csv,
PL_PULSELIVE_HISTORICAL,team_match,2009-10,yellowCard,pl_stats/A_Villa_7/events_stats/2009-10_events_stats.csv,
PL_PULSELIVE_HISTORICAL,team_match,2010-11,accurateBackZonePass,pl_stats/A_Villa_7/events_stats/2010-11_events_stats.csv,
PL_PULSELIVE_HISTORICAL,team_match,2010-11,accurateChippedPass,pl_stats/A_Villa_7/events_stats/2010-11_events_stats.csv,
PL_PULSELIVE_HISTORICAL,team_match,2010-11,accurateCornersIntobox,pl_stats/A_Villa_7/events_stats/2010-11_events_stats.csv,
PL_PULSELIVE_HISTORICAL,team_match,2010-11,accurateCross,pl_stats/A_Villa_7/events_stats/2010-11_events_stats.csv,
PL_PULSELIVE_HISTORICAL,team_match,2010-11,accurateCrossNocorner,pl_stats/A_Villa_7/events_stats/2010-11_events_stats.csv,
PL_PULSELIVE_HISTORICAL,team_match,2010-11,accurateFlickOn,pl_stats/A_Villa_7/events_stats/2010-11_events_stats.csv,
PL_PULSELIVE_HISTORICAL,team_match,2010-11,accurateFreekickCross,pl_stats/A_Villa_7/events_stats/2010-11_events_stats.csv,
PL_PULSELIVE_HISTORICAL,team_match,2010-11,accurateFwdZonePass,pl_stats/A_Villa_7/events_stats/2010-11_events_stats.csv,
PL_PULSELIVE_HISTORICAL,team_match,2010-11,accurateGoalKicks,pl_stats/A_Villa_7/events_stats/2010-11_events_stats.csv,
PL_PULSELIVE_HISTORICAL,team_match,2010-11,accurateKeeperSweeper,pl_stats/A_Villa_7/events_stats/2010-11_events_stats.csv,
PL_PULSELIVE_HISTORICAL,team_match,2010-11,accurateKeeperThrows,pl_stats/A_Villa_7/events_stats/2010-11_events_stats.csv,
PL_PULSELIVE_HISTORICAL,team_match,2010-11,accurateLaunches,pl_stats/A_Villa_7/events_stats/2010-11_events_stats.csv,
PL_PULSELIVE_HISTORICAL,team_match,2010-11,accurateLayoffs,pl_stats/A_Villa_7/events_stats/2010-11_events_stats.csv,
PL_PULSELIVE_HISTORICAL,team_match,2010-11,accurateLongBalls,pl_stats/A_Villa_7/events_stats/2010-11_events_stats.csv,
PL_PULSELIVE_HISTORICAL,team_match,2010-11,accuratePass,pl_stats/A_Villa_7/events_stats/2010-11_events_stats.csv,
PL_PULSELIVE_HISTORICAL,team_match,2010-11,accuratePullBack,pl_stats/A_Villa_7/events_stats/2010-11_events_stats.csv,
PL_PULSELIVE_HISTORICAL,team_match,2010-11,accurateThroughBall,pl_stats/A_Villa_7/events_stats/2010-11_events_stats.csv,
PL_PULSELIVE_HISTORICAL,team_match,2010-11,accurateThrows,pl_stats/A_Villa_7/events_stats/2010-11_events_stats.csv,
PL_PULSELIVE_HISTORICAL,team_match,2010-11,aerialLost,pl_stats/A_Villa_7/events_stats/2010-11_events_stats.csv,
PL_PULSELIVE_HISTORICAL,team_match,2010-11,aerialWon,pl_stats/A_Villa_7/events_stats/2010-11_events_stats.csv,
PL_PULSELIVE_HISTORICAL,team_match,2010-11,attAssistOpenplay,pl_stats/A_Villa_7/events_stats/2010-11_events_stats.csv,
PL_PULSELIVE_HISTORICAL,team_match,2010-11,attAssistSetplay,pl_stats/A_Villa_7/events_stats/2010-11_events_stats.csv,
PL_PULSELIVE_HISTORICAL,team_match,2010-11,attFastbreak,pl_stats/A_Villa_7/events_stats/2010-11_events_stats.csv,
PL_PULSELIVE_HISTORICAL,team_match,2010-11,attFreekickGoal,pl_stats/A_Villa_7/events_stats/2010-11_events_stats.csv,
PL_PULSELIVE_HISTORICAL,team_match,2010-11,attFreekickMiss,pl_stats/A_Villa_7/events_stats/2010-11_events_stats.csv,
PL_PULSELIVE_HISTORICAL,team_match,2010-11,attFreekickPost,pl_stats/A_Villa_7/events_stats/2010-11_events_stats.csv,
PL_PULSELIVE_HISTORICAL,team_match,2010-11,attFreekickTarget,pl_stats/A_Villa_7/events_stats/2010-11_events_stats.csv,
PL_PULSELIVE_HISTORICAL,team_match,2010-11,attFreekickTotal,pl_stats/A_Villa_7/events_stats/2010-11_events_stats.csv,
PL_PULSELIVE_HISTORICAL,team_match,2010-11,attIboxOwnGoal,pl_stats/A_Villa_7/events_stats/2010-11_events_stats.csv,
PL_PULSELIVE_HISTORICAL,team_match,2010-11,attLgCentre,pl_stats/A_Villa_7/events_stats/2010-11_events_stats.csv,
PL_PULSELIVE_HISTORICAL,team_match,2010-11,attObxdLeft,pl_stats/A_Villa_7/events_stats/2010-11_events_stats.csv,
PL_PULSELIVE_HISTORICAL,team_match,2010-11,attOpenplay,pl_stats/A_Villa_7/events_stats/2010-11_events_stats.csv,
PL_PULSELIVE_HISTORICAL,team_match,2010-11,attPenGoal,pl_stats/A_Villa_7/events_stats/2010-11_events_stats.csv,
PL_PULSELIVE_HISTORICAL,team_match,2010-11,attPenMiss,pl_stats/A_Villa_7/events_stats/2010-11_events_stats.csv,
PL_PULSELIVE_HISTORICAL,team_match,2010-11,attPenTarget,pl_stats/A_Villa_7/events_stats/2010-11_events_stats.csv,
PL_PULSELIVE_HISTORICAL,team_match,2010-11,attPostHigh,pl_stats/A_Villa_7/events_stats/2010-11_events_stats.csv,
PL_PULSELIVE_HISTORICAL,team_match,2010-11,attPostLeft,pl_stats/A_Villa_7/events_stats/2010-11_events_stats.csv,
PL_PULSELIVE_HISTORICAL,team_match,2010-11,attPostRight,pl_stats/A_Villa_7/events_stats/2010-11_events_stats.csv,
PL_PULSELIVE_HISTORICAL,team_match,2010-11,attSetpiece,pl_stats/A_Villa_7/events_stats/2010-11_events_stats.csv,
PL_PULSELIVE_HISTORICAL,team_match,2010-11,attemptsConcededIbox,pl_stats/A_Villa_7/events_stats/2010-11_events_stats.csv,
PL_PULSELIVE_HISTORICAL,team_match,2010-11,attemptsConcededObox,pl_stats/A_Villa_7/events_stats/2010-11_events_stats.csv,
PL_PULSELIVE_HISTORICAL,team_match,2010-11,attendance,pl_stats/A_Villa_7/events_stats/2010-11_events_stats.csv,
PL_PULSELIVE_HISTORICAL,team_match,2010-11,backwardPass,pl_stats/A_Villa_7/events_stats/2010-11_events_stats.csv,
PL_PULSELIVE_HISTORICAL,team_match,2010-11,ballRecovery,pl_stats/A_Villa_7/events_stats/2010-11_events_stats.csv,
PL_PULSELIVE_HISTORICAL,team_match,2010-11,bigChanceCreated,pl_stats/A_Villa_7/events_stats/2010-11_events_stats.csv,
PL_PULSELIVE_HISTORICAL,team_match,2010-11,bigChanceMissed,pl_stats/A_Villa_7/events_stats/2010-11_events_stats.csv,
PL_PULSELIVE_HISTORICAL,team_match,2010-11,bigChanceScored,pl_stats/A_Villa_7/events_stats/2010-11_events_stats.csv,
PL_PULSELIVE_HISTORICAL,team_match,2010-11,blockedCross,pl_stats/A_Villa_7/events_stats/2010-11_events_stats.csv,
PL_PULSELIVE_HISTORICAL,team_match,2010-11,blockedScoringAtt,pl_stats/A_Villa_7/events_stats/2010-11_events_stats.csv,
PL_PULSELIVE_HISTORICAL,team_match,2010-11,challengeLost,pl_stats/A_Villa_7/events_stats/2010-11_events_stats.csv,
PL_PULSELIVE_HISTORICAL,team_match,2010-11,clearanceOffLine,pl_stats/A_Villa_7/events_stats/2010-11_events_stats.csv,
PL_PULSELIVE_HISTORICAL,team_match,2010-11,cornerTaken,pl_stats/A_Villa_7/events_stats/2010-11_events_stats.csv,
PL_PULSELIVE_HISTORICAL,team_match,2010-11,crosses18yard,pl_stats/A_Villa_7/events_stats/2010-11_events_stats.csv,
PL_PULSELIVE_HISTORICAL,team_match,2010-11,crosses18yardplus,pl_stats/A_Villa_7/events_stats/2010-11_events_stats.csv,
PL_PULSELIVE_HISTORICAL,team_match,2010-11,defenderGoals,pl_stats/A_Villa_7/events_stats/2010-11_events_stats.csv,
PL_PULSELIVE_HISTORICAL,team_match,2010-11,dispossessed,pl_stats/A_Villa_7/events_stats/2010-11_events_stats.csv,
PL_PULSELIVE_HISTORICAL,team_match,2010-11,divingSave,pl_stats/A_Villa_7/events_stats/2010-11_events_stats.csv,
PL_PULSELIVE_HISTORICAL,team_match,2010-11,duelLost,pl_stats/A_Villa_7/events_stats/2010-11_events_stats.csv,
PL_PULSELIVE_HISTORICAL,team_match,2010-11,duelWon,pl_stats/A_Villa_7/events_stats/2010-11_events_stats.csv,
PL_PULSELIVE_HISTORICAL,team_match,2010-11,effectiveBlockedCross,pl_stats/A_Villa_7/events_stats/2010-11_events_stats.csv,
PL_PULSELIVE_HISTORICAL,team_match,2010-11,effectiveClearance,pl_stats/A_Villa_7/events_stats/2010-11_events_stats.csv,
PL_PULSELIVE_HISTORICAL,team_match,2010-11,effectiveHeadClearance,pl_stats/A_Villa_7/events_stats/2010-11_events_stats.csv,
PL_PULSELIVE_HISTORICAL,team_match,2010-11,errorLeadToGoal,pl_stats/A_Villa_7/events_stats/2010-11_events_stats.csv,
PL_PULSELIVE_HISTORICAL,team_match,2010-11,errorLeadToShot,pl_stats/A_Villa_7/events_stats/2010-11_events_stats.csv,
PL_PULSELIVE_HISTORICAL,team_match,2010-11,finalThirdEntries,pl_stats/A_Villa_7/events_stats/2010-11_events_stats.csv,
PL_PULSELIVE_HISTORICAL,team_match,2010-11,fkFoulLost,pl_stats/A_Villa_7/events_stats/2010-11_events_stats.csv,
PL_PULSELIVE_HISTORICAL,team_match,2010-11,fkFoulWon,pl_stats/A_Villa_7/events_stats/2010-11_events_stats.csv,
PL_PULSELIVE_HISTORICAL,team_match,2010-11,forwardGoals,pl_stats/A_Villa_7/events_stats/2010-11_events_stats.csv,
PL_PULSELIVE_HISTORICAL,team_match,2010-11,foulThrowIn,pl_stats/A_Villa_7/events_stats/2010-11_events_stats.csv,
PL_PULSELIVE_HISTORICAL,team_match,2010-11,fouledFinalThird,pl_stats/A_Villa_7/events_stats/2010-11_events_stats.csv,
PL_PULSELIVE_HISTORICAL,team_match,2010-11,freekickCross,pl_stats/A_Villa_7/events_stats/2010-11_events_stats.csv,
PL_PULSELIVE_HISTORICAL,team_match,2010-11,freekickTotal,pl_stats/A_Villa_7/events_stats/2010-11_events_stats.csv,
PL_PULSELIVE_HISTORICAL,team_match,2010-11,fwdPass,pl_stats/A_Villa_7/events_stats/2010-11_events_stats.csv,
PL_PULSELIVE_HISTORICAL,team_match,2010-11,gameweek,pl_stats/A_Villa_7/events_stats/2010-11_events_stats.csv,
PL_PULSELIVE_HISTORICAL,team_match,2010-11,goalAssist,pl_stats/A_Villa_7/events_stats/2010-11_events_stats.csv,
PL_PULSELIVE_HISTORICAL,team_match,2010-11,goalAssistDeadball,pl_stats/A_Villa_7/events_stats/2010-11_events_stats.csv,
PL_PULSELIVE_HISTORICAL,team_match,2010-11,goalAssistIntentional,pl_stats/A_Villa_7/events_stats/2010-11_events_stats.csv,
PL_PULSELIVE_HISTORICAL,team_match,2010-11,goalAssistOpenplay,pl_stats/A_Villa_7/events_stats/2010-11_events_stats.csv,
PL_PULSELIVE_HISTORICAL,team_match,2010-11,goalAssistSetplay,pl_stats/A_Villa_7/events_stats/2010-11_events_stats.csv,
PL_PULSELIVE_HISTORICAL,team_match,2010-11,goalFastbreak,pl_stats/A_Villa_7/events_stats/2010-11_events_stats.csv,
PL_PULSELIVE_HISTORICAL,team_match,2010-11,goalKicks,pl_stats/A_Villa_7/events_stats/2010-11_events_stats.csv,
PL_PULSELIVE_HISTORICAL,team_match,2010-11,goalsAgainst,pl_stats/A_Villa_7/events_stats/2010-11_events_stats.csv,
PL_PULSELIVE_HISTORICAL,team_match,2010-11,goalsFor,pl_stats/A_Villa_7/events_stats/2010-11_events_stats.csv,
PL_PULSELIVE_HISTORICAL,team_match,2010-11,goalsOpenplay,pl_stats/A_Villa_7/events_stats/2010-11_events_stats.csv,
PL_PULSELIVE_HISTORICAL,team_match,2010-11,goodHighClaim,pl_stats/A_Villa_7/events_stats/2010-11_events_stats.csv,
PL_PULSELIVE_HISTORICAL,team_match,2010-11,ground,pl_stats/A_Villa_7/events_stats/2010-11_events_stats.csv,
PL_PULSELIVE_HISTORICAL,team_match,2010-11,halfTimeAgainst,pl_stats/A_Villa_7/events_stats/2010-11_events_stats.csv,
PL_PULSELIVE_HISTORICAL,team_match,2010-11,halfTimeFor,pl_stats/A_Villa_7/events_stats/2010-11_events_stats.csv,
PL_PULSELIVE_HISTORICAL,team_match,2010-11,handBall,pl_stats/A_Villa_7/events_stats/2010-11_events_stats.csv,
PL_PULSELIVE_HISTORICAL,team_match,2010-11,headClearance,pl_stats/A_Villa_7/events_stats/2010-11_events_stats.csv,
PL_PULSELIVE_HISTORICAL,team_match,2010-11,hitWoodwork,pl_stats/A_Villa_7/events_stats/2010-11_events_stats.csv,
PL_PULSELIVE_HISTORICAL,team_match,2010-11,interception,pl_stats/A_Villa_7/events_stats/2010-11_events_stats.csv,
PL_PULSELIVE_HISTORICAL,team_match,2010-11,interceptionWon,pl_stats/A_Villa_7/events_stats/2010-11_events_stats.csv,
PL_PULSELIVE_HISTORICAL,team_match,2010-11,interceptionsInBox,pl_stats/A_Villa_7/events_stats/2010-11_events_stats.csv,
PL_PULSELIVE_HISTORICAL,team_match,2010-11,keeperThrows,pl_stats/A_Villa_7/events_stats/2010-11_events_stats.csv,
PL_PULSELIVE_HISTORICAL,team_match,2010-11,kickoff,pl_stats/A_Villa_7/events_stats/2010-11_events_stats.csv,
PL_PULSELIVE_HISTORICAL,team_match,2010-11,leftsidePass,pl_stats/A_Villa_7/events_stats/2010-11_events_stats.csv,
PL_PULSELIVE_HISTORICAL,team_match,2010-11,longPassOwnToOpp,pl_stats/A_Villa_7/events_stats/2010-11_events_stats.csv,
PL_PULSELIVE_HISTORICAL,team_match,2010-11,longPassOwnToOppSuccess,pl_stats/A_Villa_7/events_stats/2010-11_events_stats.csv,
PL_PULSELIVE_HISTORICAL,team_match,2010-11,lostCorners,pl_stats/A_Villa_7/events_stats/2010-11_events_stats.csv,
PL_PULSELIVE_HISTORICAL,team_match,2010-11,matchId,pl_stats/A_Villa_7/events_stats/2010-11_events_stats.csv,
PL_PULSELIVE_HISTORICAL,team_match,2010-11,midfielderGoals,pl_stats/A_Villa_7/events_stats/2010-11_events_stats.csv,
PL_PULSELIVE_HISTORICAL,team_match,2010-11,offtargetAttAssist,pl_stats/A_Villa_7/events_stats/2010-11_events_stats.csv,
PL_PULSELIVE_HISTORICAL,team_match,2010-11,ontargetAttAssist,pl_stats/A_Villa_7/events_stats/2010-11_events_stats.csv,
PL_PULSELIVE_HISTORICAL,team_match,2010-11,ontargetScoringAtt,pl_stats/A_Villa_7/events_stats/2010-11_events_stats.csv,
PL_PULSELIVE_HISTORICAL,team_match,2010-11,opponent,pl_stats/A_Villa_7/events_stats/2010-11_events_stats.csv,
PL_PULSELIVE_HISTORICAL,team_match,2010-11,opponent_id,pl_stats/A_Villa_7/events_stats/2010-11_events_stats.csv,
PL_PULSELIVE_HISTORICAL,team_match,2010-11,outfielderBlock,pl_stats/A_Villa_7/events_stats/2010-11_events_stats.csv,
PL_PULSELIVE_HISTORICAL,team_match,2010-11,overrun,pl_stats/A_Villa_7/events_stats/2010-11_events_stats.csv,
PL_PULSELIVE_HISTORICAL,team_match,2010-11,ownGoals,pl_stats/A_Villa_7/events_stats/2010-11_events_stats.csv,
PL_PULSELIVE_HISTORICAL,team_match,2010-11,passesLeft,pl_stats/A_Villa_7/events_stats/2010-11_events_stats.csv,
PL_PULSELIVE_HISTORICAL,team_match,2010-11,passesRight,pl_stats/A_Villa_7/events_stats/2010-11_events_stats.csv,
PL_PULSELIVE_HISTORICAL,team_match,2010-11,penAreaEntries,pl_stats/A_Villa_7/events_stats/2010-11_events_stats.csv,
PL_PULSELIVE_HISTORICAL,team_match,2010-11,penGoalsConceded,pl_stats/A_Villa_7/events_stats/2010-11_events_stats.csv,
PL_PULSELIVE_HISTORICAL,team_match,2010-11,penaltyConceded,pl_stats/A_Villa_7/events_stats/2010-11_events_stats.csv,
PL_PULSELIVE_HISTORICAL,team_match,2010-11,penaltyFaced,pl_stats/A_Villa_7/events_stats/2010-11_events_stats.csv,
PL_PULSELIVE_HISTORICAL,team_match,2010-11,penaltyWon,pl_stats/A_Villa_7/events_stats/2010-11_events_stats.csv,
PL_PULSELIVE_HISTORICAL,team_match,2010-11,possLostAll,pl_stats/A_Villa_7/events_stats/2010-11_events_stats.csv,
PL_PULSELIVE_HISTORICAL,team_match,2010-11,possLostCtrl,pl_stats/A_Villa_7/events_stats/2010-11_events_stats.csv,
PL_PULSELIVE_HISTORICAL,team_match,2010-11,possWonAtt3rd,pl_stats/A_Villa_7/events_stats/2010-11_events_stats.csv,
PL_PULSELIVE_HISTORICAL,team_match,2010-11,possWonDef3rd,pl_stats/A_Villa_7/events_stats/2010-11_events_stats.csv,
PL_PULSELIVE_HISTORICAL,team_match,2010-11,possWonMid3rd,pl_stats/A_Villa_7/events_stats/2010-11_events_stats.csv,
PL_PULSELIVE_HISTORICAL,team_match,2010-11,possessionPercentage,pl_stats/A_Villa_7/events_stats/2010-11_events_stats.csv,
PL_PULSELIVE_HISTORICAL,team_match,2010-11,postScoringAtt,pl_stats/A_Villa_7/events_stats/2010-11_events_stats.csv,
PL_PULSELIVE_HISTORICAL,team_match,2010-11,punches,pl_stats/A_Villa_7/events_stats/2010-11_events_stats.csv,
PL_PULSELIVE_HISTORICAL,team_match,2010-11,redCard,pl_stats/A_Villa_7/events_stats/2010-11_events_stats.csv,
PL_PULSELIVE_HISTORICAL,team_match,2010-11,redCardsAgainst,pl_stats/A_Villa_7/events_stats/2010-11_events_stats.csv,
PL_PULSELIVE_HISTORICAL,team_match,2010-11,redCardsFor,pl_stats/A_Villa_7/events_stats/2010-11_events_stats.csv,
PL_PULSELIVE_HISTORICAL,team_match,2010-11,result,pl_stats/A_Villa_7/events_stats/2010-11_events_stats.csv,
PL_PULSELIVE_HISTORICAL,team_match,2010-11,rightsidePass,pl_stats/A_Villa_7/events_stats/2010-11_events_stats.csv,
PL_PULSELIVE_HISTORICAL,team_match,2010-11,savedIbox,pl_stats/A_Villa_7/events_stats/2010-11_events_stats.csv,
PL_PULSELIVE_HISTORICAL,team_match,2010-11,savedObox,pl_stats/A_Villa_7/events_stats/2010-11_events_stats.csv,
PL_PULSELIVE_HISTORICAL,team_match,2010-11,shieldBallOop,pl_stats/A_Villa_7/events_stats/2010-11_events_stats.csv,
PL_PULSELIVE_HISTORICAL,team_match,2010-11,shotFastbreak,pl_stats/A_Villa_7/events_stats/2010-11_events_stats.csv,
PL_PULSELIVE_HISTORICAL,team_match,2010-11,shotOffTarget,pl_stats/A_Villa_7/events_stats/2010-11_events_stats.csv,
PL_PULSELIVE_HISTORICAL,team_match,2010-11,sixYardBlock,pl_stats/A_Villa_7/events_stats/2010-11_events_stats.csv,
PL_PULSELIVE_HISTORICAL,team_match,2010-11,subsMade,pl_stats/A_Villa_7/events_stats/2010-11_events_stats.csv,
PL_PULSELIVE_HISTORICAL,team_match,2010-11,successfulFinalThirdPasses,pl_stats/A_Villa_7/events_stats/2010-11_events_stats.csv,
PL_PULSELIVE_HISTORICAL,team_match,2010-11,team,pl_stats/A_Villa_7/events_stats/2010-11_events_stats.csv,
PL_PULSELIVE_HISTORICAL,team_match,2010-11,team_id,pl_stats/A_Villa_7/events_stats/2010-11_events_stats.csv,
PL_PULSELIVE_HISTORICAL,team_match,2010-11,totalAttAssist,pl_stats/A_Villa_7/events_stats/2010-11_events_stats.csv,
PL_PULSELIVE_HISTORICAL,team_match,2010-11,totalBackZonePass,pl_stats/A_Villa_7/events_stats/2010-11_events_stats.csv,
PL_PULSELIVE_HISTORICAL,team_match,2010-11,totalChippedPass,pl_stats/A_Villa_7/events_stats/2010-11_events_stats.csv,
PL_PULSELIVE_HISTORICAL,team_match,2010-11,totalClearance,pl_stats/A_Villa_7/events_stats/2010-11_events_stats.csv,
PL_PULSELIVE_HISTORICAL,team_match,2010-11,totalContest,pl_stats/A_Villa_7/events_stats/2010-11_events_stats.csv,
PL_PULSELIVE_HISTORICAL,team_match,2010-11,totalCornersIntobox,pl_stats/A_Villa_7/events_stats/2010-11_events_stats.csv,
PL_PULSELIVE_HISTORICAL,team_match,2010-11,totalCross,pl_stats/A_Villa_7/events_stats/2010-11_events_stats.csv,
PL_PULSELIVE_HISTORICAL,team_match,2010-11,totalCrossNocorner,pl_stats/A_Villa_7/events_stats/2010-11_events_stats.csv,
PL_PULSELIVE_HISTORICAL,team_match,2010-11,totalFastbreak,pl_stats/A_Villa_7/events_stats/2010-11_events_stats.csv,
PL_PULSELIVE_HISTORICAL,team_match,2010-11,totalFinalThirdPasses,pl_stats/A_Villa_7/events_stats/2010-11_events_stats.csv,
PL_PULSELIVE_HISTORICAL,team_match,2010-11,totalFlickOn,pl_stats/A_Villa_7/events_stats/2010-11_events_stats.csv,
PL_PULSELIVE_HISTORICAL,team_match,2010-11,totalFwdZonePass,pl_stats/A_Villa_7/events_stats/2010-11_events_stats.csv,
PL_PULSELIVE_HISTORICAL,team_match,2010-11,totalHighClaim,pl_stats/A_Villa_7/events_stats/2010-11_events_stats.csv,
PL_PULSELIVE_HISTORICAL,team_match,2010-11,totalKeeperSweeper,pl_stats/A_Villa_7/events_stats/2010-11_events_stats.csv,
PL_PULSELIVE_HISTORICAL,team_match,2010-11,totalLaunches,pl_stats/A_Villa_7/events_stats/2010-11_events_stats.csv,
PL_PULSELIVE_HISTORICAL,team_match,2010-11,totalLayoffs,pl_stats/A_Villa_7/events_stats/2010-11_events_stats.csv,
PL_PULSELIVE_HISTORICAL,team_match,2010-11,totalLongBalls,pl_stats/A_Villa_7/events_stats/2010-11_events_stats.csv,
PL_PULSELIVE_HISTORICAL,team_match,2010-11,totalOffside,pl_stats/A_Villa_7/events_stats/2010-11_events_stats.csv,
PL_PULSELIVE_HISTORICAL,team_match,2010-11,totalPass,pl_stats/A_Villa_7/events_stats/2010-11_events_stats.csv,
PL_PULSELIVE_HISTORICAL,team_match,2010-11,totalPullBack,pl_stats/A_Villa_7/events_stats/2010-11_events_stats.csv,
PL_PULSELIVE_HISTORICAL,team_match,2010-11,totalRedCard,pl_stats/A_Villa_7/events_stats/2010-11_events_stats.csv,
PL_PULSELIVE_HISTORICAL,team_match,2010-11,totalScoringAtt,pl_stats/A_Villa_7/events_stats/2010-11_events_stats.csv,
PL_PULSELIVE_HISTORICAL,team_match,2010-11,totalTackle,pl_stats/A_Villa_7/events_stats/2010-11_events_stats.csv,
PL_PULSELIVE_HISTORICAL,team_match,2010-11,totalThroughBall,pl_stats/A_Villa_7/events_stats/2010-11_events_stats.csv,
PL_PULSELIVE_HISTORICAL,team_match,2010-11,totalThrows,pl_stats/A_Villa_7/events_stats/2010-11_events_stats.csv,
PL_PULSELIVE_HISTORICAL,team_match,2010-11,totalYelCard,pl_stats/A_Villa_7/events_stats/2010-11_events_stats.csv,
PL_PULSELIVE_HISTORICAL,team_match,2010-11,touches,pl_stats/A_Villa_7/events_stats/2010-11_events_stats.csv,
PL_PULSELIVE_HISTORICAL,team_match,2010-11,unsuccessfulTouch,pl_stats/A_Villa_7/events_stats/2010-11_events_stats.csv,
PL_PULSELIVE_HISTORICAL,team_match,2010-11,venue,pl_stats/A_Villa_7/events_stats/2010-11_events_stats.csv,
PL_PULSELIVE_HISTORICAL,team_match,2010-11,wonContest,pl_stats/A_Villa_7/events_stats/2010-11_events_stats.csv,
PL_PULSELIVE_HISTORICAL,team_match,2010-11,wonCorners,pl_stats/A_Villa_7/events_stats/2010-11_events_stats.csv,
PL_PULSELIVE_HISTORICAL,team_match,2010-11,wonTackle,pl_stats/A_Villa_7/events_stats/2010-11_events_stats.csv,
PL_PULSELIVE_HISTORICAL,team_match,2010-11,yellowCard,pl_stats/A_Villa_7/events_stats/2010-11_events_stats.csv,
PL_PULSELIVE_HISTORICAL,team_match,2011-12,accurateBackZonePass,pl_stats/A_Villa_7/events_stats/2011-12_events_stats.csv,
PL_PULSELIVE_HISTORICAL,team_match,2011-12,accurateChippedPass,pl_stats/A_Villa_7/events_stats/2011-12_events_stats.csv,
PL_PULSELIVE_HISTORICAL,team_match,2011-12,accurateCornersIntobox,pl_stats/A_Villa_7/events_stats/2011-12_events_stats.csv,
PL_PULSELIVE_HISTORICAL,team_match,2011-12,accurateCross,pl_stats/A_Villa_7/events_stats/2011-12_events_stats.csv,
PL_PULSELIVE_HISTORICAL,team_match,2011-12,accurateCrossNocorner,pl_stats/A_Villa_7/events_stats/2011-12_events_stats.csv,
PL_PULSELIVE_HISTORICAL,team_match,2011-12,accurateFlickOn,pl_stats/A_Villa_7/events_stats/2011-12_events_stats.csv,
PL_PULSELIVE_HISTORICAL,team_match,2011-12,accurateFreekickCross,pl_stats/A_Villa_7/events_stats/2011-12_events_stats.csv,
PL_PULSELIVE_HISTORICAL,team_match,2011-12,accurateFwdZonePass,pl_stats/A_Villa_7/events_stats/2011-12_events_stats.csv,
PL_PULSELIVE_HISTORICAL,team_match,2011-12,accurateGoalKicks,pl_stats/A_Villa_7/events_stats/2011-12_events_stats.csv,
PL_PULSELIVE_HISTORICAL,team_match,2011-12,accurateKeeperSweeper,pl_stats/A_Villa_7/events_stats/2011-12_events_stats.csv,
PL_PULSELIVE_HISTORICAL,team_match,2011-12,accurateKeeperThrows,pl_stats/A_Villa_7/events_stats/2011-12_events_stats.csv,
PL_PULSELIVE_HISTORICAL,team_match,2011-12,accurateLaunches,pl_stats/A_Villa_7/events_stats/2011-12_events_stats.csv,
PL_PULSELIVE_HISTORICAL,team_match,2011-12,accurateLayoffs,pl_stats/A_Villa_7/events_stats/2011-12_events_stats.csv,
PL_PULSELIVE_HISTORICAL,team_match,2011-12,accurateLongBalls,pl_stats/A_Villa_7/events_stats/2011-12_events_stats.csv,
PL_PULSELIVE_HISTORICAL,team_match,2011-12,accuratePass,pl_stats/A_Villa_7/events_stats/2011-12_events_stats.csv,
PL_PULSELIVE_HISTORICAL,team_match,2011-12,accuratePullBack,pl_stats/A_Villa_7/events_stats/2011-12_events_stats.csv,
PL_PULSELIVE_HISTORICAL,team_match,2011-12,accurateThroughBall,pl_stats/A_Villa_7/events_stats/2011-12_events_stats.csv,
PL_PULSELIVE_HISTORICAL,team_match,2011-12,accurateThrows,pl_stats/A_Villa_7/events_stats/2011-12_events_stats.csv,
PL_PULSELIVE_HISTORICAL,team_match,2011-12,aerialLost,pl_stats/A_Villa_7/events_stats/2011-12_events_stats.csv,
PL_PULSELIVE_HISTORICAL,team_match,2011-12,aerialWon,pl_stats/A_Villa_7/events_stats/2011-12_events_stats.csv,
PL_PULSELIVE_HISTORICAL,team_match,2011-12,attAssistOpenplay,pl_stats/A_Villa_7/events_stats/2011-12_events_stats.csv,
PL_PULSELIVE_HISTORICAL,team_match,2011-12,attAssistSetplay,pl_stats/A_Villa_7/events_stats/2011-12_events_stats.csv,
PL_PULSELIVE_HISTORICAL,team_match,2011-12,attFastbreak,pl_stats/A_Villa_7/events_stats/2011-12_events_stats.csv,
PL_PULSELIVE_HISTORICAL,team_match,2011-12,attFreekickMiss,pl_stats/A_Villa_7/events_stats/2011-12_events_stats.csv,
PL_PULSELIVE_HISTORICAL,team_match,2011-12,attFreekickTarget,pl_stats/A_Villa_7/events_stats/2011-12_events_stats.csv,
PL_PULSELIVE_HISTORICAL,team_match,2011-12,attFreekickTotal,pl_stats/A_Villa_7/events_stats/2011-12_events_stats.csv,
PL_PULSELIVE_HISTORICAL,team_match,2011-12,attIboxOwnGoal,pl_stats/A_Villa_7/events_stats/2011-12_events_stats.csv,
PL_PULSELIVE_HISTORICAL,team_match,2011-12,attLgCentre,pl_stats/A_Villa_7/events_stats/2011-12_events_stats.csv,
PL_PULSELIVE_HISTORICAL,team_match,2011-12,attObxdRight,pl_stats/A_Villa_7/events_stats/2011-12_events_stats.csv,
PL_PULSELIVE_HISTORICAL,team_match,2011-12,attOpenplay,pl_stats/A_Villa_7/events_stats/2011-12_events_stats.csv,
PL_PULSELIVE_HISTORICAL,team_match,2011-12,attPenGoal,pl_stats/A_Villa_7/events_stats/2011-12_events_stats.csv,
PL_PULSELIVE_HISTORICAL,team_match,2011-12,attPostHigh,pl_stats/A_Villa_7/events_stats/2011-12_events_stats.csv,
PL_PULSELIVE_HISTORICAL,team_match,2011-12,attPostRight,pl_stats/A_Villa_7/events_stats/2011-12_events_stats.csv,
PL_PULSELIVE_HISTORICAL,team_match,2011-12,attSetpiece,pl_stats/A_Villa_7/events_stats/2011-12_events_stats.csv,
PL_PULSELIVE_HISTORICAL,team_match,2011-12,attemptsConcededIbox,pl_stats/A_Villa_7/events_stats/2011-12_events_stats.csv,
PL_PULSELIVE_HISTORICAL,team_match,2011-12,attemptsConcededObox,pl_stats/A_Villa_7/events_stats/2011-12_events_stats.csv,
PL_PULSELIVE_HISTORICAL,team_match,2011-12,attendance,pl_stats/A_Villa_7/events_stats/2011-12_events_stats.csv,
PL_PULSELIVE_HISTORICAL,team_match,2011-12,backwardPass,pl_stats/A_Villa_7/events_stats/2011-12_events_stats.csv,
PL_PULSELIVE_HISTORICAL,team_match,2011-12,ballRecovery,pl_stats/A_Villa_7/events_stats/2011-12_events_stats.csv,
PL_PULSELIVE_HISTORICAL,team_match,2011-12,bigChanceCreated,pl_stats/A_Villa_7/events_stats/2011-12_events_stats.csv,
PL_PULSELIVE_HISTORICAL,team_match,2011-12,bigChanceMissed,pl_stats/A_Villa_7/events_stats/2011-12_events_stats.csv,
PL_PULSELIVE_HISTORICAL,team_match,2011-12,bigChanceScored,pl_stats/A_Villa_7/events_stats/2011-12_events_stats.csv,
PL_PULSELIVE_HISTORICAL,team_match,2011-12,blockedCross,pl_stats/A_Villa_7/events_stats/2011-12_events_stats.csv,
PL_PULSELIVE_HISTORICAL,team_match,2011-12,blockedScoringAtt,pl_stats/A_Villa_7/events_stats/2011-12_events_stats.csv,
PL_PULSELIVE_HISTORICAL,team_match,2011-12,challengeLost,pl_stats/A_Villa_7/events_stats/2011-12_events_stats.csv,
PL_PULSELIVE_HISTORICAL,team_match,2011-12,clearanceOffLine,pl_stats/A_Villa_7/events_stats/2011-12_events_stats.csv,
PL_PULSELIVE_HISTORICAL,team_match,2011-12,cornerTaken,pl_stats/A_Villa_7/events_stats/2011-12_events_stats.csv,
PL_PULSELIVE_HISTORICAL,team_match,2011-12,crosses18yard,pl_stats/A_Villa_7/events_stats/2011-12_events_stats.csv,
PL_PULSELIVE_HISTORICAL,team_match,2011-12,crosses18yardplus,pl_stats/A_Villa_7/events_stats/2011-12_events_stats.csv,
PL_PULSELIVE_HISTORICAL,team_match,2011-12,defenderGoals,pl_stats/A_Villa_7/events_stats/2011-12_events_stats.csv,
PL_PULSELIVE_HISTORICAL,team_match,2011-12,dispossessed,pl_stats/A_Villa_7/events_stats/2011-12_events_stats.csv,
PL_PULSELIVE_HISTORICAL,team_match,2011-12,divingSave,pl_stats/A_Villa_7/events_stats/2011-12_events_stats.csv,
PL_PULSELIVE_HISTORICAL,team_match,2011-12,duelLost,pl_stats/A_Villa_7/events_stats/2011-12_events_stats.csv,
PL_PULSELIVE_HISTORICAL,team_match,2011-12,duelWon,pl_stats/A_Villa_7/events_stats/2011-12_events_stats.csv,
PL_PULSELIVE_HISTORICAL,team_match,2011-12,effectiveBlockedCross,pl_stats/A_Villa_7/events_stats/2011-12_events_stats.csv,
PL_PULSELIVE_HISTORICAL,team_match,2011-12,effectiveClearance,pl_stats/A_Villa_7/events_stats/2011-12_events_stats.csv,
PL_PULSELIVE_HISTORICAL,team_match,2011-12,effectiveHeadClearance,pl_stats/A_Villa_7/events_stats/2011-12_events_stats.csv,
PL_PULSELIVE_HISTORICAL,team_match,2011-12,errorLeadToGoal,pl_stats/A_Villa_7/events_stats/2011-12_events_stats.csv,
PL_PULSELIVE_HISTORICAL,team_match,2011-12,errorLeadToShot,pl_stats/A_Villa_7/events_stats/2011-12_events_stats.csv,
PL_PULSELIVE_HISTORICAL,team_match,2011-12,finalThirdEntries,pl_stats/A_Villa_7/events_stats/2011-12_events_stats.csv,
PL_PULSELIVE_HISTORICAL,team_match,2011-12,fkFoulLost,pl_stats/A_Villa_7/events_stats/2011-12_events_stats.csv,
PL_PULSELIVE_HISTORICAL,team_match,2011-12,fkFoulWon,pl_stats/A_Villa_7/events_stats/2011-12_events_stats.csv,
PL_PULSELIVE_HISTORICAL,team_match,2011-12,forwardGoals,pl_stats/A_Villa_7/events_stats/2011-12_events_stats.csv,
PL_PULSELIVE_HISTORICAL,team_match,2011-12,foulThrowIn,pl_stats/A_Villa_7/events_stats/2011-12_events_stats.csv,
PL_PULSELIVE_HISTORICAL,team_match,2011-12,fouledFinalThird,pl_stats/A_Villa_7/events_stats/2011-12_events_stats.csv,
PL_PULSELIVE_HISTORICAL,team_match,2011-12,freekickCross,pl_stats/A_Villa_7/events_stats/2011-12_events_stats.csv,
PL_PULSELIVE_HISTORICAL,team_match,2011-12,freekickTotal,pl_stats/A_Villa_7/events_stats/2011-12_events_stats.csv,
PL_PULSELIVE_HISTORICAL,team_match,2011-12,fwdPass,pl_stats/A_Villa_7/events_stats/2011-12_events_stats.csv,
PL_PULSELIVE_HISTORICAL,team_match,2011-12,gameweek,pl_stats/A_Villa_7/events_stats/2011-12_events_stats.csv,
PL_PULSELIVE_HISTORICAL,team_match,2011-12,goalAssist,pl_stats/A_Villa_7/events_stats/2011-12_events_stats.csv,
PL_PULSELIVE_HISTORICAL,team_match,2011-12,goalAssistDeadball,pl_stats/A_Villa_7/events_stats/2011-12_events_stats.csv,
PL_PULSELIVE_HISTORICAL,team_match,2011-12,goalAssistIntentional,pl_stats/A_Villa_7/events_stats/2011-12_events_stats.csv,
PL_PULSELIVE_HISTORICAL,team_match,2011-12,goalAssistOpenplay,pl_stats/A_Villa_7/events_stats/2011-12_events_stats.csv,
PL_PULSELIVE_HISTORICAL,team_match,2011-12,goalAssistSetplay,pl_stats/A_Villa_7/events_stats/2011-12_events_stats.csv,
PL_PULSELIVE_HISTORICAL,team_match,2011-12,goalFastbreak,pl_stats/A_Villa_7/events_stats/2011-12_events_stats.csv,
PL_PULSELIVE_HISTORICAL,team_match,2011-12,goalKicks,pl_stats/A_Villa_7/events_stats/2011-12_events_stats.csv,
PL_PULSELIVE_HISTORICAL,team_match,2011-12,goalsAgainst,pl_stats/A_Villa_7/events_stats/2011-12_events_stats.csv,
PL_PULSELIVE_HISTORICAL,team_match,2011-12,goalsFor,pl_stats/A_Villa_7/events_stats/2011-12_events_stats.csv,
PL_PULSELIVE_HISTORICAL,team_match,2011-12,goalsOpenplay,pl_stats/A_Villa_7/events_stats/2011-12_events_stats.csv,
PL_PULSELIVE_HISTORICAL,team_match,2011-12,goodHighClaim,pl_stats/A_Villa_7/events_stats/2011-12_events_stats.csv,
PL_PULSELIVE_HISTORICAL,team_match,2011-12,ground,pl_stats/A_Villa_7/events_stats/2011-12_events_stats.csv,
PL_PULSELIVE_HISTORICAL,team_match,2011-12,halfTimeAgainst,pl_stats/A_Villa_7/events_stats/2011-12_events_stats.csv,
PL_PULSELIVE_HISTORICAL,team_match,2011-12,halfTimeFor,pl_stats/A_Villa_7/events_stats/2011-12_events_stats.csv,
PL_PULSELIVE_HISTORICAL,team_match,2011-12,handBall,pl_stats/A_Villa_7/events_stats/2011-12_events_stats.csv,
PL_PULSELIVE_HISTORICAL,team_match,2011-12,headClearance,pl_stats/A_Villa_7/events_stats/2011-12_events_stats.csv,
PL_PULSELIVE_HISTORICAL,team_match,2011-12,hitWoodwork,pl_stats/A_Villa_7/events_stats/2011-12_events_stats.csv,
PL_PULSELIVE_HISTORICAL,team_match,2011-12,interception,pl_stats/A_Villa_7/events_stats/2011-12_events_stats.csv,
PL_PULSELIVE_HISTORICAL,team_match,2011-12,interceptionWon,pl_stats/A_Villa_7/events_stats/2011-12_events_stats.csv,
PL_PULSELIVE_HISTORICAL,team_match,2011-12,interceptionsInBox,pl_stats/A_Villa_7/events_stats/2011-12_events_stats.csv,
PL_PULSELIVE_HISTORICAL,team_match,2011-12,keeperThrows,pl_stats/A_Villa_7/events_stats/2011-12_events_stats.csv,
PL_PULSELIVE_HISTORICAL,team_match,2011-12,kickoff,pl_stats/A_Villa_7/events_stats/2011-12_events_stats.csv,
PL_PULSELIVE_HISTORICAL,team_match,2011-12,leftsidePass,pl_stats/A_Villa_7/events_stats/2011-12_events_stats.csv,
PL_PULSELIVE_HISTORICAL,team_match,2011-12,longPassOwnToOpp,pl_stats/A_Villa_7/events_stats/2011-12_events_stats.csv,
PL_PULSELIVE_HISTORICAL,team_match,2011-12,longPassOwnToOppSuccess,pl_stats/A_Villa_7/events_stats/2011-12_events_stats.csv,
PL_PULSELIVE_HISTORICAL,team_match,2011-12,lostCorners,pl_stats/A_Villa_7/events_stats/2011-12_events_stats.csv,
PL_PULSELIVE_HISTORICAL,team_match,2011-12,matchId,pl_stats/A_Villa_7/events_stats/2011-12_events_stats.csv,
PL_PULSELIVE_HISTORICAL,team_match,2011-12,midfielderGoals,pl_stats/A_Villa_7/events_stats/2011-12_events_stats.csv,
PL_PULSELIVE_HISTORICAL,team_match,2011-12,offtargetAttAssist,pl_stats/A_Villa_7/events_stats/2011-12_events_stats.csv,
PL_PULSELIVE_HISTORICAL,team_match,2011-12,ontargetAttAssist,pl_stats/A_Villa_7/events_stats/2011-12_events_stats.csv,
PL_PULSELIVE_HISTORICAL,team_match,2011-12,ontargetScoringAtt,pl_stats/A_Villa_7/events_stats/2011-12_events_stats.csv,
PL_PULSELIVE_HISTORICAL,team_match,2011-12,opponent,pl_stats/A_Villa_7/events_stats/2011-12_events_stats.csv,
PL_PULSELIVE_HISTORICAL,team_match,2011-12,opponent_id,pl_stats/A_Villa_7/events_stats/2011-12_events_stats.csv,
PL_PULSELIVE_HISTORICAL,team_match,2011-12,outfielderBlock,pl_stats/A_Villa_7/events_stats/2011-12_events_stats.csv,
PL_PULSELIVE_HISTORICAL,team_match,2011-12,overrun,pl_stats/A_Villa_7/events_stats/2011-12_events_stats.csv,
PL_PULSELIVE_HISTORICAL,team_match,2011-12,ownGoals,pl_stats/A_Villa_7/events_stats/2011-12_events_stats.csv,
PL_PULSELIVE_HISTORICAL,team_match,2011-12,passesLeft,pl_stats/A_Villa_7/events_stats/2011-12_events_stats.csv,
PL_PULSELIVE_HISTORICAL,team_match,2011-12,passesRight,pl_stats/A_Villa_7/events_stats/2011-12_events_stats.csv,
PL_PULSELIVE_HISTORICAL,team_match,2011-12,penAreaEntries,pl_stats/A_Villa_7/events_stats/2011-12_events_stats.csv,
PL_PULSELIVE_HISTORICAL,team_match,2011-12,penGoalsConceded,pl_stats/A_Villa_7/events_stats/2011-12_events_stats.csv,
PL_PULSELIVE_HISTORICAL,team_match,2011-12,penaltyConceded,pl_stats/A_Villa_7/events_stats/2011-12_events_stats.csv,
PL_PULSELIVE_HISTORICAL,team_match,2011-12,penaltyFaced,pl_stats/A_Villa_7/events_stats/2011-12_events_stats.csv,
PL_PULSELIVE_HISTORICAL,team_match,2011-12,penaltyWon,pl_stats/A_Villa_7/events_stats/2011-12_events_stats.csv,
PL_PULSELIVE_HISTORICAL,team_match,2011-12,possLostAll,pl_stats/A_Villa_7/events_stats/2011-12_events_stats.csv,
PL_PULSELIVE_HISTORICAL,team_match,2011-12,possLostCtrl,pl_stats/A_Villa_7/events_stats/2011-12_events_stats.csv,
PL_PULSELIVE_HISTORICAL,team_match,2011-12,possWonAtt3rd,pl_stats/A_Villa_7/events_stats/2011-12_events_stats.csv,
PL_PULSELIVE_HISTORICAL,team_match,2011-12,possWonDef3rd,pl_stats/A_Villa_7/events_stats/2011-12_events_stats.csv,
PL_PULSELIVE_HISTORICAL,team_match,2011-12,possWonMid3rd,pl_stats/A_Villa_7/events_stats/2011-12_events_stats.csv,
PL_PULSELIVE_HISTORICAL,team_match,2011-12,possessionPercentage,pl_stats/A_Villa_7/events_stats/2011-12_events_stats.csv,
PL_PULSELIVE_HISTORICAL,team_match,2011-12,postScoringAtt,pl_stats/A_Villa_7/events_stats/2011-12_events_stats.csv,
PL_PULSELIVE_HISTORICAL,team_match,2011-12,punches,pl_stats/A_Villa_7/events_stats/2011-12_events_stats.csv,
PL_PULSELIVE_HISTORICAL,team_match,2011-12,redCard,pl_stats/A_Villa_7/events_stats/2011-12_events_stats.csv,
PL_PULSELIVE_HISTORICAL,team_match,2011-12,redCardsAgainst,pl_stats/A_Villa_7/events_stats/2011-12_events_stats.csv,
PL_PULSELIVE_HISTORICAL,team_match,2011-12,redCardsFor,pl_stats/A_Villa_7/events_stats/2011-12_events_stats.csv,
PL_PULSELIVE_HISTORICAL,team_match,2011-12,result,pl_stats/A_Villa_7/events_stats/2011-12_events_stats.csv,
PL_PULSELIVE_HISTORICAL,team_match,2011-12,rightsidePass,pl_stats/A_Villa_7/events_stats/2011-12_events_stats.csv,
PL_PULSELIVE_HISTORICAL,team_match,2011-12,savedIbox,pl_stats/A_Villa_7/events_stats/2011-12_events_stats.csv,
PL_PULSELIVE_HISTORICAL,team_match,2011-12,savedObox,pl_stats/A_Villa_7/events_stats/2011-12_events_stats.csv,
PL_PULSELIVE_HISTORICAL,team_match,2011-12,secondYellow,pl_stats/A_Villa_7/events_stats/2011-12_events_stats.csv,
PL_PULSELIVE_HISTORICAL,team_match,2011-12,shieldBallOop,pl_stats/A_Villa_7/events_stats/2011-12_events_stats.csv,
PL_PULSELIVE_HISTORICAL,team_match,2011-12,shotFastbreak,pl_stats/A_Villa_7/events_stats/2011-12_events_stats.csv,
PL_PULSELIVE_HISTORICAL,team_match,2011-12,shotOffTarget,pl_stats/A_Villa_7/events_stats/2011-12_events_stats.csv,
PL_PULSELIVE_HISTORICAL,team_match,2011-12,sixYardBlock,pl_stats/A_Villa_7/events_stats/2011-12_events_stats.csv,
PL_PULSELIVE_HISTORICAL,team_match,2011-12,subsMade,pl_stats/A_Villa_7/events_stats/2011-12_events_stats.csv,
PL_PULSELIVE_HISTORICAL,team_match,2011-12,successfulFinalThirdPasses,pl_stats/A_Villa_7/events_stats/2011-12_events_stats.csv,
PL_PULSELIVE_HISTORICAL,team_match,2011-12,team,pl_stats/A_Villa_7/events_stats/2011-12_events_stats.csv,
PL_PULSELIVE_HISTORICAL,team_match,2011-12,team_id,pl_stats/A_Villa_7/events_stats/2011-12_events_stats.csv,
PL_PULSELIVE_HISTORICAL,team_match,2011-12,totalAttAssist,pl_stats/A_Villa_7/events_stats/2011-12_events_stats.csv,
PL_PULSELIVE_HISTORICAL,team_match,2011-12,totalBackZonePass,pl_stats/A_Villa_7/events_stats/2011-12_events_stats.csv,
PL_PULSELIVE_HISTORICAL,team_match,2011-12,totalChippedPass,pl_stats/A_Villa_7/events_stats/2011-12_events_stats.csv,
PL_PULSELIVE_HISTORICAL,team_match,2011-12,totalClearance,pl_stats/A_Villa_7/events_stats/2011-12_events_stats.csv,
PL_PULSELIVE_HISTORICAL,team_match,2011-12,totalContest,pl_stats/A_Villa_7/events_stats/2011-12_events_stats.csv,
PL_PULSELIVE_HISTORICAL,team_match,2011-12,totalCornersIntobox,pl_stats/A_Villa_7/events_stats/2011-12_events_stats.csv,
PL_PULSELIVE_HISTORICAL,team_match,2011-12,totalCross,pl_stats/A_Villa_7/events_stats/2011-12_events_stats.csv,
PL_PULSELIVE_HISTORICAL,team_match,2011-12,totalCrossNocorner,pl_stats/A_Villa_7/events_stats/2011-12_events_stats.csv,
PL_PULSELIVE_HISTORICAL,team_match,2011-12,totalFastbreak,pl_stats/A_Villa_7/events_stats/2011-12_events_stats.csv,
PL_PULSELIVE_HISTORICAL,team_match,2011-12,totalFinalThirdPasses,pl_stats/A_Villa_7/events_stats/2011-12_events_stats.csv,
PL_PULSELIVE_HISTORICAL,team_match,2011-12,totalFlickOn,pl_stats/A_Villa_7/events_stats/2011-12_events_stats.csv,
PL_PULSELIVE_HISTORICAL,team_match,2011-12,totalFwdZonePass,pl_stats/A_Villa_7/events_stats/2011-12_events_stats.csv,
PL_PULSELIVE_HISTORICAL,team_match,2011-12,totalHighClaim,pl_stats/A_Villa_7/events_stats/2011-12_events_stats.csv,
PL_PULSELIVE_HISTORICAL,team_match,2011-12,totalKeeperSweeper,pl_stats/A_Villa_7/events_stats/2011-12_events_stats.csv,
PL_PULSELIVE_HISTORICAL,team_match,2011-12,totalLaunches,pl_stats/A_Villa_7/events_stats/2011-12_events_stats.csv,
PL_PULSELIVE_HISTORICAL,team_match,2011-12,totalLayoffs,pl_stats/A_Villa_7/events_stats/2011-12_events_stats.csv,
PL_PULSELIVE_HISTORICAL,team_match,2011-12,totalLongBalls,pl_stats/A_Villa_7/events_stats/2011-12_events_stats.csv,
PL_PULSELIVE_HISTORICAL,team_match,2011-12,totalOffside,pl_stats/A_Villa_7/events_stats/2011-12_events_stats.csv,
PL_PULSELIVE_HISTORICAL,team_match,2011-12,totalPass,pl_stats/A_Villa_7/events_stats/2011-12_events_stats.csv,
PL_PULSELIVE_HISTORICAL,team_match,2011-12,totalPullBack,pl_stats/A_Villa_7/events_stats/2011-12_events_stats.csv,
PL_PULSELIVE_HISTORICAL,team_match,2011-12,totalRedCard,pl_stats/A_Villa_7/events_stats/2011-12_events_stats.csv,
PL_PULSELIVE_HISTORICAL,team_match,2011-12,totalScoringAtt,pl_stats/A_Villa_7/events_stats/2011-12_events_stats.csv,
PL_PULSELIVE_HISTORICAL,team_match,2011-12,totalTackle,pl_stats/A_Villa_7/events_stats/2011-12_events_stats.csv,
PL_PULSELIVE_HISTORICAL,team_match,2011-12,totalThroughBall,pl_stats/A_Villa_7/events_stats/2011-12_events_stats.csv,
PL_PULSELIVE_HISTORICAL,team_match,2011-12,totalThrows,pl_stats/A_Villa_7/events_stats/2011-12_events_stats.csv,
PL_PULSELIVE_HISTORICAL,team_match,2011-12,totalYelCard,pl_stats/A_Villa_7/events_stats/2011-12_events_stats.csv,
PL_PULSELIVE_HISTORICAL,team_match,2011-12,touches,pl_stats/A_Villa_7/events_stats/2011-12_events_stats.csv,
PL_PULSELIVE_HISTORICAL,team_match,2011-12,unsuccessfulTouch,pl_stats/A_Villa_7/events_stats/2011-12_events_stats.csv,
PL_PULSELIVE_HISTORICAL,team_match,2011-12,venue,pl_stats/A_Villa_7/events_stats/2011-12_events_stats.csv,
PL_PULSELIVE_HISTORICAL,team_match,2011-12,wonContest,pl_stats/A_Villa_7/events_stats/2011-12_events_stats.csv,
PL_PULSELIVE_HISTORICAL,team_match,2011-12,wonCorners,pl_stats/A_Villa_7/events_stats/2011-12_events_stats.csv,
PL_PULSELIVE_HISTORICAL,team_match,2011-12,wonTackle,pl_stats/A_Villa_7/events_stats/2011-12_events_stats.csv,
PL_PULSELIVE_HISTORICAL,team_match,2011-12,yellowCard,pl_stats/A_Villa_7/events_stats/2011-12_events_stats.csv,
PL_PULSELIVE_HISTORICAL,team_match,2012-13,accurateBackZonePass,pl_stats/A_Villa_7/events_stats/2012-13_events_stats.csv,
PL_PULSELIVE_HISTORICAL,team_match,2012-13,accurateChippedPass,pl_stats/A_Villa_7/events_stats/2012-13_events_stats.csv,
PL_PULSELIVE_HISTORICAL,team_match,2012-13,accurateCornersIntobox,pl_stats/A_Villa_7/events_stats/2012-13_events_stats.csv,
PL_PULSELIVE_HISTORICAL,team_match,2012-13,accurateCross,pl_stats/A_Villa_7/events_stats/2012-13_events_stats.csv,
PL_PULSELIVE_HISTORICAL,team_match,2012-13,accurateCrossNocorner,pl_stats/A_Villa_7/events_stats/2012-13_events_stats.csv,
PL_PULSELIVE_HISTORICAL,team_match,2012-13,accurateFlickOn,pl_stats/A_Villa_7/events_stats/2012-13_events_stats.csv,
PL_PULSELIVE_HISTORICAL,team_match,2012-13,accurateFreekickCross,pl_stats/A_Villa_7/events_stats/2012-13_events_stats.csv,
PL_PULSELIVE_HISTORICAL,team_match,2012-13,accurateFwdZonePass,pl_stats/A_Villa_7/events_stats/2012-13_events_stats.csv,
PL_PULSELIVE_HISTORICAL,team_match,2012-13,accurateGoalKicks,pl_stats/A_Villa_7/events_stats/2012-13_events_stats.csv,
PL_PULSELIVE_HISTORICAL,team_match,2012-13,accurateKeeperSweeper,pl_stats/A_Villa_7/events_stats/2012-13_events_stats.csv,
PL_PULSELIVE_HISTORICAL,team_match,2012-13,accurateKeeperThrows,pl_stats/A_Villa_7/events_stats/2012-13_events_stats.csv,
PL_PULSELIVE_HISTORICAL,team_match,2012-13,accurateLaunches,pl_stats/A_Villa_7/events_stats/2012-13_events_stats.csv,
PL_PULSELIVE_HISTORICAL,team_match,2012-13,accurateLayoffs,pl_stats/A_Villa_7/events_stats/2012-13_events_stats.csv,
PL_PULSELIVE_HISTORICAL,team_match,2012-13,accurateLongBalls,pl_stats/A_Villa_7/events_stats/2012-13_events_stats.csv,
PL_PULSELIVE_HISTORICAL,team_match,2012-13,accuratePass,pl_stats/A_Villa_7/events_stats/2012-13_events_stats.csv,
PL_PULSELIVE_HISTORICAL,team_match,2012-13,accuratePullBack,pl_stats/A_Villa_7/events_stats/2012-13_events_stats.csv,
PL_PULSELIVE_HISTORICAL,team_match,2012-13,accurateThroughBall,pl_stats/A_Villa_7/events_stats/2012-13_events_stats.csv,
PL_PULSELIVE_HISTORICAL,team_match,2012-13,accurateThrows,pl_stats/A_Villa_7/events_stats/2012-13_events_stats.csv,
PL_PULSELIVE_HISTORICAL,team_match,2012-13,aerialLost,pl_stats/A_Villa_7/events_stats/2012-13_events_stats.csv,
PL_PULSELIVE_HISTORICAL,team_match,2012-13,aerialWon,pl_stats/A_Villa_7/events_stats/2012-13_events_stats.csv,
PL_PULSELIVE_HISTORICAL,team_match,2012-13,attAssistOpenplay,pl_stats/A_Villa_7/events_stats/2012-13_events_stats.csv,
PL_PULSELIVE_HISTORICAL,team_match,2012-13,attAssistSetplay,pl_stats/A_Villa_7/events_stats/2012-13_events_stats.csv,
PL_PULSELIVE_HISTORICAL,team_match,2012-13,attCorner,pl_stats/A_Villa_7/events_stats/2012-13_events_stats.csv,
PL_PULSELIVE_HISTORICAL,team_match,2012-13,attFastbreak,pl_stats/A_Villa_7/events_stats/2012-13_events_stats.csv,
PL_PULSELIVE_HISTORICAL,team_match,2012-13,attFreekickGoal,pl_stats/A_Villa_7/events_stats/2012-13_events_stats.csv,
PL_PULSELIVE_HISTORICAL,team_match,2012-13,attFreekickMiss,pl_stats/A_Villa_7/events_stats/2012-13_events_stats.csv,
PL_PULSELIVE_HISTORICAL,team_match,2012-13,attFreekickTarget,pl_stats/A_Villa_7/events_stats/2012-13_events_stats.csv,
PL_PULSELIVE_HISTORICAL,team_match,2012-13,attFreekickTotal,pl_stats/A_Villa_7/events_stats/2012-13_events_stats.csv,
PL_PULSELIVE_HISTORICAL,team_match,2012-13,attIboxOwnGoal,pl_stats/A_Villa_7/events_stats/2012-13_events_stats.csv,
PL_PULSELIVE_HISTORICAL,team_match,2012-13,attLgCentre,pl_stats/A_Villa_7/events_stats/2012-13_events_stats.csv,
PL_PULSELIVE_HISTORICAL,team_match,2012-13,attObxdRight,pl_stats/A_Villa_7/events_stats/2012-13_events_stats.csv,
PL_PULSELIVE_HISTORICAL,team_match,2012-13,attOneOnOne,pl_stats/A_Villa_7/events_stats/2012-13_events_stats.csv,
PL_PULSELIVE_HISTORICAL,team_match,2012-13,attOpenplay,pl_stats/A_Villa_7/events_stats/2012-13_events_stats.csv,
PL_PULSELIVE_HISTORICAL,team_match,2012-13,attPenGoal,pl_stats/A_Villa_7/events_stats/2012-13_events_stats.csv,
PL_PULSELIVE_HISTORICAL,team_match,2012-13,attPostHigh,pl_stats/A_Villa_7/events_stats/2012-13_events_stats.csv,
PL_PULSELIVE_HISTORICAL,team_match,2012-13,attPostLeft,pl_stats/A_Villa_7/events_stats/2012-13_events_stats.csv,
PL_PULSELIVE_HISTORICAL,team_match,2012-13,attPostRight,pl_stats/A_Villa_7/events_stats/2012-13_events_stats.csv,
PL_PULSELIVE_HISTORICAL,team_match,2012-13,attSetpiece,pl_stats/A_Villa_7/events_stats/2012-13_events_stats.csv,
PL_PULSELIVE_HISTORICAL,team_match,2012-13,attemptsConcededIbox,pl_stats/A_Villa_7/events_stats/2012-13_events_stats.csv,
PL_PULSELIVE_HISTORICAL,team_match,2012-13,attemptsConcededObox,pl_stats/A_Villa_7/events_stats/2012-13_events_stats.csv,
PL_PULSELIVE_HISTORICAL,team_match,2012-13,attemptsIbox,pl_stats/A_Villa_7/events_stats/2012-13_events_stats.csv,
PL_PULSELIVE_HISTORICAL,team_match,2012-13,attemptsObox,pl_stats/A_Villa_7/events_stats/2012-13_events_stats.csv,
PL_PULSELIVE_HISTORICAL,team_match,2012-13,attendance,pl_stats/A_Villa_7/events_stats/2012-13_events_stats.csv,
PL_PULSELIVE_HISTORICAL,team_match,2012-13,backwardPass,pl_stats/A_Villa_7/events_stats/2012-13_events_stats.csv,
PL_PULSELIVE_HISTORICAL,team_match,2012-13,ballRecovery,pl_stats/A_Villa_7/events_stats/2012-13_events_stats.csv,
PL_PULSELIVE_HISTORICAL,team_match,2012-13,bigChanceCreated,pl_stats/A_Villa_7/events_stats/2012-13_events_stats.csv,
PL_PULSELIVE_HISTORICAL,team_match,2012-13,bigChanceMissed,pl_stats/A_Villa_7/events_stats/2012-13_events_stats.csv,
PL_PULSELIVE_HISTORICAL,team_match,2012-13,bigChanceScored,pl_stats/A_Villa_7/events_stats/2012-13_events_stats.csv,
PL_PULSELIVE_HISTORICAL,team_match,2012-13,blockedCross,pl_stats/A_Villa_7/events_stats/2012-13_events_stats.csv,
PL_PULSELIVE_HISTORICAL,team_match,2012-13,blockedScoringAtt,pl_stats/A_Villa_7/events_stats/2012-13_events_stats.csv,
PL_PULSELIVE_HISTORICAL,team_match,2012-13,challengeLost,pl_stats/A_Villa_7/events_stats/2012-13_events_stats.csv,
PL_PULSELIVE_HISTORICAL,team_match,2012-13,clearanceOffLine,pl_stats/A_Villa_7/events_stats/2012-13_events_stats.csv,
PL_PULSELIVE_HISTORICAL,team_match,2012-13,contentiousDecision,pl_stats/A_Villa_7/events_stats/2012-13_events_stats.csv,
PL_PULSELIVE_HISTORICAL,team_match,2012-13,cornerTaken,pl_stats/A_Villa_7/events_stats/2012-13_events_stats.csv,
PL_PULSELIVE_HISTORICAL,team_match,2012-13,crosses18yard,pl_stats/A_Villa_7/events_stats/2012-13_events_stats.csv,
PL_PULSELIVE_HISTORICAL,team_match,2012-13,crosses18yardplus,pl_stats/A_Villa_7/events_stats/2012-13_events_stats.csv,
PL_PULSELIVE_HISTORICAL,team_match,2012-13,defenderGoals,pl_stats/A_Villa_7/events_stats/2012-13_events_stats.csv,
PL_PULSELIVE_HISTORICAL,team_match,2012-13,dispossessed,pl_stats/A_Villa_7/events_stats/2012-13_events_stats.csv,
PL_PULSELIVE_HISTORICAL,team_match,2012-13,divingSave,pl_stats/A_Villa_7/events_stats/2012-13_events_stats.csv,
PL_PULSELIVE_HISTORICAL,team_match,2012-13,duelLost,pl_stats/A_Villa_7/events_stats/2012-13_events_stats.csv,
PL_PULSELIVE_HISTORICAL,team_match,2012-13,duelWon,pl_stats/A_Villa_7/events_stats/2012-13_events_stats.csv,
PL_PULSELIVE_HISTORICAL,team_match,2012-13,effectiveBlockedCross,pl_stats/A_Villa_7/events_stats/2012-13_events_stats.csv,
PL_PULSELIVE_HISTORICAL,team_match,2012-13,effectiveClearance,pl_stats/A_Villa_7/events_stats/2012-13_events_stats.csv,
PL_PULSELIVE_HISTORICAL,team_match,2012-13,effectiveHeadClearance,pl_stats/A_Villa_7/events_stats/2012-13_events_stats.csv,
PL_PULSELIVE_HISTORICAL,team_match,2012-13,errorLeadToGoal,pl_stats/A_Villa_7/events_stats/2012-13_events_stats.csv,
PL_PULSELIVE_HISTORICAL,team_match,2012-13,errorLeadToShot,pl_stats/A_Villa_7/events_stats/2012-13_events_stats.csv,
PL_PULSELIVE_HISTORICAL,team_match,2012-13,finalThirdEntries,pl_stats/A_Villa_7/events_stats/2012-13_events_stats.csv,
PL_PULSELIVE_HISTORICAL,team_match,2012-13,fkFoulLost,pl_stats/A_Villa_7/events_stats/2012-13_events_stats.csv,
PL_PULSELIVE_HISTORICAL,team_match,2012-13,fkFoulWon,pl_stats/A_Villa_7/events_stats/2012-13_events_stats.csv,
PL_PULSELIVE_HISTORICAL,team_match,2012-13,forwardGoals,pl_stats/A_Villa_7/events_stats/2012-13_events_stats.csv,
PL_PULSELIVE_HISTORICAL,team_match,2012-13,foulThrowIn,pl_stats/A_Villa_7/events_stats/2012-13_events_stats.csv,
PL_PULSELIVE_HISTORICAL,team_match,2012-13,fouledFinalThird,pl_stats/A_Villa_7/events_stats/2012-13_events_stats.csv,
PL_PULSELIVE_HISTORICAL,team_match,2012-13,freekickCross,pl_stats/A_Villa_7/events_stats/2012-13_events_stats.csv,
PL_PULSELIVE_HISTORICAL,team_match,2012-13,freekickTotal,pl_stats/A_Villa_7/events_stats/2012-13_events_stats.csv,
PL_PULSELIVE_HISTORICAL,team_match,2012-13,fwdPass,pl_stats/A_Villa_7/events_stats/2012-13_events_stats.csv,
PL_PULSELIVE_HISTORICAL,team_match,2012-13,gameweek,pl_stats/A_Villa_7/events_stats/2012-13_events_stats.csv,
PL_PULSELIVE_HISTORICAL,team_match,2012-13,goalAssist,pl_stats/A_Villa_7/events_stats/2012-13_events_stats.csv,
PL_PULSELIVE_HISTORICAL,team_match,2012-13,goalAssistDeadball,pl_stats/A_Villa_7/events_stats/2012-13_events_stats.csv,
PL_PULSELIVE_HISTORICAL,team_match,2012-13,goalAssistIntentional,pl_stats/A_Villa_7/events_stats/2012-13_events_stats.csv,
PL_PULSELIVE_HISTORICAL,team_match,2012-13,goalAssistOpenplay,pl_stats/A_Villa_7/events_stats/2012-13_events_stats.csv,
PL_PULSELIVE_HISTORICAL,team_match,2012-13,goalAssistSetplay,pl_stats/A_Villa_7/events_stats/2012-13_events_stats.csv,
PL_PULSELIVE_HISTORICAL,team_match,2012-13,goalFastbreak,pl_stats/A_Villa_7/events_stats/2012-13_events_stats.csv,
PL_PULSELIVE_HISTORICAL,team_match,2012-13,goalKicks,pl_stats/A_Villa_7/events_stats/2012-13_events_stats.csv,
PL_PULSELIVE_HISTORICAL,team_match,2012-13,goalsAgainst,pl_stats/A_Villa_7/events_stats/2012-13_events_stats.csv,
PL_PULSELIVE_HISTORICAL,team_match,2012-13,goalsFor,pl_stats/A_Villa_7/events_stats/2012-13_events_stats.csv,
PL_PULSELIVE_HISTORICAL,team_match,2012-13,goalsOpenplay,pl_stats/A_Villa_7/events_stats/2012-13_events_stats.csv,
PL_PULSELIVE_HISTORICAL,team_match,2012-13,goodHighClaim,pl_stats/A_Villa_7/events_stats/2012-13_events_stats.csv,
PL_PULSELIVE_HISTORICAL,team_match,2012-13,ground,pl_stats/A_Villa_7/events_stats/2012-13_events_stats.csv,
PL_PULSELIVE_HISTORICAL,team_match,2012-13,halfTimeAgainst,pl_stats/A_Villa_7/events_stats/2012-13_events_stats.csv,
PL_PULSELIVE_HISTORICAL,team_match,2012-13,halfTimeFor,pl_stats/A_Villa_7/events_stats/2012-13_events_stats.csv,
PL_PULSELIVE_HISTORICAL,team_match,2012-13,handBall,pl_stats/A_Villa_7/events_stats/2012-13_events_stats.csv,
PL_PULSELIVE_HISTORICAL,team_match,2012-13,headClearance,pl_stats/A_Villa_7/events_stats/2012-13_events_stats.csv,
PL_PULSELIVE_HISTORICAL,team_match,2012-13,hitWoodwork,pl_stats/A_Villa_7/events_stats/2012-13_events_stats.csv,
PL_PULSELIVE_HISTORICAL,team_match,2012-13,interception,pl_stats/A_Villa_7/events_stats/2012-13_events_stats.csv,
PL_PULSELIVE_HISTORICAL,team_match,2012-13,interceptionWon,pl_stats/A_Villa_7/events_stats/2012-13_events_stats.csv,
PL_PULSELIVE_HISTORICAL,team_match,2012-13,interceptionsInBox,pl_stats/A_Villa_7/events_stats/2012-13_events_stats.csv,
PL_PULSELIVE_HISTORICAL,team_match,2012-13,keeperThrows,pl_stats/A_Villa_7/events_stats/2012-13_events_stats.csv,
PL_PULSELIVE_HISTORICAL,team_match,2012-13,kickoff,pl_stats/A_Villa_7/events_stats/2012-13_events_stats.csv,
PL_PULSELIVE_HISTORICAL,team_match,2012-13,leftsidePass,pl_stats/A_Villa_7/events_stats/2012-13_events_stats.csv,
PL_PULSELIVE_HISTORICAL,team_match,2012-13,longPassOwnToOpp,pl_stats/A_Villa_7/events_stats/2012-13_events_stats.csv,
PL_PULSELIVE_HISTORICAL,team_match,2012-13,longPassOwnToOppSuccess,pl_stats/A_Villa_7/events_stats/2012-13_events_stats.csv,
PL_PULSELIVE_HISTORICAL,team_match,2012-13,lostCorners,pl_stats/A_Villa_7/events_stats/2012-13_events_stats.csv,
PL_PULSELIVE_HISTORICAL,team_match,2012-13,matchId,pl_stats/A_Villa_7/events_stats/2012-13_events_stats.csv,
PL_PULSELIVE_HISTORICAL,team_match,2012-13,midfielderGoals,pl_stats/A_Villa_7/events_stats/2012-13_events_stats.csv,
PL_PULSELIVE_HISTORICAL,team_match,2012-13,offtargetAttAssist,pl_stats/A_Villa_7/events_stats/2012-13_events_stats.csv,
PL_PULSELIVE_HISTORICAL,team_match,2012-13,ontargetAttAssist,pl_stats/A_Villa_7/events_stats/2012-13_events_stats.csv,
PL_PULSELIVE_HISTORICAL,team_match,2012-13,ontargetScoringAtt,pl_stats/A_Villa_7/events_stats/2012-13_events_stats.csv,
PL_PULSELIVE_HISTORICAL,team_match,2012-13,openPlayPass,pl_stats/A_Villa_7/events_stats/2012-13_events_stats.csv,
PL_PULSELIVE_HISTORICAL,team_match,2012-13,opponent,pl_stats/A_Villa_7/events_stats/2012-13_events_stats.csv,
PL_PULSELIVE_HISTORICAL,team_match,2012-13,opponent_id,pl_stats/A_Villa_7/events_stats/2012-13_events_stats.csv,
PL_PULSELIVE_HISTORICAL,team_match,2012-13,outfielderBlock,pl_stats/A_Villa_7/events_stats/2012-13_events_stats.csv,
PL_PULSELIVE_HISTORICAL,team_match,2012-13,overrun,pl_stats/A_Villa_7/events_stats/2012-13_events_stats.csv,
PL_PULSELIVE_HISTORICAL,team_match,2012-13,ownGoals,pl_stats/A_Villa_7/events_stats/2012-13_events_stats.csv,
PL_PULSELIVE_HISTORICAL,team_match,2012-13,passesLeft,pl_stats/A_Villa_7/events_stats/2012-13_events_stats.csv,
PL_PULSELIVE_HISTORICAL,team_match,2012-13,passesRight,pl_stats/A_Villa_7/events_stats/2012-13_events_stats.csv,
PL_PULSELIVE_HISTORICAL,team_match,2012-13,penAreaEntries,pl_stats/A_Villa_7/events_stats/2012-13_events_stats.csv,
PL_PULSELIVE_HISTORICAL,team_match,2012-13,penGoalsConceded,pl_stats/A_Villa_7/events_stats/2012-13_events_stats.csv,
PL_PULSELIVE_HISTORICAL,team_match,2012-13,penaltyConceded,pl_stats/A_Villa_7/events_stats/2012-13_events_stats.csv,
PL_PULSELIVE_HISTORICAL,team_match,2012-13,penaltyFaced,pl_stats/A_Villa_7/events_stats/2012-13_events_stats.csv,
PL_PULSELIVE_HISTORICAL,team_match,2012-13,penaltySave,pl_stats/A_Villa_7/events_stats/2012-13_events_stats.csv,
PL_PULSELIVE_HISTORICAL,team_match,2012-13,penaltyWon,pl_stats/A_Villa_7/events_stats/2012-13_events_stats.csv,
PL_PULSELIVE_HISTORICAL,team_match,2012-13,possLostAll,pl_stats/A_Villa_7/events_stats/2012-13_events_stats.csv,
PL_PULSELIVE_HISTORICAL,team_match,2012-13,possLostCtrl,pl_stats/A_Villa_7/events_stats/2012-13_events_stats.csv,
PL_PULSELIVE_HISTORICAL,team_match,2012-13,possWonAtt3rd,pl_stats/A_Villa_7/events_stats/2012-13_events_stats.csv,
PL_PULSELIVE_HISTORICAL,team_match,2012-13,possWonDef3rd,pl_stats/A_Villa_7/events_stats/2012-13_events_stats.csv,
PL_PULSELIVE_HISTORICAL,team_match,2012-13,possWonMid3rd,pl_stats/A_Villa_7/events_stats/2012-13_events_stats.csv,
PL_PULSELIVE_HISTORICAL,team_match,2012-13,possessionPercentage,pl_stats/A_Villa_7/events_stats/2012-13_events_stats.csv,
PL_PULSELIVE_HISTORICAL,team_match,2012-13,postScoringAtt,pl_stats/A_Villa_7/events_stats/2012-13_events_stats.csv,
PL_PULSELIVE_HISTORICAL,team_match,2012-13,ptsDroppedWinningPos,pl_stats/A_Villa_7/events_stats/2012-13_events_stats.csv,
PL_PULSELIVE_HISTORICAL,team_match,2012-13,punches,pl_stats/A_Villa_7/events_stats/2012-13_events_stats.csv,
PL_PULSELIVE_HISTORICAL,team_match,2012-13,redCard,pl_stats/A_Villa_7/events_stats/2012-13_events_stats.csv,
PL_PULSELIVE_HISTORICAL,team_match,2012-13,redCardsAgainst,pl_stats/A_Villa_7/events_stats/2012-13_events_stats.csv,
PL_PULSELIVE_HISTORICAL,team_match,2012-13,redCardsFor,pl_stats/A_Villa_7/events_stats/2012-13_events_stats.csv,
PL_PULSELIVE_HISTORICAL,team_match,2012-13,result,pl_stats/A_Villa_7/events_stats/2012-13_events_stats.csv,
PL_PULSELIVE_HISTORICAL,team_match,2012-13,rightsidePass,pl_stats/A_Villa_7/events_stats/2012-13_events_stats.csv,
PL_PULSELIVE_HISTORICAL,team_match,2012-13,savedIbox,pl_stats/A_Villa_7/events_stats/2012-13_events_stats.csv,
PL_PULSELIVE_HISTORICAL,team_match,2012-13,savedObox,pl_stats/A_Villa_7/events_stats/2012-13_events_stats.csv,
PL_PULSELIVE_HISTORICAL,team_match,2012-13,saves,pl_stats/A_Villa_7/events_stats/2012-13_events_stats.csv,
PL_PULSELIVE_HISTORICAL,team_match,2012-13,secondYellow,pl_stats/A_Villa_7/events_stats/2012-13_events_stats.csv,
PL_PULSELIVE_HISTORICAL,team_match,2012-13,shieldBallOop,pl_stats/A_Villa_7/events_stats/2012-13_events_stats.csv,
PL_PULSELIVE_HISTORICAL,team_match,2012-13,shotFastbreak,pl_stats/A_Villa_7/events_stats/2012-13_events_stats.csv,
PL_PULSELIVE_HISTORICAL,team_match,2012-13,shotOffTarget,pl_stats/A_Villa_7/events_stats/2012-13_events_stats.csv,
PL_PULSELIVE_HISTORICAL,team_match,2012-13,sixYardBlock,pl_stats/A_Villa_7/events_stats/2012-13_events_stats.csv,
PL_PULSELIVE_HISTORICAL,team_match,2012-13,subsMade,pl_stats/A_Villa_7/events_stats/2012-13_events_stats.csv,
PL_PULSELIVE_HISTORICAL,team_match,2012-13,successfulFinalThirdPasses,pl_stats/A_Villa_7/events_stats/2012-13_events_stats.csv,
PL_PULSELIVE_HISTORICAL,team_match,2012-13,successfulOpenPlayPass,pl_stats/A_Villa_7/events_stats/2012-13_events_stats.csv,
PL_PULSELIVE_HISTORICAL,team_match,2012-13,team,pl_stats/A_Villa_7/events_stats/2012-13_events_stats.csv,
PL_PULSELIVE_HISTORICAL,team_match,2012-13,team_id,pl_stats/A_Villa_7/events_stats/2012-13_events_stats.csv,
PL_PULSELIVE_HISTORICAL,team_match,2012-13,totalAttAssist,pl_stats/A_Villa_7/events_stats/2012-13_events_stats.csv,
PL_PULSELIVE_HISTORICAL,team_match,2012-13,totalBackZonePass,pl_stats/A_Villa_7/events_stats/2012-13_events_stats.csv,
PL_PULSELIVE_HISTORICAL,team_match,2012-13,totalChippedPass,pl_stats/A_Villa_7/events_stats/2012-13_events_stats.csv,
PL_PULSELIVE_HISTORICAL,team_match,2012-13,totalClearance,pl_stats/A_Villa_7/events_stats/2012-13_events_stats.csv,
PL_PULSELIVE_HISTORICAL,team_match,2012-13,totalContest,pl_stats/A_Villa_7/events_stats/2012-13_events_stats.csv,
PL_PULSELIVE_HISTORICAL,team_match,2012-13,totalCornersIntobox,pl_stats/A_Villa_7/events_stats/2012-13_events_stats.csv,
PL_PULSELIVE_HISTORICAL,team_match,2012-13,totalCross,pl_stats/A_Villa_7/events_stats/2012-13_events_stats.csv,
PL_PULSELIVE_HISTORICAL,team_match,2012-13,totalCrossNocorner,pl_stats/A_Villa_7/events_stats/2012-13_events_stats.csv,
PL_PULSELIVE_HISTORICAL,team_match,2012-13,totalFastbreak,pl_stats/A_Villa_7/events_stats/2012-13_events_stats.csv,
PL_PULSELIVE_HISTORICAL,team_match,2012-13,totalFinalThirdPasses,pl_stats/A_Villa_7/events_stats/2012-13_events_stats.csv,
PL_PULSELIVE_HISTORICAL,team_match,2012-13,totalFlickOn,pl_stats/A_Villa_7/events_stats/2012-13_events_stats.csv,
PL_PULSELIVE_HISTORICAL,team_match,2012-13,totalFwdZonePass,pl_stats/A_Villa_7/events_stats/2012-13_events_stats.csv,
PL_PULSELIVE_HISTORICAL,team_match,2012-13,totalHighClaim,pl_stats/A_Villa_7/events_stats/2012-13_events_stats.csv,
PL_PULSELIVE_HISTORICAL,team_match,2012-13,totalKeeperSweeper,pl_stats/A_Villa_7/events_stats/2012-13_events_stats.csv,
PL_PULSELIVE_HISTORICAL,team_match,2012-13,totalLaunches,pl_stats/A_Villa_7/events_stats/2012-13_events_stats.csv,
PL_PULSELIVE_HISTORICAL,team_match,2012-13,totalLayoffs,pl_stats/A_Villa_7/events_stats/2012-13_events_stats.csv,
PL_PULSELIVE_HISTORICAL,team_match,2012-13,totalLongBalls,pl_stats/A_Villa_7/events_stats/2012-13_events_stats.csv,
PL_PULSELIVE_HISTORICAL,team_match,2012-13,totalOffside,pl_stats/A_Villa_7/events_stats/2012-13_events_stats.csv,
PL_PULSELIVE_HISTORICAL,team_match,2012-13,totalPass,pl_stats/A_Villa_7/events_stats/2012-13_events_stats.csv,
PL_PULSELIVE_HISTORICAL,team_match,2012-13,totalPullBack,pl_stats/A_Villa_7/events_stats/2012-13_events_stats.csv,
PL_PULSELIVE_HISTORICAL,team_match,2012-13,totalRedCard,pl_stats/A_Villa_7/events_stats/2012-13_events_stats.csv,
PL_PULSELIVE_HISTORICAL,team_match,2012-13,totalScoringAtt,pl_stats/A_Villa_7/events_stats/2012-13_events_stats.csv,
PL_PULSELIVE_HISTORICAL,team_match,2012-13,totalTackle,pl_stats/A_Villa_7/events_stats/2012-13_events_stats.csv,
PL_PULSELIVE_HISTORICAL,team_match,2012-13,totalThroughBall,pl_stats/A_Villa_7/events_stats/2012-13_events_stats.csv,
PL_PULSELIVE_HISTORICAL,team_match,2012-13,totalThrows,pl_stats/A_Villa_7/events_stats/2012-13_events_stats.csv,
PL_PULSELIVE_HISTORICAL,team_match,2012-13,totalYelCard,pl_stats/A_Villa_7/events_stats/2012-13_events_stats.csv,
PL_PULSELIVE_HISTORICAL,team_match,2012-13,touches,pl_stats/A_Villa_7/events_stats/2012-13_events_stats.csv,
PL_PULSELIVE_HISTORICAL,team_match,2012-13,touchesInOppBox,pl_stats/A_Villa_7/events_stats/2012-13_events_stats.csv,
PL_PULSELIVE_HISTORICAL,team_match,2012-13,unsuccessfulTouch,pl_stats/A_Villa_7/events_stats/2012-13_events_stats.csv,
PL_PULSELIVE_HISTORICAL,team_match,2012-13,venue,pl_stats/A_Villa_7/events_stats/2012-13_events_stats.csv,
PL_PULSELIVE_HISTORICAL,team_match,2012-13,wonContest,pl_stats/A_Villa_7/events_stats/2012-13_events_stats.csv,
PL_PULSELIVE_HISTORICAL,team_match,2012-13,wonCorners,pl_stats/A_Villa_7/events_stats/2012-13_events_stats.csv,
PL_PULSELIVE_HISTORICAL,team_match,2012-13,wonTackle,pl_stats/A_Villa_7/events_stats/2012-13_events_stats.csv,
PL_PULSELIVE_HISTORICAL,team_match,2012-13,yellowCard,pl_stats/A_Villa_7/events_stats/2012-13_events_stats.csv,
PL_PULSELIVE_HISTORICAL,team_match,2013-14,accurateBackZonePass,pl_stats/A_Villa_7/events_stats/2013-14_events_stats.csv,
PL_PULSELIVE_HISTORICAL,team_match,2013-14,accurateChippedPass,pl_stats/A_Villa_7/events_stats/2013-14_events_stats.csv,
PL_PULSELIVE_HISTORICAL,team_match,2013-14,accurateCornersIntobox,pl_stats/A_Villa_7/events_stats/2013-14_events_stats.csv,
PL_PULSELIVE_HISTORICAL,team_match,2013-14,accurateCross,pl_stats/A_Villa_7/events_stats/2013-14_events_stats.csv,
PL_PULSELIVE_HISTORICAL,team_match,2013-14,accurateCrossNocorner,pl_stats/A_Villa_7/events_stats/2013-14_events_stats.csv,
PL_PULSELIVE_HISTORICAL,team_match,2013-14,accurateFlickOn,pl_stats/A_Villa_7/events_stats/2013-14_events_stats.csv,
PL_PULSELIVE_HISTORICAL,team_match,2013-14,accurateFreekickCross,pl_stats/A_Villa_7/events_stats/2013-14_events_stats.csv,
PL_PULSELIVE_HISTORICAL,team_match,2013-14,accurateFwdZonePass,pl_stats/A_Villa_7/events_stats/2013-14_events_stats.csv,
PL_PULSELIVE_HISTORICAL,team_match,2013-14,accurateGoalKicks,pl_stats/A_Villa_7/events_stats/2013-14_events_stats.csv,
PL_PULSELIVE_HISTORICAL,team_match,2013-14,accurateKeeperSweeper,pl_stats/A_Villa_7/events_stats/2013-14_events_stats.csv,
PL_PULSELIVE_HISTORICAL,team_match,2013-14,accurateKeeperThrows,pl_stats/A_Villa_7/events_stats/2013-14_events_stats.csv,
PL_PULSELIVE_HISTORICAL,team_match,2013-14,accurateLaunches,pl_stats/A_Villa_7/events_stats/2013-14_events_stats.csv,
PL_PULSELIVE_HISTORICAL,team_match,2013-14,accurateLayoffs,pl_stats/A_Villa_7/events_stats/2013-14_events_stats.csv,
PL_PULSELIVE_HISTORICAL,team_match,2013-14,accurateLongBalls,pl_stats/A_Villa_7/events_stats/2013-14_events_stats.csv,
PL_PULSELIVE_HISTORICAL,team_match,2013-14,accuratePass,pl_stats/A_Villa_7/events_stats/2013-14_events_stats.csv,
PL_PULSELIVE_HISTORICAL,team_match,2013-14,accuratePullBack,pl_stats/A_Villa_7/events_stats/2013-14_events_stats.csv,
PL_PULSELIVE_HISTORICAL,team_match,2013-14,accurateThroughBall,pl_stats/A_Villa_7/events_stats/2013-14_events_stats.csv,
PL_PULSELIVE_HISTORICAL,team_match,2013-14,accurateThrows,pl_stats/A_Villa_7/events_stats/2013-14_events_stats.csv,
PL_PULSELIVE_HISTORICAL,team_match,2013-14,aerialLost,pl_stats/A_Villa_7/events_stats/2013-14_events_stats.csv,
PL_PULSELIVE_HISTORICAL,team_match,2013-14,aerialWon,pl_stats/A_Villa_7/events_stats/2013-14_events_stats.csv,
PL_PULSELIVE_HISTORICAL,team_match,2013-14,attAssistOpenplay,pl_stats/A_Villa_7/events_stats/2013-14_events_stats.csv,
PL_PULSELIVE_HISTORICAL,team_match,2013-14,attAssistSetplay,pl_stats/A_Villa_7/events_stats/2013-14_events_stats.csv,
PL_PULSELIVE_HISTORICAL,team_match,2013-14,attCorner,pl_stats/A_Villa_7/events_stats/2013-14_events_stats.csv,
PL_PULSELIVE_HISTORICAL,team_match,2013-14,attFastbreak,pl_stats/A_Villa_7/events_stats/2013-14_events_stats.csv,
PL_PULSELIVE_HISTORICAL,team_match,2013-14,attFreekickGoal,pl_stats/A_Villa_7/events_stats/2013-14_events_stats.csv,
PL_PULSELIVE_HISTORICAL,team_match,2013-14,attFreekickMiss,pl_stats/A_Villa_7/events_stats/2013-14_events_stats.csv,
PL_PULSELIVE_HISTORICAL,team_match,2013-14,attFreekickTarget,pl_stats/A_Villa_7/events_stats/2013-14_events_stats.csv,
PL_PULSELIVE_HISTORICAL,team_match,2013-14,attFreekickTotal,pl_stats/A_Villa_7/events_stats/2013-14_events_stats.csv,
PL_PULSELIVE_HISTORICAL,team_match,2013-14,attIboxOwnGoal,pl_stats/A_Villa_7/events_stats/2013-14_events_stats.csv,
PL_PULSELIVE_HISTORICAL,team_match,2013-14,attLgCentre,pl_stats/A_Villa_7/events_stats/2013-14_events_stats.csv,
PL_PULSELIVE_HISTORICAL,team_match,2013-14,attObxdLeft,pl_stats/A_Villa_7/events_stats/2013-14_events_stats.csv,
PL_PULSELIVE_HISTORICAL,team_match,2013-14,attOneOnOne,pl_stats/A_Villa_7/events_stats/2013-14_events_stats.csv,
PL_PULSELIVE_HISTORICAL,team_match,2013-14,attOpenplay,pl_stats/A_Villa_7/events_stats/2013-14_events_stats.csv,
PL_PULSELIVE_HISTORICAL,team_match,2013-14,attPenGoal,pl_stats/A_Villa_7/events_stats/2013-14_events_stats.csv,
PL_PULSELIVE_HISTORICAL,team_match,2013-14,attPenTarget,pl_stats/A_Villa_7/events_stats/2013-14_events_stats.csv,
PL_PULSELIVE_HISTORICAL,team_match,2013-14,attPostHigh,pl_stats/A_Villa_7/events_stats/2013-14_events_stats.csv,
PL_PULSELIVE_HISTORICAL,team_match,2013-14,attPostLeft,pl_stats/A_Villa_7/events_stats/2013-14_events_stats.csv,
PL_PULSELIVE_HISTORICAL,team_match,2013-14,attPostRight,pl_stats/A_Villa_7/events_stats/2013-14_events_stats.csv,
PL_PULSELIVE_HISTORICAL,team_match,2013-14,attSetpiece,pl_stats/A_Villa_7/events_stats/2013-14_events_stats.csv,
PL_PULSELIVE_HISTORICAL,team_match,2013-14,attemptedTackleFoul,pl_stats/A_Villa_7/events_stats/2013-14_events_stats.csv,
PL_PULSELIVE_HISTORICAL,team_match,2013-14,attemptsConcededIbox,pl_stats/A_Villa_7/events_stats/2013-14_events_stats.csv,
PL_PULSELIVE_HISTORICAL,team_match,2013-14,attemptsConcededObox,pl_stats/A_Villa_7/events_stats/2013-14_events_stats.csv,
PL_PULSELIVE_HISTORICAL,team_match,2013-14,attemptsIbox,pl_stats/A_Villa_7/events_stats/2013-14_events_stats.csv,
PL_PULSELIVE_HISTORICAL,team_match,2013-14,attemptsObox,pl_stats/A_Villa_7/events_stats/2013-14_events_stats.csv,
PL_PULSELIVE_HISTORICAL,team_match,2013-14,attendance,pl_stats/A_Villa_7/events_stats/2013-14_events_stats.csv,
PL_PULSELIVE_HISTORICAL,team_match,2013-14,backwardPass,pl_stats/A_Villa_7/events_stats/2013-14_events_stats.csv,
PL_PULSELIVE_HISTORICAL,team_match,2013-14,ballRecovery,pl_stats/A_Villa_7/events_stats/2013-14_events_stats.csv,
PL_PULSELIVE_HISTORICAL,team_match,2013-14,bigChanceCreated,pl_stats/A_Villa_7/events_stats/2013-14_events_stats.csv,
PL_PULSELIVE_HISTORICAL,team_match,2013-14,bigChanceMissed,pl_stats/A_Villa_7/events_stats/2013-14_events_stats.csv,
PL_PULSELIVE_HISTORICAL,team_match,2013-14,bigChanceScored,pl_stats/A_Villa_7/events_stats/2013-14_events_stats.csv,
PL_PULSELIVE_HISTORICAL,team_match,2013-14,blockedCross,pl_stats/A_Villa_7/events_stats/2013-14_events_stats.csv,
PL_PULSELIVE_HISTORICAL,team_match,2013-14,blockedPass,pl_stats/A_Villa_7/events_stats/2013-14_events_stats.csv,
PL_PULSELIVE_HISTORICAL,team_match,2013-14,blockedScoringAtt,pl_stats/A_Villa_7/events_stats/2013-14_events_stats.csv,
PL_PULSELIVE_HISTORICAL,team_match,2013-14,challengeLost,pl_stats/A_Villa_7/events_stats/2013-14_events_stats.csv,
PL_PULSELIVE_HISTORICAL,team_match,2013-14,clearanceOffLine,pl_stats/A_Villa_7/events_stats/2013-14_events_stats.csv,
PL_PULSELIVE_HISTORICAL,team_match,2013-14,contentiousDecision,pl_stats/A_Villa_7/events_stats/2013-14_events_stats.csv,
PL_PULSELIVE_HISTORICAL,team_match,2013-14,cornerTaken,pl_stats/A_Villa_7/events_stats/2013-14_events_stats.csv,
PL_PULSELIVE_HISTORICAL,team_match,2013-14,crosses18yard,pl_stats/A_Villa_7/events_stats/2013-14_events_stats.csv,
PL_PULSELIVE_HISTORICAL,team_match,2013-14,crosses18yardplus,pl_stats/A_Villa_7/events_stats/2013-14_events_stats.csv,
PL_PULSELIVE_HISTORICAL,team_match,2013-14,defenderGoals,pl_stats/A_Villa_7/events_stats/2013-14_events_stats.csv,
PL_PULSELIVE_HISTORICAL,team_match,2013-14,dispossessed,pl_stats/A_Villa_7/events_stats/2013-14_events_stats.csv,
PL_PULSELIVE_HISTORICAL,team_match,2013-14,divingSave,pl_stats/A_Villa_7/events_stats/2013-14_events_stats.csv,
PL_PULSELIVE_HISTORICAL,team_match,2013-14,duelLost,pl_stats/A_Villa_7/events_stats/2013-14_events_stats.csv,
PL_PULSELIVE_HISTORICAL,team_match,2013-14,duelWon,pl_stats/A_Villa_7/events_stats/2013-14_events_stats.csv,
PL_PULSELIVE_HISTORICAL,team_match,2013-14,effectiveBlockedCross,pl_stats/A_Villa_7/events_stats/2013-14_events_stats.csv,
PL_PULSELIVE_HISTORICAL,team_match,2013-14,effectiveClearance,pl_stats/A_Villa_7/events_stats/2013-14_events_stats.csv,
PL_PULSELIVE_HISTORICAL,team_match,2013-14,effectiveHeadClearance,pl_stats/A_Villa_7/events_stats/2013-14_events_stats.csv,
PL_PULSELIVE_HISTORICAL,team_match,2013-14,errorLeadToGoal,pl_stats/A_Villa_7/events_stats/2013-14_events_stats.csv,
PL_PULSELIVE_HISTORICAL,team_match,2013-14,errorLeadToShot,pl_stats/A_Villa_7/events_stats/2013-14_events_stats.csv,
PL_PULSELIVE_HISTORICAL,team_match,2013-14,finalThirdEntries,pl_stats/A_Villa_7/events_stats/2013-14_events_stats.csv,
PL_PULSELIVE_HISTORICAL,team_match,2013-14,fkFoulLost,pl_stats/A_Villa_7/events_stats/2013-14_events_stats.csv,
PL_PULSELIVE_HISTORICAL,team_match,2013-14,fkFoulWon,pl_stats/A_Villa_7/events_stats/2013-14_events_stats.csv,
PL_PULSELIVE_HISTORICAL,team_match,2013-14,forwardGoals,pl_stats/A_Villa_7/events_stats/2013-14_events_stats.csv,
PL_PULSELIVE_HISTORICAL,team_match,2013-14,foulThrowIn,pl_stats/A_Villa_7/events_stats/2013-14_events_stats.csv,
PL_PULSELIVE_HISTORICAL,team_match,2013-14,fouledFinalThird,pl_stats/A_Villa_7/events_stats/2013-14_events_stats.csv,
PL_PULSELIVE_HISTORICAL,team_match,2013-14,freekickCross,pl_stats/A_Villa_7/events_stats/2013-14_events_stats.csv,
PL_PULSELIVE_HISTORICAL,team_match,2013-14,freekickTotal,pl_stats/A_Villa_7/events_stats/2013-14_events_stats.csv,
PL_PULSELIVE_HISTORICAL,team_match,2013-14,fwdPass,pl_stats/A_Villa_7/events_stats/2013-14_events_stats.csv,
PL_PULSELIVE_HISTORICAL,team_match,2013-14,gameweek,pl_stats/A_Villa_7/events_stats/2013-14_events_stats.csv,
PL_PULSELIVE_HISTORICAL,team_match,2013-14,goalAssist,pl_stats/A_Villa_7/events_stats/2013-14_events_stats.csv,
PL_PULSELIVE_HISTORICAL,team_match,2013-14,goalAssistDeadball,pl_stats/A_Villa_7/events_stats/2013-14_events_stats.csv,
PL_PULSELIVE_HISTORICAL,team_match,2013-14,goalAssistIntentional,pl_stats/A_Villa_7/events_stats/2013-14_events_stats.csv,
PL_PULSELIVE_HISTORICAL,team_match,2013-14,goalAssistOpenplay,pl_stats/A_Villa_7/events_stats/2013-14_events_stats.csv,
PL_PULSELIVE_HISTORICAL,team_match,2013-14,goalAssistSetplay,pl_stats/A_Villa_7/events_stats/2013-14_events_stats.csv,
PL_PULSELIVE_HISTORICAL,team_match,2013-14,goalFastbreak,pl_stats/A_Villa_7/events_stats/2013-14_events_stats.csv,
PL_PULSELIVE_HISTORICAL,team_match,2013-14,goalKicks,pl_stats/A_Villa_7/events_stats/2013-14_events_stats.csv,
PL_PULSELIVE_HISTORICAL,team_match,2013-14,goalsAgainst,pl_stats/A_Villa_7/events_stats/2013-14_events_stats.csv,
PL_PULSELIVE_HISTORICAL,team_match,2013-14,goalsFor,pl_stats/A_Villa_7/events_stats/2013-14_events_stats.csv,
PL_PULSELIVE_HISTORICAL,team_match,2013-14,goalsOpenplay,pl_stats/A_Villa_7/events_stats/2013-14_events_stats.csv,
PL_PULSELIVE_HISTORICAL,team_match,2013-14,goodHighClaim,pl_stats/A_Villa_7/events_stats/2013-14_events_stats.csv,
PL_PULSELIVE_HISTORICAL,team_match,2013-14,ground,pl_stats/A_Villa_7/events_stats/2013-14_events_stats.csv,
PL_PULSELIVE_HISTORICAL,team_match,2013-14,halfTimeAgainst,pl_stats/A_Villa_7/events_stats/2013-14_events_stats.csv,
PL_PULSELIVE_HISTORICAL,team_match,2013-14,halfTimeFor,pl_stats/A_Villa_7/events_stats/2013-14_events_stats.csv,
PL_PULSELIVE_HISTORICAL,team_match,2013-14,handBall,pl_stats/A_Villa_7/events_stats/2013-14_events_stats.csv,
PL_PULSELIVE_HISTORICAL,team_match,2013-14,headClearance,pl_stats/A_Villa_7/events_stats/2013-14_events_stats.csv,
PL_PULSELIVE_HISTORICAL,team_match,2013-14,hitWoodwork,pl_stats/A_Villa_7/events_stats/2013-14_events_stats.csv,
PL_PULSELIVE_HISTORICAL,team_match,2013-14,interception,pl_stats/A_Villa_7/events_stats/2013-14_events_stats.csv,
PL_PULSELIVE_HISTORICAL,team_match,2013-14,interceptionWon,pl_stats/A_Villa_7/events_stats/2013-14_events_stats.csv,
PL_PULSELIVE_HISTORICAL,team_match,2013-14,interceptionsInBox,pl_stats/A_Villa_7/events_stats/2013-14_events_stats.csv,
PL_PULSELIVE_HISTORICAL,team_match,2013-14,keeperThrows,pl_stats/A_Villa_7/events_stats/2013-14_events_stats.csv,
PL_PULSELIVE_HISTORICAL,team_match,2013-14,kickoff,pl_stats/A_Villa_7/events_stats/2013-14_events_stats.csv,
PL_PULSELIVE_HISTORICAL,team_match,2013-14,leftsidePass,pl_stats/A_Villa_7/events_stats/2013-14_events_stats.csv,
PL_PULSELIVE_HISTORICAL,team_match,2013-14,longPassOwnToOpp,pl_stats/A_Villa_7/events_stats/2013-14_events_stats.csv,
PL_PULSELIVE_HISTORICAL,team_match,2013-14,longPassOwnToOppSuccess,pl_stats/A_Villa_7/events_stats/2013-14_events_stats.csv,
PL_PULSELIVE_HISTORICAL,team_match,2013-14,lostCorners,pl_stats/A_Villa_7/events_stats/2013-14_events_stats.csv,
PL_PULSELIVE_HISTORICAL,team_match,2013-14,matchId,pl_stats/A_Villa_7/events_stats/2013-14_events_stats.csv,
PL_PULSELIVE_HISTORICAL,team_match,2013-14,midfielderGoals,pl_stats/A_Villa_7/events_stats/2013-14_events_stats.csv,
PL_PULSELIVE_HISTORICAL,team_match,2013-14,offtargetAttAssist,pl_stats/A_Villa_7/events_stats/2013-14_events_stats.csv,
PL_PULSELIVE_HISTORICAL,team_match,2013-14,ontargetAttAssist,pl_stats/A_Villa_7/events_stats/2013-14_events_stats.csv,
PL_PULSELIVE_HISTORICAL,team_match,2013-14,ontargetScoringAtt,pl_stats/A_Villa_7/events_stats/2013-14_events_stats.csv,
PL_PULSELIVE_HISTORICAL,team_match,2013-14,openPlayPass,pl_stats/A_Villa_7/events_stats/2013-14_events_stats.csv,
PL_PULSELIVE_HISTORICAL,team_match,2013-14,opponent,pl_stats/A_Villa_7/events_stats/2013-14_events_stats.csv,
PL_PULSELIVE_HISTORICAL,team_match,2013-14,opponent_id,pl_stats/A_Villa_7/events_stats/2013-14_events_stats.csv,
PL_PULSELIVE_HISTORICAL,team_match,2013-14,outfielderBlock,pl_stats/A_Villa_7/events_stats/2013-14_events_stats.csv,
PL_PULSELIVE_HISTORICAL,team_match,2013-14,overrun,pl_stats/A_Villa_7/events_stats/2013-14_events_stats.csv,
PL_PULSELIVE_HISTORICAL,team_match,2013-14,ownGoals,pl_stats/A_Villa_7/events_stats/2013-14_events_stats.csv,
PL_PULSELIVE_HISTORICAL,team_match,2013-14,passesLeft,pl_stats/A_Villa_7/events_stats/2013-14_events_stats.csv,
PL_PULSELIVE_HISTORICAL,team_match,2013-14,passesRight,pl_stats/A_Villa_7/events_stats/2013-14_events_stats.csv,
PL_PULSELIVE_HISTORICAL,team_match,2013-14,penAreaEntries,pl_stats/A_Villa_7/events_stats/2013-14_events_stats.csv,
PL_PULSELIVE_HISTORICAL,team_match,2013-14,penGoalsConceded,pl_stats/A_Villa_7/events_stats/2013-14_events_stats.csv,
PL_PULSELIVE_HISTORICAL,team_match,2013-14,penaltyConceded,pl_stats/A_Villa_7/events_stats/2013-14_events_stats.csv,
PL_PULSELIVE_HISTORICAL,team_match,2013-14,penaltyFaced,pl_stats/A_Villa_7/events_stats/2013-14_events_stats.csv,
PL_PULSELIVE_HISTORICAL,team_match,2013-14,penaltySave,pl_stats/A_Villa_7/events_stats/2013-14_events_stats.csv,
PL_PULSELIVE_HISTORICAL,team_match,2013-14,penaltyWon,pl_stats/A_Villa_7/events_stats/2013-14_events_stats.csv,
PL_PULSELIVE_HISTORICAL,team_match,2013-14,possLostAll,pl_stats/A_Villa_7/events_stats/2013-14_events_stats.csv,
PL_PULSELIVE_HISTORICAL,team_match,2013-14,possLostCtrl,pl_stats/A_Villa_7/events_stats/2013-14_events_stats.csv,
PL_PULSELIVE_HISTORICAL,team_match,2013-14,possWonAtt3rd,pl_stats/A_Villa_7/events_stats/2013-14_events_stats.csv,
PL_PULSELIVE_HISTORICAL,team_match,2013-14,possWonDef3rd,pl_stats/A_Villa_7/events_stats/2013-14_events_stats.csv,
PL_PULSELIVE_HISTORICAL,team_match,2013-14,possWonMid3rd,pl_stats/A_Villa_7/events_stats/2013-14_events_stats.csv,
PL_PULSELIVE_HISTORICAL,team_match,2013-14,possessionPercentage,pl_stats/A_Villa_7/events_stats/2013-14_events_stats.csv,
PL_PULSELIVE_HISTORICAL,team_match,2013-14,postScoringAtt,pl_stats/A_Villa_7/events_stats/2013-14_events_stats.csv,
PL_PULSELIVE_HISTORICAL,team_match,2013-14,ptsGainedLosingPos,pl_stats/A_Villa_7/events_stats/2013-14_events_stats.csv,
PL_PULSELIVE_HISTORICAL,team_match,2013-14,punches,pl_stats/A_Villa_7/events_stats/2013-14_events_stats.csv,
PL_PULSELIVE_HISTORICAL,team_match,2013-14,putThrough,pl_stats/A_Villa_7/events_stats/2013-14_events_stats.csv,
PL_PULSELIVE_HISTORICAL,team_match,2013-14,redCard,pl_stats/A_Villa_7/events_stats/2013-14_events_stats.csv,
PL_PULSELIVE_HISTORICAL,team_match,2013-14,redCardsAgainst,pl_stats/A_Villa_7/events_stats/2013-14_events_stats.csv,
PL_PULSELIVE_HISTORICAL,team_match,2013-14,redCardsFor,pl_stats/A_Villa_7/events_stats/2013-14_events_stats.csv,
PL_PULSELIVE_HISTORICAL,team_match,2013-14,result,pl_stats/A_Villa_7/events_stats/2013-14_events_stats.csv,
PL_PULSELIVE_HISTORICAL,team_match,2013-14,rightsidePass,pl_stats/A_Villa_7/events_stats/2013-14_events_stats.csv,
PL_PULSELIVE_HISTORICAL,team_match,2013-14,savedIbox,pl_stats/A_Villa_7/events_stats/2013-14_events_stats.csv,
PL_PULSELIVE_HISTORICAL,team_match,2013-14,savedObox,pl_stats/A_Villa_7/events_stats/2013-14_events_stats.csv,
PL_PULSELIVE_HISTORICAL,team_match,2013-14,saves,pl_stats/A_Villa_7/events_stats/2013-14_events_stats.csv,
PL_PULSELIVE_HISTORICAL,team_match,2013-14,shieldBallOop,pl_stats/A_Villa_7/events_stats/2013-14_events_stats.csv,
PL_PULSELIVE_HISTORICAL,team_match,2013-14,shotFastbreak,pl_stats/A_Villa_7/events_stats/2013-14_events_stats.csv,
PL_PULSELIVE_HISTORICAL,team_match,2013-14,shotOffTarget,pl_stats/A_Villa_7/events_stats/2013-14_events_stats.csv,
PL_PULSELIVE_HISTORICAL,team_match,2013-14,sixYardBlock,pl_stats/A_Villa_7/events_stats/2013-14_events_stats.csv,
PL_PULSELIVE_HISTORICAL,team_match,2013-14,subsMade,pl_stats/A_Villa_7/events_stats/2013-14_events_stats.csv,
PL_PULSELIVE_HISTORICAL,team_match,2013-14,successfulFinalThirdPasses,pl_stats/A_Villa_7/events_stats/2013-14_events_stats.csv,
PL_PULSELIVE_HISTORICAL,team_match,2013-14,successfulOpenPlayPass,pl_stats/A_Villa_7/events_stats/2013-14_events_stats.csv,
PL_PULSELIVE_HISTORICAL,team_match,2013-14,successfulPutThrough,pl_stats/A_Villa_7/events_stats/2013-14_events_stats.csv,
PL_PULSELIVE_HISTORICAL,team_match,2013-14,team,pl_stats/A_Villa_7/events_stats/2013-14_events_stats.csv,
PL_PULSELIVE_HISTORICAL,team_match,2013-14,team_id,pl_stats/A_Villa_7/events_stats/2013-14_events_stats.csv,
PL_PULSELIVE_HISTORICAL,team_match,2013-14,totalAttAssist,pl_stats/A_Villa_7/events_stats/2013-14_events_stats.csv,
PL_PULSELIVE_HISTORICAL,team_match,2013-14,totalBackZonePass,pl_stats/A_Villa_7/events_stats/2013-14_events_stats.csv,
PL_PULSELIVE_HISTORICAL,team_match,2013-14,totalChippedPass,pl_stats/A_Villa_7/events_stats/2013-14_events_stats.csv,
PL_PULSELIVE_HISTORICAL,team_match,2013-14,totalClearance,pl_stats/A_Villa_7/events_stats/2013-14_events_stats.csv,
PL_PULSELIVE_HISTORICAL,team_match,2013-14,totalContest,pl_stats/A_Villa_7/events_stats/2013-14_events_stats.csv,
PL_PULSELIVE_HISTORICAL,team_match,2013-14,totalCornersIntobox,pl_stats/A_Villa_7/events_stats/2013-14_events_stats.csv,
PL_PULSELIVE_HISTORICAL,team_match,2013-14,totalCross,pl_stats/A_Villa_7/events_stats/2013-14_events_stats.csv,
PL_PULSELIVE_HISTORICAL,team_match,2013-14,totalCrossNocorner,pl_stats/A_Villa_7/events_stats/2013-14_events_stats.csv,
PL_PULSELIVE_HISTORICAL,team_match,2013-14,totalFastbreak,pl_stats/A_Villa_7/events_stats/2013-14_events_stats.csv,
PL_PULSELIVE_HISTORICAL,team_match,2013-14,totalFinalThirdPasses,pl_stats/A_Villa_7/events_stats/2013-14_events_stats.csv,
PL_PULSELIVE_HISTORICAL,team_match,2013-14,totalFlickOn,pl_stats/A_Villa_7/events_stats/2013-14_events_stats.csv,
PL_PULSELIVE_HISTORICAL,team_match,2013-14,totalFwdZonePass,pl_stats/A_Villa_7/events_stats/2013-14_events_stats.csv,
PL_PULSELIVE_HISTORICAL,team_match,2013-14,totalHighClaim,pl_stats/A_Villa_7/events_stats/2013-14_events_stats.csv,
PL_PULSELIVE_HISTORICAL,team_match,2013-14,totalKeeperSweeper,pl_stats/A_Villa_7/events_stats/2013-14_events_stats.csv,
PL_PULSELIVE_HISTORICAL,team_match,2013-14,totalLaunches,pl_stats/A_Villa_7/events_stats/2013-14_events_stats.csv,
PL_PULSELIVE_HISTORICAL,team_match,2013-14,totalLayoffs,pl_stats/A_Villa_7/events_stats/2013-14_events_stats.csv,
PL_PULSELIVE_HISTORICAL,team_match,2013-14,totalLongBalls,pl_stats/A_Villa_7/events_stats/2013-14_events_stats.csv,
PL_PULSELIVE_HISTORICAL,team_match,2013-14,totalOffside,pl_stats/A_Villa_7/events_stats/2013-14_events_stats.csv,
PL_PULSELIVE_HISTORICAL,team_match,2013-14,totalPass,pl_stats/A_Villa_7/events_stats/2013-14_events_stats.csv,
PL_PULSELIVE_HISTORICAL,team_match,2013-14,totalPullBack,pl_stats/A_Villa_7/events_stats/2013-14_events_stats.csv,
PL_PULSELIVE_HISTORICAL,team_match,2013-14,totalRedCard,pl_stats/A_Villa_7/events_stats/2013-14_events_stats.csv,
PL_PULSELIVE_HISTORICAL,team_match,2013-14,totalScoringAtt,pl_stats/A_Villa_7/events_stats/2013-14_events_stats.csv,
PL_PULSELIVE_HISTORICAL,team_match,2013-14,totalTackle,pl_stats/A_Villa_7/events_stats/2013-14_events_stats.csv,
PL_PULSELIVE_HISTORICAL,team_match,2013-14,totalThroughBall,pl_stats/A_Villa_7/events_stats/2013-14_events_stats.csv,
PL_PULSELIVE_HISTORICAL,team_match,2013-14,totalThrows,pl_stats/A_Villa_7/events_stats/2013-14_events_stats.csv,
PL_PULSELIVE_HISTORICAL,team_match,2013-14,totalYelCard,pl_stats/A_Villa_7/events_stats/2013-14_events_stats.csv,
PL_PULSELIVE_HISTORICAL,team_match,2013-14,touches,pl_stats/A_Villa_7/events_stats/2013-14_events_stats.csv,
PL_PULSELIVE_HISTORICAL,team_match,2013-14,touchesInOppBox,pl_stats/A_Villa_7/events_stats/2013-14_events_stats.csv,
PL_PULSELIVE_HISTORICAL,team_match,2013-14,unsuccessfulTouch,pl_stats/A_Villa_7/events_stats/2013-14_events_stats.csv,
PL_PULSELIVE_HISTORICAL,team_match,2013-14,venue,pl_stats/A_Villa_7/events_stats/2013-14_events_stats.csv,
PL_PULSELIVE_HISTORICAL,team_match,2013-14,wonContest,pl_stats/A_Villa_7/events_stats/2013-14_events_stats.csv,
PL_PULSELIVE_HISTORICAL,team_match,2013-14,wonCorners,pl_stats/A_Villa_7/events_stats/2013-14_events_stats.csv,
PL_PULSELIVE_HISTORICAL,team_match,2013-14,wonTackle,pl_stats/A_Villa_7/events_stats/2013-14_events_stats.csv,
PL_PULSELIVE_HISTORICAL,team_match,2013-14,yellowCard,pl_stats/A_Villa_7/events_stats/2013-14_events_stats.csv,
PL_PULSELIVE_HISTORICAL,team_match,2014-15,accurateBackZonePass,pl_stats/A_Villa_7/events_stats/2014-15_events_stats.csv,
PL_PULSELIVE_HISTORICAL,team_match,2014-15,accurateChippedPass,pl_stats/A_Villa_7/events_stats/2014-15_events_stats.csv,
PL_PULSELIVE_HISTORICAL,team_match,2014-15,accurateCornersIntobox,pl_stats/A_Villa_7/events_stats/2014-15_events_stats.csv,
PL_PULSELIVE_HISTORICAL,team_match,2014-15,accurateCross,pl_stats/A_Villa_7/events_stats/2014-15_events_stats.csv,
PL_PULSELIVE_HISTORICAL,team_match,2014-15,accurateCrossNocorner,pl_stats/A_Villa_7/events_stats/2014-15_events_stats.csv,
PL_PULSELIVE_HISTORICAL,team_match,2014-15,accurateFlickOn,pl_stats/A_Villa_7/events_stats/2014-15_events_stats.csv,
PL_PULSELIVE_HISTORICAL,team_match,2014-15,accurateFreekickCross,pl_stats/A_Villa_7/events_stats/2014-15_events_stats.csv,
PL_PULSELIVE_HISTORICAL,team_match,2014-15,accurateFwdZonePass,pl_stats/A_Villa_7/events_stats/2014-15_events_stats.csv,
PL_PULSELIVE_HISTORICAL,team_match,2014-15,accurateGoalKicks,pl_stats/A_Villa_7/events_stats/2014-15_events_stats.csv,
PL_PULSELIVE_HISTORICAL,team_match,2014-15,accurateKeeperSweeper,pl_stats/A_Villa_7/events_stats/2014-15_events_stats.csv,
PL_PULSELIVE_HISTORICAL,team_match,2014-15,accurateKeeperThrows,pl_stats/A_Villa_7/events_stats/2014-15_events_stats.csv,
PL_PULSELIVE_HISTORICAL,team_match,2014-15,accurateLaunches,pl_stats/A_Villa_7/events_stats/2014-15_events_stats.csv,
PL_PULSELIVE_HISTORICAL,team_match,2014-15,accurateLayoffs,pl_stats/A_Villa_7/events_stats/2014-15_events_stats.csv,
PL_PULSELIVE_HISTORICAL,team_match,2014-15,accurateLongBalls,pl_stats/A_Villa_7/events_stats/2014-15_events_stats.csv,
PL_PULSELIVE_HISTORICAL,team_match,2014-15,accuratePass,pl_stats/A_Villa_7/events_stats/2014-15_events_stats.csv,
PL_PULSELIVE_HISTORICAL,team_match,2014-15,accuratePullBack,pl_stats/A_Villa_7/events_stats/2014-15_events_stats.csv,
PL_PULSELIVE_HISTORICAL,team_match,2014-15,accurateThroughBall,pl_stats/A_Villa_7/events_stats/2014-15_events_stats.csv,
PL_PULSELIVE_HISTORICAL,team_match,2014-15,accurateThrows,pl_stats/A_Villa_7/events_stats/2014-15_events_stats.csv,
PL_PULSELIVE_HISTORICAL,team_match,2014-15,aerialLost,pl_stats/A_Villa_7/events_stats/2014-15_events_stats.csv,
PL_PULSELIVE_HISTORICAL,team_match,2014-15,aerialWon,pl_stats/A_Villa_7/events_stats/2014-15_events_stats.csv,
PL_PULSELIVE_HISTORICAL,team_match,2014-15,attAssistOpenplay,pl_stats/A_Villa_7/events_stats/2014-15_events_stats.csv,
PL_PULSELIVE_HISTORICAL,team_match,2014-15,attAssistSetplay,pl_stats/A_Villa_7/events_stats/2014-15_events_stats.csv,
PL_PULSELIVE_HISTORICAL,team_match,2014-15,attFastbreak,pl_stats/A_Villa_7/events_stats/2014-15_events_stats.csv,
PL_PULSELIVE_HISTORICAL,team_match,2014-15,attFreekickGoal,pl_stats/A_Villa_7/events_stats/2014-15_events_stats.csv,
PL_PULSELIVE_HISTORICAL,team_match,2014-15,attFreekickMiss,pl_stats/A_Villa_7/events_stats/2014-15_events_stats.csv,
PL_PULSELIVE_HISTORICAL,team_match,2014-15,attFreekickPost,pl_stats/A_Villa_7/events_stats/2014-15_events_stats.csv,
PL_PULSELIVE_HISTORICAL,team_match,2014-15,attFreekickTarget,pl_stats/A_Villa_7/events_stats/2014-15_events_stats.csv,
PL_PULSELIVE_HISTORICAL,team_match,2014-15,attFreekickTotal,pl_stats/A_Villa_7/events_stats/2014-15_events_stats.csv,
PL_PULSELIVE_HISTORICAL,team_match,2014-15,attIboxOwnGoal,pl_stats/A_Villa_7/events_stats/2014-15_events_stats.csv,
PL_PULSELIVE_HISTORICAL,team_match,2014-15,attLgCentre,pl_stats/A_Villa_7/events_stats/2014-15_events_stats.csv,
PL_PULSELIVE_HISTORICAL,team_match,2014-15,attObxdLeft,pl_stats/A_Villa_7/events_stats/2014-15_events_stats.csv,
PL_PULSELIVE_HISTORICAL,team_match,2014-15,attOneOnOne,pl_stats/A_Villa_7/events_stats/2014-15_events_stats.csv,
PL_PULSELIVE_HISTORICAL,team_match,2014-15,attOpenplay,pl_stats/A_Villa_7/events_stats/2014-15_events_stats.csv,
PL_PULSELIVE_HISTORICAL,team_match,2014-15,attPenGoal,pl_stats/A_Villa_7/events_stats/2014-15_events_stats.csv,
PL_PULSELIVE_HISTORICAL,team_match,2014-15,attPostHigh,pl_stats/A_Villa_7/events_stats/2014-15_events_stats.csv,
PL_PULSELIVE_HISTORICAL,team_match,2014-15,attPostLeft,pl_stats/A_Villa_7/events_stats/2014-15_events_stats.csv,
PL_PULSELIVE_HISTORICAL,team_match,2014-15,attPostRight,pl_stats/A_Villa_7/events_stats/2014-15_events_stats.csv,
PL_PULSELIVE_HISTORICAL,team_match,2014-15,attSetpiece,pl_stats/A_Villa_7/events_stats/2014-15_events_stats.csv,
PL_PULSELIVE_HISTORICAL,team_match,2014-15,attemptedTackleFoul,pl_stats/A_Villa_7/events_stats/2014-15_events_stats.csv,
PL_PULSELIVE_HISTORICAL,team_match,2014-15,attemptsConcededIbox,pl_stats/A_Villa_7/events_stats/2014-15_events_stats.csv,
PL_PULSELIVE_HISTORICAL,team_match,2014-15,attemptsConcededObox,pl_stats/A_Villa_7/events_stats/2014-15_events_stats.csv,
PL_PULSELIVE_HISTORICAL,team_match,2014-15,attemptsIbox,pl_stats/A_Villa_7/events_stats/2014-15_events_stats.csv,
PL_PULSELIVE_HISTORICAL,team_match,2014-15,attemptsObox,pl_stats/A_Villa_7/events_stats/2014-15_events_stats.csv,
PL_PULSELIVE_HISTORICAL,team_match,2014-15,attendance,pl_stats/A_Villa_7/events_stats/2014-15_events_stats.csv,
PL_PULSELIVE_HISTORICAL,team_match,2014-15,backwardPass,pl_stats/A_Villa_7/events_stats/2014-15_events_stats.csv,
PL_PULSELIVE_HISTORICAL,team_match,2014-15,ballRecovery,pl_stats/A_Villa_7/events_stats/2014-15_events_stats.csv,
PL_PULSELIVE_HISTORICAL,team_match,2014-15,bigChanceCreated,pl_stats/A_Villa_7/events_stats/2014-15_events_stats.csv,
PL_PULSELIVE_HISTORICAL,team_match,2014-15,bigChanceMissed,pl_stats/A_Villa_7/events_stats/2014-15_events_stats.csv,
PL_PULSELIVE_HISTORICAL,team_match,2014-15,bigChanceScored,pl_stats/A_Villa_7/events_stats/2014-15_events_stats.csv,
PL_PULSELIVE_HISTORICAL,team_match,2014-15,blockedCross,pl_stats/A_Villa_7/events_stats/2014-15_events_stats.csv,
PL_PULSELIVE_HISTORICAL,team_match,2014-15,blockedPass,pl_stats/A_Villa_7/events_stats/2014-15_events_stats.csv,
PL_PULSELIVE_HISTORICAL,team_match,2014-15,blockedScoringAtt,pl_stats/A_Villa_7/events_stats/2014-15_events_stats.csv,
PL_PULSELIVE_HISTORICAL,team_match,2014-15,challengeLost,pl_stats/A_Villa_7/events_stats/2014-15_events_stats.csv,
PL_PULSELIVE_HISTORICAL,team_match,2014-15,clearanceOffLine,pl_stats/A_Villa_7/events_stats/2014-15_events_stats.csv,
PL_PULSELIVE_HISTORICAL,team_match,2014-15,contentiousDecision,pl_stats/A_Villa_7/events_stats/2014-15_events_stats.csv,
PL_PULSELIVE_HISTORICAL,team_match,2014-15,cornerTaken,pl_stats/A_Villa_7/events_stats/2014-15_events_stats.csv,
PL_PULSELIVE_HISTORICAL,team_match,2014-15,crosses18yard,pl_stats/A_Villa_7/events_stats/2014-15_events_stats.csv,
PL_PULSELIVE_HISTORICAL,team_match,2014-15,crosses18yardplus,pl_stats/A_Villa_7/events_stats/2014-15_events_stats.csv,
PL_PULSELIVE_HISTORICAL,team_match,2014-15,defenderGoals,pl_stats/A_Villa_7/events_stats/2014-15_events_stats.csv,
PL_PULSELIVE_HISTORICAL,team_match,2014-15,dispossessed,pl_stats/A_Villa_7/events_stats/2014-15_events_stats.csv,
PL_PULSELIVE_HISTORICAL,team_match,2014-15,divingSave,pl_stats/A_Villa_7/events_stats/2014-15_events_stats.csv,
PL_PULSELIVE_HISTORICAL,team_match,2014-15,duelLost,pl_stats/A_Villa_7/events_stats/2014-15_events_stats.csv,
PL_PULSELIVE_HISTORICAL,team_match,2014-15,duelWon,pl_stats/A_Villa_7/events_stats/2014-15_events_stats.csv,
PL_PULSELIVE_HISTORICAL,team_match,2014-15,effectiveBlockedCross,pl_stats/A_Villa_7/events_stats/2014-15_events_stats.csv,
PL_PULSELIVE_HISTORICAL,team_match,2014-15,effectiveClearance,pl_stats/A_Villa_7/events_stats/2014-15_events_stats.csv,
PL_PULSELIVE_HISTORICAL,team_match,2014-15,effectiveHeadClearance,pl_stats/A_Villa_7/events_stats/2014-15_events_stats.csv,
PL_PULSELIVE_HISTORICAL,team_match,2014-15,errorLeadToGoal,pl_stats/A_Villa_7/events_stats/2014-15_events_stats.csv,
PL_PULSELIVE_HISTORICAL,team_match,2014-15,errorLeadToShot,pl_stats/A_Villa_7/events_stats/2014-15_events_stats.csv,
PL_PULSELIVE_HISTORICAL,team_match,2014-15,finalThirdEntries,pl_stats/A_Villa_7/events_stats/2014-15_events_stats.csv,
PL_PULSELIVE_HISTORICAL,team_match,2014-15,fkFoulLost,pl_stats/A_Villa_7/events_stats/2014-15_events_stats.csv,
PL_PULSELIVE_HISTORICAL,team_match,2014-15,fkFoulWon,pl_stats/A_Villa_7/events_stats/2014-15_events_stats.csv,
PL_PULSELIVE_HISTORICAL,team_match,2014-15,forwardGoals,pl_stats/A_Villa_7/events_stats/2014-15_events_stats.csv,
PL_PULSELIVE_HISTORICAL,team_match,2014-15,foulThrowIn,pl_stats/A_Villa_7/events_stats/2014-15_events_stats.csv,
PL_PULSELIVE_HISTORICAL,team_match,2014-15,fouledFinalThird,pl_stats/A_Villa_7/events_stats/2014-15_events_stats.csv,
PL_PULSELIVE_HISTORICAL,team_match,2014-15,freekickCross,pl_stats/A_Villa_7/events_stats/2014-15_events_stats.csv,
PL_PULSELIVE_HISTORICAL,team_match,2014-15,freekickTotal,pl_stats/A_Villa_7/events_stats/2014-15_events_stats.csv,
PL_PULSELIVE_HISTORICAL,team_match,2014-15,fwdPass,pl_stats/A_Villa_7/events_stats/2014-15_events_stats.csv,
PL_PULSELIVE_HISTORICAL,team_match,2014-15,gameweek,pl_stats/A_Villa_7/events_stats/2014-15_events_stats.csv,
PL_PULSELIVE_HISTORICAL,team_match,2014-15,goalAssist,pl_stats/A_Villa_7/events_stats/2014-15_events_stats.csv,
PL_PULSELIVE_HISTORICAL,team_match,2014-15,goalAssistDeadball,pl_stats/A_Villa_7/events_stats/2014-15_events_stats.csv,
PL_PULSELIVE_HISTORICAL,team_match,2014-15,goalAssistIntentional,pl_stats/A_Villa_7/events_stats/2014-15_events_stats.csv,
PL_PULSELIVE_HISTORICAL,team_match,2014-15,goalAssistOpenplay,pl_stats/A_Villa_7/events_stats/2014-15_events_stats.csv,
PL_PULSELIVE_HISTORICAL,team_match,2014-15,goalAssistSetplay,pl_stats/A_Villa_7/events_stats/2014-15_events_stats.csv,
PL_PULSELIVE_HISTORICAL,team_match,2014-15,goalFastbreak,pl_stats/A_Villa_7/events_stats/2014-15_events_stats.csv,
PL_PULSELIVE_HISTORICAL,team_match,2014-15,goalKicks,pl_stats/A_Villa_7/events_stats/2014-15_events_stats.csv,
PL_PULSELIVE_HISTORICAL,team_match,2014-15,goalsAgainst,pl_stats/A_Villa_7/events_stats/2014-15_events_stats.csv,
PL_PULSELIVE_HISTORICAL,team_match,2014-15,goalsFor,pl_stats/A_Villa_7/events_stats/2014-15_events_stats.csv,
PL_PULSELIVE_HISTORICAL,team_match,2014-15,goalsOpenplay,pl_stats/A_Villa_7/events_stats/2014-15_events_stats.csv,
PL_PULSELIVE_HISTORICAL,team_match,2014-15,goodHighClaim,pl_stats/A_Villa_7/events_stats/2014-15_events_stats.csv,
PL_PULSELIVE_HISTORICAL,team_match,2014-15,ground,pl_stats/A_Villa_7/events_stats/2014-15_events_stats.csv,
PL_PULSELIVE_HISTORICAL,team_match,2014-15,halfTimeAgainst,pl_stats/A_Villa_7/events_stats/2014-15_events_stats.csv,
PL_PULSELIVE_HISTORICAL,team_match,2014-15,halfTimeFor,pl_stats/A_Villa_7/events_stats/2014-15_events_stats.csv,
PL_PULSELIVE_HISTORICAL,team_match,2014-15,handBall,pl_stats/A_Villa_7/events_stats/2014-15_events_stats.csv,
PL_PULSELIVE_HISTORICAL,team_match,2014-15,headClearance,pl_stats/A_Villa_7/events_stats/2014-15_events_stats.csv,
PL_PULSELIVE_HISTORICAL,team_match,2014-15,hitWoodwork,pl_stats/A_Villa_7/events_stats/2014-15_events_stats.csv,
PL_PULSELIVE_HISTORICAL,team_match,2014-15,interception,pl_stats/A_Villa_7/events_stats/2014-15_events_stats.csv,
PL_PULSELIVE_HISTORICAL,team_match,2014-15,interceptionWon,pl_stats/A_Villa_7/events_stats/2014-15_events_stats.csv,
PL_PULSELIVE_HISTORICAL,team_match,2014-15,interceptionsInBox,pl_stats/A_Villa_7/events_stats/2014-15_events_stats.csv,
PL_PULSELIVE_HISTORICAL,team_match,2014-15,keeperThrows,pl_stats/A_Villa_7/events_stats/2014-15_events_stats.csv,
PL_PULSELIVE_HISTORICAL,team_match,2014-15,kickoff,pl_stats/A_Villa_7/events_stats/2014-15_events_stats.csv,
PL_PULSELIVE_HISTORICAL,team_match,2014-15,leftsidePass,pl_stats/A_Villa_7/events_stats/2014-15_events_stats.csv,
PL_PULSELIVE_HISTORICAL,team_match,2014-15,longPassOwnToOpp,pl_stats/A_Villa_7/events_stats/2014-15_events_stats.csv,
PL_PULSELIVE_HISTORICAL,team_match,2014-15,longPassOwnToOppSuccess,pl_stats/A_Villa_7/events_stats/2014-15_events_stats.csv,
PL_PULSELIVE_HISTORICAL,team_match,2014-15,lostCorners,pl_stats/A_Villa_7/events_stats/2014-15_events_stats.csv,
PL_PULSELIVE_HISTORICAL,team_match,2014-15,matchId,pl_stats/A_Villa_7/events_stats/2014-15_events_stats.csv,
PL_PULSELIVE_HISTORICAL,team_match,2014-15,midfielderGoals,pl_stats/A_Villa_7/events_stats/2014-15_events_stats.csv,
PL_PULSELIVE_HISTORICAL,team_match,2014-15,offtargetAttAssist,pl_stats/A_Villa_7/events_stats/2014-15_events_stats.csv,
PL_PULSELIVE_HISTORICAL,team_match,2014-15,ontargetAttAssist,pl_stats/A_Villa_7/events_stats/2014-15_events_stats.csv,
PL_PULSELIVE_HISTORICAL,team_match,2014-15,ontargetScoringAtt,pl_stats/A_Villa_7/events_stats/2014-15_events_stats.csv,
PL_PULSELIVE_HISTORICAL,team_match,2014-15,openPlayPass,pl_stats/A_Villa_7/events_stats/2014-15_events_stats.csv,
PL_PULSELIVE_HISTORICAL,team_match,2014-15,opponent,pl_stats/A_Villa_7/events_stats/2014-15_events_stats.csv,
PL_PULSELIVE_HISTORICAL,team_match,2014-15,opponent_id,pl_stats/A_Villa_7/events_stats/2014-15_events_stats.csv,
PL_PULSELIVE_HISTORICAL,team_match,2014-15,outfielderBlock,pl_stats/A_Villa_7/events_stats/2014-15_events_stats.csv,
PL_PULSELIVE_HISTORICAL,team_match,2014-15,overrun,pl_stats/A_Villa_7/events_stats/2014-15_events_stats.csv,
PL_PULSELIVE_HISTORICAL,team_match,2014-15,ownGoals,pl_stats/A_Villa_7/events_stats/2014-15_events_stats.csv,
PL_PULSELIVE_HISTORICAL,team_match,2014-15,passesLeft,pl_stats/A_Villa_7/events_stats/2014-15_events_stats.csv,
PL_PULSELIVE_HISTORICAL,team_match,2014-15,passesRight,pl_stats/A_Villa_7/events_stats/2014-15_events_stats.csv,
PL_PULSELIVE_HISTORICAL,team_match,2014-15,penAreaEntries,pl_stats/A_Villa_7/events_stats/2014-15_events_stats.csv,
PL_PULSELIVE_HISTORICAL,team_match,2014-15,penGoalsConceded,pl_stats/A_Villa_7/events_stats/2014-15_events_stats.csv,
PL_PULSELIVE_HISTORICAL,team_match,2014-15,penaltyConceded,pl_stats/A_Villa_7/events_stats/2014-15_events_stats.csv,
PL_PULSELIVE_HISTORICAL,team_match,2014-15,penaltyFaced,pl_stats/A_Villa_7/events_stats/2014-15_events_stats.csv,
PL_PULSELIVE_HISTORICAL,team_match,2014-15,penaltyWon,pl_stats/A_Villa_7/events_stats/2014-15_events_stats.csv,
PL_PULSELIVE_HISTORICAL,team_match,2014-15,possLostAll,pl_stats/A_Villa_7/events_stats/2014-15_events_stats.csv,
PL_PULSELIVE_HISTORICAL,team_match,2014-15,possLostCtrl,pl_stats/A_Villa_7/events_stats/2014-15_events_stats.csv,
PL_PULSELIVE_HISTORICAL,team_match,2014-15,possWonAtt3rd,pl_stats/A_Villa_7/events_stats/2014-15_events_stats.csv,
PL_PULSELIVE_HISTORICAL,team_match,2014-15,possWonDef3rd,pl_stats/A_Villa_7/events_stats/2014-15_events_stats.csv,
PL_PULSELIVE_HISTORICAL,team_match,2014-15,possWonMid3rd,pl_stats/A_Villa_7/events_stats/2014-15_events_stats.csv,
PL_PULSELIVE_HISTORICAL,team_match,2014-15,possessionPercentage,pl_stats/A_Villa_7/events_stats/2014-15_events_stats.csv,
PL_PULSELIVE_HISTORICAL,team_match,2014-15,postScoringAtt,pl_stats/A_Villa_7/events_stats/2014-15_events_stats.csv,
PL_PULSELIVE_HISTORICAL,team_match,2014-15,punches,pl_stats/A_Villa_7/events_stats/2014-15_events_stats.csv,
PL_PULSELIVE_HISTORICAL,team_match,2014-15,putThrough,pl_stats/A_Villa_7/events_stats/2014-15_events_stats.csv,
PL_PULSELIVE_HISTORICAL,team_match,2014-15,redCard,pl_stats/A_Villa_7/events_stats/2014-15_events_stats.csv,
PL_PULSELIVE_HISTORICAL,team_match,2014-15,redCardsAgainst,pl_stats/A_Villa_7/events_stats/2014-15_events_stats.csv,
PL_PULSELIVE_HISTORICAL,team_match,2014-15,redCardsFor,pl_stats/A_Villa_7/events_stats/2014-15_events_stats.csv,
PL_PULSELIVE_HISTORICAL,team_match,2014-15,result,pl_stats/A_Villa_7/events_stats/2014-15_events_stats.csv,
PL_PULSELIVE_HISTORICAL,team_match,2014-15,rightsidePass,pl_stats/A_Villa_7/events_stats/2014-15_events_stats.csv,
PL_PULSELIVE_HISTORICAL,team_match,2014-15,savedIbox,pl_stats/A_Villa_7/events_stats/2014-15_events_stats.csv,
PL_PULSELIVE_HISTORICAL,team_match,2014-15,savedObox,pl_stats/A_Villa_7/events_stats/2014-15_events_stats.csv,
PL_PULSELIVE_HISTORICAL,team_match,2014-15,saves,pl_stats/A_Villa_7/events_stats/2014-15_events_stats.csv,
PL_PULSELIVE_HISTORICAL,team_match,2014-15,secondYellow,pl_stats/A_Villa_7/events_stats/2014-15_events_stats.csv,
PL_PULSELIVE_HISTORICAL,team_match,2014-15,shieldBallOop,pl_stats/A_Villa_7/events_stats/2014-15_events_stats.csv,
PL_PULSELIVE_HISTORICAL,team_match,2014-15,shotFastbreak,pl_stats/A_Villa_7/events_stats/2014-15_events_stats.csv,
PL_PULSELIVE_HISTORICAL,team_match,2014-15,shotOffTarget,pl_stats/A_Villa_7/events_stats/2014-15_events_stats.csv,
PL_PULSELIVE_HISTORICAL,team_match,2014-15,sixYardBlock,pl_stats/A_Villa_7/events_stats/2014-15_events_stats.csv,
PL_PULSELIVE_HISTORICAL,team_match,2014-15,subsMade,pl_stats/A_Villa_7/events_stats/2014-15_events_stats.csv,
PL_PULSELIVE_HISTORICAL,team_match,2014-15,successfulFinalThirdPasses,pl_stats/A_Villa_7/events_stats/2014-15_events_stats.csv,
PL_PULSELIVE_HISTORICAL,team_match,2014-15,successfulOpenPlayPass,pl_stats/A_Villa_7/events_stats/2014-15_events_stats.csv,
PL_PULSELIVE_HISTORICAL,team_match,2014-15,successfulPutThrough,pl_stats/A_Villa_7/events_stats/2014-15_events_stats.csv,
PL_PULSELIVE_HISTORICAL,team_match,2014-15,team,pl_stats/A_Villa_7/events_stats/2014-15_events_stats.csv,
PL_PULSELIVE_HISTORICAL,team_match,2014-15,team_id,pl_stats/A_Villa_7/events_stats/2014-15_events_stats.csv,
PL_PULSELIVE_HISTORICAL,team_match,2014-15,totalAttAssist,pl_stats/A_Villa_7/events_stats/2014-15_events_stats.csv,
PL_PULSELIVE_HISTORICAL,team_match,2014-15,totalBackZonePass,pl_stats/A_Villa_7/events_stats/2014-15_events_stats.csv,
PL_PULSELIVE_HISTORICAL,team_match,2014-15,totalChippedPass,pl_stats/A_Villa_7/events_stats/2014-15_events_stats.csv,
PL_PULSELIVE_HISTORICAL,team_match,2014-15,totalClearance,pl_stats/A_Villa_7/events_stats/2014-15_events_stats.csv,
PL_PULSELIVE_HISTORICAL,team_match,2014-15,totalContest,pl_stats/A_Villa_7/events_stats/2014-15_events_stats.csv,
PL_PULSELIVE_HISTORICAL,team_match,2014-15,totalCornersIntobox,pl_stats/A_Villa_7/events_stats/2014-15_events_stats.csv,
PL_PULSELIVE_HISTORICAL,team_match,2014-15,totalCross,pl_stats/A_Villa_7/events_stats/2014-15_events_stats.csv,
PL_PULSELIVE_HISTORICAL,team_match,2014-15,totalCrossNocorner,pl_stats/A_Villa_7/events_stats/2014-15_events_stats.csv,
PL_PULSELIVE_HISTORICAL,team_match,2014-15,totalFastbreak,pl_stats/A_Villa_7/events_stats/2014-15_events_stats.csv,
PL_PULSELIVE_HISTORICAL,team_match,2014-15,totalFinalThirdPasses,pl_stats/A_Villa_7/events_stats/2014-15_events_stats.csv,
PL_PULSELIVE_HISTORICAL,team_match,2014-15,totalFlickOn,pl_stats/A_Villa_7/events_stats/2014-15_events_stats.csv,
PL_PULSELIVE_HISTORICAL,team_match,2014-15,totalFwdZonePass,pl_stats/A_Villa_7/events_stats/2014-15_events_stats.csv,
PL_PULSELIVE_HISTORICAL,team_match,2014-15,totalHighClaim,pl_stats/A_Villa_7/events_stats/2014-15_events_stats.csv,
PL_PULSELIVE_HISTORICAL,team_match,2014-15,totalKeeperSweeper,pl_stats/A_Villa_7/events_stats/2014-15_events_stats.csv,
PL_PULSELIVE_HISTORICAL,team_match,2014-15,totalLaunches,pl_stats/A_Villa_7/events_stats/2014-15_events_stats.csv,
PL_PULSELIVE_HISTORICAL,team_match,2014-15,totalLayoffs,pl_stats/A_Villa_7/events_stats/2014-15_events_stats.csv,
PL_PULSELIVE_HISTORICAL,team_match,2014-15,totalLongBalls,pl_stats/A_Villa_7/events_stats/2014-15_events_stats.csv,
PL_PULSELIVE_HISTORICAL,team_match,2014-15,totalOffside,pl_stats/A_Villa_7/events_stats/2014-15_events_stats.csv,
PL_PULSELIVE_HISTORICAL,team_match,2014-15,totalPass,pl_stats/A_Villa_7/events_stats/2014-15_events_stats.csv,
PL_PULSELIVE_HISTORICAL,team_match,2014-15,totalPullBack,pl_stats/A_Villa_7/events_stats/2014-15_events_stats.csv,
PL_PULSELIVE_HISTORICAL,team_match,2014-15,totalRedCard,pl_stats/A_Villa_7/events_stats/2014-15_events_stats.csv,
PL_PULSELIVE_HISTORICAL,team_match,2014-15,totalScoringAtt,pl_stats/A_Villa_7/events_stats/2014-15_events_stats.csv,
PL_PULSELIVE_HISTORICAL,team_match,2014-15,totalTackle,pl_stats/A_Villa_7/events_stats/2014-15_events_stats.csv,
PL_PULSELIVE_HISTORICAL,team_match,2014-15,totalThroughBall,pl_stats/A_Villa_7/events_stats/2014-15_events_stats.csv,
PL_PULSELIVE_HISTORICAL,team_match,2014-15,totalThrows,pl_stats/A_Villa_7/events_stats/2014-15_events_stats.csv,
PL_PULSELIVE_HISTORICAL,team_match,2014-15,totalYelCard,pl_stats/A_Villa_7/events_stats/2014-15_events_stats.csv,
PL_PULSELIVE_HISTORICAL,team_match,2014-15,touches,pl_stats/A_Villa_7/events_stats/2014-15_events_stats.csv,
PL_PULSELIVE_HISTORICAL,team_match,2014-15,touchesInOppBox,pl_stats/A_Villa_7/events_stats/2014-15_events_stats.csv,
PL_PULSELIVE_HISTORICAL,team_match,2014-15,unsuccessfulTouch,pl_stats/A_Villa_7/events_stats/2014-15_events_stats.csv,
PL_PULSELIVE_HISTORICAL,team_match,2014-15,venue,pl_stats/A_Villa_7/events_stats/2014-15_events_stats.csv,
PL_PULSELIVE_HISTORICAL,team_match,2014-15,wonContest,pl_stats/A_Villa_7/events_stats/2014-15_events_stats.csv,
PL_PULSELIVE_HISTORICAL,team_match,2014-15,wonCorners,pl_stats/A_Villa_7/events_stats/2014-15_events_stats.csv,
PL_PULSELIVE_HISTORICAL,team_match,2014-15,wonTackle,pl_stats/A_Villa_7/events_stats/2014-15_events_stats.csv,
PL_PULSELIVE_HISTORICAL,team_match,2014-15,yellowCard,pl_stats/A_Villa_7/events_stats/2014-15_events_stats.csv,
PL_PULSELIVE_HISTORICAL,team_match,2015-16,accurateBackZonePass,pl_stats/A_Villa_7/events_stats/2015-16_events_stats.csv,
PL_PULSELIVE_HISTORICAL,team_match,2015-16,accurateChippedPass,pl_stats/A_Villa_7/events_stats/2015-16_events_stats.csv,
PL_PULSELIVE_HISTORICAL,team_match,2015-16,accurateCornersIntobox,pl_stats/A_Villa_7/events_stats/2015-16_events_stats.csv,
PL_PULSELIVE_HISTORICAL,team_match,2015-16,accurateCross,pl_stats/A_Villa_7/events_stats/2015-16_events_stats.csv,
PL_PULSELIVE_HISTORICAL,team_match,2015-16,accurateCrossNocorner,pl_stats/A_Villa_7/events_stats/2015-16_events_stats.csv,
PL_PULSELIVE_HISTORICAL,team_match,2015-16,accurateFlickOn,pl_stats/A_Villa_7/events_stats/2015-16_events_stats.csv,
PL_PULSELIVE_HISTORICAL,team_match,2015-16,accurateFreekickCross,pl_stats/A_Villa_7/events_stats/2015-16_events_stats.csv,
PL_PULSELIVE_HISTORICAL,team_match,2015-16,accurateFwdZonePass,pl_stats/A_Villa_7/events_stats/2015-16_events_stats.csv,
PL_PULSELIVE_HISTORICAL,team_match,2015-16,accurateGoalKicks,pl_stats/A_Villa_7/events_stats/2015-16_events_stats.csv,
PL_PULSELIVE_HISTORICAL,team_match,2015-16,accurateKeeperSweeper,pl_stats/A_Villa_7/events_stats/2015-16_events_stats.csv,
PL_PULSELIVE_HISTORICAL,team_match,2015-16,accurateKeeperThrows,pl_stats/A_Villa_7/events_stats/2015-16_events_stats.csv,
PL_PULSELIVE_HISTORICAL,team_match,2015-16,accurateLaunches,pl_stats/A_Villa_7/events_stats/2015-16_events_stats.csv,
PL_PULSELIVE_HISTORICAL,team_match,2015-16,accurateLayoffs,pl_stats/A_Villa_7/events_stats/2015-16_events_stats.csv,
PL_PULSELIVE_HISTORICAL,team_match,2015-16,accurateLongBalls,pl_stats/A_Villa_7/events_stats/2015-16_events_stats.csv,
PL_PULSELIVE_HISTORICAL,team_match,2015-16,accuratePass,pl_stats/A_Villa_7/events_stats/2015-16_events_stats.csv,
PL_PULSELIVE_HISTORICAL,team_match,2015-16,accuratePullBack,pl_stats/A_Villa_7/events_stats/2015-16_events_stats.csv,
PL_PULSELIVE_HISTORICAL,team_match,2015-16,accurateThroughBall,pl_stats/A_Villa_7/events_stats/2015-16_events_stats.csv,
PL_PULSELIVE_HISTORICAL,team_match,2015-16,accurateThrows,pl_stats/A_Villa_7/events_stats/2015-16_events_stats.csv,
PL_PULSELIVE_HISTORICAL,team_match,2015-16,aerialLost,pl_stats/A_Villa_7/events_stats/2015-16_events_stats.csv,
PL_PULSELIVE_HISTORICAL,team_match,2015-16,aerialWon,pl_stats/A_Villa_7/events_stats/2015-16_events_stats.csv,
PL_PULSELIVE_HISTORICAL,team_match,2015-16,attAssistOpenplay,pl_stats/A_Villa_7/events_stats/2015-16_events_stats.csv,
PL_PULSELIVE_HISTORICAL,team_match,2015-16,attAssistSetplay,pl_stats/A_Villa_7/events_stats/2015-16_events_stats.csv,
PL_PULSELIVE_HISTORICAL,team_match,2015-16,attCorner,pl_stats/A_Villa_7/events_stats/2015-16_events_stats.csv,
PL_PULSELIVE_HISTORICAL,team_match,2015-16,attFastbreak,pl_stats/A_Villa_7/events_stats/2015-16_events_stats.csv,
PL_PULSELIVE_HISTORICAL,team_match,2015-16,attFreekickMiss,pl_stats/A_Villa_7/events_stats/2015-16_events_stats.csv,
PL_PULSELIVE_HISTORICAL,team_match,2015-16,attFreekickTarget,pl_stats/A_Villa_7/events_stats/2015-16_events_stats.csv,
PL_PULSELIVE_HISTORICAL,team_match,2015-16,attFreekickTotal,pl_stats/A_Villa_7/events_stats/2015-16_events_stats.csv,
PL_PULSELIVE_HISTORICAL,team_match,2015-16,attIboxOwnGoal,pl_stats/A_Villa_7/events_stats/2015-16_events_stats.csv,
PL_PULSELIVE_HISTORICAL,team_match,2015-16,attObxdRight,pl_stats/A_Villa_7/events_stats/2015-16_events_stats.csv,
PL_PULSELIVE_HISTORICAL,team_match,2015-16,attOneOnOne,pl_stats/A_Villa_7/events_stats/2015-16_events_stats.csv,
PL_PULSELIVE_HISTORICAL,team_match,2015-16,attOpenplay,pl_stats/A_Villa_7/events_stats/2015-16_events_stats.csv,
PL_PULSELIVE_HISTORICAL,team_match,2015-16,attPenGoal,pl_stats/A_Villa_7/events_stats/2015-16_events_stats.csv,
PL_PULSELIVE_HISTORICAL,team_match,2015-16,attPostHigh,pl_stats/A_Villa_7/events_stats/2015-16_events_stats.csv,
PL_PULSELIVE_HISTORICAL,team_match,2015-16,attPostLeft,pl_stats/A_Villa_7/events_stats/2015-16_events_stats.csv,
PL_PULSELIVE_HISTORICAL,team_match,2015-16,attPostRight,pl_stats/A_Villa_7/events_stats/2015-16_events_stats.csv,
PL_PULSELIVE_HISTORICAL,team_match,2015-16,attSetpiece,pl_stats/A_Villa_7/events_stats/2015-16_events_stats.csv,
PL_PULSELIVE_HISTORICAL,team_match,2015-16,attemptedTackleFoul,pl_stats/A_Villa_7/events_stats/2015-16_events_stats.csv,
PL_PULSELIVE_HISTORICAL,team_match,2015-16,attemptsConcededIbox,pl_stats/A_Villa_7/events_stats/2015-16_events_stats.csv,
PL_PULSELIVE_HISTORICAL,team_match,2015-16,attemptsConcededObox,pl_stats/A_Villa_7/events_stats/2015-16_events_stats.csv,
PL_PULSELIVE_HISTORICAL,team_match,2015-16,attemptsIbox,pl_stats/A_Villa_7/events_stats/2015-16_events_stats.csv,
PL_PULSELIVE_HISTORICAL,team_match,2015-16,attemptsObox,pl_stats/A_Villa_7/events_stats/2015-16_events_stats.csv,
PL_PULSELIVE_HISTORICAL,team_match,2015-16,attendance,pl_stats/A_Villa_7/events_stats/2015-16_events_stats.csv,
PL_PULSELIVE_HISTORICAL,team_match,2015-16,backwardPass,pl_stats/A_Villa_7/events_stats/2015-16_events_stats.csv,
PL_PULSELIVE_HISTORICAL,team_match,2015-16,ballRecovery,pl_stats/A_Villa_7/events_stats/2015-16_events_stats.csv,
PL_PULSELIVE_HISTORICAL,team_match,2015-16,bigChanceCreated,pl_stats/A_Villa_7/events_stats/2015-16_events_stats.csv,
PL_PULSELIVE_HISTORICAL,team_match,2015-16,bigChanceMissed,pl_stats/A_Villa_7/events_stats/2015-16_events_stats.csv,
PL_PULSELIVE_HISTORICAL,team_match,2015-16,bigChanceScored,pl_stats/A_Villa_7/events_stats/2015-16_events_stats.csv,
PL_PULSELIVE_HISTORICAL,team_match,2015-16,blockedCross,pl_stats/A_Villa_7/events_stats/2015-16_events_stats.csv,
PL_PULSELIVE_HISTORICAL,team_match,2015-16,blockedPass,pl_stats/A_Villa_7/events_stats/2015-16_events_stats.csv,
PL_PULSELIVE_HISTORICAL,team_match,2015-16,blockedScoringAtt,pl_stats/A_Villa_7/events_stats/2015-16_events_stats.csv,
PL_PULSELIVE_HISTORICAL,team_match,2015-16,challengeLost,pl_stats/A_Villa_7/events_stats/2015-16_events_stats.csv,
PL_PULSELIVE_HISTORICAL,team_match,2015-16,clearanceOffLine,pl_stats/A_Villa_7/events_stats/2015-16_events_stats.csv,
PL_PULSELIVE_HISTORICAL,team_match,2015-16,contentiousDecision,pl_stats/A_Villa_7/events_stats/2015-16_events_stats.csv,
PL_PULSELIVE_HISTORICAL,team_match,2015-16,cornerTaken,pl_stats/A_Villa_7/events_stats/2015-16_events_stats.csv,
PL_PULSELIVE_HISTORICAL,team_match,2015-16,crosses18yard,pl_stats/A_Villa_7/events_stats/2015-16_events_stats.csv,
PL_PULSELIVE_HISTORICAL,team_match,2015-16,crosses18yardplus,pl_stats/A_Villa_7/events_stats/2015-16_events_stats.csv,
PL_PULSELIVE_HISTORICAL,team_match,2015-16,defenderGoals,pl_stats/A_Villa_7/events_stats/2015-16_events_stats.csv,
PL_PULSELIVE_HISTORICAL,team_match,2015-16,dispossessed,pl_stats/A_Villa_7/events_stats/2015-16_events_stats.csv,
PL_PULSELIVE_HISTORICAL,team_match,2015-16,divingSave,pl_stats/A_Villa_7/events_stats/2015-16_events_stats.csv,
PL_PULSELIVE_HISTORICAL,team_match,2015-16,duelLost,pl_stats/A_Villa_7/events_stats/2015-16_events_stats.csv,
PL_PULSELIVE_HISTORICAL,team_match,2015-16,duelWon,pl_stats/A_Villa_7/events_stats/2015-16_events_stats.csv,
PL_PULSELIVE_HISTORICAL,team_match,2015-16,effectiveBlockedCross,pl_stats/A_Villa_7/events_stats/2015-16_events_stats.csv,
PL_PULSELIVE_HISTORICAL,team_match,2015-16,effectiveClearance,pl_stats/A_Villa_7/events_stats/2015-16_events_stats.csv,
PL_PULSELIVE_HISTORICAL,team_match,2015-16,effectiveHeadClearance,pl_stats/A_Villa_7/events_stats/2015-16_events_stats.csv,
PL_PULSELIVE_HISTORICAL,team_match,2015-16,errorLeadToGoal,pl_stats/A_Villa_7/events_stats/2015-16_events_stats.csv,
PL_PULSELIVE_HISTORICAL,team_match,2015-16,errorLeadToShot,pl_stats/A_Villa_7/events_stats/2015-16_events_stats.csv,
PL_PULSELIVE_HISTORICAL,team_match,2015-16,expectedAssists,pl_stats/A_Villa_7/events_stats/2015-16_events_stats.csv,
PL_PULSELIVE_HISTORICAL,team_match,2015-16,expectedGoals,pl_stats/A_Villa_7/events_stats/2015-16_events_stats.csv,
PL_PULSELIVE_HISTORICAL,team_match,2015-16,expectedGoalsOnTarget,pl_stats/A_Villa_7/events_stats/2015-16_events_stats.csv,
PL_PULSELIVE_HISTORICAL,team_match,2015-16,expectedGoalsOnTargetConceded,pl_stats/A_Villa_7/events_stats/2015-16_events_stats.csv,
PL_PULSELIVE_HISTORICAL,team_match,2015-16,finalThirdEntries,pl_stats/A_Villa_7/events_stats/2015-16_events_stats.csv,
PL_PULSELIVE_HISTORICAL,team_match,2015-16,fkFoulLost,pl_stats/A_Villa_7/events_stats/2015-16_events_stats.csv,
PL_PULSELIVE_HISTORICAL,team_match,2015-16,fkFoulWon,pl_stats/A_Villa_7/events_stats/2015-16_events_stats.csv,
PL_PULSELIVE_HISTORICAL,team_match,2015-16,forwardGoals,pl_stats/A_Villa_7/events_stats/2015-16_events_stats.csv,
PL_PULSELIVE_HISTORICAL,team_match,2015-16,foulThrowIn,pl_stats/A_Villa_7/events_stats/2015-16_events_stats.csv,
PL_PULSELIVE_HISTORICAL,team_match,2015-16,fouledFinalThird,pl_stats/A_Villa_7/events_stats/2015-16_events_stats.csv,
PL_PULSELIVE_HISTORICAL,team_match,2015-16,freekickCross,pl_stats/A_Villa_7/events_stats/2015-16_events_stats.csv,
PL_PULSELIVE_HISTORICAL,team_match,2015-16,freekickTotal,pl_stats/A_Villa_7/events_stats/2015-16_events_stats.csv,
PL_PULSELIVE_HISTORICAL,team_match,2015-16,fwdPass,pl_stats/A_Villa_7/events_stats/2015-16_events_stats.csv,
PL_PULSELIVE_HISTORICAL,team_match,2015-16,gameweek,pl_stats/A_Villa_7/events_stats/2015-16_events_stats.csv,
PL_PULSELIVE_HISTORICAL,team_match,2015-16,goalAssist,pl_stats/A_Villa_7/events_stats/2015-16_events_stats.csv,
PL_PULSELIVE_HISTORICAL,team_match,2015-16,goalAssistDeadball,pl_stats/A_Villa_7/events_stats/2015-16_events_stats.csv,
PL_PULSELIVE_HISTORICAL,team_match,2015-16,goalAssistIntentional,pl_stats/A_Villa_7/events_stats/2015-16_events_stats.csv,
PL_PULSELIVE_HISTORICAL,team_match,2015-16,goalAssistOpenplay,pl_stats/A_Villa_7/events_stats/2015-16_events_stats.csv,
PL_PULSELIVE_HISTORICAL,team_match,2015-16,goalAssistSetplay,pl_stats/A_Villa_7/events_stats/2015-16_events_stats.csv,
PL_PULSELIVE_HISTORICAL,team_match,2015-16,goalFastbreak,pl_stats/A_Villa_7/events_stats/2015-16_events_stats.csv,
PL_PULSELIVE_HISTORICAL,team_match,2015-16,goalKicks,pl_stats/A_Villa_7/events_stats/2015-16_events_stats.csv,
PL_PULSELIVE_HISTORICAL,team_match,2015-16,goalsAgainst,pl_stats/A_Villa_7/events_stats/2015-16_events_stats.csv,
PL_PULSELIVE_HISTORICAL,team_match,2015-16,goalsFor,pl_stats/A_Villa_7/events_stats/2015-16_events_stats.csv,
PL_PULSELIVE_HISTORICAL,team_match,2015-16,goalsOpenplay,pl_stats/A_Villa_7/events_stats/2015-16_events_stats.csv,
PL_PULSELIVE_HISTORICAL,team_match,2015-16,goodHighClaim,pl_stats/A_Villa_7/events_stats/2015-16_events_stats.csv,
PL_PULSELIVE_HISTORICAL,team_match,2015-16,ground,pl_stats/A_Villa_7/events_stats/2015-16_events_stats.csv,
PL_PULSELIVE_HISTORICAL,team_match,2015-16,halfTimeAgainst,pl_stats/A_Villa_7/events_stats/2015-16_events_stats.csv,
PL_PULSELIVE_HISTORICAL,team_match,2015-16,halfTimeFor,pl_stats/A_Villa_7/events_stats/2015-16_events_stats.csv,
PL_PULSELIVE_HISTORICAL,team_match,2015-16,handBall,pl_stats/A_Villa_7/events_stats/2015-16_events_stats.csv,
PL_PULSELIVE_HISTORICAL,team_match,2015-16,headClearance,pl_stats/A_Villa_7/events_stats/2015-16_events_stats.csv,
PL_PULSELIVE_HISTORICAL,team_match,2015-16,hitWoodwork,pl_stats/A_Villa_7/events_stats/2015-16_events_stats.csv,
PL_PULSELIVE_HISTORICAL,team_match,2015-16,interception,pl_stats/A_Villa_7/events_stats/2015-16_events_stats.csv,
PL_PULSELIVE_HISTORICAL,team_match,2015-16,interceptionWon,pl_stats/A_Villa_7/events_stats/2015-16_events_stats.csv,
PL_PULSELIVE_HISTORICAL,team_match,2015-16,interceptionsInBox,pl_stats/A_Villa_7/events_stats/2015-16_events_stats.csv,
PL_PULSELIVE_HISTORICAL,team_match,2015-16,keeperThrows,pl_stats/A_Villa_7/events_stats/2015-16_events_stats.csv,
PL_PULSELIVE_HISTORICAL,team_match,2015-16,kickoff,pl_stats/A_Villa_7/events_stats/2015-16_events_stats.csv,
PL_PULSELIVE_HISTORICAL,team_match,2015-16,leftsidePass,pl_stats/A_Villa_7/events_stats/2015-16_events_stats.csv,
PL_PULSELIVE_HISTORICAL,team_match,2015-16,longPassOwnToOpp,pl_stats/A_Villa_7/events_stats/2015-16_events_stats.csv,
PL_PULSELIVE_HISTORICAL,team_match,2015-16,longPassOwnToOppSuccess,pl_stats/A_Villa_7/events_stats/2015-16_events_stats.csv,
PL_PULSELIVE_HISTORICAL,team_match,2015-16,lostCorners,pl_stats/A_Villa_7/events_stats/2015-16_events_stats.csv,
PL_PULSELIVE_HISTORICAL,team_match,2015-16,matchId,pl_stats/A_Villa_7/events_stats/2015-16_events_stats.csv,
PL_PULSELIVE_HISTORICAL,team_match,2015-16,midfielderGoals,pl_stats/A_Villa_7/events_stats/2015-16_events_stats.csv,
PL_PULSELIVE_HISTORICAL,team_match,2015-16,offtargetAttAssist,pl_stats/A_Villa_7/events_stats/2015-16_events_stats.csv,
PL_PULSELIVE_HISTORICAL,team_match,2015-16,ontargetAttAssist,pl_stats/A_Villa_7/events_stats/2015-16_events_stats.csv,
PL_PULSELIVE_HISTORICAL,team_match,2015-16,ontargetScoringAtt,pl_stats/A_Villa_7/events_stats/2015-16_events_stats.csv,
PL_PULSELIVE_HISTORICAL,team_match,2015-16,openPlayPass,pl_stats/A_Villa_7/events_stats/2015-16_events_stats.csv,
PL_PULSELIVE_HISTORICAL,team_match,2015-16,opponent,pl_stats/A_Villa_7/events_stats/2015-16_events_stats.csv,
PL_PULSELIVE_HISTORICAL,team_match,2015-16,opponent_id,pl_stats/A_Villa_7/events_stats/2015-16_events_stats.csv,
PL_PULSELIVE_HISTORICAL,team_match,2015-16,outfielderBlock,pl_stats/A_Villa_7/events_stats/2015-16_events_stats.csv,
PL_PULSELIVE_HISTORICAL,team_match,2015-16,overrun,pl_stats/A_Villa_7/events_stats/2015-16_events_stats.csv,
PL_PULSELIVE_HISTORICAL,team_match,2015-16,ownGoals,pl_stats/A_Villa_7/events_stats/2015-16_events_stats.csv,
PL_PULSELIVE_HISTORICAL,team_match,2015-16,passesLeft,pl_stats/A_Villa_7/events_stats/2015-16_events_stats.csv,
PL_PULSELIVE_HISTORICAL,team_match,2015-16,passesRight,pl_stats/A_Villa_7/events_stats/2015-16_events_stats.csv,
PL_PULSELIVE_HISTORICAL,team_match,2015-16,penAreaEntries,pl_stats/A_Villa_7/events_stats/2015-16_events_stats.csv,
PL_PULSELIVE_HISTORICAL,team_match,2015-16,penGoalsConceded,pl_stats/A_Villa_7/events_stats/2015-16_events_stats.csv,
PL_PULSELIVE_HISTORICAL,team_match,2015-16,penaltyConceded,pl_stats/A_Villa_7/events_stats/2015-16_events_stats.csv,
PL_PULSELIVE_HISTORICAL,team_match,2015-16,penaltyFaced,pl_stats/A_Villa_7/events_stats/2015-16_events_stats.csv,
PL_PULSELIVE_HISTORICAL,team_match,2015-16,penaltySave,pl_stats/A_Villa_7/events_stats/2015-16_events_stats.csv,
PL_PULSELIVE_HISTORICAL,team_match,2015-16,penaltyWon,pl_stats/A_Villa_7/events_stats/2015-16_events_stats.csv,
PL_PULSELIVE_HISTORICAL,team_match,2015-16,possLostAll,pl_stats/A_Villa_7/events_stats/2015-16_events_stats.csv,
PL_PULSELIVE_HISTORICAL,team_match,2015-16,possLostCtrl,pl_stats/A_Villa_7/events_stats/2015-16_events_stats.csv,
PL_PULSELIVE_HISTORICAL,team_match,2015-16,possWonAtt3rd,pl_stats/A_Villa_7/events_stats/2015-16_events_stats.csv,
PL_PULSELIVE_HISTORICAL,team_match,2015-16,possWonDef3rd,pl_stats/A_Villa_7/events_stats/2015-16_events_stats.csv,
PL_PULSELIVE_HISTORICAL,team_match,2015-16,possWonMid3rd,pl_stats/A_Villa_7/events_stats/2015-16_events_stats.csv,
PL_PULSELIVE_HISTORICAL,team_match,2015-16,possessionPercentage,pl_stats/A_Villa_7/events_stats/2015-16_events_stats.csv,
PL_PULSELIVE_HISTORICAL,team_match,2015-16,postScoringAtt,pl_stats/A_Villa_7/events_stats/2015-16_events_stats.csv,
PL_PULSELIVE_HISTORICAL,team_match,2015-16,punches,pl_stats/A_Villa_7/events_stats/2015-16_events_stats.csv,
PL_PULSELIVE_HISTORICAL,team_match,2015-16,putThrough,pl_stats/A_Villa_7/events_stats/2015-16_events_stats.csv,
PL_PULSELIVE_HISTORICAL,team_match,2015-16,redCard,pl_stats/A_Villa_7/events_stats/2015-16_events_stats.csv,
PL_PULSELIVE_HISTORICAL,team_match,2015-16,redCardsAgainst,pl_stats/A_Villa_7/events_stats/2015-16_events_stats.csv,
PL_PULSELIVE_HISTORICAL,team_match,2015-16,redCardsFor,pl_stats/A_Villa_7/events_stats/2015-16_events_stats.csv,
PL_PULSELIVE_HISTORICAL,team_match,2015-16,result,pl_stats/A_Villa_7/events_stats/2015-16_events_stats.csv,
PL_PULSELIVE_HISTORICAL,team_match,2015-16,rightsidePass,pl_stats/A_Villa_7/events_stats/2015-16_events_stats.csv,
PL_PULSELIVE_HISTORICAL,team_match,2015-16,savedIbox,pl_stats/A_Villa_7/events_stats/2015-16_events_stats.csv,
PL_PULSELIVE_HISTORICAL,team_match,2015-16,savedObox,pl_stats/A_Villa_7/events_stats/2015-16_events_stats.csv,
PL_PULSELIVE_HISTORICAL,team_match,2015-16,saves,pl_stats/A_Villa_7/events_stats/2015-16_events_stats.csv,
PL_PULSELIVE_HISTORICAL,team_match,2015-16,secondYellow,pl_stats/A_Villa_7/events_stats/2015-16_events_stats.csv,
PL_PULSELIVE_HISTORICAL,team_match,2015-16,shieldBallOop,pl_stats/A_Villa_7/events_stats/2015-16_events_stats.csv,
PL_PULSELIVE_HISTORICAL,team_match,2015-16,shotFastbreak,pl_stats/A_Villa_7/events_stats/2015-16_events_stats.csv,
PL_PULSELIVE_HISTORICAL,team_match,2015-16,shotOffTarget,pl_stats/A_Villa_7/events_stats/2015-16_events_stats.csv,
PL_PULSELIVE_HISTORICAL,team_match,2015-16,sixYardBlock,pl_stats/A_Villa_7/events_stats/2015-16_events_stats.csv,
PL_PULSELIVE_HISTORICAL,team_match,2015-16,subsGoals,pl_stats/A_Villa_7/events_stats/2015-16_events_stats.csv,
PL_PULSELIVE_HISTORICAL,team_match,2015-16,subsMade,pl_stats/A_Villa_7/events_stats/2015-16_events_stats.csv,
PL_PULSELIVE_HISTORICAL,team_match,2015-16,successfulFinalThirdPasses,pl_stats/A_Villa_7/events_stats/2015-16_events_stats.csv,
PL_PULSELIVE_HISTORICAL,team_match,2015-16,successfulOpenPlayPass,pl_stats/A_Villa_7/events_stats/2015-16_events_stats.csv,
PL_PULSELIVE_HISTORICAL,team_match,2015-16,successfulPutThrough,pl_stats/A_Villa_7/events_stats/2015-16_events_stats.csv,
PL_PULSELIVE_HISTORICAL,team_match,2015-16,team,pl_stats/A_Villa_7/events_stats/2015-16_events_stats.csv,
PL_PULSELIVE_HISTORICAL,team_match,2015-16,team_id,pl_stats/A_Villa_7/events_stats/2015-16_events_stats.csv,
PL_PULSELIVE_HISTORICAL,team_match,2015-16,totalAttAssist,pl_stats/A_Villa_7/events_stats/2015-16_events_stats.csv,
PL_PULSELIVE_HISTORICAL,team_match,2015-16,totalBackZonePass,pl_stats/A_Villa_7/events_stats/2015-16_events_stats.csv,
PL_PULSELIVE_HISTORICAL,team_match,2015-16,totalChippedPass,pl_stats/A_Villa_7/events_stats/2015-16_events_stats.csv,
PL_PULSELIVE_HISTORICAL,team_match,2015-16,totalClearance,pl_stats/A_Villa_7/events_stats/2015-16_events_stats.csv,
PL_PULSELIVE_HISTORICAL,team_match,2015-16,totalContest,pl_stats/A_Villa_7/events_stats/2015-16_events_stats.csv,
PL_PULSELIVE_HISTORICAL,team_match,2015-16,totalCornersIntobox,pl_stats/A_Villa_7/events_stats/2015-16_events_stats.csv,
PL_PULSELIVE_HISTORICAL,team_match,2015-16,totalCross,pl_stats/A_Villa_7/events_stats/2015-16_events_stats.csv,
PL_PULSELIVE_HISTORICAL,team_match,2015-16,totalCrossNocorner,pl_stats/A_Villa_7/events_stats/2015-16_events_stats.csv,
PL_PULSELIVE_HISTORICAL,team_match,2015-16,totalFastbreak,pl_stats/A_Villa_7/events_stats/2015-16_events_stats.csv,
PL_PULSELIVE_HISTORICAL,team_match,2015-16,totalFinalThirdPasses,pl_stats/A_Villa_7/events_stats/2015-16_events_stats.csv,
PL_PULSELIVE_HISTORICAL,team_match,2015-16,totalFlickOn,pl_stats/A_Villa_7/events_stats/2015-16_events_stats.csv,
PL_PULSELIVE_HISTORICAL,team_match,2015-16,totalFwdZonePass,pl_stats/A_Villa_7/events_stats/2015-16_events_stats.csv,
PL_PULSELIVE_HISTORICAL,team_match,2015-16,totalHighClaim,pl_stats/A_Villa_7/events_stats/2015-16_events_stats.csv,
PL_PULSELIVE_HISTORICAL,team_match,2015-16,totalKeeperSweeper,pl_stats/A_Villa_7/events_stats/2015-16_events_stats.csv,
PL_PULSELIVE_HISTORICAL,team_match,2015-16,totalLaunches,pl_stats/A_Villa_7/events_stats/2015-16_events_stats.csv,
PL_PULSELIVE_HISTORICAL,team_match,2015-16,totalLayoffs,pl_stats/A_Villa_7/events_stats/2015-16_events_stats.csv,
PL_PULSELIVE_HISTORICAL,team_match,2015-16,totalLongBalls,pl_stats/A_Villa_7/events_stats/2015-16_events_stats.csv,
PL_PULSELIVE_HISTORICAL,team_match,2015-16,totalOffside,pl_stats/A_Villa_7/events_stats/2015-16_events_stats.csv,
PL_PULSELIVE_HISTORICAL,team_match,2015-16,totalPass,pl_stats/A_Villa_7/events_stats/2015-16_events_stats.csv,
PL_PULSELIVE_HISTORICAL,team_match,2015-16,totalPullBack,pl_stats/A_Villa_7/events_stats/2015-16_events_stats.csv,
PL_PULSELIVE_HISTORICAL,team_match,2015-16,totalRedCard,pl_stats/A_Villa_7/events_stats/2015-16_events_stats.csv,
PL_PULSELIVE_HISTORICAL,team_match,2015-16,totalScoringAtt,pl_stats/A_Villa_7/events_stats/2015-16_events_stats.csv,
PL_PULSELIVE_HISTORICAL,team_match,2015-16,totalTackle,pl_stats/A_Villa_7/events_stats/2015-16_events_stats.csv,
PL_PULSELIVE_HISTORICAL,team_match,2015-16,totalThroughBall,pl_stats/A_Villa_7/events_stats/2015-16_events_stats.csv,
PL_PULSELIVE_HISTORICAL,team_match,2015-16,totalThrows,pl_stats/A_Villa_7/events_stats/2015-16_events_stats.csv,
PL_PULSELIVE_HISTORICAL,team_match,2015-16,totalYelCard,pl_stats/A_Villa_7/events_stats/2015-16_events_stats.csv,
PL_PULSELIVE_HISTORICAL,team_match,2015-16,touches,pl_stats/A_Villa_7/events_stats/2015-16_events_stats.csv,
PL_PULSELIVE_HISTORICAL,team_match,2015-16,touchesInOppBox,pl_stats/A_Villa_7/events_stats/2015-16_events_stats.csv,
PL_PULSELIVE_HISTORICAL,team_match,2015-16,unsuccessfulTouch,pl_stats/A_Villa_7/events_stats/2015-16_events_stats.csv,
PL_PULSELIVE_HISTORICAL,team_match,2015-16,venue,pl_stats/A_Villa_7/events_stats/2015-16_events_stats.csv,
PL_PULSELIVE_HISTORICAL,team_match,2015-16,wonContest,pl_stats/A_Villa_7/events_stats/2015-16_events_stats.csv,
PL_PULSELIVE_HISTORICAL,team_match,2015-16,wonCorners,pl_stats/A_Villa_7/events_stats/2015-16_events_stats.csv,
PL_PULSELIVE_HISTORICAL,team_match,2015-16,wonTackle,pl_stats/A_Villa_7/events_stats/2015-16_events_stats.csv,
PL_PULSELIVE_HISTORICAL,team_match,2015-16,yellowCard,pl_stats/A_Villa_7/events_stats/2015-16_events_stats.csv,
PL_PULSELIVE_HISTORICAL,team_match,2016-17,accurateBackZonePass,pl_stats/Arsenal_3/events_stats/2016-17_events_stats.csv,
PL_PULSELIVE_HISTORICAL,team_match,2016-17,accurateChippedPass,pl_stats/Arsenal_3/events_stats/2016-17_events_stats.csv,
PL_PULSELIVE_HISTORICAL,team_match,2016-17,accurateCornersIntobox,pl_stats/Arsenal_3/events_stats/2016-17_events_stats.csv,
PL_PULSELIVE_HISTORICAL,team_match,2016-17,accurateCross,pl_stats/Arsenal_3/events_stats/2016-17_events_stats.csv,
PL_PULSELIVE_HISTORICAL,team_match,2016-17,accurateCrossNocorner,pl_stats/Arsenal_3/events_stats/2016-17_events_stats.csv,
PL_PULSELIVE_HISTORICAL,team_match,2016-17,accurateFlickOn,pl_stats/Arsenal_3/events_stats/2016-17_events_stats.csv,
PL_PULSELIVE_HISTORICAL,team_match,2016-17,accurateFreekickCross,pl_stats/Arsenal_3/events_stats/2016-17_events_stats.csv,
PL_PULSELIVE_HISTORICAL,team_match,2016-17,accurateFwdZonePass,pl_stats/Arsenal_3/events_stats/2016-17_events_stats.csv,
PL_PULSELIVE_HISTORICAL,team_match,2016-17,accurateGoalKicks,pl_stats/Arsenal_3/events_stats/2016-17_events_stats.csv,
PL_PULSELIVE_HISTORICAL,team_match,2016-17,accurateKeeperSweeper,pl_stats/Arsenal_3/events_stats/2016-17_events_stats.csv,
PL_PULSELIVE_HISTORICAL,team_match,2016-17,accurateKeeperThrows,pl_stats/Arsenal_3/events_stats/2016-17_events_stats.csv,
PL_PULSELIVE_HISTORICAL,team_match,2016-17,accurateLaunches,pl_stats/Arsenal_3/events_stats/2016-17_events_stats.csv,
PL_PULSELIVE_HISTORICAL,team_match,2016-17,accurateLayoffs,pl_stats/Arsenal_3/events_stats/2016-17_events_stats.csv,
PL_PULSELIVE_HISTORICAL,team_match,2016-17,accurateLongBalls,pl_stats/Arsenal_3/events_stats/2016-17_events_stats.csv,
PL_PULSELIVE_HISTORICAL,team_match,2016-17,accuratePass,pl_stats/Arsenal_3/events_stats/2016-17_events_stats.csv,
PL_PULSELIVE_HISTORICAL,team_match,2016-17,accuratePullBack,pl_stats/Arsenal_3/events_stats/2016-17_events_stats.csv,
PL_PULSELIVE_HISTORICAL,team_match,2016-17,accurateThroughBall,pl_stats/Arsenal_3/events_stats/2016-17_events_stats.csv,
PL_PULSELIVE_HISTORICAL,team_match,2016-17,accurateThrows,pl_stats/Arsenal_3/events_stats/2016-17_events_stats.csv,
PL_PULSELIVE_HISTORICAL,team_match,2016-17,aerialLost,pl_stats/Arsenal_3/events_stats/2016-17_events_stats.csv,
PL_PULSELIVE_HISTORICAL,team_match,2016-17,aerialWon,pl_stats/Arsenal_3/events_stats/2016-17_events_stats.csv,
PL_PULSELIVE_HISTORICAL,team_match,2016-17,attAssistOpenplay,pl_stats/Arsenal_3/events_stats/2016-17_events_stats.csv,
PL_PULSELIVE_HISTORICAL,team_match,2016-17,attAssistSetplay,pl_stats/Arsenal_3/events_stats/2016-17_events_stats.csv,
PL_PULSELIVE_HISTORICAL,team_match,2016-17,attCorner,pl_stats/Arsenal_3/events_stats/2016-17_events_stats.csv,
PL_PULSELIVE_HISTORICAL,team_match,2016-17,attFastbreak,pl_stats/Arsenal_3/events_stats/2016-17_events_stats.csv,
PL_PULSELIVE_HISTORICAL,team_match,2016-17,attFreekickGoal,pl_stats/Arsenal_3/events_stats/2016-17_events_stats.csv,
PL_PULSELIVE_HISTORICAL,team_match,2016-17,attFreekickMiss,pl_stats/Arsenal_3/events_stats/2016-17_events_stats.csv,
PL_PULSELIVE_HISTORICAL,team_match,2016-17,attFreekickTarget,pl_stats/Arsenal_3/events_stats/2016-17_events_stats.csv,
PL_PULSELIVE_HISTORICAL,team_match,2016-17,attFreekickTotal,pl_stats/Arsenal_3/events_stats/2016-17_events_stats.csv,
PL_PULSELIVE_HISTORICAL,team_match,2016-17,attIboxOwnGoal,pl_stats/Arsenal_3/events_stats/2016-17_events_stats.csv,
PL_PULSELIVE_HISTORICAL,team_match,2016-17,attLgCentre,pl_stats/Arsenal_3/events_stats/2016-17_events_stats.csv,
PL_PULSELIVE_HISTORICAL,team_match,2016-17,attLgLeft,pl_stats/Arsenal_3/events_stats/2016-17_events_stats.csv,
PL_PULSELIVE_HISTORICAL,team_match,2016-17,attObxdLeft,pl_stats/Arsenal_3/events_stats/2016-17_events_stats.csv,
PL_PULSELIVE_HISTORICAL,team_match,2016-17,attOneOnOne,pl_stats/Arsenal_3/events_stats/2016-17_events_stats.csv,
PL_PULSELIVE_HISTORICAL,team_match,2016-17,attOpenplay,pl_stats/Arsenal_3/events_stats/2016-17_events_stats.csv,
PL_PULSELIVE_HISTORICAL,team_match,2016-17,attPenGoal,pl_stats/Arsenal_3/events_stats/2016-17_events_stats.csv,
PL_PULSELIVE_HISTORICAL,team_match,2016-17,attPenTarget,pl_stats/Arsenal_3/events_stats/2016-17_events_stats.csv,
PL_PULSELIVE_HISTORICAL,team_match,2016-17,attPostHigh,pl_stats/Arsenal_3/events_stats/2016-17_events_stats.csv,
PL_PULSELIVE_HISTORICAL,team_match,2016-17,attPostLeft,pl_stats/Arsenal_3/events_stats/2016-17_events_stats.csv,
PL_PULSELIVE_HISTORICAL,team_match,2016-17,attPostRight,pl_stats/Arsenal_3/events_stats/2016-17_events_stats.csv,
PL_PULSELIVE_HISTORICAL,team_match,2016-17,attSetpiece,pl_stats/Arsenal_3/events_stats/2016-17_events_stats.csv,
PL_PULSELIVE_HISTORICAL,team_match,2016-17,attemptedTackleFoul,pl_stats/Arsenal_3/events_stats/2016-17_events_stats.csv,
PL_PULSELIVE_HISTORICAL,team_match,2016-17,attemptsConcededIbox,pl_stats/Arsenal_3/events_stats/2016-17_events_stats.csv,
PL_PULSELIVE_HISTORICAL,team_match,2016-17,attemptsConcededObox,pl_stats/Arsenal_3/events_stats/2016-17_events_stats.csv,
PL_PULSELIVE_HISTORICAL,team_match,2016-17,attemptsIbox,pl_stats/Arsenal_3/events_stats/2016-17_events_stats.csv,
PL_PULSELIVE_HISTORICAL,team_match,2016-17,attemptsObox,pl_stats/Arsenal_3/events_stats/2016-17_events_stats.csv,
PL_PULSELIVE_HISTORICAL,team_match,2016-17,attendance,pl_stats/Arsenal_3/events_stats/2016-17_events_stats.csv,
PL_PULSELIVE_HISTORICAL,team_match,2016-17,backwardPass,pl_stats/Arsenal_3/events_stats/2016-17_events_stats.csv,
PL_PULSELIVE_HISTORICAL,team_match,2016-17,ballRecovery,pl_stats/Arsenal_3/events_stats/2016-17_events_stats.csv,
PL_PULSELIVE_HISTORICAL,team_match,2016-17,bigChanceCreated,pl_stats/Arsenal_3/events_stats/2016-17_events_stats.csv,
PL_PULSELIVE_HISTORICAL,team_match,2016-17,bigChanceMissed,pl_stats/Arsenal_3/events_stats/2016-17_events_stats.csv,
PL_PULSELIVE_HISTORICAL,team_match,2016-17,bigChanceScored,pl_stats/Arsenal_3/events_stats/2016-17_events_stats.csv,
PL_PULSELIVE_HISTORICAL,team_match,2016-17,blockedCross,pl_stats/Arsenal_3/events_stats/2016-17_events_stats.csv,
PL_PULSELIVE_HISTORICAL,team_match,2016-17,blockedPass,pl_stats/Arsenal_3/events_stats/2016-17_events_stats.csv,
PL_PULSELIVE_HISTORICAL,team_match,2016-17,blockedScoringAtt,pl_stats/Arsenal_3/events_stats/2016-17_events_stats.csv,
PL_PULSELIVE_HISTORICAL,team_match,2016-17,challengeLost,pl_stats/Arsenal_3/events_stats/2016-17_events_stats.csv,
PL_PULSELIVE_HISTORICAL,team_match,2016-17,clearanceOffLine,pl_stats/Arsenal_3/events_stats/2016-17_events_stats.csv,
PL_PULSELIVE_HISTORICAL,team_match,2016-17,contentiousDecision,pl_stats/Arsenal_3/events_stats/2016-17_events_stats.csv,
PL_PULSELIVE_HISTORICAL,team_match,2016-17,cornerTaken,pl_stats/Arsenal_3/events_stats/2016-17_events_stats.csv,
PL_PULSELIVE_HISTORICAL,team_match,2016-17,crosses18yard,pl_stats/Arsenal_3/events_stats/2016-17_events_stats.csv,
PL_PULSELIVE_HISTORICAL,team_match,2016-17,crosses18yardplus,pl_stats/Arsenal_3/events_stats/2016-17_events_stats.csv,
PL_PULSELIVE_HISTORICAL,team_match,2016-17,defenderGoals,pl_stats/Arsenal_3/events_stats/2016-17_events_stats.csv,
PL_PULSELIVE_HISTORICAL,team_match,2016-17,dispossessed,pl_stats/Arsenal_3/events_stats/2016-17_events_stats.csv,
PL_PULSELIVE_HISTORICAL,team_match,2016-17,divingSave,pl_stats/Arsenal_3/events_stats/2016-17_events_stats.csv,
PL_PULSELIVE_HISTORICAL,team_match,2016-17,duelLost,pl_stats/Arsenal_3/events_stats/2016-17_events_stats.csv,
PL_PULSELIVE_HISTORICAL,team_match,2016-17,duelWon,pl_stats/Arsenal_3/events_stats/2016-17_events_stats.csv,
PL_PULSELIVE_HISTORICAL,team_match,2016-17,effectiveBlockedCross,pl_stats/Arsenal_3/events_stats/2016-17_events_stats.csv,
PL_PULSELIVE_HISTORICAL,team_match,2016-17,effectiveClearance,pl_stats/Arsenal_3/events_stats/2016-17_events_stats.csv,
PL_PULSELIVE_HISTORICAL,team_match,2016-17,effectiveHeadClearance,pl_stats/Arsenal_3/events_stats/2016-17_events_stats.csv,
PL_PULSELIVE_HISTORICAL,team_match,2016-17,errorLeadToGoal,pl_stats/Arsenal_3/events_stats/2016-17_events_stats.csv,
PL_PULSELIVE_HISTORICAL,team_match,2016-17,errorLeadToShot,pl_stats/Arsenal_3/events_stats/2016-17_events_stats.csv,
PL_PULSELIVE_HISTORICAL,team_match,2016-17,finalThirdEntries,pl_stats/Arsenal_3/events_stats/2016-17_events_stats.csv,
PL_PULSELIVE_HISTORICAL,team_match,2016-17,fkFoulLost,pl_stats/Arsenal_3/events_stats/2016-17_events_stats.csv,
PL_PULSELIVE_HISTORICAL,team_match,2016-17,fkFoulWon,pl_stats/Arsenal_3/events_stats/2016-17_events_stats.csv,
PL_PULSELIVE_HISTORICAL,team_match,2016-17,forwardGoals,pl_stats/Arsenal_3/events_stats/2016-17_events_stats.csv,
PL_PULSELIVE_HISTORICAL,team_match,2016-17,foulThrowIn,pl_stats/Arsenal_3/events_stats/2016-17_events_stats.csv,
PL_PULSELIVE_HISTORICAL,team_match,2016-17,fouledFinalThird,pl_stats/Arsenal_3/events_stats/2016-17_events_stats.csv,
PL_PULSELIVE_HISTORICAL,team_match,2016-17,freekickCross,pl_stats/Arsenal_3/events_stats/2016-17_events_stats.csv,
PL_PULSELIVE_HISTORICAL,team_match,2016-17,freekickTotal,pl_stats/Arsenal_3/events_stats/2016-17_events_stats.csv,
PL_PULSELIVE_HISTORICAL,team_match,2016-17,fwdPass,pl_stats/Arsenal_3/events_stats/2016-17_events_stats.csv,
PL_PULSELIVE_HISTORICAL,team_match,2016-17,gameweek,pl_stats/Arsenal_3/events_stats/2016-17_events_stats.csv,
PL_PULSELIVE_HISTORICAL,team_match,2016-17,goalAssist,pl_stats/Arsenal_3/events_stats/2016-17_events_stats.csv,
PL_PULSELIVE_HISTORICAL,team_match,2016-17,goalAssistDeadball,pl_stats/Arsenal_3/events_stats/2016-17_events_stats.csv,
PL_PULSELIVE_HISTORICAL,team_match,2016-17,goalAssistIntentional,pl_stats/Arsenal_3/events_stats/2016-17_events_stats.csv,
PL_PULSELIVE_HISTORICAL,team_match,2016-17,goalAssistOpenplay,pl_stats/Arsenal_3/events_stats/2016-17_events_stats.csv,
PL_PULSELIVE_HISTORICAL,team_match,2016-17,goalAssistSetplay,pl_stats/Arsenal_3/events_stats/2016-17_events_stats.csv,
PL_PULSELIVE_HISTORICAL,team_match,2016-17,goalFastbreak,pl_stats/Arsenal_3/events_stats/2016-17_events_stats.csv,
PL_PULSELIVE_HISTORICAL,team_match,2016-17,goalKicks,pl_stats/Arsenal_3/events_stats/2016-17_events_stats.csv,
PL_PULSELIVE_HISTORICAL,team_match,2016-17,goalsAgainst,pl_stats/Arsenal_3/events_stats/2016-17_events_stats.csv,
PL_PULSELIVE_HISTORICAL,team_match,2016-17,goalsFor,pl_stats/Arsenal_3/events_stats/2016-17_events_stats.csv,
PL_PULSELIVE_HISTORICAL,team_match,2016-17,goalsOpenplay,pl_stats/Arsenal_3/events_stats/2016-17_events_stats.csv,
PL_PULSELIVE_HISTORICAL,team_match,2016-17,goodHighClaim,pl_stats/Arsenal_3/events_stats/2016-17_events_stats.csv,
PL_PULSELIVE_HISTORICAL,team_match,2016-17,ground,pl_stats/Arsenal_3/events_stats/2016-17_events_stats.csv,
PL_PULSELIVE_HISTORICAL,team_match,2016-17,halfTimeAgainst,pl_stats/Arsenal_3/events_stats/2016-17_events_stats.csv,
PL_PULSELIVE_HISTORICAL,team_match,2016-17,halfTimeFor,pl_stats/Arsenal_3/events_stats/2016-17_events_stats.csv,
PL_PULSELIVE_HISTORICAL,team_match,2016-17,handBall,pl_stats/Arsenal_3/events_stats/2016-17_events_stats.csv,
PL_PULSELIVE_HISTORICAL,team_match,2016-17,headClearance,pl_stats/Arsenal_3/events_stats/2016-17_events_stats.csv,
PL_PULSELIVE_HISTORICAL,team_match,2016-17,hitWoodwork,pl_stats/Arsenal_3/events_stats/2016-17_events_stats.csv,
PL_PULSELIVE_HISTORICAL,team_match,2016-17,interception,pl_stats/Arsenal_3/events_stats/2016-17_events_stats.csv,
PL_PULSELIVE_HISTORICAL,team_match,2016-17,interceptionWon,pl_stats/Arsenal_3/events_stats/2016-17_events_stats.csv,
PL_PULSELIVE_HISTORICAL,team_match,2016-17,interceptionsInBox,pl_stats/Arsenal_3/events_stats/2016-17_events_stats.csv,
PL_PULSELIVE_HISTORICAL,team_match,2016-17,keeperThrows,pl_stats/Arsenal_3/events_stats/2016-17_events_stats.csv,
PL_PULSELIVE_HISTORICAL,team_match,2016-17,kickoff,pl_stats/Arsenal_3/events_stats/2016-17_events_stats.csv,
PL_PULSELIVE_HISTORICAL,team_match,2016-17,leftsidePass,pl_stats/Arsenal_3/events_stats/2016-17_events_stats.csv,
PL_PULSELIVE_HISTORICAL,team_match,2016-17,longPassOwnToOpp,pl_stats/Arsenal_3/events_stats/2016-17_events_stats.csv,
PL_PULSELIVE_HISTORICAL,team_match,2016-17,longPassOwnToOppSuccess,pl_stats/Arsenal_3/events_stats/2016-17_events_stats.csv,
PL_PULSELIVE_HISTORICAL,team_match,2016-17,lostCorners,pl_stats/Arsenal_3/events_stats/2016-17_events_stats.csv,
PL_PULSELIVE_HISTORICAL,team_match,2016-17,matchId,pl_stats/Arsenal_3/events_stats/2016-17_events_stats.csv,
PL_PULSELIVE_HISTORICAL,team_match,2016-17,midfielderGoals,pl_stats/Arsenal_3/events_stats/2016-17_events_stats.csv,
PL_PULSELIVE_HISTORICAL,team_match,2016-17,offtargetAttAssist,pl_stats/Arsenal_3/events_stats/2016-17_events_stats.csv,
PL_PULSELIVE_HISTORICAL,team_match,2016-17,ontargetAttAssist,pl_stats/Arsenal_3/events_stats/2016-17_events_stats.csv,
PL_PULSELIVE_HISTORICAL,team_match,2016-17,ontargetScoringAtt,pl_stats/Arsenal_3/events_stats/2016-17_events_stats.csv,
PL_PULSELIVE_HISTORICAL,team_match,2016-17,openPlayPass,pl_stats/Arsenal_3/events_stats/2016-17_events_stats.csv,
PL_PULSELIVE_HISTORICAL,team_match,2016-17,opponent,pl_stats/Arsenal_3/events_stats/2016-17_events_stats.csv,
PL_PULSELIVE_HISTORICAL,team_match,2016-17,opponent_id,pl_stats/Arsenal_3/events_stats/2016-17_events_stats.csv,
PL_PULSELIVE_HISTORICAL,team_match,2016-17,outfielderBlock,pl_stats/Arsenal_3/events_stats/2016-17_events_stats.csv,
PL_PULSELIVE_HISTORICAL,team_match,2016-17,overrun,pl_stats/Arsenal_3/events_stats/2016-17_events_stats.csv,
PL_PULSELIVE_HISTORICAL,team_match,2016-17,ownGoals,pl_stats/Arsenal_3/events_stats/2016-17_events_stats.csv,
PL_PULSELIVE_HISTORICAL,team_match,2016-17,passesLeft,pl_stats/Arsenal_3/events_stats/2016-17_events_stats.csv,
PL_PULSELIVE_HISTORICAL,team_match,2016-17,passesRight,pl_stats/Arsenal_3/events_stats/2016-17_events_stats.csv,
PL_PULSELIVE_HISTORICAL,team_match,2016-17,penAreaEntries,pl_stats/Arsenal_3/events_stats/2016-17_events_stats.csv,
PL_PULSELIVE_HISTORICAL,team_match,2016-17,penGoalsConceded,pl_stats/Arsenal_3/events_stats/2016-17_events_stats.csv,
PL_PULSELIVE_HISTORICAL,team_match,2016-17,penaltyConceded,pl_stats/Arsenal_3/events_stats/2016-17_events_stats.csv,
PL_PULSELIVE_HISTORICAL,team_match,2016-17,penaltyFaced,pl_stats/Arsenal_3/events_stats/2016-17_events_stats.csv,
PL_PULSELIVE_HISTORICAL,team_match,2016-17,penaltyWon,pl_stats/Arsenal_3/events_stats/2016-17_events_stats.csv,
PL_PULSELIVE_HISTORICAL,team_match,2016-17,possLostAll,pl_stats/Arsenal_3/events_stats/2016-17_events_stats.csv,
PL_PULSELIVE_HISTORICAL,team_match,2016-17,possLostCtrl,pl_stats/Arsenal_3/events_stats/2016-17_events_stats.csv,
PL_PULSELIVE_HISTORICAL,team_match,2016-17,possWonAtt3rd,pl_stats/Arsenal_3/events_stats/2016-17_events_stats.csv,
PL_PULSELIVE_HISTORICAL,team_match,2016-17,possWonDef3rd,pl_stats/Arsenal_3/events_stats/2016-17_events_stats.csv,
PL_PULSELIVE_HISTORICAL,team_match,2016-17,possWonMid3rd,pl_stats/Arsenal_3/events_stats/2016-17_events_stats.csv,
PL_PULSELIVE_HISTORICAL,team_match,2016-17,possessionPercentage,pl_stats/Arsenal_3/events_stats/2016-17_events_stats.csv,
PL_PULSELIVE_HISTORICAL,team_match,2016-17,postScoringAtt,pl_stats/Arsenal_3/events_stats/2016-17_events_stats.csv,
PL_PULSELIVE_HISTORICAL,team_match,2016-17,ptsDroppedWinningPos,pl_stats/Arsenal_3/events_stats/2016-17_events_stats.csv,
PL_PULSELIVE_HISTORICAL,team_match,2016-17,ptsGainedLosingPos,pl_stats/Arsenal_3/events_stats/2016-17_events_stats.csv,
PL_PULSELIVE_HISTORICAL,team_match,2016-17,punches,pl_stats/Arsenal_3/events_stats/2016-17_events_stats.csv,
PL_PULSELIVE_HISTORICAL,team_match,2016-17,putThrough,pl_stats/Arsenal_3/events_stats/2016-17_events_stats.csv,
PL_PULSELIVE_HISTORICAL,team_match,2016-17,redCard,pl_stats/Arsenal_3/events_stats/2016-17_events_stats.csv,
PL_PULSELIVE_HISTORICAL,team_match,2016-17,redCardsAgainst,pl_stats/Arsenal_3/events_stats/2016-17_events_stats.csv,
PL_PULSELIVE_HISTORICAL,team_match,2016-17,redCardsFor,pl_stats/Arsenal_3/events_stats/2016-17_events_stats.csv,
PL_PULSELIVE_HISTORICAL,team_match,2016-17,result,pl_stats/Arsenal_3/events_stats/2016-17_events_stats.csv,
PL_PULSELIVE_HISTORICAL,team_match,2016-17,rightsidePass,pl_stats/Arsenal_3/events_stats/2016-17_events_stats.csv,
PL_PULSELIVE_HISTORICAL,team_match,2016-17,savedIbox,pl_stats/Arsenal_3/events_stats/2016-17_events_stats.csv,
PL_PULSELIVE_HISTORICAL,team_match,2016-17,savedObox,pl_stats/Arsenal_3/events_stats/2016-17_events_stats.csv,
PL_PULSELIVE_HISTORICAL,team_match,2016-17,saves,pl_stats/Arsenal_3/events_stats/2016-17_events_stats.csv,
PL_PULSELIVE_HISTORICAL,team_match,2016-17,shieldBallOop,pl_stats/Arsenal_3/events_stats/2016-17_events_stats.csv,
PL_PULSELIVE_HISTORICAL,team_match,2016-17,shotFastbreak,pl_stats/Arsenal_3/events_stats/2016-17_events_stats.csv,
PL_PULSELIVE_HISTORICAL,team_match,2016-17,shotOffTarget,pl_stats/Arsenal_3/events_stats/2016-17_events_stats.csv,
PL_PULSELIVE_HISTORICAL,team_match,2016-17,sixYardBlock,pl_stats/Arsenal_3/events_stats/2016-17_events_stats.csv,
PL_PULSELIVE_HISTORICAL,team_match,2016-17,subsMade,pl_stats/Arsenal_3/events_stats/2016-17_events_stats.csv,
PL_PULSELIVE_HISTORICAL,team_match,2016-17,successfulFinalThirdPasses,pl_stats/Arsenal_3/events_stats/2016-17_events_stats.csv,
PL_PULSELIVE_HISTORICAL,team_match,2016-17,successfulOpenPlayPass,pl_stats/Arsenal_3/events_stats/2016-17_events_stats.csv,
PL_PULSELIVE_HISTORICAL,team_match,2016-17,successfulPutThrough,pl_stats/Arsenal_3/events_stats/2016-17_events_stats.csv,
PL_PULSELIVE_HISTORICAL,team_match,2016-17,team,pl_stats/Arsenal_3/events_stats/2016-17_events_stats.csv,
PL_PULSELIVE_HISTORICAL,team_match,2016-17,team_id,pl_stats/Arsenal_3/events_stats/2016-17_events_stats.csv,
PL_PULSELIVE_HISTORICAL,team_match,2016-17,totalAttAssist,pl_stats/Arsenal_3/events_stats/2016-17_events_stats.csv,
PL_PULSELIVE_HISTORICAL,team_match,2016-17,totalBackZonePass,pl_stats/Arsenal_3/events_stats/2016-17_events_stats.csv,
PL_PULSELIVE_HISTORICAL,team_match,2016-17,totalChippedPass,pl_stats/Arsenal_3/events_stats/2016-17_events_stats.csv,
PL_PULSELIVE_HISTORICAL,team_match,2016-17,totalClearance,pl_stats/Arsenal_3/events_stats/2016-17_events_stats.csv,
PL_PULSELIVE_HISTORICAL,team_match,2016-17,totalContest,pl_stats/Arsenal_3/events_stats/2016-17_events_stats.csv,
PL_PULSELIVE_HISTORICAL,team_match,2016-17,totalCornersIntobox,pl_stats/Arsenal_3/events_stats/2016-17_events_stats.csv,
PL_PULSELIVE_HISTORICAL,team_match,2016-17,totalCross,pl_stats/Arsenal_3/events_stats/2016-17_events_stats.csv,
PL_PULSELIVE_HISTORICAL,team_match,2016-17,totalCrossNocorner,pl_stats/Arsenal_3/events_stats/2016-17_events_stats.csv,
PL_PULSELIVE_HISTORICAL,team_match,2016-17,totalFastbreak,pl_stats/Arsenal_3/events_stats/2016-17_events_stats.csv,
PL_PULSELIVE_HISTORICAL,team_match,2016-17,totalFinalThirdPasses,pl_stats/Arsenal_3/events_stats/2016-17_events_stats.csv,
PL_PULSELIVE_HISTORICAL,team_match,2016-17,totalFlickOn,pl_stats/Arsenal_3/events_stats/2016-17_events_stats.csv,
PL_PULSELIVE_HISTORICAL,team_match,2016-17,totalFwdZonePass,pl_stats/Arsenal_3/events_stats/2016-17_events_stats.csv,
PL_PULSELIVE_HISTORICAL,team_match,2016-17,totalHighClaim,pl_stats/Arsenal_3/events_stats/2016-17_events_stats.csv,
PL_PULSELIVE_HISTORICAL,team_match,2016-17,totalKeeperSweeper,pl_stats/Arsenal_3/events_stats/2016-17_events_stats.csv,
PL_PULSELIVE_HISTORICAL,team_match,2016-17,totalLaunches,pl_stats/Arsenal_3/events_stats/2016-17_events_stats.csv,
PL_PULSELIVE_HISTORICAL,team_match,2016-17,totalLayoffs,pl_stats/Arsenal_3/events_stats/2016-17_events_stats.csv,
PL_PULSELIVE_HISTORICAL,team_match,2016-17,totalLongBalls,pl_stats/Arsenal_3/events_stats/2016-17_events_stats.csv,
PL_PULSELIVE_HISTORICAL,team_match,2016-17,totalOffside,pl_stats/Arsenal_3/events_stats/2016-17_events_stats.csv,
PL_PULSELIVE_HISTORICAL,team_match,2016-17,totalPass,pl_stats/Arsenal_3/events_stats/2016-17_events_stats.csv,
PL_PULSELIVE_HISTORICAL,team_match,2016-17,totalPullBack,pl_stats/Arsenal_3/events_stats/2016-17_events_stats.csv,
PL_PULSELIVE_HISTORICAL,team_match,2016-17,totalRedCard,pl_stats/Arsenal_3/events_stats/2016-17_events_stats.csv,
PL_PULSELIVE_HISTORICAL,team_match,2016-17,totalScoringAtt,pl_stats/Arsenal_3/events_stats/2016-17_events_stats.csv,
PL_PULSELIVE_HISTORICAL,team_match,2016-17,totalTackle,pl_stats/Arsenal_3/events_stats/2016-17_events_stats.csv,
PL_PULSELIVE_HISTORICAL,team_match,2016-17,totalThroughBall,pl_stats/Arsenal_3/events_stats/2016-17_events_stats.csv,
PL_PULSELIVE_HISTORICAL,team_match,2016-17,totalThrows,pl_stats/Arsenal_3/events_stats/2016-17_events_stats.csv,
PL_PULSELIVE_HISTORICAL,team_match,2016-17,totalYelCard,pl_stats/Arsenal_3/events_stats/2016-17_events_stats.csv,
PL_PULSELIVE_HISTORICAL,team_match,2016-17,touches,pl_stats/Arsenal_3/events_stats/2016-17_events_stats.csv,
PL_PULSELIVE_HISTORICAL,team_match,2016-17,touchesInOppBox,pl_stats/Arsenal_3/events_stats/2016-17_events_stats.csv,
PL_PULSELIVE_HISTORICAL,team_match,2016-17,unsuccessfulTouch,pl_stats/Arsenal_3/events_stats/2016-17_events_stats.csv,
PL_PULSELIVE_HISTORICAL,team_match,2016-17,venue,pl_stats/Arsenal_3/events_stats/2016-17_events_stats.csv,
PL_PULSELIVE_HISTORICAL,team_match,2016-17,wonContest,pl_stats/Arsenal_3/events_stats/2016-17_events_stats.csv,
PL_PULSELIVE_HISTORICAL,team_match,2016-17,wonCorners,pl_stats/Arsenal_3/events_stats/2016-17_events_stats.csv,
PL_PULSELIVE_HISTORICAL,team_match,2016-17,wonTackle,pl_stats/Arsenal_3/events_stats/2016-17_events_stats.csv,
PL_PULSELIVE_HISTORICAL,team_match,2016-17,yellowCard,pl_stats/Arsenal_3/events_stats/2016-17_events_stats.csv,
PL_PULSELIVE_HISTORICAL,team_match,2017-18,accurateBackZonePass,pl_stats/Arsenal_3/events_stats/2017-18_events_stats.csv,
PL_PULSELIVE_HISTORICAL,team_match,2017-18,accurateChippedPass,pl_stats/Arsenal_3/events_stats/2017-18_events_stats.csv,
PL_PULSELIVE_HISTORICAL,team_match,2017-18,accurateCornersIntobox,pl_stats/Arsenal_3/events_stats/2017-18_events_stats.csv,
PL_PULSELIVE_HISTORICAL,team_match,2017-18,accurateCross,pl_stats/Arsenal_3/events_stats/2017-18_events_stats.csv,
PL_PULSELIVE_HISTORICAL,team_match,2017-18,accurateCrossNocorner,pl_stats/Arsenal_3/events_stats/2017-18_events_stats.csv,
PL_PULSELIVE_HISTORICAL,team_match,2017-18,accurateFlickOn,pl_stats/Arsenal_3/events_stats/2017-18_events_stats.csv,
PL_PULSELIVE_HISTORICAL,team_match,2017-18,accurateFreekickCross,pl_stats/Arsenal_3/events_stats/2017-18_events_stats.csv,
PL_PULSELIVE_HISTORICAL,team_match,2017-18,accurateFwdZonePass,pl_stats/Arsenal_3/events_stats/2017-18_events_stats.csv,
PL_PULSELIVE_HISTORICAL,team_match,2017-18,accurateGoalKicks,pl_stats/Arsenal_3/events_stats/2017-18_events_stats.csv,
PL_PULSELIVE_HISTORICAL,team_match,2017-18,accurateKeeperSweeper,pl_stats/Arsenal_3/events_stats/2017-18_events_stats.csv,
PL_PULSELIVE_HISTORICAL,team_match,2017-18,accurateKeeperThrows,pl_stats/Arsenal_3/events_stats/2017-18_events_stats.csv,
PL_PULSELIVE_HISTORICAL,team_match,2017-18,accurateLaunches,pl_stats/Arsenal_3/events_stats/2017-18_events_stats.csv,
PL_PULSELIVE_HISTORICAL,team_match,2017-18,accurateLayoffs,pl_stats/Arsenal_3/events_stats/2017-18_events_stats.csv,
PL_PULSELIVE_HISTORICAL,team_match,2017-18,accurateLongBalls,pl_stats/Arsenal_3/events_stats/2017-18_events_stats.csv,
PL_PULSELIVE_HISTORICAL,team_match,2017-18,accuratePass,pl_stats/Arsenal_3/events_stats/2017-18_events_stats.csv,
PL_PULSELIVE_HISTORICAL,team_match,2017-18,accuratePullBack,pl_stats/Arsenal_3/events_stats/2017-18_events_stats.csv,
PL_PULSELIVE_HISTORICAL,team_match,2017-18,accurateThroughBall,pl_stats/Arsenal_3/events_stats/2017-18_events_stats.csv,
PL_PULSELIVE_HISTORICAL,team_match,2017-18,accurateThrows,pl_stats/Arsenal_3/events_stats/2017-18_events_stats.csv,
PL_PULSELIVE_HISTORICAL,team_match,2017-18,aerialLost,pl_stats/Arsenal_3/events_stats/2017-18_events_stats.csv,
PL_PULSELIVE_HISTORICAL,team_match,2017-18,aerialWon,pl_stats/Arsenal_3/events_stats/2017-18_events_stats.csv,
PL_PULSELIVE_HISTORICAL,team_match,2017-18,attAssistOpenplay,pl_stats/Arsenal_3/events_stats/2017-18_events_stats.csv,
PL_PULSELIVE_HISTORICAL,team_match,2017-18,attAssistSetplay,pl_stats/Arsenal_3/events_stats/2017-18_events_stats.csv,
PL_PULSELIVE_HISTORICAL,team_match,2017-18,attFastbreak,pl_stats/Arsenal_3/events_stats/2017-18_events_stats.csv,
PL_PULSELIVE_HISTORICAL,team_match,2017-18,attFreekickMiss,pl_stats/Arsenal_3/events_stats/2017-18_events_stats.csv,
PL_PULSELIVE_HISTORICAL,team_match,2017-18,attFreekickTarget,pl_stats/Arsenal_3/events_stats/2017-18_events_stats.csv,
PL_PULSELIVE_HISTORICAL,team_match,2017-18,attFreekickTotal,pl_stats/Arsenal_3/events_stats/2017-18_events_stats.csv,
PL_PULSELIVE_HISTORICAL,team_match,2017-18,attObxdLeft,pl_stats/Arsenal_3/events_stats/2017-18_events_stats.csv,
PL_PULSELIVE_HISTORICAL,team_match,2017-18,attOneOnOne,pl_stats/Arsenal_3/events_stats/2017-18_events_stats.csv,
PL_PULSELIVE_HISTORICAL,team_match,2017-18,attOpenplay,pl_stats/Arsenal_3/events_stats/2017-18_events_stats.csv,
PL_PULSELIVE_HISTORICAL,team_match,2017-18,attPenGoal,pl_stats/Arsenal_3/events_stats/2017-18_events_stats.csv,
PL_PULSELIVE_HISTORICAL,team_match,2017-18,attPenTarget,pl_stats/Arsenal_3/events_stats/2017-18_events_stats.csv,
PL_PULSELIVE_HISTORICAL,team_match,2017-18,attPostHigh,pl_stats/Arsenal_3/events_stats/2017-18_events_stats.csv,
PL_PULSELIVE_HISTORICAL,team_match,2017-18,attPostLeft,pl_stats/Arsenal_3/events_stats/2017-18_events_stats.csv,
PL_PULSELIVE_HISTORICAL,team_match,2017-18,attPostRight,pl_stats/Arsenal_3/events_stats/2017-18_events_stats.csv,
PL_PULSELIVE_HISTORICAL,team_match,2017-18,attSetpiece,pl_stats/Arsenal_3/events_stats/2017-18_events_stats.csv,
PL_PULSELIVE_HISTORICAL,team_match,2017-18,attemptedTackleFoul,pl_stats/Arsenal_3/events_stats/2017-18_events_stats.csv,
PL_PULSELIVE_HISTORICAL,team_match,2017-18,attemptsConcededIbox,pl_stats/Arsenal_3/events_stats/2017-18_events_stats.csv,
PL_PULSELIVE_HISTORICAL,team_match,2017-18,attemptsConcededObox,pl_stats/Arsenal_3/events_stats/2017-18_events_stats.csv,
PL_PULSELIVE_HISTORICAL,team_match,2017-18,attemptsIbox,pl_stats/Arsenal_3/events_stats/2017-18_events_stats.csv,
PL_PULSELIVE_HISTORICAL,team_match,2017-18,attemptsObox,pl_stats/Arsenal_3/events_stats/2017-18_events_stats.csv,
PL_PULSELIVE_HISTORICAL,team_match,2017-18,attendance,pl_stats/Arsenal_3/events_stats/2017-18_events_stats.csv,
PL_PULSELIVE_HISTORICAL,team_match,2017-18,backwardPass,pl_stats/Arsenal_3/events_stats/2017-18_events_stats.csv,
PL_PULSELIVE_HISTORICAL,team_match,2017-18,ballRecovery,pl_stats/Arsenal_3/events_stats/2017-18_events_stats.csv,
PL_PULSELIVE_HISTORICAL,team_match,2017-18,bigChanceCreated,pl_stats/Arsenal_3/events_stats/2017-18_events_stats.csv,
PL_PULSELIVE_HISTORICAL,team_match,2017-18,bigChanceMissed,pl_stats/Arsenal_3/events_stats/2017-18_events_stats.csv,
PL_PULSELIVE_HISTORICAL,team_match,2017-18,bigChanceScored,pl_stats/Arsenal_3/events_stats/2017-18_events_stats.csv,
PL_PULSELIVE_HISTORICAL,team_match,2017-18,blockedCross,pl_stats/Arsenal_3/events_stats/2017-18_events_stats.csv,
PL_PULSELIVE_HISTORICAL,team_match,2017-18,blockedPass,pl_stats/Arsenal_3/events_stats/2017-18_events_stats.csv,
PL_PULSELIVE_HISTORICAL,team_match,2017-18,blockedScoringAtt,pl_stats/Arsenal_3/events_stats/2017-18_events_stats.csv,
PL_PULSELIVE_HISTORICAL,team_match,2017-18,challengeLost,pl_stats/Arsenal_3/events_stats/2017-18_events_stats.csv,
PL_PULSELIVE_HISTORICAL,team_match,2017-18,clearanceOffLine,pl_stats/Arsenal_3/events_stats/2017-18_events_stats.csv,
PL_PULSELIVE_HISTORICAL,team_match,2017-18,contentiousDecision,pl_stats/Arsenal_3/events_stats/2017-18_events_stats.csv,
PL_PULSELIVE_HISTORICAL,team_match,2017-18,cornerTaken,pl_stats/Arsenal_3/events_stats/2017-18_events_stats.csv,
PL_PULSELIVE_HISTORICAL,team_match,2017-18,crosses18yard,pl_stats/Arsenal_3/events_stats/2017-18_events_stats.csv,
PL_PULSELIVE_HISTORICAL,team_match,2017-18,crosses18yardplus,pl_stats/Arsenal_3/events_stats/2017-18_events_stats.csv,
PL_PULSELIVE_HISTORICAL,team_match,2017-18,defenderGoals,pl_stats/Arsenal_3/events_stats/2017-18_events_stats.csv,
PL_PULSELIVE_HISTORICAL,team_match,2017-18,dispossessed,pl_stats/Arsenal_3/events_stats/2017-18_events_stats.csv,
PL_PULSELIVE_HISTORICAL,team_match,2017-18,divingSave,pl_stats/Arsenal_3/events_stats/2017-18_events_stats.csv,
PL_PULSELIVE_HISTORICAL,team_match,2017-18,duelLost,pl_stats/Arsenal_3/events_stats/2017-18_events_stats.csv,
PL_PULSELIVE_HISTORICAL,team_match,2017-18,duelWon,pl_stats/Arsenal_3/events_stats/2017-18_events_stats.csv,
PL_PULSELIVE_HISTORICAL,team_match,2017-18,effectiveBlockedCross,pl_stats/Arsenal_3/events_stats/2017-18_events_stats.csv,
PL_PULSELIVE_HISTORICAL,team_match,2017-18,effectiveClearance,pl_stats/Arsenal_3/events_stats/2017-18_events_stats.csv,
PL_PULSELIVE_HISTORICAL,team_match,2017-18,effectiveHeadClearance,pl_stats/Arsenal_3/events_stats/2017-18_events_stats.csv,
PL_PULSELIVE_HISTORICAL,team_match,2017-18,errorLeadToGoal,pl_stats/Arsenal_3/events_stats/2017-18_events_stats.csv,
PL_PULSELIVE_HISTORICAL,team_match,2017-18,errorLeadToShot,pl_stats/Arsenal_3/events_stats/2017-18_events_stats.csv,
PL_PULSELIVE_HISTORICAL,team_match,2017-18,finalThirdEntries,pl_stats/Arsenal_3/events_stats/2017-18_events_stats.csv,
PL_PULSELIVE_HISTORICAL,team_match,2017-18,fkFoulLost,pl_stats/Arsenal_3/events_stats/2017-18_events_stats.csv,
PL_PULSELIVE_HISTORICAL,team_match,2017-18,fkFoulWon,pl_stats/Arsenal_3/events_stats/2017-18_events_stats.csv,
PL_PULSELIVE_HISTORICAL,team_match,2017-18,forwardGoals,pl_stats/Arsenal_3/events_stats/2017-18_events_stats.csv,
PL_PULSELIVE_HISTORICAL,team_match,2017-18,foulThrowIn,pl_stats/Arsenal_3/events_stats/2017-18_events_stats.csv,
PL_PULSELIVE_HISTORICAL,team_match,2017-18,fouledFinalThird,pl_stats/Arsenal_3/events_stats/2017-18_events_stats.csv,
PL_PULSELIVE_HISTORICAL,team_match,2017-18,freekickCross,pl_stats/Arsenal_3/events_stats/2017-18_events_stats.csv,
PL_PULSELIVE_HISTORICAL,team_match,2017-18,freekickTotal,pl_stats/Arsenal_3/events_stats/2017-18_events_stats.csv,
PL_PULSELIVE_HISTORICAL,team_match,2017-18,fwdPass,pl_stats/Arsenal_3/events_stats/2017-18_events_stats.csv,
PL_PULSELIVE_HISTORICAL,team_match,2017-18,gameweek,pl_stats/Arsenal_3/events_stats/2017-18_events_stats.csv,
PL_PULSELIVE_HISTORICAL,team_match,2017-18,goalAssist,pl_stats/Arsenal_3/events_stats/2017-18_events_stats.csv,
PL_PULSELIVE_HISTORICAL,team_match,2017-18,goalAssistDeadball,pl_stats/Arsenal_3/events_stats/2017-18_events_stats.csv,
PL_PULSELIVE_HISTORICAL,team_match,2017-18,goalAssistIntentional,pl_stats/Arsenal_3/events_stats/2017-18_events_stats.csv,
PL_PULSELIVE_HISTORICAL,team_match,2017-18,goalAssistOpenplay,pl_stats/Arsenal_3/events_stats/2017-18_events_stats.csv,
PL_PULSELIVE_HISTORICAL,team_match,2017-18,goalAssistSetplay,pl_stats/Arsenal_3/events_stats/2017-18_events_stats.csv,
PL_PULSELIVE_HISTORICAL,team_match,2017-18,goalKicks,pl_stats/Arsenal_3/events_stats/2017-18_events_stats.csv,
PL_PULSELIVE_HISTORICAL,team_match,2017-18,goalsAgainst,pl_stats/Arsenal_3/events_stats/2017-18_events_stats.csv,
PL_PULSELIVE_HISTORICAL,team_match,2017-18,goalsFor,pl_stats/Arsenal_3/events_stats/2017-18_events_stats.csv,
PL_PULSELIVE_HISTORICAL,team_match,2017-18,goalsOpenplay,pl_stats/Arsenal_3/events_stats/2017-18_events_stats.csv,
PL_PULSELIVE_HISTORICAL,team_match,2017-18,goodHighClaim,pl_stats/Arsenal_3/events_stats/2017-18_events_stats.csv,
PL_PULSELIVE_HISTORICAL,team_match,2017-18,ground,pl_stats/Arsenal_3/events_stats/2017-18_events_stats.csv,
PL_PULSELIVE_HISTORICAL,team_match,2017-18,halfTimeAgainst,pl_stats/Arsenal_3/events_stats/2017-18_events_stats.csv,
PL_PULSELIVE_HISTORICAL,team_match,2017-18,halfTimeFor,pl_stats/Arsenal_3/events_stats/2017-18_events_stats.csv,
PL_PULSELIVE_HISTORICAL,team_match,2017-18,handBall,pl_stats/Arsenal_3/events_stats/2017-18_events_stats.csv,
PL_PULSELIVE_HISTORICAL,team_match,2017-18,headClearance,pl_stats/Arsenal_3/events_stats/2017-18_events_stats.csv,
PL_PULSELIVE_HISTORICAL,team_match,2017-18,hitWoodwork,pl_stats/Arsenal_3/events_stats/2017-18_events_stats.csv,
PL_PULSELIVE_HISTORICAL,team_match,2017-18,interception,pl_stats/Arsenal_3/events_stats/2017-18_events_stats.csv,
PL_PULSELIVE_HISTORICAL,team_match,2017-18,interceptionWon,pl_stats/Arsenal_3/events_stats/2017-18_events_stats.csv,
PL_PULSELIVE_HISTORICAL,team_match,2017-18,interceptionsInBox,pl_stats/Arsenal_3/events_stats/2017-18_events_stats.csv,
PL_PULSELIVE_HISTORICAL,team_match,2017-18,keeperThrows,pl_stats/Arsenal_3/events_stats/2017-18_events_stats.csv,
PL_PULSELIVE_HISTORICAL,team_match,2017-18,kickoff,pl_stats/Arsenal_3/events_stats/2017-18_events_stats.csv,
PL_PULSELIVE_HISTORICAL,team_match,2017-18,leftsidePass,pl_stats/Arsenal_3/events_stats/2017-18_events_stats.csv,
PL_PULSELIVE_HISTORICAL,team_match,2017-18,longPassOwnToOpp,pl_stats/Arsenal_3/events_stats/2017-18_events_stats.csv,
PL_PULSELIVE_HISTORICAL,team_match,2017-18,longPassOwnToOppSuccess,pl_stats/Arsenal_3/events_stats/2017-18_events_stats.csv,
PL_PULSELIVE_HISTORICAL,team_match,2017-18,lostCorners,pl_stats/Arsenal_3/events_stats/2017-18_events_stats.csv,
PL_PULSELIVE_HISTORICAL,team_match,2017-18,matchId,pl_stats/Arsenal_3/events_stats/2017-18_events_stats.csv,
PL_PULSELIVE_HISTORICAL,team_match,2017-18,midfielderGoals,pl_stats/Arsenal_3/events_stats/2017-18_events_stats.csv,
PL_PULSELIVE_HISTORICAL,team_match,2017-18,offtargetAttAssist,pl_stats/Arsenal_3/events_stats/2017-18_events_stats.csv,
PL_PULSELIVE_HISTORICAL,team_match,2017-18,ontargetAttAssist,pl_stats/Arsenal_3/events_stats/2017-18_events_stats.csv,
PL_PULSELIVE_HISTORICAL,team_match,2017-18,ontargetScoringAtt,pl_stats/Arsenal_3/events_stats/2017-18_events_stats.csv,
PL_PULSELIVE_HISTORICAL,team_match,2017-18,openPlayPass,pl_stats/Arsenal_3/events_stats/2017-18_events_stats.csv,
PL_PULSELIVE_HISTORICAL,team_match,2017-18,opponent,pl_stats/Arsenal_3/events_stats/2017-18_events_stats.csv,
PL_PULSELIVE_HISTORICAL,team_match,2017-18,opponent_id,pl_stats/Arsenal_3/events_stats/2017-18_events_stats.csv,
PL_PULSELIVE_HISTORICAL,team_match,2017-18,outfielderBlock,pl_stats/Arsenal_3/events_stats/2017-18_events_stats.csv,
PL_PULSELIVE_HISTORICAL,team_match,2017-18,overrun,pl_stats/Arsenal_3/events_stats/2017-18_events_stats.csv,
PL_PULSELIVE_HISTORICAL,team_match,2017-18,passesLeft,pl_stats/Arsenal_3/events_stats/2017-18_events_stats.csv,
PL_PULSELIVE_HISTORICAL,team_match,2017-18,passesRight,pl_stats/Arsenal_3/events_stats/2017-18_events_stats.csv,
PL_PULSELIVE_HISTORICAL,team_match,2017-18,penAreaEntries,pl_stats/Arsenal_3/events_stats/2017-18_events_stats.csv,
PL_PULSELIVE_HISTORICAL,team_match,2017-18,penGoalsConceded,pl_stats/Arsenal_3/events_stats/2017-18_events_stats.csv,
PL_PULSELIVE_HISTORICAL,team_match,2017-18,penaltyConceded,pl_stats/Arsenal_3/events_stats/2017-18_events_stats.csv,
PL_PULSELIVE_HISTORICAL,team_match,2017-18,penaltyFaced,pl_stats/Arsenal_3/events_stats/2017-18_events_stats.csv,
PL_PULSELIVE_HISTORICAL,team_match,2017-18,penaltySave,pl_stats/Arsenal_3/events_stats/2017-18_events_stats.csv,
PL_PULSELIVE_HISTORICAL,team_match,2017-18,penaltyWon,pl_stats/Arsenal_3/events_stats/2017-18_events_stats.csv,
PL_PULSELIVE_HISTORICAL,team_match,2017-18,possLostAll,pl_stats/Arsenal_3/events_stats/2017-18_events_stats.csv,
PL_PULSELIVE_HISTORICAL,team_match,2017-18,possLostCtrl,pl_stats/Arsenal_3/events_stats/2017-18_events_stats.csv,
PL_PULSELIVE_HISTORICAL,team_match,2017-18,possWonAtt3rd,pl_stats/Arsenal_3/events_stats/2017-18_events_stats.csv,
PL_PULSELIVE_HISTORICAL,team_match,2017-18,possWonDef3rd,pl_stats/Arsenal_3/events_stats/2017-18_events_stats.csv,
PL_PULSELIVE_HISTORICAL,team_match,2017-18,possWonMid3rd,pl_stats/Arsenal_3/events_stats/2017-18_events_stats.csv,
PL_PULSELIVE_HISTORICAL,team_match,2017-18,possessionPercentage,pl_stats/Arsenal_3/events_stats/2017-18_events_stats.csv,
PL_PULSELIVE_HISTORICAL,team_match,2017-18,postScoringAtt,pl_stats/Arsenal_3/events_stats/2017-18_events_stats.csv,
PL_PULSELIVE_HISTORICAL,team_match,2017-18,ptsDroppedWinningPos,pl_stats/Arsenal_3/events_stats/2017-18_events_stats.csv,
PL_PULSELIVE_HISTORICAL,team_match,2017-18,ptsGainedLosingPos,pl_stats/Arsenal_3/events_stats/2017-18_events_stats.csv,
PL_PULSELIVE_HISTORICAL,team_match,2017-18,punches,pl_stats/Arsenal_3/events_stats/2017-18_events_stats.csv,
PL_PULSELIVE_HISTORICAL,team_match,2017-18,putThrough,pl_stats/Arsenal_3/events_stats/2017-18_events_stats.csv,
PL_PULSELIVE_HISTORICAL,team_match,2017-18,redCard,pl_stats/Arsenal_3/events_stats/2017-18_events_stats.csv,
PL_PULSELIVE_HISTORICAL,team_match,2017-18,redCardsAgainst,pl_stats/Arsenal_3/events_stats/2017-18_events_stats.csv,
PL_PULSELIVE_HISTORICAL,team_match,2017-18,redCardsFor,pl_stats/Arsenal_3/events_stats/2017-18_events_stats.csv,
PL_PULSELIVE_HISTORICAL,team_match,2017-18,result,pl_stats/Arsenal_3/events_stats/2017-18_events_stats.csv,
PL_PULSELIVE_HISTORICAL,team_match,2017-18,rightsidePass,pl_stats/Arsenal_3/events_stats/2017-18_events_stats.csv,
PL_PULSELIVE_HISTORICAL,team_match,2017-18,savedIbox,pl_stats/Arsenal_3/events_stats/2017-18_events_stats.csv,
PL_PULSELIVE_HISTORICAL,team_match,2017-18,savedObox,pl_stats/Arsenal_3/events_stats/2017-18_events_stats.csv,
PL_PULSELIVE_HISTORICAL,team_match,2017-18,saves,pl_stats/Arsenal_3/events_stats/2017-18_events_stats.csv,
PL_PULSELIVE_HISTORICAL,team_match,2017-18,shieldBallOop,pl_stats/Arsenal_3/events_stats/2017-18_events_stats.csv,
PL_PULSELIVE_HISTORICAL,team_match,2017-18,shotFastbreak,pl_stats/Arsenal_3/events_stats/2017-18_events_stats.csv,
PL_PULSELIVE_HISTORICAL,team_match,2017-18,shotOffTarget,pl_stats/Arsenal_3/events_stats/2017-18_events_stats.csv,
PL_PULSELIVE_HISTORICAL,team_match,2017-18,sixYardBlock,pl_stats/Arsenal_3/events_stats/2017-18_events_stats.csv,
PL_PULSELIVE_HISTORICAL,team_match,2017-18,subsMade,pl_stats/Arsenal_3/events_stats/2017-18_events_stats.csv,
PL_PULSELIVE_HISTORICAL,team_match,2017-18,successfulFinalThirdPasses,pl_stats/Arsenal_3/events_stats/2017-18_events_stats.csv,
PL_PULSELIVE_HISTORICAL,team_match,2017-18,successfulOpenPlayPass,pl_stats/Arsenal_3/events_stats/2017-18_events_stats.csv,
PL_PULSELIVE_HISTORICAL,team_match,2017-18,successfulPutThrough,pl_stats/Arsenal_3/events_stats/2017-18_events_stats.csv,
PL_PULSELIVE_HISTORICAL,team_match,2017-18,team,pl_stats/Arsenal_3/events_stats/2017-18_events_stats.csv,
PL_PULSELIVE_HISTORICAL,team_match,2017-18,team_id,pl_stats/Arsenal_3/events_stats/2017-18_events_stats.csv,
PL_PULSELIVE_HISTORICAL,team_match,2017-18,totalAttAssist,pl_stats/Arsenal_3/events_stats/2017-18_events_stats.csv,
PL_PULSELIVE_HISTORICAL,team_match,2017-18,totalBackZonePass,pl_stats/Arsenal_3/events_stats/2017-18_events_stats.csv,
PL_PULSELIVE_HISTORICAL,team_match,2017-18,totalChippedPass,pl_stats/Arsenal_3/events_stats/2017-18_events_stats.csv,
PL_PULSELIVE_HISTORICAL,team_match,2017-18,totalClearance,pl_stats/Arsenal_3/events_stats/2017-18_events_stats.csv,
PL_PULSELIVE_HISTORICAL,team_match,2017-18,totalContest,pl_stats/Arsenal_3/events_stats/2017-18_events_stats.csv,
PL_PULSELIVE_HISTORICAL,team_match,2017-18,totalCornersIntobox,pl_stats/Arsenal_3/events_stats/2017-18_events_stats.csv,
PL_PULSELIVE_HISTORICAL,team_match,2017-18,totalCross,pl_stats/Arsenal_3/events_stats/2017-18_events_stats.csv,
PL_PULSELIVE_HISTORICAL,team_match,2017-18,totalCrossNocorner,pl_stats/Arsenal_3/events_stats/2017-18_events_stats.csv,
PL_PULSELIVE_HISTORICAL,team_match,2017-18,totalFastbreak,pl_stats/Arsenal_3/events_stats/2017-18_events_stats.csv,
PL_PULSELIVE_HISTORICAL,team_match,2017-18,totalFinalThirdPasses,pl_stats/Arsenal_3/events_stats/2017-18_events_stats.csv,
PL_PULSELIVE_HISTORICAL,team_match,2017-18,totalFlickOn,pl_stats/Arsenal_3/events_stats/2017-18_events_stats.csv,
PL_PULSELIVE_HISTORICAL,team_match,2017-18,totalFwdZonePass,pl_stats/Arsenal_3/events_stats/2017-18_events_stats.csv,
PL_PULSELIVE_HISTORICAL,team_match,2017-18,totalHighClaim,pl_stats/Arsenal_3/events_stats/2017-18_events_stats.csv,
PL_PULSELIVE_HISTORICAL,team_match,2017-18,totalKeeperSweeper,pl_stats/Arsenal_3/events_stats/2017-18_events_stats.csv,
PL_PULSELIVE_HISTORICAL,team_match,2017-18,totalLaunches,pl_stats/Arsenal_3/events_stats/2017-18_events_stats.csv,
PL_PULSELIVE_HISTORICAL,team_match,2017-18,totalLayoffs,pl_stats/Arsenal_3/events_stats/2017-18_events_stats.csv,
PL_PULSELIVE_HISTORICAL,team_match,2017-18,totalLongBalls,pl_stats/Arsenal_3/events_stats/2017-18_events_stats.csv,
PL_PULSELIVE_HISTORICAL,team_match,2017-18,totalOffside,pl_stats/Arsenal_3/events_stats/2017-18_events_stats.csv,
PL_PULSELIVE_HISTORICAL,team_match,2017-18,totalPass,pl_stats/Arsenal_3/events_stats/2017-18_events_stats.csv,
PL_PULSELIVE_HISTORICAL,team_match,2017-18,totalPullBack,pl_stats/Arsenal_3/events_stats/2017-18_events_stats.csv,
PL_PULSELIVE_HISTORICAL,team_match,2017-18,totalRedCard,pl_stats/Arsenal_3/events_stats/2017-18_events_stats.csv,
PL_PULSELIVE_HISTORICAL,team_match,2017-18,totalScoringAtt,pl_stats/Arsenal_3/events_stats/2017-18_events_stats.csv,
PL_PULSELIVE_HISTORICAL,team_match,2017-18,totalTackle,pl_stats/Arsenal_3/events_stats/2017-18_events_stats.csv,
PL_PULSELIVE_HISTORICAL,team_match,2017-18,totalThroughBall,pl_stats/Arsenal_3/events_stats/2017-18_events_stats.csv,
PL_PULSELIVE_HISTORICAL,team_match,2017-18,totalThrows,pl_stats/Arsenal_3/events_stats/2017-18_events_stats.csv,
PL_PULSELIVE_HISTORICAL,team_match,2017-18,totalYelCard,pl_stats/Arsenal_3/events_stats/2017-18_events_stats.csv,
PL_PULSELIVE_HISTORICAL,team_match,2017-18,touches,pl_stats/Arsenal_3/events_stats/2017-18_events_stats.csv,
PL_PULSELIVE_HISTORICAL,team_match,2017-18,touchesInOppBox,pl_stats/Arsenal_3/events_stats/2017-18_events_stats.csv,
PL_PULSELIVE_HISTORICAL,team_match,2017-18,unsuccessfulTouch,pl_stats/Arsenal_3/events_stats/2017-18_events_stats.csv,
PL_PULSELIVE_HISTORICAL,team_match,2017-18,venue,pl_stats/Arsenal_3/events_stats/2017-18_events_stats.csv,
PL_PULSELIVE_HISTORICAL,team_match,2017-18,wonContest,pl_stats/Arsenal_3/events_stats/2017-18_events_stats.csv,
PL_PULSELIVE_HISTORICAL,team_match,2017-18,wonCorners,pl_stats/Arsenal_3/events_stats/2017-18_events_stats.csv,
PL_PULSELIVE_HISTORICAL,team_match,2017-18,wonTackle,pl_stats/Arsenal_3/events_stats/2017-18_events_stats.csv,
PL_PULSELIVE_HISTORICAL,team_match,2017-18,yellowCard,pl_stats/Arsenal_3/events_stats/2017-18_events_stats.csv,
PL_PULSELIVE_HISTORICAL,team_match,2018-19,accurateBackZonePass,pl_stats/Arsenal_3/events_stats/2018-19_events_stats.csv,
PL_PULSELIVE_HISTORICAL,team_match,2018-19,accurateChippedPass,pl_stats/Arsenal_3/events_stats/2018-19_events_stats.csv,
PL_PULSELIVE_HISTORICAL,team_match,2018-19,accurateCornersIntobox,pl_stats/Arsenal_3/events_stats/2018-19_events_stats.csv,
PL_PULSELIVE_HISTORICAL,team_match,2018-19,accurateCross,pl_stats/Arsenal_3/events_stats/2018-19_events_stats.csv,
PL_PULSELIVE_HISTORICAL,team_match,2018-19,accurateCrossNocorner,pl_stats/Arsenal_3/events_stats/2018-19_events_stats.csv,
PL_PULSELIVE_HISTORICAL,team_match,2018-19,accurateFlickOn,pl_stats/Arsenal_3/events_stats/2018-19_events_stats.csv,
PL_PULSELIVE_HISTORICAL,team_match,2018-19,accurateFreekickCross,pl_stats/Arsenal_3/events_stats/2018-19_events_stats.csv,
PL_PULSELIVE_HISTORICAL,team_match,2018-19,accurateFwdZonePass,pl_stats/Arsenal_3/events_stats/2018-19_events_stats.csv,
PL_PULSELIVE_HISTORICAL,team_match,2018-19,accurateGoalKicks,pl_stats/Arsenal_3/events_stats/2018-19_events_stats.csv,
PL_PULSELIVE_HISTORICAL,team_match,2018-19,accurateKeeperSweeper,pl_stats/Arsenal_3/events_stats/2018-19_events_stats.csv,
PL_PULSELIVE_HISTORICAL,team_match,2018-19,accurateKeeperThrows,pl_stats/Arsenal_3/events_stats/2018-19_events_stats.csv,
PL_PULSELIVE_HISTORICAL,team_match,2018-19,accurateLaunches,pl_stats/Arsenal_3/events_stats/2018-19_events_stats.csv,
PL_PULSELIVE_HISTORICAL,team_match,2018-19,accurateLayoffs,pl_stats/Arsenal_3/events_stats/2018-19_events_stats.csv,
PL_PULSELIVE_HISTORICAL,team_match,2018-19,accurateLongBalls,pl_stats/Arsenal_3/events_stats/2018-19_events_stats.csv,
PL_PULSELIVE_HISTORICAL,team_match,2018-19,accuratePass,pl_stats/Arsenal_3/events_stats/2018-19_events_stats.csv,
PL_PULSELIVE_HISTORICAL,team_match,2018-19,accuratePullBack,pl_stats/Arsenal_3/events_stats/2018-19_events_stats.csv,
PL_PULSELIVE_HISTORICAL,team_match,2018-19,accurateThroughBall,pl_stats/Arsenal_3/events_stats/2018-19_events_stats.csv,
PL_PULSELIVE_HISTORICAL,team_match,2018-19,accurateThrows,pl_stats/Arsenal_3/events_stats/2018-19_events_stats.csv,
PL_PULSELIVE_HISTORICAL,team_match,2018-19,aerialLost,pl_stats/Arsenal_3/events_stats/2018-19_events_stats.csv,
PL_PULSELIVE_HISTORICAL,team_match,2018-19,aerialWon,pl_stats/Arsenal_3/events_stats/2018-19_events_stats.csv,
PL_PULSELIVE_HISTORICAL,team_match,2018-19,attAssistOpenplay,pl_stats/Arsenal_3/events_stats/2018-19_events_stats.csv,
PL_PULSELIVE_HISTORICAL,team_match,2018-19,attAssistSetplay,pl_stats/Arsenal_3/events_stats/2018-19_events_stats.csv,
PL_PULSELIVE_HISTORICAL,team_match,2018-19,attCorner,pl_stats/Arsenal_3/events_stats/2018-19_events_stats.csv,
PL_PULSELIVE_HISTORICAL,team_match,2018-19,attFastbreak,pl_stats/Arsenal_3/events_stats/2018-19_events_stats.csv,
PL_PULSELIVE_HISTORICAL,team_match,2018-19,attFreekickGoal,pl_stats/Arsenal_3/events_stats/2018-19_events_stats.csv,
PL_PULSELIVE_HISTORICAL,team_match,2018-19,attFreekickMiss,pl_stats/Arsenal_3/events_stats/2018-19_events_stats.csv,
PL_PULSELIVE_HISTORICAL,team_match,2018-19,attFreekickTarget,pl_stats/Arsenal_3/events_stats/2018-19_events_stats.csv,
PL_PULSELIVE_HISTORICAL,team_match,2018-19,attFreekickTotal,pl_stats/Arsenal_3/events_stats/2018-19_events_stats.csv,
PL_PULSELIVE_HISTORICAL,team_match,2018-19,attIboxOwnGoal,pl_stats/Arsenal_3/events_stats/2018-19_events_stats.csv,
PL_PULSELIVE_HISTORICAL,team_match,2018-19,attObxdLeft,pl_stats/Arsenal_3/events_stats/2018-19_events_stats.csv,
PL_PULSELIVE_HISTORICAL,team_match,2018-19,attObxdRight,pl_stats/Arsenal_3/events_stats/2018-19_events_stats.csv,
PL_PULSELIVE_HISTORICAL,team_match,2018-19,attOneOnOne,pl_stats/Arsenal_3/events_stats/2018-19_events_stats.csv,
PL_PULSELIVE_HISTORICAL,team_match,2018-19,attOpenplay,pl_stats/Arsenal_3/events_stats/2018-19_events_stats.csv,
PL_PULSELIVE_HISTORICAL,team_match,2018-19,attPenGoal,pl_stats/Arsenal_3/events_stats/2018-19_events_stats.csv,
PL_PULSELIVE_HISTORICAL,team_match,2018-19,attPenTarget,pl_stats/Arsenal_3/events_stats/2018-19_events_stats.csv,
PL_PULSELIVE_HISTORICAL,team_match,2018-19,attPostLeft,pl_stats/Arsenal_3/events_stats/2018-19_events_stats.csv,
PL_PULSELIVE_HISTORICAL,team_match,2018-19,attPostRight,pl_stats/Arsenal_3/events_stats/2018-19_events_stats.csv,
PL_PULSELIVE_HISTORICAL,team_match,2018-19,attSetpiece,pl_stats/Arsenal_3/events_stats/2018-19_events_stats.csv,
PL_PULSELIVE_HISTORICAL,team_match,2018-19,attemptedTackleFoul,pl_stats/Arsenal_3/events_stats/2018-19_events_stats.csv,
PL_PULSELIVE_HISTORICAL,team_match,2018-19,attemptsConcededIbox,pl_stats/Arsenal_3/events_stats/2018-19_events_stats.csv,
PL_PULSELIVE_HISTORICAL,team_match,2018-19,attemptsConcededObox,pl_stats/Arsenal_3/events_stats/2018-19_events_stats.csv,
PL_PULSELIVE_HISTORICAL,team_match,2018-19,attemptsIbox,pl_stats/Arsenal_3/events_stats/2018-19_events_stats.csv,
PL_PULSELIVE_HISTORICAL,team_match,2018-19,attemptsObox,pl_stats/Arsenal_3/events_stats/2018-19_events_stats.csv,
PL_PULSELIVE_HISTORICAL,team_match,2018-19,attendance,pl_stats/Arsenal_3/events_stats/2018-19_events_stats.csv,
PL_PULSELIVE_HISTORICAL,team_match,2018-19,backwardPass,pl_stats/Arsenal_3/events_stats/2018-19_events_stats.csv,
PL_PULSELIVE_HISTORICAL,team_match,2018-19,ballRecovery,pl_stats/Arsenal_3/events_stats/2018-19_events_stats.csv,
PL_PULSELIVE_HISTORICAL,team_match,2018-19,bigChanceCreated,pl_stats/Arsenal_3/events_stats/2018-19_events_stats.csv,
PL_PULSELIVE_HISTORICAL,team_match,2018-19,bigChanceMissed,pl_stats/Arsenal_3/events_stats/2018-19_events_stats.csv,
PL_PULSELIVE_HISTORICAL,team_match,2018-19,bigChanceScored,pl_stats/Arsenal_3/events_stats/2018-19_events_stats.csv,
PL_PULSELIVE_HISTORICAL,team_match,2018-19,blockedCross,pl_stats/Arsenal_3/events_stats/2018-19_events_stats.csv,
PL_PULSELIVE_HISTORICAL,team_match,2018-19,blockedPass,pl_stats/Arsenal_3/events_stats/2018-19_events_stats.csv,
PL_PULSELIVE_HISTORICAL,team_match,2018-19,blockedScoringAtt,pl_stats/Arsenal_3/events_stats/2018-19_events_stats.csv,
PL_PULSELIVE_HISTORICAL,team_match,2018-19,challengeLost,pl_stats/Arsenal_3/events_stats/2018-19_events_stats.csv,
PL_PULSELIVE_HISTORICAL,team_match,2018-19,clearanceOffLine,pl_stats/Arsenal_3/events_stats/2018-19_events_stats.csv,
PL_PULSELIVE_HISTORICAL,team_match,2018-19,contentiousDecision,pl_stats/Arsenal_3/events_stats/2018-19_events_stats.csv,
PL_PULSELIVE_HISTORICAL,team_match,2018-19,cornerTaken,pl_stats/Arsenal_3/events_stats/2018-19_events_stats.csv,
PL_PULSELIVE_HISTORICAL,team_match,2018-19,crosses18yard,pl_stats/Arsenal_3/events_stats/2018-19_events_stats.csv,
PL_PULSELIVE_HISTORICAL,team_match,2018-19,crosses18yardplus,pl_stats/Arsenal_3/events_stats/2018-19_events_stats.csv,
PL_PULSELIVE_HISTORICAL,team_match,2018-19,defenderGoals,pl_stats/Arsenal_3/events_stats/2018-19_events_stats.csv,
PL_PULSELIVE_HISTORICAL,team_match,2018-19,dispossessed,pl_stats/Arsenal_3/events_stats/2018-19_events_stats.csv,
PL_PULSELIVE_HISTORICAL,team_match,2018-19,divingSave,pl_stats/Arsenal_3/events_stats/2018-19_events_stats.csv,
PL_PULSELIVE_HISTORICAL,team_match,2018-19,duelLost,pl_stats/Arsenal_3/events_stats/2018-19_events_stats.csv,
PL_PULSELIVE_HISTORICAL,team_match,2018-19,duelWon,pl_stats/Arsenal_3/events_stats/2018-19_events_stats.csv,
PL_PULSELIVE_HISTORICAL,team_match,2018-19,effectiveBlockedCross,pl_stats/Arsenal_3/events_stats/2018-19_events_stats.csv,
PL_PULSELIVE_HISTORICAL,team_match,2018-19,effectiveClearance,pl_stats/Arsenal_3/events_stats/2018-19_events_stats.csv,
PL_PULSELIVE_HISTORICAL,team_match,2018-19,effectiveHeadClearance,pl_stats/Arsenal_3/events_stats/2018-19_events_stats.csv,
PL_PULSELIVE_HISTORICAL,team_match,2018-19,errorLeadToGoal,pl_stats/Arsenal_3/events_stats/2018-19_events_stats.csv,
PL_PULSELIVE_HISTORICAL,team_match,2018-19,errorLeadToShot,pl_stats/Arsenal_3/events_stats/2018-19_events_stats.csv,
PL_PULSELIVE_HISTORICAL,team_match,2018-19,expectedAssists,pl_stats/Arsenal_3/events_stats/2018-19_events_stats.csv,
PL_PULSELIVE_HISTORICAL,team_match,2018-19,expectedGoals,pl_stats/Arsenal_3/events_stats/2018-19_events_stats.csv,
PL_PULSELIVE_HISTORICAL,team_match,2018-19,expectedGoalsOnTarget,pl_stats/Arsenal_3/events_stats/2018-19_events_stats.csv,
PL_PULSELIVE_HISTORICAL,team_match,2018-19,expectedGoalsOnTargetConceded,pl_stats/Arsenal_3/events_stats/2018-19_events_stats.csv,
PL_PULSELIVE_HISTORICAL,team_match,2018-19,finalThirdEntries,pl_stats/Arsenal_3/events_stats/2018-19_events_stats.csv,
PL_PULSELIVE_HISTORICAL,team_match,2018-19,fkFoulLost,pl_stats/Arsenal_3/events_stats/2018-19_events_stats.csv,
PL_PULSELIVE_HISTORICAL,team_match,2018-19,fkFoulWon,pl_stats/Arsenal_3/events_stats/2018-19_events_stats.csv,
PL_PULSELIVE_HISTORICAL,team_match,2018-19,forwardGoals,pl_stats/Arsenal_3/events_stats/2018-19_events_stats.csv,
PL_PULSELIVE_HISTORICAL,team_match,2018-19,foulThrowIn,pl_stats/Arsenal_3/events_stats/2018-19_events_stats.csv,
PL_PULSELIVE_HISTORICAL,team_match,2018-19,fouledFinalThird,pl_stats/Arsenal_3/events_stats/2018-19_events_stats.csv,
PL_PULSELIVE_HISTORICAL,team_match,2018-19,freekickCross,pl_stats/Arsenal_3/events_stats/2018-19_events_stats.csv,
PL_PULSELIVE_HISTORICAL,team_match,2018-19,freekickTotal,pl_stats/Arsenal_3/events_stats/2018-19_events_stats.csv,
PL_PULSELIVE_HISTORICAL,team_match,2018-19,fwdPass,pl_stats/Arsenal_3/events_stats/2018-19_events_stats.csv,
PL_PULSELIVE_HISTORICAL,team_match,2018-19,gameweek,pl_stats/Arsenal_3/events_stats/2018-19_events_stats.csv,
PL_PULSELIVE_HISTORICAL,team_match,2018-19,goalAssist,pl_stats/Arsenal_3/events_stats/2018-19_events_stats.csv,
PL_PULSELIVE_HISTORICAL,team_match,2018-19,goalAssistDeadball,pl_stats/Arsenal_3/events_stats/2018-19_events_stats.csv,
PL_PULSELIVE_HISTORICAL,team_match,2018-19,goalAssistIntentional,pl_stats/Arsenal_3/events_stats/2018-19_events_stats.csv,
PL_PULSELIVE_HISTORICAL,team_match,2018-19,goalAssistOpenplay,pl_stats/Arsenal_3/events_stats/2018-19_events_stats.csv,
PL_PULSELIVE_HISTORICAL,team_match,2018-19,goalAssistSetplay,pl_stats/Arsenal_3/events_stats/2018-19_events_stats.csv,
PL_PULSELIVE_HISTORICAL,team_match,2018-19,goalFastbreak,pl_stats/Arsenal_3/events_stats/2018-19_events_stats.csv,
PL_PULSELIVE_HISTORICAL,team_match,2018-19,goalKicks,pl_stats/Arsenal_3/events_stats/2018-19_events_stats.csv,
PL_PULSELIVE_HISTORICAL,team_match,2018-19,goalsAgainst,pl_stats/Arsenal_3/events_stats/2018-19_events_stats.csv,
PL_PULSELIVE_HISTORICAL,team_match,2018-19,goalsFor,pl_stats/Arsenal_3/events_stats/2018-19_events_stats.csv,
PL_PULSELIVE_HISTORICAL,team_match,2018-19,goalsOpenplay,pl_stats/Arsenal_3/events_stats/2018-19_events_stats.csv,
PL_PULSELIVE_HISTORICAL,team_match,2018-19,goodHighClaim,pl_stats/Arsenal_3/events_stats/2018-19_events_stats.csv,
PL_PULSELIVE_HISTORICAL,team_match,2018-19,ground,pl_stats/Arsenal_3/events_stats/2018-19_events_stats.csv,
PL_PULSELIVE_HISTORICAL,team_match,2018-19,halfTimeAgainst,pl_stats/Arsenal_3/events_stats/2018-19_events_stats.csv,
PL_PULSELIVE_HISTORICAL,team_match,2018-19,halfTimeFor,pl_stats/Arsenal_3/events_stats/2018-19_events_stats.csv,
PL_PULSELIVE_HISTORICAL,team_match,2018-19,handBall,pl_stats/Arsenal_3/events_stats/2018-19_events_stats.csv,
PL_PULSELIVE_HISTORICAL,team_match,2018-19,headClearance,pl_stats/Arsenal_3/events_stats/2018-19_events_stats.csv,
PL_PULSELIVE_HISTORICAL,team_match,2018-19,hitWoodwork,pl_stats/Arsenal_3/events_stats/2018-19_events_stats.csv,
PL_PULSELIVE_HISTORICAL,team_match,2018-19,interception,pl_stats/Arsenal_3/events_stats/2018-19_events_stats.csv,
PL_PULSELIVE_HISTORICAL,team_match,2018-19,interceptionWon,pl_stats/Arsenal_3/events_stats/2018-19_events_stats.csv,
PL_PULSELIVE_HISTORICAL,team_match,2018-19,interceptionsInBox,pl_stats/Arsenal_3/events_stats/2018-19_events_stats.csv,
PL_PULSELIVE_HISTORICAL,team_match,2018-19,keeperThrows,pl_stats/Arsenal_3/events_stats/2018-19_events_stats.csv,
PL_PULSELIVE_HISTORICAL,team_match,2018-19,kickoff,pl_stats/Arsenal_3/events_stats/2018-19_events_stats.csv,
PL_PULSELIVE_HISTORICAL,team_match,2018-19,leftsidePass,pl_stats/Arsenal_3/events_stats/2018-19_events_stats.csv,
PL_PULSELIVE_HISTORICAL,team_match,2018-19,longPassOwnToOpp,pl_stats/Arsenal_3/events_stats/2018-19_events_stats.csv,
PL_PULSELIVE_HISTORICAL,team_match,2018-19,longPassOwnToOppSuccess,pl_stats/Arsenal_3/events_stats/2018-19_events_stats.csv,
PL_PULSELIVE_HISTORICAL,team_match,2018-19,lostCorners,pl_stats/Arsenal_3/events_stats/2018-19_events_stats.csv,
PL_PULSELIVE_HISTORICAL,team_match,2018-19,matchId,pl_stats/Arsenal_3/events_stats/2018-19_events_stats.csv,
PL_PULSELIVE_HISTORICAL,team_match,2018-19,midfielderGoals,pl_stats/Arsenal_3/events_stats/2018-19_events_stats.csv,
PL_PULSELIVE_HISTORICAL,team_match,2018-19,offtargetAttAssist,pl_stats/Arsenal_3/events_stats/2018-19_events_stats.csv,
PL_PULSELIVE_HISTORICAL,team_match,2018-19,ontargetAttAssist,pl_stats/Arsenal_3/events_stats/2018-19_events_stats.csv,
PL_PULSELIVE_HISTORICAL,team_match,2018-19,ontargetScoringAtt,pl_stats/Arsenal_3/events_stats/2018-19_events_stats.csv,
PL_PULSELIVE_HISTORICAL,team_match,2018-19,openPlayPass,pl_stats/Arsenal_3/events_stats/2018-19_events_stats.csv,
PL_PULSELIVE_HISTORICAL,team_match,2018-19,opponent,pl_stats/Arsenal_3/events_stats/2018-19_events_stats.csv,
PL_PULSELIVE_HISTORICAL,team_match,2018-19,opponent_id,pl_stats/Arsenal_3/events_stats/2018-19_events_stats.csv,
PL_PULSELIVE_HISTORICAL,team_match,2018-19,outfielderBlock,pl_stats/Arsenal_3/events_stats/2018-19_events_stats.csv,
PL_PULSELIVE_HISTORICAL,team_match,2018-19,overrun,pl_stats/Arsenal_3/events_stats/2018-19_events_stats.csv,
PL_PULSELIVE_HISTORICAL,team_match,2018-19,ownGoals,pl_stats/Arsenal_3/events_stats/2018-19_events_stats.csv,
PL_PULSELIVE_HISTORICAL,team_match,2018-19,passesLeft,pl_stats/Arsenal_3/events_stats/2018-19_events_stats.csv,
PL_PULSELIVE_HISTORICAL,team_match,2018-19,passesRight,pl_stats/Arsenal_3/events_stats/2018-19_events_stats.csv,
PL_PULSELIVE_HISTORICAL,team_match,2018-19,penAreaEntries,pl_stats/Arsenal_3/events_stats/2018-19_events_stats.csv,
PL_PULSELIVE_HISTORICAL,team_match,2018-19,penGoalsConceded,pl_stats/Arsenal_3/events_stats/2018-19_events_stats.csv,
PL_PULSELIVE_HISTORICAL,team_match,2018-19,penaltyConceded,pl_stats/Arsenal_3/events_stats/2018-19_events_stats.csv,
PL_PULSELIVE_HISTORICAL,team_match,2018-19,penaltyFaced,pl_stats/Arsenal_3/events_stats/2018-19_events_stats.csv,
PL_PULSELIVE_HISTORICAL,team_match,2018-19,penaltyWon,pl_stats/Arsenal_3/events_stats/2018-19_events_stats.csv,
PL_PULSELIVE_HISTORICAL,team_match,2018-19,possLostAll,pl_stats/Arsenal_3/events_stats/2018-19_events_stats.csv,
PL_PULSELIVE_HISTORICAL,team_match,2018-19,possLostCtrl,pl_stats/Arsenal_3/events_stats/2018-19_events_stats.csv,
PL_PULSELIVE_HISTORICAL,team_match,2018-19,possWonAtt3rd,pl_stats/Arsenal_3/events_stats/2018-19_events_stats.csv,
PL_PULSELIVE_HISTORICAL,team_match,2018-19,possWonDef3rd,pl_stats/Arsenal_3/events_stats/2018-19_events_stats.csv,
PL_PULSELIVE_HISTORICAL,team_match,2018-19,possWonMid3rd,pl_stats/Arsenal_3/events_stats/2018-19_events_stats.csv,
PL_PULSELIVE_HISTORICAL,team_match,2018-19,possessionPercentage,pl_stats/Arsenal_3/events_stats/2018-19_events_stats.csv,
PL_PULSELIVE_HISTORICAL,team_match,2018-19,postScoringAtt,pl_stats/Arsenal_3/events_stats/2018-19_events_stats.csv,
PL_PULSELIVE_HISTORICAL,team_match,2018-19,ptsDroppedWinningPos,pl_stats/Arsenal_3/events_stats/2018-19_events_stats.csv,
PL_PULSELIVE_HISTORICAL,team_match,2018-19,ptsGainedLosingPos,pl_stats/Arsenal_3/events_stats/2018-19_events_stats.csv,
PL_PULSELIVE_HISTORICAL,team_match,2018-19,punches,pl_stats/Arsenal_3/events_stats/2018-19_events_stats.csv,
PL_PULSELIVE_HISTORICAL,team_match,2018-19,putThrough,pl_stats/Arsenal_3/events_stats/2018-19_events_stats.csv,
PL_PULSELIVE_HISTORICAL,team_match,2018-19,redCard,pl_stats/Arsenal_3/events_stats/2018-19_events_stats.csv,
PL_PULSELIVE_HISTORICAL,team_match,2018-19,redCardsAgainst,pl_stats/Arsenal_3/events_stats/2018-19_events_stats.csv,
PL_PULSELIVE_HISTORICAL,team_match,2018-19,redCardsFor,pl_stats/Arsenal_3/events_stats/2018-19_events_stats.csv,
PL_PULSELIVE_HISTORICAL,team_match,2018-19,result,pl_stats/Arsenal_3/events_stats/2018-19_events_stats.csv,
PL_PULSELIVE_HISTORICAL,team_match,2018-19,rightsidePass,pl_stats/Arsenal_3/events_stats/2018-19_events_stats.csv,
PL_PULSELIVE_HISTORICAL,team_match,2018-19,savedIbox,pl_stats/Arsenal_3/events_stats/2018-19_events_stats.csv,
PL_PULSELIVE_HISTORICAL,team_match,2018-19,savedObox,pl_stats/Arsenal_3/events_stats/2018-19_events_stats.csv,
PL_PULSELIVE_HISTORICAL,team_match,2018-19,saves,pl_stats/Arsenal_3/events_stats/2018-19_events_stats.csv,
PL_PULSELIVE_HISTORICAL,team_match,2018-19,secondYellow,pl_stats/Arsenal_3/events_stats/2018-19_events_stats.csv,
PL_PULSELIVE_HISTORICAL,team_match,2018-19,shieldBallOop,pl_stats/Arsenal_3/events_stats/2018-19_events_stats.csv,
PL_PULSELIVE_HISTORICAL,team_match,2018-19,shotFastbreak,pl_stats/Arsenal_3/events_stats/2018-19_events_stats.csv,
PL_PULSELIVE_HISTORICAL,team_match,2018-19,shotOffTarget,pl_stats/Arsenal_3/events_stats/2018-19_events_stats.csv,
PL_PULSELIVE_HISTORICAL,team_match,2018-19,sixYardBlock,pl_stats/Arsenal_3/events_stats/2018-19_events_stats.csv,
PL_PULSELIVE_HISTORICAL,team_match,2018-19,subsGoals,pl_stats/Arsenal_3/events_stats/2018-19_events_stats.csv,
PL_PULSELIVE_HISTORICAL,team_match,2018-19,subsMade,pl_stats/Arsenal_3/events_stats/2018-19_events_stats.csv,
PL_PULSELIVE_HISTORICAL,team_match,2018-19,successfulFinalThirdPasses,pl_stats/Arsenal_3/events_stats/2018-19_events_stats.csv,
PL_PULSELIVE_HISTORICAL,team_match,2018-19,successfulOpenPlayPass,pl_stats/Arsenal_3/events_stats/2018-19_events_stats.csv,
PL_PULSELIVE_HISTORICAL,team_match,2018-19,successfulPutThrough,pl_stats/Arsenal_3/events_stats/2018-19_events_stats.csv,
PL_PULSELIVE_HISTORICAL,team_match,2018-19,team,pl_stats/Arsenal_3/events_stats/2018-19_events_stats.csv,
PL_PULSELIVE_HISTORICAL,team_match,2018-19,team_id,pl_stats/Arsenal_3/events_stats/2018-19_events_stats.csv,
PL_PULSELIVE_HISTORICAL,team_match,2018-19,totalAttAssist,pl_stats/Arsenal_3/events_stats/2018-19_events_stats.csv,
PL_PULSELIVE_HISTORICAL,team_match,2018-19,totalBackZonePass,pl_stats/Arsenal_3/events_stats/2018-19_events_stats.csv,
PL_PULSELIVE_HISTORICAL,team_match,2018-19,totalChippedPass,pl_stats/Arsenal_3/events_stats/2018-19_events_stats.csv,
PL_PULSELIVE_HISTORICAL,team_match,2018-19,totalClearance,pl_stats/Arsenal_3/events_stats/2018-19_events_stats.csv,
PL_PULSELIVE_HISTORICAL,team_match,2018-19,totalContest,pl_stats/Arsenal_3/events_stats/2018-19_events_stats.csv,
PL_PULSELIVE_HISTORICAL,team_match,2018-19,totalCornersIntobox,pl_stats/Arsenal_3/events_stats/2018-19_events_stats.csv,
PL_PULSELIVE_HISTORICAL,team_match,2018-19,totalCross,pl_stats/Arsenal_3/events_stats/2018-19_events_stats.csv,
PL_PULSELIVE_HISTORICAL,team_match,2018-19,totalCrossNocorner,pl_stats/Arsenal_3/events_stats/2018-19_events_stats.csv,
PL_PULSELIVE_HISTORICAL,team_match,2018-19,totalFastbreak,pl_stats/Arsenal_3/events_stats/2018-19_events_stats.csv,
PL_PULSELIVE_HISTORICAL,team_match,2018-19,totalFinalThirdPasses,pl_stats/Arsenal_3/events_stats/2018-19_events_stats.csv,
PL_PULSELIVE_HISTORICAL,team_match,2018-19,totalFlickOn,pl_stats/Arsenal_3/events_stats/2018-19_events_stats.csv,
PL_PULSELIVE_HISTORICAL,team_match,2018-19,totalFwdZonePass,pl_stats/Arsenal_3/events_stats/2018-19_events_stats.csv,
PL_PULSELIVE_HISTORICAL,team_match,2018-19,totalHighClaim,pl_stats/Arsenal_3/events_stats/2018-19_events_stats.csv,
PL_PULSELIVE_HISTORICAL,team_match,2018-19,totalKeeperSweeper,pl_stats/Arsenal_3/events_stats/2018-19_events_stats.csv,
PL_PULSELIVE_HISTORICAL,team_match,2018-19,totalLaunches,pl_stats/Arsenal_3/events_stats/2018-19_events_stats.csv,
PL_PULSELIVE_HISTORICAL,team_match,2018-19,totalLayoffs,pl_stats/Arsenal_3/events_stats/2018-19_events_stats.csv,
PL_PULSELIVE_HISTORICAL,team_match,2018-19,totalLongBalls,pl_stats/Arsenal_3/events_stats/2018-19_events_stats.csv,
PL_PULSELIVE_HISTORICAL,team_match,2018-19,totalOffside,pl_stats/Arsenal_3/events_stats/2018-19_events_stats.csv,
PL_PULSELIVE_HISTORICAL,team_match,2018-19,totalPass,pl_stats/Arsenal_3/events_stats/2018-19_events_stats.csv,
PL_PULSELIVE_HISTORICAL,team_match,2018-19,totalPullBack,pl_stats/Arsenal_3/events_stats/2018-19_events_stats.csv,
PL_PULSELIVE_HISTORICAL,team_match,2018-19,totalRedCard,pl_stats/Arsenal_3/events_stats/2018-19_events_stats.csv,
PL_PULSELIVE_HISTORICAL,team_match,2018-19,totalScoringAtt,pl_stats/Arsenal_3/events_stats/2018-19_events_stats.csv,
PL_PULSELIVE_HISTORICAL,team_match,2018-19,totalTackle,pl_stats/Arsenal_3/events_stats/2018-19_events_stats.csv,
PL_PULSELIVE_HISTORICAL,team_match,2018-19,totalThroughBall,pl_stats/Arsenal_3/events_stats/2018-19_events_stats.csv,
PL_PULSELIVE_HISTORICAL,team_match,2018-19,totalThrows,pl_stats/Arsenal_3/events_stats/2018-19_events_stats.csv,
PL_PULSELIVE_HISTORICAL,team_match,2018-19,totalYelCard,pl_stats/Arsenal_3/events_stats/2018-19_events_stats.csv,
PL_PULSELIVE_HISTORICAL,team_match,2018-19,touches,pl_stats/Arsenal_3/events_stats/2018-19_events_stats.csv,
PL_PULSELIVE_HISTORICAL,team_match,2018-19,touchesInOppBox,pl_stats/Arsenal_3/events_stats/2018-19_events_stats.csv,
PL_PULSELIVE_HISTORICAL,team_match,2018-19,unsuccessfulTouch,pl_stats/Arsenal_3/events_stats/2018-19_events_stats.csv,
PL_PULSELIVE_HISTORICAL,team_match,2018-19,venue,pl_stats/Arsenal_3/events_stats/2018-19_events_stats.csv,
PL_PULSELIVE_HISTORICAL,team_match,2018-19,wonContest,pl_stats/Arsenal_3/events_stats/2018-19_events_stats.csv,
PL_PULSELIVE_HISTORICAL,team_match,2018-19,wonCorners,pl_stats/Arsenal_3/events_stats/2018-19_events_stats.csv,
PL_PULSELIVE_HISTORICAL,team_match,2018-19,wonTackle,pl_stats/Arsenal_3/events_stats/2018-19_events_stats.csv,
PL_PULSELIVE_HISTORICAL,team_match,2018-19,yellowCard,pl_stats/Arsenal_3/events_stats/2018-19_events_stats.csv,
PL_PULSELIVE_HISTORICAL,team_match,2019-20,accurateBackZonePass,pl_stats/A_Villa_7/events_stats/2019-20_events_stats.csv,
PL_PULSELIVE_HISTORICAL,team_match,2019-20,accurateChippedPass,pl_stats/A_Villa_7/events_stats/2019-20_events_stats.csv,
PL_PULSELIVE_HISTORICAL,team_match,2019-20,accurateCornersIntobox,pl_stats/A_Villa_7/events_stats/2019-20_events_stats.csv,
PL_PULSELIVE_HISTORICAL,team_match,2019-20,accurateCross,pl_stats/A_Villa_7/events_stats/2019-20_events_stats.csv,
PL_PULSELIVE_HISTORICAL,team_match,2019-20,accurateCrossNocorner,pl_stats/A_Villa_7/events_stats/2019-20_events_stats.csv,
PL_PULSELIVE_HISTORICAL,team_match,2019-20,accurateFlickOn,pl_stats/A_Villa_7/events_stats/2019-20_events_stats.csv,
PL_PULSELIVE_HISTORICAL,team_match,2019-20,accurateFreekickCross,pl_stats/A_Villa_7/events_stats/2019-20_events_stats.csv,
PL_PULSELIVE_HISTORICAL,team_match,2019-20,accurateFwdZonePass,pl_stats/A_Villa_7/events_stats/2019-20_events_stats.csv,
PL_PULSELIVE_HISTORICAL,team_match,2019-20,accurateGoalKicks,pl_stats/A_Villa_7/events_stats/2019-20_events_stats.csv,
PL_PULSELIVE_HISTORICAL,team_match,2019-20,accurateKeeperSweeper,pl_stats/A_Villa_7/events_stats/2019-20_events_stats.csv,
PL_PULSELIVE_HISTORICAL,team_match,2019-20,accurateKeeperThrows,pl_stats/A_Villa_7/events_stats/2019-20_events_stats.csv,
PL_PULSELIVE_HISTORICAL,team_match,2019-20,accurateLaunches,pl_stats/A_Villa_7/events_stats/2019-20_events_stats.csv,
PL_PULSELIVE_HISTORICAL,team_match,2019-20,accurateLayoffs,pl_stats/A_Villa_7/events_stats/2019-20_events_stats.csv,
PL_PULSELIVE_HISTORICAL,team_match,2019-20,accurateLongBalls,pl_stats/A_Villa_7/events_stats/2019-20_events_stats.csv,
PL_PULSELIVE_HISTORICAL,team_match,2019-20,accuratePass,pl_stats/A_Villa_7/events_stats/2019-20_events_stats.csv,
PL_PULSELIVE_HISTORICAL,team_match,2019-20,accuratePullBack,pl_stats/A_Villa_7/events_stats/2019-20_events_stats.csv,
PL_PULSELIVE_HISTORICAL,team_match,2019-20,accurateThroughBall,pl_stats/A_Villa_7/events_stats/2019-20_events_stats.csv,
PL_PULSELIVE_HISTORICAL,team_match,2019-20,accurateThrows,pl_stats/A_Villa_7/events_stats/2019-20_events_stats.csv,
PL_PULSELIVE_HISTORICAL,team_match,2019-20,aerialLost,pl_stats/A_Villa_7/events_stats/2019-20_events_stats.csv,
PL_PULSELIVE_HISTORICAL,team_match,2019-20,aerialWon,pl_stats/A_Villa_7/events_stats/2019-20_events_stats.csv,
PL_PULSELIVE_HISTORICAL,team_match,2019-20,attAssistOpenplay,pl_stats/A_Villa_7/events_stats/2019-20_events_stats.csv,
PL_PULSELIVE_HISTORICAL,team_match,2019-20,attAssistSetplay,pl_stats/A_Villa_7/events_stats/2019-20_events_stats.csv,
PL_PULSELIVE_HISTORICAL,team_match,2019-20,attCorner,pl_stats/A_Villa_7/events_stats/2019-20_events_stats.csv,
PL_PULSELIVE_HISTORICAL,team_match,2019-20,attFastbreak,pl_stats/A_Villa_7/events_stats/2019-20_events_stats.csv,
PL_PULSELIVE_HISTORICAL,team_match,2019-20,attFreekickGoal,pl_stats/A_Villa_7/events_stats/2019-20_events_stats.csv,
PL_PULSELIVE_HISTORICAL,team_match,2019-20,attFreekickMiss,pl_stats/A_Villa_7/events_stats/2019-20_events_stats.csv,
PL_PULSELIVE_HISTORICAL,team_match,2019-20,attFreekickPost,pl_stats/A_Villa_7/events_stats/2019-20_events_stats.csv,
PL_PULSELIVE_HISTORICAL,team_match,2019-20,attFreekickTarget,pl_stats/A_Villa_7/events_stats/2019-20_events_stats.csv,
PL_PULSELIVE_HISTORICAL,team_match,2019-20,attFreekickTotal,pl_stats/A_Villa_7/events_stats/2019-20_events_stats.csv,
PL_PULSELIVE_HISTORICAL,team_match,2019-20,attIboxOwnGoal,pl_stats/A_Villa_7/events_stats/2019-20_events_stats.csv,
PL_PULSELIVE_HISTORICAL,team_match,2019-20,attObxdRight,pl_stats/A_Villa_7/events_stats/2019-20_events_stats.csv,
PL_PULSELIVE_HISTORICAL,team_match,2019-20,attOneOnOne,pl_stats/A_Villa_7/events_stats/2019-20_events_stats.csv,
PL_PULSELIVE_HISTORICAL,team_match,2019-20,attOpenplay,pl_stats/A_Villa_7/events_stats/2019-20_events_stats.csv,
PL_PULSELIVE_HISTORICAL,team_match,2019-20,attPenGoal,pl_stats/A_Villa_7/events_stats/2019-20_events_stats.csv,
PL_PULSELIVE_HISTORICAL,team_match,2019-20,attPenPost,pl_stats/A_Villa_7/events_stats/2019-20_events_stats.csv,
PL_PULSELIVE_HISTORICAL,team_match,2019-20,attPenTarget,pl_stats/A_Villa_7/events_stats/2019-20_events_stats.csv,
PL_PULSELIVE_HISTORICAL,team_match,2019-20,attPostHigh,pl_stats/A_Villa_7/events_stats/2019-20_events_stats.csv,
PL_PULSELIVE_HISTORICAL,team_match,2019-20,attPostLeft,pl_stats/A_Villa_7/events_stats/2019-20_events_stats.csv,
PL_PULSELIVE_HISTORICAL,team_match,2019-20,attPostRight,pl_stats/A_Villa_7/events_stats/2019-20_events_stats.csv,
PL_PULSELIVE_HISTORICAL,team_match,2019-20,attSetpiece,pl_stats/A_Villa_7/events_stats/2019-20_events_stats.csv,
PL_PULSELIVE_HISTORICAL,team_match,2019-20,attemptedTackleFoul,pl_stats/A_Villa_7/events_stats/2019-20_events_stats.csv,
PL_PULSELIVE_HISTORICAL,team_match,2019-20,attemptsConcededIbox,pl_stats/A_Villa_7/events_stats/2019-20_events_stats.csv,
PL_PULSELIVE_HISTORICAL,team_match,2019-20,attemptsConcededObox,pl_stats/A_Villa_7/events_stats/2019-20_events_stats.csv,
PL_PULSELIVE_HISTORICAL,team_match,2019-20,attemptsIbox,pl_stats/A_Villa_7/events_stats/2019-20_events_stats.csv,
PL_PULSELIVE_HISTORICAL,team_match,2019-20,attemptsObox,pl_stats/A_Villa_7/events_stats/2019-20_events_stats.csv,
PL_PULSELIVE_HISTORICAL,team_match,2019-20,attendance,pl_stats/A_Villa_7/events_stats/2019-20_events_stats.csv,
PL_PULSELIVE_HISTORICAL,team_match,2019-20,backwardPass,pl_stats/A_Villa_7/events_stats/2019-20_events_stats.csv,
PL_PULSELIVE_HISTORICAL,team_match,2019-20,ballRecovery,pl_stats/A_Villa_7/events_stats/2019-20_events_stats.csv,
PL_PULSELIVE_HISTORICAL,team_match,2019-20,bigChanceCreated,pl_stats/A_Villa_7/events_stats/2019-20_events_stats.csv,
PL_PULSELIVE_HISTORICAL,team_match,2019-20,bigChanceMissed,pl_stats/A_Villa_7/events_stats/2019-20_events_stats.csv,
PL_PULSELIVE_HISTORICAL,team_match,2019-20,bigChanceScored,pl_stats/A_Villa_7/events_stats/2019-20_events_stats.csv,
PL_PULSELIVE_HISTORICAL,team_match,2019-20,blockedCross,pl_stats/A_Villa_7/events_stats/2019-20_events_stats.csv,
PL_PULSELIVE_HISTORICAL,team_match,2019-20,blockedPass,pl_stats/A_Villa_7/events_stats/2019-20_events_stats.csv,
PL_PULSELIVE_HISTORICAL,team_match,2019-20,blockedScoringAtt,pl_stats/A_Villa_7/events_stats/2019-20_events_stats.csv,
PL_PULSELIVE_HISTORICAL,team_match,2019-20,challengeLost,pl_stats/A_Villa_7/events_stats/2019-20_events_stats.csv,
PL_PULSELIVE_HISTORICAL,team_match,2019-20,clearanceOffLine,pl_stats/A_Villa_7/events_stats/2019-20_events_stats.csv,
PL_PULSELIVE_HISTORICAL,team_match,2019-20,contentiousDecision,pl_stats/A_Villa_7/events_stats/2019-20_events_stats.csv,
PL_PULSELIVE_HISTORICAL,team_match,2019-20,cornerTaken,pl_stats/A_Villa_7/events_stats/2019-20_events_stats.csv,
PL_PULSELIVE_HISTORICAL,team_match,2019-20,crosses18yard,pl_stats/A_Villa_7/events_stats/2019-20_events_stats.csv,
PL_PULSELIVE_HISTORICAL,team_match,2019-20,crosses18yardplus,pl_stats/A_Villa_7/events_stats/2019-20_events_stats.csv,
PL_PULSELIVE_HISTORICAL,team_match,2019-20,defenderGoals,pl_stats/A_Villa_7/events_stats/2019-20_events_stats.csv,
PL_PULSELIVE_HISTORICAL,team_match,2019-20,dispossessed,pl_stats/A_Villa_7/events_stats/2019-20_events_stats.csv,
PL_PULSELIVE_HISTORICAL,team_match,2019-20,divingSave,pl_stats/A_Villa_7/events_stats/2019-20_events_stats.csv,
PL_PULSELIVE_HISTORICAL,team_match,2019-20,duelLost,pl_stats/A_Villa_7/events_stats/2019-20_events_stats.csv,
PL_PULSELIVE_HISTORICAL,team_match,2019-20,duelWon,pl_stats/A_Villa_7/events_stats/2019-20_events_stats.csv,
PL_PULSELIVE_HISTORICAL,team_match,2019-20,effectiveBlockedCross,pl_stats/A_Villa_7/events_stats/2019-20_events_stats.csv,
PL_PULSELIVE_HISTORICAL,team_match,2019-20,effectiveClearance,pl_stats/A_Villa_7/events_stats/2019-20_events_stats.csv,
PL_PULSELIVE_HISTORICAL,team_match,2019-20,effectiveHeadClearance,pl_stats/A_Villa_7/events_stats/2019-20_events_stats.csv,
PL_PULSELIVE_HISTORICAL,team_match,2019-20,errorLeadToGoal,pl_stats/A_Villa_7/events_stats/2019-20_events_stats.csv,
PL_PULSELIVE_HISTORICAL,team_match,2019-20,errorLeadToShot,pl_stats/A_Villa_7/events_stats/2019-20_events_stats.csv,
PL_PULSELIVE_HISTORICAL,team_match,2019-20,finalThirdEntries,pl_stats/A_Villa_7/events_stats/2019-20_events_stats.csv,
PL_PULSELIVE_HISTORICAL,team_match,2019-20,fkFoulLost,pl_stats/A_Villa_7/events_stats/2019-20_events_stats.csv,
PL_PULSELIVE_HISTORICAL,team_match,2019-20,fkFoulWon,pl_stats/A_Villa_7/events_stats/2019-20_events_stats.csv,
PL_PULSELIVE_HISTORICAL,team_match,2019-20,forwardGoals,pl_stats/A_Villa_7/events_stats/2019-20_events_stats.csv,
PL_PULSELIVE_HISTORICAL,team_match,2019-20,fouledFinalThird,pl_stats/A_Villa_7/events_stats/2019-20_events_stats.csv,
PL_PULSELIVE_HISTORICAL,team_match,2019-20,freekickCross,pl_stats/A_Villa_7/events_stats/2019-20_events_stats.csv,
PL_PULSELIVE_HISTORICAL,team_match,2019-20,freekickTotal,pl_stats/A_Villa_7/events_stats/2019-20_events_stats.csv,
PL_PULSELIVE_HISTORICAL,team_match,2019-20,fwdPass,pl_stats/A_Villa_7/events_stats/2019-20_events_stats.csv,
PL_PULSELIVE_HISTORICAL,team_match,2019-20,gameweek,pl_stats/A_Villa_7/events_stats/2019-20_events_stats.csv,
PL_PULSELIVE_HISTORICAL,team_match,2019-20,goalAssist,pl_stats/A_Villa_7/events_stats/2019-20_events_stats.csv,
PL_PULSELIVE_HISTORICAL,team_match,2019-20,goalAssistDeadball,pl_stats/A_Villa_7/events_stats/2019-20_events_stats.csv,
PL_PULSELIVE_HISTORICAL,team_match,2019-20,goalAssistIntentional,pl_stats/A_Villa_7/events_stats/2019-20_events_stats.csv,
PL_PULSELIVE_HISTORICAL,team_match,2019-20,goalAssistOpenplay,pl_stats/A_Villa_7/events_stats/2019-20_events_stats.csv,
PL_PULSELIVE_HISTORICAL,team_match,2019-20,goalAssistSetplay,pl_stats/A_Villa_7/events_stats/2019-20_events_stats.csv,
PL_PULSELIVE_HISTORICAL,team_match,2019-20,goalFastbreak,pl_stats/A_Villa_7/events_stats/2019-20_events_stats.csv,
PL_PULSELIVE_HISTORICAL,team_match,2019-20,goalKicks,pl_stats/A_Villa_7/events_stats/2019-20_events_stats.csv,
PL_PULSELIVE_HISTORICAL,team_match,2019-20,goalsAgainst,pl_stats/A_Villa_7/events_stats/2019-20_events_stats.csv,
PL_PULSELIVE_HISTORICAL,team_match,2019-20,goalsFor,pl_stats/A_Villa_7/events_stats/2019-20_events_stats.csv,
PL_PULSELIVE_HISTORICAL,team_match,2019-20,goalsOpenplay,pl_stats/A_Villa_7/events_stats/2019-20_events_stats.csv,
PL_PULSELIVE_HISTORICAL,team_match,2019-20,goodHighClaim,pl_stats/A_Villa_7/events_stats/2019-20_events_stats.csv,
PL_PULSELIVE_HISTORICAL,team_match,2019-20,ground,pl_stats/A_Villa_7/events_stats/2019-20_events_stats.csv,
PL_PULSELIVE_HISTORICAL,team_match,2019-20,halfTimeAgainst,pl_stats/A_Villa_7/events_stats/2019-20_events_stats.csv,
PL_PULSELIVE_HISTORICAL,team_match,2019-20,halfTimeFor,pl_stats/A_Villa_7/events_stats/2019-20_events_stats.csv,
PL_PULSELIVE_HISTORICAL,team_match,2019-20,handBall,pl_stats/A_Villa_7/events_stats/2019-20_events_stats.csv,
PL_PULSELIVE_HISTORICAL,team_match,2019-20,headClearance,pl_stats/A_Villa_7/events_stats/2019-20_events_stats.csv,
PL_PULSELIVE_HISTORICAL,team_match,2019-20,hitWoodwork,pl_stats/A_Villa_7/events_stats/2019-20_events_stats.csv,
PL_PULSELIVE_HISTORICAL,team_match,2019-20,interception,pl_stats/A_Villa_7/events_stats/2019-20_events_stats.csv,
PL_PULSELIVE_HISTORICAL,team_match,2019-20,interceptionWon,pl_stats/A_Villa_7/events_stats/2019-20_events_stats.csv,
PL_PULSELIVE_HISTORICAL,team_match,2019-20,interceptionsInBox,pl_stats/A_Villa_7/events_stats/2019-20_events_stats.csv,
PL_PULSELIVE_HISTORICAL,team_match,2019-20,keeperThrows,pl_stats/A_Villa_7/events_stats/2019-20_events_stats.csv,
PL_PULSELIVE_HISTORICAL,team_match,2019-20,kickoff,pl_stats/A_Villa_7/events_stats/2019-20_events_stats.csv,
PL_PULSELIVE_HISTORICAL,team_match,2019-20,leftsidePass,pl_stats/A_Villa_7/events_stats/2019-20_events_stats.csv,
PL_PULSELIVE_HISTORICAL,team_match,2019-20,longPassOwnToOpp,pl_stats/A_Villa_7/events_stats/2019-20_events_stats.csv,
PL_PULSELIVE_HISTORICAL,team_match,2019-20,longPassOwnToOppSuccess,pl_stats/A_Villa_7/events_stats/2019-20_events_stats.csv,
PL_PULSELIVE_HISTORICAL,team_match,2019-20,lostCorners,pl_stats/A_Villa_7/events_stats/2019-20_events_stats.csv,
PL_PULSELIVE_HISTORICAL,team_match,2019-20,matchId,pl_stats/A_Villa_7/events_stats/2019-20_events_stats.csv,
PL_PULSELIVE_HISTORICAL,team_match,2019-20,midfielderGoals,pl_stats/A_Villa_7/events_stats/2019-20_events_stats.csv,
PL_PULSELIVE_HISTORICAL,team_match,2019-20,offtargetAttAssist,pl_stats/A_Villa_7/events_stats/2019-20_events_stats.csv,
PL_PULSELIVE_HISTORICAL,team_match,2019-20,ontargetAttAssist,pl_stats/A_Villa_7/events_stats/2019-20_events_stats.csv,
PL_PULSELIVE_HISTORICAL,team_match,2019-20,ontargetScoringAtt,pl_stats/A_Villa_7/events_stats/2019-20_events_stats.csv,
PL_PULSELIVE_HISTORICAL,team_match,2019-20,openPlayPass,pl_stats/A_Villa_7/events_stats/2019-20_events_stats.csv,
PL_PULSELIVE_HISTORICAL,team_match,2019-20,opponent,pl_stats/A_Villa_7/events_stats/2019-20_events_stats.csv,
PL_PULSELIVE_HISTORICAL,team_match,2019-20,opponent_id,pl_stats/A_Villa_7/events_stats/2019-20_events_stats.csv,
PL_PULSELIVE_HISTORICAL,team_match,2019-20,outfielderBlock,pl_stats/A_Villa_7/events_stats/2019-20_events_stats.csv,
PL_PULSELIVE_HISTORICAL,team_match,2019-20,overrun,pl_stats/A_Villa_7/events_stats/2019-20_events_stats.csv,
PL_PULSELIVE_HISTORICAL,team_match,2019-20,ownGoals,pl_stats/A_Villa_7/events_stats/2019-20_events_stats.csv,
PL_PULSELIVE_HISTORICAL,team_match,2019-20,passesLeft,pl_stats/A_Villa_7/events_stats/2019-20_events_stats.csv,
PL_PULSELIVE_HISTORICAL,team_match,2019-20,passesRight,pl_stats/A_Villa_7/events_stats/2019-20_events_stats.csv,
PL_PULSELIVE_HISTORICAL,team_match,2019-20,penAreaEntries,pl_stats/A_Villa_7/events_stats/2019-20_events_stats.csv,
PL_PULSELIVE_HISTORICAL,team_match,2019-20,penGoalsConceded,pl_stats/A_Villa_7/events_stats/2019-20_events_stats.csv,
PL_PULSELIVE_HISTORICAL,team_match,2019-20,penaltyConceded,pl_stats/A_Villa_7/events_stats/2019-20_events_stats.csv,
PL_PULSELIVE_HISTORICAL,team_match,2019-20,penaltyFaced,pl_stats/A_Villa_7/events_stats/2019-20_events_stats.csv,
PL_PULSELIVE_HISTORICAL,team_match,2019-20,penaltySave,pl_stats/A_Villa_7/events_stats/2019-20_events_stats.csv,
PL_PULSELIVE_HISTORICAL,team_match,2019-20,penaltyWon,pl_stats/A_Villa_7/events_stats/2019-20_events_stats.csv,
PL_PULSELIVE_HISTORICAL,team_match,2019-20,possLostAll,pl_stats/A_Villa_7/events_stats/2019-20_events_stats.csv,
PL_PULSELIVE_HISTORICAL,team_match,2019-20,possLostCtrl,pl_stats/A_Villa_7/events_stats/2019-20_events_stats.csv,
PL_PULSELIVE_HISTORICAL,team_match,2019-20,possWonAtt3rd,pl_stats/A_Villa_7/events_stats/2019-20_events_stats.csv,
PL_PULSELIVE_HISTORICAL,team_match,2019-20,possWonDef3rd,pl_stats/A_Villa_7/events_stats/2019-20_events_stats.csv,
PL_PULSELIVE_HISTORICAL,team_match,2019-20,possWonMid3rd,pl_stats/A_Villa_7/events_stats/2019-20_events_stats.csv,
PL_PULSELIVE_HISTORICAL,team_match,2019-20,possessionPercentage,pl_stats/A_Villa_7/events_stats/2019-20_events_stats.csv,
PL_PULSELIVE_HISTORICAL,team_match,2019-20,postScoringAtt,pl_stats/A_Villa_7/events_stats/2019-20_events_stats.csv,
PL_PULSELIVE_HISTORICAL,team_match,2019-20,ptsDroppedWinningPos,pl_stats/A_Villa_7/events_stats/2019-20_events_stats.csv,
PL_PULSELIVE_HISTORICAL,team_match,2019-20,ptsGainedLosingPos,pl_stats/A_Villa_7/events_stats/2019-20_events_stats.csv,
PL_PULSELIVE_HISTORICAL,team_match,2019-20,punches,pl_stats/A_Villa_7/events_stats/2019-20_events_stats.csv,
PL_PULSELIVE_HISTORICAL,team_match,2019-20,putThrough,pl_stats/A_Villa_7/events_stats/2019-20_events_stats.csv,
PL_PULSELIVE_HISTORICAL,team_match,2019-20,redCard,pl_stats/A_Villa_7/events_stats/2019-20_events_stats.csv,
PL_PULSELIVE_HISTORICAL,team_match,2019-20,redCardsAgainst,pl_stats/A_Villa_7/events_stats/2019-20_events_stats.csv,
PL_PULSELIVE_HISTORICAL,team_match,2019-20,redCardsFor,pl_stats/A_Villa_7/events_stats/2019-20_events_stats.csv,
PL_PULSELIVE_HISTORICAL,team_match,2019-20,result,pl_stats/A_Villa_7/events_stats/2019-20_events_stats.csv,
PL_PULSELIVE_HISTORICAL,team_match,2019-20,rightsidePass,pl_stats/A_Villa_7/events_stats/2019-20_events_stats.csv,
PL_PULSELIVE_HISTORICAL,team_match,2019-20,savedIbox,pl_stats/A_Villa_7/events_stats/2019-20_events_stats.csv,
PL_PULSELIVE_HISTORICAL,team_match,2019-20,savedObox,pl_stats/A_Villa_7/events_stats/2019-20_events_stats.csv,
PL_PULSELIVE_HISTORICAL,team_match,2019-20,saves,pl_stats/A_Villa_7/events_stats/2019-20_events_stats.csv,
PL_PULSELIVE_HISTORICAL,team_match,2019-20,secondYellow,pl_stats/A_Villa_7/events_stats/2019-20_events_stats.csv,
PL_PULSELIVE_HISTORICAL,team_match,2019-20,shieldBallOop,pl_stats/A_Villa_7/events_stats/2019-20_events_stats.csv,
PL_PULSELIVE_HISTORICAL,team_match,2019-20,shotFastbreak,pl_stats/A_Villa_7/events_stats/2019-20_events_stats.csv,
PL_PULSELIVE_HISTORICAL,team_match,2019-20,shotOffTarget,pl_stats/A_Villa_7/events_stats/2019-20_events_stats.csv,
PL_PULSELIVE_HISTORICAL,team_match,2019-20,sixYardBlock,pl_stats/A_Villa_7/events_stats/2019-20_events_stats.csv,
PL_PULSELIVE_HISTORICAL,team_match,2019-20,subsMade,pl_stats/A_Villa_7/events_stats/2019-20_events_stats.csv,
PL_PULSELIVE_HISTORICAL,team_match,2019-20,successfulFinalThirdPasses,pl_stats/A_Villa_7/events_stats/2019-20_events_stats.csv,
PL_PULSELIVE_HISTORICAL,team_match,2019-20,successfulOpenPlayPass,pl_stats/A_Villa_7/events_stats/2019-20_events_stats.csv,
PL_PULSELIVE_HISTORICAL,team_match,2019-20,successfulPutThrough,pl_stats/A_Villa_7/events_stats/2019-20_events_stats.csv,
PL_PULSELIVE_HISTORICAL,team_match,2019-20,team,pl_stats/A_Villa_7/events_stats/2019-20_events_stats.csv,
PL_PULSELIVE_HISTORICAL,team_match,2019-20,team_id,pl_stats/A_Villa_7/events_stats/2019-20_events_stats.csv,
PL_PULSELIVE_HISTORICAL,team_match,2019-20,totalAttAssist,pl_stats/A_Villa_7/events_stats/2019-20_events_stats.csv,
PL_PULSELIVE_HISTORICAL,team_match,2019-20,totalBackZonePass,pl_stats/A_Villa_7/events_stats/2019-20_events_stats.csv,
PL_PULSELIVE_HISTORICAL,team_match,2019-20,totalChippedPass,pl_stats/A_Villa_7/events_stats/2019-20_events_stats.csv,
PL_PULSELIVE_HISTORICAL,team_match,2019-20,totalClearance,pl_stats/A_Villa_7/events_stats/2019-20_events_stats.csv,
PL_PULSELIVE_HISTORICAL,team_match,2019-20,totalContest,pl_stats/A_Villa_7/events_stats/2019-20_events_stats.csv,
PL_PULSELIVE_HISTORICAL,team_match,2019-20,totalCornersIntobox,pl_stats/A_Villa_7/events_stats/2019-20_events_stats.csv,
PL_PULSELIVE_HISTORICAL,team_match,2019-20,totalCross,pl_stats/A_Villa_7/events_stats/2019-20_events_stats.csv,
PL_PULSELIVE_HISTORICAL,team_match,2019-20,totalCrossNocorner,pl_stats/A_Villa_7/events_stats/2019-20_events_stats.csv,
PL_PULSELIVE_HISTORICAL,team_match,2019-20,totalFastbreak,pl_stats/A_Villa_7/events_stats/2019-20_events_stats.csv,
PL_PULSELIVE_HISTORICAL,team_match,2019-20,totalFinalThirdPasses,pl_stats/A_Villa_7/events_stats/2019-20_events_stats.csv,
PL_PULSELIVE_HISTORICAL,team_match,2019-20,totalFlickOn,pl_stats/A_Villa_7/events_stats/2019-20_events_stats.csv,
PL_PULSELIVE_HISTORICAL,team_match,2019-20,totalFwdZonePass,pl_stats/A_Villa_7/events_stats/2019-20_events_stats.csv,
PL_PULSELIVE_HISTORICAL,team_match,2019-20,totalHighClaim,pl_stats/A_Villa_7/events_stats/2019-20_events_stats.csv,
PL_PULSELIVE_HISTORICAL,team_match,2019-20,totalKeeperSweeper,pl_stats/A_Villa_7/events_stats/2019-20_events_stats.csv,
PL_PULSELIVE_HISTORICAL,team_match,2019-20,totalLaunches,pl_stats/A_Villa_7/events_stats/2019-20_events_stats.csv,
PL_PULSELIVE_HISTORICAL,team_match,2019-20,totalLayoffs,pl_stats/A_Villa_7/events_stats/2019-20_events_stats.csv,
PL_PULSELIVE_HISTORICAL,team_match,2019-20,totalLongBalls,pl_stats/A_Villa_7/events_stats/2019-20_events_stats.csv,
PL_PULSELIVE_HISTORICAL,team_match,2019-20,totalOffside,pl_stats/A_Villa_7/events_stats/2019-20_events_stats.csv,
PL_PULSELIVE_HISTORICAL,team_match,2019-20,totalPass,pl_stats/A_Villa_7/events_stats/2019-20_events_stats.csv,
PL_PULSELIVE_HISTORICAL,team_match,2019-20,totalPullBack,pl_stats/A_Villa_7/events_stats/2019-20_events_stats.csv,
PL_PULSELIVE_HISTORICAL,team_match,2019-20,totalRedCard,pl_stats/A_Villa_7/events_stats/2019-20_events_stats.csv,
PL_PULSELIVE_HISTORICAL,team_match,2019-20,totalScoringAtt,pl_stats/A_Villa_7/events_stats/2019-20_events_stats.csv,
PL_PULSELIVE_HISTORICAL,team_match,2019-20,totalTackle,pl_stats/A_Villa_7/events_stats/2019-20_events_stats.csv,
PL_PULSELIVE_HISTORICAL,team_match,2019-20,totalThroughBall,pl_stats/A_Villa_7/events_stats/2019-20_events_stats.csv,
PL_PULSELIVE_HISTORICAL,team_match,2019-20,totalThrows,pl_stats/A_Villa_7/events_stats/2019-20_events_stats.csv,
PL_PULSELIVE_HISTORICAL,team_match,2019-20,totalYelCard,pl_stats/A_Villa_7/events_stats/2019-20_events_stats.csv,
PL_PULSELIVE_HISTORICAL,team_match,2019-20,touches,pl_stats/A_Villa_7/events_stats/2019-20_events_stats.csv,
PL_PULSELIVE_HISTORICAL,team_match,2019-20,touchesInOppBox,pl_stats/A_Villa_7/events_stats/2019-20_events_stats.csv,
PL_PULSELIVE_HISTORICAL,team_match,2019-20,unsuccessfulTouch,pl_stats/A_Villa_7/events_stats/2019-20_events_stats.csv,
PL_PULSELIVE_HISTORICAL,team_match,2019-20,venue,pl_stats/A_Villa_7/events_stats/2019-20_events_stats.csv,
PL_PULSELIVE_HISTORICAL,team_match,2019-20,wonContest,pl_stats/A_Villa_7/events_stats/2019-20_events_stats.csv,
PL_PULSELIVE_HISTORICAL,team_match,2019-20,wonCorners,pl_stats/A_Villa_7/events_stats/2019-20_events_stats.csv,
PL_PULSELIVE_HISTORICAL,team_match,2019-20,wonTackle,pl_stats/A_Villa_7/events_stats/2019-20_events_stats.csv,
PL_PULSELIVE_HISTORICAL,team_match,2019-20,yellowCard,pl_stats/A_Villa_7/events_stats/2019-20_events_stats.csv,
PL_PULSELIVE_HISTORICAL,team_match,2020-21,accurateBackZonePass,pl_stats/A_Villa_7/events_stats/2020-21_events_stats.csv,
PL_PULSELIVE_HISTORICAL,team_match,2020-21,accurateChippedPass,pl_stats/A_Villa_7/events_stats/2020-21_events_stats.csv,
PL_PULSELIVE_HISTORICAL,team_match,2020-21,accurateCornersIntobox,pl_stats/A_Villa_7/events_stats/2020-21_events_stats.csv,
PL_PULSELIVE_HISTORICAL,team_match,2020-21,accurateCross,pl_stats/A_Villa_7/events_stats/2020-21_events_stats.csv,
PL_PULSELIVE_HISTORICAL,team_match,2020-21,accurateCrossNocorner,pl_stats/A_Villa_7/events_stats/2020-21_events_stats.csv,
PL_PULSELIVE_HISTORICAL,team_match,2020-21,accurateFlickOn,pl_stats/A_Villa_7/events_stats/2020-21_events_stats.csv,
PL_PULSELIVE_HISTORICAL,team_match,2020-21,accurateFreekickCross,pl_stats/A_Villa_7/events_stats/2020-21_events_stats.csv,
PL_PULSELIVE_HISTORICAL,team_match,2020-21,accurateFwdZonePass,pl_stats/A_Villa_7/events_stats/2020-21_events_stats.csv,
PL_PULSELIVE_HISTORICAL,team_match,2020-21,accurateGoalKicks,pl_stats/A_Villa_7/events_stats/2020-21_events_stats.csv,
PL_PULSELIVE_HISTORICAL,team_match,2020-21,accurateKeeperSweeper,pl_stats/A_Villa_7/events_stats/2020-21_events_stats.csv,
PL_PULSELIVE_HISTORICAL,team_match,2020-21,accurateKeeperThrows,pl_stats/A_Villa_7/events_stats/2020-21_events_stats.csv,
PL_PULSELIVE_HISTORICAL,team_match,2020-21,accurateLaunches,pl_stats/A_Villa_7/events_stats/2020-21_events_stats.csv,
PL_PULSELIVE_HISTORICAL,team_match,2020-21,accurateLayoffs,pl_stats/A_Villa_7/events_stats/2020-21_events_stats.csv,
PL_PULSELIVE_HISTORICAL,team_match,2020-21,accurateLongBalls,pl_stats/A_Villa_7/events_stats/2020-21_events_stats.csv,
PL_PULSELIVE_HISTORICAL,team_match,2020-21,accuratePass,pl_stats/A_Villa_7/events_stats/2020-21_events_stats.csv,
PL_PULSELIVE_HISTORICAL,team_match,2020-21,accuratePullBack,pl_stats/A_Villa_7/events_stats/2020-21_events_stats.csv,
PL_PULSELIVE_HISTORICAL,team_match,2020-21,accurateThroughBall,pl_stats/A_Villa_7/events_stats/2020-21_events_stats.csv,
PL_PULSELIVE_HISTORICAL,team_match,2020-21,accurateThrows,pl_stats/A_Villa_7/events_stats/2020-21_events_stats.csv,
PL_PULSELIVE_HISTORICAL,team_match,2020-21,aerialLost,pl_stats/A_Villa_7/events_stats/2020-21_events_stats.csv,
PL_PULSELIVE_HISTORICAL,team_match,2020-21,aerialWon,pl_stats/A_Villa_7/events_stats/2020-21_events_stats.csv,
PL_PULSELIVE_HISTORICAL,team_match,2020-21,attAssistOpenplay,pl_stats/A_Villa_7/events_stats/2020-21_events_stats.csv,
PL_PULSELIVE_HISTORICAL,team_match,2020-21,attAssistSetplay,pl_stats/A_Villa_7/events_stats/2020-21_events_stats.csv,
PL_PULSELIVE_HISTORICAL,team_match,2020-21,attCorner,pl_stats/A_Villa_7/events_stats/2020-21_events_stats.csv,
PL_PULSELIVE_HISTORICAL,team_match,2020-21,attFastbreak,pl_stats/A_Villa_7/events_stats/2020-21_events_stats.csv,
PL_PULSELIVE_HISTORICAL,team_match,2020-21,attFreekickGoal,pl_stats/A_Villa_7/events_stats/2020-21_events_stats.csv,
PL_PULSELIVE_HISTORICAL,team_match,2020-21,attFreekickMiss,pl_stats/A_Villa_7/events_stats/2020-21_events_stats.csv,
PL_PULSELIVE_HISTORICAL,team_match,2020-21,attFreekickTarget,pl_stats/A_Villa_7/events_stats/2020-21_events_stats.csv,
PL_PULSELIVE_HISTORICAL,team_match,2020-21,attFreekickTotal,pl_stats/A_Villa_7/events_stats/2020-21_events_stats.csv,
PL_PULSELIVE_HISTORICAL,team_match,2020-21,attIboxOwnGoal,pl_stats/A_Villa_7/events_stats/2020-21_events_stats.csv,
PL_PULSELIVE_HISTORICAL,team_match,2020-21,attLgCentre,pl_stats/A_Villa_7/events_stats/2020-21_events_stats.csv,
PL_PULSELIVE_HISTORICAL,team_match,2020-21,attObxdLeft,pl_stats/A_Villa_7/events_stats/2020-21_events_stats.csv,
PL_PULSELIVE_HISTORICAL,team_match,2020-21,attObxdRight,pl_stats/A_Villa_7/events_stats/2020-21_events_stats.csv,
PL_PULSELIVE_HISTORICAL,team_match,2020-21,attOneOnOne,pl_stats/A_Villa_7/events_stats/2020-21_events_stats.csv,
PL_PULSELIVE_HISTORICAL,team_match,2020-21,attOpenplay,pl_stats/A_Villa_7/events_stats/2020-21_events_stats.csv,
PL_PULSELIVE_HISTORICAL,team_match,2020-21,attPenGoal,pl_stats/A_Villa_7/events_stats/2020-21_events_stats.csv,
PL_PULSELIVE_HISTORICAL,team_match,2020-21,attPenPost,pl_stats/A_Villa_7/events_stats/2020-21_events_stats.csv,
PL_PULSELIVE_HISTORICAL,team_match,2020-21,attPostHigh,pl_stats/A_Villa_7/events_stats/2020-21_events_stats.csv,
PL_PULSELIVE_HISTORICAL,team_match,2020-21,attPostLeft,pl_stats/A_Villa_7/events_stats/2020-21_events_stats.csv,
PL_PULSELIVE_HISTORICAL,team_match,2020-21,attPostRight,pl_stats/A_Villa_7/events_stats/2020-21_events_stats.csv,
PL_PULSELIVE_HISTORICAL,team_match,2020-21,attSetpiece,pl_stats/A_Villa_7/events_stats/2020-21_events_stats.csv,
PL_PULSELIVE_HISTORICAL,team_match,2020-21,attemptedTackleFoul,pl_stats/A_Villa_7/events_stats/2020-21_events_stats.csv,
PL_PULSELIVE_HISTORICAL,team_match,2020-21,attemptsConcededIbox,pl_stats/A_Villa_7/events_stats/2020-21_events_stats.csv,
PL_PULSELIVE_HISTORICAL,team_match,2020-21,attemptsConcededObox,pl_stats/A_Villa_7/events_stats/2020-21_events_stats.csv,
PL_PULSELIVE_HISTORICAL,team_match,2020-21,attemptsIbox,pl_stats/A_Villa_7/events_stats/2020-21_events_stats.csv,
PL_PULSELIVE_HISTORICAL,team_match,2020-21,attemptsObox,pl_stats/A_Villa_7/events_stats/2020-21_events_stats.csv,
PL_PULSELIVE_HISTORICAL,team_match,2020-21,attendance,pl_stats/A_Villa_7/events_stats/2020-21_events_stats.csv,
PL_PULSELIVE_HISTORICAL,team_match,2020-21,backwardPass,pl_stats/A_Villa_7/events_stats/2020-21_events_stats.csv,
PL_PULSELIVE_HISTORICAL,team_match,2020-21,ballRecovery,pl_stats/A_Villa_7/events_stats/2020-21_events_stats.csv,
PL_PULSELIVE_HISTORICAL,team_match,2020-21,bigChanceCreated,pl_stats/A_Villa_7/events_stats/2020-21_events_stats.csv,
PL_PULSELIVE_HISTORICAL,team_match,2020-21,bigChanceMissed,pl_stats/A_Villa_7/events_stats/2020-21_events_stats.csv,
PL_PULSELIVE_HISTORICAL,team_match,2020-21,bigChanceScored,pl_stats/A_Villa_7/events_stats/2020-21_events_stats.csv,
PL_PULSELIVE_HISTORICAL,team_match,2020-21,blockedCross,pl_stats/A_Villa_7/events_stats/2020-21_events_stats.csv,
PL_PULSELIVE_HISTORICAL,team_match,2020-21,blockedPass,pl_stats/A_Villa_7/events_stats/2020-21_events_stats.csv,
PL_PULSELIVE_HISTORICAL,team_match,2020-21,blockedScoringAtt,pl_stats/A_Villa_7/events_stats/2020-21_events_stats.csv,
PL_PULSELIVE_HISTORICAL,team_match,2020-21,challengeLost,pl_stats/A_Villa_7/events_stats/2020-21_events_stats.csv,
PL_PULSELIVE_HISTORICAL,team_match,2020-21,clearanceOffLine,pl_stats/A_Villa_7/events_stats/2020-21_events_stats.csv,
PL_PULSELIVE_HISTORICAL,team_match,2020-21,contentiousDecision,pl_stats/A_Villa_7/events_stats/2020-21_events_stats.csv,
PL_PULSELIVE_HISTORICAL,team_match,2020-21,cornerTaken,pl_stats/A_Villa_7/events_stats/2020-21_events_stats.csv,
PL_PULSELIVE_HISTORICAL,team_match,2020-21,crosses18yard,pl_stats/A_Villa_7/events_stats/2020-21_events_stats.csv,
PL_PULSELIVE_HISTORICAL,team_match,2020-21,crosses18yardplus,pl_stats/A_Villa_7/events_stats/2020-21_events_stats.csv,
PL_PULSELIVE_HISTORICAL,team_match,2020-21,defenderGoals,pl_stats/A_Villa_7/events_stats/2020-21_events_stats.csv,
PL_PULSELIVE_HISTORICAL,team_match,2020-21,dispossessed,pl_stats/A_Villa_7/events_stats/2020-21_events_stats.csv,
PL_PULSELIVE_HISTORICAL,team_match,2020-21,divingSave,pl_stats/A_Villa_7/events_stats/2020-21_events_stats.csv,
PL_PULSELIVE_HISTORICAL,team_match,2020-21,duelLost,pl_stats/A_Villa_7/events_stats/2020-21_events_stats.csv,
PL_PULSELIVE_HISTORICAL,team_match,2020-21,duelWon,pl_stats/A_Villa_7/events_stats/2020-21_events_stats.csv,
PL_PULSELIVE_HISTORICAL,team_match,2020-21,effectiveBlockedCross,pl_stats/A_Villa_7/events_stats/2020-21_events_stats.csv,
PL_PULSELIVE_HISTORICAL,team_match,2020-21,effectiveClearance,pl_stats/A_Villa_7/events_stats/2020-21_events_stats.csv,
PL_PULSELIVE_HISTORICAL,team_match,2020-21,effectiveHeadClearance,pl_stats/A_Villa_7/events_stats/2020-21_events_stats.csv,
PL_PULSELIVE_HISTORICAL,team_match,2020-21,errorLeadToGoal,pl_stats/A_Villa_7/events_stats/2020-21_events_stats.csv,
PL_PULSELIVE_HISTORICAL,team_match,2020-21,errorLeadToShot,pl_stats/A_Villa_7/events_stats/2020-21_events_stats.csv,
PL_PULSELIVE_HISTORICAL,team_match,2020-21,expectedAssists,pl_stats/A_Villa_7/events_stats/2020-21_events_stats.csv,
PL_PULSELIVE_HISTORICAL,team_match,2020-21,expectedGoals,pl_stats/A_Villa_7/events_stats/2020-21_events_stats.csv,
PL_PULSELIVE_HISTORICAL,team_match,2020-21,expectedGoalsOnTarget,pl_stats/A_Villa_7/events_stats/2020-21_events_stats.csv,
PL_PULSELIVE_HISTORICAL,team_match,2020-21,expectedGoalsOnTargetConceded,pl_stats/A_Villa_7/events_stats/2020-21_events_stats.csv,
PL_PULSELIVE_HISTORICAL,team_match,2020-21,fiftyFifty,pl_stats/A_Villa_7/events_stats/2020-21_events_stats.csv,
PL_PULSELIVE_HISTORICAL,team_match,2020-21,finalThirdEntries,pl_stats/A_Villa_7/events_stats/2020-21_events_stats.csv,
PL_PULSELIVE_HISTORICAL,team_match,2020-21,fkFoulLost,pl_stats/A_Villa_7/events_stats/2020-21_events_stats.csv,
PL_PULSELIVE_HISTORICAL,team_match,2020-21,fkFoulWon,pl_stats/A_Villa_7/events_stats/2020-21_events_stats.csv,
PL_PULSELIVE_HISTORICAL,team_match,2020-21,forwardGoals,pl_stats/A_Villa_7/events_stats/2020-21_events_stats.csv,
PL_PULSELIVE_HISTORICAL,team_match,2020-21,foulThrowIn,pl_stats/A_Villa_7/events_stats/2020-21_events_stats.csv,
PL_PULSELIVE_HISTORICAL,team_match,2020-21,fouledFinalThird,pl_stats/A_Villa_7/events_stats/2020-21_events_stats.csv,
PL_PULSELIVE_HISTORICAL,team_match,2020-21,freekickCross,pl_stats/A_Villa_7/events_stats/2020-21_events_stats.csv,
PL_PULSELIVE_HISTORICAL,team_match,2020-21,freekickTotal,pl_stats/A_Villa_7/events_stats/2020-21_events_stats.csv,
PL_PULSELIVE_HISTORICAL,team_match,2020-21,fwdPass,pl_stats/A_Villa_7/events_stats/2020-21_events_stats.csv,
PL_PULSELIVE_HISTORICAL,team_match,2020-21,gameweek,pl_stats/A_Villa_7/events_stats/2020-21_events_stats.csv,
PL_PULSELIVE_HISTORICAL,team_match,2020-21,goalAssist,pl_stats/A_Villa_7/events_stats/2020-21_events_stats.csv,
PL_PULSELIVE_HISTORICAL,team_match,2020-21,goalAssistDeadball,pl_stats/A_Villa_7/events_stats/2020-21_events_stats.csv,
PL_PULSELIVE_HISTORICAL,team_match,2020-21,goalAssistIntentional,pl_stats/A_Villa_7/events_stats/2020-21_events_stats.csv,
PL_PULSELIVE_HISTORICAL,team_match,2020-21,goalAssistOpenplay,pl_stats/A_Villa_7/events_stats/2020-21_events_stats.csv,
PL_PULSELIVE_HISTORICAL,team_match,2020-21,goalAssistSetplay,pl_stats/A_Villa_7/events_stats/2020-21_events_stats.csv,
PL_PULSELIVE_HISTORICAL,team_match,2020-21,goalFastbreak,pl_stats/A_Villa_7/events_stats/2020-21_events_stats.csv,
PL_PULSELIVE_HISTORICAL,team_match,2020-21,goalKicks,pl_stats/A_Villa_7/events_stats/2020-21_events_stats.csv,
PL_PULSELIVE_HISTORICAL,team_match,2020-21,goalsAgainst,pl_stats/A_Villa_7/events_stats/2020-21_events_stats.csv,
PL_PULSELIVE_HISTORICAL,team_match,2020-21,goalsFor,pl_stats/A_Villa_7/events_stats/2020-21_events_stats.csv,
PL_PULSELIVE_HISTORICAL,team_match,2020-21,goalsOpenplay,pl_stats/A_Villa_7/events_stats/2020-21_events_stats.csv,
PL_PULSELIVE_HISTORICAL,team_match,2020-21,goodHighClaim,pl_stats/A_Villa_7/events_stats/2020-21_events_stats.csv,
PL_PULSELIVE_HISTORICAL,team_match,2020-21,ground,pl_stats/A_Villa_7/events_stats/2020-21_events_stats.csv,
PL_PULSELIVE_HISTORICAL,team_match,2020-21,halfTimeAgainst,pl_stats/A_Villa_7/events_stats/2020-21_events_stats.csv,
PL_PULSELIVE_HISTORICAL,team_match,2020-21,halfTimeFor,pl_stats/A_Villa_7/events_stats/2020-21_events_stats.csv,
PL_PULSELIVE_HISTORICAL,team_match,2020-21,handBall,pl_stats/A_Villa_7/events_stats/2020-21_events_stats.csv,
PL_PULSELIVE_HISTORICAL,team_match,2020-21,headClearance,pl_stats/A_Villa_7/events_stats/2020-21_events_stats.csv,
PL_PULSELIVE_HISTORICAL,team_match,2020-21,hitWoodwork,pl_stats/A_Villa_7/events_stats/2020-21_events_stats.csv,
PL_PULSELIVE_HISTORICAL,team_match,2020-21,interception,pl_stats/A_Villa_7/events_stats/2020-21_events_stats.csv,
PL_PULSELIVE_HISTORICAL,team_match,2020-21,interceptionWon,pl_stats/A_Villa_7/events_stats/2020-21_events_stats.csv,
PL_PULSELIVE_HISTORICAL,team_match,2020-21,interceptionsInBox,pl_stats/A_Villa_7/events_stats/2020-21_events_stats.csv,
PL_PULSELIVE_HISTORICAL,team_match,2020-21,keeperGoals,pl_stats/A_Villa_7/events_stats/2020-21_events_stats.csv,
PL_PULSELIVE_HISTORICAL,team_match,2020-21,keeperThrows,pl_stats/A_Villa_7/events_stats/2020-21_events_stats.csv,
PL_PULSELIVE_HISTORICAL,team_match,2020-21,kickoff,pl_stats/A_Villa_7/events_stats/2020-21_events_stats.csv,
PL_PULSELIVE_HISTORICAL,team_match,2020-21,leftsidePass,pl_stats/A_Villa_7/events_stats/2020-21_events_stats.csv,
PL_PULSELIVE_HISTORICAL,team_match,2020-21,longPassOwnToOpp,pl_stats/A_Villa_7/events_stats/2020-21_events_stats.csv,
PL_PULSELIVE_HISTORICAL,team_match,2020-21,longPassOwnToOppSuccess,pl_stats/A_Villa_7/events_stats/2020-21_events_stats.csv,
PL_PULSELIVE_HISTORICAL,team_match,2020-21,lostCorners,pl_stats/A_Villa_7/events_stats/2020-21_events_stats.csv,
PL_PULSELIVE_HISTORICAL,team_match,2020-21,matchId,pl_stats/A_Villa_7/events_stats/2020-21_events_stats.csv,
PL_PULSELIVE_HISTORICAL,team_match,2020-21,midfielderGoals,pl_stats/A_Villa_7/events_stats/2020-21_events_stats.csv,
PL_PULSELIVE_HISTORICAL,team_match,2020-21,offtargetAttAssist,pl_stats/A_Villa_7/events_stats/2020-21_events_stats.csv,
PL_PULSELIVE_HISTORICAL,team_match,2020-21,ontargetAttAssist,pl_stats/A_Villa_7/events_stats/2020-21_events_stats.csv,
PL_PULSELIVE_HISTORICAL,team_match,2020-21,ontargetScoringAtt,pl_stats/A_Villa_7/events_stats/2020-21_events_stats.csv,
PL_PULSELIVE_HISTORICAL,team_match,2020-21,openPlayPass,pl_stats/A_Villa_7/events_stats/2020-21_events_stats.csv,
PL_PULSELIVE_HISTORICAL,team_match,2020-21,opponent,pl_stats/A_Villa_7/events_stats/2020-21_events_stats.csv,
PL_PULSELIVE_HISTORICAL,team_match,2020-21,opponent_id,pl_stats/A_Villa_7/events_stats/2020-21_events_stats.csv,
PL_PULSELIVE_HISTORICAL,team_match,2020-21,outfielderBlock,pl_stats/A_Villa_7/events_stats/2020-21_events_stats.csv,
PL_PULSELIVE_HISTORICAL,team_match,2020-21,overrun,pl_stats/A_Villa_7/events_stats/2020-21_events_stats.csv,
PL_PULSELIVE_HISTORICAL,team_match,2020-21,ownGoals,pl_stats/A_Villa_7/events_stats/2020-21_events_stats.csv,
PL_PULSELIVE_HISTORICAL,team_match,2020-21,passesLeft,pl_stats/A_Villa_7/events_stats/2020-21_events_stats.csv,
PL_PULSELIVE_HISTORICAL,team_match,2020-21,passesRight,pl_stats/A_Villa_7/events_stats/2020-21_events_stats.csv,
PL_PULSELIVE_HISTORICAL,team_match,2020-21,penAreaEntries,pl_stats/A_Villa_7/events_stats/2020-21_events_stats.csv,
PL_PULSELIVE_HISTORICAL,team_match,2020-21,penGoalsConceded,pl_stats/A_Villa_7/events_stats/2020-21_events_stats.csv,
PL_PULSELIVE_HISTORICAL,team_match,2020-21,penaltyConceded,pl_stats/A_Villa_7/events_stats/2020-21_events_stats.csv,
PL_PULSELIVE_HISTORICAL,team_match,2020-21,penaltyFaced,pl_stats/A_Villa_7/events_stats/2020-21_events_stats.csv,
PL_PULSELIVE_HISTORICAL,team_match,2020-21,penaltySave,pl_stats/A_Villa_7/events_stats/2020-21_events_stats.csv,
PL_PULSELIVE_HISTORICAL,team_match,2020-21,penaltyWon,pl_stats/A_Villa_7/events_stats/2020-21_events_stats.csv,
PL_PULSELIVE_HISTORICAL,team_match,2020-21,possLostAll,pl_stats/A_Villa_7/events_stats/2020-21_events_stats.csv,
PL_PULSELIVE_HISTORICAL,team_match,2020-21,possLostCtrl,pl_stats/A_Villa_7/events_stats/2020-21_events_stats.csv,
PL_PULSELIVE_HISTORICAL,team_match,2020-21,possWonAtt3rd,pl_stats/A_Villa_7/events_stats/2020-21_events_stats.csv,
PL_PULSELIVE_HISTORICAL,team_match,2020-21,possWonDef3rd,pl_stats/A_Villa_7/events_stats/2020-21_events_stats.csv,
PL_PULSELIVE_HISTORICAL,team_match,2020-21,possWonMid3rd,pl_stats/A_Villa_7/events_stats/2020-21_events_stats.csv,
PL_PULSELIVE_HISTORICAL,team_match,2020-21,possessionPercentage,pl_stats/A_Villa_7/events_stats/2020-21_events_stats.csv,
PL_PULSELIVE_HISTORICAL,team_match,2020-21,postScoringAtt,pl_stats/A_Villa_7/events_stats/2020-21_events_stats.csv,
PL_PULSELIVE_HISTORICAL,team_match,2020-21,ptsDroppedWinningPos,pl_stats/A_Villa_7/events_stats/2020-21_events_stats.csv,
PL_PULSELIVE_HISTORICAL,team_match,2020-21,ptsGainedLosingPos,pl_stats/A_Villa_7/events_stats/2020-21_events_stats.csv,
PL_PULSELIVE_HISTORICAL,team_match,2020-21,punches,pl_stats/A_Villa_7/events_stats/2020-21_events_stats.csv,
PL_PULSELIVE_HISTORICAL,team_match,2020-21,putThrough,pl_stats/A_Villa_7/events_stats/2020-21_events_stats.csv,
PL_PULSELIVE_HISTORICAL,team_match,2020-21,redCard,pl_stats/A_Villa_7/events_stats/2020-21_events_stats.csv,
PL_PULSELIVE_HISTORICAL,team_match,2020-21,redCardsAgainst,pl_stats/A_Villa_7/events_stats/2020-21_events_stats.csv,
PL_PULSELIVE_HISTORICAL,team_match,2020-21,redCardsFor,pl_stats/A_Villa_7/events_stats/2020-21_events_stats.csv,
PL_PULSELIVE_HISTORICAL,team_match,2020-21,result,pl_stats/A_Villa_7/events_stats/2020-21_events_stats.csv,
PL_PULSELIVE_HISTORICAL,team_match,2020-21,rightsidePass,pl_stats/A_Villa_7/events_stats/2020-21_events_stats.csv,
PL_PULSELIVE_HISTORICAL,team_match,2020-21,savedIbox,pl_stats/A_Villa_7/events_stats/2020-21_events_stats.csv,
PL_PULSELIVE_HISTORICAL,team_match,2020-21,savedObox,pl_stats/A_Villa_7/events_stats/2020-21_events_stats.csv,
PL_PULSELIVE_HISTORICAL,team_match,2020-21,saves,pl_stats/A_Villa_7/events_stats/2020-21_events_stats.csv,
PL_PULSELIVE_HISTORICAL,team_match,2020-21,secondYellow,pl_stats/A_Villa_7/events_stats/2020-21_events_stats.csv,
PL_PULSELIVE_HISTORICAL,team_match,2020-21,shieldBallOop,pl_stats/A_Villa_7/events_stats/2020-21_events_stats.csv,
PL_PULSELIVE_HISTORICAL,team_match,2020-21,shotFastbreak,pl_stats/A_Villa_7/events_stats/2020-21_events_stats.csv,
PL_PULSELIVE_HISTORICAL,team_match,2020-21,shotOffTarget,pl_stats/A_Villa_7/events_stats/2020-21_events_stats.csv,
PL_PULSELIVE_HISTORICAL,team_match,2020-21,sixYardBlock,pl_stats/A_Villa_7/events_stats/2020-21_events_stats.csv,
PL_PULSELIVE_HISTORICAL,team_match,2020-21,subsGoals,pl_stats/A_Villa_7/events_stats/2020-21_events_stats.csv,
PL_PULSELIVE_HISTORICAL,team_match,2020-21,subsMade,pl_stats/A_Villa_7/events_stats/2020-21_events_stats.csv,
PL_PULSELIVE_HISTORICAL,team_match,2020-21,successfulFiftyFifty,pl_stats/A_Villa_7/events_stats/2020-21_events_stats.csv,
PL_PULSELIVE_HISTORICAL,team_match,2020-21,successfulFinalThirdPasses,pl_stats/A_Villa_7/events_stats/2020-21_events_stats.csv,
PL_PULSELIVE_HISTORICAL,team_match,2020-21,successfulOpenPlayPass,pl_stats/A_Villa_7/events_stats/2020-21_events_stats.csv,
PL_PULSELIVE_HISTORICAL,team_match,2020-21,successfulPutThrough,pl_stats/A_Villa_7/events_stats/2020-21_events_stats.csv,
PL_PULSELIVE_HISTORICAL,team_match,2020-21,team,pl_stats/A_Villa_7/events_stats/2020-21_events_stats.csv,
PL_PULSELIVE_HISTORICAL,team_match,2020-21,team_id,pl_stats/A_Villa_7/events_stats/2020-21_events_stats.csv,
PL_PULSELIVE_HISTORICAL,team_match,2020-21,totalAttAssist,pl_stats/A_Villa_7/events_stats/2020-21_events_stats.csv,
PL_PULSELIVE_HISTORICAL,team_match,2020-21,totalBackZonePass,pl_stats/A_Villa_7/events_stats/2020-21_events_stats.csv,
PL_PULSELIVE_HISTORICAL,team_match,2020-21,totalChippedPass,pl_stats/A_Villa_7/events_stats/2020-21_events_stats.csv,
PL_PULSELIVE_HISTORICAL,team_match,2020-21,totalClearance,pl_stats/A_Villa_7/events_stats/2020-21_events_stats.csv,
PL_PULSELIVE_HISTORICAL,team_match,2020-21,totalContest,pl_stats/A_Villa_7/events_stats/2020-21_events_stats.csv,
PL_PULSELIVE_HISTORICAL,team_match,2020-21,totalCornersIntobox,pl_stats/A_Villa_7/events_stats/2020-21_events_stats.csv,
PL_PULSELIVE_HISTORICAL,team_match,2020-21,totalCross,pl_stats/A_Villa_7/events_stats/2020-21_events_stats.csv,
PL_PULSELIVE_HISTORICAL,team_match,2020-21,totalCrossNocorner,pl_stats/A_Villa_7/events_stats/2020-21_events_stats.csv,
PL_PULSELIVE_HISTORICAL,team_match,2020-21,totalFastbreak,pl_stats/A_Villa_7/events_stats/2020-21_events_stats.csv,
PL_PULSELIVE_HISTORICAL,team_match,2020-21,totalFinalThirdPasses,pl_stats/A_Villa_7/events_stats/2020-21_events_stats.csv,
PL_PULSELIVE_HISTORICAL,team_match,2020-21,totalFlickOn,pl_stats/A_Villa_7/events_stats/2020-21_events_stats.csv,
PL_PULSELIVE_HISTORICAL,team_match,2020-21,totalFwdZonePass,pl_stats/A_Villa_7/events_stats/2020-21_events_stats.csv,
PL_PULSELIVE_HISTORICAL,team_match,2020-21,totalHighClaim,pl_stats/A_Villa_7/events_stats/2020-21_events_stats.csv,
PL_PULSELIVE_HISTORICAL,team_match,2020-21,totalKeeperSweeper,pl_stats/A_Villa_7/events_stats/2020-21_events_stats.csv,
PL_PULSELIVE_HISTORICAL,team_match,2020-21,totalLaunches,pl_stats/A_Villa_7/events_stats/2020-21_events_stats.csv,
PL_PULSELIVE_HISTORICAL,team_match,2020-21,totalLayoffs,pl_stats/A_Villa_7/events_stats/2020-21_events_stats.csv,
PL_PULSELIVE_HISTORICAL,team_match,2020-21,totalLongBalls,pl_stats/A_Villa_7/events_stats/2020-21_events_stats.csv,
PL_PULSELIVE_HISTORICAL,team_match,2020-21,totalOffside,pl_stats/A_Villa_7/events_stats/2020-21_events_stats.csv,
PL_PULSELIVE_HISTORICAL,team_match,2020-21,totalPass,pl_stats/A_Villa_7/events_stats/2020-21_events_stats.csv,
PL_PULSELIVE_HISTORICAL,team_match,2020-21,totalPullBack,pl_stats/A_Villa_7/events_stats/2020-21_events_stats.csv,
PL_PULSELIVE_HISTORICAL,team_match,2020-21,totalRedCard,pl_stats/A_Villa_7/events_stats/2020-21_events_stats.csv,
PL_PULSELIVE_HISTORICAL,team_match,2020-21,totalScoringAtt,pl_stats/A_Villa_7/events_stats/2020-21_events_stats.csv,
PL_PULSELIVE_HISTORICAL,team_match,2020-21,totalTackle,pl_stats/A_Villa_7/events_stats/2020-21_events_stats.csv,
PL_PULSELIVE_HISTORICAL,team_match,2020-21,totalThroughBall,pl_stats/A_Villa_7/events_stats/2020-21_events_stats.csv,
PL_PULSELIVE_HISTORICAL,team_match,2020-21,totalThrows,pl_stats/A_Villa_7/events_stats/2020-21_events_stats.csv,
PL_PULSELIVE_HISTORICAL,team_match,2020-21,totalYelCard,pl_stats/A_Villa_7/events_stats/2020-21_events_stats.csv,
PL_PULSELIVE_HISTORICAL,team_match,2020-21,touches,pl_stats/A_Villa_7/events_stats/2020-21_events_stats.csv,
PL_PULSELIVE_HISTORICAL,team_match,2020-21,touchesInOppBox,pl_stats/A_Villa_7/events_stats/2020-21_events_stats.csv,
PL_PULSELIVE_HISTORICAL,team_match,2020-21,unsuccessfulTouch,pl_stats/A_Villa_7/events_stats/2020-21_events_stats.csv,
PL_PULSELIVE_HISTORICAL,team_match,2020-21,venue,pl_stats/A_Villa_7/events_stats/2020-21_events_stats.csv,
PL_PULSELIVE_HISTORICAL,team_match,2020-21,winningGoal,pl_stats/A_Villa_7/events_stats/2020-21_events_stats.csv,
PL_PULSELIVE_HISTORICAL,team_match,2020-21,wonContest,pl_stats/A_Villa_7/events_stats/2020-21_events_stats.csv,
PL_PULSELIVE_HISTORICAL,team_match,2020-21,wonCorners,pl_stats/A_Villa_7/events_stats/2020-21_events_stats.csv,
PL_PULSELIVE_HISTORICAL,team_match,2020-21,wonTackle,pl_stats/A_Villa_7/events_stats/2020-21_events_stats.csv,
PL_PULSELIVE_HISTORICAL,team_match,2020-21,yellowCard,pl_stats/A_Villa_7/events_stats/2020-21_events_stats.csv,
PL_PULSELIVE_HISTORICAL,team_match,2021-22,accurateBackZonePass,pl_stats/A_Villa_7/events_stats/2021-22_events_stats.csv,
PL_PULSELIVE_HISTORICAL,team_match,2021-22,accurateChippedPass,pl_stats/A_Villa_7/events_stats/2021-22_events_stats.csv,
PL_PULSELIVE_HISTORICAL,team_match,2021-22,accurateCornersIntobox,pl_stats/A_Villa_7/events_stats/2021-22_events_stats.csv,
PL_PULSELIVE_HISTORICAL,team_match,2021-22,accurateCross,pl_stats/A_Villa_7/events_stats/2021-22_events_stats.csv,
PL_PULSELIVE_HISTORICAL,team_match,2021-22,accurateCrossNocorner,pl_stats/A_Villa_7/events_stats/2021-22_events_stats.csv,
PL_PULSELIVE_HISTORICAL,team_match,2021-22,accurateFlickOn,pl_stats/A_Villa_7/events_stats/2021-22_events_stats.csv,
PL_PULSELIVE_HISTORICAL,team_match,2021-22,accurateFreekickCross,pl_stats/A_Villa_7/events_stats/2021-22_events_stats.csv,
PL_PULSELIVE_HISTORICAL,team_match,2021-22,accurateFwdZonePass,pl_stats/A_Villa_7/events_stats/2021-22_events_stats.csv,
PL_PULSELIVE_HISTORICAL,team_match,2021-22,accurateGoalKicks,pl_stats/A_Villa_7/events_stats/2021-22_events_stats.csv,
PL_PULSELIVE_HISTORICAL,team_match,2021-22,accurateKeeperSweeper,pl_stats/A_Villa_7/events_stats/2021-22_events_stats.csv,
PL_PULSELIVE_HISTORICAL,team_match,2021-22,accurateKeeperThrows,pl_stats/A_Villa_7/events_stats/2021-22_events_stats.csv,
PL_PULSELIVE_HISTORICAL,team_match,2021-22,accurateLaunches,pl_stats/A_Villa_7/events_stats/2021-22_events_stats.csv,
PL_PULSELIVE_HISTORICAL,team_match,2021-22,accurateLayoffs,pl_stats/A_Villa_7/events_stats/2021-22_events_stats.csv,
PL_PULSELIVE_HISTORICAL,team_match,2021-22,accurateLongBalls,pl_stats/A_Villa_7/events_stats/2021-22_events_stats.csv,
PL_PULSELIVE_HISTORICAL,team_match,2021-22,accuratePass,pl_stats/A_Villa_7/events_stats/2021-22_events_stats.csv,
PL_PULSELIVE_HISTORICAL,team_match,2021-22,accuratePullBack,pl_stats/A_Villa_7/events_stats/2021-22_events_stats.csv,
PL_PULSELIVE_HISTORICAL,team_match,2021-22,accurateThroughBall,pl_stats/A_Villa_7/events_stats/2021-22_events_stats.csv,
PL_PULSELIVE_HISTORICAL,team_match,2021-22,accurateThrows,pl_stats/A_Villa_7/events_stats/2021-22_events_stats.csv,
PL_PULSELIVE_HISTORICAL,team_match,2021-22,aerialLost,pl_stats/A_Villa_7/events_stats/2021-22_events_stats.csv,
PL_PULSELIVE_HISTORICAL,team_match,2021-22,aerialWon,pl_stats/A_Villa_7/events_stats/2021-22_events_stats.csv,
PL_PULSELIVE_HISTORICAL,team_match,2021-22,attAssistOpenplay,pl_stats/A_Villa_7/events_stats/2021-22_events_stats.csv,
PL_PULSELIVE_HISTORICAL,team_match,2021-22,attAssistSetplay,pl_stats/A_Villa_7/events_stats/2021-22_events_stats.csv,
PL_PULSELIVE_HISTORICAL,team_match,2021-22,attCorner,pl_stats/A_Villa_7/events_stats/2021-22_events_stats.csv,
PL_PULSELIVE_HISTORICAL,team_match,2021-22,attFastbreak,pl_stats/A_Villa_7/events_stats/2021-22_events_stats.csv,
PL_PULSELIVE_HISTORICAL,team_match,2021-22,attFreekickMiss,pl_stats/A_Villa_7/events_stats/2021-22_events_stats.csv,
PL_PULSELIVE_HISTORICAL,team_match,2021-22,attFreekickTarget,pl_stats/A_Villa_7/events_stats/2021-22_events_stats.csv,
PL_PULSELIVE_HISTORICAL,team_match,2021-22,attFreekickTotal,pl_stats/A_Villa_7/events_stats/2021-22_events_stats.csv,
PL_PULSELIVE_HISTORICAL,team_match,2021-22,attIboxOwnGoal,pl_stats/A_Villa_7/events_stats/2021-22_events_stats.csv,
PL_PULSELIVE_HISTORICAL,team_match,2021-22,attObxdLeft,pl_stats/A_Villa_7/events_stats/2021-22_events_stats.csv,
PL_PULSELIVE_HISTORICAL,team_match,2021-22,attObxdRight,pl_stats/A_Villa_7/events_stats/2021-22_events_stats.csv,
PL_PULSELIVE_HISTORICAL,team_match,2021-22,attOneOnOne,pl_stats/A_Villa_7/events_stats/2021-22_events_stats.csv,
PL_PULSELIVE_HISTORICAL,team_match,2021-22,attOpenplay,pl_stats/A_Villa_7/events_stats/2021-22_events_stats.csv,
PL_PULSELIVE_HISTORICAL,team_match,2021-22,attPenGoal,pl_stats/A_Villa_7/events_stats/2021-22_events_stats.csv,
PL_PULSELIVE_HISTORICAL,team_match,2021-22,attPostLeft,pl_stats/A_Villa_7/events_stats/2021-22_events_stats.csv,
PL_PULSELIVE_HISTORICAL,team_match,2021-22,attPostRight,pl_stats/A_Villa_7/events_stats/2021-22_events_stats.csv,
PL_PULSELIVE_HISTORICAL,team_match,2021-22,attSetpiece,pl_stats/A_Villa_7/events_stats/2021-22_events_stats.csv,
PL_PULSELIVE_HISTORICAL,team_match,2021-22,attemptedTackleFoul,pl_stats/A_Villa_7/events_stats/2021-22_events_stats.csv,
PL_PULSELIVE_HISTORICAL,team_match,2021-22,attemptsConcededIbox,pl_stats/A_Villa_7/events_stats/2021-22_events_stats.csv,
PL_PULSELIVE_HISTORICAL,team_match,2021-22,attemptsConcededObox,pl_stats/A_Villa_7/events_stats/2021-22_events_stats.csv,
PL_PULSELIVE_HISTORICAL,team_match,2021-22,attemptsIbox,pl_stats/A_Villa_7/events_stats/2021-22_events_stats.csv,
PL_PULSELIVE_HISTORICAL,team_match,2021-22,attemptsObox,pl_stats/A_Villa_7/events_stats/2021-22_events_stats.csv,
PL_PULSELIVE_HISTORICAL,team_match,2021-22,attendance,pl_stats/A_Villa_7/events_stats/2021-22_events_stats.csv,
PL_PULSELIVE_HISTORICAL,team_match,2021-22,backwardPass,pl_stats/A_Villa_7/events_stats/2021-22_events_stats.csv,
PL_PULSELIVE_HISTORICAL,team_match,2021-22,ballRecovery,pl_stats/A_Villa_7/events_stats/2021-22_events_stats.csv,
PL_PULSELIVE_HISTORICAL,team_match,2021-22,bigChanceCreated,pl_stats/A_Villa_7/events_stats/2021-22_events_stats.csv,
PL_PULSELIVE_HISTORICAL,team_match,2021-22,bigChanceMissed,pl_stats/A_Villa_7/events_stats/2021-22_events_stats.csv,
PL_PULSELIVE_HISTORICAL,team_match,2021-22,bigChanceScored,pl_stats/A_Villa_7/events_stats/2021-22_events_stats.csv,
PL_PULSELIVE_HISTORICAL,team_match,2021-22,blockedCross,pl_stats/A_Villa_7/events_stats/2021-22_events_stats.csv,
PL_PULSELIVE_HISTORICAL,team_match,2021-22,blockedPass,pl_stats/A_Villa_7/events_stats/2021-22_events_stats.csv,
PL_PULSELIVE_HISTORICAL,team_match,2021-22,blockedScoringAtt,pl_stats/A_Villa_7/events_stats/2021-22_events_stats.csv,
PL_PULSELIVE_HISTORICAL,team_match,2021-22,challengeLost,pl_stats/A_Villa_7/events_stats/2021-22_events_stats.csv,
PL_PULSELIVE_HISTORICAL,team_match,2021-22,clearanceOffLine,pl_stats/A_Villa_7/events_stats/2021-22_events_stats.csv,
PL_PULSELIVE_HISTORICAL,team_match,2021-22,contentiousDecision,pl_stats/A_Villa_7/events_stats/2021-22_events_stats.csv,
PL_PULSELIVE_HISTORICAL,team_match,2021-22,cornerTaken,pl_stats/A_Villa_7/events_stats/2021-22_events_stats.csv,
PL_PULSELIVE_HISTORICAL,team_match,2021-22,crosses18yard,pl_stats/A_Villa_7/events_stats/2021-22_events_stats.csv,
PL_PULSELIVE_HISTORICAL,team_match,2021-22,crosses18yardplus,pl_stats/A_Villa_7/events_stats/2021-22_events_stats.csv,
PL_PULSELIVE_HISTORICAL,team_match,2021-22,defenderGoals,pl_stats/A_Villa_7/events_stats/2021-22_events_stats.csv,
PL_PULSELIVE_HISTORICAL,team_match,2021-22,dispossessed,pl_stats/A_Villa_7/events_stats/2021-22_events_stats.csv,
PL_PULSELIVE_HISTORICAL,team_match,2021-22,divingSave,pl_stats/A_Villa_7/events_stats/2021-22_events_stats.csv,
PL_PULSELIVE_HISTORICAL,team_match,2021-22,duelLost,pl_stats/A_Villa_7/events_stats/2021-22_events_stats.csv,
PL_PULSELIVE_HISTORICAL,team_match,2021-22,duelWon,pl_stats/A_Villa_7/events_stats/2021-22_events_stats.csv,
PL_PULSELIVE_HISTORICAL,team_match,2021-22,effectiveBlockedCross,pl_stats/A_Villa_7/events_stats/2021-22_events_stats.csv,
PL_PULSELIVE_HISTORICAL,team_match,2021-22,effectiveClearance,pl_stats/A_Villa_7/events_stats/2021-22_events_stats.csv,
PL_PULSELIVE_HISTORICAL,team_match,2021-22,effectiveHeadClearance,pl_stats/A_Villa_7/events_stats/2021-22_events_stats.csv,
PL_PULSELIVE_HISTORICAL,team_match,2021-22,errorLeadToGoal,pl_stats/A_Villa_7/events_stats/2021-22_events_stats.csv,
PL_PULSELIVE_HISTORICAL,team_match,2021-22,errorLeadToShot,pl_stats/A_Villa_7/events_stats/2021-22_events_stats.csv,
PL_PULSELIVE_HISTORICAL,team_match,2021-22,fiftyFifty,pl_stats/A_Villa_7/events_stats/2021-22_events_stats.csv,
PL_PULSELIVE_HISTORICAL,team_match,2021-22,finalThirdEntries,pl_stats/A_Villa_7/events_stats/2021-22_events_stats.csv,
PL_PULSELIVE_HISTORICAL,team_match,2021-22,fkFoulLost,pl_stats/A_Villa_7/events_stats/2021-22_events_stats.csv,
PL_PULSELIVE_HISTORICAL,team_match,2021-22,fkFoulWon,pl_stats/A_Villa_7/events_stats/2021-22_events_stats.csv,
PL_PULSELIVE_HISTORICAL,team_match,2021-22,forwardGoals,pl_stats/A_Villa_7/events_stats/2021-22_events_stats.csv,
PL_PULSELIVE_HISTORICAL,team_match,2021-22,foulThrowIn,pl_stats/A_Villa_7/events_stats/2021-22_events_stats.csv,
PL_PULSELIVE_HISTORICAL,team_match,2021-22,fouledFinalThird,pl_stats/A_Villa_7/events_stats/2021-22_events_stats.csv,
PL_PULSELIVE_HISTORICAL,team_match,2021-22,freekickCross,pl_stats/A_Villa_7/events_stats/2021-22_events_stats.csv,
PL_PULSELIVE_HISTORICAL,team_match,2021-22,freekickTotal,pl_stats/A_Villa_7/events_stats/2021-22_events_stats.csv,
PL_PULSELIVE_HISTORICAL,team_match,2021-22,fwdPass,pl_stats/A_Villa_7/events_stats/2021-22_events_stats.csv,
PL_PULSELIVE_HISTORICAL,team_match,2021-22,gameweek,pl_stats/A_Villa_7/events_stats/2021-22_events_stats.csv,
PL_PULSELIVE_HISTORICAL,team_match,2021-22,goalAssist,pl_stats/A_Villa_7/events_stats/2021-22_events_stats.csv,
PL_PULSELIVE_HISTORICAL,team_match,2021-22,goalAssistDeadball,pl_stats/A_Villa_7/events_stats/2021-22_events_stats.csv,
PL_PULSELIVE_HISTORICAL,team_match,2021-22,goalAssistIntentional,pl_stats/A_Villa_7/events_stats/2021-22_events_stats.csv,
PL_PULSELIVE_HISTORICAL,team_match,2021-22,goalAssistOpenplay,pl_stats/A_Villa_7/events_stats/2021-22_events_stats.csv,
PL_PULSELIVE_HISTORICAL,team_match,2021-22,goalAssistSetplay,pl_stats/A_Villa_7/events_stats/2021-22_events_stats.csv,
PL_PULSELIVE_HISTORICAL,team_match,2021-22,goalFastbreak,pl_stats/A_Villa_7/events_stats/2021-22_events_stats.csv,
PL_PULSELIVE_HISTORICAL,team_match,2021-22,goalKicks,pl_stats/A_Villa_7/events_stats/2021-22_events_stats.csv,
PL_PULSELIVE_HISTORICAL,team_match,2021-22,goalsAgainst,pl_stats/A_Villa_7/events_stats/2021-22_events_stats.csv,
PL_PULSELIVE_HISTORICAL,team_match,2021-22,goalsFor,pl_stats/A_Villa_7/events_stats/2021-22_events_stats.csv,
PL_PULSELIVE_HISTORICAL,team_match,2021-22,goalsOpenplay,pl_stats/A_Villa_7/events_stats/2021-22_events_stats.csv,
PL_PULSELIVE_HISTORICAL,team_match,2021-22,goodHighClaim,pl_stats/A_Villa_7/events_stats/2021-22_events_stats.csv,
PL_PULSELIVE_HISTORICAL,team_match,2021-22,ground,pl_stats/A_Villa_7/events_stats/2021-22_events_stats.csv,
PL_PULSELIVE_HISTORICAL,team_match,2021-22,halfTimeAgainst,pl_stats/A_Villa_7/events_stats/2021-22_events_stats.csv,
PL_PULSELIVE_HISTORICAL,team_match,2021-22,halfTimeFor,pl_stats/A_Villa_7/events_stats/2021-22_events_stats.csv,
PL_PULSELIVE_HISTORICAL,team_match,2021-22,handBall,pl_stats/A_Villa_7/events_stats/2021-22_events_stats.csv,
PL_PULSELIVE_HISTORICAL,team_match,2021-22,headClearance,pl_stats/A_Villa_7/events_stats/2021-22_events_stats.csv,
PL_PULSELIVE_HISTORICAL,team_match,2021-22,hitWoodwork,pl_stats/A_Villa_7/events_stats/2021-22_events_stats.csv,
PL_PULSELIVE_HISTORICAL,team_match,2021-22,interception,pl_stats/A_Villa_7/events_stats/2021-22_events_stats.csv,
PL_PULSELIVE_HISTORICAL,team_match,2021-22,interceptionWon,pl_stats/A_Villa_7/events_stats/2021-22_events_stats.csv,
PL_PULSELIVE_HISTORICAL,team_match,2021-22,interceptionsInBox,pl_stats/A_Villa_7/events_stats/2021-22_events_stats.csv,
PL_PULSELIVE_HISTORICAL,team_match,2021-22,keeperThrows,pl_stats/A_Villa_7/events_stats/2021-22_events_stats.csv,
PL_PULSELIVE_HISTORICAL,team_match,2021-22,kickoff,pl_stats/A_Villa_7/events_stats/2021-22_events_stats.csv,
PL_PULSELIVE_HISTORICAL,team_match,2021-22,leftsidePass,pl_stats/A_Villa_7/events_stats/2021-22_events_stats.csv,
PL_PULSELIVE_HISTORICAL,team_match,2021-22,longPassOwnToOpp,pl_stats/A_Villa_7/events_stats/2021-22_events_stats.csv,
PL_PULSELIVE_HISTORICAL,team_match,2021-22,longPassOwnToOppSuccess,pl_stats/A_Villa_7/events_stats/2021-22_events_stats.csv,
PL_PULSELIVE_HISTORICAL,team_match,2021-22,lostCorners,pl_stats/A_Villa_7/events_stats/2021-22_events_stats.csv,
PL_PULSELIVE_HISTORICAL,team_match,2021-22,matchId,pl_stats/A_Villa_7/events_stats/2021-22_events_stats.csv,
PL_PULSELIVE_HISTORICAL,team_match,2021-22,midfielderGoals,pl_stats/A_Villa_7/events_stats/2021-22_events_stats.csv,
PL_PULSELIVE_HISTORICAL,team_match,2021-22,offtargetAttAssist,pl_stats/A_Villa_7/events_stats/2021-22_events_stats.csv,
PL_PULSELIVE_HISTORICAL,team_match,2021-22,ontargetAttAssist,pl_stats/A_Villa_7/events_stats/2021-22_events_stats.csv,
PL_PULSELIVE_HISTORICAL,team_match,2021-22,ontargetScoringAtt,pl_stats/A_Villa_7/events_stats/2021-22_events_stats.csv,
PL_PULSELIVE_HISTORICAL,team_match,2021-22,openPlayPass,pl_stats/A_Villa_7/events_stats/2021-22_events_stats.csv,
PL_PULSELIVE_HISTORICAL,team_match,2021-22,opponent,pl_stats/A_Villa_7/events_stats/2021-22_events_stats.csv,
PL_PULSELIVE_HISTORICAL,team_match,2021-22,opponent_id,pl_stats/A_Villa_7/events_stats/2021-22_events_stats.csv,
PL_PULSELIVE_HISTORICAL,team_match,2021-22,outfielderBlock,pl_stats/A_Villa_7/events_stats/2021-22_events_stats.csv,
PL_PULSELIVE_HISTORICAL,team_match,2021-22,overrun,pl_stats/A_Villa_7/events_stats/2021-22_events_stats.csv,
PL_PULSELIVE_HISTORICAL,team_match,2021-22,ownGoals,pl_stats/A_Villa_7/events_stats/2021-22_events_stats.csv,
PL_PULSELIVE_HISTORICAL,team_match,2021-22,passesLeft,pl_stats/A_Villa_7/events_stats/2021-22_events_stats.csv,
PL_PULSELIVE_HISTORICAL,team_match,2021-22,passesRight,pl_stats/A_Villa_7/events_stats/2021-22_events_stats.csv,
PL_PULSELIVE_HISTORICAL,team_match,2021-22,penAreaEntries,pl_stats/A_Villa_7/events_stats/2021-22_events_stats.csv,
PL_PULSELIVE_HISTORICAL,team_match,2021-22,penGoalsConceded,pl_stats/A_Villa_7/events_stats/2021-22_events_stats.csv,
PL_PULSELIVE_HISTORICAL,team_match,2021-22,penaltyConceded,pl_stats/A_Villa_7/events_stats/2021-22_events_stats.csv,
PL_PULSELIVE_HISTORICAL,team_match,2021-22,penaltyFaced,pl_stats/A_Villa_7/events_stats/2021-22_events_stats.csv,
PL_PULSELIVE_HISTORICAL,team_match,2021-22,penaltySave,pl_stats/A_Villa_7/events_stats/2021-22_events_stats.csv,
PL_PULSELIVE_HISTORICAL,team_match,2021-22,penaltyWon,pl_stats/A_Villa_7/events_stats/2021-22_events_stats.csv,
PL_PULSELIVE_HISTORICAL,team_match,2021-22,possLostAll,pl_stats/A_Villa_7/events_stats/2021-22_events_stats.csv,
PL_PULSELIVE_HISTORICAL,team_match,2021-22,possLostCtrl,pl_stats/A_Villa_7/events_stats/2021-22_events_stats.csv,
PL_PULSELIVE_HISTORICAL,team_match,2021-22,possWonAtt3rd,pl_stats/A_Villa_7/events_stats/2021-22_events_stats.csv,
PL_PULSELIVE_HISTORICAL,team_match,2021-22,possWonDef3rd,pl_stats/A_Villa_7/events_stats/2021-22_events_stats.csv,
PL_PULSELIVE_HISTORICAL,team_match,2021-22,possWonMid3rd,pl_stats/A_Villa_7/events_stats/2021-22_events_stats.csv,
PL_PULSELIVE_HISTORICAL,team_match,2021-22,possessionPercentage,pl_stats/A_Villa_7/events_stats/2021-22_events_stats.csv,
PL_PULSELIVE_HISTORICAL,team_match,2021-22,postScoringAtt,pl_stats/A_Villa_7/events_stats/2021-22_events_stats.csv,
PL_PULSELIVE_HISTORICAL,team_match,2021-22,ptsDroppedWinningPos,pl_stats/A_Villa_7/events_stats/2021-22_events_stats.csv,
PL_PULSELIVE_HISTORICAL,team_match,2021-22,ptsGainedLosingPos,pl_stats/A_Villa_7/events_stats/2021-22_events_stats.csv,
PL_PULSELIVE_HISTORICAL,team_match,2021-22,punches,pl_stats/A_Villa_7/events_stats/2021-22_events_stats.csv,
PL_PULSELIVE_HISTORICAL,team_match,2021-22,putThrough,pl_stats/A_Villa_7/events_stats/2021-22_events_stats.csv,
PL_PULSELIVE_HISTORICAL,team_match,2021-22,redCard,pl_stats/A_Villa_7/events_stats/2021-22_events_stats.csv,
PL_PULSELIVE_HISTORICAL,team_match,2021-22,redCardsAgainst,pl_stats/A_Villa_7/events_stats/2021-22_events_stats.csv,
PL_PULSELIVE_HISTORICAL,team_match,2021-22,redCardsFor,pl_stats/A_Villa_7/events_stats/2021-22_events_stats.csv,
PL_PULSELIVE_HISTORICAL,team_match,2021-22,result,pl_stats/A_Villa_7/events_stats/2021-22_events_stats.csv,
PL_PULSELIVE_HISTORICAL,team_match,2021-22,rightsidePass,pl_stats/A_Villa_7/events_stats/2021-22_events_stats.csv,
PL_PULSELIVE_HISTORICAL,team_match,2021-22,savedIbox,pl_stats/A_Villa_7/events_stats/2021-22_events_stats.csv,
PL_PULSELIVE_HISTORICAL,team_match,2021-22,savedObox,pl_stats/A_Villa_7/events_stats/2021-22_events_stats.csv,
PL_PULSELIVE_HISTORICAL,team_match,2021-22,saves,pl_stats/A_Villa_7/events_stats/2021-22_events_stats.csv,
PL_PULSELIVE_HISTORICAL,team_match,2021-22,secondYellow,pl_stats/A_Villa_7/events_stats/2021-22_events_stats.csv,
PL_PULSELIVE_HISTORICAL,team_match,2021-22,shieldBallOop,pl_stats/A_Villa_7/events_stats/2021-22_events_stats.csv,
PL_PULSELIVE_HISTORICAL,team_match,2021-22,shotFastbreak,pl_stats/A_Villa_7/events_stats/2021-22_events_stats.csv,
PL_PULSELIVE_HISTORICAL,team_match,2021-22,shotOffTarget,pl_stats/A_Villa_7/events_stats/2021-22_events_stats.csv,
PL_PULSELIVE_HISTORICAL,team_match,2021-22,sixYardBlock,pl_stats/A_Villa_7/events_stats/2021-22_events_stats.csv,
PL_PULSELIVE_HISTORICAL,team_match,2021-22,subsMade,pl_stats/A_Villa_7/events_stats/2021-22_events_stats.csv,
PL_PULSELIVE_HISTORICAL,team_match,2021-22,successfulFiftyFifty,pl_stats/A_Villa_7/events_stats/2021-22_events_stats.csv,
PL_PULSELIVE_HISTORICAL,team_match,2021-22,successfulFinalThirdPasses,pl_stats/A_Villa_7/events_stats/2021-22_events_stats.csv,
PL_PULSELIVE_HISTORICAL,team_match,2021-22,successfulOpenPlayPass,pl_stats/A_Villa_7/events_stats/2021-22_events_stats.csv,
PL_PULSELIVE_HISTORICAL,team_match,2021-22,successfulPutThrough,pl_stats/A_Villa_7/events_stats/2021-22_events_stats.csv,
PL_PULSELIVE_HISTORICAL,team_match,2021-22,team,pl_stats/A_Villa_7/events_stats/2021-22_events_stats.csv,
PL_PULSELIVE_HISTORICAL,team_match,2021-22,team_id,pl_stats/A_Villa_7/events_stats/2021-22_events_stats.csv,
PL_PULSELIVE_HISTORICAL,team_match,2021-22,totalAttAssist,pl_stats/A_Villa_7/events_stats/2021-22_events_stats.csv,
PL_PULSELIVE_HISTORICAL,team_match,2021-22,totalBackZonePass,pl_stats/A_Villa_7/events_stats/2021-22_events_stats.csv,
PL_PULSELIVE_HISTORICAL,team_match,2021-22,totalChippedPass,pl_stats/A_Villa_7/events_stats/2021-22_events_stats.csv,
PL_PULSELIVE_HISTORICAL,team_match,2021-22,totalClearance,pl_stats/A_Villa_7/events_stats/2021-22_events_stats.csv,
PL_PULSELIVE_HISTORICAL,team_match,2021-22,totalContest,pl_stats/A_Villa_7/events_stats/2021-22_events_stats.csv,
PL_PULSELIVE_HISTORICAL,team_match,2021-22,totalCornersIntobox,pl_stats/A_Villa_7/events_stats/2021-22_events_stats.csv,
PL_PULSELIVE_HISTORICAL,team_match,2021-22,totalCross,pl_stats/A_Villa_7/events_stats/2021-22_events_stats.csv,
PL_PULSELIVE_HISTORICAL,team_match,2021-22,totalCrossNocorner,pl_stats/A_Villa_7/events_stats/2021-22_events_stats.csv,
PL_PULSELIVE_HISTORICAL,team_match,2021-22,totalFastbreak,pl_stats/A_Villa_7/events_stats/2021-22_events_stats.csv,
PL_PULSELIVE_HISTORICAL,team_match,2021-22,totalFinalThirdPasses,pl_stats/A_Villa_7/events_stats/2021-22_events_stats.csv,
PL_PULSELIVE_HISTORICAL,team_match,2021-22,totalFlickOn,pl_stats/A_Villa_7/events_stats/2021-22_events_stats.csv,
PL_PULSELIVE_HISTORICAL,team_match,2021-22,totalFwdZonePass,pl_stats/A_Villa_7/events_stats/2021-22_events_stats.csv,
PL_PULSELIVE_HISTORICAL,team_match,2021-22,totalHighClaim,pl_stats/A_Villa_7/events_stats/2021-22_events_stats.csv,
PL_PULSELIVE_HISTORICAL,team_match,2021-22,totalKeeperSweeper,pl_stats/A_Villa_7/events_stats/2021-22_events_stats.csv,
PL_PULSELIVE_HISTORICAL,team_match,2021-22,totalLaunches,pl_stats/A_Villa_7/events_stats/2021-22_events_stats.csv,
PL_PULSELIVE_HISTORICAL,team_match,2021-22,totalLayoffs,pl_stats/A_Villa_7/events_stats/2021-22_events_stats.csv,
PL_PULSELIVE_HISTORICAL,team_match,2021-22,totalLongBalls,pl_stats/A_Villa_7/events_stats/2021-22_events_stats.csv,
PL_PULSELIVE_HISTORICAL,team_match,2021-22,totalOffside,pl_stats/A_Villa_7/events_stats/2021-22_events_stats.csv,
PL_PULSELIVE_HISTORICAL,team_match,2021-22,totalPass,pl_stats/A_Villa_7/events_stats/2021-22_events_stats.csv,
PL_PULSELIVE_HISTORICAL,team_match,2021-22,totalPullBack,pl_stats/A_Villa_7/events_stats/2021-22_events_stats.csv,
PL_PULSELIVE_HISTORICAL,team_match,2021-22,totalRedCard,pl_stats/A_Villa_7/events_stats/2021-22_events_stats.csv,
PL_PULSELIVE_HISTORICAL,team_match,2021-22,totalScoringAtt,pl_stats/A_Villa_7/events_stats/2021-22_events_stats.csv,
PL_PULSELIVE_HISTORICAL,team_match,2021-22,totalTackle,pl_stats/A_Villa_7/events_stats/2021-22_events_stats.csv,
PL_PULSELIVE_HISTORICAL,team_match,2021-22,totalThroughBall,pl_stats/A_Villa_7/events_stats/2021-22_events_stats.csv,
PL_PULSELIVE_HISTORICAL,team_match,2021-22,totalThrows,pl_stats/A_Villa_7/events_stats/2021-22_events_stats.csv,
PL_PULSELIVE_HISTORICAL,team_match,2021-22,totalYelCard,pl_stats/A_Villa_7/events_stats/2021-22_events_stats.csv,
PL_PULSELIVE_HISTORICAL,team_match,2021-22,touches,pl_stats/A_Villa_7/events_stats/2021-22_events_stats.csv,
PL_PULSELIVE_HISTORICAL,team_match,2021-22,touchesInOppBox,pl_stats/A_Villa_7/events_stats/2021-22_events_stats.csv,
PL_PULSELIVE_HISTORICAL,team_match,2021-22,unsuccessfulTouch,pl_stats/A_Villa_7/events_stats/2021-22_events_stats.csv,
PL_PULSELIVE_HISTORICAL,team_match,2021-22,venue,pl_stats/A_Villa_7/events_stats/2021-22_events_stats.csv,
PL_PULSELIVE_HISTORICAL,team_match,2021-22,wonContest,pl_stats/A_Villa_7/events_stats/2021-22_events_stats.csv,
PL_PULSELIVE_HISTORICAL,team_match,2021-22,wonCorners,pl_stats/A_Villa_7/events_stats/2021-22_events_stats.csv,
PL_PULSELIVE_HISTORICAL,team_match,2021-22,wonTackle,pl_stats/A_Villa_7/events_stats/2021-22_events_stats.csv,
PL_PULSELIVE_HISTORICAL,team_match,2021-22,yellowCard,pl_stats/A_Villa_7/events_stats/2021-22_events_stats.csv,
PL_PULSELIVE_HISTORICAL,team_match,2022-23,accurateBackZonePass,pl_stats/A_Villa_7/events_stats/2022-23_events_stats.csv,
PL_PULSELIVE_HISTORICAL,team_match,2022-23,accurateChippedPass,pl_stats/A_Villa_7/events_stats/2022-23_events_stats.csv,
PL_PULSELIVE_HISTORICAL,team_match,2022-23,accurateCornersIntobox,pl_stats/A_Villa_7/events_stats/2022-23_events_stats.csv,
PL_PULSELIVE_HISTORICAL,team_match,2022-23,accurateCross,pl_stats/A_Villa_7/events_stats/2022-23_events_stats.csv,
PL_PULSELIVE_HISTORICAL,team_match,2022-23,accurateCrossNocorner,pl_stats/A_Villa_7/events_stats/2022-23_events_stats.csv,
PL_PULSELIVE_HISTORICAL,team_match,2022-23,accurateFlickOn,pl_stats/A_Villa_7/events_stats/2022-23_events_stats.csv,
PL_PULSELIVE_HISTORICAL,team_match,2022-23,accurateFreekickCross,pl_stats/A_Villa_7/events_stats/2022-23_events_stats.csv,
PL_PULSELIVE_HISTORICAL,team_match,2022-23,accurateFwdZonePass,pl_stats/A_Villa_7/events_stats/2022-23_events_stats.csv,
PL_PULSELIVE_HISTORICAL,team_match,2022-23,accurateGoalKicks,pl_stats/A_Villa_7/events_stats/2022-23_events_stats.csv,
PL_PULSELIVE_HISTORICAL,team_match,2022-23,accurateKeeperSweeper,pl_stats/A_Villa_7/events_stats/2022-23_events_stats.csv,
PL_PULSELIVE_HISTORICAL,team_match,2022-23,accurateKeeperThrows,pl_stats/A_Villa_7/events_stats/2022-23_events_stats.csv,
PL_PULSELIVE_HISTORICAL,team_match,2022-23,accurateLaunches,pl_stats/A_Villa_7/events_stats/2022-23_events_stats.csv,
PL_PULSELIVE_HISTORICAL,team_match,2022-23,accurateLayoffs,pl_stats/A_Villa_7/events_stats/2022-23_events_stats.csv,
PL_PULSELIVE_HISTORICAL,team_match,2022-23,accurateLongBalls,pl_stats/A_Villa_7/events_stats/2022-23_events_stats.csv,
PL_PULSELIVE_HISTORICAL,team_match,2022-23,accuratePass,pl_stats/A_Villa_7/events_stats/2022-23_events_stats.csv,
PL_PULSELIVE_HISTORICAL,team_match,2022-23,accuratePullBack,pl_stats/A_Villa_7/events_stats/2022-23_events_stats.csv,
PL_PULSELIVE_HISTORICAL,team_match,2022-23,accurateThroughBall,pl_stats/A_Villa_7/events_stats/2022-23_events_stats.csv,
PL_PULSELIVE_HISTORICAL,team_match,2022-23,accurateThrows,pl_stats/A_Villa_7/events_stats/2022-23_events_stats.csv,
PL_PULSELIVE_HISTORICAL,team_match,2022-23,aerialLost,pl_stats/A_Villa_7/events_stats/2022-23_events_stats.csv,
PL_PULSELIVE_HISTORICAL,team_match,2022-23,aerialWon,pl_stats/A_Villa_7/events_stats/2022-23_events_stats.csv,
PL_PULSELIVE_HISTORICAL,team_match,2022-23,attAssistOpenplay,pl_stats/A_Villa_7/events_stats/2022-23_events_stats.csv,
PL_PULSELIVE_HISTORICAL,team_match,2022-23,attAssistSetplay,pl_stats/A_Villa_7/events_stats/2022-23_events_stats.csv,
PL_PULSELIVE_HISTORICAL,team_match,2022-23,attCorner,pl_stats/A_Villa_7/events_stats/2022-23_events_stats.csv,
PL_PULSELIVE_HISTORICAL,team_match,2022-23,attFastbreak,pl_stats/A_Villa_7/events_stats/2022-23_events_stats.csv,
PL_PULSELIVE_HISTORICAL,team_match,2022-23,attFreekickGoal,pl_stats/A_Villa_7/events_stats/2022-23_events_stats.csv,
PL_PULSELIVE_HISTORICAL,team_match,2022-23,attFreekickMiss,pl_stats/A_Villa_7/events_stats/2022-23_events_stats.csv,
PL_PULSELIVE_HISTORICAL,team_match,2022-23,attFreekickTarget,pl_stats/A_Villa_7/events_stats/2022-23_events_stats.csv,
PL_PULSELIVE_HISTORICAL,team_match,2022-23,attFreekickTotal,pl_stats/A_Villa_7/events_stats/2022-23_events_stats.csv,
PL_PULSELIVE_HISTORICAL,team_match,2022-23,attIboxOwnGoal,pl_stats/A_Villa_7/events_stats/2022-23_events_stats.csv,
PL_PULSELIVE_HISTORICAL,team_match,2022-23,attLgCentre,pl_stats/A_Villa_7/events_stats/2022-23_events_stats.csv,
PL_PULSELIVE_HISTORICAL,team_match,2022-23,attLgLeft,pl_stats/A_Villa_7/events_stats/2022-23_events_stats.csv,
PL_PULSELIVE_HISTORICAL,team_match,2022-23,attObxdLeft,pl_stats/A_Villa_7/events_stats/2022-23_events_stats.csv,
PL_PULSELIVE_HISTORICAL,team_match,2022-23,attObxdRight,pl_stats/A_Villa_7/events_stats/2022-23_events_stats.csv,
PL_PULSELIVE_HISTORICAL,team_match,2022-23,attOneOnOne,pl_stats/A_Villa_7/events_stats/2022-23_events_stats.csv,
PL_PULSELIVE_HISTORICAL,team_match,2022-23,attOpenplay,pl_stats/A_Villa_7/events_stats/2022-23_events_stats.csv,
PL_PULSELIVE_HISTORICAL,team_match,2022-23,attPenGoal,pl_stats/A_Villa_7/events_stats/2022-23_events_stats.csv,
PL_PULSELIVE_HISTORICAL,team_match,2022-23,attPenMiss,pl_stats/A_Villa_7/events_stats/2022-23_events_stats.csv,
PL_PULSELIVE_HISTORICAL,team_match,2022-23,attPostHigh,pl_stats/A_Villa_7/events_stats/2022-23_events_stats.csv,
PL_PULSELIVE_HISTORICAL,team_match,2022-23,attPostLeft,pl_stats/A_Villa_7/events_stats/2022-23_events_stats.csv,
PL_PULSELIVE_HISTORICAL,team_match,2022-23,attPostRight,pl_stats/A_Villa_7/events_stats/2022-23_events_stats.csv,
PL_PULSELIVE_HISTORICAL,team_match,2022-23,attSetpiece,pl_stats/A_Villa_7/events_stats/2022-23_events_stats.csv,
PL_PULSELIVE_HISTORICAL,team_match,2022-23,attemptedTackleFoul,pl_stats/A_Villa_7/events_stats/2022-23_events_stats.csv,
PL_PULSELIVE_HISTORICAL,team_match,2022-23,attemptsConcededIbox,pl_stats/A_Villa_7/events_stats/2022-23_events_stats.csv,
PL_PULSELIVE_HISTORICAL,team_match,2022-23,attemptsConcededObox,pl_stats/A_Villa_7/events_stats/2022-23_events_stats.csv,
PL_PULSELIVE_HISTORICAL,team_match,2022-23,attemptsIbox,pl_stats/A_Villa_7/events_stats/2022-23_events_stats.csv,
PL_PULSELIVE_HISTORICAL,team_match,2022-23,attemptsObox,pl_stats/A_Villa_7/events_stats/2022-23_events_stats.csv,
PL_PULSELIVE_HISTORICAL,team_match,2022-23,attendance,pl_stats/A_Villa_7/events_stats/2022-23_events_stats.csv,
PL_PULSELIVE_HISTORICAL,team_match,2022-23,backwardPass,pl_stats/A_Villa_7/events_stats/2022-23_events_stats.csv,
PL_PULSELIVE_HISTORICAL,team_match,2022-23,ballRecovery,pl_stats/A_Villa_7/events_stats/2022-23_events_stats.csv,
PL_PULSELIVE_HISTORICAL,team_match,2022-23,bigChanceCreated,pl_stats/A_Villa_7/events_stats/2022-23_events_stats.csv,
PL_PULSELIVE_HISTORICAL,team_match,2022-23,bigChanceMissed,pl_stats/A_Villa_7/events_stats/2022-23_events_stats.csv,
PL_PULSELIVE_HISTORICAL,team_match,2022-23,bigChanceScored,pl_stats/A_Villa_7/events_stats/2022-23_events_stats.csv,
PL_PULSELIVE_HISTORICAL,team_match,2022-23,blockedCross,pl_stats/A_Villa_7/events_stats/2022-23_events_stats.csv,
PL_PULSELIVE_HISTORICAL,team_match,2022-23,blockedPass,pl_stats/A_Villa_7/events_stats/2022-23_events_stats.csv,
PL_PULSELIVE_HISTORICAL,team_match,2022-23,blockedScoringAtt,pl_stats/A_Villa_7/events_stats/2022-23_events_stats.csv,
PL_PULSELIVE_HISTORICAL,team_match,2022-23,challengeLost,pl_stats/A_Villa_7/events_stats/2022-23_events_stats.csv,
PL_PULSELIVE_HISTORICAL,team_match,2022-23,clearanceOffLine,pl_stats/A_Villa_7/events_stats/2022-23_events_stats.csv,
PL_PULSELIVE_HISTORICAL,team_match,2022-23,contentiousDecision,pl_stats/A_Villa_7/events_stats/2022-23_events_stats.csv,
PL_PULSELIVE_HISTORICAL,team_match,2022-23,cornerTaken,pl_stats/A_Villa_7/events_stats/2022-23_events_stats.csv,
PL_PULSELIVE_HISTORICAL,team_match,2022-23,crosses18yard,pl_stats/A_Villa_7/events_stats/2022-23_events_stats.csv,
PL_PULSELIVE_HISTORICAL,team_match,2022-23,crosses18yardplus,pl_stats/A_Villa_7/events_stats/2022-23_events_stats.csv,
PL_PULSELIVE_HISTORICAL,team_match,2022-23,defenderGoals,pl_stats/A_Villa_7/events_stats/2022-23_events_stats.csv,
PL_PULSELIVE_HISTORICAL,team_match,2022-23,dispossessed,pl_stats/A_Villa_7/events_stats/2022-23_events_stats.csv,
PL_PULSELIVE_HISTORICAL,team_match,2022-23,divingSave,pl_stats/A_Villa_7/events_stats/2022-23_events_stats.csv,
PL_PULSELIVE_HISTORICAL,team_match,2022-23,duelLost,pl_stats/A_Villa_7/events_stats/2022-23_events_stats.csv,
PL_PULSELIVE_HISTORICAL,team_match,2022-23,duelWon,pl_stats/A_Villa_7/events_stats/2022-23_events_stats.csv,
PL_PULSELIVE_HISTORICAL,team_match,2022-23,effectiveBlockedCross,pl_stats/A_Villa_7/events_stats/2022-23_events_stats.csv,
PL_PULSELIVE_HISTORICAL,team_match,2022-23,effectiveClearance,pl_stats/A_Villa_7/events_stats/2022-23_events_stats.csv,
PL_PULSELIVE_HISTORICAL,team_match,2022-23,effectiveHeadClearance,pl_stats/A_Villa_7/events_stats/2022-23_events_stats.csv,
PL_PULSELIVE_HISTORICAL,team_match,2022-23,errorLeadToGoal,pl_stats/A_Villa_7/events_stats/2022-23_events_stats.csv,
PL_PULSELIVE_HISTORICAL,team_match,2022-23,errorLeadToShot,pl_stats/A_Villa_7/events_stats/2022-23_events_stats.csv,
PL_PULSELIVE_HISTORICAL,team_match,2022-23,fiftyFifty,pl_stats/A_Villa_7/events_stats/2022-23_events_stats.csv,
PL_PULSELIVE_HISTORICAL,team_match,2022-23,finalThirdEntries,pl_stats/A_Villa_7/events_stats/2022-23_events_stats.csv,
PL_PULSELIVE_HISTORICAL,team_match,2022-23,fkFoulLost,pl_stats/A_Villa_7/events_stats/2022-23_events_stats.csv,
PL_PULSELIVE_HISTORICAL,team_match,2022-23,fkFoulWon,pl_stats/A_Villa_7/events_stats/2022-23_events_stats.csv,
PL_PULSELIVE_HISTORICAL,team_match,2022-23,forwardGoals,pl_stats/A_Villa_7/events_stats/2022-23_events_stats.csv,
PL_PULSELIVE_HISTORICAL,team_match,2022-23,foulThrowIn,pl_stats/A_Villa_7/events_stats/2022-23_events_stats.csv,
PL_PULSELIVE_HISTORICAL,team_match,2022-23,fouledFinalThird,pl_stats/A_Villa_7/events_stats/2022-23_events_stats.csv,
PL_PULSELIVE_HISTORICAL,team_match,2022-23,freekickCross,pl_stats/A_Villa_7/events_stats/2022-23_events_stats.csv,
PL_PULSELIVE_HISTORICAL,team_match,2022-23,freekickTotal,pl_stats/A_Villa_7/events_stats/2022-23_events_stats.csv,
PL_PULSELIVE_HISTORICAL,team_match,2022-23,fwdPass,pl_stats/A_Villa_7/events_stats/2022-23_events_stats.csv,
PL_PULSELIVE_HISTORICAL,team_match,2022-23,gameweek,pl_stats/A_Villa_7/events_stats/2022-23_events_stats.csv,
PL_PULSELIVE_HISTORICAL,team_match,2022-23,goalAssist,pl_stats/A_Villa_7/events_stats/2022-23_events_stats.csv,
PL_PULSELIVE_HISTORICAL,team_match,2022-23,goalAssistDeadball,pl_stats/A_Villa_7/events_stats/2022-23_events_stats.csv,
PL_PULSELIVE_HISTORICAL,team_match,2022-23,goalAssistIntentional,pl_stats/A_Villa_7/events_stats/2022-23_events_stats.csv,
PL_PULSELIVE_HISTORICAL,team_match,2022-23,goalAssistOpenplay,pl_stats/A_Villa_7/events_stats/2022-23_events_stats.csv,
PL_PULSELIVE_HISTORICAL,team_match,2022-23,goalAssistSetplay,pl_stats/A_Villa_7/events_stats/2022-23_events_stats.csv,
PL_PULSELIVE_HISTORICAL,team_match,2022-23,goalFastbreak,pl_stats/A_Villa_7/events_stats/2022-23_events_stats.csv,
PL_PULSELIVE_HISTORICAL,team_match,2022-23,goalKicks,pl_stats/A_Villa_7/events_stats/2022-23_events_stats.csv,
PL_PULSELIVE_HISTORICAL,team_match,2022-23,goalsAgainst,pl_stats/A_Villa_7/events_stats/2022-23_events_stats.csv,
PL_PULSELIVE_HISTORICAL,team_match,2022-23,goalsFor,pl_stats/A_Villa_7/events_stats/2022-23_events_stats.csv,
PL_PULSELIVE_HISTORICAL,team_match,2022-23,goalsOpenplay,pl_stats/A_Villa_7/events_stats/2022-23_events_stats.csv,
PL_PULSELIVE_HISTORICAL,team_match,2022-23,goodHighClaim,pl_stats/A_Villa_7/events_stats/2022-23_events_stats.csv,
PL_PULSELIVE_HISTORICAL,team_match,2022-23,ground,pl_stats/A_Villa_7/events_stats/2022-23_events_stats.csv,
PL_PULSELIVE_HISTORICAL,team_match,2022-23,halfTimeAgainst,pl_stats/A_Villa_7/events_stats/2022-23_events_stats.csv,
PL_PULSELIVE_HISTORICAL,team_match,2022-23,halfTimeFor,pl_stats/A_Villa_7/events_stats/2022-23_events_stats.csv,
PL_PULSELIVE_HISTORICAL,team_match,2022-23,handBall,pl_stats/A_Villa_7/events_stats/2022-23_events_stats.csv,
PL_PULSELIVE_HISTORICAL,team_match,2022-23,headClearance,pl_stats/A_Villa_7/events_stats/2022-23_events_stats.csv,
PL_PULSELIVE_HISTORICAL,team_match,2022-23,hitWoodwork,pl_stats/A_Villa_7/events_stats/2022-23_events_stats.csv,
PL_PULSELIVE_HISTORICAL,team_match,2022-23,interception,pl_stats/A_Villa_7/events_stats/2022-23_events_stats.csv,
PL_PULSELIVE_HISTORICAL,team_match,2022-23,interceptionWon,pl_stats/A_Villa_7/events_stats/2022-23_events_stats.csv,
PL_PULSELIVE_HISTORICAL,team_match,2022-23,interceptionsInBox,pl_stats/A_Villa_7/events_stats/2022-23_events_stats.csv,
PL_PULSELIVE_HISTORICAL,team_match,2022-23,keeperThrows,pl_stats/A_Villa_7/events_stats/2022-23_events_stats.csv,
PL_PULSELIVE_HISTORICAL,team_match,2022-23,kickoff,pl_stats/A_Villa_7/events_stats/2022-23_events_stats.csv,
PL_PULSELIVE_HISTORICAL,team_match,2022-23,leftsidePass,pl_stats/A_Villa_7/events_stats/2022-23_events_stats.csv,
PL_PULSELIVE_HISTORICAL,team_match,2022-23,longPassOwnToOpp,pl_stats/A_Villa_7/events_stats/2022-23_events_stats.csv,
PL_PULSELIVE_HISTORICAL,team_match,2022-23,longPassOwnToOppSuccess,pl_stats/A_Villa_7/events_stats/2022-23_events_stats.csv,
PL_PULSELIVE_HISTORICAL,team_match,2022-23,lostCorners,pl_stats/A_Villa_7/events_stats/2022-23_events_stats.csv,
PL_PULSELIVE_HISTORICAL,team_match,2022-23,matchId,pl_stats/A_Villa_7/events_stats/2022-23_events_stats.csv,
PL_PULSELIVE_HISTORICAL,team_match,2022-23,midfielderGoals,pl_stats/A_Villa_7/events_stats/2022-23_events_stats.csv,
PL_PULSELIVE_HISTORICAL,team_match,2022-23,offtargetAttAssist,pl_stats/A_Villa_7/events_stats/2022-23_events_stats.csv,
PL_PULSELIVE_HISTORICAL,team_match,2022-23,ontargetAttAssist,pl_stats/A_Villa_7/events_stats/2022-23_events_stats.csv,
PL_PULSELIVE_HISTORICAL,team_match,2022-23,ontargetScoringAtt,pl_stats/A_Villa_7/events_stats/2022-23_events_stats.csv,
PL_PULSELIVE_HISTORICAL,team_match,2022-23,openPlayPass,pl_stats/A_Villa_7/events_stats/2022-23_events_stats.csv,
PL_PULSELIVE_HISTORICAL,team_match,2022-23,opponent,pl_stats/A_Villa_7/events_stats/2022-23_events_stats.csv,
PL_PULSELIVE_HISTORICAL,team_match,2022-23,opponent_id,pl_stats/A_Villa_7/events_stats/2022-23_events_stats.csv,
PL_PULSELIVE_HISTORICAL,team_match,2022-23,outfielderBlock,pl_stats/A_Villa_7/events_stats/2022-23_events_stats.csv,
PL_PULSELIVE_HISTORICAL,team_match,2022-23,overrun,pl_stats/A_Villa_7/events_stats/2022-23_events_stats.csv,
PL_PULSELIVE_HISTORICAL,team_match,2022-23,ownGoals,pl_stats/A_Villa_7/events_stats/2022-23_events_stats.csv,
PL_PULSELIVE_HISTORICAL,team_match,2022-23,passesLeft,pl_stats/A_Villa_7/events_stats/2022-23_events_stats.csv,
PL_PULSELIVE_HISTORICAL,team_match,2022-23,passesRight,pl_stats/A_Villa_7/events_stats/2022-23_events_stats.csv,
PL_PULSELIVE_HISTORICAL,team_match,2022-23,penAreaEntries,pl_stats/A_Villa_7/events_stats/2022-23_events_stats.csv,
PL_PULSELIVE_HISTORICAL,team_match,2022-23,penGoalsConceded,pl_stats/A_Villa_7/events_stats/2022-23_events_stats.csv,
PL_PULSELIVE_HISTORICAL,team_match,2022-23,penaltyConceded,pl_stats/A_Villa_7/events_stats/2022-23_events_stats.csv,
PL_PULSELIVE_HISTORICAL,team_match,2022-23,penaltyFaced,pl_stats/A_Villa_7/events_stats/2022-23_events_stats.csv,
PL_PULSELIVE_HISTORICAL,team_match,2022-23,penaltySave,pl_stats/A_Villa_7/events_stats/2022-23_events_stats.csv,
PL_PULSELIVE_HISTORICAL,team_match,2022-23,penaltyWon,pl_stats/A_Villa_7/events_stats/2022-23_events_stats.csv,
PL_PULSELIVE_HISTORICAL,team_match,2022-23,possLostAll,pl_stats/A_Villa_7/events_stats/2022-23_events_stats.csv,
PL_PULSELIVE_HISTORICAL,team_match,2022-23,possLostCtrl,pl_stats/A_Villa_7/events_stats/2022-23_events_stats.csv,
PL_PULSELIVE_HISTORICAL,team_match,2022-23,possWonAtt3rd,pl_stats/A_Villa_7/events_stats/2022-23_events_stats.csv,
PL_PULSELIVE_HISTORICAL,team_match,2022-23,possWonDef3rd,pl_stats/A_Villa_7/events_stats/2022-23_events_stats.csv,
PL_PULSELIVE_HISTORICAL,team_match,2022-23,possWonMid3rd,pl_stats/A_Villa_7/events_stats/2022-23_events_stats.csv,
PL_PULSELIVE_HISTORICAL,team_match,2022-23,possessionPercentage,pl_stats/A_Villa_7/events_stats/2022-23_events_stats.csv,
PL_PULSELIVE_HISTORICAL,team_match,2022-23,postScoringAtt,pl_stats/A_Villa_7/events_stats/2022-23_events_stats.csv,
PL_PULSELIVE_HISTORICAL,team_match,2022-23,ptsDroppedWinningPos,pl_stats/A_Villa_7/events_stats/2022-23_events_stats.csv,
PL_PULSELIVE_HISTORICAL,team_match,2022-23,ptsGainedLosingPos,pl_stats/A_Villa_7/events_stats/2022-23_events_stats.csv,
PL_PULSELIVE_HISTORICAL,team_match,2022-23,punches,pl_stats/A_Villa_7/events_stats/2022-23_events_stats.csv,
PL_PULSELIVE_HISTORICAL,team_match,2022-23,putThrough,pl_stats/A_Villa_7/events_stats/2022-23_events_stats.csv,
PL_PULSELIVE_HISTORICAL,team_match,2022-23,redCard,pl_stats/A_Villa_7/events_stats/2022-23_events_stats.csv,
PL_PULSELIVE_HISTORICAL,team_match,2022-23,redCardsAgainst,pl_stats/A_Villa_7/events_stats/2022-23_events_stats.csv,
PL_PULSELIVE_HISTORICAL,team_match,2022-23,redCardsFor,pl_stats/A_Villa_7/events_stats/2022-23_events_stats.csv,
PL_PULSELIVE_HISTORICAL,team_match,2022-23,result,pl_stats/A_Villa_7/events_stats/2022-23_events_stats.csv,
PL_PULSELIVE_HISTORICAL,team_match,2022-23,rightsidePass,pl_stats/A_Villa_7/events_stats/2022-23_events_stats.csv,
PL_PULSELIVE_HISTORICAL,team_match,2022-23,savedIbox,pl_stats/A_Villa_7/events_stats/2022-23_events_stats.csv,
PL_PULSELIVE_HISTORICAL,team_match,2022-23,savedObox,pl_stats/A_Villa_7/events_stats/2022-23_events_stats.csv,
PL_PULSELIVE_HISTORICAL,team_match,2022-23,saves,pl_stats/A_Villa_7/events_stats/2022-23_events_stats.csv,
PL_PULSELIVE_HISTORICAL,team_match,2022-23,shieldBallOop,pl_stats/A_Villa_7/events_stats/2022-23_events_stats.csv,
PL_PULSELIVE_HISTORICAL,team_match,2022-23,shotFastbreak,pl_stats/A_Villa_7/events_stats/2022-23_events_stats.csv,
PL_PULSELIVE_HISTORICAL,team_match,2022-23,shotOffTarget,pl_stats/A_Villa_7/events_stats/2022-23_events_stats.csv,
PL_PULSELIVE_HISTORICAL,team_match,2022-23,sixYardBlock,pl_stats/A_Villa_7/events_stats/2022-23_events_stats.csv,
PL_PULSELIVE_HISTORICAL,team_match,2022-23,subsGoals,pl_stats/A_Villa_7/events_stats/2022-23_events_stats.csv,
PL_PULSELIVE_HISTORICAL,team_match,2022-23,subsMade,pl_stats/A_Villa_7/events_stats/2022-23_events_stats.csv,
PL_PULSELIVE_HISTORICAL,team_match,2022-23,successfulFiftyFifty,pl_stats/A_Villa_7/events_stats/2022-23_events_stats.csv,
PL_PULSELIVE_HISTORICAL,team_match,2022-23,successfulFinalThirdPasses,pl_stats/A_Villa_7/events_stats/2022-23_events_stats.csv,
PL_PULSELIVE_HISTORICAL,team_match,2022-23,successfulOpenPlayPass,pl_stats/A_Villa_7/events_stats/2022-23_events_stats.csv,
PL_PULSELIVE_HISTORICAL,team_match,2022-23,successfulPutThrough,pl_stats/A_Villa_7/events_stats/2022-23_events_stats.csv,
PL_PULSELIVE_HISTORICAL,team_match,2022-23,team,pl_stats/A_Villa_7/events_stats/2022-23_events_stats.csv,
PL_PULSELIVE_HISTORICAL,team_match,2022-23,team_id,pl_stats/A_Villa_7/events_stats/2022-23_events_stats.csv,
PL_PULSELIVE_HISTORICAL,team_match,2022-23,totalAttAssist,pl_stats/A_Villa_7/events_stats/2022-23_events_stats.csv,
PL_PULSELIVE_HISTORICAL,team_match,2022-23,totalBackZonePass,pl_stats/A_Villa_7/events_stats/2022-23_events_stats.csv,
PL_PULSELIVE_HISTORICAL,team_match,2022-23,totalChippedPass,pl_stats/A_Villa_7/events_stats/2022-23_events_stats.csv,
PL_PULSELIVE_HISTORICAL,team_match,2022-23,totalClearance,pl_stats/A_Villa_7/events_stats/2022-23_events_stats.csv,
PL_PULSELIVE_HISTORICAL,team_match,2022-23,totalContest,pl_stats/A_Villa_7/events_stats/2022-23_events_stats.csv,
PL_PULSELIVE_HISTORICAL,team_match,2022-23,totalCornersIntobox,pl_stats/A_Villa_7/events_stats/2022-23_events_stats.csv,
PL_PULSELIVE_HISTORICAL,team_match,2022-23,totalCross,pl_stats/A_Villa_7/events_stats/2022-23_events_stats.csv,
PL_PULSELIVE_HISTORICAL,team_match,2022-23,totalCrossNocorner,pl_stats/A_Villa_7/events_stats/2022-23_events_stats.csv,
PL_PULSELIVE_HISTORICAL,team_match,2022-23,totalFastbreak,pl_stats/A_Villa_7/events_stats/2022-23_events_stats.csv,
PL_PULSELIVE_HISTORICAL,team_match,2022-23,totalFinalThirdPasses,pl_stats/A_Villa_7/events_stats/2022-23_events_stats.csv,
PL_PULSELIVE_HISTORICAL,team_match,2022-23,totalFlickOn,pl_stats/A_Villa_7/events_stats/2022-23_events_stats.csv,
PL_PULSELIVE_HISTORICAL,team_match,2022-23,totalFwdZonePass,pl_stats/A_Villa_7/events_stats/2022-23_events_stats.csv,
PL_PULSELIVE_HISTORICAL,team_match,2022-23,totalHighClaim,pl_stats/A_Villa_7/events_stats/2022-23_events_stats.csv,
PL_PULSELIVE_HISTORICAL,team_match,2022-23,totalKeeperSweeper,pl_stats/A_Villa_7/events_stats/2022-23_events_stats.csv,
PL_PULSELIVE_HISTORICAL,team_match,2022-23,totalLaunches,pl_stats/A_Villa_7/events_stats/2022-23_events_stats.csv,
PL_PULSELIVE_HISTORICAL,team_match,2022-23,totalLayoffs,pl_stats/A_Villa_7/events_stats/2022-23_events_stats.csv,
PL_PULSELIVE_HISTORICAL,team_match,2022-23,totalLongBalls,pl_stats/A_Villa_7/events_stats/2022-23_events_stats.csv,
PL_PULSELIVE_HISTORICAL,team_match,2022-23,totalOffside,pl_stats/A_Villa_7/events_stats/2022-23_events_stats.csv,
PL_PULSELIVE_HISTORICAL,team_match,2022-23,totalPass,pl_stats/A_Villa_7/events_stats/2022-23_events_stats.csv,
PL_PULSELIVE_HISTORICAL,team_match,2022-23,totalPullBack,pl_stats/A_Villa_7/events_stats/2022-23_events_stats.csv,
PL_PULSELIVE_HISTORICAL,team_match,2022-23,totalRedCard,pl_stats/A_Villa_7/events_stats/2022-23_events_stats.csv,
PL_PULSELIVE_HISTORICAL,team_match,2022-23,totalScoringAtt,pl_stats/A_Villa_7/events_stats/2022-23_events_stats.csv,
PL_PULSELIVE_HISTORICAL,team_match,2022-23,totalTackle,pl_stats/A_Villa_7/events_stats/2022-23_events_stats.csv,
PL_PULSELIVE_HISTORICAL,team_match,2022-23,totalThroughBall,pl_stats/A_Villa_7/events_stats/2022-23_events_stats.csv,
PL_PULSELIVE_HISTORICAL,team_match,2022-23,totalThrows,pl_stats/A_Villa_7/events_stats/2022-23_events_stats.csv,
PL_PULSELIVE_HISTORICAL,team_match,2022-23,totalYelCard,pl_stats/A_Villa_7/events_stats/2022-23_events_stats.csv,
PL_PULSELIVE_HISTORICAL,team_match,2022-23,touches,pl_stats/A_Villa_7/events_stats/2022-23_events_stats.csv,
PL_PULSELIVE_HISTORICAL,team_match,2022-23,touchesInOppBox,pl_stats/A_Villa_7/events_stats/2022-23_events_stats.csv,
PL_PULSELIVE_HISTORICAL,team_match,2022-23,unsuccessfulTouch,pl_stats/A_Villa_7/events_stats/2022-23_events_stats.csv,
PL_PULSELIVE_HISTORICAL,team_match,2022-23,venue,pl_stats/A_Villa_7/events_stats/2022-23_events_stats.csv,
PL_PULSELIVE_HISTORICAL,team_match,2022-23,wonContest,pl_stats/A_Villa_7/events_stats/2022-23_events_stats.csv,
PL_PULSELIVE_HISTORICAL,team_match,2022-23,wonCorners,pl_stats/A_Villa_7/events_stats/2022-23_events_stats.csv,
PL_PULSELIVE_HISTORICAL,team_match,2022-23,wonTackle,pl_stats/A_Villa_7/events_stats/2022-23_events_stats.csv,
PL_PULSELIVE_HISTORICAL,team_match,2022-23,yellowCard,pl_stats/A_Villa_7/events_stats/2022-23_events_stats.csv,
PL_PULSELIVE_HISTORICAL,team_match,2023-24,accurateBackZonePass,pl_stats/A_Villa_7/events_stats/2023-24_events_stats.csv,
PL_PULSELIVE_HISTORICAL,team_match,2023-24,accurateChippedPass,pl_stats/A_Villa_7/events_stats/2023-24_events_stats.csv,
PL_PULSELIVE_HISTORICAL,team_match,2023-24,accurateCornersIntobox,pl_stats/A_Villa_7/events_stats/2023-24_events_stats.csv,
PL_PULSELIVE_HISTORICAL,team_match,2023-24,accurateCross,pl_stats/A_Villa_7/events_stats/2023-24_events_stats.csv,
PL_PULSELIVE_HISTORICAL,team_match,2023-24,accurateCrossNocorner,pl_stats/A_Villa_7/events_stats/2023-24_events_stats.csv,
PL_PULSELIVE_HISTORICAL,team_match,2023-24,accurateFlickOn,pl_stats/A_Villa_7/events_stats/2023-24_events_stats.csv,
PL_PULSELIVE_HISTORICAL,team_match,2023-24,accurateFreekickCross,pl_stats/A_Villa_7/events_stats/2023-24_events_stats.csv,
PL_PULSELIVE_HISTORICAL,team_match,2023-24,accurateFwdZonePass,pl_stats/A_Villa_7/events_stats/2023-24_events_stats.csv,
PL_PULSELIVE_HISTORICAL,team_match,2023-24,accurateGoalKicks,pl_stats/A_Villa_7/events_stats/2023-24_events_stats.csv,
PL_PULSELIVE_HISTORICAL,team_match,2023-24,accurateKeeperSweeper,pl_stats/A_Villa_7/events_stats/2023-24_events_stats.csv,
PL_PULSELIVE_HISTORICAL,team_match,2023-24,accurateKeeperThrows,pl_stats/A_Villa_7/events_stats/2023-24_events_stats.csv,
PL_PULSELIVE_HISTORICAL,team_match,2023-24,accurateLaunches,pl_stats/A_Villa_7/events_stats/2023-24_events_stats.csv,
PL_PULSELIVE_HISTORICAL,team_match,2023-24,accurateLayoffs,pl_stats/A_Villa_7/events_stats/2023-24_events_stats.csv,
PL_PULSELIVE_HISTORICAL,team_match,2023-24,accurateLongBalls,pl_stats/A_Villa_7/events_stats/2023-24_events_stats.csv,
PL_PULSELIVE_HISTORICAL,team_match,2023-24,accuratePass,pl_stats/A_Villa_7/events_stats/2023-24_events_stats.csv,
PL_PULSELIVE_HISTORICAL,team_match,2023-24,accuratePullBack,pl_stats/A_Villa_7/events_stats/2023-24_events_stats.csv,
PL_PULSELIVE_HISTORICAL,team_match,2023-24,accurateThroughBall,pl_stats/A_Villa_7/events_stats/2023-24_events_stats.csv,
PL_PULSELIVE_HISTORICAL,team_match,2023-24,accurateThrows,pl_stats/A_Villa_7/events_stats/2023-24_events_stats.csv,
PL_PULSELIVE_HISTORICAL,team_match,2023-24,aerialLost,pl_stats/A_Villa_7/events_stats/2023-24_events_stats.csv,
PL_PULSELIVE_HISTORICAL,team_match,2023-24,aerialWon,pl_stats/A_Villa_7/events_stats/2023-24_events_stats.csv,
PL_PULSELIVE_HISTORICAL,team_match,2023-24,attAssistOpenplay,pl_stats/A_Villa_7/events_stats/2023-24_events_stats.csv,
PL_PULSELIVE_HISTORICAL,team_match,2023-24,attAssistSetplay,pl_stats/A_Villa_7/events_stats/2023-24_events_stats.csv,
PL_PULSELIVE_HISTORICAL,team_match,2023-24,attCorner,pl_stats/A_Villa_7/events_stats/2023-24_events_stats.csv,
PL_PULSELIVE_HISTORICAL,team_match,2023-24,attFastbreak,pl_stats/A_Villa_7/events_stats/2023-24_events_stats.csv,
PL_PULSELIVE_HISTORICAL,team_match,2023-24,attFreekickGoal,pl_stats/A_Villa_7/events_stats/2023-24_events_stats.csv,
PL_PULSELIVE_HISTORICAL,team_match,2023-24,attFreekickMiss,pl_stats/A_Villa_7/events_stats/2023-24_events_stats.csv,
PL_PULSELIVE_HISTORICAL,team_match,2023-24,attFreekickTarget,pl_stats/A_Villa_7/events_stats/2023-24_events_stats.csv,
PL_PULSELIVE_HISTORICAL,team_match,2023-24,attFreekickTotal,pl_stats/A_Villa_7/events_stats/2023-24_events_stats.csv,
PL_PULSELIVE_HISTORICAL,team_match,2023-24,attIboxOwnGoal,pl_stats/A_Villa_7/events_stats/2023-24_events_stats.csv,
PL_PULSELIVE_HISTORICAL,team_match,2023-24,attObxdLeft,pl_stats/A_Villa_7/events_stats/2023-24_events_stats.csv,
PL_PULSELIVE_HISTORICAL,team_match,2023-24,attObxdRight,pl_stats/A_Villa_7/events_stats/2023-24_events_stats.csv,
PL_PULSELIVE_HISTORICAL,team_match,2023-24,attOneOnOne,pl_stats/A_Villa_7/events_stats/2023-24_events_stats.csv,
PL_PULSELIVE_HISTORICAL,team_match,2023-24,attOpenplay,pl_stats/A_Villa_7/events_stats/2023-24_events_stats.csv,
PL_PULSELIVE_HISTORICAL,team_match,2023-24,attPenGoal,pl_stats/A_Villa_7/events_stats/2023-24_events_stats.csv,
PL_PULSELIVE_HISTORICAL,team_match,2023-24,attPostHigh,pl_stats/A_Villa_7/events_stats/2023-24_events_stats.csv,
PL_PULSELIVE_HISTORICAL,team_match,2023-24,attPostLeft,pl_stats/A_Villa_7/events_stats/2023-24_events_stats.csv,
PL_PULSELIVE_HISTORICAL,team_match,2023-24,attPostRight,pl_stats/A_Villa_7/events_stats/2023-24_events_stats.csv,
PL_PULSELIVE_HISTORICAL,team_match,2023-24,attSetpiece,pl_stats/A_Villa_7/events_stats/2023-24_events_stats.csv,
PL_PULSELIVE_HISTORICAL,team_match,2023-24,attemptedTackleFoul,pl_stats/A_Villa_7/events_stats/2023-24_events_stats.csv,
PL_PULSELIVE_HISTORICAL,team_match,2023-24,attemptsConcededIbox,pl_stats/A_Villa_7/events_stats/2023-24_events_stats.csv,
PL_PULSELIVE_HISTORICAL,team_match,2023-24,attemptsConcededObox,pl_stats/A_Villa_7/events_stats/2023-24_events_stats.csv,
PL_PULSELIVE_HISTORICAL,team_match,2023-24,attemptsIbox,pl_stats/A_Villa_7/events_stats/2023-24_events_stats.csv,
PL_PULSELIVE_HISTORICAL,team_match,2023-24,attemptsObox,pl_stats/A_Villa_7/events_stats/2023-24_events_stats.csv,
PL_PULSELIVE_HISTORICAL,team_match,2023-24,attendance,pl_stats/A_Villa_7/events_stats/2023-24_events_stats.csv,
PL_PULSELIVE_HISTORICAL,team_match,2023-24,backwardPass,pl_stats/A_Villa_7/events_stats/2023-24_events_stats.csv,
PL_PULSELIVE_HISTORICAL,team_match,2023-24,ballRecovery,pl_stats/A_Villa_7/events_stats/2023-24_events_stats.csv,
PL_PULSELIVE_HISTORICAL,team_match,2023-24,bigChanceCreated,pl_stats/A_Villa_7/events_stats/2023-24_events_stats.csv,
PL_PULSELIVE_HISTORICAL,team_match,2023-24,bigChanceMissed,pl_stats/A_Villa_7/events_stats/2023-24_events_stats.csv,
PL_PULSELIVE_HISTORICAL,team_match,2023-24,bigChanceScored,pl_stats/A_Villa_7/events_stats/2023-24_events_stats.csv,
PL_PULSELIVE_HISTORICAL,team_match,2023-24,blockedCross,pl_stats/A_Villa_7/events_stats/2023-24_events_stats.csv,
PL_PULSELIVE_HISTORICAL,team_match,2023-24,blockedPass,pl_stats/A_Villa_7/events_stats/2023-24_events_stats.csv,
PL_PULSELIVE_HISTORICAL,team_match,2023-24,blockedScoringAtt,pl_stats/A_Villa_7/events_stats/2023-24_events_stats.csv,
PL_PULSELIVE_HISTORICAL,team_match,2023-24,challengeLost,pl_stats/A_Villa_7/events_stats/2023-24_events_stats.csv,
PL_PULSELIVE_HISTORICAL,team_match,2023-24,clearanceOffLine,pl_stats/A_Villa_7/events_stats/2023-24_events_stats.csv,
PL_PULSELIVE_HISTORICAL,team_match,2023-24,contentiousDecision,pl_stats/A_Villa_7/events_stats/2023-24_events_stats.csv,
PL_PULSELIVE_HISTORICAL,team_match,2023-24,cornerTaken,pl_stats/A_Villa_7/events_stats/2023-24_events_stats.csv,
PL_PULSELIVE_HISTORICAL,team_match,2023-24,crosses18yard,pl_stats/A_Villa_7/events_stats/2023-24_events_stats.csv,
PL_PULSELIVE_HISTORICAL,team_match,2023-24,crosses18yardplus,pl_stats/A_Villa_7/events_stats/2023-24_events_stats.csv,
PL_PULSELIVE_HISTORICAL,team_match,2023-24,defenderGoals,pl_stats/A_Villa_7/events_stats/2023-24_events_stats.csv,
PL_PULSELIVE_HISTORICAL,team_match,2023-24,dispossessed,pl_stats/A_Villa_7/events_stats/2023-24_events_stats.csv,
PL_PULSELIVE_HISTORICAL,team_match,2023-24,divingSave,pl_stats/A_Villa_7/events_stats/2023-24_events_stats.csv,
PL_PULSELIVE_HISTORICAL,team_match,2023-24,duelLost,pl_stats/A_Villa_7/events_stats/2023-24_events_stats.csv,
PL_PULSELIVE_HISTORICAL,team_match,2023-24,duelWon,pl_stats/A_Villa_7/events_stats/2023-24_events_stats.csv,
PL_PULSELIVE_HISTORICAL,team_match,2023-24,effectiveBlockedCross,pl_stats/A_Villa_7/events_stats/2023-24_events_stats.csv,
PL_PULSELIVE_HISTORICAL,team_match,2023-24,effectiveClearance,pl_stats/A_Villa_7/events_stats/2023-24_events_stats.csv,
PL_PULSELIVE_HISTORICAL,team_match,2023-24,effectiveHeadClearance,pl_stats/A_Villa_7/events_stats/2023-24_events_stats.csv,
PL_PULSELIVE_HISTORICAL,team_match,2023-24,errorLeadToGoal,pl_stats/A_Villa_7/events_stats/2023-24_events_stats.csv,
PL_PULSELIVE_HISTORICAL,team_match,2023-24,errorLeadToShot,pl_stats/A_Villa_7/events_stats/2023-24_events_stats.csv,
PL_PULSELIVE_HISTORICAL,team_match,2023-24,finalThirdEntries,pl_stats/A_Villa_7/events_stats/2023-24_events_stats.csv,
PL_PULSELIVE_HISTORICAL,team_match,2023-24,fkFoulLost,pl_stats/A_Villa_7/events_stats/2023-24_events_stats.csv,
PL_PULSELIVE_HISTORICAL,team_match,2023-24,fkFoulWon,pl_stats/A_Villa_7/events_stats/2023-24_events_stats.csv,
PL_PULSELIVE_HISTORICAL,team_match,2023-24,forwardGoals,pl_stats/A_Villa_7/events_stats/2023-24_events_stats.csv,
PL_PULSELIVE_HISTORICAL,team_match,2023-24,foulThrowIn,pl_stats/A_Villa_7/events_stats/2023-24_events_stats.csv,
PL_PULSELIVE_HISTORICAL,team_match,2023-24,fouledFinalThird,pl_stats/A_Villa_7/events_stats/2023-24_events_stats.csv,
PL_PULSELIVE_HISTORICAL,team_match,2023-24,freekickCross,pl_stats/A_Villa_7/events_stats/2023-24_events_stats.csv,
PL_PULSELIVE_HISTORICAL,team_match,2023-24,freekickTotal,pl_stats/A_Villa_7/events_stats/2023-24_events_stats.csv,
PL_PULSELIVE_HISTORICAL,team_match,2023-24,fwdPass,pl_stats/A_Villa_7/events_stats/2023-24_events_stats.csv,
PL_PULSELIVE_HISTORICAL,team_match,2023-24,gameweek,pl_stats/A_Villa_7/events_stats/2023-24_events_stats.csv,
PL_PULSELIVE_HISTORICAL,team_match,2023-24,goalAssist,pl_stats/A_Villa_7/events_stats/2023-24_events_stats.csv,
PL_PULSELIVE_HISTORICAL,team_match,2023-24,goalAssistDeadball,pl_stats/A_Villa_7/events_stats/2023-24_events_stats.csv,
PL_PULSELIVE_HISTORICAL,team_match,2023-24,goalAssistIntentional,pl_stats/A_Villa_7/events_stats/2023-24_events_stats.csv,
PL_PULSELIVE_HISTORICAL,team_match,2023-24,goalAssistOpenplay,pl_stats/A_Villa_7/events_stats/2023-24_events_stats.csv,
PL_PULSELIVE_HISTORICAL,team_match,2023-24,goalAssistSetplay,pl_stats/A_Villa_7/events_stats/2023-24_events_stats.csv,
PL_PULSELIVE_HISTORICAL,team_match,2023-24,goalFastbreak,pl_stats/A_Villa_7/events_stats/2023-24_events_stats.csv,
PL_PULSELIVE_HISTORICAL,team_match,2023-24,goalKicks,pl_stats/A_Villa_7/events_stats/2023-24_events_stats.csv,
PL_PULSELIVE_HISTORICAL,team_match,2023-24,goalsAgainst,pl_stats/A_Villa_7/events_stats/2023-24_events_stats.csv,
PL_PULSELIVE_HISTORICAL,team_match,2023-24,goalsFor,pl_stats/A_Villa_7/events_stats/2023-24_events_stats.csv,
PL_PULSELIVE_HISTORICAL,team_match,2023-24,goalsOpenplay,pl_stats/A_Villa_7/events_stats/2023-24_events_stats.csv,
PL_PULSELIVE_HISTORICAL,team_match,2023-24,goodHighClaim,pl_stats/A_Villa_7/events_stats/2023-24_events_stats.csv,
PL_PULSELIVE_HISTORICAL,team_match,2023-24,ground,pl_stats/A_Villa_7/events_stats/2023-24_events_stats.csv,
PL_PULSELIVE_HISTORICAL,team_match,2023-24,halfTimeAgainst,pl_stats/A_Villa_7/events_stats/2023-24_events_stats.csv,
PL_PULSELIVE_HISTORICAL,team_match,2023-24,halfTimeFor,pl_stats/A_Villa_7/events_stats/2023-24_events_stats.csv,
PL_PULSELIVE_HISTORICAL,team_match,2023-24,handBall,pl_stats/A_Villa_7/events_stats/2023-24_events_stats.csv,
PL_PULSELIVE_HISTORICAL,team_match,2023-24,headClearance,pl_stats/A_Villa_7/events_stats/2023-24_events_stats.csv,
PL_PULSELIVE_HISTORICAL,team_match,2023-24,hitWoodwork,pl_stats/A_Villa_7/events_stats/2023-24_events_stats.csv,
PL_PULSELIVE_HISTORICAL,team_match,2023-24,interception,pl_stats/A_Villa_7/events_stats/2023-24_events_stats.csv,
PL_PULSELIVE_HISTORICAL,team_match,2023-24,interceptionWon,pl_stats/A_Villa_7/events_stats/2023-24_events_stats.csv,
PL_PULSELIVE_HISTORICAL,team_match,2023-24,interceptionsInBox,pl_stats/A_Villa_7/events_stats/2023-24_events_stats.csv,
PL_PULSELIVE_HISTORICAL,team_match,2023-24,keeperThrows,pl_stats/A_Villa_7/events_stats/2023-24_events_stats.csv,
PL_PULSELIVE_HISTORICAL,team_match,2023-24,kickoff,pl_stats/A_Villa_7/events_stats/2023-24_events_stats.csv,
PL_PULSELIVE_HISTORICAL,team_match,2023-24,leftsidePass,pl_stats/A_Villa_7/events_stats/2023-24_events_stats.csv,
PL_PULSELIVE_HISTORICAL,team_match,2023-24,longPassOwnToOpp,pl_stats/A_Villa_7/events_stats/2023-24_events_stats.csv,
PL_PULSELIVE_HISTORICAL,team_match,2023-24,longPassOwnToOppSuccess,pl_stats/A_Villa_7/events_stats/2023-24_events_stats.csv,
PL_PULSELIVE_HISTORICAL,team_match,2023-24,lostCorners,pl_stats/A_Villa_7/events_stats/2023-24_events_stats.csv,
PL_PULSELIVE_HISTORICAL,team_match,2023-24,matchId,pl_stats/A_Villa_7/events_stats/2023-24_events_stats.csv,
PL_PULSELIVE_HISTORICAL,team_match,2023-24,midfielderGoals,pl_stats/A_Villa_7/events_stats/2023-24_events_stats.csv,
PL_PULSELIVE_HISTORICAL,team_match,2023-24,offtargetAttAssist,pl_stats/A_Villa_7/events_stats/2023-24_events_stats.csv,
PL_PULSELIVE_HISTORICAL,team_match,2023-24,ontargetAttAssist,pl_stats/A_Villa_7/events_stats/2023-24_events_stats.csv,
PL_PULSELIVE_HISTORICAL,team_match,2023-24,ontargetScoringAtt,pl_stats/A_Villa_7/events_stats/2023-24_events_stats.csv,
PL_PULSELIVE_HISTORICAL,team_match,2023-24,openPlayPass,pl_stats/A_Villa_7/events_stats/2023-24_events_stats.csv,
PL_PULSELIVE_HISTORICAL,team_match,2023-24,opponent,pl_stats/A_Villa_7/events_stats/2023-24_events_stats.csv,
PL_PULSELIVE_HISTORICAL,team_match,2023-24,opponent_id,pl_stats/A_Villa_7/events_stats/2023-24_events_stats.csv,
PL_PULSELIVE_HISTORICAL,team_match,2023-24,outfielderBlock,pl_stats/A_Villa_7/events_stats/2023-24_events_stats.csv,
PL_PULSELIVE_HISTORICAL,team_match,2023-24,overrun,pl_stats/A_Villa_7/events_stats/2023-24_events_stats.csv,
PL_PULSELIVE_HISTORICAL,team_match,2023-24,ownGoals,pl_stats/A_Villa_7/events_stats/2023-24_events_stats.csv,
PL_PULSELIVE_HISTORICAL,team_match,2023-24,passesLeft,pl_stats/A_Villa_7/events_stats/2023-24_events_stats.csv,
PL_PULSELIVE_HISTORICAL,team_match,2023-24,passesRight,pl_stats/A_Villa_7/events_stats/2023-24_events_stats.csv,
PL_PULSELIVE_HISTORICAL,team_match,2023-24,penAreaEntries,pl_stats/A_Villa_7/events_stats/2023-24_events_stats.csv,
PL_PULSELIVE_HISTORICAL,team_match,2023-24,penGoalsConceded,pl_stats/A_Villa_7/events_stats/2023-24_events_stats.csv,
PL_PULSELIVE_HISTORICAL,team_match,2023-24,penaltyConceded,pl_stats/A_Villa_7/events_stats/2023-24_events_stats.csv,
PL_PULSELIVE_HISTORICAL,team_match,2023-24,penaltyFaced,pl_stats/A_Villa_7/events_stats/2023-24_events_stats.csv,
PL_PULSELIVE_HISTORICAL,team_match,2023-24,penaltySave,pl_stats/A_Villa_7/events_stats/2023-24_events_stats.csv,
PL_PULSELIVE_HISTORICAL,team_match,2023-24,penaltyWon,pl_stats/A_Villa_7/events_stats/2023-24_events_stats.csv,
PL_PULSELIVE_HISTORICAL,team_match,2023-24,possLostAll,pl_stats/A_Villa_7/events_stats/2023-24_events_stats.csv,
PL_PULSELIVE_HISTORICAL,team_match,2023-24,possLostCtrl,pl_stats/A_Villa_7/events_stats/2023-24_events_stats.csv,
PL_PULSELIVE_HISTORICAL,team_match,2023-24,possWonAtt3rd,pl_stats/A_Villa_7/events_stats/2023-24_events_stats.csv,
PL_PULSELIVE_HISTORICAL,team_match,2023-24,possWonDef3rd,pl_stats/A_Villa_7/events_stats/2023-24_events_stats.csv,
PL_PULSELIVE_HISTORICAL,team_match,2023-24,possWonMid3rd,pl_stats/A_Villa_7/events_stats/2023-24_events_stats.csv,
PL_PULSELIVE_HISTORICAL,team_match,2023-24,possessionPercentage,pl_stats/A_Villa_7/events_stats/2023-24_events_stats.csv,
PL_PULSELIVE_HISTORICAL,team_match,2023-24,postScoringAtt,pl_stats/A_Villa_7/events_stats/2023-24_events_stats.csv,
PL_PULSELIVE_HISTORICAL,team_match,2023-24,ptsDroppedWinningPos,pl_stats/A_Villa_7/events_stats/2023-24_events_stats.csv,
PL_PULSELIVE_HISTORICAL,team_match,2023-24,ptsGainedLosingPos,pl_stats/A_Villa_7/events_stats/2023-24_events_stats.csv,
PL_PULSELIVE_HISTORICAL,team_match,2023-24,punches,pl_stats/A_Villa_7/events_stats/2023-24_events_stats.csv,
PL_PULSELIVE_HISTORICAL,team_match,2023-24,putThrough,pl_stats/A_Villa_7/events_stats/2023-24_events_stats.csv,
PL_PULSELIVE_HISTORICAL,team_match,2023-24,redCard,pl_stats/A_Villa_7/events_stats/2023-24_events_stats.csv,
PL_PULSELIVE_HISTORICAL,team_match,2023-24,redCardsAgainst,pl_stats/A_Villa_7/events_stats/2023-24_events_stats.csv,
PL_PULSELIVE_HISTORICAL,team_match,2023-24,redCardsFor,pl_stats/A_Villa_7/events_stats/2023-24_events_stats.csv,
PL_PULSELIVE_HISTORICAL,team_match,2023-24,result,pl_stats/A_Villa_7/events_stats/2023-24_events_stats.csv,
PL_PULSELIVE_HISTORICAL,team_match,2023-24,rightsidePass,pl_stats/A_Villa_7/events_stats/2023-24_events_stats.csv,
PL_PULSELIVE_HISTORICAL,team_match,2023-24,savedIbox,pl_stats/A_Villa_7/events_stats/2023-24_events_stats.csv,
PL_PULSELIVE_HISTORICAL,team_match,2023-24,savedObox,pl_stats/A_Villa_7/events_stats/2023-24_events_stats.csv,
PL_PULSELIVE_HISTORICAL,team_match,2023-24,saves,pl_stats/A_Villa_7/events_stats/2023-24_events_stats.csv,
PL_PULSELIVE_HISTORICAL,team_match,2023-24,shieldBallOop,pl_stats/A_Villa_7/events_stats/2023-24_events_stats.csv,
PL_PULSELIVE_HISTORICAL,team_match,2023-24,shotFastbreak,pl_stats/A_Villa_7/events_stats/2023-24_events_stats.csv,
PL_PULSELIVE_HISTORICAL,team_match,2023-24,shotOffTarget,pl_stats/A_Villa_7/events_stats/2023-24_events_stats.csv,
PL_PULSELIVE_HISTORICAL,team_match,2023-24,sixYardBlock,pl_stats/A_Villa_7/events_stats/2023-24_events_stats.csv,
PL_PULSELIVE_HISTORICAL,team_match,2023-24,subsGoals,pl_stats/A_Villa_7/events_stats/2023-24_events_stats.csv,
PL_PULSELIVE_HISTORICAL,team_match,2023-24,subsMade,pl_stats/A_Villa_7/events_stats/2023-24_events_stats.csv,
PL_PULSELIVE_HISTORICAL,team_match,2023-24,successfulFinalThirdPasses,pl_stats/A_Villa_7/events_stats/2023-24_events_stats.csv,
PL_PULSELIVE_HISTORICAL,team_match,2023-24,successfulOpenPlayPass,pl_stats/A_Villa_7/events_stats/2023-24_events_stats.csv,
PL_PULSELIVE_HISTORICAL,team_match,2023-24,successfulPutThrough,pl_stats/A_Villa_7/events_stats/2023-24_events_stats.csv,
PL_PULSELIVE_HISTORICAL,team_match,2023-24,team,pl_stats/A_Villa_7/events_stats/2023-24_events_stats.csv,
PL_PULSELIVE_HISTORICAL,team_match,2023-24,team_id,pl_stats/A_Villa_7/events_stats/2023-24_events_stats.csv,
PL_PULSELIVE_HISTORICAL,team_match,2023-24,totalAttAssist,pl_stats/A_Villa_7/events_stats/2023-24_events_stats.csv,
PL_PULSELIVE_HISTORICAL,team_match,2023-24,totalBackZonePass,pl_stats/A_Villa_7/events_stats/2023-24_events_stats.csv,
PL_PULSELIVE_HISTORICAL,team_match,2023-24,totalChippedPass,pl_stats/A_Villa_7/events_stats/2023-24_events_stats.csv,
PL_PULSELIVE_HISTORICAL,team_match,2023-24,totalClearance,pl_stats/A_Villa_7/events_stats/2023-24_events_stats.csv,
PL_PULSELIVE_HISTORICAL,team_match,2023-24,totalContest,pl_stats/A_Villa_7/events_stats/2023-24_events_stats.csv,
PL_PULSELIVE_HISTORICAL,team_match,2023-24,totalCornersIntobox,pl_stats/A_Villa_7/events_stats/2023-24_events_stats.csv,
PL_PULSELIVE_HISTORICAL,team_match,2023-24,totalCross,pl_stats/A_Villa_7/events_stats/2023-24_events_stats.csv,
PL_PULSELIVE_HISTORICAL,team_match,2023-24,totalCrossNocorner,pl_stats/A_Villa_7/events_stats/2023-24_events_stats.csv,
PL_PULSELIVE_HISTORICAL,team_match,2023-24,totalFastbreak,pl_stats/A_Villa_7/events_stats/2023-24_events_stats.csv,
PL_PULSELIVE_HISTORICAL,team_match,2023-24,totalFinalThirdPasses,pl_stats/A_Villa_7/events_stats/2023-24_events_stats.csv,
PL_PULSELIVE_HISTORICAL,team_match,2023-24,totalFlickOn,pl_stats/A_Villa_7/events_stats/2023-24_events_stats.csv,
PL_PULSELIVE_HISTORICAL,team_match,2023-24,totalFwdZonePass,pl_stats/A_Villa_7/events_stats/2023-24_events_stats.csv,
PL_PULSELIVE_HISTORICAL,team_match,2023-24,totalHighClaim,pl_stats/A_Villa_7/events_stats/2023-24_events_stats.csv,
PL_PULSELIVE_HISTORICAL,team_match,2023-24,totalKeeperSweeper,pl_stats/A_Villa_7/events_stats/2023-24_events_stats.csv,
PL_PULSELIVE_HISTORICAL,team_match,2023-24,totalLaunches,pl_stats/A_Villa_7/events_stats/2023-24_events_stats.csv,
PL_PULSELIVE_HISTORICAL,team_match,2023-24,totalLayoffs,pl_stats/A_Villa_7/events_stats/2023-24_events_stats.csv,
PL_PULSELIVE_HISTORICAL,team_match,2023-24,totalLongBalls,pl_stats/A_Villa_7/events_stats/2023-24_events_stats.csv,
PL_PULSELIVE_HISTORICAL,team_match,2023-24,totalOffside,pl_stats/A_Villa_7/events_stats/2023-24_events_stats.csv,
PL_PULSELIVE_HISTORICAL,team_match,2023-24,totalPass,pl_stats/A_Villa_7/events_stats/2023-24_events_stats.csv,
PL_PULSELIVE_HISTORICAL,team_match,2023-24,totalPullBack,pl_stats/A_Villa_7/events_stats/2023-24_events_stats.csv,
PL_PULSELIVE_HISTORICAL,team_match,2023-24,totalRedCard,pl_stats/A_Villa_7/events_stats/2023-24_events_stats.csv,
PL_PULSELIVE_HISTORICAL,team_match,2023-24,totalScoringAtt,pl_stats/A_Villa_7/events_stats/2023-24_events_stats.csv,
PL_PULSELIVE_HISTORICAL,team_match,2023-24,totalTackle,pl_stats/A_Villa_7/events_stats/2023-24_events_stats.csv,
PL_PULSELIVE_HISTORICAL,team_match,2023-24,totalThroughBall,pl_stats/A_Villa_7/events_stats/2023-24_events_stats.csv,
PL_PULSELIVE_HISTORICAL,team_match,2023-24,totalThrows,pl_stats/A_Villa_7/events_stats/2023-24_events_stats.csv,
PL_PULSELIVE_HISTORICAL,team_match,2023-24,totalYelCard,pl_stats/A_Villa_7/events_stats/2023-24_events_stats.csv,
PL_PULSELIVE_HISTORICAL,team_match,2023-24,touches,pl_stats/A_Villa_7/events_stats/2023-24_events_stats.csv,
PL_PULSELIVE_HISTORICAL,team_match,2023-24,touchesInOppBox,pl_stats/A_Villa_7/events_stats/2023-24_events_stats.csv,
PL_PULSELIVE_HISTORICAL,team_match,2023-24,unsuccessfulTouch,pl_stats/A_Villa_7/events_stats/2023-24_events_stats.csv,
PL_PULSELIVE_HISTORICAL,team_match,2023-24,venue,pl_stats/A_Villa_7/events_stats/2023-24_events_stats.csv,
PL_PULSELIVE_HISTORICAL,team_match,2023-24,wonContest,pl_stats/A_Villa_7/events_stats/2023-24_events_stats.csv,
PL_PULSELIVE_HISTORICAL,team_match,2023-24,wonCorners,pl_stats/A_Villa_7/events_stats/2023-24_events_stats.csv,
PL_PULSELIVE_HISTORICAL,team_match,2023-24,wonTackle,pl_stats/A_Villa_7/events_stats/2023-24_events_stats.csv,
PL_PULSELIVE_HISTORICAL,team_match,2023-24,yellowCard,pl_stats/A_Villa_7/events_stats/2023-24_events_stats.csv,
PL_PULSELIVE_HISTORICAL,team_match,2024-25,accurateBackZonePass,pl_stats/A_Villa_7/events_stats/2024-25_events_stats.csv,
PL_PULSELIVE_HISTORICAL,team_match,2024-25,accurateChippedPass,pl_stats/A_Villa_7/events_stats/2024-25_events_stats.csv,
PL_PULSELIVE_HISTORICAL,team_match,2024-25,accurateCornersIntobox,pl_stats/A_Villa_7/events_stats/2024-25_events_stats.csv,
PL_PULSELIVE_HISTORICAL,team_match,2024-25,accurateCross,pl_stats/A_Villa_7/events_stats/2024-25_events_stats.csv,
PL_PULSELIVE_HISTORICAL,team_match,2024-25,accurateCrossNocorner,pl_stats/A_Villa_7/events_stats/2024-25_events_stats.csv,
PL_PULSELIVE_HISTORICAL,team_match,2024-25,accurateFlickOn,pl_stats/A_Villa_7/events_stats/2024-25_events_stats.csv,
PL_PULSELIVE_HISTORICAL,team_match,2024-25,accurateFreekickCross,pl_stats/A_Villa_7/events_stats/2024-25_events_stats.csv,
PL_PULSELIVE_HISTORICAL,team_match,2024-25,accurateFwdZonePass,pl_stats/A_Villa_7/events_stats/2024-25_events_stats.csv,
PL_PULSELIVE_HISTORICAL,team_match,2024-25,accurateGoalKicks,pl_stats/A_Villa_7/events_stats/2024-25_events_stats.csv,
PL_PULSELIVE_HISTORICAL,team_match,2024-25,accurateKeeperSweeper,pl_stats/A_Villa_7/events_stats/2024-25_events_stats.csv,
PL_PULSELIVE_HISTORICAL,team_match,2024-25,accurateKeeperThrows,pl_stats/A_Villa_7/events_stats/2024-25_events_stats.csv,
PL_PULSELIVE_HISTORICAL,team_match,2024-25,accurateLaunches,pl_stats/A_Villa_7/events_stats/2024-25_events_stats.csv,
PL_PULSELIVE_HISTORICAL,team_match,2024-25,accurateLayoffs,pl_stats/A_Villa_7/events_stats/2024-25_events_stats.csv,
PL_PULSELIVE_HISTORICAL,team_match,2024-25,accurateLongBalls,pl_stats/A_Villa_7/events_stats/2024-25_events_stats.csv,
PL_PULSELIVE_HISTORICAL,team_match,2024-25,accuratePass,pl_stats/A_Villa_7/events_stats/2024-25_events_stats.csv,
PL_PULSELIVE_HISTORICAL,team_match,2024-25,accuratePullBack,pl_stats/A_Villa_7/events_stats/2024-25_events_stats.csv,
PL_PULSELIVE_HISTORICAL,team_match,2024-25,accurateThroughBall,pl_stats/A_Villa_7/events_stats/2024-25_events_stats.csv,
PL_PULSELIVE_HISTORICAL,team_match,2024-25,accurateThrows,pl_stats/A_Villa_7/events_stats/2024-25_events_stats.csv,
PL_PULSELIVE_HISTORICAL,team_match,2024-25,aerialLost,pl_stats/A_Villa_7/events_stats/2024-25_events_stats.csv,
PL_PULSELIVE_HISTORICAL,team_match,2024-25,aerialWon,pl_stats/A_Villa_7/events_stats/2024-25_events_stats.csv,
PL_PULSELIVE_HISTORICAL,team_match,2024-25,attAssistOpenplay,pl_stats/A_Villa_7/events_stats/2024-25_events_stats.csv,
PL_PULSELIVE_HISTORICAL,team_match,2024-25,attAssistSetplay,pl_stats/A_Villa_7/events_stats/2024-25_events_stats.csv,
PL_PULSELIVE_HISTORICAL,team_match,2024-25,attCorner,pl_stats/A_Villa_7/events_stats/2024-25_events_stats.csv,
PL_PULSELIVE_HISTORICAL,team_match,2024-25,attFastbreak,pl_stats/A_Villa_7/events_stats/2024-25_events_stats.csv,
PL_PULSELIVE_HISTORICAL,team_match,2024-25,attFreekickMiss,pl_stats/A_Villa_7/events_stats/2024-25_events_stats.csv,
PL_PULSELIVE_HISTORICAL,team_match,2024-25,attFreekickPost,pl_stats/A_Villa_7/events_stats/2024-25_events_stats.csv,
PL_PULSELIVE_HISTORICAL,team_match,2024-25,attFreekickTarget,pl_stats/A_Villa_7/events_stats/2024-25_events_stats.csv,
PL_PULSELIVE_HISTORICAL,team_match,2024-25,attFreekickTotal,pl_stats/A_Villa_7/events_stats/2024-25_events_stats.csv,
PL_PULSELIVE_HISTORICAL,team_match,2024-25,attLgCentre,pl_stats/A_Villa_7/events_stats/2024-25_events_stats.csv,
PL_PULSELIVE_HISTORICAL,team_match,2024-25,attObxdLeft,pl_stats/A_Villa_7/events_stats/2024-25_events_stats.csv,
PL_PULSELIVE_HISTORICAL,team_match,2024-25,attOneOnOne,pl_stats/A_Villa_7/events_stats/2024-25_events_stats.csv,
PL_PULSELIVE_HISTORICAL,team_match,2024-25,attOpenplay,pl_stats/A_Villa_7/events_stats/2024-25_events_stats.csv,
PL_PULSELIVE_HISTORICAL,team_match,2024-25,attPenGoal,pl_stats/A_Villa_7/events_stats/2024-25_events_stats.csv,
PL_PULSELIVE_HISTORICAL,team_match,2024-25,attPenTarget,pl_stats/A_Villa_7/events_stats/2024-25_events_stats.csv,
PL_PULSELIVE_HISTORICAL,team_match,2024-25,attPostHigh,pl_stats/A_Villa_7/events_stats/2024-25_events_stats.csv,
PL_PULSELIVE_HISTORICAL,team_match,2024-25,attPostLeft,pl_stats/A_Villa_7/events_stats/2024-25_events_stats.csv,
PL_PULSELIVE_HISTORICAL,team_match,2024-25,attPostRight,pl_stats/A_Villa_7/events_stats/2024-25_events_stats.csv,
PL_PULSELIVE_HISTORICAL,team_match,2024-25,attSetpiece,pl_stats/A_Villa_7/events_stats/2024-25_events_stats.csv,
PL_PULSELIVE_HISTORICAL,team_match,2024-25,attemptedTackleFoul,pl_stats/A_Villa_7/events_stats/2024-25_events_stats.csv,
PL_PULSELIVE_HISTORICAL,team_match,2024-25,attemptsConcededIbox,pl_stats/A_Villa_7/events_stats/2024-25_events_stats.csv,
PL_PULSELIVE_HISTORICAL,team_match,2024-25,attemptsConcededObox,pl_stats/A_Villa_7/events_stats/2024-25_events_stats.csv,
PL_PULSELIVE_HISTORICAL,team_match,2024-25,attemptsIbox,pl_stats/A_Villa_7/events_stats/2024-25_events_stats.csv,
PL_PULSELIVE_HISTORICAL,team_match,2024-25,attemptsObox,pl_stats/A_Villa_7/events_stats/2024-25_events_stats.csv,
PL_PULSELIVE_HISTORICAL,team_match,2024-25,attendance,pl_stats/A_Villa_7/events_stats/2024-25_events_stats.csv,
PL_PULSELIVE_HISTORICAL,team_match,2024-25,backwardPass,pl_stats/A_Villa_7/events_stats/2024-25_events_stats.csv,
PL_PULSELIVE_HISTORICAL,team_match,2024-25,ballRecovery,pl_stats/A_Villa_7/events_stats/2024-25_events_stats.csv,
PL_PULSELIVE_HISTORICAL,team_match,2024-25,bigChanceCreated,pl_stats/A_Villa_7/events_stats/2024-25_events_stats.csv,
PL_PULSELIVE_HISTORICAL,team_match,2024-25,bigChanceMissed,pl_stats/A_Villa_7/events_stats/2024-25_events_stats.csv,
PL_PULSELIVE_HISTORICAL,team_match,2024-25,bigChanceScored,pl_stats/A_Villa_7/events_stats/2024-25_events_stats.csv,
PL_PULSELIVE_HISTORICAL,team_match,2024-25,blockedCross,pl_stats/A_Villa_7/events_stats/2024-25_events_stats.csv,
PL_PULSELIVE_HISTORICAL,team_match,2024-25,blockedPass,pl_stats/A_Villa_7/events_stats/2024-25_events_stats.csv,
PL_PULSELIVE_HISTORICAL,team_match,2024-25,blockedScoringAtt,pl_stats/A_Villa_7/events_stats/2024-25_events_stats.csv,
PL_PULSELIVE_HISTORICAL,team_match,2024-25,challengeLost,pl_stats/A_Villa_7/events_stats/2024-25_events_stats.csv,
PL_PULSELIVE_HISTORICAL,team_match,2024-25,clearanceOffLine,pl_stats/A_Villa_7/events_stats/2024-25_events_stats.csv,
PL_PULSELIVE_HISTORICAL,team_match,2024-25,contentiousDecision,pl_stats/A_Villa_7/events_stats/2024-25_events_stats.csv,
PL_PULSELIVE_HISTORICAL,team_match,2024-25,cornerTaken,pl_stats/A_Villa_7/events_stats/2024-25_events_stats.csv,
PL_PULSELIVE_HISTORICAL,team_match,2024-25,crosses18yard,pl_stats/A_Villa_7/events_stats/2024-25_events_stats.csv,
PL_PULSELIVE_HISTORICAL,team_match,2024-25,crosses18yardplus,pl_stats/A_Villa_7/events_stats/2024-25_events_stats.csv,
PL_PULSELIVE_HISTORICAL,team_match,2024-25,defenderGoals,pl_stats/A_Villa_7/events_stats/2024-25_events_stats.csv,
PL_PULSELIVE_HISTORICAL,team_match,2024-25,dispossessed,pl_stats/A_Villa_7/events_stats/2024-25_events_stats.csv,
PL_PULSELIVE_HISTORICAL,team_match,2024-25,divingSave,pl_stats/A_Villa_7/events_stats/2024-25_events_stats.csv,
PL_PULSELIVE_HISTORICAL,team_match,2024-25,duelLost,pl_stats/A_Villa_7/events_stats/2024-25_events_stats.csv,
PL_PULSELIVE_HISTORICAL,team_match,2024-25,duelWon,pl_stats/A_Villa_7/events_stats/2024-25_events_stats.csv,
PL_PULSELIVE_HISTORICAL,team_match,2024-25,effectiveBlockedCross,pl_stats/A_Villa_7/events_stats/2024-25_events_stats.csv,
PL_PULSELIVE_HISTORICAL,team_match,2024-25,effectiveClearance,pl_stats/A_Villa_7/events_stats/2024-25_events_stats.csv,
PL_PULSELIVE_HISTORICAL,team_match,2024-25,effectiveHeadClearance,pl_stats/A_Villa_7/events_stats/2024-25_events_stats.csv,
PL_PULSELIVE_HISTORICAL,team_match,2024-25,errorLeadToGoal,pl_stats/A_Villa_7/events_stats/2024-25_events_stats.csv,
PL_PULSELIVE_HISTORICAL,team_match,2024-25,errorLeadToShot,pl_stats/A_Villa_7/events_stats/2024-25_events_stats.csv,
PL_PULSELIVE_HISTORICAL,team_match,2024-25,expectedAssists,pl_stats/A_Villa_7/events_stats/2024-25_events_stats.csv,
PL_PULSELIVE_HISTORICAL,team_match,2024-25,expectedGoals,pl_stats/A_Villa_7/events_stats/2024-25_events_stats.csv,
PL_PULSELIVE_HISTORICAL,team_match,2024-25,expectedGoalsFreekick,pl_stats/A_Villa_7/events_stats/2024-25_events_stats.csv,
PL_PULSELIVE_HISTORICAL,team_match,2024-25,expectedGoalsOnTarget,pl_stats/A_Villa_7/events_stats/2024-25_events_stats.csv,
PL_PULSELIVE_HISTORICAL,team_match,2024-25,expectedGoalsOnTargetConceded,pl_stats/A_Villa_7/events_stats/2024-25_events_stats.csv,
PL_PULSELIVE_HISTORICAL,team_match,2024-25,finalThirdEntries,pl_stats/A_Villa_7/events_stats/2024-25_events_stats.csv,
PL_PULSELIVE_HISTORICAL,team_match,2024-25,fkFoulLost,pl_stats/A_Villa_7/events_stats/2024-25_events_stats.csv,
PL_PULSELIVE_HISTORICAL,team_match,2024-25,fkFoulWon,pl_stats/A_Villa_7/events_stats/2024-25_events_stats.csv,
PL_PULSELIVE_HISTORICAL,team_match,2024-25,forwardGoals,pl_stats/A_Villa_7/events_stats/2024-25_events_stats.csv,
PL_PULSELIVE_HISTORICAL,team_match,2024-25,fouledFinalThird,pl_stats/A_Villa_7/events_stats/2024-25_events_stats.csv,
PL_PULSELIVE_HISTORICAL,team_match,2024-25,freekickCross,pl_stats/A_Villa_7/events_stats/2024-25_events_stats.csv,
PL_PULSELIVE_HISTORICAL,team_match,2024-25,freekickTotal,pl_stats/A_Villa_7/events_stats/2024-25_events_stats.csv,
PL_PULSELIVE_HISTORICAL,team_match,2024-25,fwdPass,pl_stats/A_Villa_7/events_stats/2024-25_events_stats.csv,
PL_PULSELIVE_HISTORICAL,team_match,2024-25,gameweek,pl_stats/A_Villa_7/events_stats/2024-25_events_stats.csv,
PL_PULSELIVE_HISTORICAL,team_match,2024-25,goalAssist,pl_stats/A_Villa_7/events_stats/2024-25_events_stats.csv,
PL_PULSELIVE_HISTORICAL,team_match,2024-25,goalAssistDeadball,pl_stats/A_Villa_7/events_stats/2024-25_events_stats.csv,
PL_PULSELIVE_HISTORICAL,team_match,2024-25,goalAssistIntentional,pl_stats/A_Villa_7/events_stats/2024-25_events_stats.csv,
PL_PULSELIVE_HISTORICAL,team_match,2024-25,goalAssistOpenplay,pl_stats/A_Villa_7/events_stats/2024-25_events_stats.csv,
PL_PULSELIVE_HISTORICAL,team_match,2024-25,goalAssistSetplay,pl_stats/A_Villa_7/events_stats/2024-25_events_stats.csv,
PL_PULSELIVE_HISTORICAL,team_match,2024-25,goalFastbreak,pl_stats/A_Villa_7/events_stats/2024-25_events_stats.csv,
PL_PULSELIVE_HISTORICAL,team_match,2024-25,goalKicks,pl_stats/A_Villa_7/events_stats/2024-25_events_stats.csv,
PL_PULSELIVE_HISTORICAL,team_match,2024-25,goalsAgainst,pl_stats/A_Villa_7/events_stats/2024-25_events_stats.csv,
PL_PULSELIVE_HISTORICAL,team_match,2024-25,goalsFor,pl_stats/A_Villa_7/events_stats/2024-25_events_stats.csv,
PL_PULSELIVE_HISTORICAL,team_match,2024-25,goalsOpenplay,pl_stats/A_Villa_7/events_stats/2024-25_events_stats.csv,
PL_PULSELIVE_HISTORICAL,team_match,2024-25,goodHighClaim,pl_stats/A_Villa_7/events_stats/2024-25_events_stats.csv,
PL_PULSELIVE_HISTORICAL,team_match,2024-25,ground,pl_stats/A_Villa_7/events_stats/2024-25_events_stats.csv,
PL_PULSELIVE_HISTORICAL,team_match,2024-25,halfTimeAgainst,pl_stats/A_Villa_7/events_stats/2024-25_events_stats.csv,
PL_PULSELIVE_HISTORICAL,team_match,2024-25,halfTimeFor,pl_stats/A_Villa_7/events_stats/2024-25_events_stats.csv,
PL_PULSELIVE_HISTORICAL,team_match,2024-25,handBall,pl_stats/A_Villa_7/events_stats/2024-25_events_stats.csv,
PL_PULSELIVE_HISTORICAL,team_match,2024-25,headClearance,pl_stats/A_Villa_7/events_stats/2024-25_events_stats.csv,
PL_PULSELIVE_HISTORICAL,team_match,2024-25,hitWoodwork,pl_stats/A_Villa_7/events_stats/2024-25_events_stats.csv,
PL_PULSELIVE_HISTORICAL,team_match,2024-25,interception,pl_stats/A_Villa_7/events_stats/2024-25_events_stats.csv,
PL_PULSELIVE_HISTORICAL,team_match,2024-25,interceptionWon,pl_stats/A_Villa_7/events_stats/2024-25_events_stats.csv,
PL_PULSELIVE_HISTORICAL,team_match,2024-25,interceptionsInBox,pl_stats/A_Villa_7/events_stats/2024-25_events_stats.csv,
PL_PULSELIVE_HISTORICAL,team_match,2024-25,keeperThrows,pl_stats/A_Villa_7/events_stats/2024-25_events_stats.csv,
PL_PULSELIVE_HISTORICAL,team_match,2024-25,kickoff,pl_stats/A_Villa_7/events_stats/2024-25_events_stats.csv,
PL_PULSELIVE_HISTORICAL,team_match,2024-25,leftsidePass,pl_stats/A_Villa_7/events_stats/2024-25_events_stats.csv,
PL_PULSELIVE_HISTORICAL,team_match,2024-25,longPassOwnToOpp,pl_stats/A_Villa_7/events_stats/2024-25_events_stats.csv,
PL_PULSELIVE_HISTORICAL,team_match,2024-25,longPassOwnToOppSuccess,pl_stats/A_Villa_7/events_stats/2024-25_events_stats.csv,
PL_PULSELIVE_HISTORICAL,team_match,2024-25,lostCorners,pl_stats/A_Villa_7/events_stats/2024-25_events_stats.csv,
PL_PULSELIVE_HISTORICAL,team_match,2024-25,matchId,pl_stats/A_Villa_7/events_stats/2024-25_events_stats.csv,
PL_PULSELIVE_HISTORICAL,team_match,2024-25,midfielderGoals,pl_stats/A_Villa_7/events_stats/2024-25_events_stats.csv,
PL_PULSELIVE_HISTORICAL,team_match,2024-25,offtargetAttAssist,pl_stats/A_Villa_7/events_stats/2024-25_events_stats.csv,
PL_PULSELIVE_HISTORICAL,team_match,2024-25,ontargetAttAssist,pl_stats/A_Villa_7/events_stats/2024-25_events_stats.csv,
PL_PULSELIVE_HISTORICAL,team_match,2024-25,ontargetScoringAtt,pl_stats/A_Villa_7/events_stats/2024-25_events_stats.csv,
PL_PULSELIVE_HISTORICAL,team_match,2024-25,openPlayPass,pl_stats/A_Villa_7/events_stats/2024-25_events_stats.csv,
PL_PULSELIVE_HISTORICAL,team_match,2024-25,opponent,pl_stats/A_Villa_7/events_stats/2024-25_events_stats.csv,
PL_PULSELIVE_HISTORICAL,team_match,2024-25,opponent_id,pl_stats/A_Villa_7/events_stats/2024-25_events_stats.csv,
PL_PULSELIVE_HISTORICAL,team_match,2024-25,outfielderBlock,pl_stats/A_Villa_7/events_stats/2024-25_events_stats.csv,
PL_PULSELIVE_HISTORICAL,team_match,2024-25,overrun,pl_stats/A_Villa_7/events_stats/2024-25_events_stats.csv,
PL_PULSELIVE_HISTORICAL,team_match,2024-25,passesLeft,pl_stats/A_Villa_7/events_stats/2024-25_events_stats.csv,
PL_PULSELIVE_HISTORICAL,team_match,2024-25,passesRight,pl_stats/A_Villa_7/events_stats/2024-25_events_stats.csv,
PL_PULSELIVE_HISTORICAL,team_match,2024-25,penAreaEntries,pl_stats/A_Villa_7/events_stats/2024-25_events_stats.csv,
PL_PULSELIVE_HISTORICAL,team_match,2024-25,penGoalsConceded,pl_stats/A_Villa_7/events_stats/2024-25_events_stats.csv,
PL_PULSELIVE_HISTORICAL,team_match,2024-25,penaltyConceded,pl_stats/A_Villa_7/events_stats/2024-25_events_stats.csv,
PL_PULSELIVE_HISTORICAL,team_match,2024-25,penaltyFaced,pl_stats/A_Villa_7/events_stats/2024-25_events_stats.csv,
PL_PULSELIVE_HISTORICAL,team_match,2024-25,penaltySave,pl_stats/A_Villa_7/events_stats/2024-25_events_stats.csv,
PL_PULSELIVE_HISTORICAL,team_match,2024-25,penaltyWon,pl_stats/A_Villa_7/events_stats/2024-25_events_stats.csv,
PL_PULSELIVE_HISTORICAL,team_match,2024-25,possLostAll,pl_stats/A_Villa_7/events_stats/2024-25_events_stats.csv,
PL_PULSELIVE_HISTORICAL,team_match,2024-25,possLostCtrl,pl_stats/A_Villa_7/events_stats/2024-25_events_stats.csv,
PL_PULSELIVE_HISTORICAL,team_match,2024-25,possWonAtt3rd,pl_stats/A_Villa_7/events_stats/2024-25_events_stats.csv,
PL_PULSELIVE_HISTORICAL,team_match,2024-25,possWonDef3rd,pl_stats/A_Villa_7/events_stats/2024-25_events_stats.csv,
PL_PULSELIVE_HISTORICAL,team_match,2024-25,possWonMid3rd,pl_stats/A_Villa_7/events_stats/2024-25_events_stats.csv,
PL_PULSELIVE_HISTORICAL,team_match,2024-25,possessionPercentage,pl_stats/A_Villa_7/events_stats/2024-25_events_stats.csv,
PL_PULSELIVE_HISTORICAL,team_match,2024-25,postScoringAtt,pl_stats/A_Villa_7/events_stats/2024-25_events_stats.csv,
PL_PULSELIVE_HISTORICAL,team_match,2024-25,ptsDroppedWinningPos,pl_stats/A_Villa_7/events_stats/2024-25_events_stats.csv,
PL_PULSELIVE_HISTORICAL,team_match,2024-25,ptsGainedLosingPos,pl_stats/A_Villa_7/events_stats/2024-25_events_stats.csv,
PL_PULSELIVE_HISTORICAL,team_match,2024-25,punches,pl_stats/A_Villa_7/events_stats/2024-25_events_stats.csv,
PL_PULSELIVE_HISTORICAL,team_match,2024-25,putThrough,pl_stats/A_Villa_7/events_stats/2024-25_events_stats.csv,
PL_PULSELIVE_HISTORICAL,team_match,2024-25,redCard,pl_stats/A_Villa_7/events_stats/2024-25_events_stats.csv,
PL_PULSELIVE_HISTORICAL,team_match,2024-25,redCardsAgainst,pl_stats/A_Villa_7/events_stats/2024-25_events_stats.csv,
PL_PULSELIVE_HISTORICAL,team_match,2024-25,redCardsFor,pl_stats/A_Villa_7/events_stats/2024-25_events_stats.csv,
PL_PULSELIVE_HISTORICAL,team_match,2024-25,result,pl_stats/A_Villa_7/events_stats/2024-25_events_stats.csv,
PL_PULSELIVE_HISTORICAL,team_match,2024-25,rightsidePass,pl_stats/A_Villa_7/events_stats/2024-25_events_stats.csv,
PL_PULSELIVE_HISTORICAL,team_match,2024-25,savedIbox,pl_stats/A_Villa_7/events_stats/2024-25_events_stats.csv,
PL_PULSELIVE_HISTORICAL,team_match,2024-25,savedObox,pl_stats/A_Villa_7/events_stats/2024-25_events_stats.csv,
PL_PULSELIVE_HISTORICAL,team_match,2024-25,saves,pl_stats/A_Villa_7/events_stats/2024-25_events_stats.csv,
PL_PULSELIVE_HISTORICAL,team_match,2024-25,secondYellow,pl_stats/A_Villa_7/events_stats/2024-25_events_stats.csv,
PL_PULSELIVE_HISTORICAL,team_match,2024-25,shieldBallOop,pl_stats/A_Villa_7/events_stats/2024-25_events_stats.csv,
PL_PULSELIVE_HISTORICAL,team_match,2024-25,shotFastbreak,pl_stats/A_Villa_7/events_stats/2024-25_events_stats.csv,
PL_PULSELIVE_HISTORICAL,team_match,2024-25,shotOffTarget,pl_stats/A_Villa_7/events_stats/2024-25_events_stats.csv,
PL_PULSELIVE_HISTORICAL,team_match,2024-25,sixYardBlock,pl_stats/A_Villa_7/events_stats/2024-25_events_stats.csv,
PL_PULSELIVE_HISTORICAL,team_match,2024-25,subsGoals,pl_stats/A_Villa_7/events_stats/2024-25_events_stats.csv,
PL_PULSELIVE_HISTORICAL,team_match,2024-25,subsMade,pl_stats/A_Villa_7/events_stats/2024-25_events_stats.csv,
PL_PULSELIVE_HISTORICAL,team_match,2024-25,successfulFinalThirdPasses,pl_stats/A_Villa_7/events_stats/2024-25_events_stats.csv,
PL_PULSELIVE_HISTORICAL,team_match,2024-25,successfulOpenPlayPass,pl_stats/A_Villa_7/events_stats/2024-25_events_stats.csv,
PL_PULSELIVE_HISTORICAL,team_match,2024-25,successfulPutThrough,pl_stats/A_Villa_7/events_stats/2024-25_events_stats.csv,
PL_PULSELIVE_HISTORICAL,team_match,2024-25,team,pl_stats/A_Villa_7/events_stats/2024-25_events_stats.csv,
PL_PULSELIVE_HISTORICAL,team_match,2024-25,team_id,pl_stats/A_Villa_7/events_stats/2024-25_events_stats.csv,
PL_PULSELIVE_HISTORICAL,team_match,2024-25,totalAttAssist,pl_stats/A_Villa_7/events_stats/2024-25_events_stats.csv,
PL_PULSELIVE_HISTORICAL,team_match,2024-25,totalBackZonePass,pl_stats/A_Villa_7/events_stats/2024-25_events_stats.csv,
PL_PULSELIVE_HISTORICAL,team_match,2024-25,totalChippedPass,pl_stats/A_Villa_7/events_stats/2024-25_events_stats.csv,
PL_PULSELIVE_HISTORICAL,team_match,2024-25,totalClearance,pl_stats/A_Villa_7/events_stats/2024-25_events_stats.csv,
PL_PULSELIVE_HISTORICAL,team_match,2024-25,totalContest,pl_stats/A_Villa_7/events_stats/2024-25_events_stats.csv,
PL_PULSELIVE_HISTORICAL,team_match,2024-25,totalCornersIntobox,pl_stats/A_Villa_7/events_stats/2024-25_events_stats.csv,
PL_PULSELIVE_HISTORICAL,team_match,2024-25,totalCross,pl_stats/A_Villa_7/events_stats/2024-25_events_stats.csv,
PL_PULSELIVE_HISTORICAL,team_match,2024-25,totalCrossNocorner,pl_stats/A_Villa_7/events_stats/2024-25_events_stats.csv,
PL_PULSELIVE_HISTORICAL,team_match,2024-25,totalDistance,pl_stats/A_Villa_7/events_stats/2024-25_events_stats.csv,
PL_PULSELIVE_HISTORICAL,team_match,2024-25,totalFastbreak,pl_stats/A_Villa_7/events_stats/2024-25_events_stats.csv,
PL_PULSELIVE_HISTORICAL,team_match,2024-25,totalFinalThirdPasses,pl_stats/A_Villa_7/events_stats/2024-25_events_stats.csv,
PL_PULSELIVE_HISTORICAL,team_match,2024-25,totalFlickOn,pl_stats/A_Villa_7/events_stats/2024-25_events_stats.csv,
PL_PULSELIVE_HISTORICAL,team_match,2024-25,totalFwdZonePass,pl_stats/A_Villa_7/events_stats/2024-25_events_stats.csv,
PL_PULSELIVE_HISTORICAL,team_match,2024-25,totalHighClaim,pl_stats/A_Villa_7/events_stats/2024-25_events_stats.csv,
PL_PULSELIVE_HISTORICAL,team_match,2024-25,totalKeeperSweeper,pl_stats/A_Villa_7/events_stats/2024-25_events_stats.csv,
PL_PULSELIVE_HISTORICAL,team_match,2024-25,totalLaunches,pl_stats/A_Villa_7/events_stats/2024-25_events_stats.csv,
PL_PULSELIVE_HISTORICAL,team_match,2024-25,totalLayoffs,pl_stats/A_Villa_7/events_stats/2024-25_events_stats.csv,
PL_PULSELIVE_HISTORICAL,team_match,2024-25,totalLongBalls,pl_stats/A_Villa_7/events_stats/2024-25_events_stats.csv,
PL_PULSELIVE_HISTORICAL,team_match,2024-25,totalOffside,pl_stats/A_Villa_7/events_stats/2024-25_events_stats.csv,
PL_PULSELIVE_HISTORICAL,team_match,2024-25,totalPass,pl_stats/A_Villa_7/events_stats/2024-25_events_stats.csv,
PL_PULSELIVE_HISTORICAL,team_match,2024-25,totalPullBack,pl_stats/A_Villa_7/events_stats/2024-25_events_stats.csv,
PL_PULSELIVE_HISTORICAL,team_match,2024-25,totalRedCard,pl_stats/A_Villa_7/events_stats/2024-25_events_stats.csv,
PL_PULSELIVE_HISTORICAL,team_match,2024-25,totalScoringAtt,pl_stats/A_Villa_7/events_stats/2024-25_events_stats.csv,
PL_PULSELIVE_HISTORICAL,team_match,2024-25,totalTackle,pl_stats/A_Villa_7/events_stats/2024-25_events_stats.csv,
PL_PULSELIVE_HISTORICAL,team_match,2024-25,totalThroughBall,pl_stats/A_Villa_7/events_stats/2024-25_events_stats.csv,
PL_PULSELIVE_HISTORICAL,team_match,2024-25,totalThrows,pl_stats/A_Villa_7/events_stats/2024-25_events_stats.csv,
PL_PULSELIVE_HISTORICAL,team_match,2024-25,totalYelCard,pl_stats/A_Villa_7/events_stats/2024-25_events_stats.csv,
PL_PULSELIVE_HISTORICAL,team_match,2024-25,touches,pl_stats/A_Villa_7/events_stats/2024-25_events_stats.csv,
PL_PULSELIVE_HISTORICAL,team_match,2024-25,touchesInOppBox,pl_stats/A_Villa_7/events_stats/2024-25_events_stats.csv,
PL_PULSELIVE_HISTORICAL,team_match,2024-25,unsuccessfulTouch,pl_stats/A_Villa_7/events_stats/2024-25_events_stats.csv,
PL_PULSELIVE_HISTORICAL,team_match,2024-25,venue,pl_stats/A_Villa_7/events_stats/2024-25_events_stats.csv,
PL_PULSELIVE_HISTORICAL,team_match,2024-25,wonContest,pl_stats/A_Villa_7/events_stats/2024-25_events_stats.csv,
PL_PULSELIVE_HISTORICAL,team_match,2024-25,wonCorners,pl_stats/A_Villa_7/events_stats/2024-25_events_stats.csv,
PL_PULSELIVE_HISTORICAL,team_match,2024-25,wonTackle,pl_stats/A_Villa_7/events_stats/2024-25_events_stats.csv,
PL_PULSELIVE_HISTORICAL,team_match,2024-25,yellowCard,pl_stats/A_Villa_7/events_stats/2024-25_events_stats.csv,
PL_PULSELIVE_HISTORICAL,team_match,2025-26,accurateBackZonePass,pl_stats/A_Villa_7/events_stats/2025-26_events_stats.csv,
PL_PULSELIVE_HISTORICAL,team_match,2025-26,accurateChippedPass,pl_stats/A_Villa_7/events_stats/2025-26_events_stats.csv,
PL_PULSELIVE_HISTORICAL,team_match,2025-26,accurateCornersIntobox,pl_stats/A_Villa_7/events_stats/2025-26_events_stats.csv,
PL_PULSELIVE_HISTORICAL,team_match,2025-26,accurateCross,pl_stats/A_Villa_7/events_stats/2025-26_events_stats.csv,
PL_PULSELIVE_HISTORICAL,team_match,2025-26,accurateCrossNocorner,pl_stats/A_Villa_7/events_stats/2025-26_events_stats.csv,
PL_PULSELIVE_HISTORICAL,team_match,2025-26,accurateFlickOn,pl_stats/A_Villa_7/events_stats/2025-26_events_stats.csv,
PL_PULSELIVE_HISTORICAL,team_match,2025-26,accurateFreekickCross,pl_stats/A_Villa_7/events_stats/2025-26_events_stats.csv,
PL_PULSELIVE_HISTORICAL,team_match,2025-26,accurateFwdZonePass,pl_stats/A_Villa_7/events_stats/2025-26_events_stats.csv,
PL_PULSELIVE_HISTORICAL,team_match,2025-26,accurateGoalKicks,pl_stats/A_Villa_7/events_stats/2025-26_events_stats.csv,
PL_PULSELIVE_HISTORICAL,team_match,2025-26,accurateKeeperSweeper,pl_stats/A_Villa_7/events_stats/2025-26_events_stats.csv,
PL_PULSELIVE_HISTORICAL,team_match,2025-26,accurateKeeperThrows,pl_stats/A_Villa_7/events_stats/2025-26_events_stats.csv,
PL_PULSELIVE_HISTORICAL,team_match,2025-26,accurateLaunches,pl_stats/A_Villa_7/events_stats/2025-26_events_stats.csv,
PL_PULSELIVE_HISTORICAL,team_match,2025-26,accurateLayoffs,pl_stats/A_Villa_7/events_stats/2025-26_events_stats.csv,
PL_PULSELIVE_HISTORICAL,team_match,2025-26,accurateLongBalls,pl_stats/A_Villa_7/events_stats/2025-26_events_stats.csv,
PL_PULSELIVE_HISTORICAL,team_match,2025-26,accuratePass,pl_stats/A_Villa_7/events_stats/2025-26_events_stats.csv,
PL_PULSELIVE_HISTORICAL,team_match,2025-26,accuratePullBack,pl_stats/A_Villa_7/events_stats/2025-26_events_stats.csv,
PL_PULSELIVE_HISTORICAL,team_match,2025-26,accurateThroughBall,pl_stats/A_Villa_7/events_stats/2025-26_events_stats.csv,
PL_PULSELIVE_HISTORICAL,team_match,2025-26,accurateThrows,pl_stats/A_Villa_7/events_stats/2025-26_events_stats.csv,
PL_PULSELIVE_HISTORICAL,team_match,2025-26,aerialLost,pl_stats/A_Villa_7/events_stats/2025-26_events_stats.csv,
PL_PULSELIVE_HISTORICAL,team_match,2025-26,aerialWon,pl_stats/A_Villa_7/events_stats/2025-26_events_stats.csv,
PL_PULSELIVE_HISTORICAL,team_match,2025-26,attAssistOpenplay,pl_stats/A_Villa_7/events_stats/2025-26_events_stats.csv,
PL_PULSELIVE_HISTORICAL,team_match,2025-26,attAssistSetplay,pl_stats/A_Villa_7/events_stats/2025-26_events_stats.csv,
PL_PULSELIVE_HISTORICAL,team_match,2025-26,attCorner,pl_stats/A_Villa_7/events_stats/2025-26_events_stats.csv,
PL_PULSELIVE_HISTORICAL,team_match,2025-26,attFastbreak,pl_stats/A_Villa_7/events_stats/2025-26_events_stats.csv,
PL_PULSELIVE_HISTORICAL,team_match,2025-26,attFreekickGoal,pl_stats/A_Villa_7/events_stats/2025-26_events_stats.csv,
PL_PULSELIVE_HISTORICAL,team_match,2025-26,attFreekickMiss,pl_stats/A_Villa_7/events_stats/2025-26_events_stats.csv,
PL_PULSELIVE_HISTORICAL,team_match,2025-26,attFreekickTarget,pl_stats/A_Villa_7/events_stats/2025-26_events_stats.csv,
PL_PULSELIVE_HISTORICAL,team_match,2025-26,attFreekickTotal,pl_stats/A_Villa_7/events_stats/2025-26_events_stats.csv,
PL_PULSELIVE_HISTORICAL,team_match,2025-26,attIboxOwnGoal,pl_stats/A_Villa_7/events_stats/2025-26_events_stats.csv,
PL_PULSELIVE_HISTORICAL,team_match,2025-26,attLgCentre,pl_stats/A_Villa_7/events_stats/2025-26_events_stats.csv,
PL_PULSELIVE_HISTORICAL,team_match,2025-26,attOneOnOne,pl_stats/A_Villa_7/events_stats/2025-26_events_stats.csv,
PL_PULSELIVE_HISTORICAL,team_match,2025-26,attOpenplay,pl_stats/A_Villa_7/events_stats/2025-26_events_stats.csv,
PL_PULSELIVE_HISTORICAL,team_match,2025-26,attPenGoal,pl_stats/A_Villa_7/events_stats/2025-26_events_stats.csv,
PL_PULSELIVE_HISTORICAL,team_match,2025-26,attPostHigh,pl_stats/A_Villa_7/events_stats/2025-26_events_stats.csv,
PL_PULSELIVE_HISTORICAL,team_match,2025-26,attPostLeft,pl_stats/A_Villa_7/events_stats/2025-26_events_stats.csv,
PL_PULSELIVE_HISTORICAL,team_match,2025-26,attPostRight,pl_stats/A_Villa_7/events_stats/2025-26_events_stats.csv,
PL_PULSELIVE_HISTORICAL,team_match,2025-26,attSetpiece,pl_stats/A_Villa_7/events_stats/2025-26_events_stats.csv,
PL_PULSELIVE_HISTORICAL,team_match,2025-26,attemptedTackleFoul,pl_stats/A_Villa_7/events_stats/2025-26_events_stats.csv,
PL_PULSELIVE_HISTORICAL,team_match,2025-26,attemptsConcededIbox,pl_stats/A_Villa_7/events_stats/2025-26_events_stats.csv,
PL_PULSELIVE_HISTORICAL,team_match,2025-26,attemptsConcededObox,pl_stats/A_Villa_7/events_stats/2025-26_events_stats.csv,
PL_PULSELIVE_HISTORICAL,team_match,2025-26,attemptsIbox,pl_stats/A_Villa_7/events_stats/2025-26_events_stats.csv,
PL_PULSELIVE_HISTORICAL,team_match,2025-26,attemptsObox,pl_stats/A_Villa_7/events_stats/2025-26_events_stats.csv,
PL_PULSELIVE_HISTORICAL,team_match,2025-26,attendance,pl_stats/A_Villa_7/events_stats/2025-26_events_stats.csv,
PL_PULSELIVE_HISTORICAL,team_match,2025-26,backwardPass,pl_stats/A_Villa_7/events_stats/2025-26_events_stats.csv,
PL_PULSELIVE_HISTORICAL,team_match,2025-26,ballRecovery,pl_stats/A_Villa_7/events_stats/2025-26_events_stats.csv,
PL_PULSELIVE_HISTORICAL,team_match,2025-26,bigChanceCreated,pl_stats/A_Villa_7/events_stats/2025-26_events_stats.csv,
PL_PULSELIVE_HISTORICAL,team_match,2025-26,bigChanceMissed,pl_stats/A_Villa_7/events_stats/2025-26_events_stats.csv,
PL_PULSELIVE_HISTORICAL,team_match,2025-26,bigChanceScored,pl_stats/A_Villa_7/events_stats/2025-26_events_stats.csv,
PL_PULSELIVE_HISTORICAL,team_match,2025-26,blockedCross,pl_stats/A_Villa_7/events_stats/2025-26_events_stats.csv,
PL_PULSELIVE_HISTORICAL,team_match,2025-26,blockedPass,pl_stats/A_Villa_7/events_stats/2025-26_events_stats.csv,
PL_PULSELIVE_HISTORICAL,team_match,2025-26,blockedScoringAtt,pl_stats/A_Villa_7/events_stats/2025-26_events_stats.csv,
PL_PULSELIVE_HISTORICAL,team_match,2025-26,challengeLost,pl_stats/A_Villa_7/events_stats/2025-26_events_stats.csv,
PL_PULSELIVE_HISTORICAL,team_match,2025-26,clearanceOffLine,pl_stats/A_Villa_7/events_stats/2025-26_events_stats.csv,
PL_PULSELIVE_HISTORICAL,team_match,2025-26,contentiousDecision,pl_stats/A_Villa_7/events_stats/2025-26_events_stats.csv,
PL_PULSELIVE_HISTORICAL,team_match,2025-26,cornerTaken,pl_stats/A_Villa_7/events_stats/2025-26_events_stats.csv,
PL_PULSELIVE_HISTORICAL,team_match,2025-26,crosses18yard,pl_stats/A_Villa_7/events_stats/2025-26_events_stats.csv,
PL_PULSELIVE_HISTORICAL,team_match,2025-26,crosses18yardplus,pl_stats/A_Villa_7/events_stats/2025-26_events_stats.csv,
PL_PULSELIVE_HISTORICAL,team_match,2025-26,defenderGoals,pl_stats/A_Villa_7/events_stats/2025-26_events_stats.csv,
PL_PULSELIVE_HISTORICAL,team_match,2025-26,dispossessed,pl_stats/A_Villa_7/events_stats/2025-26_events_stats.csv,
PL_PULSELIVE_HISTORICAL,team_match,2025-26,divingSave,pl_stats/A_Villa_7/events_stats/2025-26_events_stats.csv,
PL_PULSELIVE_HISTORICAL,team_match,2025-26,duelLost,pl_stats/A_Villa_7/events_stats/2025-26_events_stats.csv,
PL_PULSELIVE_HISTORICAL,team_match,2025-26,duelWon,pl_stats/A_Villa_7/events_stats/2025-26_events_stats.csv,
PL_PULSELIVE_HISTORICAL,team_match,2025-26,effectiveBlockedCross,pl_stats/A_Villa_7/events_stats/2025-26_events_stats.csv,
PL_PULSELIVE_HISTORICAL,team_match,2025-26,effectiveClearance,pl_stats/A_Villa_7/events_stats/2025-26_events_stats.csv,
PL_PULSELIVE_HISTORICAL,team_match,2025-26,effectiveHeadClearance,pl_stats/A_Villa_7/events_stats/2025-26_events_stats.csv,
PL_PULSELIVE_HISTORICAL,team_match,2025-26,errorLeadToGoal,pl_stats/A_Villa_7/events_stats/2025-26_events_stats.csv,
PL_PULSELIVE_HISTORICAL,team_match,2025-26,errorLeadToShot,pl_stats/A_Villa_7/events_stats/2025-26_events_stats.csv,
PL_PULSELIVE_HISTORICAL,team_match,2025-26,expectedAssists,pl_stats/A_Villa_7/events_stats/2025-26_events_stats.csv,
PL_PULSELIVE_HISTORICAL,team_match,2025-26,expectedGoals,pl_stats/A_Villa_7/events_stats/2025-26_events_stats.csv,
PL_PULSELIVE_HISTORICAL,team_match,2025-26,expectedGoalsFreekick,pl_stats/A_Villa_7/events_stats/2025-26_events_stats.csv,
PL_PULSELIVE_HISTORICAL,team_match,2025-26,expectedGoalsOnTarget,pl_stats/A_Villa_7/events_stats/2025-26_events_stats.csv,
PL_PULSELIVE_HISTORICAL,team_match,2025-26,expectedGoalsOnTargetConceded,pl_stats/A_Villa_7/events_stats/2025-26_events_stats.csv,
PL_PULSELIVE_HISTORICAL,team_match,2025-26,finalThirdEntries,pl_stats/A_Villa_7/events_stats/2025-26_events_stats.csv,
PL_PULSELIVE_HISTORICAL,team_match,2025-26,fkFoulLost,pl_stats/A_Villa_7/events_stats/2025-26_events_stats.csv,
PL_PULSELIVE_HISTORICAL,team_match,2025-26,fkFoulWon,pl_stats/A_Villa_7/events_stats/2025-26_events_stats.csv,
PL_PULSELIVE_HISTORICAL,team_match,2025-26,forwardGoals,pl_stats/A_Villa_7/events_stats/2025-26_events_stats.csv,
PL_PULSELIVE_HISTORICAL,team_match,2025-26,foulThrowIn,pl_stats/A_Villa_7/events_stats/2025-26_events_stats.csv,
PL_PULSELIVE_HISTORICAL,team_match,2025-26,fouledFinalThird,pl_stats/A_Villa_7/events_stats/2025-26_events_stats.csv,
PL_PULSELIVE_HISTORICAL,team_match,2025-26,freekickCross,pl_stats/A_Villa_7/events_stats/2025-26_events_stats.csv,
PL_PULSELIVE_HISTORICAL,team_match,2025-26,freekickTotal,pl_stats/A_Villa_7/events_stats/2025-26_events_stats.csv,
PL_PULSELIVE_HISTORICAL,team_match,2025-26,fwdPass,pl_stats/A_Villa_7/events_stats/2025-26_events_stats.csv,
PL_PULSELIVE_HISTORICAL,team_match,2025-26,gameweek,pl_stats/A_Villa_7/events_stats/2025-26_events_stats.csv,
PL_PULSELIVE_HISTORICAL,team_match,2025-26,goalAssist,pl_stats/A_Villa_7/events_stats/2025-26_events_stats.csv,
PL_PULSELIVE_HISTORICAL,team_match,2025-26,goalAssistDeadball,pl_stats/A_Villa_7/events_stats/2025-26_events_stats.csv,
PL_PULSELIVE_HISTORICAL,team_match,2025-26,goalAssistIntentional,pl_stats/A_Villa_7/events_stats/2025-26_events_stats.csv,
PL_PULSELIVE_HISTORICAL,team_match,2025-26,goalAssistOpenplay,pl_stats/A_Villa_7/events_stats/2025-26_events_stats.csv,
PL_PULSELIVE_HISTORICAL,team_match,2025-26,goalAssistSetplay,pl_stats/A_Villa_7/events_stats/2025-26_events_stats.csv,
PL_PULSELIVE_HISTORICAL,team_match,2025-26,goalFastbreak,pl_stats/A_Villa_7/events_stats/2025-26_events_stats.csv,
PL_PULSELIVE_HISTORICAL,team_match,2025-26,goalKicks,pl_stats/A_Villa_7/events_stats/2025-26_events_stats.csv,
PL_PULSELIVE_HISTORICAL,team_match,2025-26,goalsAgainst,pl_stats/A_Villa_7/events_stats/2025-26_events_stats.csv,
PL_PULSELIVE_HISTORICAL,team_match,2025-26,goalsFor,pl_stats/A_Villa_7/events_stats/2025-26_events_stats.csv,
PL_PULSELIVE_HISTORICAL,team_match,2025-26,goalsOpenplay,pl_stats/A_Villa_7/events_stats/2025-26_events_stats.csv,
PL_PULSELIVE_HISTORICAL,team_match,2025-26,goodHighClaim,pl_stats/A_Villa_7/events_stats/2025-26_events_stats.csv,
PL_PULSELIVE_HISTORICAL,team_match,2025-26,ground,pl_stats/A_Villa_7/events_stats/2025-26_events_stats.csv,
PL_PULSELIVE_HISTORICAL,team_match,2025-26,halfTimeAgainst,pl_stats/A_Villa_7/events_stats/2025-26_events_stats.csv,
PL_PULSELIVE_HISTORICAL,team_match,2025-26,halfTimeFor,pl_stats/A_Villa_7/events_stats/2025-26_events_stats.csv,
PL_PULSELIVE_HISTORICAL,team_match,2025-26,handBall,pl_stats/A_Villa_7/events_stats/2025-26_events_stats.csv,
PL_PULSELIVE_HISTORICAL,team_match,2025-26,headClearance,pl_stats/A_Villa_7/events_stats/2025-26_events_stats.csv,
PL_PULSELIVE_HISTORICAL,team_match,2025-26,hitWoodwork,pl_stats/A_Villa_7/events_stats/2025-26_events_stats.csv,
PL_PULSELIVE_HISTORICAL,team_match,2025-26,interception,pl_stats/A_Villa_7/events_stats/2025-26_events_stats.csv,
PL_PULSELIVE_HISTORICAL,team_match,2025-26,interceptionWon,pl_stats/A_Villa_7/events_stats/2025-26_events_stats.csv,
PL_PULSELIVE_HISTORICAL,team_match,2025-26,interceptionsInBox,pl_stats/A_Villa_7/events_stats/2025-26_events_stats.csv,
PL_PULSELIVE_HISTORICAL,team_match,2025-26,keeperGoals,pl_stats/A_Villa_7/events_stats/2025-26_events_stats.csv,
PL_PULSELIVE_HISTORICAL,team_match,2025-26,keeperThrows,pl_stats/A_Villa_7/events_stats/2025-26_events_stats.csv,
PL_PULSELIVE_HISTORICAL,team_match,2025-26,kickoff,pl_stats/A_Villa_7/events_stats/2025-26_events_stats.csv,
PL_PULSELIVE_HISTORICAL,team_match,2025-26,leftsidePass,pl_stats/A_Villa_7/events_stats/2025-26_events_stats.csv,
PL_PULSELIVE_HISTORICAL,team_match,2025-26,longPassOwnToOpp,pl_stats/A_Villa_7/events_stats/2025-26_events_stats.csv,
PL_PULSELIVE_HISTORICAL,team_match,2025-26,longPassOwnToOppSuccess,pl_stats/A_Villa_7/events_stats/2025-26_events_stats.csv,
PL_PULSELIVE_HISTORICAL,team_match,2025-26,lostCorners,pl_stats/A_Villa_7/events_stats/2025-26_events_stats.csv,
PL_PULSELIVE_HISTORICAL,team_match,2025-26,matchId,pl_stats/A_Villa_7/events_stats/2025-26_events_stats.csv,
PL_PULSELIVE_HISTORICAL,team_match,2025-26,midfielderGoals,pl_stats/A_Villa_7/events_stats/2025-26_events_stats.csv,
PL_PULSELIVE_HISTORICAL,team_match,2025-26,offtargetAttAssist,pl_stats/A_Villa_7/events_stats/2025-26_events_stats.csv,
PL_PULSELIVE_HISTORICAL,team_match,2025-26,ontargetAttAssist,pl_stats/A_Villa_7/events_stats/2025-26_events_stats.csv,
PL_PULSELIVE_HISTORICAL,team_match,2025-26,ontargetScoringAtt,pl_stats/A_Villa_7/events_stats/2025-26_events_stats.csv,
PL_PULSELIVE_HISTORICAL,team_match,2025-26,openPlayPass,pl_stats/A_Villa_7/events_stats/2025-26_events_stats.csv,
PL_PULSELIVE_HISTORICAL,team_match,2025-26,opponent,pl_stats/A_Villa_7/events_stats/2025-26_events_stats.csv,
PL_PULSELIVE_HISTORICAL,team_match,2025-26,opponent_id,pl_stats/A_Villa_7/events_stats/2025-26_events_stats.csv,
PL_PULSELIVE_HISTORICAL,team_match,2025-26,outfielderBlock,pl_stats/A_Villa_7/events_stats/2025-26_events_stats.csv,
PL_PULSELIVE_HISTORICAL,team_match,2025-26,overrun,pl_stats/A_Villa_7/events_stats/2025-26_events_stats.csv,
PL_PULSELIVE_HISTORICAL,team_match,2025-26,ownGoals,pl_stats/A_Villa_7/events_stats/2025-26_events_stats.csv,
PL_PULSELIVE_HISTORICAL,team_match,2025-26,passesLeft,pl_stats/A_Villa_7/events_stats/2025-26_events_stats.csv,
PL_PULSELIVE_HISTORICAL,team_match,2025-26,passesRight,pl_stats/A_Villa_7/events_stats/2025-26_events_stats.csv,
PL_PULSELIVE_HISTORICAL,team_match,2025-26,penAreaEntries,pl_stats/A_Villa_7/events_stats/2025-26_events_stats.csv,
PL_PULSELIVE_HISTORICAL,team_match,2025-26,penGoalsConceded,pl_stats/A_Villa_7/events_stats/2025-26_events_stats.csv,
PL_PULSELIVE_HISTORICAL,team_match,2025-26,penaltyConceded,pl_stats/A_Villa_7/events_stats/2025-26_events_stats.csv,
PL_PULSELIVE_HISTORICAL,team_match,2025-26,penaltyFaced,pl_stats/A_Villa_7/events_stats/2025-26_events_stats.csv,
PL_PULSELIVE_HISTORICAL,team_match,2025-26,penaltySave,pl_stats/A_Villa_7/events_stats/2025-26_events_stats.csv,
PL_PULSELIVE_HISTORICAL,team_match,2025-26,penaltyWon,pl_stats/A_Villa_7/events_stats/2025-26_events_stats.csv,
PL_PULSELIVE_HISTORICAL,team_match,2025-26,possLostAll,pl_stats/A_Villa_7/events_stats/2025-26_events_stats.csv,
PL_PULSELIVE_HISTORICAL,team_match,2025-26,possLostCtrl,pl_stats/A_Villa_7/events_stats/2025-26_events_stats.csv,
PL_PULSELIVE_HISTORICAL,team_match,2025-26,possWonAtt3rd,pl_stats/A_Villa_7/events_stats/2025-26_events_stats.csv,
PL_PULSELIVE_HISTORICAL,team_match,2025-26,possWonDef3rd,pl_stats/A_Villa_7/events_stats/2025-26_events_stats.csv,
PL_PULSELIVE_HISTORICAL,team_match,2025-26,possWonMid3rd,pl_stats/A_Villa_7/events_stats/2025-26_events_stats.csv,
PL_PULSELIVE_HISTORICAL,team_match,2025-26,possessionPercentage,pl_stats/A_Villa_7/events_stats/2025-26_events_stats.csv,
PL_PULSELIVE_HISTORICAL,team_match,2025-26,postScoringAtt,pl_stats/A_Villa_7/events_stats/2025-26_events_stats.csv,
PL_PULSELIVE_HISTORICAL,team_match,2025-26,ptsDroppedWinningPos,pl_stats/A_Villa_7/events_stats/2025-26_events_stats.csv,
PL_PULSELIVE_HISTORICAL,team_match,2025-26,ptsGainedLosingPos,pl_stats/A_Villa_7/events_stats/2025-26_events_stats.csv,
PL_PULSELIVE_HISTORICAL,team_match,2025-26,punches,pl_stats/A_Villa_7/events_stats/2025-26_events_stats.csv,
PL_PULSELIVE_HISTORICAL,team_match,2025-26,putThrough,pl_stats/A_Villa_7/events_stats/2025-26_events_stats.csv,
PL_PULSELIVE_HISTORICAL,team_match,2025-26,redCard,pl_stats/A_Villa_7/events_stats/2025-26_events_stats.csv,
PL_PULSELIVE_HISTORICAL,team_match,2025-26,redCardsAgainst,pl_stats/A_Villa_7/events_stats/2025-26_events_stats.csv,
PL_PULSELIVE_HISTORICAL,team_match,2025-26,redCardsFor,pl_stats/A_Villa_7/events_stats/2025-26_events_stats.csv,
PL_PULSELIVE_HISTORICAL,team_match,2025-26,result,pl_stats/A_Villa_7/events_stats/2025-26_events_stats.csv,
PL_PULSELIVE_HISTORICAL,team_match,2025-26,rightsidePass,pl_stats/A_Villa_7/events_stats/2025-26_events_stats.csv,
PL_PULSELIVE_HISTORICAL,team_match,2025-26,savedIbox,pl_stats/A_Villa_7/events_stats/2025-26_events_stats.csv,
PL_PULSELIVE_HISTORICAL,team_match,2025-26,savedObox,pl_stats/A_Villa_7/events_stats/2025-26_events_stats.csv,
PL_PULSELIVE_HISTORICAL,team_match,2025-26,saves,pl_stats/A_Villa_7/events_stats/2025-26_events_stats.csv,
PL_PULSELIVE_HISTORICAL,team_match,2025-26,shieldBallOop,pl_stats/A_Villa_7/events_stats/2025-26_events_stats.csv,
PL_PULSELIVE_HISTORICAL,team_match,2025-26,shotFastbreak,pl_stats/A_Villa_7/events_stats/2025-26_events_stats.csv,
PL_PULSELIVE_HISTORICAL,team_match,2025-26,shotOffTarget,pl_stats/A_Villa_7/events_stats/2025-26_events_stats.csv,
PL_PULSELIVE_HISTORICAL,team_match,2025-26,sixYardBlock,pl_stats/A_Villa_7/events_stats/2025-26_events_stats.csv,
PL_PULSELIVE_HISTORICAL,team_match,2025-26,subsGoals,pl_stats/A_Villa_7/events_stats/2025-26_events_stats.csv,
PL_PULSELIVE_HISTORICAL,team_match,2025-26,subsMade,pl_stats/A_Villa_7/events_stats/2025-26_events_stats.csv,
PL_PULSELIVE_HISTORICAL,team_match,2025-26,successfulFinalThirdPasses,pl_stats/A_Villa_7/events_stats/2025-26_events_stats.csv,
PL_PULSELIVE_HISTORICAL,team_match,2025-26,successfulOpenPlayPass,pl_stats/A_Villa_7/events_stats/2025-26_events_stats.csv,
PL_PULSELIVE_HISTORICAL,team_match,2025-26,successfulPutThrough,pl_stats/A_Villa_7/events_stats/2025-26_events_stats.csv,
PL_PULSELIVE_HISTORICAL,team_match,2025-26,team,pl_stats/A_Villa_7/events_stats/2025-26_events_stats.csv,
PL_PULSELIVE_HISTORICAL,team_match,2025-26,team_id,pl_stats/A_Villa_7/events_stats/2025-26_events_stats.csv,
PL_PULSELIVE_HISTORICAL,team_match,2025-26,totalAttAssist,pl_stats/A_Villa_7/events_stats/2025-26_events_stats.csv,
PL_PULSELIVE_HISTORICAL,team_match,2025-26,totalBackZonePass,pl_stats/A_Villa_7/events_stats/2025-26_events_stats.csv,
PL_PULSELIVE_HISTORICAL,team_match,2025-26,totalChippedPass,pl_stats/A_Villa_7/events_stats/2025-26_events_stats.csv,
PL_PULSELIVE_HISTORICAL,team_match,2025-26,totalClearance,pl_stats/A_Villa_7/events_stats/2025-26_events_stats.csv,
PL_PULSELIVE_HISTORICAL,team_match,2025-26,totalContest,pl_stats/A_Villa_7/events_stats/2025-26_events_stats.csv,
PL_PULSELIVE_HISTORICAL,team_match,2025-26,totalCornersIntobox,pl_stats/A_Villa_7/events_stats/2025-26_events_stats.csv,
PL_PULSELIVE_HISTORICAL,team_match,2025-26,totalCross,pl_stats/A_Villa_7/events_stats/2025-26_events_stats.csv,
PL_PULSELIVE_HISTORICAL,team_match,2025-26,totalCrossNocorner,pl_stats/A_Villa_7/events_stats/2025-26_events_stats.csv,
PL_PULSELIVE_HISTORICAL,team_match,2025-26,totalDistance,pl_stats/A_Villa_7/events_stats/2025-26_events_stats.csv,
PL_PULSELIVE_HISTORICAL,team_match,2025-26,totalFastbreak,pl_stats/A_Villa_7/events_stats/2025-26_events_stats.csv,
PL_PULSELIVE_HISTORICAL,team_match,2025-26,totalFinalThirdPasses,pl_stats/A_Villa_7/events_stats/2025-26_events_stats.csv,
PL_PULSELIVE_HISTORICAL,team_match,2025-26,totalFlickOn,pl_stats/A_Villa_7/events_stats/2025-26_events_stats.csv,
PL_PULSELIVE_HISTORICAL,team_match,2025-26,totalFwdZonePass,pl_stats/A_Villa_7/events_stats/2025-26_events_stats.csv,
PL_PULSELIVE_HISTORICAL,team_match,2025-26,totalHighClaim,pl_stats/A_Villa_7/events_stats/2025-26_events_stats.csv,
PL_PULSELIVE_HISTORICAL,team_match,2025-26,totalKeeperSweeper,pl_stats/A_Villa_7/events_stats/2025-26_events_stats.csv,
PL_PULSELIVE_HISTORICAL,team_match,2025-26,totalLaunches,pl_stats/A_Villa_7/events_stats/2025-26_events_stats.csv,
PL_PULSELIVE_HISTORICAL,team_match,2025-26,totalLayoffs,pl_stats/A_Villa_7/events_stats/2025-26_events_stats.csv,
PL_PULSELIVE_HISTORICAL,team_match,2025-26,totalLongBalls,pl_stats/A_Villa_7/events_stats/2025-26_events_stats.csv,
PL_PULSELIVE_HISTORICAL,team_match,2025-26,totalOffside,pl_stats/A_Villa_7/events_stats/2025-26_events_stats.csv,
PL_PULSELIVE_HISTORICAL,team_match,2025-26,totalPass,pl_stats/A_Villa_7/events_stats/2025-26_events_stats.csv,
PL_PULSELIVE_HISTORICAL,team_match,2025-26,totalPullBack,pl_stats/A_Villa_7/events_stats/2025-26_events_stats.csv,
PL_PULSELIVE_HISTORICAL,team_match,2025-26,totalRedCard,pl_stats/A_Villa_7/events_stats/2025-26_events_stats.csv,
PL_PULSELIVE_HISTORICAL,team_match,2025-26,totalScoringAtt,pl_stats/A_Villa_7/events_stats/2025-26_events_stats.csv,
PL_PULSELIVE_HISTORICAL,team_match,2025-26,totalTackle,pl_stats/A_Villa_7/events_stats/2025-26_events_stats.csv,
PL_PULSELIVE_HISTORICAL,team_match,2025-26,totalThroughBall,pl_stats/A_Villa_7/events_stats/2025-26_events_stats.csv,
PL_PULSELIVE_HISTORICAL,team_match,2025-26,totalThrows,pl_stats/A_Villa_7/events_stats/2025-26_events_stats.csv,
PL_PULSELIVE_HISTORICAL,team_match,2025-26,totalYelCard,pl_stats/A_Villa_7/events_stats/2025-26_events_stats.csv,
PL_PULSELIVE_HISTORICAL,team_match,2025-26,touches,pl_stats/A_Villa_7/events_stats/2025-26_events_stats.csv,
PL_PULSELIVE_HISTORICAL,team_match,2025-26,touchesInOppBox,pl_stats/A_Villa_7/events_stats/2025-26_events_stats.csv,
PL_PULSELIVE_HISTORICAL,team_match,2025-26,unsuccessfulTouch,pl_stats/A_Villa_7/events_stats/2025-26_events_stats.csv,
PL_PULSELIVE_HISTORICAL,team_match,2025-26,venue,pl_stats/A_Villa_7/events_stats/2025-26_events_stats.csv,
PL_PULSELIVE_HISTORICAL,team_match,2025-26,winningGoal,pl_stats/A_Villa_7/events_stats/2025-26_events_stats.csv,
PL_PULSELIVE_HISTORICAL,team_match,2025-26,wonContest,pl_stats/A_Villa_7/events_stats/2025-26_events_stats.csv,
PL_PULSELIVE_HISTORICAL,team_match,2025-26,wonCorners,pl_stats/A_Villa_7/events_stats/2025-26_events_stats.csv,
PL_PULSELIVE_HISTORICAL,team_match,2025-26,wonTackle,pl_stats/A_Villa_7/events_stats/2025-26_events_stats.csv,
PL_PULSELIVE_HISTORICAL,team_match,2025-26,yellowCard,pl_stats/A_Villa_7/events_stats/2025-26_events_stats.csv,
